Date,dir,count,book,regime,fire_bar,sig_bar,fill,stop,R,net,Rpts
2021-06-18,L,1,T1,NEUTRAL,3,2,4977.5,4960.5,-1.0,-855.0,17.0
2021-06-18,L,1,T2,NEUTRAL,3,2,4977.5,4960.5,-1.0,-855.0,17.0
2021-06-18,L,1,T1,NEUTRAL,7,6,4974.5,4960.25,-1.0,-717.5,14.25
2021-06-18,L,1,T2,NEUTRAL,7,6,4974.5,4960.25,-1.0,-717.5,14.25
2021-06-21,S,1,T1,NEUTRAL,4,3,5002.75,5009.5,-1.0,-342.5,6.75
2021-06-21,S,1,T2,NEUTRAL,4,3,5002.75,5009.5,-1.0,-342.5,6.75
2021-06-22,L,1,T1,NEUTRAL,5,4,5030.75,5025.75,1.0,245.0,5.0
2021-06-22,L,1,T2,NEUTRAL,5,4,5030.75,5025.75,2.0,495.0,5.0
2021-06-23,L,1,T1,NEUTRAL,4,3,5040.0,5033.5,-1.0,-330.0,6.5
2021-06-23,L,1,T2,NEUTRAL,4,3,5040.0,5033.5,-1.0,-330.0,6.5
2021-06-23,L,1,T1,BULL,6,5,5041.25,5036.5,-1.0,-242.5,4.75
2021-06-23,L,1,T2,BULL,6,5,5041.25,5036.5,-1.0,-242.5,4.75
2021-06-24,S,1,T1,NEUTRAL,3,2,5052.25,5060.25,-1.0,-405.0,8.0
2021-06-24,S,1,T2,NEUTRAL,3,2,5052.25,5060.25,-1.0,-405.0,8.0
2021-06-24,S,1,T1,NEUTRAL,5,4,5052.75,5060.5,-1.0,-392.5,7.75
2021-06-24,S,1,T2,NEUTRAL,5,4,5052.75,5060.5,-1.0,-392.5,7.75
2021-06-24,S,2,T1,NEUTRAL,7,6,5054.0,5060.5,-1.0,-330.0,6.5
2021-06-24,S,2,T2,NEUTRAL,7,6,5054.0,5060.5,-1.0,-330.0,6.5
2021-06-25,S,1,T1,NEUTRAL,4,3,5065.0,5068.75,-1.0,-192.5,3.75
2021-06-25,S,1,T2,NEUTRAL,4,3,5065.0,5068.75,-1.0,-192.5,3.75
2021-06-28,S,1,T1,NEUTRAL,3,2,5066.25,5074.25,-1.0,-405.0,8.0
2021-06-28,S,1,T2,NEUTRAL,3,2,5066.25,5074.25,-1.0,-405.0,8.0
2021-06-29,S,1,T1,NEUTRAL,3,2,5084.0,5090.75,1.0,332.5,6.75
2021-06-29,S,1,T2,NEUTRAL,3,2,5084.0,5090.75,-1.0,-342.5,6.75
2021-06-30,S,1,T1,NEUTRAL,4,3,5082.25,5086.25,-1.0,-205.0,4.0
2021-06-30,S,1,T2,NEUTRAL,4,3,5082.25,5086.25,-1.0,-205.0,4.0
2021-06-30,S,1,T1,BEAR,5,4,5081.75,5087.0,-1.0,-267.5,5.25
2021-06-30,S,1,T2,BEAR,5,4,5081.75,5087.0,-1.0,-267.5,5.25
2021-07-01,L,1,T1,NEUTRAL,4,3,5102.25,5097.5,1.0,232.5,4.75
2021-07-01,L,1,T2,NEUTRAL,4,3,5102.25,5097.5,-1.0,-242.5,4.75
2021-07-06,L,1,T1,NEUTRAL,4,3,5120.25,5104.5,1.0,782.5,15.75
2021-07-06,L,1,T2,NEUTRAL,4,3,5120.25,5104.5,-1.0,-792.5,15.75
2021-07-07,L,1,T1,NEUTRAL,3,2,5140.25,5119.5,-1.0,-1042.5,20.75
2021-07-07,L,1,T2,NEUTRAL,3,2,5140.25,5119.5,-1.0,-1042.5,20.75
2021-07-07,L,1,T1,NEUTRAL,5,4,5148.25,5140.75,-1.0,-380.0,7.5
2021-07-07,L,1,T2,NEUTRAL,5,4,5148.25,5140.75,-1.0,-380.0,7.5
2021-07-08,S,1,T1,NEUTRAL,5,4,5112.75,5122.5,1.0,482.5,9.75
2021-07-08,S,1,T2,NEUTRAL,5,4,5112.75,5122.5,-1.0,-492.5,9.75
2021-07-09,L,1,T1,NEUTRAL,5,4,5156.25,5150.5,1.0,282.5,5.75
2021-07-09,L,1,T2,NEUTRAL,5,4,5156.25,5150.5,-1.0,-292.5,5.75
2021-07-12,S,1,T1,NEUTRAL,3,2,5167.25,5172.5,-1.0,-267.5,5.25
2021-07-12,S,1,T2,NEUTRAL,3,2,5167.25,5172.5,-1.0,-267.5,5.25
2021-07-13,S,1,T1,NEUTRAL,4,3,5178.25,5183.5,1.0,257.5,5.25
2021-07-13,S,1,T2,NEUTRAL,4,3,5178.25,5183.5,2.0,520.0,5.25
2021-07-14,L,1,T1,NEUTRAL,4,3,5169.25,5153.75,-1.0,-780.0,15.5
2021-07-14,L,1,T2,NEUTRAL,4,3,5169.25,5153.75,-1.0,-780.0,15.5
2021-07-15,S,1,T1,NEUTRAL,3,2,5146.25,5158.25,1.0,595.0,12.0
2021-07-15,S,1,T2,NEUTRAL,3,2,5146.25,5158.25,-1.0,-605.0,12.0
2021-07-15,S,1,T1,NEUTRAL,4,3,5144.25,5158.75,-1.0,-730.0,14.5
2021-07-15,S,1,T2,NEUTRAL,4,3,5144.25,5158.75,-1.0,-730.0,14.5
2021-07-16,L,1,T1,NEUTRAL,3,2,5146.5,5133.25,-1.0,-667.5,13.25
2021-07-16,L,1,T2,NEUTRAL,3,2,5146.5,5133.25,-1.0,-667.5,13.25
2021-07-19,L,1,T1,NEUTRAL,3,2,5056.25,5033.75,-1.0,-1130.0,22.5
2021-07-19,L,1,T2,NEUTRAL,3,2,5056.25,5033.75,-1.0,-1130.0,22.5
2021-07-19,L,1,T1,NEUTRAL,6,5,5038.5,5023.25,1.0,757.5,15.25
2021-07-19,L,1,T2,NEUTRAL,6,5,5038.5,5023.25,-1.0,-767.5,15.25
2021-07-20,S,1,T1,NEUTRAL,5,4,5112.25,5125.5,-1.0,-667.5,13.25
2021-07-20,S,1,T2,NEUTRAL,5,4,5112.25,5125.5,-1.0,-667.5,13.25
2021-07-20,S,1,T1,BULL,7,6,5117.75,5128.75,-1.0,-555.0,11.0
2021-07-20,S,1,T2,BULL,7,6,5117.75,5128.75,-1.0,-555.0,11.0
2021-08-02,S,1,T1,NEUTRAL,3,2,5202.0,5211.0,1.0,445.0,9.0
2021-08-02,S,1,T2,NEUTRAL,3,2,5202.0,5211.0,2.0,895.0,9.0
2021-08-02,S,1,T1,NEUTRAL,5,4,5187.75,5196.5,1.0,432.5,8.75
2021-08-02,S,1,T2,NEUTRAL,5,4,5187.75,5196.5,-1.0,-442.5,8.75
2021-08-09,L,1,T1,NEUTRAL,3,2,5226.5,5219.75,-1.0,-342.5,6.75
2021-08-09,L,1,T2,NEUTRAL,3,2,5226.5,5219.75,-1.0,-342.5,6.75
2021-08-09,L,1,T1,NEUTRAL,5,4,5227.0,5223.5,1.0,170.0,3.5
2021-08-09,L,1,T2,NEUTRAL,5,4,5227.0,5223.5,-1.0,-180.0,3.5
2021-08-10,L,1,T1,NEUTRAL,3,2,5235.0,5221.5,-1.0,-680.0,13.5
2021-08-10,L,1,T2,NEUTRAL,3,2,5235.0,5221.5,-1.0,-680.0,13.5
2021-08-10,L,1,T1,NEUTRAL,5,4,5234.25,5230.25,-1.0,-205.0,4.0
2021-08-10,L,1,T2,NEUTRAL,5,4,5234.25,5230.25,-1.0,-205.0,4.0
2021-08-11,L,1,T1,NEUTRAL,4,3,5235.0,5229.25,1.0,282.5,5.75
2021-08-11,L,1,T2,NEUTRAL,4,3,5235.0,5229.25,-1.0,-292.5,5.75
2021-08-11,L,1,T1,NEUTRAL,6,5,5238.5,5234.0,-1.0,-230.0,4.5
2021-08-11,L,1,T2,NEUTRAL,6,5,5238.5,5234.0,-1.0,-230.0,4.5
2021-08-16,L,1,T1,NEUTRAL,3,2,5242.0,5231.75,1.0,507.5,10.25
2021-08-16,L,1,T2,NEUTRAL,3,2,5242.0,5231.75,2.0,1020.0,10.25
2021-08-17,S,1,T1,NEUTRAL,3,2,5239.75,5253.25,1.0,670.0,13.5
2021-08-17,S,1,T2,NEUTRAL,3,2,5239.75,5253.25,2.0,1345.0,13.5
2021-08-18,S,1,T1,NEUTRAL,3,2,5235.0,5248.25,1.0,657.5,13.25
2021-08-18,S,1,T2,NEUTRAL,3,2,5235.0,5248.25,2.0,1320.0,13.25
2021-08-18,S,1,T1,BEAR,6,5,5219.25,5245.25,1.0,1295.0,26.0
2021-08-18,S,1,T2,BEAR,6,5,5219.25,5245.25,-1.0,-1305.0,26.0
2021-08-19,L,1,T1,NEUTRAL,3,2,5200.0,5177.5,-1.0,-1130.0,22.5
2021-08-19,L,1,T2,NEUTRAL,3,2,5200.0,5177.5,-1.0,-1130.0,22.5
2021-08-19,L,1,T1,NEUTRAL,6,5,5204.0,5183.25,-1.0,-1042.5,20.75
2021-08-19,L,1,T2,NEUTRAL,6,5,5204.0,5183.25,-1.0,-1042.5,20.75
2021-08-19,L,2,T1,NEUTRAL,7,6,5213.0,5177.0,-1.0,-1805.0,36.0
2021-08-19,L,2,T2,NEUTRAL,7,6,5213.0,5177.0,-1.0,-1805.0,36.0
2021-08-20,S,1,T1,NEUTRAL,3,2,5222.5,5233.5,-1.0,-555.0,11.0
2021-08-20,S,1,T2,NEUTRAL,3,2,5222.5,5233.5,-1.0,-555.0,11.0
2021-08-20,S,1,T1,BULL,5,4,5234.0,5238.75,1.0,232.5,4.75
2021-08-20,S,1,T2,BULL,5,4,5234.0,5238.75,-1.0,-242.5,4.75
2021-08-23,S,1,T1,NEUTRAL,5,4,5278.25,5285.5,-1.0,-367.5,7.25
2021-08-23,S,1,T2,NEUTRAL,5,4,5278.25,5285.5,-1.0,-367.5,7.25
2021-08-23,S,1,T1,NEUTRAL,7,6,5278.75,5284.25,-1.0,-280.0,5.5
2021-08-23,S,1,T2,NEUTRAL,7,6,5278.75,5284.25,-1.0,-280.0,5.5
2021-08-24,S,1,T1,NEUTRAL,3,2,5282.0,5287.75,-1.0,-292.5,5.75
2021-08-24,S,1,T2,NEUTRAL,3,2,5282.0,5287.75,-1.0,-292.5,5.75
2021-08-24,S,1,T1,BULL,7,6,5284.75,5288.25,1.0,170.0,3.5
2021-08-24,S,1,T2,BULL,7,6,5284.75,5288.25,-1.0,-180.0,3.5
2021-08-25,S,1,T1,NEUTRAL,5,4,5292.75,5297.0,-1.0,-217.5,4.25
2021-08-25,S,1,T2,NEUTRAL,5,4,5292.75,5297.0,-1.0,-217.5,4.25
2021-08-26,L,1,T1,NEUTRAL,3,2,5282.5,5264.5,-1.0,-905.0,18.0
2021-08-26,L,1,T2,NEUTRAL,3,2,5282.5,5264.5,-1.0,-905.0,18.0
2021-08-27,L,1,T1,NEUTRAL,3,2,5302.25,5291.5,-1.0,-542.5,10.75
2021-08-27,L,1,T2,NEUTRAL,3,2,5302.25,5291.5,-1.0,-542.5,10.75
2021-08-30,L,1,T1,NEUTRAL,5,4,5331.75,5326.75,-1.0,-255.0,5.0
2021-08-30,L,1,T2,NEUTRAL,5,4,5331.75,5326.75,-1.0,-255.0,5.0
2021-08-31,S,1,T1,NEUTRAL,4,3,5323.5,5328.25,1.0,232.5,4.75
2021-08-31,S,1,T2,NEUTRAL,4,3,5323.5,5328.25,-1.0,-242.5,4.75
2021-08-31,S,1,T1,NEUTRAL,6,5,5316.75,5322.5,-1.0,-292.5,5.75
2021-08-31,S,1,T2,NEUTRAL,6,5,5316.75,5322.5,-1.0,-292.5,5.75
2021-08-31,S,2,T1,BEAR,7,6,5314.75,5322.75,-1.0,-405.0,8.0
2021-08-31,S,2,T2,BEAR,7,6,5314.75,5322.75,-1.0,-405.0,8.0
2021-09-01,L,1,T1,NEUTRAL,3,2,5330.5,5324.0,-1.0,-330.0,6.5
2021-09-01,L,1,T2,NEUTRAL,3,2,5330.5,5324.0,-1.0,-330.0,6.5
2021-09-02,S,1,T1,NEUTRAL,3,2,5335.25,5340.75,1.0,270.0,5.5
2021-09-02,S,1,T2,NEUTRAL,3,2,5335.25,5340.75,2.0,545.0,5.5
2021-09-02,S,1,T1,NEUTRAL,4,3,5333.75,5341.0,1.0,357.5,7.25
2021-09-02,S,1,T2,NEUTRAL,4,3,5333.75,5341.0,-1.0,-367.5,7.25
2021-09-03,L,1,T1,NEUTRAL,3,2,5333.75,5324.25,-1.0,-480.0,9.5
2021-09-03,L,1,T2,NEUTRAL,3,2,5333.75,5324.25,-1.0,-480.0,9.5
2021-09-07,L,1,T1,NEUTRAL,3,2,5321.25,5310.5,-1.0,-542.5,10.75
2021-09-07,L,1,T2,NEUTRAL,3,2,5321.25,5310.5,-1.0,-542.5,10.75
2021-09-08,L,1,T1,NEUTRAL,3,2,5312.0,5291.25,-1.0,-1042.5,20.75
2021-09-08,L,1,T2,NEUTRAL,3,2,5312.0,5291.25,-1.0,-1042.5,20.75
2021-09-08,L,1,T1,NEUTRAL,5,4,5311.25,5303.25,-1.0,-405.0,8.0
2021-09-08,L,1,T2,NEUTRAL,5,4,5311.25,5303.25,-1.0,-405.0,8.0
2021-09-10,L,1,T1,NEUTRAL,4,3,5292.0,5276.0,-1.0,-805.0,16.0
2021-09-10,L,1,T2,NEUTRAL,4,3,5292.0,5276.0,-1.0,-805.0,16.0
2021-09-13,L,1,T1,NEUTRAL,4,3,5266.25,5253.5,-1.0,-642.5,12.75
2021-09-13,L,1,T2,NEUTRAL,4,3,5266.25,5253.5,-1.0,-642.5,12.75
2021-09-13,L,1,T1,BEAR,6,5,5257.25,5245.25,1.0,595.0,12.0
2021-09-13,L,1,T2,BEAR,6,5,5257.25,5245.25,-1.0,-605.0,12.0
2021-09-13,L,2,T1,BEAR,7,6,5263.75,5243.25,-1.0,-1030.0,20.5
2021-09-13,L,2,T2,BEAR,7,6,5263.75,5243.25,-1.0,-1030.0,20.5
2021-09-14,L,1,T1,NEUTRAL,3,2,5262.25,5248.0,-1.0,-717.5,14.25
2021-09-14,L,1,T2,NEUTRAL,3,2,5262.25,5248.0,-1.0,-717.5,14.25
2021-09-14,L,1,T1,BEAR,7,6,5245.75,5234.0,-1.0,-592.5,11.75
2021-09-14,L,1,T2,BEAR,7,6,5245.75,5234.0,-1.0,-592.5,11.75
2021-09-16,L,1,T1,NEUTRAL,3,2,5259.5,5242.0,1.0,870.0,17.5
2021-09-16,L,1,T2,NEUTRAL,3,2,5259.5,5242.0,-1.0,-880.0,17.5
2021-09-16,L,1,T1,BULL,6,5,5275.0,5255.5,-1.0,-980.0,19.5
2021-09-16,L,1,T2,BULL,6,5,5275.0,5255.5,-1.0,-980.0,19.5
2021-09-17,L,1,T1,NEUTRAL,4,3,5245.75,5231.0,-1.0,-742.5,14.75
2021-09-17,L,1,T2,NEUTRAL,4,3,5245.75,5231.0,-1.0,-742.5,14.75
2021-09-17,L,1,T1,BEAR,7,6,5237.5,5225.0,-1.0,-630.0,12.5
2021-09-17,L,1,T2,BEAR,7,6,5237.5,5225.0,-1.0,-630.0,12.5
2021-09-20,L,1,T1,NEUTRAL,7,6,5124.0,5102.5,1.0,1070.0,21.5
2021-09-20,L,1,T2,NEUTRAL,7,6,5124.0,5102.5,-1.0,-1080.0,21.5
2021-09-21,L,1,T1,NEUTRAL,3,2,5170.0,5145.25,-1.0,-1242.5,24.75
2021-09-21,L,1,T2,NEUTRAL,3,2,5170.0,5145.25,-1.0,-1242.5,24.75
2021-09-21,L,1,T1,NEUTRAL,6,5,5165.0,5150.0,-1.0,-755.0,15.0
2021-09-21,L,1,T2,NEUTRAL,6,5,5165.0,5150.0,-1.0,-755.0,15.0
2021-09-22,S,1,T1,NEUTRAL,4,3,5196.0,5211.25,-1.0,-767.5,15.25
2021-09-22,S,1,T2,NEUTRAL,4,3,5196.0,5211.25,-1.0,-767.5,15.25
2021-09-22,S,1,T1,NEUTRAL,6,5,5184.0,5215.75,-1.0,-1592.5,31.75
2021-09-22,S,1,T2,NEUTRAL,6,5,5184.0,5215.75,-1.0,-1592.5,31.75
2021-09-23,L,1,T1,NEUTRAL,4,3,5253.5,5246.25,1.0,357.5,7.25
2021-09-23,L,1,T2,NEUTRAL,4,3,5253.5,5246.25,-1.0,-367.5,7.25
2021-09-24,S,1,T1,NEUTRAL,3,2,5236.25,5248.0,-1.0,-592.5,11.75
2021-09-24,S,1,T2,NEUTRAL,3,2,5236.25,5248.0,-1.0,-592.5,11.75
2021-09-24,S,1,T1,NEUTRAL,5,4,5246.25,5252.0,-1.0,-292.5,5.75
2021-09-24,S,1,T2,NEUTRAL,5,4,5246.25,5252.0,-1.0,-292.5,5.75
2021-09-27,S,1,T1,NEUTRAL,3,2,5243.25,5255.75,-1.0,-630.0,12.5
2021-09-27,S,1,T2,NEUTRAL,3,2,5243.25,5255.75,-1.0,-630.0,12.5
2021-09-27,S,1,T1,NEUTRAL,7,6,5245.0,5252.5,1.0,370.0,7.5
2021-09-27,S,1,T2,NEUTRAL,7,6,5245.0,5252.5,-1.0,-380.0,7.5
2021-09-28,L,1,T1,NEUTRAL,5,4,5165.25,5143.5,-1.0,-1092.5,21.75
2021-09-28,L,1,T2,NEUTRAL,5,4,5165.25,5143.5,-1.0,-1092.5,21.75
2021-09-29,S,1,T1,NEUTRAL,3,2,5169.25,5185.75,-1.0,-830.0,16.5
2021-09-29,S,1,T2,NEUTRAL,3,2,5169.25,5185.75,-1.0,-830.0,16.5
2021-09-29,S,1,T1,NEUTRAL,5,4,5157.75,5168.75,-1.0,-555.0,11.0
2021-09-29,S,1,T2,NEUTRAL,5,4,5157.75,5168.75,-1.0,-555.0,11.0
2021-09-29,S,1,T1,NEUTRAL,7,6,5173.75,5184.75,1.0,545.0,11.0
2021-09-29,S,1,T2,NEUTRAL,7,6,5173.75,5184.75,-1.0,-555.0,11.0
2021-09-30,L,1,T1,NEUTRAL,5,4,5137.0,5113.25,-1.0,-1192.5,23.75
2021-09-30,L,1,T2,NEUTRAL,5,4,5137.0,5113.25,-1.0,-1192.5,23.75
2021-10-01,L,1,T1,NEUTRAL,3,2,5124.5,5085.75,1.0,1932.5,38.75
2021-10-01,L,1,T2,NEUTRAL,3,2,5124.5,5085.75,-1.0,-1942.5,38.75
2021-10-04,L,1,T1,NEUTRAL,5,4,5096.25,5077.75,-1.0,-930.0,18.5
2021-10-04,L,1,T2,NEUTRAL,5,4,5096.25,5077.75,-1.0,-930.0,18.5
2021-10-05,L,1,T1,NEUTRAL,5,4,5161.75,5152.25,-1.0,-480.0,9.5
2021-10-05,L,1,T2,NEUTRAL,5,4,5161.75,5152.25,-1.0,-480.0,9.5
2021-10-06,S,1,T1,NEUTRAL,3,2,5107.0,5128.75,-1.0,-1092.5,21.75
2021-10-06,S,1,T2,NEUTRAL,3,2,5107.0,5128.75,-1.0,-1092.5,21.75
2021-10-06,S,1,T1,BULL,7,6,5144.25,5159.0,-1.0,-742.5,14.75
2021-10-06,S,1,T2,BULL,7,6,5144.25,5159.0,-1.0,-742.5,14.75
2021-10-11,S,1,T1,NEUTRAL,3,2,5204.25,5216.25,1.0,595.0,12.0
2021-10-11,S,1,T2,NEUTRAL,3,2,5204.25,5216.25,2.0,1195.0,12.0
2021-10-12,L,1,T1,NEUTRAL,3,2,5168.5,5152.5,-1.0,-805.0,16.0
2021-10-12,L,1,T2,NEUTRAL,3,2,5168.5,5152.5,-1.0,-805.0,16.0
2021-10-12,L,1,T1,NEUTRAL,5,4,5165.75,5150.0,-1.0,-792.5,15.75
2021-10-12,L,1,T2,NEUTRAL,5,4,5165.75,5150.0,-1.0,-792.5,15.75
2021-10-13,L,1,T1,NEUTRAL,3,2,5147.5,5130.25,1.0,857.5,17.25
2021-10-13,L,1,T2,NEUTRAL,3,2,5147.5,5130.25,-1.0,-867.5,17.25
2021-10-13,L,1,T1,NEUTRAL,7,6,5165.25,5152.0,-1.0,-667.5,13.25
2021-10-13,L,1,T2,NEUTRAL,7,6,5165.25,5152.0,-1.0,-667.5,13.25
2021-10-14,S,1,T1,NEUTRAL,7,6,5232.0,5239.5,-1.0,-380.0,7.5
2021-10-14,S,1,T2,NEUTRAL,7,6,5232.0,5239.5,-1.0,-380.0,7.5
2021-10-15,L,1,T1,NEUTRAL,4,3,5267.75,5259.25,1.0,420.0,8.5
2021-10-15,L,1,T2,NEUTRAL,4,3,5267.75,5259.25,-1.0,-430.0,8.5
2021-10-18,L,1,T1,NEUTRAL,5,4,5283.0,5277.5,1.0,270.0,5.5
2021-10-18,L,1,T2,NEUTRAL,5,4,5283.0,5277.5,-1.0,-280.0,5.5
2021-10-19,S,1,T1,NEUTRAL,5,4,5314.75,5319.5,1.0,232.5,4.75
2021-10-19,S,1,T2,NEUTRAL,5,4,5314.75,5319.5,-1.0,-242.5,4.75
2021-10-20,S,1,T1,NEUTRAL,3,2,5331.75,5341.5,-1.0,-492.5,9.75
2021-10-20,S,1,T2,NEUTRAL,3,2,5331.75,5341.5,-1.0,-492.5,9.75
2021-10-20,S,1,T1,NEUTRAL,7,6,5333.0,5339.0,-1.0,-305.0,6.0
2021-10-20,S,1,T2,NEUTRAL,7,6,5333.0,5339.0,-1.0,-305.0,6.0
2021-10-21,S,1,T1,NEUTRAL,3,2,5327.0,5342.75,-1.0,-792.5,15.75
2021-10-21,S,1,T2,NEUTRAL,3,2,5327.0,5342.75,-1.0,-792.5,15.75
2021-10-21,S,1,T1,NEUTRAL,5,4,5332.25,5337.75,-1.0,-280.0,5.5
2021-10-21,S,1,T2,NEUTRAL,5,4,5332.25,5337.75,-1.0,-280.0,5.5
2021-10-22,L,1,T1,NEUTRAL,4,3,5339.75,5324.0,-1.0,-792.5,15.75
2021-10-22,L,1,T2,NEUTRAL,4,3,5339.75,5324.0,-1.0,-792.5,15.75
2021-10-25,S,1,T1,NEUTRAL,6,5,5365.5,5372.0,-1.0,-330.0,6.5
2021-10-25,S,1,T2,NEUTRAL,6,5,5365.5,5372.0,-1.0,-330.0,6.5
2021-10-25,S,1,T1,NEUTRAL,7,6,5364.25,5373.25,-1.0,-455.0,9.0
2021-10-25,S,1,T2,NEUTRAL,7,6,5364.25,5373.25,-1.0,-455.0,9.0
2021-10-26,S,1,T1,NEUTRAL,3,2,5391.5,5398.5,1.0,345.0,7.0
2021-10-26,S,1,T2,NEUTRAL,3,2,5391.5,5398.5,2.0,695.0,7.0
2021-10-26,S,1,T1,NEUTRAL,7,6,5378.75,5387.25,-1.0,-430.0,8.5
2021-10-26,S,1,T2,NEUTRAL,7,6,5378.75,5387.25,-1.0,-430.0,8.5
2021-10-27,L,1,T1,NEUTRAL,3,2,5379.0,5369.0,-1.0,-505.0,10.0
2021-10-27,L,1,T2,NEUTRAL,3,2,5379.0,5369.0,-1.0,-505.0,10.0
2021-10-28,S,1,T1,NEUTRAL,3,2,5383.25,5394.0,-1.0,-542.5,10.75
2021-10-28,S,1,T2,NEUTRAL,3,2,5383.25,5394.0,-1.0,-542.5,10.75
2021-10-29,S,1,T1,NEUTRAL,5,4,5400.25,5406.0,1.0,282.5,5.75
2021-10-29,S,1,T2,NEUTRAL,5,4,5400.25,5406.0,-1.0,-292.5,5.75
2021-11-01,L,1,T1,NEUTRAL,3,2,5408.75,5396.0,-1.0,-642.5,12.75
2021-11-01,L,1,T2,NEUTRAL,3,2,5408.75,5396.0,-1.0,-642.5,12.75
2021-11-01,L,1,T1,NEUTRAL,6,5,5408.25,5395.5,-1.0,-642.5,12.75
2021-11-01,L,1,T2,NEUTRAL,6,5,5408.25,5395.5,-1.0,-642.5,12.75
2021-11-02,S,1,T1,NEUTRAL,3,2,5424.0,5432.25,-1.0,-417.5,8.25
2021-11-02,S,1,T2,NEUTRAL,3,2,5424.0,5432.25,-1.0,-417.5,8.25
2021-11-02,S,1,T1,NEUTRAL,5,4,5428.75,5435.0,-1.0,-317.5,6.25
2021-11-02,S,1,T2,NEUTRAL,5,4,5428.75,5435.0,-1.0,-317.5,6.25
2021-11-03,S,1,T1,NEUTRAL,3,2,5424.0,5429.75,-1.0,-292.5,5.75
2021-11-03,S,1,T2,NEUTRAL,3,2,5424.0,5429.75,-1.0,-292.5,5.75
2021-11-03,S,1,T1,NEUTRAL,5,4,5423.75,5429.25,-1.0,-280.0,5.5
2021-11-03,S,1,T2,NEUTRAL,5,4,5423.75,5429.25,-1.0,-280.0,5.5
2021-11-04,S,1,T1,NEUTRAL,3,2,5465.75,5484.0,-1.0,-917.5,18.25
2021-11-04,S,1,T2,NEUTRAL,3,2,5465.75,5484.0,-1.0,-917.5,18.25
2021-11-04,S,1,T1,NEUTRAL,6,5,5469.0,5478.0,-1.0,-455.0,9.0
2021-11-04,S,1,T2,NEUTRAL,6,5,5469.0,5478.0,-1.0,-455.0,9.0
2021-11-05,S,1,T1,NEUTRAL,3,2,5509.5,5518.25,1.0,432.5,8.75
2021-11-05,S,1,T2,NEUTRAL,3,2,5509.5,5518.25,2.0,870.0,8.75
2021-11-05,S,1,T1,NEUTRAL,7,6,5493.25,5502.5,-1.0,-467.5,9.25
2021-11-05,S,1,T2,NEUTRAL,7,6,5493.25,5502.5,-1.0,-467.5,9.25
2021-11-08,L,1,T1,NEUTRAL,5,4,5504.25,5496.0,-1.0,-417.5,8.25
2021-11-08,L,1,T2,NEUTRAL,5,4,5504.25,5496.0,-1.0,-417.5,8.25
2021-11-09,S,1,T1,NEUTRAL,3,2,5476.25,5494.0,-1.0,-892.5,17.75
2021-11-09,S,1,T2,NEUTRAL,3,2,5476.25,5494.0,-1.0,-892.5,17.75
2021-11-09,S,1,T1,NEUTRAL,5,4,5475.75,5485.75,-1.0,-505.0,10.0
2021-11-09,S,1,T2,NEUTRAL,5,4,5475.75,5485.75,-1.0,-505.0,10.0
2021-11-09,S,2,T1,NEUTRAL,7,6,5478.75,5486.0,-1.0,-367.5,7.25
2021-11-09,S,2,T2,NEUTRAL,7,6,5478.75,5486.0,-1.0,-367.5,7.25
2021-11-10,S,1,T1,NEUTRAL,3,2,5479.5,5487.0,1.0,370.0,7.5
2021-11-10,S,1,T2,NEUTRAL,3,2,5479.5,5487.0,2.0,745.0,7.5
2021-11-11,L,1,T1,NEUTRAL,3,2,5462.25,5452.5,-1.0,-492.5,9.75
2021-11-11,L,1,T2,NEUTRAL,3,2,5462.25,5452.5,-1.0,-492.5,9.75
2021-11-11,L,1,T1,BEAR,5,4,5461.0,5452.25,-1.0,-442.5,8.75
2021-11-11,L,1,T2,BEAR,5,4,5461.0,5452.25,-1.0,-442.5,8.75
2021-11-12,S,1,T1,NEUTRAL,4,3,5479.25,5487.75,-1.0,-430.0,8.5
2021-11-12,S,1,T2,NEUTRAL,4,3,5479.25,5487.75,-1.0,-430.0,8.5
2021-11-12,S,1,T1,NEUTRAL,6,5,5478.0,5484.25,-1.0,-317.5,6.25
2021-11-12,S,1,T2,NEUTRAL,6,5,5478.0,5484.25,-1.0,-317.5,6.25
2021-11-15,L,1,T1,NEUTRAL,6,5,5487.25,5479.0,-1.0,-417.5,8.25
2021-11-15,L,1,T2,NEUTRAL,6,5,5487.25,5479.0,-1.0,-417.5,8.25
2021-11-16,S,1,T1,NEUTRAL,6,5,5512.5,5519.0,1.0,320.0,6.5
2021-11-16,S,1,T2,NEUTRAL,6,5,5512.5,5519.0,-1.0,-330.0,6.5
2021-11-17,S,1,T1,NEUTRAL,3,2,5492.5,5502.25,-1.0,-492.5,9.75
2021-11-17,S,1,T2,NEUTRAL,3,2,5492.5,5502.25,-1.0,-492.5,9.75
2021-11-17,S,1,T1,NEUTRAL,4,3,5490.5,5506.0,-1.0,-780.0,15.5
2021-11-17,S,1,T2,NEUTRAL,4,3,5490.5,5506.0,-1.0,-780.0,15.5
2021-11-17,S,2,T1,NEUTRAL,6,5,5493.0,5501.75,-1.0,-442.5,8.75
2021-11-17,S,2,T2,NEUTRAL,6,5,5493.0,5501.75,-1.0,-442.5,8.75
2021-11-22,S,1,T1,NEUTRAL,3,2,5534.0,5549.25,1.0,757.5,15.25
2021-11-22,S,1,T2,NEUTRAL,3,2,5534.0,5549.25,2.0,1520.0,15.25
2021-11-22,S,1,T1,NEUTRAL,7,6,5523.0,5538.25,1.0,757.5,15.25
2021-11-22,S,1,T2,NEUTRAL,7,6,5523.0,5538.25,2.0,1520.0,15.25
2021-11-29,L,1,T1,NEUTRAL,3,2,5448.75,5430.0,1.0,932.5,18.75
2021-11-29,L,1,T2,NEUTRAL,3,2,5448.75,5430.0,-1.0,-942.5,18.75
2021-11-29,L,1,T1,NEUTRAL,6,5,5477.0,5469.0,-1.0,-405.0,8.0
2021-11-29,L,1,T2,NEUTRAL,6,5,5477.0,5469.0,-1.0,-405.0,8.0
2021-11-30,S,1,T1,NEUTRAL,3,2,5383.25,5453.5,-1.0,-3517.5,70.25
2021-11-30,S,1,T2,NEUTRAL,3,2,5383.25,5453.5,-1.0,-3517.5,70.25
2021-12-06,S,1,T1,NEUTRAL,6,5,5412.25,5421.0,1.0,432.5,8.75
2021-12-06,S,1,T2,NEUTRAL,6,5,5412.25,5421.0,-1.0,-442.5,8.75
2021-12-07,S,1,T1,NEUTRAL,4,3,5491.75,5499.25,-1.0,-380.0,7.5
2021-12-07,S,1,T2,NEUTRAL,4,3,5491.75,5499.25,-1.0,-380.0,7.5
2021-12-07,S,1,T1,NEUTRAL,6,5,5493.25,5501.5,1.0,407.5,8.25
2021-12-07,S,1,T2,NEUTRAL,6,5,5493.25,5501.5,2.0,820.0,8.25
2021-12-13,L,1,T1,NEUTRAL,4,3,5491.75,5478.5,-1.0,-667.5,13.25
2021-12-13,L,1,T2,NEUTRAL,4,3,5491.75,5478.5,-1.0,-667.5,13.25
2021-12-13,L,1,T1,BULL,6,5,5494.5,5481.25,-1.0,-667.5,13.25
2021-12-13,L,1,T2,BULL,6,5,5494.5,5481.25,-1.0,-667.5,13.25
2021-12-14,L,1,T1,NEUTRAL,5,4,5425.5,5412.25,1.0,657.5,13.25
2021-12-14,L,1,T2,NEUTRAL,5,4,5425.5,5412.25,2.0,1320.0,13.25
2021-12-15,S,1,T1,NEUTRAL,3,2,5422.0,5440.5,-1.0,-930.0,18.5
2021-12-15,S,1,T2,NEUTRAL,3,2,5422.0,5440.5,-1.0,-930.0,18.5
2021-12-15,S,1,T1,NEUTRAL,5,4,5426.0,5434.75,-1.0,-442.5,8.75
2021-12-15,S,1,T2,NEUTRAL,5,4,5426.0,5434.75,-1.0,-442.5,8.75
2021-12-16,L,1,T1,NEUTRAL,7,6,5487.0,5458.0,-1.0,-1455.0,29.0
2021-12-16,L,1,T2,NEUTRAL,7,6,5487.0,5458.0,-1.0,-1455.0,29.0
2021-12-17,L,1,T1,NEUTRAL,5,4,5456.75,5436.0,-1.0,-1042.5,20.75
2021-12-17,L,1,T2,NEUTRAL,5,4,5456.75,5436.0,-1.0,-1042.5,20.75
2021-12-20,L,1,T1,NEUTRAL,3,2,5358.75,5338.0,1.0,1032.5,20.75
2021-12-20,L,1,T2,NEUTRAL,3,2,5358.75,5338.0,-1.0,-1042.5,20.75
2021-12-20,L,1,T1,NEUTRAL,5,4,5353.75,5340.5,1.0,657.5,13.25
2021-12-20,L,1,T2,NEUTRAL,5,4,5353.75,5340.5,2.0,1320.0,13.25
2021-12-21,L,1,T1,NEUTRAL,3,2,5413.25,5388.25,1.0,1245.0,25.0
2021-12-21,L,1,T2,NEUTRAL,3,2,5413.25,5388.25,-1.0,-1255.0,25.0
2021-12-21,L,1,T1,NEUTRAL,7,6,5455.5,5442.75,-1.0,-642.5,12.75
2021-12-21,L,1,T2,NEUTRAL,7,6,5455.5,5442.75,-1.0,-642.5,12.75
2021-12-22,S,1,T1,NEUTRAL,5,4,5486.75,5495.0,1.0,407.5,8.25
2021-12-22,S,1,T2,NEUTRAL,5,4,5486.75,5495.0,-1.0,-417.5,8.25
2021-12-23,S,1,T1,NEUTRAL,4,3,5534.25,5539.25,-1.0,-255.0,5.0
2021-12-23,S,1,T2,NEUTRAL,4,3,5534.25,5539.25,-1.0,-255.0,5.0
2021-12-23,S,1,T1,BULL,7,6,5538.0,5544.25,-1.0,-317.5,6.25
2021-12-23,S,1,T2,BULL,7,6,5538.0,5544.25,-1.0,-317.5,6.25
2021-12-27,S,1,T1,NEUTRAL,6,5,5583.75,5592.5,-1.0,-442.5,8.75
2021-12-27,S,1,T2,NEUTRAL,6,5,5583.75,5592.5,-1.0,-442.5,8.75
2021-12-28,S,1,T1,NEUTRAL,3,2,5597.5,5610.75,-1.0,-667.5,13.25
2021-12-28,S,1,T2,NEUTRAL,3,2,5597.5,5610.75,-1.0,-667.5,13.25
2021-12-29,S,1,T1,NEUTRAL,3,2,5590.75,5601.25,-1.0,-530.0,10.5
2021-12-29,S,1,T2,NEUTRAL,3,2,5590.75,5601.25,-1.0,-530.0,10.5
2021-12-30,S,1,T1,NEUTRAL,3,2,5605.75,5614.75,1.0,445.0,9.0
2021-12-30,S,1,T2,NEUTRAL,3,2,5605.75,5614.75,2.0,895.0,9.0
2021-12-30,S,1,T1,NEUTRAL,5,4,5604.5,5609.75,1.0,257.5,5.25
2021-12-30,S,1,T2,NEUTRAL,5,4,5604.5,5609.75,2.0,520.0,5.25
2021-12-30,S,2,T1,BEAR,6,5,5603.0,5610.0,1.0,345.0,7.0
2021-12-30,S,2,T2,BEAR,6,5,5603.0,5610.0,2.0,695.0,7.0
2021-12-31,S,1,T1,NEUTRAL,3,2,5576.25,5587.0,-1.0,-542.5,10.75
2021-12-31,S,1,T2,NEUTRAL,3,2,5576.25,5587.0,-1.0,-542.5,10.75
2021-12-31,S,1,T1,NEUTRAL,6,5,5584.25,5593.25,-1.0,-455.0,9.0
2021-12-31,S,1,T2,NEUTRAL,6,5,5584.25,5593.25,-1.0,-455.0,9.0
2022-01-03,S,1,T1,NEUTRAL,3,2,5575.25,5593.75,-1.0,-930.0,18.5
2022-01-03,S,1,T2,NEUTRAL,3,2,5575.25,5593.75,-1.0,-930.0,18.5
2022-01-03,S,1,T1,NEUTRAL,7,6,5592.25,5602.25,-1.0,-505.0,10.0
2022-01-03,S,1,T2,NEUTRAL,7,6,5592.25,5602.25,-1.0,-505.0,10.0
2022-01-04,S,1,T1,NEUTRAL,4,3,5592.75,5605.0,-1.0,-617.5,12.25
2022-01-04,S,1,T2,NEUTRAL,4,3,5592.75,5605.0,-1.0,-617.5,12.25
2022-01-05,S,1,T1,NEUTRAL,3,2,5589.0,5602.5,1.0,670.0,13.5
2022-01-05,S,1,T2,NEUTRAL,3,2,5589.0,5602.5,2.0,1345.0,13.5
2022-01-06,L,1,T1,NEUTRAL,4,3,5521.75,5504.0,-1.0,-892.5,17.75
2022-01-06,L,1,T2,NEUTRAL,4,3,5521.75,5504.0,-1.0,-892.5,17.75
2022-01-06,L,1,T1,NEUTRAL,6,5,5520.75,5506.25,-1.0,-730.0,14.5
2022-01-06,L,1,T2,NEUTRAL,6,5,5520.75,5506.25,-1.0,-730.0,14.5
2022-01-07,L,1,T1,NEUTRAL,3,2,5497.5,5469.75,-1.0,-1392.5,27.75
2022-01-07,L,1,T2,NEUTRAL,3,2,5497.5,5469.75,-1.0,-1392.5,27.75
2022-01-07,L,1,T1,NEUTRAL,6,5,5499.5,5484.5,-1.0,-755.0,15.0
2022-01-07,L,1,T2,NEUTRAL,6,5,5499.5,5484.5,-1.0,-755.0,15.0
2022-01-10,S,1,T1,NEUTRAL,4,3,5403.0,5424.25,-1.0,-1067.5,21.25
2022-01-10,S,1,T2,NEUTRAL,4,3,5403.0,5424.25,-1.0,-1067.5,21.25
2022-01-12,L,1,T1,NEUTRAL,4,3,5539.5,5526.0,-1.0,-680.0,13.5
2022-01-12,L,1,T2,NEUTRAL,4,3,5539.5,5526.0,-1.0,-680.0,13.5
2022-01-12,L,1,T1,NEUTRAL,7,6,5536.0,5524.5,-1.0,-580.0,11.5
2022-01-12,L,1,T2,NEUTRAL,7,6,5536.0,5524.5,-1.0,-580.0,11.5
2022-01-13,L,1,T1,NEUTRAL,5,4,5512.75,5492.5,-1.0,-1017.5,20.25
2022-01-13,L,1,T2,NEUTRAL,5,4,5512.75,5492.5,-1.0,-1017.5,20.25
2022-01-14,S,1,T1,NEUTRAL,4,3,5433.75,5457.25,-1.0,-1180.0,23.5
2022-01-14,S,1,T2,NEUTRAL,4,3,5433.75,5457.25,-1.0,-1180.0,23.5
2022-01-18,L,1,T1,NEUTRAL,5,4,5393.5,5377.25,1.0,807.5,16.25
2022-01-18,L,1,T2,NEUTRAL,5,4,5393.5,5377.25,-1.0,-817.5,16.25
2022-01-19,L,1,T1,NEUTRAL,3,2,5391.0,5370.25,-1.0,-1042.5,20.75
2022-01-19,L,1,T2,NEUTRAL,3,2,5391.0,5370.25,-1.0,-1042.5,20.75
2022-01-20,S,1,T1,NEUTRAL,4,3,5390.5,5405.5,1.0,745.0,15.0
2022-01-20,S,1,T2,NEUTRAL,4,3,5390.5,5405.5,2.0,1495.0,15.0
2022-01-21,S,1,T1,NEUTRAL,4,3,5250.5,5297.25,1.0,2332.5,46.75
2022-01-21,S,1,T2,NEUTRAL,4,3,5250.5,5297.25,-1.0,-2342.5,46.75
2022-01-24,S,1,T1,NEUTRAL,3,2,5085.75,5131.5,1.0,2282.5,45.75
2022-01-24,S,1,T2,NEUTRAL,3,2,5085.75,5131.5,-1.0,-2292.5,45.75
2022-01-24,S,1,T1,NEUTRAL,6,5,5082.75,5152.5,-1.0,-3492.5,69.75
2022-01-24,S,1,T2,NEUTRAL,6,5,5082.75,5152.5,-1.0,-3492.5,69.75
2022-01-25,S,1,T1,NEUTRAL,3,2,5119.25,5161.5,-1.0,-2117.5,42.25
2022-01-25,S,1,T2,NEUTRAL,3,2,5119.25,5161.5,-1.0,-2117.5,42.25
2022-01-25,S,1,T1,NEUTRAL,7,6,5172.25,5219.25,-1.0,-2355.0,47.0
2022-01-25,S,1,T2,NEUTRAL,7,6,5172.25,5219.25,-1.0,-2355.0,47.0
2022-01-26,L,1,T1,NEUTRAL,3,2,5233.25,5197.0,-1.0,-1817.5,36.25
2022-01-26,L,1,T2,NEUTRAL,3,2,5233.25,5197.0,-1.0,-1817.5,36.25
2022-01-27,S,1,T1,NEUTRAL,6,5,5121.0,5164.0,-1.0,-2155.0,43.0
2022-01-27,S,1,T2,NEUTRAL,6,5,5121.0,5164.0,-1.0,-2155.0,43.0
2022-01-28,S,1,T1,NEUTRAL,4,3,5162.75,5197.0,-1.0,-1717.5,34.25
2022-01-28,S,1,T2,NEUTRAL,4,3,5162.75,5197.0,-1.0,-1717.5,34.25
2022-01-28,S,1,T1,BEAR,6,5,5144.5,5193.0,-1.0,-2430.0,48.5
2022-01-28,S,1,T2,BEAR,6,5,5144.5,5193.0,-1.0,-2430.0,48.5
2022-01-31,L,1,T1,NEUTRAL,3,2,5276.75,5259.75,1.0,845.0,17.0
2022-01-31,L,1,T2,NEUTRAL,3,2,5276.75,5259.75,2.0,1695.0,17.0
2022-01-31,L,1,T1,BULL,7,6,5305.5,5277.75,-1.0,-1392.5,27.75
2022-01-31,L,1,T2,BULL,7,6,5305.5,5277.75,-1.0,-1392.5,27.75
2022-02-01,L,1,T1,NEUTRAL,3,2,5329.75,5299.5,-1.0,-1517.5,30.25
2022-02-01,L,1,T2,NEUTRAL,3,2,5329.75,5299.5,-1.0,-1517.5,30.25
2022-02-01,L,1,T1,NEUTRAL,5,4,5326.25,5310.5,1.0,782.5,15.75
2022-02-01,L,1,T2,NEUTRAL,5,4,5326.25,5310.5,2.0,1570.0,15.75
2022-02-02,L,1,T1,NEUTRAL,3,2,5379.5,5351.25,-1.0,-1417.5,28.25
2022-02-02,L,1,T2,NEUTRAL,3,2,5379.5,5351.25,-1.0,-1417.5,28.25
2022-02-02,L,1,T1,NEUTRAL,6,5,5390.0,5375.75,-1.0,-717.5,14.25
2022-02-02,L,1,T2,NEUTRAL,6,5,5390.0,5375.75,-1.0,-717.5,14.25
2022-02-03,S,1,T1,NEUTRAL,3,2,5331.5,5350.75,1.0,957.5,19.25
2022-02-03,S,1,T2,NEUTRAL,3,2,5331.5,5350.75,2.0,1920.0,19.25
2022-02-03,S,1,T1,NEUTRAL,6,5,5312.75,5328.0,1.0,757.5,15.25
2022-02-03,S,1,T2,NEUTRAL,6,5,5312.75,5328.0,2.0,1520.0,15.25
2022-02-04,L,1,T1,NEUTRAL,3,2,5290.75,5258.5,1.0,1607.5,32.25
2022-02-04,L,1,T2,NEUTRAL,3,2,5290.75,5258.5,-1.0,-1617.5,32.25
2022-02-07,S,1,T1,NEUTRAL,3,2,5306.25,5329.5,-1.0,-1167.5,23.25
2022-02-07,S,1,T2,NEUTRAL,3,2,5306.25,5329.5,-1.0,-1167.5,23.25
2022-02-07,S,1,T1,NEUTRAL,7,6,5309.5,5331.0,1.0,1070.0,21.5
2022-02-07,S,1,T2,NEUTRAL,7,6,5309.5,5331.0,-1.0,-1080.0,21.5
2022-02-08,S,1,T1,NEUTRAL,5,4,5316.75,5333.75,-1.0,-855.0,17.0
2022-02-08,S,1,T2,NEUTRAL,5,4,5316.75,5333.75,-1.0,-855.0,17.0
2022-02-09,S,1,T1,NEUTRAL,3,2,5378.0,5391.75,-1.0,-692.5,13.75
2022-02-09,S,1,T2,NEUTRAL,3,2,5378.0,5391.75,-1.0,-692.5,13.75
2022-02-09,S,1,T1,BULL,6,5,5383.75,5395.5,-1.0,-592.5,11.75
2022-02-09,S,1,T2,BULL,6,5,5383.75,5395.5,-1.0,-592.5,11.75
2022-02-10,S,1,T1,NEUTRAL,3,2,5365.75,5398.25,1.0,1620.0,32.5
2022-02-10,S,1,T2,NEUTRAL,3,2,5365.75,5398.25,2.0,3245.0,32.5
2022-02-10,S,1,T1,BEAR,5,4,5334.75,5386.25,-1.0,-2580.0,51.5
2022-02-10,S,1,T2,BEAR,5,4,5334.75,5386.25,-1.0,-2580.0,51.5
2022-02-14,L,1,T1,NEUTRAL,3,2,5222.25,5193.5,-1.0,-1442.5,28.75
2022-02-14,L,1,T2,NEUTRAL,3,2,5222.25,5193.5,-1.0,-1442.5,28.75
2022-02-14,L,1,T1,NEUTRAL,7,6,5215.25,5185.25,-1.0,-1505.0,30.0
2022-02-14,L,1,T2,NEUTRAL,7,6,5215.25,5185.25,-1.0,-1505.0,30.0
2022-02-15,S,1,T1,NEUTRAL,3,2,5266.0,5280.75,-1.0,-742.5,14.75
2022-02-15,S,1,T2,NEUTRAL,3,2,5266.0,5280.75,-1.0,-742.5,14.75
2022-02-15,S,1,T1,NEUTRAL,7,6,5266.25,5280.25,-1.0,-705.0,14.0
2022-02-15,S,1,T2,NEUTRAL,7,6,5266.25,5280.25,-1.0,-705.0,14.0
2022-02-16,L,1,T1,NEUTRAL,3,2,5258.0,5247.25,-1.0,-542.5,10.75
2022-02-16,L,1,T2,NEUTRAL,3,2,5258.0,5247.25,-1.0,-542.5,10.75
2022-02-16,L,1,T1,NEUTRAL,5,4,5254.0,5238.75,1.0,757.5,15.25
2022-02-16,L,1,T2,NEUTRAL,5,4,5254.0,5238.75,2.0,1520.0,15.25
2022-02-17,L,1,T1,NEUTRAL,3,2,5238.5,5217.25,-1.0,-1067.5,21.25
2022-02-17,L,1,T2,NEUTRAL,3,2,5238.5,5217.25,-1.0,-1067.5,21.25
2022-02-18,L,1,T1,NEUTRAL,5,4,5166.0,5137.0,-1.0,-1455.0,29.0
2022-02-18,L,1,T2,NEUTRAL,5,4,5166.0,5137.0,-1.0,-1455.0,29.0
2022-02-22,S,1,T1,NEUTRAL,3,2,5128.25,5175.25,1.0,2345.0,47.0
2022-02-22,S,1,T2,NEUTRAL,3,2,5128.25,5175.25,-1.0,-2355.0,47.0
2022-02-23,L,1,T1,NEUTRAL,3,2,5114.5,5084.25,-1.0,-1517.5,30.25
2022-02-23,L,1,T2,NEUTRAL,3,2,5114.5,5084.25,-1.0,-1517.5,30.25
2022-02-24,L,1,T1,NEUTRAL,5,4,5001.25,4971.75,1.0,1470.0,29.5
2022-02-24,L,1,T2,NEUTRAL,5,4,5001.25,4971.75,2.0,2945.0,29.5
2022-02-25,S,1,T1,NEUTRAL,6,5,5176.25,5196.75,-1.0,-1030.0,20.5
2022-02-25,S,1,T2,NEUTRAL,6,5,5176.25,5196.75,-1.0,-1030.0,20.5
2022-02-28,S,1,T1,NEUTRAL,4,3,5160.75,5202.0,-1.0,-2067.5,41.25
2022-02-28,S,1,T2,NEUTRAL,4,3,5160.75,5202.0,-1.0,-2067.5,41.25
2022-03-01,L,1,T1,NEUTRAL,6,5,5125.75,5097.5,-1.0,-1417.5,28.25
2022-03-01,L,1,T2,NEUTRAL,6,5,5125.75,5097.5,-1.0,-1417.5,28.25
2022-03-02,S,1,T1,NEUTRAL,6,5,5198.0,5214.25,-1.0,-817.5,16.25
2022-03-02,S,1,T2,NEUTRAL,6,5,5198.0,5214.25,-1.0,-817.5,16.25
2022-03-03,L,1,T1,NEUTRAL,4,3,5193.5,5169.25,-1.0,-1217.5,24.25
2022-03-03,L,1,T2,NEUTRAL,4,3,5193.5,5169.25,-1.0,-1217.5,24.25
2022-03-04,L,1,T1,NEUTRAL,3,2,5125.0,5097.25,1.0,1382.5,27.75
2022-03-04,L,1,T2,NEUTRAL,3,2,5125.0,5097.25,-1.0,-1392.5,27.75
2022-03-04,L,1,T1,NEUTRAL,7,6,5136.25,5110.75,-1.0,-1280.0,25.5
2022-03-04,L,1,T2,NEUTRAL,7,6,5136.25,5110.75,-1.0,-1280.0,25.5
2022-03-07,S,1,T1,NEUTRAL,6,5,5038.75,5060.5,1.0,1082.5,21.75
2022-03-07,S,1,T2,NEUTRAL,6,5,5038.75,5060.5,-1.0,-1092.5,21.75
2022-03-08,L,1,T1,NEUTRAL,3,2,5017.5,4972.25,1.0,2257.5,45.25
2022-03-08,L,1,T2,NEUTRAL,3,2,5017.5,4972.25,-1.0,-2267.5,45.25
2022-03-08,L,1,T1,NEUTRAL,4,3,5065.75,4969.25,-1.0,-4830.0,96.5
2022-03-08,L,1,T2,NEUTRAL,4,3,5065.75,4969.25,-1.0,-4830.0,96.5
2022-03-09,S,1,T1,NEUTRAL,5,4,5091.25,5107.25,-1.0,-805.0,16.0
2022-03-09,S,1,T2,NEUTRAL,5,4,5091.25,5107.25,-1.0,-805.0,16.0
2022-03-09,S,1,T1,BULL,7,6,5089.75,5110.5,-1.0,-1042.5,20.75
2022-03-09,S,1,T2,BULL,7,6,5089.75,5110.5,-1.0,-1042.5,20.75
2022-03-11,S,1,T1,NEUTRAL,3,2,5066.0,5088.5,1.0,1120.0,22.5
2022-03-11,S,1,T2,NEUTRAL,3,2,5066.0,5088.5,2.0,2245.0,22.5
2022-03-11,S,1,T1,NEUTRAL,6,5,5050.25,5073.0,1.0,1132.5,22.75
2022-03-11,S,1,T2,NEUTRAL,6,5,5050.25,5073.0,-1.0,-1142.5,22.75
2022-03-14,S,1,T1,NEUTRAL,3,2,5037.75,5063.5,1.0,1282.5,25.75
2022-03-14,S,1,T2,NEUTRAL,3,2,5037.75,5063.5,2.0,2570.0,25.75
2022-03-15,S,1,T1,NEUTRAL,5,4,5038.75,5063.0,-1.0,-1217.5,24.25
2022-03-15,S,1,T2,NEUTRAL,5,4,5038.75,5063.0,-1.0,-1217.5,24.25
2022-03-21,L,1,T1,NEUTRAL,3,2,5289.75,5259.0,-1.0,-1542.5,30.75
2022-03-21,L,1,T2,NEUTRAL,3,2,5289.75,5259.0,-1.0,-1542.5,30.75
2022-03-21,L,1,T1,NEUTRAL,6,5,5268.75,5243.25,-1.0,-1280.0,25.5
2022-03-21,L,1,T2,NEUTRAL,6,5,5268.75,5243.25,-1.0,-1280.0,25.5
2022-03-22,S,1,T1,NEUTRAL,3,2,5314.0,5329.75,-1.0,-792.5,15.75
2022-03-22,S,1,T2,NEUTRAL,3,2,5314.0,5329.75,-1.0,-792.5,15.75
2022-03-23,S,1,T1,NEUTRAL,3,2,5298.0,5314.5,1.0,820.0,16.5
2022-03-23,S,1,T2,NEUTRAL,3,2,5298.0,5314.5,-1.0,-830.0,16.5
2022-03-23,S,1,T1,NEUTRAL,4,3,5295.5,5317.5,1.0,1095.0,22.0
2022-03-23,S,1,T2,NEUTRAL,4,3,5295.5,5317.5,-1.0,-1105.0,22.0
2022-03-23,S,1,T1,NEUTRAL,7,6,5280.75,5295.75,-1.0,-755.0,15.0
2022-03-23,S,1,T2,NEUTRAL,7,6,5280.75,5295.75,-1.0,-755.0,15.0
2022-03-24,S,1,T1,NEUTRAL,4,3,5301.75,5322.25,-1.0,-1030.0,20.5
2022-03-24,S,1,T2,NEUTRAL,4,3,5301.75,5322.25,-1.0,-1030.0,20.5
2022-03-24,S,1,T1,NEUTRAL,6,5,5309.75,5321.25,-1.0,-580.0,11.5
2022-03-24,S,1,T2,NEUTRAL,6,5,5309.75,5321.25,-1.0,-580.0,11.5
2022-03-25,L,1,T1,NEUTRAL,4,3,5337.5,5319.0,1.0,920.0,18.5
2022-03-25,L,1,T2,NEUTRAL,4,3,5337.5,5319.0,-1.0,-930.0,18.5
2022-03-28,S,1,T1,NEUTRAL,3,2,5350.75,5367.5,1.0,832.5,16.75
2022-03-28,S,1,T2,NEUTRAL,3,2,5350.75,5367.5,-1.0,-842.5,16.75
2022-03-29,L,1,T1,NEUTRAL,3,2,5429.5,5409.75,-1.0,-992.5,19.75
2022-03-29,L,1,T2,NEUTRAL,3,2,5429.5,5409.75,-1.0,-992.5,19.75
2022-03-29,L,1,T1,NEUTRAL,5,4,5422.0,5408.25,1.0,682.5,13.75
2022-03-29,L,1,T2,NEUTRAL,5,4,5422.0,5408.25,2.0,1370.0,13.75
2022-03-30,S,1,T1,NEUTRAL,4,3,5423.25,5435.25,1.0,595.0,12.0
2022-03-30,S,1,T2,NEUTRAL,4,3,5423.25,5435.25,2.0,1195.0,12.0
2022-03-31,S,1,T1,NEUTRAL,3,2,5402.75,5421.0,1.0,907.5,18.25
2022-03-31,S,1,T2,NEUTRAL,3,2,5402.75,5421.0,2.0,1820.0,18.25
2022-03-31,S,1,T1,BEAR,6,5,5391.75,5408.25,1.0,820.0,16.5
2022-03-31,S,1,T2,BEAR,6,5,5391.75,5408.25,2.0,1645.0,16.5
2022-04-01,S,1,T1,NEUTRAL,3,2,5341.0,5358.25,-1.0,-867.5,17.25
2022-04-01,S,1,T2,NEUTRAL,3,2,5341.0,5358.25,-1.0,-867.5,17.25
2022-04-01,S,1,T1,NEUTRAL,7,6,5339.75,5361.75,-1.0,-1105.0,22.0
2022-04-01,S,1,T2,NEUTRAL,7,6,5339.75,5361.75,-1.0,-1105.0,22.0
2022-04-04,S,1,T1,NEUTRAL,4,3,5382.0,5391.25,-1.0,-467.5,9.25
2022-04-04,S,1,T2,NEUTRAL,4,3,5382.0,5391.25,-1.0,-467.5,9.25
2022-04-06,S,1,T1,NEUTRAL,3,2,5279.0,5292.0,-1.0,-655.0,13.0
2022-04-06,S,1,T2,NEUTRAL,3,2,5279.0,5292.0,-1.0,-655.0,13.0
2022-04-06,S,1,T1,BULL,5,4,5280.0,5292.75,-1.0,-642.5,12.75
2022-04-06,S,1,T2,BULL,5,4,5280.0,5292.75,-1.0,-642.5,12.75
2022-04-07,L,1,T1,NEUTRAL,4,3,5285.0,5271.0,1.0,695.0,14.0
2022-04-07,L,1,T2,NEUTRAL,4,3,5285.0,5271.0,2.0,1395.0,14.0
2022-04-07,L,1,T1,NEUTRAL,5,4,5300.75,5267.75,1.0,1645.0,33.0
2022-04-07,L,1,T2,NEUTRAL,5,4,5300.75,5267.75,-1.0,-1655.0,33.0
2022-04-08,S,1,T1,NEUTRAL,5,4,5324.25,5337.75,1.0,670.0,13.5
2022-04-08,S,1,T2,NEUTRAL,5,4,5324.25,5337.75,-1.0,-680.0,13.5
2022-04-08,S,1,T1,BEAR,7,6,5309.0,5327.5,-1.0,-930.0,18.5
2022-04-08,S,1,T2,BEAR,7,6,5309.0,5327.5,-1.0,-930.0,18.5
2022-04-11,S,1,T1,NEUTRAL,4,3,5249.25,5260.5,-1.0,-567.5,11.25
2022-04-11,S,1,T2,NEUTRAL,4,3,5249.25,5260.5,-1.0,-567.5,11.25
2022-04-11,S,1,T1,BEAR,7,6,5241.0,5263.0,-1.0,-1105.0,22.0
2022-04-11,S,1,T2,BEAR,7,6,5241.0,5263.0,-1.0,-1105.0,22.0
2022-04-12,L,1,T1,NEUTRAL,3,2,5275.5,5254.5,-1.0,-1055.0,21.0
2022-04-12,L,1,T2,NEUTRAL,3,2,5275.5,5254.5,-1.0,-1055.0,21.0
2022-04-13,S,1,T1,NEUTRAL,5,4,5247.25,5260.75,-1.0,-680.0,13.5
2022-04-13,S,1,T2,NEUTRAL,5,4,5247.25,5260.75,-1.0,-680.0,13.5
2022-04-14,S,1,T1,NEUTRAL,3,2,5239.75,5255.0,1.0,757.5,15.25
2022-04-14,S,1,T2,NEUTRAL,3,2,5239.75,5255.0,2.0,1520.0,15.25
2022-04-14,S,1,T1,NEUTRAL,6,5,5230.25,5251.0,1.0,1032.5,20.75
2022-04-14,S,1,T2,NEUTRAL,6,5,5230.25,5251.0,-1.0,-1042.5,20.75
2022-04-18,S,1,T1,NEUTRAL,3,2,5201.5,5227.5,-1.0,-1305.0,26.0
2022-04-18,S,1,T2,NEUTRAL,3,2,5201.5,5227.5,-1.0,-1305.0,26.0
2022-04-18,S,1,T1,NEUTRAL,6,5,5203.5,5230.0,-1.0,-1330.0,26.5
2022-04-18,S,1,T2,NEUTRAL,6,5,5203.5,5230.0,-1.0,-1330.0,26.5
2022-04-19,S,1,T1,NEUTRAL,4,3,5264.5,5275.5,-1.0,-555.0,11.0
2022-04-19,S,1,T2,NEUTRAL,4,3,5264.5,5275.5,-1.0,-555.0,11.0
2022-04-20,S,1,T1,NEUTRAL,3,2,5282.5,5305.5,-1.0,-1155.0,23.0
2022-04-20,S,1,T2,NEUTRAL,3,2,5282.5,5305.5,-1.0,-1155.0,23.0
2022-04-20,S,1,T1,NEUTRAL,6,5,5285.25,5304.75,-1.0,-980.0,19.5
2022-04-20,S,1,T2,NEUTRAL,6,5,5285.25,5304.75,-1.0,-980.0,19.5
2022-04-22,L,1,T1,NEUTRAL,7,6,5125.75,5097.75,-1.0,-1405.0,28.0
2022-04-22,L,1,T2,NEUTRAL,7,6,5125.75,5097.75,-1.0,-1405.0,28.0
2022-04-25,S,1,T1,NEUTRAL,3,2,5029.25,5075.25,-1.0,-2305.0,46.0
2022-04-25,S,1,T2,NEUTRAL,3,2,5029.25,5075.25,-1.0,-2305.0,46.0
2022-04-26,L,1,T1,NEUTRAL,4,3,5053.75,5024.25,-1.0,-1480.0,29.5
2022-04-26,L,1,T2,NEUTRAL,4,3,5053.75,5024.25,-1.0,-1480.0,29.5
2022-04-26,L,1,T1,BEAR,6,5,5040.75,5017.25,-1.0,-1180.0,23.5
2022-04-26,L,1,T2,BEAR,6,5,5040.75,5017.25,-1.0,-1180.0,23.5
2022-04-27,L,1,T1,NEUTRAL,3,2,5031.25,4980.25,-1.0,-2555.0,51.0
2022-04-27,L,1,T2,NEUTRAL,3,2,5031.25,4980.25,-1.0,-2555.0,51.0
2022-04-28,L,1,T1,NEUTRAL,3,2,5044.0,5005.75,1.0,1907.5,38.25
2022-04-28,L,1,T2,NEUTRAL,3,2,5044.0,5005.75,2.0,3820.0,38.25
2022-04-29,L,1,T1,NEUTRAL,3,2,5045.0,5026.0,-1.0,-955.0,19.0
2022-04-29,L,1,T2,NEUTRAL,3,2,5045.0,5026.0,-1.0,-955.0,19.0
2022-04-29,L,1,T1,BEAR,5,4,5025.25,5001.75,-1.0,-1180.0,23.5
2022-04-29,L,1,T2,BEAR,5,4,5025.25,5001.75,-1.0,-1180.0,23.5
2022-05-02,S,1,T1,NEUTRAL,3,2,4929.0,4989.5,-1.0,-3030.0,60.5
2022-05-02,S,1,T2,NEUTRAL,3,2,4929.0,4989.5,-1.0,-3030.0,60.5
2022-05-03,S,1,T1,NEUTRAL,5,4,4989.0,5017.0,-1.0,-1405.0,28.0
2022-05-03,S,1,T2,NEUTRAL,5,4,4989.0,5017.0,-1.0,-1405.0,28.0
2022-05-04,L,1,T1,NEUTRAL,3,2,4986.75,4969.25,1.0,870.0,17.5
2022-05-04,L,1,T2,NEUTRAL,3,2,4986.75,4969.25,2.0,1745.0,17.5
2022-05-04,L,1,T1,NEUTRAL,4,3,5001.5,4966.0,1.0,1770.0,35.5
2022-05-04,L,1,T2,NEUTRAL,4,3,5001.5,4966.0,2.0,3545.0,35.5
2022-05-04,L,1,T1,BULL,6,5,5031.75,4986.0,1.0,2282.5,45.75
2022-05-04,L,1,T2,BULL,6,5,5031.75,4986.0,2.0,4570.0,45.75
2022-05-04,L,1,T1,BULL,7,6,5101.25,4970.0,-1.0,-6567.5,131.25
2022-05-04,L,1,T2,BULL,7,6,5101.25,4970.0,-1.0,-6567.5,131.25
2022-05-05,S,1,T1,NEUTRAL,5,4,4948.5,4992.75,-1.0,-2217.5,44.25
2022-05-05,S,1,T2,NEUTRAL,5,4,4948.5,4992.75,-1.0,-2217.5,44.25
2022-05-06,L,1,T1,NEUTRAL,4,3,4968.75,4923.25,-1.0,-2280.0,45.5
2022-05-06,L,1,T2,NEUTRAL,4,3,4968.75,4923.25,-1.0,-2280.0,45.5
2022-05-06,L,1,T1,NEUTRAL,7,6,4934.75,4901.25,-1.0,-1680.0,33.5
2022-05-06,L,1,T2,NEUTRAL,7,6,4934.75,4901.25,-1.0,-1680.0,33.5
2022-05-09,L,1,T1,NEUTRAL,3,2,4860.0,4826.0,-1.0,-1705.0,34.0
2022-05-09,L,1,T2,NEUTRAL,3,2,4860.0,4826.0,-1.0,-1705.0,34.0
2022-05-09,L,1,T1,BEAR,6,5,4848.25,4821.5,-1.0,-1342.5,26.75
2022-05-09,L,1,T2,BEAR,6,5,4848.25,4821.5,-1.0,-1342.5,26.75
2022-05-10,L,1,T1,NEUTRAL,5,4,4814.0,4776.25,1.0,1882.5,37.75
2022-05-10,L,1,T2,NEUTRAL,5,4,4814.0,4776.25,-1.0,-1892.5,37.75
2022-05-11,S,1,T1,NEUTRAL,3,2,4823.0,4868.75,1.0,2282.5,45.75
2022-05-11,S,1,T2,NEUTRAL,3,2,4823.0,4868.75,-1.0,-2292.5,45.75
2022-05-11,S,1,T1,NEUTRAL,7,6,4766.0,4809.25,-1.0,-2167.5,43.25
2022-05-11,S,1,T2,NEUTRAL,7,6,4766.0,4809.25,-1.0,-2167.5,43.25
2022-05-12,S,1,T1,NEUTRAL,3,2,4733.5,4785.5,1.0,2595.0,52.0
2022-05-12,S,1,T2,NEUTRAL,3,2,4733.5,4785.5,-1.0,-2605.0,52.0
2022-05-12,S,1,T1,NEUTRAL,5,4,4713.0,4751.5,-1.0,-1930.0,38.5
2022-05-12,S,1,T2,NEUTRAL,5,4,4713.0,4751.5,-1.0,-1930.0,38.5
2022-05-13,S,1,T1,NEUTRAL,4,3,4834.75,4859.75,1.0,1245.0,25.0
2022-05-13,S,1,T2,NEUTRAL,4,3,4834.75,4859.75,-1.0,-1255.0,25.0
2022-05-16,L,1,T1,NEUTRAL,3,2,4845.25,4806.75,-1.0,-1930.0,38.5
2022-05-16,L,1,T2,NEUTRAL,3,2,4845.25,4806.75,-1.0,-1930.0,38.5
2022-05-17,L,1,T1,NEUTRAL,3,2,4882.0,4853.0,1.0,1445.0,29.0
2022-05-17,L,1,T2,NEUTRAL,3,2,4882.0,4853.0,-1.0,-1455.0,29.0
2022-05-17,L,1,T1,BULL,6,5,4903.25,4862.25,-1.0,-2055.0,41.0
2022-05-17,L,1,T2,BULL,6,5,4903.25,4862.25,-1.0,-2055.0,41.0
2022-05-19,L,1,T1,NEUTRAL,3,2,4734.0,4704.5,1.0,1470.0,29.5
2022-05-19,L,1,T2,NEUTRAL,3,2,4734.0,4704.5,-1.0,-1480.0,29.5
2022-05-19,L,1,T1,NEUTRAL,5,4,4746.0,4709.0,-1.0,-1855.0,37.0
2022-05-19,L,1,T2,NEUTRAL,5,4,4746.0,4709.0,-1.0,-1855.0,37.0
2022-05-20,L,1,T1,NEUTRAL,6,5,4667.0,4630.75,1.0,1807.5,36.25
2022-05-20,L,1,T2,NEUTRAL,6,5,4667.0,4630.75,-1.0,-1817.5,36.25
2022-05-23,S,1,T1,NEUTRAL,4,3,4783.25,4802.75,-1.0,-980.0,19.5
2022-05-23,S,1,T2,NEUTRAL,4,3,4783.25,4802.75,-1.0,-980.0,19.5
2022-05-23,S,1,T1,BULL,7,6,4781.75,4804.25,-1.0,-1130.0,22.5
2022-05-23,S,1,T2,BULL,7,6,4781.75,4804.25,-1.0,-1130.0,22.5
2022-05-24,L,1,T1,NEUTRAL,3,2,4716.5,4695.25,1.0,1057.5,21.25
2022-05-24,L,1,T2,NEUTRAL,3,2,4716.5,4695.25,2.0,2120.0,21.25
2022-05-24,L,1,T1,NEUTRAL,5,4,4737.25,4713.25,1.0,1195.0,24.0
2022-05-24,L,1,T2,NEUTRAL,5,4,4737.25,4713.25,-1.0,-1205.0,24.0
2022-05-24,L,2,T1,NEUTRAL,7,6,4757.75,4725.75,-1.0,-1605.0,32.0
2022-05-24,L,2,T2,NEUTRAL,7,6,4757.75,4725.75,-1.0,-1605.0,32.0
2022-05-25,S,1,T1,NEUTRAL,3,2,4778.75,4801.25,1.0,1120.0,22.5
2022-05-25,S,1,T2,NEUTRAL,3,2,4778.75,4801.25,-1.0,-1130.0,22.5
2022-05-26,S,1,T1,NEUTRAL,6,5,4881.25,4893.0,-1.0,-592.5,11.75
2022-05-26,S,1,T2,NEUTRAL,6,5,4881.25,4893.0,-1.0,-592.5,11.75
2022-05-27,L,1,T1,NEUTRAL,3,2,4948.25,4931.25,1.0,845.0,17.0
2022-05-27,L,1,T2,NEUTRAL,3,2,4948.25,4931.25,2.0,1695.0,17.0
2022-05-27,L,1,T1,NEUTRAL,6,5,4954.0,4945.25,1.0,432.5,8.75
2022-05-27,L,1,T2,NEUTRAL,6,5,4954.0,4945.25,2.0,870.0,8.75
2022-05-31,S,1,T1,NEUTRAL,3,2,4939.5,4962.25,-1.0,-1142.5,22.75
2022-05-31,S,1,T2,NEUTRAL,3,2,4939.5,4962.25,-1.0,-1142.5,22.75
2022-05-31,S,1,T1,NEUTRAL,6,5,4964.0,4991.5,-1.0,-1380.0,27.5
2022-05-31,S,1,T2,NEUTRAL,6,5,4964.0,4991.5,-1.0,-1380.0,27.5
2022-06-01,L,1,T1,NEUTRAL,4,3,4917.0,4896.0,1.0,1045.0,21.0
2022-06-01,L,1,T2,NEUTRAL,4,3,4917.0,4896.0,-1.0,-1055.0,21.0
2022-06-01,L,1,T1,NEUTRAL,5,4,4922.25,4894.75,1.0,1370.0,27.5
2022-06-01,L,1,T2,NEUTRAL,5,4,4922.25,4894.75,-1.0,-1380.0,27.5
2022-06-03,L,1,T1,NEUTRAL,4,3,4939.0,4922.25,1.0,832.5,16.75
2022-06-03,L,1,T2,NEUTRAL,4,3,4939.0,4922.25,-1.0,-842.5,16.75
2022-06-06,L,1,T1,NEUTRAL,5,4,4951.25,4933.5,-1.0,-892.5,17.75
2022-06-06,L,1,T2,NEUTRAL,5,4,4951.25,4933.5,-1.0,-892.5,17.75
2022-06-06,L,1,T1,BEAR,7,6,4948.75,4930.5,-1.0,-917.5,18.25
2022-06-06,L,1,T2,BEAR,7,6,4948.75,4930.5,-1.0,-917.5,18.25
2022-06-07,S,1,T1,NEUTRAL,3,2,4936.5,4962.0,-1.0,-1280.0,25.5
2022-06-07,S,1,T2,NEUTRAL,3,2,4936.5,4962.0,-1.0,-1280.0,25.5
2022-06-08,S,1,T1,NEUTRAL,3,2,4961.25,4981.5,1.0,1007.5,20.25
2022-06-08,S,1,T2,NEUTRAL,3,2,4961.25,4981.5,-1.0,-1017.5,20.25
2022-06-08,S,1,T1,NEUTRAL,4,3,4959.25,4982.5,1.0,1157.5,23.25
2022-06-08,S,1,T2,NEUTRAL,4,3,4959.25,4982.5,-1.0,-1167.5,23.25
2022-06-09,L,1,T1,NEUTRAL,4,3,4928.5,4907.0,-1.0,-1080.0,21.5
2022-06-09,L,1,T2,NEUTRAL,4,3,4928.5,4907.0,-1.0,-1080.0,21.5
2022-06-10,L,1,T1,NEUTRAL,5,4,4740.25,4722.25,1.0,895.0,18.0
2022-06-10,L,1,T2,NEUTRAL,5,4,4740.25,4722.25,-1.0,-905.0,18.0
2022-06-13,L,1,T1,NEUTRAL,3,2,4608.0,4572.5,-1.0,-1780.0,35.5
2022-06-13,L,1,T2,NEUTRAL,3,2,4608.0,4572.5,-1.0,-1780.0,35.5
2022-06-14,L,1,T1,NEUTRAL,4,3,4579.0,4554.75,-1.0,-1217.5,24.25
2022-06-14,L,1,T2,NEUTRAL,4,3,4579.0,4554.75,-1.0,-1217.5,24.25
2022-06-14,L,1,T1,BEAR,7,6,4565.25,4530.5,-1.0,-1742.5,34.75
2022-06-14,L,1,T2,BEAR,7,6,4565.25,4530.5,-1.0,-1742.5,34.75
2022-06-15,S,1,T1,NEUTRAL,4,3,4588.75,4607.75,-1.0,-955.0,19.0
2022-06-15,S,1,T2,NEUTRAL,4,3,4588.75,4607.75,-1.0,-955.0,19.0
2022-06-15,S,1,T1,NEUTRAL,5,4,4584.25,4608.75,1.0,1220.0,24.5
2022-06-15,S,1,T2,NEUTRAL,5,4,4584.25,4608.75,-1.0,-1230.0,24.5
2022-06-15,S,1,T1,NEUTRAL,6,5,4561.75,4626.0,-1.0,-3217.5,64.25
2022-06-15,S,1,T2,NEUTRAL,6,5,4561.75,4626.0,-1.0,-3217.5,64.25
2022-06-16,L,1,T1,NEUTRAL,4,3,4507.0,4486.0,-1.0,-1055.0,21.0
2022-06-16,L,1,T2,NEUTRAL,4,3,4507.0,4486.0,-1.0,-1055.0,21.0
2022-06-16,L,1,T1,BEAR,7,6,4498.75,4464.0,-1.0,-1742.5,34.75
2022-06-16,L,1,T2,BEAR,7,6,4498.75,4464.0,-1.0,-1742.5,34.75
2022-06-17,L,1,T1,NEUTRAL,3,2,4509.75,4461.0,-1.0,-2442.5,48.75
2022-06-17,L,1,T2,NEUTRAL,3,2,4509.75,4461.0,-1.0,-2442.5,48.75
2022-06-17,L,1,T1,NEUTRAL,6,5,4527.75,4502.5,-1.0,-1267.5,25.25
2022-06-17,L,1,T2,NEUTRAL,6,5,4527.75,4502.5,-1.0,-1267.5,25.25
2022-06-21,S,1,T1,NEUTRAL,3,2,4589.75,4603.75,-1.0,-705.0,14.0
2022-06-21,S,1,T2,NEUTRAL,3,2,4589.75,4603.75,-1.0,-705.0,14.0
2022-06-21,S,1,T1,NEUTRAL,5,4,4585.5,4600.5,-1.0,-755.0,15.0
2022-06-21,S,1,T2,NEUTRAL,5,4,4585.5,4600.5,-1.0,-755.0,15.0
2022-06-21,S,2,T1,BULL,7,6,4586.75,4606.25,-1.0,-980.0,19.5
2022-06-21,S,2,T2,BULL,7,6,4586.75,4606.25,-1.0,-980.0,19.5
2022-06-22,S,1,T1,NEUTRAL,3,2,4593.75,4620.25,-1.0,-1330.0,26.5
2022-06-22,S,1,T2,NEUTRAL,3,2,4593.75,4620.25,-1.0,-1330.0,26.5
2022-06-22,S,1,T1,BULL,6,5,4602.25,4628.0,-1.0,-1292.5,25.75
2022-06-22,S,1,T2,BULL,6,5,4602.25,4628.0,-1.0,-1292.5,25.75
2022-06-23,S,1,T1,NEUTRAL,3,2,4596.75,4622.25,1.0,1270.0,25.5
2022-06-23,S,1,T2,NEUTRAL,3,2,4596.75,4622.25,-1.0,-1280.0,25.5
2022-06-27,S,1,T1,NEUTRAL,4,3,4729.75,4752.25,-1.0,-1130.0,22.5
2022-06-27,S,1,T2,NEUTRAL,4,3,4729.75,4752.25,-1.0,-1130.0,22.5
2022-06-29,S,1,T1,NEUTRAL,3,2,4631.0,4661.75,-1.0,-1542.5,30.75
2022-06-29,S,1,T2,NEUTRAL,3,2,4631.0,4661.75,-1.0,-1542.5,30.75
2022-06-29,S,1,T1,NEUTRAL,7,6,4634.25,4655.25,-1.0,-1055.0,21.0
2022-06-29,S,1,T2,NEUTRAL,7,6,4634.25,4655.25,-1.0,-1055.0,21.0
2022-06-30,S,1,T1,NEUTRAL,6,5,4616.25,4643.5,1.0,1357.5,27.25
2022-06-30,S,1,T2,NEUTRAL,6,5,4616.25,4643.5,-1.0,-1367.5,27.25
2022-07-01,L,1,T1,NEUTRAL,5,4,4610.25,4592.25,1.0,895.0,18.0
2022-07-01,L,1,T2,NEUTRAL,5,4,4610.25,4592.25,2.0,1795.0,18.0
2022-07-05,L,1,T1,NEUTRAL,3,2,4600.5,4567.5,1.0,1645.0,33.0
2022-07-05,L,1,T2,NEUTRAL,3,2,4600.5,4567.5,-1.0,-1655.0,33.0
2022-07-06,L,1,T1,NEUTRAL,4,3,4647.5,4633.5,1.0,695.0,14.0
2022-07-06,L,1,T2,NEUTRAL,4,3,4647.5,4633.5,2.0,1395.0,14.0
2022-07-07,S,1,T1,NEUTRAL,5,4,4711.75,4722.5,-1.0,-542.5,10.75
2022-07-07,S,1,T2,NEUTRAL,5,4,4711.75,4722.5,-1.0,-542.5,10.75
2022-07-08,S,1,T1,NEUTRAL,3,2,4724.0,4744.5,-1.0,-1030.0,20.5
2022-07-08,S,1,T2,NEUTRAL,3,2,4724.0,4744.5,-1.0,-1030.0,20.5
2022-07-08,S,1,T1,NEUTRAL,7,6,4730.25,4741.75,-1.0,-580.0,11.5
2022-07-08,S,1,T2,NEUTRAL,7,6,4730.25,4741.75,-1.0,-580.0,11.5
2022-07-11,L,1,T1,NEUTRAL,4,3,4691.25,4676.75,-1.0,-730.0,14.5
2022-07-11,L,1,T2,NEUTRAL,4,3,4691.25,4676.75,-1.0,-730.0,14.5
2022-07-12,L,1,T1,NEUTRAL,3,2,4689.25,4666.0,-1.0,-1167.5,23.25
2022-07-12,L,1,T2,NEUTRAL,3,2,4689.25,4666.0,-1.0,-1167.5,23.25
2022-07-13,L,1,T1,NEUTRAL,4,3,4636.5,4616.5,1.0,995.0,20.0
2022-07-13,L,1,T2,NEUTRAL,4,3,4636.5,4616.5,-1.0,-1005.0,20.0
2022-07-13,L,1,T1,NEUTRAL,6,5,4649.0,4622.25,-1.0,-1342.5,26.75
2022-07-13,L,1,T2,NEUTRAL,6,5,4649.0,4622.25,-1.0,-1342.5,26.75
2022-07-14,S,1,T1,NEUTRAL,4,3,4569.75,4597.0,-1.0,-1367.5,27.25
2022-07-14,S,1,T2,NEUTRAL,4,3,4569.75,4597.0,-1.0,-1367.5,27.25
2022-07-15,S,1,T1,NEUTRAL,4,3,4670.25,4686.0,-1.0,-792.5,15.75
2022-07-15,S,1,T2,NEUTRAL,4,3,4670.25,4686.0,-1.0,-792.5,15.75
2022-07-15,S,1,T1,NEUTRAL,7,6,4676.5,4685.0,-1.0,-430.0,8.5
2022-07-15,S,1,T2,NEUTRAL,7,6,4676.5,4685.0,-1.0,-430.0,8.5
2022-07-18,L,1,T1,NEUTRAL,3,2,4720.0,4709.0,-1.0,-555.0,11.0
2022-07-18,L,1,T2,NEUTRAL,3,2,4720.0,4709.0,-1.0,-555.0,11.0
2022-07-19,L,1,T1,NEUTRAL,7,6,4759.5,4747.5,-1.0,-605.0,12.0
2022-07-19,L,1,T2,NEUTRAL,7,6,4759.5,4747.5,-1.0,-605.0,12.0
2022-07-20,S,1,T1,NEUTRAL,4,3,4783.75,4799.75,1.0,795.0,16.0
2022-07-20,S,1,T2,NEUTRAL,4,3,4783.75,4799.75,-1.0,-805.0,16.0
2022-07-21,L,1,T1,NEUTRAL,3,2,4786.25,4754.25,1.0,1595.0,32.0
2022-07-21,L,1,T2,NEUTRAL,3,2,4786.25,4754.25,-1.0,-1605.0,32.0
2022-07-21,L,1,T1,NEUTRAL,6,5,4811.25,4793.0,-1.0,-917.5,18.25
2022-07-21,L,1,T2,NEUTRAL,6,5,4811.25,4793.0,-1.0,-917.5,18.25
2022-07-22,L,1,T1,NEUTRAL,6,5,4779.0,4763.5,-1.0,-780.0,15.5
2022-07-22,L,1,T2,NEUTRAL,6,5,4779.0,4763.5,-1.0,-780.0,15.5
2022-07-25,L,1,T1,NEUTRAL,3,2,4794.25,4774.5,-1.0,-992.5,19.75
2022-07-25,L,1,T2,NEUTRAL,3,2,4794.25,4774.5,-1.0,-992.5,19.75
2022-07-25,L,1,T1,NEUTRAL,7,6,4784.0,4768.0,-1.0,-805.0,16.0
2022-07-25,L,1,T2,NEUTRAL,7,6,4784.0,4768.0,-1.0,-805.0,16.0
2022-07-26,L,1,T1,NEUTRAL,4,3,4751.75,4739.5,-1.0,-617.5,12.25
2022-07-26,L,1,T2,NEUTRAL,4,3,4751.75,4739.5,-1.0,-617.5,12.25
2022-07-26,L,1,T1,BEAR,7,6,4746.25,4735.25,1.0,545.0,11.0
2022-07-26,L,1,T2,BEAR,7,6,4746.25,4735.25,-1.0,-555.0,11.0
2022-07-27,S,1,T1,NEUTRAL,4,3,4796.75,4807.0,-1.0,-517.5,10.25
2022-07-27,S,1,T2,NEUTRAL,4,3,4796.75,4807.0,-1.0,-517.5,10.25
2022-07-28,S,1,T1,NEUTRAL,7,6,4890.75,4903.75,-1.0,-655.0,13.0
2022-07-28,S,1,T2,NEUTRAL,7,6,4890.75,4903.75,-1.0,-655.0,13.0
2022-07-29,S,1,T1,NEUTRAL,3,2,4916.0,4945.5,-1.0,-1480.0,29.5
2022-07-29,S,1,T2,NEUTRAL,3,2,4916.0,4945.5,-1.0,-1480.0,29.5
2022-08-01,S,1,T1,NEUTRAL,4,3,4947.5,4969.25,1.0,1082.5,21.75
2022-08-01,S,1,T2,NEUTRAL,4,3,4947.5,4969.25,-1.0,-1092.5,21.75
2022-08-02,S,1,T1,NEUTRAL,5,4,4940.25,4965.5,1.0,1257.5,25.25
2022-08-02,S,1,T2,NEUTRAL,5,4,4940.25,4965.5,-1.0,-1267.5,25.25
2022-08-02,S,1,T1,BEAR,7,6,4918.25,4943.5,-1.0,-1267.5,25.25
2022-08-02,S,1,T2,BEAR,7,6,4918.25,4943.5,-1.0,-1267.5,25.25
2022-08-03,S,1,T1,NEUTRAL,7,6,4978.5,4989.25,-1.0,-542.5,10.75
2022-08-03,S,1,T2,NEUTRAL,7,6,4978.5,4989.25,-1.0,-542.5,10.75
2022-08-04,L,1,T1,NEUTRAL,3,2,4977.75,4958.0,-1.0,-992.5,19.75
2022-08-04,L,1,T2,NEUTRAL,3,2,4977.75,4958.0,-1.0,-992.5,19.75
2022-08-04,L,1,T1,NEUTRAL,5,4,4980.5,4964.25,-1.0,-817.5,16.25
2022-08-04,L,1,T2,NEUTRAL,5,4,4980.5,4964.25,-1.0,-817.5,16.25
2022-08-05,S,1,T1,NEUTRAL,3,2,4935.0,4969.75,-1.0,-1742.5,34.75
2022-08-05,S,1,T2,NEUTRAL,3,2,4935.0,4969.75,-1.0,-1742.5,34.75
2022-08-05,S,1,T1,NEUTRAL,6,5,4949.5,4968.75,-1.0,-967.5,19.25
2022-08-05,S,1,T2,NEUTRAL,6,5,4949.5,4968.75,-1.0,-967.5,19.25
2022-08-08,S,1,T1,NEUTRAL,3,2,4988.75,5007.5,1.0,932.5,18.75
2022-08-08,S,1,T2,NEUTRAL,3,2,4988.75,5007.5,-1.0,-942.5,18.75
2022-08-08,S,1,T1,NEUTRAL,6,5,4958.0,4973.75,-1.0,-792.5,15.75
2022-08-08,S,1,T2,NEUTRAL,6,5,4958.0,4973.75,-1.0,-792.5,15.75
2022-08-09,S,1,T1,NEUTRAL,4,3,4937.5,4954.0,-1.0,-830.0,16.5
2022-08-09,S,1,T2,NEUTRAL,4,3,4937.5,4954.0,-1.0,-830.0,16.5
2022-08-09,S,1,T1,BEAR,6,5,4935.0,4949.25,-1.0,-717.5,14.25
2022-08-09,S,1,T2,BEAR,6,5,4935.0,4949.25,-1.0,-717.5,14.25
2022-08-10,L,1,T1,NEUTRAL,5,4,5029.25,5020.25,-1.0,-455.0,9.0
2022-08-10,L,1,T2,NEUTRAL,5,4,5029.25,5020.25,-1.0,-455.0,9.0
2022-08-10,L,1,T1,NEUTRAL,7,6,5028.5,5017.0,-1.0,-580.0,11.5
2022-08-10,L,1,T2,NEUTRAL,7,6,5028.5,5017.0,-1.0,-580.0,11.5
2022-08-11,L,1,T1,NEUTRAL,4,3,5058.0,5043.75,-1.0,-717.5,14.25
2022-08-11,L,1,T2,NEUTRAL,4,3,5058.0,5043.75,-1.0,-717.5,14.25
2022-08-15,L,1,T1,NEUTRAL,3,2,5099.75,5086.75,1.0,645.0,13.0
2022-08-15,L,1,T2,NEUTRAL,3,2,5099.75,5086.75,2.0,1295.0,13.0
2022-08-15,L,1,T1,NEUTRAL,6,5,5120.75,5113.5,-1.0,-367.5,7.25
2022-08-15,L,1,T2,NEUTRAL,6,5,5120.75,5113.5,-1.0,-367.5,7.25
2022-08-16,L,1,T1,NEUTRAL,3,2,5125.25,5100.75,1.0,1220.0,24.5
2022-08-16,L,1,T2,NEUTRAL,3,2,5125.25,5100.75,-1.0,-1230.0,24.5
2022-08-16,L,1,T1,NEUTRAL,5,4,5138.0,5128.5,1.0,470.0,9.5
2022-08-16,L,1,T2,NEUTRAL,5,4,5138.0,5128.5,-1.0,-480.0,9.5
2022-08-17,L,1,T1,NEUTRAL,4,3,5097.5,5077.0,1.0,1020.0,20.5
2022-08-17,L,1,T2,NEUTRAL,4,3,5097.5,5077.0,-1.0,-1030.0,20.5
2022-08-18,S,1,T1,NEUTRAL,4,3,5095.0,5113.25,-1.0,-917.5,18.25
2022-08-18,S,1,T2,NEUTRAL,4,3,5095.0,5113.25,-1.0,-917.5,18.25
2022-08-19,L,1,T1,NEUTRAL,4,3,5062.25,5049.25,-1.0,-655.0,13.0
2022-08-19,L,1,T2,NEUTRAL,4,3,5062.25,5049.25,-1.0,-655.0,13.0
2022-08-19,L,1,T1,BEAR,7,6,5056.75,5042.75,-1.0,-705.0,14.0
2022-08-19,L,1,T2,BEAR,7,6,5056.75,5042.75,-1.0,-705.0,14.0
2022-08-22,L,1,T1,NEUTRAL,3,2,4985.25,4973.0,-1.0,-617.5,12.25
2022-08-22,L,1,T2,NEUTRAL,3,2,4985.25,4973.0,-1.0,-617.5,12.25
2022-08-22,L,1,T1,BEAR,7,6,4968.25,4955.0,-1.0,-667.5,13.25
2022-08-22,L,1,T2,BEAR,7,6,4968.25,4955.0,-1.0,-667.5,13.25
2022-08-23,L,1,T1,NEUTRAL,5,4,4965.0,4947.25,-1.0,-892.5,17.75
2022-08-23,L,1,T2,NEUTRAL,5,4,4965.0,4947.25,-1.0,-892.5,17.75
2022-08-24,S,1,T1,NEUTRAL,4,3,4971.25,4981.0,1.0,482.5,9.75
2022-08-24,S,1,T2,NEUTRAL,4,3,4971.25,4981.0,-1.0,-492.5,9.75
2022-08-25,S,1,T1,NEUTRAL,4,3,4979.0,4991.0,-1.0,-605.0,12.0
2022-08-25,S,1,T2,NEUTRAL,4,3,4979.0,4991.0,-1.0,-605.0,12.0
2022-08-29,L,1,T1,NEUTRAL,3,2,4868.0,4839.0,-1.0,-1455.0,29.0
2022-08-29,L,1,T2,NEUTRAL,3,2,4868.0,4839.0,-1.0,-1455.0,29.0
2022-08-30,S,1,T1,NEUTRAL,4,3,4807.0,4827.0,1.0,995.0,20.0
2022-08-30,S,1,T2,NEUTRAL,4,3,4807.0,4827.0,-1.0,-1005.0,20.0
2022-08-31,S,1,T1,NEUTRAL,4,3,4797.25,4820.0,-1.0,-1142.5,22.75
2022-08-31,S,1,T2,NEUTRAL,4,3,4797.25,4820.0,-1.0,-1142.5,22.75
2022-08-31,S,1,T1,BEAR,7,6,4778.25,4806.5,-1.0,-1417.5,28.25
2022-08-31,S,1,T2,BEAR,7,6,4778.25,4806.5,-1.0,-1417.5,28.25
2022-09-01,S,1,T1,NEUTRAL,4,3,4731.5,4752.0,-1.0,-1030.0,20.5
2022-09-01,S,1,T2,NEUTRAL,4,3,4731.5,4752.0,-1.0,-1030.0,20.5
2022-09-02,S,1,T1,NEUTRAL,3,2,4823.5,4841.75,1.0,907.5,18.25
2022-09-02,S,1,T2,NEUTRAL,3,2,4823.5,4841.75,2.0,1820.0,18.25
2022-09-06,S,1,T1,NEUTRAL,4,3,4728.5,4764.75,-1.0,-1817.5,36.25
2022-09-06,S,1,T2,NEUTRAL,4,3,4728.5,4764.75,-1.0,-1817.5,36.25
2022-09-06,S,1,T1,NEUTRAL,7,6,4723.25,4743.25,-1.0,-1005.0,20.0
2022-09-06,S,1,T2,NEUTRAL,7,6,4723.25,4743.25,-1.0,-1005.0,20.0
2022-09-07,L,1,T1,NEUTRAL,4,3,4770.0,4753.0,1.0,845.0,17.0
2022-09-07,L,1,T2,NEUTRAL,4,3,4770.0,4753.0,2.0,1695.0,17.0
2022-09-08,S,1,T1,NEUTRAL,3,2,4798.5,4833.25,-1.0,-1742.5,34.75
2022-09-08,S,1,T2,NEUTRAL,3,2,4798.5,4833.25,-1.0,-1742.5,34.75
2022-09-08,S,1,T1,NEUTRAL,6,5,4805.25,4823.5,-1.0,-917.5,18.25
2022-09-08,S,1,T2,NEUTRAL,6,5,4805.25,4823.5,-1.0,-917.5,18.25
2022-09-09,S,1,T1,NEUTRAL,3,2,4872.0,4886.75,-1.0,-742.5,14.75
2022-09-09,S,1,T2,NEUTRAL,3,2,4872.0,4886.75,-1.0,-742.5,14.75
2022-09-09,S,1,T1,BULL,7,6,4885.25,4898.0,-1.0,-642.5,12.75
2022-09-09,S,1,T2,BULL,7,6,4885.25,4898.0,-1.0,-642.5,12.75
2022-09-12,S,1,T1,NEUTRAL,3,2,4923.0,4940.5,-1.0,-880.0,17.5
2022-09-12,S,1,T2,NEUTRAL,3,2,4923.0,4940.5,-1.0,-880.0,17.5
2022-09-12,S,1,T1,NEUTRAL,6,5,4922.0,4936.5,-1.0,-730.0,14.5
2022-09-12,S,1,T2,NEUTRAL,6,5,4922.0,4936.5,-1.0,-730.0,14.5
2022-09-13,L,1,T1,NEUTRAL,4,3,4816.25,4800.0,-1.0,-817.5,16.25
2022-09-13,L,1,T2,NEUTRAL,4,3,4816.25,4800.0,-1.0,-817.5,16.25
2022-09-14,L,1,T1,NEUTRAL,4,3,4779.0,4763.5,-1.0,-780.0,15.5
2022-09-14,L,1,T2,NEUTRAL,4,3,4779.0,4763.5,-1.0,-780.0,15.5
2022-09-14,L,1,T1,NEUTRAL,7,6,4762.0,4735.5,-1.0,-1330.0,26.5
2022-09-14,L,1,T2,NEUTRAL,7,6,4762.0,4735.5,-1.0,-1330.0,26.5
2022-09-15,L,1,T1,NEUTRAL,4,3,4748.5,4723.75,-1.0,-1242.5,24.75
2022-09-15,L,1,T2,NEUTRAL,4,3,4748.5,4723.75,-1.0,-1242.5,24.75
2022-09-16,S,1,T1,NEUTRAL,3,2,4670.0,4696.5,-1.0,-1330.0,26.5
2022-09-16,S,1,T2,NEUTRAL,3,2,4670.0,4696.5,-1.0,-1330.0,26.5
2022-09-19,S,1,T1,NEUTRAL,3,2,4687.5,4708.5,-1.0,-1055.0,21.0
2022-09-19,S,1,T2,NEUTRAL,3,2,4687.5,4708.5,-1.0,-1055.0,21.0
2022-09-20,L,1,T1,NEUTRAL,3,2,4689.0,4663.25,-1.0,-1292.5,25.75
2022-09-20,L,1,T2,NEUTRAL,3,2,4689.0,4663.25,-1.0,-1292.5,25.75
2022-09-20,L,1,T1,NEUTRAL,6,5,4667.5,4647.5,1.0,995.0,20.0
2022-09-20,L,1,T2,NEUTRAL,6,5,4667.5,4647.5,-1.0,-1005.0,20.0
2022-09-21,S,1,T1,NEUTRAL,4,3,4693.5,4702.0,-1.0,-430.0,8.5
2022-09-21,S,1,T2,NEUTRAL,4,3,4693.5,4702.0,-1.0,-430.0,8.5
2022-09-26,L,1,T1,NEUTRAL,6,5,4484.75,4463.5,-1.0,-1067.5,21.25
2022-09-26,L,1,T2,NEUTRAL,6,5,4484.75,4463.5,-1.0,-1067.5,21.25
2022-09-27,S,1,T1,NEUTRAL,5,4,4444.75,4463.0,-1.0,-917.5,18.25
2022-09-27,S,1,T2,NEUTRAL,5,4,4444.75,4463.0,-1.0,-917.5,18.25
2022-09-28,L,1,T1,NEUTRAL,6,5,4527.75,4514.0,1.0,682.5,13.75
2022-09-28,L,1,T2,NEUTRAL,6,5,4527.75,4514.0,2.0,1370.0,13.75
2022-09-29,L,1,T1,NEUTRAL,3,2,4469.75,4437.0,-1.0,-1642.5,32.75
2022-09-29,L,1,T2,NEUTRAL,3,2,4469.75,4437.0,-1.0,-1642.5,32.75
2022-09-29,L,1,T1,NEUTRAL,7,6,4450.5,4428.25,-1.0,-1117.5,22.25
2022-09-29,L,1,T2,NEUTRAL,7,6,4450.5,4428.25,-1.0,-1117.5,22.25
2022-09-30,S,1,T1,NEUTRAL,3,2,4458.0,4489.25,1.0,1557.5,31.25
2022-09-30,S,1,T2,NEUTRAL,3,2,4458.0,4489.25,-1.0,-1567.5,31.25
2022-09-30,S,1,T1,NEUTRAL,5,4,4449.5,4463.75,1.0,707.5,14.25
2022-09-30,S,1,T2,NEUTRAL,5,4,4449.5,4463.75,2.0,1420.0,14.25
2022-10-03,S,1,T1,NEUTRAL,3,2,4468.25,4484.75,-1.0,-830.0,16.5
2022-10-03,S,1,T2,NEUTRAL,3,2,4468.25,4484.75,-1.0,-830.0,16.5
2022-10-03,S,1,T1,BULL,7,6,4502.25,4516.5,-1.0,-717.5,14.25
2022-10-03,S,1,T2,BULL,7,6,4502.25,4516.5,-1.0,-717.5,14.25
2022-10-04,S,1,T1,NEUTRAL,4,3,4594.0,4607.25,1.0,657.5,13.25
2022-10-04,S,1,T2,NEUTRAL,4,3,4594.0,4607.25,-1.0,-667.5,13.25
2022-10-05,L,1,T1,NEUTRAL,3,2,4558.25,4538.25,1.0,995.0,20.0
2022-10-05,L,1,T2,NEUTRAL,3,2,4558.25,4538.25,2.0,1995.0,20.0
2022-10-05,L,1,T1,NEUTRAL,6,5,4602.75,4586.5,1.0,807.5,16.25
2022-10-05,L,1,T2,NEUTRAL,6,5,4602.75,4586.5,-1.0,-817.5,16.25
2022-10-06,L,1,T1,NEUTRAL,3,2,4597.75,4562.25,-1.0,-1780.0,35.5
2022-10-06,L,1,T2,NEUTRAL,3,2,4597.75,4562.25,-1.0,-1780.0,35.5
2022-10-07,S,1,T1,NEUTRAL,3,2,4478.0,4499.5,1.0,1070.0,21.5
2022-10-07,S,1,T2,NEUTRAL,3,2,4478.0,4499.5,-1.0,-1080.0,21.5
2022-10-07,S,1,T1,BEAR,6,5,4453.0,4471.5,-1.0,-930.0,18.5
2022-10-07,S,1,T2,BEAR,6,5,4453.0,4471.5,-1.0,-930.0,18.5
2022-10-10,L,1,T1,NEUTRAL,5,4,4421.5,4404.25,1.0,857.5,17.25
2022-10-10,L,1,T2,NEUTRAL,5,4,4421.5,4404.25,-1.0,-867.5,17.25
2022-10-11,S,1,T1,NEUTRAL,5,4,4437.75,4458.0,1.0,1007.5,20.25
2022-10-11,S,1,T2,NEUTRAL,5,4,4437.75,4458.0,2.0,2020.0,20.25
2022-10-12,L,1,T1,NEUTRAL,3,2,4419.5,4397.0,-1.0,-1130.0,22.5
2022-10-12,L,1,T2,NEUTRAL,3,2,4419.5,4397.0,-1.0,-1130.0,22.5
2022-10-12,L,1,T1,NEUTRAL,5,4,4415.5,4402.75,-1.0,-642.5,12.75
2022-10-12,L,1,T2,NEUTRAL,5,4,4415.5,4402.75,-1.0,-642.5,12.75
2022-10-12,L,2,T1,NEUTRAL,6,5,4420.0,4397.0,-1.0,-1155.0,23.0
2022-10-12,L,2,T2,NEUTRAL,6,5,4420.0,4397.0,-1.0,-1155.0,23.0
2022-10-14,S,1,T1,NEUTRAL,5,4,4410.0,4434.0,-1.0,-1205.0,24.0
2022-10-14,S,1,T2,NEUTRAL,5,4,4410.0,4434.0,-1.0,-1205.0,24.0
2022-10-17,L,1,T1,NEUTRAL,3,2,4498.75,4472.5,-1.0,-1317.5,26.25
2022-10-17,L,1,T2,NEUTRAL,3,2,4498.75,4472.5,-1.0,-1317.5,26.25
2022-10-17,L,1,T1,NEUTRAL,5,4,4501.75,4485.75,-1.0,-805.0,16.0
2022-10-17,L,1,T2,NEUTRAL,5,4,4501.75,4485.75,-1.0,-805.0,16.0
2022-10-17,L,2,T1,BULL,7,6,4501.25,4488.5,-1.0,-642.5,12.75
2022-10-17,L,2,T2,BULL,7,6,4501.25,4488.5,-1.0,-642.5,12.75
2022-10-18,L,1,T1,NEUTRAL,4,3,4535.0,4501.5,-1.0,-1680.0,33.5
2022-10-18,L,1,T2,NEUTRAL,4,3,4535.0,4501.5,-1.0,-1680.0,33.5
2022-10-18,L,1,T1,NEUTRAL,7,6,4547.25,4507.5,-1.0,-1992.5,39.75
2022-10-18,L,1,T2,NEUTRAL,7,6,4547.25,4507.5,-1.0,-1992.5,39.75
2022-10-19,S,1,T1,NEUTRAL,3,2,4517.75,4545.5,1.0,1382.5,27.75
2022-10-19,S,1,T2,NEUTRAL,3,2,4517.75,4545.5,-1.0,-1392.5,27.75
2022-10-20,S,1,T1,NEUTRAL,3,2,4523.5,4550.75,1.0,1357.5,27.25
2022-10-20,S,1,T2,NEUTRAL,3,2,4523.5,4550.75,-1.0,-1367.5,27.25
2022-10-21,L,1,T1,NEUTRAL,3,2,4510.25,4482.0,1.0,1407.5,28.25
2022-10-21,L,1,T2,NEUTRAL,3,2,4510.25,4482.0,2.0,2820.0,28.25
2022-10-24,L,1,T1,NEUTRAL,3,2,4596.25,4566.5,1.0,1482.5,29.75
2022-10-24,L,1,T2,NEUTRAL,3,2,4596.25,4566.5,-1.0,-1492.5,29.75
2022-10-24,L,1,T1,NEUTRAL,6,5,4608.5,4591.5,1.0,845.0,17.0
2022-10-24,L,1,T2,NEUTRAL,6,5,4608.5,4591.5,-1.0,-855.0,17.0
2022-10-25,S,1,T1,NEUTRAL,4,3,4655.75,4668.25,-1.0,-630.0,12.5
2022-10-25,S,1,T2,NEUTRAL,4,3,4655.75,4668.25,-1.0,-630.0,12.5
2022-10-25,S,1,T1,BULL,7,6,4660.25,4674.25,-1.0,-705.0,14.0
2022-10-25,S,1,T2,BULL,7,6,4660.25,4674.25,-1.0,-705.0,14.0
2022-10-26,S,1,T1,NEUTRAL,4,3,4685.75,4702.25,1.0,820.0,16.5
2022-10-26,S,1,T2,NEUTRAL,4,3,4685.75,4702.25,2.0,1645.0,16.5
2022-10-27,S,1,T1,NEUTRAL,3,2,4643.25,4675.5,1.0,1607.5,32.25
2022-10-27,S,1,T2,NEUTRAL,3,2,4643.25,4675.5,-1.0,-1617.5,32.25
2022-10-31,S,1,T1,NEUTRAL,4,3,4687.0,4709.25,-1.0,-1117.5,22.25
2022-10-31,S,1,T2,NEUTRAL,4,3,4687.0,4709.25,-1.0,-1117.5,22.25
2022-10-31,S,1,T1,NEUTRAL,6,5,4689.25,4700.75,-1.0,-580.0,11.5
2022-10-31,S,1,T2,NEUTRAL,6,5,4689.25,4700.75,-1.0,-580.0,11.5
2022-11-01,L,1,T1,NEUTRAL,6,5,4677.5,4666.75,-1.0,-542.5,10.75
2022-11-01,L,1,T2,NEUTRAL,6,5,4677.5,4666.75,-1.0,-542.5,10.75
2022-11-02,S,1,T1,NEUTRAL,3,2,4644.5,4655.25,-1.0,-542.5,10.75
2022-11-02,S,1,T2,NEUTRAL,3,2,4644.5,4655.25,-1.0,-542.5,10.75
2022-11-02,S,1,T1,NEUTRAL,6,5,4643.5,4704.25,1.0,3032.5,60.75
2022-11-02,S,1,T2,NEUTRAL,6,5,4643.5,4704.25,-1.0,-3042.5,60.75
2022-11-02,S,1,T1,NEUTRAL,7,6,4585.25,4711.75,-1.0,-6330.0,126.5
2022-11-02,S,1,T2,NEUTRAL,7,6,4585.25,4711.75,-1.0,-6330.0,126.5
2022-11-03,S,1,T1,NEUTRAL,3,2,4532.25,4558.5,-1.0,-1317.5,26.25
2022-11-03,S,1,T2,NEUTRAL,3,2,4532.25,4558.5,-1.0,-1317.5,26.25
2022-11-03,S,1,T1,BULL,5,4,4543.75,4563.25,-1.0,-980.0,19.5
2022-11-03,S,1,T2,BULL,5,4,4543.75,4563.25,-1.0,-980.0,19.5
2022-11-03,S,2,T1,BULL,7,6,4546.5,4558.0,1.0,570.0,11.5
2022-11-03,S,2,T2,BULL,7,6,4546.5,4558.0,-1.0,-580.0,11.5
2022-11-04,S,1,T1,NEUTRAL,3,2,4561.0,4610.25,-1.0,-2467.5,49.25
2022-11-04,S,1,T2,NEUTRAL,3,2,4561.0,4610.25,-1.0,-2467.5,49.25
2022-11-04,S,1,T1,NEUTRAL,5,4,4521.0,4550.25,-1.0,-1467.5,29.25
2022-11-04,S,1,T2,NEUTRAL,5,4,4521.0,4550.25,-1.0,-1467.5,29.25
2022-11-07,S,1,T1,NEUTRAL,3,2,4582.25,4601.75,-1.0,-980.0,19.5
2022-11-07,S,1,T2,NEUTRAL,3,2,4582.25,4601.75,-1.0,-980.0,19.5
2022-11-08,S,1,T1,NEUTRAL,4,3,4659.25,4671.75,1.0,620.0,12.5
2022-11-08,S,1,T2,NEUTRAL,4,3,4659.25,4671.75,2.0,1245.0,12.5
2022-11-09,L,1,T1,NEUTRAL,3,2,4619.25,4592.5,-1.0,-1342.5,26.75
2022-11-09,L,1,T2,NEUTRAL,3,2,4619.25,4592.5,-1.0,-1342.5,26.75
2022-11-10,S,1,T1,NEUTRAL,4,3,4724.25,4740.5,-1.0,-817.5,16.25
2022-11-10,S,1,T2,NEUTRAL,4,3,4724.25,4740.5,-1.0,-817.5,16.25
2022-11-11,S,1,T1,NEUTRAL,3,2,4763.0,4794.0,-1.0,-1555.0,31.0
2022-11-11,S,1,T2,NEUTRAL,3,2,4763.0,4794.0,-1.0,-1555.0,31.0
2022-11-14,L,1,T1,NEUTRAL,4,3,4807.25,4785.5,-1.0,-1092.5,21.75
2022-11-14,L,1,T2,NEUTRAL,4,3,4807.25,4785.5,-1.0,-1092.5,21.75
2022-11-15,S,1,T1,NEUTRAL,4,3,4818.75,4836.0,1.0,857.5,17.25
2022-11-15,S,1,T2,NEUTRAL,4,3,4818.75,4836.0,2.0,1720.0,17.25
2022-11-16,L,1,T1,NEUTRAL,4,3,4789.25,4775.75,-1.0,-680.0,13.5
2022-11-16,L,1,T2,NEUTRAL,4,3,4789.25,4775.75,-1.0,-680.0,13.5
2022-11-16,L,1,T1,BEAR,7,6,4782.0,4766.25,-1.0,-792.5,15.75
2022-11-16,L,1,T2,BEAR,7,6,4782.0,4766.25,-1.0,-792.5,15.75
2022-11-17,L,1,T1,NEUTRAL,3,2,4737.75,4719.75,1.0,895.0,18.0
2022-11-17,L,1,T2,NEUTRAL,3,2,4737.75,4719.75,-1.0,-905.0,18.0
2022-11-17,L,1,T1,NEUTRAL,7,6,4752.25,4733.0,-1.0,-967.5,19.25
2022-11-17,L,1,T2,NEUTRAL,7,6,4752.25,4733.0,-1.0,-967.5,19.25
2022-11-18,L,1,T1,NEUTRAL,3,2,4776.25,4757.25,-1.0,-955.0,19.0
2022-11-18,L,1,T2,NEUTRAL,3,2,4776.25,4757.25,-1.0,-955.0,19.0
2022-11-18,L,1,T1,BEAR,5,4,4765.0,4747.75,1.0,857.5,17.25
2022-11-18,L,1,T2,BEAR,5,4,4765.0,4747.75,-1.0,-867.5,17.25
2022-11-21,L,1,T1,NEUTRAL,4,3,4759.0,4741.75,-1.0,-867.5,17.25
2022-11-21,L,1,T2,NEUTRAL,4,3,4759.0,4741.75,-1.0,-867.5,17.25
2022-11-21,L,1,T1,NEUTRAL,7,6,4767.0,4756.25,-1.0,-542.5,10.75
2022-11-21,L,1,T2,NEUTRAL,7,6,4767.0,4756.25,-1.0,-542.5,10.75
2022-11-23,S,1,T1,NEUTRAL,3,2,4832.25,4842.75,1.0,520.0,10.5
2022-11-23,S,1,T2,NEUTRAL,3,2,4832.25,4842.75,2.0,1045.0,10.5
2022-11-29,L,1,T1,NEUTRAL,4,3,4761.0,4747.5,-1.0,-680.0,13.5
2022-11-29,L,1,T2,NEUTRAL,4,3,4761.0,4747.5,-1.0,-680.0,13.5
2022-11-29,L,1,T1,BULL,7,6,4767.0,4754.5,-1.0,-630.0,12.5
2022-11-29,L,1,T2,BULL,7,6,4767.0,4754.5,-1.0,-630.0,12.5
2022-11-30,L,1,T1,NEUTRAL,3,2,4765.75,4749.75,-1.0,-805.0,16.0
2022-11-30,L,1,T2,NEUTRAL,3,2,4765.75,4749.75,-1.0,-805.0,16.0
2022-11-30,L,1,T1,BEAR,5,4,4763.25,4747.0,1.0,807.5,16.25
2022-11-30,L,1,T2,BEAR,5,4,4763.25,4747.0,2.0,1620.0,16.25
2022-12-01,L,1,T1,NEUTRAL,4,3,4887.25,4866.5,-1.0,-1042.5,20.75
2022-12-01,L,1,T2,NEUTRAL,4,3,4887.25,4866.5,-1.0,-1042.5,20.75
2022-12-01,L,1,T1,NEUTRAL,6,5,4888.5,4874.5,-1.0,-705.0,14.0
2022-12-01,L,1,T2,NEUTRAL,6,5,4888.5,4874.5,-1.0,-705.0,14.0
2022-12-02,S,1,T1,NEUTRAL,4,3,4855.5,4874.75,-1.0,-967.5,19.25
2022-12-02,S,1,T2,NEUTRAL,4,3,4855.5,4874.75,-1.0,-967.5,19.25
2022-12-05,S,1,T1,NEUTRAL,3,2,4832.25,4850.5,1.0,907.5,18.25
2022-12-05,S,1,T2,NEUTRAL,3,2,4832.25,4850.5,2.0,1820.0,18.25
2022-12-06,L,1,T1,NEUTRAL,7,6,4743.0,4725.75,-1.0,-867.5,17.25
2022-12-06,L,1,T2,NEUTRAL,7,6,4743.0,4725.75,-1.0,-867.5,17.25
2022-12-07,S,1,T1,NEUTRAL,3,2,4733.25,4766.25,-1.0,-1655.0,33.0
2022-12-07,S,1,T2,NEUTRAL,3,2,4733.25,4766.25,-1.0,-1655.0,33.0
2022-12-07,S,1,T1,NEUTRAL,5,4,4735.25,4755.75,-1.0,-1030.0,20.5
2022-12-07,S,1,T2,NEUTRAL,5,4,4735.25,4755.75,-1.0,-1030.0,20.5
2022-12-08,S,1,T1,NEUTRAL,4,3,4761.25,4773.0,-1.0,-592.5,11.75
2022-12-08,S,1,T2,NEUTRAL,4,3,4761.25,4773.0,-1.0,-592.5,11.75
2022-12-08,S,1,T1,BEAR,5,4,4758.25,4773.5,-1.0,-767.5,15.25
2022-12-08,S,1,T2,BEAR,5,4,4758.25,4773.5,-1.0,-767.5,15.25
2022-12-09,S,1,T1,NEUTRAL,4,3,4770.25,4784.25,1.0,695.0,14.0
2022-12-09,S,1,T2,NEUTRAL,4,3,4770.25,4784.25,2.0,1395.0,14.0
2022-12-09,S,1,T1,NEUTRAL,7,6,4761.25,4770.75,1.0,470.0,9.5
2022-12-09,S,1,T2,NEUTRAL,7,6,4761.25,4770.75,2.0,945.0,9.5
2022-12-12,L,1,T1,NEUTRAL,6,5,4769.25,4760.75,1.0,420.0,8.5
2022-12-12,L,1,T2,NEUTRAL,6,5,4769.25,4760.75,2.0,845.0,8.5
2022-12-13,L,1,T1,NEUTRAL,5,4,4828.5,4797.5,-1.0,-1555.0,31.0
2022-12-13,L,1,T2,NEUTRAL,5,4,4828.5,4797.5,-1.0,-1555.0,31.0
2022-12-14,S,1,T1,NEUTRAL,4,3,4842.5,4858.25,-1.0,-792.5,15.75
2022-12-14,S,1,T2,NEUTRAL,4,3,4842.5,4858.25,-1.0,-792.5,15.75
2022-12-14,S,1,T1,NEUTRAL,6,5,4793.25,4862.5,-1.0,-3467.5,69.25
2022-12-14,S,1,T2,NEUTRAL,6,5,4793.25,4862.5,-1.0,-3467.5,69.25
2022-12-15,L,1,T1,NEUTRAL,4,3,4703.5,4688.25,-1.0,-767.5,15.25
2022-12-15,L,1,T2,NEUTRAL,4,3,4703.5,4688.25,-1.0,-767.5,15.25
2022-12-15,L,1,T1,BEAR,6,5,4691.25,4680.25,1.0,545.0,11.0
2022-12-15,L,1,T2,BEAR,6,5,4691.25,4680.25,-1.0,-555.0,11.0
2022-12-16,L,1,T1,NEUTRAL,6,5,4645.0,4627.25,1.0,882.5,17.75
2022-12-16,L,1,T2,NEUTRAL,6,5,4645.0,4627.25,-1.0,-892.5,17.75
2022-12-19,S,1,T1,NEUTRAL,5,4,4623.25,4634.25,1.0,545.0,11.0
2022-12-19,S,1,T2,NEUTRAL,5,4,4623.25,4634.25,2.0,1095.0,11.0
2022-12-20,L,1,T1,NEUTRAL,4,3,4629.25,4605.75,-1.0,-1180.0,23.5
2022-12-20,L,1,T2,NEUTRAL,4,3,4629.25,4605.75,-1.0,-1180.0,23.5
2022-12-20,L,1,T1,NEUTRAL,7,6,4630.75,4616.0,-1.0,-742.5,14.75
2022-12-20,L,1,T2,NEUTRAL,7,6,4630.75,4616.0,-1.0,-742.5,14.75
2022-12-21,L,1,T1,NEUTRAL,5,4,4684.75,4671.75,-1.0,-655.0,13.0
2022-12-21,L,1,T2,NEUTRAL,5,4,4684.75,4671.75,-1.0,-655.0,13.0
2022-12-22,L,1,T1,NEUTRAL,5,4,4582.25,4564.25,1.0,895.0,18.0
2022-12-22,L,1,T2,NEUTRAL,5,4,4582.25,4564.25,2.0,1795.0,18.0
2022-12-22,L,1,T1,NEUTRAL,6,5,4586.25,4559.75,1.0,1320.0,26.5
2022-12-22,L,1,T2,NEUTRAL,6,5,4586.25,4559.75,-1.0,-1330.0,26.5
2022-12-23,L,1,T1,NEUTRAL,4,3,4640.5,4620.5,-1.0,-1005.0,20.0
2022-12-23,L,1,T2,NEUTRAL,4,3,4640.5,4620.5,-1.0,-1005.0,20.0
2022-12-23,L,1,T1,NEUTRAL,6,5,4638.0,4623.0,-1.0,-755.0,15.0
2022-12-23,L,1,T2,NEUTRAL,6,5,4638.0,4623.0,-1.0,-755.0,15.0
2022-12-27,S,1,T1,NEUTRAL,4,3,4631.5,4644.5,1.0,645.0,13.0
2022-12-27,S,1,T2,NEUTRAL,4,3,4631.5,4644.5,-1.0,-655.0,13.0
2022-12-28,L,1,T1,NEUTRAL,4,3,4605.5,4584.5,-1.0,-1055.0,21.0
2022-12-28,L,1,T2,NEUTRAL,4,3,4605.5,4584.5,-1.0,-1055.0,21.0
2022-12-28,L,1,T1,NEUTRAL,6,5,4606.0,4593.0,-1.0,-655.0,13.0
2022-12-28,L,1,T2,NEUTRAL,6,5,4606.0,4593.0,-1.0,-655.0,13.0
2022-12-29,L,1,T1,NEUTRAL,5,4,4651.0,4642.25,-1.0,-442.5,8.75
2022-12-29,L,1,T2,NEUTRAL,5,4,4651.0,4642.25,-1.0,-442.5,8.75
2022-12-30,S,1,T1,NEUTRAL,3,2,4605.0,4625.25,-1.0,-1017.5,20.25
2022-12-30,S,1,T2,NEUTRAL,3,2,4605.0,4625.25,-1.0,-1017.5,20.25
2023-01-03,L,1,T1,NEUTRAL,5,4,4608.75,4585.75,-1.0,-1155.0,23.0
2023-01-03,L,1,T2,NEUTRAL,5,4,4608.75,4585.75,-1.0,-1155.0,23.0
2023-01-03,L,1,T1,BULL,7,6,4620.25,4588.5,-1.0,-1592.5,31.75
2023-01-03,L,1,T2,BULL,7,6,4620.25,4588.5,-1.0,-1592.5,31.75
2023-01-04,L,1,T1,NEUTRAL,3,2,4646.0,4616.75,-1.0,-1467.5,29.25
2023-01-04,L,1,T2,NEUTRAL,3,2,4646.0,4616.75,-1.0,-1467.5,29.25
2023-01-05,S,1,T1,NEUTRAL,4,3,4596.5,4608.75,-1.0,-617.5,12.25
2023-01-05,S,1,T2,NEUTRAL,4,3,4596.5,4608.75,-1.0,-617.5,12.25
2023-01-05,S,1,T1,BULL,6,5,4606.5,4621.75,-1.0,-767.5,15.25
2023-01-05,S,1,T2,BULL,6,5,4606.5,4621.75,-1.0,-767.5,15.25
2023-01-05,S,2,T1,BULL,7,6,4599.75,4624.25,-1.0,-1230.0,24.5
2023-01-05,S,2,T2,BULL,7,6,4599.75,4624.25,-1.0,-1230.0,24.5
2023-01-06,L,1,T1,NEUTRAL,5,4,4670.0,4657.5,1.0,620.0,12.5
2023-01-06,L,1,T2,NEUTRAL,5,4,4670.0,4657.5,2.0,1245.0,12.5
2023-01-09,S,1,T1,NEUTRAL,4,3,4731.25,4744.5,1.0,657.5,13.25
2023-01-09,S,1,T2,NEUTRAL,4,3,4731.25,4744.5,2.0,1320.0,13.25
2023-01-10,L,1,T1,NEUTRAL,4,3,4693.75,4677.75,1.0,795.0,16.0
2023-01-10,L,1,T2,NEUTRAL,4,3,4693.75,4677.75,-1.0,-805.0,16.0
2023-01-11,L,1,T1,NEUTRAL,3,2,4737.5,4720.0,1.0,870.0,17.5
2023-01-11,L,1,T2,NEUTRAL,3,2,4737.5,4720.0,-1.0,-880.0,17.5
2023-01-11,L,1,T1,NEUTRAL,6,5,4748.25,4738.0,1.0,507.5,10.25
2023-01-11,L,1,T2,NEUTRAL,6,5,4748.25,4738.0,-1.0,-517.5,10.25
2023-01-12,S,1,T1,NEUTRAL,5,4,4763.5,4789.25,-1.0,-1292.5,25.75
2023-01-12,S,1,T2,NEUTRAL,5,4,4763.5,4789.25,-1.0,-1292.5,25.75
2023-01-12,S,1,T1,BULL,7,6,4767.0,4785.0,-1.0,-905.0,18.0
2023-01-12,S,1,T2,BULL,7,6,4767.0,4785.0,-1.0,-905.0,18.0
2023-01-13,S,1,T1,NEUTRAL,3,2,4757.25,4772.5,-1.0,-767.5,15.25
2023-01-13,S,1,T2,NEUTRAL,3,2,4757.25,4772.5,-1.0,-767.5,15.25
2023-01-17,L,1,T1,NEUTRAL,5,4,4788.5,4779.0,-1.0,-480.0,9.5
2023-01-17,L,1,T2,NEUTRAL,5,4,4788.5,4779.0,-1.0,-480.0,9.5
2023-01-18,S,1,T1,NEUTRAL,6,5,4732.5,4743.5,1.0,545.0,11.0
2023-01-18,S,1,T2,NEUTRAL,6,5,4732.5,4743.5,-1.0,-555.0,11.0
2023-01-19,L,1,T1,NEUTRAL,4,3,4691.75,4673.0,1.0,932.5,18.75
2023-01-19,L,1,T2,NEUTRAL,4,3,4691.75,4673.0,-1.0,-942.5,18.75
2023-01-20,S,1,T1,NEUTRAL,4,3,4716.25,4726.0,-1.0,-492.5,9.75
2023-01-20,S,1,T2,NEUTRAL,4,3,4716.25,4726.0,-1.0,-492.5,9.75
2023-01-23,L,1,T1,NEUTRAL,4,3,4818.0,4804.75,-1.0,-667.5,13.25
2023-01-23,L,1,T2,NEUTRAL,4,3,4818.0,4804.75,-1.0,-667.5,13.25
2023-01-30,S,1,T1,NEUTRAL,4,3,4817.25,4834.25,-1.0,-855.0,17.0
2023-01-30,S,1,T2,NEUTRAL,4,3,4817.25,4834.25,-1.0,-855.0,17.0
2023-02-01,S,1,T1,BEAR,5,4,4836.0,4843.5,1.0,370.0,7.5
2023-02-01,S,1,T2,BEAR,5,4,4836.0,4843.5,-1.0,-380.0,7.5
2023-02-01,S,1,T1,BEAR,6,5,4823.75,4858.5,-1.0,-1742.5,34.75
2023-02-01,S,1,T2,BEAR,6,5,4823.75,4858.5,-1.0,-1742.5,34.75
2023-02-02,L,1,T1,NEUTRAL,4,3,4967.75,4952.5,-1.0,-767.5,15.25
2023-02-02,L,1,T2,NEUTRAL,4,3,4967.75,4952.5,-1.0,-767.5,15.25
2023-02-02,L,1,T1,NEUTRAL,7,6,4954.75,4928.5,-1.0,-1317.5,26.25
2023-02-02,L,1,T2,NEUTRAL,7,6,4954.75,4928.5,-1.0,-1317.5,26.25
2023-02-03,S,1,T1,NEUTRAL,3,2,4943.5,4963.5,1.0,995.0,20.0
2023-02-03,S,1,T2,NEUTRAL,3,2,4943.5,4963.5,-1.0,-1005.0,20.0
2023-02-03,S,1,T1,NEUTRAL,4,3,4941.0,4965.75,1.0,1232.5,24.75
2023-02-03,S,1,T2,NEUTRAL,4,3,4941.0,4965.75,-1.0,-1242.5,24.75
2023-02-06,L,1,T1,NEUTRAL,3,2,4907.25,4875.25,-1.0,-1605.0,32.0
2023-02-06,L,1,T2,NEUTRAL,3,2,4907.25,4875.25,-1.0,-1605.0,32.0
2023-02-06,L,1,T1,NEUTRAL,5,4,4900.0,4886.0,-1.0,-705.0,14.0
2023-02-06,L,1,T2,NEUTRAL,5,4,4900.0,4886.0,-1.0,-705.0,14.0
2023-02-07,S,1,T1,NEUTRAL,5,4,4891.0,4946.75,-1.0,-2792.5,55.75
2023-02-07,S,1,T2,NEUTRAL,5,4,4891.0,4946.75,-1.0,-2792.5,55.75
2023-02-08,L,1,T1,NEUTRAL,4,3,4911.75,4894.75,-1.0,-855.0,17.0
2023-02-08,L,1,T2,NEUTRAL,4,3,4911.75,4894.75,-1.0,-855.0,17.0
2023-02-10,S,1,T1,NEUTRAL,3,2,4849.0,4871.25,-1.0,-1117.5,22.25
2023-02-10,S,1,T2,NEUTRAL,3,2,4849.0,4871.25,-1.0,-1117.5,22.25
2023-02-10,S,1,T1,NEUTRAL,6,5,4854.5,4868.5,-1.0,-705.0,14.0
2023-02-10,S,1,T2,NEUTRAL,6,5,4854.5,4868.5,-1.0,-705.0,14.0
2023-02-13,S,1,T1,NEUTRAL,6,5,4908.25,4921.25,-1.0,-655.0,13.0
2023-02-13,S,1,T2,NEUTRAL,6,5,4908.25,4921.25,-1.0,-655.0,13.0
2023-02-14,L,1,T1,NEUTRAL,4,3,4901.0,4875.0,1.0,1295.0,26.0
2023-02-14,L,1,T2,NEUTRAL,4,3,4901.0,4875.0,-1.0,-1305.0,26.0
2023-02-14,L,1,T1,NEUTRAL,6,5,4921.25,4902.5,-1.0,-942.5,18.75
2023-02-14,L,1,T2,NEUTRAL,6,5,4921.25,4902.5,-1.0,-942.5,18.75
2023-02-15,S,1,T1,NEUTRAL,4,3,4898.25,4918.25,-1.0,-1005.0,20.0
2023-02-15,S,1,T2,NEUTRAL,4,3,4898.25,4918.25,-1.0,-1005.0,20.0
2023-02-16,S,1,T1,NEUTRAL,5,4,4901.25,4917.25,1.0,795.0,16.0
2023-02-16,S,1,T2,NEUTRAL,5,4,4901.25,4917.25,2.0,1595.0,16.0
2023-02-16,S,1,T1,BEAR,7,6,4879.75,4917.25,-1.0,-1880.0,37.5
2023-02-16,S,1,T2,BEAR,7,6,4879.75,4917.25,-1.0,-1880.0,37.5
2023-02-17,S,1,T1,NEUTRAL,3,2,4828.5,4859.5,-1.0,-1555.0,31.0
2023-02-17,S,1,T2,NEUTRAL,3,2,4828.5,4859.5,-1.0,-1555.0,31.0
2023-02-21,S,1,T1,NEUTRAL,7,6,4777.0,4786.75,-1.0,-492.5,9.75
2023-02-21,S,1,T2,NEUTRAL,7,6,4777.0,4786.75,-1.0,-492.5,9.75
2023-02-22,L,1,T1,NEUTRAL,3,2,4780.25,4761.25,-1.0,-955.0,19.0
2023-02-22,L,1,T2,NEUTRAL,3,2,4780.25,4761.25,-1.0,-955.0,19.0
2023-02-23,L,1,T1,NEUTRAL,5,4,4763.75,4749.0,1.0,732.5,14.75
2023-02-23,L,1,T2,NEUTRAL,5,4,4763.75,4749.0,2.0,1470.0,14.75
2023-02-24,L,1,T1,NEUTRAL,3,2,4739.5,4718.75,-1.0,-1042.5,20.75
2023-02-24,L,1,T2,NEUTRAL,3,2,4739.5,4718.75,-1.0,-1042.5,20.75
2023-02-24,L,1,T1,NEUTRAL,5,4,4743.0,4725.25,-1.0,-892.5,17.75
2023-02-24,L,1,T2,NEUTRAL,5,4,4743.0,4725.25,-1.0,-892.5,17.75
2023-02-27,L,1,T1,NEUTRAL,4,3,4769.25,4757.75,-1.0,-580.0,11.5
2023-02-27,L,1,T2,NEUTRAL,4,3,4769.25,4757.75,-1.0,-580.0,11.5
2023-02-28,S,1,T1,NEUTRAL,6,5,4764.5,4775.25,1.0,532.5,10.75
2023-02-28,S,1,T2,NEUTRAL,6,5,4764.5,4775.25,2.0,1070.0,10.75
2023-03-01,L,1,T1,NEUTRAL,3,2,4744.5,4714.25,-1.0,-1517.5,30.25
2023-03-01,L,1,T2,NEUTRAL,3,2,4744.5,4714.25,-1.0,-1517.5,30.25
2023-03-01,L,1,T1,NEUTRAL,7,6,4729.5,4717.0,-1.0,-630.0,12.5
2023-03-01,L,1,T2,NEUTRAL,7,6,4729.5,4717.0,-1.0,-630.0,12.5
2023-03-02,S,1,T1,NEUTRAL,3,2,4714.0,4726.25,-1.0,-617.5,12.25
2023-03-02,S,1,T2,NEUTRAL,3,2,4714.0,4726.25,-1.0,-617.5,12.25
2023-03-03,S,1,T1,NEUTRAL,7,6,4814.25,4824.75,-1.0,-530.0,10.5
2023-03-03,S,1,T2,NEUTRAL,7,6,4814.25,4824.75,-1.0,-530.0,10.5
2023-03-06,S,1,T1,NEUTRAL,3,2,4842.75,4854.25,1.0,570.0,11.5
2023-03-06,S,1,T2,NEUTRAL,3,2,4842.75,4854.25,2.0,1145.0,11.5
2023-03-07,L,1,T1,NEUTRAL,7,6,4766.25,4753.75,-1.0,-630.0,12.5
2023-03-07,L,1,T2,NEUTRAL,7,6,4766.25,4753.75,-1.0,-630.0,12.5
2023-03-08,S,1,T1,NEUTRAL,3,2,4758.0,4775.0,-1.0,-855.0,17.0
2023-03-08,S,1,T2,NEUTRAL,3,2,4758.0,4775.0,-1.0,-855.0,17.0
2023-03-10,S,1,T1,NEUTRAL,3,2,4658.5,4700.5,-1.0,-2105.0,42.0
2023-03-10,S,1,T2,NEUTRAL,3,2,4658.5,4700.5,-1.0,-2105.0,42.0
2023-03-10,S,1,T1,NEUTRAL,4,3,4657.0,4706.5,-1.0,-2480.0,49.5
2023-03-10,S,1,T2,NEUTRAL,4,3,4657.0,4706.5,-1.0,-2480.0,49.5
2023-03-10,S,1,T1,NEUTRAL,7,6,4627.0,4659.25,-1.0,-1617.5,32.25
2023-03-10,S,1,T2,NEUTRAL,7,6,4627.0,4659.25,-1.0,-1617.5,32.25
2023-03-13,S,1,T1,NEUTRAL,4,3,4644.25,4677.75,-1.0,-1680.0,33.5
2023-03-13,S,1,T2,NEUTRAL,4,3,4644.25,4677.75,-1.0,-1680.0,33.5
2023-03-13,S,1,T1,NEUTRAL,6,5,4627.5,4666.0,-1.0,-1930.0,38.5
2023-03-13,S,1,T2,NEUTRAL,6,5,4627.5,4666.0,-1.0,-1930.0,38.5
2023-03-13,S,2,T1,NEUTRAL,7,6,4627.0,4669.0,-1.0,-2105.0,42.0
2023-03-13,S,2,T2,NEUTRAL,7,6,4627.0,4669.0,-1.0,-2105.0,42.0
2023-03-14,S,1,T1,NEUTRAL,3,2,4693.0,4709.75,1.0,832.5,16.75
2023-03-14,S,1,T2,NEUTRAL,3,2,4693.0,4709.75,2.0,1670.0,16.75
2023-03-15,L,1,T1,NEUTRAL,3,2,4643.5,4611.75,-1.0,-1592.5,31.75
2023-03-15,L,1,T2,NEUTRAL,3,2,4643.5,4611.75,-1.0,-1592.5,31.75
2023-03-15,L,1,T1,BEAR,5,4,4636.0,4606.25,1.0,1482.5,29.75
2023-03-15,L,1,T2,BEAR,5,4,4636.0,4606.25,-1.0,-1492.5,29.75
2023-03-15,L,1,T1,NEUTRAL,7,6,4665.0,4643.5,-1.0,-1080.0,21.5
2023-03-15,L,1,T2,NEUTRAL,7,6,4665.0,4643.5,-1.0,-1080.0,21.5
2023-03-16,S,1,T1,NEUTRAL,6,5,4711.5,4725.0,-1.0,-680.0,13.5
2023-03-16,S,1,T2,NEUTRAL,6,5,4711.5,4725.0,-1.0,-680.0,13.5
2023-03-17,L,1,T1,NEUTRAL,4,3,4693.5,4669.75,-1.0,-1192.5,23.75
2023-03-17,L,1,T2,NEUTRAL,4,3,4693.5,4669.75,-1.0,-1192.5,23.75
2023-03-20,S,1,T1,NEUTRAL,3,2,4701.5,4726.75,-1.0,-1267.5,25.25
2023-03-20,S,1,T2,NEUTRAL,3,2,4701.5,4726.75,-1.0,-1267.5,25.25
2023-03-20,S,1,T1,NEUTRAL,6,5,4707.5,4721.75,-1.0,-717.5,14.25
2023-03-20,S,1,T2,NEUTRAL,6,5,4707.5,4721.75,-1.0,-717.5,14.25
2023-03-21,L,1,T1,NEUTRAL,5,4,4756.25,4745.25,1.0,545.0,11.0
2023-03-21,L,1,T2,NEUTRAL,5,4,4756.25,4745.25,2.0,1095.0,11.0
2023-03-22,S,1,T1,NEUTRAL,3,2,4768.75,4784.75,-1.0,-805.0,16.0
2023-03-22,S,1,T2,NEUTRAL,3,2,4768.75,4784.75,-1.0,-805.0,16.0
2023-03-22,S,1,T1,NEUTRAL,6,5,4766.0,4803.25,-1.0,-1867.5,37.25
2023-03-22,S,1,T2,NEUTRAL,6,5,4766.0,4803.25,-1.0,-1867.5,37.25
2023-03-22,S,1,T1,BEAR,7,6,4741.25,4811.0,-1.0,-3492.5,69.75
2023-03-22,S,1,T2,BEAR,7,6,4741.25,4811.0,-1.0,-3492.5,69.75
2023-03-23,S,1,T1,NEUTRAL,4,3,4754.25,4770.5,1.0,807.5,16.25
2023-03-23,S,1,T2,NEUTRAL,4,3,4754.25,4770.5,2.0,1620.0,16.25
2023-03-27,L,1,T1,NEUTRAL,4,3,4751.0,4737.0,-1.0,-705.0,14.0
2023-03-27,L,1,T2,NEUTRAL,4,3,4751.0,4737.0,-1.0,-705.0,14.0
2023-03-28,L,1,T1,NEUTRAL,3,2,4741.5,4726.5,-1.0,-755.0,15.0
2023-03-28,L,1,T2,NEUTRAL,3,2,4741.5,4726.5,-1.0,-755.0,15.0
2023-03-28,L,1,T1,BEAR,6,5,4732.5,4717.5,-1.0,-755.0,15.0
2023-03-28,L,1,T2,BEAR,6,5,4732.5,4717.5,-1.0,-755.0,15.0
2023-03-29,L,1,T1,NEUTRAL,3,2,4778.75,4768.75,1.0,495.0,10.0
2023-03-29,L,1,T2,NEUTRAL,3,2,4778.75,4768.75,-1.0,-505.0,10.0
2023-03-29,L,1,T1,NEUTRAL,6,5,4786.5,4774.0,-1.0,-630.0,12.5
2023-03-29,L,1,T2,NEUTRAL,6,5,4786.5,4774.0,-1.0,-630.0,12.5
2023-03-30,S,1,T1,NEUTRAL,3,2,4812.5,4823.25,1.0,532.5,10.75
2023-03-30,S,1,T2,NEUTRAL,3,2,4812.5,4823.25,-1.0,-542.5,10.75
2023-03-31,S,1,T1,NEUTRAL,5,4,4850.0,4858.25,-1.0,-417.5,8.25
2023-03-31,S,1,T2,NEUTRAL,5,4,4850.0,4858.25,-1.0,-417.5,8.25
2023-04-03,S,1,T1,NEUTRAL,5,4,4870.0,4879.0,-1.0,-455.0,9.0
2023-04-03,S,1,T2,NEUTRAL,5,4,4870.0,4879.0,-1.0,-455.0,9.0
2023-04-04,L,1,T1,NEUTRAL,5,4,4871.75,4858.25,-1.0,-680.0,13.5
2023-04-04,L,1,T2,NEUTRAL,5,4,4871.75,4858.25,-1.0,-680.0,13.5
2023-04-04,L,1,T1,NEUTRAL,7,6,4865.75,4856.25,-1.0,-480.0,9.5
2023-04-04,L,1,T2,NEUTRAL,7,6,4865.75,4856.25,-1.0,-480.0,9.5
2023-04-05,L,1,T1,NEUTRAL,5,4,4848.75,4835.75,-1.0,-655.0,13.0
2023-04-05,L,1,T2,NEUTRAL,5,4,4848.75,4835.75,-1.0,-655.0,13.0
2023-04-06,S,1,T1,NEUTRAL,6,5,4864.25,4871.5,-1.0,-367.5,7.25
2023-04-06,S,1,T2,NEUTRAL,6,5,4864.25,4871.5,-1.0,-367.5,7.25
2023-04-10,S,1,T1,NEUTRAL,3,2,4840.75,4853.0,-1.0,-617.5,12.25
2023-04-10,S,1,T2,NEUTRAL,3,2,4840.75,4853.0,-1.0,-617.5,12.25
2023-04-11,L,1,T1,NEUTRAL,3,2,4878.5,4865.5,-1.0,-655.0,13.0
2023-04-11,L,1,T2,NEUTRAL,3,2,4878.5,4865.5,-1.0,-655.0,13.0
2023-04-12,L,1,T1,NEUTRAL,4,3,4884.5,4868.25,-1.0,-817.5,16.25
2023-04-12,L,1,T2,NEUTRAL,4,3,4884.5,4868.25,-1.0,-817.5,16.25
2023-04-14,L,1,T1,NEUTRAL,5,4,4890.5,4875.5,-1.0,-755.0,15.0
2023-04-14,L,1,T2,NEUTRAL,5,4,4890.5,4875.5,-1.0,-755.0,15.0
2023-04-14,L,1,T1,NEUTRAL,6,5,4894.5,4874.75,-1.0,-992.5,19.75
2023-04-14,L,1,T2,NEUTRAL,6,5,4894.5,4874.75,-1.0,-992.5,19.75
2023-04-17,S,1,T1,NEUTRAL,5,4,4888.0,4895.75,-1.0,-392.5,7.75
2023-04-17,S,1,T2,NEUTRAL,5,4,4888.0,4895.75,-1.0,-392.5,7.75
2023-04-18,L,1,T1,NEUTRAL,3,2,4912.75,4902.75,-1.0,-505.0,10.0
2023-04-18,L,1,T2,NEUTRAL,3,2,4912.75,4902.75,-1.0,-505.0,10.0
2023-04-18,L,1,T1,NEUTRAL,4,3,4916.25,4901.25,-1.0,-755.0,15.0
2023-04-18,L,1,T2,NEUTRAL,4,3,4916.25,4901.25,-1.0,-755.0,15.0
2023-04-18,L,2,T1,BULL,7,6,4919.5,4905.5,-1.0,-705.0,14.0
2023-04-18,L,2,T2,BULL,7,6,4919.5,4905.5,-1.0,-705.0,14.0
2023-04-19,S,1,T1,NEUTRAL,7,6,4914.5,4921.75,-1.0,-367.5,7.25
2023-04-19,S,1,T2,NEUTRAL,7,6,4914.5,4921.75,-1.0,-367.5,7.25
2023-04-20,S,1,T1,NEUTRAL,3,2,4889.5,4900.25,-1.0,-542.5,10.75
2023-04-20,S,1,T2,NEUTRAL,3,2,4889.5,4900.25,-1.0,-542.5,10.75
2023-04-20,S,1,T1,BULL,5,4,4896.25,4907.75,1.0,570.0,11.5
2023-04-20,S,1,T2,BULL,5,4,4896.25,4907.75,-1.0,-580.0,11.5
2023-04-20,S,2,T1,BULL,6,5,4894.75,4909.0,1.0,707.5,14.25
2023-04-20,S,2,T2,BULL,6,5,4894.75,4909.0,-1.0,-717.5,14.25
2023-04-21,L,1,T1,NEUTRAL,5,4,4891.5,4883.0,-1.0,-430.0,8.5
2023-04-21,L,1,T2,NEUTRAL,5,4,4891.5,4883.0,-1.0,-430.0,8.5
2023-04-24,S,1,T1,NEUTRAL,3,2,4880.75,4901.5,-1.0,-1042.5,20.75
2023-04-24,S,1,T2,NEUTRAL,3,2,4880.75,4901.5,-1.0,-1042.5,20.75
2023-04-25,L,1,T1,NEUTRAL,7,6,4844.0,4833.75,-1.0,-517.5,10.25
2023-04-25,L,1,T2,NEUTRAL,7,6,4844.0,4833.75,-1.0,-517.5,10.25
2023-04-26,S,1,T1,NEUTRAL,4,3,4835.75,4847.0,1.0,557.5,11.25
2023-04-26,S,1,T2,NEUTRAL,4,3,4835.75,4847.0,2.0,1120.0,11.25
2023-04-28,L,1,T1,NEUTRAL,3,2,4915.5,4889.5,-1.0,-1305.0,26.0
2023-04-28,L,1,T2,NEUTRAL,3,2,4915.5,4889.5,-1.0,-1305.0,26.0
2023-04-28,L,1,T1,BULL,6,5,4923.25,4912.5,-1.0,-542.5,10.75
2023-04-28,L,1,T2,BULL,6,5,4923.25,4912.5,-1.0,-542.5,10.75
2023-04-28,L,1,T1,BULL,7,6,4923.75,4908.0,-1.0,-792.5,15.75
2023-04-28,L,1,T2,BULL,7,6,4923.75,4908.0,-1.0,-792.5,15.75
2023-05-01,L,1,T1,NEUTRAL,4,3,4936.5,4923.5,-1.0,-655.0,13.0
2023-05-01,L,1,T2,NEUTRAL,4,3,4936.5,4923.5,-1.0,-655.0,13.0
2023-05-02,L,1,T1,NEUTRAL,4,3,4859.5,4842.25,1.0,857.5,17.25
2023-05-02,L,1,T2,NEUTRAL,4,3,4859.5,4842.25,-1.0,-867.5,17.25
2023-05-03,L,1,T1,NEUTRAL,3,2,4881.75,4867.5,1.0,707.5,14.25
2023-05-03,L,1,T2,NEUTRAL,3,2,4881.75,4867.5,-1.0,-717.5,14.25
2023-05-03,L,1,T1,BULL,6,5,4901.75,4875.75,-1.0,-1305.0,26.0
2023-05-03,L,1,T2,BULL,6,5,4901.75,4875.75,-1.0,-1305.0,26.0
2023-05-04,L,1,T1,NEUTRAL,4,3,4817.5,4799.0,-1.0,-930.0,18.5
2023-05-04,L,1,T2,NEUTRAL,4,3,4817.5,4799.0,-1.0,-930.0,18.5
2023-05-04,L,1,T1,NEUTRAL,7,6,4825.5,4807.75,-1.0,-892.5,17.75
2023-05-04,L,1,T2,NEUTRAL,7,6,4825.5,4807.75,-1.0,-892.5,17.75
2023-05-05,S,1,T1,NEUTRAL,3,2,4868.5,4879.0,-1.0,-530.0,10.5
2023-05-05,S,1,T2,NEUTRAL,3,2,4868.5,4879.0,-1.0,-530.0,10.5
2023-05-05,S,1,T1,BULL,7,6,4887.25,4900.5,-1.0,-667.5,13.25
2023-05-05,S,1,T2,BULL,7,6,4887.25,4900.5,-1.0,-667.5,13.25
2023-05-08,S,1,T1,NEUTRAL,5,4,4881.25,4888.75,-1.0,-380.0,7.5
2023-05-08,S,1,T2,NEUTRAL,5,4,4881.25,4888.75,-1.0,-380.0,7.5
2023-05-09,S,1,T1,NEUTRAL,3,2,4870.0,4879.0,-1.0,-455.0,9.0
2023-05-09,S,1,T2,NEUTRAL,3,2,4870.0,4879.0,-1.0,-455.0,9.0
2023-05-09,S,1,T1,NEUTRAL,6,5,4873.0,4882.5,-1.0,-480.0,9.5
2023-05-09,S,1,T2,NEUTRAL,6,5,4873.0,4882.5,-1.0,-480.0,9.5
2023-05-10,S,1,T1,NEUTRAL,4,3,4869.0,4885.25,1.0,807.5,16.25
2023-05-10,S,1,T2,NEUTRAL,4,3,4869.0,4885.25,-1.0,-817.5,16.25
2023-05-11,L,1,T1,NEUTRAL,3,2,4876.5,4859.5,-1.0,-855.0,17.0
2023-05-11,L,1,T2,NEUTRAL,3,2,4876.5,4859.5,-1.0,-855.0,17.0
2023-05-11,L,1,T1,NEUTRAL,6,5,4878.25,4861.25,-1.0,-855.0,17.0
2023-05-11,L,1,T2,NEUTRAL,6,5,4878.25,4861.25,-1.0,-855.0,17.0
2023-05-12,L,1,T1,NEUTRAL,7,6,4863.5,4848.75,-1.0,-742.5,14.75
2023-05-12,L,1,T2,NEUTRAL,7,6,4863.5,4848.75,-1.0,-742.5,14.75
2023-05-15,L,1,T1,NEUTRAL,3,2,4880.25,4867.0,-1.0,-667.5,13.25
2023-05-15,L,1,T2,NEUTRAL,3,2,4880.25,4867.0,-1.0,-667.5,13.25
2023-05-15,L,1,T1,NEUTRAL,6,5,4885.25,4873.25,-1.0,-605.0,12.0
2023-05-15,L,1,T2,NEUTRAL,6,5,4885.25,4873.25,-1.0,-605.0,12.0
2023-05-16,L,1,T1,NEUTRAL,4,3,4878.5,4867.0,-1.0,-580.0,11.5
2023-05-16,L,1,T2,NEUTRAL,4,3,4878.5,4867.0,-1.0,-580.0,11.5
2023-05-17,S,1,T1,NEUTRAL,6,5,4907.0,4916.25,-1.0,-467.5,9.25
2023-05-17,S,1,T2,NEUTRAL,6,5,4907.0,4916.25,-1.0,-467.5,9.25
2023-05-18,S,1,T1,NEUTRAL,3,2,4920.75,4935.25,-1.0,-730.0,14.5
2023-05-18,S,1,T2,NEUTRAL,3,2,4920.75,4935.25,-1.0,-730.0,14.5
2023-05-18,S,1,T1,NEUTRAL,5,4,4912.25,4928.0,-1.0,-792.5,15.75
2023-05-18,S,1,T2,NEUTRAL,5,4,4912.25,4928.0,-1.0,-792.5,15.75
2023-05-19,S,1,T1,NEUTRAL,5,4,4929.75,4946.25,-1.0,-830.0,16.5
2023-05-19,S,1,T2,NEUTRAL,5,4,4929.75,4946.25,-1.0,-830.0,16.5
2023-05-22,L,1,T1,NEUTRAL,3,2,4949.25,4934.75,-1.0,-730.0,14.5
2023-05-22,L,1,T2,NEUTRAL,3,2,4949.25,4934.75,-1.0,-730.0,14.5
2023-05-22,L,1,T1,NEUTRAL,5,4,4949.75,4937.0,-1.0,-642.5,12.75
2023-05-22,L,1,T2,NEUTRAL,5,4,4949.75,4937.0,-1.0,-642.5,12.75
2023-05-23,L,1,T1,NEUTRAL,3,2,4934.5,4924.75,-1.0,-492.5,9.75
2023-05-23,L,1,T2,NEUTRAL,3,2,4934.5,4924.75,-1.0,-492.5,9.75
2023-05-23,L,1,T1,NEUTRAL,7,6,4903.0,4892.0,-1.0,-555.0,11.0
2023-05-23,L,1,T2,NEUTRAL,7,6,4903.0,4892.0,-1.0,-555.0,11.0
2023-05-24,L,1,T1,NEUTRAL,5,4,4862.75,4851.0,1.0,582.5,11.75
2023-05-24,L,1,T2,NEUTRAL,5,4,4862.75,4851.0,-1.0,-592.5,11.75
2023-05-24,L,1,T1,BULL,7,6,4876.5,4853.25,-1.0,-1167.5,23.25
2023-05-24,L,1,T2,BULL,7,6,4876.5,4853.25,-1.0,-1167.5,23.25
2023-05-25,S,1,T1,NEUTRAL,3,2,4876.75,4897.25,-1.0,-1030.0,20.5
2023-05-25,S,1,T2,NEUTRAL,3,2,4876.75,4897.25,-1.0,-1030.0,20.5
2023-05-25,S,1,T1,NEUTRAL,6,5,4895.0,4912.75,-1.0,-892.5,17.75
2023-05-25,S,1,T2,NEUTRAL,6,5,4895.0,4912.75,-1.0,-892.5,17.75
2023-05-26,L,1,T1,NEUTRAL,4,3,4949.25,4935.25,-1.0,-705.0,14.0
2023-05-26,L,1,T2,NEUTRAL,4,3,4949.25,4935.25,-1.0,-705.0,14.0
2023-05-26,L,1,T1,NEUTRAL,6,5,4950.5,4940.75,-1.0,-492.5,9.75
2023-05-26,L,1,T2,NEUTRAL,6,5,4950.5,4940.75,-1.0,-492.5,9.75
2023-05-30,S,1,T1,NEUTRAL,4,3,4948.75,4960.0,1.0,557.5,11.25
2023-05-30,S,1,T2,NEUTRAL,4,3,4948.75,4960.0,-1.0,-567.5,11.25
2023-05-30,S,1,T1,NEUTRAL,7,6,4947.0,4959.75,-1.0,-642.5,12.75
2023-05-30,S,1,T2,NEUTRAL,7,6,4947.0,4959.75,-1.0,-642.5,12.75
2023-05-31,L,1,T1,NEUTRAL,4,3,4921.25,4910.75,1.0,520.0,10.5
2023-05-31,L,1,T2,NEUTRAL,4,3,4921.25,4910.75,-1.0,-530.0,10.5
2023-05-31,L,1,T1,NEUTRAL,7,6,4936.25,4924.25,-1.0,-605.0,12.0
2023-05-31,L,1,T2,NEUTRAL,7,6,4936.25,4924.25,-1.0,-605.0,12.0
2023-06-01,S,1,T1,NEUTRAL,7,6,4964.75,4977.0,-1.0,-617.5,12.25
2023-06-01,S,1,T2,NEUTRAL,7,6,4964.75,4977.0,-1.0,-617.5,12.25
2023-06-02,L,1,T1,NEUTRAL,4,3,5024.5,5014.5,1.0,495.0,10.0
2023-06-02,L,1,T2,NEUTRAL,4,3,5024.5,5014.5,-1.0,-505.0,10.0
2023-06-02,L,1,T1,NEUTRAL,6,5,5031.25,5021.5,-1.0,-492.5,9.75
2023-06-02,L,1,T2,NEUTRAL,6,5,5031.25,5021.5,-1.0,-492.5,9.75
2023-06-05,L,1,T1,NEUTRAL,3,2,5037.0,5024.0,-1.0,-655.0,13.0
2023-06-05,L,1,T2,NEUTRAL,3,2,5037.0,5024.0,-1.0,-655.0,13.0
2023-06-06,S,1,T1,NEUTRAL,4,3,5019.5,5031.0,-1.0,-580.0,11.5
2023-06-06,S,1,T2,NEUTRAL,4,3,5019.5,5031.0,-1.0,-580.0,11.5
2023-06-07,S,1,T1,NEUTRAL,7,6,5007.5,5018.25,-1.0,-542.5,10.75
2023-06-07,S,1,T2,NEUTRAL,7,6,5007.5,5018.25,-1.0,-542.5,10.75
2023-06-08,S,1,T1,NEUTRAL,5,4,5026.25,5035.0,-1.0,-442.5,8.75
2023-06-08,S,1,T2,NEUTRAL,5,4,5026.25,5035.0,-1.0,-442.5,8.75
2023-06-09,S,1,T1,NEUTRAL,3,2,5039.25,5062.75,-1.0,-1180.0,23.5
2023-06-09,S,1,T2,NEUTRAL,3,2,5039.25,5062.75,-1.0,-1180.0,23.5
2023-06-09,S,1,T1,NEUTRAL,6,5,5043.0,5050.75,-1.0,-392.5,7.75
2023-06-09,S,1,T2,NEUTRAL,6,5,5043.0,5050.75,-1.0,-392.5,7.75
2023-06-12,L,1,T1,NEUTRAL,3,2,5051.25,5044.25,1.0,345.0,7.0
2023-06-12,L,1,T2,NEUTRAL,3,2,5051.25,5044.25,2.0,695.0,7.0
2023-06-13,L,1,T1,NEUTRAL,4,3,5112.5,5100.0,-1.0,-630.0,12.5
2023-06-13,L,1,T2,NEUTRAL,4,3,5112.5,5100.0,-1.0,-630.0,12.5
2023-06-13,L,1,T1,NEUTRAL,7,6,5110.5,5095.5,-1.0,-755.0,15.0
2023-06-13,L,1,T2,NEUTRAL,7,6,5110.5,5095.5,-1.0,-755.0,15.0
2023-06-14,S,1,T1,NEUTRAL,3,2,5118.25,5133.0,1.0,732.5,14.75
2023-06-14,S,1,T2,NEUTRAL,3,2,5118.25,5133.0,2.0,1470.0,14.75
2023-06-16,L,1,T1,NEUTRAL,4,3,5173.75,5159.0,-1.0,-742.5,14.75
2023-06-16,L,1,T2,NEUTRAL,4,3,5173.75,5159.0,-1.0,-742.5,14.75
2023-06-20,L,1,T1,NEUTRAL,3,2,5118.25,5103.5,1.0,732.5,14.75
2023-06-20,L,1,T2,NEUTRAL,3,2,5118.25,5103.5,-1.0,-742.5,14.75
2023-06-20,L,1,T1,NEUTRAL,7,6,5135.0,5126.0,-1.0,-455.0,9.0
2023-06-20,L,1,T2,NEUTRAL,7,6,5135.0,5126.0,-1.0,-455.0,9.0
2023-06-21,L,1,T1,NEUTRAL,3,2,5111.0,5096.5,-1.0,-730.0,14.5
2023-06-21,L,1,T2,NEUTRAL,3,2,5111.0,5096.5,-1.0,-730.0,14.5
2023-06-21,L,1,T1,NEUTRAL,5,4,5115.75,5101.5,-1.0,-717.5,14.25
2023-06-21,L,1,T2,NEUTRAL,5,4,5115.75,5101.5,-1.0,-717.5,14.25
2023-06-22,S,1,T1,NEUTRAL,4,3,5098.5,5110.5,-1.0,-605.0,12.0
2023-06-22,S,1,T2,NEUTRAL,4,3,5098.5,5110.5,-1.0,-605.0,12.0
2023-06-22,S,1,T1,NEUTRAL,7,6,5106.5,5116.75,-1.0,-517.5,10.25
2023-06-22,S,1,T2,NEUTRAL,7,6,5106.5,5116.75,-1.0,-517.5,10.25
2023-06-23,S,1,T1,NEUTRAL,5,4,5091.75,5100.0,1.0,407.5,8.25
2023-06-23,S,1,T2,NEUTRAL,5,4,5091.75,5100.0,2.0,820.0,8.25
2023-06-23,S,1,T1,NEUTRAL,6,5,5088.75,5101.5,1.0,632.5,12.75
2023-06-23,S,1,T2,NEUTRAL,6,5,5088.75,5101.5,-1.0,-642.5,12.75
2023-06-26,L,1,T1,NEUTRAL,6,5,5077.25,5066.75,-1.0,-530.0,10.5
2023-06-26,L,1,T2,NEUTRAL,6,5,5077.25,5066.75,-1.0,-530.0,10.5
2023-06-27,S,1,T1,NEUTRAL,7,6,5110.25,5118.0,-1.0,-392.5,7.75
2023-06-27,S,1,T2,NEUTRAL,7,6,5110.25,5118.0,-1.0,-392.5,7.75
2023-06-28,S,1,T1,NEUTRAL,4,3,5108.0,5123.75,-1.0,-792.5,15.75
2023-06-28,S,1,T2,NEUTRAL,4,3,5108.0,5123.75,-1.0,-792.5,15.75
2023-06-28,S,1,T1,NEUTRAL,6,5,5098.5,5109.5,-1.0,-555.0,11.0
2023-06-28,S,1,T2,NEUTRAL,6,5,5098.5,5109.5,-1.0,-555.0,11.0
2023-06-29,S,1,T1,NEUTRAL,4,3,5119.25,5130.0,-1.0,-542.5,10.75
2023-06-29,S,1,T2,NEUTRAL,4,3,5119.25,5130.0,-1.0,-542.5,10.75
2023-06-29,S,1,T1,NEUTRAL,5,4,5116.25,5131.25,-1.0,-755.0,15.0
2023-06-29,S,1,T2,NEUTRAL,5,4,5116.25,5131.25,-1.0,-755.0,15.0
2023-06-30,S,1,T1,NEUTRAL,3,2,5167.25,5181.0,-1.0,-692.5,13.75
2023-06-30,S,1,T2,NEUTRAL,3,2,5167.25,5181.0,-1.0,-692.5,13.75
2023-06-30,S,1,T1,NEUTRAL,7,6,5183.5,5190.0,1.0,320.0,6.5
2023-06-30,S,1,T2,NEUTRAL,7,6,5183.5,5190.0,-1.0,-330.0,6.5
2023-07-05,S,1,T1,NEUTRAL,3,2,5176.25,5184.75,-1.0,-430.0,8.5
2023-07-05,S,1,T2,NEUTRAL,3,2,5176.25,5184.75,-1.0,-430.0,8.5
2023-07-06,L,1,T1,NEUTRAL,3,2,5121.75,5112.5,1.0,457.5,9.25
2023-07-06,L,1,T2,NEUTRAL,3,2,5121.75,5112.5,2.0,920.0,9.25
2023-07-07,L,1,T1,NEUTRAL,3,2,5144.0,5129.75,1.0,707.5,14.25
2023-07-07,L,1,T2,NEUTRAL,3,2,5144.0,5129.75,-1.0,-717.5,14.25
2023-07-10,L,1,T1,NEUTRAL,4,3,5133.0,5117.0,-1.0,-805.0,16.0
2023-07-10,L,1,T2,NEUTRAL,4,3,5133.0,5117.0,-1.0,-805.0,16.0
2023-07-10,L,1,T1,BULL,7,6,5136.5,5128.75,-1.0,-392.5,7.75
2023-07-10,L,1,T2,BULL,7,6,5136.5,5128.75,-1.0,-392.5,7.75
2023-07-11,L,1,T1,NEUTRAL,3,2,5151.5,5141.0,1.0,520.0,10.5
2023-07-11,L,1,T2,NEUTRAL,3,2,5151.5,5141.0,-1.0,-530.0,10.5
2023-07-11,L,1,T1,NEUTRAL,6,5,5153.25,5143.5,1.0,482.5,9.75
2023-07-11,L,1,T2,NEUTRAL,6,5,5153.25,5143.5,-1.0,-492.5,9.75
2023-07-12,S,1,T1,NEUTRAL,3,2,5206.75,5217.25,1.0,520.0,10.5
2023-07-12,S,1,T2,NEUTRAL,3,2,5206.75,5217.25,-1.0,-530.0,10.5
2023-07-12,S,1,T1,NEUTRAL,6,5,5201.25,5209.5,-1.0,-417.5,8.25
2023-07-12,S,1,T2,NEUTRAL,6,5,5201.25,5209.5,-1.0,-417.5,8.25
2023-07-14,L,1,T1,NEUTRAL,3,2,5247.5,5234.75,-1.0,-642.5,12.75
2023-07-14,L,1,T2,NEUTRAL,3,2,5247.5,5234.75,-1.0,-642.5,12.75
2023-07-14,L,1,T1,BEAR,5,4,5241.5,5231.25,-1.0,-517.5,10.25
2023-07-14,L,1,T2,BEAR,5,4,5241.5,5231.25,-1.0,-517.5,10.25
2023-07-17,S,1,T1,NEUTRAL,4,3,5240.75,5247.0,-1.0,-317.5,6.25
2023-07-17,S,1,T2,NEUTRAL,4,3,5240.75,5247.0,-1.0,-317.5,6.25
2023-07-17,S,1,T1,BULL,7,6,5245.25,5259.25,-1.0,-705.0,14.0
2023-07-17,S,1,T2,BULL,7,6,5245.25,5259.25,-1.0,-705.0,14.0
2023-07-18,L,1,T1,NEUTRAL,5,4,5273.25,5266.25,1.0,345.0,7.0
2023-07-18,L,1,T2,NEUTRAL,5,4,5273.25,5266.25,2.0,695.0,7.0
2023-07-19,L,1,T1,NEUTRAL,3,2,5300.5,5283.75,-1.0,-842.5,16.75
2023-07-19,L,1,T2,NEUTRAL,3,2,5300.5,5283.75,-1.0,-842.5,16.75
2023-07-19,L,1,T1,NEUTRAL,6,5,5292.25,5281.5,-1.0,-542.5,10.75
2023-07-19,L,1,T2,NEUTRAL,6,5,5292.25,5281.5,-1.0,-542.5,10.75
2023-07-20,L,1,T1,NEUTRAL,3,2,5278.25,5263.75,-1.0,-730.0,14.5
2023-07-20,L,1,T2,NEUTRAL,3,2,5278.25,5263.75,-1.0,-730.0,14.5
2023-07-21,L,1,T1,NEUTRAL,3,2,5274.75,5257.75,-1.0,-855.0,17.0
2023-07-21,L,1,T2,NEUTRAL,3,2,5274.75,5257.75,-1.0,-855.0,17.0
2023-07-21,L,1,T1,NEUTRAL,5,4,5274.0,5261.25,-1.0,-642.5,12.75
2023-07-21,L,1,T2,NEUTRAL,5,4,5274.0,5261.25,-1.0,-642.5,12.75
2023-07-24,L,1,T1,NEUTRAL,5,4,5281.75,5274.5,-1.0,-367.5,7.25
2023-07-24,L,1,T2,NEUTRAL,5,4,5281.75,5274.5,-1.0,-367.5,7.25
2023-07-25,L,1,T1,NEUTRAL,3,2,5286.0,5278.0,1.0,395.0,8.0
2023-07-25,L,1,T2,NEUTRAL,3,2,5286.0,5278.0,2.0,795.0,8.0
2023-07-26,L,1,T1,NEUTRAL,3,2,5283.0,5273.5,-1.0,-480.0,9.5
2023-07-26,L,1,T2,NEUTRAL,3,2,5283.0,5273.5,-1.0,-480.0,9.5
2023-07-26,L,1,T1,BEAR,5,4,5281.25,5273.5,-1.0,-392.5,7.75
2023-07-26,L,1,T2,BEAR,5,4,5281.25,5273.5,-1.0,-392.5,7.75
2023-07-26,L,2,T1,BEAR,6,5,5284.25,5270.75,1.0,670.0,13.5
2023-07-26,L,2,T2,BEAR,6,5,5284.25,5270.75,-1.0,-680.0,13.5
2023-07-27,S,1,T1,NEUTRAL,4,3,5303.5,5316.5,1.0,645.0,13.0
2023-07-27,S,1,T2,NEUTRAL,4,3,5303.5,5316.5,2.0,1295.0,13.0
2023-07-27,S,1,T1,BEAR,5,4,5294.0,5318.5,1.0,1220.0,24.5
2023-07-27,S,1,T2,BEAR,5,4,5294.0,5318.5,-1.0,-1230.0,24.5
2023-07-28,S,1,T1,NEUTRAL,4,3,5300.0,5310.0,1.0,495.0,10.0
2023-07-28,S,1,T2,NEUTRAL,4,3,5300.0,5310.0,-1.0,-505.0,10.0
2023-07-31,S,1,T1,NEUTRAL,3,2,5301.25,5309.5,1.0,407.5,8.25
2023-07-31,S,1,T2,NEUTRAL,3,2,5301.25,5309.5,-1.0,-417.5,8.25
2023-07-31,S,1,T1,NEUTRAL,6,5,5295.0,5302.75,-1.0,-392.5,7.75
2023-07-31,S,1,T2,NEUTRAL,6,5,5295.0,5302.75,-1.0,-392.5,7.75
2023-08-01,S,1,T1,NEUTRAL,3,2,5286.75,5296.5,-1.0,-492.5,9.75
2023-08-01,S,1,T2,NEUTRAL,3,2,5286.75,5296.5,-1.0,-492.5,9.75
2023-08-01,S,1,T1,NEUTRAL,7,6,5294.25,5300.0,-1.0,-292.5,5.75
2023-08-01,S,1,T2,NEUTRAL,7,6,5294.25,5300.0,-1.0,-292.5,5.75
2023-08-02,L,1,T1,NEUTRAL,5,4,5240.75,5228.5,-1.0,-617.5,12.25
2023-08-02,L,1,T2,NEUTRAL,5,4,5240.75,5228.5,-1.0,-617.5,12.25
2023-08-03,L,1,T1,NEUTRAL,3,2,5221.75,5198.75,-1.0,-1155.0,23.0
2023-08-03,L,1,T2,NEUTRAL,3,2,5221.75,5198.75,-1.0,-1155.0,23.0
2023-08-03,L,1,T1,NEUTRAL,7,6,5227.25,5213.0,-1.0,-717.5,14.25
2023-08-03,L,1,T2,NEUTRAL,7,6,5227.25,5213.0,-1.0,-717.5,14.25
2023-08-04,L,1,T1,NEUTRAL,3,2,5241.25,5228.5,1.0,632.5,12.75
2023-08-04,L,1,T2,NEUTRAL,3,2,5241.25,5228.5,-1.0,-642.5,12.75
2023-08-07,S,1,T1,NEUTRAL,3,2,5207.0,5223.5,-1.0,-830.0,16.5
2023-08-07,S,1,T2,NEUTRAL,3,2,5207.0,5223.5,-1.0,-830.0,16.5
2023-08-08,L,1,T1,NEUTRAL,3,2,5187.25,5175.0,1.0,607.5,12.25
2023-08-08,L,1,T2,NEUTRAL,3,2,5187.25,5175.0,2.0,1220.0,12.25
2023-08-09,L,1,T1,NEUTRAL,4,3,5186.5,5171.25,1.0,757.5,15.25
2023-08-09,L,1,T2,NEUTRAL,4,3,5186.5,5171.25,-1.0,-767.5,15.25
2023-08-10,L,1,T1,NEUTRAL,6,5,5191.0,5166.5,-1.0,-1230.0,24.5
2023-08-10,L,1,T2,NEUTRAL,6,5,5191.0,5166.5,-1.0,-1230.0,24.5
2023-08-11,S,1,T1,NEUTRAL,3,2,5163.0,5186.5,-1.0,-1180.0,23.5
2023-08-11,S,1,T2,NEUTRAL,3,2,5163.0,5186.5,-1.0,-1180.0,23.5
2023-08-11,S,1,T1,NEUTRAL,5,4,5163.25,5174.75,-1.0,-580.0,11.5
2023-08-11,S,1,T2,NEUTRAL,5,4,5163.25,5174.75,-1.0,-580.0,11.5
2023-08-11,S,2,T1,BULL,7,6,5170.25,5182.0,-1.0,-592.5,11.75
2023-08-11,S,2,T2,BULL,7,6,5170.25,5182.0,-1.0,-592.5,11.75
2023-08-14,S,1,T1,NEUTRAL,6,5,5183.0,5194.25,-1.0,-567.5,11.25
2023-08-14,S,1,T2,NEUTRAL,6,5,5183.0,5194.25,-1.0,-567.5,11.25
2023-08-15,L,1,T1,NEUTRAL,3,2,5168.5,5151.5,-1.0,-855.0,17.0
2023-08-15,L,1,T2,NEUTRAL,3,2,5168.5,5151.5,-1.0,-855.0,17.0
2023-08-15,L,1,T1,NEUTRAL,6,5,5163.75,5153.75,-1.0,-505.0,10.0
2023-08-15,L,1,T2,NEUTRAL,6,5,5163.75,5153.75,-1.0,-505.0,10.0
2023-08-16,S,1,T1,NEUTRAL,3,2,5146.75,5158.75,1.0,595.0,12.0
2023-08-16,S,1,T2,NEUTRAL,3,2,5146.75,5158.75,2.0,1195.0,12.0
2023-08-16,S,1,T1,NEUTRAL,6,5,5124.75,5145.75,-1.0,-1055.0,21.0
2023-08-16,S,1,T2,NEUTRAL,6,5,5124.75,5145.75,-1.0,-1055.0,21.0
2023-08-16,S,1,T1,NEUTRAL,7,6,5113.75,5148.0,-1.0,-1717.5,34.25
2023-08-16,S,1,T2,NEUTRAL,7,6,5113.75,5148.0,-1.0,-1717.5,34.25
2023-08-17,L,1,T1,NEUTRAL,3,2,5121.0,5107.25,-1.0,-692.5,13.75
2023-08-17,L,1,T2,NEUTRAL,3,2,5121.0,5107.25,-1.0,-692.5,13.75
2023-08-18,L,1,T1,NEUTRAL,6,5,5076.75,5064.75,1.0,595.0,12.0
2023-08-18,L,1,T2,NEUTRAL,6,5,5076.75,5064.75,-1.0,-605.0,12.0
2023-08-21,L,1,T1,NEUTRAL,4,3,5082.5,5065.25,1.0,857.5,17.25
2023-08-21,L,1,T2,NEUTRAL,4,3,5082.5,5065.25,-1.0,-867.5,17.25
2023-08-22,L,1,T1,NEUTRAL,6,5,5099.0,5088.5,-1.0,-530.0,10.5
2023-08-22,L,1,T2,NEUTRAL,6,5,5099.0,5088.5,-1.0,-530.0,10.5
2023-08-23,S,1,T1,NEUTRAL,6,5,5137.75,5148.75,-1.0,-555.0,11.0
2023-08-23,S,1,T2,NEUTRAL,6,5,5137.75,5148.75,-1.0,-555.0,11.0
2023-08-24,L,1,T1,NEUTRAL,4,3,5116.5,5100.0,-1.0,-830.0,16.5
2023-08-24,L,1,T2,NEUTRAL,4,3,5116.5,5100.0,-1.0,-830.0,16.5
2023-08-25,L,1,T1,NEUTRAL,3,2,5090.5,5058.25,-1.0,-1617.5,32.25
2023-08-25,L,1,T2,NEUTRAL,3,2,5090.5,5058.25,-1.0,-1617.5,32.25
2023-08-25,L,1,T1,BULL,6,5,5113.5,5082.0,-1.0,-1580.0,31.5
2023-08-25,L,1,T2,BULL,6,5,5113.5,5082.0,-1.0,-1580.0,31.5
2023-08-28,L,1,T1,NEUTRAL,4,3,5128.25,5116.75,1.0,570.0,11.5
2023-08-28,L,1,T2,NEUTRAL,4,3,5128.25,5116.75,-1.0,-580.0,11.5
2023-08-28,L,1,T1,NEUTRAL,7,6,5132.5,5117.75,-1.0,-742.5,14.75
2023-08-28,L,1,T2,NEUTRAL,7,6,5132.5,5117.75,-1.0,-742.5,14.75
2023-08-29,L,1,T1,NEUTRAL,5,4,5192.75,5183.25,1.0,470.0,9.5
2023-08-29,L,1,T2,NEUTRAL,5,4,5192.75,5183.25,-1.0,-480.0,9.5
2023-08-30,L,1,T1,NEUTRAL,3,2,5214.25,5199.0,-1.0,-767.5,15.25
2023-08-30,L,1,T2,NEUTRAL,3,2,5214.25,5199.0,-1.0,-767.5,15.25
2023-08-31,S,1,T1,NEUTRAL,3,2,5219.75,5233.25,1.0,670.0,13.5
2023-08-31,S,1,T2,NEUTRAL,3,2,5219.75,5233.25,-1.0,-680.0,13.5
2023-08-31,S,1,T1,NEUTRAL,6,5,5215.5,5227.0,-1.0,-580.0,11.5
2023-08-31,S,1,T2,NEUTRAL,6,5,5215.5,5227.0,-1.0,-580.0,11.5
2023-09-01,L,1,T1,NEUTRAL,4,3,5214.25,5200.25,-1.0,-705.0,14.0
2023-09-01,L,1,T2,NEUTRAL,4,3,5214.25,5200.25,-1.0,-705.0,14.0
2023-09-01,L,1,T1,NEUTRAL,6,5,5212.25,5202.5,-1.0,-492.5,9.75
2023-09-01,L,1,T2,NEUTRAL,6,5,5212.25,5202.5,-1.0,-492.5,9.75
2023-09-01,L,2,T1,BULL,7,6,5214.5,5202.25,-1.0,-617.5,12.25
2023-09-01,L,2,T2,BULL,7,6,5214.5,5202.25,-1.0,-617.5,12.25
2023-09-05,S,1,T1,NEUTRAL,4,3,5201.5,5210.75,-1.0,-467.5,9.25
2023-09-05,S,1,T2,NEUTRAL,4,3,5201.5,5210.75,-1.0,-467.5,9.25
2023-09-05,S,1,T1,NEUTRAL,7,6,5199.0,5210.0,-1.0,-555.0,11.0
2023-09-05,S,1,T2,NEUTRAL,7,6,5199.0,5210.0,-1.0,-555.0,11.0
2023-09-06,L,1,T1,NEUTRAL,5,4,5154.75,5140.0,-1.0,-742.5,14.75
2023-09-06,L,1,T2,NEUTRAL,5,4,5154.75,5140.0,-1.0,-742.5,14.75
2023-09-07,L,1,T1,NEUTRAL,3,2,5147.75,5127.25,-1.0,-1030.0,20.5
2023-09-07,L,1,T2,NEUTRAL,3,2,5147.75,5127.25,-1.0,-1030.0,20.5
2023-09-07,L,1,T1,NEUTRAL,7,6,5152.0,5140.75,-1.0,-567.5,11.25
2023-09-07,L,1,T2,NEUTRAL,7,6,5152.0,5140.75,-1.0,-567.5,11.25
2023-09-08,S,1,T1,NEUTRAL,4,3,5158.0,5169.0,1.0,545.0,11.0
2023-09-08,S,1,T2,NEUTRAL,4,3,5158.0,5169.0,-1.0,-555.0,11.0
2023-09-11,L,1,T1,NEUTRAL,4,3,5177.5,5166.0,-1.0,-580.0,11.5
2023-09-11,L,1,T2,NEUTRAL,4,3,5177.5,5166.0,-1.0,-580.0,11.5
2023-09-12,L,1,T1,NEUTRAL,3,2,5167.75,5158.25,1.0,470.0,9.5
2023-09-12,L,1,T2,NEUTRAL,3,2,5167.75,5158.25,-1.0,-480.0,9.5
2023-09-13,L,1,T1,NEUTRAL,5,4,5173.5,5164.5,-1.0,-455.0,9.0
2023-09-13,L,1,T2,NEUTRAL,5,4,5173.5,5164.5,-1.0,-455.0,9.0
2023-09-14,S,1,T1,NEUTRAL,6,5,5194.75,5202.25,-1.0,-380.0,7.5
2023-09-14,S,1,T2,NEUTRAL,6,5,5194.75,5202.25,-1.0,-380.0,7.5
2023-09-15,S,1,T1,NEUTRAL,4,3,5154.5,5163.0,1.0,420.0,8.5
2023-09-15,S,1,T2,NEUTRAL,4,3,5154.5,5163.0,-1.0,-430.0,8.5
2023-09-15,S,1,T1,BEAR,5,4,5141.75,5163.5,-1.0,-1092.5,21.75
2023-09-15,S,1,T2,BEAR,5,4,5141.75,5163.5,-1.0,-1092.5,21.75
2023-09-15,S,1,T1,BEAR,7,6,5140.5,5148.5,-1.0,-405.0,8.0
2023-09-15,S,1,T2,BEAR,7,6,5140.5,5148.5,-1.0,-405.0,8.0
2023-09-18,S,1,T1,NEUTRAL,5,4,5149.75,5158.75,1.0,445.0,9.0
2023-09-18,S,1,T2,NEUTRAL,5,4,5149.75,5158.75,-1.0,-455.0,9.0
2023-09-19,L,1,T1,NEUTRAL,4,3,5118.0,5109.0,1.0,445.0,9.0
2023-09-19,L,1,T2,NEUTRAL,4,3,5118.0,5109.0,2.0,895.0,9.0
2023-09-19,L,1,T1,NEUTRAL,5,4,5120.75,5106.0,1.0,732.5,14.75
2023-09-19,L,1,T2,NEUTRAL,5,4,5120.75,5106.0,-1.0,-742.5,14.75
2023-09-20,L,1,T1,NEUTRAL,4,3,5146.0,5138.0,-1.0,-405.0,8.0
2023-09-20,L,1,T2,NEUTRAL,4,3,5146.0,5138.0,-1.0,-405.0,8.0
2023-09-21,L,1,T1,NEUTRAL,4,3,5048.5,5036.25,-1.0,-617.5,12.25
2023-09-21,L,1,T2,NEUTRAL,4,3,5048.5,5036.25,-1.0,-617.5,12.25
2023-09-22,S,1,T1,NEUTRAL,3,2,5028.75,5041.25,1.0,620.0,12.5
2023-09-22,S,1,T2,NEUTRAL,3,2,5028.75,5041.25,2.0,1245.0,12.5
2023-09-22,S,1,T1,NEUTRAL,4,3,5027.75,5043.25,1.0,770.0,15.5
2023-09-22,S,1,T2,NEUTRAL,4,3,5027.75,5043.25,-1.0,-780.0,15.5
2023-09-22,S,1,T1,BEAR,7,6,5006.25,5034.25,-1.0,-1405.0,28.0
2023-09-22,S,1,T2,BEAR,7,6,5006.25,5034.25,-1.0,-1405.0,28.0
2023-09-25,S,1,T1,NEUTRAL,4,3,5009.0,5021.75,-1.0,-642.5,12.75
2023-09-25,S,1,T2,NEUTRAL,4,3,5009.0,5021.75,-1.0,-642.5,12.75
2023-09-25,S,1,T1,NEUTRAL,6,5,5006.25,5018.5,-1.0,-617.5,12.25
2023-09-25,S,1,T2,NEUTRAL,6,5,5006.25,5018.5,-1.0,-617.5,12.25
2023-09-26,L,1,T1,NEUTRAL,4,3,4977.75,4965.5,-1.0,-617.5,12.25
2023-09-26,L,1,T2,NEUTRAL,4,3,4977.75,4965.5,-1.0,-617.5,12.25
2023-09-26,L,1,T1,BEAR,7,6,4961.75,4949.25,-1.0,-630.0,12.5
2023-09-26,L,1,T2,BEAR,7,6,4961.75,4949.25,-1.0,-630.0,12.5
2023-09-27,L,1,T1,NEUTRAL,6,5,4943.5,4920.75,1.0,1132.5,22.75
2023-09-27,L,1,T2,NEUTRAL,6,5,4943.5,4920.75,-1.0,-1142.5,22.75
2023-09-28,S,1,T1,NEUTRAL,5,4,4979.25,5000.0,-1.0,-1042.5,20.75
2023-09-28,S,1,T2,NEUTRAL,5,4,4979.25,5000.0,-1.0,-1042.5,20.75
2023-09-29,L,1,T1,NEUTRAL,6,5,4973.25,4955.5,-1.0,-892.5,17.75
2023-09-29,L,1,T2,NEUTRAL,6,5,4973.25,4955.5,-1.0,-892.5,17.75
2023-09-29,L,1,T1,NEUTRAL,7,6,4981.5,4954.75,-1.0,-1342.5,26.75
2023-09-29,L,1,T2,NEUTRAL,7,6,4981.5,4954.75,-1.0,-1342.5,26.75
2023-10-02,S,1,T1,NEUTRAL,3,2,4953.5,4980.25,-1.0,-1342.5,26.75
2023-10-02,S,1,T2,NEUTRAL,3,2,4953.5,4980.25,-1.0,-1342.5,26.75
2023-10-02,S,1,T1,NEUTRAL,4,3,4944.0,4982.0,-1.0,-1905.0,38.0
2023-10-02,S,1,T2,NEUTRAL,4,3,4944.0,4982.0,-1.0,-1905.0,38.0
2023-10-02,S,1,T1,NEUTRAL,6,5,4943.0,4963.25,-1.0,-1017.5,20.25
2023-10-02,S,1,T2,NEUTRAL,6,5,4943.0,4963.25,-1.0,-1017.5,20.25
2023-10-03,L,1,T1,NEUTRAL,4,3,4919.75,4900.75,-1.0,-955.0,19.0
2023-10-03,L,1,T2,NEUTRAL,4,3,4919.75,4900.75,-1.0,-955.0,19.0
2023-10-03,L,1,T1,BEAR,7,6,4909.75,4897.25,-1.0,-630.0,12.5
2023-10-03,L,1,T2,BEAR,7,6,4909.75,4897.25,-1.0,-630.0,12.5
2023-10-04,L,1,T1,NEUTRAL,3,2,4923.5,4898.5,-1.0,-1255.0,25.0
2023-10-04,L,1,T2,NEUTRAL,3,2,4923.5,4898.5,-1.0,-1255.0,25.0
2023-10-04,L,1,T1,NEUTRAL,6,5,4922.5,4909.0,1.0,670.0,13.5
2023-10-04,L,1,T2,NEUTRAL,6,5,4922.5,4909.0,-1.0,-680.0,13.5
2023-10-05,L,1,T1,NEUTRAL,4,3,4923.5,4905.5,1.0,895.0,18.0
2023-10-05,L,1,T2,NEUTRAL,4,3,4923.5,4905.5,-1.0,-905.0,18.0
2023-10-06,S,1,T1,NEUTRAL,7,6,4991.75,5002.75,-1.0,-555.0,11.0
2023-10-06,S,1,T2,NEUTRAL,7,6,4991.75,5002.75,-1.0,-555.0,11.0
2023-10-09,L,1,T1,NEUTRAL,3,2,4978.25,4959.75,1.0,920.0,18.5
2023-10-09,L,1,T2,NEUTRAL,3,2,4978.25,4959.75,2.0,1845.0,18.5
2023-10-09,L,1,T1,NEUTRAL,5,4,4990.25,4975.5,1.0,732.5,14.75
2023-10-09,L,1,T2,NEUTRAL,5,4,4990.25,4975.5,2.0,1470.0,14.75
2023-10-10,S,1,T1,NEUTRAL,4,3,5052.5,5063.25,1.0,532.5,10.75
2023-10-10,S,1,T2,NEUTRAL,4,3,5052.5,5063.25,-1.0,-542.5,10.75
2023-10-11,L,1,T1,NEUTRAL,5,4,5034.0,5023.0,1.0,545.0,11.0
2023-10-11,L,1,T2,NEUTRAL,5,4,5034.0,5023.0,2.0,1095.0,11.0
2023-10-11,L,1,T1,NEUTRAL,6,5,5043.25,5021.0,-1.0,-1117.5,22.25
2023-10-11,L,1,T2,NEUTRAL,6,5,5043.25,5021.0,-1.0,-1117.5,22.25
2023-10-12,L,1,T1,NEUTRAL,3,2,5057.25,5039.25,-1.0,-905.0,18.0
2023-10-12,L,1,T2,NEUTRAL,3,2,5057.25,5039.25,-1.0,-905.0,18.0
2023-10-12,L,1,T1,NEUTRAL,6,5,5025.0,4999.25,-1.0,-1292.5,25.75
2023-10-12,L,1,T2,NEUTRAL,6,5,5025.0,4999.25,-1.0,-1292.5,25.75
2023-10-13,L,1,T1,NEUTRAL,4,3,5017.25,4996.5,-1.0,-1042.5,20.75
2023-10-13,L,1,T2,NEUTRAL,4,3,5017.25,4996.5,-1.0,-1042.5,20.75
2023-10-13,L,1,T1,BEAR,6,5,5006.75,4984.5,-1.0,-1117.5,22.25
2023-10-13,L,1,T2,BEAR,6,5,5006.75,4984.5,-1.0,-1117.5,22.25
2023-10-16,S,1,T1,NEUTRAL,3,2,5045.0,5058.5,1.0,670.0,13.5
2023-10-16,S,1,T2,NEUTRAL,3,2,5045.0,5058.5,-1.0,-680.0,13.5
2023-10-17,S,1,T1,NEUTRAL,5,4,5047.75,5067.5,1.0,982.5,19.75
2023-10-17,S,1,T2,NEUTRAL,5,4,5047.75,5067.5,-1.0,-992.5,19.75
2023-10-18,L,1,T1,NEUTRAL,4,3,5020.0,5002.0,-1.0,-905.0,18.0
2023-10-18,L,1,T2,NEUTRAL,4,3,5020.0,5002.0,-1.0,-905.0,18.0
2023-10-19,L,1,T1,NEUTRAL,3,2,4978.75,4966.0,1.0,632.5,12.75
2023-10-19,L,1,T2,NEUTRAL,3,2,4978.75,4966.0,2.0,1270.0,12.75
2023-10-20,L,1,T1,NEUTRAL,4,3,4918.5,4899.0,-1.0,-980.0,19.5
2023-10-20,L,1,T2,NEUTRAL,4,3,4918.5,4899.0,-1.0,-980.0,19.5
2023-10-23,S,1,T1,NEUTRAL,5,4,4905.25,4925.0,1.0,982.5,19.75
2023-10-23,S,1,T2,NEUTRAL,5,4,4905.25,4925.0,-1.0,-992.5,19.75
2023-10-24,S,1,T1,NEUTRAL,3,2,4907.25,4927.75,1.0,1020.0,20.5
2023-10-24,S,1,T2,NEUTRAL,3,2,4907.25,4927.75,-1.0,-1030.0,20.5
2023-10-25,S,1,T1,NEUTRAL,3,2,4869.0,4893.0,-1.0,-1205.0,24.0
2023-10-25,S,1,T2,NEUTRAL,3,2,4869.0,4893.0,-1.0,-1205.0,24.0
2023-10-26,L,1,T1,NEUTRAL,5,4,4808.0,4794.5,1.0,670.0,13.5
2023-10-26,L,1,T2,NEUTRAL,5,4,4808.0,4794.5,2.0,1345.0,13.5
2023-10-26,L,1,T1,NEUTRAL,6,5,4819.0,4790.0,-1.0,-1455.0,29.0
2023-10-26,L,1,T2,NEUTRAL,6,5,4819.0,4790.0,-1.0,-1455.0,29.0
2023-10-27,S,1,T1,NEUTRAL,4,3,4794.0,4815.0,1.0,1045.0,21.0
2023-10-27,S,1,T2,NEUTRAL,4,3,4794.0,4815.0,-1.0,-1055.0,21.0
2023-10-27,S,1,T1,BEAR,7,6,4766.25,4786.75,-1.0,-1030.0,20.5
2023-10-27,S,1,T2,BEAR,7,6,4766.25,4786.75,-1.0,-1030.0,20.5
2023-10-30,L,1,T1,NEUTRAL,3,2,4815.25,4795.75,1.0,970.0,19.5
2023-10-30,L,1,T2,NEUTRAL,3,2,4815.25,4795.75,-1.0,-980.0,19.5
2023-10-30,L,1,T1,BULL,5,4,4827.25,4800.0,-1.0,-1367.5,27.25
2023-10-30,L,1,T2,BULL,5,4,4827.25,4800.0,-1.0,-1367.5,27.25
2023-10-31,L,1,T1,NEUTRAL,4,3,4839.25,4825.75,1.0,670.0,13.5
2023-10-31,L,1,T2,NEUTRAL,4,3,4839.25,4825.75,-1.0,-680.0,13.5
2023-11-01,S,1,T1,NEUTRAL,3,2,4875.0,4892.75,-1.0,-892.5,17.75
2023-11-01,S,1,T2,NEUTRAL,3,2,4875.0,4892.75,-1.0,-892.5,17.75
2023-11-01,S,1,T1,NEUTRAL,6,5,4866.0,4883.75,-1.0,-892.5,17.75
2023-11-01,S,1,T2,NEUTRAL,6,5,4866.0,4883.75,-1.0,-892.5,17.75
2023-11-02,L,1,T1,NEUTRAL,4,3,4965.75,4956.25,1.0,470.0,9.5
2023-11-02,L,1,T2,NEUTRAL,4,3,4965.75,4956.25,-1.0,-480.0,9.5
2023-11-02,L,1,T1,NEUTRAL,7,6,4978.0,4972.0,-1.0,-305.0,6.0
2023-11-02,L,1,T2,NEUTRAL,7,6,4978.0,4972.0,-1.0,-305.0,6.0
2023-11-03,L,1,T1,NEUTRAL,3,2,5016.5,5004.0,1.0,620.0,12.5
2023-11-03,L,1,T2,NEUTRAL,3,2,5016.5,5004.0,-1.0,-630.0,12.5
2023-11-03,L,1,T1,NEUTRAL,6,5,5031.75,5021.5,-1.0,-517.5,10.25
2023-11-03,L,1,T2,NEUTRAL,6,5,5031.75,5021.5,-1.0,-517.5,10.25
2023-11-06,S,1,T1,NEUTRAL,3,2,5022.0,5031.0,1.0,445.0,9.0
2023-11-06,S,1,T2,NEUTRAL,3,2,5022.0,5031.0,-1.0,-455.0,9.0
2023-11-07,S,1,T1,NEUTRAL,3,2,5034.0,5046.0,-1.0,-605.0,12.0
2023-11-07,S,1,T2,NEUTRAL,3,2,5034.0,5046.0,-1.0,-605.0,12.0
2023-11-07,S,1,T1,NEUTRAL,4,3,5031.25,5046.75,-1.0,-780.0,15.5
2023-11-07,S,1,T2,NEUTRAL,4,3,5031.25,5046.75,-1.0,-780.0,15.5
2023-11-07,S,2,T1,NEUTRAL,6,5,5040.0,5046.25,-1.0,-317.5,6.25
2023-11-07,S,2,T2,NEUTRAL,6,5,5040.0,5046.25,-1.0,-317.5,6.25
2023-11-08,L,1,T1,NEUTRAL,5,4,5036.0,5022.25,-1.0,-692.5,13.75
2023-11-08,L,1,T2,NEUTRAL,5,4,5036.0,5022.25,-1.0,-692.5,13.75
2023-11-09,L,1,T1,NEUTRAL,3,2,5048.0,5029.0,-1.0,-955.0,19.0
2023-11-09,L,1,T2,NEUTRAL,3,2,5048.0,5029.0,-1.0,-955.0,19.0
2023-11-10,L,1,T1,NEUTRAL,3,2,5037.5,5011.5,1.0,1295.0,26.0
2023-11-10,L,1,T2,NEUTRAL,3,2,5037.5,5011.5,-1.0,-1305.0,26.0
2023-11-13,S,1,T1,NEUTRAL,4,3,5070.0,5081.0,-1.0,-555.0,11.0
2023-11-13,S,1,T2,NEUTRAL,4,3,5070.0,5081.0,-1.0,-555.0,11.0
2023-11-13,S,1,T1,NEUTRAL,7,6,5069.5,5078.75,-1.0,-467.5,9.25
2023-11-13,S,1,T2,NEUTRAL,7,6,5069.5,5078.75,-1.0,-467.5,9.25
2023-11-14,S,1,T1,NEUTRAL,3,2,5153.75,5165.0,-1.0,-567.5,11.25
2023-11-14,S,1,T2,NEUTRAL,3,2,5153.75,5165.0,-1.0,-567.5,11.25
2023-11-14,S,1,T1,NEUTRAL,5,4,5147.25,5157.0,-1.0,-492.5,9.75
2023-11-14,S,1,T2,NEUTRAL,5,4,5147.25,5157.0,-1.0,-492.5,9.75
2023-11-15,S,1,T1,NEUTRAL,3,2,5170.75,5181.0,1.0,507.5,10.25
2023-11-15,S,1,T2,NEUTRAL,3,2,5170.75,5181.0,-1.0,-517.5,10.25
2023-11-15,S,1,T1,NEUTRAL,7,6,5163.5,5173.75,-1.0,-517.5,10.25
2023-11-15,S,1,T2,NEUTRAL,7,6,5163.5,5173.75,-1.0,-517.5,10.25
2023-11-16,L,1,T1,NEUTRAL,4,3,5159.0,5145.5,-1.0,-680.0,13.5
2023-11-16,L,1,T2,NEUTRAL,4,3,5159.0,5145.5,-1.0,-680.0,13.5
2023-11-16,L,1,T1,NEUTRAL,6,5,5160.5,5150.25,-1.0,-517.5,10.25
2023-11-16,L,1,T2,NEUTRAL,6,5,5160.5,5150.25,-1.0,-517.5,10.25
2023-11-17,L,1,T1,NEUTRAL,3,2,5167.25,5156.5,1.0,532.5,10.75
2023-11-17,L,1,T2,NEUTRAL,3,2,5167.25,5156.5,-1.0,-542.5,10.75
2023-11-20,S,1,T1,NEUTRAL,4,3,5188.75,5194.75,-1.0,-305.0,6.0
2023-11-20,S,1,T2,NEUTRAL,4,3,5188.75,5194.75,-1.0,-305.0,6.0
2023-11-20,S,1,T1,BULL,7,6,5203.0,5215.25,-1.0,-617.5,12.25
2023-11-20,S,1,T2,BULL,7,6,5203.0,5215.25,-1.0,-617.5,12.25
2023-11-21,L,1,T1,NEUTRAL,3,2,5190.75,5181.5,-1.0,-467.5,9.25
2023-11-21,L,1,T2,NEUTRAL,3,2,5190.75,5181.5,-1.0,-467.5,9.25
2023-11-21,L,1,T1,NEUTRAL,6,5,5198.5,5189.75,-1.0,-442.5,8.75
2023-11-21,L,1,T2,NEUTRAL,6,5,5198.5,5189.75,-1.0,-442.5,8.75
2023-11-22,L,1,T1,NEUTRAL,3,2,5216.0,5202.75,-1.0,-667.5,13.25
2023-11-22,L,1,T2,NEUTRAL,3,2,5216.0,5202.75,-1.0,-667.5,13.25
2023-11-22,L,1,T1,NEUTRAL,5,4,5216.5,5206.0,-1.0,-530.0,10.5
2023-11-22,L,1,T2,NEUTRAL,5,4,5216.5,5206.0,-1.0,-530.0,10.5
2023-11-27,L,1,T1,NEUTRAL,3,2,5210.25,5200.75,-1.0,-480.0,9.5
2023-11-27,L,1,T2,NEUTRAL,3,2,5210.25,5200.75,-1.0,-480.0,9.5
2023-11-27,L,1,T1,NEUTRAL,7,6,5209.75,5199.75,-1.0,-505.0,10.0
2023-11-27,L,1,T2,NEUTRAL,7,6,5209.75,5199.75,-1.0,-505.0,10.0
2023-11-28,S,1,T1,NEUTRAL,4,3,5211.25,5221.5,1.0,507.5,10.25
2023-11-28,S,1,T2,NEUTRAL,4,3,5211.25,5221.5,-1.0,-517.5,10.25
2023-11-28,S,1,T1,NEUTRAL,6,5,5199.25,5206.5,-1.0,-367.5,7.25
2023-11-28,S,1,T2,NEUTRAL,6,5,5199.25,5206.5,-1.0,-367.5,7.25
2023-11-29,L,1,T1,NEUTRAL,4,3,5220.0,5206.5,-1.0,-680.0,13.5
2023-11-29,L,1,T2,NEUTRAL,4,3,5220.0,5206.5,-1.0,-680.0,13.5
2023-11-30,L,1,T1,NEUTRAL,5,4,5199.25,5189.75,1.0,470.0,9.5
2023-11-30,L,1,T2,NEUTRAL,5,4,5199.25,5189.75,2.0,945.0,9.5
2023-11-30,L,1,T1,NEUTRAL,6,5,5201.5,5188.5,1.0,645.0,13.0
2023-11-30,L,1,T2,NEUTRAL,6,5,5201.5,5188.5,-1.0,-655.0,13.0
2023-12-01,S,1,T1,NEUTRAL,5,4,5240.0,5252.0,-1.0,-605.0,12.0
2023-12-01,S,1,T2,NEUTRAL,5,4,5240.0,5252.0,-1.0,-605.0,12.0
2023-12-04,L,1,T1,NEUTRAL,3,2,5206.25,5197.25,1.0,445.0,9.0
2023-12-04,L,1,T2,NEUTRAL,3,2,5206.25,5197.25,-1.0,-455.0,9.0
2023-12-04,L,1,T1,NEUTRAL,7,6,5216.5,5210.5,1.0,295.0,6.0
2023-12-04,L,1,T2,NEUTRAL,7,6,5216.5,5210.5,-1.0,-305.0,6.0
2023-12-05,S,1,T1,NEUTRAL,3,2,5208.75,5229.75,-1.0,-1055.0,21.0
2023-12-05,S,1,T2,NEUTRAL,3,2,5208.75,5229.75,-1.0,-1055.0,21.0
2023-12-06,S,1,T1,NEUTRAL,6,5,5211.0,5219.0,1.0,395.0,8.0
2023-12-06,S,1,T2,NEUTRAL,6,5,5211.0,5219.0,-1.0,-405.0,8.0
2023-12-07,S,1,T1,NEUTRAL,6,5,5230.0,5240.25,-1.0,-517.5,10.25
2023-12-07,S,1,T2,NEUTRAL,6,5,5230.0,5240.25,-1.0,-517.5,10.25
2023-12-08,S,1,T1,NEUTRAL,3,2,5231.5,5251.5,-1.0,-1005.0,20.0
2023-12-08,S,1,T2,NEUTRAL,3,2,5231.5,5251.5,-1.0,-1005.0,20.0
2023-12-11,S,1,T1,NEUTRAL,3,2,5248.75,5261.0,-1.0,-617.5,12.25
2023-12-11,S,1,T2,NEUTRAL,3,2,5248.75,5261.0,-1.0,-617.5,12.25
2023-12-11,S,1,T1,BULL,6,5,5262.5,5267.75,-1.0,-267.5,5.25
2023-12-11,S,1,T2,BULL,6,5,5262.5,5267.75,-1.0,-267.5,5.25
2023-12-13,S,1,T1,NEUTRAL,3,2,5293.25,5300.25,-1.0,-355.0,7.0
2023-12-13,S,1,T2,NEUTRAL,3,2,5293.25,5300.25,-1.0,-355.0,7.0
2023-12-14,L,1,T1,NEUTRAL,3,2,5374.75,5360.0,-1.0,-742.5,14.75
2023-12-14,L,1,T2,NEUTRAL,3,2,5374.75,5360.0,-1.0,-742.5,14.75
2023-12-14,L,1,T1,BEAR,6,5,5358.25,5337.25,-1.0,-1055.0,21.0
2023-12-14,L,1,T2,BEAR,6,5,5358.25,5337.25,-1.0,-1055.0,21.0
2023-12-15,S,1,T1,NEUTRAL,4,3,5361.75,5369.75,1.0,395.0,8.0
2023-12-15,S,1,T2,NEUTRAL,4,3,5361.75,5369.75,-1.0,-405.0,8.0
2023-12-18,L,1,T1,NEUTRAL,5,4,5390.0,5384.5,-1.0,-280.0,5.5
2023-12-18,L,1,T2,NEUTRAL,5,4,5390.0,5384.5,-1.0,-280.0,5.5
2023-12-19,L,1,T1,NEUTRAL,5,4,5405.75,5399.25,1.0,320.0,6.5
2023-12-19,L,1,T2,NEUTRAL,5,4,5405.75,5399.25,-1.0,-330.0,6.5
2023-12-20,S,1,T1,NEUTRAL,3,2,5412.75,5419.0,-1.0,-317.5,6.25
2023-12-20,S,1,T2,NEUTRAL,3,2,5412.75,5419.0,-1.0,-317.5,6.25
2023-12-20,S,1,T1,BULL,5,4,5413.0,5422.25,1.0,457.5,9.25
2023-12-20,S,1,T2,BULL,5,4,5413.0,5422.25,2.0,920.0,9.25
2023-12-21,S,1,T1,NEUTRAL,3,2,5365.0,5377.5,1.0,620.0,12.5
2023-12-21,S,1,T2,NEUTRAL,3,2,5365.0,5377.5,-1.0,-630.0,12.5
2023-12-22,L,1,T1,NEUTRAL,4,3,5406.75,5395.5,-1.0,-567.5,11.25
2023-12-22,L,1,T2,NEUTRAL,4,3,5406.75,5395.5,-1.0,-567.5,11.25
2023-12-26,S,1,T1,NEUTRAL,7,6,5414.0,5426.0,-1.0,-605.0,12.0
2023-12-26,S,1,T2,NEUTRAL,7,6,5414.0,5426.0,-1.0,-605.0,12.0
2023-12-27,L,1,T1,NEUTRAL,3,2,5417.25,5409.0,1.0,407.5,8.25
2023-12-27,L,1,T2,NEUTRAL,3,2,5417.25,5409.0,-1.0,-417.5,8.25
2023-12-27,L,1,T1,NEUTRAL,7,6,5418.75,5410.5,1.0,407.5,8.25
2023-12-27,L,1,T2,NEUTRAL,7,6,5418.75,5410.5,-1.0,-417.5,8.25
2023-12-28,S,1,T1,NEUTRAL,4,3,5422.0,5427.75,-1.0,-292.5,5.75
2023-12-28,S,1,T2,NEUTRAL,4,3,5422.0,5427.75,-1.0,-292.5,5.75
2023-12-28,S,1,T1,NEUTRAL,6,5,5424.25,5431.25,-1.0,-355.0,7.0
2023-12-28,S,1,T2,NEUTRAL,6,5,5424.25,5431.25,-1.0,-355.0,7.0
2023-12-29,L,1,T1,NEUTRAL,4,3,5401.5,5387.75,-1.0,-692.5,13.75
2023-12-29,L,1,T2,NEUTRAL,4,3,5401.5,5387.75,-1.0,-692.5,13.75
2024-01-02,L,1,T1,NEUTRAL,3,2,5376.75,5364.25,-1.0,-630.0,12.5
2024-01-02,L,1,T2,NEUTRAL,3,2,5376.75,5364.25,-1.0,-630.0,12.5
2024-01-02,L,1,T1,NEUTRAL,7,6,5373.0,5356.5,-1.0,-830.0,16.5
2024-01-02,L,1,T2,NEUTRAL,7,6,5373.0,5356.5,-1.0,-830.0,16.5
2024-01-03,L,1,T1,NEUTRAL,4,3,5349.75,5340.0,-1.0,-492.5,9.75
2024-01-03,L,1,T2,NEUTRAL,4,3,5349.75,5340.0,-1.0,-492.5,9.75
2024-01-04,S,1,T1,NEUTRAL,3,2,5343.75,5358.0,1.0,707.5,14.25
2024-01-04,S,1,T2,NEUTRAL,3,2,5343.75,5358.0,-1.0,-717.5,14.25
2024-01-05,S,1,T1,NEUTRAL,3,2,5336.75,5351.75,1.0,745.0,15.0
2024-01-05,S,1,T2,NEUTRAL,3,2,5336.75,5351.75,-1.0,-755.0,15.0
2024-01-05,S,1,T1,NEUTRAL,6,5,5324.5,5337.0,1.0,620.0,12.5
2024-01-05,S,1,T2,NEUTRAL,6,5,5324.5,5337.0,-1.0,-630.0,12.5
2024-01-09,S,1,T1,NEUTRAL,5,4,5382.5,5395.5,-1.0,-655.0,13.0
2024-01-09,S,1,T2,NEUTRAL,5,4,5382.5,5395.5,-1.0,-655.0,13.0
2024-01-09,S,1,T1,NEUTRAL,7,6,5377.0,5388.75,-1.0,-592.5,11.75
2024-01-09,S,1,T2,NEUTRAL,7,6,5377.0,5388.75,-1.0,-592.5,11.75
2024-01-10,L,1,T1,NEUTRAL,4,3,5397.25,5389.25,1.0,395.0,8.0
2024-01-10,L,1,T2,NEUTRAL,4,3,5397.25,5389.25,2.0,795.0,8.0
2024-01-11,L,1,T1,NEUTRAL,4,3,5378.25,5363.75,1.0,720.0,14.5
2024-01-11,L,1,T2,NEUTRAL,4,3,5378.25,5363.75,2.0,1445.0,14.5
2024-01-12,L,1,T1,NEUTRAL,5,4,5409.5,5397.0,-1.0,-630.0,12.5
2024-01-12,L,1,T2,NEUTRAL,5,4,5409.5,5397.0,-1.0,-630.0,12.5
2024-01-16,S,1,T1,NEUTRAL,3,2,5386.0,5407.25,-1.0,-1067.5,21.25
2024-01-16,S,1,T2,NEUTRAL,3,2,5386.0,5407.25,-1.0,-1067.5,21.25
2024-01-17,S,1,T1,NEUTRAL,3,2,5353.5,5367.25,1.0,682.5,13.75
2024-01-17,S,1,T2,NEUTRAL,3,2,5353.5,5367.25,-1.0,-692.5,13.75
2024-01-18,S,1,T1,NEUTRAL,3,2,5373.25,5386.5,-1.0,-667.5,13.25
2024-01-18,S,1,T2,NEUTRAL,3,2,5373.25,5386.5,-1.0,-667.5,13.25
2024-01-18,S,1,T1,NEUTRAL,4,3,5366.5,5387.75,-1.0,-1067.5,21.25
2024-01-18,S,1,T2,NEUTRAL,4,3,5366.5,5387.75,-1.0,-1067.5,21.25
2024-01-19,L,1,T1,NEUTRAL,7,6,5464.0,5450.75,-1.0,-667.5,13.25
2024-01-19,L,1,T2,NEUTRAL,7,6,5464.0,5450.75,-1.0,-667.5,13.25
2024-01-22,S,1,T1,NEUTRAL,4,3,5469.0,5479.5,-1.0,-530.0,10.5
2024-01-22,S,1,T2,NEUTRAL,4,3,5469.0,5479.5,-1.0,-530.0,10.5
2024-01-23,L,1,T1,NEUTRAL,4,3,5472.75,5465.25,1.0,370.0,7.5
2024-01-23,L,1,T2,NEUTRAL,4,3,5472.75,5465.25,2.0,745.0,7.5
2024-01-24,S,1,T1,NEUTRAL,4,3,5512.75,5522.0,1.0,457.5,9.25
2024-01-24,S,1,T2,NEUTRAL,4,3,5512.75,5522.0,2.0,920.0,9.25
2024-01-24,S,1,T1,NEUTRAL,5,4,5510.5,5524.75,1.0,707.5,14.25
2024-01-24,S,1,T2,NEUTRAL,5,4,5510.5,5524.75,2.0,1420.0,14.25
2024-01-25,S,1,T1,NEUTRAL,3,2,5502.0,5516.5,-1.0,-730.0,14.5
2024-01-25,S,1,T2,NEUTRAL,3,2,5502.0,5516.5,-1.0,-730.0,14.5
2024-01-26,S,1,T1,NEUTRAL,4,3,5514.5,5523.0,1.0,420.0,8.5
2024-01-26,S,1,T2,NEUTRAL,4,3,5514.5,5523.0,-1.0,-430.0,8.5
2024-01-29,L,1,T1,NEUTRAL,3,2,5512.25,5503.75,1.0,420.0,8.5
2024-01-29,L,1,T2,NEUTRAL,3,2,5512.25,5503.75,2.0,845.0,8.5
2024-01-30,L,1,T1,NEUTRAL,3,2,5543.75,5535.0,-1.0,-442.5,8.75
2024-01-30,L,1,T2,NEUTRAL,3,2,5543.75,5535.0,-1.0,-442.5,8.75
2024-01-30,L,1,T1,NEUTRAL,5,4,5542.0,5532.5,-1.0,-480.0,9.5
2024-01-30,L,1,T2,NEUTRAL,5,4,5542.0,5532.5,-1.0,-480.0,9.5
2024-01-31,L,1,T1,NEUTRAL,4,3,5505.25,5493.75,-1.0,-580.0,11.5
2024-01-31,L,1,T2,NEUTRAL,4,3,5505.25,5493.75,-1.0,-580.0,11.5
2024-01-31,L,1,T1,NEUTRAL,6,5,5509.75,5486.5,-1.0,-1167.5,23.25
2024-01-31,L,1,T2,NEUTRAL,6,5,5509.75,5486.5,-1.0,-1167.5,23.25
2024-02-01,L,1,T1,NEUTRAL,3,2,5491.0,5465.5,1.0,1270.0,25.5
2024-02-01,L,1,T2,NEUTRAL,3,2,5491.0,5465.5,-1.0,-1280.0,25.5
2024-02-01,L,1,T1,NEUTRAL,6,5,5508.5,5491.5,1.0,845.0,17.0
2024-02-01,L,1,T2,NEUTRAL,6,5,5508.5,5491.5,-1.0,-855.0,17.0
2024-02-02,S,1,T1,NEUTRAL,4,3,5556.75,5573.0,-1.0,-817.5,16.25
2024-02-02,S,1,T2,NEUTRAL,4,3,5556.75,5573.0,-1.0,-817.5,16.25
2024-02-02,S,1,T1,BULL,7,6,5576.75,5589.25,1.0,620.0,12.5
2024-02-02,S,1,T2,BULL,7,6,5576.75,5589.25,-1.0,-630.0,12.5
2024-02-05,L,1,T1,NEUTRAL,3,2,5545.5,5528.75,1.0,832.5,16.75
2024-02-05,L,1,T2,NEUTRAL,3,2,5545.5,5528.75,-1.0,-842.5,16.75
2024-02-06,S,1,T1,NEUTRAL,3,2,5549.5,5560.75,-1.0,-567.5,11.25
2024-02-06,S,1,T2,NEUTRAL,3,2,5549.5,5560.75,-1.0,-567.5,11.25
2024-02-06,S,1,T1,NEUTRAL,5,4,5549.75,5557.25,-1.0,-380.0,7.5
2024-02-06,S,1,T2,NEUTRAL,5,4,5549.75,5557.25,-1.0,-380.0,7.5
2024-02-07,S,1,T1,NEUTRAL,4,3,5594.0,5604.75,-1.0,-542.5,10.75
2024-02-07,S,1,T2,NEUTRAL,4,3,5594.0,5604.75,-1.0,-542.5,10.75
2024-02-07,S,1,T1,BULL,7,6,5603.25,5611.5,-1.0,-417.5,8.25
2024-02-07,S,1,T2,BULL,7,6,5603.25,5611.5,-1.0,-417.5,8.25
2024-02-08,L,1,T1,NEUTRAL,4,3,5605.5,5596.0,-1.0,-480.0,9.5
2024-02-08,L,1,T2,NEUTRAL,4,3,5605.5,5596.0,-1.0,-480.0,9.5
2024-02-08,L,1,T1,BULL,7,6,5610.0,5599.0,-1.0,-555.0,11.0
2024-02-08,L,1,T2,BULL,7,6,5610.0,5599.0,-1.0,-555.0,11.0
2024-02-09,S,1,T1,NEUTRAL,3,2,5617.5,5625.5,-1.0,-405.0,8.0
2024-02-09,S,1,T2,NEUTRAL,3,2,5617.5,5625.5,-1.0,-405.0,8.0
2024-02-09,S,1,T1,BULL,7,6,5630.5,5640.0,-1.0,-480.0,9.5
2024-02-09,S,1,T2,BULL,7,6,5630.5,5640.0,-1.0,-480.0,9.5
2024-02-12,S,1,T1,NEUTRAL,4,3,5649.0,5658.0,1.0,445.0,9.0
2024-02-12,S,1,T2,NEUTRAL,4,3,5649.0,5658.0,2.0,895.0,9.0
2024-02-12,S,1,T1,NEUTRAL,7,6,5626.25,5635.75,-1.0,-480.0,9.5
2024-02-12,S,1,T2,NEUTRAL,7,6,5626.25,5635.75,-1.0,-480.0,9.5
2024-02-13,S,1,T1,NEUTRAL,3,2,5565.5,5578.5,1.0,645.0,13.0
2024-02-13,S,1,T2,NEUTRAL,3,2,5565.5,5578.5,2.0,1295.0,13.0
2024-02-13,S,1,T1,NEUTRAL,4,3,5564.5,5579.75,1.0,757.5,15.25
2024-02-13,S,1,T2,NEUTRAL,4,3,5564.5,5579.75,2.0,1520.0,15.25
2024-02-14,L,1,T1,NEUTRAL,4,3,5584.0,5563.75,1.0,1007.5,20.25
2024-02-14,L,1,T2,NEUTRAL,4,3,5584.0,5563.75,-1.0,-1017.5,20.25
2024-02-14,L,1,T1,BULL,6,5,5592.25,5572.25,-1.0,-1005.0,20.0
2024-02-14,L,1,T2,BULL,6,5,5592.25,5572.25,-1.0,-1005.0,20.0
2024-02-15,L,1,T1,NEUTRAL,3,2,5617.75,5604.75,1.0,645.0,13.0
2024-02-15,L,1,T2,NEUTRAL,3,2,5617.75,5604.75,-1.0,-655.0,13.0
2024-02-16,S,1,T1,NEUTRAL,4,3,5632.75,5641.75,-1.0,-455.0,9.0
2024-02-16,S,1,T2,NEUTRAL,4,3,5632.75,5641.75,-1.0,-455.0,9.0
2024-02-16,S,1,T1,BULL,6,5,5632.5,5646.0,1.0,670.0,13.5
2024-02-16,S,1,T2,BULL,6,5,5632.5,5646.0,2.0,1345.0,13.5
2024-02-20,L,1,T1,NEUTRAL,5,4,5575.75,5559.25,-1.0,-830.0,16.5
2024-02-20,L,1,T2,NEUTRAL,5,4,5575.75,5559.25,-1.0,-830.0,16.5
2024-02-21,S,1,T1,NEUTRAL,3,2,5565.0,5578.5,1.0,670.0,13.5
2024-02-21,S,1,T2,NEUTRAL,3,2,5565.0,5578.5,-1.0,-680.0,13.5
2024-02-21,S,1,T1,BEAR,6,5,5557.0,5576.25,-1.0,-967.5,19.25
2024-02-21,S,1,T2,BEAR,6,5,5557.0,5576.25,-1.0,-967.5,19.25
2024-02-23,S,1,T1,NEUTRAL,5,4,5690.0,5702.75,-1.0,-642.5,12.75
2024-02-23,S,1,T2,NEUTRAL,5,4,5690.0,5702.75,-1.0,-642.5,12.75
2024-02-23,S,1,T1,NEUTRAL,7,6,5689.5,5698.5,-1.0,-455.0,9.0
2024-02-23,S,1,T2,NEUTRAL,7,6,5689.5,5698.5,-1.0,-455.0,9.0
2024-02-26,S,1,T1,NEUTRAL,4,3,5683.5,5691.25,1.0,382.5,7.75
2024-02-26,S,1,T2,NEUTRAL,4,3,5683.5,5691.25,-1.0,-392.5,7.75
2024-02-26,S,1,T1,NEUTRAL,7,6,5678.0,5686.25,1.0,407.5,8.25
2024-02-26,S,1,T2,NEUTRAL,7,6,5678.0,5686.25,-1.0,-417.5,8.25
2024-02-27,S,1,T1,NEUTRAL,3,2,5666.25,5674.5,-1.0,-417.5,8.25
2024-02-27,S,1,T2,NEUTRAL,3,2,5666.25,5674.5,-1.0,-417.5,8.25
2024-02-28,S,1,T1,NEUTRAL,4,3,5668.5,5678.75,-1.0,-517.5,10.25
2024-02-28,S,1,T2,NEUTRAL,4,3,5668.5,5678.75,-1.0,-517.5,10.25
2024-02-28,S,1,T1,NEUTRAL,6,5,5665.25,5678.75,-1.0,-680.0,13.5
2024-02-28,S,1,T2,NEUTRAL,6,5,5665.25,5678.75,-1.0,-680.0,13.5
2024-02-29,S,1,T1,NEUTRAL,3,2,5677.0,5686.75,1.0,482.5,9.75
2024-02-29,S,1,T2,NEUTRAL,3,2,5677.0,5686.75,-1.0,-492.5,9.75
2024-02-29,S,1,T1,NEUTRAL,6,5,5682.0,5691.5,-1.0,-480.0,9.5
2024-02-29,S,1,T2,NEUTRAL,6,5,5682.0,5691.5,-1.0,-480.0,9.5
2024-03-04,S,1,T1,NEUTRAL,3,2,5728.5,5735.75,-1.0,-367.5,7.25
2024-03-04,S,1,T2,NEUTRAL,3,2,5728.5,5735.75,-1.0,-367.5,7.25
2024-03-04,S,1,T1,BULL,7,6,5734.75,5749.25,-1.0,-730.0,14.5
2024-03-04,S,1,T2,BULL,7,6,5734.75,5749.25,-1.0,-730.0,14.5
2024-03-05,L,1,T1,NEUTRAL,3,2,5689.75,5680.0,-1.0,-492.5,9.75
2024-03-05,L,1,T2,NEUTRAL,3,2,5689.75,5680.0,-1.0,-492.5,9.75
2024-03-05,L,1,T1,BEAR,7,6,5676.25,5654.0,-1.0,-1117.5,22.25
2024-03-05,L,1,T2,BEAR,7,6,5676.25,5654.0,-1.0,-1117.5,22.25
2024-03-06,S,1,T1,NEUTRAL,5,4,5715.0,5726.0,1.0,545.0,11.0
2024-03-06,S,1,T2,NEUTRAL,5,4,5715.0,5726.0,2.0,1095.0,11.0
2024-03-07,S,1,T1,NEUTRAL,3,2,5740.5,5751.75,-1.0,-567.5,11.25
2024-03-07,S,1,T2,NEUTRAL,3,2,5740.5,5751.75,-1.0,-567.5,11.25
2024-03-07,S,1,T1,BULL,6,5,5750.5,5762.0,-1.0,-580.0,11.5
2024-03-07,S,1,T2,BULL,6,5,5750.5,5762.0,-1.0,-580.0,11.5
2024-03-08,L,1,T1,NEUTRAL,6,5,5739.25,5712.75,-1.0,-1330.0,26.5
2024-03-08,L,1,T2,NEUTRAL,6,5,5739.25,5712.75,-1.0,-1330.0,26.5
2024-03-11,L,1,T1,NEUTRAL,3,2,5708.25,5688.0,-1.0,-1017.5,20.25
2024-03-11,L,1,T2,NEUTRAL,3,2,5708.25,5688.0,-1.0,-1017.5,20.25
2024-03-12,S,1,T1,NEUTRAL,3,2,5749.25,5765.75,-1.0,-830.0,16.5
2024-03-12,S,1,T2,NEUTRAL,3,2,5749.25,5765.75,-1.0,-830.0,16.5
2024-03-13,L,1,T1,NEUTRAL,4,3,5765.75,5757.25,-1.0,-430.0,8.5
2024-03-13,L,1,T2,NEUTRAL,4,3,5765.75,5757.25,-1.0,-430.0,8.5
2024-03-14,S,1,T1,NEUTRAL,3,2,5736.75,5753.25,1.0,820.0,16.5
2024-03-14,S,1,T2,NEUTRAL,3,2,5736.75,5753.25,-1.0,-830.0,16.5
2024-03-14,S,1,T1,BEAR,6,5,5723.25,5749.25,-1.0,-1305.0,26.0
2024-03-14,S,1,T2,BEAR,6,5,5723.25,5749.25,-1.0,-1305.0,26.0
2024-03-15,S,1,T1,NEUTRAL,3,2,5712.25,5729.0,1.0,832.5,16.75
2024-03-15,S,1,T2,NEUTRAL,3,2,5712.25,5729.0,-1.0,-842.5,16.75
2024-03-15,S,1,T1,NEUTRAL,7,6,5705.75,5717.75,-1.0,-605.0,12.0
2024-03-15,S,1,T2,NEUTRAL,7,6,5705.75,5717.75,-1.0,-605.0,12.0
2024-03-18,S,1,T1,NEUTRAL,3,2,5754.25,5765.25,1.0,545.0,11.0
2024-03-18,S,1,T2,NEUTRAL,3,2,5754.25,5765.25,-1.0,-555.0,11.0
2024-03-18,S,1,T1,BEAR,6,5,5744.25,5756.0,-1.0,-592.5,11.75
2024-03-18,S,1,T2,BEAR,6,5,5744.25,5756.0,-1.0,-592.5,11.75
2024-03-18,S,1,T1,BEAR,7,6,5743.25,5756.25,-1.0,-655.0,13.0
2024-03-18,S,1,T2,BEAR,7,6,5743.25,5756.25,-1.0,-655.0,13.0
2024-03-19,S,1,T1,NEUTRAL,6,5,5755.5,5764.25,-1.0,-442.5,8.75
2024-03-19,S,1,T2,NEUTRAL,6,5,5755.5,5764.25,-1.0,-442.5,8.75
2024-03-20,S,1,T1,NEUTRAL,3,2,5765.25,5775.0,-1.0,-492.5,9.75
2024-03-20,S,1,T2,NEUTRAL,3,2,5765.25,5775.0,-1.0,-492.5,9.75
2024-03-21,L,1,T1,NEUTRAL,3,2,5848.75,5838.25,-1.0,-530.0,10.5
2024-03-21,L,1,T2,NEUTRAL,3,2,5848.75,5838.25,-1.0,-530.0,10.5
2024-03-21,L,1,T1,NEUTRAL,7,6,5839.25,5828.25,-1.0,-555.0,11.0
2024-03-21,L,1,T2,NEUTRAL,7,6,5839.25,5828.25,-1.0,-555.0,11.0
2024-03-22,S,1,T1,NEUTRAL,4,3,5818.25,5825.5,-1.0,-367.5,7.25
2024-03-22,S,1,T2,NEUTRAL,4,3,5818.25,5825.5,-1.0,-367.5,7.25
2024-03-22,S,1,T1,NEUTRAL,6,5,5825.25,5833.25,1.0,395.0,8.0
2024-03-22,S,1,T2,NEUTRAL,6,5,5825.25,5833.25,-1.0,-405.0,8.0
2024-03-25,L,1,T1,NEUTRAL,3,2,5814.0,5806.5,-1.0,-380.0,7.5
2024-03-25,L,1,T2,NEUTRAL,3,2,5814.0,5806.5,-1.0,-380.0,7.5
2024-03-25,L,1,T1,NEUTRAL,5,4,5812.5,5806.5,-1.0,-305.0,6.0
2024-03-25,L,1,T2,NEUTRAL,5,4,5812.5,5806.5,-1.0,-305.0,6.0
2024-03-26,L,1,T1,NEUTRAL,3,2,5819.75,5811.25,-1.0,-430.0,8.5
2024-03-26,L,1,T2,NEUTRAL,3,2,5819.75,5811.25,-1.0,-430.0,8.5
2024-03-26,L,1,T1,BEAR,6,5,5816.0,5809.75,-1.0,-317.5,6.25
2024-03-26,L,1,T2,BEAR,6,5,5816.0,5809.75,-1.0,-317.5,6.25
2024-03-27,L,1,T1,NEUTRAL,4,3,5804.75,5797.5,1.0,357.5,7.25
2024-03-27,L,1,T2,NEUTRAL,4,3,5804.75,5797.5,2.0,720.0,7.25
2024-03-27,L,1,T1,BULL,7,6,5815.5,5802.5,1.0,645.0,13.0
2024-03-27,L,1,T2,BULL,7,6,5815.5,5802.5,-1.0,-655.0,13.0
2024-03-28,L,1,T1,NEUTRAL,3,2,5842.5,5835.0,-1.0,-380.0,7.5
2024-03-28,L,1,T2,NEUTRAL,3,2,5842.5,5835.0,-1.0,-380.0,7.5
2024-03-28,L,1,T1,NEUTRAL,6,5,5839.25,5831.75,1.0,370.0,7.5
2024-03-28,L,1,T2,NEUTRAL,6,5,5839.25,5831.75,-1.0,-380.0,7.5
2024-04-01,L,1,T1,NEUTRAL,4,3,5821.0,5809.0,-1.0,-605.0,12.0
2024-04-01,L,1,T2,NEUTRAL,4,3,5821.0,5809.0,-1.0,-605.0,12.0
2024-04-01,L,1,T1,NEUTRAL,6,5,5820.75,5813.0,-1.0,-392.5,7.75
2024-04-01,L,1,T2,NEUTRAL,6,5,5820.75,5813.0,-1.0,-392.5,7.75
2024-04-02,L,1,T1,NEUTRAL,3,2,5776.25,5764.75,1.0,570.0,11.5
2024-04-02,L,1,T2,NEUTRAL,3,2,5776.25,5764.75,-1.0,-580.0,11.5
2024-04-02,L,1,T1,NEUTRAL,6,5,5779.75,5771.25,1.0,420.0,8.5
2024-04-02,L,1,T2,NEUTRAL,6,5,5779.75,5771.25,-1.0,-430.0,8.5
2024-04-03,S,1,T1,NEUTRAL,3,2,5799.0,5808.0,1.0,445.0,9.0
2024-04-03,S,1,T2,NEUTRAL,3,2,5799.0,5808.0,2.0,895.0,9.0
2024-04-03,S,1,T1,NEUTRAL,6,5,5799.0,5806.25,1.0,357.5,7.25
2024-04-03,S,1,T2,NEUTRAL,6,5,5799.0,5806.25,2.0,720.0,7.25
2024-04-04,L,1,T1,NEUTRAL,3,2,5826.5,5819.5,1.0,345.0,7.0
2024-04-04,L,1,T2,NEUTRAL,3,2,5826.5,5819.5,-1.0,-355.0,7.0
2024-04-05,S,1,T1,NEUTRAL,5,4,5781.5,5799.75,-1.0,-917.5,18.25
2024-04-05,S,1,T2,NEUTRAL,5,4,5781.5,5799.75,-1.0,-917.5,18.25
2024-04-08,S,1,T1,NEUTRAL,3,2,5786.5,5796.0,1.0,470.0,9.5
2024-04-08,S,1,T2,NEUTRAL,3,2,5786.5,5796.0,-1.0,-480.0,9.5
2024-04-08,S,1,T1,NEUTRAL,7,6,5780.0,5788.25,-1.0,-417.5,8.25
2024-04-08,S,1,T2,NEUTRAL,7,6,5780.0,5788.25,-1.0,-417.5,8.25
2024-04-09,L,1,T1,NEUTRAL,3,2,5769.75,5735.0,-1.0,-1742.5,34.75
2024-04-09,L,1,T2,NEUTRAL,3,2,5769.75,5735.0,-1.0,-1742.5,34.75
2024-04-09,L,1,T1,NEUTRAL,6,5,5770.25,5755.0,1.0,757.5,15.25
2024-04-09,L,1,T2,NEUTRAL,6,5,5770.25,5755.0,-1.0,-767.5,15.25
2024-04-09,L,2,T1,BULL,7,6,5780.5,5749.75,-1.0,-1542.5,30.75
2024-04-09,L,2,T2,BULL,7,6,5780.5,5749.75,-1.0,-1542.5,30.75
2024-04-10,S,1,T1,NEUTRAL,3,2,5725.5,5753.75,-1.0,-1417.5,28.25
2024-04-10,S,1,T2,NEUTRAL,3,2,5725.5,5753.75,-1.0,-1417.5,28.25
2024-04-11,L,1,T1,NEUTRAL,3,2,5731.25,5712.25,1.0,945.0,19.0
2024-04-11,L,1,T2,NEUTRAL,3,2,5731.25,5712.25,2.0,1895.0,19.0
2024-04-12,L,1,T1,NEUTRAL,7,6,5694.25,5676.75,-1.0,-880.0,17.5
2024-04-12,L,1,T2,NEUTRAL,7,6,5694.25,5676.75,-1.0,-880.0,17.5
2024-04-16,L,1,T1,NEUTRAL,3,2,5628.5,5608.25,-1.0,-1017.5,20.25
2024-04-16,L,1,T2,NEUTRAL,3,2,5628.5,5608.25,-1.0,-1017.5,20.25
2024-04-16,L,1,T1,NEUTRAL,5,4,5636.0,5621.5,-1.0,-730.0,14.5
2024-04-16,L,1,T2,NEUTRAL,5,4,5636.0,5621.5,-1.0,-730.0,14.5
2024-04-17,L,1,T1,NEUTRAL,5,4,5601.75,5573.75,-1.0,-1405.0,28.0
2024-04-17,L,1,T2,NEUTRAL,5,4,5601.75,5573.75,-1.0,-1405.0,28.0
2024-04-18,S,1,T1,NEUTRAL,4,3,5602.25,5615.0,1.0,632.5,12.75
2024-04-18,S,1,T2,NEUTRAL,4,3,5602.25,5615.0,2.0,1270.0,12.75
2024-04-19,L,1,T1,NEUTRAL,5,4,5557.5,5529.5,-1.0,-1405.0,28.0
2024-04-19,L,1,T2,NEUTRAL,5,4,5557.5,5529.5,-1.0,-1405.0,28.0
2024-04-22,L,1,T1,NEUTRAL,3,2,5552.75,5532.75,1.0,995.0,20.0
2024-04-22,L,1,T2,NEUTRAL,3,2,5552.75,5532.75,2.0,1995.0,20.0
2024-04-23,S,1,T1,NEUTRAL,6,5,5629.75,5640.0,-1.0,-517.5,10.25
2024-04-23,S,1,T2,NEUTRAL,6,5,5629.75,5640.0,-1.0,-517.5,10.25
2024-04-24,L,1,T1,NEUTRAL,4,3,5629.75,5611.75,-1.0,-905.0,18.0
2024-04-24,L,1,T2,NEUTRAL,4,3,5629.75,5611.75,-1.0,-905.0,18.0
2024-04-24,L,1,T1,NEUTRAL,5,4,5630.75,5608.75,-1.0,-1105.0,22.0
2024-04-24,L,1,T2,NEUTRAL,5,4,5630.75,5608.75,-1.0,-1105.0,22.0
2024-04-24,L,2,T1,NEUTRAL,7,6,5640.25,5619.75,-1.0,-1030.0,20.5
2024-04-24,L,2,T2,NEUTRAL,7,6,5640.25,5619.75,-1.0,-1030.0,20.5
2024-04-26,L,1,T1,NEUTRAL,4,3,5665.25,5654.25,-1.0,-555.0,11.0
2024-04-26,L,1,T2,NEUTRAL,4,3,5665.25,5654.25,-1.0,-555.0,11.0
2024-04-29,S,1,T1,NEUTRAL,3,2,5667.5,5680.5,1.0,645.0,13.0
2024-04-29,S,1,T2,NEUTRAL,3,2,5667.5,5680.5,-1.0,-655.0,13.0
2024-04-29,S,1,T1,NEUTRAL,6,5,5669.25,5679.25,1.0,495.0,10.0
2024-04-29,S,1,T2,NEUTRAL,6,5,5669.25,5679.25,2.0,995.0,10.0
2024-04-30,S,1,T1,NEUTRAL,6,5,5622.0,5637.5,1.0,770.0,15.5
2024-04-30,S,1,T2,NEUTRAL,6,5,5622.0,5637.5,2.0,1545.0,15.5
2024-05-01,L,1,T1,NEUTRAL,5,4,5582.0,5569.5,1.0,620.0,12.5
2024-05-01,L,1,T2,NEUTRAL,5,4,5582.0,5569.5,2.0,1245.0,12.5
2024-05-02,S,1,T1,NEUTRAL,4,3,5581.5,5598.5,-1.0,-855.0,17.0
2024-05-02,S,1,T2,NEUTRAL,4,3,5581.5,5598.5,-1.0,-855.0,17.0
2024-05-02,S,1,T1,NEUTRAL,7,6,5612.0,5628.0,-1.0,-805.0,16.0
2024-05-02,S,1,T2,NEUTRAL,7,6,5612.0,5628.0,-1.0,-805.0,16.0
2024-05-03,L,1,T1,NEUTRAL,3,2,5673.0,5653.5,-1.0,-980.0,19.5
2024-05-03,L,1,T2,NEUTRAL,3,2,5673.0,5653.5,-1.0,-980.0,19.5
2024-05-03,L,1,T1,BULL,7,6,5689.25,5680.75,-1.0,-430.0,8.5
2024-05-03,L,1,T2,BULL,7,6,5689.25,5680.75,-1.0,-430.0,8.5
2024-05-06,S,1,T1,NEUTRAL,3,2,5706.25,5715.0,-1.0,-442.5,8.75
2024-05-06,S,1,T2,NEUTRAL,3,2,5706.25,5715.0,-1.0,-442.5,8.75
2024-05-07,S,1,T1,NEUTRAL,4,3,5744.5,5751.25,-1.0,-342.5,6.75
2024-05-07,S,1,T2,NEUTRAL,4,3,5744.5,5751.25,-1.0,-342.5,6.75
2024-05-07,S,1,T1,NEUTRAL,5,4,5743.0,5753.5,1.0,520.0,10.5
2024-05-07,S,1,T2,NEUTRAL,5,4,5743.0,5753.5,-1.0,-530.0,10.5
2024-05-07,S,1,T1,NEUTRAL,6,5,5734.5,5754.0,-1.0,-980.0,19.5
2024-05-07,S,1,T2,NEUTRAL,6,5,5734.5,5754.0,-1.0,-980.0,19.5
2024-05-08,S,1,T1,NEUTRAL,4,3,5732.75,5739.75,-1.0,-355.0,7.0
2024-05-08,S,1,T2,NEUTRAL,4,3,5732.75,5739.75,-1.0,-355.0,7.0
2024-05-09,L,1,T1,NEUTRAL,4,3,5759.75,5747.5,-1.0,-617.5,12.25
2024-05-09,L,1,T2,NEUTRAL,4,3,5759.75,5747.5,-1.0,-617.5,12.25
2024-05-09,L,1,T1,NEUTRAL,6,5,5761.0,5753.5,1.0,370.0,7.5
2024-05-09,L,1,T2,NEUTRAL,6,5,5761.0,5753.5,-1.0,-380.0,7.5
2024-05-10,L,1,T1,NEUTRAL,4,3,5771.0,5759.5,-1.0,-580.0,11.5
2024-05-10,L,1,T2,NEUTRAL,4,3,5771.0,5759.5,-1.0,-580.0,11.5
2024-05-10,L,1,T1,BULL,6,5,5774.0,5762.75,-1.0,-567.5,11.25
2024-05-10,L,1,T2,BULL,6,5,5774.0,5762.75,-1.0,-567.5,11.25
2024-05-13,L,1,T1,NEUTRAL,6,5,5772.75,5766.0,-1.0,-342.5,6.75
2024-05-13,L,1,T2,NEUTRAL,6,5,5772.75,5766.0,-1.0,-342.5,6.75
2024-05-14,S,1,T1,NEUTRAL,4,3,5770.25,5782.5,-1.0,-617.5,12.25
2024-05-14,S,1,T2,NEUTRAL,4,3,5770.25,5782.5,-1.0,-617.5,12.25
2024-05-15,L,1,T1,NEUTRAL,7,6,5856.25,5848.5,1.0,382.5,7.75
2024-05-15,L,1,T2,NEUTRAL,7,6,5856.25,5848.5,-1.0,-392.5,7.75
2024-05-16,S,1,T1,NEUTRAL,3,2,5865.0,5876.25,1.0,557.5,11.25
2024-05-16,S,1,T2,NEUTRAL,3,2,5865.0,5876.25,-1.0,-567.5,11.25
2024-05-16,S,1,T1,NEUTRAL,7,6,5854.5,5863.0,1.0,420.0,8.5
2024-05-16,S,1,T2,NEUTRAL,7,6,5854.5,5863.0,-1.0,-430.0,8.5
2024-05-17,S,1,T1,NEUTRAL,3,2,5842.75,5852.75,1.0,495.0,10.0
2024-05-17,S,1,T2,NEUTRAL,3,2,5842.75,5852.75,-1.0,-505.0,10.0
2024-05-20,S,1,T1,NEUTRAL,3,2,5868.5,5874.75,1.0,307.5,6.25
2024-05-20,S,1,T2,NEUTRAL,3,2,5868.5,5874.75,2.0,620.0,6.25
2024-05-20,S,1,T1,NEUTRAL,4,3,5865.5,5875.5,1.0,495.0,10.0
2024-05-20,S,1,T2,NEUTRAL,4,3,5865.5,5875.5,-1.0,-505.0,10.0
2024-05-20,S,1,T1,NEUTRAL,7,6,5856.25,5864.0,-1.0,-392.5,7.75
2024-05-20,S,1,T2,NEUTRAL,7,6,5856.25,5864.0,-1.0,-392.5,7.75
2024-05-21,S,1,T1,NEUTRAL,3,2,5857.5,5866.5,-1.0,-455.0,9.0
2024-05-21,S,1,T2,NEUTRAL,3,2,5857.5,5866.5,-1.0,-455.0,9.0
2024-05-22,S,1,T1,NEUTRAL,3,2,5865.5,5872.25,1.0,332.5,6.75
2024-05-22,S,1,T2,NEUTRAL,3,2,5865.5,5872.25,2.0,670.0,6.75
2024-05-22,S,1,T1,NEUTRAL,5,4,5864.25,5870.75,1.0,320.0,6.5
2024-05-22,S,1,T2,NEUTRAL,5,4,5864.25,5870.75,2.0,645.0,6.5
2024-05-23,L,1,T1,NEUTRAL,3,2,5863.75,5843.5,-1.0,-1017.5,20.25
2024-05-23,L,1,T2,NEUTRAL,3,2,5863.75,5843.5,-1.0,-1017.5,20.25
2024-05-24,L,1,T1,NEUTRAL,5,4,5853.0,5843.75,-1.0,-467.5,9.25
2024-05-24,L,1,T2,NEUTRAL,5,4,5853.0,5843.75,-1.0,-467.5,9.25
2024-05-24,L,1,T1,NEUTRAL,7,6,5850.25,5836.0,-1.0,-717.5,14.25
2024-05-24,L,1,T2,NEUTRAL,7,6,5850.25,5836.0,-1.0,-717.5,14.25
2024-05-28,L,1,T1,NEUTRAL,3,2,5855.5,5844.5,-1.0,-555.0,11.0
2024-05-28,L,1,T2,NEUTRAL,3,2,5855.5,5844.5,-1.0,-555.0,11.0
2024-05-28,L,1,T1,NEUTRAL,7,6,5843.75,5823.5,-1.0,-1017.5,20.25
2024-05-28,L,1,T2,NEUTRAL,7,6,5843.75,5823.5,-1.0,-1017.5,20.25
2024-05-29,S,1,T1,NEUTRAL,3,2,5812.0,5825.5,-1.0,-680.0,13.5
2024-05-29,S,1,T2,NEUTRAL,3,2,5812.0,5825.5,-1.0,-680.0,13.5
2024-05-29,S,1,T1,NEUTRAL,5,4,5815.25,5825.5,-1.0,-517.5,10.25
2024-05-29,S,1,T2,NEUTRAL,5,4,5815.25,5825.5,-1.0,-517.5,10.25
2024-05-29,S,2,T1,BEAR,7,6,5812.0,5825.0,-1.0,-655.0,13.0
2024-05-29,S,2,T2,BEAR,7,6,5812.0,5825.0,-1.0,-655.0,13.0
2024-05-30,L,1,T1,NEUTRAL,3,2,5792.5,5779.75,-1.0,-642.5,12.75
2024-05-30,L,1,T2,NEUTRAL,3,2,5792.5,5779.75,-1.0,-642.5,12.75
2024-05-31,L,1,T1,NEUTRAL,4,3,5752.0,5732.25,1.0,982.5,19.75
2024-05-31,L,1,T2,NEUTRAL,4,3,5752.0,5732.25,2.0,1970.0,19.75
2024-06-03,L,1,T1,NEUTRAL,5,4,5795.25,5773.5,1.0,1082.5,21.75
2024-06-03,L,1,T2,NEUTRAL,5,4,5795.25,5773.5,-1.0,-1092.5,21.75
2024-06-04,L,1,T1,NEUTRAL,4,3,5808.75,5796.25,1.0,620.0,12.5
2024-06-04,L,1,T2,NEUTRAL,4,3,5808.75,5796.25,2.0,1245.0,12.5
2024-06-05,S,1,T1,NEUTRAL,7,6,5880.5,5889.0,-1.0,-430.0,8.5
2024-06-05,S,1,T2,NEUTRAL,7,6,5880.5,5889.0,-1.0,-430.0,8.5
2024-06-06,L,1,T1,NEUTRAL,5,4,5889.0,5878.0,-1.0,-555.0,11.0
2024-06-06,L,1,T2,NEUTRAL,5,4,5889.0,5878.0,-1.0,-555.0,11.0
2024-06-06,L,1,T1,NEUTRAL,6,5,5891.0,5872.0,-1.0,-955.0,19.0
2024-06-06,L,1,T2,NEUTRAL,6,5,5891.0,5872.0,-1.0,-955.0,19.0
2024-06-07,L,1,T1,NEUTRAL,4,3,5903.5,5890.0,-1.0,-680.0,13.5
2024-06-07,L,1,T2,NEUTRAL,4,3,5903.5,5890.0,-1.0,-680.0,13.5
2024-06-10,S,1,T1,NEUTRAL,4,3,5885.0,5894.25,-1.0,-467.5,9.25
2024-06-10,S,1,T2,NEUTRAL,4,3,5885.0,5894.25,-1.0,-467.5,9.25
2024-06-11,S,1,T1,NEUTRAL,7,6,5899.0,5908.25,-1.0,-467.5,9.25
2024-06-11,S,1,T2,NEUTRAL,7,6,5899.0,5908.25,-1.0,-467.5,9.25
2024-06-12,S,1,T1,NEUTRAL,3,2,5966.0,5980.75,1.0,732.5,14.75
2024-06-12,S,1,T2,NEUTRAL,3,2,5966.0,5980.75,-1.0,-742.5,14.75
2024-06-12,S,1,T1,BEAR,5,4,5964.5,5974.75,1.0,507.5,10.25
2024-06-12,S,1,T2,BEAR,5,4,5964.5,5974.75,-1.0,-517.5,10.25
2024-06-12,S,1,T1,NEUTRAL,7,6,5947.5,5981.75,-1.0,-1717.5,34.25
2024-06-12,S,1,T2,NEUTRAL,7,6,5947.5,5981.75,-1.0,-1717.5,34.25
2024-06-13,L,1,T1,NEUTRAL,3,2,5954.0,5941.75,-1.0,-617.5,12.25
2024-06-13,L,1,T2,NEUTRAL,3,2,5954.0,5941.75,-1.0,-617.5,12.25
2024-06-13,L,1,T1,NEUTRAL,4,3,5956.75,5935.75,-1.0,-1055.0,21.0
2024-06-13,L,1,T2,NEUTRAL,4,3,5956.75,5935.75,-1.0,-1055.0,21.0
2024-06-13,L,2,T1,NEUTRAL,5,4,5959.75,5935.25,-1.0,-1230.0,24.5
2024-06-13,L,2,T2,NEUTRAL,5,4,5959.75,5935.25,-1.0,-1230.0,24.5
2024-06-14,L,1,T1,NEUTRAL,3,2,5954.25,5935.25,-1.0,-955.0,19.0
2024-06-14,L,1,T2,NEUTRAL,3,2,5954.25,5935.25,-1.0,-955.0,19.0
2024-06-14,L,1,T1,NEUTRAL,6,5,5961.25,5948.5,-1.0,-642.5,12.75
2024-06-14,L,1,T2,NEUTRAL,6,5,5961.25,5948.5,-1.0,-642.5,12.75
2024-06-17,S,1,T1,NEUTRAL,7,6,6013.0,6023.25,-1.0,-517.5,10.25
2024-06-17,S,1,T2,NEUTRAL,7,6,6013.0,6023.25,-1.0,-517.5,10.25
2024-06-18,L,1,T1,NEUTRAL,3,2,6019.25,6005.75,-1.0,-680.0,13.5
2024-06-18,L,1,T2,NEUTRAL,3,2,6019.25,6005.75,-1.0,-680.0,13.5
2024-06-18,L,1,T1,NEUTRAL,7,6,6020.0,6012.25,-1.0,-392.5,7.75
2024-06-18,L,1,T2,NEUTRAL,7,6,6020.0,6012.25,-1.0,-392.5,7.75
2024-06-20,S,1,T1,NEUTRAL,3,2,6023.5,6033.5,1.0,495.0,10.0
2024-06-20,S,1,T2,NEUTRAL,3,2,6023.5,6033.5,2.0,995.0,10.0
2024-06-21,S,1,T1,NEUTRAL,4,3,5990.75,6008.5,-1.0,-892.5,17.75
2024-06-21,S,1,T2,NEUTRAL,4,3,5990.75,6008.5,-1.0,-892.5,17.75
2024-06-24,S,1,T1,NEUTRAL,4,3,6006.5,6014.75,1.0,407.5,8.25
2024-06-24,S,1,T2,NEUTRAL,4,3,6006.5,6014.75,2.0,820.0,8.25
2024-06-24,S,1,T1,NEUTRAL,7,6,5985.25,5997.75,1.0,620.0,12.5
2024-06-24,S,1,T2,NEUTRAL,7,6,5985.25,5997.75,-1.0,-630.0,12.5
2024-06-25,S,1,T1,NEUTRAL,4,3,5983.5,5994.5,-1.0,-555.0,11.0
2024-06-25,S,1,T2,NEUTRAL,4,3,5983.5,5994.5,-1.0,-555.0,11.0
2024-06-26,L,1,T1,NEUTRAL,3,2,5995.25,5978.5,-1.0,-842.5,16.75
2024-06-26,L,1,T2,NEUTRAL,3,2,5995.25,5978.5,-1.0,-842.5,16.75
2024-06-26,L,1,T1,NEUTRAL,6,5,5998.75,5991.0,-1.0,-392.5,7.75
2024-06-26,L,1,T2,NEUTRAL,6,5,5998.75,5991.0,-1.0,-392.5,7.75
2024-06-26,L,2,T1,NEUTRAL,7,6,6000.5,5989.75,1.0,532.5,10.75
2024-06-26,L,2,T2,NEUTRAL,7,6,6000.5,5989.75,-1.0,-542.5,10.75
2024-06-27,L,1,T1,NEUTRAL,4,3,6007.5,5993.25,-1.0,-717.5,14.25
2024-06-27,L,1,T2,NEUTRAL,4,3,6007.5,5993.25,-1.0,-717.5,14.25
2024-06-27,L,1,T1,BEAR,7,6,6005.0,5992.25,-1.0,-642.5,12.75
2024-06-27,L,1,T2,BEAR,7,6,6005.0,5992.25,-1.0,-642.5,12.75
2024-06-28,S,1,T1,NEUTRAL,3,2,6015.5,6045.75,1.0,1507.5,30.25
2024-06-28,S,1,T2,NEUTRAL,3,2,6015.5,6045.75,-1.0,-1517.5,30.25
2024-07-01,L,1,T1,NEUTRAL,3,2,5987.0,5966.75,-1.0,-1017.5,20.25
2024-07-01,L,1,T2,NEUTRAL,3,2,5987.0,5966.75,-1.0,-1017.5,20.25
2024-07-05,S,1,T1,NEUTRAL,6,5,6075.75,6083.75,-1.0,-405.0,8.0
2024-07-05,S,1,T2,NEUTRAL,6,5,6075.75,6083.75,-1.0,-405.0,8.0
2024-07-08,L,1,T1,NEUTRAL,5,4,6086.25,6081.0,-1.0,-267.5,5.25
2024-07-08,L,1,T2,NEUTRAL,5,4,6086.25,6081.0,-1.0,-267.5,5.25
2024-07-08,L,1,T1,BEAR,7,6,6089.5,6077.5,-1.0,-605.0,12.0
2024-07-08,L,1,T2,BEAR,7,6,6089.5,6077.5,-1.0,-605.0,12.0
2024-07-09,S,1,T1,NEUTRAL,4,3,6093.75,6104.5,-1.0,-542.5,10.75
2024-07-09,S,1,T2,NEUTRAL,4,3,6093.75,6104.5,-1.0,-542.5,10.75
2024-07-09,S,1,T1,NEUTRAL,5,4,6093.0,6108.5,-1.0,-780.0,15.5
2024-07-09,S,1,T2,NEUTRAL,5,4,6093.0,6108.5,-1.0,-780.0,15.5
2024-07-10,L,1,T1,NEUTRAL,3,2,6112.5,6102.5,1.0,495.0,10.0
2024-07-10,L,1,T2,NEUTRAL,3,2,6112.5,6102.5,2.0,995.0,10.0
2024-07-11,L,1,T1,NEUTRAL,4,3,6111.0,6095.75,-1.0,-767.5,15.25
2024-07-11,L,1,T2,NEUTRAL,4,3,6111.0,6095.75,-1.0,-767.5,15.25
2024-07-11,L,1,T1,BEAR,6,5,6105.5,6092.25,-1.0,-667.5,13.25
2024-07-11,L,1,T2,BEAR,6,5,6105.5,6092.25,-1.0,-667.5,13.25
2024-07-12,S,1,T1,NEUTRAL,7,6,6158.5,6167.0,1.0,420.0,8.5
2024-07-12,S,1,T2,NEUTRAL,7,6,6158.5,6167.0,2.0,845.0,8.5
2024-07-15,S,1,T1,NEUTRAL,3,2,6158.25,6181.5,1.0,1157.5,23.25
2024-07-15,S,1,T2,NEUTRAL,3,2,6158.25,6181.5,-1.0,-1167.5,23.25
2024-07-15,S,1,T1,NEUTRAL,7,6,6148.25,6158.5,1.0,507.5,10.25
2024-07-15,S,1,T2,NEUTRAL,7,6,6148.25,6158.5,-1.0,-517.5,10.25
2024-07-16,S,1,T1,NEUTRAL,3,2,6155.25,6177.0,-1.0,-1092.5,21.75
2024-07-16,S,1,T2,NEUTRAL,3,2,6155.25,6177.0,-1.0,-1092.5,21.75
2024-07-17,L,1,T1,NEUTRAL,5,4,6111.25,6095.5,-1.0,-792.5,15.75
2024-07-17,L,1,T2,NEUTRAL,5,4,6111.25,6095.5,-1.0,-792.5,15.75
2024-07-18,L,1,T1,NEUTRAL,4,3,6073.25,6052.25,-1.0,-1055.0,21.0
2024-07-18,L,1,T2,NEUTRAL,4,3,6073.25,6052.25,-1.0,-1055.0,21.0
2024-07-18,L,1,T1,BEAR,7,6,6058.0,6032.5,-1.0,-1280.0,25.5
2024-07-18,L,1,T2,BEAR,7,6,6058.0,6032.5,-1.0,-1280.0,25.5
2024-07-19,S,1,T1,NEUTRAL,6,5,6006.0,6023.25,-1.0,-867.5,17.25
2024-07-19,S,1,T2,NEUTRAL,6,5,6006.0,6023.25,-1.0,-867.5,17.25
2024-07-22,S,1,T1,NEUTRAL,3,2,6041.75,6071.0,-1.0,-1467.5,29.25
2024-07-22,S,1,T2,NEUTRAL,3,2,6041.75,6071.0,-1.0,-1467.5,29.25
2024-07-23,S,1,T1,NEUTRAL,4,3,6069.25,6091.5,-1.0,-1117.5,22.25
2024-07-23,S,1,T2,NEUTRAL,4,3,6069.25,6091.5,-1.0,-1117.5,22.25
2024-07-23,S,1,T1,NEUTRAL,7,6,6071.5,6079.0,1.0,370.0,7.5
2024-07-23,S,1,T2,NEUTRAL,7,6,6071.5,6079.0,2.0,745.0,7.5
2024-07-25,S,1,T1,NEUTRAL,5,4,5964.75,5996.0,1.0,1557.5,31.25
2024-07-25,S,1,T2,NEUTRAL,5,4,5964.75,5996.0,2.0,3120.0,31.25
2024-07-26,L,1,T1,NEUTRAL,3,2,5958.75,5934.0,1.0,1232.5,24.75
2024-07-26,L,1,T2,NEUTRAL,3,2,5958.75,5934.0,-1.0,-1242.5,24.75
2024-07-29,L,1,T1,NEUTRAL,3,2,5974.25,5950.0,-1.0,-1217.5,24.25
2024-07-29,L,1,T2,NEUTRAL,3,2,5974.25,5950.0,-1.0,-1217.5,24.25
2024-07-29,L,1,T1,NEUTRAL,4,3,5985.5,5943.25,-1.0,-2117.5,42.25
2024-07-29,L,1,T2,NEUTRAL,4,3,5985.5,5943.25,-1.0,-2117.5,42.25
2024-07-29,L,1,T1,NEUTRAL,7,6,5974.5,5961.75,-1.0,-642.5,12.75
2024-07-29,L,1,T2,NEUTRAL,7,6,5974.5,5961.75,-1.0,-642.5,12.75
2024-07-30,L,1,T1,NEUTRAL,5,4,5928.0,5900.25,-1.0,-1392.5,27.75
2024-07-30,L,1,T2,NEUTRAL,5,4,5928.0,5900.25,-1.0,-1392.5,27.75
2024-07-30,L,1,T1,NEUTRAL,7,6,5938.5,5923.0,-1.0,-780.0,15.5
2024-07-30,L,1,T2,NEUTRAL,7,6,5938.5,5923.0,-1.0,-780.0,15.5
2024-07-31,S,1,T1,NEUTRAL,4,3,6018.25,6033.75,1.0,770.0,15.5
2024-07-31,S,1,T2,NEUTRAL,4,3,6018.25,6033.75,-1.0,-780.0,15.5
2024-08-01,L,1,T1,NEUTRAL,7,6,5930.5,5907.0,-1.0,-1180.0,23.5
2024-08-01,L,1,T2,NEUTRAL,7,6,5930.5,5907.0,-1.0,-1180.0,23.5
2024-08-02,L,1,T1,NEUTRAL,3,2,5824.5,5794.0,-1.0,-1530.0,30.5
2024-08-02,L,1,T2,NEUTRAL,3,2,5824.5,5794.0,-1.0,-1530.0,30.5
2024-08-02,L,1,T1,NEUTRAL,6,5,5826.75,5803.5,-1.0,-1167.5,23.25
2024-08-02,L,1,T2,NEUTRAL,6,5,5826.75,5803.5,-1.0,-1167.5,23.25
2024-08-05,L,1,T1,NEUTRAL,3,2,5716.0,5651.5,-1.0,-3230.0,64.5
2024-08-05,L,1,T2,NEUTRAL,3,2,5716.0,5651.5,-1.0,-3230.0,64.5
2024-08-05,L,1,T1,NEUTRAL,7,6,5700.5,5659.0,-1.0,-2080.0,41.5
2024-08-05,L,1,T2,NEUTRAL,7,6,5700.5,5659.0,-1.0,-2080.0,41.5
2024-08-06,S,1,T1,NEUTRAL,6,5,5774.5,5796.0,1.0,1070.0,21.5
2024-08-06,S,1,T2,NEUTRAL,6,5,5774.5,5796.0,2.0,2145.0,21.5
2024-08-06,S,1,T1,NEUTRAL,7,6,5755.5,5804.75,-1.0,-2467.5,49.25
2024-08-06,S,1,T2,NEUTRAL,7,6,5755.5,5804.75,-1.0,-2467.5,49.25
2024-08-07,S,1,T1,NEUTRAL,3,2,5789.5,5817.25,1.0,1382.5,27.75
2024-08-07,S,1,T2,NEUTRAL,3,2,5789.5,5817.25,2.0,2770.0,27.75
2024-08-08,S,1,T1,NEUTRAL,4,3,5772.5,5795.25,-1.0,-1142.5,22.75
2024-08-08,S,1,T2,NEUTRAL,4,3,5772.5,5795.25,-1.0,-1142.5,22.75
2024-08-08,S,1,T1,BULL,6,5,5801.0,5818.25,-1.0,-867.5,17.25
2024-08-08,S,1,T2,BULL,6,5,5801.0,5818.25,-1.0,-867.5,17.25
2024-08-09,L,1,T1,NEUTRAL,4,3,5821.5,5800.0,1.0,1070.0,21.5
2024-08-09,L,1,T2,NEUTRAL,4,3,5821.5,5800.0,-1.0,-1080.0,21.5
2024-08-09,L,1,T1,NEUTRAL,7,6,5834.5,5816.5,-1.0,-905.0,18.0
2024-08-09,L,1,T2,NEUTRAL,7,6,5834.5,5816.5,-1.0,-905.0,18.0
2024-08-12,S,1,T1,NEUTRAL,4,3,5822.25,5853.0,-1.0,-1542.5,30.75
2024-08-12,S,1,T2,NEUTRAL,4,3,5822.25,5853.0,-1.0,-1542.5,30.75
2024-08-12,S,1,T1,NEUTRAL,7,6,5824.5,5834.0,-1.0,-480.0,9.5
2024-08-12,S,1,T2,NEUTRAL,7,6,5824.5,5834.0,-1.0,-480.0,9.5
2024-08-13,L,1,T1,NEUTRAL,6,5,5912.25,5895.5,-1.0,-842.5,16.75
2024-08-13,L,1,T2,NEUTRAL,6,5,5912.25,5895.5,-1.0,-842.5,16.75
2024-08-14,L,1,T1,NEUTRAL,3,2,5932.25,5901.0,-1.0,-1567.5,31.25
2024-08-14,L,1,T2,NEUTRAL,3,2,5932.25,5901.0,-1.0,-1567.5,31.25
2024-08-14,L,1,T1,NEUTRAL,5,4,5936.75,5918.0,-1.0,-942.5,18.75
2024-08-14,L,1,T2,NEUTRAL,5,4,5936.75,5918.0,-1.0,-942.5,18.75
2024-08-15,L,1,T1,NEUTRAL,5,4,6027.25,6013.0,-1.0,-717.5,14.25
2024-08-15,L,1,T2,NEUTRAL,5,4,6027.25,6013.0,-1.0,-717.5,14.25
2024-08-16,L,1,T1,NEUTRAL,3,2,6030.0,6014.0,1.0,795.0,16.0
2024-08-16,L,1,T2,NEUTRAL,3,2,6030.0,6014.0,-1.0,-805.0,16.0
2024-08-20,L,1,T1,NEUTRAL,3,2,6090.0,6075.75,-1.0,-717.5,14.25
2024-08-20,L,1,T2,NEUTRAL,3,2,6090.0,6075.75,-1.0,-717.5,14.25
2024-08-20,L,1,T1,BEAR,5,4,6085.5,6070.0,-1.0,-780.0,15.5
2024-08-20,L,1,T2,BEAR,5,4,6085.5,6070.0,-1.0,-780.0,15.5
2024-08-21,S,1,T1,NEUTRAL,3,2,6081.25,6118.0,-1.0,-1842.5,36.75
2024-08-21,S,1,T2,NEUTRAL,3,2,6081.25,6118.0,-1.0,-1842.5,36.75
2024-08-21,S,1,T1,NEUTRAL,6,5,6094.5,6109.5,-1.0,-755.0,15.0
2024-08-21,S,1,T2,NEUTRAL,6,5,6094.5,6109.5,-1.0,-755.0,15.0
2024-08-22,L,1,T1,NEUTRAL,4,3,6095.25,6065.5,-1.0,-1492.5,29.75
2024-08-22,L,1,T2,NEUTRAL,4,3,6095.25,6065.5,-1.0,-1492.5,29.75
2024-08-23,L,1,T1,NEUTRAL,5,4,6098.0,6065.25,-1.0,-1642.5,32.75
2024-08-23,L,1,T2,NEUTRAL,5,4,6098.0,6065.25,-1.0,-1642.5,32.75
2024-08-26,L,1,T1,NEUTRAL,4,3,6105.0,6088.75,-1.0,-817.5,16.25
2024-08-26,L,1,T2,NEUTRAL,4,3,6105.0,6088.75,-1.0,-817.5,16.25
2024-08-27,S,1,T1,NEUTRAL,3,2,6098.25,6112.25,-1.0,-705.0,14.0
2024-08-27,S,1,T2,NEUTRAL,3,2,6098.25,6112.25,-1.0,-705.0,14.0
2024-08-27,S,1,T1,NEUTRAL,6,5,6104.5,6112.0,-1.0,-380.0,7.5
2024-08-27,S,1,T2,NEUTRAL,6,5,6104.5,6112.0,-1.0,-380.0,7.5
2024-08-28,L,1,T1,NEUTRAL,4,3,6077.0,6058.25,-1.0,-942.5,18.75
2024-08-28,L,1,T2,NEUTRAL,4,3,6077.0,6058.25,-1.0,-942.5,18.75
2024-08-28,L,1,T1,BEAR,6,5,6073.5,6039.75,-1.0,-1692.5,33.75
2024-08-28,L,1,T2,BEAR,6,5,6073.5,6039.75,-1.0,-1692.5,33.75
2024-08-29,S,1,T1,NEUTRAL,5,4,6110.5,6126.5,1.0,795.0,16.0
2024-08-29,S,1,T2,NEUTRAL,5,4,6110.5,6126.5,2.0,1595.0,16.0
2024-08-30,L,1,T1,NEUTRAL,4,3,6082.75,6065.0,1.0,882.5,17.75
2024-08-30,L,1,T2,NEUTRAL,4,3,6082.75,6065.0,2.0,1770.0,17.75
2024-08-30,L,1,T1,NEUTRAL,5,4,6084.75,6056.5,1.0,1407.5,28.25
2024-08-30,L,1,T2,NEUTRAL,5,4,6084.75,6056.5,-1.0,-1417.5,28.25
2024-09-03,S,1,T1,NEUTRAL,4,3,6035.75,6054.5,1.0,932.5,18.75
2024-09-03,S,1,T2,NEUTRAL,4,3,6035.75,6054.5,2.0,1870.0,18.75
2024-09-04,S,1,T1,NEUTRAL,3,2,6003.5,6027.75,1.0,1207.5,24.25
2024-09-04,S,1,T2,NEUTRAL,3,2,6003.5,6027.75,-1.0,-1217.5,24.25
2024-09-04,S,1,T1,BEAR,5,4,5993.0,6014.25,-1.0,-1067.5,21.25
2024-09-04,S,1,T2,BEAR,5,4,5993.0,6014.25,-1.0,-1067.5,21.25
2024-09-05,L,1,T1,NEUTRAL,4,3,5968.25,5952.25,1.0,795.0,16.0
2024-09-05,L,1,T2,NEUTRAL,4,3,5968.25,5952.25,-1.0,-805.0,16.0
2024-09-05,L,1,T1,BULL,6,5,5991.75,5958.75,-1.0,-1655.0,33.0
2024-09-05,L,1,T2,BULL,6,5,5991.75,5958.75,-1.0,-1655.0,33.0
2024-09-06,L,1,T1,NEUTRAL,6,5,5889.5,5872.5,-1.0,-855.0,17.0
2024-09-06,L,1,T2,NEUTRAL,6,5,5889.5,5872.5,-1.0,-855.0,17.0
2024-09-09,L,1,T1,NEUTRAL,3,2,5926.75,5904.75,1.0,1095.0,22.0
2024-09-09,L,1,T2,NEUTRAL,3,2,5926.75,5904.75,-1.0,-1105.0,22.0
2024-09-09,L,1,T1,NEUTRAL,7,6,5935.0,5919.5,-1.0,-780.0,15.5
2024-09-09,L,1,T2,NEUTRAL,7,6,5935.0,5919.5,-1.0,-780.0,15.5
2024-09-10,S,1,T1,NEUTRAL,3,2,5933.25,5954.75,1.0,1070.0,21.5
2024-09-10,S,1,T2,NEUTRAL,3,2,5933.25,5954.75,-1.0,-1080.0,21.5
2024-09-11,L,1,T1,NEUTRAL,3,2,5905.25,5874.25,1.0,1545.0,31.0
2024-09-11,L,1,T2,NEUTRAL,3,2,5905.25,5874.25,2.0,3095.0,31.0
2024-09-12,L,1,T1,NEUTRAL,4,3,6031.25,6016.75,1.0,720.0,14.5
2024-09-12,L,1,T2,NEUTRAL,4,3,6031.25,6016.75,2.0,1445.0,14.5
2024-09-13,S,1,T1,NEUTRAL,4,3,6088.0,6103.25,-1.0,-767.5,15.25
2024-09-13,S,1,T2,NEUTRAL,4,3,6088.0,6103.25,-1.0,-767.5,15.25
2024-09-13,S,1,T1,NEUTRAL,6,5,6085.25,6104.25,-1.0,-955.0,19.0
2024-09-13,S,1,T2,NEUTRAL,6,5,6085.25,6104.25,-1.0,-955.0,19.0
2024-09-16,L,1,T1,NEUTRAL,4,3,6087.25,6075.75,1.0,570.0,11.5
2024-09-16,L,1,T2,NEUTRAL,4,3,6087.25,6075.75,-1.0,-580.0,11.5
2024-09-17,S,1,T1,NEUTRAL,3,2,6118.5,6139.0,1.0,1020.0,20.5
2024-09-17,S,1,T2,NEUTRAL,3,2,6118.5,6139.0,-1.0,-1030.0,20.5
2024-09-18,S,1,T1,NEUTRAL,3,2,6092.75,6104.75,-1.0,-605.0,12.0
2024-09-18,S,1,T2,NEUTRAL,3,2,6092.75,6104.75,-1.0,-605.0,12.0
2024-09-18,S,1,T1,NEUTRAL,5,4,6098.25,6108.5,1.0,507.5,10.25
2024-09-18,S,1,T2,NEUTRAL,5,4,6098.25,6108.5,-1.0,-517.5,10.25
2024-09-18,S,2,T1,NEUTRAL,6,5,6086.25,6157.75,-1.0,-3580.0,71.5
2024-09-18,S,2,T2,NEUTRAL,6,5,6086.25,6157.75,-1.0,-3580.0,71.5
2024-09-19,L,1,T1,NEUTRAL,4,3,6188.75,6169.75,-1.0,-955.0,19.0
2024-09-19,L,1,T2,NEUTRAL,4,3,6188.75,6169.75,-1.0,-955.0,19.0
2024-09-20,L,1,T1,NEUTRAL,3,2,6162.0,6135.0,-1.0,-1355.0,27.0
2024-09-20,L,1,T2,NEUTRAL,3,2,6162.0,6135.0,-1.0,-1355.0,27.0
2024-09-20,L,1,T1,NEUTRAL,7,6,6171.0,6144.0,-1.0,-1355.0,27.0
2024-09-20,L,1,T2,NEUTRAL,7,6,6171.0,6144.0,-1.0,-1355.0,27.0
2024-09-23,S,1,T1,NEUTRAL,3,2,6169.25,6184.0,-1.0,-742.5,14.75
2024-09-23,S,1,T2,NEUTRAL,3,2,6169.25,6184.0,-1.0,-742.5,14.75
2024-09-23,S,1,T1,NEUTRAL,4,3,6165.25,6184.5,-1.0,-967.5,19.25
2024-09-23,S,1,T2,NEUTRAL,4,3,6165.25,6184.5,-1.0,-967.5,19.25
2024-09-24,L,1,T1,NEUTRAL,3,2,6182.25,6156.25,-1.0,-1305.0,26.0
2024-09-24,L,1,T2,NEUTRAL,3,2,6182.25,6156.25,-1.0,-1305.0,26.0
2024-09-24,L,1,T1,NEUTRAL,7,6,6189.25,6175.0,-1.0,-717.5,14.25
2024-09-24,L,1,T2,NEUTRAL,7,6,6189.25,6175.0,-1.0,-717.5,14.25
2024-09-25,S,1,T1,NEUTRAL,7,6,6177.5,6184.0,-1.0,-330.0,6.5
2024-09-25,S,1,T2,NEUTRAL,7,6,6177.5,6184.0,-1.0,-330.0,6.5
2024-09-26,S,1,T1,NEUTRAL,4,3,6190.75,6207.5,-1.0,-842.5,16.75
2024-09-26,S,1,T2,NEUTRAL,4,3,6190.75,6207.5,-1.0,-842.5,16.75
2024-09-26,S,1,T1,NEUTRAL,7,6,6200.25,6206.5,-1.0,-317.5,6.25
2024-09-26,S,1,T2,NEUTRAL,7,6,6200.25,6206.5,-1.0,-317.5,6.25
2024-09-27,S,1,T1,NEUTRAL,3,2,6209.25,6220.75,1.0,570.0,11.5
2024-09-27,S,1,T2,NEUTRAL,3,2,6209.25,6220.75,2.0,1145.0,11.5
2024-09-30,S,1,T1,NEUTRAL,3,2,6186.0,6196.0,-1.0,-505.0,10.0
2024-09-30,S,1,T2,NEUTRAL,3,2,6186.0,6196.0,-1.0,-505.0,10.0
2024-09-30,S,1,T1,NEUTRAL,5,4,6186.5,6198.25,1.0,582.5,11.75
2024-09-30,S,1,T2,NEUTRAL,5,4,6186.5,6198.25,2.0,1170.0,11.75
2024-10-01,L,1,T1,NEUTRAL,3,2,6163.75,6134.5,-1.0,-1467.5,29.25
2024-10-01,L,1,T2,NEUTRAL,3,2,6163.75,6134.5,-1.0,-1467.5,29.25
2024-10-01,L,1,T1,NEUTRAL,5,4,6165.0,6137.25,-1.0,-1392.5,27.75
2024-10-01,L,1,T2,NEUTRAL,5,4,6165.0,6137.25,-1.0,-1392.5,27.75
2024-10-02,S,1,T1,NEUTRAL,4,3,6162.25,6174.25,1.0,595.0,12.0
2024-10-02,S,1,T2,NEUTRAL,4,3,6162.25,6174.25,-1.0,-605.0,12.0
2024-10-03,L,1,T1,NEUTRAL,3,2,6159.0,6135.0,-1.0,-1205.0,24.0
2024-10-03,L,1,T2,NEUTRAL,3,2,6159.0,6135.0,-1.0,-1205.0,24.0
2024-10-03,L,1,T1,BEAR,7,6,6146.25,6132.75,-1.0,-680.0,13.5
2024-10-03,L,1,T2,BEAR,7,6,6146.25,6132.75,-1.0,-680.0,13.5
2024-10-04,L,1,T1,NEUTRAL,3,2,6179.25,6151.0,-1.0,-1417.5,28.25
2024-10-04,L,1,T2,NEUTRAL,3,2,6179.25,6151.0,-1.0,-1417.5,28.25
2024-10-04,L,1,T1,NEUTRAL,6,5,6188.0,6167.25,-1.0,-1042.5,20.75
2024-10-04,L,1,T2,NEUTRAL,6,5,6188.0,6167.25,-1.0,-1042.5,20.75
2024-10-07,S,1,T1,NEUTRAL,3,2,6176.25,6188.75,1.0,620.0,12.5
2024-10-07,S,1,T2,NEUTRAL,3,2,6176.25,6188.75,2.0,1245.0,12.5
2024-10-07,S,1,T1,NEUTRAL,5,4,6172.5,6181.0,1.0,420.0,8.5
2024-10-07,S,1,T2,NEUTRAL,5,4,6172.5,6181.0,2.0,845.0,8.5
2024-10-08,S,1,T1,NEUTRAL,4,3,6184.75,6195.0,-1.0,-517.5,10.25
2024-10-08,S,1,T2,NEUTRAL,4,3,6184.75,6195.0,-1.0,-517.5,10.25
2024-10-09,S,1,T1,NEUTRAL,4,3,6227.25,6242.0,-1.0,-742.5,14.75
2024-10-09,S,1,T2,NEUTRAL,4,3,6227.25,6242.0,-1.0,-742.5,14.75
2024-10-10,L,1,T1,NEUTRAL,3,2,6235.25,6219.75,-1.0,-780.0,15.5
2024-10-10,L,1,T2,NEUTRAL,3,2,6235.25,6219.75,-1.0,-780.0,15.5
2024-10-10,L,1,T1,NEUTRAL,7,6,6224.5,6213.0,-1.0,-580.0,11.5
2024-10-10,L,1,T2,NEUTRAL,7,6,6224.5,6213.0,-1.0,-580.0,11.5
2024-10-11,S,1,T1,NEUTRAL,3,2,6253.0,6267.5,-1.0,-730.0,14.5
2024-10-11,S,1,T2,NEUTRAL,3,2,6253.0,6267.5,-1.0,-730.0,14.5
2024-10-14,S,1,T1,NEUTRAL,5,4,6303.0,6309.25,-1.0,-317.5,6.25
2024-10-14,S,1,T2,NEUTRAL,5,4,6303.0,6309.25,-1.0,-317.5,6.25
2024-10-16,L,1,T1,NEUTRAL,4,3,6276.0,6265.75,1.0,507.5,10.25
2024-10-16,L,1,T2,NEUTRAL,4,3,6276.0,6265.75,-1.0,-517.5,10.25
2024-10-17,L,1,T1,NEUTRAL,3,2,6306.25,6288.0,-1.0,-917.5,18.25
2024-10-17,L,1,T2,NEUTRAL,3,2,6306.25,6288.0,-1.0,-917.5,18.25
2024-10-18,S,1,T1,NEUTRAL,5,4,6303.25,6316.0,-1.0,-642.5,12.75
2024-10-18,S,1,T2,NEUTRAL,5,4,6303.25,6316.0,-1.0,-642.5,12.75
2024-10-18,S,1,T1,BULL,7,6,6304.5,6316.0,-1.0,-580.0,11.5
2024-10-18,S,1,T2,BULL,7,6,6304.5,6316.0,-1.0,-580.0,11.5
2024-10-21,L,1,T1,NEUTRAL,4,3,6287.75,6266.5,-1.0,-1067.5,21.25
2024-10-21,L,1,T2,NEUTRAL,4,3,6287.75,6266.5,-1.0,-1067.5,21.25
2024-10-21,L,1,T1,NEUTRAL,7,6,6294.25,6282.75,-1.0,-580.0,11.5
2024-10-21,L,1,T2,NEUTRAL,7,6,6294.25,6282.75,-1.0,-580.0,11.5
2024-10-22,L,1,T1,NEUTRAL,4,3,6284.75,6276.0,1.0,432.5,8.75
2024-10-22,L,1,T2,NEUTRAL,4,3,6284.75,6276.0,2.0,870.0,8.75
2024-10-22,L,1,T1,NEUTRAL,7,6,6298.75,6289.0,-1.0,-492.5,9.75
2024-10-22,L,1,T2,NEUTRAL,7,6,6298.75,6289.0,-1.0,-492.5,9.75
2024-10-23,L,1,T1,NEUTRAL,6,5,6229.0,6202.5,-1.0,-1330.0,26.5
2024-10-23,L,1,T2,NEUTRAL,6,5,6229.0,6202.5,-1.0,-1330.0,26.5
2024-10-24,L,1,T1,NEUTRAL,4,3,6246.75,6224.0,-1.0,-1142.5,22.75
2024-10-24,L,1,T2,NEUTRAL,4,3,6246.75,6224.0,-1.0,-1142.5,22.75
2024-10-24,L,1,T1,NEUTRAL,7,6,6254.75,6241.25,-1.0,-680.0,13.5
2024-10-24,L,1,T2,NEUTRAL,7,6,6254.75,6241.25,-1.0,-680.0,13.5
2024-10-25,S,1,T1,NEUTRAL,3,2,6279.5,6301.0,1.0,1070.0,21.5
2024-10-25,S,1,T2,NEUTRAL,3,2,6279.5,6301.0,-1.0,-1080.0,21.5
2024-10-25,S,1,T1,BEAR,5,4,6255.75,6285.25,-1.0,-1480.0,29.5
2024-10-25,S,1,T2,BEAR,5,4,6255.75,6285.25,-1.0,-1480.0,29.5
2024-10-25,S,1,T1,BEAR,7,6,6245.75,6261.75,-1.0,-805.0,16.0
2024-10-25,S,1,T2,BEAR,7,6,6245.75,6261.75,-1.0,-805.0,16.0
2024-10-28,S,1,T1,NEUTRAL,3,2,6268.0,6281.75,-1.0,-692.5,13.75
2024-10-28,S,1,T2,NEUTRAL,3,2,6268.0,6281.75,-1.0,-692.5,13.75
2024-10-28,S,1,T1,NEUTRAL,6,5,6267.75,6274.75,-1.0,-355.0,7.0
2024-10-28,S,1,T2,NEUTRAL,6,5,6267.75,6274.75,-1.0,-355.0,7.0
2024-10-29,L,1,T1,NEUTRAL,3,2,6272.25,6259.25,1.0,645.0,13.0
2024-10-29,L,1,T2,NEUTRAL,3,2,6272.25,6259.25,-1.0,-655.0,13.0
2024-10-29,L,1,T1,NEUTRAL,6,5,6280.0,6270.25,-1.0,-492.5,9.75
2024-10-29,L,1,T2,NEUTRAL,6,5,6280.0,6270.25,-1.0,-492.5,9.75
2024-10-30,S,1,T1,NEUTRAL,4,3,6278.0,6288.75,1.0,532.5,10.75
2024-10-30,S,1,T2,NEUTRAL,4,3,6278.0,6288.75,2.0,1070.0,10.75
2024-10-31,L,1,T1,NEUTRAL,4,3,6171.25,6152.0,-1.0,-967.5,19.25
2024-10-31,L,1,T2,NEUTRAL,4,3,6171.25,6152.0,-1.0,-967.5,19.25
2024-10-31,L,1,T1,BEAR,6,5,6164.75,6150.0,-1.0,-742.5,14.75
2024-10-31,L,1,T2,BEAR,6,5,6164.75,6150.0,-1.0,-742.5,14.75
2024-10-31,L,2,T1,BEAR,7,6,6170.0,6148.5,-1.0,-1080.0,21.5
2024-10-31,L,2,T2,BEAR,7,6,6170.0,6148.5,-1.0,-1080.0,21.5
2024-11-01,S,1,T1,NEUTRAL,4,3,6181.5,6202.75,1.0,1057.5,21.25
2024-11-01,S,1,T2,NEUTRAL,4,3,6181.5,6202.75,-1.0,-1067.5,21.25
2024-11-01,S,1,T1,NEUTRAL,7,6,6164.25,6178.5,-1.0,-717.5,14.25
2024-11-01,S,1,T2,NEUTRAL,7,6,6164.25,6178.5,-1.0,-717.5,14.25
2024-11-04,S,1,T1,NEUTRAL,3,2,6157.5,6170.25,1.0,632.5,12.75
2024-11-04,S,1,T2,NEUTRAL,3,2,6157.5,6170.25,2.0,1270.0,12.75
2024-11-04,S,1,T1,NEUTRAL,6,5,6150.0,6160.75,1.0,532.5,10.75
2024-11-04,S,1,T2,NEUTRAL,6,5,6150.0,6160.75,-1.0,-542.5,10.75
2024-11-05,S,1,T1,NEUTRAL,5,4,6201.0,6213.0,-1.0,-605.0,12.0
2024-11-05,S,1,T2,NEUTRAL,5,4,6201.0,6213.0,-1.0,-605.0,12.0
2024-11-06,L,1,T1,NEUTRAL,3,2,6340.25,6312.0,1.0,1407.5,28.25
2024-11-06,L,1,T2,NEUTRAL,3,2,6340.25,6312.0,-1.0,-1417.5,28.25
2024-11-07,S,1,T1,NEUTRAL,4,3,6393.25,6401.5,-1.0,-417.5,8.25
2024-11-07,S,1,T2,NEUTRAL,4,3,6393.25,6401.5,-1.0,-417.5,8.25
2024-11-07,S,1,T1,NEUTRAL,5,4,6393.0,6404.0,-1.0,-555.0,11.0
2024-11-07,S,1,T2,NEUTRAL,5,4,6393.0,6404.0,-1.0,-555.0,11.0
2024-11-08,S,1,T1,NEUTRAL,7,6,6427.25,6442.5,-1.0,-767.5,15.25
2024-11-08,S,1,T2,NEUTRAL,7,6,6427.25,6442.5,-1.0,-767.5,15.25
2024-11-11,S,1,T1,NEUTRAL,3,2,6433.75,6445.5,1.0,582.5,11.75
2024-11-11,S,1,T2,NEUTRAL,3,2,6433.75,6445.5,-1.0,-592.5,11.75
2024-11-11,S,1,T1,NEUTRAL,7,6,6425.5,6432.25,-1.0,-342.5,6.75
2024-11-11,S,1,T2,NEUTRAL,7,6,6425.5,6432.25,-1.0,-342.5,6.75
2024-11-12,L,1,T1,NEUTRAL,5,4,6412.25,6388.25,-1.0,-1205.0,24.0
2024-11-12,L,1,T2,NEUTRAL,5,4,6412.25,6388.25,-1.0,-1205.0,24.0
2024-11-13,S,1,T1,NEUTRAL,5,4,6426.75,6437.25,1.0,520.0,10.5
2024-11-13,S,1,T2,NEUTRAL,5,4,6426.75,6437.25,-1.0,-530.0,10.5
2024-11-14,S,1,T1,NEUTRAL,3,2,6401.25,6413.25,1.0,595.0,12.0
2024-11-14,S,1,T2,NEUTRAL,3,2,6401.25,6413.25,2.0,1195.0,12.0
2024-11-14,S,1,T1,NEUTRAL,4,3,6390.0,6413.5,1.0,1170.0,23.5
2024-11-14,S,1,T2,NEUTRAL,4,3,6390.0,6413.5,-1.0,-1180.0,23.5
2024-11-14,S,1,T1,BEAR,6,5,6380.5,6397.0,-1.0,-830.0,16.5
2024-11-14,S,1,T2,BEAR,6,5,6380.5,6397.0,-1.0,-830.0,16.5
2024-11-14,S,1,T1,BEAR,7,6,6373.25,6402.5,-1.0,-1467.5,29.25
2024-11-14,S,1,T2,BEAR,7,6,6373.25,6402.5,-1.0,-1467.5,29.25
2024-11-15,L,1,T1,NEUTRAL,6,5,6294.5,6278.25,-1.0,-817.5,16.25
2024-11-15,L,1,T2,NEUTRAL,6,5,6294.5,6278.25,-1.0,-817.5,16.25
2024-11-18,S,1,T1,NEUTRAL,4,3,6317.25,6335.0,-1.0,-892.5,17.75
2024-11-18,S,1,T2,NEUTRAL,4,3,6317.25,6335.0,-1.0,-892.5,17.75
2024-11-19,S,1,T1,NEUTRAL,6,5,6331.75,6349.5,-1.0,-892.5,17.75
2024-11-19,S,1,T2,NEUTRAL,6,5,6331.75,6349.5,-1.0,-892.5,17.75
2024-11-20,S,1,T1,NEUTRAL,3,2,6291.25,6313.0,-1.0,-1092.5,21.75
2024-11-20,S,1,T2,NEUTRAL,3,2,6291.25,6313.0,-1.0,-1092.5,21.75
2024-11-20,S,1,T1,NEUTRAL,5,4,6300.75,6319.5,-1.0,-942.5,18.75
2024-11-20,S,1,T2,NEUTRAL,5,4,6300.75,6319.5,-1.0,-942.5,18.75
2024-11-21,L,1,T1,NEUTRAL,3,2,6363.75,6308.75,-1.0,-2755.0,55.0
2024-11-21,L,1,T2,NEUTRAL,3,2,6363.75,6308.75,-1.0,-2755.0,55.0
2024-11-22,L,1,T1,NEUTRAL,4,3,6393.0,6372.0,-1.0,-1055.0,21.0
2024-11-22,L,1,T2,NEUTRAL,4,3,6393.0,6372.0,-1.0,-1055.0,21.0
2024-11-22,L,1,T1,NEUTRAL,7,6,6390.25,6374.25,-1.0,-805.0,16.0
2024-11-22,L,1,T2,NEUTRAL,7,6,6390.25,6374.25,-1.0,-805.0,16.0
2024-11-25,S,1,T1,NEUTRAL,3,2,6407.75,6425.5,1.0,882.5,17.75
2024-11-25,S,1,T2,NEUTRAL,3,2,6407.75,6425.5,-1.0,-892.5,17.75
2024-11-26,L,1,T1,NEUTRAL,3,2,6429.0,6414.25,1.0,732.5,14.75
2024-11-26,L,1,T2,NEUTRAL,3,2,6429.0,6414.25,-1.0,-742.5,14.75
2024-11-26,L,1,T1,BULL,6,5,6437.0,6424.5,-1.0,-630.0,12.5
2024-11-26,L,1,T2,BULL,6,5,6437.0,6424.5,-1.0,-630.0,12.5
2024-11-27,L,1,T1,NEUTRAL,5,4,6418.75,6407.0,-1.0,-592.5,11.75
2024-11-27,L,1,T2,NEUTRAL,5,4,6418.75,6407.0,-1.0,-592.5,11.75
2024-12-02,L,1,T1,NEUTRAL,3,2,6463.5,6451.5,-1.0,-605.0,12.0
2024-12-02,L,1,T2,NEUTRAL,3,2,6463.5,6451.5,-1.0,-605.0,12.0
2024-12-02,L,1,T1,NEUTRAL,6,5,6466.0,6457.5,-1.0,-430.0,8.5
2024-12-02,L,1,T2,NEUTRAL,6,5,6466.0,6457.5,-1.0,-430.0,8.5
2024-12-03,L,1,T1,NEUTRAL,3,2,6461.25,6449.0,-1.0,-617.5,12.25
2024-12-03,L,1,T2,NEUTRAL,3,2,6461.25,6449.0,-1.0,-617.5,12.25
2024-12-03,L,1,T1,NEUTRAL,6,5,6464.0,6457.25,-1.0,-342.5,6.75
2024-12-03,L,1,T2,NEUTRAL,6,5,6464.0,6457.25,-1.0,-342.5,6.75
2024-12-04,S,1,T1,NEUTRAL,4,3,6484.75,6490.25,-1.0,-280.0,5.5
2024-12-04,S,1,T2,NEUTRAL,4,3,6484.75,6490.25,-1.0,-280.0,5.5
2024-12-04,S,1,T1,NEUTRAL,5,4,6482.5,6490.75,-1.0,-417.5,8.25
2024-12-04,S,1,T2,NEUTRAL,5,4,6482.5,6490.75,-1.0,-417.5,8.25
2024-12-05,L,1,T1,NEUTRAL,3,2,6501.75,6491.75,-1.0,-505.0,10.0
2024-12-05,L,1,T2,NEUTRAL,3,2,6501.75,6491.75,-1.0,-505.0,10.0
2024-12-06,S,1,T1,NEUTRAL,3,2,6496.75,6512.0,-1.0,-767.5,15.25
2024-12-06,S,1,T2,NEUTRAL,3,2,6496.75,6512.0,-1.0,-767.5,15.25
2024-12-06,S,1,T1,BEAR,5,4,6491.75,6505.75,-1.0,-705.0,14.0
2024-12-06,S,1,T2,BEAR,5,4,6491.75,6505.75,-1.0,-705.0,14.0
2024-12-09,S,1,T1,NEUTRAL,4,3,6472.75,6482.0,-1.0,-467.5,9.25
2024-12-09,S,1,T2,NEUTRAL,4,3,6472.75,6482.0,-1.0,-467.5,9.25
2024-12-09,S,1,T1,NEUTRAL,6,5,6472.5,6485.25,-1.0,-642.5,12.75
2024-12-09,S,1,T2,NEUTRAL,6,5,6472.5,6485.25,-1.0,-642.5,12.75
2024-12-10,S,1,T1,NEUTRAL,3,2,6465.0,6477.25,1.0,607.5,12.25
2024-12-10,S,1,T2,NEUTRAL,3,2,6465.0,6477.25,-1.0,-617.5,12.25
2024-12-10,S,1,T1,BEAR,5,4,6460.75,6470.5,1.0,482.5,9.75
2024-12-10,S,1,T2,BEAR,5,4,6460.75,6470.5,-1.0,-492.5,9.75
2024-12-11,S,1,T1,NEUTRAL,5,4,6495.0,6504.5,-1.0,-480.0,9.5
2024-12-11,S,1,T2,NEUTRAL,5,4,6495.0,6504.5,-1.0,-480.0,9.5
2024-12-11,S,1,T1,NEUTRAL,7,6,6496.0,6502.0,1.0,295.0,6.0
2024-12-11,S,1,T2,NEUTRAL,7,6,6496.0,6502.0,-1.0,-305.0,6.0
2024-12-12,S,1,T1,NEUTRAL,3,2,6480.25,6489.75,1.0,470.0,9.5
2024-12-12,S,1,T2,NEUTRAL,3,2,6480.25,6489.75,2.0,945.0,9.5
2024-12-12,S,1,T1,NEUTRAL,5,4,6476.0,6487.5,1.0,570.0,11.5
2024-12-12,S,1,T2,NEUTRAL,5,4,6476.0,6487.5,-1.0,-580.0,11.5
2024-12-13,S,1,T1,NEUTRAL,4,3,6445.75,6462.0,-1.0,-817.5,16.25
2024-12-13,S,1,T2,NEUTRAL,4,3,6445.75,6462.0,-1.0,-817.5,16.25
2024-12-13,S,1,T1,NEUTRAL,7,6,6452.0,6461.75,-1.0,-492.5,9.75
2024-12-13,S,1,T2,NEUTRAL,7,6,6452.0,6461.75,-1.0,-492.5,9.75
2024-12-16,L,1,T1,NEUTRAL,4,3,6487.5,6480.5,1.0,345.0,7.0
2024-12-16,L,1,T2,NEUTRAL,4,3,6487.5,6480.5,-1.0,-355.0,7.0
2024-12-17,S,1,T1,NEUTRAL,4,3,6459.5,6470.0,1.0,520.0,10.5
2024-12-17,S,1,T2,NEUTRAL,4,3,6459.5,6470.0,-1.0,-530.0,10.5
2024-12-18,S,1,T1,NEUTRAL,4,3,6468.25,6477.75,1.0,470.0,9.5
2024-12-18,S,1,T2,NEUTRAL,4,3,6468.25,6477.75,2.0,945.0,9.5
2024-12-19,L,1,T1,NEUTRAL,3,2,6315.25,6282.75,-1.0,-1630.0,32.5
2024-12-19,L,1,T2,NEUTRAL,3,2,6315.25,6282.75,-1.0,-1630.0,32.5
2024-12-19,L,1,T1,BEAR,5,4,6302.75,6276.75,-1.0,-1305.0,26.0
2024-12-19,L,1,T2,BEAR,5,4,6302.75,6276.75,-1.0,-1305.0,26.0
2024-12-20,S,1,T1,NEUTRAL,5,4,6345.5,6381.0,-1.0,-1780.0,35.5
2024-12-20,S,1,T2,NEUTRAL,5,4,6345.5,6381.0,-1.0,-1780.0,35.5
2024-12-20,S,1,T1,BEAR,7,6,6338.25,6364.5,-1.0,-1317.5,26.25
2024-12-20,S,1,T2,BEAR,7,6,6338.25,6364.5,-1.0,-1317.5,26.25
2024-12-23,L,1,T1,NEUTRAL,3,2,6328.5,6306.5,1.0,1095.0,22.0
2024-12-23,L,1,T2,NEUTRAL,3,2,6328.5,6306.5,2.0,2195.0,22.0
2024-12-23,L,1,T1,NEUTRAL,7,6,6362.75,6343.25,-1.0,-980.0,19.5
2024-12-23,L,1,T2,NEUTRAL,7,6,6362.75,6343.25,-1.0,-980.0,19.5
2024-12-26,S,1,T1,NEUTRAL,4,3,6420.5,6439.25,-1.0,-942.5,18.75
2024-12-26,S,1,T2,NEUTRAL,4,3,6420.5,6439.25,-1.0,-942.5,18.75
2024-12-27,L,1,T1,NEUTRAL,3,2,6354.0,6329.0,-1.0,-1255.0,25.0
2024-12-27,L,1,T2,NEUTRAL,3,2,6354.0,6329.0,-1.0,-1255.0,25.0
2024-12-27,L,1,T1,BEAR,5,4,6337.25,6314.0,1.0,1157.5,23.25
2024-12-27,L,1,T2,BEAR,5,4,6337.25,6314.0,-1.0,-1167.5,23.25
2024-12-30,S,1,T1,NEUTRAL,5,4,6302.5,6325.0,1.0,1120.0,22.5
2024-12-30,S,1,T2,NEUTRAL,5,4,6302.5,6325.0,-1.0,-1130.0,22.5
2024-12-30,S,1,T1,NEUTRAL,7,6,6301.5,6319.5,1.0,895.0,18.0
2024-12-30,S,1,T2,NEUTRAL,7,6,6301.5,6319.5,-1.0,-905.0,18.0
2024-12-31,L,1,T1,NEUTRAL,6,5,6270.75,6249.75,-1.0,-1055.0,21.0
2024-12-31,L,1,T2,NEUTRAL,6,5,6270.75,6249.75,-1.0,-1055.0,21.0
2024-12-31,L,1,T1,NEUTRAL,7,6,6278.75,6248.5,-1.0,-1517.5,30.25
2024-12-31,L,1,T2,NEUTRAL,7,6,6278.75,6248.5,-1.0,-1517.5,30.25
2025-01-02,L,1,T1,NEUTRAL,6,5,6237.75,6206.0,-1.0,-1592.5,31.75
2025-01-02,L,1,T2,NEUTRAL,6,5,6237.75,6206.0,-1.0,-1592.5,31.75
2025-01-03,S,1,T1,NEUTRAL,7,6,6315.75,6328.5,-1.0,-642.5,12.75
2025-01-03,S,1,T2,NEUTRAL,7,6,6315.75,6328.5,-1.0,-642.5,12.75
2025-01-06,S,1,T1,NEUTRAL,4,3,6385.0,6400.0,1.0,745.0,15.0
2025-01-06,S,1,T2,NEUTRAL,4,3,6385.0,6400.0,2.0,1495.0,15.0
2025-01-07,S,1,T1,NEUTRAL,6,5,6303.5,6321.25,1.0,882.5,17.75
2025-01-07,S,1,T2,NEUTRAL,6,5,6303.5,6321.25,2.0,1770.0,17.75
2025-01-08,S,1,T1,NEUTRAL,3,2,6260.25,6284.75,-1.0,-1230.0,24.5
2025-01-08,S,1,T2,NEUTRAL,3,2,6260.25,6284.75,-1.0,-1230.0,24.5
2025-01-08,S,1,T1,NEUTRAL,4,3,6250.0,6297.0,-1.0,-2355.0,47.0
2025-01-08,S,1,T2,NEUTRAL,4,3,6250.0,6297.0,-1.0,-2355.0,47.0
2025-01-10,S,1,T1,NEUTRAL,3,2,6187.0,6224.75,-1.0,-1892.5,37.75
2025-01-10,S,1,T2,NEUTRAL,3,2,6187.0,6224.75,-1.0,-1892.5,37.75
2025-01-10,S,1,T1,NEUTRAL,6,5,6208.25,6239.0,-1.0,-1542.5,30.75
2025-01-10,S,1,T2,NEUTRAL,6,5,6208.25,6239.0,-1.0,-1542.5,30.75
2025-01-13,S,1,T1,NEUTRAL,3,2,6150.25,6183.5,-1.0,-1667.5,33.25
2025-01-13,S,1,T2,NEUTRAL,3,2,6150.25,6183.5,-1.0,-1667.5,33.25
2025-01-14,L,1,T1,NEUTRAL,4,3,6205.75,6176.0,-1.0,-1492.5,29.75
2025-01-14,L,1,T2,NEUTRAL,4,3,6205.75,6176.0,-1.0,-1492.5,29.75
2025-01-14,L,1,T1,NEUTRAL,5,4,6214.0,6173.75,-1.0,-2017.5,40.25
2025-01-14,L,1,T2,NEUTRAL,5,4,6214.0,6173.75,-1.0,-2017.5,40.25
2025-01-15,S,1,T1,NEUTRAL,3,2,6299.5,6319.25,-1.0,-992.5,19.75
2025-01-15,S,1,T2,NEUTRAL,3,2,6299.5,6319.25,-1.0,-992.5,19.75
2025-01-15,S,1,T1,NEUTRAL,7,6,6322.75,6333.0,-1.0,-517.5,10.25
2025-01-15,S,1,T2,NEUTRAL,7,6,6322.75,6333.0,-1.0,-517.5,10.25
2025-01-16,S,1,T1,NEUTRAL,5,4,6312.0,6329.75,-1.0,-892.5,17.75
2025-01-16,S,1,T2,NEUTRAL,5,4,6312.0,6329.75,-1.0,-892.5,17.75
2025-01-16,S,1,T1,NEUTRAL,7,6,6310.25,6325.25,1.0,745.0,15.0
2025-01-16,S,1,T2,NEUTRAL,7,6,6310.25,6325.25,-1.0,-755.0,15.0
2025-01-17,L,1,T1,NEUTRAL,4,3,6380.25,6367.0,-1.0,-667.5,13.25
2025-01-17,L,1,T2,NEUTRAL,4,3,6380.25,6367.0,-1.0,-667.5,13.25
2025-01-21,L,1,T1,NEUTRAL,3,2,6398.75,6382.5,1.0,807.5,16.25
2025-01-21,L,1,T2,NEUTRAL,3,2,6398.75,6382.5,-1.0,-817.5,16.25
2025-01-21,L,1,T1,NEUTRAL,7,6,6417.25,6405.5,-1.0,-592.5,11.75
2025-01-21,L,1,T2,NEUTRAL,7,6,6417.25,6405.5,-1.0,-592.5,11.75
2025-01-22,S,1,T1,NEUTRAL,4,3,6460.0,6467.5,1.0,370.0,7.5
2025-01-22,S,1,T2,NEUTRAL,4,3,6460.0,6467.5,-1.0,-380.0,7.5
2025-01-23,S,1,T1,NEUTRAL,4,3,6456.0,6466.5,-1.0,-530.0,10.5
2025-01-23,S,1,T2,NEUTRAL,4,3,6456.0,6466.5,-1.0,-530.0,10.5
2025-01-24,L,1,T1,NEUTRAL,3,2,6484.75,6475.75,-1.0,-455.0,9.0
2025-01-24,L,1,T2,NEUTRAL,3,2,6484.75,6475.75,-1.0,-455.0,9.0
2025-01-24,L,1,T1,BEAR,7,6,6465.25,6454.75,-1.0,-530.0,10.5
2025-01-24,L,1,T2,BEAR,7,6,6465.25,6454.75,-1.0,-530.0,10.5
2025-01-27,S,1,T1,NEUTRAL,3,2,6344.75,6379.75,-1.0,-1755.0,35.0
2025-01-27,S,1,T2,NEUTRAL,3,2,6344.75,6379.75,-1.0,-1755.0,35.0
2025-01-27,L,1,T1,NEUTRAL,7,6,6373.75,6346.0,-1.0,-1392.5,27.75
2025-01-27,L,1,T2,NEUTRAL,7,6,6373.75,6346.0,-1.0,-1392.5,27.75
2025-01-28,S,1,T1,NEUTRAL,3,2,6392.25,6419.0,-1.0,-1342.5,26.75
2025-01-28,S,1,T2,NEUTRAL,3,2,6392.25,6419.0,-1.0,-1342.5,26.75
2025-01-28,S,1,T1,BULL,5,4,6415.25,6431.0,-1.0,-792.5,15.75
2025-01-28,S,1,T2,BULL,5,4,6415.25,6431.0,-1.0,-792.5,15.75
2025-01-28,S,2,T1,BULL,7,6,6422.75,6437.25,-1.0,-730.0,14.5
2025-01-28,S,2,T2,BULL,7,6,6422.75,6437.25,-1.0,-730.0,14.5
2025-01-29,L,1,T1,NEUTRAL,6,5,6408.75,6373.5,-1.0,-1767.5,35.25
2025-01-29,L,1,T2,NEUTRAL,6,5,6408.75,6373.5,-1.0,-1767.5,35.25
2025-01-30,L,1,T1,NEUTRAL,3,2,6420.5,6387.75,-1.0,-1642.5,32.75
2025-01-30,L,1,T2,NEUTRAL,3,2,6420.5,6387.75,-1.0,-1642.5,32.75
2025-01-30,L,1,T1,NEUTRAL,5,4,6425.25,6402.25,-1.0,-1155.0,23.0
2025-01-30,L,1,T2,NEUTRAL,5,4,6425.25,6402.25,-1.0,-1155.0,23.0
2025-01-31,S,1,T1,NEUTRAL,3,2,6467.5,6479.5,1.0,595.0,12.0
2025-01-31,S,1,T2,NEUTRAL,3,2,6467.5,6479.5,2.0,1195.0,12.0
2025-01-31,S,1,T1,BEAR,5,4,6445.75,6477.25,1.0,1570.0,31.5
2025-01-31,S,1,T2,BEAR,5,4,6445.75,6477.25,-1.0,-1580.0,31.5
2025-02-03,S,1,T1,NEUTRAL,4,3,6343.5,6368.0,-1.0,-1230.0,24.5
2025-02-03,S,1,T2,NEUTRAL,4,3,6343.5,6368.0,-1.0,-1230.0,24.5
2025-02-03,S,1,T1,BULL,7,6,6361.0,6381.0,-1.0,-1005.0,20.0
2025-02-03,S,1,T2,BULL,7,6,6361.0,6381.0,-1.0,-1005.0,20.0
2025-02-04,S,1,T1,NEUTRAL,3,2,6377.5,6397.75,-1.0,-1017.5,20.25
2025-02-04,S,1,T2,NEUTRAL,3,2,6377.5,6397.75,-1.0,-1017.5,20.25
2025-02-04,S,1,T1,NEUTRAL,4,3,6373.0,6398.5,-1.0,-1280.0,25.5
2025-02-04,S,1,T2,NEUTRAL,4,3,6373.0,6398.5,-1.0,-1280.0,25.5
2025-02-04,S,2,T1,BULL,7,6,6384.75,6400.5,-1.0,-792.5,15.75
2025-02-04,S,2,T2,BULL,7,6,6384.75,6400.5,-1.0,-792.5,15.75
2025-02-05,L,1,T1,NEUTRAL,5,4,6405.75,6397.75,1.0,395.0,8.0
2025-02-05,L,1,T2,NEUTRAL,5,4,6405.75,6397.75,-1.0,-405.0,8.0
2025-02-06,L,1,T1,NEUTRAL,4,3,6432.5,6422.5,-1.0,-505.0,10.0
2025-02-06,L,1,T2,NEUTRAL,4,3,6432.5,6422.5,-1.0,-505.0,10.0
2025-02-06,L,1,T1,BEAR,7,6,6424.0,6401.25,-1.0,-1142.5,22.75
2025-02-06,L,1,T2,BEAR,7,6,6424.0,6401.25,-1.0,-1142.5,22.75
2025-02-07,L,1,T1,NEUTRAL,4,3,6402.0,6377.75,-1.0,-1217.5,24.25
2025-02-07,L,1,T2,NEUTRAL,4,3,6402.0,6377.75,-1.0,-1217.5,24.25
2025-02-10,S,1,T1,NEUTRAL,3,2,6412.25,6426.25,-1.0,-705.0,14.0
2025-02-10,S,1,T2,NEUTRAL,3,2,6412.25,6426.25,-1.0,-705.0,14.0
2025-02-10,S,1,T1,BULL,7,6,6419.0,6426.25,-1.0,-367.5,7.25
2025-02-10,S,1,T2,BULL,7,6,6419.0,6426.25,-1.0,-367.5,7.25
2025-02-11,S,1,T1,NEUTRAL,3,2,6410.5,6423.75,-1.0,-667.5,13.25
2025-02-11,S,1,T2,NEUTRAL,3,2,6410.5,6423.75,-1.0,-667.5,13.25
2025-02-11,S,1,T1,BULL,7,6,6418.0,6430.5,-1.0,-630.0,12.5
2025-02-11,S,1,T2,BULL,7,6,6418.0,6430.5,-1.0,-630.0,12.5
2025-02-12,S,1,T1,NEUTRAL,5,4,6400.75,6416.5,-1.0,-792.5,15.75
2025-02-12,S,1,T2,NEUTRAL,5,4,6400.75,6416.5,-1.0,-792.5,15.75
2025-02-12,S,1,T1,NEUTRAL,7,6,6400.5,6413.25,-1.0,-642.5,12.75
2025-02-12,S,1,T2,NEUTRAL,7,6,6400.5,6413.25,-1.0,-642.5,12.75
2025-02-13,S,1,T1,NEUTRAL,3,2,6429.0,6445.5,-1.0,-830.0,16.5
2025-02-13,S,1,T2,NEUTRAL,3,2,6429.0,6445.5,-1.0,-830.0,16.5
2025-02-14,L,1,T1,NEUTRAL,5,4,6468.25,6457.0,-1.0,-567.5,11.25
2025-02-14,L,1,T2,NEUTRAL,5,4,6468.25,6457.0,-1.0,-567.5,11.25
2025-02-18,L,1,T1,NEUTRAL,3,2,6473.75,6459.25,-1.0,-730.0,14.5
2025-02-18,L,1,T2,NEUTRAL,3,2,6473.75,6459.25,-1.0,-730.0,14.5
2025-02-18,L,1,T1,NEUTRAL,6,5,6466.0,6449.5,-1.0,-830.0,16.5
2025-02-18,L,1,T2,NEUTRAL,6,5,6466.0,6449.5,-1.0,-830.0,16.5
2025-02-19,S,1,T1,NEUTRAL,4,3,6474.75,6485.5,-1.0,-542.5,10.75
2025-02-19,S,1,T2,NEUTRAL,4,3,6474.75,6485.5,-1.0,-542.5,10.75
2025-02-20,L,1,T1,NEUTRAL,4,3,6454.25,6434.75,-1.0,-980.0,19.5
2025-02-20,L,1,T2,NEUTRAL,4,3,6454.25,6434.75,-1.0,-980.0,19.5
2025-02-21,L,1,T1,NEUTRAL,3,2,6437.0,6418.75,-1.0,-917.5,18.25
2025-02-21,L,1,T2,NEUTRAL,3,2,6437.0,6418.75,-1.0,-917.5,18.25
2025-02-21,L,1,T1,BEAR,7,6,6368.5,6355.75,-1.0,-642.5,12.75
2025-02-21,L,1,T2,BEAR,7,6,6368.5,6355.75,-1.0,-642.5,12.75
2025-02-24,L,1,T1,NEUTRAL,3,2,6365.75,6328.25,-1.0,-1880.0,37.5
2025-02-24,L,1,T2,NEUTRAL,3,2,6365.75,6328.25,-1.0,-1880.0,37.5
2025-02-25,L,1,T1,NEUTRAL,3,2,6295.0,6264.75,1.0,1507.5,30.25
2025-02-25,L,1,T2,NEUTRAL,3,2,6295.0,6264.75,-1.0,-1517.5,30.25
2025-02-25,L,1,T1,NEUTRAL,4,3,6299.5,6255.25,-1.0,-2217.5,44.25
2025-02-25,L,1,T2,NEUTRAL,4,3,6299.5,6255.25,-1.0,-2217.5,44.25
2025-02-25,L,2,T1,NEUTRAL,6,5,6319.75,6289.75,-1.0,-1505.0,30.0
2025-02-25,L,2,T2,NEUTRAL,6,5,6319.75,6289.75,-1.0,-1505.0,30.0
2025-02-26,S,1,T1,NEUTRAL,3,2,6338.0,6355.5,1.0,870.0,17.5
2025-02-26,S,1,T2,NEUTRAL,3,2,6338.0,6355.5,2.0,1745.0,17.5
2025-02-27,S,1,T1,NEUTRAL,3,2,6290.25,6320.75,1.0,1520.0,30.5
2025-02-27,S,1,T2,NEUTRAL,3,2,6290.25,6320.75,2.0,3045.0,30.5
2025-02-27,S,1,T1,NEUTRAL,5,4,6281.25,6310.0,1.0,1432.5,28.75
2025-02-27,S,1,T2,NEUTRAL,5,4,6281.25,6310.0,2.0,2870.0,28.75
2025-02-28,S,1,T1,NEUTRAL,3,2,6214.5,6246.0,1.0,1570.0,31.5
2025-02-28,S,1,T2,NEUTRAL,3,2,6214.5,6246.0,-1.0,-1580.0,31.5
2025-03-03,S,1,T1,NEUTRAL,3,2,6276.0,6306.5,1.0,1520.0,30.5
2025-03-03,S,1,T2,NEUTRAL,3,2,6276.0,6306.5,2.0,3045.0,30.5
2025-03-03,S,1,T1,BEAR,5,4,6232.5,6297.25,1.0,3232.5,64.75
2025-03-03,S,1,T2,BEAR,5,4,6232.5,6297.25,-1.0,-3242.5,64.75
2025-03-03,S,1,T1,BEAR,7,6,6162.0,6261.25,-1.0,-4967.5,99.25
2025-03-03,S,1,T2,BEAR,7,6,6162.0,6261.25,-1.0,-4967.5,99.25
2025-03-04,L,1,T1,NEUTRAL,3,2,6114.75,6076.0,1.0,1932.5,38.75
2025-03-04,L,1,T2,NEUTRAL,3,2,6114.75,6076.0,2.0,3870.0,38.75
2025-03-05,L,1,T1,NEUTRAL,3,2,6136.0,6089.5,1.0,2320.0,46.5
2025-03-05,L,1,T2,NEUTRAL,3,2,6136.0,6089.5,-1.0,-2330.0,46.5
2025-03-05,L,1,T1,NEUTRAL,4,3,6140.5,6082.0,1.0,2920.0,58.5
2025-03-05,L,1,T2,NEUTRAL,4,3,6140.5,6082.0,-1.0,-2930.0,58.5
2025-03-06,S,1,T1,NEUTRAL,3,2,6121.25,6153.0,1.0,1582.5,31.75
2025-03-06,S,1,T2,NEUTRAL,3,2,6121.25,6153.0,2.0,3170.0,31.75
2025-03-07,L,1,T1,NEUTRAL,4,3,6035.5,6004.25,1.0,1557.5,31.25
2025-03-07,L,1,T2,NEUTRAL,4,3,6035.5,6004.25,2.0,3120.0,31.25
2025-03-07,L,1,T1,NEUTRAL,7,6,6121.0,6094.25,-1.0,-1342.5,26.75
2025-03-07,L,1,T2,NEUTRAL,7,6,6121.0,6094.25,-1.0,-1342.5,26.75
2025-03-10,L,1,T1,NEUTRAL,3,2,6008.25,5977.75,-1.0,-1530.0,30.5
2025-03-10,L,1,T2,NEUTRAL,3,2,6008.25,5977.75,-1.0,-1530.0,30.5
2025-03-10,L,1,T1,BEAR,7,6,5961.0,5902.75,-1.0,-2917.5,58.25
2025-03-10,L,1,T2,BEAR,7,6,5961.0,5902.75,-1.0,-2917.5,58.25
2025-03-11,L,1,T1,NEUTRAL,3,2,5935.75,5885.75,-1.0,-2505.0,50.0
2025-03-11,L,1,T2,NEUTRAL,3,2,5935.75,5885.75,-1.0,-2505.0,50.0
2025-03-11,L,1,T1,BEAR,5,4,5915.75,5865.25,1.0,2520.0,50.5
2025-03-11,L,1,T2,BEAR,5,4,5915.75,5865.25,-1.0,-2530.0,50.5
2025-03-12,L,1,T1,NEUTRAL,3,2,5938.75,5881.5,-1.0,-2867.5,57.25
2025-03-12,L,1,T2,NEUTRAL,3,2,5938.75,5881.5,-1.0,-2867.5,57.25
2025-03-12,L,1,T1,BULL,6,5,5963.5,5923.0,-1.0,-2030.0,40.5
2025-03-12,L,1,T2,BULL,6,5,5963.5,5923.0,-1.0,-2030.0,40.5
2025-03-13,L,1,T1,NEUTRAL,6,5,5877.5,5840.5,-1.0,-1855.0,37.0
2025-03-13,L,1,T2,NEUTRAL,6,5,5877.5,5840.5,-1.0,-1855.0,37.0
2025-03-14,L,1,T1,NEUTRAL,6,5,5962.5,5944.25,-1.0,-917.5,18.25
2025-03-14,L,1,T2,NEUTRAL,6,5,5962.5,5944.25,-1.0,-917.5,18.25
2025-03-17,S,1,T1,NEUTRAL,3,2,5975.25,5999.0,-1.0,-1192.5,23.75
2025-03-17,S,1,T2,NEUTRAL,3,2,5975.25,5999.0,-1.0,-1192.5,23.75
2025-03-17,S,1,T1,NEUTRAL,7,6,6025.0,6039.25,1.0,707.5,14.25
2025-03-17,S,1,T2,NEUTRAL,7,6,6025.0,6039.25,-1.0,-717.5,14.25
2025-03-18,L,1,T1,NEUTRAL,4,3,5957.25,5929.75,-1.0,-1380.0,27.5
2025-03-18,L,1,T2,NEUTRAL,4,3,5957.25,5929.75,-1.0,-1380.0,27.5
2025-03-18,L,1,T1,NEUTRAL,6,5,5955.5,5936.25,-1.0,-967.5,19.25
2025-03-18,L,1,T2,NEUTRAL,6,5,5955.5,5936.25,-1.0,-967.5,19.25
2025-03-19,L,1,T1,NEUTRAL,3,2,5988.5,5971.75,-1.0,-842.5,16.75
2025-03-19,L,1,T2,NEUTRAL,3,2,5988.5,5971.75,-1.0,-842.5,16.75
2025-03-19,L,1,T1,NEUTRAL,5,4,5996.25,5971.25,1.0,1245.0,25.0
2025-03-19,L,1,T2,NEUTRAL,5,4,5996.25,5971.25,2.0,2495.0,25.0
2025-03-19,L,2,T1,NEUTRAL,6,5,5998.5,5961.0,1.0,1870.0,37.5
2025-03-19,L,2,T2,NEUTRAL,6,5,5998.5,5961.0,-1.0,-1880.0,37.5
2025-03-20,S,1,T1,NEUTRAL,3,2,6024.5,6044.75,1.0,1007.5,20.25
2025-03-20,S,1,T2,NEUTRAL,3,2,6024.5,6044.75,2.0,2020.0,20.25
2025-03-21,S,1,T1,NEUTRAL,3,2,5941.0,5970.5,-1.0,-1480.0,29.5
2025-03-21,S,1,T2,NEUTRAL,3,2,5941.0,5970.5,-1.0,-1480.0,29.5
2025-03-21,S,1,T1,BULL,5,4,5969.25,5989.5,-1.0,-1017.5,20.25
2025-03-21,S,1,T2,BULL,5,4,5969.25,5989.5,-1.0,-1017.5,20.25
2025-03-24,S,1,T1,NEUTRAL,4,3,6085.25,6098.75,-1.0,-680.0,13.5
2025-03-24,S,1,T2,NEUTRAL,4,3,6085.25,6098.75,-1.0,-680.0,13.5
2025-03-25,S,1,T1,NEUTRAL,3,2,6105.0,6116.75,1.0,582.5,11.75
2025-03-25,S,1,T2,NEUTRAL,3,2,6105.0,6116.75,-1.0,-592.5,11.75
2025-03-26,L,1,T1,NEUTRAL,7,6,6046.0,6022.0,-1.0,-1205.0,24.0
2025-03-26,L,1,T2,NEUTRAL,7,6,6046.0,6022.0,-1.0,-1205.0,24.0
2025-03-27,S,1,T1,NEUTRAL,3,2,6041.75,6059.25,1.0,870.0,17.5
2025-03-27,S,1,T2,NEUTRAL,3,2,6041.75,6059.25,-1.0,-880.0,17.5
2025-03-27,S,1,T1,NEUTRAL,7,6,6023.0,6050.75,-1.0,-1392.5,27.75
2025-03-27,S,1,T2,NEUTRAL,7,6,6023.0,6050.75,-1.0,-1392.5,27.75
2025-03-28,S,1,T1,NEUTRAL,7,6,5898.5,5913.75,-1.0,-767.5,15.25
2025-03-28,S,1,T2,NEUTRAL,7,6,5898.5,5913.75,-1.0,-767.5,15.25
2025-03-31,S,1,T1,NEUTRAL,5,4,5872.0,5896.75,-1.0,-1242.5,24.75
2025-03-31,S,1,T2,NEUTRAL,5,4,5872.0,5896.75,-1.0,-1242.5,24.75
2025-04-01,S,1,T1,NEUTRAL,4,3,5945.25,5974.25,1.0,1445.0,29.0
2025-04-01,S,1,T2,NEUTRAL,4,3,5945.25,5974.25,-1.0,-1455.0,29.0
2025-04-02,S,1,T1,NEUTRAL,5,4,5979.0,6018.75,-1.0,-1992.5,39.75
2025-04-02,S,1,T2,NEUTRAL,5,4,5979.0,6018.75,-1.0,-1992.5,39.75
2025-04-03,L,1,T1,NEUTRAL,3,2,5778.75,5734.0,-1.0,-2242.5,44.75
2025-04-03,L,1,T2,NEUTRAL,3,2,5778.75,5734.0,-1.0,-2242.5,44.75
2025-04-04,S,1,T1,NEUTRAL,4,3,5450.75,5517.25,1.0,3320.0,66.5
2025-04-04,S,1,T2,NEUTRAL,4,3,5450.75,5517.25,-1.0,-3330.0,66.5
2025-04-04,S,1,T1,NEUTRAL,6,5,5417.0,5491.75,-1.0,-3742.5,74.75
2025-04-04,S,1,T2,NEUTRAL,6,5,5417.0,5491.75,-1.0,-3742.5,74.75
2025-04-07,L,1,T1,NEUTRAL,4,3,5371.0,5266.25,-1.0,-5242.5,104.75
2025-04-07,L,1,T2,NEUTRAL,4,3,5371.0,5266.25,-1.0,-5242.5,104.75
2025-04-07,L,1,T1,NEUTRAL,7,6,5415.75,5331.75,-1.0,-4205.0,84.0
2025-04-07,L,1,T2,NEUTRAL,7,6,5415.75,5331.75,-1.0,-4205.0,84.0
2025-04-09,L,1,T1,NEUTRAL,4,3,5335.75,5276.0,1.0,2982.5,59.75
2025-04-09,L,1,T2,NEUTRAL,4,3,5335.75,5276.0,2.0,5970.0,59.75
2025-04-10,L,1,T1,NEUTRAL,4,3,5575.75,5425.75,-1.0,-7505.0,150.0
2025-04-10,L,1,T2,NEUTRAL,4,3,5575.75,5425.75,-1.0,-7505.0,150.0
2025-04-11,L,1,T1,NEUTRAL,3,2,5605.5,5530.5,1.0,3745.0,75.0
2025-04-11,L,1,T2,NEUTRAL,3,2,5605.5,5530.5,-1.0,-3755.0,75.0
2025-04-14,L,1,T1,NEUTRAL,5,4,5723.25,5684.5,-1.0,-1942.5,38.75
2025-04-14,L,1,T2,NEUTRAL,5,4,5723.25,5684.5,-1.0,-1942.5,38.75
2025-04-15,S,1,T1,NEUTRAL,4,3,5725.25,5748.25,1.0,1145.0,23.0
2025-04-15,S,1,T2,NEUTRAL,4,3,5725.25,5748.25,-1.0,-1155.0,23.0
2025-04-15,S,1,T1,NEUTRAL,7,6,5704.5,5724.25,-1.0,-992.5,19.75
2025-04-15,S,1,T2,NEUTRAL,7,6,5704.5,5724.25,-1.0,-992.5,19.75
2025-04-16,S,1,T1,NEUTRAL,3,2,5641.25,5680.5,1.0,1957.5,39.25
2025-04-16,S,1,T2,NEUTRAL,3,2,5641.25,5680.5,2.0,3920.0,39.25
2025-04-17,L,1,T1,NEUTRAL,3,2,5615.5,5564.5,-1.0,-2555.0,51.0
2025-04-17,L,1,T2,NEUTRAL,3,2,5615.5,5564.5,-1.0,-2555.0,51.0
2025-04-21,L,1,T1,NEUTRAL,6,5,5428.25,5406.25,1.0,1095.0,22.0
2025-04-21,L,1,T2,NEUTRAL,6,5,5428.25,5406.25,2.0,2195.0,22.0
2025-04-22,S,1,T1,NEUTRAL,4,3,5561.75,5618.75,-1.0,-2855.0,57.0
2025-04-22,S,1,T2,NEUTRAL,4,3,5561.75,5618.75,-1.0,-2855.0,57.0
2025-04-22,S,1,T1,NEUTRAL,7,6,5566.5,5599.25,-1.0,-1642.5,32.75
2025-04-22,S,1,T2,NEUTRAL,7,6,5566.5,5599.25,-1.0,-1642.5,32.75
2025-04-23,L,1,T1,NEUTRAL,4,3,5721.25,5664.0,-1.0,-2867.5,57.25
2025-04-23,L,1,T2,NEUTRAL,4,3,5721.25,5664.0,-1.0,-2867.5,57.25
2025-04-24,S,1,T1,NEUTRAL,6,5,5768.25,5789.75,-1.0,-1080.0,21.5
2025-04-24,S,1,T2,NEUTRAL,6,5,5768.25,5789.75,-1.0,-1080.0,21.5
2025-04-25,L,1,T1,NEUTRAL,3,2,5798.25,5759.25,-1.0,-1955.0,39.0
2025-04-25,L,1,T2,NEUTRAL,3,2,5798.25,5759.25,-1.0,-1955.0,39.0
2025-04-25,L,1,T1,NEUTRAL,7,6,5831.5,5816.25,-1.0,-767.5,15.25
2025-04-25,L,1,T2,NEUTRAL,7,6,5831.5,5816.25,-1.0,-767.5,15.25
2025-04-28,L,1,T1,NEUTRAL,5,4,5797.5,5773.25,1.0,1207.5,24.25
2025-04-28,L,1,T2,NEUTRAL,5,4,5797.5,5773.25,-1.0,-1217.5,24.25
2025-04-28,L,1,T1,NEUTRAL,6,5,5811.0,5771.0,-1.0,-2005.0,40.0
2025-04-28,L,1,T2,NEUTRAL,6,5,5811.0,5771.0,-1.0,-2005.0,40.0
2025-04-29,S,1,T1,NEUTRAL,4,3,5829.75,5856.75,-1.0,-1355.0,27.0
2025-04-29,S,1,T2,NEUTRAL,4,3,5829.75,5856.75,-1.0,-1355.0,27.0
2025-04-29,S,1,T1,BULL,7,6,5862.5,5875.5,-1.0,-655.0,13.0
2025-04-29,S,1,T2,BULL,7,6,5862.5,5875.5,-1.0,-655.0,13.0
2025-04-30,S,1,T1,NEUTRAL,4,3,5797.75,5823.75,-1.0,-1305.0,26.0
2025-04-30,S,1,T2,NEUTRAL,4,3,5797.75,5823.75,-1.0,-1305.0,26.0
2025-04-30,S,1,T1,BULL,6,5,5817.5,5852.0,-1.0,-1730.0,34.5
2025-04-30,S,1,T2,BULL,6,5,5817.5,5852.0,-1.0,-1730.0,34.5
2025-05-01,S,1,T1,NEUTRAL,3,2,5931.25,5962.0,1.0,1532.5,30.75
2025-05-01,S,1,T2,NEUTRAL,3,2,5931.25,5962.0,-1.0,-1542.5,30.75
2025-05-01,S,1,T1,NEUTRAL,7,6,5928.25,5947.75,1.0,970.0,19.5
2025-05-01,S,1,T2,NEUTRAL,7,6,5928.25,5947.75,2.0,1945.0,19.5
2025-05-02,S,1,T1,NEUTRAL,3,2,5964.0,5983.0,-1.0,-955.0,19.0
2025-05-02,S,1,T2,NEUTRAL,3,2,5964.0,5983.0,-1.0,-955.0,19.0
2025-05-02,S,1,T1,NEUTRAL,6,5,5984.25,6000.0,-1.0,-792.5,15.75
2025-05-02,S,1,T2,NEUTRAL,6,5,5984.25,6000.0,-1.0,-792.5,15.75
2025-05-02,S,2,T1,NEUTRAL,7,6,5980.75,6004.25,-1.0,-1180.0,23.5
2025-05-02,S,2,T2,NEUTRAL,7,6,5980.75,6004.25,-1.0,-1180.0,23.5
2025-05-05,S,1,T1,NEUTRAL,6,5,5968.5,5982.5,1.0,695.0,14.0
2025-05-05,S,1,T2,NEUTRAL,6,5,5968.5,5982.5,-1.0,-705.0,14.0
2025-05-05,S,1,T1,NEUTRAL,7,6,5963.0,5985.75,-1.0,-1142.5,22.75
2025-05-05,S,1,T2,NEUTRAL,7,6,5963.0,5985.75,-1.0,-1142.5,22.75
2025-05-06,S,1,T1,NEUTRAL,3,2,5920.0,5936.0,-1.0,-805.0,16.0
2025-05-06,S,1,T2,NEUTRAL,3,2,5920.0,5936.0,-1.0,-805.0,16.0
2025-05-06,S,1,T1,NEUTRAL,4,3,5917.75,5951.25,-1.0,-1680.0,33.5
2025-05-06,S,1,T2,NEUTRAL,4,3,5917.75,5951.25,-1.0,-1680.0,33.5
2025-05-06,S,2,T1,NEUTRAL,7,6,5914.75,5928.5,-1.0,-692.5,13.75
2025-05-06,S,2,T2,NEUTRAL,7,6,5914.75,5928.5,-1.0,-692.5,13.75
2025-05-07,L,1,T1,NEUTRAL,4,3,5920.75,5901.25,-1.0,-980.0,19.5
2025-05-07,L,1,T2,NEUTRAL,4,3,5920.75,5901.25,-1.0,-980.0,19.5
2025-05-07,L,1,T1,BEAR,7,6,5928.75,5888.25,-1.0,-2030.0,40.5
2025-05-07,L,1,T2,BEAR,7,6,5928.75,5888.25,-1.0,-2030.0,40.5
2025-05-08,L,1,T1,NEUTRAL,3,2,5987.75,5932.0,-1.0,-2792.5,55.75
2025-05-08,L,1,T2,NEUTRAL,3,2,5987.75,5932.0,-1.0,-2792.5,55.75
2025-05-08,L,1,T1,NEUTRAL,6,5,6011.25,5990.25,-1.0,-1055.0,21.0
2025-05-08,L,1,T2,NEUTRAL,6,5,6011.25,5990.25,-1.0,-1055.0,21.0
2025-05-09,L,1,T1,NEUTRAL,3,2,5967.25,5941.5,-1.0,-1292.5,25.75
2025-05-09,L,1,T2,NEUTRAL,3,2,5967.25,5941.5,-1.0,-1292.5,25.75
2025-05-09,L,1,T1,NEUTRAL,5,4,5959.75,5942.0,-1.0,-892.5,17.75
2025-05-09,L,1,T2,NEUTRAL,5,4,5959.75,5942.0,-1.0,-892.5,17.75
2025-05-12,L,1,T1,NEUTRAL,4,3,6114.25,6094.75,1.0,970.0,19.5
2025-05-12,L,1,T2,NEUTRAL,4,3,6114.25,6094.75,2.0,1945.0,19.5
2025-05-12,L,1,T1,NEUTRAL,6,5,6138.0,6127.0,-1.0,-555.0,11.0
2025-05-12,L,1,T2,NEUTRAL,6,5,6138.0,6127.0,-1.0,-555.0,11.0
2025-05-12,L,1,T1,BULL,7,6,6142.0,6126.5,-1.0,-780.0,15.5
2025-05-12,L,1,T2,BULL,7,6,6142.0,6126.5,-1.0,-780.0,15.5
2025-05-13,L,1,T1,NEUTRAL,5,4,6199.75,6187.75,-1.0,-605.0,12.0
2025-05-13,L,1,T2,NEUTRAL,5,4,6199.75,6187.75,-1.0,-605.0,12.0
2025-05-13,L,1,T1,NEUTRAL,7,6,6205.0,6189.5,-1.0,-780.0,15.5
2025-05-13,L,1,T2,NEUTRAL,7,6,6205.0,6189.5,-1.0,-780.0,15.5
2025-05-14,L,1,T1,NEUTRAL,3,2,6196.0,6171.5,-1.0,-1230.0,24.5
2025-05-14,L,1,T2,NEUTRAL,3,2,6196.0,6171.5,-1.0,-1230.0,24.5
2025-05-14,L,1,T1,BEAR,6,5,6192.0,6176.0,-1.0,-805.0,16.0
2025-05-14,L,1,T2,BEAR,6,5,6192.0,6176.0,-1.0,-805.0,16.0
2025-05-15,S,1,T1,NEUTRAL,5,4,6201.75,6224.0,-1.0,-1117.5,22.25
2025-05-15,S,1,T2,NEUTRAL,5,4,6201.75,6224.0,-1.0,-1117.5,22.25
2025-05-16,L,1,T1,NEUTRAL,3,2,6222.75,6203.75,1.0,945.0,19.0
2025-05-16,L,1,T2,NEUTRAL,3,2,6222.75,6203.75,-1.0,-955.0,19.0
2025-05-19,L,1,T1,NEUTRAL,3,2,6240.5,6226.5,1.0,695.0,14.0
2025-05-19,L,1,T2,NEUTRAL,3,2,6240.5,6226.5,-1.0,-705.0,14.0
2025-05-19,L,1,T1,NEUTRAL,7,6,6258.25,6241.75,-1.0,-830.0,16.5
2025-05-19,L,1,T2,NEUTRAL,7,6,6258.25,6241.75,-1.0,-830.0,16.5
2025-05-20,S,1,T1,NEUTRAL,3,2,6233.75,6250.5,1.0,832.5,16.75
2025-05-20,S,1,T2,NEUTRAL,3,2,6233.75,6250.5,-1.0,-842.5,16.75
2025-05-20,S,1,T1,NEUTRAL,5,4,6235.5,6248.5,1.0,645.0,13.0
2025-05-20,S,1,T2,NEUTRAL,5,4,6235.5,6248.5,2.0,1295.0,13.0
2025-05-21,S,1,T1,NEUTRAL,4,3,6221.25,6233.25,1.0,595.0,12.0
2025-05-21,S,1,T2,NEUTRAL,4,3,6221.25,6233.25,2.0,1195.0,12.0
2025-05-21,S,1,T1,NEUTRAL,5,4,6153.75,6235.75,-1.0,-4105.0,82.0
2025-05-21,S,1,T2,NEUTRAL,5,4,6153.75,6235.75,-1.0,-4105.0,82.0
2025-05-22,L,1,T1,NEUTRAL,3,2,6146.75,6122.5,1.0,1207.5,24.25
2025-05-22,L,1,T2,NEUTRAL,3,2,6146.75,6122.5,-1.0,-1217.5,24.25
2025-05-22,L,1,T1,NEUTRAL,5,4,6157.5,6133.75,-1.0,-1192.5,23.75
2025-05-22,L,1,T2,NEUTRAL,5,4,6157.5,6133.75,-1.0,-1192.5,23.75
2025-05-23,S,1,T1,NEUTRAL,6,5,6104.0,6123.25,-1.0,-967.5,19.25
2025-05-23,S,1,T2,NEUTRAL,6,5,6104.0,6123.25,-1.0,-967.5,19.25
2025-05-27,S,1,T1,NEUTRAL,7,6,6206.0,6214.5,-1.0,-430.0,8.5
2025-05-27,S,1,T2,NEUTRAL,7,6,6206.0,6214.5,-1.0,-430.0,8.5
2025-05-28,L,1,T1,NEUTRAL,4,3,6204.0,6192.75,-1.0,-567.5,11.25
2025-05-28,L,1,T2,NEUTRAL,4,3,6204.0,6192.75,-1.0,-567.5,11.25
2025-05-28,L,1,T1,BEAR,6,5,6208.75,6197.5,-1.0,-567.5,11.25
2025-05-28,L,1,T2,BEAR,6,5,6208.75,6197.5,-1.0,-567.5,11.25
2025-05-29,S,1,T1,NEUTRAL,3,2,6195.25,6214.25,1.0,945.0,19.0
2025-05-29,S,1,T2,NEUTRAL,3,2,6195.25,6214.25,-1.0,-955.0,19.0
2025-05-29,S,1,T1,NEUTRAL,5,4,6191.0,6207.75,-1.0,-842.5,16.75
2025-05-29,S,1,T2,NEUTRAL,5,4,6191.0,6207.75,-1.0,-842.5,16.75
2025-05-30,S,1,T1,NEUTRAL,3,2,6180.25,6200.0,1.0,982.5,19.75
2025-05-30,S,1,T2,NEUTRAL,3,2,6180.25,6200.0,2.0,1970.0,19.75
2025-06-02,L,1,T1,NEUTRAL,3,2,6196.5,6180.5,1.0,795.0,16.0
2025-06-02,L,1,T2,NEUTRAL,3,2,6196.5,6180.5,2.0,1595.0,16.0
2025-06-03,S,1,T1,NEUTRAL,5,4,6259.25,6270.75,1.0,570.0,11.5
2025-06-03,S,1,T2,NEUTRAL,5,4,6259.25,6270.75,-1.0,-580.0,11.5
2025-06-03,S,1,T1,NEUTRAL,7,6,6256.75,6265.0,-1.0,-417.5,8.25
2025-06-03,S,1,T2,NEUTRAL,7,6,6256.75,6265.0,-1.0,-417.5,8.25
2025-06-04,S,1,T1,NEUTRAL,3,2,6265.0,6277.75,-1.0,-642.5,12.75
2025-06-04,S,1,T2,NEUTRAL,3,2,6265.0,6277.75,-1.0,-642.5,12.75
2025-06-04,S,1,T1,NEUTRAL,6,5,6268.5,6278.5,1.0,495.0,10.0
2025-06-04,S,1,T2,NEUTRAL,6,5,6268.5,6278.5,-1.0,-505.0,10.0
2025-06-05,S,1,T1,NEUTRAL,4,3,6267.5,6288.5,1.0,1045.0,21.0
2025-06-05,S,1,T2,NEUTRAL,4,3,6267.5,6288.5,2.0,2095.0,21.0
2025-06-06,S,1,T1,NEUTRAL,4,3,6274.5,6289.75,-1.0,-767.5,15.25
2025-06-06,S,1,T2,NEUTRAL,4,3,6274.5,6289.75,-1.0,-767.5,15.25
2025-06-06,S,1,T1,NEUTRAL,7,6,6286.75,6300.25,-1.0,-680.0,13.5
2025-06-06,S,1,T2,NEUTRAL,7,6,6286.75,6300.25,-1.0,-680.0,13.5
2025-06-09,L,1,T1,NEUTRAL,4,3,6295.25,6286.25,1.0,445.0,9.0
2025-06-09,L,1,T2,NEUTRAL,4,3,6295.25,6286.25,-1.0,-455.0,9.0
2025-06-10,S,1,T1,NEUTRAL,3,2,6301.75,6310.25,1.0,420.0,8.5
2025-06-10,S,1,T2,NEUTRAL,3,2,6301.75,6310.25,2.0,845.0,8.5
2025-06-10,S,1,T1,NEUTRAL,5,4,6310.5,6320.75,1.0,507.5,10.25
2025-06-10,S,1,T2,NEUTRAL,5,4,6310.5,6320.75,-1.0,-517.5,10.25
2025-06-11,S,1,T1,NEUTRAL,3,2,6327.5,6344.25,1.0,832.5,16.75
2025-06-11,S,1,T2,NEUTRAL,3,2,6327.5,6344.25,2.0,1670.0,16.75
2025-06-11,S,1,T1,NEUTRAL,5,4,6320.0,6338.0,1.0,895.0,18.0
2025-06-11,S,1,T2,NEUTRAL,5,4,6320.0,6338.0,-1.0,-905.0,18.0
2025-06-11,S,1,T1,NEUTRAL,7,6,6291.0,6315.0,-1.0,-1205.0,24.0
2025-06-11,S,1,T2,NEUTRAL,7,6,6291.0,6315.0,-1.0,-1205.0,24.0
2025-06-12,L,1,T1,NEUTRAL,4,3,6325.25,6309.75,-1.0,-780.0,15.5
2025-06-12,L,1,T2,NEUTRAL,4,3,6325.25,6309.75,-1.0,-780.0,15.5
2025-06-12,L,1,T1,NEUTRAL,7,6,6329.25,6317.0,-1.0,-617.5,12.25
2025-06-12,L,1,T2,NEUTRAL,7,6,6329.25,6317.0,-1.0,-617.5,12.25
2025-06-13,S,1,T1,NEUTRAL,4,3,6292.75,6309.25,1.0,820.0,16.5
2025-06-13,S,1,T2,NEUTRAL,4,3,6292.75,6309.25,2.0,1645.0,16.5
2025-06-16,S,1,T1,NEUTRAL,3,2,6323.5,6336.75,1.0,657.5,13.25
2025-06-16,S,1,T2,NEUTRAL,3,2,6323.5,6336.75,-1.0,-667.5,13.25
2025-06-16,S,1,T1,BEAR,6,5,6312.25,6328.75,-1.0,-830.0,16.5
2025-06-16,S,1,T2,BEAR,6,5,6312.25,6328.75,-1.0,-830.0,16.5
2025-06-17,S,1,T1,NEUTRAL,3,2,6293.5,6309.0,1.0,770.0,15.5
2025-06-17,S,1,T2,NEUTRAL,3,2,6293.5,6309.0,2.0,1545.0,15.5
2025-06-18,S,1,T1,NEUTRAL,3,2,6287.5,6301.5,1.0,695.0,14.0
2025-06-18,S,1,T2,NEUTRAL,3,2,6287.5,6301.5,2.0,1395.0,14.0
2025-06-18,S,1,T1,BEAR,6,5,6268.5,6300.0,-1.0,-1580.0,31.5
2025-06-18,S,1,T2,BEAR,6,5,6268.5,6300.0,-1.0,-1580.0,31.5
2025-06-20,S,1,T1,NEUTRAL,4,3,6244.75,6267.5,-1.0,-1142.5,22.75
2025-06-20,S,1,T2,NEUTRAL,4,3,6244.75,6267.5,-1.0,-1142.5,22.75
2025-06-23,S,1,T1,NEUTRAL,3,2,6265.5,6281.0,1.0,770.0,15.5
2025-06-23,S,1,T2,NEUTRAL,3,2,6265.5,6281.0,2.0,1545.0,15.5
2025-06-24,S,1,T1,NEUTRAL,7,6,6372.25,6381.5,-1.0,-467.5,9.25
2025-06-24,S,1,T2,NEUTRAL,7,6,6372.25,6381.5,-1.0,-467.5,9.25
2025-06-25,L,1,T1,NEUTRAL,6,5,6374.75,6358.0,-1.0,-842.5,16.75
2025-06-25,L,1,T2,NEUTRAL,6,5,6374.75,6358.0,-1.0,-842.5,16.75
2025-06-26,S,1,T1,NEUTRAL,3,2,6402.25,6412.75,-1.0,-530.0,10.5
2025-06-26,S,1,T2,NEUTRAL,3,2,6402.25,6412.75,-1.0,-530.0,10.5
2025-06-26,S,1,T1,BULL,6,5,6414.75,6425.75,-1.0,-555.0,11.0
2025-06-26,S,1,T2,BULL,6,5,6414.75,6425.75,-1.0,-555.0,11.0
2025-06-27,S,1,T1,NEUTRAL,4,3,6454.75,6466.25,1.0,570.0,11.5
2025-06-27,S,1,T2,NEUTRAL,4,3,6454.75,6466.25,2.0,1145.0,11.5
2025-06-27,S,1,T1,NEUTRAL,5,4,6454.5,6466.75,1.0,607.5,12.25
2025-06-27,S,1,T2,NEUTRAL,5,4,6454.5,6466.75,2.0,1220.0,12.25
2025-06-30,L,1,T1,NEUTRAL,3,2,6470.25,6458.5,-1.0,-592.5,11.75
2025-06-30,L,1,T2,NEUTRAL,3,2,6470.25,6458.5,-1.0,-592.5,11.75
2025-06-30,L,1,T1,BEAR,6,5,6468.0,6451.5,1.0,820.0,16.5
2025-06-30,L,1,T2,BEAR,6,5,6468.0,6451.5,-1.0,-830.0,16.5
2025-07-01,L,1,T1,NEUTRAL,3,2,6476.5,6454.75,-1.0,-1092.5,21.75
2025-07-01,L,1,T2,NEUTRAL,3,2,6476.5,6454.75,-1.0,-1092.5,21.75
2025-07-01,L,1,T1,NEUTRAL,7,6,6486.25,6467.25,-1.0,-955.0,19.0
2025-07-01,L,1,T2,NEUTRAL,7,6,6486.25,6467.25,-1.0,-955.0,19.0
2025-07-07,S,1,T1,NEUTRAL,5,4,6489.75,6508.5,-1.0,-942.5,18.75
2025-07-07,S,1,T2,NEUTRAL,5,4,6489.75,6508.5,-1.0,-942.5,18.75
2025-07-08,L,1,T1,NEUTRAL,3,2,6510.5,6489.75,-1.0,-1042.5,20.75
2025-07-08,L,1,T2,NEUTRAL,3,2,6510.5,6489.75,-1.0,-1042.5,20.75
2025-07-09,L,1,T1,NEUTRAL,4,3,6520.75,6507.25,1.0,670.0,13.5
2025-07-09,L,1,T2,NEUTRAL,4,3,6520.75,6507.25,-1.0,-680.0,13.5
2025-07-10,S,1,T1,NEUTRAL,7,6,6554.5,6561.25,1.0,332.5,6.75
2025-07-10,S,1,T2,NEUTRAL,7,6,6554.5,6561.25,-1.0,-342.5,6.75
2025-07-11,L,1,T1,NEUTRAL,5,4,6538.0,6526.5,-1.0,-580.0,11.5
2025-07-11,L,1,T2,NEUTRAL,5,4,6538.0,6526.5,-1.0,-580.0,11.5
2025-07-14,S,1,T1,NEUTRAL,4,3,6527.25,6534.75,-1.0,-380.0,7.5
2025-07-14,S,1,T2,NEUTRAL,4,3,6527.25,6534.75,-1.0,-380.0,7.5
2025-07-14,S,1,T1,BULL,6,5,6534.5,6541.0,-1.0,-330.0,6.5
2025-07-14,S,1,T2,BULL,6,5,6534.5,6541.0,-1.0,-330.0,6.5
2025-07-14,S,2,T1,BULL,7,6,6534.0,6542.75,-1.0,-442.5,8.75
2025-07-14,S,2,T2,BULL,7,6,6534.0,6542.75,-1.0,-442.5,8.75
2025-07-15,S,1,T1,NEUTRAL,4,3,6529.0,6543.75,1.0,732.5,14.75
2025-07-15,S,1,T2,NEUTRAL,4,3,6529.0,6543.75,-1.0,-742.5,14.75
2025-07-15,S,1,T1,NEUTRAL,6,5,6527.5,6538.75,1.0,557.5,11.25
2025-07-15,S,1,T2,NEUTRAL,6,5,6527.5,6538.75,2.0,1120.0,11.25
2025-07-16,L,1,T1,NEUTRAL,4,3,6515.25,6468.25,-1.0,-2355.0,47.0
2025-07-16,L,1,T2,NEUTRAL,4,3,6515.25,6468.25,-1.0,-2355.0,47.0
2025-07-16,L,1,T1,NEUTRAL,6,5,6524.25,6515.75,1.0,420.0,8.5
2025-07-16,L,1,T2,NEUTRAL,6,5,6524.25,6515.75,-1.0,-430.0,8.5
2025-07-17,S,1,T1,NEUTRAL,4,3,6553.5,6564.25,-1.0,-542.5,10.75
2025-07-17,S,1,T2,NEUTRAL,4,3,6553.5,6564.25,-1.0,-542.5,10.75
2025-07-18,L,1,T1,NEUTRAL,3,2,6565.75,6554.5,-1.0,-567.5,11.25
2025-07-18,L,1,T2,NEUTRAL,3,2,6565.75,6554.5,-1.0,-567.5,11.25
2025-07-18,L,1,T1,BEAR,5,4,6560.75,6550.5,-1.0,-517.5,10.25
2025-07-18,L,1,T2,BEAR,5,4,6560.75,6550.5,-1.0,-517.5,10.25
2025-07-21,S,1,T1,NEUTRAL,3,2,6591.75,6600.25,-1.0,-430.0,8.5
2025-07-21,S,1,T2,NEUTRAL,3,2,6591.75,6600.25,-1.0,-430.0,8.5
2025-07-21,S,1,T1,NEUTRAL,6,5,6595.5,6601.5,1.0,295.0,6.0
2025-07-21,S,1,T2,NEUTRAL,6,5,6595.5,6601.5,2.0,595.0,6.0
2025-07-22,L,1,T1,NEUTRAL,4,3,6566.5,6554.5,1.0,595.0,12.0
2025-07-22,L,1,T2,NEUTRAL,4,3,6566.5,6554.5,-1.0,-605.0,12.0
2025-07-22,L,1,T1,NEUTRAL,6,5,6577.25,6559.75,-1.0,-880.0,17.5
2025-07-22,L,1,T2,NEUTRAL,6,5,6577.25,6559.75,-1.0,-880.0,17.5
2025-07-23,L,1,T1,NEUTRAL,3,2,6594.0,6584.5,1.0,470.0,9.5
2025-07-23,L,1,T2,NEUTRAL,3,2,6594.0,6584.5,2.0,945.0,9.5
2025-07-23,L,1,T1,NEUTRAL,5,4,6606.75,6597.25,1.0,470.0,9.5
2025-07-23,L,1,T2,NEUTRAL,5,4,6606.75,6597.25,2.0,945.0,9.5
2025-07-23,L,1,T1,NEUTRAL,7,6,6620.5,6613.75,1.0,332.5,6.75
2025-07-23,L,1,T2,NEUTRAL,7,6,6620.5,6613.75,-1.0,-342.5,6.75
2025-07-24,S,1,T1,NEUTRAL,3,2,6630.5,6643.25,-1.0,-642.5,12.75
2025-07-24,S,1,T2,NEUTRAL,3,2,6630.5,6643.25,-1.0,-642.5,12.75
2025-07-24,S,1,T1,BULL,6,5,6634.75,6646.0,-1.0,-567.5,11.25
2025-07-24,S,1,T2,BULL,6,5,6634.75,6646.0,-1.0,-567.5,11.25
2025-07-25,S,1,T1,NEUTRAL,7,6,6654.0,6658.75,1.0,232.5,4.75
2025-07-25,S,1,T2,NEUTRAL,7,6,6654.0,6658.75,-1.0,-242.5,4.75
2025-07-28,S,1,T1,NEUTRAL,4,3,6650.25,6658.0,1.0,382.5,7.75
2025-07-28,S,1,T2,NEUTRAL,4,3,6650.25,6658.0,-1.0,-392.5,7.75
2025-07-29,L,1,T1,NEUTRAL,4,3,6643.5,6627.25,-1.0,-817.5,16.25
2025-07-29,L,1,T2,NEUTRAL,4,3,6643.5,6627.25,-1.0,-817.5,16.25
2025-07-30,S,1,T1,NEUTRAL,5,4,6641.0,6647.0,-1.0,-305.0,6.0
2025-07-30,S,1,T2,NEUTRAL,5,4,6641.0,6647.0,-1.0,-305.0,6.0
2025-07-30,S,1,T1,NEUTRAL,6,5,6639.5,6651.75,1.0,607.5,12.25
2025-07-30,S,1,T2,NEUTRAL,6,5,6639.5,6651.75,2.0,1220.0,12.25
2025-07-31,S,1,T1,NEUTRAL,4,3,6639.5,6662.0,1.0,1120.0,22.5
2025-07-31,S,1,T2,NEUTRAL,4,3,6639.5,6662.0,2.0,2245.0,22.5
2025-07-31,S,1,T1,BEAR,5,4,6622.5,6663.0,-1.0,-2030.0,40.5
2025-07-31,S,1,T2,BEAR,5,4,6622.5,6663.0,-1.0,-2030.0,40.5
2025-07-31,S,1,T1,BEAR,7,6,6604.5,6630.75,-1.0,-1317.5,26.25
2025-07-31,S,1,T2,BEAR,7,6,6604.5,6630.75,-1.0,-1317.5,26.25
2025-08-01,L,1,T1,NEUTRAL,3,2,6516.0,6487.75,-1.0,-1417.5,28.25
2025-08-01,L,1,T2,NEUTRAL,3,2,6516.0,6487.75,-1.0,-1417.5,28.25
2025-08-01,L,1,T1,NEUTRAL,6,5,6493.0,6466.75,-1.0,-1317.5,26.25
2025-08-01,L,1,T2,NEUTRAL,6,5,6493.0,6466.75,-1.0,-1317.5,26.25
2025-08-04,S,1,T1,NEUTRAL,5,4,6570.25,6579.75,-1.0,-480.0,9.5
2025-08-04,S,1,T2,NEUTRAL,5,4,6570.25,6579.75,-1.0,-480.0,9.5
2025-08-05,L,1,T1,NEUTRAL,4,3,6565.25,6544.0,-1.0,-1067.5,21.25
2025-08-05,L,1,T2,NEUTRAL,4,3,6565.25,6544.0,-1.0,-1067.5,21.25
2025-08-06,S,1,T1,NEUTRAL,7,6,6596.5,6604.75,-1.0,-417.5,8.25
2025-08-06,S,1,T2,NEUTRAL,7,6,6596.5,6604.75,-1.0,-417.5,8.25
2025-08-07,L,1,T1,NEUTRAL,7,6,6580.25,6565.25,1.0,745.0,15.0
2025-08-07,L,1,T2,NEUTRAL,7,6,6580.25,6565.25,-1.0,-755.0,15.0
2025-08-08,S,1,T1,NEUTRAL,3,2,6624.75,6640.75,-1.0,-805.0,16.0
2025-08-08,S,1,T2,NEUTRAL,3,2,6624.75,6640.75,-1.0,-805.0,16.0
2025-08-08,S,1,T1,BULL,7,6,6640.0,6646.75,1.0,332.5,6.75
2025-08-08,S,1,T2,BULL,7,6,6640.0,6646.75,-1.0,-342.5,6.75
2025-08-11,L,1,T1,NEUTRAL,3,2,6644.0,6634.0,1.0,495.0,10.0
2025-08-11,L,1,T2,NEUTRAL,3,2,6644.0,6634.0,-1.0,-505.0,10.0
2025-08-12,L,1,T1,NEUTRAL,7,6,6693.25,6688.0,-1.0,-267.5,5.25
2025-08-12,L,1,T2,NEUTRAL,7,6,6693.25,6688.0,-1.0,-267.5,5.25
2025-08-13,S,1,T1,NEUTRAL,4,3,6699.25,6710.5,-1.0,-567.5,11.25
2025-08-13,S,1,T2,NEUTRAL,4,3,6699.25,6710.5,-1.0,-567.5,11.25
2025-08-14,S,1,T1,NEUTRAL,3,2,6696.0,6723.0,-1.0,-1355.0,27.0
2025-08-14,S,1,T2,NEUTRAL,3,2,6696.0,6723.0,-1.0,-1355.0,27.0
2025-08-15,S,1,T1,NEUTRAL,3,2,6696.25,6707.75,-1.0,-580.0,11.5
2025-08-15,S,1,T2,NEUTRAL,3,2,6696.25,6707.75,-1.0,-580.0,11.5
2025-08-15,S,1,T1,NEUTRAL,6,5,6703.5,6713.25,1.0,482.5,9.75
2025-08-15,S,1,T2,NEUTRAL,6,5,6703.5,6713.25,-1.0,-492.5,9.75
2025-08-18,S,1,T1,NEUTRAL,4,3,6687.75,6696.5,-1.0,-442.5,8.75
2025-08-18,S,1,T2,NEUTRAL,4,3,6687.75,6696.5,-1.0,-442.5,8.75
2025-08-19,S,1,T1,NEUTRAL,6,5,6649.5,6663.5,-1.0,-705.0,14.0
2025-08-19,S,1,T2,NEUTRAL,6,5,6649.5,6663.5,-1.0,-705.0,14.0
2025-08-20,L,1,T1,NEUTRAL,3,2,6626.0,6590.0,-1.0,-1805.0,36.0
2025-08-20,L,1,T2,NEUTRAL,3,2,6626.0,6590.0,-1.0,-1805.0,36.0
2025-08-20,L,1,T1,NEUTRAL,5,4,6636.25,6620.25,-1.0,-805.0,16.0
2025-08-20,L,1,T2,NEUTRAL,5,4,6636.25,6620.25,-1.0,-805.0,16.0
2025-08-20,L,2,T1,BULL,6,5,6641.25,6612.75,-1.0,-1430.0,28.5
2025-08-20,L,2,T2,BULL,6,5,6641.25,6612.75,-1.0,-1430.0,28.5
2025-08-21,S,1,T1,NEUTRAL,3,2,6612.25,6639.25,-1.0,-1355.0,27.0
2025-08-21,S,1,T2,NEUTRAL,3,2,6612.25,6639.25,-1.0,-1355.0,27.0
2025-08-22,S,1,T1,NEUTRAL,4,3,6704.75,6724.0,-1.0,-967.5,19.25
2025-08-22,S,1,T2,NEUTRAL,4,3,6704.75,6724.0,-1.0,-967.5,19.25
2025-08-22,S,1,T1,NEUTRAL,6,5,6711.0,6722.75,-1.0,-592.5,11.75
2025-08-22,S,1,T2,NEUTRAL,6,5,6711.0,6722.75,-1.0,-592.5,11.75
2025-08-25,S,1,T1,NEUTRAL,4,3,6701.75,6709.0,1.0,357.5,7.25
2025-08-25,S,1,T2,NEUTRAL,4,3,6701.75,6709.0,2.0,720.0,7.25
2025-08-25,S,1,T1,NEUTRAL,5,4,6700.5,6710.5,1.0,495.0,10.0
2025-08-25,S,1,T2,NEUTRAL,5,4,6700.5,6710.5,2.0,995.0,10.0
2025-08-26,L,1,T1,NEUTRAL,3,2,6688.75,6679.25,1.0,470.0,9.5
2025-08-26,L,1,T2,NEUTRAL,3,2,6688.75,6679.25,2.0,945.0,9.5
2025-08-26,L,1,T1,BULL,6,5,6693.25,6680.75,1.0,620.0,12.5
2025-08-26,L,1,T2,BULL,6,5,6693.25,6680.75,-1.0,-630.0,12.5
2025-08-27,S,1,T1,NEUTRAL,3,2,6713.0,6721.75,-1.0,-442.5,8.75
2025-08-27,S,1,T2,NEUTRAL,3,2,6713.0,6721.75,-1.0,-442.5,8.75
2025-08-27,S,1,T1,NEUTRAL,4,3,6710.25,6723.25,-1.0,-655.0,13.0
2025-08-27,S,1,T2,NEUTRAL,4,3,6710.25,6723.25,-1.0,-655.0,13.0
2025-08-27,S,2,T1,BULL,6,5,6719.75,6730.0,-1.0,-517.5,10.25
2025-08-27,S,2,T2,BULL,6,5,6719.75,6730.0,-1.0,-517.5,10.25
2025-08-28,L,1,T1,NEUTRAL,3,2,6732.25,6714.25,1.0,895.0,18.0
2025-08-28,L,1,T2,NEUTRAL,3,2,6732.25,6714.25,-1.0,-905.0,18.0
2025-08-28,L,1,T1,NEUTRAL,5,4,6739.5,6729.5,1.0,495.0,10.0
2025-08-28,L,1,T2,NEUTRAL,5,4,6739.5,6729.5,-1.0,-505.0,10.0
2025-08-29,S,1,T1,NEUTRAL,4,3,6688.25,6699.5,-1.0,-567.5,11.25
2025-08-29,S,1,T2,NEUTRAL,4,3,6688.25,6699.5,-1.0,-567.5,11.25
2025-08-29,S,1,T1,NEUTRAL,7,6,6692.75,6702.0,-1.0,-467.5,9.25
2025-08-29,S,1,T2,NEUTRAL,7,6,6692.75,6702.0,-1.0,-467.5,9.25
2025-09-02,S,1,T1,NEUTRAL,3,2,6611.25,6647.0,-1.0,-1792.5,35.75
2025-09-02,S,1,T2,NEUTRAL,3,2,6611.25,6647.0,-1.0,-1792.5,35.75
2025-09-02,S,1,T1,NEUTRAL,6,5,6626.0,6641.5,-1.0,-780.0,15.5
2025-09-02,S,1,T2,NEUTRAL,6,5,6626.0,6641.5,-1.0,-780.0,15.5
2025-09-03,S,1,T1,NEUTRAL,3,2,6671.75,6692.0,-1.0,-1017.5,20.25
2025-09-03,S,1,T2,NEUTRAL,3,2,6671.75,6692.0,-1.0,-1017.5,20.25
2025-09-04,S,1,T1,NEUTRAL,4,3,6706.75,6715.5,-1.0,-442.5,8.75
2025-09-04,S,1,T2,NEUTRAL,4,3,6706.75,6715.5,-1.0,-442.5,8.75
2025-09-05,L,1,T1,NEUTRAL,3,2,6713.75,6679.25,-1.0,-1730.0,34.5
2025-09-05,L,1,T2,NEUTRAL,3,2,6713.75,6679.25,-1.0,-1730.0,34.5
2025-09-05,L,1,T1,NEUTRAL,6,5,6707.5,6692.0,-1.0,-780.0,15.5
2025-09-05,L,1,T2,NEUTRAL,6,5,6707.5,6692.0,-1.0,-780.0,15.5
2025-09-08,S,1,T1,NEUTRAL,3,2,6731.5,6744.25,1.0,632.5,12.75
2025-09-08,S,1,T2,NEUTRAL,3,2,6731.5,6744.25,-1.0,-642.5,12.75
2025-09-10,L,1,T1,NEUTRAL,7,6,6766.0,6749.75,-1.0,-817.5,16.25
2025-09-10,L,1,T2,NEUTRAL,7,6,6766.0,6749.75,-1.0,-817.5,16.25
2025-09-11,L,1,T1,NEUTRAL,5,4,6820.0,6812.25,-1.0,-392.5,7.75
2025-09-11,L,1,T2,NEUTRAL,5,4,6820.0,6812.25,-1.0,-392.5,7.75
2025-09-12,S,1,T1,NEUTRAL,3,2,6816.75,6826.5,-1.0,-492.5,9.75
2025-09-12,S,1,T2,NEUTRAL,3,2,6816.75,6826.5,-1.0,-492.5,9.75
2025-09-12,S,1,T1,BULL,7,6,6821.5,6833.75,-1.0,-617.5,12.25
2025-09-12,S,1,T2,BULL,7,6,6821.5,6833.75,-1.0,-617.5,12.25
2025-09-15,S,1,T1,NEUTRAL,4,3,6843.0,6850.25,1.0,357.5,7.25
2025-09-15,S,1,T2,NEUTRAL,4,3,6843.0,6850.25,-1.0,-367.5,7.25
2025-09-15,S,1,T1,NEUTRAL,6,5,6837.0,6848.0,-1.0,-555.0,11.0
2025-09-15,S,1,T2,NEUTRAL,6,5,6837.0,6848.0,-1.0,-555.0,11.0
2025-09-16,L,1,T1,NEUTRAL,4,3,6840.25,6831.75,-1.0,-430.0,8.5
2025-09-16,L,1,T2,NEUTRAL,4,3,6840.25,6831.75,-1.0,-430.0,8.5
2025-09-16,L,1,T1,NEUTRAL,6,5,6844.5,6839.0,-1.0,-280.0,5.5
2025-09-16,L,1,T2,NEUTRAL,6,5,6844.5,6839.0,-1.0,-280.0,5.5
2025-09-17,L,1,T1,NEUTRAL,5,4,6829.75,6820.5,1.0,457.5,9.25
2025-09-17,L,1,T2,NEUTRAL,5,4,6829.75,6820.5,2.0,920.0,9.25
2025-09-18,S,1,T1,NEUTRAL,3,2,6864.25,6889.0,-1.0,-1242.5,24.75
2025-09-18,S,1,T2,NEUTRAL,3,2,6864.25,6889.0,-1.0,-1242.5,24.75
2025-09-18,S,1,T1,NEUTRAL,5,4,6871.25,6882.0,1.0,532.5,10.75
2025-09-18,S,1,T2,NEUTRAL,5,4,6871.25,6882.0,-1.0,-542.5,10.75
2025-09-18,S,2,T1,BEAR,7,6,6861.75,6875.0,-1.0,-667.5,13.25
2025-09-18,S,2,T2,BEAR,7,6,6861.75,6875.0,-1.0,-667.5,13.25
2025-09-19,L,1,T1,NEUTRAL,3,2,6877.25,6860.5,1.0,832.5,16.75
2025-09-19,L,1,T2,NEUTRAL,3,2,6877.25,6860.5,-1.0,-842.5,16.75
2025-09-19,L,1,T1,NEUTRAL,4,3,6882.5,6857.75,-1.0,-1242.5,24.75
2025-09-19,L,1,T2,NEUTRAL,4,3,6882.5,6857.75,-1.0,-1242.5,24.75
2025-09-22,S,1,T1,NEUTRAL,7,6,6919.0,6927.75,-1.0,-442.5,8.75
2025-09-22,S,1,T2,NEUTRAL,7,6,6919.0,6927.75,-1.0,-442.5,8.75
2025-09-23,L,1,T1,NEUTRAL,7,6,6886.5,6872.25,-1.0,-717.5,14.25
2025-09-23,L,1,T2,NEUTRAL,7,6,6886.5,6872.25,-1.0,-717.5,14.25
2025-09-24,S,1,T1,NEUTRAL,3,2,6876.25,6890.0,1.0,682.5,13.75
2025-09-24,S,1,T2,NEUTRAL,3,2,6876.25,6890.0,2.0,1370.0,13.75
2025-09-24,S,1,T1,NEUTRAL,5,4,6856.0,6869.75,-1.0,-692.5,13.75
2025-09-24,S,1,T2,NEUTRAL,5,4,6856.0,6869.75,-1.0,-692.5,13.75
2025-09-25,L,1,T1,NEUTRAL,3,2,6843.25,6822.75,-1.0,-1030.0,20.5
2025-09-25,L,1,T2,NEUTRAL,3,2,6843.25,6822.75,-1.0,-1030.0,20.5
2025-09-25,L,1,T1,NEUTRAL,6,5,6826.5,6794.75,-1.0,-1592.5,31.75
2025-09-25,L,1,T2,NEUTRAL,6,5,6826.5,6794.75,-1.0,-1592.5,31.75
2025-09-26,L,1,T1,NEUTRAL,3,2,6849.5,6829.0,1.0,1020.0,20.5
2025-09-26,L,1,T2,NEUTRAL,3,2,6849.5,6829.0,-1.0,-1030.0,20.5
2025-09-29,L,1,T1,NEUTRAL,7,6,6885.25,6866.75,-1.0,-930.0,18.5
2025-09-29,L,1,T2,NEUTRAL,7,6,6885.25,6866.75,-1.0,-930.0,18.5
2025-09-30,L,1,T1,NEUTRAL,3,2,6885.0,6863.5,1.0,1070.0,21.5
2025-09-30,L,1,T2,NEUTRAL,3,2,6885.0,6863.5,-1.0,-1080.0,21.5
2025-09-30,L,1,T1,NEUTRAL,5,4,6885.25,6864.75,1.0,1020.0,20.5
2025-09-30,L,1,T2,NEUTRAL,5,4,6885.25,6864.75,-1.0,-1030.0,20.5
2025-10-01,S,1,T1,NEUTRAL,7,6,6932.75,6940.5,-1.0,-392.5,7.75
2025-10-01,S,1,T2,NEUTRAL,7,6,6932.75,6940.5,-1.0,-392.5,7.75
2025-10-02,L,1,T1,NEUTRAL,4,3,6929.5,6912.0,-1.0,-880.0,17.5
2025-10-02,L,1,T2,NEUTRAL,4,3,6929.5,6912.0,-1.0,-880.0,17.5
2025-10-03,S,1,T1,NEUTRAL,4,3,6956.25,6971.0,1.0,732.5,14.75
2025-10-03,S,1,T2,NEUTRAL,4,3,6956.25,6971.0,2.0,1470.0,14.75
2025-10-03,S,1,T1,NEUTRAL,7,6,6936.0,6950.5,-1.0,-730.0,14.5
2025-10-03,S,1,T2,NEUTRAL,7,6,6936.0,6950.5,-1.0,-730.0,14.5
2025-10-06,L,1,T1,NEUTRAL,3,2,6957.25,6944.0,-1.0,-667.5,13.25
2025-10-06,L,1,T2,NEUTRAL,3,2,6957.25,6944.0,-1.0,-667.5,13.25
2025-10-07,L,1,T1,NEUTRAL,4,3,6936.25,6917.75,-1.0,-930.0,18.5
2025-10-07,L,1,T2,NEUTRAL,4,3,6936.25,6917.75,-1.0,-930.0,18.5
2025-10-07,L,1,T1,NEUTRAL,7,6,6933.25,6926.25,-1.0,-355.0,7.0
2025-10-07,L,1,T2,NEUTRAL,7,6,6933.25,6926.25,-1.0,-355.0,7.0
2025-10-08,S,1,T1,NEUTRAL,4,3,6965.0,6973.75,-1.0,-442.5,8.75
2025-10-08,S,1,T2,NEUTRAL,4,3,6965.0,6973.75,-1.0,-442.5,8.75
2025-10-08,S,1,T1,NEUTRAL,6,5,6966.5,6973.75,-1.0,-367.5,7.25
2025-10-08,S,1,T2,NEUTRAL,6,5,6966.5,6973.75,-1.0,-367.5,7.25
2025-10-09,S,1,T1,NEUTRAL,4,3,6939.25,6956.25,-1.0,-855.0,17.0
2025-10-09,S,1,T2,NEUTRAL,4,3,6939.25,6956.25,-1.0,-855.0,17.0
2025-10-10,S,1,T1,NEUTRAL,6,5,6820.5,6844.5,1.0,1195.0,24.0
2025-10-10,S,1,T2,NEUTRAL,6,5,6820.5,6844.5,2.0,2395.0,24.0
2025-10-13,L,1,T1,NEUTRAL,3,2,6864.5,6832.25,-1.0,-1617.5,32.25
2025-10-13,L,1,T2,NEUTRAL,3,2,6864.5,6832.25,-1.0,-1617.5,32.25
2025-10-13,L,1,T1,NEUTRAL,6,5,6876.75,6858.75,-1.0,-905.0,18.0
2025-10-13,L,1,T2,NEUTRAL,6,5,6876.75,6858.75,-1.0,-905.0,18.0
2025-10-14,S,1,T1,NEUTRAL,7,6,6878.5,6888.5,1.0,495.0,10.0
2025-10-14,S,1,T2,NEUTRAL,7,6,6878.5,6888.5,2.0,995.0,10.0
2025-10-15,S,1,T1,NEUTRAL,3,2,6910.25,6934.25,1.0,1195.0,24.0
2025-10-15,S,1,T2,NEUTRAL,3,2,6910.25,6934.25,2.0,2395.0,24.0
2025-10-15,S,1,T1,NEUTRAL,7,6,6875.0,6892.5,-1.0,-880.0,17.5
2025-10-15,S,1,T2,NEUTRAL,7,6,6875.0,6892.5,-1.0,-880.0,17.5
2025-10-16,S,1,T1,NEUTRAL,3,2,6887.5,6921.5,1.0,1695.0,34.0
2025-10-16,S,1,T2,NEUTRAL,3,2,6887.5,6921.5,2.0,3395.0,34.0
2025-10-17,S,1,T1,NEUTRAL,3,2,6815.0,6855.0,-1.0,-2005.0,40.0
2025-10-17,S,1,T2,NEUTRAL,3,2,6815.0,6855.0,-1.0,-2005.0,40.0
2025-10-20,L,1,T1,NEUTRAL,4,3,6945.25,6932.75,-1.0,-630.0,12.5
2025-10-20,L,1,T2,NEUTRAL,4,3,6945.25,6932.75,-1.0,-630.0,12.5
2025-10-20,L,1,T1,NEUTRAL,7,6,6952.25,6943.0,-1.0,-467.5,9.25
2025-10-20,L,1,T2,NEUTRAL,7,6,6952.25,6943.0,-1.0,-467.5,9.25
2025-10-21,S,1,T1,NEUTRAL,4,3,6944.0,6957.75,-1.0,-692.5,13.75
2025-10-21,S,1,T2,NEUTRAL,4,3,6944.0,6957.75,-1.0,-692.5,13.75
2025-10-21,S,1,T1,NEUTRAL,7,6,6946.75,6955.25,1.0,420.0,8.5
2025-10-21,S,1,T2,NEUTRAL,7,6,6946.75,6955.25,-1.0,-430.0,8.5
2025-10-22,L,1,T1,NEUTRAL,6,5,6891.5,6861.25,-1.0,-1517.5,30.25
2025-10-22,L,1,T2,NEUTRAL,6,5,6891.5,6861.25,-1.0,-1517.5,30.25
2025-10-23,S,1,T1,NEUTRAL,3,2,6917.75,6933.25,-1.0,-780.0,15.5
2025-10-23,S,1,T2,NEUTRAL,3,2,6917.75,6933.25,-1.0,-780.0,15.5
2025-10-23,S,1,T1,BULL,7,6,6951.25,6956.75,1.0,270.0,5.5
2025-10-23,S,1,T2,BULL,7,6,6951.25,6956.75,-1.0,-280.0,5.5
2025-10-24,S,1,T1,NEUTRAL,4,3,7001.75,7012.25,-1.0,-530.0,10.5
2025-10-24,S,1,T2,NEUTRAL,4,3,7001.75,7012.25,-1.0,-530.0,10.5
2025-10-24,S,1,T1,NEUTRAL,6,5,7005.0,7011.75,-1.0,-342.5,6.75
2025-10-24,S,1,T2,NEUTRAL,6,5,7005.0,7011.75,-1.0,-342.5,6.75
2025-10-24,S,2,T1,NEUTRAL,7,6,7003.5,7012.0,1.0,420.0,8.5
2025-10-24,S,2,T2,NEUTRAL,7,6,7003.5,7012.0,-1.0,-430.0,8.5
2025-10-27,L,1,T1,NEUTRAL,3,2,7061.0,7051.75,1.0,457.5,9.25
2025-10-27,L,1,T2,NEUTRAL,3,2,7061.0,7051.75,2.0,920.0,9.25
2025-10-27,L,1,T1,BULL,5,4,7066.25,7058.25,1.0,395.0,8.0
2025-10-27,L,1,T2,BULL,5,4,7066.25,7058.25,2.0,795.0,8.0
2025-10-28,S,1,T1,NEUTRAL,3,2,7078.75,7090.0,-1.0,-567.5,11.25
2025-10-28,S,1,T2,NEUTRAL,3,2,7078.75,7090.0,-1.0,-567.5,11.25
2025-10-28,S,1,T1,NEUTRAL,7,6,7103.5,7115.75,-1.0,-617.5,12.25
2025-10-28,S,1,T2,NEUTRAL,7,6,7103.5,7115.75,-1.0,-617.5,12.25
2025-10-29,L,1,T1,NEUTRAL,4,3,7111.25,7100.25,-1.0,-555.0,11.0
2025-10-29,L,1,T2,NEUTRAL,4,3,7111.25,7100.25,-1.0,-555.0,11.0
2025-10-29,L,1,T1,NEUTRAL,7,6,7113.75,7052.75,-1.0,-3055.0,61.0
2025-10-29,L,1,T2,NEUTRAL,7,6,7113.75,7052.75,-1.0,-3055.0,61.0
2025-10-30,S,1,T1,NEUTRAL,3,2,7058.25,7082.75,1.0,1220.0,24.5
2025-10-30,S,1,T2,NEUTRAL,3,2,7058.25,7082.75,-1.0,-1230.0,24.5
2025-10-30,S,1,T1,NEUTRAL,5,4,7054.25,7074.75,1.0,1020.0,20.5
2025-10-30,S,1,T2,NEUTRAL,5,4,7054.25,7074.75,-1.0,-1030.0,20.5
2025-10-31,S,1,T1,NEUTRAL,3,2,7053.0,7070.5,1.0,870.0,17.5
2025-10-31,S,1,T2,NEUTRAL,3,2,7053.0,7070.5,2.0,1745.0,17.5
2025-10-31,S,1,T1,NEUTRAL,7,6,7039.0,7065.75,-1.0,-1342.5,26.75
2025-10-31,S,1,T2,NEUTRAL,7,6,7039.0,7065.75,-1.0,-1342.5,26.75
2025-11-03,L,1,T1,NEUTRAL,3,2,7050.5,7020.0,-1.0,-1530.0,30.5
2025-11-03,L,1,T2,NEUTRAL,3,2,7050.5,7020.0,-1.0,-1530.0,30.5
2025-11-03,L,1,T1,NEUTRAL,7,6,7058.75,7047.0,-1.0,-592.5,11.75
2025-11-03,L,1,T2,NEUTRAL,7,6,7058.75,7047.0,-1.0,-592.5,11.75
2025-11-04,S,1,T1,NEUTRAL,3,2,6995.25,7020.25,1.0,1245.0,25.0
2025-11-04,S,1,T2,NEUTRAL,3,2,6995.25,7020.25,-1.0,-1255.0,25.0
2025-11-05,S,1,T1,NEUTRAL,5,4,7018.25,7028.75,1.0,520.0,10.5
2025-11-05,S,1,T2,NEUTRAL,5,4,7018.25,7028.75,2.0,1045.0,10.5
2025-11-06,L,1,T1,NEUTRAL,4,3,6932.0,6904.0,-1.0,-1405.0,28.0
2025-11-06,L,1,T2,NEUTRAL,4,3,6932.0,6904.0,-1.0,-1405.0,28.0
2025-11-07,L,1,T1,NEUTRAL,4,3,6857.75,6826.0,1.0,1582.5,31.75
2025-11-07,L,1,T2,NEUTRAL,4,3,6857.75,6826.0,2.0,3170.0,31.75
2025-11-10,L,1,T1,NEUTRAL,4,3,6993.25,6963.25,1.0,1495.0,30.0
2025-11-10,L,1,T2,NEUTRAL,4,3,6993.25,6963.25,-1.0,-1505.0,30.0
2025-11-11,L,1,T1,NEUTRAL,3,2,7022.25,7001.0,1.0,1057.5,21.25
2025-11-11,L,1,T2,NEUTRAL,3,2,7022.25,7001.0,-1.0,-1067.5,21.25
2025-11-12,L,1,T1,NEUTRAL,4,3,7044.0,7022.5,-1.0,-1080.0,21.5
2025-11-12,L,1,T2,NEUTRAL,4,3,7044.0,7022.5,-1.0,-1080.0,21.5
2025-11-12,L,1,T1,NEUTRAL,7,6,7048.25,7034.0,-1.0,-717.5,14.25
2025-11-12,L,1,T2,NEUTRAL,7,6,7048.25,7034.0,-1.0,-717.5,14.25
2025-11-13,L,1,T1,NEUTRAL,6,5,6948.0,6926.5,-1.0,-1080.0,21.5
2025-11-13,L,1,T2,NEUTRAL,6,5,6948.0,6926.5,-1.0,-1080.0,21.5
2025-11-14,S,1,T1,NEUTRAL,4,3,6940.25,6966.25,-1.0,-1305.0,26.0
2025-11-14,S,1,T2,NEUTRAL,4,3,6940.25,6966.25,-1.0,-1305.0,26.0
2025-11-14,S,1,T1,NEUTRAL,5,4,6930.25,6966.5,-1.0,-1817.5,36.25
2025-11-14,S,1,T2,NEUTRAL,5,4,6930.25,6966.5,-1.0,-1817.5,36.25
2025-11-14,S,2,T1,NEUTRAL,7,6,6930.75,6960.75,-1.0,-1505.0,30.0
2025-11-14,S,2,T2,NEUTRAL,7,6,6930.75,6960.75,-1.0,-1505.0,30.0
2025-11-17,L,1,T1,NEUTRAL,3,2,6932.75,6885.25,-1.0,-2380.0,47.5
2025-11-17,L,1,T2,NEUTRAL,3,2,6932.75,6885.25,-1.0,-2380.0,47.5
2025-11-17,L,1,T1,BEAR,7,6,6869.75,6829.0,-1.0,-2042.5,40.75
2025-11-17,L,1,T2,BEAR,7,6,6869.75,6829.0,-1.0,-2042.5,40.75
2025-11-18,L,1,T1,NEUTRAL,3,2,6825.75,6764.5,-1.0,-3067.5,61.25
2025-11-18,L,1,T2,NEUTRAL,3,2,6825.75,6764.5,-1.0,-3067.5,61.25
2025-11-18,L,1,T1,BULL,5,4,6851.75,6785.25,-1.0,-3330.0,66.5
2025-11-18,L,1,T2,BULL,5,4,6851.75,6785.25,-1.0,-3330.0,66.5
2025-11-19,S,1,T1,NEUTRAL,3,2,6818.0,6872.0,-1.0,-2705.0,54.0
2025-11-19,S,1,T2,NEUTRAL,3,2,6818.0,6872.0,-1.0,-2705.0,54.0
2025-11-19,S,1,T1,NEUTRAL,6,5,6800.0,6839.25,-1.0,-1967.5,39.25
2025-11-19,S,1,T2,NEUTRAL,6,5,6800.0,6839.25,-1.0,-1967.5,39.25
2025-11-20,S,1,T1,NEUTRAL,3,2,6878.5,6962.25,1.0,4182.5,83.75
2025-11-20,S,1,T2,NEUTRAL,3,2,6878.5,6962.25,-1.0,-4192.5,83.75
2025-11-20,S,1,T1,NEUTRAL,7,6,6756.25,6788.0,1.0,1582.5,31.75
2025-11-20,S,1,T2,NEUTRAL,7,6,6756.25,6788.0,-1.0,-1592.5,31.75
2025-11-21,L,1,T1,NEUTRAL,3,2,6762.25,6709.5,1.0,2632.5,52.75
2025-11-21,L,1,T2,NEUTRAL,3,2,6762.25,6709.5,-1.0,-2642.5,52.75
2025-11-24,S,1,T1,NEUTRAL,6,5,6889.25,6900.5,-1.0,-567.5,11.25
2025-11-24,S,1,T2,NEUTRAL,6,5,6889.25,6900.5,-1.0,-567.5,11.25
2025-11-25,S,1,T1,NEUTRAL,5,4,6932.25,6945.25,-1.0,-655.0,13.0
2025-11-25,S,1,T2,NEUTRAL,5,4,6932.25,6945.25,-1.0,-655.0,13.0
2025-11-25,S,1,T1,NEUTRAL,6,5,6927.75,6945.5,-1.0,-892.5,17.75
2025-11-25,S,1,T2,NEUTRAL,6,5,6927.75,6945.5,-1.0,-892.5,17.75
2025-11-26,S,1,T1,NEUTRAL,4,3,7002.25,7017.5,-1.0,-767.5,15.25
2025-11-26,S,1,T2,NEUTRAL,4,3,7002.25,7017.5,-1.0,-767.5,15.25
2025-11-26,S,1,T1,NEUTRAL,5,4,6997.0,7017.75,-1.0,-1042.5,20.75
2025-11-26,S,1,T2,NEUTRAL,5,4,6997.0,7017.75,-1.0,-1042.5,20.75
2025-11-26,S,2,T1,NEUTRAL,7,6,7004.25,7016.25,-1.0,-605.0,12.0
2025-11-26,S,2,T2,NEUTRAL,7,6,7004.25,7016.25,-1.0,-605.0,12.0
2025-12-01,L,1,T1,NEUTRAL,3,2,7015.25,6984.25,-1.0,-1555.0,31.0
2025-12-01,L,1,T2,NEUTRAL,3,2,7015.25,6984.25,-1.0,-1555.0,31.0
2025-12-02,S,1,T1,NEUTRAL,3,2,6991.5,7034.5,-1.0,-2155.0,43.0
2025-12-02,S,1,T2,NEUTRAL,3,2,6991.5,7034.5,-1.0,-2155.0,43.0
2025-12-03,S,1,T1,NEUTRAL,7,6,7035.75,7044.25,-1.0,-430.0,8.5
2025-12-03,S,1,T2,NEUTRAL,7,6,7035.75,7044.25,-1.0,-430.0,8.5
2025-12-04,L,1,T1,NEUTRAL,4,3,7040.0,7022.0,-1.0,-905.0,18.0
2025-12-04,L,1,T2,NEUTRAL,4,3,7040.0,7022.0,-1.0,-905.0,18.0
2025-12-04,L,1,T1,NEUTRAL,7,6,7034.0,7013.25,-1.0,-1042.5,20.75
2025-12-04,L,1,T2,NEUTRAL,7,6,7034.0,7013.25,-1.0,-1042.5,20.75
2025-12-05,S,1,T1,NEUTRAL,3,2,7048.0,7076.0,-1.0,-1405.0,28.0
2025-12-05,S,1,T2,NEUTRAL,3,2,7048.0,7076.0,-1.0,-1405.0,28.0
2025-12-05,S,1,T1,NEUTRAL,6,5,7047.5,7061.5,-1.0,-705.0,14.0
2025-12-05,S,1,T2,NEUTRAL,6,5,7047.5,7061.5,-1.0,-705.0,14.0
2025-12-08,L,1,T1,NEUTRAL,4,3,7032.0,7011.75,-1.0,-1017.5,20.25
2025-12-08,L,1,T2,NEUTRAL,4,3,7032.0,7011.75,-1.0,-1017.5,20.25
2025-12-08,L,1,T1,BEAR,7,6,7019.25,7011.5,1.0,382.5,7.75
2025-12-08,L,1,T2,BEAR,7,6,7019.25,7011.5,-1.0,-392.5,7.75
2025-12-09,S,1,T1,NEUTRAL,4,3,7031.75,7043.75,1.0,595.0,12.0
2025-12-09,S,1,T2,NEUTRAL,4,3,7031.75,7043.75,-1.0,-605.0,12.0
2025-12-10,S,1,T1,NEUTRAL,4,3,7017.5,7027.25,-1.0,-492.5,9.75
2025-12-10,S,1,T2,NEUTRAL,4,3,7017.5,7027.25,-1.0,-492.5,9.75
2025-12-10,S,1,T1,NEUTRAL,5,4,7015.0,7031.0,-1.0,-805.0,16.0
2025-12-10,S,1,T2,NEUTRAL,5,4,7015.0,7031.0,-1.0,-805.0,16.0
2025-12-11,L,1,T1,NEUTRAL,3,2,7052.75,7027.75,1.0,1245.0,25.0
2025-12-11,L,1,T2,NEUTRAL,3,2,7052.75,7027.75,-1.0,-1255.0,25.0
2025-12-12,L,1,T1,NEUTRAL,4,3,7015.0,6975.5,-1.0,-1980.0,39.5
2025-12-12,L,1,T2,NEUTRAL,4,3,7015.0,6975.5,-1.0,-1980.0,39.5
2025-12-15,S,1,T1,NEUTRAL,4,3,6983.0,7012.25,-1.0,-1467.5,29.25
2025-12-15,S,1,T2,NEUTRAL,4,3,6983.0,7012.25,-1.0,-1467.5,29.25
2025-12-16,S,1,T1,NEUTRAL,3,2,6947.0,6974.25,-1.0,-1367.5,27.25
2025-12-16,S,1,T2,NEUTRAL,3,2,6947.0,6974.25,-1.0,-1367.5,27.25
2025-12-17,L,1,T1,NEUTRAL,4,3,6926.0,6905.25,-1.0,-1042.5,20.75
2025-12-17,L,1,T2,NEUTRAL,4,3,6926.0,6905.25,-1.0,-1042.5,20.75
2025-12-18,S,1,T1,NEUTRAL,3,2,6961.25,6982.5,1.0,1057.5,21.25
2025-12-18,S,1,T2,NEUTRAL,3,2,6961.25,6982.5,-1.0,-1067.5,21.25
2025-12-18,S,1,T1,NEUTRAL,6,5,6939.75,6972.0,-1.0,-1617.5,32.25
2025-12-18,S,1,T2,NEUTRAL,6,5,6939.75,6972.0,-1.0,-1617.5,32.25
2025-12-19,L,1,T1,NEUTRAL,3,2,6997.0,6978.75,-1.0,-917.5,18.25
2025-12-19,L,1,T2,NEUTRAL,3,2,6997.0,6978.75,-1.0,-917.5,18.25
2025-12-19,L,1,T1,NEUTRAL,6,5,7002.75,6994.75,-1.0,-405.0,8.0
2025-12-19,L,1,T2,NEUTRAL,6,5,7002.75,6994.75,-1.0,-405.0,8.0
2025-12-22,L,1,T1,NEUTRAL,3,2,7043.75,7019.25,-1.0,-1230.0,24.5
2025-12-22,L,1,T2,NEUTRAL,3,2,7043.75,7019.25,-1.0,-1230.0,24.5
2025-12-22,L,1,T1,NEUTRAL,6,5,7042.75,7035.25,-1.0,-380.0,7.5
2025-12-22,L,1,T2,NEUTRAL,6,5,7042.75,7035.25,-1.0,-380.0,7.5
2025-12-23,S,1,T1,NEUTRAL,7,6,7069.25,7073.5,-1.0,-217.5,4.25
2025-12-23,S,1,T2,NEUTRAL,7,6,7069.25,7073.5,-1.0,-217.5,4.25
2025-12-26,S,1,T1,NEUTRAL,3,2,7084.5,7098.0,-1.0,-680.0,13.5
2025-12-26,S,1,T2,NEUTRAL,3,2,7084.5,7098.0,-1.0,-680.0,13.5
2025-12-26,S,1,T1,NEUTRAL,7,6,7087.5,7091.25,-1.0,-192.5,3.75
2025-12-26,S,1,T2,NEUTRAL,7,6,7087.5,7091.25,-1.0,-192.5,3.75
2025-12-29,S,1,T1,NEUTRAL,3,2,7054.75,7071.0,-1.0,-817.5,16.25
2025-12-29,S,1,T2,NEUTRAL,3,2,7054.75,7071.0,-1.0,-817.5,16.25
2025-12-30,L,1,T1,NEUTRAL,5,4,7064.5,7057.5,-1.0,-355.0,7.0
2025-12-30,L,1,T2,NEUTRAL,5,4,7064.5,7057.5,-1.0,-355.0,7.0
2025-12-31,L,1,T1,NEUTRAL,5,4,7038.0,7029.75,1.0,407.5,8.25
2025-12-31,L,1,T2,NEUTRAL,5,4,7038.0,7029.75,-1.0,-417.5,8.25
2026-01-02,L,1,T1,NEUTRAL,4,3,7007.25,6982.25,-1.0,-1255.0,25.0
2026-01-02,L,1,T2,NEUTRAL,4,3,7007.25,6982.25,-1.0,-1255.0,25.0
2026-01-02,L,1,T1,NEUTRAL,6,5,7012.0,6977.5,-1.0,-1730.0,34.5
2026-01-02,L,1,T2,NEUTRAL,6,5,7012.0,6977.5,-1.0,-1730.0,34.5
2026-01-05,S,1,T1,NEUTRAL,4,3,7061.25,7074.75,-1.0,-680.0,13.5
2026-01-05,S,1,T2,NEUTRAL,4,3,7061.25,7074.75,-1.0,-680.0,13.5
2026-01-05,S,1,T1,NEUTRAL,6,5,7060.5,7068.0,1.0,370.0,7.5
2026-01-05,S,1,T2,NEUTRAL,6,5,7060.5,7068.0,-1.0,-380.0,7.5
2026-01-06,L,1,T1,NEUTRAL,4,3,7085.5,7064.5,-1.0,-1055.0,21.0
2026-01-06,L,1,T2,NEUTRAL,4,3,7085.5,7064.5,-1.0,-1055.0,21.0
2026-01-07,L,1,T1,NEUTRAL,3,2,7106.75,7087.0,-1.0,-992.5,19.75
2026-01-07,L,1,T2,NEUTRAL,3,2,7106.75,7087.0,-1.0,-992.5,19.75
2026-01-08,S,1,T1,NEUTRAL,3,2,7061.25,7077.0,-1.0,-792.5,15.75
2026-01-08,S,1,T2,NEUTRAL,3,2,7061.25,7077.0,-1.0,-792.5,15.75
2026-01-08,S,1,T1,NEUTRAL,5,4,7064.5,7083.75,-1.0,-967.5,19.25
2026-01-08,S,1,T2,NEUTRAL,5,4,7064.5,7083.75,-1.0,-967.5,19.25
2026-01-09,S,1,T1,NEUTRAL,7,6,7122.25,7128.75,1.0,320.0,6.5
2026-01-09,S,1,T2,NEUTRAL,7,6,7122.25,7128.75,-1.0,-330.0,6.5
2026-01-12,S,1,T1,NEUTRAL,7,6,7126.5,7136.5,-1.0,-505.0,10.0
2026-01-12,S,1,T2,NEUTRAL,7,6,7126.5,7136.5,-1.0,-505.0,10.0
2026-01-13,L,1,T1,NEUTRAL,3,2,7117.25,7097.5,-1.0,-992.5,19.75
2026-01-13,L,1,T2,NEUTRAL,3,2,7117.25,7097.5,-1.0,-992.5,19.75
2026-01-13,L,1,T1,NEUTRAL,7,6,7106.75,7093.25,-1.0,-680.0,13.5
2026-01-13,L,1,T2,NEUTRAL,7,6,7106.75,7093.25,-1.0,-680.0,13.5
2026-01-14,L,1,T1,NEUTRAL,3,2,7067.25,7037.25,-1.0,-1505.0,30.0
2026-01-14,L,1,T2,NEUTRAL,3,2,7067.25,7037.25,-1.0,-1505.0,30.0
2026-01-14,L,1,T1,BEAR,5,4,7050.0,7034.5,1.0,770.0,15.5
2026-01-14,L,1,T2,BEAR,5,4,7050.0,7034.5,2.0,1545.0,15.5
2026-01-15,L,1,T1,NEUTRAL,3,2,7126.0,7103.25,-1.0,-1142.5,22.75
2026-01-15,L,1,T2,NEUTRAL,3,2,7126.0,7103.25,-1.0,-1142.5,22.75
2026-01-15,L,1,T1,NEUTRAL,5,4,7124.25,7112.0,-1.0,-617.5,12.25
2026-01-15,L,1,T2,NEUTRAL,5,4,7124.25,7112.0,-1.0,-617.5,12.25
2026-01-16,L,1,T1,NEUTRAL,3,2,7100.0,7071.25,-1.0,-1442.5,28.75
2026-01-16,L,1,T2,NEUTRAL,3,2,7100.0,7071.25,-1.0,-1442.5,28.75
2026-01-16,L,1,T1,NEUTRAL,5,4,7103.5,7088.75,-1.0,-742.5,14.75
2026-01-16,L,1,T2,NEUTRAL,5,4,7103.5,7088.75,-1.0,-742.5,14.75
2026-01-20,S,1,T1,NEUTRAL,3,2,6993.0,7016.0,1.0,1145.0,23.0
2026-01-20,S,1,T2,NEUTRAL,3,2,6993.0,7016.0,2.0,2295.0,23.0
2026-01-21,S,1,T1,NEUTRAL,3,2,6996.5,7020.0,1.0,1170.0,23.5
2026-01-21,S,1,T2,NEUTRAL,3,2,6996.5,7020.0,2.0,2345.0,23.5
2026-01-22,L,1,T1,NEUTRAL,3,2,7069.0,7047.75,-1.0,-1067.5,21.25
2026-01-22,L,1,T2,NEUTRAL,3,2,7069.0,7047.75,-1.0,-1067.5,21.25
2026-01-23,S,1,T1,NEUTRAL,4,3,7058.0,7071.75,1.0,682.5,13.75
2026-01-23,S,1,T2,NEUTRAL,4,3,7058.0,7071.75,-1.0,-692.5,13.75
2026-01-23,S,1,T1,NEUTRAL,7,6,7049.75,7064.25,-1.0,-730.0,14.5
2026-01-23,S,1,T2,NEUTRAL,7,6,7049.75,7064.25,-1.0,-730.0,14.5
2026-01-26,L,1,T1,NEUTRAL,3,2,7098.75,7086.5,-1.0,-617.5,12.25
2026-01-26,L,1,T2,NEUTRAL,3,2,7098.75,7086.5,-1.0,-617.5,12.25
2026-01-27,S,1,T1,NEUTRAL,4,3,7117.0,7129.75,-1.0,-642.5,12.75
2026-01-27,S,1,T2,NEUTRAL,4,3,7117.0,7129.75,-1.0,-642.5,12.75
2026-01-27,S,1,T1,NEUTRAL,7,6,7123.0,7128.5,1.0,270.0,5.5
2026-01-27,S,1,T2,NEUTRAL,7,6,7123.0,7128.5,-1.0,-280.0,5.5
2026-01-28,S,1,T1,BEAR,5,4,7107.5,7117.75,-1.0,-517.5,10.25
2026-01-28,S,1,T2,BEAR,5,4,7107.5,7117.75,-1.0,-517.5,10.25
2026-01-28,S,1,T1,BEAR,6,5,7102.75,7120.0,-1.0,-867.5,17.25
2026-01-28,S,1,T2,BEAR,6,5,7102.75,7120.0,-1.0,-867.5,17.25
2026-01-28,S,1,T1,NEUTRAL,7,6,7101.75,7126.25,-1.0,-1230.0,24.5
2026-01-28,S,1,T2,NEUTRAL,7,6,7101.75,7126.25,-1.0,-1230.0,24.5
2026-01-29,L,1,T1,NEUTRAL,3,2,7055.0,7009.0,1.0,2295.0,46.0
2026-01-29,L,1,T2,NEUTRAL,3,2,7055.0,7009.0,-1.0,-2305.0,46.0
2026-01-29,L,1,T1,NEUTRAL,7,6,7084.5,7072.0,1.0,620.0,12.5
2026-01-29,L,1,T2,NEUTRAL,7,6,7084.5,7072.0,2.0,1245.0,12.5
2026-01-30,S,1,T1,NEUTRAL,3,2,7061.0,7102.5,-1.0,-2080.0,41.5
2026-01-30,S,1,T2,NEUTRAL,3,2,7061.0,7102.5,-1.0,-2080.0,41.5
2026-02-02,S,1,T1,NEUTRAL,6,5,7118.5,7128.0,1.0,470.0,9.5
2026-02-02,S,1,T2,NEUTRAL,6,5,7118.5,7128.0,-1.0,-480.0,9.5
2026-02-03,L,1,T1,NEUTRAL,6,5,7030.0,6997.0,-1.0,-1655.0,33.0
2026-02-03,L,1,T2,NEUTRAL,6,5,7030.0,6997.0,-1.0,-1655.0,33.0
2026-02-04,L,1,T1,NEUTRAL,5,4,7007.0,6973.25,1.0,1682.5,33.75
2026-02-04,L,1,T2,NEUTRAL,5,4,7007.0,6973.25,-1.0,-1692.5,33.75
2026-02-05,L,1,T1,NEUTRAL,3,2,6953.5,6912.25,-1.0,-2067.5,41.25
2026-02-05,L,1,T2,NEUTRAL,3,2,6953.5,6912.25,-1.0,-2067.5,41.25
2026-02-09,S,1,T1,NEUTRAL,4,3,7094.5,7109.25,-1.0,-742.5,14.75
2026-02-09,S,1,T2,NEUTRAL,4,3,7094.5,7109.25,-1.0,-742.5,14.75
2026-02-09,S,1,T1,BULL,7,6,7095.0,7111.5,-1.0,-830.0,16.5
2026-02-09,S,1,T2,BULL,7,6,7095.0,7111.5,-1.0,-830.0,16.5
2026-02-10,S,1,T1,NEUTRAL,4,3,7093.25,7108.75,1.0,770.0,15.5
2026-02-10,S,1,T2,NEUTRAL,4,3,7093.25,7108.75,-1.0,-780.0,15.5
2026-02-10,S,1,T1,NEUTRAL,5,4,7084.75,7110.0,-1.0,-1267.5,25.25
2026-02-10,S,1,T2,NEUTRAL,5,4,7084.75,7110.0,-1.0,-1267.5,25.25
2026-02-10,S,1,T1,NEUTRAL,7,6,7082.0,7093.5,1.0,570.0,11.5
2026-02-10,S,1,T2,NEUTRAL,7,6,7082.0,7093.5,-1.0,-580.0,11.5
2026-02-11,L,1,T1,NEUTRAL,3,2,7085.5,7045.5,-1.0,-2005.0,40.0
2026-02-11,L,1,T2,NEUTRAL,3,2,7085.5,7045.5,-1.0,-2005.0,40.0
2026-02-12,L,1,T1,NEUTRAL,6,5,7003.75,6976.5,-1.0,-1367.5,27.25
2026-02-12,L,1,T2,NEUTRAL,6,5,7003.75,6976.5,-1.0,-1367.5,27.25
2026-02-13,S,1,T1,NEUTRAL,6,5,6986.5,7007.0,1.0,1020.0,20.5
2026-02-13,S,1,T2,NEUTRAL,6,5,6986.5,7007.0,2.0,2045.0,20.5
2026-02-17,S,1,T1,NEUTRAL,4,3,6948.5,6976.0,-1.0,-1380.0,27.5
2026-02-17,S,1,T2,NEUTRAL,4,3,6948.5,6976.0,-1.0,-1380.0,27.5
2026-02-17,S,1,T1,BULL,7,6,6971.75,6995.0,-1.0,-1167.5,23.25
2026-02-17,S,1,T2,BULL,7,6,6971.75,6995.0,-1.0,-1167.5,23.25
2026-02-18,L,1,T1,NEUTRAL,4,3,7034.5,7018.25,-1.0,-817.5,16.25
2026-02-18,L,1,T2,NEUTRAL,4,3,7034.5,7018.25,-1.0,-817.5,16.25
2026-02-18,L,1,T1,NEUTRAL,7,6,7011.5,6983.25,-1.0,-1417.5,28.25
2026-02-18,L,1,T2,NEUTRAL,7,6,7011.5,6983.25,-1.0,-1417.5,28.25
2026-02-19,S,1,T1,NEUTRAL,3,2,6980.25,7002.75,-1.0,-1130.0,22.5
2026-02-19,S,1,T2,NEUTRAL,3,2,6980.25,7002.75,-1.0,-1130.0,22.5
2026-02-19,S,1,T1,NEUTRAL,6,5,6962.75,6984.25,-1.0,-1080.0,21.5
2026-02-19,S,1,T2,NEUTRAL,6,5,6962.75,6984.25,-1.0,-1080.0,21.5
2026-02-20,S,1,T1,NEUTRAL,3,2,6996.0,7034.5,-1.0,-1930.0,38.5
2026-02-20,S,1,T2,NEUTRAL,3,2,6996.0,7034.5,-1.0,-1930.0,38.5
2026-02-23,S,1,T1,NEUTRAL,4,3,6955.75,6971.5,-1.0,-792.5,15.75
2026-02-23,S,1,T2,NEUTRAL,4,3,6955.75,6971.5,-1.0,-792.5,15.75
2026-02-23,S,1,T1,NEUTRAL,6,5,6951.5,6980.0,-1.0,-1430.0,28.5
2026-02-23,S,1,T2,NEUTRAL,6,5,6951.5,6980.0,-1.0,-1430.0,28.5
2026-02-24,S,1,T1,NEUTRAL,5,4,7009.0,7021.75,-1.0,-642.5,12.75
2026-02-24,S,1,T2,NEUTRAL,5,4,7009.0,7021.75,-1.0,-642.5,12.75
2026-02-25,L,1,T1,NEUTRAL,3,2,7056.25,7041.0,1.0,757.5,15.25
2026-02-25,L,1,T2,NEUTRAL,3,2,7056.25,7041.0,-1.0,-767.5,15.25
2026-02-26,S,1,T1,NEUTRAL,4,3,6998.25,7028.25,-1.0,-1505.0,30.0
2026-02-26,S,1,T2,NEUTRAL,4,3,6998.25,7028.25,-1.0,-1505.0,30.0
2026-02-27,S,1,T1,NEUTRAL,3,2,6972.75,6997.25,-1.0,-1230.0,24.5
2026-02-27,S,1,T2,NEUTRAL,3,2,6972.75,6997.25,-1.0,-1230.0,24.5
2026-02-27,S,1,T1,NEUTRAL,4,3,6968.5,6999.5,-1.0,-1555.0,31.0
2026-02-27,S,1,T2,NEUTRAL,4,3,6968.5,6999.5,-1.0,-1555.0,31.0
2026-02-27,S,2,T1,NEUTRAL,6,5,6968.75,6986.5,-1.0,-892.5,17.75
2026-02-27,S,2,T2,NEUTRAL,6,5,6968.75,6986.5,-1.0,-892.5,17.75
2026-03-02,S,1,T1,NEUTRAL,5,4,6995.75,7010.0,-1.0,-717.5,14.25
2026-03-02,S,1,T2,NEUTRAL,5,4,6995.75,7010.0,-1.0,-717.5,14.25
2026-03-02,S,1,T1,NEUTRAL,6,5,6986.5,7018.75,-1.0,-1617.5,32.25
2026-03-02,S,1,T2,NEUTRAL,6,5,6986.5,7018.75,-1.0,-1617.5,32.25
2026-03-03,L,1,T1,NEUTRAL,3,2,6900.25,6830.75,-1.0,-3480.0,69.5
2026-03-03,L,1,T2,NEUTRAL,3,2,6900.25,6830.75,-1.0,-3480.0,69.5
2026-03-04,S,1,T1,NEUTRAL,4,3,6981.5,6998.25,-1.0,-842.5,16.75
2026-03-04,S,1,T2,NEUTRAL,4,3,6981.5,6998.25,-1.0,-842.5,16.75
2026-03-04,S,1,T1,BULL,6,5,6994.5,7004.0,1.0,470.0,9.5
2026-03-04,S,1,T2,BULL,6,5,6994.5,7004.0,-1.0,-480.0,9.5
2026-03-04,S,2,T1,BULL,7,6,6987.75,7005.25,-1.0,-880.0,17.5
2026-03-04,S,2,T2,BULL,7,6,6987.75,7005.25,-1.0,-880.0,17.5
2026-03-05,L,1,T1,NEUTRAL,6,5,6912.25,6890.0,1.0,1107.5,22.25
2026-03-05,L,1,T2,NEUTRAL,6,5,6912.25,6890.0,-1.0,-1117.5,22.25
2026-03-05,L,1,T1,NEUTRAL,7,6,6937.75,6887.75,-1.0,-2505.0,50.0
2026-03-05,L,1,T2,NEUTRAL,7,6,6937.75,6887.75,-1.0,-2505.0,50.0
2026-03-06,S,1,T1,NEUTRAL,4,3,6862.75,6890.25,-1.0,-1380.0,27.5
2026-03-06,S,1,T2,NEUTRAL,4,3,6862.75,6890.25,-1.0,-1380.0,27.5
2026-03-06,S,1,T1,BULL,6,5,6866.0,6884.25,1.0,907.5,18.25
2026-03-06,S,1,T2,BULL,6,5,6866.0,6884.25,-1.0,-917.5,18.25
2026-03-06,S,2,T1,NEUTRAL,7,6,6848.5,6890.0,-1.0,-2080.0,41.5
2026-03-06,S,2,T2,NEUTRAL,7,6,6848.5,6890.0,-1.0,-2080.0,41.5
2026-03-09,S,1,T1,NEUTRAL,5,4,6815.5,6852.25,-1.0,-1842.5,36.75
2026-03-09,S,1,T2,NEUTRAL,5,4,6815.5,6852.25,-1.0,-1842.5,36.75
2026-03-10,S,1,T1,NEUTRAL,5,4,6934.5,6963.25,1.0,1432.5,28.75
2026-03-10,S,1,T2,NEUTRAL,5,4,6934.5,6963.25,-1.0,-1442.5,28.75
2026-03-10,S,1,T1,NEUTRAL,7,6,6902.0,6933.25,-1.0,-1567.5,31.25
2026-03-10,S,1,T2,NEUTRAL,7,6,6902.0,6933.25,-1.0,-1567.5,31.25
2026-03-11,L,1,T1,NEUTRAL,4,3,6881.25,6862.25,-1.0,-955.0,19.0
2026-03-11,L,1,T2,NEUTRAL,4,3,6881.25,6862.25,-1.0,-955.0,19.0
2026-03-11,L,1,T1,BEAR,7,6,6886.0,6870.5,-1.0,-780.0,15.5
2026-03-11,L,1,T2,BEAR,7,6,6886.0,6870.5,-1.0,-780.0,15.5
2026-03-12,L,1,T1,NEUTRAL,3,2,6832.75,6795.25,-1.0,-1880.0,37.5
2026-03-12,L,1,T2,NEUTRAL,3,2,6832.75,6795.25,-1.0,-1880.0,37.5
2026-03-12,L,1,T1,NEUTRAL,7,6,6812.75,6795.5,-1.0,-867.5,17.25
2026-03-12,L,1,T2,NEUTRAL,7,6,6812.75,6795.5,-1.0,-867.5,17.25
2026-03-13,S,1,T1,NEUTRAL,5,4,6755.5,6777.5,-1.0,-1105.0,22.0
2026-03-13,S,1,T2,NEUTRAL,5,4,6755.5,6777.5,-1.0,-1105.0,22.0
2026-03-13,S,1,T1,NEUTRAL,7,6,6745.5,6773.25,-1.0,-1392.5,27.75
2026-03-13,S,1,T2,NEUTRAL,7,6,6745.5,6773.25,-1.0,-1392.5,27.75
2026-03-16,L,1,T1,NEUTRAL,3,2,6830.0,6800.25,-1.0,-1492.5,29.75
2026-03-16,L,1,T2,NEUTRAL,3,2,6830.0,6800.25,-1.0,-1492.5,29.75
2026-03-16,L,1,T1,BEAR,5,4,6824.25,6795.5,-1.0,-1442.5,28.75
2026-03-16,L,1,T2,BEAR,5,4,6824.25,6795.5,-1.0,-1442.5,28.75
2026-03-17,S,1,T1,NEUTRAL,3,2,6840.75,6860.5,-1.0,-992.5,19.75
2026-03-17,S,1,T2,NEUTRAL,3,2,6840.75,6860.5,-1.0,-992.5,19.75
2026-03-17,S,1,T1,NEUTRAL,6,5,6833.5,6849.0,-1.0,-780.0,15.5
2026-03-17,S,1,T2,NEUTRAL,6,5,6833.5,6849.0,-1.0,-780.0,15.5
2026-03-18,S,1,T1,NEUTRAL,4,3,6788.0,6800.5,1.0,620.0,12.5
2026-03-18,S,1,T2,NEUTRAL,4,3,6788.0,6800.5,2.0,1245.0,12.5
2026-03-18,S,1,T1,BEAR,6,5,6775.75,6799.0,1.0,1157.5,23.25
2026-03-18,S,1,T2,BEAR,6,5,6775.75,6799.0,2.0,2320.0,23.25
2026-03-19,S,1,T1,NEUTRAL,3,2,6683.5,6719.75,-1.0,-1817.5,36.25
2026-03-19,S,1,T2,NEUTRAL,3,2,6683.5,6719.75,-1.0,-1817.5,36.25
2026-03-20,S,1,T1,NEUTRAL,5,4,6654.0,6671.25,1.0,857.5,17.25
2026-03-20,S,1,T2,NEUTRAL,5,4,6654.0,6671.25,2.0,1720.0,17.25
2026-03-23,S,1,T1,NEUTRAL,3,2,6738.25,6766.25,1.0,1395.0,28.0
2026-03-23,S,1,T2,NEUTRAL,3,2,6738.25,6766.25,2.0,2795.0,28.0
2026-03-23,S,1,T1,NEUTRAL,7,6,6708.5,6735.75,-1.0,-1367.5,27.25
2026-03-23,S,1,T2,NEUTRAL,7,6,6708.5,6735.75,-1.0,-1367.5,27.25
2026-03-24,S,1,T1,NEUTRAL,4,3,6678.75,6707.5,-1.0,-1442.5,28.75
2026-03-24,S,1,T2,NEUTRAL,4,3,6678.75,6707.5,-1.0,-1442.5,28.75
2026-03-24,S,1,T1,NEUTRAL,7,6,6678.75,6703.25,-1.0,-1230.0,24.5
2026-03-24,S,1,T2,NEUTRAL,7,6,6678.75,6703.25,-1.0,-1230.0,24.5
2026-03-25,L,1,T1,NEUTRAL,4,3,6719.25,6695.5,-1.0,-1192.5,23.75
2026-03-25,L,1,T2,NEUTRAL,4,3,6719.25,6695.5,-1.0,-1192.5,23.75
2026-03-26,S,1,T1,NEUTRAL,3,2,6641.5,6683.5,1.0,2095.0,42.0
2026-03-26,S,1,T2,NEUTRAL,3,2,6641.5,6683.5,-1.0,-2105.0,42.0
2026-03-27,L,1,T1,NEUTRAL,3,2,6545.5,6512.75,-1.0,-1642.5,32.75
2026-03-27,L,1,T2,NEUTRAL,3,2,6545.5,6512.75,-1.0,-1642.5,32.75
2026-03-30,S,1,T1,NEUTRAL,4,3,6479.5,6514.0,1.0,1720.0,34.5
2026-03-30,S,1,T2,NEUTRAL,4,3,6479.5,6514.0,-1.0,-1730.0,34.5
2026-03-31,L,1,T1,NEUTRAL,4,3,6556.0,6523.5,1.0,1620.0,32.5
2026-03-31,L,1,T2,NEUTRAL,4,3,6556.0,6523.5,2.0,3245.0,32.5
2026-03-31,L,1,T1,NEUTRAL,6,5,6614.25,6590.25,1.0,1195.0,24.0
2026-03-31,L,1,T2,NEUTRAL,6,5,6614.25,6590.25,-1.0,-1205.0,24.0
2026-04-01,S,1,T1,NEUTRAL,5,4,6697.0,6715.25,1.0,907.5,18.25
2026-04-01,S,1,T2,NEUTRAL,5,4,6697.0,6715.25,-1.0,-917.5,18.25
2026-04-02,L,1,T1,NEUTRAL,6,5,6674.0,6651.25,-1.0,-1142.5,22.75
2026-04-02,L,1,T2,NEUTRAL,6,5,6674.0,6651.25,-1.0,-1142.5,22.75
2026-04-07,L,1,T1,NEUTRAL,3,2,6678.25,6633.75,1.0,2220.0,44.5
2026-04-07,L,1,T2,NEUTRAL,3,2,6678.25,6633.75,-1.0,-2230.0,44.5
2026-04-07,L,1,T1,NEUTRAL,5,4,6693.5,6677.0,-1.0,-830.0,16.5
2026-04-07,L,1,T2,NEUTRAL,5,4,6693.5,6677.0,-1.0,-830.0,16.5
2026-04-07,L,1,T1,NEUTRAL,7,6,6706.75,6657.75,-1.0,-2455.0,49.0
2026-04-07,L,1,T2,NEUTRAL,7,6,6706.75,6657.75,-1.0,-2455.0,49.0
2026-04-08,L,1,T1,NEUTRAL,3,2,6870.75,6841.0,-1.0,-1492.5,29.75
2026-04-08,L,1,T2,NEUTRAL,3,2,6870.75,6841.0,-1.0,-1492.5,29.75
2026-04-09,L,1,T1,NEUTRAL,3,2,6891.25,6862.75,1.0,1420.0,28.5
2026-04-09,L,1,T2,NEUTRAL,3,2,6891.25,6862.75,-1.0,-1430.0,28.5
2026-04-09,L,1,T1,NEUTRAL,7,6,6928.5,6909.0,-1.0,-980.0,19.5
2026-04-09,L,1,T2,NEUTRAL,7,6,6928.5,6909.0,-1.0,-980.0,19.5
2026-04-10,S,1,T1,NEUTRAL,3,2,6927.0,6944.5,1.0,870.0,17.5
2026-04-10,S,1,T2,NEUTRAL,3,2,6927.0,6944.5,-1.0,-880.0,17.5
2026-04-10,S,1,T1,NEUTRAL,7,6,6911.5,6923.75,-1.0,-617.5,12.25
2026-04-10,S,1,T2,NEUTRAL,7,6,6911.5,6923.75,-1.0,-617.5,12.25
2026-04-13,S,1,T1,NEUTRAL,3,2,6915.0,6929.75,-1.0,-742.5,14.75
2026-04-13,S,1,T2,NEUTRAL,3,2,6915.0,6929.75,-1.0,-742.5,14.75
2026-04-14,S,1,T1,NEUTRAL,5,4,7050.75,7064.0,-1.0,-667.5,13.25
2026-04-14,S,1,T2,NEUTRAL,5,4,7050.75,7064.0,-1.0,-667.5,13.25
2026-04-15,S,1,T1,NEUTRAL,4,3,7090.5,7101.75,-1.0,-567.5,11.25
2026-04-15,S,1,T2,NEUTRAL,4,3,7090.5,7101.75,-1.0,-567.5,11.25
2026-04-16,S,1,T1,NEUTRAL,4,3,7128.25,7150.5,-1.0,-1117.5,22.25
2026-04-16,S,1,T2,NEUTRAL,4,3,7128.25,7150.5,-1.0,-1117.5,22.25
2026-04-17,S,1,T1,NEUTRAL,4,3,7226.25,7239.75,1.0,670.0,13.5
2026-04-17,S,1,T2,NEUTRAL,4,3,7226.25,7239.75,-1.0,-680.0,13.5
2026-04-17,S,1,T1,NEUTRAL,6,5,7213.5,7230.5,-1.0,-855.0,17.0
2026-04-17,S,1,T2,NEUTRAL,6,5,7213.5,7230.5,-1.0,-855.0,17.0
2026-04-20,L,1,T1,NEUTRAL,4,3,7205.0,7191.25,-1.0,-692.5,13.75
2026-04-20,L,1,T2,NEUTRAL,4,3,7205.0,7191.25,-1.0,-692.5,13.75
2026-04-21,L,1,T1,NEUTRAL,5,4,7192.75,7157.75,-1.0,-1755.0,35.0
2026-04-21,L,1,T2,NEUTRAL,5,4,7192.75,7157.75,-1.0,-1755.0,35.0
2026-04-22,S,1,T1,NEUTRAL,3,2,7212.5,7227.25,-1.0,-742.5,14.75
2026-04-22,S,1,T2,NEUTRAL,3,2,7212.5,7227.25,-1.0,-742.5,14.75
2026-04-22,S,1,T1,NEUTRAL,6,5,7211.25,7224.25,-1.0,-655.0,13.0
2026-04-22,S,1,T2,NEUTRAL,6,5,7211.25,7224.25,-1.0,-655.0,13.0
2026-04-23,S,1,T1,NEUTRAL,3,2,7222.5,7242.0,1.0,970.0,19.5
2026-04-23,S,1,T2,NEUTRAL,3,2,7222.5,7242.0,2.0,1945.0,19.5
2026-04-23,S,1,T1,NEUTRAL,4,3,7221.0,7243.0,1.0,1095.0,22.0
2026-04-23,S,1,T2,NEUTRAL,4,3,7221.0,7243.0,2.0,2195.0,22.0
2026-04-23,S,1,T1,NEUTRAL,7,6,7185.25,7213.75,-1.0,-1430.0,28.5
2026-04-23,S,1,T2,NEUTRAL,7,6,7185.25,7213.75,-1.0,-1430.0,28.5
2026-04-24,S,1,T1,NEUTRAL,5,4,7243.75,7256.0,-1.0,-617.5,12.25
2026-04-24,S,1,T2,NEUTRAL,5,4,7243.75,7256.0,-1.0,-617.5,12.25
2026-04-27,L,1,T1,NEUTRAL,4,3,7257.75,7243.0,1.0,732.5,14.75
2026-04-27,L,1,T2,NEUTRAL,4,3,7257.75,7243.0,-1.0,-742.5,14.75
2026-04-27,L,1,T1,NEUTRAL,7,6,7268.75,7262.5,-1.0,-317.5,6.25
2026-04-27,L,1,T2,NEUTRAL,7,6,7268.75,7262.5,-1.0,-317.5,6.25
2026-04-28,S,1,T1,NEUTRAL,4,3,7208.5,7221.25,-1.0,-642.5,12.75
2026-04-28,S,1,T2,NEUTRAL,4,3,7208.5,7221.25,-1.0,-642.5,12.75
2026-04-29,S,1,T1,NEUTRAL,3,2,7215.0,7236.75,-1.0,-1092.5,21.75
2026-04-29,S,1,T2,NEUTRAL,3,2,7215.0,7236.75,-1.0,-1092.5,21.75
2026-04-29,S,1,T1,BEAR,6,5,7198.25,7222.25,-1.0,-1205.0,24.0
2026-04-29,S,1,T2,BEAR,6,5,7198.25,7222.25,-1.0,-1205.0,24.0
2026-04-30,L,1,T1,NEUTRAL,3,2,7261.25,7225.75,1.0,1770.0,35.5
2026-04-30,L,1,T2,NEUTRAL,3,2,7261.25,7225.75,-1.0,-1780.0,35.5
2026-05-01,S,1,T1,NEUTRAL,3,2,7332.75,7356.25,-1.0,-1180.0,23.5
2026-05-01,S,1,T2,NEUTRAL,3,2,7332.75,7356.25,-1.0,-1180.0,23.5
2026-05-01,S,1,T1,NEUTRAL,4,3,7331.0,7357.25,-1.0,-1317.5,26.25
2026-05-01,S,1,T2,NEUTRAL,4,3,7331.0,7357.25,-1.0,-1317.5,26.25
2026-05-01,S,2,T1,NEUTRAL,6,5,7327.0,7345.25,-1.0,-917.5,18.25
2026-05-01,S,2,T2,NEUTRAL,6,5,7327.0,7345.25,-1.0,-917.5,18.25
2026-05-04,S,1,T1,NEUTRAL,3,2,7284.5,7332.5,-1.0,-2405.0,48.0
2026-05-04,S,1,T2,NEUTRAL,3,2,7284.5,7332.5,-1.0,-2405.0,48.0
2026-05-04,S,1,T1,NEUTRAL,6,5,7281.75,7301.0,-1.0,-967.5,19.25
2026-05-04,S,1,T2,NEUTRAL,6,5,7281.75,7301.0,-1.0,-967.5,19.25
2026-05-05,L,1,T1,NEUTRAL,3,2,7347.5,7334.0,1.0,670.0,13.5
2026-05-05,L,1,T2,NEUTRAL,3,2,7347.5,7334.0,-1.0,-680.0,13.5
2026-05-05,L,1,T1,NEUTRAL,5,4,7349.75,7341.25,1.0,420.0,8.5
2026-05-05,L,1,T2,NEUTRAL,5,4,7349.75,7341.25,-1.0,-430.0,8.5
2026-05-06,S,1,T1,NEUTRAL,4,3,7419.5,7432.5,-1.0,-655.0,13.0
2026-05-06,S,1,T2,NEUTRAL,4,3,7419.5,7432.5,-1.0,-655.0,13.0
2026-05-07,S,1,T1,NEUTRAL,3,2,7452.0,7471.5,1.0,970.0,19.5
2026-05-07,S,1,T2,NEUTRAL,3,2,7452.0,7471.5,2.0,1945.0,19.5
2026-05-07,S,1,T1,NEUTRAL,6,5,7410.25,7432.0,-1.0,-1092.5,21.75
2026-05-07,S,1,T2,NEUTRAL,6,5,7410.25,7432.0,-1.0,-1092.5,21.75
2026-05-08,L,1,T1,NEUTRAL,3,2,7483.75,7468.25,-1.0,-780.0,15.5
2026-05-08,L,1,T2,NEUTRAL,3,2,7483.75,7468.25,-1.0,-780.0,15.5
2026-05-11,S,1,T1,NEUTRAL,4,3,7504.0,7512.0,1.0,395.0,8.0
2026-05-11,S,1,T2,NEUTRAL,4,3,7504.0,7512.0,-1.0,-405.0,8.0
2026-05-11,S,1,T1,BULL,6,5,7504.75,7516.25,1.0,570.0,11.5
2026-05-11,S,1,T2,BULL,6,5,7504.75,7516.25,-1.0,-580.0,11.5
2026-05-12,S,1,T1,NEUTRAL,4,3,7426.75,7444.25,-1.0,-880.0,17.5
2026-05-12,S,1,T2,NEUTRAL,4,3,7426.75,7444.25,-1.0,-880.0,17.5
2026-05-13,S,1,T1,NEUTRAL,7,6,7531.5,7543.75,-1.0,-617.5,12.25
2026-05-13,S,1,T2,NEUTRAL,7,6,7531.5,7543.75,-1.0,-617.5,12.25
2026-05-14,S,1,T1,NEUTRAL,4,3,7583.5,7601.5,-1.0,-905.0,18.0
2026-05-14,S,1,T2,NEUTRAL,4,3,7583.5,7601.5,-1.0,-905.0,18.0
2026-05-15,S,1,T1,NEUTRAL,3,2,7502.75,7525.25,-1.0,-1130.0,22.5
2026-05-15,S,1,T2,NEUTRAL,3,2,7502.75,7525.25,-1.0,-1130.0,22.5
2026-05-15,S,1,T1,NEUTRAL,6,5,7516.75,7537.25,1.0,1020.0,20.5
2026-05-15,S,1,T2,NEUTRAL,6,5,7516.75,7537.25,2.0,2045.0,20.5
2026-05-18,L,1,T1,NEUTRAL,6,5,7475.75,7437.5,-1.0,-1917.5,38.25
2026-05-18,L,1,T2,NEUTRAL,6,5,7475.75,7437.5,-1.0,-1917.5,38.25
2026-05-18,L,1,T1,NEUTRAL,7,6,7482.25,7434.5,-1.0,-2392.5,47.75
2026-05-18,L,1,T2,NEUTRAL,7,6,7482.25,7434.5,-1.0,-2392.5,47.75
2026-05-19,L,1,T1,NEUTRAL,3,2,7440.5,7415.25,1.0,1257.5,25.25
2026-05-19,L,1,T2,NEUTRAL,3,2,7440.5,7415.25,-1.0,-1267.5,25.25
2026-05-20,S,1,T1,NEUTRAL,4,3,7484.75,7510.0,-1.0,-1267.5,25.25
2026-05-20,S,1,T2,NEUTRAL,4,3,7484.75,7510.0,-1.0,-1267.5,25.25
2026-05-21,L,1,T1,NEUTRAL,3,2,7492.75,7469.5,1.0,1157.5,23.25
2026-05-21,L,1,T2,NEUTRAL,3,2,7492.75,7469.5,2.0,2320.0,23.25
2026-05-22,L,1,T1,NEUTRAL,3,2,7575.5,7549.5,-1.0,-1305.0,26.0
2026-05-22,L,1,T2,NEUTRAL,3,2,7575.5,7549.5,-1.0,-1305.0,26.0
2026-05-22,L,1,T1,BULL,5,4,7584.25,7562.5,-1.0,-1092.5,21.75
2026-05-22,L,1,T2,BULL,5,4,7584.25,7562.5,-1.0,-1092.5,21.75
2026-05-26,S,1,T1,NEUTRAL,3,2,7591.5,7616.75,-1.0,-1267.5,25.25
2026-05-26,S,1,T2,NEUTRAL,3,2,7591.5,7616.75,-1.0,-1267.5,25.25
2026-05-26,S,1,T1,NEUTRAL,5,4,7579.25,7595.5,-1.0,-817.5,16.25
2026-05-26,S,1,T2,NEUTRAL,5,4,7579.25,7595.5,-1.0,-817.5,16.25
2026-05-27,L,1,T1,NEUTRAL,4,3,7596.75,7577.5,-1.0,-967.5,19.25
2026-05-27,L,1,T2,NEUTRAL,4,3,7596.75,7577.5,-1.0,-967.5,19.25
2026-05-27,L,1,T1,NEUTRAL,5,4,7601.5,7576.0,-1.0,-1280.0,25.5
2026-05-27,L,1,T2,NEUTRAL,5,4,7601.5,7576.0,-1.0,-1280.0,25.5
2026-05-28,L,1,T1,NEUTRAL,5,4,7644.5,7635.5,-1.0,-455.0,9.0
2026-05-28,L,1,T2,NEUTRAL,5,4,7644.5,7635.5,-1.0,-455.0,9.0
2026-05-28,L,1,T1,NEUTRAL,7,6,7644.0,7636.25,-1.0,-392.5,7.75
2026-05-28,L,1,T2,NEUTRAL,7,6,7644.0,7636.25,-1.0,-392.5,7.75
2026-05-29,L,1,T1,NEUTRAL,3,2,7666.5,7638.5,-1.0,-1405.0,28.0
2026-05-29,L,1,T2,NEUTRAL,3,2,7666.5,7638.5,-1.0,-1405.0,28.0
2026-05-29,L,1,T1,NEUTRAL,6,5,7659.0,7642.75,-1.0,-817.5,16.25
2026-05-29,L,1,T2,NEUTRAL,6,5,7659.0,7642.75,-1.0,-817.5,16.25
2026-06-01,L,1,T1,NEUTRAL,3,2,7654.0,7642.0,1.0,595.0,12.0
2026-06-01,L,1,T2,NEUTRAL,3,2,7654.0,7642.0,2.0,1195.0,12.0
2026-06-02,S,1,T1,NEUTRAL,4,3,7680.75,7690.0,-1.0,-467.5,9.25
2026-06-02,S,1,T2,NEUTRAL,4,3,7680.75,7690.0,-1.0,-467.5,9.25
2026-06-03,S,1,T1,NEUTRAL,3,2,7641.25,7658.75,1.0,870.0,17.5
2026-06-03,S,1,T2,NEUTRAL,3,2,7641.25,7658.75,-1.0,-880.0,17.5
2026-06-03,S,1,T1,NEUTRAL,7,6,7634.25,7649.5,-1.0,-767.5,15.25
2026-06-03,S,1,T2,NEUTRAL,7,6,7634.25,7649.5,-1.0,-767.5,15.25
2026-06-04,S,1,T1,NEUTRAL,7,6,7663.75,7672.75,1.0,445.0,9.0
2026-06-04,S,1,T2,NEUTRAL,7,6,7663.75,7672.75,-1.0,-455.0,9.0
2026-06-05,L,1,T1,NEUTRAL,5,4,7534.25,7510.0,-1.0,-1217.5,24.25
2026-06-05,L,1,T2,NEUTRAL,5,4,7534.25,7510.0,-1.0,-1217.5,24.25
2026-06-08,S,1,T1,NEUTRAL,3,2,7502.75,7538.25,1.0,1770.0,35.5
2026-06-08,S,1,T2,NEUTRAL,3,2,7502.75,7538.25,-1.0,-1780.0,35.5
2026-06-08,S,1,T1,NEUTRAL,6,5,7486.5,7508.0,1.0,1070.0,21.5
2026-06-08,S,1,T2,NEUTRAL,6,5,7486.5,7508.0,-1.0,-1080.0,21.5
2026-06-09,L,1,T1,NEUTRAL,5,4,7396.25,7308.25,-1.0,-4405.0,88.0
2026-06-09,L,1,T2,NEUTRAL,5,4,7396.25,7308.25,-1.0,-4405.0,88.0
2026-06-10,S,1,T1,NEUTRAL,5,4,7368.0,7405.5,1.0,1870.0,37.5
2026-06-10,S,1,T2,NEUTRAL,5,4,7368.0,7405.5,-1.0,-1880.0,37.5
2026-06-11,L,1,T1,NEUTRAL,3,2,7382.0,7324.0,1.0,2895.0,58.0
2026-06-11,L,1,T2,NEUTRAL,3,2,7382.0,7324.0,-1.0,-2905.0,58.0
2026-06-11,L,1,T1,BULL,5,4,7408.25,7332.75,-1.0,-3780.0,75.5
2026-06-11,L,1,T2,BULL,5,4,7408.25,7332.75,-1.0,-3780.0,75.5
2026-06-12,L,1,T1,NEUTRAL,6,5,7503.0,7484.25,-1.0,-942.5,18.75
2026-06-12,L,1,T2,NEUTRAL,6,5,7503.0,7484.25,-1.0,-942.5,18.75
2026-06-15,S,1,T1,NEUTRAL,5,4,7632.0,7648.5,-1.0,-830.0,16.5
2026-06-15,S,1,T2,NEUTRAL,5,4,7632.0,7648.5,-1.0,-830.0,16.5
2026-06-16,L,1,T1,NEUTRAL,3,2,7622.0,7603.75,-1.0,-917.5,18.25
2026-06-16,L,1,T2,NEUTRAL,3,2,7622.0,7603.75,-1.0,-917.5,18.25
2026-06-17,S,1,T1,NEUTRAL,4,3,7579.5,7593.5,1.0,695.0,14.0
2026-06-17,S,1,T2,NEUTRAL,4,3,7579.5,7593.5,2.0,1395.0,14.0
2026-06-18,S,1,T1,NEUTRAL,3,2,7540.75,7571.0,-1.0,-1517.5,30.25
2026-06-18,S,1,T2,NEUTRAL,3,2,7540.75,7571.0,-1.0,-1517.5,30.25
2026-06-18,S,1,T1,NEUTRAL,6,5,7560.5,7577.25,-1.0,-842.5,16.75
2026-06-18,S,1,T2,NEUTRAL,6,5,7560.5,7577.25,-1.0,-842.5,16.75
2026-06-22,L,1,T1,NEUTRAL,5,4,7550.25,7535.25,-1.0,-755.0,15.0
2026-06-22,L,1,T2,NEUTRAL,5,4,7550.25,7535.25,-1.0,-755.0,15.0
2026-06-23,S,1,T1,NEUTRAL,3,2,7435.75,7486.25,-1.0,-2530.0,50.5
2026-06-23,S,1,T2,NEUTRAL,3,2,7435.75,7486.25,-1.0,-2530.0,50.5
2026-06-23,S,1,T1,NEUTRAL,5,4,7460.0,7476.75,1.0,832.5,16.75
2026-06-23,S,1,T2,NEUTRAL,5,4,7460.0,7476.75,-1.0,-842.5,16.75
2026-06-24,S,1,T1,NEUTRAL,4,3,7474.0,7496.75,1.0,1132.5,22.75
2026-06-24,S,1,T2,NEUTRAL,4,3,7474.0,7496.75,2.0,2270.0,22.75
2026-06-25,S,1,T1,NEUTRAL,4,3,7432.0,7459.0,-1.0,-1355.0,27.0
2026-06-25,S,1,T2,NEUTRAL,4,3,7432.0,7459.0,-1.0,-1355.0,27.0
2026-06-25,S,1,T1,NEUTRAL,7,6,7413.75,7454.75,-1.0,-2055.0,41.0
2026-06-25,S,1,T2,NEUTRAL,7,6,7413.75,7454.75,-1.0,-2055.0,41.0
2026-06-26,S,1,T1,NEUTRAL,5,4,7426.75,7452.5,1.0,1282.5,25.75
2026-06-26,S,1,T2,NEUTRAL,5,4,7426.75,7452.5,2.0,2570.0,25.75
2026-06-29,L,1,T1,NEUTRAL,3,2,7473.0,7447.5,1.0,1270.0,25.5
2026-06-29,L,1,T2,NEUTRAL,3,2,7473.0,7447.5,-1.0,-1280.0,25.5
2026-06-30,S,1,T1,NEUTRAL,5,4,7548.25,7559.5,-1.0,-567.5,11.25
2026-06-30,S,1,T2,NEUTRAL,5,4,7548.25,7559.5,-1.0,-567.5,11.25
2026-06-30,S,1,T1,BULL,7,6,7552.75,7568.0,-1.0,-767.5,15.25
2026-06-30,S,1,T2,BULL,7,6,7552.75,7568.0,-1.0,-767.5,15.25
2026-07-01,S,1,T1,NEUTRAL,4,3,7567.0,7579.25,1.0,607.5,12.25
2026-07-01,S,1,T2,NEUTRAL,4,3,7567.0,7579.25,2.0,1220.0,12.25
2026-07-02,L,1,T1,NEUTRAL,6,5,7509.25,7479.25,-1.0,-1505.0,30.0
2026-07-02,L,1,T2,NEUTRAL,6,5,7509.25,7479.25,-1.0,-1505.0,30.0
2026-07-06,S,1,T1,NEUTRAL,5,4,7582.25,7595.0,-1.0,-642.5,12.75
2026-07-06,S,1,T2,NEUTRAL,5,4,7582.25,7595.0,-1.0,-642.5,12.75
2026-07-06,S,1,T1,BULL,7,6,7588.25,7602.75,-1.0,-730.0,14.5
2026-07-06,S,1,T2,BULL,7,6,7588.25,7602.75,-1.0,-730.0,14.5
2026-07-07,L,1,T1,NEUTRAL,3,2,7548.25,7529.25,1.0,945.0,19.0
2026-07-07,L,1,T2,NEUTRAL,3,2,7548.25,7529.25,-1.0,-955.0,19.0
2026-07-08,L,1,T1,NEUTRAL,4,3,7510.5,7469.25,-1.0,-2067.5,41.25
2026-07-08,L,1,T2,NEUTRAL,4,3,7510.5,7469.25,-1.0,-2067.5,41.25
2026-07-08,L,1,T1,NEUTRAL,7,6,7533.0,7517.5,-1.0,-780.0,15.5
2026-07-08,L,1,T2,NEUTRAL,7,6,7533.0,7517.5,-1.0,-780.0,15.5
2026-07-09,S,1,T1,NEUTRAL,6,5,7586.75,7595.25,-1.0,-430.0,8.5
2026-07-09,S,1,T2,NEUTRAL,6,5,7586.75,7595.25,-1.0,-430.0,8.5
