entry_id,Date,dir,regime,hour,fx4p_t8p,fx4p_eod,sb1_t8p,sb1_eod,er10,adx14,sb_ibs_o,sb_dirok,sb_rngx,ema_side_ok,warm
2021-06-18_14L2,2021-06-18,L,BEAR,09,-205.0,-205.0,-442.5,-442.5,0.05,,0.945945945945946,True,1.0277777777777777,False,True
2021-06-18_57S2,2021-06-18,S,BULL,13,395.0,1082.5,395.0,1082.5,0.043,18.0,0.5454545454545454,False,0.6790123456790124,True,True
2021-06-21_26L2,2021-06-21,L,BULL,10,395.0,657.5,-117.5,-117.5,0.279,,0.1818181818181818,False,0.7913669064748201,True,True
2021-06-21_37L2,2021-06-21,L,BULL,11,395.0,657.5,-105.0,-105.0,0.209,65.2,0.8,True,1.1111111111111112,True,True
2021-06-21_62L2,2021-06-21,L,BULL,13,-205.0,382.5,-105.0,-105.0,0.655,38.9,0.5,False,1.1904761904761905,True,True
2021-06-22_10L2,2021-06-22,L,NEUTRAL,09,395.0,1107.5,395.0,1107.5,,,0.8333333333333334,True,0.5806451612903225,True,False
2021-06-22_31L2,2021-06-22,L,BULL,12,395.0,482.5,395.0,482.5,0.22,43.5,0.2222222222222222,False,0.8910891089108911,True,True
2021-06-22_66L2,2021-06-22,L,BULL,15,-205.0,120.0,-155.0,120.0,0.472,24.4,0.9285714285714286,True,1.4,True,True
2021-06-23_11S2,2021-06-23,S,NEUTRAL,09,395.0,520.0,395.0,520.0,0.108,,0.3,False,0.591715976331361,False,False
2021-06-23_57L2,2021-06-23,L,NEUTRAL,13,-205.0,-205.0,-67.5,-67.5,0.111,14.0,0.7142857142857143,True,1.1111111111111112,True,True
2021-06-24_8L2,2021-06-24,L,NEUTRAL,09,-205.0,-205.0,-155.0,-155.0,,,0.7857142857142857,True,0.98,True,False
2021-06-24_19L2,2021-06-24,L,BULL,10,-205.0,-205.0,-67.5,-67.5,0.143,,0.1428571428571428,False,0.7608695652173914,True,True
2021-06-24_30S2,2021-06-24,S,NEUTRAL,11,-205.0,-205.0,-105.0,-105.0,0.471,12.9,0.9,True,1.1904761904761905,True,True
2021-06-24_52S2,2021-06-24,S,NEUTRAL,12,-205.0,-205.0,-42.5,-42.5,0.333,13.0,0.8,True,0.5882352941176471,True,True
2021-06-24_63S2,2021-06-24,S,BULL,13,-205.0,95.0,-30.0,95.0,0.895,15.4,0.25,False,0.5970149253731343,False,True
2021-06-25_23L2,2021-06-25,L,BULL,10,395.0,245.0,-42.5,-42.5,0.111,,0.6,False,0.7575757575757576,True,True
2021-06-25_77L2,2021-06-25,L,BULL,14,-205.0,20.0,-67.5,-67.5,0.053,30.0,0.1428571428571428,False,0.8333333333333333,True,True
2021-06-28_13L2,2021-06-28,L,BULL,09,-205.0,-205.0,-55.0,-55.0,0.184,,0.6666666666666666,True,0.4195804195804196,True,True
2021-06-28_37S2,2021-06-28,S,BEAR,11,-205.0,-205.0,-92.5,-92.5,0.059,14.9,0.6666666666666667,True,1.5517241379310345,True,True
2021-06-28_61L2,2021-06-28,L,BULL,13,395.0,407.5,395.0,407.5,0.84,26.3,0.8,False,0.819672131147541,True,True
2021-06-29_9S2,2021-06-29,S,NEUTRAL,09,395.0,107.5,-55.0,-55.0,,,0.8333333333333334,True,0.5274725274725275,True,False
2021-06-29_73S2,2021-06-29,S,BULL,14,-205.0,-130.0,-30.0,-30.0,0.471,18.4,0.25,False,0.5263157894736842,True,True
2021-06-30_20S2,2021-06-30,S,BULL,10,-205.0,-205.0,-130.0,-130.0,0.412,,0.75,True,1.3043478260869563,False,True
2021-06-30_54S2,2021-06-30,S,BEAR,12,-205.0,-205.0,-30.0,-30.0,0.25,17.5,0.5,True,0.8,True,True
2021-06-30_68L2,2021-06-30,L,NEUTRAL,14,395.0,345.0,395.0,345.0,0.217,19.7,0.4,False,0.9090909090909092,True,True
2021-07-01_8L2,2021-07-01,L,BULL,09,-205.0,-205.0,-180.0,-180.0,,,0.875,True,1.1666666666666667,True,False
2021-07-01_16L2,2021-07-01,L,BULL,09,-205.0,-205.0,-92.5,-92.5,0.214,,0.8888888888888888,True,0.9677419354838708,True,True
2021-07-01_33S2,2021-07-01,S,NEUTRAL,12,-205.0,-205.0,-17.5,-17.5,0.538,20.9,0.3333333333333333,False,0.3703703703703704,False,True
2021-07-01_71L2,2021-07-01,L,NEUTRAL,14,-205.0,-67.5,-55.0,-55.0,0.167,34.9,0.6666666666666666,False,0.9523809523809524,True,True
2021-07-02_9S2,2021-07-02,S,NEUTRAL,09,-205.0,-205.0,-67.5,-67.5,,,0.4285714285714286,False,0.6829268292682927,False,False
2021-07-06_39L2,2021-07-06,L,NEUTRAL,11,395.0,1057.5,395.0,1057.5,0.319,75.1,0.8181818181818182,False,0.6285714285714286,False,True
2021-07-06_77S2,2021-07-06,S,BULL,14,-205.0,220.0,-92.5,220.0,0.397,34.3,0.2222222222222222,False,0.9090909090909092,False,True
2021-07-07_41L2,2021-07-07,L,BEAR,12,395.0,270.0,-80.0,-80.0,0.065,15.0,0.875,True,0.6557377049180328,True,True
2021-07-08_9S2,2021-07-08,S,NEUTRAL,09,-205.0,-205.0,395.0,-255.0,,,0.9545454545454546,True,0.567741935483871,True,False
2021-07-08_17S2,2021-07-08,S,BEAR,09,-205.0,-205.0,-430.0,-430.0,0.067,,0.8888888888888888,True,1.0344827586206895,True,True
2021-07-09_16L2,2021-07-09,L,NEUTRAL,09,395.0,645.0,395.0,645.0,0.324,,0.75,True,0.6557377049180328,True,True
2021-07-09_38L2,2021-07-09,L,BULL,12,395.0,382.5,395.0,382.5,0.133,51.2,1.0,True,0.6410256410256411,True,True
2021-07-09_75L2,2021-07-09,L,BULL,14,-205.0,-80.0,-42.5,-42.5,0.059,37.9,0.6,True,0.6410256410256411,True,True
2021-07-12_19S2,2021-07-12,S,BULL,10,-205.0,-205.0,-67.5,-67.5,0.32,,0.7142857142857143,False,0.7608695652173914,False,True
2021-07-13_12S2,2021-07-13,S,BULL,09,-205.0,-205.0,-92.5,-92.5,0.551,,0.2222222222222222,False,0.6474820143884892,False,True
2021-07-13_61S2,2021-07-13,S,BEAR,13,395.0,345.0,395.0,345.0,0.05,36.5,0.3076923076923077,False,0.7262569832402235,True,True
2021-07-14_12S2,2021-07-14,S,NEUTRAL,09,395.0,507.5,395.0,507.5,0.432,,0.7142857142857143,True,0.5147058823529412,True,True
2021-07-14_40S2,2021-07-14,S,BEAR,11,-205.0,-205.0,-167.5,-167.5,0.863,31.4,0.1999999999999999,False,1.0714285714285714,False,True
2021-07-14_67L2,2021-07-14,L,BEAR,14,-205.0,-205.0,-67.5,-67.5,0.158,12.6,0.8571428571428571,True,0.6930693069306931,True,True
2021-07-14_77S2,2021-07-14,S,NEUTRAL,14,-205.0,-55.0,-230.0,-55.0,0.31,15.1,0.1999999999999999,False,1.3793103448275863,True,True
2021-07-15_14L2,2021-07-15,L,BEAR,09,-205.0,-205.0,-280.0,-280.0,0.08,,0.7083333333333334,True,1.1162790697674418,True,True
2021-07-16_17L2,2021-07-16,L,BEAR,09,-205.0,-205.0,-192.5,-192.5,0.259,,0.7647058823529411,True,0.7391304347826086,False,True
2021-07-19_12L2,2021-07-19,L,BEAR,09,-205.0,-205.0,395.0,-392.5,0.486,,0.8181818181818182,True,0.8571428571428571,False,True
2021-07-19_53S2,2021-07-19,S,BEAR,12,-205.0,-205.0,-305.0,-305.0,0.098,31.5,0.9230769230769232,True,1.1016949152542372,True,True
2021-07-20_12S2,2021-07-20,S,BULL,09,-205.0,-205.0,-192.5,-192.5,0.697,,0.0588235294117647,False,0.5246913580246914,False,True
2021-07-20_65L2,2021-07-20,L,NEUTRAL,13,-205.0,-205.0,-142.5,-142.5,0.161,31.2,0.6153846153846154,False,1.1607142857142858,True,True
2021-07-20_77L2,2021-07-20,L,BULL,14,-205.0,-205.0,-92.5,-92.5,0.04,23.2,0.8888888888888888,True,0.7258064516129032,True,True
2021-08-02_7S2,2021-08-02,S,BEAR,09,-205.0,-205.0,-155.0,-155.0,,,0.5,False,0.5793103448275861,True,False
2021-08-02_13S2,2021-08-02,S,NEUTRAL,09,395.0,1270.0,395.0,1270.0,0.091,,0.8125,True,0.893854748603352,True,True
2021-08-02_40S2,2021-08-02,S,BEAR,11,395.0,532.5,-117.5,-117.5,0.0,42.2,0.5454545454545454,True,0.6508875739644971,True,True
2021-08-02_59S2,2021-08-02,S,BEAR,13,395.0,482.5,395.0,482.5,0.161,32.6,0.1666666666666666,False,0.5128205128205129,True,True
2021-08-09_11L2,2021-08-09,L,BEAR,09,395.0,295.0,395.0,295.0,0.127,,0.7272727272727273,True,0.6285714285714286,False,False
2021-08-09_31S2,2021-08-09,S,NEUTRAL,12,-205.0,-205.0,-42.5,-42.5,0.316,11.5,0.1999999999999999,False,0.7042253521126761,False,True
2021-08-10_21S2,2021-08-10,S,NEUTRAL,10,-205.0,-205.0,-142.5,-142.5,0.525,,1.0,True,0.718232044198895,True,True
2021-08-11_15L2,2021-08-11,L,BEAR,09,-205.0,-205.0,-117.5,-117.5,0.024,,0.6363636363636364,False,1.1340206185567012,True,True
2021-08-16_14L2,2021-08-16,L,BEAR,09,-205.0,-205.0,395.0,1820.0,0.14,,0.391304347826087,False,1.1794871794871795,False,True
2021-08-16_52S2,2021-08-16,S,BULL,12,-205.0,-205.0,-55.0,-55.0,0.806,40.8,0.3333333333333333,False,0.8108108108108107,False,True
2021-08-17_13S2,2021-08-17,S,BULL,09,-205.0,-205.0,-305.0,-305.0,0.141,,0.2307692307692307,False,1.0655737704918034,True,True
2021-08-17_50S2,2021-08-17,S,BEAR,12,395.0,-205.0,395.0,-167.5,0.015,31.4,0.4666666666666667,True,0.6493506493506493,True,True
2021-08-17_80S2,2021-08-17,S,NEUTRAL,15,-205.0,7.5,-367.5,7.5,0.192,23.2,0.967741935483871,True,1.5422885572139302,False,True
2021-08-18_14S2,2021-08-18,S,BULL,09,395.0,2570.0,395.0,2570.0,0.293,,0.2307692307692307,False,0.8333333333333334,False,True
2021-08-18_67S2,2021-08-18,S,NEUTRAL,14,395.0,1745.0,395.0,1745.0,0.008,17.5,0.2777777777777778,False,0.694980694980695,True,True
2021-08-19_11S2,2021-08-19,S,BULL,09,395.0,-205.0,395.0,-492.5,0.301,,0.4634146341463414,False,1.0353535353535352,False,False
2021-08-20_24S2,2021-08-20,S,BEAR,10,-205.0,-205.0,-80.0,-80.0,0.239,,0.375,False,0.5517241379310345,False,True
2021-08-20_31L2,2021-08-20,L,BEAR,11,395.0,345.0,395.0,345.0,0.182,28.9,0.95,True,1.30718954248366,True,True
2021-08-20_55L2,2021-08-20,L,BULL,13,-205.0,-205.0,-92.5,-92.5,0.375,22.4,0.3333333333333333,False,1.0465116279069768,False,True
2021-08-23_13S2,2021-08-23,S,BULL,09,-205.0,-205.0,-155.0,-155.0,0.547,,1.0,True,0.9859154929577464,False,True
2021-08-24_34S2,2021-08-24,S,NEUTRAL,11,-205.0,-205.0,-42.5,-42.5,0.152,22.2,1.0,True,0.617283950617284,True,True
2021-08-24_54L2,2021-08-24,L,BULL,12,-205.0,-205.0,-67.5,-67.5,0.4,18.4,1.0,True,1.5555555555555556,True,True
2021-08-25_8S2,2021-08-25,S,BULL,09,-205.0,-205.0,-105.0,-105.0,,,0.6,True,0.7692307692307693,False,False
2021-08-25_42L2,2021-08-25,L,BULL,12,-205.0,-92.5,-67.5,-67.5,0.172,40.6,0.8571428571428571,True,1.1666666666666667,True,True
2021-08-25_49L2,2021-08-25,L,NEUTRAL,12,-205.0,-67.5,-55.0,-55.0,0.048,36.1,0.1666666666666666,False,0.9836065573770492,True,True
2021-08-25_69S2,2021-08-25,S,BEAR,14,-205.0,-205.0,-42.5,-42.5,0.355,21.7,0.6,False,0.8771929824561403,True,True
2021-08-26_17S2,2021-08-26,S,BEAR,09,-205.0,-205.0,-205.0,-205.0,0.9,,0.7222222222222222,False,0.8530805687203791,True,True
2021-08-26_29L2,2021-08-26,L,BEAR,10,-205.0,-205.0,-142.5,-142.5,0.419,53.1,0.4615384615384615,False,0.6565656565656566,False,True
2021-08-26_38L2,2021-08-26,L,BEAR,11,-205.0,-205.0,-117.5,-117.5,0.565,29.2,1.0,True,1.1224489795918366,True,True
2021-08-26_63S2,2021-08-26,S,BEAR,13,395.0,295.0,395.0,295.0,0.388,21.7,0.0999999999999999,False,0.8771929824561403,True,True
2021-08-26_74S2,2021-08-26,S,BEAR,14,-205.0,82.5,-142.5,-142.5,0.158,24.7,0.4615384615384615,False,0.8783783783783783,True,True
2021-08-27_22L2,2021-08-27,L,BULL,10,-205.0,-205.0,-55.0,-55.0,0.176,,0.6666666666666666,False,0.4838709677419354,True,True
2021-08-27_50L2,2021-08-27,L,BULL,12,-205.0,-205.0,-55.0,-55.0,0.68,43.2,0.6666666666666666,True,1.1320754716981132,True,True
2021-08-27_63S2,2021-08-27,S,BEAR,13,-205.0,95.0,-55.0,-55.0,0.111,26.0,1.0,True,1.0,True,True
2021-08-27_76L2,2021-08-27,L,NEUTRAL,14,-205.0,-205.0,-117.5,-117.5,0.2,22.7,0.8181818181818182,True,1.6923076923076923,True,True
2021-08-30_28L2,2021-08-30,L,BULL,10,-205.0,-205.0,-67.5,-67.5,0.02,,0.8571428571428571,True,0.7142857142857142,True,True
2021-08-31_16L2,2021-08-31,L,BULL,09,-205.0,-205.0,-105.0,-105.0,0.429,,0.4,False,0.591715976331361,True,True
2021-08-31_29S2,2021-08-31,S,NEUTRAL,10,395.0,70.0,395.0,70.0,0.551,14.7,0.1999999999999999,False,0.4545454545454545,False,True
2021-08-31_54S2,2021-08-31,S,NEUTRAL,12,-205.0,-205.0,-30.0,-30.0,0.061,25.6,0.75,True,0.4878048780487805,True,True
2021-09-01_11S2,2021-09-01,S,NEUTRAL,09,-205.0,-205.0,-117.5,-117.5,0.184,,0.6363636363636364,True,0.6707317073170732,True,False
2021-09-02_15L2,2021-09-02,L,NEUTRAL,09,-205.0,-205.0,-130.0,-130.0,0.085,,0.25,False,1.0434782608695652,True,True
2021-09-03_16L2,2021-09-03,L,BEAR,09,395.0,320.0,395.0,320.0,0.045,,1.0,True,0.718562874251497,True,True
2021-09-03_37S2,2021-09-03,S,BULL,12,-205.0,-205.0,-42.5,-42.5,0.282,8.1,0.6,True,0.6493506493506493,True,True
2021-09-03_65L2,2021-09-03,L,BULL,14,-205.0,-117.5,-42.5,-42.5,0.158,21.7,0.6,False,0.9615384615384616,True,True
2021-09-03_73L2,2021-09-03,L,BULL,14,-205.0,-205.0,-105.0,-105.0,0.22,22.9,0.2,False,1.6129032258064515,True,True
2021-09-07_13L2,2021-09-07,L,BEAR,09,-205.0,-205.0,-105.0,-105.0,0.391,,0.4,False,0.591715976331361,False,True
2021-09-07_69S2,2021-09-07,S,BULL,14,395.0,457.5,395.0,457.5,0.143,15.2,0.875,True,1.0126582278481011,True,True
2021-09-08_29S2,2021-09-08,S,BEAR,10,-205.0,-205.0,-280.0,-280.0,0.392,31.4,0.9583333333333334,True,1.2307692307692308,True,True
2021-09-10_12L2,2021-09-10,L,BEAR,09,-205.0,-205.0,-180.0,-180.0,0.686,,0.6875,True,0.7619047619047619,False,True
2021-09-10_55L2,2021-09-10,L,BEAR,13,-205.0,-205.0,-92.5,-92.5,0.387,27.4,1.0,True,0.8181818181818182,False,True
2021-09-13_13L2,2021-09-13,L,BEAR,09,-205.0,-205.0,-242.5,-242.5,0.413,,0.9047619047619048,True,0.75,False,True
2021-09-14_13L2,2021-09-14,L,BEAR,09,-205.0,-205.0,-342.5,-342.5,0.464,,1.0,True,1.124031007751938,False,True
2021-09-14_55S2,2021-09-14,S,NEUTRAL,13,395.0,282.5,395.0,282.5,0.294,43.9,0.8181818181818181,True,0.7857142857142857,True,True
2021-09-14_77S2,2021-09-14,S,NEUTRAL,14,-205.0,-205.0,-380.0,-380.0,0.027,35.9,0.84375,True,1.7582417582417582,True,True
2021-09-15_13L2,2021-09-15,L,NEUTRAL,09,-205.0,-205.0,-180.0,-180.0,0.204,,0.0625,False,0.5423728813559322,True,True
2021-09-15_54S2,2021-09-15,S,BULL,14,-205.0,-205.0,-80.0,-80.0,0.257,50.2,0.5,False,0.7339449541284403,False,True
2021-09-16_22S2,2021-09-16,S,BEAR,10,-205.0,-205.0,-192.5,-192.5,0.262,,0.2941176470588235,False,0.7423580786026202,True,True
2021-09-16_61L2,2021-09-16,L,BULL,13,395.0,-5.0,395.0,-5.0,0.67,24.7,0.5625,False,1.0596026490066226,True,True
2021-09-16_81L2,2021-09-16,L,BULL,15,-205.0,7.5,-105.0,7.5,0.469,21.6,0.9,True,0.7246376811594203,False,True
2021-09-17_11L2,2021-09-17,L,BEAR,09,-205.0,-205.0,-255.0,-255.0,0.675,,0.8636363636363636,True,0.842911877394636,False,False
2021-09-17_52S2,2021-09-17,S,NEUTRAL,13,395.0,507.5,395.0,507.5,0.592,26.3,0.6875,True,1.0389610389610389,True,True
2021-09-17_58S2,2021-09-17,S,BEAR,13,-205.0,-205.0,-280.0,-280.0,0.269,28.3,0.9583333333333334,True,1.3636363636363635,True,True
2021-09-20_13L2,2021-09-20,L,NEUTRAL,09,-205.0,-205.0,-505.0,-505.0,0.471,,0.9285714285714286,True,1.1731843575418994,False,True
2021-09-21_13L2,2021-09-21,L,BEAR,09,-205.0,-205.0,-467.5,-467.5,0.28,,0.9487179487179488,True,0.9330143540669856,False,True
2021-09-21_47L2,2021-09-21,L,NEUTRAL,12,-205.0,-205.0,-217.5,-217.5,0.6,20.3,0.9473684210526316,True,0.9223300970873786,False,True
2021-09-21_69L2,2021-09-21,L,NEUTRAL,14,-205.0,-205.0,-205.0,-205.0,0.603,26.7,0.2222222222222222,False,0.7407407407407407,True,True
2021-09-22_17L2,2021-09-22,L,BULL,09,395.0,-205.0,395.0,-192.5,0.2,,0.7647058823529411,False,0.8900523560209423,True,True
2021-09-22_52S2,2021-09-22,S,NEUTRAL,12,395.0,-205.0,395.0,-92.5,0.39,25.3,0.4444444444444444,False,0.75,True,True
2021-09-22_68L2,2021-09-22,L,BEAR,14,395.0,145.0,395.0,145.0,0.369,26.7,0.6,False,0.7853403141361256,False,True
2021-09-23_16L2,2021-09-23,L,BEAR,09,395.0,132.5,395.0,-105.0,0.574,,0.1,False,0.4694835680751174,True,True
2021-09-23_29L2,2021-09-23,L,NEUTRAL,10,395.0,-205.0,395.0,-142.5,0.171,59.1,0.6153846153846154,False,0.7926829268292683,True,True
2021-09-23_65L2,2021-09-23,L,BEAR,13,-205.0,-205.0,-92.5,-92.5,0.758,27.6,0.3333333333333333,False,0.989010989010989,False,True
2021-09-24_13S2,2021-09-24,S,BULL,09,395.0,-205.0,395.0,-305.0,0.032,,0.8461538461538461,True,0.8843537414965987,False,True
2021-09-27_8L2,2021-09-27,L,BULL,09,395.0,-205.0,395.0,-305.0,,,0.6538461538461539,False,0.8921568627450981,True,False
2021-09-27_19L2,2021-09-27,L,BULL,10,-205.0,-205.0,-130.0,-130.0,0.215,,0.0833333333333333,False,0.7843137254901961,True,True
2021-09-27_53L2,2021-09-27,L,NEUTRAL,14,-205.0,-205.0,-167.5,-167.5,0.519,11.5,1.0,True,1.2,True,True
2021-09-27_63L2,2021-09-27,L,NEUTRAL,13,-205.0,-205.0,-117.5,-117.5,0.175,13.8,0.3636363636363636,False,1.0891089108910892,True,True
2021-09-28_16L2,2021-09-28,L,NEUTRAL,09,-205.0,-205.0,-255.0,-255.0,0.449,,0.4545454545454545,False,0.5583756345177665,False,True
2021-09-29_11L2,2021-09-29,L,NEUTRAL,09,-205.0,-205.0,-205.0,-205.0,0.448,,0.8333333333333334,True,0.5202312138728323,True,False
2021-09-29_32S2,2021-09-29,S,BULL,11,395.0,-205.0,395.0,-167.5,0.218,19.9,0.0666666666666666,False,0.7853403141361256,True,True
2021-09-29_40S2,2021-09-29,S,NEUTRAL,11,-205.0,-205.0,-230.0,-230.0,0.389,19.2,0.75,True,0.9569377990430624,True,True
2021-09-29_63L2,2021-09-29,L,NEUTRAL,13,-205.0,-205.0,-142.5,-142.5,0.62,22.1,0.3076923076923077,False,0.6878306878306879,True,True
2021-09-30_20L2,2021-09-30,L,BEAR,10,-205.0,-205.0,-342.5,-342.5,0.482,,0.7931034482758621,True,0.9177215189873418,False,True
2021-10-01_15L2,2021-10-01,L,BEAR,09,-205.0,-205.0,-455.0,-455.0,0.461,,0.0263157894736842,False,0.9793814432989691,False,True
2021-10-01_35L2,2021-10-01,L,BULL,11,395.0,1495.0,395.0,1495.0,0.18,16.1,0.6086956521739131,False,0.9019607843137256,True,True
2021-10-01_77L2,2021-10-01,L,BULL,14,-205.0,-205.0,-405.0,-405.0,0.1,35.2,0.2352941176470588,False,1.6267942583732058,True,True
2021-10-04_38S2,2021-10-04,S,BEAR,11,395.0,-205.0,395.0,-280.0,0.064,45.5,0.0833333333333333,False,0.8856088560885609,True,True
2021-10-04_77S2,2021-10-04,S,BULL,14,-205.0,-205.0,-255.0,-255.0,0.261,13.9,0.9545454545454546,True,0.668693009118541,False,True
2021-10-05_26L2,2021-10-05,L,BULL,10,-205.0,-205.0,-167.5,-167.5,0.108,,0.9333333333333332,True,0.986842105263158,True,True
2021-10-06_16S2,2021-10-06,S,NEUTRAL,09,-205.0,-205.0,-442.5,-442.5,0.241,,0.9189189189189187,True,0.7566462167689162,True,True
2021-10-06_73S2,2021-10-06,S,NEUTRAL,14,-205.0,-205.0,-155.0,-155.0,0.31,29.6,0.0714285714285714,False,0.6113537117903931,False,True
2021-10-11_17L2,2021-10-11,L,BEAR,09,-205.0,-205.0,-80.0,-80.0,0.276,,0.75,False,0.5714285714285714,True,True
2021-10-12_10S2,2021-10-12,S,NEUTRAL,09,-205.0,-205.0,-417.5,-417.5,,,0.1428571428571429,False,0.7934508816120907,True,False
2021-10-12_66S2,2021-10-12,S,NEUTRAL,13,395.0,895.0,395.0,895.0,0.101,13.4,0.0,False,0.8974358974358975,True,True
2021-10-12_75S2,2021-10-12,S,BEAR,14,395.0,570.0,395.0,570.0,0.7,16.0,0.85,True,1.0582010582010584,True,True
2021-10-13_15S2,2021-10-13,S,BULL,09,-205.0,-205.0,-255.0,-255.0,0.077,,0.8636363636363636,True,0.676923076923077,True,True
2021-10-14_38L2,2021-10-14,L,BULL,11,-205.0,370.0,-92.5,-92.5,0.404,56.0,0.5555555555555556,False,0.8910891089108911,True,True
2021-10-14_55S2,2021-10-14,S,BULL,13,-205.0,-167.5,-67.5,-67.5,0.442,47.2,0.8571428571428572,False,0.875,False,True
2021-10-15_19L2,2021-10-15,L,NEUTRAL,10,-205.0,-205.0,-155.0,-155.0,0.036,,0.9285714285714286,True,0.8383233532934132,True,True
2021-10-15_73S2,2021-10-15,S,NEUTRAL,14,-205.0,-205.0,-180.0,-180.0,0.099,16.7,0.3125,False,1.2307692307692308,True,True
2021-10-18_56L2,2021-10-18,L,BULL,13,395.0,270.0,-92.5,-92.5,0.238,36.7,1.0,True,1.4516129032258065,True,True
2021-10-19_7L2,2021-10-19,L,BULL,09,395.0,995.0,395.0,995.0,,,0.15,False,0.8333333333333334,True,False
2021-10-19_15L2,2021-10-19,L,BULL,09,395.0,770.0,395.0,770.0,0.156,,0.4736842105263157,False,1.124260355029586,True,True
2021-10-19_27L2,2021-10-19,L,BULL,10,395.0,532.5,-42.5,-42.5,0.346,,0.4,True,0.4807692307692307,True,True
2021-10-19_42L2,2021-10-19,L,BULL,12,-205.0,-205.0,-42.5,-42.5,0.438,41.9,0.6,False,0.8620689655172414,True,True
2021-10-19_50L2,2021-10-19,L,BULL,12,-205.0,-205.0,-42.5,-42.5,0.111,36.0,1.0,True,0.6756756756756757,True,True
2021-10-20_23L2,2021-10-20,L,BULL,10,-205.0,-205.0,-105.0,-105.0,0.265,,1.0,True,0.7751937984496123,True,True
2021-10-21_8L2,2021-10-21,L,NEUTRAL,09,395.0,-205.0,395.0,-155.0,,,0.7857142857142857,True,0.9423076923076924,True,False
2021-10-21_42L2,2021-10-21,L,BULL,12,395.0,732.5,-67.5,-67.5,0.278,15.7,0.8571428571428571,True,0.8045977011494253,True,True
2021-10-21_62S2,2021-10-21,S,BULL,13,-205.0,-205.0,-30.0,-30.0,0.091,12.1,0.5,False,0.4545454545454545,False,True
2021-10-22_9S2,2021-10-22,S,BEAR,09,-205.0,-205.0,-205.0,-205.0,,,0.2777777777777778,False,0.8,True,False
2021-10-22_33S2,2021-10-22,S,BEAR,11,-205.0,-205.0,-130.0,-130.0,0.03,30.5,0.5,False,0.4724409448818898,True,True
2021-10-22_49S2,2021-10-22,S,BULL,12,-205.0,-205.0,-92.5,-92.5,0.013,15.2,1.0,True,0.5882352941176471,False,True
2021-10-22_63S2,2021-10-22,S,BULL,13,395.0,332.5,395.0,332.5,0.293,14.5,0.95,True,1.4184397163120568,False,True
2021-10-25_13L2,2021-10-25,L,NEUTRAL,09,395.0,807.5,395.0,807.5,0.483,,1.0,True,1.3541666666666667,True,True
2021-10-25_27L2,2021-10-25,L,BULL,10,395.0,482.5,395.0,482.5,0.333,,0.4444444444444444,False,0.8737864077669902,True,True
2021-10-25_68L2,2021-10-25,L,NEUTRAL,14,-205.0,-205.0,-55.0,-55.0,0.026,13.8,0.6666666666666666,False,0.6818181818181818,True,True
2021-10-26_17L2,2021-10-26,L,BEAR,09,-205.0,-205.0,-217.5,-217.5,0.397,,0.7894736842105263,True,1.2837837837837838,True,True
2021-10-26_76L2,2021-10-26,L,NEUTRAL,14,-205.0,-205.0,-192.5,-192.5,0.018,14.7,0.9411764705882352,True,1.2142857142857142,True,True
2021-10-27_18S2,2021-10-27,S,BEAR,10,-205.0,-205.0,-217.5,-217.5,0.312,,0.1578947368421053,False,0.9359605911330048,True,True
2021-10-27_30L2,2021-10-27,L,BEAR,10,395.0,-205.0,-80.0,-80.0,0.234,7.7,0.375,True,0.5970149253731343,False,True
2021-10-27_42L2,2021-10-27,L,NEUTRAL,11,395.0,-205.0,395.0,-80.0,0.102,6.4,0.375,False,0.7272727272727273,True,True
2021-10-27_54L2,2021-10-27,L,BULL,13,-205.0,-205.0,-92.5,-92.5,0.333,14.2,0.8888888888888888,True,0.9375,True,True
2021-10-27_76S2,2021-10-27,S,BEAR,14,395.0,395.0,395.0,395.0,0.481,38.3,0.5882352941176471,True,0.8947368421052632,True,True
2021-10-28_26L2,2021-10-28,L,BULL,10,-205.0,-205.0,-80.0,-80.0,0.125,,0.875,True,0.6666666666666666,True,True
2021-10-29_12S2,2021-10-29,S,BEAR,09,-205.0,-205.0,-217.5,-217.5,0.065,,0.9473684210526316,True,0.95,True,True
2021-10-29_32L2,2021-10-29,L,BULL,13,-205.0,-205.0,-130.0,-130.0,0.235,52.2,0.9166666666666666,True,1.0256410256410258,True,True
2021-10-29_43L2,2021-10-29,L,BULL,12,-205.0,-205.0,-80.0,-80.0,0.228,54.1,0.375,False,0.8,True,True
2021-10-29_69S2,2021-10-29,S,NEUTRAL,14,-205.0,-205.0,-142.5,-142.5,0.048,25.8,0.4615384615384615,False,1.1304347826086956,True,True
2021-11-01_13S2,2021-11-01,S,NEUTRAL,09,-205.0,-205.0,-180.0,-180.0,0.275,,0.4375,False,0.6274509803921569,True,True
2021-11-01_71S2,2021-11-01,S,BULL,14,-205.0,-205.0,-42.5,-42.5,0.311,19.2,1.0,True,0.5376344086021505,False,True
2021-11-02_14S2,2021-11-02,S,NEUTRAL,09,-205.0,-205.0,-92.5,-92.5,0.354,,0.2222222222222222,False,0.6,False,True
2021-11-03_9L2,2021-11-03,L,NEUTRAL,09,395.0,1795.0,395.0,1795.0,,,0.6923076923076923,True,0.8062015503875969,False,False
2021-11-03_62L2,2021-11-03,L,NEUTRAL,13,395.0,1082.5,395.0,1082.5,0.44,25.9,0.7142857142857143,True,0.8641975308641975,True,True
2021-11-04_15L2,2021-11-04,L,BULL,09,-205.0,-205.0,-80.0,-80.0,0.417,,0.75,False,0.6106870229007634,True,True
2021-11-04_29S2,2021-11-04,S,BEAR,10,-205.0,-205.0,-180.0,-180.0,0.241,22.7,1.0,True,1.0126582278481011,True,True
2021-11-05_11S2,2021-11-05,S,BULL,09,395.0,1157.5,395.0,1157.5,0.172,,0.6923076923076923,True,0.6842105263157895,False,False
2021-11-05_59S2,2021-11-05,S,BEAR,13,-205.0,-205.0,-80.0,-80.0,0.143,37.7,0.25,False,0.4188481675392669,False,True
2021-11-08_19L2,2021-11-08,L,NEUTRAL,10,-205.0,-205.0,-105.0,-105.0,0.075,,0.1,False,0.5882352941176471,False,True
2021-11-09_17S2,2021-11-09,S,BULL,09,395.0,257.5,395.0,257.5,0.348,,0.875,True,0.5369127516778524,True,True
2021-11-09_39S2,2021-11-09,S,BEAR,11,-205.0,-205.0,-217.5,-217.5,0.035,42.3,0.4736842105263158,True,0.9947643979057592,True,True
2021-11-10_12S2,2021-11-10,S,NEUTRAL,09,395.0,1595.0,395.0,1595.0,0.579,,0.9523809523809524,True,1.0047846889952154,False,True
2021-11-10_59S2,2021-11-10,S,BEAR,14,-205.0,-205.0,-255.0,-255.0,0.729,39.5,0.8181818181818181,False,1.0476190476190477,True,True
2021-11-10_75L2,2021-11-10,L,NEUTRAL,14,-205.0,-205.0,-205.0,-205.0,0.019,35.4,0.3888888888888889,False,0.8333333333333333,True,True
2021-11-11_14L2,2021-11-11,L,BEAR,10,395.0,-205.0,395.0,-180.0,0.155,,0.5625,False,0.9580838323353292,False,True
2021-11-11_43S2,2021-11-11,S,NEUTRAL,12,-205.0,207.5,-67.5,-67.5,0.024,18.3,0.8571428571428572,True,0.6796116504854368,True,True
2021-11-11_70L2,2021-11-11,L,NEUTRAL,14,-205.0,-42.5,-155.0,-155.0,0.208,16.7,0.3571428571428571,False,1.4432989690721651,False,True
2021-11-12_7S2,2021-11-12,S,BULL,09,-205.0,-205.0,-192.5,-192.5,,,1.0,True,0.962264150943396,True,False
2021-11-15_9S2,2021-11-15,S,NEUTRAL,09,395.0,95.0,395.0,95.0,,,1.0,True,0.6037735849056604,True,False
2021-11-15_15S2,2021-11-15,S,BEAR,09,395.0,-5.0,-130.0,-130.0,0.323,,0.8333333333333334,True,0.7692307692307693,True,True
2021-11-15_43S2,2021-11-15,S,NEUTRAL,12,-205.0,-205.0,-55.0,-55.0,0.37,40.8,0.1666666666666666,False,0.4838709677419354,True,True
2021-11-16_10L2,2021-11-16,L,NEUTRAL,09,-205.0,-205.0,-92.5,-92.5,,,0.8888888888888888,True,0.4475138121546961,True,False
2021-11-16_17L2,2021-11-16,L,NEUTRAL,09,395.0,482.5,395.0,482.5,0.375,,0.6666666666666666,False,0.7453416149068323,True,True
2021-11-16_31L2,2021-11-16,L,BULL,11,395.0,-205.0,-42.5,-42.5,0.333,52.2,0.4,False,0.4716981132075472,True,True
2021-11-16_44L2,2021-11-16,L,BULL,12,-205.0,-205.0,-142.5,-142.5,0.319,49.0,0.9230769230769232,True,1.4130434782608696,True,True
2021-11-17_13S2,2021-11-17,S,BEAR,09,-205.0,-205.0,-117.5,-117.5,0.061,,0.8181818181818181,False,0.7006369426751593,True,True
2021-11-22_15S2,2021-11-22,S,BULL,09,395.0,2720.0,395.0,2720.0,0.397,,0.75,True,0.5555555555555556,False,True
2021-11-22_35S2,2021-11-22,S,NEUTRAL,11,-205.0,-205.0,-367.5,-367.5,0.84,37.1,0.6774193548387097,False,1.1111111111111112,True,True
2021-11-29_10S2,2021-11-29,S,NEUTRAL,09,-205.0,-205.0,395.0,-267.5,,,0.9130434782608696,True,0.7723880597014925,True,False
2021-11-29_23L2,2021-11-29,L,BULL,10,395.0,807.5,395.0,807.5,0.302,,0.0625,False,0.6083650190114068,True,True
2021-11-29_43L2,2021-11-29,L,BULL,12,-205.0,-205.0,-117.5,-117.5,0.521,40.6,0.7272727272727273,True,0.7692307692307692,True,True
2021-11-29_58S2,2021-11-29,S,NEUTRAL,13,395.0,620.0,-67.5,-67.5,0.054,31.8,0.2857142857142857,False,0.5691056910569106,False,True
2021-11-29_66S2,2021-11-29,S,BEAR,13,-205.0,-205.0,-242.5,-242.5,0.304,22.1,0.8095238095238095,True,1.590909090909091,True,True
2021-11-30_26S2,2021-11-30,S,BEAR,10,-205.0,-205.0,395.0,-592.5,0.42,,0.9591836734693876,True,0.9227871939736346,True,True
2021-11-30_40L2,2021-11-30,L,NEUTRAL,11,-205.0,-205.0,-417.5,-417.5,0.014,34.4,0.8285714285714286,True,0.9887005649717514,True,True
2021-12-06_7L2,2021-12-06,L,BULL,09,-205.0,-205.0,-717.5,-717.5,,,0.9152542372881356,True,0.96986301369863,True,False
2021-12-06_24L2,2021-12-06,L,NEUTRAL,10,-205.0,-205.0,-255.0,-255.0,0.064,,0.6818181818181818,False,0.6145251396648045,True,True
2021-12-06_54L2,2021-12-06,L,BULL,12,-205.0,-205.0,-130.0,-130.0,0.371,33.6,0.75,False,0.6818181818181818,True,True
2021-12-06_60L2,2021-12-06,L,BULL,13,-205.0,-205.0,-142.5,-142.5,0.019,34.2,0.5384615384615384,True,0.7878787878787878,True,True
2021-12-06_75L2,2021-12-06,L,BEAR,14,-205.0,-205.0,-217.5,-217.5,0.099,23.8,0.7894736842105263,False,0.8715596330275229,False,True
2021-12-07_26L2,2021-12-07,L,BULL,10,-205.0,-205.0,-205.0,-205.0,0.104,,0.7222222222222222,True,1.1464968152866242,True,True
2021-12-13_10L2,2021-12-13,L,NEUTRAL,09,-205.0,-205.0,-417.5,-417.5,,,0.8,True,1.153846153846154,True,False
2021-12-13_18S2,2021-12-13,S,BULL,09,395.0,-205.0,395.0,-305.0,0.312,,0.7692307692307692,True,0.931899641577061,True,True
2021-12-13_48S2,2021-12-13,S,BEAR,12,-205.0,-205.0,-155.0,-155.0,0.451,18.7,0.4285714285714286,True,0.979020979020979,True,True
2021-12-13_65L2,2021-12-13,L,NEUTRAL,14,-205.0,-205.0,-92.5,-92.5,0.241,14.2,0.1111111111111111,False,0.7438016528925621,True,True
2021-12-13_72L2,2021-12-13,L,BULL,14,-205.0,-205.0,-167.5,-167.5,0.085,16.4,0.8666666666666667,True,1.0344827586206895,True,True
2021-12-14_11S2,2021-12-14,S,BEAR,09,-205.0,-205.0,-192.5,-192.5,0.064,,0.5294117647058824,True,0.4696132596685082,True,False
2021-12-14_25S2,2021-12-14,S,BEAR,10,395.0,-205.0,395.0,-292.5,0.459,,0.16,False,0.8561643835616438,True,True
2021-12-14_38S2,2021-12-14,S,BEAR,11,-205.0,-205.0,-230.0,-230.0,0.284,20.5,0.3,True,0.8771929824561403,True,True
2021-12-14_61S2,2021-12-14,S,BULL,13,-205.0,-205.0,-217.5,-217.5,0.617,18.6,0.8947368421052632,True,0.9693877551020408,False,True
2021-12-15_11L2,2021-12-15,L,NEUTRAL,09,395.0,-205.0,395.0,-230.0,0.463,,0.1,False,0.7547169811320755,False,False
2021-12-15_34S2,2021-12-15,S,BEAR,11,-205.0,-205.0,-92.5,-92.5,0.253,30.4,0.7777777777777778,True,0.5084745762711864,True,True
2021-12-15_49L2,2021-12-15,L,BULL,12,-205.0,-205.0,-130.0,-130.0,0.342,18.4,0.5833333333333334,True,0.8759124087591241,True,True
2021-12-15_65S2,2021-12-15,S,NEUTRAL,13,-205.0,-205.0,-505.0,-505.0,0.256,13.3,0.5476190476190477,False,0.7407407407407407,False,True
2021-12-16_18S2,2021-12-16,S,BEAR,09,395.0,2257.5,395.0,2257.5,0.478,,0.7391304347826086,True,0.7744107744107744,True,True
2021-12-16_28S2,2021-12-16,S,BEAR,10,-205.0,-205.0,-205.0,-205.0,0.463,,0.3333333333333333,False,0.6428571428571429,True,True
2021-12-16_70L2,2021-12-16,L,NEUTRAL,14,395.0,707.5,395.0,707.5,0.122,28.8,0.7241379310344828,True,0.7733333333333333,False,True
2021-12-17_11L2,2021-12-17,L,BEAR,09,-205.0,-205.0,395.0,1007.5,0.502,,0.8571428571428571,True,0.5668016194331984,False,False
2021-12-17_33L2,2021-12-17,L,BEAR,11,395.0,-205.0,395.0,-505.0,0.403,18.8,0.4285714285714285,False,1.044776119402985,False,True
2021-12-20_12S2,2021-12-20,S,NEUTRAL,09,-205.0,-205.0,395.0,-605.0,0.377,,0.92,True,1.0460251046025104,True,True
2021-12-20_17S2,2021-12-20,S,BEAR,09,395.0,-205.0,395.0,-505.0,0.34,,0.9285714285714286,True,1.0852713178294573,True,True
2021-12-20_29L2,2021-12-20,L,NEUTRAL,11,395.0,2207.5,395.0,2207.5,0.333,14.0,0.8095238095238095,False,0.7692307692307692,False,True
2021-12-20_42S2,2021-12-20,S,BULL,12,-205.0,-205.0,-330.0,-330.0,0.19,10.7,0.3571428571428571,False,1.1067193675889329,True,True
2021-12-20_49S2,2021-12-20,S,BULL,12,-205.0,-205.0,-142.5,-142.5,0.028,10.1,0.3846153846153846,False,0.6372549019607844,True,True
2021-12-20_54L2,2021-12-20,L,NEUTRAL,12,-205.0,-205.0,-342.5,-342.5,0.393,16.4,0.9310344827586208,True,1.150793650793651,True,True
2021-12-20_65L2,2021-12-20,L,NEUTRAL,14,395.0,1370.0,395.0,1370.0,0.138,23.1,0.8,True,0.7246376811594203,True,True
2021-12-20_79S2,2021-12-20,S,BULL,15,-205.0,-205.0,-380.0,-380.0,0.401,34.4,0.5625,False,0.9937888198757764,False,True
2021-12-21_11S2,2021-12-21,S,BULL,09,395.0,-205.0,395.0,-305.0,0.224,,0.0384615384615384,False,0.8306709265175719,True,False
2021-12-21_19S2,2021-12-21,S,BULL,10,-205.0,-205.0,-167.5,-167.5,0.056,,0.3333333333333333,False,0.5208333333333334,True,True
2021-12-21_32L2,2021-12-21,L,BULL,11,395.0,1432.5,395.0,1432.5,0.541,22.1,0.1764705882352941,True,0.7522123893805309,True,True
2021-12-21_73L2,2021-12-21,L,BEAR,14,-205.0,-205.0,-105.0,-105.0,0.266,29.5,0.3,True,0.6666666666666666,True,True
2021-12-22_20S2,2021-12-22,S,BULL,10,-205.0,-205.0,-92.5,-92.5,0.747,,0.5555555555555556,True,0.4128440366972477,False,True
2021-12-22_74L2,2021-12-22,L,NEUTRAL,14,395.0,720.0,395.0,720.0,0.5,16.8,0.4166666666666667,False,1.0,True,True
2021-12-23_12S2,2021-12-23,S,BULL,09,-205.0,-205.0,-142.5,-142.5,0.111,,0.0769230769230768,False,0.5963302752293578,False,True
2021-12-27_26L2,2021-12-27,L,BULL,10,395.0,1032.5,395.0,1032.5,0.217,,0.2,False,0.7299270072992701,True,True
2021-12-27_53L2,2021-12-27,L,BULL,13,395.0,570.0,-55.0,-55.0,0.727,50.9,0.8333333333333334,True,0.8823529411764706,True,True
2021-12-28_17L2,2021-12-28,L,NEUTRAL,09,-205.0,-205.0,-205.0,-205.0,0.25,,0.6666666666666666,True,0.6976744186046512,True,True
2021-12-29_17S2,2021-12-29,S,BEAR,09,395.0,-205.0,395.0,-117.5,0.008,,0.4545454545454546,False,0.4845814977973568,True,True
2021-12-30_11S2,2021-12-30,S,BULL,09,395.0,1132.5,-142.5,-142.5,0.102,,0.1538461538461538,False,0.6103286384976525,False,False
2021-12-31_6S2,2021-12-31,S,NEUTRAL,08,395.0,-205.0,395.0,-267.5,,,0.0,False,0.7615894039735099,True,False
2021-12-31_13S2,2021-12-31,S,BEAR,09,-205.0,-205.0,-205.0,-205.0,0.162,,0.1666666666666666,False,0.6405693950177935,True,True
2022-01-03_13S2,2022-01-03,S,BULL,09,395.0,-205.0,395.0,-330.0,0.227,,0.0,False,0.6682577565632458,True,True
2022-01-04_10S2,2022-01-04,S,BEAR,09,-205.0,-205.0,-255.0,-255.0,,,0.6818181818181819,True,1.03125,True,False
2022-01-04_25L2,2022-01-04,L,BEAR,10,395.0,-205.0,395.0,-230.0,0.333,,1.0,True,0.8403361344537815,False,True
2022-01-04_49S2,2022-01-04,S,BEAR,13,-205.0,-205.0,-180.0,-180.0,0.627,33.8,0.875,True,1.081081081081081,True,True
2022-01-04_60S2,2022-01-04,S,BEAR,13,-205.0,-205.0,-130.0,-130.0,0.053,34.4,1.0,True,0.7407407407407408,True,True
2022-01-05_11L2,2022-01-05,L,NEUTRAL,09,395.0,-205.0,395.0,-130.0,0.477,,0.4166666666666667,True,0.4240282685512367,True,False
2022-01-05_22L2,2022-01-05,L,NEUTRAL,10,-205.0,-205.0,-205.0,-205.0,0.457,,1.0,True,1.0112359550561798,False,True
2022-01-05_52S2,2022-01-05,S,BEAR,13,-205.0,-205.0,-117.5,-117.5,0.265,23.0,0.9090909090909092,True,0.8333333333333334,True,True
2022-01-05_72S2,2022-01-05,S,BEAR,14,-205.0,-205.0,-342.5,-342.5,0.522,45.5,0.5517241379310345,True,0.9034267912772586,True,True
2022-01-06_19S2,2022-01-06,S,BULL,10,-205.0,-205.0,-517.5,-517.5,0.392,,0.9302325581395348,True,0.9728506787330315,False,True
2022-01-10_17L2,2022-01-10,L,BEAR,09,-205.0,-205.0,395.0,3932.5,0.153,,0.2558139534883721,False,1.122715404699739,False,True
2022-01-10_61L2,2022-01-10,L,BULL,13,-205.0,-205.0,-242.5,-242.5,0.689,46.8,0.7142857142857143,True,0.7,True,True
2022-01-10_72L2,2022-01-10,L,NEUTRAL,14,395.0,1432.5,395.0,1432.5,0.145,32.7,0.9166666666666666,True,0.6741573033707865,True,True
2022-01-11_11L2,2022-01-11,L,NEUTRAL,09,-205.0,-205.0,-480.0,-480.0,0.014,,0.825,True,0.8492569002123141,True,False
2022-01-11_34S2,2022-01-11,S,NEUTRAL,11,395.0,-205.0,395.0,-155.0,0.382,36.3,0.0714285714285714,False,0.6113537117903931,False,True
2022-01-12_20S2,2022-01-12,S,NEUTRAL,10,-205.0,-205.0,-392.5,-392.5,0.834,,0.9090909090909092,True,1.0248447204968942,True,True
2022-01-12_32S2,2022-01-12,S,NEUTRAL,11,-205.0,-205.0,-192.5,-192.5,0.34,29.6,0.4117647058823529,False,0.6563706563706564,True,True
2022-01-12_48L2,2022-01-12,L,NEUTRAL,12,-205.0,-205.0,-117.5,-117.5,0.133,15.8,0.5454545454545454,False,0.6626506024096385,False,True
2022-01-12_53S2,2022-01-12,S,NEUTRAL,13,-205.0,-205.0,-180.0,-180.0,0.701,14.0,0.8125,True,0.9090909090909092,True,True
2022-01-12_69L2,2022-01-12,L,BEAR,14,395.0,470.0,395.0,470.0,0.1,15.9,0.1764705882352941,False,0.85,False,True
2022-01-13_13L2,2022-01-13,L,NEUTRAL,09,-205.0,-205.0,-280.0,-280.0,0.642,,0.9166666666666666,True,0.9836065573770492,False,True
2022-01-13_54L2,2022-01-13,L,NEUTRAL,12,395.0,-205.0,395.0,-155.0,0.253,35.1,0.8571428571428571,True,0.603448275862069,False,True
2022-01-14_9S2,2022-01-14,S,BULL,09,-205.0,-205.0,-430.0,-430.0,,,0.3611111111111111,False,0.6889952153110048,False,False
2022-01-14_61L2,2022-01-14,L,NEUTRAL,13,-205.0,-205.0,395.0,1332.5,0.363,19.1,0.0434782608695652,False,1.602787456445993,True,True
2022-01-14_67L2,2022-01-14,L,NEUTRAL,14,395.0,1207.5,395.0,1207.5,0.214,16.4,0.0,False,0.847457627118644,True,True
2022-01-18_8L2,2022-01-18,L,BEAR,09,395.0,-205.0,395.0,-392.5,,,0.5151515151515151,False,0.6834319526627219,False,False
2022-01-18_74S2,2022-01-18,S,NEUTRAL,14,395.0,70.0,395.0,70.0,0.496,21.3,0.84,True,0.9057971014492752,True,True
2022-01-19_17L2,2022-01-19,L,NEUTRAL,09,-205.0,-205.0,-330.0,-330.0,0.614,,0.1785714285714285,False,0.8333333333333333,False,True
2022-01-19_71S2,2022-01-19,S,BULL,14,-205.0,-205.0,395.0,1720.0,0.145,22.1,0.7297297297297297,True,1.2542372881355932,True,True
2022-01-20_32S2,2022-01-20,S,BEAR,11,395.0,5745.0,395.0,5745.0,0.241,42.3,0.7222222222222222,False,0.782608695652174,False,True
2022-01-20_40S2,2022-01-20,S,BEAR,11,395.0,5757.5,395.0,5757.5,0.059,26.5,0.4285714285714286,False,0.7608695652173914,False,True
2022-01-20_52S2,2022-01-20,S,BEAR,12,-205.0,-205.0,-167.5,-167.5,0.406,29.3,0.8666666666666667,True,0.6849315068493151,True,True
2022-01-20_65L2,2022-01-20,L,NEUTRAL,13,-205.0,-205.0,-380.0,-380.0,0.842,41.0,0.75,True,0.9876543209876544,False,True
2022-01-21_54S2,2022-01-21,S,BEAR,12,395.0,-205.0,395.0,2432.5,0.094,11.6,0.6,False,1.0,True,True
2022-01-24_19S2,2022-01-24,S,BEAR,10,395.0,-205.0,395.0,-917.5,0.017,,0.8,True,0.8949880668257757,True,True
2022-01-24_52L2,2022-01-24,L,BULL,13,-205.0,-205.0,395.0,-730.0,0.378,25.1,0.2833333333333333,False,0.8438818565400844,True,True
2022-01-24_61L2,2022-01-24,L,BULL,13,395.0,-205.0,395.0,-605.0,0.106,22.2,0.54,True,0.7052186177715091,True,True
2022-01-25_32L2,2022-01-25,L,NEUTRAL,11,395.0,-205.0,395.0,1045.0,0.041,14.2,0.9666666666666668,True,0.9983361064891848,False,True
2022-01-26_17L2,2022-01-26,L,BEAR,09,-205.0,-205.0,395.0,-417.5,0.752,,0.6857142857142857,True,0.6445672191528545,False,True
2022-01-26_47S2,2022-01-26,S,BEAR,12,-205.0,-205.0,-330.0,-330.0,0.211,17.7,0.75,True,1.0408921933085502,True,True
2022-01-26_80S2,2022-01-26,S,BULL,15,-205.0,-205.0,-480.0,232.5,0.272,27.2,0.4,True,0.4395604395604395,True,True
2022-01-27_22S2,2022-01-27,S,NEUTRAL,10,395.0,-205.0,395.0,3545.0,0.119,,0.2115384615384615,False,0.8360128617363344,True,True
2022-01-27_63L2,2022-01-27,L,BEAR,13,-205.0,-205.0,395.0,-605.0,0.191,25.1,0.9,True,0.8802816901408451,False,True
2022-01-28_15S2,2022-01-28,S,NEUTRAL,09,-205.0,-205.0,-930.0,-930.0,0.069,,0.4210526315789473,False,1.2317666126418152,True,True
2022-01-28_73S2,2022-01-28,S,BULL,14,-205.0,-205.0,-480.0,-480.0,0.647,18.1,0.6,True,0.89086859688196,False,True
2022-01-31_15S2,2022-01-31,S,BULL,09,-205.0,-205.0,-380.0,-380.0,0.379,,0.9375,True,0.7766990291262136,False,True
2022-02-01_16S2,2022-02-01,S,BEAR,09,-205.0,-205.0,-780.0,-780.0,0.187,,0.78125,True,1.1367673179396094,True,True
2022-02-01_26L2,2022-02-01,L,NEUTRAL,10,-205.0,-205.0,395.0,1682.5,0.32,,0.981132075471698,True,1.4887640449438202,True,True
2022-02-01_36S2,2022-02-01,S,NEUTRAL,11,395.0,-205.0,395.0,-292.5,0.071,9.5,0.3199999999999999,True,0.9765625,True,True
2022-02-01_44S2,2022-02-01,S,BULL,12,-205.0,-205.0,-342.5,-342.5,0.194,13.0,0.896551724137931,True,1.0507246376811594,True,True
2022-02-01_64L2,2022-02-01,L,NEUTRAL,13,-205.0,-205.0,-205.0,-205.0,0.085,14.1,0.8888888888888888,True,0.8256880733944953,True,True
2022-02-02_9S2,2022-02-02,S,NEUTRAL,09,-205.0,-205.0,395.0,-342.5,,,0.3793103448275862,False,0.6685878962536023,True,False
2022-02-02_23L2,2022-02-02,L,BEAR,10,-205.0,-205.0,395.0,107.5,0.019,,0.7222222222222222,True,0.8571428571428571,False,True
2022-02-02_49L2,2022-02-02,L,BULL,12,395.0,-205.0,395.0,-355.0,0.098,15.1,0.6,False,1.357466063348416,True,True
2022-02-02_70L2,2022-02-02,L,BULL,14,395.0,-205.0,395.0,-217.5,0.438,12.4,0.5263157894736842,False,0.6785714285714286,True,True
2022-02-02_76L2,2022-02-02,L,BULL,14,-205.0,-205.0,-205.0,-205.0,0.27,10.7,0.8888888888888888,True,0.6405693950177935,True,True
2022-02-03_16S2,2022-02-03,S,NEUTRAL,09,395.0,-205.0,395.0,-305.0,0.333,,0.7307692307692308,False,0.6860158311345647,False,True
2022-02-03_39S2,2022-02-03,S,NEUTRAL,11,395.0,-205.0,395.0,-305.0,0.206,21.9,0.3846153846153846,False,0.7761194029850746,True,True
2022-02-03_59S2,2022-02-03,S,NEUTRAL,13,395.0,245.0,395.0,245.0,0.189,12.1,0.5,False,0.6572769953051643,True,True
2022-02-03_78L2,2022-02-03,L,BEAR,14,-205.0,-205.0,395.0,1420.0,0.215,27.9,0.2857142857142857,False,1.390728476821192,False,True
2022-02-04_9L2,2022-02-04,L,NEUTRAL,09,395.0,-205.0,395.0,-455.0,,,0.1052631578947368,False,0.7069767441860465,True,False
2022-02-04_21S2,2022-02-04,S,NEUTRAL,10,-205.0,-205.0,-342.5,-342.5,0.589,,0.8275862068965517,True,0.6502242152466368,True,True
2022-02-04_36L2,2022-02-04,L,NEUTRAL,11,-205.0,-205.0,-217.5,-217.5,0.529,19.8,0.5263157894736842,False,0.6397306397306397,True,True
2022-02-04_55L2,2022-02-04,L,BULL,13,-205.0,-205.0,-230.0,-230.0,0.113,41.5,0.75,False,0.7434944237918216,True,True
2022-02-04_73L2,2022-02-04,L,BULL,14,-205.0,-205.0,-380.0,-380.0,0.488,43.6,0.3125,False,1.1552346570397112,True,True
2022-02-07_11L2,2022-02-07,L,NEUTRAL,10,-205.0,-205.0,-230.0,-230.0,0.21,,0.2,True,0.4395604395604395,True,False
2022-02-07_19L2,2022-02-07,L,NEUTRAL,10,-205.0,-205.0,-242.5,-242.5,0.166,,0.7142857142857143,True,0.5753424657534246,True,True
2022-02-07_36S2,2022-02-07,S,BEAR,11,395.0,-205.0,395.0,-255.0,0.11,15.3,0.2727272727272727,False,0.7885304659498208,True,True
2022-02-07_60L2,2022-02-07,L,BULL,13,395.0,-205.0,395.0,-242.5,0.254,20.7,0.3333333333333333,False,1.024390243902439,True,True
2022-02-07_68L2,2022-02-07,L,BULL,14,-205.0,-205.0,-392.5,-392.5,0.391,26.6,0.9696969696969696,True,1.3865546218487397,True,True
2022-02-08_14S2,2022-02-08,S,NEUTRAL,09,-205.0,-205.0,-267.5,-267.5,0.023,,0.7391304347826086,True,0.6948640483383686,True,True
2022-02-09_15S2,2022-02-09,S,NEUTRAL,09,-205.0,-205.0,-167.5,-167.5,0.125,,0.8666666666666667,True,0.5033557046979865,False,True
2022-02-09_50S2,2022-02-09,S,BULL,12,-205.0,-205.0,-117.5,-117.5,0.079,6.9,0.4545454545454546,False,0.859375,False,True
2022-02-09_75S2,2022-02-09,S,BULL,14,-205.0,-205.0,-217.5,-217.5,0.076,20.4,0.7894736842105263,True,0.8755760368663594,False,True
2022-02-10_20L2,2022-02-10,L,NEUTRAL,10,-205.0,-205.0,-592.5,-592.5,0.062,,0.7551020408163265,True,1.2373737373737372,True,True
2022-02-10_56S2,2022-02-10,S,BEAR,13,395.0,-205.0,395.0,1157.5,0.202,35.3,0.9791666666666666,True,1.170731707317073,True,True
2022-02-10_71S2,2022-02-10,S,BEAR,14,-205.0,-205.0,395.0,582.5,0.228,30.6,0.8200000000000001,True,1.3020833333333337,True,True
2022-02-11_11L2,2022-02-11,L,BEAR,09,395.0,-205.0,395.0,-505.0,0.056,,0.7857142857142857,True,0.8108108108108109,False,False
2022-02-14_11L2,2022-02-14,L,BEAR,09,-205.0,-205.0,-930.0,-930.0,0.122,,0.5263157894736842,False,1.2816188870151772,False,False
2022-02-14_59L2,2022-02-14,L,NEUTRAL,13,-205.0,-205.0,-342.5,-342.5,0.761,35.1,0.6206896551724138,False,0.675990675990676,False,True
2022-02-14_80L2,2022-02-14,L,NEUTRAL,15,-205.0,-42.5,-242.5,-42.5,0.275,21.1,0.8095238095238095,True,0.430327868852459,True,True
2022-02-15_11S2,2022-02-15,S,NEUTRAL,09,-205.0,-205.0,-292.5,-292.5,0.333,,0.56,False,0.6702412868632708,True,False
2022-02-15_58L2,2022-02-15,L,NEUTRAL,13,395.0,-205.0,-155.0,-155.0,0.046,16.6,0.7857142857142857,True,0.9210526315789476,True,True
2022-02-16_10S2,2022-02-16,S,BEAR,09,-205.0,-205.0,-317.5,-317.5,,,0.6666666666666667,True,0.8617021276595745,True,False
2022-02-16_18S2,2022-02-16,S,NEUTRAL,09,-205.0,-205.0,-230.0,-230.0,0.0,,0.4499999999999999,False,0.881057268722467,True,True
2022-02-16_24L2,2022-02-16,L,NEUTRAL,10,-205.0,-205.0,-255.0,-255.0,0.145,,0.9545454545454546,True,0.990990990990991,False,True
2022-02-16_48S2,2022-02-16,S,BULL,12,-205.0,-205.0,-192.5,-192.5,0.333,22.2,0.5294117647058824,False,1.069182389937107,True,True
2022-02-16_72L2,2022-02-16,L,BULL,14,-205.0,-205.0,-330.0,-330.0,0.293,39.1,0.4642857142857143,False,0.9003215434083601,True,True
2022-02-17_17S2,2022-02-17,S,BEAR,09,-205.0,-205.0,-592.5,-592.5,0.177,,0.6938775510204082,True,1.6013071895424835,True,True
2022-02-17_34L2,2022-02-17,L,BEAR,11,-205.0,-205.0,-230.0,-230.0,0.102,16.0,0.85,True,0.8333333333333334,False,True
2022-02-17_44S2,2022-02-17,S,BEAR,12,395.0,1932.5,395.0,1932.5,0.2,13.0,0.9375,True,1.0,True,True
2022-02-18_16L2,2022-02-18,L,BEAR,09,-205.0,-205.0,-342.5,-342.5,0.888,,1.0,True,0.838150289017341,False,True
2022-02-22_10L2,2022-02-22,L,NEUTRAL,09,-205.0,-205.0,395.0,-730.0,,,0.9,True,0.9712230215827338,True,False
2022-02-22_36S2,2022-02-22,S,BEAR,11,-205.0,-205.0,395.0,-305.0,0.235,10.1,0.9230769230769232,True,0.7492795389048991,True,True
2022-02-22_50S2,2022-02-22,S,BEAR,12,395.0,-205.0,395.0,-367.5,0.328,29.3,0.3548387096774194,False,1.0616438356164384,True,True
2022-02-22_63S2,2022-02-22,S,NEUTRAL,13,-205.0,-205.0,-505.0,-505.0,0.2,38.8,0.7619047619047619,False,0.9271523178807948,True,True
2022-02-22_74L2,2022-02-22,L,BEAR,14,-205.0,-205.0,-492.5,-492.5,0.266,30.1,0.7073170731707317,False,0.6890756302521008,True,True
2022-02-23_28S2,2022-02-23,S,BEAR,10,-205.0,-205.0,-417.5,-417.5,0.0,,0.8857142857142857,True,0.9831460674157304,True,True
2022-02-23_57L2,2022-02-23,L,BEAR,13,-205.0,-205.0,-455.0,-455.0,0.092,38.0,0.6052631578947368,True,0.926829268292683,False,True
2022-02-24_20L2,2022-02-24,L,BULL,10,-205.0,-205.0,395.0,-842.5,0.127,,0.1884057971014492,False,0.9857142857142858,True,True
2022-02-24_40S2,2022-02-24,S,BULL,11,-205.0,-205.0,395.0,-317.5,0.226,21.9,0.7037037037037037,False,0.5660377358490566,False,True
2022-02-24_57L2,2022-02-24,L,BULL,13,395.0,3395.0,395.0,3395.0,0.246,17.6,0.16,False,1.1503067484662577,True,True
2022-02-24_76S2,2022-02-24,S,NEUTRAL,14,-205.0,-205.0,-492.5,-492.5,0.431,42.1,0.926829268292683,True,0.8686440677966101,False,True
2022-02-25_14S2,2022-02-25,S,NEUTRAL,09,-205.0,-205.0,-405.0,-405.0,0.085,,0.6470588235294117,True,0.5752961082910322,False,True
2022-02-25_59L2,2022-02-25,L,NEUTRAL,13,-205.0,-205.0,-142.5,-142.5,0.104,13.6,0.3846153846153846,True,0.4100946372239747,True,True
2022-02-25_69S2,2022-02-25,S,NEUTRAL,14,-205.0,-205.0,-317.5,-317.5,0.31,18.4,0.2962962962962963,False,0.7161803713527851,True,True
2022-02-28_8S2,2022-02-28,S,BULL,09,395.0,-205.0,395.0,-667.5,,,0.8545454545454545,True,1.0405405405405406,False,False
2022-02-28_55S2,2022-02-28,S,BULL,14,-205.0,-205.0,-342.5,-342.5,0.388,20.1,0.4482758620689655,True,0.7323232323232323,True,True
2022-02-28_61S2,2022-02-28,S,NEUTRAL,13,-205.0,-205.0,-380.0,-380.0,0.408,24.5,0.5625,False,0.7032967032967034,True,True
2022-03-01_14S2,2022-03-01,S,BEAR,09,-205.0,-205.0,395.0,1470.0,0.552,,0.88,True,0.9208103130755064,True,True
2022-03-01_22S2,2022-03-01,S,BEAR,10,-205.0,-205.0,395.0,995.0,0.259,,0.1818181818181817,False,1.0526315789473686,True,True
2022-03-01_44S2,2022-03-01,S,BULL,13,395.0,-205.0,395.0,-467.5,0.127,19.0,0.6923076923076923,False,1.0743801652892562,True,True
2022-03-01_55S2,2022-03-01,S,NEUTRAL,13,-205.0,-205.0,395.0,-342.5,0.278,26.0,0.5517241379310345,False,0.807799442896936,True,True
2022-03-01_76S2,2022-03-01,S,NEUTRAL,14,395.0,-205.0,395.0,-692.5,0.32,17.3,0.8947368421052632,True,1.2837837837837838,True,True
2022-03-02_11L2,2022-03-02,L,BEAR,09,-205.0,-205.0,395.0,2620.0,0.039,,0.8387096774193549,True,0.6066536203522505,False,False
2022-03-02_33L2,2022-03-02,L,BULL,11,-205.0,-205.0,395.0,57.5,0.304,33.0,0.8378378378378378,True,0.9090909090909092,True,True
2022-03-02_56L2,2022-03-02,L,BULL,13,-205.0,-205.0,-355.0,-355.0,0.169,26.2,0.9666666666666668,True,1.195219123505976,True,True
2022-03-02_71L2,2022-03-02,L,NEUTRAL,14,395.0,-205.0,395.0,-355.0,0.041,15.0,0.8,True,0.986842105263158,True,True
2022-03-03_13L2,2022-03-03,L,BEAR,09,-205.0,-205.0,-392.5,-392.5,0.675,,0.7878787878787878,True,0.7838479809976246,False,True
2022-03-04_15S2,2022-03-04,S,BEAR,09,-205.0,-205.0,395.0,-680.0,0.174,,0.5357142857142857,False,1.0894941634241246,True,True
2022-03-04_29S2,2022-03-04,S,BEAR,10,-205.0,-205.0,-305.0,-305.0,0.357,19.0,0.1923076923076923,False,0.7303370786516854,True,True
2022-03-04_37L2,2022-03-04,L,NEUTRAL,11,-205.0,-205.0,395.0,-592.5,0.386,18.9,0.8775510204081632,True,1.3315217391304348,True,True
2022-03-04_53L2,2022-03-04,L,BULL,12,-205.0,-205.0,-155.0,-155.0,0.337,18.1,0.8571428571428571,False,0.4142011834319527,False,True
2022-03-04_66S2,2022-03-04,S,BEAR,14,-205.0,-205.0,-392.5,-392.5,0.257,13.6,0.6363636363636364,False,0.9734513274336284,True,True
2022-03-04_71S2,2022-03-04,S,NEUTRAL,14,-205.0,-205.0,-430.0,-430.0,0.282,13.4,0.6944444444444444,False,0.9375,True,True
2022-03-07_42S2,2022-03-07,S,NEUTRAL,11,-205.0,-205.0,395.0,2007.5,0.211,43.6,0.85,True,1.5789473684210529,True,True
2022-03-07_52S2,2022-03-07,S,BEAR,12,395.0,-205.0,395.0,2132.5,0.016,27.4,0.9166666666666666,True,0.9703504043126684,True,True
2022-03-07_76S2,2022-03-07,S,BEAR,14,-205.0,-205.0,395.0,720.0,0.31,25.8,0.2040816326530612,False,1.4040114613180517,True,True
2022-03-08_28L2,2022-03-08,L,BULL,14,-205.0,-205.0,-592.5,-592.5,0.266,,0.4489795918367347,True,0.9057301293900184,False,True
2022-03-08_59S2,2022-03-08,S,NEUTRAL,13,-205.0,-205.0,-567.5,-567.5,0.481,30.6,0.4680851063829787,False,0.8348134991119006,True,True
2022-03-09_17L2,2022-03-09,L,BULL,09,-205.0,-205.0,-292.5,-292.5,0.107,,0.8,True,0.6172839506172839,True,True
2022-03-09_29S2,2022-03-09,S,BULL,10,-205.0,-205.0,-217.5,-217.5,0.282,19.2,0.2105263157894736,False,0.5397727272727272,False,True
2022-03-11_12L2,2022-03-11,L,BEAR,09,-205.0,-205.0,395.0,-367.5,0.432,,0.6451612903225806,False,0.7110091743119266,False,True
2022-03-11_59S2,2022-03-11,S,NEUTRAL,13,-205.0,-205.0,-367.5,-367.5,0.261,21.4,0.967741935483871,True,1.206225680933852,True,True
2022-03-14_6L2,2022-03-14,L,NEUTRAL,08,-205.0,-205.0,-305.0,-305.0,,,0.2692307692307692,True,0.4561403508771929,True,False
2022-03-14_12L2,2022-03-14,L,BULL,09,-205.0,-205.0,-355.0,-355.0,0.565,,0.9,True,0.6160164271047227,True,True
2022-03-14_17L2,2022-03-14,L,BULL,10,-205.0,-205.0,-367.5,-367.5,0.561,,0.5483870967741935,True,0.8288770053475936,True,True
2022-03-14_40S2,2022-03-14,S,NEUTRAL,11,395.0,782.5,395.0,782.5,0.477,33.7,0.7878787878787878,True,1.114864864864865,True,True
2022-03-14_61L2,2022-03-14,L,BEAR,13,395.0,782.5,395.0,782.5,0.02,39.8,0.1904761904761904,False,0.7241379310344828,False,True
2022-03-15_17S2,2022-03-15,S,BULL,10,-205.0,-205.0,-305.0,-305.0,0.268,,0.5,False,0.6483790523690773,False,True
2022-03-15_76L2,2022-03-15,L,BULL,14,-205.0,-205.0,-355.0,-355.0,0.778,31.6,0.6333333333333333,False,1.2096774193548387,True,True
2022-03-21_20S2,2022-03-21,S,NEUTRAL,10,-205.0,-205.0,-217.5,-217.5,0.271,,0.8947368421052632,True,0.7569721115537849,False,True
2022-03-21_54S2,2022-03-21,S,NEUTRAL,12,-205.0,-205.0,-267.5,-267.5,0.049,31.9,0.5217391304347826,False,0.6804733727810651,True,True
2022-03-21_73S2,2022-03-21,S,BULL,14,395.0,-205.0,395.0,-217.5,0.066,18.9,0.0526315789473684,False,0.6418918918918919,False,True
2022-03-22_15S2,2022-03-22,S,BULL,09,-205.0,-205.0,-192.5,-192.5,0.756,,0.8823529411764706,True,0.7692307692307692,False,True
2022-03-22_55S2,2022-03-22,S,BULL,13,395.0,-205.0,395.0,-130.0,0.118,14.0,0.25,False,0.7317073170731708,False,True
2022-03-22_69S2,2022-03-22,S,NEUTRAL,14,-205.0,-205.0,-155.0,-155.0,0.333,10.9,0.0714285714285714,False,0.689655172413793,False,True
2022-03-23_13L2,2022-03-23,L,BULL,09,-205.0,-205.0,-342.5,-342.5,0.333,,0.4827586206896552,False,0.957095709570957,True,True
2022-03-23_25S2,2022-03-23,S,BULL,10,-205.0,-205.0,-155.0,-155.0,0.281,,0.4285714285714286,False,0.6363636363636364,False,True
2022-03-23_74S2,2022-03-23,S,NEUTRAL,14,395.0,-205.0,395.0,732.5,0.344,21.6,0.84,True,1.0548523206751057,True,True
2022-03-24_14L2,2022-03-24,L,NEUTRAL,09,-205.0,-205.0,395.0,1970.0,0.123,,0.9090909090909092,True,1.5850144092219018,True,True
2022-03-24_43S2,2022-03-24,S,NEUTRAL,12,-205.0,-205.0,-117.5,-117.5,0.091,24.0,0.2727272727272727,False,0.6179775280898876,True,True
2022-03-25_36S2,2022-03-25,S,BULL,11,-205.0,-205.0,-242.5,-242.5,0.291,26.4,0.6666666666666667,True,0.813953488372093,True,True
2022-03-28_15L2,2022-03-28,L,BEAR,09,395.0,-205.0,395.0,-305.0,0.171,,0.5769230769230769,False,0.8609271523178809,True,True
2022-03-29_12L2,2022-03-29,L,BEAR,09,395.0,-205.0,395.0,1520.0,0.296,,0.6538461538461539,True,0.6989247311827956,False,True
2022-03-29_43S2,2022-03-29,S,BEAR,12,-205.0,-205.0,-117.5,-117.5,0.226,27.6,0.1818181818181817,False,0.5445544554455446,True,True
2022-03-30_8S2,2022-03-30,S,BULL,09,395.0,845.0,395.0,845.0,,,0.5909090909090908,True,0.8603351955307262,False,False
2022-03-30_27S2,2022-03-30,S,BEAR,10,-205.0,-205.0,-155.0,-155.0,0.341,,0.4285714285714286,False,0.6862745098039216,True,True
2022-03-31_9L2,2022-03-31,L,NEUTRAL,09,-205.0,-205.0,-230.0,-230.0,,,0.5,True,0.6837606837606838,False,False
2022-03-31_27L2,2022-03-31,L,NEUTRAL,10,-205.0,-205.0,-242.5,-242.5,0.051,,0.6666666666666666,True,0.9905660377358492,True,True
2022-03-31_48L2,2022-03-31,L,NEUTRAL,12,395.0,-205.0,395.0,-130.0,0.013,13.1,0.3333333333333333,False,0.7547169811320754,False,True
2022-03-31_62S2,2022-03-31,S,NEUTRAL,13,-205.0,-205.0,-180.0,-180.0,0.356,14.7,0.875,True,0.9937888198757764,True,True
2022-04-01_9L2,2022-04-01,L,BEAR,09,-205.0,-205.0,-217.5,-217.5,,,0.3157894736842105,True,0.6178861788617886,False,False
2022-04-01_75L2,2022-04-01,L,BEAR,14,395.0,745.0,395.0,745.0,0.553,22.5,0.7058823529411765,True,0.6439393939393939,False,True
2022-04-04_11L2,2022-04-04,L,NEUTRAL,09,395.0,1232.5,395.0,1232.5,0.685,,0.8928571428571429,False,1.044776119402985,True,False
2022-04-04_21S2,2022-04-04,S,BULL,10,-205.0,-205.0,-167.5,-167.5,0.148,,0.4,False,0.6976744186046512,False,True
2022-04-05_32L2,2022-04-05,L,BEAR,11,-205.0,-205.0,-280.0,-280.0,0.243,19.6,0.75,True,0.979591836734694,False,True
2022-04-05_60S2,2022-04-05,S,BULL,13,395.0,907.5,395.0,907.5,0.269,19.2,0.5789473684210527,True,1.049723756906077,True,True
2022-04-06_14L2,2022-04-06,L,BEAR,09,-205.0,-205.0,-267.5,-267.5,0.085,,0.4782608695652174,True,0.954356846473029,False,True
2022-04-06_68S2,2022-04-06,S,BULL,14,395.0,820.0,395.0,820.0,0.506,31.8,0.3076923076923077,False,0.783132530120482,False,True
2022-04-07_8S2,2022-04-07,S,NEUTRAL,09,395.0,-205.0,395.0,-642.5,,,0.981132075471698,True,1.2163934426229508,True,False
2022-04-07_24S2,2022-04-07,S,BEAR,10,395.0,-205.0,395.0,-292.5,0.333,,0.36,False,0.8960573476702509,True,True
2022-04-07_36S2,2022-04-07,S,BEAR,11,395.0,-205.0,395.0,-292.5,0.116,6.2,0.56,False,1.0775862068965518,True,True
2022-04-07_53S2,2022-04-07,S,BEAR,12,-205.0,-205.0,-292.5,-292.5,0.562,22.9,0.8,True,0.9578544061302682,False,True
2022-04-08_16S2,2022-04-08,S,BULL,09,-205.0,-205.0,-242.5,-242.5,0.324,,0.8571428571428572,True,0.7094594594594594,False,True
2022-04-11_7S2,2022-04-11,S,NEUTRAL,09,-205.0,-205.0,-292.5,-292.5,,,0.6,True,0.5555555555555556,True,False
2022-04-11_33S2,2022-04-11,S,NEUTRAL,11,-205.0,-205.0,-142.5,-142.5,0.109,47.2,0.4615384615384615,False,0.6951871657754011,True,True
2022-04-11_54L2,2022-04-11,L,NEUTRAL,12,-205.0,-205.0,-80.0,-80.0,0.05,20.7,0.375,False,0.4395604395604395,True,True
2022-04-11_75L2,2022-04-11,L,BEAR,14,-205.0,-205.0,-180.0,-180.0,0.741,18.7,0.8125,True,0.7407407407407407,False,True
2022-04-12_14L2,2022-04-12,L,BEAR,09,-205.0,-205.0,-230.0,-230.0,0.307,,0.9,True,0.6269592476489029,True,True
2022-04-13_18L2,2022-04-13,L,BULL,09,395.0,1545.0,395.0,1545.0,0.351,,0.8076923076923077,True,0.8441558441558441,True,True
2022-04-13_32L2,2022-04-13,L,BULL,11,395.0,895.0,395.0,895.0,0.119,33.9,0.8947368421052632,True,1.1515151515151516,True,True
2022-04-13_44L2,2022-04-13,L,BULL,12,-205.0,-205.0,-242.5,-242.5,0.354,35.3,0.7142857142857143,True,1.160220994475138,True,True
2022-04-13_53S2,2022-04-13,S,NEUTRAL,12,-205.0,-205.0,-155.0,-155.0,0.467,26.2,0.4285714285714286,False,0.9210526315789476,True,True
2022-04-13_61L2,2022-04-13,L,NEUTRAL,13,395.0,357.5,395.0,357.5,0.323,21.4,0.7222222222222222,False,1.1111111111111112,True,True
2022-04-14_17S2,2022-04-14,S,BEAR,09,-205.0,-205.0,-367.5,-367.5,0.405,,0.7741935483870968,False,0.8516483516483517,True,True
2022-04-14_45L2,2022-04-14,L,BEAR,12,-205.0,-205.0,-167.5,-167.5,0.4,32.5,0.2666666666666666,False,0.9554140127388536,False,True
2022-04-14_60L2,2022-04-14,L,BEAR,13,-205.0,-205.0,-230.0,-230.0,0.194,25.8,0.25,False,1.0,True,True
2022-04-18_9S2,2022-04-18,S,NEUTRAL,09,-205.0,-205.0,-492.5,-492.5,,,0.951219512195122,True,0.8961748633879781,True,False
2022-04-18_33S2,2022-04-18,S,NEUTRAL,11,395.0,-205.0,395.0,-205.0,0.4,25.6,1.0,True,0.8,True,True
2022-04-18_46S2,2022-04-18,S,BULL,12,-205.0,-205.0,-205.0,-205.0,0.317,26.9,0.7777777777777778,False,0.989010989010989,False,True
2022-04-19_14S2,2022-04-19,S,BULL,09,-205.0,-205.0,-167.5,-167.5,0.944,,0.6,False,0.5154639175257731,False,True
2022-04-19_75S2,2022-04-19,S,BULL,14,-205.0,-205.0,-242.5,-242.5,0.487,33.4,0.4285714285714286,False,1.0396039603960396,False,True
2022-04-20_19S2,2022-04-20,S,BULL,12,395.0,557.5,395.0,557.5,0.22,,0.6190476190476191,True,0.8045977011494252,False,True
2022-04-20_53S2,2022-04-20,S,BULL,12,395.0,445.0,395.0,445.0,0.096,15.1,0.962962962962963,True,1.173913043478261,False,True
2022-04-21_19L2,2022-04-21,L,BEAR,10,-205.0,-205.0,-242.5,-242.5,0.307,,0.7619047619047619,True,0.7664233576642336,False,True
2022-04-21_81S2,2022-04-21,S,NEUTRAL,15,-205.0,-205.0,-192.5,-192.5,0.169,32.0,0.5882352941176471,False,0.3908045977011494,True,True
2022-04-22_25L2,2022-04-22,L,BEAR,10,-205.0,-205.0,-180.0,-180.0,0.182,,0.3125,False,0.5144694533762058,False,True
2022-04-25_21L2,2022-04-25,L,BEAR,10,-205.0,-205.0,-330.0,-330.0,0.163,,0.2142857142857142,False,0.5313092979127134,False,True
2022-04-25_49L2,2022-04-25,L,NEUTRAL,12,-205.0,-205.0,-605.0,-605.0,0.142,20.1,0.58,False,1.1261261261261262,True,True
2022-04-25_77S2,2022-04-25,S,BULL,14,-205.0,-205.0,-592.5,-592.5,0.732,31.5,0.7755102040816326,True,1.084070796460177,False,True
2022-04-26_16L2,2022-04-26,L,BEAR,09,-205.0,-205.0,-542.5,-542.5,0.344,,0.2888888888888888,False,1.0688836104513064,False,True
2022-04-26_61S2,2022-04-26,S,BULL,13,-205.0,-205.0,-367.5,-367.5,0.042,16.6,0.3870967741935484,True,0.8882521489971347,True,True
2022-04-27_13S2,2022-04-27,S,BEAR,09,395.0,-205.0,395.0,-917.5,0.567,,0.9733333333333334,True,1.146788990825688,True,True
2022-04-27_22L2,2022-04-27,L,NEUTRAL,10,-205.0,-205.0,395.0,-730.0,0.507,,0.45,True,1.079136690647482,True,True
2022-04-27_35L2,2022-04-27,L,NEUTRAL,11,395.0,-205.0,395.0,-405.0,0.173,20.6,0.3823529411764705,False,0.9444444444444444,True,True
2022-04-27_44L2,2022-04-27,L,NEUTRAL,12,-205.0,-205.0,-1055.0,-1055.0,0.168,23.7,0.9418604651162792,True,1.9815668202764976,True,True
2022-04-27_70L2,2022-04-27,L,NEUTRAL,14,-205.0,-205.0,-505.0,-505.0,0.448,22.6,0.7380952380952381,True,0.9567198177676538,False,True
2022-04-28_29L2,2022-04-28,L,NEUTRAL,10,395.0,2520.0,395.0,2520.0,0.167,24.4,0.7142857142857143,False,0.8459214501510574,True,True
2022-04-28_50L2,2022-04-28,L,BULL,12,-205.0,-205.0,395.0,-392.5,0.662,45.4,0.696969696969697,True,1.0,True,True
2022-04-28_57L2,2022-04-28,L,BULL,13,-205.0,-205.0,-305.0,-305.0,0.179,47.1,0.5769230769230769,False,0.8414239482200647,True,True
2022-04-28_70L2,2022-04-28,L,BULL,14,-205.0,-205.0,-267.5,-267.5,0.488,50.4,0.3043478260869565,False,0.9465020576131687,True,True
2022-04-29_21S2,2022-04-29,S,BEAR,10,-205.0,-205.0,-492.5,-492.5,0.596,,0.8536585365853658,True,1.2538226299694188,True,True
2022-04-29_35L2,2022-04-29,L,BEAR,11,-205.0,-205.0,-242.5,-242.5,0.461,25.6,0.3809523809523809,False,0.584958217270195,False,True
2022-04-29_73S2,2022-04-29,S,BEAR,14,-205.0,-205.0,395.0,307.5,0.28,31.6,0.9583333333333334,True,1.3793103448275863,True,True
2022-04-29_76S2,2022-04-29,S,BEAR,14,395.0,307.5,395.0,307.5,0.472,34.5,0.9565217391304348,True,1.1386138613861387,True,True
2022-05-02_11L2,2022-05-02,L,NEUTRAL,09,-205.0,-205.0,-1042.5,-1042.5,0.243,,0.8470588235294118,True,1.0216346153846154,True,False
2022-05-02_21L2,2022-05-02,L,BEAR,10,-205.0,-205.0,-605.0,-605.0,0.132,,0.74,True,0.8278145695364238,False,True
2022-05-02_44L2,2022-05-02,L,BEAR,12,395.0,-205.0,395.0,-617.5,0.5,11.8,0.3137254901960784,False,1.120879120879121,False,True
2022-05-02_77L2,2022-05-02,L,NEUTRAL,14,-205.0,-205.0,395.0,82.5,0.619,32.2,0.9534883720930232,True,1.3190184049079754,True,True
2022-05-03_9S2,2022-05-03,S,NEUTRAL,09,-205.0,-205.0,-1055.0,-1055.0,,,0.8837209302325582,True,1.4607218683651804,True,False
2022-05-03_76L2,2022-05-03,L,BULL,14,-205.0,-205.0,395.0,370.0,0.398,15.4,0.3846153846153846,False,1.132897603485839,False,True
2022-05-04_11L2,2022-05-04,L,BEAR,09,-205.0,-205.0,-330.0,-330.0,0.342,,0.6071428571428571,False,0.8860759493670886,False,False
2022-05-04_50L2,2022-05-04,L,BULL,12,-205.0,-205.0,-330.0,-330.0,0.072,31.2,0.9642857142857144,True,1.0566037735849056,True,True
2022-05-05_20S2,2022-05-05,S,BEAR,10,-205.0,-205.0,395.0,395.0,0.648,,0.875,True,1.3114754098360657,True,True
2022-05-05_35L2,2022-05-05,L,NEUTRAL,11,-205.0,-205.0,395.0,-542.5,0.197,62.8,0.8888888888888888,True,0.7978723404255319,False,True
2022-05-06_12S2,2022-05-06,S,BULL,09,-205.0,-205.0,395.0,-730.0,0.199,,0.4499999999999999,False,0.7712082262210798,False,True
2022-05-06_72L2,2022-05-06,L,BEAR,14,395.0,732.5,395.0,732.5,0.048,23.3,0.1836734693877551,False,1.0,False,True
2022-05-09_50S2,2022-05-09,S,NEUTRAL,12,-205.0,-205.0,395.0,-817.5,0.24,21.8,0.9701492537313432,True,2.042682926829269,True,True
2022-05-09_59S2,2022-05-09,S,BEAR,13,395.0,-205.0,395.0,-567.5,0.022,15.6,0.1702127659574468,False,0.9611451942740288,True,True
2022-05-09_68S2,2022-05-09,S,NEUTRAL,14,-205.0,-205.0,-717.5,-717.5,0.072,13.4,0.8305084745762712,True,1.25531914893617,False,True
2022-05-10_22L2,2022-05-10,L,BEAR,10,-205.0,-205.0,-605.0,-605.0,0.492,,0.02,False,0.8787346221441125,False,True
2022-05-11_10L2,2022-05-11,L,BEAR,09,-205.0,-205.0,395.0,-1067.5,,,0.6666666666666666,True,0.9288256227758008,True,False
2022-05-11_35L2,2022-05-11,L,BEAR,11,395.0,-205.0,395.0,-480.0,0.089,12.0,0.1,False,0.9237875288683604,False,True
2022-05-11_72L2,2022-05-11,L,BEAR,14,-205.0,-205.0,-480.0,-480.0,0.378,18.9,0.2,False,0.7707129094412332,False,True
2022-05-12_39S2,2022-05-12,S,BULL,11,-205.0,-205.0,-467.5,-467.5,0.426,22.7,1.0,True,0.8351177730192719,False,True
2022-05-12_69S2,2022-05-12,S,BEAR,14,-205.0,-205.0,-655.0,-655.0,0.106,19.0,0.6851851851851851,True,1.1868131868131868,True,True
2022-05-13_17L2,2022-05-13,L,BULL,09,395.0,-205.0,395.0,-555.0,0.322,,0.717391304347826,True,1.1855670103092784,True,True
2022-05-13_39L2,2022-05-13,L,BULL,11,-205.0,-205.0,-117.5,-117.5,0.313,33.4,0.5454545454545454,True,0.4803493449781659,True,True
2022-05-13_60S2,2022-05-13,S,BEAR,13,-205.0,-205.0,-542.5,-542.5,0.426,35.7,0.7111111111111111,True,1.139240506329114,True,True
2022-05-13_78L2,2022-05-13,L,BEAR,14,-205.0,-205.0,-880.0,-417.5,0.095,21.7,0.6111111111111112,False,1.589403973509934,True,True
2022-05-16_8L2,2022-05-16,L,NEUTRAL,09,395.0,-205.0,395.0,520.0,,,0.7090909090909091,False,0.8279569892473118,False,False
2022-05-16_21L2,2022-05-16,L,BULL,10,-205.0,-205.0,395.0,445.0,0.358,,0.9361702127659576,True,1.1217183770883057,False,True
2022-05-16_40L2,2022-05-16,L,BULL,11,-205.0,-205.0,-242.5,-242.5,0.265,15.6,0.238095238095238,False,0.6862745098039216,False,True
2022-05-16_66L2,2022-05-16,L,BEAR,13,-205.0,-205.0,-392.5,-392.5,0.059,30.1,0.4545454545454545,True,1.1578947368421053,True,True
2022-05-17_10L2,2022-05-17,L,BEAR,09,-205.0,-205.0,-280.0,-280.0,,,0.875,True,0.6050420168067228,False,False
2022-05-17_53L2,2022-05-17,L,BEAR,12,-205.0,-205.0,-230.0,-230.0,0.333,12.9,0.9,True,0.9090909090909092,True,True
2022-05-17_73L2,2022-05-17,L,BULL,14,-205.0,-205.0,-192.5,-192.5,0.455,17.2,0.5882352941176471,True,0.4871060171919771,True,True
2022-05-18_11S2,2022-05-18,S,NEUTRAL,09,-205.0,-205.0,395.0,5270.0,0.432,,0.7333333333333334,True,0.7978723404255319,True,False
2022-05-18_51S2,2022-05-18,S,BULL,12,395.0,1857.5,395.0,1857.5,0.677,48.6,0.3,False,0.6968641114982579,True,True
2022-05-18_68L2,2022-05-18,L,NEUTRAL,14,-205.0,-205.0,-355.0,-355.0,0.431,51.3,0.3666666666666666,True,0.7518796992481204,False,True
2022-05-19_15S2,2022-05-19,S,BEAR,09,-205.0,-205.0,-1080.0,-1080.0,0.042,,0.75,True,1.208791208791209,True,True
2022-05-19_61L2,2022-05-19,L,NEUTRAL,13,-205.0,-205.0,395.0,-392.5,0.086,9.9,0.7272727272727273,False,0.6191369606003753,True,True
2022-05-19_79S2,2022-05-19,S,NEUTRAL,15,-205.0,-92.5,-442.5,-92.5,0.57,13.0,0.8378378378378378,True,0.7613168724279835,True,True
2022-05-20_10L2,2022-05-20,L,BEAR,09,-205.0,-205.0,-255.0,-255.0,,,0.8636363636363636,True,0.4258064516129032,False,False
2022-05-23_13L2,2022-05-23,L,BULL,09,-205.0,-205.0,395.0,1670.0,0.167,,0.9887640449438202,True,1.3608562691131498,True,True
2022-05-23_38L2,2022-05-23,L,BULL,11,-205.0,-205.0,-342.5,-342.5,0.186,17.9,0.6206896551724138,False,0.9731543624161072,True,True
2022-05-23_75S2,2022-05-23,S,NEUTRAL,14,395.0,-205.0,395.0,-655.0,0.185,12.7,0.962962962962963,True,1.542857142857143,True,True
2022-05-24_23S2,2022-05-24,S,BEAR,10,-205.0,-205.0,-692.5,-692.5,0.007,,0.8771929824561404,True,1.3936430317848412,True,True
2022-05-24_62L2,2022-05-24,L,BULL,13,-205.0,-205.0,-480.0,-480.0,0.285,28.3,0.925,True,0.9280742459396752,True,True
2022-05-25_8S2,2022-05-25,S,NEUTRAL,09,-205.0,-205.0,-517.5,-517.5,,,0.3953488372093023,False,0.7921052631578948,True,False
2022-05-25_48L2,2022-05-25,L,NEUTRAL,12,395.0,-205.0,395.0,-292.5,0.312,23.4,0.48,False,0.9615384615384616,False,True
2022-05-25_55L2,2022-05-25,L,BULL,13,395.0,-205.0,395.0,-255.0,0.508,18.5,0.4545454545454545,True,0.8396946564885497,True,True
2022-05-25_70S2,2022-05-25,S,BULL,14,395.0,1095.0,395.0,1095.0,0.412,26.7,0.35,False,0.5050505050505051,False,True
2022-05-26_16S2,2022-05-26,S,BULL,09,-205.0,-205.0,-230.0,-230.0,0.339,,0.7,True,0.7547169811320755,False,True
2022-05-26_41L2,2022-05-26,L,NEUTRAL,12,395.0,-205.0,395.0,-230.0,0.465,54.9,0.75,True,1.1235955056179774,True,True
2022-05-26_52L2,2022-05-26,L,BULL,12,-205.0,-205.0,-155.0,-155.0,0.122,41.8,0.7142857142857143,True,0.7,True,True
2022-05-27_14S2,2022-05-27,S,BULL,09,395.0,-205.0,395.0,-192.5,0.495,,0.7647058823529411,False,0.5647840531561461,False,True
2022-05-27_56S2,2022-05-27,S,BEAR,13,-205.0,-205.0,-155.0,-155.0,0.149,12.8,0.2857142857142857,True,1.09375,True,True
2022-05-27_77L2,2022-05-27,L,BULL,14,-205.0,-205.0,-342.5,-342.5,0.358,33.1,0.4827586206896552,False,1.479591836734694,True,True
2022-05-31_61L2,2022-05-31,L,BEAR,13,-205.0,-205.0,-317.5,-317.5,0.014,20.0,0.7037037037037037,False,0.9246575342465754,True,True
2022-06-01_19S2,2022-06-01,S,BEAR,10,395.0,-205.0,395.0,-280.0,0.375,,0.5,False,0.64,True,True
2022-06-01_53S2,2022-06-01,S,BULL,12,-205.0,-205.0,-292.5,-292.5,0.358,30.3,0.84,True,0.847457627118644,False,True
2022-06-02_9L2,2022-06-02,L,BEAR,09,395.0,-205.0,395.0,-492.5,,,0.4390243902439024,False,0.7790973871733967,True,False
2022-06-02_17L2,2022-06-02,L,BULL,09,395.0,3720.0,395.0,3720.0,0.078,,0.8421052631578947,True,0.7251908396946565,True,True
2022-06-02_27L2,2022-06-02,L,BULL,10,395.0,2732.5,395.0,2732.5,0.656,,0.5833333333333334,False,0.7594936708860759,True,True
2022-06-02_47L2,2022-06-02,L,NEUTRAL,12,-205.0,-205.0,395.0,1257.5,0.047,40.9,0.9230769230769232,True,1.145374449339207,True,True
2022-06-03_11S2,2022-06-03,S,NEUTRAL,09,-205.0,-205.0,395.0,895.0,0.212,,0.6216216216216216,False,0.686456400742115,True,False
2022-06-03_35L2,2022-06-03,L,NEUTRAL,11,395.0,-205.0,395.0,-530.0,0.095,19.7,0.0227272727272727,False,1.4426229508196722,True,True
2022-06-03_53L2,2022-06-03,L,BEAR,12,-205.0,-205.0,-305.0,-305.0,0.55,14.9,0.9615384615384616,True,0.8176100628930817,False,True
2022-06-03_71L2,2022-06-03,L,BEAR,14,395.0,-205.0,395.0,-205.0,0.467,14.3,0.8333333333333334,True,0.6498194945848376,False,True
2022-06-06_13L2,2022-06-06,L,BULL,09,-205.0,-205.0,-380.0,-380.0,0.403,,0.625,True,0.8839779005524862,True,True
2022-06-06_71S2,2022-06-06,S,BEAR,14,-205.0,-205.0,-455.0,-455.0,0.333,29.4,0.9736842105263158,True,1.3868613138686132,True,True
2022-06-07_8L2,2022-06-07,L,NEUTRAL,09,-205.0,-205.0,-467.5,-467.5,,,0.8974358974358975,True,1.0224719101123594,True,False
2022-06-07_26L2,2022-06-07,L,BEAR,10,-205.0,-205.0,-205.0,-205.0,0.6,,0.7777777777777778,False,0.72,True,True
2022-06-07_78S2,2022-06-07,S,BULL,14,-205.0,182.5,-267.5,182.5,0.5,42.7,0.217391304347826,False,1.1917098445595855,False,True
2022-06-08_13L2,2022-06-08,L,NEUTRAL,09,-205.0,-205.0,-305.0,-305.0,0.194,,0.0769230769230769,False,0.689655172413793,True,True
2022-06-09_8S2,2022-06-09,S,NEUTRAL,09,395.0,-205.0,395.0,4507.5,,,0.9714285714285714,True,0.5990220048899755,False,False
2022-06-09_28S2,2022-06-09,S,BEAR,10,-205.0,-205.0,395.0,-617.5,0.111,,0.3529411764705882,False,1.6139240506329111,True,True
2022-06-10_17L2,2022-06-10,L,BEAR,09,-205.0,-205.0,-380.0,-380.0,0.143,,0.4375,False,0.794044665012407,True,True
2022-06-13_7S2,2022-06-13,S,NEUTRAL,09,-205.0,-205.0,-380.0,-380.0,,,0.8125,True,0.5731343283582089,True,False
2022-06-13_37L2,2022-06-13,L,BULL,11,-205.0,-205.0,-392.5,-392.5,0.312,23.4,0.3636363636363636,True,0.7127429805615552,True,True
2022-06-13_62L2,2022-06-13,L,BEAR,13,-205.0,-205.0,-580.0,-580.0,0.289,14.4,0.7291666666666666,False,1.3675213675213675,False,True
2022-06-14_20S2,2022-06-14,S,BEAR,10,395.0,-205.0,395.0,-480.0,0.142,,0.475,False,0.9009009009009008,True,True
2022-06-14_59L2,2022-06-14,L,NEUTRAL,13,-205.0,-205.0,-205.0,-205.0,0.161,14.3,0.8333333333333334,True,0.5504587155963302,False,True
2022-06-15_54L2,2022-06-15,L,NEUTRAL,12,395.0,-205.0,395.0,-655.0,0.5,16.2,0.9629629629629628,True,2.307692307692308,True,True
2022-06-15_61S2,2022-06-15,S,NEUTRAL,13,-205.0,-205.0,395.0,-642.5,0.433,22.9,1.0,True,0.6633291614518148,True,True
2022-06-15_69L2,2022-06-15,L,NEUTRAL,14,-205.0,-205.0,-755.0,-755.0,0.227,16.2,0.8064516129032258,True,0.5086136177194421,True,True
2022-06-16_18L2,2022-06-16,L,BEAR,09,-205.0,-205.0,395.0,-367.5,0.415,,0.8387096774193549,True,0.8333333333333333,False,True
2022-06-17_20L2,2022-06-17,L,BULL,10,395.0,-205.0,395.0,557.5,0.029,,0.7849462365591398,True,1.663685152057245,False,True
2022-06-21_14S2,2022-06-21,S,BULL,09,-205.0,-205.0,-417.5,-417.5,0.521,,0.7142857142857143,False,1.1290322580645162,False,True
2022-06-21_52L2,2022-06-21,L,NEUTRAL,12,-205.0,-205.0,-242.5,-242.5,0.125,29.4,0.9523809523809524,True,1.135135135135135,True,True
2022-06-22_24L2,2022-06-22,L,BULL,10,395.0,-205.0,395.0,-280.0,0.32,,0.625,False,0.718562874251497,True,True
2022-06-22_69S2,2022-06-22,S,BULL,14,395.0,1032.5,395.0,1032.5,0.328,18.8,0.9032258064516128,True,1.225296442687747,True,True
2022-06-23_14L2,2022-06-23,L,NEUTRAL,09,395.0,-205.0,395.0,-492.5,0.103,,0.2926829268292683,False,0.7915057915057916,True,True
2022-06-23_25S2,2022-06-23,S,BEAR,14,-205.0,-205.0,-180.0,-180.0,0.219,,0.5625,False,0.5144694533762058,True,True
2022-06-23_67L2,2022-06-23,L,BULL,14,395.0,532.5,395.0,532.5,0.626,24.4,1.0,True,0.6451612903225806,True,True
2022-06-27_10L2,2022-06-27,L,NEUTRAL,09,-205.0,-205.0,-417.5,-417.5,,,0.4571428571428571,False,0.6847826086956521,True,False
2022-06-27_43S2,2022-06-27,S,NEUTRAL,12,395.0,245.0,395.0,245.0,0.159,13.2,0.2608695652173913,True,0.931174089068826,True,True
2022-06-27_62L2,2022-06-27,L,NEUTRAL,13,-205.0,-205.0,-342.5,-342.5,0.297,18.4,0.9310344827586208,True,1.3063063063063065,True,True
2022-06-27_73S2,2022-06-27,S,BEAR,14,395.0,-205.0,395.0,-280.0,0.155,20.3,0.5833333333333333,False,0.8955223880597015,True,True
2022-06-28_37S2,2022-06-28,S,BEAR,11,-205.0,-205.0,-267.5,-267.5,0.15,72.9,0.0,False,0.8070175438596491,True,True
2022-06-28_54S2,2022-06-28,S,BEAR,12,-205.0,-205.0,-217.5,-217.5,0.032,56.1,1.0,True,0.7063197026022305,True,True
2022-06-28_75L2,2022-06-28,L,NEUTRAL,14,-205.0,-205.0,-255.0,-255.0,0.233,36.1,0.9545454545454546,True,0.8365019011406843,False,True
2022-06-29_17S2,2022-06-29,S,BULL,09,395.0,-205.0,395.0,620.0,0.086,,0.6153846153846154,True,0.7975460122699387,False,True
2022-06-29_31S2,2022-06-29,S,NEUTRAL,11,395.0,-205.0,395.0,-367.5,0.02,11.9,0.4838709677419355,True,0.9117647058823528,True,True
2022-06-29_41S2,2022-06-29,S,NEUTRAL,11,-205.0,-205.0,-305.0,-305.0,0.274,11.2,0.8846153846153846,True,0.9059233449477352,True,True
2022-06-29_59S2,2022-06-29,S,BULL,13,395.0,670.0,395.0,670.0,0.474,27.3,0.9375,True,0.7305936073059361,False,True
2022-06-30_15S2,2022-06-30,S,BULL,09,-205.0,-205.0,-430.0,-430.0,0.029,,1.0,True,0.972972972972973,True,True
2022-07-01_16L2,2022-07-01,L,NEUTRAL,09,395.0,-205.0,395.0,3120.0,0.532,,0.8292682926829268,True,0.7606679035250464,False,True
2022-07-01_68L2,2022-07-01,L,BULL,14,395.0,445.0,395.0,445.0,0.282,33.3,0.25,False,1.5789473684210529,True,True
2022-07-05_9L2,2022-07-05,L,BEAR,09,395.0,-205.0,395.0,3932.5,,,0.9411764705882352,True,0.6699507389162561,False,False
2022-07-05_31S2,2022-07-05,S,BULL,11,-205.0,-205.0,-305.0,-305.0,0.421,22.2,0.8461538461538461,True,0.7784431137724551,False,True
2022-07-06_11L2,2022-07-06,L,BEAR,09,395.0,-205.0,395.0,-417.5,0.129,,0.5142857142857142,True,0.5564387917329094,False,False
2022-07-06_69L2,2022-07-06,L,BEAR,14,-205.0,-205.0,-292.5,-292.5,0.591,24.9,0.96,True,0.5643340857787811,True,True
2022-07-07_11S2,2022-07-07,S,NEUTRAL,09,-205.0,-205.0,-367.5,-367.5,0.009,,0.8064516129032258,True,0.9451219512195124,True,False
2022-07-07_76L2,2022-07-07,L,BULL,14,-205.0,-205.0,-192.5,-192.5,0.06,24.7,0.3529411764705882,True,0.934065934065934,True,True
2022-07-08_17S2,2022-07-08,S,BULL,09,-205.0,-205.0,-117.5,-117.5,0.491,,0.9090909090909092,True,0.3583061889250814,False,True
2022-07-08_54S2,2022-07-08,S,BULL,13,-205.0,-205.0,-167.5,-167.5,0.347,17.7,0.3333333333333333,False,0.7462686567164178,False,True
2022-07-11_9L2,2022-07-11,L,NEUTRAL,09,-205.0,-205.0,-405.0,-405.0,,,0.6470588235294118,True,0.8976897689768977,False,False
2022-07-12_15S2,2022-07-12,S,BULL,09,-205.0,-205.0,-267.5,-267.5,0.198,,0.9130434782608696,True,0.6182795698924731,True,True
2022-07-13_10S2,2022-07-13,S,BULL,09,-205.0,-205.0,395.0,-517.5,,,0.5116279069767442,False,0.6777583187390543,True,False
2022-07-13_46S2,2022-07-13,S,BULL,12,395.0,-205.0,395.0,1307.5,0.153,31.0,0.0,False,0.9797297297297296,False,True
2022-07-14_10L2,2022-07-14,L,BEAR,09,-205.0,-205.0,395.0,3370.0,,,0.8275862068965517,True,0.7270194986072424,False,False
2022-07-14_27L2,2022-07-14,L,BULL,11,-205.0,-205.0,-405.0,-405.0,0.495,,0.8235294117647058,True,0.96045197740113,True,True
2022-07-14_30L2,2022-07-14,L,BULL,10,-205.0,-205.0,-317.5,-317.5,0.553,24.2,0.2592592592592592,False,0.7627118644067797,True,True
2022-07-14_44S2,2022-07-14,S,NEUTRAL,12,-205.0,-205.0,-292.5,-292.5,0.342,20.3,0.76,True,0.8865248226950355,True,True
2022-07-14_69L2,2022-07-14,L,BULL,14,-205.0,-205.0,395.0,320.0,0.114,29.6,0.1481481481481481,False,1.0344827586206895,True,True
2022-07-14_77L2,2022-07-14,L,BULL,14,-205.0,257.5,-355.0,257.5,0.101,25.8,0.5,False,1.1278195488721805,True,True
2022-07-15_12L2,2022-07-15,L,NEUTRAL,09,395.0,-205.0,395.0,782.5,0.404,,0.9482758620689656,True,1.2340425531914894,True,True
2022-07-15_34L2,2022-07-15,L,BULL,11,-205.0,-205.0,-217.5,-217.5,0.241,11.0,0.5263157894736842,False,1.0052910052910051,False,True
2022-07-18_7S2,2022-07-18,S,NEUTRAL,09,395.0,3020.0,395.0,3020.0,,,0.96875,True,1.032258064516129,True,False
2022-07-18_14S2,2022-07-18,S,BULL,09,-205.0,-205.0,-255.0,-255.0,0.439,,0.2272727272727273,False,0.9053497942386832,True,True
2022-07-18_59S2,2022-07-18,S,BEAR,13,395.0,1145.0,395.0,1145.0,0.515,54.4,0.1052631578947368,False,0.7630522088353414,True,True
2022-07-18_71S2,2022-07-18,S,BEAR,14,395.0,595.0,395.0,595.0,0.239,50.3,0.1666666666666666,False,0.7563025210084033,True,True
2022-07-19_14S2,2022-07-19,S,BULL,09,-205.0,-205.0,-155.0,-155.0,0.69,,1.0,True,0.4982206405693949,False,True
2022-07-20_15S2,2022-07-20,S,BULL,09,-205.0,-205.0,-280.0,-280.0,0.638,,0.5833333333333333,False,0.8247422680412371,False,True
2022-07-20_73S2,2022-07-20,S,BULL,14,-205.0,-205.0,395.0,395.0,0.069,16.9,0.0434782608695651,False,0.8582089552238805,False,True
2022-07-21_24L2,2022-07-21,L,BEAR,10,395.0,1495.0,395.0,1495.0,0.423,,0.2580645161290322,False,1.0508474576271187,True,True
2022-07-21_44L2,2022-07-21,L,BULL,12,-205.0,-205.0,-205.0,-205.0,0.394,27.2,0.6111111111111112,False,1.0169491525423728,True,True
2022-07-21_76L2,2022-07-21,L,BULL,14,395.0,-92.5,395.0,-92.5,0.287,20.2,0.9411764705882352,True,0.8292682926829268,True,True
2022-07-22_14S2,2022-07-22,S,NEUTRAL,09,-205.0,-205.0,-317.5,-317.5,0.275,,0.8888888888888888,True,0.712401055408971,True,True
2022-07-22_32S2,2022-07-22,S,BEAR,11,395.0,-205.0,395.0,507.5,0.699,34.4,0.7647058823529411,True,1.1295681063122922,True,True
2022-07-22_54L2,2022-07-22,L,NEUTRAL,13,-205.0,-205.0,-180.0,-180.0,0.418,45.1,0.5625,False,0.7174887892376681,False,True
2022-07-25_15L2,2022-07-25,L,BEAR,09,395.0,-205.0,395.0,-342.5,0.107,,0.7931034482758621,True,0.90625,False,True
2022-07-25_44L2,2022-07-25,L,NEUTRAL,12,-205.0,-205.0,-180.0,-180.0,0.444,13.7,0.75,True,0.8839779005524862,True,True
2022-07-26_7L2,2022-07-26,L,BEAR,09,-205.0,-205.0,-205.0,-205.0,,,0.5,False,0.5966850828729282,True,False
2022-07-26_67L2,2022-07-26,L,NEUTRAL,14,-205.0,-205.0,-155.0,-155.0,0.484,16.0,0.8571428571428571,True,0.8695652173913043,False,True
2022-07-27_17L2,2022-07-27,L,BEAR,09,395.0,2245.0,395.0,-130.0,0.135,,0.75,True,0.6217616580310881,True,True
2022-07-27_25L2,2022-07-27,L,BEAR,11,-205.0,-205.0,-192.5,-192.5,0.356,,0.7647058823529411,True,0.9826589595375722,True,True
2022-07-27_52S2,2022-07-27,S,BULL,12,-205.0,-205.0,-105.0,-105.0,0.304,25.0,0.9,True,0.7246376811594203,True,True
2022-07-27_61S2,2022-07-27,S,BULL,13,-205.0,-205.0,-392.5,-392.5,0.098,19.8,0.3636363636363636,False,1.0377358490566038,True,True
2022-07-28_11S2,2022-07-28,S,NEUTRAL,09,-205.0,-205.0,-367.5,-367.5,0.603,,0.6774193548387097,False,0.6919642857142858,True,False
2022-07-28_33L2,2022-07-28,L,BULL,11,-205.0,-205.0,-192.5,-192.5,0.237,16.2,0.2941176470588235,False,0.6538461538461539,True,True
2022-07-28_60L2,2022-07-28,L,BULL,13,395.0,482.5,395.0,-130.0,0.194,26.6,0.9166666666666666,False,0.7058823529411765,True,True
2022-07-29_43S2,2022-07-29,S,BULL,12,-205.0,-205.0,-155.0,-155.0,0.558,19.0,0.7857142857142857,True,0.7865168539325842,False,True
2022-08-01_19S2,2022-08-01,S,NEUTRAL,10,395.0,-205.0,395.0,-142.5,0.042,,0.4615384615384615,True,0.4024767801857585,False,True
2022-08-02_10L2,2022-08-02,L,BEAR,09,395.0,-205.0,395.0,-30.0,,,0.8888888888888888,True,1.2089552238805972,False,False
2022-08-02_24L2,2022-08-02,L,BULL,10,-205.0,-205.0,-255.0,-255.0,0.276,,0.6363636363636364,False,0.7382550335570469,True,True
2022-08-02_56L2,2022-08-02,L,BEAR,13,395.0,-205.0,395.0,-280.0,0.371,36.6,0.5833333333333334,False,0.8664259927797834,False,True
2022-08-03_10S2,2022-08-03,S,BULL,09,395.0,-205.0,395.0,-205.0,,,0.7222222222222222,True,0.5625,False,False
2022-08-03_54S2,2022-08-03,S,BULL,12,-205.0,-205.0,-117.5,-117.5,0.056,29.9,0.1818181818181817,False,0.7236842105263158,False,True
2022-08-04_8L2,2022-08-04,L,BULL,09,-205.0,-205.0,-330.0,-330.0,,,0.8214285714285714,True,0.8200836820083681,True,False
2022-08-04_21S2,2022-08-04,S,NEUTRAL,10,395.0,-205.0,395.0,-205.0,0.158,,0.8888888888888888,False,0.6870229007633588,True,True
2022-08-05_17S2,2022-08-05,S,BULL,09,395.0,-205.0,395.0,-192.5,0.061,,0.7058823529411764,False,0.5841924398625429,False,True
2022-08-05_50L2,2022-08-05,L,BULL,12,-205.0,-205.0,-230.0,-230.0,0.47,24.0,0.95,True,1.0582010582010584,True,True
2022-08-05_65S2,2022-08-05,S,NEUTRAL,13,-205.0,-205.0,-130.0,-130.0,0.15,20.3,0.8333333333333334,True,0.6417112299465241,True,True
2022-08-08_11L2,2022-08-08,L,BEAR,09,-205.0,-205.0,-167.5,-167.5,0.366,,0.4,False,0.4587155963302752,True,False
2022-08-08_60S2,2022-08-08,S,NEUTRAL,13,395.0,-205.0,-142.5,-142.5,0.09,32.6,0.7692307692307692,True,0.5726872246696035,True,True
2022-08-08_73S2,2022-08-08,S,NEUTRAL,14,-205.0,-205.0,-192.5,-192.5,0.2,36.1,0.7647058823529411,True,0.7657657657657658,True,True
2022-08-09_10L2,2022-08-09,L,NEUTRAL,09,-205.0,-205.0,-355.0,-355.0,,,0.7,True,0.9507042253521126,False,False
2022-08-09_48S2,2022-08-09,S,NEUTRAL,12,395.0,-205.0,395.0,-105.0,0.222,22.8,0.4,False,0.6535947712418301,True,True
2022-08-09_62L2,2022-08-09,L,NEUTRAL,13,395.0,595.0,395.0,595.0,0.117,23.7,0.5714285714285714,True,0.8433734939759036,False,True
2022-08-09_77L2,2022-08-09,L,BULL,14,-205.0,257.5,-192.5,257.5,0.143,14.9,0.8823529411764706,True,1.069182389937107,True,True
2022-08-10_28L2,2022-08-10,L,NEUTRAL,10,-205.0,-205.0,-167.5,-167.5,0.232,,0.7333333333333333,True,0.7425742574257426,True,True
2022-08-11_17L2,2022-08-11,L,BEAR,09,-205.0,-205.0,-242.5,-242.5,0.02,,0.4285714285714285,False,0.9051724137931034,True,True
2022-08-11_81S2,2022-08-11,S,BEAR,15,-205.0,20.0,-67.5,20.0,0.294,35.6,1.0,True,0.3448275862068965,False,True
2022-08-12_9L2,2022-08-12,L,BEAR,09,-205.0,-205.0,395.0,2270.0,,,0.6666666666666666,True,1.1586206896551725,True,False
2022-08-12_30L2,2022-08-12,L,NEUTRAL,10,395.0,1607.5,395.0,1607.5,0.433,18.6,0.9285714285714286,True,0.8484848484848485,True,True
2022-08-12_43L2,2022-08-12,L,NEUTRAL,12,395.0,1270.0,-80.0,-80.0,0.538,28.6,0.5,False,0.8247422680412372,True,True
2022-08-12_75L2,2022-08-12,L,BULL,14,395.0,232.5,395.0,232.5,0.519,58.8,0.6,True,0.7142857142857143,True,True
2022-08-15_9S2,2022-08-15,S,BULL,09,395.0,-205.0,395.0,-230.0,,,0.55,True,0.7048458149779736,False,False
2022-08-16_12S2,2022-08-16,S,BEAR,09,395.0,-205.0,395.0,-192.5,0.267,,0.4117647058823529,False,0.7456140350877193,True,True
2022-08-16_43L2,2022-08-16,L,NEUTRAL,12,395.0,-205.0,-80.0,-80.0,0.259,27.3,0.5,True,0.6349206349206349,True,True
2022-08-16_75S2,2022-08-16,S,BULL,14,-205.0,-205.0,-142.5,-142.5,0.416,29.1,0.7692307692307692,True,0.6310679611650485,True,True
2022-08-17_9S2,2022-08-17,S,BULL,09,395.0,-205.0,395.0,-367.5,,,0.967741935483871,True,1.0829694323144106,False,False
2022-08-17_22S2,2022-08-17,S,BEAR,10,-205.0,-205.0,-217.5,-217.5,0.248,,0.8421052631578947,False,0.8636363636363636,True,True
2022-08-17_41S2,2022-08-17,S,BULL,11,-205.0,-205.0,-142.5,-142.5,0.681,18.1,0.9230769230769232,True,0.7738095238095237,False,True
2022-08-18_14L2,2022-08-18,L,BEAR,09,395.0,-205.0,395.0,620.0,0.323,,0.76,True,1.0964912280701753,True,True
2022-08-18_21L2,2022-08-18,L,BEAR,10,395.0,-205.0,395.0,-192.5,0.174,,0.8823529411764706,True,0.7623318385650224,True,True
2022-08-19_13L2,2022-08-19,L,BEAR,09,-205.0,-205.0,-242.5,-242.5,0.388,,0.9047619047619048,True,0.8366533864541832,False,True
2022-08-19_57S2,2022-08-19,S,NEUTRAL,13,395.0,257.5,395.0,257.5,0.403,19.6,0.7272727272727273,True,0.8208955223880596,True,True
2022-08-19_79S2,2022-08-19,S,NEUTRAL,15,-205.0,-5.0,-180.0,-5.0,0.067,16.1,1.0,True,0.8602150537634408,True,True
2022-08-22_15L2,2022-08-22,L,BEAR,09,-205.0,-205.0,-217.5,-217.5,0.529,,0.8421052631578947,True,0.8225108225108224,False,True
2022-08-22_42L2,2022-08-22,L,BEAR,11,-205.0,-205.0,-105.0,-105.0,0.03,26.1,0.9,True,0.5524861878453038,False,True
2022-08-23_10S2,2022-08-23,S,BULL,09,395.0,1370.0,395.0,1370.0,,,0.4583333333333333,False,0.5966850828729282,False,False
2022-08-23_27S2,2022-08-23,S,NEUTRAL,10,395.0,-205.0,395.0,-242.5,0.111,,0.2857142857142857,False,0.7865168539325843,True,True
2022-08-23_61S2,2022-08-23,S,NEUTRAL,13,-205.0,-205.0,-105.0,-105.0,0.037,14.3,0.3,True,0.5952380952380952,False,True
2022-08-24_16L2,2022-08-24,L,BEAR,09,395.0,557.5,395.0,557.5,0.269,,0.55,False,0.78125,True,True
2022-08-24_58S2,2022-08-24,S,BEAR,13,-205.0,-205.0,-92.5,-92.5,0.684,23.6,0.8888888888888888,True,0.6923076923076923,True,True
2022-08-25_32S2,2022-08-25,S,NEUTRAL,11,395.0,-205.0,395.0,-180.0,0.028,19.4,0.5625,True,0.7272727272727273,True,True
2022-08-25_57L2,2022-08-25,L,NEUTRAL,13,-205.0,-205.0,-167.5,-167.5,0.433,19.8,0.8666666666666667,True,1.1111111111111112,True,True
2022-08-25_70L2,2022-08-25,L,NEUTRAL,14,395.0,1007.5,395.0,1007.5,0.065,15.7,1.0,True,0.9629629629629628,True,True
2022-08-26_30S2,2022-08-26,S,BEAR,10,395.0,3007.5,395.0,3007.5,0.025,78.0,0.3,False,0.8875739644970415,True,True
2022-08-29_12S2,2022-08-29,S,BULL,09,395.0,-205.0,395.0,-255.0,0.103,,0.7272727272727273,True,0.6094182825484764,False,True
2022-08-29_25S2,2022-08-29,S,NEUTRAL,10,-205.0,-205.0,-330.0,-330.0,0.157,,0.8571428571428572,True,0.9302325581395348,True,True
2022-08-29_29L2,2022-08-29,L,NEUTRAL,10,395.0,-205.0,395.0,-192.5,0.254,10.7,0.975609756097561,True,1.1714285714285717,True,True
2022-08-29_45S2,2022-08-29,S,NEUTRAL,12,395.0,-205.0,395.0,-230.0,0.245,23.8,0.4499999999999999,False,0.8264462809917356,False,True
2022-08-30_24S2,2022-08-30,S,BEAR,10,-205.0,-205.0,-405.0,-405.0,0.1,,0.7058823529411764,True,0.8564231738035264,True,True
2022-08-30_66S2,2022-08-30,S,BEAR,13,-205.0,-205.0,-217.5,-217.5,0.08,30.6,0.368421052631579,False,0.7509881422924901,True,True
2022-08-31_11L2,2022-08-31,L,BEAR,09,-205.0,-205.0,-442.5,-442.5,0.02,,0.8648648648648649,False,0.8277404921700223,False,False
2022-09-01_7L2,2022-09-01,L,NEUTRAL,09,-205.0,-205.0,-517.5,-517.5,,,0.813953488372093,True,1.15695067264574,True,False
2022-09-01_56L2,2022-09-01,L,NEUTRAL,13,-205.0,-205.0,395.0,1570.0,0.14,14.9,0.9696969696969696,True,1.5137614678899085,True,True
2022-09-02_12L2,2022-09-02,L,BULL,09,395.0,-205.0,395.0,-442.5,0.241,,0.5135135135135135,True,0.8505747126436781,True,True
2022-09-02_22L2,2022-09-02,L,BULL,10,-205.0,-205.0,-317.5,-317.5,0.186,,0.8518518518518519,True,0.9090909090909092,True,True
2022-09-02_58S2,2022-09-02,S,BEAR,13,-205.0,-205.0,-317.5,-317.5,0.2,49.5,0.8518518518518519,True,0.8333333333333334,True,True
2022-09-06_12L2,2022-09-06,L,BEAR,09,395.0,470.0,395.0,470.0,0.299,,0.5294117647058824,False,0.7296137339055794,False,True
2022-09-06_51S2,2022-09-06,S,BULL,12,-205.0,-205.0,-292.5,-292.5,0.484,25.4,0.24,False,0.8223684210526316,True,True
2022-09-07_9S2,2022-09-07,S,NEUTRAL,09,-205.0,-205.0,-455.0,-455.0,,,0.6052631578947368,True,0.9559748427672956,True,False
2022-09-07_19L2,2022-09-07,L,BULL,10,395.0,2157.5,395.0,2157.5,0.672,,0.1764705882352941,False,0.5263157894736843,True,True
2022-09-07_28L2,2022-09-07,L,BULL,10,-205.0,-205.0,-330.0,-330.0,0.368,,0.25,False,1.0606060606060606,True,True
2022-09-07_60L2,2022-09-07,L,NEUTRAL,13,395.0,482.5,395.0,482.5,0.371,33.1,0.8461538461538461,True,0.5306122448979592,True,True
2022-09-08_48S2,2022-09-08,S,BEAR,12,-205.0,-205.0,-155.0,-155.0,0.527,26.6,0.2857142857142857,False,0.4651162790697674,False,True
2022-09-08_73S2,2022-09-08,S,NEUTRAL,14,395.0,-205.0,395.0,-192.5,0.061,14.6,0.7058823529411764,True,0.5483870967741935,True,True
2022-09-09_9S2,2022-09-09,S,BULL,09,-205.0,-205.0,-205.0,-205.0,,,0.0555555555555555,False,0.4948453608247423,False,False
2022-09-09_66L2,2022-09-09,L,BEAR,13,395.0,-92.5,395.0,-155.0,0.263,8.3,0.7142857142857143,False,0.8484848484848485,True,True
2022-09-12_22L2,2022-09-12,L,BEAR,10,395.0,-205.0,395.0,-217.5,0.381,,0.9473684210526316,True,0.9223300970873786,False,True
2022-09-13_41L2,2022-09-13,L,NEUTRAL,11,-205.0,-205.0,-205.0,-205.0,0.2,39.0,1.0,True,0.9045226130653268,True,True
2022-09-13_60S2,2022-09-13,S,NEUTRAL,13,395.0,2107.5,395.0,2107.5,0.65,31.6,1.0,True,1.1111111111111112,True,True
2022-09-14_9L2,2022-09-14,L,BEAR,09,-205.0,-205.0,-517.5,-517.5,,,0.4651162790697674,True,0.8775510204081632,True,False
2022-09-14_33L2,2022-09-14,L,BEAR,11,395.0,-205.0,395.0,-205.0,0.058,11.0,0.6111111111111112,False,0.759493670886076,False,True
2022-09-14_49L2,2022-09-14,L,NEUTRAL,12,-205.0,-205.0,-180.0,-180.0,0.291,8.2,0.75,False,0.7582938388625592,True,True
2022-09-14_63S2,2022-09-14,S,BEAR,13,395.0,-205.0,-167.5,-167.5,0.168,24.8,0.3333333333333333,False,0.6097560975609756,True,True
2022-09-15_14L2,2022-09-15,L,BEAR,09,-205.0,-205.0,-392.5,-392.5,0.393,,0.4242424242424242,False,0.8638743455497382,False,True
2022-09-15_57L2,2022-09-15,L,BEAR,13,395.0,-205.0,395.0,-305.0,0.703,20.9,0.4230769230769231,False,1.0441767068273091,False,True
2022-09-16_22L2,2022-09-16,L,NEUTRAL,10,-205.0,-205.0,-230.0,-230.0,0.032,,0.5,False,0.5602240896358543,True,True
2022-09-16_74L2,2022-09-16,L,BULL,14,395.0,495.0,395.0,495.0,0.155,29.6,0.4782608695652174,False,1.2742382271468145,True,True
2022-09-19_17S2,2022-09-19,S,BULL,09,-205.0,-205.0,395.0,-292.5,0.384,,0.92,True,0.7331378299120235,False,True
2022-09-19_51L2,2022-09-19,L,BEAR,12,-205.0,-205.0,-255.0,-255.0,0.253,14.5,0.6818181818181818,False,1.0476190476190477,True,True
2022-09-20_8L2,2022-09-20,L,BEAR,09,-205.0,-205.0,-442.5,-442.5,,,0.4594594594594595,False,1.15625,False,False
2022-09-20_51L2,2022-09-20,L,BEAR,12,-205.0,-205.0,-142.5,-142.5,0.531,31.9,0.6923076923076923,True,0.6372549019607844,False,True
2022-09-21_9L2,2022-09-21,L,BULL,09,-205.0,-205.0,-442.5,-442.5,,,0.972972972972973,True,1.088235294117647,True,False
2022-09-26_9S2,2022-09-26,S,BULL,09,-205.0,-205.0,-442.5,-442.5,,,0.8648648648648649,True,0.8131868131868132,True,False
2022-09-26_34S2,2022-09-26,S,NEUTRAL,11,-205.0,-205.0,-180.0,-180.0,0.074,25.6,0.5625,False,0.5063291139240506,True,True
2022-09-26_68S2,2022-09-26,S,BULL,14,-205.0,-205.0,395.0,-342.5,0.287,18.9,0.5517241379310345,False,0.9090909090909092,False,True
2022-09-27_15S2,2022-09-27,S,BULL,09,-205.0,-205.0,-555.0,-555.0,0.029,,0.8478260869565217,True,0.8914728682170543,True,True
2022-09-27_41S2,2022-09-27,S,NEUTRAL,11,-205.0,-205.0,-292.5,-292.5,0.179,49.1,0.16,False,0.6578947368421053,True,True
2022-09-27_60L2,2022-09-27,L,NEUTRAL,13,395.0,820.0,395.0,820.0,0.169,39.7,0.9666666666666668,True,1.060070671378092,False,True
2022-09-28_21L2,2022-09-28,L,BULL,10,395.0,1957.5,395.0,1957.5,0.321,,0.125,False,0.6060606060606061,True,True
2022-09-28_43L2,2022-09-28,L,BULL,12,-205.0,-205.0,-180.0,-180.0,0.02,58.9,0.9375,True,0.5925925925925926,True,True
2022-09-28_54L2,2022-09-28,L,BULL,12,395.0,1070.0,395.0,1070.0,0.517,41.2,0.8888888888888888,False,0.8108108108108109,False,True
2022-09-29_15L2,2022-09-29,L,BEAR,09,395.0,-205.0,395.0,-430.0,0.367,,0.6666666666666666,True,0.8716707021791769,False,True
2022-09-29_60L2,2022-09-29,L,BEAR,13,395.0,1482.5,395.0,1482.5,0.333,28.3,0.4761904761904761,True,0.9130434782608696,False,True
2022-09-30_11L2,2022-09-30,L,BEAR,09,-205.0,-205.0,395.0,-630.0,0.065,,0.7692307692307693,False,0.8695652173913044,True,False
2022-09-30_19L2,2022-09-30,L,NEUTRAL,10,-205.0,-205.0,-342.5,-342.5,0.687,,0.7586206896551724,True,0.7360406091370558,True,True
2022-09-30_48L2,2022-09-30,L,NEUTRAL,12,-205.0,-205.0,-205.0,-205.0,0.235,23.4,0.2777777777777778,True,0.8219178082191781,False,True
2022-10-03_20L2,2022-10-03,L,BULL,10,-205.0,-205.0,-205.0,-205.0,0.493,,0.2777777777777778,False,0.7086614173228347,True,True
2022-10-03_25L2,2022-10-03,L,BULL,10,-205.0,-205.0,-205.0,-205.0,0.172,,0.7777777777777778,False,0.782608695652174,True,True
2022-10-03_38L2,2022-10-03,L,BEAR,11,-205.0,-205.0,395.0,1432.5,0.0,29.2,0.9666666666666668,True,1.1673151750972763,True,True
2022-10-03_71L2,2022-10-03,L,BULL,14,-205.0,-205.0,-317.5,-317.5,0.205,47.7,0.5555555555555556,False,1.5254237288135597,True,True
2022-10-04_14L2,2022-10-04,L,NEUTRAL,09,-205.0,-205.0,-355.0,-355.0,0.329,,0.9666666666666668,True,0.9646302250803858,True,True
2022-10-04_25L2,2022-10-04,L,NEUTRAL,10,-205.0,-205.0,-92.5,-92.5,0.189,,0.7777777777777778,True,0.3930131004366812,True,True
2022-10-04_30L2,2022-10-04,L,BEAR,11,-205.0,-205.0,-142.5,-142.5,0.023,33.6,0.3076923076923077,True,0.6467661691542288,True,True
2022-10-04_56S2,2022-10-04,S,BULL,13,395.0,-205.0,395.0,-180.0,0.976,22.4,0.75,False,0.642570281124498,False,True
2022-10-05_21S2,2022-10-05,S,BEAR,10,-205.0,-205.0,-292.5,-292.5,0.12,,0.6,True,0.8278145695364238,True,True
2022-10-05_56L2,2022-10-05,L,BULL,13,395.0,645.0,395.0,645.0,0.244,30.8,0.75,True,1.2260536398467432,True,True
2022-10-06_51L2,2022-10-06,L,BULL,12,-205.0,-205.0,-217.5,-217.5,0.072,7.4,0.2105263157894736,False,0.7480314960629921,False,True
2022-10-06_69S2,2022-10-06,S,BEAR,14,-205.0,-205.0,-217.5,-217.5,0.47,27.8,0.3157894736842105,True,0.7335907335907337,True,True
2022-10-07_17S2,2022-10-07,S,BULL,09,-205.0,-205.0,395.0,1920.0,0.483,,0.4666666666666667,False,0.9316770186335402,True,True
2022-10-07_50L2,2022-10-07,L,NEUTRAL,12,-205.0,-205.0,-205.0,-205.0,0.057,39.3,0.3333333333333333,False,0.9424083769633508,False,True
2022-10-07_58L2,2022-10-07,L,BEAR,13,-205.0,-205.0,-292.5,-292.5,0.253,31.9,1.0,True,1.1904761904761905,False,True
2022-10-10_10L2,2022-10-10,L,BEAR,09,395.0,-205.0,395.0,-242.5,,,0.4761904761904761,True,0.4871134020618556,False,False
2022-10-10_28L2,2022-10-10,L,BEAR,10,395.0,-205.0,395.0,-355.0,0.115,,0.9,True,0.9933774834437088,False,True
2022-10-10_34L2,2022-10-10,L,BEAR,11,-205.0,-205.0,-167.5,-167.5,0.136,16.1,0.7333333333333333,True,0.6122448979591837,False,True
2022-10-10_60L2,2022-10-10,L,NEUTRAL,13,395.0,-205.0,395.0,-205.0,0.142,23.3,0.3529411764705882,False,1.0179640718562877,True,True
2022-10-11_12L2,2022-10-11,L,BEAR,09,-205.0,-205.0,-217.5,-217.5,0.203,,0.0526315789473684,False,0.581039755351682,False,True
2022-10-11_47L2,2022-10-11,L,BEAR,12,-205.0,-205.0,-367.5,-367.5,0.204,37.0,0.5806451612903226,False,1.225296442687747,True,True
2022-10-11_77S2,2022-10-11,S,BEAR,14,-205.0,-205.0,-367.5,-367.5,0.283,38.3,0.1935483870967742,False,0.8031088082901554,True,True
2022-10-12_11S2,2022-10-12,S,BEAR,09,-205.0,-205.0,-417.5,-417.5,0.108,,0.3428571428571428,False,0.6822612085769981,True,False
2022-10-12_17L2,2022-10-12,L,NEUTRAL,09,395.0,-205.0,395.0,-430.0,0.143,,0.8333333333333334,True,0.935064935064935,True,True
2022-10-12_38L2,2022-10-12,L,BEAR,11,-205.0,-205.0,-205.0,-205.0,0.412,16.0,0.8888888888888888,True,0.7627118644067796,False,True
2022-10-13_15L2,2022-10-13,L,NEUTRAL,09,395.0,6407.5,395.0,6407.5,0.265,,0.9166666666666666,True,0.9302325581395348,True,True
2022-10-13_37L2,2022-10-13,L,BULL,11,395.0,1932.5,395.0,1932.5,0.165,69.5,0.3529411764705882,False,0.6082289803220036,True,True
2022-10-13_56L2,2022-10-13,L,BULL,13,-205.0,-205.0,-255.0,-255.0,0.322,60.3,0.7727272727272727,False,0.6547619047619048,True,True
2022-10-13_81S2,2022-10-13,S,BULL,15,-205.0,245.0,-117.5,245.0,0.248,34.6,1.0,True,0.3005464480874317,False,True
2022-10-14_27L2,2022-10-14,L,BEAR,10,-205.0,-205.0,-442.5,-442.5,0.127,,0.8378378378378378,True,0.7789473684210526,False,True
2022-10-14_81L2,2022-10-14,L,BEAR,15,-205.0,57.5,-130.0,57.5,0.135,14.8,0.8333333333333334,True,0.3833865814696485,False,True
2022-10-17_14L2,2022-10-17,L,NEUTRAL,09,-205.0,-205.0,-442.5,-442.5,0.009,,0.1351351351351351,False,0.9660574412532638,True,True
2022-10-17_44L2,2022-10-17,L,BEAR,12,-205.0,-205.0,395.0,332.5,0.057,12.6,0.5151515151515151,False,1.2043795620437956,True,True
2022-10-18_32S2,2022-10-18,S,BEAR,11,-205.0,-205.0,-142.5,-142.5,0.224,59.6,0.0,False,0.4140127388535032,True,True
2022-10-18_60L2,2022-10-18,L,NEUTRAL,13,-205.0,-205.0,-355.0,-355.0,0.047,13.3,0.9666666666666668,True,1.2096774193548387,True,True
2022-10-18_69S2,2022-10-18,S,NEUTRAL,14,-205.0,-205.0,-305.0,-305.0,0.636,27.1,0.7692307692307692,False,0.654911838790932,True,True
2022-10-19_9S2,2022-10-19,S,BULL,09,-205.0,-205.0,-367.5,-367.5,,,0.4193548387096774,False,0.5862884160756501,True,False
2022-10-19_53S2,2022-10-19,S,BEAR,12,-205.0,-205.0,-355.0,-355.0,0.347,37.4,0.8,True,1.0169491525423728,True,True
2022-10-19_62S2,2022-10-19,S,NEUTRAL,13,395.0,-205.0,395.0,-255.0,0.584,25.0,0.3636363636363636,False,0.8270676691729323,False,True
2022-10-19_76S2,2022-10-19,S,NEUTRAL,14,-205.0,-205.0,-255.0,-255.0,0.179,16.8,0.409090909090909,False,0.859375,True,True
2022-10-20_16L2,2022-10-20,L,BULL,09,395.0,-205.0,395.0,-355.0,0.403,,0.5666666666666667,False,0.7556675062972291,True,True
2022-10-20_49S2,2022-10-20,S,BEAR,12,395.0,370.0,395.0,370.0,0.281,38.0,0.368421052631579,False,0.6551724137931034,True,True
2022-10-20_80L2,2022-10-20,L,NEUTRAL,15,-205.0,-205.0,-242.5,182.5,0.161,22.3,0.8571428571428571,True,0.695364238410596,True,True
2022-10-21_23S2,2022-10-21,S,BEAR,10,-205.0,-205.0,-367.5,-367.5,0.012,,0.8064516129032258,True,0.7294117647058823,True,True
2022-10-21_36L2,2022-10-21,L,NEUTRAL,11,-205.0,-205.0,-580.0,-580.0,0.247,22.8,0.8958333333333334,True,1.0983981693363845,True,True
2022-10-21_47L2,2022-10-21,L,NEUTRAL,12,-205.0,-205.0,395.0,1457.5,0.131,28.4,0.9444444444444444,True,1.0557184750733135,True,True
2022-10-21_54S2,2022-10-21,S,BULL,12,-205.0,-205.0,-192.5,-192.5,0.438,30.5,0.7058823529411764,False,0.6439393939393939,False,True
2022-10-24_20S2,2022-10-24,S,BULL,10,-205.0,-205.0,-505.0,-505.0,0.138,,0.6666666666666667,True,0.7954545454545455,False,True
2022-10-25_8S2,2022-10-25,S,NEUTRAL,09,-205.0,-205.0,-392.5,-392.5,,,0.8181818181818181,True,0.7451612903225807,False,False
2022-10-25_68L2,2022-10-25,L,BULL,15,-205.0,-205.0,-217.5,-217.5,0.118,21.0,0.9473684210526316,True,1.111111111111111,True,True
2022-10-25_77L2,2022-10-25,L,BULL,14,-205.0,-205.0,-142.5,-142.5,0.275,27.0,0.8461538461538461,False,0.8387096774193549,True,True
2022-10-26_18S2,2022-10-26,S,BULL,10,-205.0,-205.0,-230.0,-230.0,0.28,,0.4,True,0.5291005291005292,False,True
2022-10-27_18S2,2022-10-27,S,NEUTRAL,10,-205.0,-205.0,395.0,3295.0,0.092,,0.2424242424242424,False,0.8418367346938775,True,True
2022-10-27_63S2,2022-10-27,S,BEAR,13,395.0,-205.0,-117.5,-117.5,0.378,27.3,0.6363636363636364,True,0.6547619047619048,True,True
2022-10-28_9S2,2022-10-28,S,NEUTRAL,09,395.0,-205.0,395.0,-430.0,,,0.6666666666666667,False,0.7559055118110236,True,False
2022-10-28_43L2,2022-10-28,L,BULL,12,395.0,1145.0,395.0,1145.0,0.47,35.0,0.4666666666666667,False,0.7389162561576355,True,True
2022-10-28_58L2,2022-10-28,L,NEUTRAL,13,395.0,1020.0,395.0,1020.0,0.233,33.8,0.9333333333333332,True,0.9803921568627452,True,True
2022-10-28_72L2,2022-10-28,L,NEUTRAL,14,395.0,407.5,395.0,407.5,0.298,39.0,0.9166666666666666,True,0.8,True,True
2022-10-31_19L2,2022-10-31,L,NEUTRAL,10,395.0,-205.0,395.0,-255.0,0.196,,0.6363636363636364,True,0.8461538461538461,True,True
2022-10-31_42S2,2022-10-31,S,NEUTRAL,11,-205.0,-205.0,-255.0,-255.0,0.062,18.1,0.8636363636363636,True,0.8270676691729323,True,True
2022-11-01_24L2,2022-11-01,L,NEUTRAL,10,-205.0,-205.0,-305.0,-305.0,0.255,,0.2692307692307692,True,0.7647058823529411,False,True
2022-11-02_17S2,2022-11-02,S,BEAR,09,-205.0,-205.0,-180.0,-180.0,0.119,,0.4375,False,0.9195402298850576,True,True
2022-11-02_48S2,2022-11-02,S,NEUTRAL,12,-205.0,-205.0,-105.0,-105.0,0.412,22.9,0.7,True,0.7633587786259542,True,True
2022-11-03_8L2,2022-11-03,L,NEUTRAL,09,-205.0,-205.0,395.0,332.5,,,0.8690476190476191,True,1.765765765765766,False,False
2022-11-03_26L2,2022-11-03,L,NEUTRAL,10,395.0,-205.0,395.0,-442.5,0.23,,0.2162162162162162,False,1.167192429022082,True,True
2022-11-03_49L2,2022-11-03,L,BULL,12,-205.0,-205.0,-142.5,-142.5,0.277,15.3,0.9230769230769232,True,0.5531914893617021,False,True
2022-11-03_67L2,2022-11-03,L,BULL,14,-205.0,-205.0,-267.5,-267.5,0.423,12.9,0.9130434782608696,True,1.1004784688995215,True,True
2022-11-04_43S2,2022-11-04,S,BEAR,12,-205.0,-205.0,-342.5,-342.5,0.01,32.5,0.5172413793103448,False,0.7360406091370558,True,True
2022-11-07_14S2,2022-11-07,S,NEUTRAL,09,-205.0,-205.0,-280.0,-280.0,0.0,,0.5416666666666667,True,0.6233766233766234,True,True
2022-11-08_8L2,2022-11-08,L,NEUTRAL,09,395.0,-205.0,395.0,-330.0,,,0.1785714285714285,True,0.8235294117647058,True,False
2022-11-08_21L2,2022-11-08,L,BULL,12,-205.0,-205.0,-330.0,-330.0,0.556,,0.8928571428571429,True,1.2612612612612613,True,True
2022-11-08_33L2,2022-11-08,L,BULL,11,-205.0,-205.0,-130.0,-130.0,0.091,64.0,0.8333333333333334,True,0.6486486486486487,True,True
2022-11-09_19L2,2022-11-09,L,BEAR,10,395.0,-205.0,395.0,-567.5,0.627,,0.7021276595744681,False,1.2207792207792207,False,True
2022-11-09_43L2,2022-11-09,L,NEUTRAL,12,-205.0,-205.0,-230.0,-230.0,0.182,19.9,0.95,True,0.9174311926605504,False,True
2022-11-10_13L2,2022-11-10,L,NEUTRAL,09,-205.0,-205.0,-230.0,-230.0,0.356,,0.75,False,0.4347826086956521,True,True
2022-11-10_28S2,2022-11-10,S,NEUTRAL,10,-205.0,-205.0,-355.0,-355.0,0.209,,0.9666666666666668,True,0.925925925925926,False,True
2022-11-10_53S2,2022-11-10,S,NEUTRAL,12,-205.0,-205.0,-267.5,-267.5,0.344,17.7,0.3478260869565217,False,0.795847750865052,False,True
2022-11-10_62L2,2022-11-10,L,NEUTRAL,13,395.0,1457.5,395.0,1457.5,0.18,19.5,0.8333333333333334,False,0.932642487046632,True,True
2022-11-11_8L2,2022-11-11,L,NEUTRAL,09,-205.0,-205.0,395.0,1257.5,,,0.6836734693877551,True,1.9055555555555557,True,False
2022-11-11_19L2,2022-11-11,L,BULL,10,-205.0,-205.0,-242.5,-242.5,0.149,,0.3809523809523809,False,0.6231454005934718,True,True
2022-11-11_77S2,2022-11-11,S,BULL,14,-205.0,-205.0,-180.0,-180.0,0.158,20.5,0.125,False,0.6299212598425197,False,True
2022-11-14_16S2,2022-11-14,S,NEUTRAL,09,-205.0,-205.0,-267.5,-267.5,0.351,,0.7391304347826086,False,0.7796610169491526,False,True
2022-11-15_13S2,2022-11-15,S,NEUTRAL,09,-205.0,-205.0,-230.0,-230.0,0.153,,0.4499999999999999,False,0.5376344086021505,False,True
2022-11-15_24S2,2022-11-15,S,BEAR,10,-205.0,-205.0,-317.5,-317.5,0.27,,0.7777777777777778,False,0.7180851063829787,True,True
2022-11-15_33L2,2022-11-15,L,BEAR,11,-205.0,-205.0,-267.5,-267.5,0.072,18.5,0.8695652173913043,True,0.759075907590759,False,True
2022-11-15_60S2,2022-11-15,S,BEAR,13,-205.0,-205.0,-605.0,-605.0,0.322,34.5,0.1999999999999999,False,0.7473841554559043,False,True
2022-11-16_10S2,2022-11-16,S,BEAR,09,-205.0,-205.0,-430.0,-430.0,,,0.7777777777777778,False,0.9759036144578314,True,False
2022-11-16_26S2,2022-11-16,S,BEAR,10,-205.0,-205.0,-267.5,-267.5,0.01,,0.9130434782608696,True,0.982905982905983,True,True
2022-11-16_61S2,2022-11-16,S,NEUTRAL,13,-205.0,-205.0,-167.5,-167.5,0.317,20.4,0.6,False,0.8982035928143713,True,True
2022-11-17_10L2,2022-11-17,L,BULL,09,395.0,-205.0,395.0,-342.5,,,0.7241379310344828,True,0.9595588235294118,True,False
2022-11-17_39L2,2022-11-17,L,BULL,11,395.0,-205.0,395.0,-217.5,0.544,27.2,1.0,True,0.7983193277310924,True,True
2022-11-18_10L2,2022-11-18,L,BEAR,09,-205.0,-205.0,-230.0,-230.0,,,0.0,False,0.5625,False,False
2022-11-21_20L2,2022-11-21,L,NEUTRAL,10,-205.0,-205.0,-155.0,-155.0,0.35,,0.6428571428571429,False,0.6542056074766356,False,True
2022-11-22_13L2,2022-11-22,L,NEUTRAL,09,-205.0,-205.0,-205.0,-205.0,0.562,,0.8888888888888888,True,0.7563025210084033,True,True
2022-11-22_19S2,2022-11-22,S,NEUTRAL,10,-205.0,-205.0,-242.5,-242.5,0.01,,0.2857142857142857,False,0.9251101321585904,False,True
2022-11-23_20L2,2022-11-23,L,BULL,10,-205.0,-205.0,-192.5,-192.5,0.429,,0.2941176470588235,False,1.0,True,True
2022-11-23_37S2,2022-11-23,S,BULL,11,395.0,-205.0,395.0,-142.5,0.542,29.4,0.7692307692307692,False,0.6989247311827956,True,True
2022-11-23_68L2,2022-11-23,L,NEUTRAL,14,-205.0,-205.0,-255.0,-255.0,0.188,22.2,0.8181818181818182,False,0.873015873015873,True,True
2022-11-23_77L2,2022-11-23,L,NEUTRAL,14,-205.0,220.0,-230.0,220.0,0.075,17.6,0.3,False,1.1299435028248588,True,True
2022-11-25_16L2,2022-11-25,L,NEUTRAL,09,-205.0,-205.0,-92.5,-92.5,0.222,,0.6666666666666666,True,0.6923076923076923,True,True
2022-11-25_31S2,2022-11-25,S,NEUTRAL,11,-205.0,45.0,-80.0,45.0,0.2,25.5,0.625,True,0.8247422680412372,True,True
2022-11-28_9S2,2022-11-28,S,BEAR,09,-205.0,-205.0,-167.5,-167.5,,,0.5333333333333333,True,0.6818181818181818,True,False
2022-11-28_19L2,2022-11-28,L,BEAR,10,-205.0,-205.0,-167.5,-167.5,0.67,,0.2,False,0.7075471698113208,False,True
2022-11-29_9S2,2022-11-29,S,NEUTRAL,09,-205.0,-205.0,-417.5,-417.5,,,0.2857142857142857,False,1.2612612612612613,True,False
2022-11-29_33S2,2022-11-29,S,BULL,11,-205.0,-205.0,-180.0,-180.0,0.371,34.6,0.4375,False,0.8163265306122448,True,True
2022-11-30_10S2,2022-11-30,S,BEAR,09,395.0,-205.0,395.0,-367.5,,,0.8387096774193549,True,0.905844155844156,True,False
2022-11-30_37L2,2022-11-30,L,BEAR,11,-205.0,-205.0,-130.0,-130.0,0.614,41.2,0.5,True,0.7142857142857143,False,True
2022-12-01_30L2,2022-12-01,L,NEUTRAL,10,-205.0,-205.0,-280.0,-280.0,0.141,24.6,0.7083333333333334,True,0.7792207792207793,False,True
2022-12-02_8S2,2022-12-02,S,NEUTRAL,09,-205.0,-205.0,-467.5,-467.5,,,0.8974358974358975,True,0.978494623655914,True,False
2022-12-05_11S2,2022-12-05,S,NEUTRAL,09,-205.0,-205.0,-192.5,-192.5,0.516,,0.8823529411764706,True,0.5841924398625429,True,False
2022-12-05_30S2,2022-12-05,S,BEAR,11,395.0,1020.0,395.0,1020.0,0.881,36.2,1.0,True,1.155778894472362,True,True
2022-12-05_52S2,2022-12-05,S,BEAR,12,395.0,345.0,395.0,345.0,0.011,35.6,0.75,True,1.6666666666666663,True,True
2022-12-06_12S2,2022-12-06,S,NEUTRAL,09,395.0,1145.0,395.0,1145.0,0.704,,0.0869565217391304,False,0.7120743034055729,True,True
2022-12-06_22S2,2022-12-06,S,BEAR,10,-205.0,-205.0,-317.5,-317.5,0.429,,0.8888888888888888,False,1.0384615384615383,True,True
2022-12-06_29S2,2022-12-06,S,BEAR,10,395.0,795.0,395.0,795.0,0.093,71.2,0.4615384615384615,False,0.5627705627705627,True,True
2022-12-06_39S2,2022-12-06,S,BEAR,11,395.0,257.5,395.0,257.5,0.185,66.4,0.6470588235294117,True,0.7083333333333334,True,True
2022-12-06_56S2,2022-12-06,S,BEAR,13,395.0,-205.0,395.0,-305.0,0.277,61.4,0.8076923076923077,True,1.4689265536723164,True,True
2022-12-06_78S2,2022-12-06,S,NEUTRAL,14,-205.0,-205.0,-305.0,-92.5,0.304,31.7,0.4230769230769231,True,1.0116731517509727,False,True
2022-12-07_11S2,2022-12-07,S,BULL,09,-205.0,-205.0,-555.0,-555.0,0.09,,0.7391304347826086,True,0.8966861598440546,True,False
2022-12-08_12L2,2022-12-08,L,BEAR,09,395.0,-205.0,395.0,-205.0,0.548,,0.8333333333333334,True,0.5750798722044729,True,True
2022-12-08_33L2,2022-12-08,L,NEUTRAL,11,-205.0,-205.0,-242.5,-242.5,0.4,18.6,0.9047619047619048,True,1.0396039603960396,True,True
2022-12-08_61S2,2022-12-08,S,NEUTRAL,13,-205.0,-205.0,-292.5,-292.5,0.786,22.2,0.84,True,1.0683760683760684,True,True
2022-12-09_11S2,2022-12-09,S,BEAR,09,-205.0,-205.0,-405.0,-405.0,0.021,,0.6764705882352942,True,0.7439824945295405,True,False
2022-12-09_28L2,2022-12-09,L,BULL,10,-205.0,-205.0,-417.5,-417.5,0.081,,0.9714285714285714,True,1.325757575757576,True,True
2022-12-09_37L2,2022-12-09,L,BULL,11,-205.0,-205.0,-142.5,-142.5,0.106,21.4,0.2307692307692307,True,0.6666666666666666,True,True
2022-12-09_55L2,2022-12-09,L,BEAR,13,-205.0,-205.0,-117.5,-117.5,0.256,17.7,0.8181818181818182,False,0.6285714285714286,False,True
2022-12-12_12L2,2022-12-12,L,NEUTRAL,09,395.0,2082.5,395.0,2082.5,0.328,,0.96,True,0.9689922480620154,True,True
2022-12-12_30L2,2022-12-12,L,NEUTRAL,10,395.0,1545.0,-130.0,-130.0,0.027,31.6,0.25,False,0.7407407407407408,True,True
2022-12-12_37L2,2022-12-12,L,BEAR,11,395.0,1507.5,395.0,-180.0,0.187,34.0,0.625,True,1.081081081081081,True,True
2022-12-12_42L2,2022-12-12,L,NEUTRAL,11,-205.0,-205.0,-155.0,-155.0,0.217,35.8,0.9285714285714286,True,0.9655172413793104,True,True
2022-12-12_56S2,2022-12-12,S,BEAR,13,-205.0,-205.0,-217.5,-217.5,0.18,24.1,0.736842105263158,True,1.4285714285714286,True,True
2022-12-13_16L2,2022-12-13,L,BEAR,09,-205.0,-205.0,395.0,-617.5,0.587,,0.9607843137254902,True,0.905861456483126,False,True
2022-12-14_13S2,2022-12-14,S,BULL,09,-205.0,-205.0,-217.5,-217.5,0.44,,0.4210526315789473,False,0.8675799086757991,False,True
2022-12-14_61S2,2022-12-14,S,NEUTRAL,13,-205.0,-205.0,395.0,-492.5,0.801,37.7,0.5609756097560976,False,0.6591639871382636,True,True
2022-12-15_14L2,2022-12-15,L,NEUTRAL,09,-205.0,-205.0,-480.0,-480.0,0.222,,0.675,False,1.015228426395939,False,True
2022-12-15_27S2,2022-12-15,S,BEAR,10,395.0,-205.0,395.0,-292.5,0.579,,0.52,True,0.9191176470588236,True,True
2022-12-15_35S2,2022-12-15,S,BEAR,11,-205.0,-205.0,-280.0,-280.0,0.174,57.2,0.25,False,0.9958506224066388,True,True
2022-12-15_49S2,2022-12-15,S,BEAR,12,-205.0,-205.0,-192.5,-192.5,0.6,47.4,0.2352941176470588,False,0.821256038647343,True,True
2022-12-16_15L2,2022-12-16,L,BEAR,09,-205.0,-205.0,395.0,-430.0,0.556,,0.8055555555555556,True,0.9677419354838708,False,True
2022-12-19_17S2,2022-12-19,S,NEUTRAL,09,395.0,1432.5,395.0,1432.5,0.014,,0.3529411764705882,False,0.7423580786026202,True,True
2022-12-19_24S2,2022-12-19,S,BEAR,10,395.0,932.5,395.0,932.5,0.308,,0.1666666666666666,False,1.1162790697674418,True,True
2022-12-19_35S2,2022-12-19,S,BEAR,11,395.0,957.5,395.0,957.5,0.119,25.1,0.5625,True,0.8040201005025126,True,True
2022-12-20_15S2,2022-12-20,S,BULL,09,-205.0,-205.0,395.0,-280.0,0.912,,0.5,False,0.7121661721068249,False,True
2022-12-21_28L2,2022-12-21,L,BULL,10,-205.0,-205.0,-217.5,-217.5,0.293,,1.0,True,0.945273631840796,True,True
2022-12-21_40S2,2022-12-21,S,NEUTRAL,11,-205.0,-205.0,-117.5,-117.5,0.053,28.3,0.2727272727272727,False,0.632183908045977,True,True
2022-12-21_52L2,2022-12-21,L,NEUTRAL,13,-205.0,-205.0,-167.5,-167.5,0.024,19.9,0.9333333333333332,True,0.8928571428571428,True,True
2022-12-21_67L2,2022-12-21,L,BULL,14,-205.0,-205.0,-230.0,-230.0,0.363,17.4,0.75,True,1.0362694300518134,False,True
2022-12-21_77S2,2022-12-21,S,NEUTRAL,14,-205.0,-205.0,-217.5,-217.5,0.213,24.2,0.3157894736842105,False,0.9793814432989691,True,True
2022-12-22_15L2,2022-12-22,L,BEAR,09,-205.0,-205.0,-180.0,-180.0,0.582,,0.375,False,0.5970149253731343,False,True
2022-12-23_9L2,2022-12-23,L,BEAR,09,-205.0,-205.0,395.0,1532.5,,,0.8253968253968254,True,1.045643153526971,True,False
2022-12-23_26L2,2022-12-23,L,NEUTRAL,10,395.0,770.0,395.0,770.0,0.015,,0.1428571428571428,False,0.7046979865771812,True,True
2022-12-23_47L2,2022-12-23,L,NEUTRAL,12,-205.0,-205.0,-305.0,-305.0,0.196,28.9,0.7307692307692307,True,1.1607142857142858,True,True
2022-12-23_64S2,2022-12-23,S,BULL,13,-205.0,-205.0,-205.0,-205.0,0.148,16.5,0.7222222222222222,True,0.9278350515463918,False,True
2022-12-27_13S2,2022-12-27,S,NEUTRAL,09,-205.0,-205.0,-330.0,-330.0,0.373,,0.6428571428571428,True,0.7977207977207977,False,True
2022-12-28_16S2,2022-12-28,S,BEAR,09,395.0,1782.5,395.0,1782.5,0.517,,0.8947368421052632,True,0.6462585034013606,True,True
2022-12-28_55L2,2022-12-28,L,BEAR,13,-205.0,-205.0,-155.0,-155.0,0.349,24.4,0.3571428571428571,False,0.7216494845360826,False,True
2022-12-29_16S2,2022-12-29,S,BULL,09,-205.0,-205.0,-130.0,-130.0,0.376,,0.8333333333333334,True,0.5633802816901409,False,True
2022-12-30_12S2,2022-12-30,S,BULL,09,-205.0,-205.0,-230.0,-230.0,0.047,,0.25,False,0.5524861878453038,True,True
2022-12-30_35L2,2022-12-30,L,NEUTRAL,11,-205.0,-205.0,-155.0,-155.0,0.39,12.8,0.5714285714285714,True,0.8433734939759036,True,True
2022-12-30_42L2,2022-12-30,L,BEAR,12,-205.0,-205.0,-217.5,-217.5,0.2,12.7,0.0526315789473684,False,1.3194444444444444,True,True
2022-12-30_55S2,2022-12-30,S,NEUTRAL,13,-205.0,-205.0,-142.5,-142.5,0.43,24.6,0.9230769230769232,True,0.5909090909090909,True,True
2023-01-03_20S2,2023-01-03,S,BULL,10,395.0,670.0,395.0,670.0,0.098,,0.967741935483871,True,1.0163934426229508,True,True
2023-01-03_45L2,2023-01-03,L,NEUTRAL,12,395.0,-205.0,-142.5,-142.5,0.033,35.8,0.3846153846153846,False,0.4452054794520548,False,True
2023-01-03_71S2,2023-01-03,S,BULL,14,-205.0,-205.0,-267.5,-267.5,0.333,21.5,0.8260869565217391,False,0.6948640483383686,False,True
2023-01-04_15S2,2023-01-04,S,BULL,09,-205.0,-205.0,-280.0,-280.0,0.143,,0.7916666666666666,True,0.534521158129176,True,True
2023-01-04_37L2,2023-01-04,L,BULL,11,-205.0,-205.0,-205.0,-205.0,0.147,27.6,0.1111111111111111,False,1.1180124223602483,True,True
2023-01-04_51S2,2023-01-04,S,BULL,12,395.0,-205.0,395.0,-167.5,0.048,17.3,0.4,False,0.8021390374331551,False,True
2023-01-04_59S2,2023-01-04,S,NEUTRAL,14,-205.0,-205.0,395.0,-30.0,0.375,24.5,0.196078431372549,False,1.2718204488778055,True,True
2023-01-04_65S2,2023-01-04,S,BEAR,13,-205.0,-205.0,-355.0,-355.0,0.214,30.0,0.6666666666666667,False,0.5163511187607573,True,True
2023-01-05_15L2,2023-01-05,L,BEAR,09,-205.0,-205.0,-292.5,-292.5,0.197,,0.72,True,0.6345177664974619,False,True
2023-01-05_76L2,2023-01-05,L,BEAR,14,-205.0,-205.0,-267.5,-267.5,0.718,18.7,0.391304347826087,False,1.1616161616161615,False,True
2023-01-06_18S2,2023-01-06,S,BULL,09,-205.0,-205.0,-155.0,-155.0,0.498,,0.2857142857142857,False,0.3365384615384615,False,True
2023-01-06_75L2,2023-01-06,L,NEUTRAL,14,-205.0,-205.0,-167.5,-167.5,0.073,48.3,0.8666666666666667,True,0.7853403141361256,True,True
2023-01-09_10L2,2023-01-09,L,BULL,09,-205.0,-205.0,395.0,-405.0,,,0.1764705882352941,False,1.096774193548387,True,False
2023-01-09_28L2,2023-01-09,L,BULL,10,-205.0,-205.0,-167.5,-167.5,0.258,,0.8666666666666667,True,0.8670520231213873,True,True
2023-01-09_44S2,2023-01-09,S,NEUTRAL,12,395.0,2195.0,395.0,2195.0,0.347,22.3,0.9565217391304348,True,1.3450292397660817,True,True
2023-01-09_58S2,2023-01-09,S,BEAR,13,-205.0,-205.0,-255.0,-255.0,0.566,31.5,0.7272727272727273,True,0.8560311284046693,True,True
2023-01-09_76S2,2023-01-09,S,BEAR,14,-205.0,-205.0,-305.0,132.5,0.327,46.1,0.0,False,1.0441767068273091,True,True
2023-01-10_11S2,2023-01-10,S,BULL,09,395.0,-205.0,395.0,-455.0,0.06,,0.9473684210526316,True,0.8033826638477801,False,False
2023-01-10_22S2,2023-01-10,S,NEUTRAL,10,-205.0,-205.0,395.0,-317.5,0.0,,0.6296296296296297,False,0.7277628032345013,True,True
2023-01-11_13S2,2023-01-11,S,BULL,10,-205.0,-205.0,-255.0,-255.0,0.235,,0.0454545454545454,False,0.9166666666666666,True,True
2023-01-11_41L2,2023-01-11,L,BULL,11,395.0,1120.0,395.0,-117.5,0.28,16.8,0.9090909090909092,True,0.8461538461538461,True,True
2023-01-11_51L2,2023-01-11,L,NEUTRAL,12,-205.0,-205.0,-92.5,-92.5,0.319,19.9,0.4444444444444444,False,0.4891304347826087,True,True
2023-01-11_69L2,2023-01-11,L,NEUTRAL,14,-205.0,-205.0,-92.5,-92.5,0.469,21.7,0.3333333333333333,False,0.7438016528925621,True,True
2023-01-11_76L2,2023-01-11,L,NEUTRAL,14,395.0,470.0,395.0,470.0,0.243,22.0,0.9090909090909092,True,1.6058394160583942,True,True
2023-01-12_29S2,2023-01-12,S,BEAR,10,-205.0,-205.0,-355.0,-355.0,0.184,7.7,0.8333333333333334,True,0.8849557522123894,True,True
2023-01-12_56S2,2023-01-12,S,NEUTRAL,13,395.0,345.0,395.0,345.0,0.102,14.7,0.8387096774193549,True,0.96875,False,True
2023-01-13_23L2,2023-01-13,L,BULL,10,-205.0,-205.0,-192.5,-192.5,0.188,,0.7058823529411765,False,0.723404255319149,True,True
2023-01-13_48L2,2023-01-13,L,BULL,12,395.0,982.5,395.0,982.5,0.269,23.7,0.75,True,0.8759124087591241,True,True
2023-01-13_60L2,2023-01-13,L,BULL,13,395.0,470.0,395.0,470.0,0.362,34.9,0.8,False,0.6535947712418301,True,True
2023-01-13_66L2,2023-01-13,L,BULL,13,395.0,320.0,395.0,320.0,0.286,36.5,0.0833333333333333,False,0.8823529411764706,True,True
2023-01-17_11L2,2023-01-17,L,BULL,09,-205.0,-205.0,-230.0,-230.0,0.511,,0.65,True,0.6289308176100629,True,False
2023-01-17_19S2,2023-01-17,S,NEUTRAL,10,395.0,-205.0,395.0,-167.5,0.652,,0.4666666666666667,True,0.635593220338983,True,True
2023-01-17_45S2,2023-01-17,S,BULL,12,-205.0,-205.0,-80.0,-80.0,0.2,12.3,1.0,True,0.5839416058394161,False,True
2023-01-18_7L2,2023-01-18,L,NEUTRAL,09,-205.0,-205.0,-292.5,-292.5,,,0.88,True,0.7352941176470589,True,False
2023-01-18_34S2,2023-01-18,S,NEUTRAL,11,395.0,1495.0,395.0,1495.0,0.354,57.4,0.0526315789473684,False,0.7851239669421488,True,True
2023-01-18_58S2,2023-01-18,S,BEAR,13,-205.0,-205.0,-167.5,-167.5,0.071,36.5,0.5333333333333333,False,0.7978723404255319,True,True
2023-01-19_55L2,2023-01-19,L,BULL,13,-205.0,-205.0,-205.0,-205.0,0.29,27.4,0.8333333333333334,True,0.8144796380090498,True,True
2023-01-19_66L2,2023-01-19,L,NEUTRAL,13,-205.0,-205.0,-155.0,-155.0,0.419,35.6,0.1428571428571428,False,0.6451612903225806,True,True
2023-01-20_8L2,2023-01-20,L,NEUTRAL,09,395.0,2907.5,395.0,2907.5,,,0.7777777777777778,True,0.814655172413793,True,False
2023-01-20_18L2,2023-01-20,L,BULL,09,395.0,2470.0,395.0,2470.0,0.023,,0.8421052631578947,True,0.8407079646017699,True,True
2023-01-20_31L2,2023-01-20,L,BULL,11,-205.0,-205.0,-167.5,-167.5,0.124,50.4,0.4666666666666667,False,0.8333333333333334,True,True
2023-01-20_75L2,2023-01-20,L,BULL,14,395.0,245.0,395.0,245.0,0.402,46.2,1.0,True,0.8648648648648649,True,True
2023-01-23_16L2,2023-01-23,L,BULL,13,-205.0,-205.0,-230.0,-230.0,0.748,,0.6,False,0.8695652173913043,True,True
2023-01-23_71S2,2023-01-23,S,BULL,14,-205.0,-205.0,-217.5,-217.5,0.221,36.4,0.631578947368421,True,0.7630522088353414,True,True
2023-01-24_12L2,2023-01-24,L,NEUTRAL,09,-205.0,-205.0,-355.0,-355.0,0.176,,0.3333333333333333,False,0.6912442396313364,True,True
2023-01-24_27L2,2023-01-24,L,NEUTRAL,10,-205.0,-205.0,-142.5,-142.5,0.056,,0.9230769230769232,True,0.5701754385964912,True,True
2023-01-30_23S2,2023-01-30,S,BULL,10,395.0,1107.5,395.0,1107.5,0.039,,0.3636363636363636,False,0.8118081180811808,True,True
2023-01-30_78S2,2023-01-30,S,BEAR,14,-205.0,-205.0,-380.0,-380.0,0.227,18.7,0.8125,True,1.5165876777251184,True,True
2023-01-31_30L2,2023-01-31,L,BULL,10,-205.0,-205.0,-255.0,-255.0,0.061,41.8,0.8636363636363636,True,1.2359550561797752,True,True
2023-01-31_47L2,2023-01-31,L,BULL,12,-205.0,-205.0,-92.5,-92.5,0.04,27.2,0.5555555555555556,False,0.7964601769911503,True,True
2023-02-01_12L2,2023-02-01,L,NEUTRAL,09,-205.0,-205.0,-280.0,-280.0,0.024,,0.7083333333333334,True,0.8080808080808081,True,True
2023-02-02_20L2,2023-02-02,L,NEUTRAL,10,-205.0,-205.0,-317.5,-317.5,0.778,,0.8888888888888888,True,0.8852459016393442,True,True
2023-02-02_49L2,2023-02-02,L,BULL,12,395.0,-205.0,395.0,-217.5,0.224,16.3,0.4736842105263157,False,1.027027027027027,True,True
2023-02-03_7S2,2023-02-03,S,NEUTRAL,09,395.0,-205.0,395.0,-430.0,,,0.8333333333333334,True,0.7741935483870968,False,False
2023-02-03_75L2,2023-02-03,L,NEUTRAL,14,-205.0,-205.0,-255.0,-255.0,0.143,21.9,0.2727272727272727,False,0.6962025316455696,False,True
2023-02-06_25S2,2023-02-06,S,NEUTRAL,10,395.0,470.0,395.0,470.0,0.636,,0.4375,False,0.6722689075630252,False,True
2023-02-06_66L2,2023-02-06,L,NEUTRAL,13,-205.0,-205.0,-205.0,-205.0,0.062,13.4,0.9444444444444444,True,1.1180124223602483,True,True
2023-02-07_24L2,2023-02-07,L,NEUTRAL,12,-205.0,-205.0,-117.5,-117.5,0.39,,0.2727272727272727,False,0.6043956043956045,True,True
2023-02-07_32L2,2023-02-07,L,BULL,11,-205.0,-205.0,-192.5,-192.5,0.444,32.4,0.7058823529411765,True,1.0828025477707006,True,True
2023-02-07_59S2,2023-02-07,S,BULL,13,-205.0,-205.0,-342.5,-342.5,0.743,25.9,0.2068965517241379,False,0.5930470347648262,False,True
2023-02-08_26L2,2023-02-08,L,BEAR,10,-205.0,-205.0,-330.0,-330.0,0.474,,0.2142857142857142,False,0.975609756097561,False,True
2023-02-08_54L2,2023-02-08,L,NEUTRAL,12,395.0,-205.0,-155.0,-155.0,0.37,17.2,0.2857142857142857,False,0.5882352941176471,False,True
2023-02-08_65L2,2023-02-08,L,BEAR,13,-205.0,-205.0,-192.5,-192.5,0.096,14.7,0.2352941176470588,False,0.7692307692307692,False,True
2023-02-09_10L2,2023-02-09,L,BEAR,09,-205.0,-205.0,-255.0,-255.0,,,0.5,False,0.6947368421052631,True,False
2023-02-09_45S2,2023-02-09,S,NEUTRAL,12,-205.0,-205.0,-217.5,-217.5,0.589,51.0,0.736842105263158,False,0.7509881422924901,True,True
2023-02-10_15S2,2023-02-10,S,NEUTRAL,10,395.0,-205.0,395.0,-342.5,0.181,,0.6896551724137931,True,0.7859078590785908,False,True
2023-02-13_34L2,2023-02-13,L,NEUTRAL,11,-205.0,-205.0,-130.0,-130.0,0.247,57.2,0.5,False,0.7272727272727273,True,True
2023-02-13_56S2,2023-02-13,S,BULL,13,395.0,-167.5,395.0,-142.5,0.292,37.0,0.8461538461538461,True,0.9848484848484848,False,True
2023-02-14_19L2,2023-02-14,L,NEUTRAL,10,-205.0,-205.0,-492.5,-492.5,0.496,,0.7804878048780488,True,0.8704883227176221,False,True
2023-02-14_55S2,2023-02-14,S,NEUTRAL,13,-205.0,-205.0,-317.5,-317.5,0.009,23.4,0.6296296296296297,True,0.9890109890109888,False,True
2023-02-14_77S2,2023-02-14,S,BULL,14,-205.0,-205.0,-167.5,-167.5,0.375,15.1,0.2666666666666667,False,0.7462686567164178,False,True
2023-02-15_9S2,2023-02-15,S,NEUTRAL,09,-205.0,-205.0,-592.5,-592.5,,,0.7142857142857143,True,1.213622291021672,True,False
2023-02-15_26S2,2023-02-15,S,BULL,10,-205.0,-205.0,-355.0,-355.0,0.443,,0.8666666666666667,True,1.2552301255230127,False,True
2023-02-15_63L2,2023-02-15,L,BULL,13,-205.0,-205.0,-130.0,-130.0,0.321,23.8,0.6666666666666666,False,0.8571428571428571,True,True
2023-02-15_75S2,2023-02-15,S,BULL,14,-205.0,-205.0,-130.0,-130.0,0.165,14.3,0.4166666666666666,False,0.7361963190184049,False,True
2023-02-16_27L2,2023-02-16,L,NEUTRAL,10,-205.0,-205.0,-205.0,-205.0,0.063,,0.5555555555555556,False,0.7317073170731707,True,True
2023-02-16_33L2,2023-02-16,L,BULL,11,-205.0,-205.0,-205.0,-205.0,0.359,29.4,0.7777777777777778,True,0.8695652173913043,True,True
2023-02-16_50L2,2023-02-16,L,BEAR,14,-205.0,-205.0,-230.0,-230.0,0.253,17.6,0.95,True,0.9174311926605504,True,True
2023-02-17_12S2,2023-02-17,S,BULL,09,-205.0,-205.0,-505.0,-505.0,0.039,,0.9761904761904762,True,1.2,False,True
2023-02-17_53S2,2023-02-17,S,BEAR,12,-205.0,-205.0,-142.5,-142.5,0.171,7.9,0.4615384615384615,False,0.7831325301204819,True,True
2023-02-17_73L2,2023-02-17,L,BULL,14,-205.0,-205.0,-317.5,32.5,0.327,17.0,0.2592592592592592,False,1.205357142857143,True,True
2023-02-21_29S2,2023-02-21,S,BEAR,10,395.0,670.0,395.0,670.0,0.42,53.0,0.6428571428571428,False,0.7865168539325842,True,True
2023-02-21_40S2,2023-02-21,S,NEUTRAL,11,-205.0,-205.0,-205.0,-205.0,0.115,51.6,0.6111111111111112,True,1.1464968152866242,True,True
2023-02-21_65S2,2023-02-21,S,NEUTRAL,13,-205.0,-205.0,-167.5,-167.5,0.108,32.5,0.6,True,0.8771929824561403,True,True
2023-02-21_73L2,2023-02-21,L,NEUTRAL,14,-205.0,-205.0,-155.0,-155.0,0.119,21.5,0.5714285714285714,False,0.8284023668639054,True,True
2023-02-22_15L2,2023-02-22,L,BEAR,09,395.0,-205.0,395.0,-242.5,0.376,,0.2857142857142857,False,0.7806691449814127,False,True
2023-02-22_46L2,2023-02-22,L,BULL,12,-205.0,-205.0,-142.5,-142.5,0.444,25.4,0.5384615384615384,False,0.9558823529411764,True,True
2023-02-22_55L2,2023-02-22,L,NEUTRAL,13,-205.0,-205.0,-192.5,-192.5,0.1,25.3,0.5294117647058824,True,1.0559006211180124,True,True
2023-02-22_68L2,2023-02-22,L,BEAR,14,-205.0,-205.0,-292.5,-292.5,0.576,37.2,0.52,True,0.6811989100817438,False,True
2023-02-23_12L2,2023-02-23,L,NEUTRAL,09,-205.0,-205.0,-217.5,-217.5,0.02,,0.8421052631578947,True,0.698529411764706,False,True
2023-02-24_14L2,2023-02-24,L,NEUTRAL,09,-205.0,-205.0,-267.5,-267.5,0.118,,0.7391304347826086,False,0.8070175438596491,False,True
2023-02-24_37L2,2023-02-24,L,BULL,11,-205.0,-205.0,-217.5,-217.5,0.211,21.3,0.631578947368421,False,0.8333333333333333,True,True
2023-02-24_46L2,2023-02-24,L,BEAR,12,395.0,932.5,395.0,932.5,0.567,14.0,0.5,False,0.6622516556291391,False,True
2023-02-24_77L2,2023-02-24,L,BEAR,14,-205.0,-205.0,-142.5,-142.5,0.203,19.3,0.5384615384615384,False,0.5936073059360731,False,True
2023-02-27_19L2,2023-02-27,L,NEUTRAL,10,-205.0,-205.0,-317.5,-317.5,0.793,,0.925925925925926,True,1.1065573770491803,False,True
2023-02-27_62L2,2023-02-27,L,NEUTRAL,13,-205.0,-205.0,-80.0,-80.0,0.175,16.5,0.625,False,0.5263157894736842,True,True
2023-02-28_14L2,2023-02-28,L,NEUTRAL,09,-205.0,-205.0,-205.0,-205.0,0.023,,0.7222222222222222,True,0.6844106463878327,True,True
2023-02-28_31L2,2023-02-28,L,NEUTRAL,11,395.0,-205.0,395.0,-155.0,0.283,26.3,0.7857142857142857,True,0.945945945945946,True,True
2023-02-28_40L2,2023-02-28,L,BEAR,11,395.0,-205.0,395.0,-155.0,0.69,29.8,0.6428571428571429,False,1.068702290076336,True,True
2023-02-28_51S2,2023-02-28,S,NEUTRAL,12,395.0,1645.0,-92.5,-92.5,0.024,36.7,0.7777777777777778,True,0.6382978723404256,False,True
2023-02-28_61S2,2023-02-28,S,NEUTRAL,13,395.0,1345.0,-105.0,-105.0,0.674,25.2,0.8,True,0.7407407407407407,True,True
2023-02-28_78S2,2023-02-28,S,BEAR,14,395.0,495.0,395.0,495.0,0.596,30.3,0.303030303030303,False,2.0,True,True
2023-03-01_14L2,2023-03-01,L,NEUTRAL,10,-205.0,-205.0,-330.0,-330.0,0.299,,0.8214285714285714,True,0.9210526315789476,False,True
2023-03-01_55S2,2023-03-01,S,BEAR,13,395.0,-205.0,-180.0,-180.0,0.493,19.2,0.25,False,1.019108280254777,True,True
2023-03-01_60S2,2023-03-01,S,NEUTRAL,14,-205.0,-205.0,-117.5,-117.5,0.415,19.4,0.0909090909090909,False,0.632183908045977,True,True
2023-03-01_79S2,2023-03-01,S,BEAR,15,-205.0,-92.5,-117.5,-117.5,0.0,14.9,0.0,False,0.6043956043956045,True,True
2023-03-02_12L2,2023-03-02,L,BULL,09,395.0,2082.5,395.0,2082.5,0.52,,0.7647058823529411,False,1.2639405204460967,True,True
2023-03-02_27L2,2023-03-02,L,BULL,10,395.0,2020.0,-105.0,-105.0,0.564,,0.6,False,0.5347593582887701,True,True
2023-03-02_46L2,2023-03-02,L,NEUTRAL,12,395.0,1732.5,-80.0,-80.0,0.216,23.5,1.0,True,0.547945205479452,True,True
2023-03-03_16L2,2023-03-03,L,BULL,09,-205.0,-205.0,-167.5,-167.5,0.102,,0.8666666666666667,True,0.5319148936170213,True,True
2023-03-03_39L2,2023-03-03,L,BULL,11,395.0,1107.5,395.0,1107.5,0.5,38.0,0.8888888888888888,True,0.7317073170731707,True,True
2023-03-03_52L2,2023-03-03,L,BULL,12,395.0,732.5,-67.5,-67.5,0.037,44.0,0.7142857142857143,True,0.603448275862069,True,True
2023-03-06_8L2,2023-03-06,L,BULL,09,395.0,-205.0,395.0,-255.0,,,1.0,False,0.8603351955307262,True,False
2023-03-06_15L2,2023-03-06,L,BULL,09,-205.0,-205.0,-130.0,-130.0,0.833,,0.6666666666666666,False,0.5825242718446602,True,True
2023-03-06_22L2,2023-03-06,L,BULL,10,-205.0,-205.0,-142.5,-142.5,0.325,,0.9230769230769232,True,0.8333333333333334,True,True
2023-03-06_44L2,2023-03-06,L,NEUTRAL,12,-205.0,-205.0,-92.5,-92.5,0.948,30.0,0.3333333333333333,False,0.6428571428571429,False,True
2023-03-07_22S2,2023-03-07,S,BEAR,10,-205.0,-205.0,-467.5,-467.5,0.183,,0.9487179487179488,True,0.9069767441860463,True,True
2023-03-07_40L2,2023-03-07,L,BEAR,11,-205.0,-205.0,-242.5,-242.5,0.489,25.9,0.4285714285714285,False,0.84,True,True
2023-03-08_43L2,2023-03-08,L,NEUTRAL,12,-205.0,-205.0,-205.0,-205.0,0.273,22.2,0.6111111111111112,False,0.9473684210526316,False,True
2023-03-09_8S2,2023-03-09,S,BULL,09,395.0,-205.0,395.0,4832.5,,,0.1739130434782608,False,0.817258883248731,False,False
2023-03-09_24S2,2023-03-09,S,NEUTRAL,10,395.0,4282.5,395.0,4282.5,0.551,,0.15,False,1.1111111111111112,True,True
2023-03-09_72L2,2023-03-09,L,BEAR,14,-205.0,-205.0,395.0,-342.5,0.745,62.1,0.5098039215686274,False,1.619047619047619,False,True
2023-03-10_17L2,2023-03-10,L,NEUTRAL,09,-205.0,-205.0,395.0,-280.0,0.047,,0.8333333333333334,True,0.5581395348837209,False,True
2023-03-10_59L2,2023-03-10,L,NEUTRAL,13,-205.0,-205.0,-467.5,-467.5,0.034,28.2,0.7435897435897436,True,1.0773480662983426,False,True
2023-03-13_33S2,2023-03-13,S,NEUTRAL,11,-205.0,-205.0,395.0,1232.5,0.0,48.5,0.0925925925925925,False,0.8206686930091186,False,True
2023-03-13_47S2,2023-03-13,S,NEUTRAL,12,395.0,-205.0,395.0,-617.5,0.113,23.6,0.5490196078431373,False,0.9902912621359224,True,True
2023-03-14_18S2,2023-03-14,S,BULL,10,-205.0,-205.0,-167.5,-167.5,0.183,,0.6,True,0.6072874493927126,False,True
2023-03-14_52S2,2023-03-14,S,BEAR,12,-205.0,-205.0,395.0,-767.5,0.375,31.8,0.9523809523809524,True,1.745152354570637,True,True
2023-03-15_11L2,2023-03-15,L,NEUTRAL,09,-205.0,-205.0,-630.0,-630.0,0.134,,0.6346153846153846,True,0.9611829944547134,True,False
2023-03-15_41S2,2023-03-15,S,NEUTRAL,11,395.0,-205.0,395.0,-255.0,0.359,8.3,0.0909090909090909,False,0.8088235294117647,True,True
2023-03-15_58S2,2023-03-15,S,NEUTRAL,13,-205.0,-205.0,-205.0,-205.0,0.023,14.8,0.8333333333333334,True,0.5882352941176471,True,True
2023-03-16_10S2,2023-03-16,S,NEUTRAL,09,-205.0,-205.0,-317.5,-317.5,,,0.3703703703703703,False,0.6657534246575342,True,False
2023-03-17_20L2,2023-03-17,L,BEAR,10,-205.0,-205.0,395.0,-455.0,0.34,,0.4736842105263157,False,0.9429280397022332,False,True
2023-03-17_52L2,2023-03-17,L,NEUTRAL,12,-205.0,-205.0,-342.5,-342.5,0.25,15.9,0.7586206896551724,False,1.1153846153846154,True,True
2023-03-20_16S2,2023-03-20,S,NEUTRAL,09,-205.0,-205.0,-305.0,-305.0,0.222,,0.6153846153846154,False,0.6701030927835052,False,True
2023-03-20_50S2,2023-03-20,S,BEAR,12,395.0,-205.0,395.0,-217.5,0.55,21.7,0.9473684210526316,True,0.9547738693467336,False,True
2023-03-21_29L2,2023-03-21,L,BEAR,10,395.0,1482.5,395.0,1482.5,0.039,18.6,0.9473684210526316,True,0.9090909090909092,False,True
2023-03-22_14S2,2023-03-22,S,BULL,09,395.0,-205.0,395.0,-167.5,0.54,,0.6,True,0.7462686567164178,False,True
2023-03-22_63L2,2023-03-22,L,NEUTRAL,13,395.0,-205.0,395.0,-1342.5,0.333,28.3,0.7339449541284404,False,1.922398589065256,True,True
2023-03-23_11S2,2023-03-23,S,BULL,09,-205.0,-205.0,-230.0,-230.0,0.71,,0.95,False,0.7604562737642585,False,False
2023-03-23_70S2,2023-03-23,S,BEAR,14,-205.0,-205.0,395.0,-667.5,0.215,36.4,0.6181818181818182,True,1.0185185185185186,True,True
2023-03-24_10S2,2023-03-24,S,BULL,09,395.0,-205.0,395.0,-667.5,,,0.5636363636363637,False,1.1592505854800936,True,False
2023-03-24_52S2,2023-03-24,S,NEUTRAL,12,-205.0,-205.0,-342.5,-342.5,0.032,29.6,0.6551724137931034,True,1.0175438596491229,False,True
2023-03-27_15L2,2023-03-27,L,BEAR,09,-205.0,-205.0,-242.5,-242.5,0.873,,0.8571428571428571,True,0.7984790874524714,False,True
2023-03-27_66L2,2023-03-27,L,NEUTRAL,14,-205.0,-205.0,-155.0,-155.0,0.829,26.3,0.3571428571428571,False,0.9523809523809524,True,True
2023-03-28_21S2,2023-03-28,S,BULL,10,-205.0,-205.0,-130.0,-130.0,0.193,,1.0,True,0.5479452054794521,True,True
2023-03-28_59S2,2023-03-28,S,BEAR,13,-205.0,-205.0,-105.0,-105.0,0.207,39.3,0.1999999999999999,False,0.7092198581560284,True,True
2023-03-29_18L2,2023-03-29,L,BEAR,09,395.0,1145.0,-142.5,-142.5,0.588,,0.5384615384615384,False,0.8176100628930817,False,True
2023-03-29_76L2,2023-03-29,L,BULL,14,-205.0,45.0,-242.5,45.0,0.452,19.6,0.7619047619047619,True,1.320754716981132,True,True
2023-03-30_15L2,2023-03-30,L,NEUTRAL,09,-205.0,-205.0,-230.0,-230.0,0.037,,1.0,True,0.9345794392523366,True,True
2023-03-30_66L2,2023-03-30,L,BULL,13,-205.0,332.5,-142.5,332.5,0.481,18.3,0.6923076923076923,False,1.0236220472440944,True,True
2023-03-31_12S2,2023-03-31,S,NEUTRAL,09,-205.0,-205.0,-105.0,-105.0,0.333,,0.6,True,0.6944444444444444,True,True
2023-03-31_65L2,2023-03-31,L,NEUTRAL,13,395.0,1032.5,-92.5,-92.5,0.128,30.0,0.8888888888888888,True,0.8035714285714286,True,True
2023-04-03_14S2,2023-04-03,S,BULL,14,-205.0,-17.5,-192.5,-17.5,0.041,,0.7058823529411764,True,0.783410138248848,False,True
2023-04-03_35S2,2023-04-03,S,BULL,11,395.0,-205.0,395.0,-55.0,0.321,10.0,0.0,False,0.5,False,True
2023-04-04_13L2,2023-04-04,L,NEUTRAL,09,-205.0,-205.0,-155.0,-155.0,0.085,,0.7857142857142857,True,0.5833333333333334,False,True
2023-04-04_66S2,2023-04-04,S,BEAR,14,-205.0,-205.0,-117.5,-117.5,0.425,17.0,0.3636363636363636,False,0.7142857142857143,True,True
2023-04-04_71S2,2023-04-04,S,NEUTRAL,14,-205.0,-205.0,-130.0,-130.0,0.188,18.7,0.4166666666666666,False,0.7453416149068323,True,True
2023-04-05_27S2,2023-04-05,S,BEAR,10,395.0,-205.0,395.0,-155.0,0.184,,0.7142857142857143,False,0.8333333333333333,True,True
2023-04-05_45S2,2023-04-05,S,NEUTRAL,12,-205.0,-205.0,-130.0,-130.0,0.016,22.6,0.8333333333333334,False,0.8219178082191781,True,True
2023-04-05_61L2,2023-04-05,L,BULL,13,-205.0,270.0,-80.0,-80.0,0.307,15.1,0.25,False,0.6060606060606061,True,True
2023-04-06_16L2,2023-04-06,L,BULL,09,-205.0,-205.0,395.0,1232.5,0.14,,0.3461538461538461,False,1.2807881773399017,True,True
2023-04-06_36L2,2023-04-06,L,BULL,11,395.0,332.5,395.0,332.5,0.673,35.7,0.7692307692307693,True,0.9219858156028368,True,True
2023-04-06_46L2,2023-04-06,L,BULL,12,-205.0,120.0,-80.0,-80.0,0.367,42.5,0.125,False,0.625,True,True
2023-04-06_55L2,2023-04-06,L,BULL,13,-205.0,120.0,-80.0,-80.0,0.095,37.8,0.625,False,0.7017543859649122,True,True
2023-04-06_77S2,2023-04-06,S,NEUTRAL,14,-205.0,-105.0,-117.5,-117.5,0.138,20.9,0.0909090909090909,False,1.0377358490566038,True,True
2023-04-10_47S2,2023-04-10,S,BULL,12,-205.0,-205.0,-105.0,-105.0,0.681,31.4,0.8,True,0.6711409395973155,False,True
2023-04-10_71L2,2023-04-10,L,BULL,14,395.0,495.0,-117.5,-117.5,0.062,26.9,0.9090909090909092,True,0.9166666666666666,True,True
2023-04-11_10S2,2023-04-11,S,BEAR,09,-205.0,-205.0,-205.0,-205.0,,,0.9444444444444444,True,0.9642857142857142,True,False
2023-04-11_19L2,2023-04-11,L,NEUTRAL,10,395.0,257.5,395.0,257.5,0.03,,0.5833333333333334,False,0.8163265306122449,False,True
2023-04-11_29L2,2023-04-11,L,BULL,10,395.0,-205.0,395.0,-205.0,0.311,17.3,0.9444444444444444,True,1.3953488372093024,True,True
2023-04-11_37L2,2023-04-11,L,BULL,11,-205.0,-205.0,-130.0,-130.0,0.692,16.5,1.0,True,1.0256410256410258,True,True
2023-04-11_55S2,2023-04-11,S,BULL,13,-205.0,-205.0,-67.5,-67.5,0.714,18.9,0.4285714285714286,False,0.7446808510638298,False,True
2023-04-12_10S2,2023-04-12,S,BULL,09,-205.0,-205.0,-180.0,-180.0,,,0.5625,False,0.5625,True,False
2023-04-12_18S2,2023-04-12,S,NEUTRAL,10,-205.0,-205.0,-305.0,-305.0,0.576,,1.0,True,0.9154929577464788,True,True
2023-04-12_53L2,2023-04-12,L,BULL,12,-205.0,-205.0,-130.0,-130.0,0.053,14.3,0.5833333333333334,False,0.7692307692307693,True,True
2023-04-12_77S2,2023-04-12,S,BEAR,14,-205.0,-205.0,-405.0,-130.0,0.34,41.6,0.9117647058823528,True,1.511111111111111,True,True
2023-04-13_19L2,2023-04-13,L,BULL,10,395.0,1407.5,395.0,1407.5,0.204,,0.05,False,1.0,True,True
2023-04-13_63L2,2023-04-13,L,BULL,14,-205.0,82.5,-167.5,82.5,0.519,50.3,0.6666666666666666,True,1.351351351351351,True,True
2023-04-14_24S2,2023-04-14,S,BEAR,10,395.0,-205.0,395.0,-267.5,0.378,,0.8695652173913043,True,0.8487084870848708,True,True
2023-04-14_47S2,2023-04-14,S,NEUTRAL,13,-205.0,-205.0,-180.0,-180.0,0.011,29.3,0.4375,False,1.0389610389610389,True,True
2023-04-17_8S2,2023-04-17,S,NEUTRAL,09,-205.0,-205.0,395.0,-367.5,,,0.935483870967742,True,1.3312883435582823,True,False
2023-04-17_21S2,2023-04-17,S,BEAR,10,-205.0,-205.0,-130.0,-130.0,0.402,,0.3333333333333333,False,0.634920634920635,True,True
2023-04-17_33S2,2023-04-17,S,BEAR,11,-205.0,-205.0,-142.5,-142.5,0.446,8.8,0.0,False,0.7784431137724551,True,True
2023-04-18_19L2,2023-04-18,L,NEUTRAL,10,-205.0,-205.0,-167.5,-167.5,0.407,,0.5333333333333333,True,0.7853403141361256,False,True
2023-04-18_76L2,2023-04-18,L,BULL,14,-205.0,-205.0,-142.5,-142.5,0.347,10.5,0.9230769230769232,True,1.120689655172414,True,True
2023-04-19_23S2,2023-04-19,S,BULL,10,-205.0,-205.0,-92.5,-92.5,0.2,,0.5555555555555556,True,0.6382978723404256,False,True
2023-04-20_18S2,2023-04-20,S,BULL,09,395.0,-205.0,395.0,-142.5,0.405,,0.9230769230769232,True,0.7975460122699386,False,True
2023-04-20_39S2,2023-04-20,S,BULL,11,-205.0,-205.0,-180.0,-180.0,0.246,18.4,0.9375,True,1.2030075187969924,False,True
2023-04-20_68S2,2023-04-20,S,NEUTRAL,14,395.0,-205.0,395.0,-305.0,0.689,36.0,0.8846153846153846,True,1.4130434782608696,True,True
2023-04-21_19L2,2023-04-21,L,NEUTRAL,10,395.0,657.5,395.0,657.5,0.045,,0.7142857142857143,True,0.6113537117903931,False,True
2023-04-21_63L2,2023-04-21,L,NEUTRAL,13,-205.0,-205.0,-130.0,-130.0,0.17,21.3,0.75,False,0.96,True,True
2023-04-21_67S2,2023-04-21,S,NEUTRAL,14,-205.0,-205.0,-117.5,-117.5,0.593,17.2,0.1818181818181817,False,0.9322033898305084,True,True
2023-04-21_75S2,2023-04-21,S,NEUTRAL,14,-205.0,-205.0,-117.5,-117.5,0.184,13.9,1.0,True,0.88,True,True
2023-04-24_14S2,2023-04-24,S,BULL,14,-205.0,45.0,-230.0,45.0,0.493,,0.95,True,1.4388489208633093,True,True
2023-04-24_27S2,2023-04-24,S,BEAR,10,-205.0,-205.0,-130.0,-130.0,0.492,,0.8333333333333334,True,0.8695652173913043,True,True
2023-04-24_33S2,2023-04-24,S,BEAR,11,-205.0,-205.0,-155.0,-155.0,0.333,41.2,0.8571428571428572,True,1.0606060606060606,True,True
2023-04-24_46L2,2023-04-24,L,BULL,12,395.0,482.5,395.0,482.5,0.091,20.0,1.0,True,1.2903225806451613,True,True
2023-04-24_61L2,2023-04-24,L,BULL,13,395.0,282.5,-80.0,-80.0,0.064,23.8,0.75,True,0.8333333333333334,True,True
2023-04-24_76L2,2023-04-24,L,BULL,14,-205.0,82.5,-105.0,82.5,0.412,29.1,0.4,True,0.9523809523809524,True,True
2023-04-25_20S2,2023-04-25,S,NEUTRAL,10,-205.0,-205.0,-167.5,-167.5,0.103,,0.7333333333333334,True,0.9803921568627452,True,True
2023-04-25_51S2,2023-04-25,S,BEAR,12,395.0,-180.0,395.0,-130.0,0.479,41.2,0.75,False,0.6185567010309279,True,True
2023-04-25_67L2,2023-04-25,L,BEAR,14,-205.0,-205.0,-92.5,-92.5,0.106,45.3,0.2222222222222222,False,0.5555555555555556,False,True
2023-04-26_13L2,2023-04-26,L,BEAR,12,-205.0,-205.0,-180.0,-180.0,0.257,,0.875,True,0.7079646017699115,False,True
2023-04-26_28L2,2023-04-26,L,BEAR,10,-205.0,-205.0,-142.5,-142.5,0.595,,0.8461538461538461,True,0.8176100628930817,True,True
2023-04-26_44S2,2023-04-26,S,NEUTRAL,12,395.0,870.0,395.0,870.0,0.527,17.8,0.2666666666666667,False,1.079136690647482,True,True
2023-04-26_72L2,2023-04-26,L,BEAR,14,-205.0,-205.0,-117.5,-117.5,0.146,46.2,0.0,False,0.6962025316455696,False,True
2023-04-27_11S2,2023-04-27,S,BULL,09,395.0,-205.0,-155.0,-155.0,0.402,,0.7142857142857143,True,0.6930693069306931,False,False
2023-04-27_34L2,2023-04-27,L,BULL,11,395.0,1545.0,395.0,1545.0,0.525,43.5,0.625,False,0.5970149253731343,True,True
2023-04-27_38L2,2023-04-27,L,BULL,11,395.0,1507.5,-80.0,-80.0,0.571,45.8,0.625,True,0.8080808080808081,True,True
2023-04-27_79L2,2023-04-27,L,NEUTRAL,15,395.0,57.5,395.0,57.5,0.494,52.2,0.6470588235294118,False,1.2408759124087592,True,True
2023-04-28_13S2,2023-04-28,S,BULL,09,395.0,-205.0,395.0,-155.0,0.783,,0.3571428571428571,False,0.6542056074766356,False,True
2023-04-28_40L2,2023-04-28,L,NEUTRAL,11,-205.0,-205.0,-230.0,-230.0,0.171,17.4,0.95,True,1.1976047904191618,True,True
2023-04-28_48L2,2023-04-28,L,BULL,12,-205.0,-205.0,-67.5,-67.5,0.477,19.9,0.7142857142857143,True,0.5109489051094891,True,True
2023-04-28_77L2,2023-04-28,L,BULL,14,395.0,432.5,395.0,432.5,0.14,12.6,0.4,False,1.1560693641618496,True,True
2023-05-01_13S2,2023-05-01,S,BULL,09,-205.0,-205.0,-105.0,-105.0,0.062,,0.7,True,0.5376344086021505,True,True
2023-05-01_81S2,2023-05-01,S,NEUTRAL,15,-205.0,7.5,-117.5,7.5,0.157,25.8,0.8181818181818181,True,0.7051282051282052,True,True
2023-05-02_25S2,2023-05-02,S,BEAR,10,-205.0,-205.0,-180.0,-180.0,1.0,,0.4375,True,0.64,True,True
2023-05-02_31S2,2023-05-02,S,NEUTRAL,11,-205.0,-205.0,-155.0,-155.0,0.013,86.4,0.5714285714285714,True,0.6222222222222222,True,True
2023-05-03_11L2,2023-05-03,L,BEAR,09,-205.0,-205.0,-192.5,-192.5,0.259,,0.7058823529411765,True,0.8173076923076923,True,False
2023-05-03_68L2,2023-05-03,L,NEUTRAL,14,-205.0,-205.0,-730.0,-730.0,0.347,22.2,0.6,False,1.0398613518197573,True,True
2023-05-04_9S2,2023-05-04,S,NEUTRAL,09,-205.0,-205.0,395.0,-255.0,,,0.8181818181818181,True,0.7213114754098361,True,False
2023-05-04_41L2,2023-05-04,L,BEAR,11,395.0,-205.0,395.0,-267.5,0.327,11.2,0.8695652173913043,True,1.0407239819004523,True,True
2023-05-04_54L2,2023-05-04,L,BEAR,12,-205.0,-205.0,-255.0,-255.0,0.0,16.2,0.7272727272727273,False,0.9777777777777776,True,True
2023-05-05_19L2,2023-05-05,L,BULL,10,-205.0,-205.0,-142.5,-142.5,0.241,,0.3846153846153846,False,0.8496732026143791,True,True
2023-05-05_73L2,2023-05-05,L,BULL,14,-205.0,-205.0,-80.0,-80.0,0.085,41.6,0.75,False,0.547945205479452,True,True
2023-05-08_9S2,2023-05-08,S,NEUTRAL,09,-205.0,-205.0,-267.5,-267.5,,,0.8260869565217391,True,1.1358024691358024,True,False
2023-05-08_14S2,2023-05-08,S,BEAR,09,-205.0,-205.0,-217.5,-217.5,0.114,,0.8421052631578947,False,1.0857142857142856,True,True
2023-05-08_31S2,2023-05-08,S,BULL,12,-205.0,-205.0,-80.0,-80.0,0.033,9.1,0.375,True,0.6956521739130435,False,True
2023-05-08_69S2,2023-05-08,S,BEAR,14,-205.0,82.5,-80.0,82.5,0.095,13.7,0.75,True,0.7407407407407407,False,True
2023-05-09_12L2,2023-05-09,L,NEUTRAL,09,395.0,45.0,-80.0,-80.0,0.244,,0.5,False,0.4597701149425288,True,True
2023-05-09_61L2,2023-05-09,L,NEUTRAL,13,-205.0,-205.0,-67.5,-67.5,0.349,25.3,0.5714285714285714,False,0.7368421052631579,True,True
2023-05-10_19L2,2023-05-10,L,BEAR,10,395.0,-205.0,395.0,-167.5,0.525,,1.0,True,0.4702194357366771,False,True
2023-05-11_12L2,2023-05-11,L,BEAR,09,-205.0,-205.0,395.0,770.0,0.048,,0.9285714285714286,True,1.0108303249097472,True,True
2023-05-11_41L2,2023-05-11,L,NEUTRAL,11,-205.0,-205.0,-55.0,-55.0,0.275,18.4,0.5,False,0.335195530726257,True,True
2023-05-11_59S2,2023-05-11,S,BEAR,13,-205.0,-205.0,-180.0,-180.0,0.06,22.9,0.75,True,0.8205128205128205,True,True
2023-05-11_72L2,2023-05-11,L,NEUTRAL,14,-205.0,-205.0,-167.5,-167.5,0.043,16.9,0.8,True,1.0135135135135134,True,True
2023-05-12_9L2,2023-05-12,L,BEAR,09,-205.0,-205.0,-242.5,-242.5,,,0.9047619047619048,True,0.8316831683168316,False,False
2023-05-12_58S2,2023-05-12,S,BEAR,13,-205.0,-205.0,-292.5,-292.5,0.618,33.9,0.88,True,1.4044943820224718,True,True
2023-05-15_10L2,2023-05-15,L,BEAR,09,395.0,1270.0,395.0,1270.0,,,0.2,False,0.4891304347826087,False,False
2023-05-15_71L2,2023-05-15,L,BULL,14,-205.0,157.5,-80.0,-80.0,0.486,10.6,1.0,True,0.7920792079207921,True,True
2023-05-15_77L2,2023-05-15,L,NEUTRAL,14,-205.0,145.0,-117.5,145.0,0.15,10.2,0.5454545454545454,True,1.0679611650485437,True,True
2023-05-16_11L2,2023-05-16,L,BEAR,09,395.0,-205.0,395.0,-292.5,0.213,,0.96,True,0.8928571428571429,False,False
2023-05-16_62L2,2023-05-16,L,BEAR,14,-205.0,-205.0,-155.0,-155.0,0.317,17.1,0.8571428571428571,True,1.12,False,True
2023-05-17_16L2,2023-05-17,L,NEUTRAL,09,395.0,-205.0,-105.0,-105.0,0.478,,1.0,True,0.6578947368421053,True,True
2023-05-17_34S2,2023-05-17,S,NEUTRAL,11,-205.0,-205.0,-92.5,-92.5,0.429,15.0,0.7777777777777778,True,0.6716417910447761,False,True
2023-05-18_15S2,2023-05-18,S,BULL,09,-205.0,-205.0,-155.0,-155.0,0.493,,0.3571428571428571,True,0.6763285024154589,False,True
2023-05-18_72S2,2023-05-18,S,BULL,14,-205.0,-205.0,-217.5,-217.5,0.381,25.1,0.8947368421052632,True,1.3194444444444444,False,True
2023-05-19_14S2,2023-05-19,S,NEUTRAL,10,395.0,1157.5,395.0,1157.5,0.07,,0.1111111111111111,False,0.6040268456375839,False,True
2023-05-19_31S2,2023-05-19,S,BEAR,11,-205.0,-205.0,395.0,82.5,0.339,35.2,0.8181818181818181,True,0.996978851963746,True,True
2023-05-22_26S2,2023-05-22,S,BEAR,10,395.0,-205.0,395.0,-130.0,0.333,,0.5,False,0.8,False,True
2023-05-22_77S2,2023-05-22,S,BEAR,14,-205.0,-117.5,-192.5,-117.5,0.8,20.0,0.9411764705882352,True,1.2686567164179103,True,True
2023-05-23_12L2,2023-05-23,L,NEUTRAL,09,-205.0,-205.0,-142.5,-142.5,0.324,,0.4615384615384615,False,0.6914893617021276,True,True
2023-05-23_26S2,2023-05-23,S,BULL,10,395.0,1832.5,-67.5,-67.5,0.1,,0.8571428571428572,True,0.5343511450381679,False,True
2023-05-23_47S2,2023-05-23,S,BULL,12,395.0,1295.0,395.0,1295.0,0.182,27.9,0.3,False,0.5555555555555556,True,True
2023-05-23_53S2,2023-05-23,S,NEUTRAL,12,-205.0,-205.0,-230.0,-230.0,0.132,34.0,0.95,True,1.0101010101010102,True,True
2023-05-23_67S2,2023-05-23,S,NEUTRAL,14,-205.0,-205.0,-105.0,-105.0,0.3,38.1,0.5,True,0.3846153846153846,True,True
2023-05-24_16S2,2023-05-24,S,BEAR,09,-205.0,-205.0,-280.0,-280.0,0.208,,0.5,True,1.1594202898550725,True,True
2023-05-24_37L2,2023-05-24,L,BEAR,11,395.0,670.0,395.0,670.0,0.132,26.3,0.125,False,0.404040404040404,False,True
2023-05-25_8S2,2023-05-25,S,BULL,09,-205.0,-205.0,-355.0,-355.0,,,0.3666666666666667,False,0.8366533864541833,True,False
2023-05-25_36S2,2023-05-25,S,BULL,11,-205.0,-205.0,-230.0,-230.0,0.566,23.3,0.8,False,1.2269938650306749,False,True
2023-05-26_25L2,2023-05-26,L,BEAR,10,395.0,907.5,395.0,907.5,0.313,,0.4285714285714285,True,0.9375,True,True
2023-05-26_50S2,2023-05-26,S,NEUTRAL,12,-205.0,-205.0,-142.5,-142.5,0.067,27.4,0.0,False,1.0833333333333333,True,True
2023-05-26_56S2,2023-05-26,S,BEAR,13,-205.0,-205.0,-192.5,-192.5,0.235,21.8,0.8235294117647058,True,1.1258278145695364,True,True
2023-05-26_78L2,2023-05-26,L,NEUTRAL,14,-205.0,170.0,-242.5,170.0,0.444,17.0,0.8571428571428571,False,1.4482758620689655,True,True
2023-05-30_9L2,2023-05-30,L,BEAR,09,-205.0,-205.0,395.0,-305.0,,,0.8846153846153846,True,0.9541284403669724,False,False
2023-05-31_23L2,2023-05-31,L,NEUTRAL,10,395.0,570.0,-105.0,-105.0,0.135,,0.5,True,0.6666666666666666,False,True
2023-05-31_71S2,2023-05-31,S,NEUTRAL,14,-205.0,-205.0,-105.0,-105.0,0.045,21.7,0.8,True,0.6535947712418301,True,True
2023-06-01_11S2,2023-06-01,S,NEUTRAL,09,-205.0,-205.0,-417.5,-417.5,0.109,,0.8285714285714285,True,1.310861423220974,False,False
2023-06-02_25S2,2023-06-02,S,BULL,10,-205.0,-205.0,-142.5,-142.5,0.571,,0.5384615384615384,False,0.7303370786516854,False,True
2023-06-02_74L2,2023-06-02,L,BEAR,14,-205.0,-205.0,-130.0,-130.0,0.077,15.1,0.5833333333333334,True,1.0526315789473684,True,True
2023-06-05_18S2,2023-06-05,S,BEAR,09,-205.0,-205.0,-180.0,-180.0,0.229,,0.5,False,0.7476635514018692,False,True
2023-06-05_67S2,2023-06-05,S,BEAR,14,-205.0,82.5,-180.0,-180.0,0.288,38.7,0.125,False,0.6130268199233716,True,True
2023-06-06_25L2,2023-06-06,L,NEUTRAL,10,395.0,-205.0,395.0,-342.5,0.047,,0.8620689655172413,True,1.6477272727272725,True,True
2023-06-06_51S2,2023-06-06,S,BEAR,12,-205.0,-205.0,-92.5,-92.5,0.059,20.1,0.5555555555555556,False,0.5487804878048781,True,True
2023-06-06_71L2,2023-06-06,L,NEUTRAL,14,-205.0,-205.0,-130.0,-130.0,0.674,20.2,1.0,True,1.276595744680851,True,True
2023-06-07_9S2,2023-06-07,S,BEAR,09,395.0,1082.5,395.0,1082.5,,,0.7142857142857143,True,0.5957446808510638,True,False
2023-06-07_35S2,2023-06-07,S,BEAR,11,-205.0,-205.0,-92.5,-92.5,0.416,38.5,0.8888888888888888,True,0.4918032786885246,True,True
2023-06-07_45L2,2023-06-07,L,NEUTRAL,12,-205.0,-205.0,-242.5,-242.5,0.125,33.3,1.0,True,1.3548387096774193,False,True
2023-06-08_14S2,2023-06-08,S,BULL,09,-205.0,-205.0,-217.5,-217.5,0.559,,0.736842105263158,True,0.852017937219731,False,True
2023-06-09_18L2,2023-06-09,L,BEAR,09,-205.0,-205.0,-242.5,-242.5,0.075,,0.7619047619047619,False,1.09375,True,True
2023-06-09_38S2,2023-06-09,S,BEAR,11,-205.0,-205.0,-180.0,-180.0,0.416,30.4,0.3125,False,0.8333333333333334,True,True
2023-06-09_57L2,2023-06-09,L,NEUTRAL,13,-205.0,-205.0,-67.5,-67.5,0.444,18.4,0.7142857142857143,True,0.6140350877192983,True,True
2023-06-09_74S2,2023-06-09,S,BULL,14,-205.0,-55.0,-130.0,-55.0,0.034,9.9,0.5833333333333333,False,0.8391608391608392,True,True
2023-06-12_9L2,2023-06-12,L,BEAR,09,-205.0,-205.0,-217.5,-217.5,,,0.4736842105263157,False,1.0066225165562914,True,False
2023-06-12_60L2,2023-06-12,L,BEAR,13,395.0,1045.0,395.0,1045.0,0.467,33.5,0.8571428571428571,True,0.9333333333333332,True,True
2023-06-12_74L2,2023-06-12,L,NEUTRAL,14,-205.0,232.5,-117.5,232.5,0.8,59.1,0.6363636363636364,False,0.7333333333333333,True,True
2023-06-12_78L2,2023-06-12,L,BULL,15,-205.0,70.0,-192.5,70.0,0.588,63.0,0.1764705882352941,False,1.0828025477707006,True,True
2023-06-13_8S2,2023-06-13,S,BEAR,09,395.0,-205.0,395.0,-230.0,,,0.3,False,0.5957446808510639,True,False
2023-06-13_21L2,2023-06-13,L,NEUTRAL,10,-205.0,-205.0,395.0,-255.0,0.553,,0.8636363636363636,True,1.1891891891891893,True,True
2023-06-13_32L2,2023-06-13,L,BEAR,11,395.0,-205.0,395.0,-155.0,0.284,21.9,0.7857142857142857,False,0.7486631016042781,False,True
2023-06-13_51L2,2023-06-13,L,BULL,12,-205.0,-205.0,-105.0,-105.0,0.212,10.6,0.4,False,0.7246376811594203,True,True
2023-06-13_71S2,2023-06-13,S,NEUTRAL,14,-205.0,-205.0,-155.0,-155.0,0.551,24.2,0.5714285714285714,True,0.8860759493670886,True,True
2023-06-14_21L2,2023-06-14,L,BULL,10,395.0,-205.0,395.0,-117.5,0.474,,1.0,True,0.7692307692307692,True,True
2023-06-14_41L2,2023-06-14,L,NEUTRAL,11,-205.0,-205.0,-80.0,-80.0,0.174,24.9,0.375,True,0.7017543859649122,False,True
2023-06-14_69S2,2023-06-14,S,NEUTRAL,14,395.0,-205.0,395.0,-280.0,0.374,35.1,0.1071428571428571,False,1.2444444444444445,False,True
2023-06-15_33L2,2023-06-15,L,BULL,11,-205.0,-205.0,-105.0,-105.0,0.047,59.3,1.0,True,0.5347593582887701,True,True
2023-06-15_56S2,2023-06-15,S,BULL,13,-205.0,-205.0,-142.5,-142.5,0.605,31.6,0.8461538461538461,False,0.9774436090225564,False,True
2023-06-16_11L2,2023-06-16,L,NEUTRAL,09,-205.0,-205.0,-267.5,-267.5,0.194,,0.4347826086956521,True,0.7641196013289037,False,False
2023-06-16_22S2,2023-06-16,S,BULL,10,395.0,-205.0,395.0,-217.5,0.351,,0.2105263157894736,False,0.8370044052863437,True,True
2023-06-16_28S2,2023-06-16,S,NEUTRAL,10,-205.0,-205.0,-242.5,-242.5,0.316,,0.2380952380952381,False,0.9210526315789472,True,True
2023-06-16_48L2,2023-06-16,L,NEUTRAL,12,-205.0,-205.0,-167.5,-167.5,0.258,14.9,0.7333333333333333,False,1.0714285714285714,True,True
2023-06-16_58S2,2023-06-16,S,NEUTRAL,13,395.0,607.5,395.0,607.5,0.312,24.2,0.875,True,1.0126582278481011,True,True
2023-06-16_75S2,2023-06-16,S,BEAR,14,395.0,157.5,395.0,157.5,0.167,40.1,0.3125,False,0.8247422680412372,True,True
2023-06-20_21S2,2023-06-20,S,BEAR,10,-205.0,-205.0,-205.0,-205.0,0.186,,0.8888888888888888,True,0.8490566037735849,True,True
2023-06-20_45L2,2023-06-20,L,BEAR,12,-205.0,-205.0,-192.5,-192.5,0.556,32.1,0.5882352941176471,False,1.103896103896104,True,True
2023-06-20_52L2,2023-06-20,L,NEUTRAL,12,-205.0,-205.0,-105.0,-105.0,0.167,30.8,0.6,True,0.7575757575757576,True,True
2023-06-21_13L2,2023-06-21,L,BEAR,09,-205.0,-205.0,-205.0,-205.0,0.029,,0.6666666666666666,True,0.7627118644067796,True,True
2023-06-21_69L2,2023-06-21,L,BEAR,14,-205.0,-205.0,-167.5,-167.5,0.185,22.6,0.7333333333333333,True,1.0,True,True
2023-06-22_11S2,2023-06-22,S,NEUTRAL,09,395.0,-205.0,395.0,-205.0,0.615,,0.7222222222222222,True,0.8,False,False
2023-06-22_66L2,2023-06-22,L,NEUTRAL,14,-205.0,-205.0,-92.5,-92.5,0.478,27.3,1.0,True,0.6976744186046512,True,True
2023-06-23_14S2,2023-06-23,S,BULL,09,-205.0,-205.0,-167.5,-167.5,0.57,,0.5333333333333333,False,0.704225352112676,False,True
2023-06-23_34L2,2023-06-23,L,NEUTRAL,13,-205.0,-205.0,-167.5,-167.5,0.806,16.0,0.8,True,1.094890510948905,True,True
2023-06-23_43L2,2023-06-23,L,NEUTRAL,12,-205.0,-205.0,-142.5,-142.5,0.333,27.9,0.8461538461538461,True,0.9558823529411764,True,True
2023-06-23_77S2,2023-06-23,S,BEAR,14,-205.0,-205.0,-142.5,-142.5,0.417,28.2,0.4615384615384615,True,0.8227848101265822,True,True
2023-06-26_9S2,2023-06-26,S,BULL,09,395.0,1232.5,395.0,1232.5,,,0.9444444444444444,False,0.9,False,False
2023-06-26_20S2,2023-06-26,S,BEAR,10,395.0,620.0,395.0,620.0,0.5,,0.9545454545454546,True,1.0476190476190477,True,True
2023-06-26_48S2,2023-06-26,S,BEAR,12,-205.0,-205.0,-155.0,-155.0,0.323,21.6,0.7857142857142857,True,0.9333333333333332,True,True
2023-06-26_68L2,2023-06-26,L,NEUTRAL,14,-205.0,-205.0,-92.5,-92.5,0.619,18.9,0.8888888888888888,True,0.6976744186046512,True,True
2023-06-27_8S2,2023-06-27,S,NEUTRAL,09,-205.0,-205.0,-342.5,-342.5,,,0.3103448275862068,False,1.245398773006135,True,False
2023-06-27_31S2,2023-06-27,S,BULL,11,-205.0,-205.0,-92.5,-92.5,0.718,17.7,0.5555555555555556,True,0.5844155844155844,False,True
2023-06-28_17L2,2023-06-28,L,BULL,09,-205.0,-205.0,-217.5,-217.5,0.447,,1.0,True,0.9090909090909092,True,True
2023-06-28_32L2,2023-06-28,L,NEUTRAL,11,-205.0,-205.0,-105.0,-105.0,0.264,27.8,0.8,False,0.5780346820809248,True,True
2023-06-28_49S2,2023-06-28,S,BULL,12,-205.0,-205.0,-130.0,-130.0,0.057,27.6,0.0,False,0.5333333333333333,True,True
2023-06-29_8S2,2023-06-29,S,BULL,09,-205.0,-205.0,-242.5,-242.5,,,0.0,False,0.875,False,False
2023-06-29_35L2,2023-06-29,L,BULL,11,-205.0,-205.0,-242.5,-242.5,0.333,27.8,0.9047619047619048,True,1.3043478260869563,True,True
2023-06-29_49L2,2023-06-29,L,NEUTRAL,12,-205.0,-205.0,-117.5,-117.5,0.49,22.3,0.9090909090909092,True,0.8333333333333334,True,True
2023-06-29_65S2,2023-06-29,S,BEAR,13,-205.0,-205.0,-105.0,-105.0,0.373,19.1,0.5,False,0.7692307692307693,True,True
2023-06-30_16S2,2023-06-30,S,BEAR,09,-205.0,-205.0,-142.5,-142.5,0.072,,0.8461538461538461,True,0.7926829268292683,False,True
2023-06-30_47L2,2023-06-30,L,NEUTRAL,12,395.0,-205.0,-67.5,-67.5,0.543,25.2,0.4285714285714285,True,0.7608695652173914,True,True
2023-06-30_55L2,2023-06-30,L,BULL,13,-205.0,-205.0,-67.5,-67.5,0.273,34.1,1.0,True,0.6930693069306931,True,True
2023-06-30_60L2,2023-06-30,L,BULL,13,-205.0,-205.0,-55.0,-55.0,0.447,35.0,0.6666666666666666,False,0.6451612903225806,True,True
2023-06-30_69L2,2023-06-30,L,BULL,14,-205.0,-205.0,-117.5,-117.5,0.234,27.9,0.6363636363636364,False,1.0,True,True
2023-06-30_74L2,2023-06-30,L,BULL,14,-205.0,-205.0,-105.0,-105.0,0.19,22.2,0.6,False,0.8547008547008548,True,True
2023-07-03_13S2,2023-07-03,S,BULL,09,-205.0,-205.0,-80.0,-80.0,0.067,,0.25,False,0.5633802816901409,True,True
2023-07-05_12S2,2023-07-05,S,NEUTRAL,09,-205.0,-205.0,-105.0,-105.0,0.778,,0.6,False,0.6756756756756757,False,True
2023-07-06_13S2,2023-07-06,S,BEAR,09,-205.0,-205.0,-117.5,-117.5,0.328,,0.1818181818181817,False,0.5069124423963134,True,True
2023-07-06_72S2,2023-07-06,S,NEUTRAL,14,-205.0,-55.0,-105.0,-105.0,0.05,29.4,0.4,False,1.020408163265306,True,True
2023-07-07_14L2,2023-07-07,L,BEAR,09,395.0,-205.0,395.0,-355.0,0.191,,0.1666666666666666,False,1.5151515151515151,True,True
2023-07-10_10S2,2023-07-10,S,BULL,09,395.0,-205.0,395.0,-205.0,,,0.3888888888888888,True,0.6982758620689655,False,False
2023-07-10_27S2,2023-07-10,S,NEUTRAL,11,-205.0,-205.0,-67.5,-67.5,0.075,,0.7142857142857143,False,0.4487179487179487,False,True
2023-07-10_48L2,2023-07-10,L,BEAR,12,-205.0,-205.0,-55.0,-55.0,0.628,16.2,0.3333333333333333,False,0.5405405405405406,True,True
2023-07-10_70L2,2023-07-10,L,NEUTRAL,14,395.0,407.5,-105.0,-105.0,0.375,10.3,0.7,True,0.9009009009009008,True,True
2023-07-11_7S2,2023-07-11,S,NEUTRAL,09,-205.0,-205.0,-255.0,-255.0,,,0.0454545454545454,False,0.9103448275862068,True,False
2023-07-11_27L2,2023-07-11,L,NEUTRAL,10,395.0,895.0,395.0,-105.0,0.016,,0.9,True,0.78125,True,True
2023-07-11_39L2,2023-07-11,L,BEAR,11,-205.0,-205.0,-67.5,-67.5,0.155,18.5,0.8571428571428571,True,0.4929577464788732,True,True
2023-07-12_9L2,2023-07-12,L,NEUTRAL,09,-205.0,-205.0,-255.0,-255.0,,,0.9545454545454546,True,0.9832402234636872,True,False
2023-07-12_15L2,2023-07-12,L,BULL,09,-205.0,-205.0,-130.0,-130.0,0.333,,1.0,True,0.8053691275167785,True,True
2023-07-12_42S2,2023-07-12,S,BULL,12,-205.0,-205.0,-80.0,-80.0,0.255,24.0,0.625,False,0.4651162790697674,False,True
2023-07-13_10S2,2023-07-13,S,NEUTRAL,09,-205.0,-205.0,-192.5,-192.5,,,0.6470588235294117,True,1.108695652173913,True,False
2023-07-13_53S2,2023-07-13,S,NEUTRAL,12,-205.0,-205.0,-67.5,-67.5,0.312,12.2,0.4285714285714286,False,0.8974358974358975,False,True
2023-07-13_73L2,2023-07-13,L,BULL,14,-205.0,-205.0,-130.0,-130.0,0.46,28.2,0.75,True,1.0169491525423728,True,True
2023-07-14_24S2,2023-07-14,S,BULL,10,-205.0,-205.0,-67.5,-67.5,0.108,,0.4285714285714286,False,0.4545454545454545,True,True
2023-07-14_55L2,2023-07-14,L,NEUTRAL,13,-205.0,-205.0,-167.5,-167.5,0.3,25.5,0.2666666666666666,False,1.3636363636363635,True,True
2023-07-14_66S2,2023-07-14,S,BULL,14,395.0,257.5,395.0,257.5,0.562,27.1,0.3333333333333333,False,1.3043478260869563,True,True
2023-07-14_74S2,2023-07-14,S,NEUTRAL,14,-205.0,7.5,-117.5,-117.5,0.21,28.9,0.2727272727272727,False,0.6832298136645962,True,True
2023-07-17_12S2,2023-07-17,S,NEUTRAL,09,-205.0,-205.0,-67.5,-67.5,0.254,,0.1428571428571429,False,0.4895104895104895,False,True
2023-07-17_57L2,2023-07-17,L,BULL,13,395.0,-205.0,395.0,-55.0,0.5,16.4,0.8333333333333334,True,0.8108108108108107,True,True
2023-07-17_69L2,2023-07-17,L,BULL,14,-205.0,-205.0,-42.5,-42.5,0.08,20.9,0.2,False,0.617283950617284,True,True
2023-07-18_11S2,2023-07-18,S,BULL,09,-205.0,-205.0,-105.0,-105.0,0.836,,0.6,True,0.6024096385542168,False,False
2023-07-19_12S2,2023-07-19,S,BULL,09,395.0,620.0,395.0,-105.0,0.185,,0.0999999999999999,False,0.6944444444444444,False,True
2023-07-19_27S2,2023-07-19,S,BULL,10,-205.0,-205.0,-142.5,-142.5,0.317,,0.7692307692307692,True,0.6598984771573604,True,True
2023-07-19_78S2,2023-07-19,S,NEUTRAL,14,-205.0,207.5,-180.0,207.5,0.434,17.5,1.0,True,1.4814814814814814,True,True
2023-07-20_28S2,2023-07-20,S,BULL,10,-205.0,-205.0,-92.5,-92.5,0.146,,0.7777777777777778,True,0.6338028169014085,False,True
2023-07-20_68S2,2023-07-20,S,BEAR,14,395.0,7.5,395.0,7.5,0.259,33.5,0.9,True,1.25,True,True
2023-07-20_81S2,2023-07-20,S,BEAR,15,-205.0,45.0,-80.0,45.0,0.439,29.0,0.625,True,0.54421768707483,True,True
2023-07-21_18S2,2023-07-21,S,NEUTRAL,09,-205.0,-205.0,-192.5,-192.5,0.061,,0.8823529411764706,True,0.8056872037914692,True,True
2023-07-24_12S2,2023-07-24,S,BULL,09,-205.0,-205.0,-142.5,-142.5,0.016,,0.3846153846153846,False,0.560344827586207,True,True
2023-07-24_69S2,2023-07-24,S,BEAR,14,-205.0,-42.5,-105.0,-105.0,0.536,14.3,1.0,True,0.9090909090909092,True,True
2023-07-24_77S2,2023-07-24,S,BEAR,14,-205.0,-105.0,-117.5,-117.5,0.243,19.1,1.0,True,0.8208955223880596,True,True
2023-07-25_12S2,2023-07-25,S,BULL,10,-205.0,-205.0,-92.5,-92.5,0.263,,0.1111111111111111,False,0.7086614173228347,False,True
2023-07-25_34L2,2023-07-25,L,BULL,11,395.0,-205.0,-55.0,-55.0,0.429,34.1,0.1666666666666666,False,0.6382978723404255,True,True
2023-07-25_54L2,2023-07-25,L,BULL,12,395.0,-205.0,-42.5,-42.5,0.135,31.7,0.4,False,0.5813953488372093,True,True
2023-07-25_74L2,2023-07-25,L,BULL,14,-205.0,-205.0,-117.5,-117.5,0.164,19.2,0.6363636363636364,False,0.8396946564885497,False,True
2023-07-26_9L2,2023-07-26,L,BEAR,09,-205.0,-205.0,-80.0,-80.0,,,0.25,False,0.5423728813559322,True,False
2023-07-26_49S2,2023-07-26,S,NEUTRAL,12,-205.0,-205.0,-67.5,-67.5,0.22,28.5,0.1428571428571429,False,0.875,True,True
2023-07-26_61L2,2023-07-26,L,BEAR,14,-205.0,-205.0,-267.5,-267.5,0.286,26.5,0.6521739130434783,False,1.4743589743589745,True,True
2023-07-26_77S2,2023-07-26,S,BULL,14,-205.0,-205.0,-242.5,-242.5,0.231,22.4,0.9523809523809524,True,0.6,True,True
2023-07-27_28S2,2023-07-27,S,BEAR,10,-205.0,-205.0,-192.5,-192.5,0.088,,0.8823529411764706,True,1.096774193548387,True,True
2023-07-27_74S2,2023-07-27,S,BEAR,14,395.0,-130.0,395.0,-130.0,0.361,55.6,0.9545454545454546,True,0.9649122807017544,True,True
2023-07-28_21L2,2023-07-28,L,NEUTRAL,10,395.0,-205.0,-55.0,-55.0,0.019,,0.6666666666666666,False,0.3260869565217391,True,True
2023-07-28_42S2,2023-07-28,S,NEUTRAL,13,395.0,232.5,395.0,232.5,0.057,11.2,0.25,False,1.0169491525423728,True,True
2023-07-28_62S2,2023-07-28,S,BULL,13,-205.0,-205.0,-105.0,-105.0,0.383,20.1,0.7,True,0.6329113924050632,False,True
2023-07-31_12L2,2023-07-31,L,NEUTRAL,09,-205.0,-205.0,-130.0,-130.0,0.036,,0.8333333333333334,True,0.6185567010309279,True,True
2023-08-01_9S2,2023-08-01,S,BULL,09,395.0,232.5,395.0,232.5,,,0.6666666666666667,True,1.3061224489795915,True,False
2023-08-01_22S2,2023-08-01,S,BEAR,10,-205.0,-205.0,-180.0,-180.0,0.079,,1.0,True,0.9467455621301776,True,True
2023-08-01_64S2,2023-08-01,S,NEUTRAL,13,-205.0,232.5,-67.5,-67.5,0.286,16.0,0.7142857142857143,True,0.673076923076923,False,True
2023-08-02_19L2,2023-08-02,L,BEAR,10,395.0,-205.0,395.0,-205.0,0.441,,0.5555555555555556,False,1.0112359550561798,False,True
2023-08-03_8S2,2023-08-03,S,NEUTRAL,09,395.0,-205.0,395.0,-417.5,,,0.5428571428571429,False,1.2009803921568627,False,False
2023-08-03_17S2,2023-08-03,S,NEUTRAL,09,-205.0,-205.0,-192.5,-192.5,0.278,,0.1764705882352941,False,0.7391304347826086,True,True
2023-08-04_15S2,2023-08-04,S,BULL,09,-205.0,-205.0,-155.0,-155.0,0.113,,0.9285714285714286,True,0.4651162790697674,False,True
2023-08-04_74S2,2023-08-04,S,NEUTRAL,14,-205.0,-55.0,-217.5,-55.0,0.302,48.3,0.7894736842105263,True,0.753968253968254,True,True
2023-08-07_36L2,2023-08-07,L,NEUTRAL,11,395.0,770.0,-142.5,-142.5,0.673,9.7,0.7692307692307693,False,1.04,True,True
2023-08-07_45L2,2023-08-07,L,BULL,12,395.0,582.5,-105.0,-105.0,0.155,11.9,0.8,True,0.7407407407407407,True,True
2023-08-07_50L2,2023-08-07,L,NEUTRAL,12,395.0,620.0,-80.0,-80.0,0.289,14.0,0.625,False,0.64,True,True
2023-08-07_61L2,2023-08-07,L,BEAR,14,395.0,507.5,395.0,507.5,0.195,21.1,0.2777777777777778,False,1.3953488372093024,True,True
2023-08-08_16S2,2023-08-08,S,BEAR,09,-205.0,-205.0,-305.0,-305.0,0.21,,0.1153846153846154,False,1.1063829787234043,True,True
2023-08-08_27S2,2023-08-08,S,BEAR,11,-205.0,-205.0,-155.0,-155.0,0.072,,0.1428571428571429,False,0.8383233532934132,True,True
2023-08-08_51L2,2023-08-08,L,BEAR,12,395.0,857.5,395.0,857.5,0.421,24.3,1.0,True,1.4814814814814816,True,True
2023-08-08_64L2,2023-08-08,L,BULL,13,395.0,570.0,395.0,570.0,0.254,23.3,0.0909090909090909,False,0.7857142857142857,True,True
2023-08-09_11S2,2023-08-09,S,NEUTRAL,09,-205.0,-205.0,-167.5,-167.5,0.347,,0.4,False,0.7177033492822967,True,False
2023-08-09_43L2,2023-08-09,L,NEUTRAL,12,395.0,-205.0,395.0,-167.5,0.292,37.7,0.0,False,0.920245398773006,True,True
2023-08-09_56L2,2023-08-09,L,BULL,14,-205.0,-205.0,-192.5,-192.5,0.304,23.3,1.0,True,1.3821138211382114,True,True
2023-08-10_13L2,2023-08-10,L,NEUTRAL,09,-205.0,-205.0,-292.5,-292.5,0.57,,0.68,False,1.059322033898305,True,True
2023-08-11_13S2,2023-08-11,S,BULL,09,-205.0,-205.0,-280.0,-280.0,0.507,,0.7916666666666666,True,0.802675585284281,False,True
2023-08-11_55L2,2023-08-11,L,NEUTRAL,13,395.0,520.0,395.0,520.0,0.241,11.0,0.8333333333333334,True,1.3872832369942196,True,True
2023-08-11_70L2,2023-08-11,L,BULL,14,-205.0,-205.0,-205.0,-205.0,0.024,17.0,0.7777777777777778,True,0.972972972972973,True,True
2023-08-14_27L2,2023-08-14,L,BULL,10,-205.0,-205.0,-167.5,-167.5,0.117,,0.8666666666666667,True,0.9036144578313252,True,True
2023-08-14_42S2,2023-08-14,S,BULL,11,-205.0,-205.0,-130.0,-130.0,0.085,31.7,0.6666666666666667,True,0.7643312101910829,False,True
2023-08-14_70L2,2023-08-14,L,NEUTRAL,14,395.0,632.5,395.0,632.5,0.115,19.6,0.9285714285714286,True,0.9333333333333332,True,True
2023-08-15_15L2,2023-08-15,L,BEAR,09,395.0,-205.0,395.0,-292.5,0.426,,0.88,True,1.0245901639344264,False,True
2023-08-15_43L2,2023-08-15,L,BEAR,12,-205.0,-205.0,-205.0,-205.0,0.333,21.5,0.7222222222222222,True,1.1180124223602483,False,True
2023-08-16_12S2,2023-08-16,S,BULL,09,-205.0,-205.0,395.0,1907.5,0.05,,0.9583333333333334,True,0.9302325581395348,False,True
2023-08-16_44S2,2023-08-16,S,NEUTRAL,12,-205.0,-205.0,-130.0,-130.0,0.359,27.3,0.5833333333333333,False,0.9523809523809524,True,True
2023-08-16_55S2,2023-08-16,S,NEUTRAL,13,-205.0,-205.0,-117.5,-117.5,0.085,26.4,0.9090909090909092,True,0.6962025316455696,False,True
2023-08-16_77S2,2023-08-16,S,BEAR,14,395.0,207.5,395.0,207.5,0.532,27.3,0.4545454545454546,False,0.4741379310344827,True,True
2023-08-17_7L2,2023-08-17,L,BEAR,09,-205.0,-205.0,-405.0,-405.0,,,0.6764705882352942,True,1.4890510948905111,True,False
2023-08-17_26L2,2023-08-17,L,BEAR,10,-205.0,-205.0,-117.5,-117.5,0.34,,0.6363636363636364,False,0.6077348066298343,False,True
2023-08-17_46L2,2023-08-17,L,NEUTRAL,12,-205.0,-205.0,-80.0,-80.0,0.307,22.6,0.75,False,0.54421768707483,True,True
2023-08-17_78S2,2023-08-17,S,BEAR,14,-205.0,32.5,-455.0,32.5,0.08,44.8,0.0526315789473684,False,1.397058823529412,True,True
2023-08-18_37L2,2023-08-18,L,BULL,11,-205.0,-205.0,-155.0,-155.0,0.2,9.4,0.1428571428571428,False,0.782122905027933,True,True
2023-08-21_19S2,2023-08-21,S,NEUTRAL,10,395.0,-205.0,-142.5,-142.5,0.532,,0.6923076923076923,True,0.6310679611650485,True,True
2023-08-22_8L2,2023-08-22,L,BEAR,09,-205.0,-205.0,-292.5,-292.5,,,0.92,True,1.1824324324324325,False,False
2023-08-22_51S2,2023-08-22,S,BEAR,12,-205.0,-205.0,-217.5,-217.5,0.521,28.0,0.8947368421052632,True,0.9595959595959596,True,True
2023-08-22_67L2,2023-08-22,L,NEUTRAL,14,-205.0,-205.0,-217.5,-217.5,0.342,16.6,0.8947368421052632,True,1.124260355029586,True,True
2023-08-23_35L2,2023-08-23,L,BULL,11,395.0,432.5,395.0,432.5,0.0,51.8,0.3333333333333333,False,0.9523809523809524,True,True
2023-08-23_74L2,2023-08-23,L,NEUTRAL,14,-205.0,-205.0,-117.5,-117.5,0.417,19.1,0.6363636363636364,False,0.88,True,True
2023-08-24_15L2,2023-08-24,L,BEAR,09,-205.0,-205.0,-255.0,-255.0,0.615,,0.8636363636363636,True,0.7051282051282052,False,True
2023-08-25_35L2,2023-08-25,L,BULL,11,395.0,-205.0,395.0,1057.5,0.15,13.1,0.7,False,0.977198697068404,True,True
2023-08-25_47S2,2023-08-25,S,NEUTRAL,12,395.0,-205.0,395.0,-492.5,0.222,11.0,0.7560975609756098,True,1.5708812260536398,True,True
2023-08-25_63S2,2023-08-25,S,NEUTRAL,13,-205.0,-205.0,-342.5,-342.5,0.558,25.6,0.8620689655172413,True,1.2236286919831223,False,True
2023-08-28_9S2,2023-08-28,S,BEAR,09,-205.0,-205.0,-192.5,-192.5,,,0.2941176470588235,False,0.6153846153846154,True,False
2023-08-28_27S2,2023-08-28,S,BULL,11,-205.0,-205.0,-192.5,-192.5,0.186,,0.2941176470588235,False,0.8173076923076923,True,True
2023-08-28_34S2,2023-08-28,S,NEUTRAL,11,-205.0,-205.0,-192.5,-192.5,0.106,34.3,0.1764705882352941,False,0.8947368421052632,True,True
2023-08-28_49L2,2023-08-28,L,BULL,12,-205.0,-205.0,-92.5,-92.5,0.631,31.7,0.7777777777777778,False,0.5806451612903226,True,True
2023-08-28_70S2,2023-08-28,S,BULL,14,-205.0,-205.0,-205.0,-205.0,0.467,19.1,0.7222222222222222,True,1.1111111111111112,False,True
2023-08-29_14S2,2023-08-29,S,BULL,09,-205.0,-205.0,-367.5,-367.5,0.468,,0.1612903225806451,False,1.206225680933852,False,True
2023-08-30_16L2,2023-08-30,L,NEUTRAL,09,395.0,582.5,395.0,582.5,0.359,,0.5714285714285714,False,0.7446808510638298,False,True
2023-08-30_53S2,2023-08-30,S,NEUTRAL,13,-205.0,-92.5,-180.0,-180.0,0.433,9.7,0.75,True,1.391304347826087,True,True
2023-08-30_74L2,2023-08-30,L,NEUTRAL,14,-205.0,-205.0,-130.0,-130.0,0.05,14.9,0.4166666666666667,False,1.0619469026548671,True,True
2023-08-31_11S2,2023-08-31,S,BULL,09,-205.0,-205.0,-155.0,-155.0,0.253,,0.1428571428571429,False,0.5957446808510638,False,False
2023-08-31_38S2,2023-08-31,S,BEAR,11,395.0,-205.0,395.0,-180.0,0.241,29.4,0.875,True,0.9876543209876544,True,True
2023-08-31_61S2,2023-08-31,S,BULL,13,395.0,670.0,395.0,670.0,0.062,16.2,0.9090909090909092,True,0.9482758620689656,False,True
2023-08-31_71S2,2023-08-31,S,NEUTRAL,14,-205.0,-205.0,-105.0,-105.0,0.415,18.5,0.1999999999999999,False,0.7407407407407407,True,True
2023-09-01_24S2,2023-09-01,S,NEUTRAL,14,-205.0,-17.5,-92.5,-92.5,0.581,,0.2222222222222222,True,0.4639175257731959,True,True
2023-09-01_37S2,2023-09-01,S,BULL,11,-205.0,-205.0,-92.5,-92.5,0.099,48.6,1.0,False,0.6766917293233082,True,True
2023-09-06_10L2,2023-09-06,L,NEUTRAL,09,-205.0,-205.0,-217.5,-217.5,,,0.3684210526315789,False,0.6839999999999999,False,False
2023-09-07_12S2,2023-09-07,S,BEAR,09,-205.0,-205.0,-255.0,-255.0,0.299,,0.8636363636363636,True,0.9166666666666666,True,True
2023-09-07_38S2,2023-09-07,S,BULL,11,395.0,-205.0,-105.0,-105.0,0.424,24.1,0.4,False,0.7142857142857143,False,True
2023-09-07_52L2,2023-09-07,L,NEUTRAL,12,-205.0,-205.0,-180.0,-180.0,0.254,18.5,0.6875,True,1.0389610389610389,True,True
2023-09-07_72S2,2023-09-07,S,NEUTRAL,14,-205.0,-205.0,-92.5,-92.5,0.388,13.6,0.8888888888888888,True,0.6428571428571429,True,True
2023-09-08_13S2,2023-09-08,S,NEUTRAL,09,395.0,432.5,395.0,432.5,0.333,,0.3,False,0.5405405405405406,False,True
2023-09-11_11L2,2023-09-11,L,BEAR,09,-205.0,-205.0,-192.5,-192.5,0.448,,0.9411764705882352,True,0.8056872037914692,False,False
2023-09-12_11S2,2023-09-12,S,BEAR,09,395.0,-205.0,395.0,-180.0,0.236,,0.1875,False,0.8602150537634408,True,False
2023-09-12_17S2,2023-09-12,S,BEAR,10,-205.0,-205.0,-142.5,-142.5,0.448,,0.8461538461538461,True,0.7344632768361582,True,True
2023-09-12_43L2,2023-09-12,L,NEUTRAL,12,395.0,-205.0,-67.5,-67.5,0.067,17.8,0.7142857142857143,False,0.6862745098039216,True,True
2023-09-12_63S2,2023-09-12,S,BEAR,13,395.0,320.0,395.0,320.0,0.647,22.8,0.375,True,0.6060606060606061,True,True
2023-09-13_7S2,2023-09-13,S,BEAR,09,-205.0,-205.0,-430.0,-430.0,,,0.0555555555555555,False,1.1739130434782608,True,False
2023-09-13_19S2,2023-09-13,S,NEUTRAL,10,-205.0,-205.0,-142.5,-142.5,0.698,,0.6153846153846154,False,0.6666666666666666,False,True
2023-09-13_57L2,2023-09-13,L,NEUTRAL,13,-205.0,-205.0,-105.0,-105.0,0.333,11.4,0.8,False,0.8620689655172414,False,True
2023-09-14_33S2,2023-09-14,S,NEUTRAL,11,-205.0,-205.0,-55.0,-55.0,0.263,29.7,1.0,True,0.5825242718446602,False,True
2023-09-14_77L2,2023-09-14,L,NEUTRAL,14,-205.0,170.0,-105.0,-105.0,0.6,19.8,0.6,False,1.020408163265306,True,True
2023-09-15_15S2,2023-09-15,S,NEUTRAL,09,395.0,1132.5,395.0,1132.5,0.479,,0.5,True,0.7305936073059361,True,True
2023-09-15_26S2,2023-09-15,S,BEAR,10,-205.0,-205.0,-217.5,-217.5,0.352,,0.9473684210526316,True,0.9595959595959596,True,True
2023-09-15_60S2,2023-09-15,S,BEAR,13,-205.0,-205.0,-117.5,-117.5,0.462,47.2,1.0,True,0.7692307692307692,True,True
2023-09-18_12S2,2023-09-18,S,BULL,09,-205.0,-205.0,-180.0,-180.0,0.029,,0.5,False,0.7239819004524887,False,True
2023-09-19_13S2,2023-09-19,S,NEUTRAL,12,-205.0,-205.0,-180.0,-180.0,0.723,,0.3125,False,0.8376963350785339,True,True
2023-09-19_27S2,2023-09-19,S,BEAR,10,395.0,-205.0,395.0,-92.5,0.018,,0.5555555555555556,False,0.8035714285714286,True,True
2023-09-19_61L2,2023-09-19,L,BULL,13,395.0,332.5,-117.5,-117.5,0.472,35.6,0.0,False,0.9090909090909092,True,True
2023-09-19_74L2,2023-09-19,L,NEUTRAL,14,-205.0,207.5,-142.5,207.5,0.127,24.9,0.8461538461538461,False,0.9090909090909092,True,True
2023-09-20_17S2,2023-09-20,S,BEAR,09,395.0,2745.0,-167.5,-167.5,0.2,,0.9333333333333332,True,0.9036144578313252,True,True
2023-09-20_36L2,2023-09-20,L,BULL,12,-205.0,-205.0,-80.0,-80.0,0.529,7.3,0.125,False,0.8421052631578947,True,True
2023-09-20_42L2,2023-09-20,L,BULL,12,-205.0,-205.0,-92.5,-92.5,0.533,7.8,0.4444444444444444,True,1.0843373493975903,True,True
2023-09-20_63S2,2023-09-20,S,BEAR,13,-205.0,-205.0,395.0,2357.5,0.177,24.6,0.5135135135135135,False,1.022099447513812,True,True
2023-09-21_20L2,2023-09-21,L,BEAR,10,-205.0,-205.0,-92.5,-92.5,0.417,,1.0,True,0.4054054054054054,False,True
2023-09-22_15S2,2023-09-22,S,NEUTRAL,09,-205.0,-205.0,-155.0,-155.0,0.444,,0.8571428571428572,True,0.5490196078431373,False,True
2023-09-22_57S2,2023-09-22,S,BEAR,14,-205.0,-205.0,-142.5,-142.5,0.667,29.8,0.6153846153846154,True,0.6770833333333334,True,True
2023-09-22_63S2,2023-09-22,S,BEAR,13,-205.0,-205.0,-230.0,-230.0,0.468,33.8,0.85,True,1.0256410256410255,True,True
2023-09-25_13L2,2023-09-25,L,BEAR,09,-205.0,-205.0,-255.0,-255.0,0.078,,0.5454545454545454,False,0.873015873015873,True,True
2023-09-25_57S2,2023-09-25,S,NEUTRAL,13,395.0,-205.0,395.0,-205.0,0.026,14.3,0.9444444444444444,True,1.0404624277456649,True,True
2023-09-25_77S2,2023-09-25,S,NEUTRAL,14,-205.0,-205.0,-180.0,-180.0,0.274,13.7,0.1875,False,0.6956521739130435,False,True
2023-09-26_17S2,2023-09-26,S,BEAR,09,395.0,757.5,395.0,757.5,0.114,,0.9705882352941176,True,1.2734082397003743,True,True
2023-09-26_28S2,2023-09-26,S,BEAR,10,-205.0,-205.0,-242.5,-242.5,0.481,,0.6190476190476191,True,1.1864406779661016,True,True
2023-09-26_77S2,2023-09-26,S,BEAR,14,-205.0,-205.0,-217.5,-217.5,0.061,36.8,1.0,True,1.0857142857142856,True,True
2023-09-27_14L2,2023-09-27,L,BEAR,09,-205.0,-205.0,-267.5,-267.5,0.117,,0.8695652173913043,False,1.0,True,True
2023-09-28_10S2,2023-09-28,S,NEUTRAL,09,395.0,-205.0,395.0,-192.5,,,0.5882352941176471,True,0.5016393442622952,False,False
2023-09-28_78L2,2023-09-28,L,NEUTRAL,14,-205.0,32.5,-242.5,32.5,0.018,14.8,0.4285714285714285,True,0.9333333333333332,False,True
2023-09-29_17S2,2023-09-29,S,BEAR,09,-205.0,-205.0,-192.5,-192.5,0.113,,0.1764705882352941,False,0.7981220657276995,True,True
2023-09-29_24S2,2023-09-29,S,NEUTRAL,10,395.0,1407.5,395.0,1407.5,0.172,,0.1578947368421053,False,1.704035874439462,True,True
2023-09-29_34S2,2023-09-29,S,NEUTRAL,11,-205.0,-205.0,-467.5,-467.5,0.257,27.6,0.8461538461538461,True,1.3978494623655917,True,True
2023-09-29_52S2,2023-09-29,S,BEAR,13,-205.0,-205.0,-242.5,-242.5,0.407,38.8,0.3333333333333333,False,0.9130434782608696,True,True
2023-09-29_60S2,2023-09-29,S,BEAR,13,-205.0,-205.0,-305.0,-305.0,0.293,39.0,0.1153846153846154,False,1.0970464135021096,True,True
2023-09-29_71S2,2023-09-29,S,NEUTRAL,14,395.0,-205.0,395.0,-267.5,0.312,31.0,0.5217391304347826,False,0.7823129251700681,False,True
2023-10-02_9S2,2023-10-02,S,NEUTRAL,09,-205.0,-205.0,395.0,-367.5,,,0.9032258064516128,True,0.9323308270676692,False,False
2023-10-02_36L2,2023-10-02,L,NEUTRAL,11,-205.0,-205.0,-217.5,-217.5,0.513,18.7,0.8947368421052632,True,0.6959706959706959,False,True
2023-10-03_24S2,2023-10-03,S,NEUTRAL,10,-205.0,-205.0,-380.0,-380.0,0.289,,0.6875,True,1.1940298507462686,True,True
2023-10-03_41L2,2023-10-03,L,BULL,11,-205.0,-205.0,-280.0,-280.0,0.114,27.2,0.8333333333333334,True,0.9917355371900828,True,True
2023-10-03_70L2,2023-10-03,L,BEAR,14,-205.0,-205.0,-180.0,-180.0,0.158,18.9,0.125,False,0.8,False,True
2023-10-04_28L2,2023-10-04,L,BEAR,12,-205.0,-205.0,-330.0,-330.0,0.59,,0.6071428571428571,False,1.068702290076336,True,True
2023-10-04_34L2,2023-10-04,L,NEUTRAL,11,-205.0,-205.0,-292.5,-292.5,0.355,19.4,0.24,False,0.929368029739777,True,True
2023-10-04_53S2,2023-10-04,S,BEAR,13,395.0,-205.0,395.0,-130.0,0.432,21.7,0.3333333333333333,False,0.6486486486486487,True,True
2023-10-05_14S2,2023-10-05,S,BEAR,09,395.0,-205.0,395.0,-242.5,0.376,,0.9523809523809524,True,0.726643598615917,True,True
2023-10-05_19S2,2023-10-05,S,BEAR,10,-205.0,-205.0,-217.5,-217.5,0.422,,0.6842105263157895,True,0.6934306569343066,True,True
2023-10-05_29L2,2023-10-05,L,NEUTRAL,10,395.0,1045.0,395.0,1045.0,0.266,40.5,0.6363636363636364,True,0.9128630705394192,False,True
2023-10-05_61L2,2023-10-05,L,BULL,13,395.0,-42.5,395.0,-42.5,0.333,30.4,0.8888888888888888,True,1.0714285714285714,True,True
2023-10-05_67L2,2023-10-05,L,BULL,14,-205.0,-205.0,-180.0,-180.0,0.39,37.1,0.75,True,0.9248554913294798,True,True
2023-10-06_9L2,2023-10-06,L,BEAR,09,-205.0,-205.0,395.0,4320.0,,,0.3235294117647059,False,0.8,False,False
2023-10-06_43L2,2023-10-06,L,NEUTRAL,12,395.0,795.0,395.0,795.0,0.036,44.5,0.6666666666666666,True,0.5405405405405406,True,True
2023-10-06_56L2,2023-10-06,L,BULL,13,395.0,-205.0,395.0,-167.5,0.292,44.6,0.5333333333333333,False,0.8241758241758242,True,True
2023-10-06_75L2,2023-10-06,L,BULL,14,-205.0,-205.0,-192.5,-192.5,0.077,39.8,1.0,True,0.9550561797752808,True,True
2023-10-09_18L2,2023-10-09,L,BEAR,09,395.0,2532.5,395.0,2532.5,0.254,,0.7777777777777778,True,0.7531380753138076,False,True
2023-10-09_43L2,2023-10-09,L,BEAR,12,395.0,1695.0,395.0,1695.0,0.119,19.8,0.7272727272727273,False,1.3414634146341464,True,True
2023-10-09_63L2,2023-10-09,L,BULL,14,-205.0,-205.0,-230.0,-230.0,0.386,45.1,1.0,True,1.2121212121212122,True,True
2023-10-10_24S2,2023-10-10,S,BULL,10,-205.0,-205.0,-130.0,-130.0,0.465,,0.4166666666666666,True,0.6666666666666666,False,True
2023-10-10_74S2,2023-10-10,S,NEUTRAL,14,-205.0,107.5,-142.5,-142.5,0.288,30.0,0.6153846153846154,False,0.7386363636363635,True,True
2023-10-11_14S2,2023-10-11,S,BEAR,09,-205.0,-205.0,-180.0,-180.0,0.452,,0.0,False,0.8695652173913044,True,True
2023-10-11_32L2,2023-10-11,L,BEAR,11,-205.0,-205.0,-92.5,-92.5,0.0,35.6,0.5555555555555556,False,0.5113636363636364,False,True
2023-10-12_11L2,2023-10-12,L,NEUTRAL,09,-205.0,-205.0,-230.0,-230.0,0.125,,0.6,False,0.8368200836820084,True,False
2023-10-12_47L2,2023-10-12,L,NEUTRAL,12,-205.0,-205.0,-167.5,-167.5,0.873,28.6,0.6,False,0.6756756756756757,False,True
2023-10-13_11L2,2023-10-13,L,BEAR,09,-205.0,-205.0,-255.0,-255.0,0.387,,0.5,True,0.7073954983922829,False,False
2023-10-13_56L2,2023-10-13,L,NEUTRAL,13,-205.0,-205.0,-205.0,-205.0,0.095,26.9,0.2222222222222222,False,0.7058823529411765,True,True
2023-10-13_59L2,2023-10-13,L,BULL,13,-205.0,-205.0,-305.0,-305.0,0.388,22.3,0.6923076923076923,True,1.0276679841897234,True,True
2023-10-16_15S2,2023-10-16,S,BULL,09,-205.0,-205.0,-155.0,-155.0,0.838,,0.7857142857142857,True,0.5907172995780591,False,True
2023-10-17_13S2,2023-10-17,S,BULL,09,-205.0,-205.0,-242.5,-242.5,0.53,,0.6666666666666667,True,0.726643598615917,False,True
2023-10-18_8L2,2023-10-18,L,BEAR,09,-205.0,-205.0,395.0,-430.0,,,0.6944444444444444,False,1.3548387096774193,False,False
2023-10-18_25S2,2023-10-18,S,NEUTRAL,10,-205.0,-205.0,395.0,-405.0,0.098,,0.8529411764705882,True,1.3385826771653544,True,True
2023-10-18_56L2,2023-10-18,L,NEUTRAL,13,-205.0,-205.0,-230.0,-230.0,0.101,14.7,0.7,False,0.8368200836820084,True,True
2023-10-19_9L2,2023-10-19,L,BEAR,09,-205.0,-205.0,-317.5,-317.5,,,0.2222222222222222,False,1.1076923076923078,True,False
2023-10-19_35L2,2023-10-19,L,BULL,11,-205.0,-205.0,-717.5,-717.5,0.497,29.7,0.847457627118644,True,1.6164383561643836,True,True
2023-10-19_54L2,2023-10-19,L,BEAR,12,-205.0,-205.0,-255.0,-255.0,0.665,16.4,0.5909090909090909,True,0.5962059620596206,False,True
2023-10-20_38L2,2023-10-20,L,NEUTRAL,11,395.0,-205.0,395.0,-280.0,0.181,35.0,0.875,True,0.979591836734694,True,True
2023-10-20_51S2,2023-10-20,S,NEUTRAL,12,-205.0,-205.0,-205.0,-205.0,0.168,28.4,0.8888888888888888,True,0.6521739130434783,False,True
2023-10-20_68S2,2023-10-20,S,BEAR,14,-205.0,-205.0,395.0,870.0,0.279,17.8,0.7391304347826086,False,0.9787234042553192,True,True
2023-10-23_27S2,2023-10-23,S,BULL,10,-205.0,-205.0,-255.0,-255.0,0.528,,0.1818181818181817,False,1.0945273631840795,False,True
2023-10-24_10S2,2023-10-24,S,BULL,09,-205.0,-205.0,-292.5,-292.5,,,0.52,True,0.6777108433734941,True,False
2023-10-24_50S2,2023-10-24,S,BULL,12,-205.0,-205.0,-267.5,-267.5,0.522,27.0,0.9565217391304348,True,1.16751269035533,False,True
2023-10-25_11L2,2023-10-25,L,BEAR,09,-205.0,-205.0,-205.0,-205.0,0.529,,0.5,True,0.6870229007633588,False,False
2023-10-25_38S2,2023-10-25,S,NEUTRAL,11,395.0,520.0,395.0,520.0,0.423,23.9,0.4074074074074074,False,1.2616822429906542,True,True
2023-10-25_48S2,2023-10-25,S,BEAR,12,395.0,32.5,395.0,32.5,0.528,31.3,0.3043478260869565,True,1.036036036036036,True,True
2023-10-25_60S2,2023-10-25,S,BEAR,13,395.0,-205.0,395.0,-167.5,0.175,27.7,0.6666666666666667,False,0.872093023255814,True,True
2023-10-26_12L2,2023-10-26,L,NEUTRAL,09,-205.0,-205.0,-355.0,-355.0,0.109,,0.1333333333333333,False,0.8522727272727272,False,True
2023-10-26_79L2,2023-10-26,L,NEUTRAL,15,-205.0,-205.0,-280.0,-280.0,0.558,22.7,0.375,False,0.9125475285171104,False,True
2023-10-27_8L2,2023-10-27,L,NEUTRAL,09,-205.0,-205.0,-617.5,-617.5,,,0.9215686274509804,True,1.6451612903225807,True,False
2023-10-27_31L2,2023-10-27,L,BULL,11,-205.0,-205.0,-192.5,-192.5,0.421,12.0,0.8823529411764706,True,0.7327586206896552,True,True
2023-10-30_28L2,2023-10-30,L,NEUTRAL,10,395.0,-205.0,395.0,-180.0,0.091,,0.9375,True,0.6751054852320675,True,True
2023-10-30_47S2,2023-10-30,S,BEAR,12,-205.0,-205.0,-117.5,-117.5,0.222,10.0,0.4545454545454546,False,0.6010928961748634,False,True
2023-10-30_61L2,2023-10-30,L,BULL,15,-205.0,95.0,-167.5,95.0,0.279,27.3,0.4666666666666667,False,1.0,True,True
2023-10-30_77L2,2023-10-30,L,BULL,14,-205.0,-205.0,-80.0,-80.0,0.017,38.8,0.375,False,0.4733727810650888,True,True
2023-10-31_13L2,2023-10-31,L,NEUTRAL,09,-205.0,-205.0,-180.0,-180.0,0.196,,0.75,False,0.6808510638297872,True,True
2023-10-31_24L2,2023-10-31,L,BEAR,10,-205.0,-205.0,-205.0,-205.0,0.237,,0.3333333333333333,False,0.7228915662650602,True,True
2023-10-31_49L2,2023-10-31,L,BULL,12,395.0,307.5,395.0,307.5,0.381,7.1,0.8888888888888888,True,1.0112359550561798,True,True
2023-10-31_63L2,2023-10-31,L,BULL,13,395.0,107.5,395.0,107.5,0.085,14.2,0.5833333333333334,False,0.8391608391608392,True,True
2023-11-01_26L2,2023-11-01,L,NEUTRAL,10,-205.0,-205.0,-142.5,-142.5,0.493,,0.6153846153846154,True,0.6735751295336787,True,True
2023-11-02_26L2,2023-11-02,L,NEUTRAL,10,-205.0,-205.0,-217.5,-217.5,0.114,,0.9473684210526316,True,1.2258064516129032,True,True
2023-11-02_60L2,2023-11-02,L,BULL,13,395.0,182.5,-80.0,-80.0,0.158,21.3,1.0,False,0.6451612903225806,True,True
2023-11-03_16L2,2023-11-03,L,BEAR,09,-205.0,-205.0,-217.5,-217.5,0.227,,0.2631578947368421,False,0.7196969696969697,True,True
2023-11-03_56S2,2023-11-03,S,BULL,13,-205.0,-205.0,-117.5,-117.5,0.082,23.8,0.6363636363636364,True,0.7482993197278912,False,True
2023-11-06_8S2,2023-11-06,S,NEUTRAL,09,-205.0,-205.0,-255.0,-255.0,,,0.7727272727272727,True,1.0405405405405406,True,False
2023-11-06_16S2,2023-11-06,S,NEUTRAL,10,395.0,70.0,395.0,70.0,0.116,,0.9375,True,0.893854748603352,False,True
2023-11-06_45S2,2023-11-06,S,BEAR,12,395.0,-205.0,395.0,-142.5,0.551,23.8,1.0,True,1.2037037037037035,True,True
2023-11-06_52S2,2023-11-06,S,BEAR,13,-205.0,-205.0,-105.0,-105.0,0.425,33.4,0.6,True,0.684931506849315,True,True
2023-11-07_25L2,2023-11-07,L,BULL,10,-205.0,-205.0,-117.5,-117.5,0.345,,0.7272727272727273,True,0.9166666666666666,True,True
2023-11-07_37S2,2023-11-07,S,NEUTRAL,11,-205.0,-205.0,-142.5,-142.5,0.719,37.4,0.8461538461538461,True,0.9629629629629628,True,True
2023-11-07_50L2,2023-11-07,L,NEUTRAL,12,-205.0,-205.0,-105.0,-105.0,0.75,26.6,0.8,True,0.7518796992481203,True,True
2023-11-07_58L2,2023-11-07,L,NEUTRAL,13,-205.0,-205.0,-55.0,-55.0,0.214,21.7,0.0,False,0.5769230769230769,True,True
2023-11-07_68S2,2023-11-07,S,BEAR,14,-205.0,-205.0,-142.5,-142.5,0.55,18.9,0.8461538461538461,True,1.25,True,True
2023-11-07_81L2,2023-11-07,L,NEUTRAL,15,-205.0,-42.5,-67.5,-42.5,0.229,22.9,1.0,True,0.5109489051094891,False,True
2023-11-08_13L2,2023-11-08,L,BEAR,09,-205.0,-205.0,-142.5,-142.5,0.333,,0.6153846153846154,False,0.6467661691542288,False,True
2023-11-08_70L2,2023-11-08,L,BEAR,14,395.0,82.5,395.0,82.5,0.111,17.3,0.9090909090909092,True,0.8661417322834646,True,True
2023-11-09_14L2,2023-11-09,L,BEAR,09,395.0,-205.0,-167.5,-167.5,0.258,,0.1333333333333333,False,0.6726457399103138,False,True
2023-11-09_40L2,2023-11-09,L,BEAR,12,-205.0,-205.0,-105.0,-105.0,0.182,11.3,0.8,True,0.8620689655172414,False,True
2023-11-09_50L2,2023-11-09,L,NEUTRAL,12,-205.0,-205.0,-242.5,-242.5,0.294,25.4,0.7142857142857143,False,0.6441717791411042,False,True
2023-11-10_11L2,2023-11-10,L,BEAR,09,-205.0,-205.0,-305.0,-305.0,0.03,,0.9230769230769232,True,1.04,True,False
2023-11-10_30L2,2023-11-10,L,NEUTRAL,10,395.0,2032.5,395.0,2032.5,0.188,16.8,0.8571428571428571,True,0.9333333333333332,True,True
2023-11-10_57L2,2023-11-10,L,BULL,13,395.0,570.0,395.0,570.0,0.621,48.7,0.9,True,0.8403361344537815,True,True
2023-11-10_63L2,2023-11-10,L,BULL,13,395.0,507.5,395.0,507.5,0.371,49.2,0.9090909090909092,True,1.0280373831775702,True,True
2023-11-13_12L2,2023-11-13,L,NEUTRAL,09,395.0,620.0,395.0,620.0,0.284,,0.0625,False,0.9195402298850576,True,True
2023-11-13_35L2,2023-11-13,L,BULL,11,-205.0,-205.0,-80.0,-80.0,0.221,38.5,0.125,False,0.5755395683453237,True,True
2023-11-14_16L2,2023-11-14,L,BULL,09,-205.0,-205.0,-180.0,-180.0,0.531,,0.75,True,0.7655502392344498,True,True
2023-11-14_21L2,2023-11-14,L,BULL,10,-205.0,-205.0,-92.5,-92.5,0.658,,0.6666666666666666,False,0.5625,True,True
2023-11-14_27L2,2023-11-14,L,BULL,10,-205.0,-205.0,-117.5,-117.5,0.124,,0.0,False,0.8270676691729323,True,True
2023-11-14_50S2,2023-11-14,S,BULL,12,395.0,-205.0,395.0,-117.5,0.268,23.3,0.8181818181818181,False,1.1,False,True
2023-11-14_75L2,2023-11-14,L,BEAR,14,-205.0,-205.0,-105.0,-105.0,0.167,27.5,0.8,True,0.9523809523809524,True,True
2023-11-15_18S2,2023-11-15,S,BULL,09,395.0,1095.0,395.0,1095.0,0.477,,0.5384615384615384,False,0.8125,False,True
2023-11-16_16L2,2023-11-16,L,BEAR,09,-205.0,-205.0,-280.0,-280.0,0.282,,0.25,False,1.1009174311926606,False,True
2023-11-17_10L2,2023-11-17,L,NEUTRAL,09,-205.0,-205.0,-192.5,-192.5,,,0.7647058823529411,False,0.9386503067484664,True,False
2023-11-17_24S2,2023-11-17,S,BULL,10,-205.0,-205.0,-205.0,-205.0,0.1,,0.3888888888888888,False,1.0843373493975903,True,True
2023-11-17_42L2,2023-11-17,L,BULL,12,395.0,82.5,-30.0,-30.0,0.073,11.2,0.75,True,0.4210526315789473,True,True
2023-11-17_64L2,2023-11-17,L,NEUTRAL,13,-205.0,-205.0,-117.5,-117.5,0.217,19.1,1.0,True,1.1111111111111112,True,True
2023-11-20_13L2,2023-11-20,L,BEAR,09,395.0,995.0,395.0,995.0,0.194,,0.8125,True,0.9937888198757764,True,True
2023-11-20_24L2,2023-11-20,L,NEUTRAL,10,395.0,632.5,-67.5,-67.5,0.644,,0.8571428571428571,False,0.6930693069306931,True,True
2023-11-20_32L2,2023-11-20,L,BULL,11,395.0,620.0,-67.5,-67.5,0.154,44.7,0.8571428571428571,False,0.8045977011494253,True,True
2023-11-20_75L2,2023-11-20,L,BULL,14,-205.0,-205.0,-92.5,-92.5,0.254,56.2,0.6666666666666666,True,0.8035714285714286,True,True
2023-11-21_11S2,2023-11-21,S,BULL,10,-205.0,-205.0,-117.5,-117.5,0.325,,0.0,False,0.8029197080291971,True,False
2023-11-21_27S2,2023-11-21,S,NEUTRAL,10,-205.0,-205.0,-80.0,-80.0,0.095,,0.875,True,0.6896551724137931,True,True
2023-11-22_21L2,2023-11-22,L,NEUTRAL,10,395.0,-205.0,-92.5,-92.5,0.063,,0.4444444444444444,False,0.4712041884816753,True,True
2023-11-22_49S2,2023-11-22,S,BULL,12,395.0,270.0,-80.0,-80.0,0.4,11.1,0.25,False,0.6201550387596899,False,True
2023-11-22_71S2,2023-11-22,S,BULL,14,-205.0,57.5,-67.5,-67.5,0.0,22.8,0.4285714285714286,False,0.4046242774566473,True,True
2023-11-24_14S2,2023-11-24,S,NEUTRAL,09,-205.0,-205.0,-92.5,-92.5,0.179,,0.6666666666666667,False,0.8108108108108109,True,True
2023-11-24_22S2,2023-11-24,S,BEAR,10,-205.0,-55.0,-55.0,-55.0,0.2,,0.5,False,0.6451612903225806,True,True
2023-11-27_16S2,2023-11-27,S,NEUTRAL,09,-205.0,-205.0,-105.0,-105.0,0.181,,0.6,False,0.6134969325153374,False,True
2023-11-28_10L2,2023-11-28,L,BULL,12,395.0,557.5,395.0,557.5,,,0.8571428571428571,True,0.9333333333333332,True,False
2023-11-28_22L2,2023-11-28,L,BULL,10,395.0,-205.0,395.0,-180.0,0.543,,0.875,True,0.9523809523809524,True,True
2023-11-28_48S2,2023-11-28,S,NEUTRAL,12,-205.0,-205.0,-117.5,-117.5,0.303,41.2,0.8181818181818181,True,0.6832298136645962,True,True
2023-11-29_19S2,2023-11-29,S,NEUTRAL,10,395.0,757.5,395.0,757.5,0.075,,0.8571428571428572,True,0.8974358974358975,True,True
2023-11-29_31S2,2023-11-29,S,BEAR,11,-205.0,-205.0,-55.0,-55.0,0.048,44.7,0.3333333333333333,True,0.4,True,True
2023-11-30_13L2,2023-11-30,L,BULL,09,-205.0,-205.0,-205.0,-205.0,0.143,,0.0555555555555555,False,0.7058823529411765,True,True
2023-11-30_25S2,2023-11-30,S,NEUTRAL,10,395.0,-205.0,395.0,-255.0,0.103,,0.8181818181818181,True,1.0731707317073171,True,True
2023-11-30_50L2,2023-11-30,L,BEAR,12,-205.0,-205.0,395.0,1157.5,0.138,17.8,0.8846153846153846,True,2.08,True,True
2023-12-01_56S2,2023-12-01,S,BEAR,13,-205.0,-205.0,-192.5,-192.5,0.366,16.8,0.1764705882352941,False,1.1333333333333333,True,True
2023-12-01_63L2,2023-12-01,L,BULL,13,-205.0,-205.0,-105.0,-105.0,0.169,13.6,0.8,True,0.7299270072992701,True,True
2023-12-01_72L2,2023-12-01,L,NEUTRAL,14,-205.0,220.0,-92.5,220.0,0.172,13.0,0.5555555555555556,False,0.782608695652174,True,True
2023-12-01_78L2,2023-12-01,L,BULL,14,-205.0,95.0,-205.0,95.0,0.167,10.3,0.0,False,1.3846153846153846,True,True
2023-12-04_9S2,2023-12-04,S,NEUTRAL,09,395.0,-205.0,395.0,-155.0,,,0.4285714285714286,False,0.6549707602339181,True,False
2023-12-04_23S2,2023-12-04,S,BEAR,10,-205.0,-205.0,-117.5,-117.5,0.137,,0.4545454545454546,False,0.8661417322834646,True,True
2023-12-04_42L2,2023-12-04,L,BULL,12,-205.0,-205.0,-105.0,-105.0,0.61,39.7,0.3,False,0.8130081300813008,True,True
2023-12-04_61S2,2023-12-04,S,BEAR,13,-205.0,-205.0,-105.0,-105.0,0.154,18.1,0.5,False,0.8333333333333334,True,True
2023-12-05_14L2,2023-12-05,L,BEAR,09,395.0,-205.0,395.0,-192.5,0.295,,0.1176470588235294,False,0.6137184115523466,True,True
2023-12-05_27L2,2023-12-05,L,NEUTRAL,10,-205.0,-205.0,-105.0,-105.0,0.211,,0.7,True,0.5025125628140704,True,True
2023-12-05_37S2,2023-12-05,S,BEAR,11,-205.0,-205.0,-217.5,-217.5,0.169,18.3,0.2631578947368421,False,1.021505376344086,True,True
2023-12-05_54L2,2023-12-05,L,NEUTRAL,12,-205.0,257.5,-67.5,-67.5,0.087,12.0,0.8571428571428571,True,0.5223880597014925,True,True
2023-12-05_65L2,2023-12-05,L,NEUTRAL,14,-205.0,220.0,-105.0,220.0,0.25,10.4,0.8,True,0.8547008547008548,True,True
2023-12-06_23S2,2023-12-06,S,NEUTRAL,10,395.0,1220.0,395.0,1220.0,0.323,,0.9285714285714286,True,0.9589041095890412,True,True
2023-12-06_31S2,2023-12-06,S,BEAR,11,395.0,932.5,-130.0,-130.0,0.347,49.3,0.0833333333333333,False,0.6741573033707865,True,True
2023-12-06_51S2,2023-12-06,S,BEAR,12,395.0,770.0,-80.0,-80.0,0.08,35.1,0.625,False,0.6153846153846154,True,True
2023-12-07_14S2,2023-12-07,S,BULL,09,395.0,-205.0,395.0,-117.5,0.608,,0.8181818181818181,True,0.55,False,True
2023-12-07_55L2,2023-12-07,L,NEUTRAL,13,-205.0,-130.0,-55.0,-55.0,0.0,14.1,0.6666666666666666,False,0.5882352941176471,True,True
2023-12-07_63L2,2023-12-07,L,BULL,13,-205.0,-205.0,-80.0,-80.0,0.0,19.4,0.625,True,0.7476635514018692,True,True
2023-12-07_74S2,2023-12-07,S,BEAR,14,-205.0,-5.0,-230.0,-5.0,0.318,14.3,0.9,True,2.0,True,True
2023-12-08_24L2,2023-12-08,L,BULL,10,-205.0,-205.0,-92.5,-92.5,0.0,,0.8888888888888888,True,0.4035874439461883,False,True
2023-12-08_70L2,2023-12-08,L,BULL,14,-205.0,-92.5,-92.5,-92.5,0.333,28.2,1.0,True,0.8411214953271029,True,True
2023-12-11_14L2,2023-12-11,L,NEUTRAL,09,-205.0,-205.0,-230.0,-230.0,0.086,,0.9,True,1.2422360248447204,True,True
2023-12-11_38L2,2023-12-11,L,BULL,12,395.0,620.0,395.0,620.0,0.688,10.8,0.6666666666666666,False,0.6593406593406593,True,True
2023-12-11_66S2,2023-12-11,S,NEUTRAL,14,-205.0,-205.0,-67.5,-67.5,0.171,28.3,0.7142857142857143,True,0.853658536585366,True,True
2023-12-12_28L2,2023-12-12,L,BULL,10,-205.0,-205.0,-105.0,-105.0,0.055,,0.3,False,0.9009009009009008,True,True
2023-12-12_46L2,2023-12-12,L,BULL,12,395.0,720.0,-92.5,-92.5,0.042,35.2,0.4444444444444444,False,0.8256880733944953,True,True
2023-12-12_76L2,2023-12-12,L,BULL,14,-205.0,295.0,-80.0,295.0,0.209,47.1,0.75,True,0.8695652173913044,True,True
2023-12-13_37S2,2023-12-13,S,BEAR,11,-205.0,-205.0,-55.0,-55.0,0.478,20.0,0.8333333333333334,False,0.8219178082191781,True,True
2023-12-13_77L2,2023-12-13,L,BULL,14,-205.0,-205.0,-142.5,-142.5,0.247,51.7,0.5384615384615384,False,0.4467353951890034,True,True
2023-12-14_9L2,2023-12-14,L,BEAR,09,-205.0,-205.0,-205.0,-205.0,,,0.6666666666666666,False,0.5806451612903226,False,False
2023-12-14_63S2,2023-12-14,S,BULL,13,-205.0,-205.0,-155.0,-155.0,0.791,36.5,0.9285714285714286,True,0.7106598984771574,True,True
2023-12-15_10L2,2023-12-15,L,BULL,09,395.0,-205.0,395.0,-330.0,,,0.8928571428571429,True,1.1506849315068497,True,False
2023-12-15_17L2,2023-12-15,L,BULL,10,-205.0,-205.0,-117.5,-117.5,0.573,,0.9090909090909092,True,0.6077348066298343,True,True
2023-12-15_24L2,2023-12-15,L,NEUTRAL,10,-205.0,-205.0,-142.5,-142.5,0.118,,0.9230769230769232,True,0.9027777777777778,True,True
2023-12-15_50S2,2023-12-15,S,BEAR,14,-205.0,-205.0,-105.0,-105.0,0.333,19.5,0.6,False,0.7633587786259542,True,True
2023-12-15_70L2,2023-12-15,L,NEUTRAL,14,395.0,357.5,395.0,357.5,0.397,20.3,0.6,True,0.7194244604316546,True,True
2023-12-18_9S2,2023-12-18,S,BULL,09,-205.0,-205.0,-105.0,-105.0,,,0.6,False,0.6779661016949152,False,False
2023-12-19_27L2,2023-12-19,L,BULL,10,-205.0,-205.0,-117.5,-117.5,0.45,,0.9090909090909092,True,1.1956521739130437,True,True
2023-12-19_51L2,2023-12-19,L,BULL,12,395.0,245.0,395.0,245.0,0.0,14.2,1.0,True,1.4,True,True
2023-12-19_57L2,2023-12-19,L,BULL,13,-205.0,157.5,-30.0,-30.0,0.545,11.6,0.5,False,0.5555555555555556,True,True
2023-12-19_72S2,2023-12-19,S,NEUTRAL,14,-205.0,-205.0,-80.0,-80.0,0.143,9.8,0.875,True,0.9638554216867468,True,True
2023-12-20_17S2,2023-12-20,S,BULL,09,-205.0,-205.0,-155.0,-155.0,0.25,,0.6428571428571428,True,1.1864406779661016,False,True
2023-12-21_16L2,2023-12-21,L,NEUTRAL,09,-205.0,-205.0,-305.0,-305.0,0.021,,0.8076923076923077,True,0.8387096774193549,True,True
2023-12-22_26S2,2023-12-22,S,BULL,11,395.0,595.0,-155.0,-155.0,0.246,,0.5714285714285714,False,0.8588957055214723,True,True
2023-12-22_68S2,2023-12-22,S,NEUTRAL,14,-205.0,232.5,-205.0,232.5,0.207,28.5,0.3888888888888888,False,0.7086614173228347,False,True
2023-12-26_15S2,2023-12-26,S,BULL,10,-205.0,-205.0,-55.0,-55.0,0.467,,0.0,False,0.631578947368421,False,True
2023-12-26_79L2,2023-12-26,L,NEUTRAL,15,-205.0,45.0,-167.5,45.0,0.062,34.5,0.8,True,1.1450381679389314,True,True
2023-12-27_12L2,2023-12-27,L,NEUTRAL,09,-205.0,-205.0,-255.0,-255.0,0.098,,0.9090909090909092,True,1.6923076923076923,False,True
2023-12-27_51L2,2023-12-27,L,NEUTRAL,12,-205.0,-205.0,-67.5,-67.5,0.6,27.5,0.7142857142857143,True,0.5185185185185185,True,True
2023-12-28_7S2,2023-12-28,S,NEUTRAL,09,-205.0,-205.0,-80.0,-80.0,,,0.5,False,0.5393258426966292,True,False
2023-12-28_30S2,2023-12-28,S,BEAR,11,-205.0,-205.0,-67.5,-67.5,0.111,26.2,0.5714285714285714,False,0.6666666666666666,True,True
2023-12-28_51S2,2023-12-28,S,BULL,12,395.0,145.0,395.0,145.0,0.093,19.0,0.5625,False,1.08843537414966,False,True
2023-12-29_9S2,2023-12-29,S,BULL,09,395.0,932.5,395.0,932.5,,,0.7857142857142857,True,1.2444444444444445,True,False
2023-12-29_20S2,2023-12-29,S,BEAR,13,395.0,282.5,-117.5,-117.5,0.58,,0.1818181818181817,False,0.6470588235294118,True,True
2023-12-29_31S2,2023-12-29,S,BEAR,11,-205.0,-205.0,-117.5,-117.5,0.343,72.8,0.9090909090909092,True,0.6010928961748634,True,True
2023-12-29_58L2,2023-12-29,L,BULL,13,395.0,-205.0,395.0,-117.5,0.441,28.3,0.3636363636363636,False,0.8527131782945736,True,True
2023-12-29_75L2,2023-12-29,L,BULL,14,-205.0,-205.0,-67.5,-67.5,0.106,22.8,0.7142857142857143,True,0.4761904761904762,True,True
2024-01-02_15L2,2024-01-02,L,BEAR,09,395.0,-205.0,395.0,-117.5,0.15,,0.8181818181818182,False,0.5140186915887851,False,True
2024-01-02_37L2,2024-01-02,L,NEUTRAL,11,-205.0,-205.0,-117.5,-117.5,0.451,21.2,0.3636363636363636,False,0.8396946564885497,True,True
2024-01-02_52L2,2024-01-02,L,BULL,12,-205.0,-205.0,-117.5,-117.5,0.064,14.3,0.2727272727272727,False,0.8527131782945736,True,True
2024-01-03_7L2,2024-01-03,L,BEAR,09,395.0,-205.0,395.0,-255.0,,,0.6363636363636364,False,1.360824742268041,True,False
2024-01-03_17L2,2024-01-03,L,BEAR,09,395.0,-205.0,395.0,-130.0,0.742,,0.3333333333333333,False,0.5454545454545454,False,True
2024-01-03_33S2,2024-01-03,S,NEUTRAL,11,-205.0,-205.0,-180.0,-180.0,0.29,9.8,0.875,True,1.1510791366906474,True,True
2024-01-03_48L2,2024-01-03,L,NEUTRAL,12,-205.0,-205.0,-80.0,-80.0,0.61,26.8,0.5,False,0.7207207207207208,True,True
2024-01-03_71L2,2024-01-03,L,BULL,14,-205.0,-205.0,-142.5,-142.5,0.699,19.8,0.4615384615384615,False,0.625,False,True
2024-01-04_11S2,2024-01-04,S,BULL,09,-205.0,-205.0,-180.0,-180.0,0.327,,0.8125,True,0.6153846153846154,False,False
2024-01-04_75S2,2024-01-04,S,BEAR,14,395.0,645.0,395.0,645.0,0.224,28.2,0.625,False,0.4848484848484848,True,True
2024-01-05_9S2,2024-01-05,S,BULL,09,-205.0,-205.0,-317.5,-317.5,,,0.1851851851851852,False,0.8962655601659751,False,False
2024-01-05_43S2,2024-01-05,S,BEAR,12,-205.0,-205.0,-142.5,-142.5,0.361,31.2,0.8461538461538461,True,0.7065217391304348,True,True
2024-01-05_57S2,2024-01-05,S,BULL,13,395.0,232.5,-117.5,-117.5,0.689,25.3,0.4545454545454546,False,0.6285714285714286,False,True
2024-01-08_9S2,2024-01-08,S,BULL,09,-205.0,-205.0,-205.0,-205.0,,,0.5555555555555556,True,0.6889952153110048,False,False
2024-01-09_12S2,2024-01-09,S,BULL,09,-205.0,-205.0,-92.5,-92.5,0.185,,0.7777777777777778,True,0.4891304347826087,False,True
2024-01-10_29S2,2024-01-10,S,BULL,10,-205.0,-205.0,-117.5,-117.5,0.222,11.8,0.9090909090909092,True,0.8661417322834646,True,True
2024-01-11_16S2,2024-01-11,S,BEAR,12,-205.0,-205.0,-242.5,-242.5,0.311,,0.2380952380952381,True,0.6086956521739131,True,True
2024-01-11_50L2,2024-01-11,L,BULL,12,395.0,720.0,395.0,720.0,0.606,27.5,0.6428571428571429,True,0.8484848484848485,True,True
2024-01-11_60L2,2024-01-11,L,BULL,14,395.0,257.5,395.0,257.5,0.402,31.6,0.2222222222222222,False,0.989010989010989,True,True
2024-01-11_77S2,2024-01-11,S,NEUTRAL,14,-205.0,-205.0,-267.5,-267.5,0.079,22.3,0.3478260869565217,False,1.0599078341013826,True,True
2024-01-12_31S2,2024-01-12,S,NEUTRAL,11,-205.0,-205.0,-167.5,-167.5,0.556,38.7,0.5333333333333333,True,0.7281553398058251,True,True
2024-01-12_38S2,2024-01-12,S,NEUTRAL,11,-205.0,-205.0,-192.5,-192.5,0.138,34.6,0.3529411764705882,False,0.934065934065934,True,True
2024-01-16_15L2,2024-01-16,L,BULL,09,-205.0,-205.0,-317.5,-317.5,0.69,,0.8148148148148148,False,1.148936170212766,True,True
2024-01-16_26S2,2024-01-16,S,NEUTRAL,10,395.0,520.0,395.0,520.0,0.113,,0.0909090909090909,False,0.7236842105263158,False,True
2024-01-16_42S2,2024-01-16,S,BEAR,11,-205.0,-205.0,-192.5,-192.5,0.312,25.2,0.5882352941176471,False,0.9444444444444444,True,True
2024-01-16_55L2,2024-01-16,L,NEUTRAL,13,-205.0,-205.0,-142.5,-142.5,0.27,20.6,0.6923076923076923,True,0.718232044198895,False,True
2024-01-17_14L2,2024-01-17,L,BULL,09,395.0,-205.0,395.0,-205.0,0.412,,0.7777777777777778,True,0.7894736842105263,True,True
2024-01-17_26L2,2024-01-17,L,NEUTRAL,10,-205.0,-205.0,-130.0,-130.0,0.351,,0.9166666666666666,True,0.7643312101910829,True,True
2024-01-17_67S2,2024-01-17,S,BEAR,14,-205.0,-205.0,-92.5,-92.5,0.3,22.7,0.7777777777777778,True,0.6923076923076923,False,True
2024-01-18_13S2,2024-01-18,S,BEAR,09,-205.0,-205.0,-192.5,-192.5,0.253,,0.4117647058823529,False,0.7264957264957266,True,True
2024-01-18_37S2,2024-01-18,S,BEAR,11,395.0,-205.0,395.0,-155.0,0.459,20.1,0.2142857142857143,False,0.673076923076923,True,True
2024-01-19_14L2,2024-01-19,L,NEUTRAL,09,395.0,2357.5,395.0,2357.5,0.182,,0.2,False,1.0,True,True
2024-01-19_29L2,2024-01-19,L,BULL,10,395.0,2070.0,395.0,2070.0,0.152,34.9,0.4166666666666667,False,0.7792207792207793,True,True
2024-01-19_71S2,2024-01-19,S,BEAR,14,-205.0,-205.0,-155.0,-155.0,0.158,47.2,0.5714285714285714,False,0.7526881720430108,False,True
2024-01-22_8S2,2024-01-22,S,NEUTRAL,09,-205.0,-205.0,395.0,495.0,,,0.8918918918918919,True,1.4388888888888889,True,False
2024-01-22_27S2,2024-01-22,S,BEAR,10,395.0,257.5,-142.5,-142.5,0.139,,0.8461538461538461,True,0.8387096774193549,True,True
2024-01-22_64S2,2024-01-22,S,BEAR,13,-205.0,-205.0,-105.0,-105.0,0.143,29.3,0.8,True,0.7575757575757576,True,True
2024-01-23_9L2,2024-01-23,L,NEUTRAL,09,-205.0,-205.0,-205.0,-205.0,,,0.6111111111111112,True,0.9863013698630136,True,False
2024-01-23_22S2,2024-01-23,S,BEAR,10,-205.0,-205.0,-180.0,-180.0,0.429,,0.9375,True,1.1764705882352942,True,True
2024-01-23_34S2,2024-01-23,S,BEAR,11,-205.0,-205.0,-117.5,-117.5,0.224,30.9,0.5454545454545454,True,1.0784313725490198,True,True
2024-01-23_51L2,2024-01-23,L,NEUTRAL,13,395.0,820.0,395.0,820.0,0.0,21.4,0.2857142857142857,False,0.7368421052631579,True,True
2024-01-23_61L2,2024-01-23,L,NEUTRAL,13,395.0,770.0,395.0,770.0,0.043,17.6,0.875,False,0.9411764705882352,True,True
2024-01-23_75L2,2024-01-23,L,BULL,14,395.0,407.5,-55.0,-55.0,0.28,33.4,0.1666666666666666,False,0.5217391304347826,True,True
2024-01-24_9L2,2024-01-24,L,BEAR,12,-205.0,-205.0,-292.5,-292.5,,,0.8,True,1.2820512820512822,False,False
2024-01-24_22L2,2024-01-24,L,BEAR,10,395.0,-205.0,395.0,-130.0,0.131,,0.0833333333333333,False,0.6282722513089005,True,True
2024-01-24_66S2,2024-01-24,S,BEAR,14,395.0,1007.5,395.0,1007.5,0.229,27.8,0.6153846153846154,True,0.7926829268292683,True,True
2024-01-25_13S2,2024-01-25,S,BULL,09,395.0,45.0,395.0,-117.5,0.2,,0.2727272727272727,True,0.5445544554455446,False,True
2024-01-25_57L2,2024-01-25,L,BEAR,13,395.0,1070.0,395.0,1070.0,0.08,18.1,0.3888888888888889,False,1.0588235294117647,False,True
2024-01-26_19S2,2024-01-26,S,BULL,10,395.0,807.5,395.0,807.5,0.548,,0.0,False,0.8387096774193549,False,True
2024-01-26_46S2,2024-01-26,S,NEUTRAL,12,-205.0,-205.0,-92.5,-92.5,0.524,34.8,0.7777777777777778,True,0.4787234042553191,True,True
2024-01-26_59S2,2024-01-26,S,NEUTRAL,13,-205.0,-205.0,-117.5,-117.5,0.238,32.7,0.8181818181818181,False,0.7333333333333333,True,True
2024-01-26_70L2,2024-01-26,L,BULL,14,-205.0,-205.0,-105.0,-105.0,0.385,19.3,0.9,True,0.7575757575757576,True,True
2024-01-29_15L2,2024-01-29,L,BEAR,09,-205.0,-205.0,-242.5,-242.5,0.204,,0.8571428571428571,True,1.25,True,True
2024-01-30_13L2,2024-01-30,L,BEAR,09,-205.0,-205.0,-242.5,-242.5,0.138,,0.8095238095238095,False,1.3461538461538465,False,True
2024-01-30_50S2,2024-01-30,S,BULL,12,-205.0,-205.0,-67.5,-67.5,0.265,24.1,0.4285714285714286,False,0.7368421052631579,False,True
2024-01-31_37S2,2024-01-31,S,NEUTRAL,11,-205.0,-205.0,-117.5,-117.5,0.238,39.9,0.0,False,0.8208955223880596,True,True
2024-01-31_64S2,2024-01-31,S,BULL,13,395.0,2357.5,395.0,2357.5,0.087,27.6,0.4102564102564102,False,0.9133489461358312,False,True
2024-02-01_14S2,2024-02-01,S,BULL,09,395.0,-205.0,395.0,-180.0,0.367,,0.5625,True,0.5970149253731343,False,True
2024-02-01_49L2,2024-02-01,L,BULL,12,-205.0,-205.0,-167.5,-167.5,0.177,32.7,0.4,False,0.5882352941176471,True,True
2024-02-01_72L2,2024-02-01,L,NEUTRAL,14,-205.0,-205.0,-80.0,-80.0,0.553,34.1,0.5,False,0.4790419161676646,True,True
2024-02-02_9L2,2024-02-02,L,NEUTRAL,09,395.0,1820.0,395.0,1820.0,,,0.3846153846153846,False,0.97196261682243,True,False
2024-02-02_21L2,2024-02-02,L,BULL,10,395.0,970.0,395.0,970.0,0.37,,0.6470588235294118,True,0.6538461538461539,True,True
2024-02-02_35L2,2024-02-02,L,BULL,11,395.0,-205.0,395.0,-292.5,0.278,48.8,0.96,True,1.3812154696132597,True,True
2024-02-02_48S2,2024-02-02,S,BULL,12,-205.0,-205.0,-305.0,-305.0,0.157,31.1,0.2692307692307693,False,0.8176100628930817,False,True
2024-02-05_12L2,2024-02-05,L,BEAR,09,-205.0,-205.0,-230.0,-230.0,0.556,,0.55,True,0.7936507936507937,False,True
2024-02-05_53S2,2024-02-05,S,BULL,12,-205.0,-205.0,-80.0,-80.0,0.013,11.7,0.75,False,0.5228758169934641,False,True
2024-02-05_76L2,2024-02-05,L,NEUTRAL,14,-205.0,-205.0,-180.0,-180.0,0.323,15.0,0.125,False,0.7960199004975124,True,True
2024-02-06_13L2,2024-02-06,L,BEAR,09,395.0,-205.0,395.0,432.5,0.398,,0.7916666666666666,True,0.9375,False,True
2024-02-06_40S2,2024-02-06,S,NEUTRAL,11,-205.0,-205.0,-92.5,-92.5,0.105,17.6,0.0,False,0.6,True,True
2024-02-06_70S2,2024-02-06,S,BULL,14,-205.0,-205.0,-92.5,-92.5,0.46,15.9,0.3333333333333333,False,0.6521739130434783,False,True
2024-02-07_9L2,2024-02-07,L,BEAR,09,395.0,957.5,395.0,957.5,,,0.8076923076923077,True,1.2530120481927711,True,False
2024-02-07_20L2,2024-02-07,L,BEAR,10,-205.0,-205.0,-230.0,-230.0,0.17,,0.6,False,0.9569377990430624,True,True
2024-02-07_48L2,2024-02-07,L,NEUTRAL,12,-205.0,7.5,-117.5,-117.5,0.556,20.7,0.1818181818181818,False,0.6285714285714286,True,True
2024-02-07_57L2,2024-02-07,L,NEUTRAL,13,-205.0,-205.0,-92.5,-92.5,0.216,26.7,0.8888888888888888,True,0.6474820143884892,True,True
2024-02-08_11S2,2024-02-08,S,BEAR,09,-205.0,-205.0,-130.0,-130.0,0.155,,0.25,False,0.8633093525179856,True,False
2024-02-08_26L2,2024-02-08,L,BEAR,10,395.0,357.5,395.0,357.5,0.153,,1.0,True,1.1940298507462686,False,True
2024-02-08_58L2,2024-02-08,L,BULL,13,-205.0,-205.0,-92.5,-92.5,0.037,14.1,0.2222222222222222,True,0.8411214953271029,True,True
2024-02-08_71L2,2024-02-08,L,NEUTRAL,14,-205.0,-205.0,-67.5,-67.5,0.875,17.5,0.7142857142857143,True,0.7608695652173914,True,True
2024-02-09_31S2,2024-02-09,S,NEUTRAL,11,-205.0,-205.0,-80.0,-80.0,0.535,22.9,0.875,True,0.6956521739130435,True,True
2024-02-12_28S2,2024-02-12,S,BULL,10,395.0,1507.5,-55.0,-55.0,0.419,,0.5,False,0.4615384615384615,False,True
2024-02-12_64S2,2024-02-12,S,BEAR,13,395.0,395.0,395.0,395.0,0.439,45.1,0.8333333333333334,True,0.5911330049261083,True,True
2024-02-13_25S2,2024-02-13,S,BULL,10,395.0,695.0,-130.0,-130.0,0.155,,0.5833333333333333,False,0.6382978723404255,False,True
2024-02-13_49S2,2024-02-13,S,NEUTRAL,12,395.0,7.5,395.0,7.5,0.662,23.7,0.4615384615384615,False,0.9558823529411764,True,True
2024-02-13_64S2,2024-02-13,S,BEAR,13,395.0,-205.0,395.0,-267.5,0.528,44.3,0.9565217391304348,True,1.0900473933649288,True,True
2024-02-14_10L2,2024-02-14,L,BULL,09,-205.0,-205.0,-155.0,-155.0,,,0.2857142857142857,False,0.56,True,False
2024-02-14_27S2,2024-02-14,S,BULL,11,-205.0,-205.0,-80.0,-80.0,0.271,,0.375,False,0.3669724770642201,True,True
2024-02-14_42S2,2024-02-14,S,BULL,11,-205.0,-205.0,-80.0,-80.0,0.644,26.0,0.625,True,0.5,False,True
2024-02-14_66S2,2024-02-14,S,NEUTRAL,13,-205.0,-205.0,-117.5,-117.5,0.833,14.6,0.5454545454545454,True,0.5913978494623655,False,True
2024-02-15_11S2,2024-02-15,S,NEUTRAL,09,-205.0,-205.0,-217.5,-217.5,0.25,,0.4210526315789473,False,0.8715596330275229,False,False
2024-02-15_24S2,2024-02-15,S,BEAR,10,-205.0,-205.0,-180.0,-180.0,0.19,,0.6875,False,0.903954802259887,True,True
2024-02-15_53L2,2024-02-15,L,BULL,12,395.0,482.5,395.0,482.5,0.59,23.5,0.4444444444444444,True,0.5113636363636364,True,True
2024-02-15_64L2,2024-02-15,L,BULL,13,-205.0,-205.0,-155.0,-155.0,0.367,21.6,0.7857142857142857,True,0.9333333333333332,True,True
2024-02-15_76S2,2024-02-15,S,BULL,14,-205.0,-205.0,-80.0,-80.0,0.255,17.1,0.625,False,0.5194805194805194,True,True
2024-02-16_16S2,2024-02-16,S,BULL,09,-205.0,-205.0,-142.5,-142.5,0.328,,0.6153846153846154,True,0.5241935483870968,False,True
2024-02-16_73S2,2024-02-16,S,BEAR,14,395.0,732.5,-105.0,-105.0,0.468,30.8,0.3,False,0.4166666666666667,True,True
2024-02-20_9S2,2024-02-20,S,NEUTRAL,09,-205.0,-205.0,-117.5,-117.5,,,0.8181818181818181,False,0.4251207729468599,True,False
2024-02-20_24L2,2024-02-20,L,BEAR,10,-205.0,-205.0,-155.0,-155.0,0.548,,0.9285714285714286,True,0.9395973154362416,True,True
2024-02-21_12S2,2024-02-21,S,NEUTRAL,09,-205.0,-205.0,-105.0,-105.0,0.079,,0.6,False,0.5617977528089887,False,True
2024-02-21_39S2,2024-02-21,S,BEAR,11,-205.0,-205.0,-105.0,-105.0,0.649,20.1,0.0999999999999999,False,0.7751937984496123,True,True
2024-02-21_51S2,2024-02-21,S,NEUTRAL,12,-205.0,-205.0,-117.5,-117.5,0.083,22.7,0.6363636363636364,False,0.6214689265536724,True,True
2024-02-22_9L2,2024-02-22,L,NEUTRAL,09,-205.0,-205.0,-205.0,-205.0,,,0.1666666666666666,False,0.602510460251046,True,False
2024-02-22_28S2,2024-02-22,S,NEUTRAL,10,-205.0,-205.0,-105.0,-105.0,0.226,,0.1999999999999999,False,0.6578947368421053,False,True
2024-02-23_9L2,2024-02-23,L,BEAR,09,-205.0,-205.0,-117.5,-117.5,,,0.3636363636363636,False,0.4808743169398907,True,False
2024-02-26_9S2,2024-02-26,S,BULL,09,395.0,1182.5,395.0,1182.5,,,0.5294117647058824,False,0.9855072463768116,True,False
2024-02-26_35L2,2024-02-26,L,NEUTRAL,11,-205.0,-205.0,-80.0,-80.0,0.239,35.8,0.0,False,0.7272727272727273,True,True
2024-02-26_57S2,2024-02-26,S,BEAR,13,-205.0,-205.0,-155.0,-155.0,0.239,36.8,0.9285714285714286,True,0.9271523178807948,True,True
2024-02-27_10L2,2024-02-27,L,BULL,09,-205.0,-205.0,-92.5,-92.5,,,0.5555555555555556,True,0.5031055900621118,True,False
2024-02-27_60S2,2024-02-27,S,BULL,13,-205.0,-205.0,-117.5,-117.5,0.75,25.6,0.1818181818181817,True,1.0891089108910892,False,True
2024-02-28_21S2,2024-02-28,S,BULL,10,395.0,670.0,395.0,670.0,0.704,,0.8571428571428572,True,1.044776119402985,False,True
2024-02-28_78L2,2024-02-28,L,BEAR,14,-205.0,-205.0,-255.0,-255.0,0.275,19.4,0.2727272727272727,False,1.5384615384615383,True,True
2024-02-29_14S2,2024-02-29,S,BEAR,09,395.0,-205.0,395.0,-167.5,0.246,,0.7333333333333334,True,0.6944444444444444,True,True
2024-02-29_35S2,2024-02-29,S,BEAR,11,-205.0,-205.0,-130.0,-130.0,0.036,50.4,0.25,False,0.5454545454545454,True,True
2024-02-29_70S2,2024-02-29,S,NEUTRAL,14,-205.0,-205.0,-130.0,-130.0,0.133,14.9,0.9166666666666666,True,0.9022556390977444,True,True
2024-03-01_7L2,2024-03-01,L,BEAR,09,395.0,1732.5,395.0,1732.5,,,1.0,True,1.037593984962406,False,False
2024-03-01_12L2,2024-03-01,L,NEUTRAL,09,-205.0,-205.0,-192.5,-192.5,0.491,,0.7058823529411765,True,0.6589147286821705,True,True
2024-03-01_16L2,2024-03-01,L,NEUTRAL,09,395.0,1120.0,395.0,1120.0,0.397,,0.875,True,0.9022556390977444,True,True
2024-03-01_27L2,2024-03-01,L,BEAR,10,395.0,832.5,395.0,832.5,0.163,,1.0,True,1.6571428571428573,True,True
2024-03-01_41L2,2024-03-01,L,BULL,11,395.0,320.0,395.0,320.0,0.782,33.7,0.875,True,1.1678832116788322,True,True
2024-03-01_70L2,2024-03-01,L,NEUTRAL,14,-205.0,-80.0,-167.5,-80.0,0.357,33.2,0.8,False,1.020408163265306,True,True
2024-03-04_21L2,2024-03-04,L,BULL,10,-205.0,-205.0,-117.5,-117.5,0.026,,0.9090909090909092,False,1.0091743119266054,True,True
2024-03-04_43L2,2024-03-04,L,BULL,12,-205.0,-205.0,-42.5,-42.5,0.231,16.0,0.2,False,0.5952380952380952,True,True
2024-03-04_55S2,2024-03-04,S,BULL,13,-205.0,-205.0,-55.0,-55.0,0.04,14.6,0.6666666666666667,True,0.6382978723404255,True,True
2024-03-05_18L2,2024-03-05,L,BEAR,09,-205.0,-205.0,-267.5,-267.5,0.379,,0.5652173913043478,True,0.8518518518518519,False,True
2024-03-05_42L2,2024-03-05,L,NEUTRAL,11,-205.0,-205.0,-180.0,-180.0,0.029,21.7,0.8125,True,1.095890410958904,True,True
2024-03-06_15S2,2024-03-06,S,BEAR,09,-205.0,-205.0,-180.0,-180.0,0.128,,0.6875,True,0.6153846153846154,True,True
2024-03-06_38S2,2024-03-06,S,BULL,11,395.0,957.5,395.0,957.5,0.356,18.2,0.8571428571428572,False,0.979020979020979,False,True
2024-03-06_57S2,2024-03-06,S,BEAR,13,-205.0,-205.0,395.0,-205.0,0.369,24.7,0.3170731707317072,False,1.0432569974554708,True,True
2024-03-06_64S2,2024-03-06,S,BEAR,13,-205.0,-205.0,395.0,-317.5,0.184,24.6,0.4074074074074074,False,0.7692307692307692,True,True
2024-03-07_13S2,2024-03-07,S,NEUTRAL,09,-205.0,-205.0,-142.5,-142.5,0.711,,0.0,False,0.599078341013825,False,True
2024-03-07_40L2,2024-03-07,L,BULL,11,395.0,-205.0,395.0,-42.5,0.244,14.0,0.7142857142857143,False,1.3548387096774193,True,True
2024-03-07_63L2,2024-03-07,L,BULL,13,-205.0,-205.0,-80.0,-80.0,0.451,11.4,1.0,True,0.6299212598425197,True,True
2024-03-07_76S2,2024-03-07,S,BULL,14,-205.0,-205.0,-155.0,-155.0,0.024,21.4,0.2142857142857143,False,0.7865168539325842,False,True
2024-03-08_15L2,2024-03-08,L,BEAR,09,-205.0,-205.0,-317.5,-317.5,0.099,,0.3703703703703703,False,1.3636363636363635,True,True
2024-03-11_20S2,2024-03-11,S,BEAR,10,395.0,-205.0,395.0,-192.5,0.2,,0.4117647058823529,False,0.6007067137809187,False,True
2024-03-12_11L2,2024-03-12,L,NEUTRAL,11,395.0,1532.5,395.0,1532.5,0.305,,0.6363636363636364,True,0.625,True,False
2024-03-12_21L2,2024-03-12,L,BULL,10,-205.0,-205.0,-392.5,-392.5,0.453,,0.7575757575757576,True,1.2790697674418603,True,True
2024-03-12_29L2,2024-03-12,L,NEUTRAL,11,-205.0,-205.0,-242.5,-242.5,0.216,30.1,0.6190476190476191,False,1.0396039603960396,True,True
2024-03-12_44S2,2024-03-12,S,BEAR,12,-205.0,-205.0,-442.5,-442.5,0.621,25.6,0.6756756756756757,True,1.7050691244239633,True,True
2024-03-12_71L2,2024-03-12,L,BULL,14,-205.0,-5.0,-242.5,-5.0,0.126,19.1,0.4761904761904761,False,1.0047846889952154,True,True
2024-03-12_77L2,2024-03-12,L,BULL,14,-205.0,7.5,-130.0,7.5,0.099,14.2,0.5833333333333334,True,0.75,True,True
2024-03-13_11L2,2024-03-13,L,NEUTRAL,09,-205.0,-205.0,-180.0,-180.0,0.208,,0.5625,True,1.0062893081761006,True,False
2024-03-13_27S2,2024-03-13,S,NEUTRAL,10,-205.0,-205.0,-142.5,-142.5,0.016,,0.7692307692307692,False,0.8496732026143791,True,True
2024-03-14_15S2,2024-03-14,S,BULL,09,395.0,145.0,395.0,145.0,0.159,,0.7916666666666666,True,0.851063829787234,True,True
2024-03-14_64L2,2024-03-14,L,NEUTRAL,13,-205.0,-205.0,-305.0,-305.0,0.096,16.7,0.8846153846153846,True,1.4689265536723164,True,True
2024-03-15_52S2,2024-03-15,S,NEUTRAL,12,-205.0,-205.0,-92.5,-92.5,0.262,20.2,1.0,True,0.5325443786982249,False,True
2024-03-15_61L2,2024-03-15,L,BEAR,13,395.0,195.0,395.0,195.0,0.08,14.1,0.8823529411764706,True,1.0303030303030305,True,True
2024-03-15_70L2,2024-03-15,L,NEUTRAL,14,-205.0,-205.0,-192.5,-192.5,0.134,15.6,0.8235294117647058,True,0.8374384236453202,True,True
2024-03-18_15S2,2024-03-18,S,NEUTRAL,09,395.0,970.0,395.0,970.0,0.371,,0.3571428571428571,False,0.782122905027933,False,True
2024-03-18_49S2,2024-03-18,S,BEAR,13,-205.0,-205.0,-130.0,-130.0,0.189,24.2,0.0833333333333333,False,0.8759124087591241,True,True
2024-03-18_71S2,2024-03-18,S,BULL,14,395.0,482.5,395.0,482.5,0.194,15.1,0.1428571428571429,False,0.4794520547945206,True,True
2024-03-19_12L2,2024-03-19,L,NEUTRAL,09,395.0,2107.5,395.0,2107.5,0.021,,0.9285714285714286,True,0.7734806629834253,False,True
2024-03-19_31L2,2024-03-19,L,BULL,11,395.0,1270.0,395.0,1270.0,0.397,45.9,0.8571428571428571,True,0.979020979020979,True,True
2024-03-19_53S2,2024-03-19,S,BULL,12,395.0,-205.0,-130.0,-130.0,0.064,50.7,0.6666666666666667,False,0.8163265306122449,False,True
2024-03-20_8L2,2024-03-20,L,NEUTRAL,09,395.0,-205.0,395.0,-167.5,,,0.7333333333333333,True,1.129032258064516,True,False
2024-03-20_24L2,2024-03-20,L,BULL,10,-205.0,-205.0,-67.5,-67.5,0.471,,0.4285714285714285,False,0.7216494845360826,True,True
2024-03-20_63L2,2024-03-20,L,BEAR,13,-205.0,-205.0,395.0,1632.5,0.291,28.1,0.8275862068965517,True,1.746987951807229,True,True
2024-03-20_78L2,2024-03-20,L,BULL,14,395.0,620.0,395.0,620.0,0.166,27.7,0.5142857142857142,True,1.1111111111111112,True,True
2024-03-21_9L2,2024-03-21,L,BULL,09,-205.0,-205.0,-242.5,-242.5,,,0.8095238095238095,True,0.9438202247191012,True,False
2024-03-21_49S2,2024-03-21,S,BEAR,12,395.0,382.5,-105.0,-105.0,0.246,15.0,0.5,False,0.8547008547008548,True,True
2024-03-21_56L2,2024-03-21,L,BEAR,13,-205.0,-205.0,-142.5,-142.5,0.429,22.1,0.7692307692307693,True,1.0236220472440944,False,True
2024-03-22_14S2,2024-03-22,S,NEUTRAL,09,-205.0,-205.0,-167.5,-167.5,0.038,,0.7333333333333334,True,0.8823529411764706,True,True
2024-03-22_28S2,2024-03-22,S,BEAR,10,-205.0,-205.0,-92.5,-92.5,0.31,,1.0,True,0.7692307692307693,True,True
2024-03-22_66L2,2024-03-22,L,BULL,13,-205.0,-205.0,-80.0,-80.0,0.156,15.5,0.375,True,0.7920792079207921,True,True
2024-03-25_12S2,2024-03-25,S,BULL,09,-205.0,-205.0,-167.5,-167.5,0.169,,0.8,False,0.9803921568627452,False,True
2024-03-26_9S2,2024-03-26,S,BULL,09,395.0,995.0,-105.0,-105.0,,,0.8,True,0.6896551724137931,True,False
2024-03-26_21S2,2024-03-26,S,BULL,10,395.0,957.5,-42.5,-42.5,0.17,,0.1999999999999999,False,0.4098360655737705,True,True
2024-03-26_59S2,2024-03-26,S,BEAR,13,395.0,807.5,-55.0,-55.0,0.062,21.9,0.5,False,0.7142857142857143,True,True
2024-03-27_13L2,2024-03-27,L,BEAR,09,-205.0,-205.0,-105.0,-105.0,0.391,,0.7,True,0.4761904761904761,False,True
2024-03-27_52L2,2024-03-27,L,NEUTRAL,12,395.0,1582.5,-105.0,-105.0,0.029,16.4,0.6,True,0.9259259259259258,True,True
2024-03-27_64L2,2024-03-27,L,NEUTRAL,13,-205.0,-205.0,-80.0,-80.0,0.156,15.8,0.75,True,0.7547169811320755,True,True
2024-03-28_15S2,2024-03-28,S,BULL,09,-205.0,-205.0,-80.0,-80.0,0.082,,0.375,False,0.6299212598425197,False,True
2024-03-28_55S2,2024-03-28,S,NEUTRAL,13,-205.0,-205.0,-92.5,-92.5,0.0,18.2,0.3333333333333333,False,0.8571428571428571,True,True
2024-03-28_72L2,2024-03-28,L,NEUTRAL,14,-205.0,-205.0,-105.0,-105.0,0.435,22.9,0.8,False,0.6451612903225806,True,True
2024-04-01_19S2,2024-04-01,S,BEAR,10,395.0,-205.0,395.0,-130.0,0.593,,0.3333333333333333,False,0.625,True,True
2024-04-01_29S2,2024-04-01,S,BEAR,11,-205.0,-205.0,-192.5,-192.5,0.423,73.9,0.0588235294117647,False,1.0625,True,True
2024-04-01_57S2,2024-04-01,S,NEUTRAL,13,-205.0,-205.0,-55.0,-55.0,0.294,42.9,0.5,True,0.4724409448818898,True,True
2024-04-02_9S2,2024-04-02,S,NEUTRAL,09,-205.0,-205.0,-442.5,-442.5,,,0.8918918918918919,True,1.4509803921568627,True,False
2024-04-02_16S2,2024-04-02,S,BEAR,10,-205.0,-205.0,-205.0,-205.0,0.164,,0.5555555555555556,False,0.6792452830188679,True,True
2024-04-03_14S2,2024-04-03,S,BULL,09,-205.0,-205.0,-167.5,-167.5,0.6,,0.6666666666666667,False,0.635593220338983,False,True
2024-04-03_46S2,2024-04-03,S,NEUTRAL,12,395.0,307.5,-67.5,-67.5,0.063,28.0,0.5714285714285714,False,0.3571428571428571,False,True
2024-04-03_77S2,2024-04-03,S,BEAR,14,-205.0,-205.0,-180.0,-180.0,0.109,34.5,0.0,False,0.6374501992031872,True,True
2024-04-04_10S2,2024-04-04,S,BULL,09,-205.0,-205.0,-117.5,-117.5,,,0.4545454545454546,True,0.7071428571428572,True,False
2024-04-04_17S2,2024-04-04,S,NEUTRAL,10,-205.0,-205.0,-55.0,-55.0,0.148,,0.3333333333333333,False,0.5128205128205129,True,True
2024-04-04_41L2,2024-04-04,L,NEUTRAL,11,-205.0,-205.0,-42.5,-42.5,0.2,33.5,0.2,False,0.5617977528089887,True,True
2024-04-05_11S2,2024-04-05,S,NEUTRAL,09,395.0,-205.0,395.0,-267.5,0.304,,0.782608695652174,True,0.5958549222797928,False,False
2024-04-08_9L2,2024-04-08,L,BEAR,09,395.0,-205.0,395.0,-330.0,,,0.6428571428571429,True,1.160621761658031,True,False
2024-04-08_23L2,2024-04-08,L,NEUTRAL,10,-205.0,-205.0,-117.5,-117.5,0.077,,0.1818181818181818,False,0.7006369426751593,True,True
2024-04-08_53L2,2024-04-08,L,BEAR,13,395.0,-205.0,395.0,-117.5,0.16,19.5,0.5454545454545454,False,0.9090909090909092,False,True
2024-04-08_70S2,2024-04-08,S,BEAR,14,-205.0,-205.0,-105.0,-105.0,0.026,14.8,0.6,True,0.7936507936507937,True,True
2024-04-09_29S2,2024-04-09,S,BULL,10,-205.0,-205.0,-255.0,-255.0,0.435,48.9,0.3181818181818182,False,0.8396946564885497,True,True
2024-04-10_10S2,2024-04-10,S,BULL,09,-205.0,-205.0,-267.5,-267.5,,,0.5652173913043479,True,0.5335051546391752,False,False
2024-04-10_58S2,2024-04-10,S,NEUTRAL,13,-205.0,-205.0,395.0,-355.0,0.034,15.2,0.1333333333333333,False,0.6666666666666666,False,True
2024-04-11_19L2,2024-04-11,L,BEAR,10,395.0,2320.0,395.0,2320.0,0.178,,0.2,False,0.7662835249042145,False,True
2024-04-11_50S2,2024-04-11,S,BULL,12,-205.0,-205.0,-142.5,-142.5,0.541,42.2,0.7692307692307692,False,0.5038759689922481,False,True
2024-04-12_18L2,2024-04-12,L,BEAR,09,-205.0,-205.0,395.0,-342.5,0.642,,0.896551724137931,True,1.0034602076124568,False,True
2024-04-12_73S2,2024-04-12,S,NEUTRAL,14,-205.0,-205.0,-292.5,-292.5,0.018,24.3,0.96,True,1.0040160642570282,True,True
2024-04-15_10L2,2024-04-15,L,BEAR,09,-205.0,-205.0,-617.5,-617.5,,,0.4313725490196078,False,1.5249169435215948,False,False
2024-04-15_45S2,2024-04-15,S,BULL,12,395.0,2957.5,395.0,2957.5,0.39,47.1,0.2692307692307693,False,0.959409594095941,True,True
2024-04-15_69L2,2024-04-15,L,BEAR,14,-205.0,-205.0,-267.5,-267.5,0.09,47.1,0.9130434782608696,True,0.6865671641791045,False,True
2024-04-16_9L2,2024-04-16,L,NEUTRAL,09,-205.0,-205.0,-492.5,-492.5,,,0.8536585365853658,True,1.089700996677741,True,False
2024-04-16_19S2,2024-04-16,S,NEUTRAL,10,-205.0,-205.0,-217.5,-217.5,0.437,,0.6842105263157895,True,0.608974358974359,True,True
2024-04-16_55S2,2024-04-16,S,BEAR,13,-205.0,-205.0,-330.0,-330.0,0.099,24.0,0.3214285714285714,False,0.6451612903225806,True,True
2024-04-16_68S2,2024-04-16,S,NEUTRAL,14,-205.0,-205.0,395.0,832.5,0.384,16.4,0.7352941176470589,True,0.8018867924528302,False,True
2024-04-17_16L2,2024-04-17,L,NEUTRAL,09,-205.0,-205.0,-217.5,-217.5,0.319,,0.5263157894736842,False,0.6597222222222222,False,True
2024-04-17_75L2,2024-04-17,L,BEAR,14,-205.0,-205.0,-355.0,-355.0,0.114,15.3,0.3666666666666666,False,0.8797653958944281,False,True
2024-04-18_37S2,2024-04-18,S,BEAR,11,395.0,1407.5,395.0,1407.5,0.553,21.5,0.35,False,1.098901098901099,True,True
2024-04-18_53S2,2024-04-18,S,BEAR,12,395.0,-205.0,395.0,-230.0,0.303,41.8,0.5,False,0.6006006006006006,True,True
2024-04-18_69S2,2024-04-18,S,BULL,14,-205.0,-205.0,-330.0,-330.0,0.1,34.0,0.6428571428571428,False,0.9032258064516128,True,True
2024-04-19_13L2,2024-04-19,L,NEUTRAL,09,-205.0,-205.0,-442.5,-442.5,0.485,,0.918918918918919,True,1.0027100271002711,False,True
2024-04-19_65L2,2024-04-19,L,BEAR,13,-205.0,-205.0,395.0,-417.5,0.456,28.6,0.8857142857142857,True,1.0057471264367817,False,True
2024-04-22_42L2,2024-04-22,L,NEUTRAL,11,395.0,582.5,395.0,582.5,0.376,29.1,0.6666666666666666,False,0.8426966292134831,True,True
2024-04-22_57L2,2024-04-22,L,BULL,13,-205.0,-205.0,-267.5,-267.5,0.729,58.2,0.782608695652174,True,0.9745762711864406,True,True
2024-04-22_70S2,2024-04-22,S,BEAR,14,395.0,807.5,395.0,807.5,0.477,46.5,0.3333333333333333,False,0.8955223880597014,True,True
2024-04-23_28S2,2024-04-23,S,NEUTRAL,10,-205.0,-205.0,-217.5,-217.5,0.24,,0.5789473684210527,True,0.8333333333333333,False,True
2024-04-23_59L2,2024-04-23,L,BEAR,13,-205.0,-205.0,-117.5,-117.5,0.571,30.3,0.3636363636363636,False,0.7913669064748201,True,True
2024-04-24_9S2,2024-04-24,S,NEUTRAL,09,395.0,1420.0,395.0,1420.0,,,0.15625,False,1.1689497716894977,True,False
2024-04-24_32S2,2024-04-24,S,BEAR,11,-205.0,-205.0,-355.0,-355.0,0.155,27.2,0.2666666666666667,False,1.293103448275862,True,True
2024-04-24_59L2,2024-04-24,L,NEUTRAL,13,-205.0,-205.0,-242.5,-242.5,0.069,25.5,0.6190476190476191,True,0.9859154929577464,True,True
2024-04-25_21L2,2024-04-25,L,NEUTRAL,10,395.0,4345.0,-180.0,-180.0,0.113,,0.75,True,0.6584362139917695,True,True
2024-04-25_40L2,2024-04-25,L,BULL,11,395.0,-205.0,395.0,3207.5,0.467,17.3,0.8181818181818182,True,0.9243697478991596,True,True
2024-04-25_59S2,2024-04-25,S,NEUTRAL,14,-205.0,-205.0,-167.5,-167.5,0.348,35.4,0.4,False,0.6550218340611355,False,True
2024-04-26_16L2,2024-04-26,L,BULL,09,-205.0,-205.0,-205.0,-205.0,0.264,,0.2777777777777778,False,0.6545454545454545,True,True
2024-04-26_29S2,2024-04-26,S,NEUTRAL,10,-205.0,-205.0,-142.5,-142.5,0.168,32.2,0.3076923076923077,False,0.5627705627705627,False,True
2024-04-29_11S2,2024-04-29,S,NEUTRAL,09,-205.0,-205.0,-155.0,-155.0,0.145,,0.7142857142857143,False,0.5882352941176471,True,False
2024-04-29_63L2,2024-04-29,L,BEAR,14,-205.0,-205.0,-155.0,-155.0,0.42,21.1,0.5,False,0.9722222222222222,False,True
2024-04-30_11S2,2024-04-30,S,BEAR,09,395.0,3620.0,395.0,3620.0,0.171,,0.6470588235294117,False,0.7522123893805309,False,False
2024-04-30_31S2,2024-04-30,S,BEAR,11,-205.0,-205.0,-280.0,-280.0,0.101,35.7,0.2916666666666666,False,1.0810810810810811,True,True
2024-04-30_62L2,2024-04-30,L,BEAR,13,-205.0,-205.0,-230.0,-230.0,0.029,18.9,0.9,True,1.0582010582010584,True,True
2024-04-30_76S2,2024-04-30,S,BEAR,14,-205.0,-205.0,-155.0,-155.0,0.131,26.4,0.8571428571428572,False,0.7526881720430108,True,True
2024-05-01_11S2,2024-05-01,S,BEAR,09,-205.0,-205.0,-180.0,-180.0,0.587,,0.375,False,0.6557377049180328,True,False
2024-05-01_37S2,2024-05-01,S,BEAR,11,395.0,-205.0,395.0,-180.0,0.241,17.8,0.25,False,0.8465608465608466,True,True
2024-05-01_72L2,2024-05-01,L,NEUTRAL,14,-205.0,-205.0,-792.5,-792.5,0.362,41.2,0.9384615384615383,True,0.9544787077826726,True,True
2024-05-02_18L2,2024-05-02,L,NEUTRAL,09,395.0,-205.0,395.0,-155.0,0.472,,0.4285714285714285,False,0.3414634146341463,False,True
2024-05-02_81S2,2024-05-02,S,NEUTRAL,15,-205.0,7.5,-217.5,7.5,0.137,20.9,0.5263157894736843,True,0.7279693486590038,False,True
2024-05-03_13L2,2024-05-03,L,NEUTRAL,09,-205.0,-205.0,-742.5,-742.5,0.494,,0.6721311475409836,True,1.328976034858388,True,True
2024-05-03_50L2,2024-05-03,L,BEAR,12,395.0,407.5,395.0,407.5,0.183,14.0,0.8181818181818182,False,1.375,True,True
2024-05-03_65L2,2024-05-03,L,NEUTRAL,13,-205.0,-205.0,-142.5,-142.5,0.069,20.8,0.7692307692307693,True,0.9420289855072465,True,True
2024-05-06_13S2,2024-05-06,S,BULL,09,-205.0,-205.0,-130.0,-130.0,0.053,,0.8333333333333334,True,0.8823529411764706,False,True
2024-05-06_48L2,2024-05-06,L,BULL,12,395.0,857.5,395.0,857.5,0.132,22.8,1.0,True,0.916030534351145,True,True
2024-05-06_66L2,2024-05-06,L,BULL,13,-205.0,-205.0,-80.0,-80.0,0.256,42.8,0.875,False,0.7272727272727273,True,True
2024-05-07_16L2,2024-05-07,L,NEUTRAL,12,-205.0,-205.0,-80.0,-80.0,0.37,,0.375,False,0.5970149253731343,True,True
2024-05-07_27L2,2024-05-07,L,BULL,10,-205.0,-205.0,-117.5,-117.5,0.081,,0.3636363636363636,True,0.9090909090909092,True,True
2024-05-07_58S2,2024-05-07,S,NEUTRAL,13,-205.0,-205.0,-167.5,-167.5,0.582,26.3,0.6666666666666667,False,0.8108108108108109,True,True
2024-05-07_67S2,2024-05-07,S,BEAR,14,-205.0,-205.0,-92.5,-92.5,0.138,35.5,0.1111111111111111,False,0.6206896551724138,True,True
2024-05-08_23L2,2024-05-08,L,NEUTRAL,10,-205.0,-205.0,-180.0,-180.0,0.133,,0.8125,False,1.1594202898550725,True,True
2024-05-08_47S2,2024-05-08,S,NEUTRAL,12,-205.0,-205.0,-80.0,-80.0,0.36,25.1,0.875,True,0.5714285714285714,True,True
2024-05-08_76L2,2024-05-08,L,NEUTRAL,14,-205.0,-205.0,-92.5,-92.5,0.418,13.1,0.7777777777777778,True,0.8035714285714286,True,True
2024-05-09_24L2,2024-05-09,L,BULL,10,-205.0,-205.0,-117.5,-117.5,0.381,,0.1818181818181818,False,0.7382550335570469,True,True
2024-05-09_52L2,2024-05-09,L,NEUTRAL,12,-205.0,-205.0,-92.5,-92.5,0.04,13.8,0.8888888888888888,True,0.6428571428571429,True,True
2024-05-09_71L2,2024-05-09,L,NEUTRAL,14,395.0,370.0,-80.0,-80.0,0.459,18.4,0.75,False,0.8080808080808081,True,True
2024-05-10_9S2,2024-05-10,S,NEUTRAL,09,395.0,520.0,395.0,520.0,,,0.6666666666666667,False,0.718562874251497,True,False
2024-05-10_26S2,2024-05-10,S,BEAR,10,-205.0,-205.0,-155.0,-155.0,0.341,,0.5714285714285714,True,0.7253886010362695,True,True
2024-05-10_35S2,2024-05-10,S,BEAR,11,-205.0,-205.0,-92.5,-92.5,0.022,47.6,0.8888888888888888,True,0.5263157894736842,True,True
2024-05-10_46L2,2024-05-10,L,NEUTRAL,12,395.0,257.5,-105.0,-105.0,0.057,35.0,0.6,False,0.7751937984496123,False,True
2024-05-13_10L2,2024-05-13,L,NEUTRAL,09,-205.0,-205.0,-130.0,-130.0,,,0.3333333333333333,False,0.7397260273972603,True,False
2024-05-13_38S2,2024-05-13,S,BEAR,11,395.0,345.0,395.0,345.0,0.366,35.3,0.75,False,0.5333333333333333,True,True
2024-05-13_55S2,2024-05-13,S,BEAR,13,-205.0,-205.0,-92.5,-92.5,0.02,40.7,0.2222222222222222,False,0.7377049180327869,True,True
2024-05-14_23S2,2024-05-14,S,NEUTRAL,10,395.0,-205.0,395.0,-230.0,0.167,,0.9,True,0.975609756097561,False,True
2024-05-14_69L2,2024-05-14,L,BULL,14,-205.0,45.0,-105.0,45.0,0.673,43.5,0.9,False,0.7246376811594203,True,True
2024-05-14_77L2,2024-05-14,L,BULL,14,-205.0,-205.0,-192.5,-192.5,0.299,50.3,0.0588235294117647,False,1.297709923664122,True,True
2024-05-15_12S2,2024-05-15,S,BULL,09,-205.0,-205.0,-130.0,-130.0,0.02,,0.5,False,0.5333333333333333,False,True
2024-05-15_50L2,2024-05-15,L,BULL,12,-205.0,-205.0,-80.0,-80.0,0.396,33.5,0.75,False,0.8,True,True
2024-05-15_65L2,2024-05-15,L,BEAR,13,395.0,132.5,395.0,132.5,0.04,24.4,0.2,False,0.7575757575757576,True,True
2024-05-16_29S2,2024-05-16,S,NEUTRAL,10,395.0,1207.5,395.0,1207.5,0.19,13.6,0.8,True,0.6666666666666666,True,True
2024-05-16_37S2,2024-05-16,S,BEAR,11,395.0,1032.5,-80.0,-80.0,0.397,16.9,0.625,True,0.6896551724137931,True,True
2024-05-17_9S2,2024-05-17,S,NEUTRAL,09,-205.0,-205.0,-255.0,-255.0,,,0.6818181818181819,True,1.4308943089430894,True,False
2024-05-17_38L2,2024-05-17,L,BEAR,11,-205.0,-205.0,-92.5,-92.5,0.304,25.9,0.8888888888888888,True,0.8181818181818182,False,True
2024-05-17_77L2,2024-05-17,L,NEUTRAL,14,-205.0,107.5,-117.5,107.5,0.292,24.8,0.1818181818181818,False,0.990990990990991,True,True
2024-05-20_10S2,2024-05-20,S,BULL,09,-205.0,-205.0,-92.5,-92.5,,,0.6666666666666667,True,0.5625,False,False
2024-05-20_53S2,2024-05-20,S,NEUTRAL,12,395.0,257.5,395.0,257.5,0.804,22.6,0.9230769230769232,True,1.1111111111111112,True,True
2024-05-20_73L2,2024-05-20,L,NEUTRAL,14,-205.0,-205.0,-92.5,-92.5,0.25,30.9,0.8888888888888888,True,0.9375,True,True
2024-05-21_22L2,2024-05-21,L,BULL,10,-205.0,-205.0,-55.0,-55.0,0.447,,1.0,True,0.631578947368421,True,True
2024-05-21_36S2,2024-05-21,S,NEUTRAL,11,-205.0,-205.0,-55.0,-55.0,0.15,29.0,0.6666666666666667,True,0.625,True,True
2024-05-21_61L2,2024-05-21,L,BEAR,13,395.0,407.5,-42.5,-42.5,0.059,15.0,0.2,False,0.5555555555555556,True,True
2024-05-21_81L2,2024-05-21,L,BULL,15,-205.0,7.5,-80.0,7.5,0.26,25.3,1.0,True,0.625,True,True
2024-05-22_8S2,2024-05-22,S,NEUTRAL,09,395.0,657.5,-130.0,-130.0,,,0.75,True,1.1506849315068493,True,False
2024-05-22_37S2,2024-05-22,S,NEUTRAL,11,395.0,632.5,-55.0,-55.0,0.022,21.8,0.3333333333333333,False,0.6451612903225806,True,True
2024-05-22_55S2,2024-05-22,S,NEUTRAL,13,395.0,-205.0,395.0,-230.0,0.724,37.0,0.0,False,1.2987012987012987,True,True
2024-05-22_69S2,2024-05-22,S,BEAR,14,395.0,-205.0,395.0,-80.0,0.0,56.9,0.25,False,0.3524229074889868,True,True
2024-05-23_16S2,2024-05-23,S,BULL,10,-205.0,-205.0,-292.5,-292.5,0.039,,0.84,True,0.8992805755395683,True,True
2024-05-23_46S2,2024-05-23,S,NEUTRAL,12,395.0,1707.5,395.0,1707.5,0.745,23.1,0.0952380952380952,False,1.160220994475138,True,True
2024-05-24_30L2,2024-05-24,L,BULL,10,-205.0,-205.0,-230.0,-230.0,0.131,32.3,0.95,True,1.1235955056179774,True,True
2024-05-28_11S2,2024-05-28,S,NEUTRAL,09,-205.0,-205.0,-305.0,-305.0,0.351,,0.3076923076923077,False,1.3756613756613758,True,False
2024-05-28_23L2,2024-05-28,L,NEUTRAL,10,-205.0,-205.0,-105.0,-105.0,0.136,,0.8,False,0.6211180124223602,True,True
2024-05-28_51S2,2024-05-28,S,NEUTRAL,14,-205.0,-205.0,-80.0,-80.0,0.209,22.1,0.375,False,0.5405405405405405,True,True
2024-05-28_58S2,2024-05-28,S,BEAR,13,395.0,-205.0,395.0,-155.0,0.262,32.7,0.7142857142857143,True,0.8695652173913043,True,True
2024-05-28_70S2,2024-05-28,S,BEAR,14,-205.0,-205.0,-205.0,-205.0,0.065,37.2,0.5,True,0.8653846153846153,True,True
2024-05-29_8S2,2024-05-29,S,NEUTRAL,09,-205.0,-205.0,-217.5,-217.5,,,0.631578947368421,False,0.95,False,False
2024-05-30_6L2,2024-05-30,L,NEUTRAL,09,-205.0,-205.0,-217.5,-217.5,,,0.8421052631578947,True,0.8878504672897197,True,False
2024-05-30_19S2,2024-05-30,S,NEUTRAL,10,-205.0,-205.0,-105.0,-105.0,0.314,,0.9,True,0.4807692307692307,True,True
2024-05-30_38L2,2024-05-30,L,BULL,11,395.0,-205.0,395.0,-242.5,0.324,16.5,1.0,True,1.4685314685314683,True,True
2024-05-30_51L2,2024-05-30,L,NEUTRAL,12,-205.0,-205.0,-117.5,-117.5,0.379,27.6,0.5454545454545454,True,0.8029197080291971,True,True
2024-05-30_62S2,2024-05-30,S,BEAR,13,395.0,1170.0,395.0,1170.0,0.636,24.8,0.7142857142857143,False,0.9090909090909092,True,True
2024-05-31_41S2,2024-05-31,S,BEAR,11,-205.0,-205.0,-167.5,-167.5,0.088,53.2,0.6,True,0.920245398773006,True,True
2024-05-31_57L2,2024-05-31,L,BULL,13,395.0,3357.5,395.0,3357.5,0.167,26.1,0.7692307692307693,True,0.9489051094890512,True,True
2024-06-03_10L2,2024-06-03,L,NEUTRAL,09,-205.0,-205.0,-417.5,-417.5,,,0.9142857142857144,True,1.206896551724138,False,False
2024-06-03_69L2,2024-06-03,L,BULL,14,395.0,982.5,395.0,982.5,0.165,18.7,0.4,False,0.7281553398058251,True,True
2024-06-04_13L2,2024-06-04,L,NEUTRAL,09,-205.0,-205.0,-442.5,-442.5,0.098,,0.972972972972973,True,1.178343949044586,True,True
2024-06-04_30S2,2024-06-04,S,BEAR,11,-205.0,-205.0,-142.5,-142.5,0.313,11.2,0.3076923076923077,False,0.6435643564356436,True,True
2024-06-04_39L2,2024-06-04,L,BULL,11,395.0,1220.0,395.0,1220.0,0.4,13.6,0.8235294117647058,True,0.9714285714285714,True,True
2024-06-04_53L2,2024-06-04,L,BULL,12,395.0,795.0,-142.5,-142.5,0.236,9.0,0.6153846153846154,True,0.6018518518518519,True,True
2024-06-04_75L2,2024-06-04,L,BULL,14,395.0,420.0,395.0,420.0,0.159,19.3,0.56,False,0.946969696969697,True,True
2024-06-05_41L2,2024-06-05,L,BULL,11,-205.0,-205.0,-117.5,-117.5,0.692,31.1,0.8181818181818182,True,0.9482758620689656,True,True
2024-06-05_56S2,2024-06-05,S,BULL,13,-205.0,-205.0,-142.5,-142.5,0.636,29.6,0.3846153846153846,False,0.9420289855072465,False,True
2024-06-06_14S2,2024-06-06,S,BULL,09,395.0,207.5,395.0,207.5,0.108,,0.9333333333333332,True,0.7537688442211056,True,True
2024-06-06_25S2,2024-06-06,S,NEUTRAL,10,395.0,7.5,395.0,-117.5,0.418,,0.3636363636363636,False,0.8029197080291971,True,True
2024-06-06_79S2,2024-06-06,S,NEUTRAL,15,-205.0,-42.5,-230.0,-42.5,0.049,12.9,0.15,False,1.1695906432748535,True,True
2024-06-07_31S2,2024-06-07,S,BULL,11,-205.0,-205.0,-180.0,-180.0,0.241,30.1,0.25,False,0.8556149732620321,False,True
2024-06-07_65S2,2024-06-07,S,BULL,13,395.0,820.0,395.0,820.0,0.151,21.8,0.7692307692307692,True,0.494296577946768,True,True
2024-06-10_18S2,2024-06-10,S,BULL,09,-205.0,-205.0,-92.5,-92.5,0.127,,0.5555555555555556,False,0.7377049180327869,False,True
2024-06-10_58L2,2024-06-10,L,NEUTRAL,13,-205.0,-205.0,-117.5,-117.5,0.186,33.2,0.1818181818181818,False,0.6395348837209303,True,True
2024-06-11_35S2,2024-06-11,S,NEUTRAL,11,-205.0,-205.0,-142.5,-142.5,0.587,15.7,0.7692307692307692,True,0.896551724137931,True,True
2024-06-11_52L2,2024-06-11,L,NEUTRAL,12,395.0,1182.5,395.0,1182.5,0.255,16.1,0.9285714285714286,False,0.7486631016042781,True,True
2024-06-11_65L2,2024-06-11,L,BULL,13,-205.0,-205.0,-217.5,-217.5,0.196,38.0,0.6842105263157895,True,0.945273631840796,True,True
2024-06-12_14S2,2024-06-12,S,BULL,09,395.0,-205.0,395.0,-167.5,0.235,,0.1333333333333333,False,0.8108108108108109,False,True
2024-06-12_55S2,2024-06-12,S,NEUTRAL,13,395.0,-205.0,395.0,-92.5,0.551,21.4,0.8888888888888888,True,0.6206896551724138,True,True
2024-06-12_61S2,2024-06-12,S,NEUTRAL,13,-205.0,-205.0,-305.0,-305.0,0.088,25.5,0.3461538461538461,False,1.007751937984496,True,True
2024-06-12_76L2,2024-06-12,L,BEAR,14,395.0,57.5,395.0,57.5,0.189,22.1,0.5714285714285714,True,0.8177570093457944,False,True
2024-06-13_16S2,2024-06-13,S,BEAR,09,-205.0,-205.0,-292.5,-292.5,0.289,,0.72,True,0.9433962264150944,True,True
2024-06-13_43S2,2024-06-13,S,BULL,12,-205.0,-205.0,-142.5,-142.5,0.094,36.1,0.6923076923076923,True,0.5829596412556054,True,True
2024-06-14_20S2,2024-06-14,S,NEUTRAL,10,-205.0,-205.0,-242.5,-242.5,0.007,,0.3809523809523809,False,0.8860759493670887,True,True
2024-06-14_36S2,2024-06-14,S,NEUTRAL,11,-205.0,-205.0,-117.5,-117.5,0.066,6.7,0.4545454545454546,False,0.5851063829787234,False,True
2024-06-17_15S2,2024-06-17,S,NEUTRAL,09,-205.0,-205.0,-117.5,-117.5,0.472,,0.7272727272727273,False,0.6626506024096385,False,True
2024-06-18_6S2,2024-06-18,S,NEUTRAL,09,395.0,-205.0,-180.0,-180.0,,,0.1875,False,0.8,True,False
2024-06-18_60L2,2024-06-18,L,NEUTRAL,13,395.0,432.5,-142.5,-142.5,0.172,22.0,0.1538461538461538,False,0.7975460122699386,True,True
2024-06-20_18L2,2024-06-20,L,NEUTRAL,10,-205.0,-205.0,-142.5,-142.5,0.065,,0.6153846153846154,True,0.6403940886699507,True,True
2024-06-20_69L2,2024-06-20,L,BEAR,14,-205.0,-205.0,-267.5,-267.5,0.412,20.6,0.8695652173913043,True,1.031390134529148,False,True
2024-06-21_13S2,2024-06-21,S,NEUTRAL,09,-205.0,-205.0,-167.5,-167.5,0.008,,0.4666666666666667,False,0.5660377358490566,True,True
2024-06-24_12S2,2024-06-24,S,NEUTRAL,09,395.0,1732.5,395.0,1732.5,0.178,,0.3529411764705882,False,0.5841924398625429,False,True
2024-06-24_55S2,2024-06-24,S,BEAR,13,-205.0,-205.0,-255.0,-255.0,0.159,31.2,0.8636363636363636,True,1.0232558139534884,True,True
2024-06-24_62S2,2024-06-24,S,BEAR,13,-205.0,-205.0,-130.0,-130.0,0.043,34.4,1.0,True,0.7741935483870968,True,True
2024-06-24_74L2,2024-06-24,L,NEUTRAL,14,-205.0,-205.0,-142.5,-142.5,0.286,18.4,0.4615384615384615,False,0.8496732026143791,True,True
2024-06-25_7L2,2024-06-25,L,BEAR,09,395.0,-205.0,395.0,-180.0,,,0.375,False,0.8807339449541284,False,False
2024-06-25_26S2,2024-06-25,S,BULL,10,395.0,-205.0,-105.0,-105.0,0.162,,0.0999999999999999,False,0.6289308176100629,False,True
2024-06-25_66L2,2024-06-25,L,BULL,13,395.0,182.5,395.0,182.5,0.136,26.2,0.3,True,0.6329113924050632,True,True
2024-06-26_19S2,2024-06-26,S,NEUTRAL,10,395.0,-205.0,395.0,-217.5,0.175,,0.7894736842105263,True,1.0052910052910051,True,True
2024-06-26_38L2,2024-06-26,L,NEUTRAL,11,-205.0,-205.0,-105.0,-105.0,0.14,22.9,0.9,True,0.6024096385542168,True,True
2024-06-27_11S2,2024-06-27,S,BULL,09,-205.0,-205.0,395.0,-67.5,0.143,,0.9032258064516128,True,1.103202846975089,False,False
2024-06-27_42S2,2024-06-27,S,BULL,12,-205.0,-205.0,-130.0,-130.0,0.043,12.1,0.5,False,1.1428571428571428,False,True
2024-06-27_63S2,2024-06-27,S,NEUTRAL,13,-205.0,-205.0,-167.5,-167.5,0.667,32.8,0.9333333333333332,True,0.8241758241758242,True,True
2024-06-28_16L2,2024-06-28,L,BULL,09,-205.0,-205.0,-292.5,-292.5,0.343,,0.76,False,0.925925925925926,True,True
2024-07-01_17S2,2024-07-01,S,BEAR,09,-205.0,-205.0,-305.0,-305.0,0.404,,0.9615384615384616,True,0.7046070460704608,True,True
2024-07-01_26S2,2024-07-01,S,BEAR,10,-205.0,-205.0,-130.0,-130.0,0.333,,0.25,True,0.4705882352941176,True,True
2024-07-01_45L2,2024-07-01,L,BEAR,12,-205.0,-205.0,-180.0,-180.0,0.017,19.4,0.5,True,1.2598425196850394,True,True
2024-07-01_68L2,2024-07-01,L,NEUTRAL,14,-205.0,-205.0,-117.5,-117.5,0.324,17.1,0.6363636363636364,False,0.7857142857142857,False,True
2024-07-02_11S2,2024-07-02,S,NEUTRAL,09,-205.0,-205.0,-292.5,-292.5,0.057,,0.16,False,0.8417508417508418,True,False
2024-07-02_48S2,2024-07-02,S,BULL,12,-205.0,-205.0,-67.5,-67.5,0.796,19.3,0.5714285714285714,True,0.6363636363636364,False,True
2024-07-03_10L2,2024-07-03,L,BULL,09,-205.0,-205.0,-255.0,-255.0,,,0.7727272727272727,True,0.9850746268656716,True,False
2024-07-05_17S2,2024-07-05,S,NEUTRAL,09,-205.0,-205.0,-192.5,-192.5,0.059,,0.7058823529411764,True,0.7172995780590717,False,True
2024-07-05_62L2,2024-07-05,L,BULL,13,395.0,145.0,395.0,145.0,0.2,19.3,1.0,True,1.1864406779661016,True,True
2024-07-08_9S2,2024-07-08,S,NEUTRAL,09,395.0,245.0,-55.0,-55.0,,,0.8333333333333334,True,0.4033613445378151,True,False
2024-07-08_21S2,2024-07-08,S,BEAR,10,395.0,7.5,-80.0,-80.0,0.231,,0.25,False,0.625,True,True
2024-07-08_30S2,2024-07-08,S,BEAR,10,395.0,-205.0,-117.5,-117.5,0.292,34.6,0.5454545454545454,True,0.9322033898305084,True,True
2024-07-08_43S2,2024-07-08,S,BEAR,12,-205.0,-205.0,-55.0,-55.0,0.04,40.6,0.6666666666666667,False,0.75,True,True
2024-07-08_58L2,2024-07-08,L,BEAR,13,-205.0,-205.0,-42.5,-42.5,0.227,21.5,0.4,False,0.5882352941176471,True,True
2024-07-09_8S2,2024-07-09,S,BULL,09,395.0,-205.0,395.0,-180.0,,,0.9375,True,1.154639175257732,True,False
2024-07-09_20S2,2024-07-09,S,NEUTRAL,10,-205.0,-205.0,-142.5,-142.5,0.167,,1.0,True,0.87248322147651,True,True
2024-07-09_55S2,2024-07-09,S,NEUTRAL,13,-205.0,182.5,-55.0,182.5,0.484,17.5,0.8333333333333334,True,0.4109589041095891,True,True
2024-07-09_68S2,2024-07-09,S,NEUTRAL,14,-205.0,-30.0,-92.5,-92.5,0.208,22.8,0.7777777777777778,True,0.8653846153846153,True,True
2024-07-09_76S2,2024-07-09,S,NEUTRAL,14,-205.0,7.5,-92.5,-92.5,0.0,23.9,0.8888888888888888,True,0.9677419354838708,True,True
2024-07-10_20L2,2024-07-10,L,BEAR,10,395.0,2057.5,395.0,2057.5,0.278,,0.7692307692307693,False,1.1403508771929824,False,True
2024-07-10_30L2,2024-07-10,L,NEUTRAL,10,395.0,1657.5,395.0,1657.5,0.438,22.4,0.8888888888888888,True,0.8333333333333333,True,True
2024-07-10_49L2,2024-07-10,L,BULL,12,395.0,857.5,395.0,857.5,0.147,48.4,0.7857142857142857,True,1.0526315789473684,True,True
2024-07-10_58L2,2024-07-10,L,BULL,13,395.0,682.5,-117.5,-117.5,0.222,45.7,0.8181818181818182,True,1.1578947368421053,True,True
2024-07-10_72L2,2024-07-10,L,BULL,14,395.0,545.0,395.0,545.0,0.286,37.7,0.2,False,0.625,True,True
2024-07-11_8S2,2024-07-11,S,BULL,09,395.0,2595.0,395.0,2595.0,,,0.0476190476190476,False,1.027972027972028,False,False
2024-07-11_61L2,2024-07-11,L,NEUTRAL,13,395.0,-205.0,395.0,-217.5,0.34,30.2,0.1578947368421052,False,1.217948717948718,True,True
2024-07-11_67L2,2024-07-11,L,BULL,14,-205.0,-205.0,-105.0,-105.0,0.434,21.6,0.8,True,0.5319148936170213,True,True
2024-07-12_19S2,2024-07-12,S,BULL,10,-205.0,-205.0,-130.0,-130.0,0.78,,0.5833333333333333,True,0.6818181818181818,False,True
2024-07-15_28S2,2024-07-15,S,NEUTRAL,10,395.0,1070.0,395.0,1070.0,0.039,,0.8260869565217391,True,1.0849056603773586,False,True
2024-07-15_54S2,2024-07-15,S,BEAR,12,-205.0,-205.0,-292.5,-292.5,0.405,29.1,0.64,False,1.0245901639344264,True,True
2024-07-15_66L2,2024-07-15,L,NEUTRAL,14,-205.0,-205.0,-142.5,-142.5,0.398,22.9,0.5384615384615384,False,0.6103286384976525,True,True
2024-07-16_11L2,2024-07-16,L,NEUTRAL,09,-205.0,-205.0,395.0,995.0,0.328,,0.9545454545454546,True,0.8627450980392157,False,False
2024-07-16_20L2,2024-07-16,L,NEUTRAL,10,395.0,-205.0,395.0,-405.0,0.574,,0.9411764705882352,True,1.4107883817427385,True,True
2024-07-16_29L2,2024-07-16,L,NEUTRAL,10,-205.0,-205.0,-130.0,-130.0,0.113,15.4,0.0833333333333333,False,0.6,False,True
2024-07-16_39S2,2024-07-16,S,BEAR,11,-205.0,-205.0,-292.5,-292.5,0.444,22.3,0.48,False,1.1904761904761905,True,True
2024-07-16_52L2,2024-07-16,L,BEAR,12,395.0,832.5,-142.5,-142.5,0.304,20.4,0.6923076923076923,True,0.8074534161490683,True,True
2024-07-16_71L2,2024-07-16,L,BULL,14,395.0,120.0,-130.0,-130.0,0.436,18.1,0.3333333333333333,False,0.7100591715976332,True,True
2024-07-17_14S2,2024-07-17,S,BEAR,09,-205.0,-205.0,395.0,682.5,0.239,,0.3703703703703703,False,0.84375,True,True
2024-07-17_29S2,2024-07-17,S,NEUTRAL,10,-205.0,-205.0,-142.5,-142.5,0.022,31.5,0.7692307692307692,True,0.5855855855855856,True,True
2024-07-17_32S2,2024-07-17,S,NEUTRAL,11,395.0,457.5,395.0,457.5,0.308,30.6,0.6363636363636364,True,1.0784313725490198,True,True
2024-07-17_53S2,2024-07-17,S,NEUTRAL,13,-205.0,-205.0,-192.5,-192.5,0.158,18.8,0.5882352941176471,False,0.8374384236453202,True,True
2024-07-18_52L2,2024-07-18,L,NEUTRAL,12,-205.0,-205.0,-155.0,-155.0,0.14,17.3,0.5,False,0.5982905982905983,True,True
2024-07-18_68S2,2024-07-18,S,BEAR,14,395.0,-205.0,395.0,-430.0,0.248,29.6,0.8611111111111112,True,1.3138686131386863,True,True
2024-07-19_9S2,2024-07-19,S,NEUTRAL,09,-205.0,-205.0,395.0,2020.0,,,0.1764705882352941,False,0.9577464788732394,True,False
2024-07-19_32S2,2024-07-19,S,BEAR,11,-205.0,-205.0,-217.5,-217.5,0.132,14.2,0.9473684210526316,True,0.6859205776173285,False,True
2024-07-19_43S2,2024-07-19,S,NEUTRAL,12,-205.0,-205.0,-267.5,-267.5,0.882,18.5,0.5652173913043479,False,0.8984375,True,True
2024-07-19_56S2,2024-07-19,S,BEAR,13,-205.0,-205.0,-267.5,-267.5,0.278,18.8,0.8695652173913043,True,0.8455882352941176,True,True
2024-07-19_78S2,2024-07-19,S,NEUTRAL,14,-205.0,-205.0,-317.5,-317.5,0.292,18.9,0.8148148148148149,True,1.0887096774193548,True,True
2024-07-22_12L2,2024-07-22,L,NEUTRAL,09,395.0,-205.0,395.0,-205.0,0.075,,0.9444444444444444,True,0.4958677685950413,False,True
2024-07-22_32S2,2024-07-22,S,NEUTRAL,11,-205.0,-205.0,-267.5,-267.5,0.164,17.8,1.0,True,0.8455882352941176,True,True
2024-07-23_12S2,2024-07-23,S,BULL,09,395.0,-205.0,395.0,-192.5,0.29,,0.8823529411764706,True,0.6589147286821705,False,True
2024-07-23_68S2,2024-07-23,S,NEUTRAL,14,395.0,820.0,-67.5,-67.5,0.226,19.7,0.7142857142857143,True,0.4929577464788732,True,True
2024-07-24_13L2,2024-07-24,L,BEAR,09,-205.0,-205.0,-305.0,-305.0,0.742,,0.7307692307692307,True,0.912280701754386,False,True
2024-07-24_57L2,2024-07-24,L,BEAR,13,-205.0,-205.0,-217.5,-217.5,0.281,25.3,0.4210526315789473,True,1.073446327683616,False,True
2024-07-25_16L2,2024-07-25,L,BEAR,09,395.0,-205.0,395.0,-530.0,0.319,,0.9545454545454546,True,0.9691629955947136,True,True
2024-07-25_33L2,2024-07-25,L,BULL,12,-205.0,-205.0,-592.5,-592.5,0.375,22.5,0.5918367346938775,False,1.4497041420118344,True,True
2024-07-25_39L2,2024-07-25,L,BULL,11,-205.0,-205.0,-180.0,-180.0,0.697,28.9,0.75,False,0.4558404558404558,True,True
2024-07-25_63S2,2024-07-25,S,BEAR,13,395.0,-205.0,395.0,-442.5,0.486,24.5,0.6216216216216216,True,1.2627986348122866,True,True
2024-07-25_73S2,2024-07-25,S,NEUTRAL,14,395.0,1945.0,395.0,1945.0,0.07,29.7,0.4599999999999999,False,1.351351351351351,True,True
2024-07-26_13S2,2024-07-26,S,NEUTRAL,10,-205.0,-205.0,395.0,-517.5,0.178,,0.9302325581395348,True,0.9619686800894854,False,True
2024-07-29_17S2,2024-07-29,S,NEUTRAL,09,395.0,-205.0,395.0,-580.0,0.436,,0.9375,True,1.3445378151260503,True,True
2024-07-29_39L2,2024-07-29,L,NEUTRAL,11,-205.0,-205.0,-192.5,-192.5,0.467,21.1,0.5882352941176471,True,0.85,True,True
2024-07-29_73L2,2024-07-29,L,NEUTRAL,14,-205.0,-205.0,-155.0,-155.0,0.349,16.0,0.6428571428571429,False,0.6603773584905661,True,True
2024-07-30_11S2,2024-07-30,S,BEAR,09,395.0,3032.5,395.0,3032.5,0.368,,0.65,True,1.2658227848101264,True,False
2024-07-30_39L2,2024-07-30,L,NEUTRAL,11,-205.0,-205.0,-442.5,-442.5,0.007,63.6,0.8378378378378378,True,1.3454545454545457,False,True
2024-07-30_68L2,2024-07-30,L,NEUTRAL,14,-205.0,-205.0,395.0,-330.0,0.471,22.8,0.5,False,1.1382113821138211,True,True
2024-07-30_75L2,2024-07-30,L,BULL,14,-205.0,-205.0,-255.0,-255.0,0.32,16.3,0.2727272727272727,False,1.0377358490566038,True,True
2024-07-31_15S2,2024-07-31,S,BULL,10,-205.0,-205.0,-167.5,-167.5,0.572,,0.1999999999999999,False,0.5494505494505494,False,True
2024-07-31_66S2,2024-07-31,S,BULL,13,-205.0,-205.0,395.0,732.5,0.612,20.4,0.6666666666666667,True,0.8547008547008547,False,True
2024-07-31_81S2,2024-07-31,S,BULL,15,-205.0,-30.0,-830.0,-30.0,0.165,16.1,0.5588235294117647,False,1.144781144781145,True,True
2024-08-01_35S2,2024-08-01,S,BEAR,11,395.0,2132.5,395.0,2132.5,0.297,58.0,0.8529411764705882,True,0.9941520467836256,True,True
2024-08-01_62L2,2024-08-01,L,BEAR,13,-205.0,-205.0,-305.0,-305.0,0.077,43.0,0.2692307692307692,False,0.654911838790932,False,True
2024-08-02_47S2,2024-08-02,S,NEUTRAL,12,395.0,-205.0,395.0,-330.0,0.43,15.2,0.6071428571428572,True,0.689655172413793,True,True
2024-08-02_66L2,2024-08-02,L,NEUTRAL,13,-205.0,-205.0,-255.0,-255.0,0.299,18.8,0.9090909090909092,True,0.6962025316455696,True,True
2024-08-05_14L2,2024-08-05,L,NEUTRAL,09,-205.0,-205.0,395.0,582.5,0.007,,0.9646017699115044,True,0.9860383944153578,True,True
2024-08-05_32L2,2024-08-05,L,BULL,11,-205.0,-205.0,395.0,-842.5,0.25,53.6,0.7681159420289855,True,1.1256117455138663,True,True
2024-08-05_49S2,2024-08-05,S,NEUTRAL,12,-205.0,-205.0,-630.0,-630.0,0.114,30.1,0.8846153846153846,True,1.158129175946548,True,True
2024-08-05_58S2,2024-08-05,S,BEAR,13,-205.0,-205.0,-567.5,-567.5,0.233,21.6,0.8936170212765957,True,1.108490566037736,True,True
2024-08-05_75S2,2024-08-05,S,BEAR,14,395.0,-205.0,395.0,-442.5,0.179,21.0,0.7567567567567568,True,0.83710407239819,True,True
2024-08-06_10S2,2024-08-06,S,BULL,09,-205.0,-205.0,-580.0,-580.0,,,0.6666666666666667,True,0.6868044515103339,False,False
2024-08-06_63S2,2024-08-06,S,BULL,13,-205.0,-205.0,-217.5,-217.5,0.394,25.7,0.5789473684210527,False,0.6737588652482269,False,True
2024-08-07_15L2,2024-08-07,L,NEUTRAL,10,-205.0,-205.0,-405.0,-405.0,0.021,,0.088235294117647,False,0.6746031746031746,True,True
2024-08-08_15S2,2024-08-08,S,BULL,09,-205.0,-205.0,-380.0,-380.0,0.611,,0.59375,False,0.6262230919765166,False,True
2024-08-08_72S2,2024-08-08,S,BEAR,14,395.0,-205.0,395.0,-392.5,0.215,16.3,0.5757575757575757,False,1.0749185667752443,True,True
2024-08-09_11S2,2024-08-09,S,BULL,09,-205.0,-205.0,395.0,-580.0,0.089,,0.8541666666666666,True,0.9125475285171104,False,False
2024-08-12_22S2,2024-08-12,S,BULL,10,395.0,1132.5,395.0,1132.5,0.358,,0.95,False,0.8163265306122449,False,True
2024-08-13_15L2,2024-08-13,L,BEAR,09,395.0,2295.0,395.0,2295.0,0.065,,0.9565217391304348,True,0.7419354838709677,True,True
2024-08-13_51L2,2024-08-13,L,BULL,12,-205.0,-205.0,-142.5,-142.5,0.091,32.0,0.9230769230769232,True,0.9285714285714286,True,True
2024-08-13_73L2,2024-08-13,L,NEUTRAL,14,395.0,370.0,-117.5,-117.5,0.07,11.6,0.8181818181818182,False,0.7638888888888888,True,True
2024-08-14_27S2,2024-08-14,S,BULL,10,-205.0,-205.0,-192.5,-192.5,0.433,,0.1764705882352941,False,0.8900523560209423,False,True
2024-08-14_58L2,2024-08-14,L,NEUTRAL,13,395.0,770.0,-130.0,-130.0,0.208,15.1,0.25,False,0.6417112299465241,True,True
2024-08-15_8S2,2024-08-15,S,NEUTRAL,09,-205.0,-205.0,-605.0,-605.0,,,0.9,True,1.5486725663716814,True,False
2024-08-15_24S2,2024-08-15,S,BULL,10,-205.0,-205.0,-117.5,-117.5,0.433,,0.0909090909090909,False,0.6748466257668712,False,True
2024-08-16_29S2,2024-08-16,S,BULL,10,-205.0,-205.0,-117.5,-117.5,0.492,17.8,0.7272727272727273,False,0.6043956043956045,False,True
2024-08-19_8L2,2024-08-19,L,NEUTRAL,09,-205.0,-205.0,-330.0,-330.0,,,0.5714285714285714,True,1.0710382513661203,True,False
2024-08-19_25S2,2024-08-19,S,NEUTRAL,10,-205.0,-205.0,-92.5,-92.5,0.561,,0.6666666666666667,True,0.5454545454545454,False,True
2024-08-20_22S2,2024-08-20,S,BEAR,10,-205.0,-205.0,-130.0,-130.0,0.261,,1.0,True,0.5429864253393665,True,True
2024-08-20_37L2,2024-08-20,L,NEUTRAL,11,-205.0,-205.0,-167.5,-167.5,0.192,20.0,0.8,True,0.7142857142857143,True,True
2024-08-20_67L2,2024-08-20,L,BEAR,14,-205.0,-205.0,-92.5,-92.5,0.036,21.1,0.5555555555555556,False,0.6382978723404256,True,True
2024-08-21_13S2,2024-08-21,S,NEUTRAL,09,-205.0,-205.0,-267.5,-267.5,0.087,,0.5217391304347826,False,0.9126984126984128,True,True
2024-08-21_25S2,2024-08-21,S,BEAR,10,395.0,-205.0,395.0,-192.5,0.406,,0.5294117647058824,False,0.4927536231884058,True,True
2024-08-21_49L2,2024-08-21,L,NEUTRAL,12,395.0,-205.0,-67.5,-67.5,0.302,12.8,0.1428571428571428,False,0.5982905982905983,True,True
2024-08-21_79S2,2024-08-21,S,BEAR,15,-205.0,-205.0,-205.0,-205.0,0.287,18.8,0.8333333333333334,True,0.9375,False,True
2024-08-22_13S2,2024-08-22,S,BEAR,09,-205.0,-205.0,395.0,2157.5,0.563,,0.5,True,0.8387096774193549,True,True
2024-08-22_21S2,2024-08-22,S,NEUTRAL,10,395.0,1895.0,395.0,1895.0,0.261,,0.8,True,1.49812734082397,True,True
2024-08-22_55L2,2024-08-22,L,BEAR,13,395.0,-205.0,395.0,-180.0,0.467,44.6,0.8125,True,0.4938271604938272,False,True
2024-08-23_18L2,2024-08-23,L,NEUTRAL,09,395.0,-205.0,395.0,-680.0,0.171,,0.9464285714285714,True,0.8888888888888888,False,True
2024-08-26_20S2,2024-08-26,S,BEAR,10,395.0,-205.0,395.0,-155.0,0.317,,0.5,False,0.5447470817120623,True,True
2024-08-26_56S2,2024-08-26,S,BEAR,13,-205.0,-205.0,-255.0,-255.0,0.618,34.6,0.8636363636363636,True,0.9401709401709404,True,True
2024-08-26_69L2,2024-08-26,L,NEUTRAL,14,-205.0,-205.0,-155.0,-155.0,0.299,19.3,0.5714285714285714,False,0.813953488372093,True,True
2024-08-27_17L2,2024-08-27,L,BULL,09,-205.0,-205.0,-205.0,-205.0,0.746,,0.6666666666666666,False,0.7692307692307693,True,True
2024-08-27_29S2,2024-08-27,S,NEUTRAL,10,-205.0,-205.0,-192.5,-192.5,0.747,32.1,0.6470588235294117,True,0.7423580786026202,True,True
2024-08-28_8L2,2024-08-28,L,BEAR,09,-205.0,-205.0,-255.0,-255.0,,,0.5909090909090909,False,1.0,True,False
2024-08-28_50S2,2024-08-28,S,NEUTRAL,12,395.0,-205.0,395.0,-205.0,0.068,36.6,0.1111111111111111,False,1.0465116279069768,True,True
2024-08-28_60S2,2024-08-28,S,BEAR,13,-205.0,-205.0,-167.5,-167.5,0.556,40.0,0.8,False,0.5703422053231939,True,True
2024-08-29_12L2,2024-08-29,L,BEAR,09,395.0,-205.0,395.0,-467.5,0.292,,0.8974358974358975,True,0.896551724137931,True,True
2024-08-29_29L2,2024-08-29,L,NEUTRAL,10,395.0,-205.0,395.0,-205.0,0.028,19.2,0.9444444444444444,True,0.7468879668049793,True,True
2024-08-29_39L2,2024-08-29,L,BULL,11,-205.0,-205.0,-142.5,-142.5,0.485,25.9,0.6153846153846154,False,0.6632653061224489,True,True
2024-08-29_50S2,2024-08-29,S,BULL,12,-205.0,-205.0,-130.0,-130.0,0.567,20.6,0.4166666666666666,False,0.6976744186046512,True,True
2024-08-29_65L2,2024-08-29,L,BEAR,13,-205.0,-205.0,395.0,320.0,0.729,47.2,0.9107142857142856,True,1.4698162729658792,False,True
2024-08-30_10S2,2024-08-30,S,NEUTRAL,09,395.0,-205.0,395.0,-230.0,,,0.8,False,0.631578947368421,False,False
2024-08-30_31S2,2024-08-30,S,BEAR,11,-205.0,-205.0,-292.5,-292.5,0.458,60.4,0.4399999999999999,True,1.0775862068965518,True,True
2024-08-30_47S2,2024-08-30,S,NEUTRAL,12,-205.0,-205.0,-367.5,-367.5,0.343,40.9,0.8709677419354839,True,1.169811320754717,True,True
2024-09-03_22S2,2024-09-03,S,BEAR,10,-205.0,-205.0,-267.5,-267.5,0.318,,0.5652173913043479,False,0.7565789473684211,True,True
2024-09-03_45S2,2024-09-03,S,BEAR,12,-205.0,-205.0,-267.5,-267.5,0.475,46.0,0.3478260869565217,False,1.2299465240641712,True,True
2024-09-03_67L2,2024-09-03,L,BEAR,14,-205.0,-205.0,-180.0,-180.0,0.377,46.7,0.4375,False,0.7582938388625592,False,True
2024-09-04_30S2,2024-09-04,S,NEUTRAL,10,395.0,-205.0,395.0,-280.0,0.561,15.4,0.2083333333333333,False,0.7868852459016393,True,True
2024-09-04_45L2,2024-09-04,L,BEAR,12,-205.0,-205.0,-267.5,-267.5,0.12,15.1,0.7391304347826086,True,0.798611111111111,True,True
2024-09-05_13S2,2024-09-05,S,BULL,09,395.0,1520.0,395.0,1520.0,0.257,,0.7619047619047619,True,1.055276381909548,False,True
2024-09-05_44S2,2024-09-05,S,BULL,12,395.0,-205.0,395.0,-217.5,0.28,19.7,0.736842105263158,True,0.8715596330275229,True,True
2024-09-05_61L2,2024-09-05,L,BEAR,13,395.0,-205.0,395.0,-205.0,0.174,22.0,0.3888888888888889,False,0.6870229007633588,True,True
2024-09-06_34S2,2024-09-06,S,BEAR,11,-205.0,-205.0,-280.0,-280.0,0.407,45.8,0.75,True,0.7717041800643086,True,True
2024-09-06_54L2,2024-09-06,L,NEUTRAL,12,-205.0,-205.0,-330.0,-330.0,0.123,22.0,0.8571428571428571,True,0.9929078014184396,False,True
2024-09-09_10S2,2024-09-09,S,BULL,09,395.0,-205.0,395.0,-392.5,,,0.4242424242424242,False,1.3083700440528634,False,False
2024-09-09_38S2,2024-09-09,S,BULL,11,-205.0,-205.0,-130.0,-130.0,0.714,33.2,0.0833333333333333,False,0.6666666666666666,False,True
2024-09-10_6L2,2024-09-10,L,BEAR,08,-205.0,-205.0,-305.0,-305.0,,,0.8846153846153846,True,1.0,True,False
2024-09-11_59L2,2024-09-11,L,BULL,13,395.0,2020.0,395.0,2020.0,0.418,41.3,0.4137931034482758,False,1.1196911196911197,True,True
2024-09-12_14S2,2024-09-12,S,BULL,09,395.0,-205.0,395.0,-280.0,0.374,,0.2083333333333333,False,0.6266318537859008,False,True
2024-09-13_13S2,2024-09-13,S,NEUTRAL,09,395.0,-205.0,395.0,-667.5,0.048,,0.9454545454545454,True,1.676829268292683,False,True
2024-09-13_74S2,2024-09-13,S,NEUTRAL,14,-205.0,-205.0,-105.0,-105.0,0.17,22.2,0.5,False,0.6493506493506493,True,True
2024-09-16_15L2,2024-09-16,L,BEAR,09,-205.0,-205.0,395.0,782.5,0.418,,0.7111111111111111,True,1.3432835820895523,False,True
2024-09-17_8L2,2024-09-17,L,BEAR,09,395.0,-205.0,395.0,-505.0,,,0.9285714285714286,True,1.3548387096774193,True,False
2024-09-17_15L2,2024-09-17,L,NEUTRAL,09,-205.0,-205.0,-442.5,-442.5,0.561,,0.972972972972973,True,1.245791245791246,True,True
2024-09-17_39S2,2024-09-17,S,BEAR,11,395.0,-80.0,395.0,-80.0,0.708,32.6,0.6551724137931034,True,1.2340425531914894,True,True
2024-09-17_49S2,2024-09-17,S,BEAR,12,-205.0,-205.0,395.0,-217.5,0.113,43.4,0.7894736842105263,True,0.5571847507331378,True,True
2024-09-17_57S2,2024-09-17,S,NEUTRAL,13,395.0,-205.0,395.0,-192.5,0.083,40.8,0.2352941176470588,False,0.576271186440678,True,True
2024-09-18_10L2,2024-09-18,L,BEAR,09,-205.0,-205.0,-417.5,-417.5,,,0.7714285714285715,False,1.3876651982378856,True,False
2024-09-18_48L2,2024-09-18,L,BULL,12,-205.0,-205.0,-267.5,-267.5,0.38,17.5,0.217391304347826,False,1.8548387096774197,True,True
2024-09-18_54L2,2024-09-18,L,NEUTRAL,12,-205.0,-205.0,-230.0,-230.0,0.131,13.5,0.4,False,1.0050251256281408,True,True
2024-09-18_61L2,2024-09-18,L,NEUTRAL,13,395.0,-205.0,395.0,-617.5,0.402,25.9,0.9411764705882352,True,0.6746031746031746,True,True
2024-09-18_73S2,2024-09-18,S,BEAR,14,395.0,-205.0,395.0,745.0,0.035,16.3,0.4482758620689655,False,1.0794044665012408,True,True
2024-09-19_22L2,2024-09-19,L,BULL,10,-205.0,-205.0,395.0,7.5,0.146,,0.3333333333333333,True,0.8086253369272237,True,True
2024-09-19_44L2,2024-09-19,L,BULL,12,-205.0,-205.0,-192.5,-192.5,0.2,9.9,0.8235294117647058,True,0.8762886597938145,True,True
2024-09-19_69S2,2024-09-19,S,NEUTRAL,14,395.0,557.5,395.0,557.5,0.099,17.4,0.65,True,0.9389671361502347,True,True
2024-09-19_77S2,2024-09-19,S,BEAR,14,-205.0,282.5,-380.0,282.5,0.324,22.5,0.21875,False,1.2307692307692308,True,True
2024-09-20_29S2,2024-09-20,S,BULL,10,-205.0,-205.0,-255.0,-255.0,0.162,46.1,0.5,True,0.9243697478991596,True,True
2024-09-23_21L2,2024-09-23,L,NEUTRAL,10,395.0,-205.0,395.0,-280.0,0.259,,0.75,False,0.9195402298850576,False,True
2024-09-23_40S2,2024-09-23,S,BEAR,11,-205.0,-205.0,-117.5,-117.5,0.452,31.3,0.9090909090909092,True,0.5092592592592592,True,True
2024-09-23_65L2,2024-09-23,L,BEAR,13,-205.0,132.5,-105.0,-105.0,0.2,23.6,0.6,False,0.7692307692307693,True,True
2024-09-23_75S2,2024-09-23,S,BULL,14,-205.0,20.0,-142.5,-142.5,0.0,17.8,0.8461538461538461,True,1.04,False,True
2024-09-24_11L2,2024-09-24,L,BEAR,09,-205.0,-205.0,-192.5,-192.5,0.6,,0.4117647058823529,True,0.648854961832061,False,False
2024-09-24_49L2,2024-09-24,L,BULL,12,-205.0,-205.0,-117.5,-117.5,0.045,9.9,0.2727272727272727,False,0.8148148148148148,True,True
2024-09-24_69S2,2024-09-24,S,BULL,14,-205.0,-205.0,-92.5,-92.5,0.158,22.3,0.5555555555555556,False,0.6,True,True
2024-09-25_9S2,2024-09-25,S,NEUTRAL,09,395.0,545.0,395.0,545.0,,,0.5294117647058824,False,0.8662420382165605,True,False
2024-09-25_24S2,2024-09-25,S,BEAR,10,395.0,232.5,-105.0,-105.0,0.275,,1.0,True,0.5714285714285714,True,True
2024-09-25_37S2,2024-09-25,S,BEAR,11,395.0,70.0,395.0,70.0,0.209,47.9,0.6666666666666667,False,0.4225352112676057,True,True
2024-09-25_48S2,2024-09-25,S,BEAR,12,395.0,-205.0,395.0,-92.5,0.433,51.3,0.7777777777777778,True,0.5,True,True
2024-09-25_62L2,2024-09-25,L,NEUTRAL,13,-205.0,-205.0,-180.0,-180.0,0.292,38.8,0.625,False,0.7804878048780488,True,True
2024-09-26_10L2,2024-09-26,L,NEUTRAL,09,-205.0,-205.0,-205.0,-205.0,,,0.6111111111111112,True,0.7136563876651982,False,False
2024-09-27_13S2,2024-09-27,S,BULL,09,395.0,1370.0,395.0,1370.0,0.217,,0.75,False,0.9433962264150944,False,True
2024-09-27_40S2,2024-09-27,S,BEAR,11,-205.0,-205.0,-92.5,-92.5,0.308,23.8,0.6666666666666667,True,0.5806451612903226,True,True
2024-09-27_70L2,2024-09-27,L,NEUTRAL,14,-205.0,-205.0,-142.5,-142.5,0.435,16.0,0.4615384615384615,False,0.5752212389380531,True,True
2024-09-30_6S2,2024-09-30,S,NEUTRAL,08,-205.0,-205.0,-217.5,-217.5,,,0.8421052631578947,True,0.8962264150943396,True,False
2024-09-30_35S2,2024-09-30,S,NEUTRAL,11,395.0,-205.0,-105.0,-105.0,0.439,12.7,0.9,True,0.6024096385542168,False,True
2024-09-30_67S2,2024-09-30,S,BEAR,14,-205.0,-205.0,-280.0,-280.0,0.014,26.9,0.9583333333333334,True,0.6417112299465241,True,True
2024-10-01_11L2,2024-10-01,L,BEAR,09,395.0,-205.0,395.0,-342.5,0.496,,0.2758620689655172,False,0.5178571428571429,False,False
2024-10-01_68L2,2024-10-01,L,NEUTRAL,14,-205.0,-205.0,-180.0,-180.0,0.033,26.8,0.3125,False,0.6986899563318778,True,True
2024-10-02_7L2,2024-10-02,L,BULL,09,395.0,932.5,395.0,932.5,,,0.217391304347826,False,0.4928571428571429,True,False
2024-10-02_20L2,2024-10-02,L,BULL,10,-205.0,-205.0,395.0,-505.0,0.065,,0.8333333333333334,True,1.021897810218978,True,True
2024-10-02_27L2,2024-10-02,L,BULL,10,-205.0,-205.0,-192.5,-192.5,0.529,,0.7647058823529411,True,0.5362776025236593,True,True
2024-10-02_36L2,2024-10-02,L,BULL,11,-205.0,-205.0,-342.5,-342.5,0.091,44.8,0.9655172413793104,True,1.5263157894736843,True,True
2024-10-02_58S2,2024-10-02,S,NEUTRAL,13,395.0,-105.0,395.0,-80.0,0.282,22.4,0.75,True,0.4060913705583756,False,True
2024-10-03_11S2,2024-10-03,S,NEUTRAL,09,-205.0,-205.0,395.0,20.0,0.126,,0.5833333333333333,False,1.3636363636363635,True,False
2024-10-03_24S2,2024-10-03,S,NEUTRAL,10,-205.0,-205.0,-455.0,-455.0,0.062,,0.2894736842105263,False,0.8296943231441049,True,True
2024-10-03_35L2,2024-10-03,L,BULL,11,-205.0,-205.0,-155.0,-155.0,0.451,15.6,0.7857142857142857,True,0.689655172413793,True,True
2024-10-03_49S2,2024-10-03,S,NEUTRAL,12,-205.0,-205.0,-505.0,-505.0,0.066,19.4,0.9285714285714286,True,1.213872832369942,True,True
2024-10-03_54L2,2024-10-03,L,BEAR,12,-205.0,-205.0,-192.5,-192.5,0.382,15.5,0.7058823529411765,True,0.6093189964157706,True,True
2024-10-03_59L2,2024-10-03,L,NEUTRAL,13,-205.0,-205.0,-192.5,-192.5,0.056,12.2,0.9411764705882352,True,0.8133971291866029,True,True
2024-10-03_65L2,2024-10-03,L,NEUTRAL,13,-205.0,-205.0,-105.0,-105.0,0.0,11.4,0.2,False,0.6060606060606061,True,True
2024-10-04_28S2,2024-10-04,S,BEAR,10,-205.0,-205.0,-355.0,-355.0,0.339,,0.6,False,1.060070671378092,True,True
2024-10-04_46L2,2024-10-04,L,NEUTRAL,12,-205.0,-205.0,-267.5,-267.5,0.543,16.0,0.9130434782608696,True,0.9663865546218487,True,True
2024-10-04_57S2,2024-10-04,S,NEUTRAL,13,-205.0,-205.0,-180.0,-180.0,0.352,18.4,0.3125,False,0.6130268199233716,True,True
2024-10-07_21L2,2024-10-07,L,BEAR,10,-205.0,-205.0,-292.5,-292.5,0.012,,0.88,True,1.3297872340425532,True,True
2024-10-07_39S2,2024-10-07,S,NEUTRAL,11,395.0,1357.5,-142.5,-142.5,0.507,23.9,0.9230769230769232,True,0.8074534161490683,True,True
2024-10-07_78S2,2024-10-07,S,BEAR,14,-205.0,-205.0,-667.5,-292.5,0.008,44.1,0.3454545454545454,False,1.9366197183098592,True,True
2024-10-08_15L2,2024-10-08,L,NEUTRAL,12,-205.0,-205.0,-130.0,-130.0,0.5,,0.6666666666666666,False,0.5357142857142857,True,True
2024-10-08_23L2,2024-10-08,L,BULL,10,-205.0,-205.0,-205.0,-205.0,0.247,,0.7222222222222222,True,0.8181818181818182,True,True
2024-10-09_17L2,2024-10-09,L,BULL,09,395.0,1107.5,395.0,1107.5,0.787,,1.0,True,0.75,True,True
2024-10-09_35L2,2024-10-09,L,BULL,11,-205.0,-205.0,-242.5,-242.5,0.074,75.1,0.0476190476190476,False,1.2209302325581397,True,True
2024-10-10_13S2,2024-10-10,S,NEUTRAL,09,-205.0,-205.0,-192.5,-192.5,0.181,,0.5294117647058824,True,0.6204379562043796,True,True
2024-10-10_67S2,2024-10-10,S,BEAR,14,-205.0,-205.0,-130.0,-130.0,0.429,32.2,0.5,False,0.7594936708860759,True,True
2024-10-10_81S2,2024-10-10,S,NEUTRAL,15,-205.0,-17.5,-80.0,-17.5,0.516,25.5,0.75,True,0.5925925925925926,False,True
2024-10-11_18L2,2024-10-11,L,BULL,09,-205.0,-205.0,-255.0,-255.0,0.161,,0.5,False,0.7971014492753623,True,True
2024-10-11_76L2,2024-10-11,L,BULL,14,-205.0,-205.0,-92.5,-92.5,0.25,18.2,0.4444444444444444,False,0.703125,True,True
2024-10-14_16S2,2024-10-14,S,BULL,11,-205.0,-205.0,-130.0,-130.0,0.012,,0.5833333333333333,True,0.7361963190184049,False,True
2024-10-15_21S2,2024-10-15,S,BEAR,10,-205.0,-205.0,-192.5,-192.5,0.379,,0.8235294117647058,True,0.5431309904153354,True,True
2024-10-15_34S2,2024-10-15,S,BEAR,11,-205.0,-205.0,-192.5,-192.5,0.037,48.0,0.6470588235294117,True,0.85,True,True
2024-10-15_73S2,2024-10-15,S,BEAR,14,-205.0,-205.0,-242.5,-242.5,0.569,38.5,0.9523809523809524,True,1.065989847715736,True,True
2024-10-16_23S2,2024-10-16,S,BULL,10,-205.0,-205.0,-130.0,-130.0,0.169,,0.5,False,0.5970149253731343,False,True
2024-10-17_18L2,2024-10-17,L,BEAR,09,-205.0,-205.0,-180.0,-180.0,0.009,,0.625,False,0.5755395683453237,False,True
2024-10-17_60L2,2024-10-17,L,NEUTRAL,13,-205.0,-205.0,-117.5,-117.5,0.573,28.5,0.6363636363636364,False,0.5820105820105821,False,True
2024-10-18_8L2,2024-10-18,L,NEUTRAL,09,-205.0,-205.0,-192.5,-192.5,,,0.7647058823529411,True,0.5613207547169812,True,False
2024-10-18_34L2,2024-10-18,L,BULL,13,395.0,395.0,395.0,395.0,0.053,37.1,0.125,False,0.6299212598425197,True,True
2024-10-18_50L2,2024-10-18,L,BULL,12,-205.0,-205.0,-155.0,-155.0,0.152,41.3,1.0,True,0.9859154929577464,True,True
2024-10-18_69L2,2024-10-18,L,BULL,14,-205.0,-205.0,-117.5,-117.5,0.463,20.9,0.7272727272727273,True,0.9565217391304348,False,True
2024-10-21_11S2,2024-10-21,S,BULL,09,395.0,395.0,395.0,395.0,0.262,,0.6428571428571428,False,0.9395973154362416,False,False
2024-10-21_38S2,2024-10-21,S,NEUTRAL,11,-205.0,-205.0,-117.5,-117.5,0.071,35.9,0.2727272727272727,False,0.632183908045977,True,True
2024-10-22_8L2,2024-10-22,L,NEUTRAL,09,395.0,895.0,395.0,895.0,,,0.7058823529411765,False,0.6685393258426967,True,False
2024-10-22_27L2,2024-10-22,L,NEUTRAL,10,-205.0,-205.0,-105.0,-105.0,0.407,,0.7,False,0.6493506493506493,True,True
2024-10-22_44S2,2024-10-22,S,NEUTRAL,12,-205.0,-205.0,-80.0,-80.0,0.27,23.6,0.75,False,0.5970149253731343,False,True
2024-10-23_7S2,2024-10-23,S,NEUTRAL,09,395.0,-205.0,395.0,-167.5,,,0.7333333333333334,False,0.7894736842105263,True,False
2024-10-23_43S2,2024-10-23,S,NEUTRAL,14,-205.0,-205.0,-192.5,-192.5,0.486,36.1,0.7058823529411764,False,0.8415841584158417,True,True
2024-10-23_69L2,2024-10-23,L,NEUTRAL,14,-205.0,-205.0,-142.5,-142.5,0.642,29.7,0.5384615384615384,False,0.5963302752293578,True,True
2024-10-24_10S2,2024-10-24,S,NEUTRAL,09,-205.0,-205.0,-192.5,-192.5,,,0.8823529411764706,True,0.6923076923076923,True,False
2024-10-24_62S2,2024-10-24,S,NEUTRAL,13,-205.0,-205.0,-92.5,-92.5,0.178,13.0,0.6666666666666667,True,0.4812834224598931,True,True
2024-10-25_20S2,2024-10-25,S,NEUTRAL,10,395.0,2432.5,395.0,2432.5,0.19,,0.8823529411764706,False,0.7798165137614679,True,True
2024-10-25_34S2,2024-10-25,S,BEAR,11,-205.0,-205.0,-167.5,-167.5,0.165,20.8,0.7333333333333334,False,0.7352941176470589,True,True
2024-10-25_76L2,2024-10-25,L,NEUTRAL,14,-205.0,-205.0,-155.0,-155.0,0.32,30.0,0.5,False,0.6511627906976745,False,True
2024-10-28_13S2,2024-10-28,S,NEUTRAL,09,-205.0,-205.0,395.0,582.5,0.086,,0.1999999999999999,False,1.256281407035176,True,True
2024-10-28_45S2,2024-10-28,S,NEUTRAL,12,-205.0,-205.0,-230.0,-230.0,0.277,21.7,0.1999999999999999,False,1.098901098901099,True,True
2024-10-28_52S2,2024-10-28,S,NEUTRAL,12,395.0,345.0,-67.5,-67.5,0.196,15.6,0.2857142857142857,False,0.4191616766467066,False,True
2024-10-28_74S2,2024-10-28,S,NEUTRAL,14,395.0,282.5,395.0,282.5,0.069,11.9,0.25,False,0.9142857142857144,True,True
2024-10-29_17L2,2024-10-29,L,BULL,09,-205.0,-205.0,-255.0,-255.0,0.224,,0.7727272727272727,False,0.6748466257668712,True,True
2024-10-29_50L2,2024-10-29,L,BULL,12,-205.0,-205.0,-155.0,-155.0,0.27,30.6,0.8571428571428571,True,0.7777777777777778,True,True
2024-10-29_69L2,2024-10-29,L,BULL,14,-205.0,-205.0,-155.0,-155.0,0.317,24.6,0.9285714285714286,True,1.1965811965811963,True,True
2024-10-30_14L2,2024-10-30,L,NEUTRAL,09,-205.0,-205.0,-155.0,-155.0,0.78,,0.8571428571428571,True,0.5691056910569106,True,True
2024-10-30_47S2,2024-10-30,S,NEUTRAL,12,395.0,1432.5,395.0,1432.5,0.49,17.0,0.2857142857142857,False,0.5511811023622047,True,True
2024-10-30_58S2,2024-10-30,S,BEAR,13,395.0,1170.0,395.0,1170.0,0.087,26.1,0.9166666666666666,True,0.5,True,True
2024-10-30_73S2,2024-10-30,S,BEAR,14,395.0,645.0,395.0,645.0,0.441,27.3,0.5833333333333333,True,0.7100591715976332,True,True
2024-10-30_78S2,2024-10-30,S,BEAR,14,395.0,-205.0,395.0,-255.0,0.46,34.9,1.0,True,1.1764705882352942,True,True
2024-10-31_25S2,2024-10-31,S,BEAR,10,395.0,-205.0,395.0,-255.0,0.246,,0.7272727272727273,True,0.7719298245614035,True,True
2024-10-31_42L2,2024-10-31,L,NEUTRAL,11,-205.0,-205.0,-92.5,-92.5,0.057,32.1,0.7777777777777778,True,0.5172413793103449,True,True
2024-11-01_14S2,2024-11-01,S,BULL,10,395.0,1732.5,395.0,1732.5,0.406,,0.8518518518518519,True,0.9963099630996308,False,True
2024-11-04_17L2,2024-11-04,L,BULL,09,-205.0,-205.0,-417.5,-417.5,0.26,,1.0,True,1.3671875,True,True
2024-11-04_58L2,2024-11-04,L,BULL,13,-205.0,-205.0,-117.5,-117.5,0.164,10.8,0.9090909090909092,True,0.7586206896551724,True,True
2024-11-05_17S2,2024-11-05,S,BULL,09,395.0,-205.0,395.0,-292.5,0.014,,0.28,False,0.9225092250922508,False,True
2024-11-06_19S2,2024-11-06,S,NEUTRAL,10,-205.0,-205.0,-242.5,-242.5,0.174,,0.5238095238095238,False,0.594900849858357,True,True
2024-11-07_25L2,2024-11-07,L,BULL,10,395.0,-205.0,395.0,-117.5,0.128,,0.4545454545454545,False,0.7236842105263158,True,True
2024-11-07_59S2,2024-11-07,S,NEUTRAL,13,-205.0,-205.0,-180.0,-180.0,0.082,25.1,0.875,False,0.7111111111111111,True,True
2024-11-08_8S2,2024-11-08,S,NEUTRAL,09,-205.0,-205.0,-367.5,-367.5,,,0.935483870967742,True,1.4,False,False
2024-11-08_44L2,2024-11-08,L,NEUTRAL,12,395.0,-205.0,-105.0,-105.0,0.373,31.7,0.8,True,0.8547008547008548,True,True
2024-11-08_58L2,2024-11-08,L,BULL,13,-205.0,-205.0,-105.0,-105.0,0.467,35.7,0.5,False,0.6993006993006993,True,True
2024-11-11_8S2,2024-11-11,S,NEUTRAL,09,-205.0,-205.0,-117.5,-117.5,,,1.0,True,0.5273972602739726,True,False
2024-11-11_23L2,2024-11-11,L,NEUTRAL,10,-205.0,-205.0,-155.0,-155.0,0.047,,0.7857142857142857,False,0.7329842931937173,True,True
2024-11-12_13S2,2024-11-12,S,BEAR,09,395.0,-205.0,-155.0,-155.0,0.507,,0.8571428571428572,True,0.8,True,True
2024-11-12_68L2,2024-11-12,L,BULL,14,-205.0,-205.0,-117.5,-117.5,0.235,38.8,0.8181818181818182,True,0.8029197080291971,True,True
2024-11-13_9L2,2024-11-13,L,BEAR,09,395.0,770.0,395.0,770.0,,,0.8113207547169812,False,1.6,False,False
2024-11-13_40L2,2024-11-13,L,BULL,11,-205.0,-205.0,-255.0,-255.0,0.327,9.5,0.1363636363636363,False,1.1224489795918366,True,True
2024-11-13_49L2,2024-11-13,L,BULL,12,-205.0,-205.0,-80.0,-80.0,0.323,9.0,0.75,True,0.5161290322580645,True,True
2024-11-13_68L2,2024-11-13,L,BEAR,14,395.0,-205.0,395.0,-280.0,0.214,26.4,0.2916666666666667,False,1.2,False,True
2024-11-14_10L2,2024-11-14,L,BEAR,09,-205.0,-205.0,-192.5,-192.5,,,0.8235294117647058,True,0.6095617529880478,False,False
2024-11-14_27L2,2024-11-14,L,BULL,10,-205.0,-205.0,-192.5,-192.5,0.05,,0.8823529411764706,True,0.9444444444444444,True,True
2024-11-14_51L2,2024-11-14,L,BEAR,12,-205.0,-205.0,-205.0,-205.0,0.079,38.4,0.2777777777777778,False,0.8866995073891625,False,True
2024-11-14_75S2,2024-11-14,S,NEUTRAL,14,-205.0,-205.0,395.0,557.5,0.547,27.2,0.56,False,0.6963788300835655,True,True
2024-11-15_16L2,2024-11-15,L,BEAR,09,395.0,-205.0,395.0,-280.0,0.814,,0.75,True,0.8053691275167785,False,True
2024-11-18_11S2,2024-11-18,S,BULL,09,-205.0,-205.0,-167.5,-167.5,0.477,,0.5333333333333333,False,0.5725190839694657,False,False
2024-11-18_48S2,2024-11-18,S,NEUTRAL,12,395.0,70.0,395.0,70.0,0.17,17.6,0.4736842105263158,True,1.1875,True,True
2024-11-18_57S2,2024-11-18,S,NEUTRAL,13,395.0,-205.0,395.0,-30.0,0.287,17.3,0.8421052631578947,True,1.0052910052910051,True,True
2024-11-19_10S2,2024-11-19,S,BULL,09,-205.0,-205.0,-342.5,-342.5,,,0.6206896551724138,True,0.8729096989966555,True,False
2024-11-20_11L2,2024-11-20,L,BEAR,09,395.0,2557.5,395.0,2557.5,0.806,,0.5806451612903226,False,0.8266666666666667,False,False
2024-11-21_14L2,2024-11-21,L,BEAR,09,-205.0,-205.0,395.0,2620.0,0.443,,0.627906976744186,True,0.713101160862355,False,True
2024-11-21_54L2,2024-11-21,L,BULL,12,-205.0,-205.0,-267.5,-267.5,0.093,19.0,0.9565217391304348,True,1.0648148148148149,True,True
2024-11-21_64S2,2024-11-21,S,BULL,13,-205.0,-205.0,-142.5,-142.5,0.026,11.8,0.6153846153846154,True,0.5855855855855856,False,True
2024-11-22_8S2,2024-11-22,S,NEUTRAL,09,-205.0,-205.0,395.0,-617.5,,,0.8431372549019608,True,1.2439024390243902,True,False
2024-11-22_27S2,2024-11-22,S,BEAR,10,-205.0,-205.0,-355.0,-355.0,0.306,,0.1666666666666666,False,1.006711409395973,True,True
2024-11-22_81S2,2024-11-22,S,NEUTRAL,15,-205.0,7.5,-117.5,7.5,0.348,20.0,0.5454545454545454,False,0.5140186915887851,False,True
2024-11-25_17S2,2024-11-25,S,BEAR,09,395.0,120.0,395.0,120.0,0.164,,0.2857142857142857,True,0.8235294117647058,True,True
2024-11-25_49S2,2024-11-25,S,BEAR,12,-205.0,-205.0,-130.0,-130.0,0.802,37.0,0.8333333333333334,True,0.5660377358490566,False,True
2024-11-26_14S2,2024-11-26,S,BEAR,09,-205.0,-205.0,-305.0,-305.0,0.22,,0.8846153846153846,True,0.9154929577464788,True,True
2024-11-26_45S2,2024-11-26,S,NEUTRAL,12,-205.0,-205.0,-105.0,-105.0,0.625,17.6,0.9,True,1.0309278350515465,False,True
2024-11-27_15L2,2024-11-27,L,BEAR,09,-205.0,-205.0,-430.0,-430.0,0.197,,0.1388888888888889,False,1.855670103092784,False,True
2024-11-29_25S2,2024-11-29,S,BULL,10,-205.0,-205.0,-55.0,-55.0,0.444,,0.1666666666666666,False,0.5405405405405406,False,True
2024-12-02_6S2,2024-12-02,S,NEUTRAL,08,-205.0,-205.0,-267.5,-267.5,,,0.7391304347826086,True,0.9913793103448276,True,False
2024-12-02_16S2,2024-12-02,S,NEUTRAL,09,395.0,-205.0,395.0,-117.5,0.429,,0.8181818181818181,True,0.6962025316455696,False,True
2024-12-03_17L2,2024-12-03,L,BEAR,09,395.0,832.5,-155.0,-155.0,0.493,,0.7857142857142857,True,0.9395973154362416,False,True
2024-12-03_47L2,2024-12-03,L,BULL,12,-205.0,-205.0,-67.5,-67.5,0.657,24.1,0.8571428571428571,False,0.6930693069306931,True,True
2024-12-03_69L2,2024-12-03,L,NEUTRAL,14,-205.0,-205.0,-80.0,-80.0,0.524,27.6,0.875,True,0.9638554216867468,True,True
2024-12-04_11L2,2024-12-04,L,BEAR,09,395.0,895.0,395.0,895.0,0.194,,0.9615384615384616,True,1.5116279069767442,False,False
2024-12-04_26L2,2024-12-04,L,NEUTRAL,10,-205.0,-205.0,-142.5,-142.5,0.254,,0.9230769230769232,True,1.1504424778761062,True,True
2024-12-04_74L2,2024-12-04,L,BULL,15,-205.0,-5.0,-80.0,-5.0,0.737,20.8,0.875,True,0.9756097560975612,True,True
2024-12-05_19L2,2024-12-05,L,NEUTRAL,10,395.0,-205.0,-67.5,-67.5,0.343,,0.1428571428571428,False,0.564516129032258,False,True
2024-12-05_60S2,2024-12-05,S,NEUTRAL,13,395.0,645.0,395.0,645.0,0.247,26.7,0.3333333333333333,False,0.8695652173913043,True,True
2024-12-06_12L2,2024-12-06,L,NEUTRAL,09,-205.0,-205.0,-167.5,-167.5,0.262,,0.1333333333333333,False,0.7317073170731707,True,True
2024-12-06_76L2,2024-12-06,L,NEUTRAL,14,-205.0,132.5,-42.5,132.5,0.6,19.4,0.6,True,0.5494505494505495,True,True
2024-12-09_41L2,2024-12-09,L,BULL,11,-205.0,-205.0,-105.0,-105.0,0.045,43.3,0.9,True,0.8,True,True
2024-12-10_10L2,2024-12-10,L,BULL,09,-205.0,-205.0,-142.5,-142.5,,,0.5384615384615384,True,0.6290322580645161,True,False
2024-12-10_25S2,2024-12-10,S,NEUTRAL,10,395.0,632.5,-155.0,-155.0,0.565,,0.7857142857142857,False,0.8695652173913043,True,True
2024-12-10_33S2,2024-12-10,S,BEAR,11,-205.0,-205.0,-117.5,-117.5,0.304,16.7,0.1818181818181817,False,0.9821428571428572,True,True
2024-12-10_46L2,2024-12-10,L,BEAR,12,-205.0,-205.0,-92.5,-92.5,0.134,16.7,0.0,False,0.7894736842105263,False,True
2024-12-11_16L2,2024-12-11,L,BULL,09,-205.0,-205.0,-155.0,-155.0,0.194,,0.7142857142857143,True,1.0071942446043165,True,True
2024-12-11_42L2,2024-12-11,L,BULL,12,-205.0,-205.0,-80.0,-80.0,0.133,43.8,0.5,False,0.8695652173913044,True,True
2024-12-11_72L2,2024-12-11,L,BULL,14,-205.0,-205.0,-17.5,-17.5,0.105,15.7,0.3333333333333333,False,0.3488372093023256,True,True
2024-12-12_10L2,2024-12-12,L,BEAR,13,-205.0,-205.0,-217.5,-217.5,,,0.631578947368421,False,0.9095744680851064,False,False
2024-12-12_42L2,2024-12-12,L,NEUTRAL,12,-205.0,-205.0,-117.5,-117.5,0.108,19.0,0.9090909090909092,True,0.8088235294117647,True,True
2024-12-12_53L2,2024-12-12,L,NEUTRAL,12,-205.0,-205.0,-67.5,-67.5,0.357,17.3,0.8571428571428571,True,0.5109489051094891,False,True
2024-12-13_32L2,2024-12-13,L,BEAR,11,-205.0,-205.0,-92.5,-92.5,0.105,44.6,0.5555555555555556,False,0.3846153846153846,False,True
2024-12-13_72L2,2024-12-13,L,NEUTRAL,14,-205.0,-205.0,-180.0,-180.0,0.243,27.0,0.9375,True,1.415929203539823,False,True
2024-12-16_7L2,2024-12-16,L,NEUTRAL,09,-205.0,-205.0,-192.5,-192.5,,,0.7647058823529411,False,0.8225806451612903,True,False
2024-12-16_21L2,2024-12-16,L,BULL,10,-205.0,-205.0,-67.5,-67.5,0.683,,0.4285714285714285,True,0.4320987654320988,True,True
2024-12-16_53L2,2024-12-16,L,NEUTRAL,12,-205.0,-205.0,-67.5,-67.5,0.333,17.6,0.7142857142857143,False,0.853658536585366,True,True
2024-12-17_19L2,2024-12-17,L,BULL,10,395.0,-205.0,395.0,-192.5,0.6,,0.8235294117647058,True,1.118421052631579,True,True
2024-12-17_35L2,2024-12-17,L,BULL,11,-205.0,-205.0,-117.5,-117.5,0.259,12.9,0.1818181818181818,False,0.7096774193548387,True,True
2024-12-18_33S2,2024-12-18,S,BEAR,11,-205.0,-205.0,-142.5,-142.5,0.367,33.2,0.4615384615384615,True,0.896551724137931,True,True
2024-12-19_43S2,2024-12-19,S,BEAR,12,395.0,-205.0,395.0,-492.5,0.39,24.8,0.097560975609756,False,1.3099041533546325,True,True
2024-12-20_18S2,2024-12-20,S,BULL,09,-205.0,-205.0,-380.0,-380.0,0.752,,0.09375,False,0.6165703275529866,False,True
2024-12-20_72L2,2024-12-20,L,BEAR,14,-205.0,-205.0,-380.0,-380.0,0.872,17.0,0.53125,False,1.4285714285714286,False,True
2024-12-23_13L2,2024-12-23,L,BEAR,09,395.0,-205.0,395.0,-342.5,0.232,,0.7586206896551724,True,0.6170212765957447,False,True
2024-12-23_35L2,2024-12-23,L,BEAR,11,395.0,1407.5,395.0,1407.5,0.542,17.9,0.6774193548387096,False,1.1439114391143912,True,True
2024-12-24_17S2,2024-12-24,S,BULL,09,-205.0,-205.0,-142.5,-142.5,0.339,,0.3076923076923077,False,0.6701030927835052,False,True
2024-12-26_16L2,2024-12-26,L,NEUTRAL,09,395.0,370.0,395.0,370.0,0.134,,0.32,False,0.9689922480620154,True,True
2024-12-26_49S2,2024-12-26,S,BULL,12,395.0,-205.0,395.0,-80.0,0.159,15.2,0.75,False,0.3125,False,True
2024-12-27_27S2,2024-12-27,S,NEUTRAL,13,-205.0,-205.0,-205.0,-205.0,0.253,,0.8333333333333334,True,0.5750798722044729,False,True
2024-12-27_52S2,2024-12-27,S,BULL,12,-205.0,-205.0,-205.0,-205.0,0.343,22.5,0.2777777777777778,False,0.7086614173228347,False,True
2024-12-30_11S2,2024-12-30,S,BEAR,09,-205.0,-205.0,-492.5,-492.5,0.589,,0.902439024390244,True,0.9111111111111112,True,False
2024-12-30_20L2,2024-12-30,L,NEUTRAL,10,395.0,507.5,395.0,507.5,0.391,,0.6785714285714286,False,0.6278026905829596,True,True
2024-12-30_52L2,2024-12-30,L,NEUTRAL,12,-205.0,-205.0,-330.0,-330.0,0.013,27.6,0.7142857142857143,True,0.7349081364829396,True,True
2024-12-30_67S2,2024-12-30,S,BEAR,14,-205.0,-205.0,-205.0,-205.0,0.111,15.0,0.5555555555555556,False,0.72,False,True
2024-12-31_13S2,2024-12-31,S,NEUTRAL,09,-205.0,-205.0,395.0,1432.5,0.05,,0.7407407407407407,True,1.2244897959183674,True,True
2024-12-31_30S2,2024-12-31,S,BEAR,10,395.0,-205.0,395.0,345.0,0.333,31.1,0.8387096774193549,True,1.1151079136690647,True,True
2024-12-31_35S2,2024-12-31,S,BEAR,11,-205.0,-205.0,-267.5,-267.5,0.173,31.4,0.2608695652173913,False,0.8363636363636363,True,True
2024-12-31_61S2,2024-12-31,S,NEUTRAL,13,-205.0,-205.0,-342.5,-342.5,0.259,18.3,0.896551724137931,True,0.9090909090909092,True,True
2024-12-31_79L2,2024-12-31,L,NEUTRAL,15,-205.0,32.5,-692.5,32.5,0.138,12.3,0.8070175438596491,True,1.1801242236024845,True,True
2025-01-02_16L2,2025-01-02,L,BEAR,09,395.0,-205.0,395.0,-655.0,0.425,,0.5555555555555556,False,1.0207939508506616,False,True
2025-01-03_17S2,2025-01-03,S,BEAR,09,-205.0,-205.0,-367.5,-367.5,0.136,,0.5161290322580645,False,0.6313645621181263,False,True
2025-01-03_43S2,2025-01-03,S,BEAR,12,-205.0,-205.0,-155.0,-155.0,0.104,8.5,0.2142857142857143,False,0.7216494845360826,False,True
2025-01-03_56L2,2025-01-03,L,BEAR,13,395.0,-205.0,395.0,-267.5,0.38,14.2,0.9130434782608696,True,1.2432432432432432,True,True
2025-01-03_73S2,2025-01-03,S,NEUTRAL,14,-205.0,-205.0,-142.5,-142.5,0.424,18.4,0.1538461538461538,False,0.9219858156028368,True,True
2025-01-06_29L2,2025-01-06,L,BULL,10,-205.0,-205.0,-142.5,-142.5,0.455,69.6,0.7692307692307693,False,0.8176100628930817,True,True
2025-01-06_61S2,2025-01-06,S,BEAR,13,395.0,-205.0,395.0,-205.0,0.352,62.6,0.9444444444444444,True,0.6642066420664207,True,True
2025-01-06_74S2,2025-01-06,S,BEAR,14,-205.0,-205.0,-242.5,-242.5,0.248,55.2,0.7619047619047619,False,0.8366533864541832,True,True
2025-01-07_17L2,2025-01-07,L,BEAR,09,395.0,-205.0,395.0,-492.5,0.318,,0.6341463414634146,False,0.721830985915493,False,True
2025-01-07_58S2,2025-01-07,S,NEUTRAL,13,395.0,1032.5,395.0,1032.5,0.619,17.9,0.9,True,0.9433962264150944,True,True
2025-01-08_9L2,2025-01-08,L,NEUTRAL,09,-205.0,-205.0,-280.0,-280.0,,,0.4583333333333333,False,0.4776119402985074,True,False
2025-01-08_47S2,2025-01-08,S,NEUTRAL,12,-205.0,-205.0,-267.5,-267.5,0.671,17.7,0.3043478260869565,False,0.6948640483383686,False,True
2025-01-10_16L2,2025-01-10,L,BEAR,09,-205.0,-205.0,-367.5,-367.5,0.023,,0.2903225806451613,False,0.6090373280943026,False,True
2025-01-10_66L2,2025-01-10,L,BEAR,13,-205.0,-205.0,-392.5,-392.5,0.053,16.1,0.9393939393939394,True,1.0030395136778116,False,True
2025-01-13_9S2,2025-01-13,S,BULL,09,395.0,-205.0,395.0,-617.5,,,0.9215686274509804,True,1.111716621253406,False,False
2025-01-13_57L2,2025-01-13,L,BULL,13,-205.0,-205.0,-255.0,-255.0,0.066,29.2,0.3181818181818182,True,0.8058608058608059,True,True
2025-01-13_68L2,2025-01-13,L,NEUTRAL,14,-205.0,-205.0,-280.0,-280.0,0.285,25.5,0.4166666666666667,False,0.8108108108108107,True,True
2025-01-14_17S2,2025-01-14,S,NEUTRAL,09,395.0,-205.0,395.0,-480.0,0.033,,0.95,True,0.9456264775413712,True,True
2025-01-14_25S2,2025-01-14,S,BEAR,10,-205.0,-205.0,395.0,-555.0,0.456,,1.0,True,1.031390134529148,True,True
2025-01-14_37S2,2025-01-14,S,NEUTRAL,11,-205.0,-205.0,-280.0,-280.0,0.256,40.6,0.5,False,0.8219178082191781,True,True
2025-01-14_58L2,2025-01-14,L,BULL,13,-205.0,-205.0,-230.0,-230.0,0.667,30.1,0.75,False,0.9345794392523366,True,True
2025-01-14_74S2,2025-01-14,S,NEUTRAL,14,-205.0,-205.0,-455.0,-455.0,0.529,31.2,0.8157894736842105,True,0.9571788413098236,True,True
2025-01-15_35S2,2025-01-15,S,BEAR,11,-205.0,-205.0,-367.5,-367.5,0.301,16.7,0.9032258064516128,True,1.1071428571428572,True,True
2025-01-15_64S2,2025-01-15,S,NEUTRAL,13,-205.0,-205.0,-305.0,-305.0,0.341,28.5,0.8846153846153846,True,1.6455696202531644,False,True
2025-01-16_10S2,2025-01-16,S,NEUTRAL,09,-205.0,-205.0,-642.5,-642.5,,,0.9433962264150944,True,1.2997275204359673,True,False
2025-01-16_65S2,2025-01-16,S,BULL,14,395.0,1357.5,395.0,1357.5,0.396,20.0,0.2307692307692307,False,0.6770833333333334,False,True
2025-01-17_13L2,2025-01-17,L,BULL,09,395.0,157.5,395.0,157.5,0.28,,0.975,True,1.13314447592068,True,True
2025-01-17_32L2,2025-01-17,L,BULL,11,395.0,-205.0,395.0,-230.0,0.033,15.4,0.55,False,1.0256410256410255,True,True
2025-01-17_69L2,2025-01-17,L,NEUTRAL,14,-205.0,-205.0,-292.5,-292.5,0.391,32.3,0.96,True,1.524390243902439,False,True
2025-01-21_15L2,2025-01-21,L,NEUTRAL,09,-205.0,-205.0,-267.5,-267.5,0.109,,0.8695652173913043,True,0.5542168674698795,True,True
2025-01-21_50L2,2025-01-21,L,BULL,12,-205.0,-205.0,-92.5,-92.5,0.622,22.7,0.3333333333333333,False,0.7692307692307693,True,True
2025-01-22_11S2,2025-01-22,S,BULL,09,-205.0,-205.0,-155.0,-155.0,0.5,,0.2142857142857143,False,0.7608695652173914,False,False
2025-01-22_38S2,2025-01-22,S,NEUTRAL,11,395.0,707.5,395.0,707.5,0.158,28.5,0.875,False,0.7547169811320755,False,True
2025-01-22_59L2,2025-01-22,L,NEUTRAL,13,-205.0,-205.0,-42.5,-42.5,0.04,16.3,0.6,False,0.4716981132075472,False,True
2025-01-23_37S2,2025-01-23,S,NEUTRAL,11,-205.0,-205.0,-55.0,-55.0,0.321,16.3,0.3333333333333333,False,0.4545454545454546,True,True
2025-01-24_22S2,2025-01-24,S,NEUTRAL,10,-205.0,-205.0,-117.5,-117.5,0.114,,0.6363636363636364,True,0.7236842105263158,True,True
2025-01-24_50S2,2025-01-24,S,BEAR,12,395.0,382.5,395.0,382.5,0.581,26.8,0.9545454545454546,True,1.3580246913580247,True,True
2025-01-24_66S2,2025-01-24,S,BEAR,14,395.0,-205.0,395.0,-142.5,0.156,39.1,0.2307692307692307,False,0.9027777777777778,True,True
2025-01-27_22L2,2025-01-27,L,BULL,10,-205.0,-205.0,-255.0,-255.0,0.298,,0.5909090909090909,True,0.6179775280898876,False,True
2025-01-27_57L2,2025-01-27,L,NEUTRAL,13,395.0,-205.0,395.0,-205.0,0.21,11.9,0.1666666666666666,False,0.625,True,True
2025-01-27_69L2,2025-01-27,L,NEUTRAL,14,-205.0,-205.0,395.0,1257.5,0.23,15.4,0.8780487804878049,True,1.2058823529411764,True,True
2025-01-28_16L2,2025-01-28,L,NEUTRAL,09,395.0,-205.0,395.0,-217.5,0.655,,0.631578947368421,False,0.547550432276657,True,True
2025-01-28_27S2,2025-01-28,S,BEAR,10,-205.0,-205.0,-430.0,-430.0,0.243,,0.0277777777777777,False,1.3043478260869563,True,True
2025-01-28_41L2,2025-01-28,L,NEUTRAL,12,395.0,232.5,-167.5,-167.5,0.636,16.0,0.7333333333333333,False,0.8982035928143713,True,True
2025-01-28_58L2,2025-01-28,L,NEUTRAL,13,395.0,307.5,395.0,307.5,0.227,14.9,0.6363636363636364,False,0.6875,False,True
2025-01-29_14L2,2025-01-29,L,BEAR,09,-205.0,-205.0,-217.5,-217.5,0.135,,0.7368421052631579,True,0.6397306397306397,True,True
2025-01-29_50S2,2025-01-29,S,BULL,12,395.0,-205.0,395.0,-292.5,0.165,39.9,0.84,True,0.663129973474801,True,True
2025-01-29_71L2,2025-01-29,L,BEAR,14,395.0,-205.0,395.0,-692.5,0.371,25.0,0.6666666666666666,False,0.9004739336492892,True,True
2025-01-29_78L2,2025-01-29,L,NEUTRAL,14,-205.0,-205.0,-755.0,-755.0,0.006,19.2,0.6935483870967742,False,1.3219616204690832,True,True
2025-01-30_11L2,2025-01-30,L,NEUTRAL,09,-205.0,-205.0,-255.0,-255.0,0.035,,0.3636363636363636,False,0.5314009661835749,False,False
2025-01-31_31L2,2025-01-31,L,NEUTRAL,11,-205.0,-205.0,-92.5,-92.5,0.849,21.1,0.7777777777777778,False,0.6164383561643836,False,True
2025-01-31_44L2,2025-01-31,L,BEAR,12,-205.0,-205.0,-155.0,-155.0,0.2,14.7,0.9285714285714286,True,0.853658536585366,True,True
2025-02-03_19L2,2025-02-03,L,NEUTRAL,10,-205.0,-205.0,-567.5,-567.5,0.673,,0.5957446808510638,True,0.6456043956043956,True,True
2025-02-03_28L2,2025-02-03,L,BULL,10,-205.0,-205.0,-517.5,-517.5,0.048,,0.8372093023255814,False,0.8775510204081632,True,True
2025-02-03_37S2,2025-02-03,S,NEUTRAL,11,395.0,-205.0,395.0,-655.0,0.314,18.4,0.9444444444444444,True,1.2676056338028168,True,True
2025-02-03_55S2,2025-02-03,S,NEUTRAL,13,-205.0,-205.0,-155.0,-155.0,0.486,15.3,0.5714285714285714,False,0.438871473354232,False,True
2025-02-04_16S2,2025-02-04,S,BULL,09,395.0,-205.0,395.0,-167.5,0.551,,0.7333333333333334,True,0.5119453924914675,False,True
2025-02-04_76S2,2025-02-04,S,NEUTRAL,14,-205.0,-205.0,-180.0,-180.0,0.022,14.5,0.75,True,0.8040201005025126,True,True
2025-02-05_16S2,2025-02-05,S,BEAR,09,-205.0,-205.0,-180.0,-180.0,0.086,,0.5625,True,0.4312668463611859,False,True
2025-02-05_40L2,2025-02-05,L,NEUTRAL,11,395.0,920.0,-105.0,-105.0,0.102,21.9,0.9,True,0.7042253521126761,True,True
2025-02-05_55L2,2025-02-05,L,NEUTRAL,13,395.0,707.5,395.0,707.5,0.263,16.0,0.7333333333333333,True,1.020408163265306,True,True
2025-02-05_67L2,2025-02-05,L,BEAR,14,395.0,657.5,395.0,-92.5,0.17,15.7,0.8888888888888888,True,0.8737864077669902,True,True
2025-02-06_13L2,2025-02-06,L,BEAR,09,-205.0,-205.0,-155.0,-155.0,0.273,,0.3571428571428571,False,0.7216494845360826,False,True
2025-02-06_74S2,2025-02-06,S,BEAR,14,-205.0,-205.0,-130.0,-130.0,0.522,25.6,0.6666666666666667,False,0.718562874251497,False,True
2025-02-07_14L2,2025-02-07,L,NEUTRAL,09,-205.0,-205.0,-292.5,-292.5,0.45,,0.84,True,0.5186721991701244,False,True
2025-02-07_73L2,2025-02-07,L,NEUTRAL,14,-205.0,220.0,-130.0,220.0,0.135,37.0,0.0833333333333333,False,0.5911330049261083,False,True
2025-02-10_12L2,2025-02-10,L,BULL,09,-205.0,-205.0,-292.5,-292.5,0.691,,0.64,True,1.0638297872340423,True,True
2025-02-10_16L2,2025-02-10,L,BULL,09,-205.0,-205.0,-205.0,-205.0,0.814,,0.6666666666666666,True,0.9278350515463918,True,True
2025-02-10_31S2,2025-02-10,S,BEAR,11,-205.0,-205.0,-92.5,-92.5,0.325,17.5,0.3333333333333333,False,0.576923076923077,True,True
2025-02-10_52L2,2025-02-10,L,NEUTRAL,12,-205.0,-205.0,-80.0,-80.0,0.35,16.7,0.625,False,0.7547169811320755,True,True
2025-02-10_65L2,2025-02-10,L,BULL,13,-205.0,-205.0,-105.0,-105.0,0.067,15.0,0.5,False,0.8620689655172414,True,True
2025-02-11_12L2,2025-02-11,L,BULL,11,-205.0,-205.0,-280.0,-280.0,0.444,,0.6666666666666666,True,1.2,True,True
2025-02-11_26L2,2025-02-11,L,BULL,10,-205.0,-205.0,-142.5,-142.5,0.031,,0.6153846153846154,True,0.896551724137931,True,True
2025-02-11_56L2,2025-02-11,L,BULL,13,395.0,245.0,-142.5,-142.5,0.281,23.6,0.9230769230769232,True,0.8227848101265822,True,True
2025-02-11_67L2,2025-02-11,L,BULL,14,-205.0,-205.0,-117.5,-117.5,0.672,30.8,0.1818181818181818,False,0.8396946564885497,True,True
2025-02-12_19S2,2025-02-12,S,BULL,10,-205.0,-205.0,-130.0,-130.0,0.388,,0.4166666666666666,False,0.3174603174603175,False,True
2025-02-12_71L2,2025-02-12,L,BEAR,14,-205.0,-205.0,-80.0,-80.0,0.255,19.4,0.5,False,0.5633802816901409,True,True
2025-02-13_26L2,2025-02-13,L,BULL,10,-205.0,-205.0,-217.5,-217.5,0.311,,0.9473684210526316,True,1.1445783132530118,True,True
2025-02-14_8L2,2025-02-14,L,BULL,09,-205.0,-205.0,-292.5,-292.5,,,0.92,True,1.5086206896551724,True,False
2025-02-14_14L2,2025-02-14,L,BULL,09,-205.0,-205.0,-92.5,-92.5,0.212,,0.7777777777777778,False,0.5660377358490566,False,True
2025-02-14_28S2,2025-02-14,S,NEUTRAL,10,395.0,-205.0,-67.5,-67.5,0.364,,0.5714285714285714,False,0.4166666666666666,True,True
2025-02-14_36S2,2025-02-14,S,NEUTRAL,11,-205.0,-205.0,-155.0,-155.0,0.342,20.4,0.7857142857142857,True,0.9271523178807948,True,True
2025-02-14_62L2,2025-02-14,L,BULL,13,-205.0,-205.0,-130.0,-130.0,0.45,14.8,0.75,False,1.25,False,True
2025-02-14_78S2,2025-02-14,S,NEUTRAL,14,-205.0,-80.0,-330.0,-80.0,0.149,14.9,0.2142857142857143,False,1.891891891891892,True,True
2025-02-18_14L2,2025-02-18,L,BEAR,09,395.0,-205.0,395.0,-242.5,0.087,,0.5714285714285714,True,0.8536585365853658,False,True
2025-02-18_33S2,2025-02-18,S,BEAR,11,-205.0,-205.0,-217.5,-217.5,0.102,22.0,0.6842105263157895,True,1.1046511627906976,True,True
2025-02-18_56S2,2025-02-18,S,BEAR,13,-205.0,-205.0,-80.0,-80.0,0.634,21.3,0.875,False,0.6779661016949152,True,True
2025-02-18_61S2,2025-02-18,S,BEAR,13,-205.0,-205.0,-167.5,-167.5,0.016,24.9,0.8666666666666667,True,0.7281553398058251,True,True
2025-02-19_27L2,2025-02-19,L,BULL,11,-205.0,-205.0,-92.5,-92.5,0.591,,0.4444444444444444,False,0.6206896551724138,True,True
2025-02-19_57L2,2025-02-19,L,NEUTRAL,13,395.0,132.5,395.0,132.5,0.595,15.5,0.6363636363636364,True,1.0476190476190477,True,True
2025-02-19_65L2,2025-02-19,L,BULL,14,-205.0,-205.0,-80.0,-80.0,0.89,26.4,1.0,False,0.5333333333333333,True,True
2025-02-19_79S2,2025-02-19,S,BULL,15,-205.0,257.5,-280.0,257.5,0.182,17.6,0.25,False,1.25,True,True
2025-02-20_14S2,2025-02-20,S,BULL,09,395.0,-205.0,395.0,-242.5,0.391,,0.7142857142857143,False,0.5555555555555556,True,True
2025-02-21_21S2,2025-02-21,S,BEAR,10,-205.0,-205.0,-230.0,-230.0,0.027,,0.65,False,0.6309148264984227,True,True
2025-02-21_54S2,2025-02-21,S,BEAR,12,-205.0,-205.0,-192.5,-192.5,0.362,55.5,0.0,False,0.5821917808219178,True,True
2025-02-21_69S2,2025-02-21,S,BEAR,14,-205.0,-205.0,-180.0,-180.0,0.25,46.2,0.75,True,0.547945205479452,True,True
2025-02-24_17L2,2025-02-24,L,BEAR,09,-205.0,-205.0,-367.5,-367.5,0.017,,0.935483870967742,True,0.6512605042016807,False,True
2025-02-24_71S2,2025-02-24,S,NEUTRAL,14,-205.0,-205.0,395.0,807.5,0.707,19.7,0.5172413793103448,False,1.3425925925925926,True,True
2025-02-25_22S2,2025-02-25,S,BEAR,10,395.0,-205.0,395.0,-342.5,0.181,,0.5517241379310345,False,0.6430155210643015,True,True
2025-02-25_34S2,2025-02-25,S,NEUTRAL,11,-205.0,-205.0,-267.5,-267.5,0.532,36.6,0.8695652173913043,False,0.5764411027568922,False,True
2025-02-25_64S2,2025-02-25,S,NEUTRAL,13,-205.0,-205.0,-305.0,-305.0,0.111,15.9,0.3846153846153846,False,0.8201892744479495,False,True
2025-02-26_17L2,2025-02-26,L,BULL,09,-205.0,-205.0,-205.0,-205.0,0.291,,0.6666666666666666,True,0.5187319884726225,True,True
2025-02-26_29L2,2025-02-26,L,BULL,10,-205.0,-205.0,-167.5,-167.5,0.054,48.2,0.5333333333333333,False,0.6,True,True
2025-02-26_35S2,2025-02-26,S,BULL,11,-205.0,-205.0,395.0,1695.0,0.035,32.3,0.5961538461538461,True,1.52046783625731,True,True
2025-02-26_73S2,2025-02-26,S,BULL,14,-205.0,-205.0,-192.5,-192.5,0.133,30.8,0.9411764705882352,True,0.5902777777777778,True,True
2025-02-27_17S2,2025-02-27,S,NEUTRAL,09,-205.0,-205.0,395.0,-530.0,0.285,,0.3863636363636363,False,0.713128038897893,True,True
2025-02-28_46L2,2025-02-28,L,BEAR,12,-205.0,-205.0,-255.0,-255.0,0.611,29.9,0.9545454545454546,True,0.5057471264367817,False,True
2025-03-03_15L2,2025-03-03,L,BULL,09,395.0,-205.0,395.0,-692.5,0.187,,0.7368421052631579,False,0.9710391822827938,False,True
2025-03-03_24S2,2025-03-03,S,BULL,10,395.0,-205.0,395.0,4407.5,0.137,,0.1333333333333333,False,0.8272058823529412,True,True
2025-03-03_36S2,2025-03-03,S,BULL,11,-205.0,-205.0,-205.0,-205.0,0.627,18.9,0.6111111111111112,True,0.5487804878048781,False,True
2025-03-03_57S2,2025-03-03,S,BEAR,13,395.0,-205.0,395.0,-342.5,0.135,27.4,0.4137931034482759,False,0.5576923076923077,True,True
2025-03-04_17S2,2025-03-04,S,BEAR,09,-205.0,-205.0,395.0,-1005.0,0.206,,0.4146341463414634,True,1.1832611832611832,True,True
2025-03-05_16S2,2025-03-05,S,NEUTRAL,09,395.0,-205.0,395.0,-680.0,0.094,,0.5178571428571428,True,0.7577807848443843,True,True
2025-03-05_25S2,2025-03-05,S,BEAR,10,-205.0,-205.0,395.0,-580.0,0.587,,0.1666666666666666,False,0.9073724007561436,True,True
2025-03-05_58S2,2025-03-05,S,BULL,13,-205.0,-205.0,395.0,-392.5,0.424,21.0,0.3939393939393939,False,0.6346153846153846,False,True
2025-03-06_36S2,2025-03-06,S,NEUTRAL,11,395.0,-205.0,395.0,-580.0,0.68,25.1,0.9791666666666666,True,0.9142857142857144,True,True
2025-03-06_40S2,2025-03-06,S,BEAR,11,-205.0,-205.0,-692.5,-692.5,0.473,27.2,0.6491228070175439,False,1.1585365853658536,True,True
2025-03-06_58S2,2025-03-06,S,NEUTRAL,13,395.0,-205.0,395.0,-430.0,0.33,19.1,0.8888888888888888,False,0.7758620689655172,True,True
2025-03-06_73L2,2025-03-06,L,NEUTRAL,14,395.0,-205.0,395.0,395.0,0.114,13.1,0.8955223880597015,True,0.92797783933518,True,True
2025-03-07_9S2,2025-03-07,S,NEUTRAL,09,395.0,-205.0,395.0,-442.5,,,0.5135135135135135,True,0.4900662251655629,False,False
2025-03-07_21S2,2025-03-07,S,BEAR,10,-205.0,-205.0,395.0,-605.0,0.328,,0.56,False,0.6756756756756757,True,True
2025-03-07_68L2,2025-03-07,L,BULL,14,395.0,-205.0,395.0,-367.5,0.081,20.5,0.5483870967741935,False,0.690423162583519,True,True
2025-03-10_10L2,2025-03-10,L,NEUTRAL,09,-205.0,-205.0,-592.5,-592.5,,,0.673469387755102,True,0.7577319587628866,False,False
2025-03-10_46L2,2025-03-10,L,BEAR,12,395.0,-205.0,395.0,-480.0,0.257,24.3,0.925,True,0.9153318077803204,False,True
2025-03-11_16L2,2025-03-11,L,BEAR,09,-205.0,-205.0,395.0,-930.0,0.408,,0.6578947368421053,True,0.8137044967880085,False,True
2025-03-11_39S2,2025-03-11,S,NEUTRAL,11,-205.0,-205.0,395.0,-817.5,0.549,21.2,0.8507462686567164,True,1.2430426716141003,True,True
2025-03-11_71L2,2025-03-11,L,BULL,14,-205.0,-205.0,-605.0,-605.0,0.1,31.9,0.52,False,0.7496251874062968,True,True
2025-03-12_11L2,2025-03-12,L,BEAR,09,-205.0,-205.0,-580.0,-580.0,0.69,,0.8333333333333334,False,0.6694560669456067,False,False
2025-03-12_45L2,2025-03-12,L,NEUTRAL,12,395.0,-205.0,395.0,-692.5,0.009,18.5,0.9649122807017544,True,1.130952380952381,True,True
2025-03-12_57L2,2025-03-12,L,NEUTRAL,13,395.0,-205.0,395.0,-192.5,0.29,17.9,0.5483870967741935,False,0.7276995305164319,False,True
2025-03-12_73L2,2025-03-12,L,NEUTRAL,14,-205.0,-205.0,-342.5,-342.5,0.479,13.2,0.3103448275862069,True,0.7055961070559611,False,True
2025-03-13_14S2,2025-03-13,S,NEUTRAL,09,395.0,1982.5,395.0,1982.5,0.044,,0.8070175438596492,False,0.986159169550173,True,True
2025-03-13_36S2,2025-03-13,S,BEAR,11,-205.0,-205.0,-392.5,-392.5,0.062,21.6,0.8787878787878788,True,0.6191369606003753,True,True
2025-03-13_51L2,2025-03-13,L,BEAR,12,-205.0,-205.0,-267.5,-267.5,0.467,24.4,0.217391304347826,False,0.572139303482587,False,True
2025-03-13_78L2,2025-03-13,L,BEAR,14,395.0,982.5,395.0,982.5,0.162,22.7,0.7380952380952381,False,0.9813084112149534,False,True
2025-03-14_11S2,2025-03-14,S,NEUTRAL,09,-205.0,-205.0,-317.5,-317.5,0.136,,0.2962962962962963,False,0.4787234042553192,True,False
2025-03-14_71S2,2025-03-14,S,BULL,14,395.0,-205.0,395.0,-280.0,0.238,14.6,0.75,True,0.8664259927797834,False,True
2025-03-17_7S2,2025-03-17,S,BULL,09,395.0,-205.0,395.0,-455.0,,,0.736842105263158,True,0.6589595375722543,False,False
2025-03-17_32L2,2025-03-17,L,NEUTRAL,11,395.0,-205.0,395.0,1282.5,0.033,13.9,0.925,True,1.098901098901099,True,True
2025-03-17_73L2,2025-03-17,L,BULL,14,-205.0,-205.0,-305.0,-305.0,0.15,38.6,0.8846153846153846,True,1.2745098039215688,True,True
2025-03-18_15S2,2025-03-18,S,NEUTRAL,09,-205.0,-205.0,395.0,-367.5,0.045,,0.0645161290322581,False,0.878186968838527,True,True
2025-03-18_25S2,2025-03-18,S,BEAR,10,-205.0,-205.0,-355.0,-355.0,0.319,,0.9,False,0.8086253369272237,True,True
2025-03-18_46S2,2025-03-18,S,NEUTRAL,12,395.0,-205.0,395.0,-592.5,0.327,21.3,0.1224489795918367,False,1.3101604278074868,True,True
2025-03-18_54S2,2025-03-18,S,NEUTRAL,13,395.0,-205.0,395.0,-155.0,0.126,15.3,0.8571428571428572,True,0.3645833333333333,False,True
2025-03-19_19L2,2025-03-19,L,NEUTRAL,10,395.0,-205.0,395.0,-230.0,0.396,,0.45,False,0.8032128514056225,False,True
2025-03-19_35L2,2025-03-19,L,BULL,11,-205.0,-205.0,-155.0,-155.0,0.2,20.4,0.5714285714285714,False,0.6334841628959276,True,True
2025-03-19_80L2,2025-03-19,L,BULL,15,-205.0,-55.0,-280.0,-55.0,0.271,24.2,0.8333333333333334,True,0.4554079696394686,True,True
2025-03-20_17S2,2025-03-20,S,BULL,09,395.0,2232.5,395.0,2232.5,0.455,,0.631578947368421,False,0.4428904428904429,False,True
2025-03-20_59S2,2025-03-20,S,NEUTRAL,13,395.0,-205.0,395.0,-167.5,0.17,22.6,1.0,True,0.5319148936170213,True,True
2025-03-20_69S2,2025-03-20,S,BEAR,14,-205.0,-205.0,-317.5,-317.5,0.038,17.3,0.8888888888888888,True,0.7161803713527851,True,True
2025-03-21_6L2,2025-03-21,L,BULL,08,-205.0,-205.0,-755.0,-755.0,,,0.6612903225806451,False,1.099290780141844,True,False
2025-03-21_15S2,2025-03-21,S,BEAR,09,-205.0,-205.0,-467.5,-467.5,0.041,,0.9743589743589745,True,0.9048723897911832,True,True
2025-03-21_47L2,2025-03-21,L,BULL,12,-205.0,-205.0,-280.0,-280.0,0.056,17.9,0.0833333333333333,False,0.7792207792207793,True,True
2025-03-21_61L2,2025-03-21,L,BEAR,13,395.0,-205.0,395.0,-192.5,0.147,11.7,0.1764705882352941,False,0.6513409961685823,False,True
2025-03-24_18S2,2025-03-24,S,BULL,09,-205.0,-205.0,-80.0,-80.0,0.584,,0.375,False,0.396039603960396,False,True
2025-03-24_54S2,2025-03-24,S,NEUTRAL,12,395.0,-205.0,395.0,-205.0,0.245,16.9,0.7222222222222222,True,1.0404624277456649,True,True
2025-03-24_59S2,2025-03-24,S,BEAR,13,-205.0,-205.0,-205.0,-205.0,0.468,20.3,0.5555555555555556,False,0.972972972972973,True,True
2025-03-25_9L2,2025-03-25,L,BEAR,09,395.0,-205.0,395.0,-342.5,,,0.7586206896551724,True,0.9392712550607288,True,False
2025-03-25_31L2,2025-03-25,L,BEAR,11,-205.0,-205.0,-192.5,-192.5,0.739,21.4,0.5294117647058824,False,1.118421052631579,False,True
2025-03-26_10S2,2025-03-26,S,NEUTRAL,09,395.0,2482.5,395.0,2482.5,,,0.1999999999999999,False,0.6676557863501484,True,False
2025-03-26_21S2,2025-03-26,S,BEAR,10,395.0,2470.0,395.0,2470.0,0.228,,0.2727272727272727,False,0.5045871559633027,True,True
2025-03-26_28S2,2025-03-26,S,BEAR,10,395.0,1695.0,395.0,1695.0,0.611,,0.875,True,1.4883720930232558,True,True
2025-03-26_39S2,2025-03-26,S,BEAR,11,395.0,957.5,395.0,957.5,0.286,57.3,0.9615384615384616,True,0.9059233449477352,True,True
2025-03-26_54S2,2025-03-26,S,BEAR,13,-205.0,-205.0,-155.0,-155.0,0.614,52.0,0.7857142857142857,False,0.532319391634981,True,True
2025-03-26_72S2,2025-03-26,S,BEAR,14,-205.0,-205.0,-417.5,-417.5,0.339,30.3,0.9714285714285714,True,1.351351351351351,True,True
2025-03-27_39L2,2025-03-27,L,BEAR,11,-205.0,-205.0,-267.5,-267.5,0.071,16.7,0.4782608695652174,False,0.7876712328767124,False,True
2025-03-28_18S2,2025-03-28,S,NEUTRAL,09,395.0,-205.0,395.0,-405.0,0.673,,0.3529411764705882,False,0.753880266075388,True,True
2025-03-28_53S2,2025-03-28,S,BEAR,12,-205.0,-205.0,-330.0,-330.0,0.287,49.7,0.8571428571428572,True,1.181434599156118,True,True
2025-03-31_15S2,2025-03-31,S,BULL,09,-205.0,-205.0,-592.5,-592.5,0.22,,0.4489795918367347,True,0.8812949640287769,False,True
2025-03-31_68L2,2025-03-31,L,BULL,14,395.0,282.5,395.0,282.5,0.183,27.8,0.9787234042553192,True,1.273712737127371,True,True
2025-03-31_74L2,2025-03-31,L,BULL,14,-205.0,-205.0,395.0,-417.5,0.233,27.4,0.972972972972973,True,1.5948275862068966,True,True
2025-03-31_78L2,2025-03-31,L,BULL,14,-205.0,-205.0,-1042.5,-1042.5,0.22,27.9,0.7176470588235294,True,1.5917602996254685,True,True
2025-04-01_12L2,2025-04-01,L,NEUTRAL,09,-205.0,-205.0,395.0,2845.0,0.283,,0.875,True,1.2543554006968642,False,True
2025-04-01_27L2,2025-04-01,L,NEUTRAL,10,395.0,-205.0,395.0,-367.5,0.459,,0.8064516129032258,False,0.7788944723618091,True,True
2025-04-01_46S2,2025-04-01,S,NEUTRAL,12,395.0,-205.0,395.0,-380.0,0.187,15.8,0.03125,False,0.8268733850129198,True,True
2025-04-01_64S2,2025-04-01,S,BEAR,13,-205.0,-205.0,-317.5,-317.5,0.488,29.1,0.037037037037037,False,0.7780979827089336,True,True
2025-04-02_9S2,2025-04-02,S,BULL,09,-205.0,-205.0,-892.5,-892.5,,,0.8356164383561644,True,1.184584178498986,False,False
2025-04-03_53S2,2025-04-03,S,BEAR,12,395.0,2720.0,395.0,2720.0,0.238,12.8,0.8292682926829268,True,1.0353535353535352,True,True
2025-04-03_75L2,2025-04-03,L,BEAR,14,395.0,-205.0,395.0,-380.0,0.487,22.8,0.8125,True,0.7126948775055679,False,True
2025-04-04_32L2,2025-04-04,L,NEUTRAL,11,395.0,-205.0,395.0,-867.5,0.299,27.3,0.2676056338028169,True,0.6195462478184992,False,True
2025-04-04_75S2,2025-04-04,S,BULL,14,-205.0,-205.0,395.0,3045.0,0.292,21.1,0.6513761467889908,True,1.087824351297405,False,True
2025-04-07_15L2,2025-04-07,L,BEAR,09,-205.0,-205.0,395.0,-3180.0,0.149,,0.046875,False,0.7062068965517241,True,True
2025-04-08_32L2,2025-04-08,L,NEUTRAL,11,-205.0,-205.0,-592.5,-592.5,0.043,26.8,0.6326530612244898,False,0.5875299760191847,False,True
2025-04-09_11S2,2025-04-09,S,BULL,09,-205.0,-205.0,-955.0,-955.0,0.202,,0.2051282051282051,False,0.53025152957172,True,False
2025-04-09_26S2,2025-04-09,S,BEAR,10,-205.0,-205.0,395.0,-1367.5,0.064,,0.8558558558558559,True,1.106679960119641,True,True
2025-04-09_54L2,2025-04-09,L,BULL,12,-205.0,-205.0,395.0,5470.0,0.743,53.0,0.7908496732026143,True,0.4443799012489108,True,True
2025-04-09_77L2,2025-04-09,L,NEUTRAL,14,395.0,-205.0,395.0,-167.5,0.874,46.8,0.945945945945946,True,0.9919571045576407,True,True
2025-04-10_12L2,2025-04-10,L,BEAR,09,-205.0,-205.0,395.0,-1617.5,0.236,,0.8931297709923665,True,1.1759425493716338,False,True
2025-04-10_64S2,2025-04-10,S,BULL,13,395.0,-205.0,395.0,70.0,0.1,26.0,0.1023622047244094,False,0.9243085880640466,False,True
2025-04-11_17S2,2025-04-11,S,BEAR,09,395.0,-205.0,395.0,-780.0,0.048,,0.53125,False,0.5177993527508091,False,True
2025-04-11_63L2,2025-04-11,L,BULL,13,-205.0,-205.0,-830.0,-830.0,0.375,29.5,0.5441176470588235,True,0.9912536443148688,True,True
2025-04-14_7L2,2025-04-14,L,NEUTRAL,09,395.0,-205.0,395.0,-755.0,,,0.1612903225806451,False,0.7670103092783506,False,False
2025-04-14_33S2,2025-04-14,S,BEAR,11,-205.0,-205.0,395.0,-642.5,0.46,34.3,0.7924528301886793,True,0.7957957957957958,True,True
2025-04-14_43L2,2025-04-14,L,NEUTRAL,12,-205.0,-205.0,395.0,732.5,0.126,28.7,0.1111111111111111,False,1.0650887573964498,False,True
2025-04-14_47L2,2025-04-14,L,NEUTRAL,12,395.0,-205.0,395.0,520.0,0.173,22.8,0.9523809523809524,True,0.9618320610687024,True,True
2025-04-15_9S2,2025-04-15,S,BULL,09,-205.0,-205.0,-442.5,-442.5,,,0.6756756756756757,False,0.6742596810933941,False,False
2025-04-15_16S2,2025-04-15,S,NEUTRAL,09,-205.0,-205.0,-1192.5,-1192.5,0.101,,0.0824742268041237,False,1.3287671232876712,True,True
2025-04-15_52S2,2025-04-15,S,BEAR,12,395.0,-205.0,395.0,-280.0,0.012,24.5,0.7083333333333333,False,0.594059405940594,True,True
2025-04-15_67S2,2025-04-15,S,NEUTRAL,14,-205.0,-205.0,-267.5,-267.5,0.349,23.6,0.6521739130434783,False,0.6744868035190615,True,True
2025-04-16_17S2,2025-04-16,S,BULL,09,-205.0,-205.0,-355.0,-355.0,0.307,,0.9333333333333332,True,0.7407407407407407,False,True
2025-04-16_61S2,2025-04-16,S,BULL,13,395.0,-205.0,395.0,-405.0,0.215,44.3,0.8048780487804879,True,0.6518282988871225,True,True
2025-04-17_15L2,2025-04-17,L,NEUTRAL,09,395.0,1457.5,395.0,1457.5,0.528,,0.4166666666666667,False,0.8421052631578947,False,True
2025-04-17_75S2,2025-04-17,S,NEUTRAL,14,-205.0,-205.0,-367.5,-367.5,0.378,24.0,0.3870967741935484,True,0.7311320754716981,True,True
2025-04-21_36S2,2025-04-21,S,BEAR,11,-205.0,-205.0,-280.0,-280.0,0.197,70.8,0.1666666666666666,False,0.9090909090909092,True,True
2025-04-21_50S2,2025-04-21,S,BEAR,12,395.0,-205.0,395.0,-305.0,0.738,51.3,0.7307692307692308,False,0.8,True,True
2025-04-21_62S2,2025-04-21,S,BEAR,13,395.0,-205.0,395.0,-367.5,0.408,39.4,0.5483870967741935,False,1.0954063604240285,True,True
2025-04-22_12S2,2025-04-22,S,BULL,09,-205.0,-205.0,-380.0,-380.0,0.541,,0.15625,False,0.7862407862407862,False,True
2025-04-22_42L2,2025-04-22,L,BEAR,11,-205.0,-205.0,395.0,-492.5,0.007,45.2,0.7804878048780488,False,1.1357340720221607,True,True
2025-04-22_75S2,2025-04-22,S,BEAR,14,-205.0,-205.0,-455.0,-455.0,0.143,20.0,0.8947368421052632,True,1.0614525139664803,True,True
2025-04-23_12L2,2025-04-23,L,BEAR,09,395.0,-205.0,395.0,-1117.5,0.265,,0.934065934065934,True,0.8512628624883067,True,True
2025-04-23_55S2,2025-04-23,S,NEUTRAL,13,395.0,-205.0,395.0,1370.0,0.221,15.1,0.7428571428571429,False,0.7608695652173914,False,True
2025-04-24_20L2,2025-04-24,L,BULL,10,395.0,-205.0,395.0,-417.5,0.543,,0.9714285714285714,True,0.8620689655172413,True,True
2025-04-24_29L2,2025-04-24,L,BULL,10,-205.0,-205.0,395.0,2245.0,0.23,44.0,0.6666666666666666,True,1.1142857142857143,True,True
2025-04-24_50S2,2025-04-24,S,NEUTRAL,12,-205.0,-205.0,-442.5,-442.5,0.059,37.5,0.9189189189189187,True,1.2333333333333334,False,True
2025-04-25_14L2,2025-04-25,L,NEUTRAL,09,-205.0,-205.0,395.0,2832.5,0.033,,0.8428571428571429,True,1.0736196319018405,False,True
2025-04-25_69S2,2025-04-25,S,NEUTRAL,14,395.0,-205.0,395.0,-217.5,0.026,12.2,0.736842105263158,True,0.6643356643356643,False,True
2025-04-28_10L2,2025-04-28,L,NEUTRAL,09,395.0,-205.0,395.0,-355.0,,,0.3666666666666666,False,0.5625,False,False
2025-04-29_16L2,2025-04-29,L,NEUTRAL,09,-205.0,-205.0,395.0,-392.5,0.2,,0.3939393939393939,False,0.6976744186046512,True,True
2025-04-29_27L2,2025-04-29,L,BEAR,10,395.0,-205.0,395.0,-580.0,0.058,,0.8333333333333334,True,1.167883211678832,True,True
2025-04-29_48S2,2025-04-29,S,BEAR,12,-205.0,-205.0,-230.0,-230.0,0.051,18.5,0.4,False,0.5405405405405406,False,True
2025-04-29_60L2,2025-04-29,L,BEAR,13,-205.0,-205.0,-380.0,-380.0,0.411,25.0,0.5,False,1.0526315789473684,True,True
2025-04-30_17S2,2025-04-30,S,NEUTRAL,09,-205.0,-205.0,-430.0,-430.0,0.737,,0.4166666666666666,True,0.6844106463878327,False,True
2025-04-30_56L2,2025-04-30,L,BEAR,13,-205.0,-205.0,-342.5,-342.5,0.505,15.0,0.6551724137931034,False,0.9477124183006536,True,True
2025-04-30_69S2,2025-04-30,S,NEUTRAL,14,-205.0,-205.0,-230.0,-230.0,0.089,11.8,0.7,True,0.4819277108433735,True,True
2025-05-01_10L2,2025-05-01,L,NEUTRAL,09,395.0,-205.0,395.0,-567.5,,,0.8297872340425532,True,0.8011363636363636,True,False
2025-05-01_39S2,2025-05-01,S,BEAR,11,395.0,-205.0,395.0,-267.5,0.189,26.9,0.4347826086956522,False,0.5958549222797928,True,True
2025-05-02_18L2,2025-05-02,L,BULL,09,-205.0,-205.0,-430.0,-430.0,0.313,,0.7222222222222222,True,0.972972972972973,True,True
2025-05-02_51L2,2025-05-02,L,BEAR,12,395.0,-205.0,395.0,-280.0,0.241,13.0,0.9166666666666666,True,1.0300429184549356,True,True
2025-05-02_75L2,2025-05-02,L,NEUTRAL,14,-205.0,-205.0,-330.0,-330.0,0.008,15.8,0.8214285714285714,True,1.0071942446043165,True,True
2025-05-05_10S2,2025-05-05,S,NEUTRAL,09,-205.0,-205.0,-405.0,-405.0,,,0.8529411764705882,True,0.8203753351206434,False,False
2025-05-05_56L2,2025-05-05,L,BULL,13,395.0,-205.0,395.0,-192.5,0.475,22.8,0.8823529411764706,True,1.0303030303030305,True,True
2025-05-05_71S2,2025-05-05,S,NEUTRAL,14,395.0,1157.5,395.0,1157.5,0.878,26.3,0.8888888888888888,True,1.0227272727272727,True,True
2025-05-06_17S2,2025-05-06,S,BULL,09,-205.0,-205.0,-380.0,-380.0,0.641,,0.65625,False,0.9467455621301776,False,True
2025-05-06_65S2,2025-05-06,S,BULL,13,-205.0,-205.0,-205.0,-205.0,0.548,15.0,0.3888888888888888,False,0.7171314741035856,False,True
2025-05-07_12L2,2025-05-07,L,BULL,09,-205.0,-205.0,-355.0,-355.0,0.427,,0.8666666666666667,True,0.8152173913043479,True,True
2025-05-07_49S2,2025-05-07,S,NEUTRAL,12,395.0,-205.0,395.0,-230.0,0.154,20.6,0.85,True,0.8849557522123893,False,True
2025-05-07_64S2,2025-05-07,S,BEAR,13,395.0,-205.0,395.0,-480.0,0.123,22.0,0.775,True,0.6369426751592357,False,True
2025-05-07_71L2,2025-05-07,L,BEAR,14,-205.0,-205.0,-642.5,-642.5,0.022,17.3,0.981132075471698,True,0.7946026986506747,True,True
2025-05-08_34L2,2025-05-08,L,BULL,11,-205.0,-205.0,395.0,-367.5,0.621,29.3,0.8709677419354839,False,0.7598039215686275,True,True
2025-05-09_9S2,2025-05-09,S,NEUTRAL,09,395.0,1095.0,395.0,1095.0,,,0.2058823529411765,False,1.1428571428571428,True,False
2025-05-09_23S2,2025-05-09,S,NEUTRAL,10,-205.0,-205.0,-392.5,-392.5,0.035,,0.4242424242424242,False,0.8967391304347827,True,True
2025-05-12_21S2,2025-05-12,S,NEUTRAL,10,-205.0,-205.0,395.0,-380.0,0.027,,0.84375,True,0.7843137254901962,True,True
2025-05-13_17L2,2025-05-13,L,BEAR,09,395.0,-205.0,395.0,-42.5,0.333,,0.4516129032258064,True,0.9422492401215806,True,True
2025-05-13_33L2,2025-05-13,L,BEAR,11,395.0,-205.0,-167.5,-167.5,0.064,61.2,0.6,True,0.7317073170731707,True,True
2025-05-13_56L2,2025-05-13,L,BEAR,13,-205.0,-205.0,395.0,-292.5,0.125,44.3,0.92,True,1.1904761904761905,True,True
2025-05-14_8S2,2025-05-14,S,NEUTRAL,09,-205.0,-205.0,-317.5,-317.5,,,0.4074074074074074,True,0.7078651685393258,True,False
2025-05-14_15S2,2025-05-14,S,NEUTRAL,09,-205.0,-205.0,-217.5,-217.5,0.012,,0.631578947368421,True,0.5828220858895705,True,True
2025-05-14_57S2,2025-05-14,S,BEAR,13,-205.0,-205.0,-217.5,-217.5,0.688,20.5,0.736842105263158,False,0.8189655172413793,False,True
2025-05-14_73L2,2025-05-14,L,BEAR,14,-205.0,-205.0,-330.0,-330.0,0.314,13.8,0.75,True,1.2844036697247705,False,True
2025-05-15_12S2,2025-05-15,S,NEUTRAL,09,395.0,-205.0,395.0,-217.5,0.023,,0.368421052631579,False,0.5775075987841946,True,True
2025-05-16_9S2,2025-05-16,S,NEUTRAL,09,-205.0,-205.0,-442.5,-442.5,,,0.4864864864864865,True,1.15625,True,False
2025-05-16_23S2,2025-05-16,S,BULL,10,-205.0,-205.0,-217.5,-217.5,0.032,,0.5263157894736843,True,0.7851239669421488,True,True
2025-05-19_19L2,2025-05-19,L,NEUTRAL,10,395.0,982.5,395.0,982.5,0.06,,0.4375,False,0.5194805194805194,True,True
2025-05-19_33L2,2025-05-19,L,BULL,11,395.0,432.5,395.0,432.5,0.333,44.8,0.3846153846153846,False,0.6074766355140188,True,True
2025-05-19_60L2,2025-05-19,L,NEUTRAL,13,395.0,-205.0,395.0,-205.0,0.775,33.4,0.5,True,1.0344827586206895,False,True
2025-05-20_8L2,2025-05-20,L,NEUTRAL,09,-205.0,-205.0,-305.0,-305.0,,,0.8846153846153846,True,0.7081712062256809,True,False
2025-05-20_25L2,2025-05-20,L,NEUTRAL,10,-205.0,-205.0,-217.5,-217.5,0.278,,0.9473684210526316,True,0.9547738693467336,True,True
2025-05-20_43S2,2025-05-20,S,BULL,12,-205.0,-205.0,-92.5,-92.5,0.714,11.6,0.8888888888888888,False,0.5590062111801242,False,True
2025-05-20_67S2,2025-05-20,S,BEAR,14,-205.0,-205.0,-130.0,-130.0,0.702,34.7,0.75,False,0.4166666666666666,True,True
2025-05-21_29L2,2025-05-21,L,NEUTRAL,10,-205.0,-205.0,-217.5,-217.5,0.398,35.6,0.4210526315789473,False,0.7480314960629921,True,True
2025-05-21_40L2,2025-05-21,L,NEUTRAL,11,-205.0,-205.0,-155.0,-155.0,0.381,35.9,0.7142857142857143,True,0.7865168539325842,True,True
2025-05-21_56S2,2025-05-21,S,BEAR,13,-205.0,-205.0,395.0,1332.5,0.19,46.6,0.9310344827586208,True,0.7869742198100407,True,True
2025-05-22_15L2,2025-05-22,L,BULL,09,-205.0,-205.0,-517.5,-517.5,0.298,,0.2558139534883721,False,1.0462287104622872,True,True
2025-05-23_11S2,2025-05-23,S,BULL,09,-205.0,-205.0,-592.5,-592.5,0.202,,0.979591836734694,True,0.9664694280078896,True,False
2025-05-23_34L2,2025-05-23,L,BEAR,11,-205.0,-205.0,395.0,195.0,0.17,21.7,0.5652173913043478,True,0.7615894039735099,True,True
2025-05-23_66S2,2025-05-23,S,NEUTRAL,13,-205.0,-205.0,-217.5,-217.5,0.5,18.6,0.5263157894736843,False,0.7196969696969697,False,True
2025-05-27_24L2,2025-05-27,L,BULL,10,395.0,1507.5,395.0,1507.5,0.463,,1.0,True,1.1320754716981132,True,True
2025-05-27_29L2,2025-05-27,L,BULL,10,395.0,1282.5,395.0,1282.5,0.571,53.6,0.3333333333333333,False,0.6164383561643836,True,True
2025-05-27_46L2,2025-05-27,L,BULL,12,395.0,657.5,395.0,-142.5,0.36,49.5,0.5384615384615384,False,0.7303370786516854,True,True
2025-05-27_60L2,2025-05-27,L,BULL,13,-205.0,-205.0,-142.5,-142.5,0.273,44.5,1.0,True,0.8904109589041096,True,True
2025-05-28_38L2,2025-05-28,L,NEUTRAL,11,-205.0,-205.0,-117.5,-117.5,0.32,32.0,0.2727272727272727,False,0.6918238993710691,True,True
2025-05-28_43L2,2025-05-28,L,BULL,12,-205.0,-205.0,-180.0,-180.0,0.289,23.9,0.6875,True,1.1510791366906474,True,True
2025-05-28_57L2,2025-05-28,L,NEUTRAL,13,-205.0,-205.0,-155.0,-155.0,0.041,16.5,0.4285714285714285,False,0.9090909090909092,True,True
2025-05-28_80L2,2025-05-28,L,BEAR,15,-205.0,45.0,-442.5,45.0,0.574,36.6,0.8918918918918919,False,1.178343949044586,False,True
2025-05-29_23L2,2025-05-29,L,BULL,10,395.0,-205.0,395.0,-255.0,0.217,,0.1818181818181818,True,0.6376811594202898,False,True
2025-05-29_49L2,2025-05-29,L,BEAR,12,-205.0,-205.0,-292.5,-292.5,0.075,11.9,0.28,False,0.9881422924901184,True,True
2025-05-29_68S2,2025-05-29,S,NEUTRAL,14,-205.0,-205.0,-342.5,-342.5,0.167,14.7,0.2413793103448276,False,1.0431654676258992,True,True
2025-05-30_14S2,2025-05-30,S,BULL,09,-205.0,-205.0,-255.0,-255.0,0.739,,0.6363636363636364,True,0.6875,False,True
2025-05-30_46S2,2025-05-30,S,BEAR,12,-205.0,-205.0,-255.0,-255.0,0.111,27.2,0.9090909090909092,True,0.4612159329140461,True,True
2025-06-02_18S2,2025-06-02,S,NEUTRAL,09,-205.0,-205.0,-280.0,-280.0,0.543,,0.8333333333333334,True,0.5896805896805897,False,True
2025-06-03_44L2,2025-06-03,L,BULL,12,-205.0,-205.0,-130.0,-130.0,0.444,58.3,0.75,False,0.9375,True,True
2025-06-03_65S2,2025-06-03,S,BULL,13,395.0,295.0,-80.0,-80.0,0.156,33.1,0.625,False,0.3703703703703703,False,True
2025-06-04_7S2,2025-06-04,S,NEUTRAL,09,395.0,-205.0,395.0,-205.0,,,0.1666666666666666,False,0.7397260273972603,True,False
2025-06-04_22S2,2025-06-04,S,BULL,10,395.0,-205.0,395.0,-180.0,0.093,,0.875,True,0.7407407407407407,False,True
2025-06-05_13S2,2025-06-05,S,BULL,09,-205.0,-205.0,-267.5,-267.5,0.15,,0.1304347826086956,False,0.5852417302798982,False,True
2025-06-05_65S2,2025-06-05,S,BEAR,13,-205.0,-205.0,395.0,1170.0,0.161,33.9,0.85,True,0.6191950464396285,True,True
2025-06-05_78S2,2025-06-05,S,BEAR,14,-205.0,-205.0,-1017.5,-280.0,0.21,35.7,0.963855421686747,True,1.416382252559727,True,True
2025-06-06_11S2,2025-06-06,S,BEAR,09,-205.0,-205.0,395.0,-255.0,0.252,,0.8181818181818181,True,0.7482993197278912,True,False
2025-06-06_26S2,2025-06-06,S,NEUTRAL,10,-205.0,-205.0,-317.5,-317.5,0.39,,0.5185185185185186,True,0.8737864077669903,True,True
2025-06-06_48S2,2025-06-06,S,BULL,12,-205.0,-205.0,-192.5,-192.5,0.027,22.6,0.5294117647058824,False,0.6614785992217899,True,True
2025-06-06_66L2,2025-06-06,L,NEUTRAL,13,-205.0,-205.0,-217.5,-217.5,0.054,23.2,0.9473684210526316,True,1.049723756906077,True,True
2025-06-09_31S2,2025-06-09,S,BULL,11,-205.0,-205.0,-105.0,-105.0,0.245,13.5,0.6,True,0.7042253521126761,False,True
2025-06-10_11S2,2025-06-10,S,BULL,09,-205.0,-205.0,-142.5,-142.5,0.429,,0.4615384615384615,False,0.599078341013825,False,False
2025-06-10_78L2,2025-06-10,L,BULL,14,395.0,-80.0,395.0,-80.0,0.019,20.3,0.7741935483870968,True,1.4832535885167466,True,True
2025-06-11_8L2,2025-06-11,L,BULL,09,395.0,-205.0,395.0,-255.0,,,0.4090909090909091,False,0.6581196581196581,True,False
2025-06-11_16L2,2025-06-11,L,BULL,09,-205.0,-205.0,-180.0,-180.0,0.631,,1.0,True,0.8839779005524862,True,True
2025-06-11_27S2,2025-06-11,S,BEAR,10,395.0,1257.5,395.0,1257.5,0.315,,0.8333333333333334,True,0.8071748878923767,True,True
2025-06-11_46S2,2025-06-11,S,NEUTRAL,12,-205.0,-205.0,-180.0,-180.0,0.333,21.4,0.875,True,0.7582938388625592,False,True
2025-06-11_65S2,2025-06-11,S,BEAR,13,395.0,170.0,395.0,170.0,0.062,38.0,0.2307692307692307,False,0.2857142857142857,True,True
2025-06-12_31S2,2025-06-12,S,BULL,11,-205.0,-205.0,-217.5,-217.5,0.324,29.7,0.2105263157894736,False,0.7364341085271318,True,True
2025-06-13_70S2,2025-06-13,S,BEAR,14,-205.0,-205.0,395.0,-367.5,0.046,36.6,0.3125,True,0.7692307692307692,True,True
2025-06-16_17S2,2025-06-16,S,BULL,09,395.0,495.0,395.0,495.0,0.17,,0.9473684210526316,True,0.8755760368663594,False,True
2025-06-16_58L2,2025-06-16,L,NEUTRAL,13,-205.0,-205.0,-142.5,-142.5,0.481,17.1,0.9230769230769232,True,0.7065217391304348,False,True
2025-06-17_14S2,2025-06-17,S,NEUTRAL,09,395.0,-205.0,395.0,-142.5,0.276,,1.0,True,0.5118110236220472,False,True
2025-06-17_60S2,2025-06-17,S,BEAR,13,-205.0,-205.0,-192.5,-192.5,0.622,46.6,0.9411764705882352,True,0.5537459283387622,True,True
2025-06-17_75S2,2025-06-17,S,BULL,14,-205.0,-205.0,-205.0,-205.0,0.149,31.5,0.9444444444444444,True,0.8823529411764707,True,True
2025-06-18_39L2,2025-06-18,L,BEAR,11,-205.0,-205.0,-142.5,-142.5,0.293,30.1,0.9230769230769232,True,0.6598984771573604,False,True
2025-06-18_60L2,2025-06-18,L,NEUTRAL,13,395.0,-205.0,395.0,-242.5,0.141,23.3,0.6666666666666666,False,0.5865921787709497,False,True
2025-06-20_15S2,2025-06-20,S,BEAR,09,395.0,-205.0,395.0,545.0,0.529,,0.2903225806451612,False,0.96875,True,True
2025-06-20_33S2,2025-06-20,S,BEAR,11,-205.0,-205.0,-280.0,-280.0,0.179,36.9,0.0833333333333333,False,0.9230769230769232,True,True
2025-06-20_62S2,2025-06-20,S,BEAR,13,395.0,-205.0,395.0,-230.0,0.486,15.6,0.4,False,1.0869565217391306,False,True
2025-06-23_16S2,2025-06-23,S,BULL,09,395.0,-205.0,395.0,-130.0,0.136,,0.1666666666666666,False,0.4743083003952569,False,True
2025-06-23_55L2,2025-06-23,L,NEUTRAL,13,-205.0,-205.0,-205.0,-205.0,0.728,30.1,0.6111111111111112,True,0.5128205128205128,True,True
2025-06-23_74L2,2025-06-23,L,NEUTRAL,14,395.0,407.5,-130.0,-130.0,0.394,29.5,0.5,False,0.6153846153846154,True,True
2025-06-24_17S2,2025-06-24,S,BULL,09,-205.0,-205.0,-155.0,-155.0,0.34,,0.7142857142857143,True,0.6008583690987124,False,True
2025-06-25_12L2,2025-06-25,L,BEAR,09,-205.0,-205.0,-192.5,-192.5,0.325,,0.7058823529411765,True,0.8457711442786069,False,True
2025-06-26_15S2,2025-06-26,S,BULL,09,-205.0,-205.0,-105.0,-105.0,0.495,,0.6,True,0.5464480874316939,False,True
2025-06-26_56L2,2025-06-26,L,BULL,13,395.0,7.5,395.0,-130.0,0.511,32.5,0.6666666666666666,True,1.263157894736842,True,True
2025-06-26_64L2,2025-06-26,L,BULL,13,-205.0,-205.0,-67.5,-67.5,0.013,32.8,0.8571428571428571,True,0.5426356589147286,True,True
2025-06-27_23L2,2025-06-27,L,NEUTRAL,10,395.0,-205.0,395.0,-180.0,0.231,,0.625,False,0.8743169398907104,True,True
2025-06-27_32L2,2025-06-27,L,BULL,11,-205.0,-205.0,-92.5,-92.5,0.69,41.4,0.7777777777777778,False,0.7258064516129032,True,True
2025-06-30_10S2,2025-06-30,S,BULL,09,-205.0,-205.0,-205.0,-205.0,,,0.3888888888888888,False,0.7677725118483413,True,False
2025-06-30_21S2,2025-06-30,S,NEUTRAL,10,-205.0,-205.0,-155.0,-155.0,0.13,,0.1428571428571429,False,0.7142857142857142,True,True
2025-06-30_48L2,2025-06-30,L,BULL,12,-205.0,-205.0,-117.5,-117.5,0.174,17.5,0.4545454545454545,False,0.8943089430894309,False,True
2025-06-30_76L2,2025-06-30,L,BULL,14,395.0,-205.0,395.0,-280.0,0.51,25.4,0.5,True,1.170731707317073,True,True
2025-07-01_9S2,2025-07-01,S,BULL,09,-205.0,-205.0,-217.5,-217.5,,,0.8947368421052632,True,0.7958115183246073,False,False
2025-07-01_35S2,2025-07-01,S,BULL,11,-205.0,-205.0,-280.0,-280.0,0.064,12.1,0.7083333333333333,True,0.9958506224066388,False,True
2025-07-02_19L2,2025-07-02,L,BULL,10,395.0,645.0,395.0,645.0,0.457,,0.6923076923076923,False,0.7428571428571429,True,True
2025-07-02_36L2,2025-07-02,L,BULL,11,395.0,432.5,-92.5,-92.5,0.034,35.1,0.7777777777777778,True,0.6617647058823529,True,True
2025-07-02_43L2,2025-07-02,L,BULL,12,-205.0,-205.0,-80.0,-80.0,0.442,36.0,1.0,True,0.7272727272727273,True,True
2025-07-02_60L2,2025-07-02,L,BULL,13,395.0,232.5,395.0,232.5,0.116,26.0,0.25,False,0.8,True,True
2025-07-02_73L2,2025-07-02,L,BULL,14,-205.0,95.0,-105.0,-105.0,0.0,26.5,0.2,False,1.149425287356322,True,True
2025-07-03_13S2,2025-07-03,S,BULL,09,-205.0,-205.0,-67.5,-67.5,0.604,,0.2857142857142857,False,0.3846153846153846,False,True
2025-07-04_12L2,2025-07-04,L,NEUTRAL,10,-205.0,-142.5,-55.0,-55.0,0.508,,0.5,False,0.4347826086956521,True,True
2025-07-04_19L2,2025-07-04,L,BEAR,10,-205.0,-205.0,-17.5,-17.5,0.463,,1.0,True,0.3658536585365854,True,True
2025-07-07_15L2,2025-07-07,L,BEAR,09,-205.0,-205.0,-142.5,-142.5,0.495,,0.6153846153846154,True,0.5963302752293578,False,True
2025-07-08_13L2,2025-07-08,L,BEAR,09,-205.0,-205.0,-217.5,-217.5,0.028,,0.7894736842105263,True,0.753968253968254,False,True
2025-07-08_51S2,2025-07-08,S,NEUTRAL,12,-205.0,-205.0,-117.5,-117.5,0.283,19.4,0.5454545454545454,False,0.4977375565610859,True,True
2025-07-08_62L2,2025-07-08,L,NEUTRAL,13,-205.0,-205.0,-180.0,-180.0,0.189,14.6,0.5625,False,1.08843537414966,False,True
2025-07-08_80L2,2025-07-08,L,NEUTRAL,15,-205.0,-55.0,-217.5,-55.0,0.108,15.3,0.6842105263157895,True,1.130952380952381,True,True
2025-07-09_11S2,2025-07-09,S,BEAR,09,395.0,-92.5,395.0,-92.5,0.2,,1.0,True,0.6190476190476191,True,False
2025-07-09_37L2,2025-07-09,L,BEAR,11,395.0,1195.0,-130.0,-130.0,0.182,28.0,0.5,True,0.6521739130434783,False,True
2025-07-09_53L2,2025-07-09,L,NEUTRAL,12,395.0,857.5,395.0,857.5,0.275,15.1,0.85,True,1.1428571428571428,True,True
2025-07-10_35L2,2025-07-10,L,BULL,11,395.0,57.5,395.0,57.5,0.0,31.0,0.7692307692307693,True,1.1504424778761062,True,True
2025-07-10_58L2,2025-07-10,L,BULL,13,-205.0,-205.0,-42.5,-42.5,0.527,38.9,0.2,False,0.5,True,True
2025-07-10_72S2,2025-07-10,S,BEAR,14,395.0,495.0,-105.0,-105.0,0.312,23.5,0.9,True,1.1363636363636362,True,True
2025-07-11_8L2,2025-07-11,L,NEUTRAL,09,395.0,-205.0,395.0,-142.5,,,0.6923076923076923,False,0.4354066985645933,True,False
2025-07-11_28S2,2025-07-11,S,BULL,10,395.0,-205.0,395.0,-280.0,0.048,,0.375,False,1.1650485436893203,False,True
2025-07-14_10L2,2025-07-14,L,BEAR,09,-205.0,-205.0,395.0,832.5,,,0.9032258064516128,True,0.9653979238754324,True,False
2025-07-14_24L2,2025-07-14,L,BULL,10,395.0,445.0,395.0,445.0,0.614,,0.8181818181818182,True,0.6395348837209303,True,True
2025-07-14_35L2,2025-07-14,L,NEUTRAL,11,-205.0,-205.0,-117.5,-117.5,0.04,8.5,0.4545454545454545,False,0.8461538461538461,True,True
2025-07-14_56L2,2025-07-14,L,NEUTRAL,13,-205.0,-205.0,-92.5,-92.5,0.05,24.1,1.0,True,0.9,True,True
2025-07-14_67L2,2025-07-14,L,BULL,14,-205.0,-205.0,-80.0,-80.0,0.314,29.7,0.25,False,1.0389610389610389,True,True
2025-07-15_16L2,2025-07-15,L,BEAR,09,-205.0,-205.0,-242.5,-242.5,0.188,,0.4285714285714285,False,0.8467741935483871,False,True
2025-07-15_72S2,2025-07-15,S,BEAR,14,395.0,945.0,395.0,945.0,0.531,31.1,0.6666666666666667,True,0.9473684210526316,True,True
2025-07-16_12S2,2025-07-16,S,NEUTRAL,09,-205.0,-205.0,-217.5,-217.5,0.49,,0.631578947368421,True,0.753968253968254,True,True
2025-07-16_36L2,2025-07-16,L,NEUTRAL,11,-205.0,-205.0,395.0,1220.0,0.65,26.6,0.8571428571428571,False,0.498812351543943,True,True
2025-07-16_52L2,2025-07-16,L,BULL,12,-205.0,-205.0,-117.5,-117.5,0.1,13.1,0.5454545454545454,False,0.6875,True,True
2025-07-16_74L2,2025-07-16,L,BULL,14,-205.0,-67.5,-130.0,-130.0,0.325,22.5,0.4166666666666667,False,0.9677419354838708,True,True
2025-07-17_14S2,2025-07-17,S,NEUTRAL,09,-205.0,-205.0,-192.5,-192.5,0.244,,0.2352941176470588,False,0.787037037037037,True,True
2025-07-18_16L2,2025-07-18,L,BEAR,09,-205.0,-205.0,-142.5,-142.5,0.563,,0.9230769230769232,True,0.6190476190476191,False,True
2025-07-18_47S2,2025-07-18,S,BEAR,12,-205.0,-205.0,-180.0,-180.0,0.081,22.8,0.9375,True,0.8602150537634408,True,True
2025-07-18_59L2,2025-07-18,L,BEAR,13,395.0,270.0,395.0,270.0,0.0,15.0,1.0,True,1.3986013986013983,False,True
2025-07-18_77L2,2025-07-18,L,NEUTRAL,14,-205.0,120.0,-142.5,120.0,0.357,9.2,0.8461538461538461,True,1.2037037037037035,True,True
2025-07-21_17S2,2025-07-21,S,BULL,09,-205.0,-205.0,-117.5,-117.5,0.082,,0.6363636363636364,True,0.7692307692307692,False,True
2025-07-21_46L2,2025-07-21,L,BULL,12,-205.0,-205.0,-92.5,-92.5,0.574,41.8,0.6666666666666666,True,0.9183673469387754,True,True
2025-07-21_74S2,2025-07-21,S,BEAR,14,395.0,195.0,395.0,195.0,0.652,48.6,1.0,True,0.8333333333333333,True,True
2025-07-22_11S2,2025-07-22,S,NEUTRAL,09,-205.0,-205.0,-230.0,-230.0,0.33,,0.75,True,0.5698005698005698,True,False
2025-07-22_71L2,2025-07-22,L,BULL,14,-205.0,-205.0,-105.0,-105.0,0.254,13.9,0.9,True,0.7751937984496123,True,True
2025-07-23_13S2,2025-07-23,S,BULL,09,-205.0,-205.0,-142.5,-142.5,0.207,,0.0,False,0.6467661691542288,True,True
2025-07-24_11L2,2025-07-24,L,BEAR,09,395.0,120.0,395.0,120.0,0.014,,0.9583333333333334,True,0.916030534351145,True,False
2025-07-24_27L2,2025-07-24,L,NEUTRAL,10,-205.0,-205.0,-92.5,-92.5,0.102,,0.8888888888888888,True,0.8181818181818182,True,True
2025-07-24_55L2,2025-07-24,L,BEAR,13,-205.0,-205.0,-167.5,-167.5,0.088,16.5,0.3333333333333333,False,1.1904761904761905,True,True
2025-07-25_24L2,2025-07-25,L,BULL,10,395.0,557.5,-130.0,-130.0,0.419,,0.75,False,1.1650485436893203,True,True
2025-07-25_44L2,2025-07-25,L,BULL,12,-205.0,82.5,-92.5,-92.5,0.677,35.9,0.7777777777777778,True,0.9183673469387754,True,True
2025-07-25_54L2,2025-07-25,L,BULL,12,-205.0,-205.0,-30.0,-30.0,0.222,35.2,0.25,False,0.4819277108433734,True,True
2025-07-25_63L2,2025-07-25,L,BULL,13,-205.0,-205.0,-17.5,-17.5,0.524,33.0,0.3333333333333333,False,0.4285714285714285,True,True
2025-07-25_72S2,2025-07-25,S,NEUTRAL,14,395.0,207.5,395.0,207.5,0.03,28.7,0.9,True,1.5384615384615383,False,True
2025-07-28_9S2,2025-07-28,S,BULL,09,395.0,370.0,-142.5,-142.5,,,0.3846153846153846,False,0.8,False,False
2025-07-28_40S2,2025-07-28,S,NEUTRAL,12,395.0,95.0,395.0,95.0,0.373,19.9,0.875,True,0.7920792079207921,True,True
2025-07-28_46S2,2025-07-28,S,BEAR,14,-205.0,-5.0,-67.5,-67.5,0.695,22.6,0.4285714285714286,False,0.7526881720430108,True,True
2025-07-28_53S2,2025-07-28,S,BEAR,12,395.0,-205.0,395.0,-142.5,0.446,29.0,1.0,True,0.9489051094890512,True,True
2025-07-28_62S2,2025-07-28,S,BEAR,13,-205.0,-205.0,-92.5,-92.5,0.298,39.8,0.6666666666666667,True,0.6766917293233082,True,True
2025-07-29_11S2,2025-07-29,S,NEUTRAL,09,395.0,1357.5,395.0,1357.5,0.225,,0.3846153846153846,False,0.588235294117647,True,False
2025-07-29_33S2,2025-07-29,S,BEAR,11,-205.0,-205.0,-155.0,-155.0,0.099,57.1,0.8571428571428572,True,0.6451612903225806,True,True
2025-07-29_80S2,2025-07-29,S,BEAR,15,-205.0,45.0,-142.5,45.0,0.146,17.8,0.6153846153846154,True,0.8024691358024691,True,True
2025-07-30_16S2,2025-07-30,S,BULL,09,395.0,-205.0,395.0,-92.5,0.293,,0.7777777777777778,True,0.5421686746987951,False,True
2025-07-30_25S2,2025-07-30,S,NEUTRAL,10,-205.0,-205.0,-217.5,-217.5,0.505,,0.736842105263158,True,1.1445783132530118,True,True
2025-07-30_74S2,2025-07-30,S,BEAR,14,-205.0,-205.0,-380.0,-380.0,0.523,31.2,0.59375,False,0.6037735849056604,True,True
2025-07-31_10L2,2025-07-31,L,BEAR,09,-205.0,-205.0,-330.0,-330.0,,,0.6428571428571429,False,0.842809364548495,True,False
2025-07-31_53S2,2025-07-31,S,NEUTRAL,13,395.0,1682.5,395.0,1682.5,0.692,35.9,0.7714285714285715,True,1.0542168674698795,True,True
2025-07-31_73L2,2025-07-31,L,BEAR,14,-205.0,-205.0,-330.0,-330.0,0.496,33.3,0.25,False,0.9655172413793104,False,True
2025-08-01_16L2,2025-08-01,L,NEUTRAL,09,-205.0,-205.0,-530.0,-530.0,0.196,,0.1590909090909091,False,0.9361702127659576,True,True
2025-08-01_74L2,2025-08-01,L,BEAR,14,-205.0,-205.0,395.0,132.5,0.289,14.4,0.8636363636363636,False,1.246458923512748,True,True
2025-08-04_22S2,2025-08-04,S,NEUTRAL,10,-205.0,-205.0,-180.0,-180.0,0.13,,0.375,False,0.5904059040590406,False,True
2025-08-05_23S2,2025-08-05,S,BEAR,10,-205.0,-205.0,395.0,-355.0,0.276,,0.6666666666666667,True,0.8823529411764706,True,True
2025-08-06_7S2,2025-08-06,S,BULL,09,-205.0,-205.0,-555.0,-555.0,,,0.9782608695652174,True,1.0823529411764703,True,False
2025-08-06_20S2,2025-08-06,S,BULL,10,-205.0,-205.0,-192.5,-192.5,0.372,,0.8235294117647058,True,0.5592105263157895,False,True
2025-08-07_8S2,2025-08-07,S,NEUTRAL,09,395.0,1432.5,395.0,1432.5,,,1.0,True,1.0871212121212122,True,False
2025-08-07_47L2,2025-08-07,L,NEUTRAL,12,-205.0,-205.0,-330.0,-330.0,0.28,48.4,0.3571428571428571,False,0.7713498622589532,False,True
2025-08-08_13L2,2025-08-08,L,NEUTRAL,09,-205.0,-205.0,-267.5,-267.5,0.63,,0.9130434782608696,True,0.9126984126984128,True,True
2025-08-08_20L2,2025-08-08,L,NEUTRAL,10,-205.0,-205.0,-255.0,-255.0,0.091,,0.8636363636363636,True,1.182795698924731,True,True
2025-08-08_61L2,2025-08-08,L,BULL,13,-205.0,-205.0,-180.0,-180.0,0.333,25.5,0.8125,False,1.3333333333333333,True,True
2025-08-11_20S2,2025-08-11,S,BEAR,10,-205.0,-205.0,-205.0,-205.0,0.844,,0.6666666666666667,True,1.0588235294117647,True,True
2025-08-11_44L2,2025-08-11,L,BEAR,12,-205.0,-205.0,-105.0,-105.0,0.52,21.0,0.7,True,0.7042253521126761,False,True
2025-08-11_62S2,2025-08-11,S,BEAR,13,395.0,482.5,395.0,482.5,0.156,25.3,0.875,False,1.0126582278481011,True,True
2025-08-11_70S2,2025-08-11,S,BEAR,14,395.0,395.0,395.0,395.0,0.077,30.9,0.9230769230769232,True,0.6770833333333334,True,True
2025-08-12_46L2,2025-08-12,L,BULL,12,395.0,432.5,395.0,432.5,0.224,26.9,0.6923076923076923,True,1.1926605504587156,True,True
2025-08-12_64L2,2025-08-12,L,BULL,13,395.0,220.0,395.0,220.0,0.1,36.8,0.875,True,0.7692307692307692,True,True
2025-08-13_14L2,2025-08-13,L,BEAR,09,-205.0,-205.0,-217.5,-217.5,0.658,,0.3684210526315789,False,0.8715596330275229,False,True
2025-08-14_8S2,2025-08-14,S,BULL,09,-205.0,-205.0,-155.0,-155.0,,,0.4285714285714286,False,0.5384615384615384,False,False
2025-08-14_54L2,2025-08-14,L,BULL,12,-205.0,-205.0,-142.5,-142.5,0.245,20.4,1.0,True,0.9558823529411764,True,True
2025-08-14_76L2,2025-08-14,L,BULL,14,-205.0,-205.0,-142.5,-142.5,0.371,22.9,0.7692307692307693,True,0.935251798561151,True,True
2025-08-15_11S2,2025-08-15,S,NEUTRAL,09,395.0,-205.0,395.0,-305.0,0.51,,0.9615384615384616,True,0.8934707903780068,True,False
2025-08-15_31S2,2025-08-15,S,NEUTRAL,11,-205.0,-205.0,-392.5,-392.5,0.126,51.1,0.8787878787878788,True,1.2359550561797754,True,True
2025-08-15_55S2,2025-08-15,S,BULL,13,395.0,645.0,395.0,645.0,0.194,29.6,0.1764705882352941,False,1.3709677419354838,False,True
2025-08-15_73S2,2025-08-15,S,BEAR,14,-205.0,-205.0,-105.0,-105.0,0.278,23.9,0.6,True,0.5681818181818181,True,True
2025-08-18_12S2,2025-08-18,S,NEUTRAL,09,395.0,-205.0,395.0,-80.0,0.084,,0.1470588235294118,False,1.4529914529914532,True,True
2025-08-18_24S2,2025-08-18,S,NEUTRAL,10,-205.0,-205.0,-155.0,-155.0,0.227,,0.5,False,0.8235294117647058,True,True
2025-08-18_74L2,2025-08-18,L,BULL,14,-205.0,32.5,-55.0,32.5,0.19,10.8,0.6666666666666666,False,0.5714285714285714,True,True
2025-08-19_23S2,2025-08-19,S,BEAR,10,-205.0,-205.0,-205.0,-205.0,0.634,,0.1111111111111111,False,0.6081081081081081,True,True
2025-08-19_60L2,2025-08-19,L,BEAR,13,-205.0,-205.0,-105.0,-105.0,0.39,40.9,0.6,False,0.5524861878453038,False,True
2025-08-20_33L2,2025-08-20,L,NEUTRAL,13,395.0,-205.0,395.0,-192.5,0.028,26.8,0.5882352941176471,False,0.5985915492957746,True,True
2025-08-20_43L2,2025-08-20,L,BULL,12,395.0,-205.0,395.0,-317.5,0.183,16.7,0.5925925925925926,False,1.0931174089068827,True,True
2025-08-21_12S2,2025-08-21,S,NEUTRAL,09,-205.0,-205.0,-192.5,-192.5,0.36,,0.1764705882352941,False,0.4176904176904176,False,True
2025-08-21_58L2,2025-08-21,L,NEUTRAL,13,-205.0,-205.0,-280.0,-280.0,0.705,14.0,0.75,True,1.0909090909090908,True,True
2025-08-21_77L2,2025-08-21,L,BULL,14,-205.0,-205.0,-180.0,-180.0,0.292,11.3,0.6875,True,1.08843537414966,False,True
2025-08-22_17S2,2025-08-22,S,BULL,09,-205.0,-205.0,-317.5,-317.5,0.567,,0.8888888888888888,True,0.410958904109589,False,True
2025-08-22_68S2,2025-08-22,S,BEAR,14,395.0,82.5,395.0,82.5,0.048,13.5,0.3,False,0.7299270072992701,True,True
2025-08-25_11S2,2025-08-25,S,BULL,09,-205.0,-205.0,-117.5,-117.5,0.206,,0.8181818181818181,True,0.4782608695652174,True,False
2025-08-26_9L2,2025-08-26,L,NEUTRAL,09,-205.0,-205.0,-155.0,-155.0,,,0.4285714285714285,False,0.495575221238938,True,False
2025-08-26_18L2,2025-08-26,L,BULL,09,-205.0,-205.0,-105.0,-105.0,0.041,,0.9,True,0.5813953488372093,True,True
2025-08-26_29S2,2025-08-26,S,NEUTRAL,10,-205.0,-205.0,-155.0,-155.0,0.012,11.4,0.8571428571428572,True,0.9395973154362416,True,True
2025-08-26_39L2,2025-08-26,L,BULL,11,-205.0,-205.0,-67.5,-67.5,0.51,15.3,0.0,False,0.6194690265486725,True,True
2025-08-26_67S2,2025-08-26,S,BULL,14,-205.0,-205.0,-105.0,-105.0,0.6,18.0,0.5,False,1.1363636363636362,False,True
2025-08-27_20S2,2025-08-27,S,BULL,10,-205.0,-205.0,-92.5,-92.5,0.163,,0.8888888888888888,False,0.7142857142857143,False,True
2025-08-27_78S2,2025-08-27,S,NEUTRAL,14,-205.0,257.5,-180.0,257.5,0.102,20.7,0.8125,True,1.095890410958904,False,True
2025-08-28_10S2,2025-08-28,S,BULL,09,-205.0,-205.0,-192.5,-192.5,,,0.5882352941176471,False,0.5186440677966102,True,False
2025-08-29_15S2,2025-08-29,S,BULL,10,395.0,-205.0,395.0,-230.0,0.436,,0.05,False,0.6309148264984227,True,True
2025-08-29_25S2,2025-08-29,S,BULL,10,-205.0,-205.0,-230.0,-230.0,0.06,,0.75,True,0.823045267489712,True,True
2025-09-02_11L2,2025-09-02,L,BULL,09,-205.0,-205.0,-417.5,-417.5,0.519,,0.5428571428571428,True,0.813953488372093,True,False
2025-09-03_29L2,2025-09-03,L,NEUTRAL,10,-205.0,-205.0,-217.5,-217.5,0.608,21.5,0.631578947368421,False,0.8962264150943396,False,True
2025-09-03_36S2,2025-09-03,S,NEUTRAL,11,395.0,-205.0,395.0,-317.5,0.224,25.6,1.0,True,1.3300492610837438,True,True
2025-09-03_50S2,2025-09-03,S,NEUTRAL,12,395.0,-205.0,395.0,-205.0,0.075,21.4,1.0,True,1.0650887573964498,True,True
2025-09-03_69S2,2025-09-03,S,BEAR,14,-205.0,-205.0,-167.5,-167.5,0.067,33.3,0.7333333333333334,False,0.8522727272727272,True,True
2025-09-04_19L2,2025-09-04,L,NEUTRAL,10,395.0,1845.0,395.0,1845.0,0.7,,0.8125,True,0.6956521739130435,True,True
2025-09-04_29L2,2025-09-04,L,BULL,10,-205.0,-205.0,-130.0,-130.0,0.44,28.3,0.8333333333333334,True,0.7317073170731708,True,True
2025-09-04_35L2,2025-09-04,L,BULL,11,-205.0,-205.0,-92.5,-92.5,0.015,31.1,0.6666666666666666,False,0.6923076923076923,True,True
2025-09-04_57L2,2025-09-04,L,BULL,13,395.0,1032.5,-67.5,-67.5,0.439,30.8,0.5714285714285714,False,0.6086956521739131,True,True
2025-09-05_18L2,2025-09-05,L,NEUTRAL,09,-205.0,-205.0,-817.5,-817.5,0.717,,1.0,True,1.407563025210084,False,True
2025-09-08_34S2,2025-09-08,S,NEUTRAL,11,395.0,-80.0,395.0,-117.5,0.543,24.9,0.9090909090909092,False,0.6358381502890174,True,True
2025-09-08_43S2,2025-09-08,S,BEAR,12,-205.0,-205.0,-180.0,-180.0,0.264,25.6,0.375,True,0.9302325581395348,True,True
2025-09-08_62S2,2025-09-08,S,BEAR,13,395.0,-205.0,-117.5,-117.5,0.159,18.1,0.6363636363636364,True,0.6707317073170732,True,True
2025-09-09_7L2,2025-09-09,L,NEUTRAL,12,395.0,745.0,395.0,745.0,,,0.9411764705882352,True,1.2911392405063291,True,False
2025-09-09_11L2,2025-09-09,L,BULL,12,395.0,707.5,395.0,707.5,0.667,,0.8,False,0.8333333333333334,True,False
2025-09-10_10S2,2025-09-10,S,NEUTRAL,09,395.0,1045.0,-167.5,-167.5,,,0.2666666666666667,False,0.5133079847908746,False,False
2025-09-10_41L2,2025-09-10,L,BEAR,12,-205.0,-205.0,-167.5,-167.5,0.273,25.0,0.5333333333333333,True,1.1450381679389314,False,True
2025-09-11_21L2,2025-09-11,L,BULL,10,395.0,382.5,395.0,382.5,0.405,,0.1,False,0.5952380952380952,True,True
2025-09-11_33L2,2025-09-11,L,BULL,11,-205.0,-205.0,-67.5,-67.5,0.079,49.8,0.5714285714285714,False,0.4697986577181208,True,True
2025-09-12_13S2,2025-09-12,S,NEUTRAL,09,-205.0,-205.0,-142.5,-142.5,0.213,,0.3076923076923077,False,0.7262569832402235,True,True
2025-09-12_42L2,2025-09-12,L,BULL,12,395.0,-205.0,-67.5,-67.5,0.415,10.0,1.0,True,0.6862745098039216,True,True
2025-09-12_59L2,2025-09-12,L,BULL,13,395.0,-205.0,395.0,-67.5,0.571,15.7,0.8571428571428571,False,0.8974358974358975,True,True
2025-09-12_65L2,2025-09-12,L,BULL,14,-205.0,-205.0,-192.5,-192.5,0.644,24.2,0.5882352941176471,False,1.9101123595505616,True,True
2025-09-15_8S2,2025-09-15,S,NEUTRAL,09,-205.0,-205.0,-267.5,-267.5,,,0.8260869565217391,True,1.00625,False,False
2025-09-15_68S2,2025-09-15,S,BEAR,14,-205.0,-205.0,-155.0,-155.0,0.067,21.7,0.9285714285714286,True,1.0294117647058825,True,True
2025-09-16_15S2,2025-09-16,S,NEUTRAL,09,-205.0,-205.0,-242.5,-242.5,0.355,,0.7619047619047619,True,1.09375,True,True
2025-09-16_24S2,2025-09-16,S,BEAR,10,-205.0,-205.0,-155.0,-155.0,0.194,,0.8571428571428572,False,0.8974358974358975,True,True
2025-09-16_34L2,2025-09-16,L,BEAR,11,395.0,195.0,-105.0,-105.0,0.167,38.1,0.4,False,0.7462686567164178,True,True
2025-09-16_56L2,2025-09-16,L,NEUTRAL,13,-205.0,-205.0,-80.0,-80.0,0.154,17.8,0.875,True,0.898876404494382,True,True
2025-09-16_68L2,2025-09-16,L,BULL,14,-205.0,-205.0,-67.5,-67.5,0.5,16.2,0.4285714285714285,False,0.875,True,True
2025-09-17_28L2,2025-09-17,L,BULL,10,-205.0,-205.0,-180.0,-180.0,0.117,,0.875,True,1.1188811188811187,False,True
2025-09-17_71L2,2025-09-17,L,NEUTRAL,14,-205.0,-205.0,395.0,-155.0,0.158,19.8,0.5833333333333334,True,0.7555089192025184,True,True
2025-09-17_80L2,2025-09-17,L,BULL,15,-205.0,-117.5,-342.5,-117.5,0.2,14.1,0.6551724137931034,True,0.613107822410148,True,True
2025-09-19_13L2,2025-09-19,L,BEAR,09,-205.0,-205.0,-155.0,-155.0,0.227,,0.2142857142857142,False,0.6511627906976745,True,True
2025-09-19_46L2,2025-09-19,L,BULL,12,395.0,645.0,395.0,645.0,0.045,29.3,1.0,True,0.9345794392523366,True,True
2025-09-19_58L2,2025-09-19,L,BULL,13,395.0,470.0,-55.0,-55.0,0.3,26.6,0.6666666666666666,False,0.6382978723404255,True,True
2025-09-22_9S2,2025-09-22,S,BULL,09,-205.0,-205.0,-167.5,-167.5,,,0.2666666666666667,False,0.7894736842105263,False,False
2025-09-23_19S2,2025-09-23,S,BEAR,10,395.0,1495.0,395.0,1495.0,0.452,,1.0,True,1.2738853503184715,True,True
2025-09-23_52L2,2025-09-23,L,BEAR,12,-205.0,-205.0,-467.5,-467.5,0.448,50.2,0.6153846153846154,False,1.6738197424892702,False,True
2025-09-24_46S2,2025-09-24,S,BEAR,12,-205.0,-205.0,-255.0,-255.0,0.143,36.1,0.7727272727272727,False,1.3333333333333333,True,True
2025-09-25_21L2,2025-09-25,L,BULL,10,-205.0,-205.0,-455.0,-455.0,0.108,,0.3157894736842105,False,1.3013698630136987,True,True
2025-09-25_34L2,2025-09-25,L,BULL,11,-205.0,-205.0,-167.5,-167.5,0.475,10.6,0.2,False,0.7109004739336492,True,True
2025-09-25_64S2,2025-09-25,S,BULL,13,-205.0,-205.0,-380.0,-380.0,0.445,23.8,0.46875,False,1.0094637223974765,False,True
2025-09-26_8S2,2025-09-26,S,BULL,09,395.0,-205.0,395.0,-605.0,,,0.9833333333333332,True,1.2883435582822087,True,False
2025-09-26_16S2,2025-09-26,S,NEUTRAL,10,-205.0,-205.0,-317.5,-317.5,0.586,,0.7037037037037037,False,0.678391959798995,True,True
2025-09-29_6L2,2025-09-29,L,NEUTRAL,08,-205.0,-205.0,-292.5,-292.5,,,0.88,False,1.059322033898305,True,False
2025-09-29_12L2,2025-09-29,L,NEUTRAL,09,-205.0,-205.0,-442.5,-442.5,0.221,,0.945945945945946,True,1.3120567375886525,True,True
2025-09-29_45L2,2025-09-29,L,BEAR,12,-205.0,-205.0,-117.5,-117.5,0.523,42.4,0.5454545454545454,True,0.7432432432432432,False,True
2025-09-30_7L2,2025-09-30,L,NEUTRAL,09,-205.0,-205.0,-567.5,-567.5,,,0.9787234042553192,True,1.5,True,False
2025-09-30_13L2,2025-09-30,L,BULL,09,-205.0,-205.0,-167.5,-167.5,0.123,,0.6,False,0.5281690140845071,True,True
2025-09-30_28L2,2025-09-30,L,NEUTRAL,10,395.0,-205.0,395.0,-155.0,0.19,,0.5,True,0.6060606060606061,False,True
2025-09-30_39L2,2025-09-30,L,BULL,11,-205.0,-205.0,-130.0,-130.0,0.608,16.3,0.75,True,0.6382978723404255,True,True
2025-10-01_15S2,2025-10-01,S,BULL,09,-205.0,-205.0,-180.0,-180.0,0.593,,0.9375,True,0.625,False,True
2025-10-02_9S2,2025-10-02,S,NEUTRAL,09,395.0,-205.0,395.0,-280.0,,,0.9583333333333334,True,0.8205128205128205,True,False
2025-10-02_25S2,2025-10-02,S,BEAR,10,395.0,-205.0,395.0,-180.0,0.318,,0.6875,True,0.6694560669456068,True,True
2025-10-02_36L2,2025-10-02,L,NEUTRAL,11,-205.0,-205.0,-142.5,-142.5,0.405,36.1,0.3846153846153846,False,0.7471264367816093,True,True
2025-10-02_48L2,2025-10-02,L,BULL,12,395.0,382.5,395.0,382.5,0.209,20.2,0.9285714285714286,True,0.9032258064516128,True,True
2025-10-02_68L2,2025-10-02,L,NEUTRAL,14,-205.0,-205.0,-92.5,-92.5,0.027,24.4,1.0,True,0.8737864077669902,True,True
2025-10-02_78S2,2025-10-02,S,BEAR,14,-205.0,-205.0,-230.0,-230.0,0.208,18.8,0.85,True,1.869158878504673,True,True
2025-10-03_23L2,2025-10-03,L,BULL,10,-205.0,-205.0,-105.0,-105.0,0.173,,0.5,False,0.6756756756756757,True,True
2025-10-03_40L2,2025-10-03,L,NEUTRAL,11,-205.0,-205.0,-92.5,-92.5,0.217,28.7,0.6666666666666666,False,0.7894736842105263,True,True
2025-10-03_61S2,2025-10-03,S,BEAR,14,395.0,670.0,395.0,670.0,0.004,35.5,0.2857142857142857,False,0.6140350877192982,True,True
2025-10-06_15S2,2025-10-06,S,BULL,09,-205.0,-205.0,-180.0,-180.0,0.099,,0.125,False,0.7692307692307692,True,True
2025-10-07_39S2,2025-10-07,S,BEAR,11,395.0,-205.0,395.0,-255.0,0.379,57.5,0.409090909090909,False,0.8208955223880596,True,True
2025-10-08_19L2,2025-10-08,L,BULL,10,395.0,732.5,395.0,732.5,0.111,,0.9473684210526316,True,1.0795454545454544,True,True
2025-10-08_50S2,2025-10-08,S,BULL,12,395.0,-155.0,-67.5,-67.5,0.409,33.1,0.5714285714285714,True,0.6666666666666666,False,True
2025-10-09_8L2,2025-10-09,L,BEAR,09,-205.0,-205.0,-305.0,-305.0,,,0.8461538461538461,True,0.8504672897196262,False,False
2025-10-10_7S2,2025-10-10,S,BEAR,09,-205.0,-205.0,395.0,9332.5,,,0.2727272727272727,False,0.9801980198019804,True,False
2025-10-10_18S2,2025-10-10,S,BEAR,09,395.0,9420.0,395.0,9420.0,0.657,,0.4210526315789473,True,0.7851239669421488,True,True
2025-10-10_35S2,2025-10-10,S,BEAR,11,-205.0,-205.0,-817.5,-817.5,0.154,51.8,0.582089552238806,True,0.8170731707317073,True,True
2025-10-10_57L2,2025-10-10,L,BEAR,13,-205.0,-205.0,-355.0,-355.0,0.109,34.4,0.2666666666666666,False,0.6960556844547564,False,True
2025-10-13_13L2,2025-10-13,L,BEAR,09,-205.0,-205.0,-567.5,-567.5,0.106,,0.6382978723404256,False,0.9650924024640656,False,True
2025-10-13_40L2,2025-10-13,L,NEUTRAL,12,-205.0,-205.0,-205.0,-205.0,0.358,14.0,0.6111111111111112,False,0.75,True,True
2025-10-13_74L2,2025-10-13,L,NEUTRAL,14,-205.0,-117.5,-180.0,-117.5,0.116,12.9,0.875,True,0.6299212598425197,True,True
2025-10-14_26L2,2025-10-14,L,BULL,10,395.0,745.0,395.0,745.0,0.029,,0.8148148148148148,True,0.782608695652174,True,True
2025-10-14_47L2,2025-10-14,L,BULL,12,-205.0,-205.0,-267.5,-267.5,0.375,39.9,0.217391304347826,False,0.8487084870848708,True,True
2025-10-14_60L2,2025-10-14,L,BULL,13,-205.0,-205.0,-242.5,-242.5,0.209,32.0,0.5714285714285714,False,1.0144927536231885,True,True
2025-10-15_13S2,2025-10-15,S,NEUTRAL,09,395.0,2182.5,395.0,2182.5,0.376,,0.6086956521739131,True,0.5623471882640587,False,True
2025-10-15_34S2,2025-10-15,S,BEAR,11,-205.0,-205.0,-317.5,-317.5,0.505,28.2,0.4444444444444444,True,0.6506024096385542,True,True
2025-10-15_55S2,2025-10-15,S,BEAR,13,-205.0,-205.0,-417.5,-417.5,0.689,32.4,0.2285714285714285,False,0.7201646090534979,False,True
2025-10-16_20L2,2025-10-16,L,BEAR,10,-205.0,-205.0,-330.0,-330.0,0.277,,0.3214285714285714,True,0.6982543640897755,True,True
2025-10-16_34S2,2025-10-16,S,BEAR,11,395.0,2620.0,395.0,2620.0,0.576,29.0,0.4871794871794872,False,0.8705357142857143,True,True
2025-10-16_40S2,2025-10-16,S,BEAR,11,-205.0,-205.0,-867.5,-867.5,0.545,39.8,0.4507042253521126,False,1.2347826086956522,True,True
2025-10-17_11S2,2025-10-17,S,BULL,09,-205.0,-205.0,395.0,-867.5,0.206,,0.9014084507042254,True,0.9090909090909092,False,False
2025-10-17_41L2,2025-10-17,L,NEUTRAL,11,-205.0,-205.0,-742.5,-742.5,0.189,17.3,0.9344262295081968,True,1.5561224489795915,True,True
2025-10-17_75S2,2025-10-17,S,NEUTRAL,14,-205.0,-205.0,-217.5,-217.5,0.119,26.8,0.1578947368421053,False,0.811965811965812,False,True
2025-10-20_10S2,2025-10-20,S,BULL,09,-205.0,-205.0,-155.0,-155.0,,,0.5714285714285714,True,0.4632352941176471,False,False
2025-10-21_16S2,2025-10-21,S,NEUTRAL,09,-205.0,-205.0,-292.5,-292.5,0.28,,0.72,True,0.8361204013377926,True,True
2025-10-22_10L2,2025-10-22,L,BEAR,09,-205.0,-205.0,-280.0,-280.0,,,0.0833333333333333,False,0.776978417266187,True,False
2025-10-23_16S2,2025-10-23,S,BULL,09,-205.0,-205.0,-267.5,-267.5,0.087,,0.6521739130434783,True,0.7348242811501597,False,True
2025-10-24_10S2,2025-10-24,S,BULL,09,395.0,-205.0,395.0,-167.5,,,0.3333333333333333,True,0.4963235294117647,False,False
2025-10-24_29L2,2025-10-24,L,NEUTRAL,10,-205.0,-205.0,-280.0,-280.0,0.543,14.0,0.75,True,1.1320754716981132,True,True
2025-10-27_16L2,2025-10-27,L,BULL,09,-205.0,-205.0,-155.0,-155.0,0.011,,1.0,True,0.7291666666666667,True,True
2025-10-27_41L2,2025-10-27,L,BULL,12,-205.0,-205.0,-55.0,-55.0,0.106,12.2,0.8333333333333334,False,0.6741573033707865,True,True
2025-10-27_55S2,2025-10-27,S,NEUTRAL,13,-205.0,-205.0,-67.5,-67.5,0.2,13.4,0.1428571428571429,False,0.7777777777777778,False,True
2025-10-28_12L2,2025-10-28,L,NEUTRAL,09,-205.0,-205.0,-205.0,-205.0,0.026,,0.5555555555555556,True,0.8181818181818182,True,True
2025-10-28_43L2,2025-10-28,L,NEUTRAL,12,395.0,-67.5,395.0,-80.0,0.6,31.9,0.125,False,0.4166666666666667,True,True
2025-10-28_68L2,2025-10-28,L,BULL,14,395.0,-205.0,395.0,-155.0,0.115,43.9,0.5714285714285714,False,1.15702479338843,True,True
2025-10-29_14S2,2025-10-29,S,NEUTRAL,09,395.0,1057.5,395.0,1057.5,0.098,,0.6875,True,0.7511737089201878,True,True
2025-10-29_24S2,2025-10-29,S,BEAR,10,395.0,-205.0,395.0,-155.0,0.188,,0.2142857142857143,False,0.7608695652173914,True,True
2025-10-29_46L2,2025-10-29,L,BEAR,12,-205.0,-205.0,-167.5,-167.5,0.02,17.9,1.0,True,1.293103448275862,True,True
2025-10-29_62S2,2025-10-29,S,NEUTRAL,15,-205.0,-205.0,-467.5,-467.5,0.633,17.5,0.3076923076923077,False,1.2264150943396226,True,True
2025-10-29_70S2,2025-10-29,S,BEAR,14,-205.0,-205.0,395.0,-442.5,0.185,25.2,0.7837837837837838,True,0.4677623261694058,True,True
2025-10-30_19L2,2025-10-30,L,NEUTRAL,10,395.0,-205.0,395.0,-455.0,0.023,,0.7631578947368421,True,0.8482142857142858,True,True
2025-10-31_20S2,2025-10-31,S,NEUTRAL,10,-205.0,-205.0,-242.5,-242.5,0.421,,0.8095238095238095,True,0.8606557377049181,False,True
2025-11-03_14L2,2025-11-03,L,NEUTRAL,09,395.0,1557.5,395.0,1557.5,0.343,,0.7391304347826086,False,0.6948640483383686,False,True
2025-11-03_69S2,2025-11-03,S,NEUTRAL,14,395.0,-205.0,395.0,-192.5,0.045,23.7,0.8823529411764706,True,1.1111111111111112,True,True
2025-11-04_23S2,2025-11-04,S,NEUTRAL,10,-205.0,-205.0,-292.5,-292.5,0.559,,0.84,True,0.99601593625498,True,True
2025-11-04_40L2,2025-11-04,L,NEUTRAL,11,395.0,-205.0,395.0,-267.5,0.33,23.4,0.5652173913043478,False,0.777027027027027,False,True
2025-11-05_12L2,2025-11-05,L,NEUTRAL,09,395.0,-205.0,395.0,-42.5,0.42,,0.9649122807017544,True,1.269487750556793,True,True
2025-11-05_19L2,2025-11-05,L,NEUTRAL,10,-205.0,-205.0,-480.0,-480.0,0.463,,0.925,True,1.238390092879257,True,True
2025-11-05_35L2,2025-11-05,L,NEUTRAL,14,-205.0,-205.0,-142.5,-142.5,0.538,39.3,0.9230769230769232,True,0.65,True,True
2025-11-05_46L2,2025-11-05,L,BULL,12,-205.0,-205.0,-180.0,-180.0,0.182,43.1,0.9375,True,0.9937888198757764,True,True
2025-11-06_13S2,2025-11-06,S,BEAR,09,395.0,1620.0,395.0,1620.0,0.301,,0.84375,True,0.6237816764132554,True,True
2025-11-06_54S2,2025-11-06,S,NEUTRAL,13,-205.0,-205.0,-242.5,-242.5,0.65,22.7,0.2380952380952381,False,0.7070707070707071,False,True
2025-11-07_9L2,2025-11-07,L,NEUTRAL,09,395.0,-205.0,395.0,-942.5,,,0.935064935064935,True,1.2007797270955165,True,False
2025-11-07_26S2,2025-11-07,S,BEAR,10,-205.0,-205.0,-330.0,-330.0,0.35,,0.1071428571428571,False,0.853658536585366,True,True
2025-11-07_42L2,2025-11-07,L,BEAR,11,395.0,4382.5,395.0,4382.5,0.392,28.7,0.9210526315789472,True,0.9844559585492229,False,True
2025-11-07_68S2,2025-11-07,S,BULL,14,395.0,-205.0,395.0,-305.0,0.714,33.8,0.7307692307692308,True,0.7303370786516854,False,True
2025-11-10_10S2,2025-11-10,S,NEUTRAL,09,-205.0,-205.0,-342.5,-342.5,,,0.8620689655172413,True,0.9738805970149254,False,False
2025-11-10_26S2,2025-11-10,S,NEUTRAL,10,-205.0,-205.0,-355.0,-355.0,0.528,,0.6,False,0.9063444108761328,True,True
2025-11-10_43S2,2025-11-10,S,BULL,12,-205.0,-205.0,-155.0,-155.0,0.983,26.6,0.8571428571428572,True,0.5982905982905983,False,True
2025-11-11_12L2,2025-11-11,L,NEUTRAL,09,-205.0,-205.0,-355.0,-355.0,0.232,,0.8333333333333334,True,0.986842105263158,False,True
2025-11-11_39L2,2025-11-11,L,BULL,11,395.0,1120.0,395.0,1120.0,0.495,13.4,0.4666666666666667,False,0.7425742574257426,True,True
2025-11-11_51L2,2025-11-11,L,NEUTRAL,13,395.0,420.0,395.0,420.0,0.441,30.2,0.8181818181818182,False,1.0138248847926268,True,True
2025-11-12_17S2,2025-11-12,S,BEAR,09,395.0,-205.0,395.0,-317.5,0.6,,0.7777777777777778,True,0.9712230215827338,True,True
2025-11-12_46L2,2025-11-12,L,NEUTRAL,12,-205.0,-205.0,-317.5,-317.5,0.393,22.8,0.9629629629629628,True,1.0843373493975903,True,True
2025-11-12_67S2,2025-11-12,S,NEUTRAL,14,-205.0,-205.0,-367.5,-367.5,0.2,16.1,0.6129032258064516,True,1.3777777777777778,True,True
2025-11-13_31L2,2025-11-13,L,BULL,11,-205.0,-205.0,-492.5,-492.5,0.064,49.6,0.7804878048780488,True,0.985576923076923,False,True
2025-11-14_12S2,2025-11-14,S,NEUTRAL,09,-205.0,-205.0,-605.0,-605.0,0.478,,0.76,True,0.755287009063444,False,True
2025-11-14_75S2,2025-11-14,S,NEUTRAL,14,395.0,-105.0,395.0,-105.0,0.698,18.2,0.6363636363636364,True,1.0091743119266054,True,True
2025-11-17_10S2,2025-11-17,S,NEUTRAL,09,-205.0,-205.0,-605.0,-605.0,,,0.24,False,0.8571428571428571,True,False
2025-11-17_73S2,2025-11-17,S,BEAR,14,-205.0,-205.0,-317.5,-317.5,0.329,45.6,0.4444444444444444,False,0.7049608355091385,True,True
2025-11-18_13S2,2025-11-18,S,BULL,09,-205.0,-205.0,395.0,-655.0,0.339,,0.9074074074074074,True,0.675,True,True
2025-11-18_30L2,2025-11-18,L,NEUTRAL,10,-205.0,-205.0,-567.5,-567.5,0.559,25.7,0.5531914893617021,False,0.852994555353902,True,True
2025-11-18_48L2,2025-11-18,L,NEUTRAL,12,-205.0,-205.0,395.0,-555.0,0.574,22.6,0.8478260869565217,True,0.8728652751423149,True,True
2025-11-18_67L2,2025-11-18,L,NEUTRAL,14,-205.0,-205.0,-742.5,-742.5,0.035,18.0,0.9508196721311476,True,1.1213235294117647,True,True
2025-11-19_20S2,2025-11-19,S,NEUTRAL,10,395.0,-205.0,395.0,-367.5,0.966,,0.6129032258064516,False,0.8635097493036212,True,True
2025-11-19_50L2,2025-11-19,L,BEAR,12,395.0,-205.0,395.0,-455.0,0.333,10.2,0.8947368421052632,True,0.815450643776824,True,True
2025-11-19_58L2,2025-11-19,L,NEUTRAL,13,-205.0,-205.0,-305.0,-305.0,0.041,11.7,0.9615384615384616,True,0.5714285714285714,True,True
2025-11-19_81L2,2025-11-19,L,BEAR,15,-205.0,-205.0,-330.0,-330.0,0.121,23.0,0.8214285714285714,True,0.5957446808510638,True,True
2025-11-20_13S2,2025-11-20,S,BULL,09,-205.0,-205.0,-305.0,-305.0,0.206,,0.3076923076923077,False,0.5306122448979592,False,True
2025-11-20_65L2,2025-11-20,L,NEUTRAL,13,395.0,-205.0,395.0,-717.5,0.309,30.7,0.3050847457627119,False,0.9424920127795527,True,True
2025-11-20_73L2,2025-11-20,L,BULL,14,-205.0,-205.0,-480.0,-480.0,0.192,18.8,0.85,True,0.7104795737122558,False,True
2025-11-21_9S2,2025-11-21,S,NEUTRAL,09,-205.0,-205.0,395.0,-1005.0,,,0.6097560975609756,False,0.971851851851852,True,False
2025-11-21_21L2,2025-11-21,L,NEUTRAL,10,-205.0,-205.0,395.0,3382.5,0.181,,0.9863013698630136,True,0.8598351001177855,False,True
2025-11-21_36L2,2025-11-21,L,BULL,11,-205.0,-205.0,-730.0,-730.0,0.483,27.7,0.9,True,1.0657193605683837,True,True
2025-11-21_59L2,2025-11-21,L,NEUTRAL,13,-205.0,-205.0,-455.0,-455.0,0.662,30.6,0.7368421052631579,True,0.6260296540362438,True,True
2025-11-21_77S2,2025-11-21,S,BEAR,15,395.0,220.0,395.0,220.0,0.485,18.6,0.5490196078431373,False,1.2,True,True
2025-11-24_11S2,2025-11-24,S,NEUTRAL,09,-205.0,-205.0,-417.5,-417.5,0.028,,0.8285714285714285,True,0.5263157894736842,False,False
2025-11-24_76L2,2025-11-24,L,NEUTRAL,14,-205.0,-205.0,-242.5,-242.5,0.224,18.4,0.8095238095238095,True,1.055276381909548,True,True
2025-11-25_10S2,2025-11-25,S,NEUTRAL,09,-205.0,-205.0,-717.5,-717.5,,,0.7966101694915254,True,0.69140625,True,False
2025-11-26_12S2,2025-11-26,S,NEUTRAL,09,-205.0,-205.0,-417.5,-417.5,0.047,,1.0,True,0.8454106280193237,True,True
2025-11-28_12S2,2025-11-28,S,BULL,09,-205.0,-205.0,-280.0,-280.0,0.351,,0.9166666666666666,True,1.00418410041841,False,True
2025-12-01_10S2,2025-12-01,S,NEUTRAL,09,395.0,-205.0,395.0,-305.0,,,0.7307692307692308,True,0.6628895184135978,False,False
2025-12-02_11S2,2025-12-02,S,NEUTRAL,09,395.0,-205.0,395.0,-180.0,0.338,,0.4375,False,0.4968944099378881,False,False
2025-12-02_30S2,2025-12-02,S,BULL,10,-205.0,-205.0,-292.5,-292.5,0.445,22.2,0.16,False,0.5995203836930455,True,True
2025-12-03_12L2,2025-12-03,L,NEUTRAL,09,-205.0,-205.0,395.0,1120.0,0.214,,0.9411764705882352,True,0.8808290155440415,True,True
2025-12-03_19L2,2025-12-03,L,BULL,10,-205.0,-205.0,-255.0,-255.0,0.538,,0.5,True,0.7333333333333333,True,True
2025-12-03_25L2,2025-12-03,L,NEUTRAL,10,-205.0,-205.0,-217.5,-217.5,0.172,,0.631578947368421,True,0.7335907335907337,True,True
2025-12-03_33L2,2025-12-03,L,BULL,11,395.0,607.5,395.0,607.5,0.176,22.0,0.34375,False,1.2307692307692308,True,True
2025-12-03_48L2,2025-12-03,L,BULL,12,395.0,132.5,395.0,132.5,0.189,22.7,0.2142857142857142,False,0.9523809523809524,True,True
2025-12-03_57L2,2025-12-03,L,BULL,13,-205.0,-205.0,-117.5,-117.5,0.429,22.0,0.6363636363636364,True,0.7482993197278912,True,True
2025-12-03_69L2,2025-12-03,L,BULL,14,-205.0,-205.0,-92.5,-92.5,0.5,21.6,0.7777777777777778,True,1.0227272727272727,True,True
2025-12-04_8L2,2025-12-04,L,BEAR,09,-205.0,-205.0,-280.0,-280.0,,,0.5833333333333334,True,0.577319587628866,False,False
2025-12-04_67S2,2025-12-04,S,BEAR,14,-205.0,-205.0,-292.5,-292.5,0.195,23.8,0.6799999999999999,True,0.7886435331230284,True,True
2025-12-05_15S2,2025-12-05,S,BULL,09,395.0,995.0,395.0,995.0,0.242,,0.85,True,0.8298755186721991,False,True
2025-12-05_37S2,2025-12-05,S,BEAR,11,-205.0,-205.0,-155.0,-155.0,0.14,15.4,0.9285714285714286,True,0.6363636363636364,True,True
2025-12-05_53S2,2025-12-05,S,NEUTRAL,12,395.0,170.0,395.0,170.0,0.009,10.9,0.0769230769230768,False,0.6914893617021276,True,True
2025-12-08_13L2,2025-12-08,L,BEAR,09,-205.0,-205.0,-430.0,-430.0,0.356,,0.7777777777777778,False,1.3740458015267176,False,True
2025-12-08_53S2,2025-12-08,S,NEUTRAL,12,395.0,-205.0,395.0,-205.0,0.414,35.6,1.0,True,0.8181818181818182,True,True
2025-12-08_60S2,2025-12-08,S,BEAR,13,-205.0,-205.0,-180.0,-180.0,0.388,37.9,0.875,True,0.7339449541284403,True,True
2025-12-09_13L2,2025-12-09,L,NEUTRAL,09,-205.0,-205.0,-267.5,-267.5,0.345,,0.8260869565217391,True,1.0267857142857144,True,True
2025-12-09_42L2,2025-12-09,L,BEAR,12,-205.0,-205.0,-167.5,-167.5,0.418,24.9,0.9333333333333332,True,0.9615384615384616,False,True
2025-12-10_29L2,2025-12-10,L,NEUTRAL,10,-205.0,-205.0,-242.5,-242.5,0.6,12.2,0.9523809523809524,True,0.9292035398230089,True,True
2025-12-11_20S2,2025-12-11,S,NEUTRAL,10,-205.0,-205.0,395.0,-467.5,0.092,,0.4102564102564102,False,1.0372340425531914,True,True
2025-12-12_51L2,2025-12-12,L,BULL,12,-205.0,-205.0,-317.5,-317.5,0.111,24.0,0.8148148148148148,True,0.9712230215827338,True,True
2025-12-12_66S2,2025-12-12,S,NEUTRAL,13,-205.0,-205.0,-192.5,-192.5,0.0,19.7,0.2352941176470588,False,0.7623318385650224,True,True
2025-12-15_22L2,2025-12-15,L,BULL,10,395.0,-205.0,395.0,-467.5,0.388,,0.1282051282051282,False,0.8944954128440367,True,True
2025-12-15_34S2,2025-12-15,S,NEUTRAL,11,395.0,-205.0,395.0,-255.0,0.492,29.5,0.9545454545454546,True,0.6267806267806267,True,True
2025-12-15_46L2,2025-12-15,L,NEUTRAL,12,-205.0,-205.0,-217.5,-217.5,0.047,24.9,0.8421052631578947,True,0.625,True,True
2025-12-15_61L2,2025-12-15,L,BULL,13,-205.0,-205.0,-167.5,-167.5,0.231,15.3,0.4666666666666667,True,0.6696428571428572,True,True
2025-12-15_73L2,2025-12-15,L,BULL,14,-205.0,-205.0,-217.5,-217.5,0.058,12.9,0.7368421052631579,True,0.931372549019608,True,True
2025-12-16_9S2,2025-12-16,S,NEUTRAL,09,395.0,-205.0,395.0,570.0,,,0.8620689655172413,True,0.8854961832061069,True,False
2025-12-16_17S2,2025-12-16,S,BULL,09,-205.0,-205.0,-442.5,-442.5,0.2,,0.5405405405405406,False,0.6826568265682657,True,True
2025-12-16_54S2,2025-12-16,S,NEUTRAL,12,395.0,-205.0,395.0,-455.0,0.457,32.8,0.8947368421052632,True,1.1411411411411412,False,True
2025-12-17_10L2,2025-12-17,L,BULL,09,-205.0,-205.0,-392.5,-392.5,,,0.8181818181818182,True,0.6988235294117647,False,False
2025-12-17_29S2,2025-12-17,S,BEAR,10,-205.0,-205.0,-542.5,-542.5,0.283,58.0,0.7333333333333334,True,0.9719222462203024,True,True
2025-12-17_33S2,2025-12-17,S,BEAR,11,-205.0,-205.0,-355.0,-355.0,0.431,56.1,0.9,False,0.6849315068493151,True,True
2025-12-17_49S2,2025-12-17,S,BEAR,12,395.0,70.0,395.0,70.0,0.106,33.1,0.6956521739130435,True,0.777027027027027,True,True
2025-12-17_55S2,2025-12-17,S,BEAR,13,-205.0,-205.0,-205.0,-205.0,0.485,33.3,0.2222222222222222,False,0.6642066420664207,True,True
2025-12-18_26L2,2025-12-18,L,NEUTRAL,10,-205.0,-205.0,-217.5,-217.5,0.125,,0.6842105263157895,True,0.8370044052863437,True,True
2025-12-18_45L2,2025-12-18,L,NEUTRAL,12,395.0,-205.0,395.0,-380.0,0.566,17.3,1.0,True,0.778588807785888,True,True
2025-12-19_15S2,2025-12-19,S,NEUTRAL,09,395.0,-205.0,395.0,-280.0,0.0,,0.0416666666666666,False,0.7361963190184049,False,True
2025-12-19_41L2,2025-12-19,L,BULL,12,-205.0,-205.0,-155.0,-155.0,0.439,25.0,0.7142857142857143,True,0.8974358974358975,True,True
2025-12-19_61S2,2025-12-19,S,BULL,13,395.0,-17.5,-92.5,-92.5,0.276,17.6,0.8888888888888888,True,0.703125,False,True
2025-12-22_37L2,2025-12-22,L,BULL,11,-205.0,-205.0,-92.5,-92.5,0.184,9.8,0.5555555555555556,False,0.8571428571428571,True,True
2025-12-22_58L2,2025-12-22,L,NEUTRAL,13,395.0,295.0,395.0,295.0,0.333,15.4,0.6666666666666666,False,0.6185567010309279,False,True
2025-12-22_67L2,2025-12-22,L,BULL,14,-205.0,82.5,-55.0,-55.0,0.588,12.9,1.0,True,0.7317073170731708,True,True
2025-12-22_80L2,2025-12-22,L,NEUTRAL,15,-205.0,-17.5,-117.5,-17.5,0.022,11.9,0.8181818181818182,True,1.1,True,True
2025-12-23_13L2,2025-12-23,L,BULL,09,395.0,1107.5,395.0,1107.5,0.044,,0.4782608695652174,False,0.9163346613545816,True,True
2025-12-23_42L2,2025-12-23,L,NEUTRAL,11,395.0,320.0,395.0,320.0,0.037,27.3,0.7,True,1.25,True,True
2025-12-23_52L2,2025-12-23,L,NEUTRAL,12,-205.0,7.5,-30.0,-30.0,0.676,35.7,1.0,True,0.4705882352941176,True,True
2025-12-23_73L2,2025-12-23,L,BULL,14,-205.0,-130.0,-55.0,-55.0,0.154,45.8,0.3333333333333333,False,1.0344827586206895,True,True
2025-12-26_7S2,2025-12-26,S,NEUTRAL,09,395.0,270.0,395.0,270.0,,,0.5,True,0.7448275862068965,True,False
2025-12-26_17S2,2025-12-26,S,BEAR,09,-205.0,-205.0,-167.5,-167.5,0.161,,0.1999999999999999,False,0.7352941176470589,True,True
2025-12-26_41S2,2025-12-26,S,NEUTRAL,11,-205.0,-205.0,-130.0,-130.0,0.014,30.1,0.25,False,0.975609756097561,True,True
2025-12-26_67S2,2025-12-26,S,NEUTRAL,14,-205.0,20.0,-30.0,-30.0,0.2,12.7,0.5,False,0.5970149253731343,True,True
2025-12-29_16S2,2025-12-29,S,BULL,13,-205.0,-205.0,-192.5,-192.5,0.029,,0.1764705882352941,False,0.8173076923076923,True,True
2025-12-30_15L2,2025-12-30,L,BEAR,09,395.0,70.0,-142.5,-142.5,0.739,,0.7692307692307693,True,0.7262569832402235,False,True
2025-12-30_37L2,2025-12-30,L,NEUTRAL,11,-205.0,-205.0,-67.5,-67.5,0.057,15.3,0.8571428571428571,True,0.673076923076923,False,True
2025-12-31_19L2,2025-12-31,L,BEAR,10,395.0,-205.0,395.0,-205.0,0.442,,0.3333333333333333,False,1.0404624277456649,False,True
2025-12-31_77S2,2025-12-31,S,BEAR,14,395.0,182.5,395.0,182.5,0.328,42.7,1.0,True,1.115702479338843,True,True
2026-01-02_21L2,2026-01-02,L,BEAR,10,-205.0,-205.0,-405.0,-405.0,0.05,,0.8823529411764706,True,0.6439393939393939,False,True
2026-01-02_52S2,2026-01-02,S,BEAR,13,-205.0,-205.0,-192.5,-192.5,0.35,18.8,0.1176470588235294,False,0.7296137339055794,True,True
2026-01-02_71L2,2026-01-02,L,BULL,14,-205.0,-205.0,-267.5,-267.5,0.123,24.9,0.8695652173913043,True,1.0043668122270744,True,True
2026-01-05_8L2,2026-01-05,L,BULL,09,-205.0,-205.0,395.0,-80.0,,,0.8723404255319149,True,1.246212121212121,True,False
2026-01-05_18L2,2026-01-05,L,BULL,09,395.0,-205.0,-180.0,-180.0,0.271,,0.25,False,0.6779661016949152,True,True
2026-01-05_44S2,2026-01-05,S,NEUTRAL,12,395.0,482.5,-130.0,-130.0,0.178,29.4,0.4166666666666666,False,0.8163265306122449,True,True
2026-01-05_56S2,2026-01-05,S,NEUTRAL,13,395.0,507.5,395.0,507.5,0.474,18.5,0.5555555555555556,False,0.703125,True,True
2026-01-05_67S2,2026-01-05,S,BEAR,14,-205.0,-205.0,-142.5,-142.5,0.636,29.6,0.6923076923076923,False,1.04,True,True
2026-01-06_13S2,2026-01-06,S,BULL,09,395.0,-205.0,395.0,-167.5,0.554,,0.5333333333333333,False,0.6382978723404256,False,True
2026-01-07_16L2,2026-01-07,L,BEAR,10,395.0,-205.0,395.0,-342.5,0.052,,0.2758620689655172,False,0.9830508474576272,True,True
2026-01-07_39L2,2026-01-07,L,BULL,11,-205.0,-205.0,-117.5,-117.5,0.302,17.3,0.9090909090909092,True,1.0,True,True
2026-01-07_51L2,2026-01-07,L,NEUTRAL,13,-205.0,-205.0,-80.0,-80.0,0.231,21.0,0.625,False,0.5594405594405594,False,True
2026-01-07_71L2,2026-01-07,L,BEAR,14,-205.0,-205.0,-292.5,-292.5,0.674,35.1,0.92,True,1.6233766233766234,False,True
2026-01-08_12S2,2026-01-08,S,BULL,09,395.0,-205.0,395.0,-217.5,0.301,,0.5263157894736843,True,0.5135135135135135,False,True
2026-01-08_78L2,2026-01-08,L,BULL,14,-205.0,-205.0,-280.0,-17.5,0.208,15.9,0.8333333333333334,True,1.3714285714285714,True,True
2026-01-09_8S2,2026-01-09,S,NEUTRAL,09,395.0,-205.0,395.0,-705.0,,,0.9655172413793104,True,1.2340425531914894,True,False
2026-01-09_56L2,2026-01-09,L,BEAR,13,-205.0,-205.0,-92.5,-92.5,0.583,19.0,0.5555555555555556,False,0.6716417910447761,True,True
2026-01-09_70L2,2026-01-09,L,BULL,14,-205.0,-205.0,-80.0,-80.0,0.128,25.6,0.25,False,0.9302325581395348,True,True
2026-01-12_15L2,2026-01-12,L,BEAR,09,395.0,957.5,395.0,957.5,0.014,,0.95,True,0.9132420091324202,True,True
2026-01-12_28L2,2026-01-12,L,BULL,10,-205.0,-205.0,-155.0,-155.0,0.463,,0.2857142857142857,False,1.0294117647058825,True,True
2026-01-12_57L2,2026-01-12,L,BULL,13,395.0,32.5,395.0,32.5,0.15,40.7,0.9166666666666666,True,1.348314606741573,True,True
2026-01-12_76L2,2026-01-12,L,NEUTRAL,14,-205.0,-42.5,-80.0,-80.0,0.375,34.1,0.75,True,0.8421052631578947,True,True
2026-01-13_23S2,2026-01-13,S,BULL,10,395.0,-205.0,395.0,-217.5,0.267,,0.6842105263157895,False,0.7818930041152263,True,True
2026-01-14_16S2,2026-01-14,S,BEAR,10,-205.0,-205.0,-680.0,-680.0,0.26,,0.8928571428571429,True,1.2227074235807862,True,True
2026-01-14_21S2,2026-01-14,S,BEAR,10,-205.0,-205.0,-305.0,-305.0,0.424,,0.6923076923076923,True,0.7282913165266106,True,True
2026-01-14_37S2,2026-01-14,S,NEUTRAL,11,-205.0,-205.0,-280.0,-280.0,0.304,23.7,0.375,False,0.8450704225352114,True,True
2026-01-15_9L2,2026-01-15,L,NEUTRAL,09,395.0,-205.0,395.0,-317.5,,,0.925925925925926,True,0.8816326530612245,False,False
2026-01-15_24S2,2026-01-15,S,BULL,10,-205.0,-205.0,-255.0,-255.0,0.048,,0.1818181818181817,False,0.7913669064748201,False,True
2026-01-15_76S2,2026-01-15,S,BEAR,14,-205.0,-205.0,-242.5,-242.5,0.722,42.8,0.7619047619047619,True,0.8502024291497976,True,True
2026-01-16_34L2,2026-01-16,L,NEUTRAL,11,-205.0,-205.0,-130.0,-130.0,0.0,15.1,0.6666666666666666,True,0.6417112299465241,True,True
2026-01-16_66S2,2026-01-16,S,BEAR,13,395.0,595.0,395.0,595.0,0.234,10.5,0.25,False,0.631578947368421,True,True
2026-01-20_19L2,2026-01-20,L,NEUTRAL,10,-205.0,-205.0,-467.5,-467.5,0.298,,0.8974358974358975,True,0.9974424552429668,True,True
2026-01-21_11S2,2026-01-21,S,BULL,09,-205.0,-205.0,-555.0,-555.0,0.765,,0.5869565217391304,False,1.0772833723653394,False,False
2026-01-21_40S2,2026-01-21,S,NEUTRAL,11,-205.0,-205.0,-380.0,-380.0,0.082,38.6,0.9375,True,0.7407407407407407,True,True
2026-01-22_15S2,2026-01-22,S,BULL,09,-205.0,-205.0,-217.5,-217.5,0.203,,0.3157894736842105,False,0.4922279792746113,True,True
2026-01-23_6L2,2026-01-23,L,NEUTRAL,11,395.0,195.0,395.0,195.0,,,0.7714285714285715,True,0.8536585365853658,True,False
2026-01-23_26L2,2026-01-23,L,NEUTRAL,10,-205.0,-205.0,-430.0,-430.0,0.056,,0.25,False,1.6,True,True
2026-01-23_52S2,2026-01-23,S,BULL,12,-205.0,-205.0,-217.5,-217.5,0.285,26.0,0.8947368421052632,True,0.7196969696969697,True,True
2026-01-26_12S2,2026-01-26,S,NEUTRAL,09,395.0,-205.0,395.0,-142.5,0.254,,0.1538461538461538,False,0.5627705627705627,False,True
2026-01-27_11L2,2026-01-27,L,NEUTRAL,09,-205.0,-205.0,-167.5,-167.5,0.311,,0.8666666666666667,True,0.6437768240343348,True,False
2026-01-27_40S2,2026-01-27,S,NEUTRAL,11,395.0,-205.0,395.0,-167.5,0.193,19.6,0.7333333333333334,True,1.171875,True,True
2026-01-27_59L2,2026-01-27,L,BULL,13,-205.0,-205.0,-55.0,-55.0,0.086,16.8,0.5,True,0.6185567010309279,True,True
2026-01-27_67L2,2026-01-27,L,BULL,14,-205.0,-205.0,-42.5,-42.5,0.4,19.7,0.2,False,0.7042253521126761,True,True
2026-01-28_11L2,2026-01-28,L,NEUTRAL,09,-205.0,-205.0,-367.5,-367.5,0.114,,0.6451612903225806,True,1.1397058823529411,False,False
2026-01-29_44L2,2026-01-29,L,BULL,12,395.0,1982.5,395.0,1982.5,0.112,25.0,0.8269230769230769,True,1.4942528735632186,True,True
2026-01-29_56L2,2026-01-29,L,BULL,13,395.0,1382.5,395.0,1382.5,0.333,17.1,0.8205128205128205,True,1.3780918727915197,True,True
2026-01-29_64L2,2026-01-29,L,BULL,13,-205.0,-205.0,-142.5,-142.5,0.242,14.5,0.6923076923076923,True,0.490566037735849,True,True
2026-01-30_24L2,2026-01-30,L,BEAR,10,-205.0,-205.0,395.0,-405.0,0.468,,0.2058823529411764,False,0.8651399491094148,False,True
2026-02-02_15S2,2026-02-02,S,BULL,09,395.0,-205.0,395.0,-342.5,0.291,,0.0689655172413793,False,0.7591623036649214,False,True
2026-02-02_50L2,2026-02-02,L,NEUTRAL,12,-205.0,-205.0,-80.0,-80.0,0.186,29.8,0.375,True,0.5714285714285714,True,True
2026-02-02_72S2,2026-02-02,S,BEAR,14,395.0,107.5,395.0,107.5,0.141,28.0,0.0625,False,0.6299212598425197,True,True
2026-02-03_16S2,2026-02-03,S,BEAR,09,-205.0,-205.0,-442.5,-442.5,0.092,,0.972972972972973,True,0.6595365418894831,True,True
2026-02-03_29S2,2026-02-03,S,BEAR,10,395.0,582.5,395.0,582.5,0.585,63.8,0.375,False,0.9495548961424332,True,True
2026-02-03_37S2,2026-02-03,S,BEAR,11,395.0,-205.0,395.0,-342.5,0.589,66.2,0.9818181818181818,True,1.5277777777777777,True,True
2026-02-03_45S2,2026-02-03,S,BEAR,14,-205.0,-205.0,-555.0,-555.0,0.63,63.2,0.5,False,1.3142857142857145,True,True
2026-02-03_75S2,2026-02-03,S,NEUTRAL,14,-205.0,-205.0,-317.5,-317.5,0.565,29.0,0.1851851851851852,False,0.8035714285714285,False,True
2026-02-04_13S2,2026-02-04,S,BULL,09,395.0,-205.0,395.0,870.0,0.258,,0.6833333333333333,True,0.8915304606240714,True,True
2026-02-04_35S2,2026-02-04,S,BEAR,11,395.0,-205.0,395.0,-617.5,0.265,23.3,1.0,True,1.130820399113082,True,True
2026-02-04_52S2,2026-02-04,S,BULL,12,-205.0,-205.0,-630.0,-630.0,0.019,27.6,0.7692307692307692,False,1.0810810810810811,True,True
2026-02-05_18S2,2026-02-05,S,NEUTRAL,09,-205.0,-205.0,-680.0,-680.0,0.159,,0.75,False,0.7965860597439545,True,True
2026-02-05_36L2,2026-02-05,L,BULL,11,395.0,-205.0,395.0,-1042.5,0.305,15.5,1.0,True,1.7894736842105263,True,True
2026-02-05_73L2,2026-02-05,L,BEAR,14,-205.0,-205.0,-205.0,-205.0,0.295,14.8,0.3888888888888889,False,0.4904632152588555,False,True
2026-02-06_31L2,2026-02-06,L,NEUTRAL,11,395.0,1357.5,395.0,1357.5,0.209,19.5,0.6111111111111112,False,1.4516129032258065,True,True
2026-02-06_47L2,2026-02-06,L,BULL,12,-205.0,-205.0,-280.0,-280.0,0.071,23.3,0.9166666666666666,True,1.0810810810810811,True,True
2026-02-06_59L2,2026-02-06,L,BULL,13,395.0,707.5,395.0,707.5,0.188,20.7,0.5,True,0.9271523178807948,True,True
2026-02-06_68L2,2026-02-06,L,BULL,14,395.0,420.0,395.0,420.0,0.284,18.3,0.7391304347826086,True,1.3529411764705883,True,True
2026-02-09_7S2,2026-02-09,S,NEUTRAL,09,-205.0,-205.0,-305.0,-305.0,,,0.7307692307692308,True,0.50814332247557,True,False
2026-02-09_66S2,2026-02-09,S,BEAR,13,395.0,520.0,395.0,520.0,0.414,20.0,0.5833333333333333,True,0.9302325581395348,False,True
2026-02-09_78S2,2026-02-09,S,BEAR,15,-205.0,-205.0,-467.5,-167.5,0.525,27.9,0.7435897435897436,True,1.9796954314720812,True,True
2026-02-10_13L2,2026-02-10,L,NEUTRAL,09,-205.0,-205.0,-367.5,-367.5,0.403,,0.8064516129032258,True,0.7769423558897244,True,True
2026-02-10_29S2,2026-02-10,S,NEUTRAL,10,-205.0,-205.0,-405.0,-405.0,0.168,10.3,0.9117647058823528,False,1.2274368231046933,True,True
2026-02-10_58S2,2026-02-10,S,NEUTRAL,13,-205.0,-205.0,-205.0,-205.0,0.043,27.1,0.2777777777777778,False,0.75,True,True
2026-02-10_70L2,2026-02-10,L,BEAR,14,-205.0,-205.0,-205.0,-205.0,0.084,25.6,0.2777777777777778,False,0.989010989010989,False,True
2026-02-11_17L2,2026-02-11,L,BEAR,09,395.0,345.0,395.0,345.0,0.141,,0.0754716981132075,False,0.99250936329588,False,True
2026-02-12_31S2,2026-02-12,S,NEUTRAL,11,-205.0,-205.0,-280.0,-280.0,0.286,85.4,0.1666666666666666,False,0.482897384305835,True,True
2026-02-12_39S2,2026-02-12,S,BEAR,11,-205.0,-205.0,395.0,-442.5,0.164,67.2,0.8108108108108107,False,0.8295964125560538,True,True
2026-02-12_48S2,2026-02-12,S,BEAR,12,-205.0,-205.0,-567.5,-567.5,0.347,52.9,0.1702127659574468,False,1.124401913875598,True,True
2026-02-12_66S2,2026-02-12,S,BULL,13,-205.0,-205.0,395.0,1782.5,0.135,19.6,0.8928571428571429,True,0.853658536585366,False,True
2026-02-13_8L2,2026-02-13,L,BEAR,09,395.0,-205.0,395.0,107.5,,,0.6301369863013698,True,0.8588235294117647,True,False
2026-02-13_22L2,2026-02-13,L,BULL,10,-205.0,-205.0,-655.0,-655.0,0.022,,0.5555555555555556,False,0.907563025210084,True,True
2026-02-13_51S2,2026-02-13,S,NEUTRAL,12,395.0,1795.0,395.0,1795.0,0.121,8.2,0.375,True,0.9090909090909092,False,True
2026-02-17_12S2,2026-02-17,S,BULL,09,395.0,-205.0,395.0,-992.5,0.382,,0.9012345679012346,True,1.0411311053984575,True,True
2026-02-17_29L2,2026-02-17,L,NEUTRAL,10,-205.0,-205.0,395.0,-317.5,0.404,15.8,0.1851851851851851,False,0.5304518664047151,True,True
2026-02-17_59L2,2026-02-17,L,BULL,13,-205.0,-205.0,-205.0,-205.0,0.536,24.3,0.3888888888888889,False,0.5980066445182723,True,True
2026-02-17_78S2,2026-02-17,S,BEAR,14,-205.0,-205.0,-542.5,-292.5,0.164,15.9,0.7111111111111111,True,1.6071428571428572,True,True
2026-02-18_11S2,2026-02-18,S,BULL,09,-205.0,-205.0,-405.0,-405.0,0.545,,0.6764705882352942,False,0.6193078324225866,False,False
2026-02-18_57S2,2026-02-18,S,BEAR,13,395.0,-205.0,395.0,370.0,0.611,33.8,0.9333333333333332,True,1.048951048951049,True,True
2026-02-19_21L2,2026-02-19,L,BEAR,10,-205.0,-205.0,395.0,-442.5,0.057,,0.8918918918918919,True,0.83710407239819,True,True
2026-02-19_72S2,2026-02-19,S,NEUTRAL,14,-205.0,-205.0,-255.0,-255.0,0.419,13.6,0.7727272727272727,True,0.8178438661710038,True,True
2026-02-20_10S2,2026-02-20,S,BULL,09,395.0,-205.0,395.0,-1317.5,,,0.97196261682243,True,1.2857142857142856,False,False
2026-02-23_31L2,2026-02-23,L,NEUTRAL,11,-205.0,-205.0,-242.5,-242.5,0.418,61.1,0.3333333333333333,False,0.6796116504854369,False,True
2026-02-23_57L2,2026-02-23,L,BEAR,13,-205.0,-205.0,-192.5,-192.5,0.76,27.2,0.4705882352941176,True,0.7112970711297072,False,True
2026-02-24_25S2,2026-02-24,S,NEUTRAL,10,-205.0,-205.0,-142.5,-142.5,0.272,,0.3846153846153846,False,0.5,False,True
2026-02-25_8S2,2026-02-25,S,BULL,09,395.0,-205.0,395.0,-317.5,,,0.962962962962963,True,0.836283185840708,True,False
2026-02-25_33L2,2026-02-25,L,BULL,11,-205.0,-205.0,-230.0,-230.0,0.667,17.8,0.55,False,1.25,True,True
2026-02-25_49L2,2026-02-25,L,BULL,12,395.0,495.0,395.0,495.0,0.0,19.4,0.7142857142857143,True,0.8433734939759036,True,True
2026-02-26_21L2,2026-02-26,L,BEAR,10,395.0,-205.0,395.0,-405.0,0.606,,0.7647058823529411,True,0.6732673267326733,False,True
2026-02-27_10S2,2026-02-27,S,NEUTRAL,09,395.0,-205.0,395.0,-467.5,,,0.9230769230769232,True,0.6763005780346821,False,False
2026-03-02_15L2,2026-03-02,L,NEUTRAL,09,395.0,-205.0,395.0,982.5,0.304,,0.9682539682539684,True,1.1229946524064172,True,True
2026-03-02_34L2,2026-03-02,L,BEAR,11,395.0,-205.0,395.0,-342.5,0.778,29.8,0.9310344827586208,True,0.725,True,True
2026-03-02_75S2,2026-03-02,S,NEUTRAL,14,-205.0,-205.0,-392.5,-392.5,0.404,25.0,0.4242424242424242,False,0.8333333333333333,True,True
2026-03-03_34L2,2026-03-03,L,BULL,11,-205.0,-205.0,395.0,-380.0,0.36,25.5,0.9375,True,0.6794055201698513,True,True
2026-03-03_43L2,2026-03-03,L,NEUTRAL,12,395.0,1057.5,395.0,1057.5,0.181,22.2,0.6111111111111112,True,0.7578947368421053,True,True
2026-03-03_69L2,2026-03-03,L,NEUTRAL,14,-205.0,-205.0,-417.5,-417.5,0.036,16.6,0.8571428571428571,True,0.7510729613733905,True,True
2026-03-04_27L2,2026-03-04,L,BULL,10,-205.0,-205.0,-480.0,-480.0,0.209,,0.25,False,1.015228426395939,True,True
2026-03-04_65L2,2026-03-04,L,NEUTRAL,13,-205.0,-205.0,-167.5,-167.5,0.115,10.1,0.9333333333333332,True,1.0273972602739727,True,True
2026-03-05_10S2,2026-03-05,S,BULL,09,395.0,1207.5,395.0,1207.5,,,0.0909090909090909,False,0.8935018050541516,True,False
2026-03-05_20S2,2026-03-05,S,NEUTRAL,10,395.0,-205.0,395.0,-767.5,0.414,,0.9841269841269842,True,1.1623616236162362,True,True
2026-03-05_33S2,2026-03-05,S,BEAR,11,395.0,-205.0,395.0,157.5,0.155,23.0,0.9830508474576272,True,1.3501144164759724,True,True
2026-03-05_51L2,2026-03-05,L,NEUTRAL,12,-205.0,-205.0,-392.5,-392.5,0.224,30.7,0.5757575757575758,True,0.7382550335570469,False,True
2026-03-06_15S2,2026-03-06,S,NEUTRAL,09,395.0,-205.0,395.0,-530.0,0.427,,0.3181818181818182,False,0.7260726072607261,False,True
2026-03-06_56L2,2026-03-06,L,BULL,13,395.0,-205.0,395.0,-255.0,0.321,9.0,0.0454545454545454,False,0.6358381502890174,True,True
2026-03-06_79S2,2026-03-06,S,NEUTRAL,15,395.0,-17.5,395.0,-17.5,0.558,18.7,0.7446808510638299,True,1.010752688172043,True,True
2026-03-09_10L2,2026-03-09,L,NEUTRAL,09,-205.0,-205.0,395.0,6945.0,,,0.6326530612244898,False,0.6485294117647059,False,False
2026-03-09_35L2,2026-03-09,L,BULL,11,395.0,-205.0,395.0,-230.0,0.626,33.6,0.8,True,0.6514657980456027,True,True
2026-03-09_65S2,2026-03-09,S,NEUTRAL,13,-205.0,-205.0,395.0,-217.5,0.685,26.8,0.631578947368421,False,0.6418918918918919,False,True
2026-03-10_20S2,2026-03-10,S,NEUTRAL,10,-205.0,-205.0,-330.0,-330.0,0.732,,0.4285714285714286,False,0.6947890818858561,False,True
2026-03-11_56S2,2026-03-11,S,NEUTRAL,13,395.0,-205.0,395.0,-242.5,0.269,18.1,0.3809523809523809,False,0.5172413793103449,True,True
2026-03-12_14L2,2026-03-12,L,BEAR,09,-205.0,-205.0,-292.5,-292.5,0.341,,0.6,False,0.4612546125461254,False,True
2026-03-12_43L2,2026-03-12,L,NEUTRAL,12,395.0,-205.0,395.0,-392.5,0.137,10.2,0.7878787878787878,True,0.6626506024096386,False,True
2026-03-13_17L2,2026-03-13,L,BEAR,09,-205.0,-205.0,-530.0,-530.0,0.573,,0.7045454545454546,False,0.8782435129740519,False,True
2026-03-13_49S2,2026-03-13,S,NEUTRAL,12,-205.0,-205.0,395.0,-380.0,0.056,14.1,0.375,True,0.7619047619047619,True,True
2026-03-13_59S2,2026-03-13,S,NEUTRAL,13,-205.0,-205.0,-430.0,-430.0,0.386,13.2,0.8888888888888888,True,1.1009174311926604,True,True
2026-03-13_81S2,2026-03-13,S,BEAR,15,-205.0,-55.0,-142.5,-55.0,0.351,19.5,0.6923076923076923,False,0.4513888888888889,True,True
2026-03-16_12S2,2026-03-16,S,BULL,10,395.0,-205.0,395.0,-405.0,0.281,,0.4117647058823529,False,0.8854166666666667,False,True
2026-03-16_27S2,2026-03-16,S,BULL,10,395.0,-205.0,395.0,-242.5,0.189,,0.9047619047619048,True,0.588235294117647,False,True
2026-03-16_68L2,2026-03-16,L,NEUTRAL,14,395.0,-205.0,395.0,-292.5,0.504,18.3,0.28,False,1.4204545454545454,True,True
2026-03-17_9S2,2026-03-17,S,NEUTRAL,09,395.0,1095.0,395.0,1095.0,,,0.6666666666666667,False,0.5217391304347826,True,False
2026-03-17_15S2,2026-03-17,S,BULL,09,-205.0,-205.0,-455.0,-455.0,0.186,,0.7894736842105263,True,1.1728395061728396,True,True
2026-03-17_36S2,2026-03-17,S,BEAR,11,-205.0,-205.0,-280.0,-280.0,0.134,38.3,0.2083333333333333,True,0.7453416149068323,True,True
2026-03-17_48L2,2026-03-17,L,NEUTRAL,12,-205.0,-205.0,-242.5,-242.5,0.255,29.5,0.6666666666666666,True,0.8898305084745762,True,True
2026-03-17_55L2,2026-03-17,L,NEUTRAL,13,-205.0,-205.0,-105.0,-105.0,0.137,22.1,0.3,False,0.4716981132075472,True,True
2026-03-17_66S2,2026-03-17,S,BULL,13,-205.0,-205.0,-255.0,-255.0,0.437,23.0,0.1363636363636363,False,1.1702127659574468,True,True
2026-03-17_75S2,2026-03-17,S,BEAR,14,-205.0,-5.0,-80.0,-80.0,0.379,20.0,0.875,True,0.5095541401273885,True,True
2026-03-18_9S2,2026-03-18,S,NEUTRAL,09,395.0,4045.0,395.0,4045.0,,,0.4255319148936169,False,1.0473537604456824,True,False
2026-03-18_30L2,2026-03-18,L,NEUTRAL,10,-205.0,-205.0,-330.0,-330.0,0.278,24.0,1.0,True,0.979020979020979,True,True
2026-03-18_68L2,2026-03-18,L,BEAR,14,-205.0,-205.0,-592.5,-592.5,0.238,30.7,1.0,True,1.1448598130841123,False,True
2026-03-19_18S2,2026-03-19,S,NEUTRAL,09,-205.0,-205.0,-442.5,-442.5,0.073,,0.6216216216216216,True,0.676416819012797,False,True
2026-03-19_39L2,2026-03-19,L,NEUTRAL,11,-205.0,-205.0,-405.0,-405.0,0.421,19.2,0.9117647058823528,True,0.923913043478261,True,True
2026-03-19_75L2,2026-03-19,L,BEAR,14,-205.0,-205.0,-692.5,257.5,0.451,25.0,0.9649122807017544,True,0.8990536277602524,True,True
2026-03-20_13L2,2026-03-20,L,BEAR,09,-205.0,-205.0,-330.0,-330.0,0.468,,0.3571428571428571,False,0.5283018867924528,False,True
2026-03-23_16L2,2026-03-23,L,BULL,09,395.0,-205.0,395.0,-342.5,0.188,,0.4137931034482758,False,0.558766859344894,True,True
2026-03-23_42S2,2026-03-23,S,BEAR,11,-205.0,-205.0,395.0,-592.5,0.214,37.2,0.7142857142857143,True,1.0061601642710472,True,True
2026-03-23_74L2,2026-03-23,L,BULL,14,395.0,-205.0,395.0,-180.0,0.649,15.4,0.375,True,0.64,False,True
2026-03-24_9S2,2026-03-24,S,NEUTRAL,09,-205.0,-205.0,-955.0,-955.0,,,0.0512820512820513,False,1.233201581027668,True,False
2026-03-24_66S2,2026-03-24,S,BULL,14,-205.0,-205.0,395.0,745.0,0.216,22.7,0.65625,False,0.7901234567901234,False,True
2026-03-25_15S2,2026-03-25,S,BULL,09,-205.0,-205.0,-555.0,-555.0,0.365,,0.7173913043478262,True,0.8695652173913043,True,True
2026-03-25_30S2,2026-03-25,S,NEUTRAL,10,-205.0,-205.0,-330.0,-330.0,0.045,38.4,0.4642857142857143,False,0.5243445692883896,True,True
2026-03-26_22S2,2026-03-26,S,NEUTRAL,10,395.0,2057.5,395.0,2057.5,0.36,,0.9565217391304348,False,0.5010893246187365,True,True
2026-03-26_45S2,2026-03-26,S,NEUTRAL,12,395.0,-205.0,395.0,-155.0,0.406,31.8,0.5,False,0.4946996466431095,True,True
2026-03-26_60S2,2026-03-26,S,BEAR,13,-205.0,-205.0,-317.5,-317.5,0.524,44.2,0.1851851851851852,False,1.1020408163265305,True,True
2026-03-27_14L2,2026-03-27,L,BEAR,09,-205.0,-205.0,-330.0,-330.0,0.359,,0.8571428571428571,True,0.5313092979127134,False,True
2026-03-27_45S2,2026-03-27,S,NEUTRAL,12,395.0,2407.5,395.0,2407.5,0.173,12.5,0.6164383561643836,False,2.2955974842767297,True,True
2026-03-27_62S2,2026-03-27,S,BEAR,13,-205.0,-205.0,-180.0,-180.0,0.303,25.3,0.4375,False,0.7111111111111111,True,True
2026-03-27_75S2,2026-03-27,S,BEAR,14,395.0,670.0,395.0,670.0,0.347,19.4,0.9583333333333334,True,0.9917355371900828,True,True
2026-03-27_81S2,2026-03-27,S,BEAR,15,-205.0,-17.5,-205.0,-17.5,0.567,23.1,0.6666666666666667,False,0.5504587155963302,True,True
2026-03-30_12L2,2026-03-30,L,NEUTRAL,09,-205.0,-205.0,-380.0,-380.0,0.353,,0.8125,True,0.6986899563318778,False,True
2026-03-30_56S2,2026-03-30,S,BEAR,13,-205.0,-205.0,395.0,1095.0,0.291,26.2,0.8636363636363636,True,0.7482993197278912,True,True
2026-03-31_11S2,2026-03-31,S,BEAR,09,-205.0,-205.0,-680.0,-680.0,0.375,,0.2857142857142857,False,1.0126582278481011,False,False
2026-03-31_24L2,2026-03-31,L,NEUTRAL,10,-205.0,-205.0,-442.5,-442.5,0.056,,0.945945945945946,False,0.7283464566929134,True,True
2026-03-31_46L2,2026-03-31,L,BULL,12,395.0,-205.0,395.0,-642.5,0.544,37.2,0.9433962264150944,True,0.6091954022988506,True,True
2026-04-01_14S2,2026-04-01,S,BULL,09,395.0,-205.0,395.0,-605.0,0.575,,0.9,True,1.0351966873706004,True,True
2026-04-02_21L2,2026-04-02,L,BULL,10,-205.0,-205.0,-517.5,-517.5,0.416,,0.6976744186046512,False,0.5315203955500618,True,True
2026-04-07_13L2,2026-04-07,L,BEAR,09,-205.0,-205.0,395.0,-417.5,0.046,,0.8285714285714286,False,0.7352941176470588,True,True
2026-04-07_58L2,2026-04-07,L,BULL,13,-205.0,-205.0,-230.0,-230.0,0.288,34.6,0.8,True,0.6711409395973155,True,True
2026-04-08_10L2,2026-04-08,L,BEAR,09,-205.0,-205.0,-342.5,-342.5,,,0.6206896551724138,True,0.6,False,False
2026-04-08_72L2,2026-04-08,L,NEUTRAL,14,-205.0,-205.0,395.0,870.0,0.267,32.8,0.7272727272727273,False,0.7432432432432432,False,True
2026-04-09_35L2,2026-04-09,L,BULL,11,-205.0,-205.0,-442.5,-442.5,0.513,45.3,0.918918918918919,True,0.8525345622119817,True,True
2026-04-09_59S2,2026-04-09,S,NEUTRAL,13,-205.0,-205.0,-242.5,-242.5,0.31,35.9,0.5714285714285714,False,0.726643598615917,True,True
2026-04-09_67S2,2026-04-09,S,NEUTRAL,14,-205.0,-205.0,-117.5,-117.5,0.115,26.4,0.7272727272727273,False,0.4661016949152542,True,True
2026-04-10_10L2,2026-04-10,L,NEUTRAL,09,-205.0,-205.0,395.0,-555.0,,,0.9565217391304348,True,1.6299212598425197,True,False
2026-04-10_20L2,2026-04-10,L,NEUTRAL,10,-205.0,-205.0,-167.5,-167.5,0.068,,0.2,False,0.6410256410256411,True,True
2026-04-10_47S2,2026-04-10,S,BEAR,12,-205.0,-205.0,-205.0,-205.0,0.207,36.8,0.5,True,0.8450704225352113,True,True
2026-04-13_14S2,2026-04-13,S,NEUTRAL,09,-205.0,-205.0,-267.5,-267.5,0.244,,0.4782608695652174,False,0.5569007263922519,False,True
2026-04-13_46L2,2026-04-13,L,BULL,12,-205.0,-205.0,-92.5,-92.5,0.727,51.0,0.7777777777777778,True,0.2960526315789474,True,True
2026-04-14_15S2,2026-04-14,S,BULL,09,-205.0,-205.0,-292.5,-292.5,0.553,,0.92,True,1.2626262626262623,False,True
2026-04-14_64S2,2026-04-14,S,NEUTRAL,13,-205.0,-205.0,-330.0,-330.0,0.47,39.5,0.8928571428571429,True,1.4285714285714284,True,True
2026-04-14_78L2,2026-04-14,L,BULL,14,-205.0,-205.0,-430.0,-105.0,0.323,27.1,0.0555555555555555,False,1.773399014778325,True,True
2026-04-15_13S2,2026-04-15,S,BULL,09,-205.0,-205.0,-167.5,-167.5,0.551,,0.0,False,0.4573170731707317,False,True
2026-04-15_55L2,2026-04-15,L,BULL,13,-205.0,-205.0,-167.5,-167.5,0.447,13.6,0.0666666666666666,False,1.0714285714285714,True,True
2026-04-15_58L2,2026-04-15,L,BULL,13,395.0,495.0,395.0,495.0,0.468,17.9,0.7083333333333334,True,1.218274111675127,True,True
2026-04-16_15S2,2026-04-16,S,NEUTRAL,09,-205.0,-205.0,-205.0,-205.0,0.227,,0.8888888888888888,True,0.5421686746987951,True,True
2026-04-17_12L2,2026-04-17,L,NEUTRAL,09,395.0,570.0,395.0,570.0,0.821,,0.8857142857142857,True,1.0510510510510511,True,True
2026-04-17_24L2,2026-04-17,L,BULL,10,395.0,-205.0,395.0,-367.5,0.099,,0.8387096774193549,True,1.0402684563758389,True,True
2026-04-17_31L2,2026-04-17,L,BULL,11,395.0,-205.0,395.0,-280.0,0.299,28.7,0.125,False,0.8275862068965517,True,True
2026-04-17_54S2,2026-04-17,S,BULL,13,395.0,20.0,395.0,20.0,0.319,30.4,0.3571428571428571,False,0.4022988505747126,True,True
2026-04-20_12S2,2026-04-20,S,NEUTRAL,09,395.0,195.0,395.0,195.0,0.104,,0.0799999999999999,False,0.8143322475570033,True,True
2026-04-20_28S2,2026-04-20,S,BEAR,10,-205.0,-205.0,-292.5,-292.5,0.108,,0.84,True,0.7142857142857143,True,True
2026-04-21_23S2,2026-04-21,S,BEAR,10,395.0,-205.0,395.0,420.0,0.557,,0.4166666666666666,True,0.8977556109725685,True,True
2026-04-21_33S2,2026-04-21,S,BEAR,11,395.0,-205.0,395.0,-255.0,0.12,37.1,0.3181818181818182,False,0.6811145510835914,True,True
2026-04-21_69S2,2026-04-21,S,NEUTRAL,14,-205.0,-205.0,-205.0,-205.0,0.52,18.1,0.3333333333333333,False,0.6521739130434783,False,True
2026-04-22_17L2,2026-04-22,L,BULL,09,-205.0,-205.0,-267.5,-267.5,0.128,,0.782608695652174,True,0.7419354838709677,True,True
2026-04-23_20S2,2026-04-23,S,BULL,10,-205.0,-205.0,-167.5,-167.5,0.708,,0.8,False,0.6302521008403361,False,True
2026-04-23_73S2,2026-04-23,S,BULL,14,-205.0,-205.0,-192.5,-192.5,0.189,13.3,0.6470588235294117,False,0.5723905723905724,False,True
2026-04-24_7L2,2026-04-24,L,BEAR,09,-205.0,-205.0,395.0,1870.0,,,0.9069767441860463,True,1.1025641025641026,True,False
2026-04-24_27L2,2026-04-24,L,NEUTRAL,10,395.0,870.0,395.0,870.0,0.723,,0.4285714285714285,False,1.2,True,True
2026-04-24_35L2,2026-04-24,L,BEAR,11,-205.0,-205.0,-192.5,-192.5,0.404,31.9,0.7647058823529411,False,0.5230769230769231,True,True
2026-04-24_64S2,2026-04-24,S,NEUTRAL,13,-205.0,-205.0,-180.0,-180.0,0.286,15.2,0.8125,True,0.9580838323353292,True,True
2026-04-27_9S2,2026-04-27,S,BEAR,09,-205.0,-205.0,-280.0,-280.0,,,0.8333333333333334,True,0.7032967032967034,True,False
2026-04-27_46L2,2026-04-27,L,BULL,12,395.0,357.5,-117.5,-117.5,0.208,15.4,0.9090909090909092,True,1.1458333333333337,True,True
2026-04-27_55L2,2026-04-27,L,NEUTRAL,13,395.0,70.0,-80.0,-80.0,0.271,27.1,0.75,True,0.5095541401273885,True,True
2026-04-28_23S2,2026-04-28,S,NEUTRAL,10,395.0,-205.0,395.0,-255.0,0.143,,0.3181818181818182,True,0.6197183098591549,True,True
2026-04-29_13S2,2026-04-29,S,BULL,09,-205.0,-205.0,-142.5,-142.5,0.826,,0.5384615384615384,False,0.6220095693779905,False,True
2026-04-29_36S2,2026-04-29,S,BEAR,11,395.0,-205.0,395.0,-205.0,0.23,17.5,0.1666666666666666,False,0.6642066420664207,True,True
2026-04-29_46S2,2026-04-29,S,BEAR,12,-205.0,-205.0,-142.5,-142.5,0.067,24.3,0.5384615384615384,True,0.6403940886699507,True,True
2026-04-29_63S2,2026-04-29,S,BEAR,13,-205.0,-205.0,-592.5,-592.5,0.38,18.6,0.653061224489796,False,1.526479750778816,True,True
2026-04-29_77L2,2026-04-29,L,BULL,14,395.0,-205.0,395.0,-180.0,0.203,11.7,0.625,True,0.6504065040650406,True,True
2026-04-30_11L2,2026-04-30,L,BEAR,09,395.0,-205.0,395.0,3795.0,0.146,,0.9,False,0.9433962264150944,False,False
2026-04-30_39L2,2026-04-30,L,BULL,11,-205.0,-205.0,-130.0,-130.0,0.011,9.6,0.9166666666666666,True,0.594059405940594,True,True
2026-04-30_58L2,2026-04-30,L,NEUTRAL,13,395.0,657.5,395.0,657.5,0.732,31.9,0.75,True,0.8421052631578947,True,True
2026-04-30_68L2,2026-04-30,L,BULL,14,395.0,-205.0,395.0,182.5,0.547,45.9,0.8695652173913043,True,1.5646258503401362,True,True
2026-04-30_74L2,2026-04-30,L,BULL,14,-205.0,-205.0,-180.0,-180.0,0.291,48.4,0.625,False,1.019108280254777,True,True
2026-05-01_8S2,2026-05-01,S,NEUTRAL,09,-205.0,-205.0,-367.5,-367.5,,,0.4193548387096774,False,0.8066914498141263,False,False
2026-05-01_52S2,2026-05-01,S,NEUTRAL,12,395.0,1295.0,-92.5,-92.5,0.704,12.0,0.6666666666666667,False,0.625,False,True
2026-05-04_36S2,2026-05-04,S,BEAR,11,-205.0,-205.0,-417.5,-417.5,0.152,48.3,0.4857142857142857,False,0.691699604743083,True,True
2026-05-04_55L2,2026-05-04,L,NEUTRAL,13,-205.0,-205.0,-117.5,-117.5,0.584,23.4,0.0,False,0.5140186915887851,True,True
2026-05-04_72L2,2026-05-04,L,NEUTRAL,14,-205.0,-205.0,-130.0,-130.0,0.086,19.9,0.5833333333333334,False,0.5970149253731343,True,True
2026-05-05_9S2,2026-05-05,S,BULL,09,395.0,-205.0,395.0,-292.5,,,0.12,False,1.0471204188481675,False,False
2026-05-06_29L2,2026-05-06,L,BULL,10,-205.0,-205.0,-255.0,-255.0,0.253,20.7,0.6363636363636364,True,0.995475113122172,True,True
2026-05-06_72S2,2026-05-06,S,BULL,14,-205.0,-205.0,-130.0,-130.0,0.415,33.8,0.5833333333333333,False,0.8571428571428571,False,True
2026-05-07_14L2,2026-05-07,L,BULL,09,395.0,-205.0,395.0,-167.5,0.652,,0.8,True,0.663716814159292,True,True
2026-05-07_52S2,2026-05-07,S,BEAR,12,-205.0,-205.0,-505.0,-505.0,0.303,37.7,0.8809523809523809,True,0.9813084112149534,True,True
2026-05-07_76S2,2026-05-07,S,BEAR,14,-205.0,-205.0,-217.5,-217.5,0.044,14.9,0.4736842105263158,True,0.6713780918727915,True,True
2026-05-08_12S2,2026-05-08,S,BULL,09,-205.0,-205.0,-230.0,-230.0,0.565,,0.0999999999999999,False,0.7490636704119851,False,True
2026-05-08_49S2,2026-05-08,S,BULL,12,-205.0,-205.0,-80.0,-80.0,0.37,23.8,0.75,False,0.4968944099378881,False,True
2026-05-08_77S2,2026-05-08,S,BULL,14,-205.0,-205.0,-142.5,-142.5,0.371,18.1,0.9230769230769232,True,0.7831325301204819,False,True
2026-05-11_9L2,2026-05-11,L,NEUTRAL,09,-205.0,-205.0,-192.5,-192.5,,,0.7058823529411765,True,0.6044444444444445,True,False
2026-05-11_35L2,2026-05-11,L,NEUTRAL,11,-205.0,-205.0,-92.5,-92.5,0.308,27.1,0.3333333333333333,False,0.72,True,True
2026-05-11_45S2,2026-05-11,S,NEUTRAL,12,-205.0,-205.0,-142.5,-142.5,0.735,29.2,0.6923076923076923,True,0.7647058823529411,True,True
2026-05-11_76S2,2026-05-11,S,BEAR,14,-205.0,-205.0,-255.0,-255.0,0.071,31.3,0.9545454545454546,True,0.9777777777777776,True,True
2026-05-12_15L2,2026-05-12,L,BEAR,09,-205.0,-205.0,-567.5,-567.5,0.266,,0.9787234042553192,True,1.1868686868686869,False,True
2026-05-12_76L2,2026-05-12,L,BULL,14,395.0,-205.0,395.0,-217.5,0.804,43.9,0.8421052631578947,True,0.8837209302325582,True,True
2026-05-13_16L2,2026-05-13,L,BULL,09,395.0,2157.5,395.0,2157.5,0.391,,0.78125,True,1.0738255033557047,True,True
2026-05-13_22L2,2026-05-13,L,BULL,10,395.0,1820.0,395.0,1820.0,0.339,,0.5,False,0.944206008583691,True,True
2026-05-13_51L2,2026-05-13,L,BULL,12,395.0,157.5,-155.0,-155.0,0.373,44.9,0.6428571428571429,True,0.8235294117647058,True,True
2026-05-13_68L2,2026-05-13,L,BULL,14,-205.0,-205.0,-242.5,-242.5,0.109,33.0,0.9523809523809524,True,1.1731843575418994,True,True
2026-05-14_12S2,2026-05-14,S,BULL,09,-205.0,-205.0,-242.5,-242.5,0.165,,0.8095238095238095,True,0.6306306306306307,False,True
2026-05-15_18L2,2026-05-15,L,BULL,09,-205.0,-205.0,-555.0,-555.0,0.202,,0.9782608695652174,True,1.069767441860465,True,True
2026-05-15_53L2,2026-05-15,L,BULL,12,395.0,-205.0,395.0,-180.0,0.619,12.4,0.1875,False,0.7407407407407407,True,True
2026-05-15_74S2,2026-05-15,S,BEAR,14,-205.0,-205.0,-255.0,-255.0,0.224,25.5,0.5,False,0.9401709401709404,True,True
2026-05-18_5L2,2026-05-18,L,NEUTRAL,08,395.0,-205.0,395.0,-867.5,,,0.7464788732394366,True,1.3459715639810426,True,False
2026-05-18_15L2,2026-05-18,L,BEAR,09,-205.0,-205.0,395.0,-842.5,0.323,,0.8840579710144928,True,1.1093247588424435,False,True
2026-05-18_43S2,2026-05-18,S,BULL,12,-205.0,-205.0,-467.5,-467.5,0.008,28.3,0.8974358974358975,True,0.874439461883408,True,True
2026-05-18_51L2,2026-05-18,L,BULL,12,-205.0,-205.0,-292.5,-292.5,0.007,16.8,0.36,False,0.7352941176470589,True,True
2026-05-19_16S2,2026-05-19,S,BULL,09,-205.0,-205.0,-505.0,-505.0,0.656,,0.7142857142857143,True,0.8695652173913044,True,True
2026-05-19_30S2,2026-05-19,S,NEUTRAL,10,-205.0,-205.0,-392.5,-392.5,0.059,20.4,0.696969696969697,True,0.8776595744680851,True,True
2026-05-20_10L2,2026-05-20,L,NEUTRAL,09,395.0,2545.0,395.0,2545.0,,,0.6904761904761905,True,1.6762749445676275,True,False
2026-05-20_17L2,2026-05-20,L,BULL,09,395.0,1257.5,395.0,1257.5,0.569,,0.4722222222222222,False,0.6382978723404256,True,True
2026-05-20_28L2,2026-05-20,L,BULL,10,-205.0,-205.0,-367.5,-367.5,0.333,,0.8387096774193549,True,0.8244680851063829,True,True
2026-05-21_12L2,2026-05-21,L,NEUTRAL,09,395.0,-205.0,395.0,-492.5,0.137,,0.4390243902439024,False,0.8668076109936576,False,True
2026-05-21_40S2,2026-05-21,S,NEUTRAL,11,-205.0,-205.0,-230.0,-230.0,0.267,8.7,0.15,False,0.796812749003984,True,True
2026-05-21_63L2,2026-05-21,L,NEUTRAL,13,-205.0,-205.0,-230.0,-230.0,0.259,38.3,0.35,False,0.6329113924050632,True,True
2026-05-22_7S2,2026-05-22,S,NEUTRAL,09,395.0,-205.0,395.0,-392.5,,,0.0303030303030302,False,0.7443609022556391,True,False
2026-05-22_31L2,2026-05-22,L,BEAR,11,-205.0,-205.0,-117.5,-117.5,0.258,13.0,0.6363636363636364,False,0.5759162303664921,True,True
2026-05-22_57L2,2026-05-22,L,NEUTRAL,13,-205.0,-205.0,-155.0,-155.0,0.035,14.5,0.7142857142857143,True,0.4861111111111111,False,True
2026-05-26_39S2,2026-05-26,S,BULL,13,395.0,-205.0,395.0,-155.0,0.252,26.7,1.0,True,0.673076923076923,True,True
2026-05-27_24L2,2026-05-27,L,BEAR,10,-205.0,-205.0,-280.0,-280.0,0.404,,0.9166666666666666,True,0.9090909090909092,False,True
2026-05-27_51S2,2026-05-27,S,BULL,12,-205.0,-205.0,-180.0,-180.0,0.177,14.8,0.6875,False,0.6866952789699571,True,True
2026-05-28_15L2,2026-05-28,L,BEAR,09,-205.0,-205.0,395.0,1670.0,0.465,,0.3636363636363636,True,0.4680851063829787,True,True
2026-05-28_29L2,2026-05-28,L,BULL,10,-205.0,-205.0,-155.0,-155.0,0.164,68.2,0.1428571428571428,False,0.7567567567567568,True,True
2026-05-28_42L2,2026-05-28,L,NEUTRAL,12,395.0,582.5,-80.0,-80.0,0.352,60.4,0.375,False,0.5925925925925926,True,True
2026-05-28_58L2,2026-05-28,L,BULL,13,-205.0,-205.0,-105.0,-105.0,0.263,40.7,0.2,False,0.8849557522123893,True,True
2026-05-29_17L2,2026-05-29,L,BEAR,09,395.0,645.0,395.0,645.0,0.396,,0.4615384615384615,False,0.8469055374592834,False,True
2026-05-29_76S2,2026-05-29,S,BULL,14,395.0,345.0,395.0,345.0,0.66,17.2,1.0,True,0.932642487046632,False,True
2026-06-01_12S2,2026-06-01,S,NEUTRAL,09,-205.0,-205.0,-330.0,-330.0,0.153,,0.5,False,0.8211143695014662,True,True
2026-06-01_35L2,2026-06-01,L,BEAR,11,395.0,1095.0,395.0,1095.0,0.13,20.4,0.6666666666666666,False,1.4218009478672984,True,True
2026-06-01_59L2,2026-06-01,L,BULL,13,-205.0,-205.0,-205.0,-205.0,0.585,38.6,1.0,True,0.6766917293233082,True,True
2026-06-02_11S2,2026-06-02,S,BULL,09,-205.0,-205.0,-155.0,-155.0,0.234,,0.1428571428571429,False,0.7216494845360826,False,False
2026-06-02_75S2,2026-06-02,S,BULL,14,-205.0,-205.0,-67.5,-67.5,0.172,16.7,0.8571428571428572,True,0.7291666666666667,False,True
2026-06-03_12L2,2026-06-03,L,NEUTRAL,09,-205.0,-205.0,-317.5,-317.5,0.188,,0.5555555555555556,True,0.703125,False,True
2026-06-03_22S2,2026-06-03,S,NEUTRAL,10,395.0,1007.5,395.0,1007.5,0.326,,0.9,True,0.947867298578199,True,True
2026-06-03_34S2,2026-06-03,S,BEAR,11,395.0,-205.0,395.0,-167.5,0.581,55.2,0.4,False,0.6880733944954128,True,True
2026-06-03_47L2,2026-06-03,L,NEUTRAL,12,395.0,-205.0,395.0,-180.0,0.035,44.7,0.375,False,0.6926406926406926,False,True
2026-06-03_70L2,2026-06-03,L,NEUTRAL,14,-205.0,-205.0,-230.0,-230.0,0.708,18.8,0.65,False,1.3157894736842106,False,True
2026-06-04_11S2,2026-06-04,S,BULL,09,-205.0,-205.0,-255.0,-255.0,0.277,,0.9545454545454546,True,0.5314009661835749,False,False
2026-06-05_15S2,2026-06-05,S,NEUTRAL,09,395.0,7857.5,395.0,7857.5,0.069,,0.8148148148148149,True,0.6136363636363636,True,True
2026-06-05_26S2,2026-06-05,S,BEAR,10,395.0,6657.5,395.0,6657.5,0.548,,0.9696969696969696,True,1.0476190476190477,True,True
2026-06-05_45S2,2026-06-05,S,BEAR,12,-205.0,-205.0,-267.5,-267.5,0.386,61.4,0.6521739130434783,True,0.5764411027568922,True,True
2026-06-05_78S2,2026-06-05,S,BEAR,14,395.0,2070.0,395.0,2070.0,0.047,48.0,0.4642857142857143,False,0.9929078014184396,True,True
2026-06-08_15S2,2026-06-08,S,BULL,09,395.0,-205.0,395.0,-467.5,0.1,,0.4358974358974359,False,0.7103825136612022,False,True
2026-06-08_54S2,2026-06-08,S,BEAR,12,-205.0,-205.0,-367.5,-367.5,0.056,20.2,0.3225806451612903,False,0.7142857142857143,True,True
2026-06-08_77S2,2026-06-08,S,NEUTRAL,14,-205.0,-205.0,-367.5,57.5,0.466,21.5,0.7741935483870968,True,0.8266666666666667,True,True
2026-06-09_15S2,2026-06-09,S,NEUTRAL,09,395.0,2070.0,395.0,2070.0,0.637,,0.5813953488372092,True,0.6408345752608048,True,True
2026-06-09_22S2,2026-06-09,S,BEAR,10,395.0,-205.0,395.0,257.5,0.421,,0.5873015873015873,True,0.8256880733944955,True,True
2026-06-09_30S2,2026-06-09,S,BEAR,10,395.0,-205.0,395.0,-830.0,0.819,54.3,0.9558823529411764,True,0.997067448680352,True,True
2026-06-09_38S2,2026-06-09,S,BEAR,11,395.0,-205.0,395.0,-1105.0,0.647,58.5,0.5888888888888889,True,1.2228260869565215,True,True
2026-06-09_45S2,2026-06-09,S,NEUTRAL,12,-205.0,-205.0,-642.5,-642.5,0.092,52.3,0.4528301886792453,True,0.5561385099685204,True,True
2026-06-09_56L2,2026-06-09,L,BULL,13,-205.0,-205.0,395.0,1570.0,0.51,27.4,0.3877551020408163,False,0.7357357357357358,True,True
2026-06-10_28S2,2026-06-10,S,BULL,10,395.0,-205.0,395.0,2670.0,0.302,,0.1573033707865169,False,1.1898395721925137,True,True
2026-06-10_35S2,2026-06-10,S,NEUTRAL,11,-205.0,-205.0,-467.5,-467.5,0.104,19.4,0.5641025641025641,False,0.490566037735849,True,True
2026-06-10_67L2,2026-06-10,L,BEAR,14,-205.0,-205.0,-430.0,-430.0,0.906,17.8,0.5277777777777778,False,0.9137055837563453,False,True
2026-06-11_14L2,2026-06-11,L,NEUTRAL,09,-205.0,-205.0,-830.0,-830.0,0.043,,0.3823529411764705,False,0.768361581920904,True,True
2026-06-11_57L2,2026-06-11,L,BEAR,13,395.0,2407.5,395.0,2407.5,0.533,28.9,0.5,False,0.5985552115583075,True,True
2026-06-12_15S2,2026-06-12,S,BULL,09,395.0,-205.0,395.0,-717.5,0.173,,0.5254237288135593,False,0.845272206303725,False,True
2026-06-15_13S2,2026-06-15,S,NEUTRAL,09,-205.0,-205.0,-355.0,-355.0,0.078,,0.0999999999999999,False,0.8797653958944281,True,True
2026-06-16_18S2,2026-06-16,S,BEAR,09,-205.0,-205.0,-305.0,-305.0,0.47,,0.7692307692307692,False,0.7449856733524356,True,True
2026-06-16_39L2,2026-06-16,L,BEAR,11,-205.0,-205.0,-192.5,-192.5,0.024,25.5,0.8235294117647058,True,0.6181818181818182,False,True
2026-06-17_49S2,2026-06-17,S,BEAR,12,-205.0,-205.0,-255.0,-255.0,0.6,27.3,0.2727272727272727,False,1.0045662100456625,True,True
2026-06-17_65S2,2026-06-17,S,BULL,13,-205.0,-205.0,395.0,3720.0,0.305,28.6,0.8275862068965517,True,0.5765407554671969,False,True
2026-06-17_81S2,2026-06-17,S,BEAR,15,-205.0,45.0,-280.0,45.0,0.082,37.8,0.125,False,0.3468208092485549,True,True
2026-06-18_7L2,2026-06-18,L,NEUTRAL,09,-205.0,-205.0,395.0,1482.5,,,0.7021276595744681,True,0.7621621621621621,False,False
2026-06-22_8S2,2026-06-22,S,BULL,09,-205.0,-205.0,-305.0,-305.0,,,0.6538461538461539,True,0.446078431372549,False,False
2026-06-22_22S2,2026-06-22,S,BEAR,10,-205.0,-205.0,-392.5,-392.5,0.416,,0.4848484848484848,False,0.6707317073170731,True,True
2026-06-23_12S2,2026-06-23,S,BULL,09,-205.0,-205.0,395.0,2070.0,0.878,,0.6956521739130435,True,0.8394160583941607,False,True
2026-06-23_38L2,2026-06-23,L,NEUTRAL,11,-205.0,-205.0,-255.0,-255.0,0.605,25.7,0.2272727272727272,False,0.7119741100323624,True,True
2026-06-23_55L2,2026-06-23,L,BEAR,13,-205.0,-205.0,-230.0,-230.0,0.305,21.1,0.15,False,0.6920415224913495,False,True
2026-06-24_9S2,2026-06-24,S,BEAR,09,-205.0,-205.0,395.0,-617.5,,,0.5882352941176471,False,0.7259786476868327,True,False
2026-06-24_24L2,2026-06-24,L,NEUTRAL,10,-205.0,-205.0,-330.0,-330.0,0.498,,0.1071428571428571,False,0.6363636363636364,True,True
2026-06-24_54S2,2026-06-24,S,BEAR,12,-205.0,-205.0,-255.0,-255.0,0.62,37.7,0.1363636363636363,False,0.4670912951167728,True,True
2026-06-25_15S2,2026-06-25,S,BULL,09,395.0,-205.0,395.0,-642.5,0.422,,0.1886792452830188,False,0.624263839811543,False,True
2026-06-25_69S2,2026-06-25,S,NEUTRAL,14,395.0,-205.0,395.0,-217.5,0.406,13.3,0.368421052631579,False,0.4470588235294118,True,True
2026-06-26_19L2,2026-06-26,L,NEUTRAL,10,-205.0,-205.0,-567.5,-567.5,0.087,,0.5319148936170213,False,0.9730848861283644,True,True
2026-06-26_37L2,2026-06-26,L,BEAR,11,395.0,-205.0,395.0,-255.0,0.266,31.1,0.5454545454545454,True,0.5080831408775982,False,True
2026-06-26_75L2,2026-06-26,L,NEUTRAL,14,395.0,-205.0,395.0,-242.5,0.391,24.0,0.0952380952380952,False,0.693069306930693,True,True
2026-06-29_16S2,2026-06-29,S,NEUTRAL,09,395.0,-205.0,395.0,-505.0,0.028,,0.7619047619047619,True,0.6095791001451378,True,True
2026-06-30_23L2,2026-06-30,L,NEUTRAL,10,395.0,482.5,395.0,482.5,0.04,,0.3809523809523809,False,0.6017191977077364,True,True
2026-06-30_52L2,2026-06-30,L,NEUTRAL,12,395.0,-205.0,395.0,-205.0,0.231,48.5,1.0,True,1.2328767123287672,True,True
2026-06-30_78L2,2026-06-30,L,BULL,14,-205.0,-205.0,-367.5,-367.5,0.5,32.2,0.9032258064516128,True,1.6939890710382512,True,True
2026-07-01_19L2,2026-07-01,L,NEUTRAL,10,395.0,-205.0,395.0,-305.0,0.376,,1.0,True,0.931899641577061,True,True
2026-07-01_30L2,2026-07-01,L,BULL,10,-205.0,-205.0,-230.0,-230.0,0.368,51.9,0.35,True,0.8333333333333334,True,True
2026-07-01_49S2,2026-07-01,S,NEUTRAL,12,395.0,1445.0,395.0,1445.0,0.356,27.2,0.9,True,0.9523809523809524,True,True
2026-07-01_63S2,2026-07-01,S,BEAR,13,-205.0,-205.0,-130.0,-130.0,0.178,20.2,0.4166666666666666,False,0.6936416184971098,True,True
2026-07-01_81L2,2026-07-01,L,BEAR,15,-205.0,45.0,-242.5,45.0,0.708,31.8,0.6666666666666666,True,0.8108108108108109,False,True
2026-07-02_11S2,2026-07-02,S,NEUTRAL,09,395.0,2932.5,395.0,2932.5,0.231,,0.4883720930232558,True,0.9071729957805909,False,False
2026-07-02_20S2,2026-07-02,S,NEUTRAL,10,-205.0,-205.0,395.0,870.0,0.554,,0.9722222222222222,True,1.0942249240121582,True,True
2026-07-02_25S2,2026-07-02,S,BEAR,10,-205.0,-205.0,-580.0,-580.0,0.08,,0.9791666666666666,True,0.7007299270072993,True,True
2026-07-02_42S2,2026-07-02,S,BEAR,13,395.0,-205.0,395.0,-367.5,0.432,51.8,0.5806451612903225,True,1.0264900662251657,True,True
2026-07-02_50S2,2026-07-02,S,BEAR,12,395.0,-205.0,395.0,-342.5,0.508,58.2,0.9655172413793104,True,0.7837837837837838,True,True
2026-07-06_8L2,2026-07-06,L,NEUTRAL,09,395.0,1420.0,395.0,1420.0,,,0.3902439024390244,False,0.8996865203761756,True,False
2026-07-06_23L2,2026-07-06,L,BULL,10,395.0,-205.0,395.0,820.0,0.439,,0.7272727272727273,False,1.083743842364532,True,True
2026-07-06_32L2,2026-07-06,L,BULL,11,-205.0,-205.0,-105.0,-105.0,0.5,25.5,0.6,False,0.625,True,True
2026-07-07_7L2,2026-07-07,L,BEAR,09,-205.0,-205.0,-392.5,-392.5,,,0.696969696969697,False,0.7888446215139442,False,False
2026-07-07_76L2,2026-07-07,L,NEUTRAL,14,395.0,370.0,395.0,370.0,0.159,35.6,0.375,False,0.6177606177606177,False,True
2026-07-08_9S2,2026-07-08,S,NEUTRAL,09,395.0,-205.0,395.0,-455.0,,,0.5,False,0.8085106382978723,True,False
2026-07-08_21S2,2026-07-08,S,BEAR,10,395.0,-205.0,395.0,-255.0,0.548,,0.8636363636363636,True,0.4721030042918455,True,True
2026-07-08_57L2,2026-07-08,L,NEUTRAL,13,-205.0,-205.0,-242.5,-242.5,0.065,25.6,0.7619047619047619,False,0.7954545454545455,True,True
2026-07-09_22S2,2026-07-09,S,BULL,10,-205.0,-205.0,-230.0,-230.0,0.388,,0.8,True,0.6191950464396285,False,True
