Date,time,rev,side,entry,stop,bar,ext8,ext10
2021-06-18,2021-06-18 10:40:00,OB,1,4972.0,4960.5,25,True,True
2021-06-18,2021-06-18 11:40:00,IB,-1,4972.75,4977.5,37,True,True
2021-06-18,2021-06-18 11:55:00,Trap,1,4971.75,4967.75,40,True,True
2021-06-18,2021-06-18 12:25:00,IB,-1,4972.0,4977.0,46,True,False
2021-06-18,2021-06-18 13:40:00,IB,-1,4968.5,4973.25,61,False,False
2021-06-18,2021-06-18 14:20:00,BO,1,4970.25,4960.5,69,False,False
2021-06-18,2021-06-18 14:35:00,IB,-1,4968.5,4974.0,72,False,False
2021-06-21,2021-06-21 10:25:00,BO,1,5005.75,5001.75,22,False,False
2021-06-21,2021-06-21 11:25:00,Trap,-1,5003.75,5007.5,34,False,False
2021-06-21,2021-06-21 12:15:00,Trap,1,5005.25,5003.0,44,True,True
2021-06-21,2021-06-21 12:35:00,BO,1,5008.25,5004.75,48,False,False
2021-06-21,2021-06-21 13:05:00,BO,-1,5011.5,5015.25,54,False,False
2021-06-21,2021-06-21 14:10:00,IB,1,5014.5,5010.75,67,False,False
2021-06-21,2021-06-21 14:35:00,Trap,1,5013.0,5008.5,72,True,True
2021-06-21,2021-06-21 14:55:00,Trap,1,5014.75,5008.5,76,True,True
2021-06-22,2021-06-22 09:10:00,Trap,1,5013.25,5005.25,7,True,True
2021-06-22,2021-06-22 09:55:00,OB,1,5021.75,5017.5,16,False,False
2021-06-22,2021-06-22 12:20:00,Trap,-1,5026.75,5030.25,45,True,True
2021-06-22,2021-06-22 13:20:00,OB,1,5029.25,5027.25,57,False,False
2021-06-22,2021-06-22 13:40:00,IB,1,5033.75,5028.25,61,False,False
2021-06-22,2021-06-22 13:50:00,Trap,-1,5030.75,5034.25,63,True,True
2021-06-22,2021-06-22 14:10:00,BO,1,5038.5,5033.5,67,False,False
2021-06-23,2021-06-23 08:55:00,Trap,-1,5036.75,5042.0,4,False,False
2021-06-23,2021-06-23 10:35:00,Trap,-1,5034.75,5038.25,24,False,False
2021-06-23,2021-06-23 11:40:00,BO,-1,5032.5,5039.0,37,False,False
2021-06-23,2021-06-23 14:00:00,Trap,1,5038.5,5037.0,65,False,False
2021-06-24,2021-06-24 09:00:00,Trap,-1,5053.75,5057.25,5,False,False
2021-06-24,2021-06-24 09:25:00,BO,1,5058.75,5053.25,10,False,False
2021-06-24,2021-06-24 09:55:00,BO,-1,5054.75,5060.0,16,False,False
2021-06-24,2021-06-24 10:20:00,OB,-1,5054.25,5056.75,21,False,False
2021-06-24,2021-06-24 10:40:00,Trap,-1,5053.5,5055.75,25,False,False
2021-06-24,2021-06-24 11:40:00,Trap,1,5055.5,5053.25,37,False,False
2021-06-24,2021-06-24 14:25:00,IB,-1,5055.75,5059.0,70,False,False
2021-06-25,2021-06-25 10:10:00,Trap,1,5065.0,5063.25,19,True,True
2021-06-25,2021-06-25 11:30:00,OB,-1,5065.75,5068.5,35,True,True
2021-06-25,2021-06-25 13:40:00,OB,1,5069.75,5067.75,61,False,False
2021-06-25,2021-06-25 14:25:00,Trap,-1,5071.75,5074.75,70,True,True
2021-06-28,2021-06-28 08:40:00,Trap,-1,5072.5,5077.5,1,True,True
2021-06-28,2021-06-28 09:55:00,OB,1,5073.0,5069.0,16,False,False
2021-06-28,2021-06-28 12:40:00,IB,1,5066.0,5064.0,49,False,False
2021-06-28,2021-06-28 13:05:00,OB,1,5071.25,5068.25,54,False,False
2021-06-28,2021-06-28 13:55:00,Trap,1,5074.0,5072.25,64,False,False
2021-06-28,2021-06-28 14:20:00,Trap,1,5076.0,5072.5,69,False,False
2021-06-28,2021-06-28 14:55:00,Trap,1,5080.25,5076.0,76,False,False
2021-06-29,2021-06-29 09:35:00,IB,1,5089.5,5085.25,12,False,False
2021-06-29,2021-06-29 11:20:00,IB,1,5085.5,5083.75,33,False,False
2021-06-29,2021-06-29 13:00:00,Trap,1,5083.5,5081.25,53,True,True
2021-06-30,2021-06-30 08:35:00,Trap,-1,5078.5,5085.75,0,True,True
2021-06-30,2021-06-30 11:30:00,BO,-1,5083.0,5086.0,35,False,False
2021-06-30,2021-06-30 13:10:00,IB,-1,5082.0,5084.25,55,False,False
2021-06-30,2021-06-30 13:20:00,Trap,1,5083.75,5080.75,57,True,True
2021-06-30,2021-06-30 14:40:00,OB,1,5088.5,5084.75,73,False,False
2021-07-01,2021-07-01 10:15:00,OB,-1,5097.25,5102.25,20,False,False
2021-07-01,2021-07-01 13:25:00,BO,1,5106.75,5104.0,58,False,False
2021-07-02,2021-07-02 09:55:00,IB,1,5124.5,5122.5,16,False,False
2021-07-02,2021-07-02 11:35:00,IB,1,5132.25,5129.75,36,False,False
2021-07-02,2021-07-02 12:35:00,Trap,-1,5135.75,5137.75,48,False,False
2021-07-02,2021-07-02 13:25:00,Trap,1,5140.5,5138.75,58,False,False
2021-07-02,2021-07-02 15:05:00,BO,-1,5139.5,5146.5,78,False,False
2021-07-05,2021-07-05 09:30:00,OB,1,5143.75,5141.75,11,False,False
2021-07-05,2021-07-05 11:05:00,IB,1,5144.75,5143.75,30,False,False
2021-07-05,2021-07-05 12:00:00,OB,-1,5141.0,5145.25,41,True,True
2021-07-06,2021-07-06 09:20:00,BO,-1,5128.25,5133.0,51,False,False
2021-07-06,2021-07-06 10:20:00,IB,-1,5113.0,5117.75,63,False,False
2021-07-06,2021-07-06 11:10:00,BO,-1,5106.75,5117.5,73,False,False
2021-07-06,2021-07-06 13:20:00,Trap,1,5125.5,5121.75,99,False,False
2021-07-06,2021-07-06 13:35:00,OB,1,5129.0,5125.0,102,False,False
2021-07-07,2021-07-07 11:00:00,Trap,-1,5142.75,5146.5,29,True,True
2021-07-07,2021-07-07 11:25:00,Trap,-1,5146.0,5149.5,34,True,True
2021-07-07,2021-07-07 11:45:00,IB,-1,5143.5,5147.75,38,False,False
2021-07-07,2021-07-07 12:05:00,IB,-1,5142.75,5146.0,42,False,False
2021-07-07,2021-07-07 12:50:00,IB,1,5146.75,5141.5,51,False,False
2021-07-07,2021-07-07 13:50:00,Trap,1,5148.25,5142.25,63,True,True
2021-07-07,2021-07-07 14:35:00,Trap,1,5152.25,5148.5,72,False,False
2021-07-08,2021-07-08 09:30:00,Trap,1,5094.25,5079.75,11,True,True
2021-07-08,2021-07-08 10:10:00,Trap,1,5097.75,5084.25,19,False,False
2021-07-08,2021-07-08 11:35:00,BO,1,5118.5,5111.0,36,False,False
2021-07-08,2021-07-08 12:50:00,Trap,-1,5115.75,5120.5,51,True,False
2021-07-08,2021-07-08 14:15:00,BO,-1,5104.25,5110.75,68,False,False
2021-07-08,2021-07-08 14:25:00,Trap,1,5107.25,5100.5,70,True,True
2021-07-08,2021-07-08 14:50:00,BO,-1,5099.25,5112.5,75,False,False
2021-07-08,2021-07-08 15:00:00,OB,1,5115.0,5096.25,77,True,True
2021-07-09,2021-07-09 13:25:00,BO,1,5156.5,5154.5,58,False,False
2021-07-09,2021-07-09 13:40:00,OB,1,5158.0,5155.75,61,False,False
2021-07-09,2021-07-09 14:55:00,Trap,1,5161.75,5158.0,76,True,True
2021-07-12,2021-07-12 10:05:00,Trap,-1,5170.0,5172.0,18,False,False
2021-07-12,2021-07-12 10:40:00,BO,-1,5166.5,5169.5,25,False,False
2021-07-12,2021-07-12 11:00:00,IB,1,5170.5,5167.25,29,False,False
2021-07-12,2021-07-12 11:20:00,Trap,1,5171.25,5169.0,33,False,False
2021-07-12,2021-07-12 12:50:00,BO,-1,5169.25,5172.75,51,False,False
2021-07-12,2021-07-12 14:40:00,OB,-1,5174.0,5176.75,73,True,True
2021-07-13,2021-07-13 09:05:00,Trap,-1,5172.0,5176.0,6,False,False
2021-07-13,2021-07-13 12:10:00,OB,-1,5176.0,5180.25,43,False,False
2021-07-13,2021-07-13 12:40:00,IB,-1,5164.75,5171.75,49,False,False
2021-07-13,2021-07-13 13:45:00,BO,-1,5162.75,5169.25,62,False,False
2021-07-13,2021-07-13 14:10:00,IB,-1,5163.25,5168.0,67,False,False
2021-07-14,2021-07-14 08:50:00,IB,-1,5178.0,5184.0,3,True,True
2021-07-14,2021-07-14 09:30:00,IB,-1,5173.0,5179.25,11,False,False
2021-07-14,2021-07-14 09:50:00,BO,1,5177.0,5170.0,15,False,False
2021-07-14,2021-07-14 10:30:00,Trap,-1,5164.0,5172.75,23,False,False
2021-07-14,2021-07-14 13:15:00,Trap,1,5172.0,5168.5,56,False,False
2021-07-14,2021-07-14 13:30:00,IB,-1,5172.0,5174.5,59,True,True
2021-07-14,2021-07-14 14:05:00,IB,1,5173.5,5169.5,66,False,False
2021-07-14,2021-07-14 14:20:00,BO,-1,5169.0,5175.75,69,False,False
2021-07-14,2021-07-14 14:45:00,Trap,-1,5166.0,5171.5,74,False,False
2021-07-15,2021-07-15 08:35:00,OB,-1,5150.0,5170.25,0,False,False
2021-07-15,2021-07-15 08:50:00,Trap,1,5155.5,5144.5,3,True,True
2021-07-15,2021-07-15 09:40:00,IB,1,5157.75,5149.25,13,False,False
2021-07-15,2021-07-15 10:05:00,Trap,-1,5147.25,5154.75,18,False,False
2021-07-15,2021-07-15 10:50:00,Trap,-1,5155.75,5158.5,27,True,True
2021-07-15,2021-07-15 12:35:00,Trap,-1,5138.75,5145.0,48,False,False
2021-07-15,2021-07-15 15:00:00,BO,1,5152.5,5147.0,77,False,False
2021-07-16,2021-07-16 08:45:00,BO,-1,5157.25,5165.25,2,False,False
2021-07-16,2021-07-16 09:30:00,OB,-1,5136.75,5148.0,11,False,False
2021-07-16,2021-07-16 10:05:00,Trap,-1,5137.75,5146.0,18,False,False
2021-07-16,2021-07-16 10:55:00,Trap,1,5141.5,5134.5,28,False,False
2021-07-16,2021-07-16 12:30:00,BO,-1,5140.25,5145.5,47,False,False
2021-07-16,2021-07-16 13:05:00,Trap,-1,5133.0,5138.5,54,False,False
2021-07-16,2021-07-16 13:30:00,IB,-1,5130.25,5136.75,59,False,False
2021-07-16,2021-07-16 14:05:00,Trap,-1,5121.5,5128.25,66,False,False
2021-07-16,2021-07-16 14:15:00,Trap,1,5124.25,5120.25,68,True,True
2021-07-19,2021-07-19 08:55:00,IB,-1,5049.25,5070.5,4,False,False
2021-07-19,2021-07-19 09:30:00,IB,1,5043.75,5030.75,11,False,False
2021-07-19,2021-07-19 09:45:00,Trap,1,5047.25,5034.0,14,False,False
2021-07-19,2021-07-19 10:05:00,Trap,1,5051.5,5037.75,18,False,False
2021-07-19,2021-07-19 13:40:00,OB,-1,5025.5,5037.5,61,False,False
2021-07-19,2021-07-19 14:10:00,Trap,1,5034.25,5025.75,67,False,False
2021-07-19,2021-07-19 14:20:00,Trap,-1,5028.5,5038.75,69,True,True
2021-07-19,2021-07-19 14:55:00,OB,1,5043.25,5030.75,76,False,False
2021-07-20,2021-07-20 08:50:00,OB,1,5078.5,5056.5,3,False,False
2021-07-20,2021-07-20 09:20:00,Trap,1,5095.75,5083.5,9,False,False
2021-07-20,2021-07-20 11:10:00,Trap,-1,5113.0,5119.5,31,True,True
2021-07-20,2021-07-20 11:50:00,IB,1,5123.25,5118.75,39,False,False
2021-07-20,2021-07-20 12:10:00,OB,-1,5115.25,5125.25,43,True,True
2021-07-20,2021-07-20 12:35:00,Trap,1,5117.0,5112.75,48,True,True
2021-07-20,2021-07-20 12:45:00,Trap,-1,5113.25,5117.5,50,False,False
2021-07-20,2021-07-20 13:40:00,Trap,-1,5120.25,5123.5,61,True,True
2021-07-20,2021-07-20 14:00:00,Trap,-1,5119.5,5122.75,65,False,False
2021-07-21,2021-07-21 09:40:00,Trap,1,5137.5,5132.75,13,True,True
2021-07-21,2021-07-21 10:15:00,IB,-1,5138.0,5141.0,20,False,False
2021-07-21,2021-07-21 13:20:00,BO,-1,5141.0,5144.25,57,False,False
2021-07-21,2021-07-21 13:30:00,IB,1,5143.0,5140.5,59,True,True
2021-07-21,2021-07-21 14:30:00,IB,-1,5145.5,5148.25,71,False,False
2021-07-21,2021-07-21 15:00:00,OB,1,5150.75,5140.0,77,True,True
2021-07-22,2021-07-22 08:45:00,Trap,1,5153.25,5144.5,2,False,False
2021-07-22,2021-07-22 10:25:00,Trap,1,5153.25,5150.0,22,True,True
2021-07-22,2021-07-22 11:10:00,OB,-1,5142.0,5150.5,31,False,False
2021-07-22,2021-07-22 12:55:00,Trap,1,5156.0,5153.75,52,False,False
2021-07-22,2021-07-22 14:00:00,Trap,1,5160.75,5158.0,65,False,False
2021-07-22,2021-07-22 14:10:00,IB,-1,5159.0,5161.75,67,False,False
2021-07-22,2021-07-22 15:00:00,Trap,1,5159.25,5156.75,77,False,False
2021-07-23,2021-07-23 08:50:00,Trap,1,5179.0,5174.0,3,False,False
2021-07-23,2021-07-23 09:00:00,BO,-1,5174.0,5180.75,5,False,False
2021-07-23,2021-07-23 10:20:00,Trap,1,5192.75,5189.0,21,False,False
2021-07-23,2021-07-23 11:00:00,IB,-1,5191.5,5196.5,29,False,False
2021-07-23,2021-07-23 11:30:00,Trap,-1,5194.5,5196.75,35,True,False
2021-07-23,2021-07-23 14:35:00,BO,1,5202.75,5197.25,72,False,False
2021-07-26,2021-07-26 08:40:00,OB,1,5205.25,5196.75,1,True,True
2021-07-26,2021-07-26 14:40:00,OB,-1,5211.25,5213.0,61,True,True
2021-07-26,2021-07-26 15:00:00,BO,1,5214.0,5208.75,65,False,False
2021-07-27,2021-07-27 09:25:00,Trap,1,5193.0,5184.75,10,True,True
2021-07-27,2021-07-27 11:05:00,IB,-1,5174.5,5183.0,30,False,False
2021-07-27,2021-07-27 12:20:00,BO,-1,5169.75,5176.25,45,False,False
2021-07-27,2021-07-27 13:00:00,IB,-1,5167.25,5173.5,53,False,False
2021-07-28,2021-07-28 08:40:00,Trap,-1,5189.75,5202.5,1,True,True
2021-07-28,2021-07-28 09:45:00,IB,-1,5188.75,5200.0,14,False,False
2021-07-28,2021-07-28 10:40:00,OB,1,5197.25,5193.0,25,True,False
2021-07-28,2021-07-28 11:45:00,OB,-1,5188.5,5194.5,38,False,False
2021-07-28,2021-07-28 12:20:00,BO,-1,5185.5,5190.5,45,False,False
2021-07-28,2021-07-28 14:25:00,Trap,-1,5197.5,5203.0,70,False,False
2021-07-28,2021-07-28 14:55:00,IB,-1,5197.25,5201.25,76,False,False
2021-07-29,2021-07-29 08:35:00,IB,1,5209.75,5189.25,0,True,True
2021-07-29,2021-07-29 10:55:00,Trap,-1,5216.25,5219.0,28,False,False
2021-07-29,2021-07-29 12:30:00,IB,1,5221.25,5218.25,47,False,False
2021-07-29,2021-07-29 12:40:00,IB,-1,5220.0,5222.0,49,True,True
2021-07-29,2021-07-29 13:25:00,BO,-1,5217.0,5220.5,58,False,False
2021-07-29,2021-07-29 14:35:00,Trap,-1,5212.25,5215.0,72,False,False
2021-07-29,2021-07-29 15:05:00,BO,-1,5208.5,5213.5,78,False,False
2021-07-30,2021-07-30 08:40:00,Trap,1,5192.0,5183.25,1,True,True
2021-07-30,2021-07-30 09:50:00,Trap,-1,5190.5,5196.25,15,False,False
2021-07-30,2021-07-30 11:20:00,BO,1,5191.25,5186.5,33,False,False
2021-07-30,2021-07-30 12:25:00,Trap,-1,5190.25,5193.25,46,False,False
2021-07-30,2021-07-30 12:35:00,IB,1,5193.25,5189.5,48,False,False
2021-07-30,2021-07-30 13:30:00,OB,-1,5185.5,5191.5,59,False,False
2021-07-30,2021-07-30 14:45:00,BO,-1,5184.75,5191.5,74,False,False
2021-07-30,2021-07-30 15:05:00,OB,1,5195.0,5184.5,78,True,True
2021-08-02,2021-08-02 08:35:00,IB,1,5211.0,5192.75,0,False,False
2021-08-02,2021-08-02 11:50:00,Trap,-1,5192.5,5195.75,39,True,False
2021-08-02,2021-08-02 12:30:00,IB,-1,5193.0,5196.25,47,False,False
2021-08-02,2021-08-02 13:15:00,BO,1,5192.5,5187.75,56,False,False
2021-08-02,2021-08-02 13:35:00,Trap,1,5191.5,5189.25,60,False,False
2021-08-02,2021-08-02 14:15:00,BO,-1,5188.0,5193.0,68,False,False
2021-08-02,2021-08-02 14:45:00,OB,-1,5180.25,5186.25,74,False,False
2021-08-03,2021-08-03 08:40:00,Trap,-1,5182.25,5190.5,1,True,True
2021-08-03,2021-08-03 09:20:00,Trap,1,5177.0,5164.75,9,True,True
2021-08-03,2021-08-03 09:35:00,IB,-1,5175.0,5183.5,12,True,True
2021-08-03,2021-08-03 11:35:00,Trap,1,5198.75,5194.5,36,True,False
2021-08-03,2021-08-03 12:00:00,Trap,1,5201.75,5198.0,41,False,False
2021-08-03,2021-08-03 12:25:00,Trap,-1,5204.75,5206.5,46,False,False
2021-08-03,2021-08-03 14:00:00,IB,1,5208.5,5205.25,65,False,False
2021-08-03,2021-08-03 14:45:00,BO,-1,5210.25,5214.25,74,False,False
2021-08-04,2021-08-04 08:50:00,Trap,1,5202.75,5198.25,3,False,False
2021-08-04,2021-08-04 09:05:00,IB,1,5207.0,5198.75,6,False,False
2021-08-04,2021-08-04 09:55:00,IB,-1,5198.5,5204.0,16,False,False
2021-08-04,2021-08-04 10:10:00,Trap,1,5202.0,5196.25,19,False,False
2021-08-04,2021-08-04 11:30:00,BO,-1,5196.5,5200.75,35,False,False
2021-08-04,2021-08-04 12:55:00,OB,1,5203.5,5199.75,52,True,False
2021-08-04,2021-08-04 13:40:00,OB,1,5206.0,5203.0,61,False,False
2021-08-04,2021-08-04 14:15:00,OB,-1,5198.5,5202.25,68,False,False
2021-08-05,2021-08-05 09:00:00,IB,1,5211.25,5206.5,5,False,False
2021-08-05,2021-08-05 12:20:00,BO,1,5209.75,5207.75,45,False,False
2021-08-05,2021-08-05 13:10:00,Trap,-1,5212.25,5214.5,55,True,True
2021-08-05,2021-08-05 13:50:00,Trap,-1,5211.0,5212.75,63,False,False
2021-08-05,2021-08-05 14:15:00,Trap,-1,5211.25,5212.75,68,True,True
2021-08-06,2021-08-06 08:55:00,BO,-1,5224.75,5231.75,4,False,False
2021-08-06,2021-08-06 10:25:00,Trap,1,5227.25,5222.25,22,False,False
2021-08-06,2021-08-06 11:55:00,BO,1,5230.0,5226.75,40,False,False
2021-08-06,2021-08-06 12:45:00,Trap,-1,5228.75,5230.5,50,False,False
2021-08-06,2021-08-06 13:15:00,OB,-1,5229.0,5230.75,56,True,False
2021-08-06,2021-08-06 13:50:00,BO,-1,5225.5,5228.75,63,False,False
2021-08-06,2021-08-06 14:15:00,OB,1,5226.25,5222.75,68,True,True
2021-08-06,2021-08-06 14:35:00,OB,1,5229.25,5226.75,72,False,False
2021-08-06,2021-08-06 14:45:00,Trap,-1,5225.5,5230.25,74,True,True
2021-08-09,2021-08-09 08:40:00,OB,-1,5218.25,5231.5,1,True,True
2021-08-09,2021-08-09 08:50:00,IB,1,5223.75,5216.25,3,False,False
2021-08-09,2021-08-09 13:45:00,Trap,-1,5228.5,5231.25,62,True,True
2021-08-09,2021-08-09 14:25:00,Trap,-1,5225.75,5228.75,70,False,False
2021-08-09,2021-08-09 14:35:00,Trap,1,5228.5,5225.25,72,True,True
2021-08-09,2021-08-09 14:50:00,BO,-1,5224.75,5230.0,75,False,False
2021-08-09,2021-08-09 15:05:00,BO,1,5227.25,5223.25,78,False,False
2021-08-10,2021-08-10 08:45:00,IB,1,5230.0,5225.5,2,False,False
2021-08-10,2021-08-10 09:00:00,IB,1,5232.25,5228.75,5,False,False
2021-08-10,2021-08-10 09:15:00,OB,1,5236.5,5231.75,8,False,False
2021-08-10,2021-08-10 09:35:00,OB,-1,5229.25,5237.25,12,False,False
2021-08-10,2021-08-10 10:25:00,Trap,1,5228.75,5222.25,22,False,False
2021-08-10,2021-08-10 11:20:00,Trap,1,5234.75,5232.5,33,False,False
2021-08-10,2021-08-10 11:35:00,OB,-1,5232.5,5236.5,36,True,True
2021-08-10,2021-08-10 12:35:00,Trap,1,5233.0,5230.5,48,True,True
2021-08-11,2021-08-11 09:00:00,IB,-1,5238.75,5242.0,5,False,False
2021-08-11,2021-08-11 09:35:00,IB,-1,5237.25,5240.25,12,False,False
2021-08-11,2021-08-11 09:45:00,Trap,1,5240.0,5235.75,14,True,True
2021-08-11,2021-08-11 12:05:00,BO,1,5236.75,5234.25,42,False,False
2021-08-11,2021-08-11 12:40:00,OB,-1,5234.75,5238.0,49,False,False
2021-08-11,2021-08-11 13:10:00,Trap,1,5238.0,5235.75,55,False,False
2021-08-11,2021-08-11 13:20:00,IB,-1,5235.5,5238.0,57,True,True
2021-08-11,2021-08-11 14:45:00,BO,-1,5237.25,5240.5,74,False,False
2021-08-12,2021-08-12 09:20:00,BO,1,5235.25,5229.75,3,False,False
2021-08-12,2021-08-12 11:15:00,BO,1,5246.0,5241.75,26,False,False
2021-08-12,2021-08-12 13:35:00,Trap,1,5249.25,5247.5,54,False,False
2021-08-12,2021-08-12 13:55:00,IB,1,5251.5,5249.0,58,False,False
2021-08-12,2021-08-12 14:35:00,Trap,1,5254.0,5252.0,66,False,False
2021-08-13,2021-08-13 09:20:00,OB,1,5259.5,5254.75,9,False,False
2021-08-13,2021-08-13 09:30:00,Trap,-1,5257.25,5261.25,11,False,False
2021-08-13,2021-08-13 12:45:00,OB,1,5260.25,5258.5,50,False,False
2021-08-13,2021-08-13 13:25:00,OB,-1,5259.5,5260.75,58,False,False
2021-08-13,2021-08-13 13:40:00,BO,-1,5257.75,5259.75,61,False,False
2021-08-13,2021-08-13 14:30:00,Trap,-1,5257.75,5259.75,71,True,True
2021-08-16,2021-08-16 08:50:00,OB,-1,5239.75,5245.0,3,False,False
2021-08-16,2021-08-16 09:05:00,Trap,1,5239.5,5234.25,6,True,True
2021-08-16,2021-08-16 09:20:00,Trap,-1,5236.25,5244.5,9,False,False
2021-08-16,2021-08-16 10:35:00,IB,1,5244.5,5238.5,24,False,False
2021-08-16,2021-08-16 11:35:00,IB,-1,5246.5,5250.0,36,False,False
2021-08-16,2021-08-16 13:50:00,OB,1,5264.75,5261.0,63,False,False
2021-08-16,2021-08-16 14:00:00,Trap,-1,5264.25,5267.5,65,True,True
2021-08-16,2021-08-16 15:00:00,BO,1,5273.25,5266.75,77,False,False
2021-08-17,2021-08-17 08:40:00,Trap,1,5248.0,5239.25,1,True,True
2021-08-17,2021-08-17 08:55:00,IB,-1,5240.5,5251.25,4,False,False
2021-08-17,2021-08-17 09:30:00,Trap,1,5250.0,5242.75,11,False,False
2021-08-17,2021-08-17 10:30:00,Trap,-1,5241.5,5248.25,23,False,False
2021-08-17,2021-08-17 11:40:00,BO,-1,5223.75,5235.25,37,False,False
2021-08-17,2021-08-17 12:10:00,OB,1,5220.25,5211.25,43,True,True
2021-08-17,2021-08-17 13:35:00,BO,-1,5225.0,5230.25,60,False,False
2021-08-17,2021-08-17 13:50:00,OB,1,5229.25,5220.75,63,True,False
2021-08-18,2021-08-18 09:45:00,BO,-1,5241.0,5248.0,14,False,False
2021-08-18,2021-08-18 10:00:00,Trap,-1,5240.75,5246.5,17,False,False
2021-08-18,2021-08-18 11:30:00,BO,-1,5232.75,5239.25,35,False,False
2021-08-18,2021-08-18 13:15:00,Trap,-1,5227.5,5245.0,56,True,True
2021-08-18,2021-08-18 13:25:00,Trap,1,5230.75,5219.75,58,True,True
2021-08-18,2021-08-18 14:30:00,BO,-1,5218.5,5229.0,71,False,False
2021-08-18,2021-08-18 14:45:00,Trap,1,5217.0,5210.0,74,True,True
2021-08-19,2021-08-19 09:20:00,OB,1,5198.25,5191.75,9,False,False
2021-08-19,2021-08-19 09:40:00,BO,-1,5182.0,5194.75,13,False,False
2021-08-19,2021-08-19 10:00:00,OB,1,5197.75,5177.75,17,True,True
2021-08-19,2021-08-19 11:55:00,Trap,1,5211.25,5207.0,40,False,False
2021-08-19,2021-08-19 12:10:00,OB,-1,5202.75,5212.25,43,True,True
2021-08-19,2021-08-19 13:00:00,Trap,-1,5192.0,5202.0,53,False,False
2021-08-20,2021-08-20 08:40:00,OB,1,5211.0,5199.5,1,False,False
2021-08-20,2021-08-20 11:05:00,Trap,1,5231.75,5222.5,30,True,True
2021-08-20,2021-08-20 13:50:00,Trap,-1,5228.5,5231.75,63,False,False
2021-08-20,2021-08-20 14:15:00,Trap,1,5234.5,5230.0,68,False,False
2021-08-20,2021-08-20 14:55:00,Trap,-1,5237.25,5240.0,76,True,True
2021-08-23,2021-08-23 08:35:00,Trap,1,5259.0,5232.5,0,True,True
2021-08-23,2021-08-23 12:00:00,Trap,1,5284.5,5279.5,41,True,True
2021-08-23,2021-08-23 14:35:00,BO,1,5283.0,5279.25,72,False,False
2021-08-23,2021-08-23 15:00:00,OB,-1,5275.75,5281.25,77,False,False
2021-08-24,2021-08-24 13:50:00,IB,1,5287.25,5285.25,63,False,False
2021-08-24,2021-08-24 14:10:00,IB,-1,5286.75,5288.0,67,True,True
2021-08-24,2021-08-24 14:40:00,BO,-1,5284.0,5287.75,73,False,False
2021-08-25,2021-08-25 10:10:00,IB,1,5288.75,5286.5,19,False,False
2021-08-25,2021-08-25 10:30:00,IB,1,5291.25,5288.75,23,False,False
2021-08-25,2021-08-25 12:00:00,OB,1,5295.75,5293.5,41,True,True
2021-08-25,2021-08-25 12:30:00,OB,-1,5293.5,5295.75,47,False,False
2021-08-25,2021-08-25 13:35:00,Trap,-1,5293.5,5295.25,60,False,False
2021-08-25,2021-08-25 14:05:00,Trap,-1,5293.25,5294.5,66,False,False
2021-08-26,2021-08-26 09:25:00,BO,-1,5284.0,5289.0,10,False,False
2021-08-26,2021-08-26 12:25:00,OB,-1,5275.0,5282.0,46,False,False
2021-08-26,2021-08-26 12:35:00,Trap,1,5278.75,5274.5,48,True,True
2021-08-26,2021-08-26 13:50:00,OB,-1,5271.0,5275.0,63,False,False
2021-08-26,2021-08-26 14:20:00,IB,1,5271.75,5264.5,69,True,True
2021-08-26,2021-08-26 15:00:00,Trap,-1,5265.5,5271.0,77,False,False
2021-08-27,2021-08-27 08:35:00,IB,1,5278.0,5265.75,0,False,False
2021-08-27,2021-08-27 10:30:00,IB,-1,5295.5,5300.25,23,False,False
2021-08-27,2021-08-27 12:25:00,Trap,1,5307.25,5305.0,46,False,False
2021-08-27,2021-08-27 14:20:00,BO,1,5308.0,5305.5,69,False,False
2021-08-27,2021-08-27 14:30:00,Trap,-1,5306.25,5308.75,71,True,True
2021-08-27,2021-08-27 14:55:00,Trap,-1,5305.75,5309.5,76,True,True
2021-08-30,2021-08-30 08:55:00,IB,1,5315.75,5310.0,4,False,False
2021-08-30,2021-08-30 11:05:00,Trap,-1,5331.5,5333.25,30,True,False
2021-08-30,2021-08-30 13:40:00,Trap,-1,5330.0,5332.25,61,False,False
2021-08-30,2021-08-30 14:20:00,OB,-1,5331.25,5333.0,69,True,True
2021-08-30,2021-08-30 15:00:00,OB,-1,5325.25,5329.0,77,False,False
2021-08-31,2021-08-31 09:10:00,BO,1,5320.25,5312.0,7,False,False
2021-08-31,2021-08-31 09:35:00,Trap,1,5320.5,5316.25,12,False,False
2021-08-31,2021-08-31 11:30:00,OB,1,5327.5,5324.25,35,True,True
2021-08-31,2021-08-31 12:10:00,BO,-1,5322.5,5326.25,43,False,False
2021-08-31,2021-08-31 12:25:00,BO,-1,5318.5,5323.5,46,False,False
2021-08-31,2021-08-31 13:10:00,Trap,-1,5319.25,5322.25,55,True,False
2021-08-31,2021-08-31 13:45:00,IB,-1,5318.75,5321.5,62,False,False
2021-08-31,2021-08-31 14:40:00,Trap,1,5319.5,5315.0,73,True,True
2021-09-01,2021-09-01 10:20:00,Trap,-1,5326.5,5329.0,21,False,False
2021-09-01,2021-09-01 10:35:00,IB,1,5328.0,5324.25,24,False,False
2021-09-01,2021-09-01 13:25:00,BO,-1,5329.75,5332.75,58,False,False
2021-09-02,2021-09-02 09:40:00,Trap,-1,5336.5,5339.5,13,True,False
2021-09-02,2021-09-02 10:20:00,IB,1,5340.0,5335.75,21,True,True
2021-09-02,2021-09-02 10:55:00,IB,-1,5337.75,5339.75,28,False,False
2021-09-02,2021-09-02 13:30:00,Trap,-1,5324.25,5328.75,59,False,False
2021-09-02,2021-09-02 14:10:00,Trap,-1,5328.0,5332.0,67,True,True
2021-09-02,2021-09-02 14:25:00,Trap,-1,5326.25,5330.75,70,False,False
2021-09-02,2021-09-02 15:00:00,BO,1,5335.5,5325.0,77,False,False
2021-09-03,2021-09-03 10:55:00,Trap,-1,5329.75,5333.0,28,False,False
2021-09-03,2021-09-03 11:10:00,Trap,1,5331.0,5328.0,31,True,True
2021-09-03,2021-09-03 11:35:00,IB,-1,5329.0,5332.0,36,True,False
2021-09-03,2021-09-03 12:45:00,Trap,1,5336.75,5334.0,50,False,False
2021-09-03,2021-09-03 14:45:00,Trap,-1,5334.75,5338.5,74,False,False
2021-09-06,2021-09-06 10:50:00,IB,-1,5344.25,5345.25,27,False,False
2021-09-06,2021-09-06 11:35:00,BO,-1,5342.75,5345.0,36,False,False
2021-09-07,2021-09-07 08:40:00,BO,-1,5322.5,5344.75,43,False,False
2021-09-07,2021-09-07 09:10:00,Trap,-1,5316.0,5321.25,49,False,False
2021-09-07,2021-09-07 10:35:00,Trap,1,5316.75,5311.25,66,False,False
2021-09-07,2021-09-07 11:05:00,Trap,1,5318.0,5313.5,72,False,False
2021-09-07,2021-09-07 11:50:00,OB,1,5324.5,5320.25,81,False,False
2021-09-07,2021-09-07 12:15:00,IB,1,5326.5,5323.5,86,False,False
2021-09-07,2021-09-07 13:05:00,IB,-1,5325.25,5327.25,96,True,True
2021-09-07,2021-09-07 15:05:00,IB,-1,5316.5,5320.25,120,False,False
2021-09-08,2021-09-08 08:35:00,BO,-1,5307.0,5318.0,0,False,False
2021-09-08,2021-09-08 10:05:00,Trap,1,5303.25,5291.5,18,True,True
2021-09-08,2021-09-08 10:35:00,IB,-1,5299.75,5306.75,24,False,False
2021-09-08,2021-09-08 15:00:00,BO,1,5312.5,5307.75,77,False,False
2021-09-09,2021-09-09 09:50:00,BO,-1,5322.75,5327.25,15,False,False
2021-09-09,2021-09-09 10:20:00,IB,-1,5317.0,5323.0,21,False,False
2021-09-09,2021-09-09 12:00:00,OB,-1,5309.25,5313.5,41,False,False
2021-09-09,2021-09-09 12:25:00,OB,-1,5300.25,5313.75,46,False,False
2021-09-09,2021-09-09 12:40:00,BO,-1,5293.5,5301.25,49,False,False
2021-09-09,2021-09-09 13:05:00,OB,-1,5290.5,5299.5,54,False,False
2021-09-09,2021-09-09 13:50:00,Trap,1,5299.25,5292.5,63,False,False
2021-09-09,2021-09-09 14:10:00,Trap,-1,5299.25,5303.0,67,True,True
2021-09-09,2021-09-09 14:45:00,BO,1,5302.75,5296.25,74,False,False
2021-09-09,2021-09-09 14:55:00,BO,-1,5293.5,5304.75,76,False,False
2021-09-10,2021-09-10 08:40:00,Trap,-1,5310.75,5318.25,1,True,True
2021-09-10,2021-09-10 12:25:00,IB,-1,5291.75,5296.75,46,False,False
2021-09-10,2021-09-10 13:10:00,Trap,-1,5288.25,5290.75,55,False,False
2021-09-10,2021-09-10 13:35:00,OB,-1,5281.25,5287.75,60,False,False
2021-09-10,2021-09-10 13:45:00,Trap,1,5284.5,5281.0,62,True,True
2021-09-10,2021-09-10 14:05:00,OB,-1,5279.25,5285.0,66,False,False
2021-09-10,2021-09-10 14:25:00,BO,-1,5271.5,5278.75,70,False,False
2021-09-10,2021-09-10 14:55:00,BO,-1,5258.25,5266.5,76,False,False
2021-09-10,2021-09-10 15:05:00,Trap,1,5261.5,5256.25,78,True,True
2021-09-13,2021-09-13 08:40:00,Trap,-1,5279.5,5292.5,1,True,True
2021-09-13,2021-09-13 08:55:00,Trap,1,5279.5,5270.75,4,False,False
2021-09-13,2021-09-13 09:05:00,IB,-1,5265.5,5283.0,6,False,False
2021-09-13,2021-09-13 10:25:00,Trap,1,5260.25,5251.25,22,True,True
2021-09-13,2021-09-13 13:05:00,IB,1,5254.0,5250.0,54,True,True
2021-09-13,2021-09-13 13:15:00,IB,-1,5247.75,5256.0,56,False,False
2021-09-13,2021-09-13 13:50:00,BO,1,5252.0,5244.0,63,False,False
2021-09-13,2021-09-13 14:15:00,OB,1,5255.25,5243.5,68,True,True
2021-09-13,2021-09-13 14:55:00,Trap,1,5264.5,5257.0,76,False,False
2021-09-14,2021-09-14 08:40:00,Trap,-1,5278.0,5286.25,1,True,True
2021-09-14,2021-09-14 09:40:00,Trap,-1,5251.0,5261.75,13,False,False
2021-09-14,2021-09-14 11:40:00,BO,-1,5257.5,5261.75,37,False,False
2021-09-14,2021-09-14 12:20:00,Trap,1,5248.75,5242.75,45,True,True
2021-09-14,2021-09-14 14:00:00,Trap,1,5243.0,5234.25,65,True,True
2021-09-15,2021-09-15 08:50:00,Trap,1,5256.0,5236.5,3,False,False
2021-09-15,2021-09-15 09:15:00,BO,-1,5245.75,5257.75,8,False,False
2021-09-15,2021-09-15 09:45:00,Trap,-1,5246.25,5254.5,14,False,False
2021-09-15,2021-09-15 10:35:00,Trap,-1,5253.25,5258.0,24,True,True
2021-09-15,2021-09-15 10:50:00,IB,-1,5252.0,5255.5,27,False,False
2021-09-15,2021-09-15 11:00:00,IB,1,5256.25,5250.5,29,False,False
2021-09-15,2021-09-15 11:25:00,BO,1,5260.25,5254.5,34,False,False
2021-09-15,2021-09-15 12:50:00,Trap,1,5280.25,5276.75,51,False,False
2021-09-15,2021-09-15 13:05:00,BO,-1,5276.0,5281.5,54,False,False
2021-09-15,2021-09-15 13:20:00,Trap,-1,5274.75,5279.25,57,False,False
2021-09-15,2021-09-15 13:45:00,Trap,-1,5276.0,5279.75,62,True,False
2021-09-15,2021-09-15 14:40:00,OB,1,5285.75,5280.5,73,False,False
2021-09-15,2021-09-15 14:55:00,OB,-1,5281.5,5286.75,76,True,True
2021-09-16,2021-09-16 08:45:00,IB,-1,5273.25,5285.0,2,False,False
2021-09-16,2021-09-16 11:55:00,Trap,-1,5260.0,5265.25,40,True,True
2021-09-16,2021-09-16 12:55:00,OB,1,5267.75,5255.75,52,True,True
2021-09-16,2021-09-16 13:15:00,Trap,1,5272.0,5266.5,56,False,False
2021-09-16,2021-09-16 13:55:00,IB,1,5274.5,5269.75,64,False,False
2021-09-16,2021-09-16 14:20:00,Trap,-1,5280.5,5285.5,69,True,True
2021-09-16,2021-09-16 14:50:00,BO,-1,5274.25,5280.25,75,False,False
2021-09-17,2021-09-17 08:35:00,Trap,-1,5262.25,5273.5,0,False,False
2021-09-17,2021-09-17 09:55:00,Trap,1,5241.5,5234.5,16,True,True
2021-09-17,2021-09-17 10:30:00,Trap,-1,5238.5,5246.25,23,True,False
2021-09-17,2021-09-17 12:05:00,BO,-1,5238.75,5246.0,42,False,False
2021-09-17,2021-09-17 12:50:00,OB,-1,5227.0,5237.5,51,False,False
2021-09-17,2021-09-17 14:15:00,BO,-1,5229.25,5237.0,68,False,False
2021-09-17,2021-09-17 15:05:00,Trap,-1,5225.25,5236.5,78,False,False
2021-09-20,2021-09-20 09:05:00,IB,-1,5165.25,5176.75,6,False,False
2021-09-20,2021-09-20 11:25:00,Trap,-1,5134.5,5141.75,34,False,False
2021-09-20,2021-09-20 14:30:00,BO,1,5123.5,5102.75,71,False,False
2021-09-20,2021-09-20 15:00:00,BO,1,5155.5,5136.25,77,False,False
2021-09-21,2021-09-21 09:00:00,IB,-1,5178.75,5194.0,5,False,False
2021-09-21,2021-09-21 11:55:00,OB,-1,5167.0,5177.25,40,False,False
2021-09-21,2021-09-21 13:05:00,IB,1,5161.25,5152.5,54,False,False
2021-09-22,2021-09-22 09:00:00,BO,1,5183.25,5167.75,5,False,False
2021-09-22,2021-09-22 10:35:00,Trap,1,5200.25,5195.25,24,False,False
2021-09-22,2021-09-22 12:10:00,BO,-1,5195.25,5200.75,43,False,False
2021-09-22,2021-09-22 12:55:00,BO,-1,5192.25,5197.25,52,False,False
2021-09-22,2021-09-22 13:25:00,Trap,-1,5204.75,5215.5,58,True,True
2021-09-23,2021-09-23 08:40:00,BO,1,5230.25,5193.0,1,False,False
2021-09-23,2021-09-23 10:30:00,Trap,1,5248.5,5243.0,23,True,True
2021-09-23,2021-09-23 10:55:00,Trap,1,5251.25,5246.5,28,False,False
2021-09-23,2021-09-23 12:10:00,BO,1,5258.5,5251.5,43,False,False
2021-09-23,2021-09-23 13:00:00,BO,1,5263.75,5261.0,53,False,False
2021-09-23,2021-09-23 13:10:00,IB,-1,5260.25,5264.0,55,True,True
2021-09-23,2021-09-23 14:15:00,BO,-1,5251.75,5258.0,68,False,False
2021-09-24,2021-09-24 09:00:00,IB,1,5250.75,5233.25,5,False,False
2021-09-24,2021-09-24 10:05:00,IB,1,5246.5,5236.75,18,False,False
2021-09-24,2021-09-24 10:30:00,BO,-1,5237.75,5245.5,23,False,False
2021-09-24,2021-09-24 10:55:00,BO,1,5248.0,5239.25,28,False,False
2021-09-24,2021-09-24 11:35:00,OB,-1,5247.5,5251.0,36,True,True
2021-09-24,2021-09-24 12:55:00,Trap,-1,5244.5,5248.25,52,False,False
2021-09-24,2021-09-24 14:10:00,BO,-1,5249.5,5254.75,67,False,False
2021-09-27,2021-09-27 08:50:00,Trap,1,5244.25,5234.0,3,True,True
2021-09-27,2021-09-27 11:35:00,BO,-1,5242.75,5247.5,36,False,False
2021-09-27,2021-09-27 13:40:00,OB,-1,5248.0,5252.25,61,True,True
2021-09-27,2021-09-27 14:05:00,OB,-1,5246.0,5249.75,66,False,False
2021-09-27,2021-09-27 14:15:00,Trap,1,5252.0,5245.5,68,True,True
2021-09-27,2021-09-27 14:55:00,BO,-1,5240.0,5249.0,76,False,False
2021-09-28,2021-09-28 08:50:00,BO,-1,5194.25,5208.75,3,False,False
2021-09-28,2021-09-28 09:00:00,Trap,1,5195.0,5186.75,5,True,True
2021-09-28,2021-09-28 09:10:00,BO,-1,5177.5,5196.75,7,False,False
2021-09-28,2021-09-28 09:30:00,Trap,1,5173.0,5164.25,11,True,True
2021-09-28,2021-09-28 11:15:00,Trap,1,5163.75,5151.0,32,True,True
2021-09-28,2021-09-28 11:45:00,BO,-1,5149.5,5160.75,38,False,False
2021-09-28,2021-09-28 12:50:00,Trap,-1,5155.75,5164.0,51,False,False
2021-09-28,2021-09-28 13:15:00,Trap,-1,5146.75,5154.75,56,False,False
2021-09-28,2021-09-28 13:25:00,BO,1,5164.0,5144.5,58,False,False
2021-09-28,2021-09-28 13:45:00,Trap,1,5169.0,5156.75,62,False,False
2021-09-29,2021-09-29 08:55:00,OB,1,5177.25,5155.0,4,False,False
2021-09-29,2021-09-29 09:50:00,BO,1,5182.5,5170.75,15,False,False
2021-09-29,2021-09-29 10:50:00,Trap,1,5170.0,5164.5,27,True,True
2021-09-29,2021-09-29 11:15:00,OB,-1,5165.0,5174.0,32,False,False
2021-09-29,2021-09-29 11:55:00,Trap,1,5166.5,5158.25,40,False,False
2021-09-29,2021-09-29 12:05:00,Trap,-1,5161.0,5168.5,42,True,False
2021-09-29,2021-09-29 12:30:00,Trap,-1,5161.0,5168.5,47,True,True
2021-09-29,2021-09-29 15:05:00,Trap,1,5165.0,5154.25,78,True,True
2021-09-30,2021-09-30 08:40:00,Trap,-1,5170.0,5182.5,1,True,True
2021-09-30,2021-09-30 08:50:00,IB,1,5179.0,5166.75,3,False,False
2021-09-30,2021-09-30 10:40:00,OB,-1,5143.25,5161.5,25,False,False
2021-09-30,2021-09-30 11:10:00,OB,-1,5119.25,5138.5,31,False,False
2021-09-30,2021-09-30 12:55:00,OB,1,5131.75,5122.0,52,False,False
2021-09-30,2021-09-30 13:35:00,OB,1,5146.25,5134.0,60,False,False
2021-09-30,2021-09-30 14:45:00,BO,-1,5127.25,5146.25,74,False,False
2021-10-01,2021-10-01 08:40:00,Trap,-1,5111.25,5130.25,1,False,False
2021-10-01,2021-10-01 09:20:00,IB,-1,5094.25,5115.0,9,False,False
2021-10-01,2021-10-01 10:10:00,Trap,-1,5097.0,5110.5,19,True,True
2021-10-01,2021-10-01 11:25:00,Trap,1,5129.75,5121.25,34,True,False
2021-10-01,2021-10-01 12:10:00,OB,1,5136.25,5123.75,43,True,False
2021-10-01,2021-10-01 13:55:00,IB,1,5161.75,5153.75,64,False,False
2021-10-04,2021-10-04 09:25:00,BO,-1,5115.25,5135.75,10,False,False
2021-10-04,2021-10-04 09:55:00,IB,-1,5084.5,5105.5,16,False,False
2021-10-04,2021-10-04 10:25:00,Trap,-1,5088.75,5101.75,22,False,False
2021-10-04,2021-10-04 11:25:00,BO,-1,5087.75,5098.5,34,False,False
2021-10-04,2021-10-04 11:45:00,BO,-1,5081.25,5092.5,38,False,False
2021-10-04,2021-10-04 11:55:00,Trap,1,5087.75,5079.75,40,True,True
2021-10-04,2021-10-04 12:05:00,Trap,-1,5078.5,5089.75,42,False,False
2021-10-04,2021-10-04 14:35:00,BO,1,5094.5,5086.25,72,False,False
2021-10-04,2021-10-04 14:55:00,Trap,-1,5089.25,5104.0,76,True,False
2021-10-05,2021-10-05 08:55:00,BO,1,5127.0,5110.0,4,False,False
2021-10-05,2021-10-05 09:30:00,BO,1,5151.25,5140.5,11,False,False
2021-10-05,2021-10-05 10:45:00,OB,-1,5154.25,5163.5,26,False,False
2021-10-05,2021-10-05 11:00:00,OB,1,5159.5,5151.75,29,True,True
2021-10-05,2021-10-05 12:45:00,Trap,1,5165.0,5158.0,50,False,False
2021-10-05,2021-10-05 13:05:00,Trap,1,5165.5,5161.0,54,False,False
2021-10-05,2021-10-05 13:30:00,Trap,1,5165.25,5160.25,59,True,False
2021-10-05,2021-10-05 14:25:00,Trap,-1,5158.75,5167.25,70,False,False
2021-10-06,2021-10-06 08:55:00,OB,-1,5106.0,5126.25,4,False,False
2021-10-06,2021-10-06 09:15:00,Trap,1,5108.5,5088.5,8,True,True
2021-10-06,2021-10-06 10:25:00,IB,-1,5108.0,5122.5,22,False,False
2021-10-06,2021-10-06 10:55:00,BO,1,5119.75,5106.25,28,False,False
2021-10-06,2021-10-06 11:10:00,OB,-1,5109.75,5125.25,31,True,True
2021-10-06,2021-10-06 12:15:00,Trap,1,5113.75,5105.25,44,True,False
2021-10-06,2021-10-06 13:05:00,IB,1,5142.75,5130.75,54,False,False
2021-10-07,2021-10-07 08:45:00,Trap,-1,5209.25,5215.5,2,True,True
2021-10-07,2021-10-07 09:00:00,BO,1,5220.25,5205.25,5,False,False
2021-10-07,2021-10-07 11:10:00,Trap,-1,5225.75,5229.5,31,True,True
2021-10-07,2021-10-07 11:50:00,OB,-1,5222.25,5226.75,39,False,False
2021-10-07,2021-10-07 12:00:00,Trap,1,5225.25,5220.75,41,True,True
2021-10-07,2021-10-07 13:05:00,OB,-1,5214.5,5222.0,54,False,False
2021-10-07,2021-10-07 13:25:00,Trap,-1,5214.0,5217.25,58,False,False
2021-10-07,2021-10-07 14:10:00,Trap,1,5209.75,5202.25,67,True,True
2021-10-07,2021-10-07 14:40:00,IB,-1,5205.25,5211.25,73,False,False
2021-10-08,2021-10-08 11:40:00,Trap,1,5198.0,5191.25,37,True,True
2021-10-08,2021-10-08 13:05:00,BO,1,5196.5,5189.25,54,False,False
2021-10-08,2021-10-08 13:20:00,Trap,1,5199.25,5195.75,57,False,False
2021-10-08,2021-10-08 14:10:00,OB,1,5203.25,5199.5,67,True,False
2021-10-08,2021-10-08 14:40:00,BO,-1,5195.75,5203.0,73,False,False
2021-10-08,2021-10-08 15:05:00,Trap,-1,5188.75,5194.5,78,False,False
2021-10-11,2021-10-11 09:55:00,IB,1,5212.5,5208.75,16,False,False
2021-10-11,2021-10-11 10:20:00,OB,-1,5205.25,5212.25,21,False,False
2021-10-11,2021-10-11 10:50:00,Trap,-1,5211.0,5215.0,27,True,True
2021-10-11,2021-10-11 13:25:00,Trap,-1,5178.0,5186.5,58,True,True
2021-10-11,2021-10-11 13:35:00,Trap,1,5179.25,5176.0,60,False,False
2021-10-12,2021-10-12 08:55:00,Trap,1,5162.5,5148.0,4,True,True
2021-10-12,2021-10-12 10:10:00,BO,1,5165.5,5152.75,19,False,False
2021-10-12,2021-10-12 11:35:00,BO,-1,5157.0,5167.5,36,False,False
2021-10-12,2021-10-12 12:35:00,OB,1,5158.0,5150.25,48,True,True
2021-10-12,2021-10-12 12:55:00,Trap,-1,5154.25,5161.75,52,True,True
2021-10-12,2021-10-12 14:05:00,OB,-1,5154.0,5161.75,66,False,False
2021-10-12,2021-10-12 14:45:00,OB,-1,5144.0,5156.5,74,True,False
2021-10-13,2021-10-13 08:50:00,BO,-1,5146.75,5166.25,3,False,False
2021-10-13,2021-10-13 09:15:00,IB,-1,5130.75,5145.25,8,False,False
2021-10-13,2021-10-13 10:25:00,Trap,-1,5141.5,5146.75,22,False,False
2021-10-13,2021-10-13 10:45:00,Trap,1,5145.25,5135.75,26,True,True
2021-10-13,2021-10-13 11:30:00,Trap,1,5152.0,5146.25,35,False,False
2021-10-13,2021-10-13 11:45:00,IB,1,5152.5,5148.5,38,False,False
2021-10-13,2021-10-13 13:15:00,Trap,1,5167.25,5154.0,56,True,False
2021-10-13,2021-10-13 14:05:00,Trap,-1,5155.25,5159.75,66,False,False
2021-10-13,2021-10-13 14:45:00,Trap,-1,5158.0,5163.0,74,False,False
2021-10-13,2021-10-13 14:55:00,OB,1,5164.5,5157.0,76,True,False
2021-10-14,2021-10-14 08:40:00,Trap,-1,5199.75,5208.0,1,True,True
2021-10-14,2021-10-14 09:05:00,Trap,1,5218.5,5206.0,6,False,False
2021-10-14,2021-10-14 12:35:00,IB,1,5233.5,5229.25,48,False,False
2021-10-14,2021-10-14 12:50:00,BO,1,5237.0,5233.0,51,False,False
2021-10-14,2021-10-14 14:40:00,IB,-1,5231.75,5236.0,73,False,False
2021-10-15,2021-10-15 11:25:00,Trap,-1,5262.75,5266.0,34,True,False
2021-10-15,2021-10-15 11:45:00,Trap,1,5266.75,5261.5,38,False,False
2021-10-15,2021-10-15 12:05:00,Trap,-1,5264.75,5267.75,42,True,True
2021-10-15,2021-10-15 13:10:00,BO,1,5274.5,5269.0,55,False,False
2021-10-15,2021-10-15 13:35:00,Trap,-1,5272.75,5276.5,60,True,True
2021-10-15,2021-10-15 14:00:00,Trap,1,5274.0,5270.0,65,True,True
2021-10-15,2021-10-15 14:10:00,OB,-1,5267.5,5275.0,67,False,False
2021-10-15,2021-10-15 14:30:00,Trap,1,5272.0,5267.25,71,True,True
2021-10-15,2021-10-15 15:00:00,OB,1,5272.25,5267.5,77,False,False
2021-10-18,2021-10-18 08:35:00,IB,-1,5248.5,5273.0,0,False,False
2021-10-18,2021-10-18 08:45:00,Trap,1,5259.75,5245.75,2,True,True
2021-10-18,2021-10-18 09:45:00,IB,1,5272.0,5264.75,14,False,False
2021-10-18,2021-10-18 11:35:00,Trap,1,5282.25,5279.5,36,True,False
2021-10-18,2021-10-18 12:05:00,OB,1,5280.0,5277.75,42,True,True
2021-10-18,2021-10-18 12:20:00,BO,1,5281.75,5279.0,45,False,False
2021-10-18,2021-10-18 13:15:00,Trap,-1,5279.5,5281.5,56,False,False
2021-10-18,2021-10-18 14:55:00,BO,1,5287.25,5282.0,76,False,False
2021-10-19,2021-10-19 08:35:00,OB,1,5302.0,5284.0,0,False,False
2021-10-19,2021-10-19 10:00:00,OB,1,5312.0,5306.75,17,False,False
2021-10-19,2021-10-19 10:25:00,Trap,-1,5312.5,5316.25,22,True,True
2021-10-19,2021-10-19 11:25:00,Trap,-1,5315.25,5317.5,34,True,True
2021-10-19,2021-10-19 12:00:00,Trap,1,5318.75,5315.75,41,False,False
2021-10-19,2021-10-19 12:40:00,Trap,1,5317.5,5315.5,49,False,False
2021-10-19,2021-10-19 13:30:00,BO,-1,5314.25,5317.75,59,False,False
2021-10-20,2021-10-20 08:40:00,BO,1,5326.75,5323.0,1,False,False
2021-10-20,2021-10-20 10:00:00,Trap,-1,5334.5,5340.0,17,False,False
2021-10-20,2021-10-20 10:30:00,Trap,-1,5334.0,5337.5,23,False,False
2021-10-20,2021-10-20 10:50:00,Trap,1,5336.75,5333.0,27,False,False
2021-10-20,2021-10-20 12:10:00,OB,-1,5333.0,5339.25,43,True,True
2021-10-20,2021-10-20 13:55:00,IB,1,5336.5,5334.0,64,False,False
2021-10-20,2021-10-20 14:20:00,OB,-1,5335.25,5338.75,69,True,True
2021-10-20,2021-10-20 15:00:00,Trap,1,5338.25,5331.75,77,False,False
2021-10-21,2021-10-21 09:50:00,IB,1,5341.5,5337.0,15,False,False
2021-10-21,2021-10-21 10:00:00,BO,-1,5337.0,5342.5,17,False,False
2021-10-21,2021-10-21 12:30:00,BO,1,5336.75,5333.75,47,False,False
2021-10-21,2021-10-21 12:50:00,OB,-1,5335.5,5337.75,51,True,True
2021-10-21,2021-10-21 13:05:00,IB,1,5334.25,5331.25,54,False,False
2021-10-21,2021-10-21 13:50:00,Trap,1,5337.75,5335.75,63,False,False
2021-10-21,2021-10-21 14:25:00,OB,1,5345.75,5341.0,70,False,False
2021-10-22,2021-10-22 08:40:00,Trap,1,5356.0,5342.75,1,True,True
2021-10-22,2021-10-22 10:20:00,BO,-1,5345.25,5353.25,21,False,False
2021-10-22,2021-10-22 10:40:00,Trap,-1,5328.0,5339.25,25,False,False
2021-10-22,2021-10-22 14:55:00,Trap,1,5347.75,5342.5,76,False,False
2021-10-22,2021-10-22 15:05:00,IB,-1,5343.0,5348.75,78,False,False
2021-10-25,2021-10-25 08:40:00,Trap,-1,5344.0,5357.0,1,True,True
2021-10-25,2021-10-25 10:10:00,OB,1,5358.5,5354.0,19,False,False
2021-10-25,2021-10-25 11:00:00,OB,1,5363.0,5358.5,29,False,False
2021-10-25,2021-10-25 12:10:00,BO,1,5370.5,5367.75,43,False,False
2021-10-25,2021-10-25 12:25:00,IB,-1,5369.25,5373.0,46,False,False
2021-10-25,2021-10-25 13:05:00,Trap,-1,5366.75,5369.0,54,False,False
2021-10-25,2021-10-25 13:25:00,BO,1,5370.0,5366.75,58,False,False
2021-10-25,2021-10-25 13:45:00,OB,-1,5368.75,5373.0,62,True,True
2021-10-26,2021-10-26 10:05:00,BO,-1,5394.0,5398.25,18,False,False
2021-10-26,2021-10-26 11:05:00,BO,-1,5380.5,5390.75,30,False,False
2021-10-26,2021-10-26 12:25:00,IB,-1,5374.75,5378.5,46,False,False
2021-10-26,2021-10-26 12:35:00,Trap,1,5381.0,5372.25,48,False,False
2021-10-26,2021-10-26 12:45:00,Trap,-1,5378.25,5383.5,50,True,True
2021-10-26,2021-10-26 14:05:00,BO,1,5386.5,5380.5,66,False,False
2021-10-26,2021-10-26 14:15:00,Trap,-1,5384.75,5387.0,68,True,True
2021-10-26,2021-10-26 14:55:00,Trap,-1,5380.5,5388.25,76,True,True
2021-10-27,2021-10-27 08:45:00,Trap,1,5378.5,5367.0,2,True,True
2021-10-27,2021-10-27 12:15:00,BO,1,5381.0,5375.0,44,False,False
2021-10-27,2021-10-27 13:30:00,BO,-1,5381.25,5385.0,59,False,False
2021-10-27,2021-10-27 14:30:00,Trap,1,5367.25,5359.5,71,True,True
2021-10-27,2021-10-27 14:50:00,Trap,-1,5360.25,5367.75,75,False,False
2021-10-28,2021-10-28 08:35:00,BO,1,5376.0,5353.5,0,False,False
2021-10-28,2021-10-28 11:30:00,BO,-1,5386.75,5391.0,35,False,False
2021-10-28,2021-10-28 11:55:00,Trap,-1,5384.75,5388.25,40,False,False
2021-10-28,2021-10-28 12:35:00,BO,1,5387.5,5381.25,48,False,False
2021-10-28,2021-10-28 14:55:00,Trap,1,5394.5,5385.25,76,False,False
2021-10-29,2021-10-29 08:40:00,Trap,1,5383.0,5369.25,1,True,True
2021-10-29,2021-10-29 09:20:00,IB,-1,5382.75,5390.0,9,False,False
2021-10-29,2021-10-29 10:10:00,IB,1,5392.25,5385.5,19,False,False
2021-10-29,2021-10-29 11:25:00,IB,1,5404.5,5398.25,34,False,False
2021-10-29,2021-10-29 12:50:00,IB,-1,5399.5,5402.75,51,False,False
2021-10-29,2021-10-29 13:20:00,OB,-1,5397.5,5402.0,57,False,False
2021-10-29,2021-10-29 14:35:00,Trap,1,5396.0,5390.75,72,False,False
2021-11-01,2021-11-01 08:50:00,IB,-1,5407.0,5419.0,3,False,False
2021-11-01,2021-11-01 09:05:00,IB,-1,5398.75,5411.0,6,False,False
2021-11-01,2021-11-01 10:05:00,Trap,1,5405.0,5396.25,18,True,True
2021-11-01,2021-11-01 12:25:00,OB,-1,5406.75,5413.5,46,False,False
2021-11-01,2021-11-01 13:20:00,OB,-1,5397.5,5402.5,57,False,False
2021-11-02,2021-11-02 09:00:00,OB,1,5425.25,5420.75,5,False,False
2021-11-02,2021-11-02 09:15:00,OB,-1,5422.0,5428.0,8,True,True
2021-11-02,2021-11-02 10:10:00,Trap,-1,5428.0,5432.0,19,True,True
2021-11-02,2021-11-02 10:30:00,OB,1,5431.75,5426.25,23,False,False
2021-11-02,2021-11-02 10:45:00,IB,1,5434.75,5430.25,26,False,False
2021-11-02,2021-11-02 10:55:00,Trap,-1,5429.75,5436.0,28,True,True
2021-11-02,2021-11-02 12:45:00,OB,1,5431.5,5426.75,50,True,True
2021-11-02,2021-11-02 14:00:00,IB,1,5432.75,5430.5,65,False,False
2021-11-02,2021-11-02 14:20:00,BO,-1,5430.75,5433.75,69,False,False
2021-11-02,2021-11-02 14:50:00,OB,1,5433.25,5429.5,75,False,False
2021-11-03,2021-11-03 11:00:00,IB,1,5428.25,5425.0,29,False,False
2021-11-03,2021-11-03 11:25:00,Trap,-1,5426.75,5428.75,34,False,False
2021-11-03,2021-11-03 12:35:00,BO,1,5427.75,5425.25,48,False,False
2021-11-03,2021-11-03 12:50:00,Trap,-1,5425.25,5428.0,51,True,True
2021-11-03,2021-11-03 13:15:00,IB,-1,5432.25,5441.5,56,False,False
2021-11-04,2021-11-04 08:45:00,Trap,1,5470.25,5463.5,2,False,False
2021-11-04,2021-11-04 11:00:00,Trap,1,5476.0,5466.5,29,False,False
2021-11-04,2021-11-04 11:25:00,BO,-1,5472.75,5478.75,34,False,False
2021-11-04,2021-11-04 12:05:00,IB,-1,5469.5,5474.25,42,False,False
2021-11-04,2021-11-04 14:50:00,Trap,1,5476.75,5469.5,75,False,False
2021-11-05,2021-11-05 08:35:00,BO,1,5510.25,5479.75,0,False,False
2021-11-05,2021-11-05 09:05:00,BO,1,5520.5,5512.25,6,False,False
2021-11-05,2021-11-05 11:00:00,BO,-1,5507.5,5515.0,29,False,False
2021-11-05,2021-11-05 11:45:00,OB,-1,5506.0,5511.0,38,True,False
2021-11-05,2021-11-05 12:15:00,BO,-1,5496.75,5505.25,44,False,False
2021-11-05,2021-11-05 12:30:00,BO,-1,5483.5,5498.25,47,False,False
2021-11-05,2021-11-05 14:35:00,Trap,1,5502.5,5495.0,72,False,False
2021-11-08,2021-11-08 09:50:00,Trap,1,5508.5,5500.25,15,True,True
2021-11-08,2021-11-08 14:30:00,Trap,-1,5504.5,5508.25,71,False,False
2021-11-08,2021-11-08 14:50:00,BO,-1,5499.75,5507.0,75,False,False
2021-11-08,2021-11-08 15:05:00,IB,-1,5499.25,5506.25,78,False,False
2021-11-09,2021-11-09 08:40:00,Trap,-1,5504.0,5509.5,1,True,True
2021-11-09,2021-11-09 10:15:00,BO,-1,5481.0,5490.0,20,False,False
2021-11-09,2021-11-09 10:55:00,IB,-1,5481.0,5489.0,28,False,False
2021-11-09,2021-11-09 11:15:00,Trap,1,5480.5,5472.25,32,True,True
2021-11-09,2021-11-09 12:10:00,IB,1,5483.75,5479.5,43,False,False
2021-11-09,2021-11-09 13:05:00,Trap,1,5478.0,5473.25,54,True,True
2021-11-09,2021-11-09 13:20:00,Trap,1,5481.0,5475.25,57,False,False
2021-11-09,2021-11-09 14:20:00,BO,-1,5480.0,5485.25,69,False,False
2021-11-09,2021-11-09 15:00:00,IB,1,5487.75,5482.75,77,False,False
2021-11-10,2021-11-10 09:00:00,BO,1,5484.75,5474.25,5,False,False
2021-11-10,2021-11-10 10:45:00,Trap,-1,5476.5,5483.25,26,False,False
2021-11-10,2021-11-10 11:45:00,Trap,-1,5472.0,5478.0,38,False,False
2021-11-10,2021-11-10 12:30:00,Trap,1,5464.25,5459.0,47,True,True
2021-11-10,2021-11-10 14:55:00,Trap,1,5454.5,5444.0,76,True,False
2021-11-11,2021-11-11 08:40:00,Trap,-1,5457.0,5466.5,1,True,True
2021-11-11,2021-11-11 09:40:00,Trap,1,5457.75,5452.75,13,True,True
2021-11-11,2021-11-11 10:40:00,IB,1,5464.25,5457.25,25,False,False
2021-11-11,2021-11-11 13:10:00,BO,1,5461.0,5456.25,55,False,False
2021-11-11,2021-11-11 13:40:00,BO,1,5460.25,5457.25,61,False,False
2021-11-12,2021-11-12 08:40:00,Trap,-1,5456.25,5465.5,1,True,True
2021-11-12,2021-11-12 09:10:00,Trap,1,5460.0,5455.5,7,False,False
2021-11-12,2021-11-12 10:05:00,OB,1,5473.0,5462.5,18,False,False
2021-11-12,2021-11-12 10:55:00,Trap,1,5485.25,5479.75,28,False,False
2021-11-12,2021-11-12 12:05:00,Trap,-1,5479.25,5483.75,42,False,False
2021-11-12,2021-11-12 14:45:00,Trap,-1,5487.5,5492.5,74,True,True
2021-11-15,2021-11-15 10:45:00,Trap,-1,5478.75,5493.75,26,False,False
2021-11-15,2021-11-15 13:20:00,Trap,-1,5480.75,5484.25,57,False,False
2021-11-15,2021-11-15 13:55:00,Trap,-1,5484.75,5488.25,64,True,True
2021-11-15,2021-11-15 14:40:00,BO,-1,5483.75,5488.75,73,False,False
2021-11-15,2021-11-15 15:00:00,Trap,1,5488.0,5479.25,77,True,True
2021-11-16,2021-11-16 09:25:00,OB,-1,5498.0,5504.5,10,True,True
2021-11-16,2021-11-16 10:45:00,Trap,-1,5509.25,5513.25,26,True,True
2021-11-16,2021-11-16 14:05:00,IB,-1,5512.5,5514.25,66,False,False
2021-11-17,2021-11-17 08:55:00,OB,-1,5490.5,5500.25,4,False,False
2021-11-17,2021-11-17 09:40:00,OB,1,5500.75,5493.0,13,False,False
2021-11-17,2021-11-17 09:50:00,Trap,-1,5498.0,5502.0,15,True,True
2021-11-17,2021-11-17 11:10:00,Trap,-1,5499.0,5505.75,31,True,True
2021-11-17,2021-11-17 12:05:00,Trap,1,5495.5,5492.0,42,False,False
2021-11-17,2021-11-17 14:55:00,Trap,-1,5497.25,5501.5,76,True,True
2021-11-18,2021-11-18 09:15:00,OB,-1,5485.0,5500.75,8,False,False
2021-11-18,2021-11-18 11:40:00,BO,-1,5510.0,5513.5,37,False,False
2021-11-19,2021-11-19 08:45:00,IB,1,5510.5,5500.5,2,False,False
2021-11-19,2021-11-19 09:30:00,IB,-1,5502.0,5510.0,11,False,False
2021-11-19,2021-11-19 11:15:00,BO,1,5518.5,5513.5,32,False,False
2021-11-19,2021-11-19 11:45:00,Trap,-1,5518.0,5523.25,38,True,True
2021-11-19,2021-11-19 11:55:00,Trap,1,5519.0,5515.5,40,False,False
2021-11-19,2021-11-19 13:35:00,BO,-1,5506.25,5512.25,60,False,False
2021-11-19,2021-11-19 14:45:00,OB,-1,5502.75,5507.5,73,False,False
2021-11-22,2021-11-22 08:35:00,IB,1,5525.75,5501.75,0,False,False
2021-11-22,2021-11-22 08:50:00,OB,1,5539.5,5525.25,3,False,False
2021-11-22,2021-11-22 10:45:00,Trap,-1,5532.25,5538.75,26,False,False
2021-11-22,2021-11-22 14:45:00,OB,-1,5515.25,5527.75,74,False,False
2021-11-23,2021-11-23 08:45:00,Trap,1,5490.25,5476.0,2,True,True
2021-11-23,2021-11-23 09:05:00,Trap,-1,5494.25,5504.5,6,True,True
2021-11-23,2021-11-23 12:00:00,BO,-1,5468.5,5475.75,39,False,False
2021-11-23,2021-11-23 13:20:00,IB,-1,5469.5,5480.0,44,False,False
2021-11-23,2021-11-23 13:35:00,Trap,-1,5471.25,5477.25,47,False,False
2021-11-23,2021-11-23 14:50:00,Trap,-1,5490.25,5495.5,62,True,True
2021-11-24,2021-11-24 09:05:00,BO,1,5484.0,5465.25,6,False,False
2021-11-24,2021-11-24 10:05:00,Trap,-1,5485.5,5490.0,18,True,True
2021-11-24,2021-11-24 11:00:00,Trap,-1,5494.0,5499.0,29,False,False
2021-11-24,2021-11-24 11:25:00,BO,-1,5492.75,5498.0,34,False,False
2021-11-24,2021-11-24 13:20:00,Trap,1,5496.5,5486.75,55,True,True
2021-11-24,2021-11-24 14:10:00,Trap,1,5505.5,5497.5,65,False,False
2021-11-25,2021-11-25 09:30:00,Trap,1,5516.75,5514.75,11,True,False
2021-11-25,2021-11-25 09:50:00,IB,-1,5514.0,5517.5,15,False,False
2021-11-25,2021-11-25 11:25:00,Trap,-1,5515.25,5516.25,34,True,True
2021-11-25,2021-11-25 11:50:00,OB,1,5515.5,5514.0,39,True,True
2021-11-26,2021-11-26 08:45:00,Trap,-1,5431.5,5452.25,44,False,False
2021-11-26,2021-11-26 09:25:00,Trap,1,5417.75,5403.0,52,True,True
2021-11-26,2021-11-26 10:20:00,BO,-1,5397.75,5414.5,63,False,False
2021-11-26,2021-11-26 10:55:00,IB,-1,5396.0,5409.5,70,False,False
2021-11-26,2021-11-26 11:30:00,OB,1,5418.75,5404.75,77,False,False
2021-11-26,2021-11-26 11:45:00,Trap,-1,5419.75,5427.75,80,True,True
2021-11-29,2021-11-29 10:40:00,BO,1,5452.75,5442.5,25,False,False
2021-11-29,2021-11-29 11:20:00,IB,1,5467.0,5461.25,33,False,False
2021-11-29,2021-11-29 12:20:00,IB,-1,5473.75,5478.75,45,True,True
2021-11-29,2021-11-29 12:40:00,Trap,-1,5469.5,5476.5,49,False,False
2021-11-29,2021-11-29 14:15:00,Trap,1,5474.5,5467.75,68,False,False
2021-11-29,2021-11-29 14:25:00,Trap,-1,5471.5,5477.0,70,True,True
2021-11-29,2021-11-29 14:45:00,IB,-1,5468.5,5473.0,74,False,False
2021-11-30,2021-11-30 09:35:00,IB,1,5448.5,5434.25,12,False,False
2021-11-30,2021-11-30 12:05:00,BO,-1,5378.5,5391.5,42,False,False
2021-11-30,2021-11-30 12:55:00,BO,1,5398.5,5390.5,52,False,False
2021-11-30,2021-11-30 13:45:00,Trap,-1,5392.75,5402.0,62,False,False
2021-11-30,2021-11-30 14:30:00,OB,-1,5377.75,5386.0,71,False,False
2021-11-30,2021-11-30 14:55:00,OB,-1,5368.5,5388.75,76,True,False
2021-12-01,2021-12-01 09:05:00,BO,1,5434.5,5419.5,6,False,False
2021-12-01,2021-12-01 10:15:00,IB,1,5456.0,5444.5,20,False,False
2021-12-01,2021-12-01 10:35:00,OB,-1,5454.25,5459.75,24,True,True
2021-12-01,2021-12-01 11:00:00,BO,-1,5439.75,5452.25,29,False,False
2021-12-01,2021-12-01 11:30:00,BO,-1,5439.0,5451.0,35,False,False
2021-12-01,2021-12-01 14:25:00,BO,-1,5349.75,5376.0,69,False,False
2021-12-01,2021-12-01 14:40:00,IB,1,5358.0,5344.0,72,False,False
2021-12-02,2021-12-02 09:30:00,OB,1,5362.25,5348.5,11,False,False
2021-12-02,2021-12-02 12:25:00,Trap,-1,5379.5,5393.0,46,False,False
2021-12-03,2021-12-03 08:45:00,BO,-1,5388.75,5415.5,2,False,False
2021-12-03,2021-12-03 10:45:00,IB,-1,5327.5,5348.5,26,False,False
2021-12-03,2021-12-03 11:25:00,BO,1,5336.0,5319.5,34,False,False
2021-12-03,2021-12-03 11:35:00,IB,-1,5327.5,5337.75,36,False,False
2021-12-03,2021-12-03 14:55:00,Trap,1,5332.75,5310.25,76,False,False
2021-12-06,2021-12-06 09:15:00,Trap,1,5389.5,5360.75,8,False,False
2021-12-06,2021-12-06 13:10:00,Trap,-1,5413.75,5420.75,55,True,True
2021-12-06,2021-12-06 14:15:00,IB,1,5404.0,5398.0,68,True,True
2021-12-07,2021-12-07 10:05:00,IB,1,5500.5,5495.5,18,False,False
2021-12-07,2021-12-07 12:10:00,IB,-1,5494.0,5499.5,43,False,False
2021-12-07,2021-12-07 14:15:00,Trap,-1,5491.5,5498.0,68,True,True
2021-12-07,2021-12-07 15:00:00,OB,1,5495.25,5475.25,77,True,True
2021-12-08,2021-12-08 09:00:00,Trap,-1,5494.0,5505.5,5,True,True
2021-12-08,2021-12-08 10:10:00,Trap,1,5485.75,5480.75,19,True,True
2021-12-08,2021-12-08 13:25:00,Trap,1,5499.5,5494.5,57,True,True
2021-12-08,2021-12-08 13:40:00,Trap,-1,5498.5,5501.25,60,False,False
2021-12-08,2021-12-08 14:00:00,BO,1,5503.5,5498.25,64,False,False
2021-12-08,2021-12-08 14:45:00,BO,-1,5503.75,5508.0,73,False,False
2021-12-08,2021-12-08 14:55:00,IB,1,5511.5,5503.5,75,False,False
2021-12-09,2021-12-09 08:40:00,Trap,1,5501.25,5492.0,1,True,True
2021-12-09,2021-12-09 09:30:00,OB,-1,5487.5,5499.75,11,False,False
2021-12-09,2021-12-09 10:25:00,Trap,1,5496.25,5487.75,22,False,False
2021-12-09,2021-12-09 11:40:00,Trap,1,5497.5,5492.25,37,False,False
2021-12-09,2021-12-09 12:35:00,Trap,1,5500.25,5496.5,48,True,False
2021-12-09,2021-12-09 12:50:00,BO,-1,5493.25,5503.5,51,False,False
2021-12-09,2021-12-09 13:00:00,Trap,1,5496.75,5491.5,53,True,True
2021-12-09,2021-12-09 14:10:00,Trap,-1,5482.0,5492.25,67,False,False
2021-12-09,2021-12-09 14:45:00,OB,1,5485.5,5479.75,74,False,False
2021-12-09,2021-12-09 15:00:00,BO,-1,5475.75,5489.25,77,False,False
2021-12-10,2021-12-10 08:35:00,IB,1,5509.25,5471.5,0,False,False
2021-12-10,2021-12-10 08:50:00,OB,-1,5499.25,5514.0,3,True,True
2021-12-10,2021-12-10 10:10:00,OB,-1,5479.5,5494.0,19,False,False
2021-12-10,2021-12-10 10:20:00,IB,1,5486.0,5477.75,21,False,False
2021-12-10,2021-12-10 10:45:00,OB,1,5497.75,5488.25,26,False,False
2021-12-10,2021-12-10 11:35:00,Trap,-1,5494.75,5502.0,36,False,False
2021-12-10,2021-12-10 13:00:00,OB,1,5505.25,5500.75,53,True,True
2021-12-10,2021-12-10 13:20:00,Trap,1,5506.5,5502.5,57,False,False
2021-12-13,2021-12-13 08:35:00,IB,-1,5509.5,5520.75,0,False,False
2021-12-13,2021-12-13 08:55:00,BO,-1,5497.25,5511.75,4,False,False
2021-12-13,2021-12-13 09:25:00,Trap,-1,5493.25,5505.5,10,False,False
2021-12-13,2021-12-13 10:35:00,Trap,1,5483.25,5479.0,24,True,True
2021-12-13,2021-12-13 11:55:00,BO,-1,5485.25,5492.25,40,False,False
2021-12-13,2021-12-13 12:05:00,Trap,1,5488.25,5483.75,42,True,True
2021-12-13,2021-12-13 13:25:00,Trap,1,5493.5,5488.5,58,False,False
2021-12-14,2021-12-14 08:40:00,Trap,1,5454.0,5439.5,1,True,True
2021-12-14,2021-12-14 13:05:00,Trap,1,5421.75,5414.5,54,True,True
2021-12-14,2021-12-14 14:45:00,Trap,-1,5442.0,5454.75,74,True,True
2021-12-15,2021-12-15 09:50:00,Trap,-1,5432.5,5440.25,15,True,True
2021-12-15,2021-12-15 10:05:00,Trap,1,5432.75,5428.5,18,False,False
2021-12-15,2021-12-15 10:35:00,Trap,-1,5421.75,5429.75,24,False,False
2021-12-15,2021-12-15 11:30:00,Trap,1,5431.0,5420.0,35,True,False
2021-12-15,2021-12-15 11:55:00,Trap,1,5432.75,5426.5,40,False,False
2021-12-15,2021-12-15 12:35:00,OB,1,5434.0,5430.5,48,False,False
2021-12-15,2021-12-15 12:55:00,Trap,-1,5430.75,5436.0,52,True,True
2021-12-15,2021-12-15 14:10:00,IB,1,5481.75,5455.25,67,False,False
2021-12-16,2021-12-16 09:05:00,BO,-1,5515.5,5534.75,6,False,False
2021-12-16,2021-12-16 11:00:00,IB,-1,5505.25,5515.0,29,False,False
2021-12-16,2021-12-16 12:10:00,BO,1,5494.5,5487.25,43,False,False
2021-12-16,2021-12-16 13:50:00,Trap,-1,5462.0,5486.5,63,False,False
2021-12-16,2021-12-16 14:50:00,OB,-1,5473.75,5494.0,75,True,True
2021-12-17,2021-12-17 08:45:00,BO,-1,5420.5,5449.5,2,False,False
2021-12-17,2021-12-17 09:35:00,BO,1,5431.25,5407.25,12,False,False
2021-12-17,2021-12-17 09:55:00,BO,1,5463.25,5435.0,16,False,False
2021-12-17,2021-12-17 10:15:00,IB,1,5471.75,5452.75,20,False,False
2021-12-17,2021-12-17 10:40:00,BO,-1,5446.75,5468.25,25,False,False
2021-12-17,2021-12-17 11:35:00,Trap,1,5447.75,5433.75,36,False,False
2021-12-17,2021-12-17 12:20:00,IB,1,5444.75,5436.25,45,False,False
2021-12-17,2021-12-17 13:55:00,Trap,-1,5446.25,5459.0,64,False,False
2021-12-17,2021-12-17 14:20:00,BO,-1,5445.25,5454.75,69,False,False
2021-12-17,2021-12-17 14:35:00,BO,-1,5435.5,5452.5,72,False,False
2021-12-17,2021-12-17 14:50:00,Trap,-1,5426.75,5444.75,75,False,False
2021-12-20,2021-12-20 08:40:00,Trap,1,5373.25,5361.75,1,True,True
2021-12-20,2021-12-20 09:00:00,Trap,1,5366.0,5350.5,5,True,True
2021-12-20,2021-12-20 09:10:00,IB,-1,5355.75,5370.5,7,False,False
2021-12-20,2021-12-20 09:20:00,Trap,1,5361.25,5350.5,9,True,True
2021-12-20,2021-12-20 10:25:00,Trap,1,5348.75,5338.25,22,True,True
2021-12-20,2021-12-20 10:35:00,BO,-1,5340.5,5350.0,24,False,False
2021-12-20,2021-12-20 11:15:00,IB,-1,5348.0,5355.0,32,False,False
2021-12-20,2021-12-20 11:55:00,OB,1,5349.25,5344.0,40,False,False
2021-12-20,2021-12-20 12:15:00,BO,1,5351.0,5340.75,44,False,False
2021-12-21,2021-12-21 09:30:00,OB,-1,5393.75,5413.25,11,True,False
2021-12-21,2021-12-21 11:15:00,OB,1,5432.75,5422.75,32,False,False
2021-12-21,2021-12-21 12:25:00,IB,1,5444.0,5438.5,46,False,False
2021-12-21,2021-12-21 13:40:00,Trap,-1,5443.25,5450.75,61,False,False
2021-12-21,2021-12-21 14:55:00,Trap,1,5454.75,5438.25,76,True,True
2021-12-22,2021-12-22 08:40:00,Trap,1,5459.75,5451.75,1,False,False
2021-12-22,2021-12-22 09:40:00,IB,1,5477.5,5466.5,13,False,False
2021-12-22,2021-12-22 10:15:00,Trap,1,5490.75,5483.25,20,False,False
2021-12-22,2021-12-22 10:25:00,IB,-1,5486.75,5491.25,22,False,False
2021-12-22,2021-12-22 10:35:00,Trap,1,5491.25,5484.5,24,False,False
2021-12-22,2021-12-22 11:20:00,BO,-1,5489.25,5493.5,33,False,False
2021-12-22,2021-12-22 14:15:00,OB,1,5492.0,5487.75,68,False,False
2021-12-23,2021-12-23 09:15:00,Trap,1,5532.5,5525.5,8,False,False
2021-12-23,2021-12-23 13:25:00,OB,1,5542.25,5537.75,58,False,False
2021-12-23,2021-12-23 14:15:00,IB,1,5542.25,5538.5,68,False,False
2021-12-23,2021-12-23 14:45:00,BO,1,5542.5,5536.25,74,False,False
2021-12-23,2021-12-23 15:00:00,Trap,-1,5531.25,5547.5,77,True,True
2021-12-27,2021-12-27 09:05:00,Trap,1,5562.75,5556.0,6,False,False
2021-12-27,2021-12-27 10:30:00,Trap,1,5577.25,5572.25,23,False,False
2021-12-27,2021-12-27 12:35:00,Trap,-1,5585.25,5587.75,48,True,True
2021-12-28,2021-12-28 10:55:00,OB,1,5606.75,5599.0,28,False,False
2021-12-28,2021-12-28 11:35:00,OB,-1,5587.0,5602.0,36,False,False
2021-12-28,2021-12-28 12:20:00,BO,-1,5593.0,5596.25,45,False,False
2021-12-28,2021-12-28 13:55:00,Trap,1,5595.25,5591.0,64,False,False
2021-12-28,2021-12-28 14:45:00,IB,1,5599.5,5591.75,74,False,False
2021-12-28,2021-12-28 14:55:00,Trap,-1,5593.75,5603.5,76,True,True
2021-12-29,2021-12-29 08:55:00,Trap,1,5605.25,5597.75,4,False,False
2021-12-29,2021-12-29 10:15:00,Trap,-1,5595.25,5601.0,20,True,True
2021-12-29,2021-12-29 10:30:00,Trap,-1,5593.5,5598.75,23,False,False
2021-12-29,2021-12-29 11:40:00,Trap,1,5592.75,5588.0,37,True,True
2021-12-29,2021-12-29 11:55:00,Trap,1,5593.0,5590.75,40,False,False
2021-12-29,2021-12-29 13:15:00,IB,1,5600.0,5596.5,56,False,False
2021-12-29,2021-12-29 13:45:00,Trap,-1,5599.5,5601.5,62,True,True
2021-12-29,2021-12-29 13:55:00,IB,1,5601.5,5598.5,64,False,False
2021-12-29,2021-12-29 15:00:00,OB,-1,5600.75,5612.25,77,True,True
2021-12-30,2021-12-30 08:45:00,Trap,-1,5605.75,5615.25,2,True,True
2021-12-30,2021-12-30 09:35:00,Trap,-1,5612.5,5616.0,12,True,True
2021-12-30,2021-12-30 10:30:00,Trap,1,5609.25,5606.25,23,True,True
2021-12-30,2021-12-30 11:15:00,BO,-1,5607.25,5610.5,32,False,False
2021-12-30,2021-12-30 11:45:00,IB,1,5608.0,5605.0,38,False,False
2021-12-30,2021-12-30 12:20:00,BO,-1,5606.0,5609.25,45,False,False
2021-12-30,2021-12-30 13:05:00,BO,-1,5604.75,5609.75,54,False,False
2021-12-30,2021-12-30 14:30:00,Trap,-1,5601.75,5604.75,71,False,False
2021-12-31,2021-12-31 08:50:00,OB,-1,5584.0,5594.75,3,True,False
2021-12-31,2021-12-31 10:55:00,Trap,-1,5580.75,5585.0,28,False,False
2021-12-31,2021-12-31 11:15:00,Trap,-1,5579.5,5582.5,32,False,False
2021-12-31,2021-12-31 12:00:00,BO,1,5587.25,5580.5,41,False,False
2021-12-31,2021-12-31 12:45:00,IB,-1,5585.75,5591.25,50,False,False
2021-12-31,2021-12-31 14:05:00,Trap,1,5588.75,5583.75,66,True,True
2021-12-31,2021-12-31 14:55:00,Trap,-1,5576.75,5594.5,76,True,True
2022-01-03,2022-01-03 08:35:00,OB,1,5596.5,5578.0,0,False,False
2022-01-03,2022-01-03 10:10:00,OB,-1,5581.75,5588.0,19,False,False
2022-01-03,2022-01-03 10:40:00,BO,-1,5570.75,5581.25,25,False,False
2022-01-03,2022-01-03 13:45:00,OB,1,5601.0,5592.75,62,False,False
2022-01-03,2022-01-03 14:45:00,Trap,-1,5594.75,5602.5,74,True,True
2022-01-04,2022-01-04 08:40:00,BO,1,5621.75,5600.25,1,False,False
2022-01-04,2022-01-04 09:05:00,Trap,-1,5617.0,5623.5,6,False,False
2022-01-04,2022-01-04 09:20:00,OB,-1,5614.25,5620.25,9,False,False
2022-01-04,2022-01-04 10:00:00,BO,-1,5601.25,5612.25,17,False,False
2022-01-04,2022-01-04 11:15:00,Trap,1,5601.75,5595.75,32,False,False
2022-01-04,2022-01-04 12:35:00,Trap,-1,5585.75,5596.0,48,False,False
2022-01-04,2022-01-04 12:55:00,IB,-1,5584.75,5589.75,52,False,False
2022-01-04,2022-01-04 13:35:00,Trap,1,5594.25,5587.75,60,False,False
2022-01-04,2022-01-04 14:50:00,BO,1,5610.75,5604.25,75,False,False
2022-01-04,2022-01-04 15:00:00,OB,-1,5600.0,5614.5,77,True,True
2022-01-05,2022-01-05 08:55:00,Trap,1,5595.75,5588.25,4,False,False
2022-01-05,2022-01-05 10:10:00,OB,-1,5592.0,5598.75,19,False,False
2022-01-05,2022-01-05 11:05:00,BO,1,5593.0,5587.75,30,False,False
2022-01-05,2022-01-05 11:35:00,Trap,-1,5593.0,5597.25,36,True,True
2022-01-05,2022-01-05 12:50:00,Trap,-1,5581.0,5585.75,51,True,False
2022-01-05,2022-01-05 13:10:00,OB,-1,5571.25,5593.75,55,True,True
2022-01-05,2022-01-05 14:05:00,BO,-1,5532.75,5546.75,66,False,False
2022-01-05,2022-01-05 14:50:00,IB,-1,5519.5,5536.0,75,False,False
2022-01-06,2022-01-06 08:55:00,BO,-1,5500.0,5528.25,4,False,False
2022-01-06,2022-01-06 10:55:00,BO,1,5515.75,5504.5,28,False,False
2022-01-06,2022-01-06 14:15:00,Trap,-1,5517.0,5525.75,68,True,True
2022-01-06,2022-01-06 14:40:00,OB,-1,5505.25,5515.0,73,False,False
2022-01-07,2022-01-07 08:45:00,Trap,1,5509.5,5491.25,2,True,True
2022-01-07,2022-01-07 10:20:00,BO,-1,5473.5,5482.25,21,False,False
2022-01-07,2022-01-07 10:30:00,BO,1,5488.0,5470.25,23,False,False
2022-01-07,2022-01-07 13:45:00,OB,1,5496.5,5487.75,62,False,False
2022-01-07,2022-01-07 14:15:00,Trap,-1,5495.5,5503.75,68,True,True
2022-01-07,2022-01-07 15:00:00,BO,-1,5485.0,5496.5,77,False,False
2022-01-10,2022-01-10 08:50:00,BO,-1,5425.0,5440.5,3,False,False
2022-01-10,2022-01-10 14:10:00,Trap,-1,5443.75,5458.25,67,False,False
2022-01-10,2022-01-10 14:55:00,BO,1,5466.75,5451.0,76,False,False
2022-01-11,2022-01-11 09:05:00,Trap,1,5464.75,5443.5,6,True,True
2022-01-11,2022-01-11 10:20:00,BO,1,5487.25,5465.5,21,False,False
2022-01-11,2022-01-11 10:45:00,BO,1,5499.75,5485.25,26,False,False
2022-01-11,2022-01-11 11:30:00,IB,-1,5491.5,5502.75,35,False,False
2022-01-11,2022-01-11 13:10:00,BO,-1,5502.75,5509.0,55,False,False
2022-01-11,2022-01-11 14:10:00,IB,1,5517.5,5511.75,67,False,False
2022-01-11,2022-01-11 14:40:00,Trap,-1,5513.75,5520.75,73,True,True
2022-01-11,2022-01-11 15:00:00,Trap,1,5521.25,5509.0,77,True,True
2022-01-12,2022-01-12 08:35:00,Trap,1,5544.75,5520.0,0,False,False
2022-01-12,2022-01-12 08:55:00,IB,1,5547.0,5532.5,4,False,False
2022-01-12,2022-01-12 10:00:00,Trap,1,5531.25,5525.0,17,True,True
2022-01-12,2022-01-12 10:10:00,Trap,-1,5522.5,5536.0,19,False,False
2022-01-12,2022-01-12 12:55:00,OB,-1,5528.0,5534.5,52,False,False
2022-01-12,2022-01-12 14:05:00,Trap,-1,5528.25,5535.0,66,False,False
2022-01-13,2022-01-13 11:05:00,IB,-1,5523.25,5535.75,30,False,False
2022-01-13,2022-01-13 11:20:00,BO,-1,5505.25,5526.25,33,False,False
2022-01-13,2022-01-13 11:50:00,BO,-1,5494.5,5509.25,39,False,False
2022-01-13,2022-01-13 14:05:00,Trap,-1,5486.5,5499.75,66,False,False
2022-01-13,2022-01-13 14:40:00,Trap,-1,5475.75,5489.25,73,False,False
2022-01-14,2022-01-14 12:25:00,Trap,-1,5423.25,5434.25,46,False,False
2022-01-14,2022-01-14 12:45:00,IB,1,5434.75,5423.0,50,False,False
2022-01-14,2022-01-14 14:20:00,IB,1,5460.25,5447.5,69,False,False
2022-01-17,2022-01-17 08:50:00,BO,-1,5467.25,5476.75,3,False,False
2022-01-17,2022-01-17 09:25:00,Trap,-1,5471.5,5476.75,10,True,True
2022-01-17,2022-01-17 12:00:00,Trap,1,5470.75,5468.25,41,True,True
2022-01-18,2022-01-18 08:40:00,BO,-1,5404.75,5471.75,43,False,False
2022-01-18,2022-01-18 12:10:00,Trap,1,5383.5,5377.5,85,True,True
2022-01-18,2022-01-18 13:35:00,Trap,1,5401.75,5390.0,102,False,False
2022-01-18,2022-01-18 14:05:00,IB,-1,5402.0,5412.0,108,False,False
2022-01-19,2022-01-19 10:55:00,BO,1,5389.75,5373.25,28,False,False
2022-01-19,2022-01-19 11:40:00,Trap,-1,5397.5,5405.75,37,True,True
2022-01-19,2022-01-19 13:05:00,Trap,-1,5385.5,5391.75,54,False,False
2022-01-19,2022-01-19 14:05:00,Trap,-1,5373.5,5382.0,66,True,True
2022-01-19,2022-01-19 14:55:00,IB,-1,5349.25,5365.25,76,False,False
2022-01-20,2022-01-20 09:20:00,BO,-1,5378.5,5392.25,9,False,False
2022-01-20,2022-01-20 10:15:00,IB,-1,5400.5,5410.5,20,False,False
2022-01-20,2022-01-20 11:30:00,Trap,1,5397.75,5391.0,35,True,True
2022-01-20,2022-01-20 11:55:00,BO,-1,5391.0,5401.0,40,False,False
2022-01-20,2022-01-20 13:15:00,Trap,-1,5371.75,5388.75,56,True,True
2022-01-20,2022-01-20 14:00:00,Trap,-1,5355.75,5362.25,65,False,False
2022-01-20,2022-01-20 14:30:00,BO,-1,5330.0,5345.0,71,False,False
2022-01-21,2022-01-21 08:45:00,IB,-1,5260.25,5289.0,2,False,False
2022-01-21,2022-01-21 09:30:00,Trap,1,5250.5,5228.75,11,True,True
2022-01-21,2022-01-21 09:50:00,Trap,1,5278.0,5257.5,15,False,False
2022-01-21,2022-01-21 10:10:00,Trap,1,5292.25,5273.5,19,False,False
2022-01-21,2022-01-21 10:25:00,IB,1,5298.5,5279.5,22,False,False
2022-01-21,2022-01-21 12:25:00,BO,-1,5240.0,5264.75,46,False,False
2022-01-21,2022-01-21 13:00:00,Trap,-1,5244.25,5261.0,53,False,False
2022-01-21,2022-01-21 14:00:00,BO,-1,5222.25,5242.25,65,False,False
2022-01-21,2022-01-21 14:20:00,Trap,1,5220.0,5206.75,69,True,True
2022-01-21,2022-01-21 14:30:00,IB,-1,5207.5,5226.5,71,False,False
2022-01-21,2022-01-21 15:00:00,BO,-1,5201.75,5228.25,77,False,False
2022-01-24,2022-01-24 08:40:00,Trap,1,5150.25,5129.0,1,True,True
2022-01-24,2022-01-24 09:05:00,Trap,-1,5103.5,5134.25,6,False,False
2022-01-24,2022-01-24 10:40:00,Trap,-1,5083.75,5102.25,25,False,False
2022-01-24,2022-01-24 12:10:00,Trap,1,5092.75,5068.75,43,False,False
2022-01-24,2022-01-24 13:40:00,Trap,-1,5094.75,5120.0,61,False,False
2022-01-25,2022-01-25 09:15:00,Trap,1,5120.0,5092.75,8,True,True
2022-01-25,2022-01-25 13:45:00,IB,1,5204.25,5182.5,62,False,False
2022-01-25,2022-01-25 14:00:00,OB,1,5216.75,5202.5,65,False,False
2022-01-25,2022-01-25 14:10:00,BO,-1,5196.0,5219.0,67,False,False
2022-01-25,2022-01-25 14:30:00,BO,-1,5176.25,5206.0,71,False,False
2022-01-25,2022-01-25 14:50:00,Trap,-1,5176.0,5190.25,75,False,False
2022-01-26,2022-01-26 09:15:00,IB,-1,5232.25,5253.25,8,False,False
2022-01-26,2022-01-26 09:30:00,Trap,-1,5213.75,5238.0,11,False,False
2022-01-26,2022-01-26 09:45:00,IB,-1,5202.25,5217.0,14,False,False
2022-01-26,2022-01-26 11:15:00,IB,1,5236.0,5227.25,32,False,False
2022-01-26,2022-01-26 12:05:00,Trap,-1,5227.5,5242.75,42,False,False
2022-01-26,2022-01-26 13:15:00,IB,-1,5214.75,5262.5,56,True,True
2022-01-26,2022-01-26 13:50:00,BO,-1,5169.0,5243.5,63,False,False
2022-01-26,2022-01-26 14:30:00,Trap,1,5151.0,5110.5,71,True,True
2022-01-27,2022-01-27 08:50:00,BO,1,5228.5,5191.75,3,False,False
2022-01-27,2022-01-27 10:00:00,IB,1,5213.5,5191.75,17,False,False
2022-01-27,2022-01-27 11:15:00,BO,-1,5189.75,5212.0,32,False,False
2022-01-27,2022-01-27 12:05:00,Trap,-1,5149.25,5169.25,42,False,False
2022-01-27,2022-01-27 12:25:00,OB,-1,5124.25,5151.25,46,False,False
2022-01-27,2022-01-27 13:05:00,BO,1,5155.0,5126.25,54,False,False
2022-01-27,2022-01-27 13:45:00,IB,1,5144.25,5119.5,62,False,False
2022-01-27,2022-01-27 13:55:00,Trap,-1,5128.25,5151.0,64,False,False
2022-01-27,2022-01-27 14:05:00,Trap,1,5140.0,5122.5,66,False,False
2022-01-27,2022-01-27 14:15:00,Trap,-1,5123.75,5148.5,68,False,False
2022-01-28,2022-01-28 08:40:00,OB,-1,5111.0,5152.75,1,False,False
2022-01-28,2022-01-28 11:00:00,OB,1,5190.5,5171.5,29,False,False
2022-01-28,2022-01-28 11:55:00,OB,-1,5166.0,5182.75,40,False,False
2022-01-28,2022-01-28 12:10:00,BO,1,5184.25,5165.0,43,False,False
2022-01-28,2022-01-28 12:35:00,Trap,1,5183.75,5167.5,48,False,False
2022-01-28,2022-01-28 14:25:00,BO,1,5197.5,5177.0,70,False,False
2022-01-31,2022-01-31 10:25:00,IB,-1,5262.5,5271.5,22,False,False
2022-01-31,2022-01-31 10:50:00,IB,1,5279.0,5269.0,27,False,False
2022-01-31,2022-01-31 14:15:00,BO,-1,5283.0,5304.25,68,False,False
2022-01-31,2022-01-31 15:05:00,Trap,-1,5310.0,5324.0,78,True,True
2022-02-01,2022-02-01 08:45:00,Trap,-1,5312.0,5330.75,2,True,True
2022-02-01,2022-02-01 09:15:00,Trap,1,5311.25,5290.25,8,True,True
2022-02-01,2022-02-01 10:25:00,IB,-1,5318.0,5329.25,22,True,True
2022-02-01,2022-02-01 12:00:00,IB,1,5325.25,5312.5,41,False,False
2022-02-01,2022-02-01 14:50:00,IB,1,5353.25,5339.75,75,False,False
2022-02-02,2022-02-02 08:50:00,BO,-1,5362.25,5385.25,3,False,False
2022-02-02,2022-02-02 09:45:00,OB,1,5374.0,5355.25,14,True,True
2022-02-02,2022-02-02 12:25:00,Trap,-1,5379.0,5386.5,46,False,False
2022-02-02,2022-02-02 12:50:00,Trap,-1,5380.25,5387.75,51,True,False
2022-02-02,2022-02-02 13:15:00,IB,-1,5382.75,5389.5,56,True,True
2022-02-02,2022-02-02 13:35:00,Trap,1,5391.0,5376.0,60,True,True
2022-02-02,2022-02-02 14:20:00,Trap,1,5400.0,5389.5,69,False,False
2022-02-02,2022-02-02 14:30:00,IB,-1,5395.0,5401.25,71,True,True
2022-02-02,2022-02-02 15:05:00,Trap,-1,5389.75,5402.25,78,True,True
2022-02-03,2022-02-03 09:50:00,Trap,-1,5337.0,5349.25,15,False,False
2022-02-03,2022-02-03 10:10:00,Trap,1,5343.25,5333.0,19,True,True
2022-02-03,2022-02-03 10:25:00,IB,-1,5337.5,5350.5,22,False,False
2022-02-03,2022-02-03 10:55:00,Trap,-1,5329.25,5335.0,28,False,False
2022-02-03,2022-02-03 11:15:00,IB,1,5324.75,5315.5,32,False,False
2022-02-03,2022-02-03 13:05:00,Trap,1,5323.75,5317.5,54,False,False
2022-02-03,2022-02-03 13:15:00,Trap,-1,5321.25,5326.75,56,False,False
2022-02-03,2022-02-03 13:30:00,OB,-1,5316.25,5324.25,59,False,False
2022-02-03,2022-02-03 13:45:00,OB,-1,5299.75,5316.75,62,False,False
2022-02-03,2022-02-03 15:05:00,BO,1,5318.5,5278.25,78,False,False
2022-02-04,2022-02-04 08:45:00,Trap,1,5297.75,5271.5,2,True,True
2022-02-04,2022-02-04 09:30:00,BO,-1,5281.25,5307.75,11,False,False
2022-02-04,2022-02-04 12:05:00,OB,1,5317.75,5299.75,42,False,False
2022-02-04,2022-02-04 13:20:00,OB,-1,5314.0,5326.0,57,False,False
2022-02-04,2022-02-04 14:45:00,BO,-1,5329.0,5346.25,74,False,False
2022-02-07,2022-02-07 08:50:00,Trap,-1,5309.0,5319.0,3,False,False
2022-02-07,2022-02-07 09:45:00,IB,-1,5316.5,5329.25,14,False,False
2022-02-07,2022-02-07 10:10:00,OB,-1,5308.5,5321.25,19,False,False
2022-02-07,2022-02-07 12:50:00,Trap,-1,5308.0,5315.0,51,True,True
2022-02-07,2022-02-07 13:00:00,IB,1,5315.0,5306.75,53,False,False
2022-02-07,2022-02-07 14:25:00,IB,-1,5319.75,5330.75,70,True,True
2022-02-08,2022-02-08 09:30:00,IB,-1,5283.75,5292.75,11,False,False
2022-02-08,2022-02-08 10:35:00,IB,1,5316.75,5307.25,24,False,False
2022-02-08,2022-02-08 11:10:00,Trap,-1,5318.0,5325.5,31,True,True
2022-02-08,2022-02-08 11:25:00,Trap,1,5321.25,5315.5,34,True,False
2022-02-08,2022-02-08 11:50:00,Trap,-1,5328.75,5333.5,39,True,True
2022-02-08,2022-02-08 12:35:00,Trap,1,5323.5,5317.25,48,True,True
2022-02-08,2022-02-08 14:10:00,Trap,1,5311.5,5301.75,67,True,True
2022-02-08,2022-02-08 14:35:00,Trap,1,5328.75,5319.0,72,False,False
2022-02-08,2022-02-08 14:55:00,Trap,1,5335.5,5322.25,76,False,False
2022-02-09,2022-02-09 09:10:00,BO,1,5382.5,5373.5,7,False,False
2022-02-09,2022-02-09 09:20:00,BO,-1,5374.25,5385.0,9,False,False
2022-02-09,2022-02-09 09:35:00,BO,1,5386.75,5372.5,12,False,False
2022-02-09,2022-02-09 10:15:00,BO,-1,5380.5,5391.5,20,False,False
2022-02-09,2022-02-09 13:55:00,BO,-1,5392.0,5396.75,64,False,False
2022-02-09,2022-02-09 14:45:00,Trap,-1,5389.75,5398.5,74,True,True
2022-02-10,2022-02-10 08:40:00,Trap,1,5355.0,5333.0,1,True,True
2022-02-10,2022-02-10 10:35:00,Trap,-1,5363.75,5375.25,24,False,False
2022-02-10,2022-02-10 10:50:00,BO,1,5380.0,5363.5,27,False,False
2022-02-10,2022-02-10 11:50:00,Trap,-1,5357.75,5382.75,39,False,False
2022-02-10,2022-02-10 13:20:00,BO,-1,5316.75,5333.5,57,False,False
2022-02-10,2022-02-10 14:35:00,Trap,-1,5307.0,5326.0,72,False,False
2022-02-10,2022-02-10 14:50:00,BO,-1,5298.75,5314.0,75,False,False
2022-02-10,2022-02-10 15:00:00,OB,1,5314.25,5292.25,77,True,True
2022-02-11,2022-02-11 09:00:00,IB,-1,5312.25,5336.75,5,False,False
2022-02-11,2022-02-11 09:15:00,Trap,-1,5311.0,5329.0,8,False,False
2022-02-11,2022-02-11 10:35:00,BO,-1,5298.0,5309.0,24,False,False
2022-02-11,2022-02-11 12:30:00,IB,-1,5277.5,5291.5,47,False,False
2022-02-11,2022-02-11 12:55:00,Trap,1,5249.5,5230.25,52,True,True
2022-02-11,2022-02-11 13:20:00,IB,1,5253.0,5227.5,57,False,False
2022-02-11,2022-02-11 13:30:00,IB,-1,5232.5,5259.25,59,False,False
2022-02-11,2022-02-11 14:50:00,Trap,1,5239.0,5209.5,75,True,True
2022-02-14,2022-02-14 08:55:00,Trap,1,5230.75,5209.75,4,True,True
2022-02-14,2022-02-14 09:05:00,BO,-1,5203.5,5232.75,6,False,False
2022-02-14,2022-02-14 11:30:00,BO,1,5229.25,5218.25,35,False,False
2022-02-14,2022-02-14 11:40:00,Trap,-1,5226.75,5234.75,37,True,True
2022-02-14,2022-02-14 11:50:00,BO,1,5234.0,5224.25,39,False,False
2022-02-14,2022-02-14 12:55:00,BO,-1,5186.0,5216.0,52,False,False
2022-02-14,2022-02-14 14:15:00,Trap,1,5206.0,5188.25,68,False,False
2022-02-15,2022-02-15 08:35:00,Trap,1,5271.25,5210.25,0,False,False
2022-02-15,2022-02-15 11:10:00,Trap,-1,5271.5,5279.75,31,True,True
2022-02-15,2022-02-15 13:10:00,OB,-1,5268.75,5276.25,55,True,True
2022-02-15,2022-02-15 13:20:00,IB,1,5273.5,5265.0,57,False,False
2022-02-15,2022-02-15 14:40:00,OB,-1,5263.0,5276.25,73,False,False
2022-02-16,2022-02-16 10:30:00,Trap,1,5256.5,5247.5,23,True,True
2022-02-16,2022-02-16 12:55:00,BO,1,5250.0,5245.5,52,False,False
2022-02-16,2022-02-16 13:25:00,BO,1,5282.0,5255.5,58,False,False
2022-02-17,2022-02-17 08:50:00,OB,-1,5241.75,5258.0,3,False,False
2022-02-17,2022-02-17 10:50:00,IB,1,5239.75,5229.25,27,False,False
2022-02-17,2022-02-17 11:00:00,IB,-1,5231.75,5241.0,29,False,False
2022-02-17,2022-02-17 12:25:00,IB,-1,5224.0,5229.0,46,False,False
2022-02-17,2022-02-17 12:35:00,Trap,1,5226.25,5221.5,48,True,True
2022-02-17,2022-02-17 13:10:00,BO,-1,5215.75,5224.0,55,False,False
2022-02-17,2022-02-17 13:25:00,Trap,-1,5210.75,5219.5,58,False,False
2022-02-17,2022-02-17 14:00:00,BO,-1,5203.25,5210.0,65,False,False
2022-02-18,2022-02-18 08:55:00,Trap,1,5203.5,5178.75,4,True,True
2022-02-18,2022-02-18 10:05:00,BO,-1,5159.0,5180.5,18,False,False
2022-02-18,2022-02-18 10:50:00,IB,-1,5163.75,5175.5,27,False,False
2022-02-18,2022-02-18 12:20:00,IB,-1,5140.25,5148.0,45,False,False
2022-02-18,2022-02-18 12:40:00,IB,1,5153.75,5143.0,49,False,False
2022-02-18,2022-02-18 13:20:00,IB,1,5168.5,5156.25,57,False,False
2022-02-18,2022-02-18 13:40:00,Trap,-1,5176.25,5190.25,61,True,True
2022-02-18,2022-02-18 14:10:00,Trap,-1,5178.5,5193.5,67,True,True
2022-02-18,2022-02-18 14:45:00,IB,1,5169.0,5147.25,74,False,False
2022-02-21,2022-02-21 09:50:00,IB,-1,5124.0,5139.0,15,False,False
2022-02-21,2022-02-21 11:20:00,OB,1,5120.0,5111.75,33,False,False
2022-02-22,2022-02-22 08:50:00,BO,1,5162.25,5124.5,45,False,False
2022-02-22,2022-02-22 12:20:00,Trap,-1,5104.5,5120.5,87,False,False
2022-02-22,2022-02-22 12:45:00,BO,-1,5098.75,5112.25,92,False,False
2022-02-22,2022-02-22 13:10:00,BO,-1,5081.25,5093.0,97,False,False
2022-02-22,2022-02-22 15:05:00,BO,1,5134.25,5100.25,120,False,False
2022-02-23,2022-02-23 09:25:00,BO,-1,5110.0,5123.75,10,False,False
2022-02-23,2022-02-23 09:45:00,Trap,-1,5101.0,5114.0,14,False,False
2022-02-23,2022-02-23 10:55:00,Trap,1,5105.5,5091.0,28,False,False
2022-02-23,2022-02-23 11:55:00,OB,-1,5099.0,5113.75,40,False,False
2022-02-23,2022-02-23 12:30:00,Trap,-1,5076.25,5085.25,47,False,False
2022-02-23,2022-02-23 14:30:00,Trap,1,5055.5,5042.25,71,False,False
2022-02-23,2022-02-23 14:40:00,IB,-1,5041.75,5058.0,73,False,False
2022-02-24,2022-02-24 08:40:00,Trap,1,4958.25,4925.0,1,True,True
2022-02-24,2022-02-24 09:15:00,Trap,1,4981.75,4949.5,8,False,False
2022-02-24,2022-02-24 11:15:00,BO,-1,4981.0,5006.25,32,False,False
2022-02-24,2022-02-24 12:10:00,Trap,1,4992.0,4975.5,43,False,False
2022-02-24,2022-02-24 12:40:00,OB,1,5005.0,4982.75,49,False,False
2022-02-24,2022-02-24 13:00:00,Trap,-1,5008.5,5033.0,53,True,True
2022-02-24,2022-02-24 13:35:00,OB,1,5041.75,5017.75,60,False,False
2022-02-24,2022-02-24 14:55:00,Trap,1,5103.75,5078.0,76,False,False
2022-02-25,2022-02-25 08:45:00,Trap,-1,5110.75,5131.25,2,True,True
2022-02-25,2022-02-25 09:00:00,Trap,-1,5103.5,5127.75,5,False,False
2022-02-25,2022-02-25 09:45:00,Trap,1,5145.25,5124.0,14,False,False
2022-02-25,2022-02-25 10:55:00,BO,1,5179.5,5165.5,28,False,False
2022-02-25,2022-02-25 11:55:00,OB,-1,5178.0,5191.25,40,False,False
2022-02-25,2022-02-25 12:20:00,Trap,1,5181.25,5167.75,45,True,True
2022-02-25,2022-02-25 13:00:00,IB,-1,5185.5,5196.5,53,True,True
2022-02-25,2022-02-25 14:45:00,Trap,1,5189.0,5179.25,74,False,False
2022-02-28,2022-02-28 08:40:00,Trap,1,5155.0,5137.5,1,True,True
2022-02-28,2022-02-28 10:25:00,BO,1,5193.0,5174.25,22,False,False
2022-02-28,2022-02-28 10:40:00,Trap,-1,5190.0,5201.75,25,True,True
2022-02-28,2022-02-28 11:10:00,Trap,-1,5175.0,5196.25,31,False,False
2022-02-28,2022-02-28 12:05:00,BO,1,5162.75,5145.75,42,False,False
2022-02-28,2022-02-28 12:20:00,Trap,-1,5156.0,5174.25,45,True,True
2022-02-28,2022-02-28 12:55:00,Trap,1,5167.0,5151.5,52,False,False
2022-02-28,2022-02-28 13:10:00,BO,-1,5131.5,5168.5,55,False,False
2022-02-28,2022-02-28 14:25:00,BO,1,5157.5,5137.0,70,False,False
2022-02-28,2022-02-28 14:35:00,Trap,-1,5143.25,5161.75,72,True,True
2022-02-28,2022-02-28 14:50:00,BO,1,5167.0,5135.25,75,False,False
2022-03-01,2022-03-01 09:20:00,Trap,1,5167.5,5153.0,9,True,True
2022-03-01,2022-03-01 10:35:00,BO,-1,5132.0,5158.0,24,False,False
2022-03-01,2022-03-01 11:20:00,OB,1,5123.0,5103.75,33,True,True
2022-03-01,2022-03-01 11:50:00,BO,1,5131.75,5119.5,39,False,False
2022-03-01,2022-03-01 12:10:00,Trap,-1,5127.0,5139.75,43,True,True
2022-03-01,2022-03-01 14:05:00,Trap,1,5134.25,5112.75,66,False,False
2022-03-01,2022-03-01 14:15:00,Trap,-1,5130.75,5142.5,68,True,True
2022-03-01,2022-03-01 15:00:00,OB,1,5119.5,5091.25,77,True,True
2022-03-02,2022-03-02 08:50:00,BO,1,5161.5,5138.75,3,False,False
2022-03-02,2022-03-02 09:00:00,IB,-1,5155.5,5167.0,5,False,False
2022-03-02,2022-03-02 10:05:00,IB,1,5180.0,5153.25,18,False,False
2022-03-02,2022-03-02 10:45:00,BO,-1,5183.25,5202.75,26,False,False
2022-03-02,2022-03-02 12:35:00,Trap,1,5210.75,5202.5,48,False,False
2022-03-02,2022-03-02 14:15:00,IB,-1,5200.0,5209.75,68,False,False
2022-03-02,2022-03-02 15:00:00,Trap,-1,5197.75,5215.5,77,True,True
2022-03-03,2022-03-03 08:45:00,Trap,1,5221.25,5213.0,2,False,False
2022-03-03,2022-03-03 09:25:00,BO,-1,5194.25,5213.75,10,False,False
2022-03-03,2022-03-03 09:40:00,Trap,-1,5183.25,5200.5,13,False,False
2022-03-03,2022-03-03 10:25:00,Trap,1,5175.25,5157.25,22,True,True
2022-03-03,2022-03-03 14:20:00,IB,1,5176.75,5166.5,69,False,False
2022-03-03,2022-03-03 14:55:00,Trap,1,5171.5,5158.5,76,True,True
2022-03-04,2022-03-04 09:00:00,Trap,1,5137.0,5112.25,5,True,True
2022-03-04,2022-03-04 09:10:00,Trap,-1,5119.75,5143.25,7,False,False
2022-03-04,2022-03-04 11:10:00,Trap,1,5115.75,5106.25,31,False,False
2022-03-04,2022-03-04 11:55:00,Trap,1,5134.0,5124.25,40,False,False
2022-03-04,2022-03-04 12:20:00,BO,-1,5139.5,5153.25,45,False,False
2022-03-04,2022-03-04 12:40:00,OB,1,5147.25,5137.0,49,False,False
2022-03-04,2022-03-04 13:25:00,Trap,1,5132.75,5116.0,58,True,True
2022-03-04,2022-03-04 14:15:00,Trap,-1,5117.0,5128.75,68,False,False
2022-03-07,2022-03-07 08:35:00,IB,-1,5123.25,5141.0,0,False,False
2022-03-07,2022-03-07 10:50:00,Trap,1,5074.25,5062.0,27,True,True
2022-03-07,2022-03-07 11:00:00,IB,-1,5061.0,5080.75,29,False,False
2022-03-07,2022-03-07 12:05:00,Trap,1,5057.25,5045.5,42,False,False
2022-03-07,2022-03-07 13:15:00,Trap,1,5053.25,5039.25,56,True,True
2022-03-07,2022-03-07 14:55:00,BO,-1,5015.5,5035.25,76,False,False
2022-03-08,2022-03-08 08:55:00,Trap,-1,5006.5,5031.5,4,False,False
2022-03-08,2022-03-08 09:20:00,Trap,1,5007.5,4976.5,9,True,True
2022-03-08,2022-03-08 12:30:00,BO,-1,5056.75,5087.0,47,False,False
2022-03-08,2022-03-08 14:15:00,IB,-1,5040.0,5055.0,68,False,False
2022-03-08,2022-03-08 14:35:00,BO,-1,4996.25,5036.0,72,False,False
2022-03-09,2022-03-09 09:05:00,IB,1,5075.5,5047.0,6,False,False
2022-03-09,2022-03-09 14:10:00,IB,1,5105.75,5090.25,67,False,False
2022-03-09,2022-03-09 14:40:00,Trap,-1,5103.0,5114.5,73,True,True
2022-03-09,2022-03-09 14:55:00,OB,-1,5094.75,5109.25,76,False,False
2022-03-10,2022-03-10 09:00:00,OB,1,5062.5,5037.75,5,False,False
2022-03-10,2022-03-10 09:30:00,BO,-1,5049.25,5070.0,11,False,False
2022-03-10,2022-03-10 11:35:00,Trap,-1,5040.5,5048.75,36,True,True
2022-03-10,2022-03-10 13:05:00,Trap,1,5066.25,5049.0,54,False,False
2022-03-10,2022-03-10 14:25:00,Trap,-1,5061.25,5072.5,70,False,False
2022-03-10,2022-03-10 14:55:00,Trap,1,5077.5,5061.0,76,False,False
2022-03-11,2022-03-11 08:40:00,Trap,-1,5093.5,5104.75,1,True,True
2022-03-11,2022-03-11 09:10:00,BO,-1,5067.75,5090.75,7,False,False
2022-03-11,2022-03-11 09:55:00,Trap,1,5082.75,5073.75,16,False,False
2022-03-11,2022-03-11 10:10:00,BO,-1,5075.5,5088.25,19,False,False
2022-03-11,2022-03-11 11:30:00,Trap,-1,5052.0,5065.75,35,False,False
2022-03-11,2022-03-11 13:00:00,OB,-1,5054.25,5072.75,53,True,True
2022-03-11,2022-03-11 13:30:00,Trap,1,5064.0,5051.25,59,False,False
2022-03-11,2022-03-11 14:10:00,BO,-1,5042.5,5050.0,67,False,False
2022-03-11,2022-03-11 14:30:00,Trap,-1,5036.75,5046.25,71,False,False
2022-03-14,2022-03-14 09:55:00,OB,1,5057.5,5044.25,16,False,False
2022-03-14,2022-03-14 10:45:00,BO,-1,5025.75,5042.25,26,False,False
2022-03-14,2022-03-14 11:10:00,BO,-1,5010.25,5023.75,31,False,False
2022-03-14,2022-03-14 11:50:00,Trap,-1,5007.0,5019.25,39,True,False
2022-03-14,2022-03-14 13:40:00,OB,1,4985.75,4975.75,61,True,True
2022-03-14,2022-03-14 14:35:00,BO,-1,4981.25,4997.0,72,False,False
2022-03-14,2022-03-14 14:55:00,Trap,-1,4983.5,4995.25,76,False,False
2022-03-14,2022-03-14 15:05:00,BO,1,4992.5,4980.0,78,False,False
2022-03-15,2022-03-15 08:45:00,IB,-1,5004.0,5031.5,2,False,False
2022-03-15,2022-03-15 09:05:00,BO,1,5026.25,5007.0,6,False,False
2022-03-15,2022-03-15 11:00:00,OB,-1,5044.0,5061.0,29,True,True
2022-03-15,2022-03-15 11:50:00,BO,-1,5051.5,5062.75,39,False,False
2022-03-15,2022-03-15 12:15:00,BO,-1,5044.0,5060.5,44,False,False
2022-03-15,2022-03-15 13:20:00,IB,-1,5035.0,5048.75,57,False,False
2022-03-15,2022-03-15 14:25:00,BO,1,5076.5,5063.75,70,False,False
2022-03-16,2022-03-16 08:40:00,BO,1,5136.75,5070.5,1,False,False
2022-03-16,2022-03-16 08:55:00,Trap,-1,5136.0,5145.25,4,True,True
2022-03-16,2022-03-16 09:20:00,OB,1,5156.75,5125.5,9,False,False
2022-03-16,2022-03-16 12:10:00,OB,-1,5122.75,5137.75,43,False,False
2022-03-16,2022-03-16 13:10:00,BO,-1,5093.5,5134.25,55,False,False
2022-03-16,2022-03-16 13:45:00,BO,1,5110.25,5065.75,62,False,False
2022-03-16,2022-03-16 14:20:00,IB,1,5139.75,5114.0,69,False,False
2022-03-17,2022-03-17 08:40:00,Trap,1,5161.25,5149.25,1,False,False
2022-03-17,2022-03-17 09:35:00,Trap,-1,5177.0,5184.75,12,False,False
2022-03-17,2022-03-17 09:50:00,BO,-1,5166.0,5178.0,15,False,False
2022-03-17,2022-03-17 10:50:00,Trap,-1,5170.25,5182.25,27,True,True
2022-03-17,2022-03-17 12:15:00,Trap,-1,5189.75,5197.0,44,False,False
2022-03-17,2022-03-17 12:25:00,Trap,1,5198.0,5188.0,46,True,True
2022-03-17,2022-03-17 13:05:00,BO,-1,5210.75,5216.75,54,False,False
2022-03-17,2022-03-17 14:05:00,OB,1,5215.75,5206.5,66,False,False
2022-03-17,2022-03-17 14:15:00,OB,-1,5203.0,5216.0,68,True,True
2022-03-17,2022-03-17 14:45:00,BO,1,5220.5,5206.75,74,False,False
2022-03-18,2022-03-18 09:05:00,IB,1,5229.25,5213.75,6,False,False
2022-03-18,2022-03-18 09:20:00,Trap,-1,5227.5,5239.5,9,True,True
2022-03-21,2022-03-21 08:50:00,OB,-1,5281.75,5296.5,3,True,True
2022-03-21,2022-03-21 10:10:00,Trap,-1,5275.75,5285.0,19,True,True
2022-03-21,2022-03-21 11:35:00,Trap,-1,5270.25,5290.5,36,True,True
2022-03-21,2022-03-21 11:45:00,Trap,1,5273.25,5258.5,38,True,True
2022-03-21,2022-03-21 12:20:00,BO,-1,5239.0,5256.75,45,False,False
2022-03-21,2022-03-21 12:40:00,OB,1,5255.75,5243.5,49,False,False
2022-03-21,2022-03-21 13:25:00,Trap,1,5265.0,5249.0,58,False,False
2022-03-21,2022-03-21 14:15:00,BO,1,5260.5,5249.0,68,False,False
2022-03-21,2022-03-21 15:00:00,BO,1,5276.5,5252.75,77,False,False
2022-03-22,2022-03-22 10:35:00,IB,-1,5321.75,5329.5,24,False,False
2022-03-22,2022-03-22 12:25:00,Trap,-1,5319.25,5328.0,46,True,True
2022-03-22,2022-03-22 13:35:00,Trap,1,5321.75,5313.5,60,True,True
2022-03-23,2022-03-23 09:10:00,Trap,1,5301.25,5289.25,7,False,False
2022-03-23,2022-03-23 09:45:00,IB,-1,5303.5,5312.0,14,False,False
2022-03-23,2022-03-23 09:55:00,Trap,1,5303.75,5298.5,16,False,False
2022-03-23,2022-03-23 11:20:00,Trap,1,5306.25,5296.0,33,True,True
2022-03-23,2022-03-23 12:20:00,Trap,-1,5293.25,5300.5,45,False,False
2022-03-23,2022-03-23 12:55:00,Trap,1,5289.75,5279.75,52,True,True
2022-03-23,2022-03-23 14:00:00,IB,-1,5285.5,5295.5,65,False,False
2022-03-23,2022-03-23 14:55:00,Trap,-1,5274.75,5291.0,76,False,False
2022-03-24,2022-03-24 08:45:00,Trap,1,5290.75,5279.5,2,False,False
2022-03-24,2022-03-24 09:20:00,BO,-1,5288.25,5301.75,9,False,False
2022-03-24,2022-03-24 10:45:00,Trap,1,5320.75,5312.5,26,False,False
2022-03-24,2022-03-24 11:05:00,Trap,-1,5311.5,5318.75,30,False,False
2022-03-24,2022-03-24 11:30:00,Trap,-1,5304.5,5312.0,35,False,False
2022-03-24,2022-03-24 13:25:00,Trap,-1,5312.5,5317.25,58,False,False
2022-03-24,2022-03-24 13:50:00,Trap,-1,5308.75,5313.5,63,False,False
2022-03-24,2022-03-24 14:35:00,Trap,-1,5326.25,5330.75,72,True,True
2022-03-25,2022-03-25 08:40:00,Trap,-1,5337.75,5347.5,1,True,True
2022-03-25,2022-03-25 08:50:00,Trap,1,5346.25,5335.25,3,False,False
2022-03-25,2022-03-25 09:25:00,OB,1,5355.25,5341.75,10,False,False
2022-03-25,2022-03-25 09:55:00,IB,-1,5355.5,5362.5,16,True,True
2022-03-25,2022-03-25 11:50:00,IB,1,5333.0,5325.25,39,False,False
2022-03-25,2022-03-25 13:30:00,IB,1,5350.0,5346.0,59,False,False
2022-03-25,2022-03-25 14:05:00,Trap,-1,5346.0,5354.75,66,True,True
2022-03-25,2022-03-25 14:25:00,OB,-1,5338.5,5348.0,70,False,False
2022-03-25,2022-03-25 14:50:00,BO,1,5348.0,5332.75,75,False,False
2022-03-28,2022-03-28 08:55:00,IB,1,5364.0,5355.5,4,False,False
2022-03-28,2022-03-28 09:30:00,Trap,1,5362.0,5353.75,11,True,False
2022-03-28,2022-03-28 13:30:00,OB,1,5362.0,5355.75,59,False,False
2022-03-28,2022-03-28 14:50:00,OB,1,5385.75,5377.0,75,False,False
2022-03-29,2022-03-29 09:10:00,OB,-1,5416.75,5430.75,7,False,False
2022-03-29,2022-03-29 09:30:00,Trap,1,5420.75,5407.5,11,False,False
2022-03-29,2022-03-29 09:40:00,Trap,-1,5415.0,5424.0,13,False,False
2022-03-29,2022-03-29 11:05:00,BO,-1,5424.75,5432.75,30,False,False
2022-03-29,2022-03-29 11:30:00,BO,-1,5417.25,5423.25,35,False,False
2022-03-29,2022-03-29 11:45:00,Trap,1,5418.25,5408.5,38,True,True
2022-03-29,2022-03-29 13:20:00,Trap,-1,5426.75,5432.5,57,True,True
2022-03-29,2022-03-29 13:30:00,Trap,1,5432.0,5424.5,59,False,False
2022-03-29,2022-03-29 14:10:00,OB,1,5445.0,5437.0,67,False,False
2022-03-29,2022-03-29 14:35:00,OB,1,5453.0,5443.5,72,False,False
2022-03-29,2022-03-29 14:55:00,Trap,-1,5443.5,5453.5,76,False,False
2022-03-30,2022-03-30 09:10:00,Trap,-1,5437.75,5446.0,7,True,False
2022-03-30,2022-03-30 10:00:00,Trap,-1,5432.25,5441.5,17,False,False
2022-03-30,2022-03-30 10:30:00,Trap,-1,5425.5,5430.0,23,False,False
2022-03-30,2022-03-30 11:05:00,BO,1,5432.75,5426.25,30,False,False
2022-03-30,2022-03-30 12:10:00,BO,-1,5427.25,5433.5,43,False,False
2022-03-30,2022-03-30 12:25:00,OB,-1,5424.75,5430.5,46,False,False
2022-03-30,2022-03-30 13:20:00,IB,-1,5420.75,5426.5,57,False,False
2022-03-30,2022-03-30 13:45:00,Trap,-1,5416.75,5423.5,62,False,False
2022-03-30,2022-03-30 14:25:00,OB,-1,5399.5,5411.5,70,False,False
2022-03-30,2022-03-30 14:35:00,BO,1,5407.75,5398.25,72,False,False
2022-03-30,2022-03-30 14:50:00,Trap,1,5412.25,5402.5,75,False,False
2022-03-31,2022-03-31 09:35:00,Trap,1,5410.75,5398.5,12,True,True
2022-03-31,2022-03-31 09:50:00,Trap,1,5416.25,5406.25,15,False,False
2022-03-31,2022-03-31 11:55:00,OB,-1,5401.25,5406.25,40,False,False
2022-03-31,2022-03-31 13:00:00,Trap,-1,5402.5,5408.0,53,True,True
2022-04-01,2022-04-01 09:25:00,BO,-1,5344.75,5362.0,10,False,False
2022-04-01,2022-04-01 10:55:00,Trap,1,5343.25,5336.25,28,True,True
2022-04-01,2022-04-01 11:45:00,Trap,1,5335.75,5327.0,38,True,True
2022-04-01,2022-04-01 13:05:00,BO,1,5346.75,5335.75,54,False,False
2022-04-01,2022-04-01 14:55:00,BO,1,5359.25,5337.25,76,False,False
2022-04-04,2022-04-04 09:15:00,OB,-1,5374.75,5380.25,8,False,False
2022-04-04,2022-04-04 09:25:00,Trap,1,5379.25,5368.0,10,False,False
2022-04-04,2022-04-04 10:05:00,Trap,1,5384.0,5375.5,18,False,False
2022-04-04,2022-04-04 11:15:00,Trap,1,5390.25,5386.75,32,False,False
2022-04-04,2022-04-04 11:40:00,Trap,-1,5385.5,5390.75,37,False,False
2022-04-04,2022-04-04 12:40:00,Trap,-1,5385.0,5387.75,49,True,True
2022-04-04,2022-04-04 13:00:00,BO,1,5390.75,5386.25,53,False,False
2022-04-04,2022-04-04 13:20:00,Trap,1,5389.0,5383.5,57,True,True
2022-04-04,2022-04-04 14:10:00,Trap,1,5395.25,5391.75,67,False,False
2022-04-04,2022-04-04 14:55:00,OB,1,5398.75,5391.0,76,True,True
2022-04-05,2022-04-05 08:50:00,Trap,-1,5400.5,5406.0,3,True,True
2022-04-05,2022-04-05 09:10:00,Trap,-1,5382.0,5412.25,7,True,True
2022-04-05,2022-04-05 09:50:00,IB,1,5381.5,5371.0,15,False,False
2022-04-05,2022-04-05 10:35:00,Trap,1,5382.5,5374.75,24,True,False
2022-04-05,2022-04-05 10:55:00,BO,-1,5371.5,5377.0,28,False,False
2022-04-05,2022-04-05 11:40:00,Trap,1,5364.5,5359.75,37,True,True
2022-04-05,2022-04-05 12:30:00,Trap,-1,5375.0,5380.0,47,True,True
2022-04-05,2022-04-05 13:20:00,OB,1,5366.5,5359.0,57,False,False
2022-04-05,2022-04-05 13:30:00,Trap,-1,5362.5,5368.0,59,True,False
2022-04-05,2022-04-05 14:35:00,IB,-1,5341.0,5351.75,72,False,False
2022-04-06,2022-04-06 09:05:00,Trap,-1,5282.5,5293.75,6,False,False
2022-04-06,2022-04-06 09:20:00,Trap,1,5288.5,5278.0,9,True,True
2022-04-06,2022-04-06 09:45:00,BO,1,5288.5,5280.5,14,False,False
2022-04-06,2022-04-06 10:50:00,BO,1,5293.0,5282.75,27,False,False
2022-04-06,2022-04-06 12:20:00,IB,1,5286.75,5282.5,45,False,False
2022-04-06,2022-04-06 13:00:00,Trap,-1,5293.75,5302.0,53,True,True
2022-04-07,2022-04-07 08:40:00,Trap,1,5304.5,5286.0,1,True,True
2022-04-07,2022-04-07 08:50:00,Trap,-1,5291.75,5309.5,3,False,False
2022-04-07,2022-04-07 09:45:00,Trap,-1,5280.0,5299.0,14,False,False
2022-04-07,2022-04-07 13:00:00,Trap,1,5307.5,5291.75,53,False,False
2022-04-07,2022-04-07 13:20:00,Trap,-1,5302.5,5311.25,57,False,False
2022-04-07,2022-04-07 14:55:00,OB,-1,5325.25,5340.75,76,True,True
2022-04-08,2022-04-08 08:35:00,Trap,-1,5307.75,5323.25,0,False,False
2022-04-08,2022-04-08 09:10:00,OB,1,5306.5,5292.25,7,True,True
2022-04-08,2022-04-08 09:50:00,IB,-1,5305.5,5312.5,15,False,False
2022-04-08,2022-04-08 10:00:00,BO,1,5331.0,5304.25,17,False,False
2022-04-08,2022-04-08 13:55:00,BO,1,5322.75,5311.5,64,False,False
2022-04-08,2022-04-08 14:55:00,OB,-1,5305.5,5321.5,76,False,False
2022-04-11,2022-04-11 10:35:00,Trap,1,5257.25,5248.5,24,True,True
2022-04-11,2022-04-11 11:45:00,Trap,-1,5248.5,5251.5,38,False,False
2022-04-11,2022-04-11 12:05:00,IB,1,5256.75,5246.25,42,False,False
2022-04-11,2022-04-11 12:25:00,BO,-1,5249.0,5258.5,46,False,False
2022-04-12,2022-04-12 11:25:00,Trap,-1,5256.25,5268.75,34,False,False
2022-04-12,2022-04-12 12:15:00,IB,1,5252.75,5244.25,44,False,False
2022-04-12,2022-04-12 12:45:00,OB,-1,5239.75,5252.0,50,False,False
2022-04-12,2022-04-12 13:15:00,Trap,-1,5224.5,5236.0,56,False,False
2022-04-12,2022-04-12 14:05:00,Trap,-1,5210.5,5225.5,66,True,False
2022-04-12,2022-04-12 14:30:00,Trap,-1,5203.25,5212.25,71,False,False
2022-04-13,2022-04-13 09:20:00,Trap,1,5227.5,5214.75,9,True,False
2022-04-14,2022-04-14 08:45:00,Trap,-1,5259.25,5279.25,2,True,True
2022-04-14,2022-04-14 11:20:00,IB,-1,5238.0,5244.0,33,False,False
2022-04-14,2022-04-14 12:10:00,Trap,-1,5230.0,5234.5,43,False,False
2022-04-14,2022-04-14 12:50:00,BO,1,5241.75,5233.5,51,False,False
2022-04-14,2022-04-14 13:05:00,BO,1,5248.75,5239.25,54,False,False
2022-04-14,2022-04-14 13:55:00,OB,-1,5229.25,5238.75,64,False,False
2022-04-14,2022-04-14 14:20:00,Trap,1,5230.25,5220.5,69,True,True
2022-04-14,2022-04-14 14:55:00,Trap,-1,5216.25,5224.5,76,False,False
2022-04-18,2022-04-18 12:10:00,Trap,1,5203.5,5195.5,43,False,False
2022-04-18,2022-04-18 12:20:00,Trap,-1,5197.75,5207.5,45,True,True
2022-04-18,2022-04-18 15:00:00,OB,1,5212.5,5188.5,77,True,True
2022-04-19,2022-04-19 09:45:00,Trap,1,5265.25,5256.75,14,False,False
2022-04-19,2022-04-19 12:30:00,Trap,-1,5259.25,5269.0,47,False,False
2022-04-19,2022-04-19 12:55:00,OB,1,5269.25,5260.0,52,False,False
2022-04-19,2022-04-19 14:15:00,OB,1,5281.75,5267.75,68,False,False
2022-04-20,2022-04-20 09:35:00,IB,1,5294.25,5283.75,12,False,False
2022-04-20,2022-04-20 09:55:00,Trap,1,5302.5,5296.0,16,False,False
2022-04-20,2022-04-20 10:05:00,Trap,-1,5291.75,5305.25,18,True,True
2022-04-20,2022-04-20 10:55:00,OB,-1,5288.75,5298.0,28,True,False
2022-04-20,2022-04-20 11:15:00,OB,-1,5283.25,5295.5,32,False,False
2022-04-20,2022-04-20 13:15:00,IB,-1,5293.5,5301.5,56,False,False
2022-04-20,2022-04-20 14:05:00,Trap,1,5278.5,5267.0,66,True,True
2022-04-20,2022-04-20 14:35:00,Trap,-1,5281.25,5291.25,72,True,True
2022-04-20,2022-04-20 14:55:00,Trap,-1,5281.25,5296.25,76,True,True
2022-04-21,2022-04-21 10:35:00,Trap,-1,5295.25,5306.5,24,False,False
2022-04-21,2022-04-21 11:00:00,OB,-1,5279.25,5289.5,29,False,False
2022-04-21,2022-04-21 12:30:00,BO,1,5264.75,5245.75,47,False,False
2022-04-21,2022-04-21 12:40:00,Trap,-1,5254.5,5268.25,49,True,False
2022-04-21,2022-04-21 13:45:00,Trap,-1,5232.75,5251.5,62,True,False
2022-04-21,2022-04-21 14:20:00,Trap,1,5216.5,5210.75,69,True,True
2022-04-22,2022-04-22 08:40:00,BO,-1,5183.0,5214.25,1,False,False
2022-04-22,2022-04-22 09:00:00,Trap,-1,5174.75,5189.75,5,False,False
2022-04-22,2022-04-22 12:25:00,Trap,-1,5127.75,5138.5,46,False,False
2022-04-22,2022-04-22 12:55:00,Trap,-1,5120.5,5129.75,52,False,False
2022-04-22,2022-04-22 13:55:00,BO,-1,5103.5,5116.25,64,False,False
2022-04-22,2022-04-22 14:20:00,OB,1,5122.5,5098.0,69,True,True
2022-04-22,2022-04-22 14:35:00,IB,1,5131.75,5112.5,72,False,False
2022-04-22,2022-04-22 14:45:00,Trap,-1,5120.75,5135.25,74,True,True
2022-04-25,2022-04-25 09:00:00,Trap,-1,5034.0,5064.25,5,False,False
2022-04-25,2022-04-25 13:05:00,IB,-1,5049.0,5062.75,54,False,False
2022-04-25,2022-04-25 14:05:00,OB,-1,5075.5,5098.5,66,True,True
2022-04-26,2022-04-26 09:20:00,OB,-1,5051.75,5077.0,9,False,False
2022-04-26,2022-04-26 09:40:00,Trap,-1,5043.5,5056.25,13,False,False
2022-04-26,2022-04-26 10:35:00,IB,-1,5037.25,5045.75,24,False,False
2022-04-26,2022-04-26 11:10:00,IB,1,5035.25,5024.5,31,False,False
2022-04-26,2022-04-26 11:40:00,IB,-1,5040.5,5053.25,37,False,False
2022-04-26,2022-04-26 12:00:00,BO,1,5053.0,5036.0,41,False,False
2022-04-26,2022-04-26 12:55:00,IB,-1,5022.75,5036.25,52,False,False
2022-04-26,2022-04-26 13:45:00,Trap,-1,5024.75,5040.5,62,True,True
2022-04-26,2022-04-26 14:10:00,Trap,-1,5026.0,5042.75,67,True,True
2022-04-26,2022-04-26 14:35:00,IB,-1,5005.5,5016.25,72,False,False
2022-04-26,2022-04-26 14:55:00,OB,-1,5001.75,5015.25,76,False,False
2022-04-27,2022-04-27 09:40:00,Trap,1,5005.5,4980.5,13,True,True
2022-04-27,2022-04-27 11:45:00,Trap,1,5055.0,5044.0,38,False,False
2022-04-27,2022-04-27 12:40:00,Trap,-1,5039.25,5050.25,49,False,False
2022-04-27,2022-04-27 12:50:00,Trap,1,5046.25,5034.75,51,False,False
2022-04-27,2022-04-27 13:55:00,OB,-1,5027.0,5046.25,64,False,False
2022-04-27,2022-04-27 14:40:00,Trap,-1,5004.0,5016.75,73,False,False
2022-04-28,2022-04-28 09:30:00,Trap,-1,5015.0,5037.0,11,False,False
2022-04-28,2022-04-28 10:00:00,Trap,1,5023.0,5008.0,17,False,False
2022-04-28,2022-04-28 10:55:00,Trap,1,5035.25,5024.75,28,True,False
2022-04-28,2022-04-28 13:25:00,Trap,1,5107.25,5097.75,58,False,False
2022-04-28,2022-04-28 14:25:00,OB,1,5126.5,5114.75,70,False,False
2022-04-28,2022-04-28 14:35:00,BO,-1,5112.0,5127.0,72,False,False
2022-04-29,2022-04-29 11:05:00,BO,-1,5022.25,5046.75,30,False,False
2022-04-29,2022-04-29 12:05:00,IB,1,5014.25,5002.0,42,False,False
2022-04-29,2022-04-29 12:45:00,Trap,-1,5012.75,5028.0,50,True,True
2022-04-29,2022-04-29 13:25:00,Trap,-1,4996.75,5010.75,58,False,False
2022-04-29,2022-04-29 14:15:00,BO,-1,4971.0,4987.5,68,False,False
2022-04-29,2022-04-29 14:50:00,OB,-1,4959.0,4981.75,75,False,False
2022-05-02,2022-05-02 09:25:00,OB,1,4962.75,4933.25,10,False,False
2022-05-02,2022-05-02 13:05:00,BO,1,4914.0,4898.5,54,False,False
2022-05-02,2022-05-02 13:15:00,Trap,-1,4891.75,4917.5,56,False,False
2022-05-02,2022-05-02 13:45:00,IB,-1,4884.25,4898.5,62,False,False
2022-05-02,2022-05-02 13:55:00,BO,1,4901.25,4879.5,64,False,False
2022-05-02,2022-05-02 14:10:00,BO,1,4917.25,4889.0,67,False,False
2022-05-02,2022-05-02 14:45:00,Trap,-1,4947.0,4968.5,74,True,True
2022-05-03,2022-05-03 08:55:00,Trap,1,4977.5,4962.5,4,True,False
2022-05-03,2022-05-03 09:35:00,BO,1,4993.25,4972.25,12,False,False
2022-05-03,2022-05-03 11:05:00,BO,1,5013.5,5003.0,30,False,False
2022-05-03,2022-05-03 12:55:00,OB,-1,5006.0,5016.25,52,False,False
2022-05-03,2022-05-03 14:25:00,BO,-1,4996.5,5009.75,70,False,False
2022-05-03,2022-05-03 14:45:00,BO,-1,4982.25,5003.25,74,False,False
2022-05-04,2022-05-04 10:35:00,OB,-1,4968.5,4976.0,24,False,False
2022-05-04,2022-05-04 12:00:00,OB,1,5009.75,4998.0,41,False,False
2022-05-04,2022-05-04 12:10:00,Trap,-1,5005.25,5014.5,43,True,True
2022-05-04,2022-05-04 13:30:00,Trap,1,5018.0,4986.25,59,True,True
2022-05-04,2022-05-04 13:45:00,Trap,1,5024.75,4970.25,62,True,True
2022-05-05,2022-05-05 10:10:00,OB,-1,4973.75,5000.0,19,False,False
2022-05-05,2022-05-05 10:50:00,IB,-1,4975.0,4993.75,27,False,False
2022-05-05,2022-05-05 11:10:00,Trap,1,4962.5,4938.25,31,True,True
2022-05-05,2022-05-05 13:30:00,OB,-1,4948.25,4980.5,59,False,False
2022-05-05,2022-05-05 14:40:00,Trap,1,4946.0,4922.75,73,True,True
2022-05-05,2022-05-05 14:50:00,Trap,-1,4930.25,4953.5,75,True,False
2022-05-06,2022-05-06 08:40:00,BO,-1,4909.0,4977.25,1,False,False
2022-05-06,2022-05-06 09:20:00,Trap,1,4933.25,4892.5,9,False,False
2022-05-06,2022-05-06 10:35:00,IB,-1,4947.5,4976.75,24,False,False
2022-05-06,2022-05-06 11:15:00,Trap,-1,4930.5,4959.5,32,False,False
2022-05-06,2022-05-06 12:55:00,IB,-1,4929.0,4950.5,52,False,False
2022-05-06,2022-05-06 13:55:00,OB,1,4930.25,4906.0,64,True,True
2022-05-09,2022-05-09 09:10:00,BO,-1,4857.75,4887.0,7,False,False
2022-05-09,2022-05-09 09:55:00,Trap,-1,4841.5,4859.5,16,False,False
2022-05-09,2022-05-09 10:40:00,Trap,1,4844.0,4821.0,25,True,True
2022-05-09,2022-05-09 11:05:00,Trap,-1,4837.25,4853.0,30,True,True
2022-05-09,2022-05-09 12:45:00,Trap,1,4843.0,4826.25,50,True,True
2022-05-09,2022-05-09 12:55:00,Trap,-1,4825.75,4846.75,52,False,False
2022-05-09,2022-05-09 14:25:00,Trap,-1,4828.0,4854.0,70,True,True
2022-05-09,2022-05-09 14:50:00,BO,-1,4805.25,4824.5,75,False,False
2022-05-09,2022-05-09 15:00:00,Trap,1,4810.75,4793.5,77,True,True
2022-05-10,2022-05-10 08:50:00,BO,-1,4849.5,4876.0,3,False,False
2022-05-10,2022-05-10 09:00:00,Trap,1,4869.5,4846.75,5,False,False
2022-05-10,2022-05-10 09:15:00,Trap,-1,4861.75,4878.5,8,False,False
2022-05-10,2022-05-10 11:50:00,BO,1,4798.75,4780.0,39,False,False
2022-05-10,2022-05-10 12:30:00,Trap,1,4813.0,4789.25,47,False,False
2022-05-11,2022-05-11 08:45:00,Trap,1,4832.25,4789.75,2,True,True
2022-05-11,2022-05-11 09:55:00,OB,-1,4842.75,4868.5,16,True,True
2022-05-11,2022-05-11 13:00:00,Trap,-1,4762.5,4777.0,53,False,False
2022-05-11,2022-05-11 13:20:00,Trap,1,4781.75,4766.5,57,False,False
2022-05-12,2022-05-12 08:40:00,BO,-1,4700.75,4766.5,1,False,False
2022-05-12,2022-05-12 09:10:00,Trap,1,4737.25,4700.5,7,False,False
2022-05-12,2022-05-12 12:05:00,OB,-1,4724.75,4745.5,42,False,False
2022-05-12,2022-05-12 12:20:00,Trap,-1,4717.25,4733.0,45,False,False
2022-05-12,2022-05-12 12:40:00,OB,-1,4705.5,4724.75,49,False,False
2022-05-12,2022-05-12 14:20:00,Trap,1,4705.75,4680.75,69,False,False
2022-05-13,2022-05-13 08:45:00,OB,1,4803.25,4783.0,2,False,False
2022-05-13,2022-05-13 09:45:00,OB,-1,4827.25,4842.0,14,False,False
2022-05-13,2022-05-13 09:55:00,Trap,1,4838.75,4820.75,16,False,False
2022-05-13,2022-05-13 11:50:00,OB,-1,4845.5,4855.5,39,False,False
2022-05-13,2022-05-13 12:05:00,IB,1,4846.5,4834.5,42,False,False
2022-05-13,2022-05-13 12:45:00,BO,-1,4828.75,4841.0,50,False,False
2022-05-13,2022-05-13 13:00:00,Trap,-1,4820.75,4831.75,53,False,False
2022-05-16,2022-05-16 08:50:00,Trap,-1,4807.25,4840.0,3,False,False
2022-05-16,2022-05-16 09:10:00,Trap,1,4827.5,4803.5,7,False,False
2022-05-16,2022-05-16 13:10:00,Trap,1,4856.0,4842.25,55,False,False
2022-05-16,2022-05-16 13:30:00,BO,1,4863.0,4849.0,59,False,False
2022-05-16,2022-05-16 13:50:00,OB,-1,4854.25,4865.75,63,False,False
2022-05-16,2022-05-16 14:15:00,OB,-1,4843.0,4861.5,68,False,False
2022-05-17,2022-05-17 09:05:00,Trap,1,4886.5,4871.25,6,False,False
2022-05-17,2022-05-17 09:30:00,Trap,-1,4869.75,4885.75,11,False,False
2022-05-17,2022-05-17 10:45:00,Trap,-1,4881.25,4888.0,26,True,True
2022-05-17,2022-05-17 11:20:00,IB,1,4882.25,4873.5,33,True,True
2022-05-17,2022-05-17 12:25:00,Trap,-1,4893.25,4899.0,46,True,True
2022-05-17,2022-05-17 13:00:00,Trap,-1,4890.5,4896.0,53,False,False
2022-05-17,2022-05-17 15:00:00,BO,1,4909.75,4894.25,77,False,False
2022-05-18,2022-05-18 09:00:00,BO,-1,4838.5,4852.25,5,False,False
2022-05-18,2022-05-18 10:10:00,OB,-1,4820.25,4834.5,19,False,False
2022-05-18,2022-05-18 10:55:00,BO,-1,4790.25,4808.75,28,False,False
2022-05-18,2022-05-18 11:25:00,Trap,-1,4779.25,4794.75,34,False,False
2022-05-18,2022-05-18 11:35:00,IB,1,4787.0,4778.75,36,False,False
2022-05-18,2022-05-18 12:10:00,BO,-1,4775.75,4798.25,43,False,False
2022-05-18,2022-05-18 12:50:00,BO,-1,4756.75,4775.75,51,False,False
2022-05-18,2022-05-18 14:00:00,IB,-1,4743.75,4755.25,65,False,False
2022-05-19,2022-05-19 08:50:00,BO,-1,4701.5,4744.0,3,False,False
2022-05-19,2022-05-19 10:25:00,Trap,1,4728.0,4711.0,22,False,False
2022-05-19,2022-05-19 10:40:00,BO,1,4747.5,4717.0,25,False,False
2022-05-19,2022-05-19 11:40:00,OB,-1,4726.75,4745.5,37,False,False
2022-05-19,2022-05-19 12:25:00,IB,1,4726.5,4709.25,46,False,False
2022-05-19,2022-05-19 13:00:00,BO,1,4743.5,4710.5,53,False,False
2022-05-20,2022-05-20 08:45:00,Trap,1,4762.0,4742.5,2,False,False
2022-05-20,2022-05-20 09:10:00,OB,-1,4732.25,4759.0,7,False,False
2022-05-20,2022-05-20 09:30:00,Trap,1,4736.75,4724.5,11,True,True
2022-05-20,2022-05-20 09:55:00,BO,-1,4711.0,4734.5,16,False,False
2022-05-20,2022-05-20 10:35:00,OB,1,4697.25,4680.5,24,True,True
2022-05-20,2022-05-20 13:20:00,Trap,-1,4646.5,4658.0,57,False,False
2022-05-20,2022-05-20 13:45:00,IB,1,4657.0,4638.75,62,False,False
2022-05-20,2022-05-20 14:05:00,IB,-1,4655.5,4674.0,66,False,False
2022-05-20,2022-05-20 14:35:00,BO,1,4687.25,4656.75,72,False,False
2022-05-23,2022-05-23 08:50:00,OB,1,4765.75,4737.0,3,False,False
2022-05-23,2022-05-23 10:50:00,IB,-1,4788.5,4797.0,27,False,False
2022-05-23,2022-05-23 11:20:00,IB,-1,4794.75,4802.5,33,False,False
2022-05-23,2022-05-23 13:30:00,Trap,-1,4795.0,4799.75,59,True,True
2022-05-24,2022-05-24 08:35:00,IB,-1,4747.25,4805.75,0,False,False
2022-05-24,2022-05-24 09:50:00,OB,-1,4698.0,4715.25,15,False,False
2022-05-24,2022-05-24 11:10:00,Trap,1,4735.75,4723.5,31,False,False
2022-05-24,2022-05-24 12:05:00,Trap,-1,4713.75,4734.5,42,False,False
2022-05-24,2022-05-24 13:20:00,Trap,-1,4741.5,4758.5,57,True,True
2022-05-24,2022-05-24 13:50:00,BO,-1,4732.75,4757.25,63,False,False
2022-05-24,2022-05-24 14:05:00,OB,1,4743.75,4726.0,66,True,True
2022-05-24,2022-05-24 14:30:00,OB,1,4753.75,4737.75,71,False,False
2022-05-25,2022-05-25 08:40:00,Trap,1,4771.25,4745.0,1,True,True
2022-05-25,2022-05-25 09:50:00,BO,-1,4786.75,4801.0,15,False,False
2022-05-25,2022-05-25 10:35:00,IB,-1,4777.25,4789.25,24,False,False
2022-05-25,2022-05-25 11:25:00,BO,-1,4765.75,4778.25,34,False,False
2022-05-26,2022-05-26 08:40:00,BO,1,4837.25,4792.5,1,False,False
2022-05-26,2022-05-26 10:05:00,BO,1,4872.25,4861.5,18,False,False
2022-05-26,2022-05-26 11:55:00,OB,1,4887.25,4879.75,40,False,False
2022-05-26,2022-05-26 14:20:00,IB,-1,4877.0,4887.25,69,False,False
2022-05-27,2022-05-27 08:40:00,BO,1,4923.75,4871.0,1,False,False
2022-05-27,2022-05-27 08:55:00,BO,1,4936.5,4918.25,4,False,False
2022-05-27,2022-05-27 10:05:00,BO,-1,4934.5,4943.5,18,False,False
2022-05-27,2022-05-27 10:15:00,BO,1,4943.5,4931.5,20,False,False
2022-05-27,2022-05-27 11:25:00,BO,-1,4946.5,4955.5,34,False,False
2022-05-27,2022-05-27 14:05:00,BO,1,4961.0,4953.75,66,False,False
2022-05-27,2022-05-27 15:00:00,OB,1,4979.75,4962.75,77,True,False
2022-05-30,2022-05-30 09:15:00,Trap,-1,4991.75,4996.5,8,True,True
2022-05-30,2022-05-30 09:50:00,IB,1,5000.0,4992.75,15,False,False
2022-05-30,2022-05-30 10:05:00,Trap,-1,4999.25,5002.5,18,True,True
2022-05-30,2022-05-30 10:30:00,OB,1,5004.5,4996.5,23,False,False
2022-05-30,2022-05-30 11:15:00,Trap,1,5002.25,4999.0,32,True,False
2022-05-30,2022-05-30 11:40:00,Trap,-1,5003.25,5010.5,37,True,True
2022-05-31,2022-05-31 08:40:00,BO,-1,4935.0,5003.25,43,False,False
2022-05-31,2022-05-31 09:05:00,Trap,-1,4929.75,4945.5,48,False,False
2022-05-31,2022-05-31 09:45:00,IB,1,4957.0,4942.25,56,False,False
2022-05-31,2022-05-31 12:05:00,OB,-1,4971.5,4984.0,84,True,True
2022-05-31,2022-05-31 12:20:00,IB,-1,4968.0,4982.75,87,False,False
2022-05-31,2022-05-31 13:50:00,BO,-1,4961.0,4982.0,105,False,False
2022-05-31,2022-05-31 14:45:00,IB,-1,4965.5,4979.0,116,False,False
2022-06-01,2022-06-01 09:05:00,Trap,-1,4967.5,4980.25,6,False,False
2022-06-01,2022-06-01 11:45:00,IB,-1,4902.75,4911.5,38,False,False
2022-06-01,2022-06-01 12:40:00,Trap,1,4926.0,4913.75,49,False,False
2022-06-01,2022-06-01 12:55:00,Trap,-1,4919.5,4930.0,52,True,True
2022-06-01,2022-06-01 14:15:00,BO,1,4946.0,4931.25,68,False,False
2022-06-01,2022-06-01 15:00:00,OB,-1,4922.0,4948.25,77,False,False
2022-06-02,2022-06-02 09:05:00,Trap,1,4912.0,4898.5,6,True,True
2022-06-02,2022-06-02 09:25:00,IB,-1,4898.5,4931.5,10,False,False
2022-06-02,2022-06-02 12:15:00,Trap,-1,4964.5,4972.0,44,False,False
2022-06-02,2022-06-02 13:05:00,Trap,1,4978.75,4970.25,54,False,False
2022-06-02,2022-06-02 13:35:00,Trap,1,4982.25,4975.25,60,False,False
2022-06-03,2022-06-03 09:25:00,Trap,-1,4952.75,4962.75,10,False,False
2022-06-03,2022-06-03 10:35:00,Trap,1,4931.0,4920.25,24,True,True
2022-06-03,2022-06-03 10:50:00,IB,-1,4926.75,4937.0,27,False,False
2022-06-03,2022-06-03 11:05:00,BO,1,4936.25,4922.75,30,False,False
2022-06-03,2022-06-03 12:45:00,Trap,-1,4931.5,4942.25,50,False,False
2022-06-03,2022-06-03 13:40:00,IB,-1,4934.25,4946.5,61,False,False
2022-06-03,2022-06-03 14:15:00,BO,-1,4926.75,4943.25,68,False,False
2022-06-03,2022-06-03 14:55:00,Trap,1,4935.0,4923.5,76,True,True
2022-06-06,2022-06-06 09:00:00,IB,1,4977.0,4962.25,5,False,False
2022-06-06,2022-06-06 10:10:00,Trap,-1,4978.75,4990.75,19,True,True
2022-06-06,2022-06-06 12:00:00,Trap,1,4949.5,4941.5,41,False,False
2022-06-06,2022-06-06 13:30:00,BO,-1,4943.0,4958.5,59,False,False
2022-06-06,2022-06-06 14:45:00,Trap,1,4943.5,4930.75,74,True,True
2022-06-07,2022-06-07 09:25:00,IB,1,4925.25,4914.5,10,False,False
2022-06-07,2022-06-07 10:25:00,BO,-1,4945.25,4959.25,22,False,False
2022-06-07,2022-06-07 13:10:00,OB,1,4967.75,4954.75,55,True,True
2022-06-07,2022-06-07 13:45:00,IB,-1,4963.5,4974.75,62,False,False
2022-06-07,2022-06-07 15:05:00,OB,-1,4977.5,4987.5,78,True,True
2022-06-08,2022-06-08 08:35:00,IB,-1,4958.75,4979.75,0,False,False
2022-06-08,2022-06-08 09:15:00,IB,-1,4960.5,4979.75,8,False,False
2022-06-08,2022-06-08 09:45:00,Trap,-1,4968.5,4979.0,14,False,False
2022-06-08,2022-06-08 10:00:00,Trap,-1,4966.75,4975.25,17,False,False
2022-06-08,2022-06-08 10:15:00,BO,1,4974.25,4961.75,20,False,False
2022-06-08,2022-06-08 11:40:00,BO,-1,4948.25,4968.25,37,False,False
2022-06-08,2022-06-08 13:45:00,Trap,1,4939.5,4929.0,62,True,True
2022-06-09,2022-06-09 08:45:00,IB,-1,4913.25,4932.75,2,False,False
2022-06-09,2022-06-09 08:55:00,BO,1,4937.0,4908.5,4,False,False
2022-06-09,2022-06-09 09:20:00,Trap,1,4928.25,4914.5,9,False,False
2022-06-09,2022-06-09 10:45:00,BO,1,4923.5,4909.5,26,False,False
2022-06-09,2022-06-09 13:25:00,Trap,-1,4905.5,4913.75,58,False,False
2022-06-10,2022-06-10 08:45:00,Trap,1,4772.0,4754.25,2,True,True
2022-06-10,2022-06-10 08:55:00,Trap,-1,4757.5,4775.5,4,False,False
2022-06-10,2022-06-10 11:00:00,Trap,1,4733.75,4722.5,29,False,False
2022-06-10,2022-06-10 13:50:00,Trap,1,4749.5,4736.5,63,False,False
2022-06-10,2022-06-10 14:15:00,Trap,1,4750.0,4739.75,68,False,False
2022-06-13,2022-06-13 09:45:00,Trap,-1,4586.0,4604.0,14,False,False
2022-06-13,2022-06-13 10:05:00,Trap,-1,4577.25,4589.25,18,False,False
2022-06-13,2022-06-13 10:20:00,OB,1,4596.0,4572.75,21,True,True
2022-06-13,2022-06-13 10:40:00,Trap,1,4609.75,4590.5,25,False,False
2022-06-13,2022-06-13 11:40:00,OB,1,4634.0,4609.75,37,False,False
2022-06-13,2022-06-13 12:45:00,OB,1,4614.5,4592.5,50,True,True
2022-06-13,2022-06-13 13:40:00,Trap,1,4607.25,4590.5,61,True,True
2022-06-14,2022-06-14 08:45:00,IB,-1,4569.25,4595.75,2,False,False
2022-06-14,2022-06-14 08:55:00,BO,1,4592.25,4569.25,4,False,False
2022-06-14,2022-06-14 09:45:00,IB,-1,4561.75,4573.5,14,False,False
2022-06-14,2022-06-14 12:30:00,Trap,-1,4573.5,4589.75,47,True,True
2022-06-14,2022-06-14 13:10:00,OB,1,4567.25,4556.0,55,False,False
2022-06-14,2022-06-14 13:50:00,BO,-1,4548.25,4564.75,63,False,False
2022-06-14,2022-06-14 14:15:00,BO,-1,4534.25,4551.25,68,False,False
2022-06-14,2022-06-14 14:35:00,BO,1,4555.5,4532.75,72,False,False
2022-06-15,2022-06-15 11:00:00,Trap,1,4599.25,4592.5,29,False,False
2022-06-15,2022-06-15 12:00:00,OB,-1,4586.25,4598.25,41,False,False
2022-06-15,2022-06-15 12:50:00,IB,-1,4592.0,4599.75,51,False,False
2022-06-15,2022-06-15 13:00:00,OB,1,4606.25,4586.5,53,True,True
2022-06-15,2022-06-15 13:45:00,BO,1,4642.5,4545.75,62,False,False
2022-06-15,2022-06-15 13:55:00,Trap,-1,4613.25,4652.0,64,True,True
2022-06-15,2022-06-15 14:25:00,IB,1,4638.0,4603.75,70,False,False
2022-06-16,2022-06-16 08:35:00,BO,-1,4520.5,4620.75,0,False,False
2022-06-16,2022-06-16 09:40:00,BO,-1,4501.75,4515.5,13,False,False
2022-06-16,2022-06-16 11:10:00,Trap,-1,4488.75,4504.0,31,False,False
2022-06-16,2022-06-16 11:30:00,IB,1,4500.0,4486.5,35,False,False
2022-06-16,2022-06-16 13:00:00,IB,-1,4481.75,4495.75,53,False,False
2022-06-16,2022-06-16 13:50:00,Trap,-1,4466.75,4487.5,63,True,False
2022-06-16,2022-06-16 14:05:00,OB,1,4482.5,4464.25,66,True,True
2022-06-16,2022-06-16 14:50:00,Trap,-1,4474.5,4494.5,75,False,False
2022-06-16,2022-06-16 15:00:00,IB,1,4495.75,4471.5,77,False,False
2022-06-17,2022-06-17 08:35:00,BO,1,4513.5,4487.5,0,False,False
2022-06-17,2022-06-17 09:05:00,Trap,-1,4515.25,4534.0,6,True,True
2022-06-17,2022-06-17 12:05:00,IB,1,4506.75,4490.0,42,False,False
2022-06-17,2022-06-17 13:30:00,Trap,-1,4518.5,4527.25,59,True,True
2022-06-17,2022-06-17 13:40:00,Trap,1,4525.25,4510.25,61,False,False
2022-06-17,2022-06-17 14:25:00,IB,1,4516.0,4497.0,70,True,True
2022-06-20,2022-06-20 10:50:00,IB,1,4537.25,4534.5,27,False,False
2022-06-20,2022-06-20 11:05:00,Trap,-1,4539.25,4547.25,30,True,True
2022-06-20,2022-06-20 11:50:00,IB,1,4539.75,4534.75,39,False,False
2022-06-21,2022-06-21 08:40:00,BO,1,4574.25,4536.5,43,False,False
2022-06-21,2022-06-21 10:15:00,BO,-1,4595.0,4603.5,62,False,False
2022-06-21,2022-06-21 12:15:00,Trap,1,4598.75,4591.25,86,False,False
2022-06-21,2022-06-21 13:10:00,Trap,1,4591.25,4585.75,97,True,True
2022-06-21,2022-06-21 15:00:00,Trap,-1,4590.75,4601.25,119,False,False
2022-06-22,2022-06-22 09:50:00,Trap,-1,4607.75,4620.0,15,True,True
2022-06-22,2022-06-22 12:00:00,Trap,1,4604.75,4597.0,41,False,False
2022-06-22,2022-06-22 13:05:00,Trap,1,4614.0,4606.75,54,False,False
2022-06-22,2022-06-22 13:25:00,Trap,-1,4619.0,4627.75,58,True,True
2022-06-23,2022-06-23 09:10:00,Trap,-1,4598.75,4615.5,7,True,True
2022-06-23,2022-06-23 10:15:00,Trap,1,4618.25,4607.25,20,False,False
2022-06-23,2022-06-23 12:10:00,Trap,1,4577.5,4568.0,43,True,True
2022-06-23,2022-06-23 12:50:00,Trap,1,4581.5,4572.5,51,False,False
2022-06-23,2022-06-23 13:25:00,Trap,1,4590.75,4584.5,58,False,False
2022-06-23,2022-06-23 14:35:00,BO,1,4620.5,4602.0,72,False,False
2022-06-24,2022-06-24 09:10:00,BO,1,4708.75,4610.75,1,False,False
2022-06-24,2022-06-24 09:50:00,Trap,1,4705.25,4697.25,9,True,False
2022-06-24,2022-06-24 10:30:00,IB,1,4709.5,4700.0,17,False,False
2022-06-24,2022-06-24 11:45:00,Trap,1,4713.0,4706.0,32,True,True
2022-06-24,2022-06-24 12:55:00,IB,-1,4710.75,4715.5,46,False,False
2022-06-24,2022-06-24 14:45:00,OB,1,4725.75,4718.0,68,False,False
2022-06-24,2022-06-24 15:00:00,BO,1,4741.25,4723.75,71,False,False
2022-06-27,2022-06-27 08:50:00,BO,-1,4719.25,4736.25,3,False,False
2022-06-27,2022-06-27 10:20:00,Trap,1,4742.5,4734.5,21,False,False
2022-06-27,2022-06-27 10:45:00,Trap,1,4749.5,4740.75,26,False,False
2022-06-27,2022-06-27 11:30:00,Trap,-1,4732.0,4742.75,35,False,False
2022-06-27,2022-06-27 14:15:00,Trap,1,4730.25,4714.75,68,True,True
2022-06-28,2022-06-28 09:00:00,Trap,-1,4759.75,4770.25,5,False,False
2022-06-28,2022-06-28 10:25:00,BO,-1,4706.5,4726.75,22,False,False
2022-06-28,2022-06-28 10:45:00,BO,-1,4686.25,4702.75,26,False,False
2022-06-28,2022-06-28 12:10:00,BO,-1,4670.0,4687.5,43,False,False
2022-06-28,2022-06-28 12:30:00,OB,1,4675.5,4665.25,47,True,True
2022-06-28,2022-06-28 13:50:00,Trap,1,4659.5,4647.25,63,True,True
2022-06-28,2022-06-28 14:00:00,Trap,-1,4654.75,4660.0,65,False,False
2022-06-29,2022-06-29 08:40:00,OB,-1,4630.0,4656.75,1,True,False
2022-06-29,2022-06-29 08:55:00,OB,1,4655.75,4623.5,4,True,True
2022-06-29,2022-06-29 09:30:00,IB,1,4651.0,4635.75,11,False,False
2022-06-29,2022-06-29 10:35:00,IB,1,4644.0,4631.5,24,False,False
2022-06-29,2022-06-29 11:40:00,BO,1,4635.25,4623.75,37,False,False
2022-06-29,2022-06-29 13:00:00,BO,1,4647.75,4639.0,53,False,False
2022-06-29,2022-06-29 14:10:00,Trap,1,4644.75,4634.75,67,True,True
2022-06-29,2022-06-29 14:30:00,IB,1,4654.25,4640.0,71,False,False
2022-06-30,2022-06-30 09:15:00,IB,1,4577.0,4563.5,8,False,False
2022-06-30,2022-06-30 09:55:00,OB,1,4590.25,4575.25,16,False,False
2022-06-30,2022-06-30 11:10:00,IB,-1,4609.0,4622.25,31,True,True
2022-06-30,2022-06-30 11:20:00,Trap,1,4617.5,4607.5,33,False,False
2022-06-30,2022-06-30 12:15:00,BO,-1,4617.0,4639.75,44,False,False
2022-06-30,2022-06-30 12:25:00,Trap,1,4626.75,4615.25,46,True,True
2022-06-30,2022-06-30 12:55:00,IB,1,4639.25,4624.25,52,False,False
2022-06-30,2022-06-30 14:10:00,Trap,-1,4595.25,4614.0,67,False,False
2022-06-30,2022-06-30 14:30:00,BO,1,4612.75,4589.0,71,False,False
2022-06-30,2022-06-30 14:45:00,Trap,-1,4606.75,4625.25,74,True,True
2022-07-01,2022-07-01 09:50:00,OB,1,4591.5,4575.75,15,True,True
2022-07-01,2022-07-01 13:10:00,OB,-1,4615.0,4621.5,55,True,True
2022-07-01,2022-07-01 13:20:00,Trap,1,4624.5,4611.25,57,False,False
2022-07-04,2022-07-04 09:15:00,BO,-1,4629.5,4634.5,8,False,False
2022-07-04,2022-07-04 10:10:00,BO,1,4638.0,4632.0,19,False,False
2022-07-04,2022-07-04 11:50:00,Trap,-1,4634.75,4637.0,39,False,False
2022-07-05,2022-07-05 08:40:00,BO,-1,4575.25,4636.75,43,False,False
2022-07-05,2022-07-05 09:15:00,IB,1,4586.75,4566.25,50,True,True
2022-07-05,2022-07-05 11:05:00,Trap,-1,4588.25,4595.25,72,True,True
2022-07-05,2022-07-05 11:25:00,Trap,1,4606.75,4587.75,76,False,False
2022-07-05,2022-07-05 14:10:00,Trap,1,4644.5,4630.5,109,False,False
2022-07-06,2022-07-06 12:30:00,Trap,-1,4651.75,4656.75,47,False,False
2022-07-07,2022-07-07 09:55:00,OB,1,4715.5,4703.5,16,False,False
2022-07-08,2022-07-08 08:40:00,Trap,1,4717.75,4704.75,1,True,True
2022-07-08,2022-07-08 08:50:00,Trap,-1,4705.25,4723.0,3,False,False
2022-07-08,2022-07-08 09:30:00,OB,1,4728.5,4707.5,11,False,False
2022-07-08,2022-07-08 09:55:00,Trap,-1,4726.25,4735.0,16,False,False
2022-07-08,2022-07-08 10:30:00,BO,1,4741.0,4732.25,23,False,False
2022-07-08,2022-07-08 11:10:00,Trap,-1,4727.25,4737.75,31,False,False
2022-07-08,2022-07-08 11:30:00,OB,-1,4717.5,4731.5,35,False,False
2022-07-08,2022-07-08 11:50:00,Trap,1,4714.75,4708.0,39,True,True
2022-07-08,2022-07-08 13:10:00,Trap,1,4727.75,4718.5,55,False,False
2022-07-08,2022-07-08 13:55:00,OB,-1,4732.0,4740.25,64,True,True
2022-07-08,2022-07-08 14:05:00,OB,1,4740.0,4730.75,66,False,False
2022-07-11,2022-07-11 09:20:00,Trap,-1,4678.5,4687.25,9,False,False
2022-07-11,2022-07-11 09:35:00,BO,1,4683.25,4673.5,12,False,False
2022-07-11,2022-07-11 10:10:00,Trap,1,4685.75,4676.75,19,False,False
2022-07-11,2022-07-11 12:00:00,Trap,1,4687.25,4681.5,41,False,False
2022-07-11,2022-07-11 13:05:00,IB,-1,4697.25,4705.25,54,False,False
2022-07-11,2022-07-11 13:45:00,Trap,1,4693.0,4687.5,62,True,True
2022-07-11,2022-07-11 13:55:00,Trap,-1,4686.25,4694.25,64,False,False
2022-07-12,2022-07-12 08:50:00,IB,-1,4682.25,4698.75,3,False,False
2022-07-12,2022-07-12 09:05:00,BO,-1,4664.75,4686.5,6,False,False
2022-07-12,2022-07-12 10:15:00,OB,1,4684.75,4672.0,20,False,False
2022-07-12,2022-07-12 10:40:00,Trap,-1,4682.25,4690.75,25,True,True
2022-07-12,2022-07-12 13:05:00,Trap,-1,4676.25,4683.5,54,True,True
2022-07-12,2022-07-12 13:15:00,Trap,1,4678.0,4675.0,56,True,False
2022-07-12,2022-07-12 14:00:00,BO,-1,4662.25,4672.25,65,False,False
2022-07-13,2022-07-13 08:40:00,Trap,1,4614.0,4582.75,1,True,True
2022-07-13,2022-07-13 09:35:00,BO,1,4613.75,4587.0,12,False,False
2022-07-13,2022-07-13 11:10:00,OB,1,4633.75,4623.0,31,False,False
2022-07-13,2022-07-13 11:25:00,Trap,1,4631.75,4624.0,34,False,False
2022-07-13,2022-07-13 11:55:00,IB,1,4643.0,4635.0,40,False,False
2022-07-14,2022-07-14 09:55:00,Trap,1,4565.25,4552.25,16,False,False
2022-07-14,2022-07-14 10:45:00,Trap,1,4591.25,4570.25,26,False,False
2022-07-14,2022-07-14 11:30:00,IB,-1,4578.5,4593.25,35,False,False
2022-07-14,2022-07-14 13:20:00,Trap,1,4606.25,4593.0,57,False,False
2022-07-14,2022-07-14 14:10:00,Trap,-1,4608.5,4618.0,67,False,False
2022-07-14,2022-07-14 14:40:00,OB,-1,4612.25,4622.25,73,True,True
2022-07-15,2022-07-15 08:40:00,Trap,-1,4658.0,4670.25,1,True,True
2022-07-15,2022-07-15 08:55:00,BO,-1,4644.5,4659.0,4,False,False
2022-07-15,2022-07-15 09:05:00,OB,1,4665.5,4642.0,6,False,False
2022-07-15,2022-07-15 11:20:00,Trap,1,4676.75,4670.75,33,True,True
2022-07-15,2022-07-15 13:15:00,IB,1,4679.75,4674.25,56,False,False
2022-07-15,2022-07-15 13:45:00,Trap,1,4682.0,4678.0,62,False,False
2022-07-15,2022-07-15 14:00:00,IB,-1,4680.5,4684.75,65,True,True
2022-07-15,2022-07-15 15:00:00,Trap,1,4687.75,4672.5,77,True,True
2022-07-18,2022-07-18 08:50:00,Trap,1,4724.5,4713.25,3,False,False
2022-07-18,2022-07-18 10:00:00,IB,1,4716.0,4709.25,17,False,False
2022-07-18,2022-07-18 10:10:00,BO,-1,4712.25,4717.75,19,False,False
2022-07-18,2022-07-18 11:10:00,BO,-1,4717.25,4721.25,31,False,False
2022-07-18,2022-07-18 11:50:00,Trap,-1,4713.75,4718.0,39,False,False
2022-07-18,2022-07-18 12:40:00,OB,-1,4697.0,4708.0,49,False,False
2022-07-18,2022-07-18 13:30:00,OB,-1,4676.25,4687.75,59,False,False
2022-07-18,2022-07-18 13:40:00,IB,1,4681.5,4675.5,61,True,True
2022-07-18,2022-07-18 14:10:00,Trap,1,4673.5,4665.5,67,True,True
2022-07-18,2022-07-18 14:30:00,OB,-1,4663.25,4676.0,71,True,False
2022-07-19,2022-07-19 10:30:00,Trap,1,4730.25,4724.25,23,False,False
2022-07-19,2022-07-19 12:10:00,Trap,-1,4738.5,4742.5,43,True,True
2022-07-19,2022-07-19 12:40:00,BO,1,4747.0,4737.25,49,False,False
2022-07-19,2022-07-19 14:45:00,Trap,1,4763.75,4751.75,74,False,False
2022-07-19,2022-07-19 14:55:00,Trap,-1,4759.25,4765.5,76,True,True
2022-07-20,2022-07-20 08:40:00,Trap,1,4762.75,4752.25,1,True,False
2022-07-20,2022-07-20 09:50:00,Trap,1,4787.0,4776.0,15,False,False
2022-07-20,2022-07-20 11:10:00,IB,1,4798.75,4793.0,31,False,False
2022-07-20,2022-07-20 11:45:00,Trap,-1,4781.5,4796.75,38,False,False
2022-07-20,2022-07-20 12:10:00,BO,-1,4770.0,4786.0,43,False,False
2022-07-20,2022-07-20 12:35:00,OB,1,4779.25,4766.0,48,False,False
2022-07-20,2022-07-20 12:50:00,Trap,-1,4769.5,4779.5,51,False,False
2022-07-20,2022-07-20 14:05:00,Trap,1,4790.25,4773.25,66,False,False
2022-07-20,2022-07-20 14:45:00,Trap,1,4791.25,4784.25,74,False,False
2022-07-21,2022-07-21 08:35:00,BO,-1,4769.5,4789.25,0,False,False
2022-07-21,2022-07-21 08:55:00,Trap,1,4789.5,4768.5,4,False,False
2022-07-21,2022-07-21 10:00:00,BO,1,4780.25,4766.25,17,False,False
2022-07-21,2022-07-21 10:35:00,BO,1,4794.5,4775.5,24,False,False
2022-07-21,2022-07-21 11:10:00,OB,1,4805.5,4790.0,31,False,False
2022-07-21,2022-07-21 12:15:00,Trap,-1,4804.75,4812.75,44,False,False
2022-07-21,2022-07-21 14:10:00,BO,1,4816.0,4804.25,67,False,False
2022-07-22,2022-07-22 09:55:00,IB,1,4826.25,4816.25,16,False,False
2022-07-22,2022-07-22 10:05:00,IB,-1,4812.75,4829.0,18,False,False
2022-07-22,2022-07-22 11:35:00,OB,1,4798.75,4785.5,36,True,True
2022-07-22,2022-07-22 11:45:00,IB,-1,4790.0,4799.5,38,False,False
2022-07-22,2022-07-22 12:20:00,OB,-1,4778.75,4788.25,45,False,False
2022-07-25,2022-07-25 08:40:00,Trap,-1,4780.25,4795.5,1,True,True
2022-07-25,2022-07-25 09:20:00,Trap,-1,4782.75,4793.75,9,False,False
2022-07-25,2022-07-25 09:45:00,Trap,1,4788.0,4774.75,14,False,False
2022-07-25,2022-07-25 11:15:00,IB,-1,4786.75,4797.75,32,False,False
2022-07-25,2022-07-25 12:10:00,OB,1,4798.5,4793.75,43,False,False
2022-07-25,2022-07-25 12:55:00,Trap,-1,4782.25,4787.25,52,False,False
2022-07-25,2022-07-25 13:40:00,Trap,1,4780.75,4776.5,61,True,True
2022-07-25,2022-07-25 14:25:00,OB,1,4777.5,4769.5,70,False,False
2022-07-26,2022-07-26 08:55:00,Trap,1,4768.75,4761.75,4,True,True
2022-07-26,2022-07-26 09:15:00,IB,-1,4764.75,4774.0,8,False,False
2022-07-26,2022-07-26 09:55:00,Trap,-1,4758.75,4764.25,16,False,False
2022-07-26,2022-07-26 10:10:00,Trap,-1,4757.0,4767.0,19,True,False
2022-07-26,2022-07-26 10:25:00,Trap,-1,4754.25,4760.5,22,False,False
2022-07-26,2022-07-26 10:55:00,BO,-1,4742.25,4751.25,28,False,False
2022-07-26,2022-07-26 12:10:00,OB,1,4758.0,4750.75,43,False,False
2022-07-26,2022-07-26 14:15:00,Trap,1,4742.5,4735.5,68,True,True
2022-07-26,2022-07-26 14:35:00,Trap,1,4745.25,4740.5,72,False,False
2022-07-26,2022-07-26 14:55:00,Trap,1,4749.0,4739.0,76,False,False
2022-07-27,2022-07-27 10:25:00,Trap,-1,4795.0,4800.5,22,False,False
2022-07-27,2022-07-27 10:35:00,Trap,1,4799.75,4794.0,24,False,False
2022-07-27,2022-07-27 11:35:00,Trap,-1,4803.25,4806.75,36,True,True
2022-07-27,2022-07-27 12:35:00,BO,1,4799.0,4794.0,48,False,False
2022-07-27,2022-07-27 13:45:00,BO,1,4836.25,4790.75,62,False,False
2022-07-27,2022-07-27 14:30:00,BO,1,4864.25,4842.25,71,False,False
2022-07-28,2022-07-28 10:45:00,IB,1,4877.75,4866.5,26,False,False
2022-07-28,2022-07-28 12:05:00,IB,-1,4874.25,4880.0,42,True,True
2022-07-28,2022-07-28 12:15:00,IB,1,4880.5,4871.5,44,False,False
2022-07-28,2022-07-28 13:05:00,Trap,-1,4893.75,4899.75,54,True,True
2022-07-28,2022-07-28 14:40:00,BO,-1,4895.25,4900.75,73,False,False
2022-07-28,2022-07-28 15:05:00,Trap,1,4905.75,4892.25,78,False,False
2022-07-29,2022-07-29 08:45:00,Trap,1,4920.5,4903.25,2,False,False
2022-07-29,2022-07-29 10:45:00,BO,1,4931.5,4915.75,26,False,False
2022-07-29,2022-07-29 12:30:00,OB,-1,4936.5,4941.25,47,False,False
2022-07-29,2022-07-29 13:45:00,Trap,-1,4950.75,4956.0,62,True,True
2022-08-01,2022-08-01 08:45:00,BO,1,4938.25,4919.25,2,False,False
2022-08-01,2022-08-01 09:10:00,OB,1,4958.5,4941.5,7,False,False
2022-08-01,2022-08-01 09:20:00,IB,-1,4946.0,4963.75,9,False,False
2022-08-01,2022-08-01 11:25:00,IB,1,4956.25,4948.0,34,False,False
2022-08-01,2022-08-01 14:00:00,OB,1,4949.0,4934.5,65,False,False
2022-08-01,2022-08-01 14:25:00,Trap,-1,4943.0,4953.75,70,True,True
2022-08-02,2022-08-02 09:45:00,Trap,1,4936.0,4922.5,14,False,False
2022-08-02,2022-08-02 12:05:00,BO,-1,4958.5,4965.25,42,False,False
2022-08-02,2022-08-02 14:55:00,OB,-1,4919.25,4930.25,76,False,False
2022-08-03,2022-08-03 09:30:00,IB,1,4951.5,4942.25,11,False,False
2022-08-03,2022-08-03 10:15:00,BO,1,4958.75,4949.0,20,False,False
2022-08-03,2022-08-03 10:40:00,IB,1,4965.25,4957.5,25,False,False
2022-08-03,2022-08-03 11:00:00,Trap,1,4969.0,4961.25,29,False,False
2022-08-03,2022-08-03 11:50:00,BO,1,4980.75,4972.75,39,False,False
2022-08-03,2022-08-03 12:30:00,Trap,1,4981.5,4975.0,47,True,False
2022-08-03,2022-08-03 12:50:00,Trap,1,4981.25,4976.5,51,False,False
2022-08-04,2022-08-04 08:40:00,OB,-1,4969.0,4979.25,1,False,False
2022-08-04,2022-08-04 09:35:00,Trap,-1,4962.75,4975.0,12,False,False
2022-08-04,2022-08-04 09:50:00,OB,1,4970.0,4958.25,15,True,True
2022-08-04,2022-08-04 12:45:00,Trap,-1,4976.75,4980.75,50,True,True
2022-08-04,2022-08-04 13:15:00,OB,-1,4972.0,4978.0,56,False,False
2022-08-05,2022-08-05 08:40:00,Trap,1,4948.25,4929.5,1,True,True
2022-08-05,2022-08-05 10:05:00,Trap,-1,4959.25,4967.25,18,False,False
2022-08-05,2022-08-05 11:45:00,Trap,1,4951.0,4943.5,38,False,False
2022-08-05,2022-08-05 14:50:00,OB,1,4966.5,4958.75,75,False,False
2022-08-08,2022-08-08 10:55:00,IB,1,4981.75,4969.0,28,False,False
2022-08-08,2022-08-08 12:15:00,BO,1,4971.75,4963.25,44,False,False
2022-08-09,2022-08-09 08:55:00,OB,-1,4945.75,4960.5,4,False,False
2022-08-09,2022-08-09 09:35:00,IB,1,4953.0,4942.25,12,False,False
2022-08-09,2022-08-09 10:15:00,Trap,1,4950.25,4936.5,20,True,True
2022-08-09,2022-08-09 11:40:00,IB,1,4942.25,4938.0,37,False,False
2022-08-09,2022-08-09 12:20:00,IB,1,4944.25,4938.75,45,False,False
2022-08-09,2022-08-09 13:55:00,BO,1,4945.0,4937.5,64,False,False
2022-08-09,2022-08-09 14:25:00,BO,1,4949.5,4941.0,70,False,False
2022-08-09,2022-08-09 15:05:00,Trap,1,4950.25,4942.25,78,False,False
2022-08-10,2022-08-10 08:40:00,Trap,-1,5006.25,5021.5,1,True,True
2022-08-10,2022-08-10 08:50:00,OB,1,5022.0,5005.5,3,False,False
2022-08-10,2022-08-10 09:15:00,IB,-1,5011.5,5020.25,8,False,False
2022-08-10,2022-08-10 10:05:00,BO,1,5031.5,5018.5,18,False,False
2022-08-10,2022-08-10 10:15:00,Trap,-1,5026.5,5034.25,20,True,True
2022-08-10,2022-08-10 11:10:00,Trap,-1,5026.5,5032.0,31,True,True
2022-08-10,2022-08-10 11:30:00,Trap,1,5022.0,5017.0,35,True,True
2022-08-10,2022-08-10 13:15:00,Trap,-1,5025.25,5030.25,56,False,False
2022-08-11,2022-08-11 09:20:00,BO,1,5081.75,5071.0,9,False,False
2022-08-11,2022-08-11 09:45:00,Trap,-1,5069.75,5080.75,14,False,False
2022-08-11,2022-08-11 10:05:00,IB,-1,5063.5,5072.25,18,False,False
2022-08-11,2022-08-11 11:20:00,Trap,1,5049.75,5044.25,33,False,False
2022-08-11,2022-08-11 12:20:00,BO,1,5061.25,5052.75,45,False,False
2022-08-11,2022-08-11 13:35:00,Trap,-1,5040.0,5046.75,60,False,False
2022-08-11,2022-08-11 13:55:00,BO,-1,5028.75,5040.0,64,False,False
2022-08-11,2022-08-11 14:35:00,IB,1,5035.5,5029.75,72,False,False
2022-08-11,2022-08-11 14:55:00,Trap,1,5034.25,5025.75,76,False,False
2022-08-12,2022-08-12 10:20:00,BO,1,5066.75,5058.25,21,False,False
2022-08-12,2022-08-12 11:25:00,IB,1,5075.0,5071.5,34,False,False
2022-08-12,2022-08-12 13:20:00,OB,1,5083.0,5080.25,57,False,False
2022-08-12,2022-08-12 14:45:00,IB,1,5099.25,5094.25,74,False,False
2022-08-15,2022-08-15 08:40:00,Trap,1,5088.75,5080.0,1,True,True
2022-08-15,2022-08-15 09:15:00,IB,-1,5092.75,5102.5,8,False,False
2022-08-15,2022-08-15 09:35:00,BO,1,5098.75,5088.5,12,False,False
2022-08-15,2022-08-15 10:25:00,BO,1,5094.75,5087.0,22,False,False
2022-08-15,2022-08-15 12:40:00,BO,-1,5114.5,5120.5,49,False,False
2022-08-15,2022-08-15 13:10:00,BO,-1,5115.25,5119.0,55,False,False
2022-08-15,2022-08-15 13:20:00,Trap,1,5119.25,5113.75,57,True,True
2022-08-15,2022-08-15 13:35:00,Trap,1,5120.5,5115.75,60,False,False
2022-08-15,2022-08-15 14:20:00,Trap,1,5123.25,5119.0,69,True,False
2022-08-16,2022-08-16 09:00:00,Trap,1,5116.5,5109.5,5,False,False
2022-08-16,2022-08-16 09:35:00,BO,-1,5101.75,5115.75,12,False,False
2022-08-16,2022-08-16 09:45:00,IB,1,5108.5,5101.0,14,True,True
2022-08-16,2022-08-16 10:15:00,BO,1,5118.5,5106.5,20,False,False
2022-08-16,2022-08-16 11:45:00,IB,-1,5129.75,5135.25,38,False,False
2022-08-16,2022-08-16 12:40:00,Trap,1,5140.75,5134.75,49,False,False
2022-08-16,2022-08-16 12:55:00,IB,1,5141.75,5139.25,52,False,False
2022-08-16,2022-08-16 14:00:00,IB,1,5123.5,5113.75,65,False,False
2022-08-16,2022-08-16 14:50:00,OB,1,5135.0,5127.25,75,False,False
2022-08-17,2022-08-17 08:45:00,Trap,-1,5095.25,5106.25,2,False,False
2022-08-17,2022-08-17 08:55:00,IB,1,5099.5,5091.75,4,False,False
2022-08-17,2022-08-17 09:15:00,Trap,-1,5094.75,5107.5,8,True,False
2022-08-17,2022-08-17 09:55:00,Trap,-1,5086.75,5100.0,16,False,False
2022-08-17,2022-08-17 14:15:00,Trap,-1,5101.0,5117.75,68,False,False
2022-08-18,2022-08-18 08:45:00,Trap,1,5100.5,5091.0,2,True,True
2022-08-18,2022-08-18 11:00:00,Trap,-1,5107.75,5113.0,29,True,True
2022-08-18,2022-08-18 11:45:00,OB,-1,5091.0,5098.75,38,False,False
2022-08-18,2022-08-18 13:45:00,IB,1,5105.5,5100.75,62,False,False
2022-08-18,2022-08-18 14:20:00,OB,1,5115.0,5108.75,69,False,False
2022-08-18,2022-08-18 14:55:00,BO,-1,5107.0,5117.0,76,False,False
2022-08-19,2022-08-19 10:00:00,BO,-1,5055.5,5066.0,17,False,False
2022-08-19,2022-08-19 11:30:00,IB,-1,5056.75,5061.5,35,False,False
2022-08-19,2022-08-19 11:40:00,Trap,1,5065.0,5055.25,37,False,False
2022-08-22,2022-08-22 08:45:00,Trap,1,4998.25,4989.75,2,True,True
2022-08-22,2022-08-22 10:00:00,BO,-1,4973.5,4984.75,17,False,False
2022-08-22,2022-08-22 11:25:00,BO,1,4986.5,4979.25,34,False,False
2022-08-22,2022-08-22 12:25:00,IB,-1,4972.75,4977.25,46,False,False
2022-08-22,2022-08-22 13:20:00,Trap,1,4964.5,4960.75,57,True,True
2022-08-22,2022-08-22 14:05:00,Trap,1,4960.75,4955.25,66,True,True
2022-08-22,2022-08-22 14:35:00,OB,-1,4958.75,4967.0,72,False,False
2022-08-22,2022-08-22 14:55:00,IB,1,4962.0,4953.75,76,False,False
2022-08-23,2022-08-23 08:45:00,Trap,-1,4954.0,4969.5,2,True,True
2022-08-23,2022-08-23 08:55:00,BO,1,4971.25,4953.5,4,False,False
2022-08-23,2022-08-23 09:05:00,IB,-1,4965.5,4975.25,6,False,False
2022-08-23,2022-08-23 11:40:00,IB,1,4958.25,4947.25,37,False,False
2022-08-23,2022-08-23 12:25:00,Trap,-1,4955.0,4962.25,46,False,False
2022-08-23,2022-08-23 14:05:00,BO,1,4961.5,4954.25,66,False,False
2022-08-23,2022-08-23 15:05:00,Trap,-1,4950.5,4958.0,78,False,False
2022-08-24,2022-08-24 08:45:00,OB,1,4954.75,4943.5,2,True,True
2022-08-24,2022-08-24 11:45:00,BO,-1,4960.0,4973.5,38,False,False
2022-08-24,2022-08-24 13:05:00,Trap,1,4961.25,4957.5,54,False,False
2022-08-24,2022-08-24 13:35:00,IB,-1,4958.25,4963.75,60,True,True
2022-08-24,2022-08-24 13:55:00,Trap,1,4961.5,4956.5,64,True,True
2022-08-24,2022-08-24 14:30:00,IB,-1,4967.75,4971.75,71,False,False
2022-08-24,2022-08-24 14:40:00,IB,1,4973.5,4966.25,73,False,False
2022-08-24,2022-08-24 14:55:00,BO,-1,4970.0,4974.5,76,False,False
2022-08-25,2022-08-25 08:55:00,BO,1,4986.0,4971.75,4,False,False
2022-08-25,2022-08-25 13:05:00,OB,-1,4992.5,4997.5,54,False,False
2022-08-25,2022-08-25 13:15:00,Trap,1,4996.75,4990.75,56,False,False
2022-08-25,2022-08-25 13:40:00,OB,-1,4993.75,4999.0,61,True,True
2022-08-25,2022-08-25 14:20:00,Trap,1,4999.25,4993.5,69,False,False
2022-08-25,2022-08-25 14:45:00,BO,1,5013.0,4999.0,74,False,False
2022-08-26,2022-08-26 11:05:00,BO,-1,4929.0,4947.0,30,False,False
2022-08-26,2022-08-26 11:45:00,Trap,1,4926.5,4921.5,38,True,True
2022-08-26,2022-08-26 14:20:00,Trap,1,4902.5,4895.75,69,True,True
2022-08-26,2022-08-26 15:00:00,OB,-1,4881.25,4892.75,77,False,False
2022-08-29,2022-08-29 09:30:00,Trap,-1,4861.75,4872.75,11,True,True
2022-08-29,2022-08-29 09:55:00,Trap,-1,4842.5,4853.25,16,False,False
2022-08-29,2022-08-29 10:45:00,Trap,-1,4848.75,4862.75,26,True,True
2022-08-29,2022-08-29 12:20:00,BO,-1,4868.75,4879.75,45,False,False
2022-08-29,2022-08-29 13:55:00,BO,-1,4871.75,4878.0,64,False,False
2022-08-29,2022-08-29 14:05:00,Trap,1,4879.75,4864.5,66,True,True
2022-08-29,2022-08-29 14:55:00,BO,-1,4860.75,4875.5,76,False,False
2022-08-30,2022-08-30 09:50:00,BO,-1,4792.5,4810.5,15,False,False
2022-08-30,2022-08-30 10:00:00,IB,1,4810.75,4790.75,17,True,True
2022-08-30,2022-08-30 12:55:00,OB,1,4802.5,4786.75,52,True,True
2022-08-30,2022-08-30 14:35:00,BO,-1,4805.25,4817.75,72,False,False
2022-08-30,2022-08-30 14:50:00,Trap,-1,4800.75,4815.25,75,False,False
2022-08-31,2022-08-31 08:45:00,Trap,1,4833.0,4808.5,2,False,False
2022-08-31,2022-08-31 09:00:00,IB,-1,4823.0,4839.25,5,False,False
2022-08-31,2022-08-31 10:40:00,Trap,1,4809.5,4797.75,25,False,False
2022-08-31,2022-08-31 11:45:00,BO,-1,4802.5,4810.75,38,False,False
2022-08-31,2022-08-31 12:20:00,Trap,-1,4800.75,4810.5,45,True,False
2022-08-31,2022-08-31 12:40:00,Trap,-1,4792.0,4799.75,49,False,False
2022-08-31,2022-08-31 14:25:00,Trap,-1,4793.0,4806.25,70,True,True
2022-08-31,2022-08-31 14:45:00,Trap,1,4801.5,4787.5,74,False,False
2022-08-31,2022-08-31 14:55:00,Trap,-1,4790.5,4805.75,76,False,False
2022-09-01,2022-09-01 09:25:00,Trap,1,4747.0,4731.0,10,True,True
2022-09-01,2022-09-01 09:40:00,BO,-1,4736.0,4753.25,13,False,False
2022-09-01,2022-09-01 10:25:00,Trap,-1,4737.5,4745.75,22,True,False
2022-09-01,2022-09-01 10:45:00,Trap,-1,4735.75,4751.75,26,True,True
2022-09-01,2022-09-01 12:05:00,Trap,1,4736.0,4728.25,42,True,True
2022-09-01,2022-09-01 12:30:00,BO,1,4755.5,4744.25,47,False,False
2022-09-01,2022-09-01 12:40:00,Trap,-1,4752.0,4757.25,49,True,True
2022-09-01,2022-09-01 15:00:00,BO,1,4789.75,4765.5,77,False,False
2022-09-02,2022-09-02 09:15:00,IB,1,4818.0,4795.5,8,False,False
2022-09-02,2022-09-02 10:05:00,Trap,1,4836.75,4824.0,18,False,False
2022-09-02,2022-09-02 14:40:00,BO,-1,4734.0,4753.5,73,False,False
2022-09-02,2022-09-02 14:55:00,OB,1,4745.75,4728.25,76,True,True
2022-09-05,2022-09-05 09:50:00,IB,-1,4757.25,4760.0,15,True,True
2022-09-05,2022-09-05 10:40:00,Trap,1,4757.25,4755.0,25,True,True
2022-09-05,2022-09-05 11:05:00,BO,1,4758.25,4755.0,30,False,False
2022-09-05,2022-09-05 11:45:00,IB,-1,4757.75,4761.5,38,False,False
2022-09-05,2022-09-05 12:00:00,Trap,1,4758.5,4756.25,41,True,True
2022-09-06,2022-09-06 12:05:00,Trap,-1,4735.25,4745.5,84,True,False
2022-09-06,2022-09-06 13:00:00,Trap,1,4728.5,4716.0,95,True,True
2022-09-06,2022-09-06 13:15:00,IB,1,4739.25,4726.75,98,False,False
2022-09-06,2022-09-06 14:35:00,Trap,-1,4726.5,4739.0,114,False,False
2022-09-07,2022-09-07 08:55:00,Trap,-1,4744.0,4752.25,4,True,True
2022-09-07,2022-09-07 09:15:00,Trap,-1,4735.75,4748.25,8,False,False
2022-09-07,2022-09-07 10:35:00,OB,-1,4762.0,4769.0,24,False,False
2022-09-07,2022-09-07 11:20:00,Trap,-1,4758.75,4767.25,33,False,False
2022-09-07,2022-09-07 12:05:00,Trap,1,4777.5,4767.75,42,False,False
2022-09-07,2022-09-07 12:40:00,BO,1,4780.25,4770.5,49,False,False
2022-09-07,2022-09-07 13:30:00,Trap,1,4796.75,4786.75,59,False,False
2022-09-07,2022-09-07 14:30:00,Trap,1,4810.5,4801.25,71,False,False
2022-09-07,2022-09-07 14:40:00,IB,-1,4804.75,4811.0,73,False,False
2022-09-07,2022-09-07 14:50:00,Trap,1,4809.0,4801.0,75,True,False
2022-09-08,2022-09-08 08:35:00,IB,-1,4768.5,4801.5,0,False,False
2022-09-08,2022-09-08 08:45:00,IB,1,4791.25,4765.0,2,False,False
2022-09-08,2022-09-08 11:05:00,Trap,-1,4797.75,4822.25,30,False,False
2022-09-08,2022-09-08 12:05:00,IB,-1,4798.0,4808.0,42,False,False
2022-09-08,2022-09-08 12:15:00,Trap,1,4815.5,4795.25,44,False,False
2022-09-08,2022-09-08 12:40:00,Trap,1,4818.75,4810.75,49,False,False
2022-09-08,2022-09-08 14:05:00,IB,-1,4807.25,4815.5,66,False,False
2022-09-09,2022-09-09 08:45:00,Trap,-1,4854.25,4863.0,2,True,True
2022-09-09,2022-09-09 11:35:00,IB,1,4875.5,4867.5,36,False,False
2022-09-09,2022-09-09 13:15:00,IB,1,4891.0,4884.0,56,False,False
2022-09-09,2022-09-09 14:00:00,Trap,1,4891.75,4885.75,65,True,False
2022-09-12,2022-09-12 10:00:00,OB,-1,4930.5,4938.75,17,False,False
2022-09-12,2022-09-12 10:20:00,Trap,1,4929.5,4923.5,21,True,True
2022-09-12,2022-09-12 12:45:00,BO,-1,4928.75,4936.25,50,False,False
2022-09-12,2022-09-12 12:55:00,Trap,1,4935.25,4927.75,52,True,False
2022-09-12,2022-09-12 13:35:00,BO,-1,4921.75,4930.75,60,False,False
2022-09-12,2022-09-12 14:10:00,Trap,1,4933.0,4926.0,67,False,False
2022-09-12,2022-09-12 14:45:00,Trap,1,4931.75,4923.0,74,True,True
2022-09-13,2022-09-13 09:00:00,Trap,-1,4833.75,4849.75,5,False,False
2022-09-13,2022-09-13 11:10:00,OB,1,4811.25,4800.25,31,True,True
2022-09-13,2022-09-13 11:55:00,Trap,1,4811.5,4805.25,40,False,False
2022-09-13,2022-09-13 13:30:00,OB,-1,4796.75,4807.25,59,False,False
2022-09-13,2022-09-13 14:35:00,BO,-1,4756.0,4774.5,72,False,False
2022-09-14,2022-09-14 08:45:00,IB,1,4774.0,4753.75,2,False,False
2022-09-14,2022-09-14 09:40:00,Trap,1,4765.5,4741.0,13,True,True
2022-09-14,2022-09-14 11:05:00,OB,-1,4766.5,4776.5,30,False,False
2022-09-14,2022-09-14 11:15:00,Trap,1,4770.75,4763.75,32,True,True
2022-09-14,2022-09-14 11:45:00,BO,1,4777.5,4764.25,38,False,False
2022-09-14,2022-09-14 12:40:00,OB,-1,4767.0,4774.75,49,False,False
2022-09-14,2022-09-14 13:05:00,BO,-1,4748.5,4760.0,54,False,False
2022-09-14,2022-09-14 14:20:00,OB,-1,4740.25,4756.5,69,False,False
2022-09-15,2022-09-15 08:50:00,BO,1,4770.5,4745.0,3,False,False
2022-09-15,2022-09-15 09:25:00,Trap,-1,4763.25,4779.0,10,False,False
2022-09-15,2022-09-15 09:55:00,OB,-1,4738.5,4758.5,16,False,False
2022-09-15,2022-09-15 10:25:00,OB,1,4745.0,4727.25,22,True,True
2022-09-15,2022-09-15 12:05:00,OB,1,4757.25,4737.0,42,False,False
2022-09-15,2022-09-15 14:45:00,BO,1,4718.75,4710.5,74,False,False
2022-09-16,2022-09-16 11:10:00,BO,-1,4669.75,4681.0,31,False,False
2022-09-16,2022-09-16 11:50:00,BO,1,4670.5,4659.25,39,False,False
2022-09-16,2022-09-16 12:50:00,IB,-1,4665.25,4675.25,51,False,False
2022-09-16,2022-09-16 13:05:00,OB,1,4668.5,4661.0,54,True,True
2022-09-16,2022-09-16 13:30:00,IB,1,4680.0,4664.0,59,False,False
2022-09-16,2022-09-16 13:50:00,Trap,1,4685.75,4673.5,63,False,False
2022-09-16,2022-09-16 14:15:00,Trap,-1,4686.25,4698.75,68,True,True
2022-09-19,2022-09-19 09:05:00,IB,-1,4678.25,4691.25,6,False,False
2022-09-19,2022-09-19 10:05:00,Trap,1,4701.5,4695.75,18,False,False
2022-09-19,2022-09-19 10:15:00,IB,-1,4698.75,4706.25,20,False,False
2022-09-19,2022-09-19 11:40:00,BO,1,4692.5,4678.75,37,False,False
2022-09-19,2022-09-19 12:25:00,Trap,1,4695.5,4688.25,46,True,False
2022-09-19,2022-09-19 15:00:00,Trap,1,4723.25,4711.75,77,False,False
2022-09-20,2022-09-20 09:45:00,Trap,1,4675.0,4663.5,14,True,True
2022-09-20,2022-09-20 10:50:00,IB,1,4684.75,4678.5,27,False,False
2022-09-20,2022-09-20 12:05:00,Trap,-1,4674.75,4680.25,42,False,False
2022-09-20,2022-09-20 12:35:00,BO,-1,4657.0,4671.25,48,False,False
2022-09-20,2022-09-20 12:45:00,IB,1,4662.25,4656.0,50,False,False
2022-09-20,2022-09-20 13:35:00,IB,-1,4656.25,4667.0,60,False,False
2022-09-20,2022-09-20 13:50:00,Trap,1,4669.25,4651.0,63,True,False
2022-09-20,2022-09-20 14:40:00,Trap,1,4687.75,4671.25,73,False,False
2022-09-20,2022-09-20 14:55:00,Trap,-1,4682.0,4692.0,76,True,True
2022-09-21,2022-09-21 09:30:00,OB,1,4708.25,4698.0,11,False,False
2022-09-21,2022-09-21 11:35:00,OB,1,4704.0,4698.0,36,False,False
2022-09-21,2022-09-21 12:20:00,IB,-1,4694.25,4698.0,45,False,False
2022-09-21,2022-09-21 12:30:00,Trap,1,4696.5,4692.25,47,True,True
2022-09-21,2022-09-21 13:25:00,Trap,1,4657.75,4640.75,56,True,True
2022-09-22,2022-09-22 08:35:00,IB,-1,4599.5,4612.0,0,False,False
2022-09-22,2022-09-22 09:15:00,BO,1,4598.5,4576.5,8,False,False
2022-09-22,2022-09-22 10:00:00,BO,-1,4574.5,4588.0,17,False,False
2022-09-22,2022-09-22 11:00:00,Trap,-1,4578.25,4587.75,29,True,True
2022-09-22,2022-09-22 11:25:00,IB,1,4592.75,4575.25,34,False,False
2022-09-22,2022-09-22 12:45:00,Trap,-1,4582.25,4588.5,50,True,False
2022-09-22,2022-09-22 12:55:00,Trap,1,4590.25,4580.5,52,False,False
2022-09-22,2022-09-22 13:05:00,Trap,-1,4582.5,4591.75,54,True,True
2022-09-22,2022-09-22 13:55:00,Trap,1,4587.25,4573.5,64,False,False
2022-09-22,2022-09-22 14:50:00,Trap,1,4607.25,4593.0,75,False,False
2022-09-22,2022-09-22 15:00:00,BO,-1,4575.75,4609.5,77,False,False
2022-09-23,2022-09-23 08:35:00,Trap,-1,4533.25,4582.75,0,False,False
2022-09-23,2022-09-23 10:10:00,Trap,1,4514.25,4504.5,19,True,True
2022-09-23,2022-09-23 10:25:00,OB,1,4518.5,4507.75,22,False,False
2022-09-23,2022-09-23 11:30:00,OB,-1,4483.75,4495.5,35,False,False
2022-09-23,2022-09-23 11:55:00,OB,1,4498.75,4483.25,40,False,False
2022-09-23,2022-09-23 12:30:00,IB,-1,4490.0,4504.25,47,True,True
2022-09-23,2022-09-23 12:50:00,Trap,1,4492.75,4487.25,51,True,True
2022-09-23,2022-09-23 13:15:00,OB,-1,4478.25,4499.0,56,True,False
2022-09-23,2022-09-23 14:10:00,BO,1,4488.0,4464.75,67,False,False
2022-09-23,2022-09-23 15:00:00,Trap,1,4512.0,4498.0,77,False,False
2022-09-26,2022-09-26 09:20:00,OB,1,4531.0,4506.25,9,False,False
2022-09-26,2022-09-26 10:25:00,Trap,-1,4498.5,4508.0,22,False,False
2022-09-26,2022-09-26 13:00:00,Trap,-1,4465.25,4479.5,53,True,False
2022-09-26,2022-09-26 14:50:00,Trap,1,4490.25,4477.75,75,True,True
2022-09-26,2022-09-26 15:05:00,BO,-1,4467.25,4501.5,78,False,False
2022-09-27,2022-09-27 08:50:00,Trap,-1,4515.5,4537.5,3,True,True
2022-09-27,2022-09-27 09:05:00,IB,-1,4502.0,4523.5,6,False,False
2022-09-27,2022-09-27 11:15:00,BO,-1,4457.5,4473.5,32,False,False
2022-09-27,2022-09-27 11:30:00,Trap,1,4453.75,4443.25,35,True,True
2022-09-27,2022-09-27 12:05:00,Trap,-1,4447.5,4462.75,42,True,False
2022-09-27,2022-09-27 13:05:00,Trap,1,4455.75,4439.75,54,True,True
2022-09-27,2022-09-27 14:30:00,IB,-1,4462.5,4469.5,71,False,False
2022-09-27,2022-09-27 15:05:00,Trap,-1,4459.75,4472.25,78,True,True
2022-09-28,2022-09-28 10:50:00,Trap,1,4507.25,4497.5,27,False,False
2022-09-28,2022-09-28 11:20:00,BO,1,4527.0,4513.5,33,False,False
2022-09-28,2022-09-28 12:30:00,OB,-1,4524.75,4532.5,47,True,True
2022-09-28,2022-09-28 12:50:00,Trap,-1,4518.25,4527.25,51,False,False
2022-09-28,2022-09-28 13:35:00,OB,1,4527.5,4516.0,60,False,False
2022-09-28,2022-09-28 14:10:00,OB,1,4540.0,4526.0,67,False,False
2022-09-28,2022-09-28 15:00:00,BO,-1,4537.0,4555.75,77,False,False
2022-09-29,2022-09-29 08:40:00,BO,-1,4482.25,4540.5,1,False,False
2022-09-29,2022-09-29 09:05:00,IB,-1,4449.75,4471.0,6,False,False
2022-09-29,2022-09-29 09:45:00,Trap,1,4448.25,4437.25,14,False,False
2022-09-29,2022-09-29 11:20:00,BO,-1,4459.25,4474.5,33,False,False
2022-09-29,2022-09-29 12:45:00,Trap,-1,4446.0,4454.5,50,True,False
2022-09-29,2022-09-29 13:20:00,IB,-1,4427.75,4438.0,57,False,False
2022-09-29,2022-09-29 14:20:00,OB,1,4448.0,4433.5,69,False,False
2022-09-29,2022-09-29 14:40:00,BO,1,4457.25,4439.5,73,False,False
2022-09-30,2022-09-30 11:40:00,IB,1,4461.25,4453.0,37,False,False
2022-09-30,2022-09-30 12:20:00,Trap,-1,4451.5,4459.5,45,False,False
2022-09-30,2022-09-30 12:40:00,IB,-1,4444.75,4458.75,49,False,False
2022-09-30,2022-09-30 13:35:00,Trap,1,4441.25,4432.75,60,True,True
2022-09-30,2022-09-30 13:45:00,BO,-1,4430.75,4441.75,62,False,False
2022-09-30,2022-09-30 14:15:00,IB,-1,4423.0,4437.0,68,False,False
2022-09-30,2022-09-30 14:55:00,Trap,-1,4411.5,4430.0,76,False,False
2022-10-03,2022-10-03 08:50:00,OB,1,4443.0,4421.5,3,False,False
2022-10-03,2022-10-03 09:05:00,Trap,1,4454.75,4430.0,6,False,False
2022-10-03,2022-10-03 10:40:00,Trap,-1,4473.25,4482.25,25,False,False
2022-10-03,2022-10-03 11:00:00,Trap,-1,4467.5,4473.75,29,False,False
2022-10-03,2022-10-03 11:10:00,BO,1,4477.5,4464.25,31,False,False
2022-10-03,2022-10-03 12:00:00,Trap,1,4472.75,4464.25,41,False,False
2022-10-03,2022-10-03 13:05:00,Trap,1,4491.25,4485.25,54,False,False
2022-10-03,2022-10-03 15:05:00,Trap,1,4500.25,4490.5,78,True,True
2022-10-04,2022-10-04 08:40:00,BO,1,4574.5,4499.0,1,False,False
2022-10-04,2022-10-04 10:00:00,Trap,1,4602.75,4589.0,17,True,True
2022-10-04,2022-10-04 11:45:00,IB,-1,4600.0,4606.5,38,False,False
2022-10-04,2022-10-04 12:15:00,BO,-1,4581.5,4593.5,44,False,False
2022-10-04,2022-10-04 12:30:00,Trap,1,4584.0,4571.0,47,True,True
2022-10-04,2022-10-04 12:55:00,BO,1,4593.5,4582.5,52,False,False
2022-10-04,2022-10-04 14:05:00,Trap,-1,4598.75,4604.75,66,True,True
2022-10-04,2022-10-04 14:30:00,Trap,1,4596.25,4588.0,71,False,False
2022-10-04,2022-10-04 14:55:00,IB,1,4606.75,4596.25,76,False,False
2022-10-05,2022-10-05 08:45:00,Trap,-1,4566.0,4581.75,2,False,False
2022-10-05,2022-10-05 10:20:00,OB,1,4555.0,4543.5,21,False,False
2022-10-05,2022-10-05 11:15:00,BO,1,4572.75,4551.75,32,False,False
2022-10-05,2022-10-05 12:20:00,IB,1,4599.25,4585.0,45,False,False
2022-10-05,2022-10-05 13:00:00,BO,-1,4588.0,4600.0,53,False,False
2022-10-05,2022-10-05 13:20:00,BO,1,4601.0,4591.25,57,False,False
2022-10-05,2022-10-05 14:55:00,OB,-1,4598.25,4616.25,76,False,False
2022-10-05,2022-10-05 15:05:00,Trap,1,4605.25,4594.5,78,True,True
2022-10-06,2022-10-06 08:40:00,Trap,1,4605.0,4582.0,1,True,True
2022-10-06,2022-10-06 08:50:00,Trap,-1,4600.25,4616.0,3,True,False
2022-10-06,2022-10-06 09:05:00,BO,-1,4579.5,4610.5,6,False,False
2022-10-06,2022-10-06 11:00:00,Trap,-1,4575.5,4598.5,29,True,True
2022-10-06,2022-10-06 13:05:00,Trap,-1,4575.5,4586.0,54,False,False
2022-10-06,2022-10-06 14:30:00,BO,1,4573.5,4559.5,71,False,False
2022-10-07,2022-10-07 09:50:00,BO,1,4495.75,4483.0,15,False,False
2022-10-07,2022-10-07 12:20:00,BO,1,4468.5,4458.5,45,False,False
2022-10-07,2022-10-07 12:45:00,BO,1,4468.5,4461.75,50,False,False
2022-10-07,2022-10-07 12:55:00,BO,-1,4463.5,4471.25,52,False,False
2022-10-07,2022-10-07 13:25:00,Trap,-1,4456.0,4466.0,58,False,False
2022-10-07,2022-10-07 13:45:00,Trap,-1,4452.75,4458.75,62,False,False
2022-10-07,2022-10-07 14:15:00,IB,-1,4451.75,4462.75,68,False,False
2022-10-07,2022-10-07 14:45:00,BO,1,4453.5,4437.0,74,False,False
2022-10-10,2022-10-10 08:40:00,Trap,-1,4454.75,4470.0,1,True,True
2022-10-10,2022-10-10 08:55:00,Trap,-1,4445.25,4464.75,4,False,False
2022-10-10,2022-10-10 09:40:00,BO,-1,4429.75,4458.0,13,False,False
2022-10-10,2022-10-10 11:25:00,OB,-1,4419.75,4432.5,34,False,False
2022-10-10,2022-10-10 12:35:00,IB,1,4421.75,4413.5,48,False,False
2022-10-10,2022-10-10 12:55:00,OB,1,4449.5,4422.75,52,False,False
2022-10-10,2022-10-10 13:35:00,BO,1,4440.0,4426.75,60,False,False
2022-10-10,2022-10-10 14:15:00,IB,1,4439.0,4428.0,68,False,False
2022-10-10,2022-10-10 14:30:00,Trap,-1,4435.5,4447.5,71,True,True
2022-10-10,2022-10-10 14:40:00,IB,1,4441.0,4433.0,73,False,False
2022-10-11,2022-10-11 08:35:00,IB,-1,4405.0,4433.0,0,False,False
2022-10-11,2022-10-11 10:50:00,OB,1,4439.0,4423.25,27,False,False
2022-10-11,2022-10-11 11:20:00,BO,1,4439.75,4421.75,33,False,False
2022-10-11,2022-10-11 11:55:00,Trap,-1,4448.5,4457.75,40,True,True
2022-10-11,2022-10-11 13:50:00,OB,-1,4420.0,4444.25,63,False,False
2022-10-12,2022-10-12 08:45:00,BO,1,4421.0,4390.0,2,False,False
2022-10-12,2022-10-12 11:30:00,Trap,-1,4408.75,4416.25,35,False,False
2022-10-12,2022-10-12 11:50:00,IB,1,4408.5,4403.0,39,True,True
2022-10-12,2022-10-12 13:15:00,BO,1,4416.0,4397.25,56,False,False
2022-10-12,2022-10-12 13:30:00,Trap,1,4417.5,4405.0,59,False,False
2022-10-13,2022-10-13 08:55:00,BO,1,4343.5,4311.5,4,False,False
2022-10-13,2022-10-13 10:10:00,Trap,1,4390.75,4359.0,19,False,False
2022-10-13,2022-10-13 12:05:00,Trap,1,4464.75,4452.25,42,False,False
2022-10-13,2022-10-13 13:40:00,IB,1,4480.5,4466.75,61,False,False
2022-10-13,2022-10-13 14:45:00,Trap,1,4488.75,4477.5,74,True,True
2022-10-14,2022-10-14 12:05:00,IB,1,4423.75,4416.5,42,False,False
2022-10-14,2022-10-14 13:10:00,IB,-1,4418.75,4427.5,55,False,False
2022-10-14,2022-10-14 14:05:00,OB,1,4415.75,4404.75,66,False,False
2022-10-14,2022-10-14 14:15:00,BO,-1,4404.25,4419.5,68,False,False
2022-10-14,2022-10-14 14:25:00,Trap,1,4408.75,4399.5,70,True,True
2022-10-17,2022-10-17 09:00:00,Trap,-1,4485.25,4499.0,5,False,False
2022-10-17,2022-10-17 10:10:00,Trap,-1,4477.75,4487.75,19,False,False
2022-10-17,2022-10-17 10:55:00,IB,1,4500.75,4492.75,28,False,False
2022-10-17,2022-10-17 11:45:00,OB,-1,4490.75,4501.25,38,False,False
2022-10-18,2022-10-18 09:20:00,IB,-1,4561.0,4570.75,9,False,False
2022-10-18,2022-10-18 09:50:00,IB,1,4550.0,4536.5,15,False,False
2022-10-18,2022-10-18 10:15:00,OB,-1,4521.0,4546.75,20,False,False
2022-10-18,2022-10-18 11:55:00,Trap,1,4540.0,4531.0,40,False,False
2022-10-18,2022-10-18 12:05:00,BO,-1,4519.5,4541.25,42,False,False
2022-10-18,2022-10-18 12:15:00,IB,1,4534.0,4518.25,44,False,False
2022-10-18,2022-10-18 13:05:00,Trap,-1,4541.75,4551.0,54,True,True
2022-10-18,2022-10-18 13:30:00,OB,1,4546.25,4536.75,59,True,True
2022-10-18,2022-10-18 13:40:00,IB,-1,4530.25,4547.25,61,False,False
2022-10-18,2022-10-18 14:25:00,Trap,1,4521.75,4510.5,70,False,False
2022-10-18,2022-10-18 15:05:00,Trap,1,4549.75,4527.25,78,False,False
2022-10-19,2022-10-19 08:45:00,Trap,-1,4518.0,4536.25,2,False,False
2022-10-19,2022-10-19 10:15:00,IB,1,4529.0,4518.25,20,False,False
2022-10-19,2022-10-19 10:55:00,BO,1,4528.25,4518.25,28,False,False
2022-10-19,2022-10-19 11:30:00,IB,-1,4508.5,4516.5,35,False,False
2022-10-19,2022-10-19 11:45:00,Trap,-1,4503.0,4515.75,38,False,False
2022-10-19,2022-10-19 13:00:00,Trap,1,4495.25,4486.75,53,False,False
2022-10-19,2022-10-19 13:45:00,BO,-1,4500.5,4509.25,62,False,False
2022-10-19,2022-10-19 14:30:00,IB,-1,4503.0,4513.25,71,False,False
2022-10-20,2022-10-20 09:10:00,OB,1,4539.75,4514.75,7,False,False
2022-10-20,2022-10-20 10:20:00,Trap,-1,4533.75,4544.75,21,False,False
2022-10-20,2022-10-20 10:40:00,IB,1,4538.0,4524.0,25,False,False
2022-10-20,2022-10-20 11:00:00,Trap,-1,4527.75,4538.5,29,False,False
2022-10-20,2022-10-20 13:10:00,Trap,-1,4478.25,4487.5,55,False,False
2022-10-20,2022-10-20 13:45:00,Trap,-1,4472.25,4481.75,62,False,False
2022-10-20,2022-10-20 13:55:00,Trap,1,4481.0,4471.5,64,True,True
2022-10-20,2022-10-20 14:45:00,Trap,1,4480.5,4470.75,74,True,True
2022-10-21,2022-10-21 08:45:00,BO,1,4488.5,4460.0,2,False,False
2022-10-21,2022-10-21 10:00:00,Trap,-1,4492.75,4509.75,17,False,False
2022-10-21,2022-10-21 13:20:00,OB,-1,4549.0,4559.25,57,True,True
2022-10-21,2022-10-21 14:05:00,BO,1,4558.75,4546.5,66,False,False
2022-10-21,2022-10-21 14:45:00,Trap,1,4572.0,4566.75,74,False,False
2022-10-21,2022-10-21 15:05:00,Trap,1,4570.25,4564.25,78,True,False
2022-10-24,2022-10-24 08:35:00,IB,1,4582.25,4568.5,0,False,False
2022-10-24,2022-10-24 10:55:00,Trap,1,4605.75,4587.25,28,False,False
2022-10-24,2022-10-24 11:20:00,BO,1,4609.25,4600.0,33,False,False
2022-10-24,2022-10-24 13:30:00,Trap,1,4606.0,4602.0,59,False,False
2022-10-25,2022-10-25 08:50:00,OB,1,4642.75,4616.5,3,False,False
2022-10-25,2022-10-25 09:40:00,OB,-1,4644.5,4653.75,13,True,True
2022-10-25,2022-10-25 09:50:00,Trap,1,4652.0,4643.5,15,False,False
2022-10-25,2022-10-25 10:10:00,Trap,1,4658.25,4646.0,19,False,False
2022-10-25,2022-10-25 10:40:00,OB,1,4663.5,4656.25,25,False,False
2022-10-25,2022-10-25 12:35:00,BO,1,4659.75,4650.0,48,False,False
2022-10-25,2022-10-25 13:45:00,IB,-1,4664.0,4670.75,62,True,True
2022-10-25,2022-10-25 14:30:00,BO,1,4673.75,4666.75,71,False,False
2022-10-26,2022-10-26 08:40:00,Trap,1,4656.75,4638.75,1,True,True
2022-10-26,2022-10-26 10:10:00,BO,1,4691.75,4676.0,19,False,False
2022-10-26,2022-10-26 11:10:00,Trap,-1,4691.5,4698.5,31,False,False
2022-10-26,2022-10-26 11:30:00,Trap,-1,4688.25,4695.0,35,False,False
2022-10-26,2022-10-26 14:45:00,Trap,1,4654.5,4645.75,74,False,False
2022-10-27,2022-10-27 08:55:00,OB,-1,4632.5,4659.75,4,False,False
2022-10-27,2022-10-27 09:40:00,Trap,-1,4660.5,4675.25,13,True,True
2022-10-27,2022-10-27 10:20:00,Trap,-1,4647.0,4659.5,21,False,False
2022-10-27,2022-10-27 12:30:00,Trap,-1,4641.25,4652.75,47,True,True
2022-10-27,2022-10-27 15:10:00,OB,-1,4584.25,4628.0,79,False,False
2022-10-28,2022-10-28 08:35:00,Trap,1,4640.5,4580.5,0,True,True
2022-10-28,2022-10-28 09:20:00,Trap,1,4652.75,4634.0,9,True,False
2022-10-28,2022-10-28 11:15:00,Trap,1,4687.0,4675.25,32,False,False
2022-10-28,2022-10-28 12:40:00,BO,1,4703.75,4698.5,49,False,False
2022-10-28,2022-10-28 13:05:00,OB,-1,4699.5,4705.0,54,False,False
2022-10-28,2022-10-28 13:20:00,IB,1,4703.75,4697.25,57,False,False
2022-10-28,2022-10-28 14:30:00,Trap,1,4715.5,4710.5,71,False,False
2022-10-31,2022-10-31 08:40:00,Trap,1,4696.0,4685.75,1,True,True
2022-10-31,2022-10-31 09:20:00,IB,1,4690.5,4676.75,9,False,False
2022-10-31,2022-10-31 10:05:00,Trap,1,4690.0,4682.25,18,False,False
2022-10-31,2022-10-31 13:05:00,BO,1,4697.25,4689.75,54,False,False
2022-10-31,2022-10-31 13:20:00,Trap,1,4695.75,4691.0,57,False,False
2022-10-31,2022-10-31 13:40:00,OB,1,4700.75,4692.5,61,False,False
2022-10-31,2022-10-31 14:05:00,OB,-1,4684.5,4701.0,66,False,False
2022-10-31,2022-10-31 14:50:00,Trap,-1,4693.25,4699.75,75,True,False
2022-11-01,2022-11-01 08:50:00,IB,-1,4709.0,4727.5,3,False,False
2022-11-01,2022-11-01 09:45:00,OB,-1,4671.0,4691.0,14,False,False
2022-11-01,2022-11-01 14:00:00,BO,1,4678.0,4667.0,65,False,False
2022-11-01,2022-11-01 14:30:00,Trap,-1,4672.25,4679.0,71,False,False
2022-11-01,2022-11-01 14:50:00,IB,1,4677.75,4671.0,75,False,False
2022-11-01,2022-11-01 15:00:00,Trap,-1,4669.5,4679.75,77,True,False
2022-11-02,2022-11-02 11:00:00,IB,-1,4650.75,4655.0,29,False,False
2022-11-02,2022-11-02 12:35:00,Trap,1,4646.25,4643.5,48,True,False
2022-11-02,2022-11-02 13:00:00,Trap,-1,4657.25,4663.0,53,True,True
2022-11-02,2022-11-02 14:55:00,BO,-1,4575.75,4596.25,76,False,False
2022-11-03,2022-11-03 08:50:00,Trap,-1,4526.0,4544.0,3,False,False
2022-11-03,2022-11-03 10:30:00,Trap,-1,4538.25,4547.75,23,False,False
2022-11-03,2022-11-03 11:05:00,Trap,1,4545.25,4534.75,30,False,False
2022-11-03,2022-11-03 11:20:00,BO,1,4555.25,4541.5,33,False,False
2022-11-03,2022-11-03 12:05:00,IB,-1,4557.0,4563.0,42,True,True
2022-11-03,2022-11-03 12:25:00,Trap,-1,4548.5,4558.75,46,False,False
2022-11-03,2022-11-03 13:05:00,OB,-1,4542.25,4549.5,54,False,False
2022-11-03,2022-11-03 13:40:00,Trap,-1,4550.5,4557.75,61,True,True
2022-11-03,2022-11-03 14:10:00,Trap,-1,4551.0,4557.25,67,False,False
2022-11-03,2022-11-03 14:45:00,OB,-1,4545.75,4556.5,74,False,False
2022-11-04,2022-11-04 08:40:00,Trap,-1,4571.75,4594.5,1,True,True
2022-11-04,2022-11-04 09:00:00,Trap,1,4571.75,4542.75,5,False,False
2022-11-04,2022-11-04 09:15:00,Trap,1,4587.5,4567.75,8,False,False
2022-11-04,2022-11-04 13:20:00,IB,1,4538.0,4519.75,57,False,False
2022-11-04,2022-11-04 14:35:00,OB,1,4574.25,4560.25,72,False,False
2022-11-07,2022-11-07 08:40:00,Trap,-1,4586.5,4604.0,1,True,True
2022-11-07,2022-11-07 08:55:00,BO,-1,4581.75,4595.0,4,False,False
2022-11-07,2022-11-07 09:05:00,Trap,1,4592.5,4575.75,6,True,False
2022-11-07,2022-11-07 09:25:00,Trap,-1,4591.0,4604.5,10,True,True
2022-11-07,2022-11-07 10:45:00,BO,-1,4584.0,4602.25,26,False,False
2022-11-07,2022-11-07 11:10:00,Trap,1,4587.5,4578.25,31,True,True
2022-11-07,2022-11-07 11:25:00,Trap,1,4592.75,4585.0,34,False,False
2022-11-07,2022-11-07 12:05:00,OB,1,4596.0,4586.0,42,True,False
2022-11-07,2022-11-07 14:00:00,BO,-1,4614.25,4620.5,65,False,False
2022-11-08,2022-11-08 09:35:00,Trap,1,4644.0,4636.5,12,False,False
2022-11-08,2022-11-08 11:45:00,Trap,1,4667.5,4660.0,38,False,False
2022-11-08,2022-11-08 11:55:00,IB,-1,4662.75,4668.25,40,False,False
2022-11-08,2022-11-08 12:05:00,IB,1,4668.25,4662.0,42,False,False
2022-11-08,2022-11-08 12:20:00,IB,-1,4661.25,4670.5,45,True,True
2022-11-08,2022-11-08 12:55:00,BO,-1,4637.5,4645.75,52,False,False
2022-11-08,2022-11-08 13:25:00,Trap,-1,4609.0,4629.25,58,False,False
2022-11-08,2022-11-08 13:40:00,Trap,1,4618.25,4597.25,61,True,True
2022-11-08,2022-11-08 14:35:00,BO,1,4656.5,4638.75,72,False,False
2022-11-09,2022-11-09 09:10:00,BO,1,4627.0,4599.5,7,False,False
2022-11-09,2022-11-09 09:30:00,IB,-1,4614.75,4630.25,11,False,False
2022-11-09,2022-11-09 10:45:00,IB,1,4620.25,4604.0,26,False,False
2022-11-09,2022-11-09 11:30:00,Trap,-1,4601.25,4607.5,35,False,False
2022-11-09,2022-11-09 14:05:00,IB,1,4572.5,4564.0,66,False,False
2022-11-10,2022-11-10 09:25:00,IB,1,4718.5,4707.5,10,False,False
2022-11-10,2022-11-10 09:40:00,OB,-1,4701.0,4719.75,13,False,False
2022-11-10,2022-11-10 09:50:00,OB,1,4719.75,4698.75,15,True,True
2022-11-10,2022-11-10 12:25:00,Trap,-1,4718.75,4728.5,46,True,True
2022-11-10,2022-11-10 12:45:00,IB,1,4729.25,4720.25,50,False,False
2022-11-10,2022-11-10 13:30:00,Trap,1,4735.75,4729.0,59,False,False
2022-11-10,2022-11-10 14:30:00,Trap,1,4754.25,4748.0,71,False,False
2022-11-10,2022-11-10 14:45:00,IB,1,4758.0,4752.0,74,False,False
2022-11-11,2022-11-11 08:50:00,Trap,1,4776.0,4755.5,3,True,False
2022-11-11,2022-11-11 09:00:00,Trap,-1,4771.75,4781.5,5,True,True
2022-11-11,2022-11-11 10:30:00,Trap,-1,4764.0,4778.0,23,False,False
2022-11-11,2022-11-11 12:25:00,OB,1,4795.5,4788.25,46,False,False
2022-11-11,2022-11-11 13:20:00,BO,-1,4799.0,4806.75,57,False,False
2022-11-11,2022-11-11 13:30:00,BO,1,4808.25,4797.0,59,False,False
2022-11-11,2022-11-11 14:00:00,Trap,1,4812.75,4807.25,65,False,False
2022-11-11,2022-11-11 14:10:00,BO,-1,4800.75,4814.0,67,False,False
2022-11-11,2022-11-11 15:00:00,OB,-1,4805.25,4814.25,77,True,True
2022-11-14,2022-11-14 09:35:00,Trap,1,4803.0,4795.5,12,False,False
2022-11-14,2022-11-14 10:05:00,Trap,-1,4799.25,4808.0,18,False,False
2022-11-14,2022-11-14 10:20:00,BO,-1,4786.25,4802.0,21,False,False
2022-11-14,2022-11-14 11:05:00,Trap,1,4804.25,4795.75,30,False,False
2022-11-14,2022-11-14 11:20:00,OB,-1,4801.25,4806.75,33,True,True
2022-11-14,2022-11-14 12:00:00,IB,-1,4806.25,4812.0,41,False,False
2022-11-14,2022-11-14 13:10:00,OB,-1,4816.75,4822.0,55,True,True
2022-11-14,2022-11-14 13:40:00,Trap,-1,4811.25,4818.75,61,False,False
2022-11-14,2022-11-14 14:15:00,Trap,-1,4797.25,4815.0,68,False,False
2022-11-14,2022-11-14 14:35:00,Trap,-1,4792.25,4802.0,72,False,False
2022-11-14,2022-11-14 14:50:00,BO,-1,4785.25,4797.0,75,False,False
2022-11-15,2022-11-15 09:10:00,Trap,-1,4828.75,4842.0,7,False,False
2022-11-15,2022-11-15 11:45:00,IB,-1,4818.25,4825.25,38,False,False
2022-11-15,2022-11-15 12:35:00,BO,-1,4776.0,4803.25,48,False,False
2022-11-15,2022-11-15 13:05:00,Trap,-1,4769.25,4794.0,54,False,False
2022-11-15,2022-11-15 14:00:00,Trap,1,4806.5,4792.0,65,False,False
2022-11-15,2022-11-15 14:35:00,BO,-1,4798.5,4815.25,72,False,False
2022-11-15,2022-11-15 14:55:00,BO,-1,4798.25,4812.5,76,False,False
2022-11-15,2022-11-15 15:15:00,IB,-1,4801.5,4810.5,80,False,False
2022-11-16,2022-11-16 11:55:00,Trap,-1,4788.0,4795.75,40,True,True
2022-11-16,2022-11-16 13:35:00,Trap,-1,4770.5,4779.0,60,True,True
2022-11-16,2022-11-16 14:10:00,OB,-1,4769.0,4781.5,67,True,True
2022-11-16,2022-11-16 14:45:00,IB,1,4777.0,4768.0,74,False,False
2022-11-17,2022-11-17 08:50:00,IB,1,4731.75,4722.5,3,False,False
2022-11-17,2022-11-17 09:00:00,BO,-1,4720.75,4734.25,5,False,False
2022-11-17,2022-11-17 09:20:00,OB,1,4735.0,4722.0,9,False,False
2022-11-17,2022-11-17 11:00:00,Trap,1,4748.5,4730.25,29,False,False
2022-11-17,2022-11-17 12:40:00,Trap,1,4765.5,4758.25,49,False,False
2022-11-17,2022-11-17 12:50:00,IB,-1,4757.5,4766.25,51,False,False
2022-11-17,2022-11-17 14:05:00,IB,-1,4746.5,4751.75,66,False,False
2022-11-17,2022-11-17 14:35:00,Trap,1,4741.5,4733.25,72,True,True
2022-11-18,2022-11-18 08:40:00,Trap,-1,4777.25,4796.25,1,True,True
2022-11-18,2022-11-18 09:05:00,Trap,-1,4767.75,4781.75,6,False,False
2022-11-18,2022-11-18 10:05:00,BO,-1,4759.0,4772.75,18,False,False
2022-11-18,2022-11-18 12:30:00,Trap,1,4764.0,4754.25,47,False,False
2022-11-18,2022-11-18 12:45:00,OB,-1,4753.5,4765.5,50,True,True
2022-11-18,2022-11-18 13:05:00,BO,1,4760.75,4750.5,54,False,False
2022-11-18,2022-11-18 14:00:00,BO,1,4764.0,4757.25,65,False,False
2022-11-21,2022-11-21 10:00:00,IB,1,4755.25,4748.75,17,True,True
2022-11-21,2022-11-21 10:35:00,BO,-1,4751.75,4760.25,24,False,False
2022-11-21,2022-11-21 11:00:00,Trap,-1,4748.5,4758.5,29,False,False
2022-11-21,2022-11-21 13:55:00,Trap,1,4764.0,4760.0,64,True,True
2022-11-21,2022-11-21 14:50:00,Trap,1,4764.5,4757.75,75,False,False
2022-11-22,2022-11-22 08:40:00,Trap,-1,4772.75,4784.5,1,True,True
2022-11-22,2022-11-22 09:05:00,BO,1,4779.25,4770.5,6,False,False
2022-11-22,2022-11-22 09:50:00,IB,1,4791.0,4781.5,15,False,False
2022-11-22,2022-11-22 13:55:00,IB,1,4805.0,4799.5,64,False,False
2022-11-23,2022-11-23 09:50:00,Trap,-1,4834.5,4842.5,15,True,True
2022-11-23,2022-11-23 10:55:00,BO,-1,4818.5,4834.75,28,False,False
2022-11-23,2022-11-23 12:05:00,Trap,1,4815.75,4807.75,42,True,True
2022-11-23,2022-11-23 12:55:00,Trap,-1,4822.75,4826.75,52,True,True
2022-11-23,2022-11-23 13:50:00,BO,1,4838.75,4827.0,63,False,False
2022-11-24,2022-11-24 08:55:00,Trap,-1,4847.5,4849.5,4,True,True
2022-11-24,2022-11-24 10:00:00,IB,1,4851.25,4848.75,17,False,False
2022-11-24,2022-11-24 10:20:00,IB,-1,4849.75,4851.5,21,False,False
2022-11-25,2022-11-25 09:00:00,BO,1,4839.25,4832.5,47,False,False
2022-11-25,2022-11-25 09:50:00,IB,1,4841.25,4837.75,57,False,False
2022-11-25,2022-11-25 10:15:00,IB,-1,4840.0,4843.75,62,True,True
2022-11-25,2022-11-25 10:30:00,IB,-1,4837.5,4841.25,65,False,False
2022-11-25,2022-11-25 11:50:00,IB,-1,4833.5,4838.5,81,False,False
2022-11-28,2022-11-28 10:45:00,OB,1,4801.75,4797.25,26,False,False
2022-11-28,2022-11-28 11:20:00,Trap,1,4801.25,4791.5,33,False,False
2022-11-28,2022-11-28 14:45:00,BO,1,4771.5,4764.75,74,False,False
2022-11-29,2022-11-29 11:40:00,IB,1,4762.75,4753.75,37,False,False
2022-11-29,2022-11-29 13:00:00,OB,1,4763.5,4757.25,53,False,False
2022-11-29,2022-11-29 13:25:00,IB,-1,4764.0,4771.5,58,False,False
2022-11-29,2022-11-29 14:35:00,IB,1,4766.75,4760.0,72,False,False
2022-11-30,2022-11-30 09:50:00,Trap,-1,4753.25,4760.5,15,False,False
2022-11-30,2022-11-30 12:40:00,OB,1,4796.25,4753.0,49,True,False
2022-11-30,2022-11-30 13:20:00,IB,1,4844.75,4818.75,57,False,False
2022-11-30,2022-11-30 14:05:00,Trap,1,4851.5,4839.75,66,False,False
2022-12-01,2022-12-01 12:20:00,IB,-1,4877.0,4892.5,45,False,False
2022-12-01,2022-12-01 13:15:00,IB,1,4882.75,4875.5,56,False,False
2022-12-02,2022-12-02 08:45:00,Trap,-1,4840.25,4852.25,2,False,False
2022-12-02,2022-12-02 09:15:00,Trap,1,4856.5,4837.25,8,False,False
2022-12-02,2022-12-02 13:10:00,Trap,-1,4858.5,4864.5,55,False,False
2022-12-02,2022-12-02 13:20:00,Trap,1,4863.5,4856.0,57,True,True
2022-12-02,2022-12-02 15:00:00,OB,1,4879.75,4869.25,77,True,True
2022-12-05,2022-12-05 08:40:00,Trap,1,4857.75,4848.75,1,True,True
2022-12-05,2022-12-05 09:00:00,BO,-1,4843.5,4854.5,5,False,False
2022-12-05,2022-12-05 10:05:00,IB,1,4845.25,4840.25,18,False,False
2022-12-05,2022-12-05 10:20:00,Trap,-1,4838.25,4850.25,21,True,True
2022-12-05,2022-12-05 11:35:00,BO,-1,4817.25,4828.5,36,False,False
2022-12-05,2022-12-05 12:25:00,Trap,-1,4812.75,4819.75,46,False,False
2022-12-05,2022-12-05 13:15:00,IB,1,4807.0,4798.75,56,False,False
2022-12-05,2022-12-05 13:25:00,IB,-1,4799.25,4807.25,58,False,False
2022-12-06,2022-12-06 08:45:00,IB,-1,4791.25,4810.0,2,False,False
2022-12-06,2022-12-06 09:00:00,IB,-1,4781.75,4796.75,5,False,False
2022-12-06,2022-12-06 10:25:00,Trap,1,4765.0,4755.5,22,True,True
2022-12-06,2022-12-06 12:00:00,BO,-1,4750.25,4755.25,41,False,False
2022-12-06,2022-12-06 12:25:00,Trap,-1,4740.75,4746.5,46,False,False
2022-12-06,2022-12-06 12:55:00,Trap,-1,4741.5,4747.75,52,True,False
2022-12-06,2022-12-06 13:10:00,OB,-1,4736.75,4744.0,55,False,False
2022-12-06,2022-12-06 13:35:00,BO,-1,4728.5,4737.25,60,False,False
2022-12-06,2022-12-06 13:45:00,Trap,1,4734.25,4726.0,62,True,True
2022-12-07,2022-12-07 08:45:00,Trap,-1,4748.75,4762.25,2,True,True
2022-12-07,2022-12-07 10:15:00,OB,-1,4751.5,4766.0,20,True,True
2022-12-07,2022-12-07 11:45:00,BO,1,4746.25,4735.75,38,False,False
2022-12-07,2022-12-07 12:05:00,BO,-1,4743.75,4749.75,42,False,False
2022-12-07,2022-12-07 12:15:00,Trap,1,4752.25,4741.75,44,False,False
2022-12-07,2022-12-07 13:00:00,BO,-1,4739.5,4748.5,53,False,False
2022-12-07,2022-12-07 13:15:00,IB,1,4742.25,4732.25,56,False,False
2022-12-07,2022-12-07 13:25:00,IB,-1,4737.0,4743.0,58,False,False
2022-12-07,2022-12-07 13:35:00,BO,1,4744.25,4734.0,60,False,False
2022-12-07,2022-12-07 14:05:00,Trap,1,4742.75,4735.75,66,False,False
2022-12-08,2022-12-08 08:55:00,Trap,1,4760.0,4742.25,4,False,False
2022-12-08,2022-12-08 09:30:00,IB,1,4778.0,4769.0,11,False,False
2022-12-08,2022-12-08 09:45:00,Trap,-1,4773.25,4781.75,14,True,True
2022-12-08,2022-12-08 10:05:00,OB,-1,4769.25,4778.0,18,False,False
2022-12-08,2022-12-08 11:05:00,Trap,-1,4765.5,4772.0,30,False,False
2022-12-08,2022-12-08 12:55:00,IB,-1,4773.5,4781.0,52,False,False
2022-12-08,2022-12-08 14:25:00,OB,1,4770.25,4760.5,70,False,False
2022-12-08,2022-12-08 15:00:00,OB,1,4770.25,4758.0,77,True,False
2022-12-09,2022-12-09 08:40:00,Trap,1,4765.25,4748.5,1,True,True
2022-12-09,2022-12-09 08:55:00,Trap,-1,4761.5,4776.5,4,True,True
2022-12-09,2022-12-09 10:00:00,OB,1,4779.0,4762.75,17,False,False
2022-12-09,2022-12-09 11:25:00,BO,-1,4773.25,4782.75,34,False,False
2022-12-09,2022-12-09 11:50:00,OB,-1,4773.25,4780.25,39,False,False
2022-12-09,2022-12-09 13:15:00,Trap,1,4765.5,4758.0,56,True,True
2022-12-12,2022-12-12 08:40:00,Trap,-1,4741.5,4753.0,1,False,False
2022-12-12,2022-12-12 08:50:00,IB,1,4751.5,4740.5,3,False,False
2022-12-12,2022-12-12 10:35:00,Trap,-1,4757.25,4763.75,24,True,True
2022-12-12,2022-12-12 11:05:00,BO,1,4764.25,4758.5,30,False,False
2022-12-12,2022-12-12 12:35:00,IB,1,4763.75,4759.75,48,False,False
2022-12-12,2022-12-12 13:30:00,Trap,1,4764.75,4761.0,59,True,True
2022-12-12,2022-12-12 14:00:00,OB,1,4774.75,4767.0,65,False,False
2022-12-12,2022-12-12 14:25:00,IB,1,4790.0,4778.5,70,False,False
2022-12-13,2022-12-13 08:40:00,Trap,-1,4889.25,4912.5,1,True,True
2022-12-13,2022-12-13 09:05:00,Trap,-1,4891.25,4910.0,6,False,False
2022-12-13,2022-12-13 10:35:00,Trap,1,4865.0,4847.0,24,False,False
2022-12-13,2022-12-13 11:15:00,Trap,-1,4823.5,4840.25,32,False,False
2022-12-13,2022-12-13 12:20:00,BO,1,4822.0,4804.5,45,False,False
2022-12-13,2022-12-13 12:55:00,OB,-1,4814.5,4828.75,52,False,False
2022-12-13,2022-12-13 13:55:00,IB,-1,4821.25,4839.75,64,True,True
2022-12-14,2022-12-14 08:55:00,OB,1,4844.5,4832.5,4,False,False
2022-12-14,2022-12-14 10:05:00,Trap,1,4854.0,4846.75,18,False,False
2022-12-14,2022-12-14 11:30:00,Trap,-1,4845.25,4849.25,35,False,False
2022-12-14,2022-12-14 12:20:00,OB,-1,4845.25,4851.25,45,True,True
2022-12-14,2022-12-14 12:35:00,BO,1,4852.5,4845.25,48,False,False
2022-12-14,2022-12-14 13:05:00,Trap,-1,4818.25,4862.25,54,True,True
2022-12-14,2022-12-14 13:45:00,IB,1,4799.0,4768.5,62,False,False
2022-12-15,2022-12-15 08:35:00,Trap,-1,4741.5,4812.25,0,False,False
2022-12-15,2022-12-15 10:10:00,Trap,-1,4704.5,4713.5,19,False,False
2022-12-15,2022-12-15 10:45:00,Trap,-1,4694.0,4703.0,26,False,False
2022-12-15,2022-12-15 11:35:00,IB,1,4703.75,4694.25,36,False,False
2022-12-15,2022-12-15 11:45:00,OB,-1,4694.5,4705.75,38,True,True
2022-12-15,2022-12-15 12:00:00,Trap,-1,4689.75,4697.0,41,False,False
2022-12-15,2022-12-15 13:00:00,Trap,1,4688.25,4680.5,53,True,False
2022-12-15,2022-12-15 13:10:00,Trap,-1,4682.5,4690.75,55,True,True
2022-12-15,2022-12-15 13:35:00,Trap,1,4691.5,4682.25,60,False,False
2022-12-15,2022-12-15 14:30:00,Trap,1,4707.75,4695.25,71,False,False
2022-12-15,2022-12-15 14:45:00,BO,-1,4692.0,4710.25,74,False,False
2022-12-15,2022-12-15 15:00:00,BO,1,4698.5,4690.5,77,False,False
2022-12-16,2022-12-16 08:50:00,Trap,1,4682.5,4662.75,3,True,True
2022-12-16,2022-12-16 09:05:00,BO,-1,4664.5,4684.0,6,False,False
2022-12-16,2022-12-16 10:25:00,Trap,-1,4640.75,4653.0,22,True,True
2022-12-16,2022-12-16 10:50:00,BO,-1,4634.5,4648.25,27,False,False
2022-12-16,2022-12-16 12:50:00,Trap,1,4636.25,4630.5,51,False,False
2022-12-16,2022-12-16 13:15:00,BO,1,4642.5,4632.5,56,False,False
2022-12-16,2022-12-16 13:25:00,Trap,-1,4636.5,4644.5,58,True,True
2022-12-16,2022-12-16 13:55:00,OB,1,4641.75,4631.0,64,False,False
2022-12-16,2022-12-16 15:05:00,BO,-1,4645.25,4662.5,78,False,False
2022-12-19,2022-12-19 08:50:00,IB,-1,4638.5,4654.75,3,False,False
2022-12-19,2022-12-19 09:15:00,Trap,1,4643.25,4633.5,8,True,True
2022-12-19,2022-12-19 09:40:00,BO,-1,4640.5,4652.25,13,False,False
2022-12-19,2022-12-19 11:25:00,IB,-1,4628.25,4634.25,34,True,True
2022-12-19,2022-12-19 12:35:00,OB,-1,4623.0,4634.0,48,True,True
2022-12-19,2022-12-19 13:55:00,Trap,-1,4600.25,4611.5,64,False,False
2022-12-19,2022-12-19 14:50:00,Trap,1,4609.0,4601.25,75,False,False
2022-12-20,2022-12-20 08:40:00,Trap,1,4612.25,4601.0,1,True,True
2022-12-20,2022-12-20 10:15:00,BO,-1,4620.75,4631.0,20,False,False
2022-12-20,2022-12-20 11:35:00,Trap,-1,4616.5,4627.5,36,False,False
2022-12-20,2022-12-20 12:30:00,Trap,1,4630.5,4622.0,47,False,False
2022-12-20,2022-12-20 13:45:00,BO,-1,4622.75,4630.25,62,False,False
2022-12-20,2022-12-20 14:05:00,Trap,-1,4619.25,4626.0,66,False,False
2022-12-20,2022-12-20 14:30:00,Trap,1,4626.0,4618.25,71,False,False
2022-12-20,2022-12-20 15:00:00,BO,-1,4620.75,4630.5,77,False,False
2022-12-21,2022-12-21 09:10:00,BO,1,4662.25,4644.25,7,False,False
2022-12-21,2022-12-21 10:20:00,Trap,-1,4680.75,4689.0,21,True,True
2022-12-21,2022-12-21 13:10:00,BO,1,4687.5,4679.25,55,False,False
2022-12-22,2022-12-22 08:40:00,BO,-1,4626.5,4683.75,1,False,False
2022-12-22,2022-12-22 09:50:00,OB,1,4608.75,4602.0,15,True,True
2022-12-22,2022-12-22 12:15:00,Trap,1,4572.0,4564.5,44,True,True
2022-12-22,2022-12-22 13:30:00,Trap,1,4584.75,4571.0,59,False,False
2022-12-22,2022-12-22 14:25:00,BO,1,4613.75,4597.75,70,False,False
2022-12-22,2022-12-22 14:55:00,OB,1,4618.75,4602.5,76,False,False
2022-12-23,2022-12-23 10:15:00,IB,1,4621.25,4612.75,20,False,False
2022-12-23,2022-12-23 11:45:00,Trap,-1,4630.5,4641.5,38,True,True
2022-12-23,2022-12-23 12:05:00,BO,1,4634.25,4628.5,42,False,False
2022-12-23,2022-12-23 12:45:00,OB,-1,4631.0,4637.5,50,True,True
2022-12-23,2022-12-23 13:05:00,BO,-1,4624.5,4631.75,54,False,False
2022-12-23,2022-12-23 13:20:00,BO,1,4632.0,4624.0,57,False,False
2022-12-23,2022-12-23 14:50:00,BO,1,4639.25,4629.25,75,False,False
2022-12-27,2022-12-27 08:40:00,OB,-1,4626.75,4643.5,1,True,True
2022-12-27,2022-12-27 10:00:00,BO,-1,4632.0,4644.5,17,False,False
2022-12-27,2022-12-27 10:20:00,Trap,-1,4631.75,4636.75,21,False,False
2022-12-27,2022-12-27 11:25:00,IB,-1,4636.0,4644.25,34,False,False
2022-12-27,2022-12-27 12:00:00,BO,1,4633.5,4627.25,41,False,False
2022-12-27,2022-12-27 13:00:00,OB,-1,4624.25,4631.5,53,False,False
2022-12-27,2022-12-27 13:50:00,Trap,1,4625.5,4617.25,63,True,True
2022-12-28,2022-12-28 09:30:00,IB,-1,4618.75,4635.25,11,False,False
2022-12-28,2022-12-28 11:35:00,BO,1,4594.25,4584.75,36,False,False
2022-12-28,2022-12-28 13:45:00,Trap,1,4603.5,4593.5,62,False,False
2022-12-29,2022-12-29 08:40:00,BO,1,4616.75,4581.5,1,False,False
2022-12-29,2022-12-29 09:50:00,IB,-1,4636.5,4641.5,15,True,True
2022-12-29,2022-12-29 10:10:00,OB,-1,4636.75,4643.0,19,True,True
2022-12-29,2022-12-29 10:35:00,BO,1,4644.5,4634.75,24,False,False
2022-12-29,2022-12-29 12:05:00,Trap,-1,4646.75,4650.5,42,False,False
2022-12-29,2022-12-29 13:00:00,Trap,1,4649.25,4646.25,53,False,False
2022-12-29,2022-12-29 13:55:00,IB,-1,4646.75,4651.5,64,False,False
2022-12-29,2022-12-29 15:00:00,Trap,-1,4643.75,4651.25,77,True,True
2022-12-30,2022-12-30 09:20:00,BO,1,4620.75,4605.0,9,False,False
2022-12-30,2022-12-30 11:25:00,IB,1,4618.25,4613.0,34,False,False
2022-12-30,2022-12-30 11:55:00,Trap,-1,4613.75,4618.5,40,False,False
2022-12-30,2022-12-30 12:35:00,Trap,1,4607.0,4593.0,48,True,True
2022-12-30,2022-12-30 13:05:00,IB,-1,4598.0,4605.0,54,False,False
2023-01-03,2023-01-03 08:35:00,BO,1,4653.5,4634.5,0,False,False
2023-01-03,2023-01-03 08:50:00,Trap,-1,4643.25,4673.0,3,True,True
2023-01-03,2023-01-03 10:10:00,Trap,-1,4615.5,4631.5,19,True,True
2023-01-03,2023-01-03 11:25:00,BO,-1,4594.0,4605.25,34,False,False
2023-01-03,2023-01-03 11:35:00,IB,1,4606.25,4592.0,36,False,False
2023-01-03,2023-01-03 11:45:00,IB,-1,4596.5,4608.25,38,False,False
2023-01-03,2023-01-03 12:30:00,OB,1,4603.25,4591.5,47,False,False
2023-01-03,2023-01-03 12:55:00,Trap,1,4605.75,4597.75,52,False,False
2023-01-03,2023-01-03 13:45:00,IB,1,4602.75,4588.75,62,False,False
2023-01-03,2023-01-03 14:25:00,Trap,-1,4607.0,4619.75,70,True,True
2023-01-03,2023-01-03 14:35:00,IB,1,4616.75,4606.5,72,False,False
2023-01-03,2023-01-03 14:55:00,OB,1,4619.0,4612.0,76,False,False
2023-01-03,2023-01-03 15:05:00,IB,-1,4610.75,4620.75,78,False,False
2023-01-04,2023-01-04 10:15:00,Trap,1,4643.0,4631.5,20,False,False
2023-01-04,2023-01-04 10:35:00,OB,1,4655.5,4639.5,24,False,False
2023-01-04,2023-01-04 11:25:00,BO,1,4664.75,4659.75,34,False,False
2023-01-04,2023-01-04 11:55:00,BO,-1,4660.0,4666.5,40,False,False
2023-01-04,2023-01-04 13:00:00,IB,-1,4651.25,4659.25,53,False,False
2023-01-04,2023-01-04 13:20:00,Trap,1,4653.0,4634.0,57,False,False
2023-01-04,2023-01-04 13:30:00,BO,-1,4623.25,4655.5,59,False,False
2023-01-04,2023-01-04 14:00:00,Trap,1,4640.75,4625.25,65,False,False
2023-01-04,2023-01-04 14:25:00,Trap,-1,4637.25,4646.0,70,False,False
2023-01-05,2023-01-05 09:00:00,BO,1,4607.75,4595.0,5,False,False
2023-01-05,2023-01-05 09:45:00,Trap,1,4611.75,4601.5,14,True,False
2023-01-05,2023-01-05 09:55:00,IB,-1,4601.25,4613.5,16,False,False
2023-01-05,2023-01-05 10:55:00,Trap,-1,4600.75,4607.5,28,False,False
2023-01-05,2023-01-05 11:10:00,BO,1,4606.5,4597.5,31,False,False
2023-01-05,2023-01-05 11:20:00,IB,-1,4598.0,4608.5,33,False,False
2023-01-05,2023-01-05 12:25:00,Trap,1,4614.75,4596.5,46,True,True
2023-01-05,2023-01-05 13:30:00,Trap,-1,4608.25,4614.75,59,False,False
2023-01-05,2023-01-05 13:40:00,IB,1,4617.75,4607.0,61,False,False
2023-01-06,2023-01-06 08:45:00,OB,-1,4608.0,4646.5,2,True,True
2023-01-06,2023-01-06 08:55:00,Trap,1,4615.5,4600.5,4,False,False
2023-01-06,2023-01-06 10:55:00,BO,1,4672.25,4661.0,28,False,False
2023-01-06,2023-01-06 12:30:00,IB,1,4668.5,4663.0,47,False,False
2023-01-06,2023-01-06 13:40:00,IB,1,4690.0,4684.25,61,False,False
2023-01-06,2023-01-06 14:55:00,OB,-1,4688.0,4698.25,76,False,False
2023-01-09,2023-01-09 08:45:00,Trap,1,4712.0,4700.0,2,False,False
2023-01-09,2023-01-09 10:00:00,IB,-1,4733.75,4740.0,17,True,True
2023-01-09,2023-01-09 10:35:00,Trap,-1,4737.75,4744.25,24,False,False
2023-01-09,2023-01-09 11:10:00,BO,-1,4737.0,4743.25,31,False,False
2023-01-09,2023-01-09 11:40:00,OB,-1,4728.25,4737.25,37,False,False
2023-01-09,2023-01-09 12:35:00,BO,-1,4722.75,4731.0,48,False,False
2023-01-10,2023-01-10 09:55:00,Trap,1,4684.25,4668.75,16,True,True
2023-01-10,2023-01-10 10:35:00,BO,-1,4683.75,4693.75,24,False,False
2023-01-10,2023-01-10 11:05:00,Trap,-1,4681.75,4690.25,30,False,False
2023-01-10,2023-01-10 11:15:00,BO,1,4691.0,4678.0,32,False,False
2023-01-10,2023-01-10 11:40:00,BO,1,4698.0,4685.25,37,False,False
2023-01-10,2023-01-10 12:20:00,IB,-1,4693.75,4700.25,45,True,True
2023-01-10,2023-01-10 13:35:00,Trap,1,4707.0,4702.0,60,False,False
2023-01-10,2023-01-10 14:15:00,Trap,1,4701.5,4694.25,68,True,True
2023-01-10,2023-01-10 14:50:00,Trap,1,4704.5,4700.75,75,False,False
2023-01-11,2023-01-11 08:45:00,BO,1,4736.5,4724.5,2,False,False
2023-01-11,2023-01-11 08:55:00,IB,-1,4729.75,4738.25,4,True,True
2023-01-11,2023-01-11 09:55:00,Trap,-1,4725.25,4732.25,16,False,False
2023-01-11,2023-01-11 12:05:00,Trap,1,4743.25,4736.75,42,False,False
2023-01-11,2023-01-11 12:30:00,IB,1,4745.25,4735.75,47,False,False
2023-01-11,2023-01-11 13:40:00,OB,1,4749.25,4744.25,61,False,False
2023-01-11,2023-01-11 14:05:00,Trap,1,4751.25,4747.25,66,False,False
2023-01-11,2023-01-11 14:20:00,BO,1,4755.0,4749.5,69,False,False
2023-01-11,2023-01-11 14:30:00,IB,-1,4752.75,4756.0,71,False,False
2023-01-11,2023-01-11 14:50:00,OB,1,4754.0,4747.0,75,True,True
2023-01-12,2023-01-12 09:55:00,Trap,1,4763.75,4751.0,16,False,False
2023-01-12,2023-01-12 10:45:00,IB,1,4766.5,4752.0,26,False,False
2023-01-12,2023-01-12 12:40:00,Trap,1,4775.75,4760.25,49,True,True
2023-01-12,2023-01-12 14:50:00,IB,-1,4765.75,4774.25,75,False,False
2023-01-12,2023-01-12 15:00:00,BO,1,4774.25,4763.25,77,False,False
2023-01-13,2023-01-13 08:50:00,OB,1,4747.25,4737.25,3,True,True
2023-01-13,2023-01-13 10:25:00,Trap,1,4767.75,4757.75,22,True,True
2023-01-13,2023-01-13 10:35:00,IB,-1,4760.25,4768.25,24,False,False
2023-01-13,2023-01-13 11:15:00,IB,1,4767.0,4761.25,32,False,False
2023-01-13,2023-01-13 12:20:00,Trap,-1,4767.0,4772.75,45,False,False
2023-01-13,2023-01-13 15:05:00,Trap,-1,4786.75,4792.75,78,False,False
2023-01-16,2023-01-16 09:25:00,IB,1,4788.75,4787.25,10,True,False
2023-01-16,2023-01-16 10:40:00,OB,-1,4785.75,4788.5,25,False,False
2023-01-16,2023-01-16 11:40:00,OB,1,4785.5,4782.0,37,True,True
2023-01-17,2023-01-17 08:50:00,Trap,1,4791.0,4780.5,45,False,False
2023-01-17,2023-01-17 10:35:00,OB,1,4782.75,4774.25,66,True,True
2023-01-17,2023-01-17 11:55:00,Trap,1,4786.25,4781.75,82,False,False
2023-01-17,2023-01-17 12:15:00,Trap,-1,4784.75,4788.0,86,True,True
2023-01-17,2023-01-17 13:15:00,Trap,-1,4786.5,4792.75,98,True,True
2023-01-17,2023-01-17 14:00:00,BO,-1,4785.0,4791.0,107,False,False
2023-01-17,2023-01-17 14:15:00,IB,-1,4784.0,4789.75,110,False,False
2023-01-17,2023-01-17 15:00:00,Trap,1,4781.75,4775.5,119,True,True
2023-01-18,2023-01-18 09:40:00,BO,-1,4784.75,4798.75,13,False,False
2023-01-18,2023-01-18 10:10:00,Trap,-1,4766.0,4777.5,19,False,False
2023-01-18,2023-01-18 10:25:00,BO,-1,4754.5,4766.5,22,False,False
2023-01-18,2023-01-18 12:45:00,BO,1,4740.0,4733.0,50,False,False
2023-01-18,2023-01-18 13:30:00,BO,1,4740.0,4733.5,59,False,False
2023-01-19,2023-01-19 08:40:00,Trap,1,4703.0,4691.75,1,True,True
2023-01-19,2023-01-19 08:50:00,OB,-1,4688.5,4705.25,3,False,False
2023-01-19,2023-01-19 11:25:00,Trap,-1,4684.25,4691.25,34,True,True
2023-01-19,2023-01-19 12:05:00,OB,1,4693.25,4679.75,42,True,True
2023-01-19,2023-01-19 14:45:00,IB,-1,4697.75,4704.5,74,False,False
2023-01-20,2023-01-20 09:10:00,Trap,1,4706.5,4693.25,7,False,False
2023-01-20,2023-01-20 09:30:00,BO,1,4710.0,4699.25,11,False,False
2023-01-20,2023-01-20 11:55:00,Trap,1,4723.0,4720.0,40,False,False
2023-01-20,2023-01-20 13:50:00,Trap,-1,4741.25,4744.0,63,False,False
2023-01-20,2023-01-20 14:00:00,Trap,1,4744.25,4739.0,65,False,False
2023-01-20,2023-01-20 14:25:00,Trap,-1,4751.25,4759.25,70,True,True
2023-01-20,2023-01-20 14:55:00,OB,1,4758.75,4749.5,76,False,False
2023-01-23,2023-01-23 08:50:00,BO,1,4776.25,4759.25,3,False,False
2023-01-23,2023-01-23 10:10:00,BO,1,4817.75,4799.5,19,False,False
2023-01-23,2023-01-23 10:30:00,Trap,-1,4810.0,4822.5,23,True,True
2023-01-23,2023-01-23 11:10:00,BO,-1,4805.5,4817.5,31,False,False
2023-01-23,2023-01-23 13:00:00,BO,-1,4821.75,4828.25,53,False,False
2023-01-23,2023-01-23 13:30:00,IB,-1,4808.0,4816.5,59,False,False
2023-01-23,2023-01-23 14:00:00,Trap,1,4796.5,4788.25,65,True,True
2023-01-23,2023-01-23 14:15:00,Trap,1,4801.5,4791.75,68,False,False
2023-01-24,2023-01-24 08:50:00,OB,1,4795.25,4780.5,3,True,True
2023-01-24,2023-01-24 09:15:00,Trap,1,4793.25,4776.75,8,True,True
2023-01-24,2023-01-24 14:55:00,IB,1,4803.5,4793.5,76,True,True
2023-01-25,2023-01-25 09:10:00,Trap,1,4754.25,4741.0,7,True,True
2023-01-25,2023-01-25 09:40:00,OB,-1,4737.25,4753.5,13,False,False
2023-01-25,2023-01-25 10:00:00,Trap,1,4748.75,4738.0,17,False,False
2023-01-25,2023-01-25 10:20:00,BO,1,4759.5,4746.25,21,False,False
2023-01-25,2023-01-25 10:55:00,Trap,1,4773.0,4760.0,28,False,False
2023-01-25,2023-01-25 12:15:00,IB,1,4781.75,4770.75,44,False,False
2023-01-25,2023-01-25 13:15:00,IB,1,4796.0,4786.75,56,False,False
2023-01-26,2023-01-26 08:50:00,OB,-1,4817.75,4839.75,3,True,True
2023-01-26,2023-01-26 09:05:00,Trap,1,4817.0,4806.75,6,False,False
2023-01-26,2023-01-26 10:25:00,Trap,-1,4800.0,4814.75,22,False,False
2023-01-26,2023-01-26 13:30:00,Trap,-1,4829.75,4834.5,59,True,True
2023-01-27,2023-01-27 08:35:00,BO,-1,4837.0,4845.25,0,False,False
2023-01-27,2023-01-27 08:50:00,BO,1,4848.25,4836.25,3,False,False
2023-01-27,2023-01-27 09:10:00,OB,1,4860.75,4843.25,7,False,False
2023-01-27,2023-01-27 09:50:00,IB,-1,4842.25,4855.5,15,False,False
2023-01-27,2023-01-27 11:15:00,IB,1,4859.75,4854.0,32,False,False
2023-01-27,2023-01-27 11:30:00,IB,-1,4858.25,4864.5,35,False,False
2023-01-27,2023-01-27 13:20:00,BO,1,4870.0,4861.25,57,False,False
2023-01-30,2023-01-30 08:40:00,Trap,1,4836.25,4824.5,1,True,True
2023-01-30,2023-01-30 09:40:00,BO,-1,4826.5,4837.5,13,False,False
2023-01-30,2023-01-30 10:15:00,Trap,1,4832.0,4823.75,20,False,False
2023-01-30,2023-01-30 12:35:00,BO,-1,4819.5,4828.5,48,False,False
2023-01-30,2023-01-30 13:50:00,BO,-1,4809.5,4816.5,63,False,False
2023-01-30,2023-01-30 14:00:00,Trap,1,4811.0,4807.0,65,True,True
2023-01-30,2023-01-30 14:50:00,IB,-1,4808.0,4813.5,75,False,False
2023-01-30,2023-01-30 15:05:00,Trap,1,4809.25,4801.0,78,True,True
2023-01-31,2023-01-31 09:00:00,Trap,-1,4809.5,4821.0,5,True,True
2023-01-31,2023-01-31 10:05:00,IB,1,4830.25,4822.5,18,False,False
2023-01-31,2023-01-31 13:20:00,IB,-1,4839.25,4843.25,57,False,False
2023-01-31,2023-01-31 14:15:00,Trap,-1,4839.5,4846.25,68,True,True
2023-01-31,2023-01-31 15:00:00,BO,1,4861.75,4844.75,77,False,False
2023-02-01,2023-02-01 08:35:00,BO,-1,4847.5,4862.25,0,False,False
2023-02-01,2023-02-01 08:55:00,BO,1,4859.5,4848.25,4,False,False
2023-02-01,2023-02-01 09:45:00,BO,-1,4847.0,4855.5,14,False,False
2023-02-01,2023-02-01 12:45:00,Trap,-1,4843.0,4847.5,50,True,True
2023-02-01,2023-02-01 13:05:00,Trap,-1,4836.5,4851.5,54,True,True
2023-02-01,2023-02-01 13:20:00,Trap,-1,4846.75,4858.25,57,True,True
2023-02-01,2023-02-01 13:45:00,BO,1,4884.0,4820.0,62,False,False
2023-02-01,2023-02-01 14:50:00,Trap,-1,4912.0,4934.75,75,True,True
2023-02-02,2023-02-02 09:20:00,Trap,1,4942.0,4924.75,9,True,False
2023-02-02,2023-02-02 10:20:00,BO,-1,4956.75,4967.25,21,False,False
2023-02-02,2023-02-02 11:45:00,Trap,-1,4961.25,4966.5,38,True,True
2023-02-02,2023-02-02 13:10:00,OB,-1,4968.75,4980.0,55,True,True
2023-02-02,2023-02-02 14:00:00,Trap,-1,4934.75,4948.0,65,False,False
2023-02-02,2023-02-02 14:45:00,Trap,-1,4947.5,4957.5,74,True,True
2023-02-02,2023-02-02 14:55:00,BO,1,4957.0,4943.0,76,False,False
2023-02-02,2023-02-02 15:10:00,Trap,-1,4946.25,4978.5,79,True,True
2023-02-03,2023-02-03 08:40:00,Trap,1,4929.5,4910.75,1,True,True
2023-02-03,2023-02-03 09:15:00,IB,1,4941.5,4920.0,8,False,False
2023-02-03,2023-02-03 12:55:00,Trap,1,4928.25,4912.25,52,True,True
2023-02-03,2023-02-03 14:05:00,OB,-1,4909.75,4922.25,66,False,False
2023-02-06,2023-02-06 08:45:00,IB,-1,4890.75,4903.75,2,False,False
2023-02-06,2023-02-06 10:20:00,Trap,1,4902.75,4894.0,21,False,False
2023-02-06,2023-02-06 11:10:00,Trap,1,4894.25,4888.0,31,True,True
2023-02-06,2023-02-06 11:20:00,IB,-1,4888.25,4895.75,33,False,False
2023-02-06,2023-02-06 11:45:00,Trap,-1,4894.5,4899.5,38,True,False
2023-02-06,2023-02-06 12:30:00,Trap,-1,4891.75,4898.25,47,False,False
2023-02-06,2023-02-06 13:05:00,BO,1,4898.25,4889.25,54,False,False
2023-02-07,2023-02-07 08:45:00,OB,1,4888.0,4879.0,2,True,True
2023-02-07,2023-02-07 09:30:00,Trap,-1,4880.25,4885.5,11,False,False
2023-02-07,2023-02-07 09:40:00,IB,1,4884.5,4877.5,13,False,False
2023-02-07,2023-02-07 10:00:00,Trap,-1,4881.5,4888.25,17,True,True
2023-02-07,2023-02-07 10:35:00,BO,1,4898.0,4888.75,24,False,False
2023-02-07,2023-02-07 10:50:00,IB,1,4899.5,4896.5,27,False,False
2023-02-07,2023-02-07 11:25:00,IB,-1,4893.25,4900.5,34,False,False
2023-02-07,2023-02-07 11:45:00,IB,1,4908.5,4891.5,38,False,False
2023-02-07,2023-02-07 12:05:00,Trap,-1,4930.5,4946.5,42,True,True
2023-02-07,2023-02-07 12:30:00,IB,-1,4892.0,4924.5,47,False,False
2023-02-07,2023-02-07 14:10:00,OB,-1,4923.0,4939.5,67,True,True
2023-02-08,2023-02-08 08:40:00,Trap,1,4933.75,4921.25,1,True,True
2023-02-08,2023-02-08 09:00:00,Trap,1,4934.75,4924.25,5,False,False
2023-02-08,2023-02-08 09:20:00,IB,1,4937.75,4923.5,9,False,False
2023-02-08,2023-02-08 10:30:00,BO,-1,4901.5,4917.25,23,False,False
2023-02-08,2023-02-08 11:40:00,OB,-1,4902.25,4913.5,37,True,True
2023-02-08,2023-02-08 14:00:00,BO,1,4907.0,4898.5,65,False,False
2023-02-08,2023-02-08 14:50:00,Trap,-1,4898.25,4905.5,75,True,False
2023-02-09,2023-02-09 09:30:00,OB,-1,4915.0,4932.75,11,False,False
2023-02-09,2023-02-09 10:25:00,BO,-1,4904.75,4915.75,22,False,False
2023-02-09,2023-02-09 11:35:00,BO,-1,4895.5,4913.5,36,False,False
2023-02-09,2023-02-09 13:20:00,BO,-1,4878.25,4886.75,57,False,False
2023-02-10,2023-02-10 08:45:00,Trap,-1,4849.5,4860.0,2,False,False
2023-02-10,2023-02-10 09:15:00,BO,1,4864.0,4841.25,8,False,False
2023-02-10,2023-02-10 11:05:00,OB,-1,4848.0,4859.25,30,False,False
2023-02-10,2023-02-10 12:30:00,Trap,-1,4867.0,4873.0,47,True,True
2023-02-10,2023-02-10 14:20:00,IB,-1,4861.75,4868.25,69,False,False
2023-02-13,2023-02-13 08:45:00,OB,1,4883.0,4873.0,2,False,False
2023-02-13,2023-02-13 09:50:00,Trap,1,4905.25,4897.75,15,False,False
2023-02-13,2023-02-13 10:45:00,Trap,1,4912.25,4902.25,26,True,True
2023-02-13,2023-02-13 10:55:00,Trap,-1,4909.0,4915.25,28,True,True
2023-02-13,2023-02-13 12:05:00,BO,-1,4911.5,4916.25,42,False,False
2023-02-13,2023-02-13 12:20:00,Trap,1,4911.75,4907.5,45,True,True
2023-02-13,2023-02-13 13:30:00,IB,-1,4909.5,4915.5,59,False,False
2023-02-13,2023-02-13 14:35:00,IB,1,4913.75,4908.75,72,False,False
2023-02-14,2023-02-14 08:45:00,IB,1,4903.0,4885.5,2,False,False
2023-02-14,2023-02-14 10:05:00,IB,1,4905.0,4887.0,18,False,False
2023-02-14,2023-02-14 10:35:00,OB,-1,4879.75,4909.75,24,False,False
2023-02-14,2023-02-14 12:05:00,BO,1,4915.0,4893.75,42,False,False
2023-02-14,2023-02-14 12:45:00,OB,-1,4909.0,4920.25,50,False,False
2023-02-14,2023-02-14 13:35:00,Trap,1,4923.25,4912.75,60,False,False
2023-02-14,2023-02-14 15:05:00,OB,-1,4912.0,4927.75,78,True,True
2023-02-15,2023-02-15 09:35:00,Trap,1,4905.0,4896.0,12,False,False
2023-02-15,2023-02-15 09:45:00,IB,-1,4895.5,4906.75,14,False,False
2023-02-15,2023-02-15 10:10:00,OB,1,4906.75,4895.75,19,False,False
2023-02-15,2023-02-15 10:30:00,IB,1,4911.0,4903.0,23,False,False
2023-02-15,2023-02-15 10:45:00,Trap,1,4913.75,4904.25,26,False,False
2023-02-15,2023-02-15 11:00:00,IB,-1,4911.75,4918.0,29,True,True
2023-02-15,2023-02-15 13:15:00,BO,1,4924.75,4918.25,56,False,False
2023-02-15,2023-02-15 13:55:00,OB,-1,4917.0,4925.25,64,False,False
2023-02-15,2023-02-15 14:20:00,IB,-1,4916.25,4920.75,69,False,False
2023-02-15,2023-02-15 14:35:00,IB,1,4921.0,4914.5,72,False,False
2023-02-16,2023-02-16 09:10:00,Trap,1,4882.25,4871.5,7,False,False
2023-02-16,2023-02-16 10:05:00,Trap,1,4905.0,4897.25,18,False,False
2023-02-16,2023-02-16 13:45:00,Trap,-1,4911.75,4917.0,62,True,True
2023-02-16,2023-02-16 14:05:00,Trap,-1,4904.0,4913.0,66,False,False
2023-02-16,2023-02-16 14:20:00,IB,-1,4890.25,4906.25,69,False,False
2023-02-16,2023-02-16 15:00:00,Trap,-1,4871.25,4882.75,77,False,False
2023-02-17,2023-02-17 09:05:00,Trap,1,4841.75,4828.5,6,True,True
2023-02-17,2023-02-17 09:20:00,OB,1,4852.0,4837.75,9,False,False
2023-02-17,2023-02-17 09:45:00,Trap,-1,4840.5,4859.25,14,True,True
2023-02-17,2023-02-17 10:25:00,BO,-1,4830.25,4840.0,22,False,False
2023-02-17,2023-02-17 10:55:00,Trap,-1,4833.0,4842.25,28,True,True
2023-02-17,2023-02-17 12:25:00,Trap,-1,4833.75,4841.5,46,True,False
2023-02-17,2023-02-17 13:05:00,Trap,1,4842.75,4834.25,54,False,False
2023-02-17,2023-02-17 13:25:00,IB,1,4849.5,4837.75,58,False,False
2023-02-20,2023-02-20 10:35:00,BO,-1,4847.25,4850.25,24,False,False
2023-02-20,2023-02-20 12:00:00,IB,-1,4847.25,4849.5,41,False,False
2023-02-21,2023-02-21 09:15:00,Trap,-1,4803.75,4815.0,50,False,False
2023-02-21,2023-02-21 11:40:00,OB,1,4791.0,4787.0,79,True,True
2023-02-21,2023-02-21 13:15:00,BO,-1,4777.0,4782.5,98,False,False
2023-02-21,2023-02-21 13:35:00,OB,1,4783.0,4773.5,102,True,True
2023-02-22,2023-02-22 09:25:00,Trap,1,4775.5,4764.25,10,True,True
2023-02-22,2023-02-22 09:35:00,Trap,-1,4762.75,4777.25,12,False,False
2023-02-22,2023-02-22 11:40:00,IB,1,4787.25,4783.75,37,False,False
2023-02-22,2023-02-22 12:10:00,Trap,1,4788.75,4783.25,43,True,False
2023-02-22,2023-02-22 12:55:00,BO,-1,4786.5,4794.0,52,False,False
2023-02-22,2023-02-22 13:50:00,Trap,1,4775.5,4764.0,63,True,True
2023-02-23,2023-02-23 08:40:00,Trap,-1,4793.75,4801.5,1,True,True
2023-02-23,2023-02-23 10:45:00,OB,-1,4754.75,4765.75,26,False,False
2023-02-23,2023-02-23 14:30:00,Trap,1,4797.75,4789.0,71,False,False
2023-02-23,2023-02-23 14:55:00,BO,-1,4788.75,4798.25,76,False,False
2023-02-24,2023-02-24 08:40:00,Trap,1,4746.0,4734.5,1,True,True
2023-02-24,2023-02-24 10:30:00,OB,1,4736.25,4728.5,23,False,False
2023-02-24,2023-02-24 12:25:00,BO,1,4733.5,4725.5,46,False,False
2023-02-24,2023-02-24 14:35:00,OB,-1,4740.75,4754.25,72,False,False
2023-02-27,2023-02-27 08:55:00,Trap,1,4780.0,4773.5,4,False,False
2023-02-27,2023-02-27 11:25:00,Trap,-1,4760.25,4765.25,34,False,False
2023-02-27,2023-02-27 11:35:00,BO,1,4767.75,4758.0,36,False,False
2023-02-27,2023-02-27 12:15:00,Trap,1,4773.25,4768.25,44,False,False
2023-02-27,2023-02-27 12:25:00,Trap,-1,4770.25,4774.75,46,True,True
2023-02-27,2023-02-27 13:00:00,BO,1,4772.75,4763.75,53,False,False
2023-02-27,2023-02-27 13:45:00,OB,-1,4764.75,4770.5,62,False,False
2023-02-27,2023-02-27 14:30:00,Trap,1,4759.0,4754.5,71,True,True
2023-02-27,2023-02-27 14:40:00,BO,-1,4752.0,4759.5,73,False,False
2023-02-28,2023-02-28 08:45:00,IB,1,4756.0,4746.5,2,False,False
2023-02-28,2023-02-28 09:15:00,Trap,-1,4755.0,4765.0,8,True,True
2023-02-28,2023-02-28 11:40:00,Trap,-1,4763.25,4766.5,37,False,False
2023-02-28,2023-02-28 13:10:00,Trap,-1,4768.25,4774.5,55,False,False
2023-02-28,2023-02-28 14:00:00,BO,-1,4760.25,4768.25,65,False,False
2023-02-28,2023-02-28 14:45:00,Trap,1,4751.5,4747.5,74,True,True
2023-02-28,2023-02-28 15:05:00,BO,-1,4740.75,4756.25,78,False,False
2023-03-01,2023-03-01 09:40:00,Trap,1,4736.25,4723.25,13,False,False
2023-03-01,2023-03-01 10:10:00,BO,-1,4722.0,4742.0,19,False,False
2023-03-01,2023-03-01 10:50:00,BO,1,4738.75,4724.5,27,False,False
2023-03-01,2023-03-01 12:25:00,Trap,-1,4730.5,4736.0,46,False,False
2023-03-01,2023-03-01 13:15:00,IB,1,4728.25,4722.75,56,True,True
2023-03-01,2023-03-01 14:10:00,BO,1,4725.5,4720.25,67,False,False
2023-03-02,2023-03-02 08:55:00,BO,1,4712.75,4704.25,4,False,False
2023-03-02,2023-03-02 09:30:00,Trap,1,4719.5,4707.25,11,False,False
2023-03-02,2023-03-02 11:30:00,IB,1,4718.5,4713.75,35,False,False
2023-03-02,2023-03-02 12:40:00,BO,1,4730.5,4719.5,49,False,False
2023-03-03,2023-03-03 08:50:00,IB,1,4779.5,4770.75,3,False,False
2023-03-03,2023-03-03 09:05:00,Trap,-1,4778.0,4788.75,6,True,True
2023-03-03,2023-03-03 13:15:00,BO,1,4814.25,4805.5,56,False,False
2023-03-03,2023-03-03 13:30:00,BO,1,4817.0,4812.25,59,False,False
2023-03-03,2023-03-03 14:05:00,Trap,1,4820.25,4815.75,66,False,False
2023-03-03,2023-03-03 14:20:00,BO,-1,4818.0,4824.5,69,False,False
2023-03-06,2023-03-06 08:35:00,IB,1,4833.0,4821.25,0,False,False
2023-03-06,2023-03-06 09:45:00,Trap,1,4852.0,4844.75,14,False,False
2023-03-06,2023-03-06 10:30:00,BO,-1,4844.25,4854.0,23,False,False
2023-03-06,2023-03-06 10:55:00,Trap,1,4846.75,4841.5,28,True,True
2023-03-06,2023-03-06 13:45:00,Trap,1,4830.75,4826.5,62,False,False
2023-03-06,2023-03-06 14:05:00,OB,-1,4824.0,4829.0,66,False,False
2023-03-07,2023-03-07 08:45:00,Trap,-1,4820.0,4824.75,2,False,False
2023-03-07,2023-03-07 09:05:00,BO,-1,4794.75,4825.25,6,False,False
2023-03-07,2023-03-07 09:45:00,Trap,-1,4791.75,4811.0,14,False,False
2023-03-07,2023-03-07 12:40:00,OB,-1,4769.5,4776.5,49,False,False
2023-03-07,2023-03-07 14:05:00,Trap,1,4757.75,4754.0,66,True,True
2023-03-07,2023-03-07 14:30:00,IB,-1,4760.25,4765.75,71,False,False
2023-03-07,2023-03-07 14:45:00,Trap,-1,4764.25,4769.5,74,True,True
2023-03-08,2023-03-08 11:40:00,Trap,1,4758.5,4749.75,37,True,True
2023-03-08,2023-03-08 14:35:00,Trap,1,4752.0,4746.75,72,True,True
2023-03-09,2023-03-09 09:15:00,OB,-1,4777.75,4789.25,8,False,False
2023-03-09,2023-03-09 09:35:00,OB,1,4783.0,4772.75,12,False,False
2023-03-09,2023-03-09 11:25:00,OB,1,4766.25,4759.5,34,False,False
2023-03-09,2023-03-09 11:40:00,Trap,-1,4761.5,4769.25,37,False,False
2023-03-09,2023-03-09 12:15:00,IB,-1,4751.75,4758.5,44,False,False
2023-03-09,2023-03-09 13:05:00,IB,-1,4720.75,4730.5,54,False,False
2023-03-09,2023-03-09 13:35:00,OB,-1,4716.0,4730.25,60,False,False
2023-03-09,2023-03-09 15:00:00,Trap,-1,4691.75,4706.0,77,True,False
2023-03-10,2023-03-10 09:45:00,Trap,-1,4661.25,4677.25,14,False,False
2023-03-10,2023-03-10 09:55:00,Trap,1,4670.5,4659.0,16,False,False
2023-03-10,2023-03-10 10:25:00,Trap,1,4690.75,4676.25,22,False,False
2023-03-10,2023-03-10 10:45:00,OB,-1,4693.0,4706.25,26,True,True
2023-03-10,2023-03-10 11:35:00,Trap,1,4673.0,4657.5,36,True,True
2023-03-10,2023-03-10 12:20:00,BO,-1,4643.5,4657.25,45,False,False
2023-03-10,2023-03-10 13:40:00,BO,1,4643.0,4626.75,61,False,False
2023-03-10,2023-03-10 14:20:00,Trap,-1,4635.5,4654.25,69,False,False
2023-03-10,2023-03-10 15:00:00,OB,1,4634.0,4621.5,77,True,True
2023-03-13,2023-03-13 08:55:00,BO,1,4620.0,4577.75,4,False,False
2023-03-13,2023-03-13 10:50:00,BO,1,4666.5,4646.25,27,False,False
2023-03-13,2023-03-13 11:50:00,Trap,-1,4639.0,4661.5,39,False,False
2023-03-13,2023-03-13 12:05:00,IB,-1,4631.25,4645.75,42,False,False
2023-03-13,2023-03-13 13:05:00,BO,1,4657.5,4646.5,54,False,False
2023-03-13,2023-03-13 14:25:00,BO,-1,4637.75,4661.0,70,False,False
2023-03-14,2023-03-14 09:05:00,Trap,1,4690.25,4678.0,6,False,False
2023-03-14,2023-03-14 10:00:00,Trap,-1,4694.75,4705.0,17,True,True
2023-03-14,2023-03-14 10:10:00,Trap,1,4701.75,4693.5,19,False,False
2023-03-14,2023-03-14 10:50:00,Trap,-1,4699.75,4708.75,27,False,False
2023-03-14,2023-03-14 11:05:00,BO,-1,4697.75,4704.25,30,False,False
2023-03-14,2023-03-14 11:45:00,Trap,-1,4692.5,4699.0,38,False,False
2023-03-14,2023-03-14 14:35:00,IB,1,4661.5,4647.25,72,False,False
2023-03-15,2023-03-15 10:00:00,OB,1,4630.75,4612.0,17,True,True
2023-03-15,2023-03-15 10:55:00,Trap,-1,4628.75,4643.75,28,True,True
2023-03-15,2023-03-15 11:40:00,Trap,-1,4616.5,4625.5,37,False,False
2023-03-15,2023-03-15 12:55:00,Trap,1,4634.75,4620.5,52,False,False
2023-03-15,2023-03-15 13:05:00,Trap,-1,4630.75,4639.5,54,True,True
2023-03-15,2023-03-15 13:25:00,OB,1,4646.75,4624.0,58,False,False
2023-03-15,2023-03-15 14:10:00,OB,-1,4647.25,4664.5,67,False,False
2023-03-16,2023-03-16 08:40:00,Trap,1,4646.25,4632.0,1,True,True
2023-03-16,2023-03-16 08:50:00,Trap,-1,4642.25,4651.75,3,False,False
2023-03-16,2023-03-16 09:00:00,IB,1,4655.5,4638.75,5,False,False
2023-03-16,2023-03-16 09:10:00,Trap,-1,4637.75,4659.25,7,False,False
2023-03-16,2023-03-16 10:45:00,IB,1,4706.75,4696.0,26,False,False
2023-03-16,2023-03-16 11:05:00,Trap,-1,4706.5,4715.75,30,True,True
2023-03-16,2023-03-16 12:05:00,IB,1,4731.25,4714.25,42,False,False
2023-03-16,2023-03-16 13:05:00,Trap,-1,4718.75,4724.75,54,False,False
2023-03-16,2023-03-16 14:00:00,IB,1,4724.0,4716.75,65,False,False
2023-03-16,2023-03-16 14:25:00,Trap,1,4731.0,4722.25,70,False,False
2023-03-17,2023-03-17 08:50:00,Trap,-1,4709.0,4727.25,3,False,False
2023-03-17,2023-03-17 10:25:00,Trap,-1,4679.0,4694.75,22,True,False
2023-03-17,2023-03-17 13:10:00,Trap,-1,4687.25,4699.5,55,True,False
2023-03-20,2023-03-20 09:05:00,Trap,1,4708.75,4695.5,6,False,False
2023-03-20,2023-03-20 12:45:00,Trap,1,4719.25,4713.5,50,False,False
2023-03-20,2023-03-20 13:35:00,IB,-1,4711.0,4717.75,60,False,False
2023-03-20,2023-03-20 14:20:00,Trap,1,4713.25,4707.75,69,False,False
2023-03-21,2023-03-21 09:10:00,Trap,-1,4757.25,4768.5,7,True,True
2023-03-21,2023-03-21 10:15:00,BO,1,4756.25,4745.75,20,False,False
2023-03-21,2023-03-21 12:15:00,OB,1,4751.75,4746.5,44,False,False
2023-03-21,2023-03-21 14:45:00,OB,1,4779.75,4766.0,74,False,False
2023-03-22,2023-03-22 10:05:00,IB,-1,4776.25,4780.5,18,False,False
2023-03-22,2023-03-22 11:35:00,Trap,-1,4766.75,4770.25,36,False,False
2023-03-22,2023-03-22 12:05:00,BO,-1,4761.5,4767.75,42,False,False
2023-03-22,2023-03-22 13:15:00,Trap,-1,4776.75,4803.0,56,True,True
2023-03-22,2023-03-22 13:45:00,Trap,1,4795.5,4759.25,62,True,True
2023-03-22,2023-03-22 14:00:00,BO,-1,4771.0,4810.75,65,False,False
2023-03-23,2023-03-23 11:00:00,Trap,-1,4764.0,4770.0,29,False,False
2023-03-23,2023-03-23 12:15:00,OB,-1,4742.75,4754.5,44,False,False
2023-03-23,2023-03-23 12:30:00,Trap,-1,4736.25,4746.5,47,False,False
2023-03-23,2023-03-23 13:25:00,Trap,-1,4722.0,4733.75,58,False,False
2023-03-23,2023-03-23 14:20:00,Trap,-1,4696.0,4717.75,69,False,False
2023-03-24,2023-03-24 09:30:00,Trap,1,4705.5,4683.0,11,False,False
2023-03-24,2023-03-24 12:50:00,IB,-1,4713.25,4725.5,51,False,False
2023-03-24,2023-03-24 13:35:00,Trap,1,4728.75,4720.25,60,False,False
2023-03-27,2023-03-27 11:05:00,Trap,1,4744.5,4737.25,30,True,True
2023-03-27,2023-03-27 11:20:00,IB,1,4747.0,4737.5,33,False,False
2023-03-27,2023-03-27 12:05:00,Trap,1,4749.75,4744.0,42,False,False
2023-03-27,2023-03-27 12:15:00,Trap,-1,4745.25,4751.25,44,False,False
2023-03-27,2023-03-27 12:25:00,Trap,1,4751.0,4742.0,46,True,True
2023-03-27,2023-03-27 12:55:00,Trap,-1,4751.25,4757.5,52,True,True
2023-03-27,2023-03-27 13:15:00,Trap,1,4751.5,4745.5,56,True,True
2023-03-27,2023-03-27 14:10:00,OB,-1,4756.5,4764.75,67,True,True
2023-03-27,2023-03-27 14:40:00,OB,-1,4753.25,4760.75,73,False,False
2023-03-28,2023-03-28 13:00:00,BO,-1,4719.25,4724.25,53,False,False
2023-03-28,2023-03-28 13:45:00,BO,1,4727.0,4721.0,62,False,False
2023-03-28,2023-03-28 14:20:00,Trap,-1,4730.0,4734.25,69,True,True
2023-03-28,2023-03-28 14:40:00,Trap,1,4731.75,4725.0,73,True,True
2023-03-28,2023-03-28 14:55:00,Trap,1,4736.25,4728.0,76,False,False
2023-03-29,2023-03-29 09:05:00,IB,1,4784.25,4778.0,6,False,False
2023-03-29,2023-03-29 10:10:00,IB,1,4775.0,4769.0,19,False,False
2023-03-29,2023-03-29 12:10:00,IB,1,4784.0,4776.75,43,True,True
2023-03-29,2023-03-29 12:40:00,BO,-1,4778.25,4786.5,49,False,False
2023-03-29,2023-03-29 14:50:00,OB,1,4796.75,4789.75,75,False,False
2023-03-30,2023-03-30 08:40:00,Trap,-1,4817.75,4822.5,1,True,True
2023-03-30,2023-03-30 11:10:00,Trap,1,4812.75,4808.0,31,True,True
2023-03-31,2023-03-31 10:20:00,BO,1,4846.5,4841.5,21,False,False
2023-03-31,2023-03-31 11:05:00,BO,1,4854.75,4849.5,30,False,False
2023-03-31,2023-03-31 11:40:00,IB,-1,4853.75,4858.75,37,False,False
2023-03-31,2023-03-31 12:35:00,BO,-1,4850.25,4854.5,48,False,False
2023-03-31,2023-03-31 13:05:00,OB,1,4855.5,4848.5,54,True,True
2023-03-31,2023-03-31 13:35:00,Trap,1,4854.5,4851.0,60,False,False
2023-03-31,2023-03-31 14:25:00,BO,1,4871.0,4860.25,70,False,False
2023-03-31,2023-03-31 15:00:00,OB,1,4875.0,4861.75,77,True,False
2023-04-03,2023-04-03 09:40:00,OB,-1,4884.5,4894.75,13,True,True
2023-04-03,2023-04-03 12:10:00,Trap,1,4875.75,4870.5,43,True,True
2023-04-03,2023-04-03 12:40:00,Trap,1,4875.5,4872.0,49,False,False
2023-04-03,2023-04-03 14:05:00,IB,1,4886.25,4883.25,66,False,False
2023-04-03,2023-04-03 14:30:00,OB,1,4889.5,4885.75,71,False,False
2023-04-03,2023-04-03 14:55:00,Trap,-1,4889.0,4892.25,76,False,False
2023-04-04,2023-04-04 08:45:00,BO,-1,4886.75,4898.0,2,False,False
2023-04-04,2023-04-04 09:25:00,BO,-1,4883.25,4898.25,10,False,False
2023-04-04,2023-04-04 12:20:00,Trap,1,4869.25,4862.75,45,False,False
2023-04-04,2023-04-04 13:25:00,BO,-1,4861.75,4869.75,58,False,False
2023-04-04,2023-04-04 13:40:00,Trap,1,4863.0,4857.0,61,True,True
2023-04-04,2023-04-04 14:30:00,OB,-1,4857.5,4865.25,71,True,True
2023-04-04,2023-04-04 14:55:00,Trap,1,4863.0,4854.75,76,False,False
2023-04-05,2023-04-05 08:35:00,IB,-1,4858.0,4869.0,0,True,True
2023-04-05,2023-04-05 10:45:00,Trap,-1,4846.25,4851.75,26,True,True
2023-04-05,2023-04-05 11:30:00,Trap,-1,4838.75,4844.5,35,False,False
2023-04-05,2023-04-05 11:40:00,Trap,1,4841.0,4836.25,37,True,True
2023-04-05,2023-04-05 13:00:00,BO,1,4849.0,4842.75,53,False,False
2023-04-05,2023-04-05 13:40:00,OB,1,4853.25,4847.75,61,False,False
2023-04-05,2023-04-05 14:10:00,BO,-1,4848.25,4853.75,67,False,False
2023-04-06,2023-04-06 08:40:00,BO,-1,4837.0,4854.75,1,False,False
2023-04-06,2023-04-06 09:05:00,OB,1,4841.0,4833.75,6,False,False
2023-04-06,2023-04-06 09:45:00,OB,-1,4840.25,4848.5,14,False,False
2023-04-06,2023-04-06 10:05:00,Trap,1,4845.0,4838.25,18,False,False
2023-04-06,2023-04-06 10:40:00,BO,1,4852.5,4847.0,25,False,False
2023-04-06,2023-04-06 14:35:00,BO,1,4868.25,4862.25,72,False,False
2023-04-06,2023-04-06 14:50:00,Trap,1,4868.25,4865.0,75,False,False
2023-04-10,2023-04-10 08:45:00,Trap,1,4843.75,4835.75,2,True,True
2023-04-10,2023-04-10 09:40:00,BO,1,4847.75,4839.5,13,False,False
2023-04-10,2023-04-10 10:25:00,Trap,-1,4849.0,4852.75,22,True,True
2023-04-10,2023-04-10 11:00:00,BO,-1,4846.75,4854.0,29,False,False
2023-04-10,2023-04-10 11:40:00,BO,1,4857.75,4845.0,37,False,False
2023-04-10,2023-04-10 12:25:00,Trap,-1,4861.75,4865.5,46,True,True
2023-04-10,2023-04-10 12:40:00,Trap,-1,4861.0,4865.25,49,False,False
2023-04-10,2023-04-10 12:50:00,Trap,1,4864.75,4859.0,51,True,False
2023-04-10,2023-04-10 13:55:00,IB,1,4865.0,4861.25,64,False,False
2023-04-10,2023-04-10 15:05:00,BO,1,4876.5,4866.75,78,False,False
2023-04-11,2023-04-11 09:40:00,OB,-1,4870.75,4877.25,13,True,False
2023-04-11,2023-04-11 11:40:00,Trap,-1,4876.25,4881.0,37,False,False
2023-04-11,2023-04-11 14:10:00,OB,-1,4884.0,4887.0,67,False,False
2023-04-11,2023-04-11 14:40:00,Trap,-1,4881.25,4887.75,73,False,False
2023-04-12,2023-04-12 09:40:00,OB,-1,4875.25,4894.0,13,False,False
2023-04-12,2023-04-12 10:50:00,BO,1,4877.25,4868.5,27,False,False
2023-04-13,2023-04-13 12:45:00,BO,1,4900.0,4893.0,50,False,False
2023-04-13,2023-04-13 13:45:00,OB,1,4909.75,4904.75,62,False,False
2023-04-14,2023-04-14 08:40:00,Trap,1,4915.0,4903.0,1,True,True
2023-04-14,2023-04-14 09:25:00,BO,-1,4897.0,4909.5,10,False,False
2023-04-14,2023-04-14 11:10:00,Trap,-1,4888.25,4893.25,31,False,False
2023-04-14,2023-04-14 11:45:00,BO,-1,4879.75,4886.25,38,False,False
2023-04-14,2023-04-14 12:05:00,Trap,1,4882.25,4876.0,42,False,False
2023-04-14,2023-04-14 12:30:00,BO,-1,4880.5,4890.0,47,False,False
2023-04-14,2023-04-14 13:50:00,Trap,1,4896.25,4891.25,63,False,False
2023-04-14,2023-04-14 14:25:00,Trap,1,4890.5,4881.25,70,True,True
2023-04-17,2023-04-17 08:40:00,Trap,1,4902.5,4896.5,1,True,False
2023-04-17,2023-04-17 08:50:00,Trap,-1,4899.5,4906.5,3,True,True
2023-04-17,2023-04-17 09:50:00,Trap,1,4899.25,4893.5,15,True,True
2023-04-17,2023-04-17 10:35:00,OB,-1,4892.25,4901.5,24,True,True
2023-04-17,2023-04-17 12:20:00,BO,1,4894.0,4888.5,45,False,False
2023-04-17,2023-04-17 13:00:00,BO,-1,4887.5,4893.5,53,False,False
2023-04-17,2023-04-17 14:05:00,BO,1,4903.75,4899.0,66,False,False
2023-04-18,2023-04-18 09:00:00,BO,-1,4921.0,4931.75,5,False,False
2023-04-18,2023-04-18 09:55:00,Trap,-1,4906.75,4912.25,16,False,False
2023-04-18,2023-04-18 10:35:00,BO,1,4910.0,4903.75,24,False,False
2023-04-18,2023-04-18 12:10:00,Trap,1,4916.0,4910.25,43,False,False
2023-04-18,2023-04-18 12:50:00,OB,1,4917.25,4913.25,51,False,False
2023-04-18,2023-04-18 13:50:00,BO,-1,4909.5,4919.0,63,False,False
2023-04-18,2023-04-18 15:05:00,Trap,-1,4914.0,4920.0,78,True,True
2023-04-19,2023-04-19 09:10:00,OB,1,4901.5,4895.25,7,False,False
2023-04-19,2023-04-19 09:45:00,BO,1,4908.5,4901.75,14,False,False
2023-04-19,2023-04-19 10:25:00,Trap,-1,4906.25,4909.25,22,True,True
2023-04-19,2023-04-19 11:00:00,BO,1,4910.5,4906.25,29,False,False
2023-04-19,2023-04-19 11:35:00,BO,1,4913.75,4910.0,36,False,False
2023-04-19,2023-04-19 12:10:00,OB,1,4916.5,4912.75,43,False,False
2023-04-19,2023-04-19 14:15:00,IB,1,4920.25,4916.25,68,False,False
2023-04-19,2023-04-19 14:50:00,OB,-1,4911.75,4918.25,75,False,False
2023-04-19,2023-04-19 15:00:00,Trap,1,4915.5,4909.5,77,True,True
2023-04-20,2023-04-20 08:55:00,Trap,-1,4889.5,4894.25,4,False,False
2023-04-20,2023-04-20 10:45:00,Trap,1,4895.25,4889.25,26,True,True
2023-04-20,2023-04-20 11:05:00,OB,-1,4892.0,4897.5,30,True,True
2023-04-20,2023-04-20 12:15:00,BO,1,4907.0,4902.5,44,False,False
2023-04-20,2023-04-20 13:05:00,BO,-1,4902.0,4908.75,54,False,False
2023-04-21,2023-04-21 09:00:00,BO,-1,4880.0,4893.25,5,False,False
2023-04-21,2023-04-21 09:15:00,BO,1,4885.25,4874.75,8,False,False
2023-04-21,2023-04-21 11:00:00,Trap,1,4888.25,4878.75,29,True,True
2023-04-21,2023-04-21 12:10:00,OB,1,4890.5,4886.0,43,False,False
2023-04-21,2023-04-21 12:20:00,OB,-1,4885.0,4891.0,45,True,True
2023-04-21,2023-04-21 12:45:00,BO,1,4892.0,4885.75,50,False,False
2023-04-21,2023-04-21 13:05:00,OB,1,4896.0,4891.25,54,False,False
2023-04-21,2023-04-21 14:45:00,Trap,-1,4887.75,4891.25,74,False,False
2023-04-21,2023-04-21 14:55:00,Trap,1,4891.75,4886.0,76,False,False
2023-04-24,2023-04-24 09:40:00,OB,-1,4889.5,4901.25,13,True,True
2023-04-24,2023-04-24 10:30:00,Trap,-1,4882.5,4886.25,23,False,False
2023-04-24,2023-04-24 10:45:00,IB,-1,4879.75,4885.5,26,False,False
2023-04-24,2023-04-24 11:25:00,OB,1,4883.25,4876.0,34,True,True
2023-04-24,2023-04-24 12:30:00,IB,1,4887.75,4884.25,47,False,False
2023-04-24,2023-04-24 13:25:00,Trap,-1,4889.75,4894.0,58,False,False
2023-04-25,2023-04-25 11:45:00,Trap,1,4858.75,4854.75,38,True,True
2023-04-25,2023-04-25 11:55:00,IB,-1,4854.25,4859.5,40,False,False
2023-04-25,2023-04-25 12:05:00,Trap,1,4857.0,4853.5,42,True,True
2023-04-25,2023-04-25 12:15:00,OB,-1,4847.75,4858.25,44,False,False
2023-04-25,2023-04-25 13:30:00,Trap,1,4841.0,4834.5,59,True,True
2023-04-25,2023-04-25 14:30:00,Trap,-1,4838.0,4843.5,71,True,True
2023-04-26,2023-04-26 09:35:00,Trap,1,4826.5,4818.25,12,True,True
2023-04-26,2023-04-26 11:35:00,IB,-1,4836.0,4841.5,36,False,False
2023-04-26,2023-04-26 12:35:00,Trap,1,4832.5,4829.0,48,True,True
2023-04-26,2023-04-26 13:40:00,OB,-1,4814.25,4821.5,61,False,False
2023-04-26,2023-04-26 14:15:00,Trap,1,4813.0,4808.0,68,True,True
2023-04-27,2023-04-27 08:55:00,Trap,1,4844.0,4835.0,4,False,False
2023-04-27,2023-04-27 10:00:00,BO,-1,4844.0,4851.5,17,False,False
2023-04-27,2023-04-27 12:05:00,Trap,1,4865.5,4862.75,42,False,False
2023-04-27,2023-04-27 13:20:00,IB,1,4882.75,4875.75,57,False,False
2023-04-27,2023-04-27 14:15:00,IB,-1,4890.0,4894.25,68,False,False
2023-04-27,2023-04-27 14:50:00,OB,1,4892.25,4888.75,75,False,False
2023-04-28,2023-04-28 09:10:00,OB,1,4905.5,4890.0,7,False,False
2023-04-28,2023-04-28 09:50:00,IB,1,4912.75,4900.0,15,False,False
2023-04-28,2023-04-28 10:05:00,BO,-1,4892.75,4914.75,18,False,False
2023-04-28,2023-04-28 10:50:00,OB,1,4912.75,4904.5,27,False,False
2023-04-28,2023-04-28 11:30:00,Trap,1,4916.75,4910.75,35,False,False
2023-04-28,2023-04-28 13:05:00,Trap,1,4921.75,4912.75,54,True,True
2023-04-28,2023-04-28 13:15:00,IB,-1,4915.75,4922.25,56,False,False
2023-04-28,2023-04-28 14:00:00,BO,1,4915.25,4908.25,65,False,False
2023-04-28,2023-04-28 15:00:00,OB,1,4926.5,4915.5,77,False,False
2023-05-01,2023-05-01 08:40:00,Trap,1,4928.5,4921.0,1,False,False
2023-05-01,2023-05-01 13:45:00,Trap,1,4926.0,4921.0,62,True,True
2023-05-01,2023-05-01 14:50:00,Trap,1,4925.75,4919.25,75,True,True
2023-05-01,2023-05-01 15:00:00,Trap,-1,4921.75,4927.75,77,True,True
2023-05-02,2023-05-02 09:10:00,OB,-1,4893.25,4906.5,7,False,False
2023-05-02,2023-05-02 13:05:00,BO,-1,4870.0,4877.75,54,False,False
2023-05-02,2023-05-02 14:15:00,IB,1,4879.75,4871.25,68,False,False
2023-05-03,2023-05-03 09:05:00,IB,-1,4885.5,4891.5,6,False,False
2023-05-03,2023-05-03 11:30:00,OB,1,4882.5,4875.25,35,False,False
2023-05-04,2023-05-04 08:45:00,OB,-1,4814.0,4835.25,2,False,False
2023-05-04,2023-05-04 08:55:00,Trap,1,4820.75,4810.75,4,True,True
2023-05-04,2023-05-04 10:50:00,Trap,-1,4807.5,4814.75,27,False,False
2023-05-04,2023-05-04 13:25:00,Trap,-1,4818.25,4824.5,58,False,False
2023-05-04,2023-05-04 14:15:00,Trap,-1,4813.25,4825.0,68,True,True
2023-05-04,2023-05-04 14:45:00,Trap,-1,4814.25,4825.25,74,True,True
2023-05-05,2023-05-05 10:30:00,IB,1,4875.75,4869.0,23,False,False
2023-05-05,2023-05-05 12:00:00,BO,1,4873.5,4864.25,41,False,False
2023-05-05,2023-05-05 12:30:00,BO,1,4877.5,4873.75,47,False,False
2023-05-05,2023-05-05 13:05:00,Trap,1,4883.5,4879.0,54,False,False
2023-05-05,2023-05-05 13:15:00,Trap,-1,4882.25,4884.75,56,True,True
2023-05-05,2023-05-05 13:30:00,OB,1,4887.75,4880.75,59,False,False
2023-05-05,2023-05-05 14:20:00,OB,-1,4893.0,4898.0,69,False,False
2023-05-05,2023-05-05 14:40:00,OB,-1,4891.5,4895.0,73,False,False
2023-05-05,2023-05-05 14:55:00,BO,-1,4888.25,4893.25,76,False,False
2023-05-08,2023-05-08 08:50:00,IB,-1,4883.5,4891.25,3,False,False
2023-05-08,2023-05-08 10:30:00,BO,-1,4883.0,4887.75,23,False,False
2023-05-08,2023-05-08 10:50:00,OB,1,4887.0,4882.5,27,False,False
2023-05-08,2023-05-08 14:30:00,IB,-1,4887.75,4890.75,71,False,False
2023-05-09,2023-05-09 09:10:00,Trap,-1,4871.5,4879.75,7,False,False
2023-05-09,2023-05-09 12:00:00,BO,1,4874.75,4870.5,41,False,False
2023-05-09,2023-05-09 12:55:00,OB,1,4878.5,4873.5,52,False,False
2023-05-09,2023-05-09 14:45:00,Trap,-1,4873.75,4878.25,74,False,False
2023-05-09,2023-05-09 15:00:00,IB,-1,4871.5,4875.5,77,False,False
2023-05-10,2023-05-10 08:45:00,BO,-1,4884.0,4906.5,2,False,False
2023-05-10,2023-05-10 09:05:00,OB,1,4894.75,4876.0,6,False,False
2023-05-10,2023-05-10 11:00:00,OB,-1,4877.5,4882.5,29,False,False
2023-05-10,2023-05-10 12:25:00,IB,-1,4856.25,4866.5,46,False,False
2023-05-10,2023-05-10 12:50:00,IB,1,4858.5,4849.25,51,False,False
2023-05-10,2023-05-10 14:25:00,OB,1,4893.5,4881.0,70,False,False
2023-05-10,2023-05-10 15:05:00,Trap,1,4892.5,4887.0,78,True,False
2023-05-11,2023-05-11 08:45:00,Trap,1,4872.75,4865.25,2,True,True
2023-05-11,2023-05-11 09:50:00,Trap,1,4870.25,4859.75,15,False,False
2023-05-11,2023-05-11 10:40:00,Trap,-1,4872.75,4878.5,25,True,True
2023-05-11,2023-05-11 12:40:00,OB,1,4877.5,4871.25,49,True,True
2023-05-11,2023-05-11 12:50:00,BO,-1,4863.5,4877.75,51,False,False
2023-05-11,2023-05-11 13:00:00,Trap,1,4872.25,4861.5,53,True,True
2023-05-11,2023-05-11 14:20:00,IB,-1,4877.75,4882.5,69,False,False
2023-05-11,2023-05-11 14:40:00,IB,-1,4875.5,4880.0,73,False,False
2023-05-12,2023-05-12 09:05:00,Trap,-1,4879.25,4892.0,6,False,False
2023-05-12,2023-05-12 09:55:00,OB,-1,4871.5,4876.25,16,False,False
2023-05-12,2023-05-12 10:05:00,IB,1,4875.5,4870.5,18,False,False
2023-05-12,2023-05-12 10:15:00,Trap,-1,4872.0,4878.75,20,True,False
2023-05-12,2023-05-12 12:35:00,Trap,-1,4859.25,4865.5,48,True,True
2023-05-15,2023-05-15 09:25:00,OB,1,4867.0,4860.0,10,True,True
2023-05-15,2023-05-15 11:50:00,BO,1,4881.75,4877.0,39,False,False
2023-05-15,2023-05-15 12:55:00,IB,1,4879.5,4873.5,52,False,False
2023-05-15,2023-05-15 13:55:00,Trap,-1,4882.5,4886.0,64,True,True
2023-05-16,2023-05-16 08:55:00,Trap,-1,4873.25,4885.75,4,False,False
2023-05-16,2023-05-16 09:15:00,OB,-1,4865.75,4878.5,8,False,False
2023-05-16,2023-05-16 10:40:00,OB,-1,4869.0,4877.0,25,True,True
2023-05-16,2023-05-16 10:50:00,IB,1,4874.5,4867.25,27,True,True
2023-05-16,2023-05-16 11:50:00,Trap,-1,4875.5,4880.75,39,True,True
2023-05-16,2023-05-16 12:20:00,IB,-1,4875.5,4878.75,45,False,False
2023-05-16,2023-05-16 15:10:00,Trap,1,4863.5,4857.0,79,True,True
2023-05-17,2023-05-17 08:55:00,BO,-1,4866.5,4877.75,4,False,False
2023-05-17,2023-05-17 09:10:00,Trap,1,4868.75,4862.75,7,True,False
2023-05-17,2023-05-17 10:25:00,Trap,-1,4873.0,4885.25,22,True,True
2023-05-17,2023-05-17 11:30:00,BO,1,4885.5,4881.0,35,False,False
2023-05-17,2023-05-17 12:25:00,Trap,1,4908.25,4903.0,46,False,False
2023-05-17,2023-05-17 12:50:00,BO,1,4914.25,4908.5,51,False,False
2023-05-17,2023-05-17 13:10:00,OB,-1,4909.0,4915.5,55,False,False
2023-05-17,2023-05-17 13:35:00,OB,-1,4905.75,4912.5,60,False,False
2023-05-17,2023-05-17 14:45:00,Trap,1,4906.5,4901.75,74,True,True
2023-05-18,2023-05-18 09:25:00,OB,1,4923.25,4911.0,10,False,False
2023-05-18,2023-05-18 10:50:00,OB,1,4934.25,4926.75,27,False,False
2023-05-18,2023-05-18 13:20:00,IB,1,4918.0,4910.75,57,False,False
2023-05-19,2023-05-19 08:35:00,IB,1,4957.75,4948.0,0,False,False
2023-05-19,2023-05-19 10:15:00,BO,-1,4951.0,4961.0,20,False,False
2023-05-19,2023-05-19 13:40:00,Trap,1,4937.0,4932.0,61,False,False
2023-05-19,2023-05-19 14:10:00,OB,-1,4939.25,4942.75,67,True,True
2023-05-19,2023-05-19 14:40:00,Trap,1,4940.5,4935.25,73,True,False
2023-05-22,2023-05-22 08:40:00,BO,1,4955.5,4937.75,1,False,False
2023-05-22,2023-05-22 09:00:00,Trap,-1,4945.5,4953.0,5,False,False
2023-05-22,2023-05-22 10:55:00,Trap,1,4946.75,4941.5,28,True,True
2023-05-22,2023-05-22 14:10:00,Trap,-1,4950.5,4954.5,67,False,False
2023-05-23,2023-05-23 08:50:00,BO,1,4931.75,4923.75,3,False,False
2023-05-23,2023-05-23 12:35:00,BO,-1,4906.5,4922.5,48,False,False
2023-05-23,2023-05-23 13:15:00,Trap,-1,4907.25,4916.25,56,True,False
2023-05-23,2023-05-23 14:55:00,Trap,-1,4897.5,4904.5,76,True,True
2023-05-24,2023-05-24 09:25:00,Trap,-1,4856.25,4865.0,10,False,False
2023-05-24,2023-05-24 10:25:00,BO,1,4866.5,4855.75,22,False,False
2023-05-24,2023-05-24 10:35:00,Trap,-1,4862.5,4871.75,24,True,True
2023-05-24,2023-05-24 14:15:00,BO,1,4861.25,4854.0,68,False,False
2023-05-25,2023-05-25 08:40:00,Trap,-1,4877.5,4898.75,1,True,True
2023-05-25,2023-05-25 10:35:00,IB,-1,4882.75,4890.0,24,False,False
2023-05-25,2023-05-25 13:10:00,Trap,-1,4899.5,4912.5,55,True,True
2023-05-25,2023-05-25 13:50:00,BO,-1,4890.25,4896.5,63,False,False
2023-05-25,2023-05-25 14:55:00,OB,-1,4898.25,4907.25,76,False,False
2023-05-26,2023-05-26 08:40:00,BO,1,4914.25,4896.0,1,False,False
2023-05-26,2023-05-26 10:25:00,IB,-1,4935.0,4940.5,22,False,False
2023-05-26,2023-05-26 11:30:00,BO,1,4948.75,4941.5,35,False,False
2023-05-26,2023-05-26 12:35:00,Trap,1,4949.0,4945.0,48,False,False
2023-05-26,2023-05-26 13:10:00,OB,-1,4941.5,4947.75,55,False,False
2023-05-26,2023-05-26 13:20:00,BO,1,4946.0,4941.0,57,False,False
2023-05-26,2023-05-26 14:25:00,IB,-1,4953.5,4958.25,70,False,False
2023-05-29,2023-05-29 09:20:00,OB,1,4959.5,4958.25,9,False,False
2023-05-29,2023-05-29 10:30:00,Trap,1,4963.5,4961.75,23,False,False
2023-05-29,2023-05-29 12:00:00,Trap,-1,4961.75,4963.5,41,True,True
2023-05-30,2023-05-30 08:45:00,BO,-1,4967.25,4975.5,44,False,False
2023-05-30,2023-05-30 10:25:00,BO,-1,4947.75,4958.75,64,False,False
2023-05-30,2023-05-30 11:10:00,OB,-1,4952.75,4957.5,73,False,False
2023-05-30,2023-05-30 12:30:00,IB,-1,4944.0,4952.25,89,False,False
2023-05-30,2023-05-30 13:20:00,BO,1,4944.5,4937.0,99,False,False
2023-05-31,2023-05-31 11:50:00,BO,1,4921.0,4915.25,39,False,False
2023-05-31,2023-05-31 12:30:00,Trap,1,4925.0,4919.25,47,False,False
2023-05-31,2023-05-31 12:50:00,Trap,-1,4927.0,4933.75,51,True,True
2023-05-31,2023-05-31 14:55:00,Trap,-1,4929.25,4940.5,76,True,True
2023-06-01,2023-06-01 14:25:00,OB,-1,4969.75,4976.75,70,True,True
2023-06-01,2023-06-01 14:50:00,Trap,1,4964.75,4956.0,75,True,True
2023-06-02,2023-06-02 08:50:00,Trap,-1,5000.75,5010.75,3,True,True
2023-06-02,2023-06-02 11:00:00,Trap,1,5021.25,5014.75,29,True,True
2023-06-02,2023-06-02 12:25:00,BO,1,5029.75,5023.75,46,False,False
2023-06-02,2023-06-02 13:10:00,Trap,-1,5024.5,5030.25,55,False,False
2023-06-02,2023-06-02 13:25:00,Trap,1,5027.25,5022.25,58,False,False
2023-06-02,2023-06-02 14:05:00,Trap,1,5033.0,5027.75,66,False,False
2023-06-05,2023-06-05 08:40:00,BO,1,5034.5,5025.25,1,False,False
2023-06-05,2023-06-05 08:55:00,IB,-1,5029.25,5038.25,4,True,True
2023-06-05,2023-06-05 09:10:00,Trap,-1,5028.25,5041.25,7,True,True
2023-06-05,2023-06-05 10:40:00,Trap,-1,5034.75,5037.75,25,True,True
2023-06-05,2023-06-05 11:05:00,OB,-1,5032.0,5038.25,30,True,True
2023-06-05,2023-06-05 11:15:00,IB,1,5040.0,5031.5,32,False,False
2023-06-05,2023-06-05 13:10:00,IB,-1,5027.5,5032.25,55,False,False
2023-06-06,2023-06-06 08:45:00,Trap,1,5010.25,5005.5,2,True,True
2023-06-06,2023-06-06 09:50:00,BO,1,5028.75,5018.5,15,False,False
2023-06-06,2023-06-06 11:10:00,Trap,-1,5025.25,5030.75,31,True,True
2023-06-06,2023-06-06 12:10:00,IB,1,5020.25,5013.0,43,False,False
2023-06-06,2023-06-06 13:15:00,BO,1,5017.5,5011.5,56,False,False
2023-06-06,2023-06-06 14:40:00,Trap,-1,5023.25,5028.5,73,True,True
2023-06-07,2023-06-07 08:40:00,OB,1,5038.0,5028.75,1,False,False
2023-06-07,2023-06-07 10:35:00,BO,1,5026.25,5018.25,24,False,False
2023-06-07,2023-06-07 10:45:00,BO,-1,5018.5,5027.5,26,False,False
2023-06-07,2023-06-07 11:35:00,Trap,1,5018.0,5011.75,36,True,True
2023-06-07,2023-06-07 11:55:00,OB,-1,5013.0,5020.75,40,True,True
2023-06-07,2023-06-07 12:20:00,Trap,-1,5009.25,5017.25,45,False,False
2023-06-07,2023-06-07 12:35:00,Trap,-1,5008.25,5013.75,48,False,False
2023-06-07,2023-06-07 14:40:00,Trap,-1,5009.75,5016.75,73,False,False
2023-06-08,2023-06-08 11:20:00,IB,1,5027.5,5022.75,33,False,False
2023-06-08,2023-06-08 12:55:00,Trap,1,5023.75,5020.5,52,True,True
2023-06-08,2023-06-08 13:20:00,Trap,1,5029.5,5023.5,57,False,False
2023-06-08,2023-06-08 14:20:00,Trap,-1,5032.25,5035.75,69,True,True
2023-06-08,2023-06-08 14:45:00,IB,1,5036.5,5031.5,74,False,False
2023-06-09,2023-06-09 10:00:00,Trap,1,5053.5,5047.5,17,True,True
2023-06-09,2023-06-09 10:25:00,OB,-1,5049.5,5059.0,22,False,False
2023-06-09,2023-06-09 11:30:00,BO,-1,5034.75,5042.0,35,False,False
2023-06-09,2023-06-09 12:20:00,IB,-1,5039.75,5043.5,45,True,True
2023-06-09,2023-06-09 12:30:00,Trap,1,5044.25,5039.0,47,False,False
2023-06-09,2023-06-09 13:00:00,Trap,1,5048.5,5044.0,53,False,False
2023-06-09,2023-06-09 13:25:00,Trap,1,5050.0,5044.75,58,False,False
2023-06-09,2023-06-09 14:05:00,BO,1,5046.75,5042.0,66,False,False
2023-06-12,2023-06-12 09:10:00,BO,-1,5047.75,5053.25,7,False,False
2023-06-12,2023-06-12 12:30:00,Trap,-1,5056.0,5058.0,47,False,False
2023-06-12,2023-06-12 12:45:00,IB,1,5058.0,5054.5,50,False,False
2023-06-12,2023-06-12 13:50:00,IB,1,5064.0,5060.0,63,False,False
2023-06-13,2023-06-13 08:35:00,BO,1,5101.0,5077.75,0,False,False
2023-06-13,2023-06-13 08:50:00,Trap,-1,5104.0,5115.0,3,True,True
2023-06-13,2023-06-13 10:15:00,OB,1,5111.25,5100.25,20,False,False
2023-06-13,2023-06-13 12:00:00,IB,1,5112.75,5108.75,41,False,False
2023-06-13,2023-06-13 12:20:00,Trap,1,5112.0,5107.25,45,True,False
2023-06-13,2023-06-13 13:10:00,IB,-1,5107.75,5113.5,55,False,False
2023-06-13,2023-06-13 13:30:00,Trap,-1,5101.0,5109.0,59,False,False
2023-06-13,2023-06-13 15:00:00,OB,1,5109.5,5103.75,77,False,False
2023-06-14,2023-06-14 09:05:00,Trap,1,5119.5,5114.25,6,False,False
2023-06-14,2023-06-14 10:15:00,IB,1,5126.0,5119.5,20,False,False
2023-06-14,2023-06-14 13:45:00,BO,1,5106.25,5080.5,62,False,False
2023-06-14,2023-06-14 14:10:00,BO,1,5121.25,5102.75,67,False,False
2023-06-14,2023-06-14 14:25:00,Trap,1,5111.25,5098.0,70,False,False
2023-06-14,2023-06-14 15:00:00,Trap,1,5112.75,5092.0,77,True,True
2023-06-15,2023-06-15 09:40:00,BO,-1,5124.25,5135.5,13,False,False
2023-06-15,2023-06-15 09:50:00,BO,1,5134.25,5122.5,15,False,False
2023-06-15,2023-06-15 10:30:00,IB,1,5146.5,5137.25,23,False,False
2023-06-15,2023-06-15 10:50:00,Trap,-1,5141.75,5150.75,27,True,True
2023-06-15,2023-06-15 11:25:00,IB,1,5148.5,5143.0,34,False,False
2023-06-15,2023-06-15 12:10:00,OB,-1,5142.5,5148.25,43,False,False
2023-06-15,2023-06-15 12:25:00,Trap,1,5145.5,5140.25,46,True,True
2023-06-15,2023-06-15 13:30:00,OB,1,5158.25,5152.25,59,False,False
2023-06-16,2023-06-16 08:40:00,Trap,-1,5174.0,5186.75,1,True,True
2023-06-16,2023-06-16 09:05:00,IB,1,5172.75,5163.75,6,False,False
2023-06-16,2023-06-16 09:30:00,BO,1,5179.25,5167.5,11,False,False
2023-06-16,2023-06-16 09:45:00,BO,-1,5166.75,5179.0,14,False,False
2023-06-16,2023-06-16 10:25:00,BO,-1,5164.75,5175.25,22,False,False
2023-06-16,2023-06-16 11:55:00,OB,1,5178.25,5172.0,40,False,False
2023-06-16,2023-06-16 14:15:00,IB,-1,5148.75,5157.0,68,False,False
2023-06-16,2023-06-16 14:25:00,Trap,1,5154.25,5148.25,70,True,True
2023-06-16,2023-06-16 15:05:00,Trap,1,5154.0,5144.25,78,True,True
2023-06-19,2023-06-19 09:25:00,IB,1,5139.25,5136.25,10,False,False
2023-06-19,2023-06-19 09:35:00,Trap,-1,5137.75,5140.25,12,True,True
2023-06-19,2023-06-19 10:20:00,OB,1,5139.5,5137.75,21,False,False
2023-06-19,2023-06-19 10:40:00,Trap,1,5139.75,5138.0,25,False,False
2023-06-20,2023-06-20 09:00:00,BO,-1,5126.5,5134.75,47,False,False
2023-06-20,2023-06-20 09:20:00,OB,-1,5115.25,5128.0,51,False,False
2023-06-20,2023-06-20 10:05:00,Trap,1,5114.5,5108.0,60,False,False
2023-06-20,2023-06-20 10:35:00,Trap,1,5114.25,5110.5,66,False,False
2023-06-20,2023-06-20 11:00:00,IB,-1,5114.25,5118.0,71,True,True
2023-06-20,2023-06-20 13:00:00,BO,-1,5128.5,5135.75,95,False,False
2023-06-20,2023-06-20 13:40:00,OB,-1,5131.0,5134.5,103,True,False
2023-06-20,2023-06-20 14:45:00,Trap,1,5130.75,5125.5,116,True,True
2023-06-21,2023-06-21 10:00:00,Trap,1,5106.25,5096.75,17,True,True
2023-06-21,2023-06-21 10:10:00,Trap,-1,5099.75,5109.0,19,False,False
2023-06-21,2023-06-21 10:30:00,OB,1,5106.75,5097.5,23,False,False
2023-06-21,2023-06-21 11:50:00,Trap,-1,5106.75,5114.0,39,False,False
2023-06-21,2023-06-21 12:10:00,Trap,1,5109.0,5101.75,43,True,True
2023-06-21,2023-06-21 13:20:00,OB,1,5118.0,5111.25,57,False,False
2023-06-21,2023-06-21 14:05:00,IB,-1,5113.75,5121.75,66,False,False
2023-06-21,2023-06-21 14:45:00,Trap,1,5106.75,5100.5,74,True,True
2023-06-21,2023-06-21 15:00:00,Trap,-1,5102.75,5110.75,77,False,False
2023-06-22,2023-06-22 09:40:00,Trap,-1,5102.0,5110.5,13,False,False
2023-06-22,2023-06-22 10:40:00,BO,1,5104.5,5098.75,25,False,False
2023-06-22,2023-06-22 12:45:00,Trap,1,5106.0,5099.5,50,False,False
2023-06-22,2023-06-22 13:30:00,Trap,1,5111.25,5106.5,59,False,False
2023-06-22,2023-06-22 14:00:00,IB,1,5115.75,5109.75,65,False,False
2023-06-22,2023-06-22 14:40:00,Trap,1,5111.75,5104.75,73,True,True
2023-06-22,2023-06-22 15:00:00,OB,1,5117.0,5111.0,77,False,False
2023-06-23,2023-06-23 09:55:00,BO,-1,5084.0,5093.0,16,False,False
2023-06-23,2023-06-23 13:05:00,BO,-1,5095.0,5099.25,54,False,False
2023-06-23,2023-06-23 13:45:00,BO,-1,5083.5,5091.0,62,False,False
2023-06-23,2023-06-23 14:10:00,Trap,1,5082.5,5074.75,67,True,True
2023-06-23,2023-06-23 14:35:00,Trap,1,5083.75,5081.0,72,False,False
2023-06-26,2023-06-26 09:40:00,BO,-1,5078.5,5091.25,13,False,False
2023-06-26,2023-06-26 09:50:00,Trap,1,5084.5,5073.25,15,True,True
2023-06-26,2023-06-26 10:45:00,Trap,-1,5075.0,5079.75,26,False,False
2023-06-26,2023-06-26 11:10:00,OB,-1,5071.0,5082.5,31,True,True
2023-06-26,2023-06-26 13:35:00,OB,1,5075.0,5067.0,60,True,True
2023-06-26,2023-06-26 14:45:00,IB,-1,5071.75,5078.25,74,False,False
2023-06-27,2023-06-27 08:40:00,BO,1,5079.25,5066.25,1,False,False
2023-06-27,2023-06-27 08:50:00,IB,-1,5074.5,5082.25,3,False,False
2023-06-27,2023-06-27 11:30:00,IB,1,5095.75,5090.25,35,False,False
2023-06-27,2023-06-27 12:00:00,Trap,-1,5100.5,5103.0,41,True,True
2023-06-27,2023-06-27 12:20:00,BO,1,5103.25,5097.25,45,False,False
2023-06-27,2023-06-27 13:40:00,Trap,-1,5113.5,5116.25,61,True,True
2023-06-27,2023-06-27 14:30:00,Trap,1,5117.5,5112.25,71,False,False
2023-06-27,2023-06-27 15:00:00,BO,-1,5111.25,5117.25,77,False,False
2023-06-28,2023-06-28 11:30:00,BO,-1,5114.25,5123.5,35,False,False
2023-06-28,2023-06-28 13:00:00,Trap,1,5102.5,5099.0,53,True,False
2023-06-28,2023-06-28 14:15:00,Trap,1,5103.75,5094.75,68,True,True
2023-06-28,2023-06-28 15:05:00,BO,1,5116.25,5101.5,78,False,False
2023-06-29,2023-06-29 08:40:00,Trap,1,5116.25,5103.0,1,False,False
2023-06-29,2023-06-29 13:05:00,OB,-1,5114.5,5124.25,54,False,False
2023-06-29,2023-06-29 14:40:00,Trap,-1,5121.75,5126.5,73,True,True
2023-06-30,2023-06-30 09:40:00,Trap,-1,5174.0,5180.75,13,True,True
2023-06-30,2023-06-30 11:55:00,BO,1,5181.75,5178.0,40,False,False
2023-06-30,2023-06-30 13:30:00,Trap,1,5188.75,5184.5,59,False,False
2023-06-30,2023-06-30 14:15:00,Trap,1,5188.25,5184.0,68,True,True
2023-06-30,2023-06-30 14:30:00,Trap,1,5188.25,5184.5,71,False,False
2023-06-30,2023-06-30 14:55:00,Trap,1,5191.25,5184.5,76,True,False
2023-06-30,2023-06-30 15:05:00,OB,-1,5177.5,5191.25,78,True,True
2023-07-03,2023-07-03 10:10:00,IB,1,5181.5,5177.0,19,False,False
2023-07-03,2023-07-03 12:05:00,IB,-1,5183.5,5187.25,42,True,True
2023-07-04,2023-07-04 10:05:00,IB,1,5183.5,5182.5,18,False,False
2023-07-04,2023-07-04 10:25:00,IB,1,5183.5,5182.75,22,False,False
2023-07-04,2023-07-04 10:55:00,Trap,-1,5183.5,5184.5,28,True,True
2023-07-05,2023-07-05 09:45:00,Trap,-1,5181.0,5184.0,56,True,True
2023-07-05,2023-07-05 12:25:00,IB,1,5178.75,5175.5,88,False,False
2023-07-05,2023-07-05 13:20:00,IB,-1,5172.0,5180.5,99,False,False
2023-07-05,2023-07-05 14:40:00,BO,-1,5180.75,5183.25,115,False,False
2023-07-05,2023-07-05 15:00:00,BO,-1,5176.75,5181.5,119,False,False
2023-07-06,2023-07-06 10:30:00,Trap,1,5115.75,5112.75,23,True,True
2023-07-06,2023-07-06 12:35:00,OB,-1,5134.25,5138.25,48,True,True
2023-07-06,2023-07-06 14:15:00,BO,-1,5139.5,5143.75,68,False,False
2023-07-06,2023-07-06 14:25:00,Trap,1,5141.5,5138.75,70,False,False
2023-07-07,2023-07-07 08:50:00,IB,1,5140.0,5129.25,3,False,False
2023-07-07,2023-07-07 09:35:00,BO,-1,5131.25,5140.0,12,False,False
2023-07-07,2023-07-07 10:40:00,OB,1,5144.25,5141.5,25,False,False
2023-07-07,2023-07-07 11:05:00,BO,1,5148.5,5141.0,30,False,False
2023-07-07,2023-07-07 12:00:00,IB,1,5165.25,5160.75,41,False,False
2023-07-07,2023-07-07 12:40:00,OB,-1,5164.75,5169.25,49,True,True
2023-07-07,2023-07-07 13:40:00,OB,-1,5156.0,5161.25,61,False,False
2023-07-07,2023-07-07 14:10:00,OB,-1,5152.5,5155.25,67,False,False
2023-07-07,2023-07-07 14:45:00,OB,-1,5137.75,5148.0,74,False,False
2023-07-10,2023-07-10 09:35:00,OB,-1,5130.25,5140.0,12,True,True
2023-07-10,2023-07-10 10:30:00,IB,1,5128.75,5122.5,23,False,False
2023-07-10,2023-07-10 10:45:00,Trap,-1,5126.0,5132.5,26,True,True
2023-07-10,2023-07-10 11:05:00,Trap,-1,5121.75,5129.5,30,False,False
2023-07-10,2023-07-10 12:45:00,Trap,1,5133.0,5129.75,50,False,False
2023-07-10,2023-07-10 13:55:00,Trap,1,5133.25,5129.0,64,False,False
2023-07-10,2023-07-10 14:10:00,OB,-1,5131.25,5135.0,67,False,False
2023-07-10,2023-07-10 15:00:00,OB,1,5138.75,5128.0,77,True,True
2023-07-11,2023-07-11 08:40:00,BO,1,5150.75,5139.75,1,False,False
2023-07-11,2023-07-11 10:55:00,BO,1,5152.75,5145.75,28,False,False
2023-07-11,2023-07-11 12:15:00,OB,-1,5150.0,5154.75,44,True,False
2023-07-11,2023-07-11 13:15:00,IB,-1,5148.75,5152.75,56,True,True
2023-07-11,2023-07-11 13:45:00,Trap,1,5150.25,5144.75,62,False,False
2023-07-11,2023-07-11 14:45:00,BO,1,5161.0,5153.25,74,False,False
2023-07-12,2023-07-12 08:50:00,Trap,1,5210.0,5200.0,3,False,False
2023-07-12,2023-07-12 09:45:00,Trap,1,5215.0,5211.5,14,False,False
2023-07-12,2023-07-12 09:55:00,IB,-1,5212.5,5217.0,16,False,False
2023-07-12,2023-07-12 10:35:00,BO,-1,5206.5,5212.75,24,False,False
2023-07-12,2023-07-12 11:15:00,IB,1,5198.0,5190.25,32,False,False
2023-07-12,2023-07-12 12:00:00,Trap,-1,5200.0,5203.5,41,True,True
2023-07-12,2023-07-12 14:25:00,Trap,-1,5196.0,5205.5,70,False,False
2023-07-12,2023-07-12 14:35:00,Trap,1,5201.5,5193.25,72,True,True
2023-07-13,2023-07-13 10:15:00,BO,-1,5219.75,5225.75,20,False,False
2023-07-13,2023-07-13 12:10:00,IB,-1,5223.0,5227.75,43,False,False
2023-07-13,2023-07-13 13:10:00,IB,1,5230.5,5226.75,55,True,False
2023-07-13,2023-07-13 13:50:00,Trap,1,5232.5,5229.0,63,False,False
2023-07-13,2023-07-13 14:05:00,IB,1,5235.25,5231.0,66,False,False
2023-07-13,2023-07-13 14:45:00,OB,1,5244.5,5237.0,74,False,False
2023-07-13,2023-07-13 14:55:00,IB,-1,5239.5,5244.75,76,True,True
2023-07-14,2023-07-14 08:40:00,BO,1,5249.5,5233.5,1,False,False
2023-07-14,2023-07-14 09:50:00,IB,-1,5236.0,5244.0,15,False,False
2023-07-14,2023-07-14 12:15:00,Trap,1,5236.0,5231.5,44,True,True
2023-07-14,2023-07-14 13:25:00,OB,-1,5237.5,5242.5,58,True,True
2023-07-14,2023-07-14 13:55:00,Trap,1,5236.5,5232.25,64,False,False
2023-07-14,2023-07-14 14:05:00,BO,-1,5228.25,5237.75,66,False,False
2023-07-14,2023-07-14 14:50:00,OB,-1,5226.5,5231.25,75,False,False
2023-07-17,2023-07-17 09:50:00,IB,1,5240.0,5235.75,15,False,False
2023-07-17,2023-07-17 11:20:00,Trap,-1,5242.75,5246.0,33,False,False
2023-07-17,2023-07-17 12:50:00,OB,1,5247.5,5243.25,51,False,False
2023-07-17,2023-07-17 13:35:00,IB,-1,5248.25,5250.5,60,True,True
2023-07-17,2023-07-17 14:20:00,BO,1,5257.25,5249.25,69,False,False
2023-07-17,2023-07-17 15:05:00,BO,-1,5244.25,5253.5,78,False,False
2023-07-18,2023-07-18 09:00:00,Trap,1,5253.5,5246.0,5,False,False
2023-07-18,2023-07-18 10:05:00,Trap,1,5264.0,5258.75,18,False,False
2023-07-18,2023-07-18 10:40:00,Trap,1,5263.5,5259.25,25,False,False
2023-07-18,2023-07-18 12:25:00,Trap,-1,5269.5,5272.75,46,True,True
2023-07-18,2023-07-18 13:50:00,Trap,1,5282.0,5276.5,63,False,False
2023-07-18,2023-07-18 15:00:00,OB,-1,5281.0,5287.75,77,True,True
2023-07-19,2023-07-19 08:35:00,Trap,1,5293.0,5276.5,0,True,True
2023-07-19,2023-07-19 09:45:00,Trap,1,5298.5,5293.5,14,True,True
2023-07-19,2023-07-19 09:55:00,Trap,-1,5290.75,5300.0,16,False,False
2023-07-19,2023-07-19 11:20:00,IB,-1,5297.25,5301.25,33,False,False
2023-07-19,2023-07-19 12:15:00,Trap,1,5291.25,5284.5,44,True,True
2023-07-19,2023-07-19 13:10:00,IB,-1,5282.75,5290.0,55,False,False
2023-07-19,2023-07-19 13:35:00,BO,1,5289.25,5281.75,60,False,False
2023-07-19,2023-07-19 14:35:00,BO,-1,5293.25,5299.0,72,False,False
2023-07-20,2023-07-20 09:05:00,BO,-1,5280.0,5287.0,6,False,False
2023-07-20,2023-07-20 09:40:00,BO,-1,5264.5,5271.5,13,False,False
2023-07-20,2023-07-20 10:50:00,IB,-1,5275.75,5279.75,27,False,False
2023-07-20,2023-07-20 11:25:00,Trap,-1,5276.5,5284.0,34,True,True
2023-07-20,2023-07-20 13:20:00,BO,-1,5263.5,5271.0,57,False,False
2023-07-20,2023-07-20 14:55:00,Trap,1,5258.0,5253.75,76,False,False
2023-07-21,2023-07-21 08:45:00,IB,-1,5269.75,5276.0,2,True,True
2023-07-21,2023-07-21 09:30:00,BO,-1,5258.25,5271.25,11,False,False
2023-07-21,2023-07-21 09:50:00,BO,1,5269.0,5261.0,15,False,False
2023-07-21,2023-07-21 12:35:00,OB,1,5275.0,5270.25,48,False,False
2023-07-21,2023-07-21 12:55:00,Trap,1,5276.75,5273.25,52,False,False
2023-07-21,2023-07-21 13:55:00,Trap,-1,5270.0,5273.25,64,True,False
2023-07-21,2023-07-21 14:20:00,Trap,1,5262.5,5258.5,69,True,True
2023-07-24,2023-07-24 08:50:00,Trap,-1,5272.25,5279.75,3,True,True
2023-07-24,2023-07-24 09:15:00,Trap,1,5272.5,5263.75,8,False,False
2023-07-24,2023-07-24 10:15:00,Trap,1,5278.5,5272.25,20,False,False
2023-07-24,2023-07-24 10:50:00,IB,1,5277.0,5272.5,27,False,False
2023-07-24,2023-07-24 12:00:00,Trap,1,5278.0,5274.75,41,True,True
2023-07-24,2023-07-24 12:15:00,Trap,1,5278.0,5275.0,44,False,False
2023-07-24,2023-07-24 12:55:00,OB,1,5282.5,5279.75,52,False,False
2023-07-24,2023-07-24 13:35:00,Trap,-1,5278.75,5283.25,60,False,False
2023-07-24,2023-07-24 13:55:00,Trap,1,5277.75,5273.25,64,True,True
2023-07-24,2023-07-24 14:30:00,BO,-1,5269.75,5277.0,71,False,False
2023-07-25,2023-07-25 08:40:00,Trap,1,5278.0,5272.75,1,False,False
2023-07-25,2023-07-25 09:35:00,OB,-1,5279.5,5285.0,12,False,False
2023-07-25,2023-07-25 10:15:00,OB,1,5283.0,5279.5,20,False,False
2023-07-25,2023-07-25 12:00:00,BO,1,5293.25,5288.25,41,False,False
2023-07-25,2023-07-25 12:10:00,Trap,-1,5291.25,5295.25,43,True,True
2023-07-25,2023-07-25 13:20:00,BO,1,5296.25,5292.25,57,False,False
2023-07-25,2023-07-25 14:15:00,BO,1,5296.5,5292.25,68,False,False
2023-07-26,2023-07-26 10:25:00,Trap,-1,5275.25,5278.75,22,False,False
2023-07-26,2023-07-26 11:30:00,OB,-1,5280.0,5284.25,35,False,False
2023-07-26,2023-07-26 12:05:00,Trap,1,5277.25,5273.75,42,True,True
2023-07-26,2023-07-26 13:45:00,BO,1,5300.25,5276.5,62,False,False
2023-07-26,2023-07-26 15:00:00,Trap,1,5289.5,5278.25,77,False,False
2023-07-27,2023-07-27 08:35:00,Trap,1,5324.5,5288.25,0,False,False
2023-07-27,2023-07-27 09:10:00,BO,-1,5316.5,5323.0,7,False,False
2023-07-27,2023-07-27 09:30:00,OB,-1,5309.25,5317.5,11,False,False
2023-07-27,2023-07-27 09:55:00,Trap,-1,5310.75,5316.75,16,False,False
2023-07-27,2023-07-27 10:50:00,OB,-1,5305.25,5311.5,27,False,False
2023-07-27,2023-07-27 11:05:00,Trap,1,5308.75,5304.0,30,True,False
2023-07-27,2023-07-27 11:30:00,BO,1,5315.75,5310.0,35,False,False
2023-07-27,2023-07-27 12:10:00,Trap,-1,5309.75,5318.25,43,True,True
2023-07-27,2023-07-27 13:10:00,OB,-1,5285.25,5294.0,55,False,False
2023-07-27,2023-07-27 13:30:00,Trap,-1,5271.25,5283.5,59,False,False
2023-07-27,2023-07-27 14:25:00,Trap,-1,5260.25,5270.5,70,True,False
2023-07-28,2023-07-28 10:45:00,Trap,1,5309.5,5304.25,26,False,False
2023-07-28,2023-07-28 12:05:00,BO,-1,5300.25,5306.5,42,False,False
2023-07-28,2023-07-28 12:35:00,BO,-1,5290.5,5298.0,48,False,False
2023-07-28,2023-07-28 13:25:00,Trap,1,5299.0,5294.75,58,False,False
2023-07-28,2023-07-28 13:40:00,Trap,-1,5294.5,5301.0,61,False,False
2023-07-28,2023-07-28 14:30:00,BO,-1,5298.25,5304.25,71,False,False
2023-07-31,2023-07-31 08:45:00,IB,1,5309.75,5302.75,2,False,False
2023-07-31,2023-07-31 08:55:00,Trap,-1,5306.75,5312.5,4,True,True
2023-07-31,2023-07-31 12:05:00,BO,-1,5294.75,5299.5,42,False,False
2023-07-31,2023-07-31 12:20:00,Trap,-1,5295.25,5300.75,45,False,False
2023-07-31,2023-07-31 14:40:00,OB,-1,5293.0,5298.75,73,False,False
2023-07-31,2023-07-31 15:00:00,BO,1,5309.25,5291.0,77,False,False
2023-08-01,2023-08-01 09:15:00,IB,-1,5290.25,5302.5,8,False,False
2023-08-01,2023-08-01 11:25:00,OB,-1,5288.0,5292.25,34,True,False
2023-08-01,2023-08-01 12:00:00,OB,1,5292.75,5288.75,41,False,False
2023-08-01,2023-08-01 13:30:00,IB,-1,5295.5,5299.5,59,False,False
2023-08-01,2023-08-01 14:45:00,BO,-1,5292.75,5298.0,74,False,False
2023-08-02,2023-08-02 09:10:00,BO,-1,5249.75,5259.75,7,False,False
2023-08-02,2023-08-02 09:45:00,BO,-1,5243.5,5251.0,14,False,False
2023-08-02,2023-08-02 10:05:00,Trap,1,5237.75,5232.0,18,True,True
2023-08-02,2023-08-02 10:20:00,Trap,-1,5233.25,5240.25,21,False,False
2023-08-02,2023-08-02 10:45:00,Trap,-1,5239.0,5244.75,26,True,True
2023-08-02,2023-08-02 11:20:00,Trap,1,5234.0,5227.5,33,True,True
2023-08-02,2023-08-02 11:35:00,Trap,1,5233.5,5227.75,36,False,False
2023-08-02,2023-08-02 12:35:00,OB,1,5241.5,5235.0,48,False,False
2023-08-02,2023-08-02 12:45:00,Trap,-1,5237.0,5242.25,50,True,True
2023-08-02,2023-08-02 13:45:00,BO,-1,5230.75,5237.25,62,False,False
2023-08-02,2023-08-02 14:05:00,Trap,1,5236.75,5232.25,66,False,False
2023-08-02,2023-08-02 14:30:00,Trap,-1,5222.0,5230.75,71,False,False
2023-08-02,2023-08-02 14:45:00,BO,1,5229.0,5221.0,74,False,False
2023-08-03,2023-08-03 09:30:00,OB,-1,5199.75,5211.5,11,False,False
2023-08-03,2023-08-03 10:55:00,Trap,1,5223.0,5216.5,28,False,False
2023-08-03,2023-08-03 11:45:00,BO,1,5229.75,5222.5,38,False,False
2023-08-03,2023-08-03 12:10:00,Trap,-1,5229.25,5232.75,43,False,False
2023-08-03,2023-08-03 12:35:00,OB,-1,5227.75,5233.75,48,True,True
2023-08-03,2023-08-03 13:00:00,IB,-1,5220.75,5226.75,53,False,False
2023-08-03,2023-08-03 13:20:00,Trap,1,5224.5,5218.5,57,False,False
2023-08-03,2023-08-03 14:15:00,BO,-1,5215.5,5226.0,68,False,False
2023-08-04,2023-08-04 10:40:00,Trap,-1,5237.25,5241.0,25,True,True
2023-08-04,2023-08-04 11:45:00,Trap,1,5253.75,5247.5,38,False,False
2023-08-04,2023-08-04 12:05:00,IB,-1,5250.0,5254.0,42,False,False
2023-08-04,2023-08-04 12:30:00,BO,-1,5241.5,5248.25,47,False,False
2023-08-04,2023-08-04 12:55:00,Trap,-1,5237.5,5242.75,52,False,False
2023-08-04,2023-08-04 13:25:00,BO,-1,5206.0,5223.75,58,False,False
2023-08-04,2023-08-04 14:40:00,Trap,-1,5189.5,5198.0,73,False,False
2023-08-07,2023-08-07 08:45:00,Trap,-1,5207.75,5221.0,2,True,True
2023-08-07,2023-08-07 09:10:00,Trap,1,5216.0,5203.75,7,False,False
2023-08-07,2023-08-07 10:10:00,OB,-1,5211.5,5217.25,19,False,False
2023-08-07,2023-08-07 11:50:00,Trap,1,5218.0,5213.75,39,True,True
2023-08-07,2023-08-07 12:30:00,Trap,-1,5220.75,5223.5,47,False,False
2023-08-07,2023-08-07 13:10:00,Trap,-1,5225.5,5229.5,55,True,True
2023-08-07,2023-08-07 13:30:00,Trap,-1,5220.25,5225.5,59,False,False
2023-08-07,2023-08-07 14:15:00,BO,-1,5223.25,5228.5,68,False,False
2023-08-07,2023-08-07 14:55:00,Trap,1,5228.0,5222.5,76,False,False
2023-08-08,2023-08-08 08:40:00,BO,-1,5198.0,5233.25,1,False,False
2023-08-08,2023-08-08 09:45:00,Trap,1,5186.0,5178.5,14,False,False
2023-08-08,2023-08-08 10:15:00,Trap,1,5180.75,5175.25,20,True,True
2023-08-08,2023-08-08 11:05:00,Trap,1,5182.75,5177.75,30,True,False
2023-08-08,2023-08-08 11:45:00,Trap,-1,5185.5,5192.5,38,True,True
2023-08-08,2023-08-08 12:05:00,BO,1,5192.0,5185.0,42,False,False
2023-08-08,2023-08-08 12:25:00,Trap,-1,5191.0,5197.0,46,True,True
2023-08-08,2023-08-08 13:15:00,IB,1,5197.75,5192.25,56,False,False
2023-08-08,2023-08-08 14:35:00,Trap,-1,5206.25,5211.25,72,True,True
2023-08-08,2023-08-08 14:45:00,IB,1,5212.25,5205.0,74,False,False
2023-08-08,2023-08-08 14:55:00,Trap,-1,5210.75,5215.5,76,True,True
2023-08-09,2023-08-09 09:05:00,IB,1,5209.0,5202.5,6,False,False
2023-08-09,2023-08-09 09:50:00,IB,-1,5203.5,5209.0,15,False,False
2023-08-09,2023-08-09 10:15:00,IB,-1,5191.25,5199.25,20,False,False
2023-08-09,2023-08-09 11:05:00,Trap,1,5178.25,5171.5,30,True,True
2023-08-09,2023-08-09 12:10:00,OB,1,5193.0,5182.5,43,False,False
2023-08-09,2023-08-09 14:35:00,Trap,-1,5197.5,5203.75,72,False,False
2023-08-10,2023-08-10 09:45:00,BO,-1,5218.25,5233.75,14,False,False
2023-08-10,2023-08-10 10:05:00,Trap,-1,5207.75,5220.0,18,False,False
2023-08-10,2023-08-10 10:35:00,BO,1,5213.25,5199.75,24,False,False
2023-08-10,2023-08-10 10:45:00,Trap,-1,5204.0,5214.75,26,False,False
2023-08-10,2023-08-10 12:00:00,BO,-1,5182.75,5199.5,41,False,False
2023-08-10,2023-08-10 12:25:00,OB,-1,5180.75,5188.0,46,False,False
2023-08-10,2023-08-10 12:45:00,IB,-1,5174.5,5181.25,50,False,False
2023-08-10,2023-08-10 13:00:00,IB,-1,5168.5,5182.5,53,False,False
2023-08-10,2023-08-10 13:10:00,IB,1,5179.5,5166.75,55,False,False
2023-08-10,2023-08-10 14:30:00,BO,-1,5182.0,5193.75,71,False,False
2023-08-11,2023-08-11 08:40:00,Trap,1,5162.25,5152.25,1,True,True
2023-08-14,2023-08-14 08:50:00,Trap,-1,5164.75,5171.0,3,False,False
2023-08-14,2023-08-14 09:40:00,BO,1,5186.5,5176.0,13,False,False
2023-08-14,2023-08-14 10:45:00,Trap,1,5191.25,5186.5,26,False,False
2023-08-14,2023-08-14 11:00:00,Trap,-1,5190.0,5196.5,29,True,True
2023-08-14,2023-08-14 12:50:00,Trap,-1,5188.25,5192.0,51,False,False
2023-08-14,2023-08-14 13:00:00,Trap,1,5190.0,5186.0,53,True,True
2023-08-14,2023-08-14 13:55:00,OB,1,5187.75,5182.75,64,False,False
2023-08-14,2023-08-14 14:30:00,Trap,-1,5187.0,5190.5,71,True,True
2023-08-14,2023-08-14 15:00:00,Trap,1,5200.0,5189.5,77,False,False
2023-08-15,2023-08-15 08:50:00,OB,-1,5169.25,5182.75,3,False,False
2023-08-15,2023-08-15 11:10:00,Trap,-1,5162.25,5171.25,31,True,True
2023-08-15,2023-08-15 11:20:00,Trap,1,5164.75,5159.5,33,True,True
2023-08-15,2023-08-15 12:35:00,Trap,-1,5158.75,5164.5,48,True,True
2023-08-15,2023-08-15 13:35:00,IB,1,5160.25,5154.5,60,False,False
2023-08-15,2023-08-15 14:30:00,BO,-1,5143.75,5158.0,71,False,False
2023-08-15,2023-08-15 14:55:00,BO,1,5146.25,5140.25,76,False,False
2023-08-16,2023-08-16 08:40:00,Trap,1,5152.25,5140.5,1,False,False
2023-08-16,2023-08-16 09:45:00,Trap,1,5154.5,5147.25,14,False,False
2023-08-16,2023-08-16 10:45:00,OB,-1,5147.5,5153.0,26,False,False
2023-08-16,2023-08-16 14:35:00,IB,1,5121.5,5114.75,72,False,False
2023-08-16,2023-08-16 15:00:00,BO,-1,5112.75,5121.25,77,False,False
2023-08-17,2023-08-17 08:40:00,Trap,-1,5122.75,5129.0,1,True,True
2023-08-17,2023-08-17 12:25:00,OB,-1,5108.25,5116.5,46,False,False
2023-08-17,2023-08-17 13:30:00,Trap,1,5099.75,5095.0,59,True,True
2023-08-17,2023-08-17 14:00:00,IB,-1,5086.25,5094.75,65,False,False
2023-08-18,2023-08-18 08:40:00,Trap,1,5059.5,5043.25,1,True,True
2023-08-18,2023-08-18 09:00:00,Trap,-1,5055.75,5066.0,5,False,False
2023-08-18,2023-08-18 09:40:00,Trap,1,5059.75,5050.75,13,False,False
2023-08-18,2023-08-18 10:05:00,BO,1,5068.75,5057.5,18,False,False
2023-08-18,2023-08-18 11:40:00,OB,1,5074.25,5069.5,37,True,False
2023-08-18,2023-08-18 12:00:00,Trap,-1,5072.0,5078.75,41,True,False
2023-08-18,2023-08-18 13:35:00,Trap,1,5076.25,5070.0,60,False,False
2023-08-18,2023-08-18 14:15:00,Trap,-1,5068.5,5075.75,68,False,False
2023-08-21,2023-08-21 09:00:00,Trap,1,5100.0,5086.75,5,False,False
2023-08-21,2023-08-21 09:15:00,Trap,-1,5092.0,5101.75,8,True,True
2023-08-21,2023-08-21 09:30:00,BO,-1,5078.75,5092.5,11,False,False
2023-08-21,2023-08-21 10:15:00,OB,-1,5074.75,5083.0,20,False,False
2023-08-21,2023-08-21 10:45:00,BO,-1,5067.75,5077.25,26,False,False
2023-08-21,2023-08-21 11:50:00,BO,1,5084.25,5078.25,39,False,False
2023-08-21,2023-08-21 12:55:00,Trap,-1,5093.5,5097.25,52,True,True
2023-08-21,2023-08-21 13:45:00,BO,1,5101.0,5095.0,62,False,False
2023-08-21,2023-08-21 14:05:00,Trap,1,5106.0,5101.25,66,False,False
2023-08-22,2023-08-22 08:40:00,Trap,-1,5116.0,5124.5,1,True,True
2023-08-22,2023-08-22 08:55:00,Trap,-1,5110.5,5118.5,4,False,False
2023-08-22,2023-08-22 10:25:00,Trap,1,5106.75,5100.75,22,False,False
2023-08-22,2023-08-22 12:05:00,BO,-1,5092.75,5105.75,42,False,False
2023-08-22,2023-08-22 13:30:00,Trap,1,5097.75,5090.0,59,False,False
2023-08-22,2023-08-22 14:25:00,OB,-1,5098.0,5106.75,70,True,True
2023-08-23,2023-08-23 08:50:00,IB,1,5110.25,5104.0,3,False,False
2023-08-23,2023-08-23 09:05:00,BO,1,5117.75,5107.0,6,False,False
2023-08-23,2023-08-23 09:50:00,BO,1,5130.0,5117.75,15,False,False
2023-08-23,2023-08-23 12:00:00,Trap,-1,5133.75,5138.25,41,True,True
2023-08-23,2023-08-23 12:50:00,BO,1,5147.75,5143.5,51,False,False
2023-08-23,2023-08-23 13:35:00,Trap,-1,5140.0,5143.75,60,False,False
2023-08-23,2023-08-23 14:30:00,Trap,1,5143.75,5139.5,71,False,False
2023-08-23,2023-08-23 15:05:00,Trap,1,5142.25,5135.75,78,True,True
2023-08-24,2023-08-24 09:00:00,BO,1,5159.25,5144.25,5,False,False
2023-08-24,2023-08-24 11:15:00,BO,1,5111.0,5100.25,32,False,False
2023-08-24,2023-08-24 13:15:00,Trap,1,5106.75,5101.5,56,False,False
2023-08-24,2023-08-24 15:00:00,Trap,-1,5078.25,5088.5,77,False,False
2023-08-25,2023-08-25 09:25:00,Trap,-1,5087.5,5121.0,10,True,True
2023-08-25,2023-08-25 10:10:00,Trap,1,5075.25,5058.5,19,True,True
2023-08-25,2023-08-25 11:00:00,BO,-1,5078.5,5092.0,29,False,False
2023-08-25,2023-08-25 13:15:00,BO,1,5100.5,5093.0,56,False,False
2023-08-25,2023-08-25 13:45:00,OB,-1,5109.0,5117.75,62,True,True
2023-08-25,2023-08-25 14:55:00,OB,-1,5105.25,5118.0,76,False,False
2023-08-28,2023-08-28 08:35:00,Trap,1,5136.25,5107.25,0,False,False
2023-08-28,2023-08-28 09:25:00,IB,1,5139.0,5130.0,10,False,False
2023-08-28,2023-08-28 09:45:00,BO,-1,5130.75,5140.5,14,False,False
2023-08-28,2023-08-28 12:00:00,BO,1,5134.0,5124.75,41,False,False
2023-08-28,2023-08-28 12:40:00,Trap,-1,5132.5,5138.0,49,False,False
2023-08-29,2023-08-29 09:05:00,Trap,1,5157.5,5142.5,6,False,False
2023-08-29,2023-08-29 09:20:00,OB,1,5165.0,5153.75,9,False,False
2023-08-29,2023-08-29 11:25:00,OB,1,5190.5,5184.0,34,False,False
2023-08-29,2023-08-29 12:40:00,IB,1,5194.5,5190.0,49,False,False
2023-08-29,2023-08-29 14:20:00,OB,1,5197.5,5191.25,69,False,False
2023-08-30,2023-08-30 09:25:00,BO,-1,5205.25,5223.25,10,False,False
2023-08-30,2023-08-30 11:35:00,IB,1,5222.5,5218.5,36,False,False
2023-08-30,2023-08-30 11:55:00,Trap,-1,5218.0,5224.0,40,True,True
2023-08-30,2023-08-30 12:30:00,IB,-1,5216.5,5220.25,47,False,False
2023-08-30,2023-08-30 12:55:00,OB,-1,5213.5,5220.75,52,False,False
2023-08-30,2023-08-30 13:10:00,Trap,-1,5210.25,5215.75,55,False,False
2023-08-31,2023-08-31 09:15:00,Trap,1,5229.75,5222.75,8,False,False
2023-08-31,2023-08-31 11:20:00,Trap,-1,5220.25,5227.25,33,True,True
2023-08-31,2023-08-31 12:55:00,OB,-1,5217.5,5222.25,52,False,False
2023-08-31,2023-08-31 13:05:00,IB,1,5221.75,5216.0,54,False,False
2023-08-31,2023-08-31 13:35:00,Trap,-1,5223.25,5226.75,60,True,True
2023-08-31,2023-08-31 14:45:00,Trap,1,5219.75,5214.5,74,False,False
2023-08-31,2023-08-31 14:55:00,Trap,-1,5213.75,5221.5,76,True,True
2023-09-01,2023-09-01 08:40:00,Trap,-1,5225.75,5240.75,1,True,True
2023-09-01,2023-09-01 09:00:00,IB,1,5227.0,5215.0,5,False,False
2023-09-01,2023-09-01 11:55:00,BO,1,5212.25,5204.75,40,False,False
2023-09-01,2023-09-01 12:05:00,IB,-1,5209.5,5214.0,42,False,False
2023-09-01,2023-09-01 12:55:00,Trap,1,5208.5,5205.5,52,True,True
2023-09-01,2023-09-01 13:25:00,BO,-1,5206.5,5211.75,58,False,False
2023-09-01,2023-09-01 13:45:00,Trap,1,5206.0,5202.5,62,True,True
2023-09-01,2023-09-01 14:15:00,Trap,1,5211.25,5207.5,68,False,False
2023-09-01,2023-09-01 15:00:00,OB,1,5216.0,5209.5,77,True,False
2023-09-04,2023-09-04 09:05:00,BO,-1,5217.25,5221.5,6,False,False
2023-09-04,2023-09-04 11:40:00,Trap,1,5212.75,5211.25,37,True,False
2023-09-05,2023-09-05 08:35:00,OB,-1,5207.75,5214.25,42,True,True
2023-09-05,2023-09-05 09:25:00,Trap,1,5204.5,5195.0,52,True,True
2023-09-05,2023-09-05 09:35:00,Trap,-1,5197.25,5207.75,54,True,True
2023-09-05,2023-09-05 10:50:00,IB,1,5205.5,5202.0,69,False,False
2023-09-05,2023-09-05 13:10:00,Trap,-1,5201.25,5204.25,97,True,True
2023-09-05,2023-09-05 13:20:00,IB,1,5205.75,5200.0,99,False,False
2023-09-05,2023-09-05 13:50:00,IB,1,5207.0,5204.0,105,False,False
2023-09-05,2023-09-05 14:55:00,OB,-1,5199.75,5207.25,118,True,False
2023-09-06,2023-09-06 09:05:00,IB,-1,5169.75,5185.5,6,False,False
2023-09-06,2023-09-06 11:45:00,IB,-1,5146.0,5152.25,38,False,False
2023-09-06,2023-09-06 12:15:00,BO,1,5149.75,5140.25,44,False,False
2023-09-06,2023-09-06 14:05:00,OB,-1,5157.75,5164.0,66,True,True
2023-09-06,2023-09-06 14:20:00,OB,1,5163.0,5155.5,69,True,True
2023-09-07,2023-09-07 08:40:00,Trap,1,5139.25,5128.0,1,True,True
2023-09-07,2023-09-07 08:55:00,IB,-1,5132.5,5144.25,4,False,False
2023-09-07,2023-09-07 09:45:00,BO,1,5144.75,5127.5,14,False,False
2023-09-07,2023-09-07 10:45:00,Trap,-1,5144.0,5150.25,26,True,True
2023-09-07,2023-09-07 11:05:00,Trap,1,5144.25,5138.75,30,True,True
2023-09-08,2023-09-08 09:05:00,Trap,1,5162.75,5153.25,6,False,False
2023-09-08,2023-09-08 10:00:00,Trap,-1,5158.5,5166.5,17,False,False
2023-09-08,2023-09-08 11:20:00,BO,1,5166.5,5159.25,33,False,False
2023-09-08,2023-09-08 11:50:00,Trap,-1,5157.25,5163.5,39,False,False
2023-09-08,2023-09-08 13:05:00,BO,1,5161.5,5155.25,54,False,False
2023-09-08,2023-09-08 13:15:00,IB,-1,5151.5,5162.0,56,False,False
2023-09-08,2023-09-08 15:00:00,Trap,1,5154.75,5148.0,77,False,False
2023-09-11,2023-09-11 09:45:00,Trap,1,5172.0,5168.25,14,False,False
2023-09-11,2023-09-11 10:00:00,OB,-1,5168.0,5175.25,17,False,False
2023-09-11,2023-09-11 13:15:00,Trap,1,5183.25,5179.5,56,True,False
2023-09-11,2023-09-11 14:25:00,Trap,1,5185.5,5180.75,70,True,True
2023-09-12,2023-09-12 08:40:00,Trap,1,5174.25,5165.75,1,True,True
2023-09-12,2023-09-12 09:30:00,BO,-1,5164.0,5174.0,11,False,False
2023-09-12,2023-09-12 10:30:00,BO,1,5164.75,5159.25,23,False,False
2023-09-12,2023-09-12 11:35:00,BO,-1,5168.0,5172.75,36,False,False
2023-09-12,2023-09-12 11:45:00,Trap,1,5172.0,5167.5,38,True,True
2023-09-12,2023-09-12 12:45:00,BO,-1,5173.25,5182.75,50,False,False
2023-09-12,2023-09-12 13:50:00,BO,-1,5162.25,5166.75,63,False,False
2023-09-13,2023-09-13 10:55:00,Trap,-1,5165.75,5172.75,28,False,False
2023-09-13,2023-09-13 11:15:00,Trap,-1,5165.25,5170.5,32,False,False
2023-09-13,2023-09-13 12:05:00,Trap,-1,5168.5,5172.75,42,True,True
2023-09-13,2023-09-13 13:20:00,Trap,-1,5166.75,5170.25,57,False,False
2023-09-13,2023-09-13 13:50:00,Trap,-1,5162.75,5168.5,63,False,False
2023-09-14,2023-09-14 08:55:00,IB,-1,5178.75,5184.75,4,False,False
2023-09-14,2023-09-14 10:10:00,BO,1,5193.25,5189.75,19,False,False
2023-09-14,2023-09-14 10:50:00,Trap,1,5190.75,5185.5,27,True,True
2023-09-14,2023-09-14 11:20:00,OB,1,5198.25,5192.75,33,False,False
2023-09-14,2023-09-14 11:35:00,Trap,1,5197.75,5194.75,36,False,False
2023-09-14,2023-09-14 12:35:00,Trap,1,5201.5,5197.75,48,True,False
2023-09-15,2023-09-15 09:10:00,Trap,-1,5172.25,5178.75,7,False,False
2023-09-15,2023-09-15 10:30:00,OB,1,5159.25,5153.5,23,False,False
2023-09-15,2023-09-15 10:45:00,Trap,1,5160.5,5155.0,26,False,False
2023-09-15,2023-09-15 11:40:00,Trap,1,5162.5,5157.5,37,False,False
2023-09-15,2023-09-15 13:40:00,BO,1,5146.25,5140.75,61,False,False
2023-09-15,2023-09-15 14:40:00,Trap,-1,5141.25,5149.0,73,True,True
2023-09-18,2023-09-18 08:45:00,Trap,-1,5137.0,5146.25,2,False,False
2023-09-18,2023-09-18 10:00:00,Trap,1,5145.25,5141.0,17,False,False
2023-09-18,2023-09-18 10:20:00,Trap,1,5146.75,5141.0,21,False,False
2023-09-19,2023-09-19 09:40:00,BO,-1,5114.0,5125.0,13,False,False
2023-09-19,2023-09-19 10:35:00,BO,1,5116.25,5112.25,24,False,False
2023-09-19,2023-09-19 10:45:00,Trap,-1,5113.75,5117.5,26,True,True
2023-09-19,2023-09-19 11:10:00,IB,-1,5111.25,5116.5,31,False,False
2023-09-19,2023-09-19 11:55:00,Trap,1,5111.25,5106.25,40,True,True
2023-09-19,2023-09-19 13:30:00,Trap,-1,5127.75,5130.5,59,False,False
2023-09-19,2023-09-19 13:40:00,OB,1,5138.0,5127.5,61,False,False
2023-09-19,2023-09-19 13:50:00,IB,-1,5134.75,5140.75,63,False,False
2023-09-20,2023-09-20 10:20:00,Trap,-1,5141.75,5146.5,21,False,False
2023-09-20,2023-09-20 13:05:00,Trap,-1,5127.75,5144.0,54,False,False
2023-09-20,2023-09-20 13:55:00,BO,-1,5124.5,5140.25,64,False,False
2023-09-20,2023-09-20 15:00:00,Trap,-1,5092.0,5101.75,77,False,False
2023-09-21,2023-09-21 10:15:00,Trap,-1,5042.25,5048.5,20,False,False
2023-09-21,2023-09-21 11:00:00,OB,-1,5041.75,5048.0,29,True,False
2023-09-21,2023-09-21 13:10:00,BO,-1,5043.0,5048.25,55,False,False
2023-09-21,2023-09-21 14:15:00,BO,-1,5029.5,5036.75,68,False,False
2023-09-21,2023-09-21 15:05:00,BO,-1,5014.0,5023.5,78,False,False
2023-09-22,2023-09-22 09:05:00,BO,1,5027.5,5018.25,6,False,False
2023-09-22,2023-09-22 09:25:00,Trap,1,5030.25,5021.25,10,False,False
2023-09-22,2023-09-22 10:10:00,OB,-1,5033.0,5040.0,19,True,True
2023-09-22,2023-09-22 10:20:00,Trap,1,5035.0,5031.25,21,True,False
2023-09-22,2023-09-22 12:15:00,OB,-1,5031.5,5036.5,44,False,False
2023-09-22,2023-09-22 12:55:00,Trap,1,5018.5,5013.5,52,True,True
2023-09-22,2023-09-22 14:05:00,OB,1,5018.25,5010.0,66,False,False
2023-09-22,2023-09-22 14:35:00,IB,-1,5021.75,5034.0,72,False,False
2023-09-25,2023-09-25 08:45:00,IB,1,4998.0,4987.5,2,False,False
2023-09-25,2023-09-25 09:10:00,BO,-1,4999.5,5008.25,7,False,False
2023-09-25,2023-09-25 09:35:00,Trap,1,5000.5,4992.75,12,True,True
2023-09-25,2023-09-25 10:10:00,Trap,1,5004.0,4991.75,19,True,True
2023-09-25,2023-09-25 11:20:00,BO,1,5018.75,5011.75,33,False,False
2023-09-25,2023-09-25 11:40:00,OB,-1,5014.25,5020.75,37,False,False
2023-09-25,2023-09-25 12:25:00,IB,-1,5013.25,5019.25,46,False,False
2023-09-25,2023-09-25 14:20:00,OB,1,5014.0,5000.5,69,True,True
2023-09-26,2023-09-26 08:55:00,BO,-1,4987.0,4998.0,4,False,False
2023-09-26,2023-09-26 09:30:00,BO,1,4978.75,4969.25,11,False,False
2023-09-26,2023-09-26 09:45:00,Trap,1,4983.75,4975.0,14,False,False
2023-09-26,2023-09-26 10:10:00,Trap,-1,4975.75,4982.25,19,False,False
2023-09-26,2023-09-26 12:20:00,Trap,-1,4974.25,4979.5,45,True,True
2023-09-26,2023-09-26 14:20:00,IB,-1,4952.25,4959.75,69,True,False
2023-09-26,2023-09-26 14:45:00,Trap,1,4958.5,4950.0,74,False,False
2023-09-26,2023-09-26 15:10:00,IB,1,4964.75,4956.75,79,False,False
2023-09-27,2023-09-27 08:40:00,Trap,-1,4967.5,4975.75,1,True,True
2023-09-27,2023-09-27 09:05:00,BO,-1,4963.25,4972.25,6,False,False
2023-09-27,2023-09-27 09:25:00,IB,1,4967.25,4957.25,10,True,True
2023-09-27,2023-09-27 10:10:00,BO,1,4958.5,4948.75,19,False,False
2023-09-27,2023-09-27 10:45:00,OB,-1,4949.25,4960.0,26,True,False
2023-09-27,2023-09-27 11:35:00,BO,1,4943.0,4936.25,36,False,False
2023-09-27,2023-09-27 12:20:00,BO,-1,4935.25,4945.25,45,False,False
2023-09-27,2023-09-27 13:30:00,BO,1,4942.5,4927.75,59,False,False
2023-09-27,2023-09-27 14:45:00,BO,-1,4949.75,4964.75,74,False,False
2023-09-27,2023-09-27 14:55:00,IB,1,4957.5,4947.0,76,False,False
2023-09-28,2023-09-28 08:45:00,IB,-1,4947.25,4959.0,2,False,False
2023-09-28,2023-09-28 09:45:00,BO,1,4967.25,4949.5,14,False,False
2023-09-28,2023-09-28 11:55:00,BO,-1,4983.25,4998.5,40,False,False
2023-09-28,2023-09-28 12:35:00,BO,-1,4975.75,4989.75,48,False,False
2023-09-28,2023-09-28 13:15:00,OB,1,4984.5,4975.25,56,False,False
2023-09-28,2023-09-28 13:45:00,Trap,1,4978.5,4971.5,62,True,True
2023-09-28,2023-09-28 14:00:00,Trap,1,4980.75,4973.5,65,False,False
2023-09-28,2023-09-28 14:40:00,BO,-1,4977.25,4995.0,73,False,False
2023-09-29,2023-09-29 09:00:00,IB,1,5010.0,5002.0,5,False,False
2023-09-29,2023-09-29 10:05:00,BO,-1,4998.0,5009.5,18,False,False
2023-09-29,2023-09-29 10:25:00,Trap,1,5008.75,4997.75,22,False,False
2023-09-29,2023-09-29 12:10:00,BO,-1,4965.5,4978.5,43,False,False
2023-09-29,2023-09-29 14:00:00,Trap,1,4978.25,4963.25,65,False,False
2023-10-02,2023-10-02 09:15:00,IB,-1,4962.25,4976.25,8,True,True
2023-10-02,2023-10-02 10:05:00,Trap,1,4965.0,4955.0,18,False,False
2023-10-02,2023-10-02 10:40:00,OB,-1,4970.5,4981.75,25,True,True
2023-10-02,2023-10-02 11:10:00,IB,-1,4946.25,4954.5,31,False,False
2023-10-02,2023-10-02 13:15:00,BO,1,4962.25,4947.5,56,False,False
2023-10-02,2023-10-02 13:25:00,Trap,-1,4951.0,4963.0,58,True,True
2023-10-03,2023-10-03 08:50:00,BO,1,4957.0,4945.5,3,False,False
2023-10-03,2023-10-03 09:05:00,IB,-1,4937.25,4961.0,6,False,False
2023-10-03,2023-10-03 11:05:00,OB,1,4912.25,4901.5,30,False,False
2023-10-03,2023-10-03 11:20:00,Trap,1,4914.25,4909.0,33,False,False
2023-10-03,2023-10-03 12:05:00,OB,1,4920.0,4912.5,42,False,False
2023-10-03,2023-10-03 13:40:00,BO,1,4905.0,4896.5,61,False,False
2023-10-03,2023-10-03 14:45:00,Trap,1,4905.0,4896.25,74,True,True
2023-10-04,2023-10-04 09:05:00,Trap,-1,4908.5,4922.75,6,False,False
2023-10-04,2023-10-04 14:15:00,OB,1,4932.75,4923.5,68,False,False
2023-10-05,2023-10-05 09:40:00,IB,-1,4909.75,4928.5,13,False,False
2023-10-05,2023-10-05 10:55:00,Trap,1,4916.25,4906.75,28,False,False
2023-10-05,2023-10-05 12:10:00,OB,-1,4909.75,4918.25,43,False,False
2023-10-05,2023-10-05 13:05:00,IB,1,4935.5,4927.5,54,False,False
2023-10-05,2023-10-05 13:35:00,Trap,1,4939.0,4929.5,60,False,False
2023-10-06,2023-10-06 10:05:00,Trap,1,4936.25,4921.75,18,False,False
2023-10-06,2023-10-06 10:30:00,Trap,1,4948.5,4937.0,23,False,False
2023-10-06,2023-10-06 11:45:00,Trap,1,4975.5,4967.0,38,True,True
2023-10-06,2023-10-06 11:55:00,Trap,-1,4973.25,4977.75,40,False,False
2023-10-06,2023-10-06 13:30:00,BO,1,4995.5,4987.0,59,False,False
2023-10-09,2023-10-09 11:30:00,Trap,-1,4981.75,4990.25,35,True,True
2023-10-09,2023-10-09 13:45:00,Trap,1,5017.5,5007.5,62,True,False
2023-10-10,2023-10-10 10:20:00,IB,1,5056.5,5045.75,21,False,False
2023-10-10,2023-10-10 11:00:00,IB,1,5060.5,5056.5,29,False,False
2023-10-10,2023-10-10 11:15:00,Trap,1,5061.5,5058.5,32,False,False
2023-10-10,2023-10-10 12:10:00,BO,-1,5043.75,5060.0,43,False,False
2023-10-10,2023-10-10 13:15:00,BO,-1,5039.0,5047.0,56,False,False
2023-10-10,2023-10-10 13:55:00,Trap,-1,5035.25,5048.0,64,True,True
2023-10-11,2023-10-11 11:20:00,IB,-1,5028.75,5035.25,33,False,False
2023-10-11,2023-10-11 13:00:00,BO,1,5027.75,5021.25,53,False,False
2023-10-12,2023-10-12 09:45:00,Trap,-1,5040.75,5048.75,14,False,False
2023-10-12,2023-10-12 11:25:00,BO,1,5060.25,5051.75,34,False,False
2023-10-12,2023-10-12 12:05:00,BO,-1,5041.75,5057.25,42,False,False
2023-10-12,2023-10-12 12:30:00,Trap,-1,5021.5,5030.0,47,False,False
2023-10-12,2023-10-12 13:00:00,BO,-1,5011.75,5019.25,53,False,False
2023-10-12,2023-10-12 14:35:00,Trap,1,5025.75,5018.75,72,False,False
2023-10-13,2023-10-13 09:55:00,BO,-1,5016.75,5031.0,16,False,False
2023-10-13,2023-10-13 11:05:00,Trap,1,5003.5,4996.75,30,True,True
2023-10-13,2023-10-13 13:35:00,Trap,1,5005.5,4996.25,60,True,False
2023-10-13,2023-10-13 14:55:00,BO,1,5002.75,4989.75,76,False,False
2023-10-16,2023-10-16 08:45:00,Trap,-1,5024.0,5034.0,2,True,True
2023-10-16,2023-10-16 09:15:00,Trap,1,5036.5,5024.25,8,False,False
2023-10-16,2023-10-16 10:40:00,OB,-1,5046.0,5054.0,25,False,False
2023-10-16,2023-10-16 12:05:00,Trap,1,5052.0,5041.25,42,True,True
2023-10-16,2023-10-16 12:20:00,Trap,-1,5047.25,5055.25,45,True,True
2023-10-16,2023-10-16 14:30:00,BO,1,5055.5,5050.25,71,False,False
2023-10-17,2023-10-17 08:50:00,Trap,-1,5015.75,5022.5,3,False,False
2023-10-17,2023-10-17 09:15:00,BO,1,5030.75,5011.0,8,False,False
2023-10-17,2023-10-17 09:40:00,Trap,1,5040.25,5030.25,13,False,False
2023-10-17,2023-10-17 10:20:00,IB,1,5047.25,5035.25,21,False,False
2023-10-17,2023-10-17 13:40:00,Trap,1,5040.5,5034.25,61,False,False
2023-10-17,2023-10-17 14:55:00,Trap,1,5043.5,5034.0,76,True,False
2023-10-18,2023-10-18 09:20:00,Trap,1,5034.25,5020.25,9,False,False
2023-10-18,2023-10-18 10:05:00,Trap,1,5015.25,5006.25,18,True,True
2023-10-18,2023-10-18 10:20:00,Trap,1,5015.0,5006.75,21,False,False
2023-10-18,2023-10-18 12:10:00,OB,1,5014.5,4995.0,43,True,True
2023-10-18,2023-10-18 13:20:00,IB,-1,5003.75,5017.25,57,False,False
2023-10-18,2023-10-18 14:45:00,OB,-1,4983.75,4992.0,74,False,False
2023-10-19,2023-10-19 10:30:00,Trap,1,4976.5,4966.25,23,True,True
2023-10-19,2023-10-19 11:30:00,Trap,-1,4983.0,5010.5,35,True,True
2023-10-19,2023-10-19 12:40:00,OB,-1,4978.5,4999.75,49,False,False
2023-10-19,2023-10-19 14:35:00,Trap,1,4953.25,4944.75,72,True,True
2023-10-19,2023-10-19 14:45:00,Trap,-1,4940.5,4954.75,74,False,False
2023-10-20,2023-10-20 11:05:00,Trap,-1,4910.5,4918.0,30,True,True
2023-10-20,2023-10-20 11:25:00,OB,1,4916.25,4903.25,34,False,False
2023-10-20,2023-10-20 12:10:00,IB,-1,4911.75,4925.0,43,False,False
2023-10-20,2023-10-20 12:20:00,IB,1,4926.25,4911.0,45,False,False
2023-10-20,2023-10-20 13:20:00,BO,-1,4908.0,4921.75,57,False,False
2023-10-20,2023-10-20 14:20:00,Trap,1,4910.25,4900.5,69,True,True
2023-10-23,2023-10-23 08:55:00,BO,1,4880.5,4857.25,4,False,False
2023-10-23,2023-10-23 09:35:00,OB,-1,4882.5,4896.5,12,True,True
2023-10-23,2023-10-23 10:40:00,IB,1,4909.0,4901.5,25,False,False
2023-10-23,2023-10-23 11:20:00,IB,-1,4901.0,4909.5,33,False,False
2023-10-23,2023-10-23 13:00:00,IB,-1,4909.75,4918.5,53,False,False
2023-10-23,2023-10-23 13:20:00,BO,-1,4903.0,4913.0,57,False,False
2023-10-23,2023-10-23 14:25:00,IB,-1,4892.5,4906.0,70,False,False
2023-10-24,2023-10-24 08:50:00,BO,-1,4906.5,4918.5,3,False,False
2023-10-24,2023-10-24 09:00:00,IB,1,4917.5,4903.5,5,False,False
2023-10-24,2023-10-24 11:00:00,Trap,1,4911.75,4904.5,29,True,True
2023-10-24,2023-10-24 14:20:00,BO,1,4918.25,4911.25,69,False,False
2023-10-25,2023-10-25 13:00:00,Trap,1,4854.75,4847.75,53,True,True
2023-10-25,2023-10-25 14:05:00,Trap,-1,4852.0,4858.5,66,False,False
2023-10-25,2023-10-25 14:25:00,BO,1,4857.75,4850.25,70,False,False
2023-10-25,2023-10-25 14:45:00,IB,-1,4853.75,4862.5,74,False,False
2023-10-25,2023-10-25 15:05:00,Trap,1,4858.25,4852.0,78,True,False
2023-10-26,2023-10-26 09:45:00,Trap,1,4831.0,4818.75,14,True,True
2023-10-26,2023-10-26 11:05:00,Trap,-1,4815.25,4824.75,30,True,False
2023-10-26,2023-10-26 11:40:00,Trap,-1,4799.0,4807.25,37,False,False
2023-10-26,2023-10-26 12:25:00,Trap,-1,4796.0,4806.75,46,False,False
2023-10-26,2023-10-26 13:35:00,OB,1,4823.0,4809.5,60,False,False
2023-10-26,2023-10-26 14:15:00,BO,-1,4822.0,4835.25,68,False,False
2023-10-27,2023-10-27 10:35:00,IB,-1,4806.5,4818.5,24,False,False
2023-10-27,2023-10-27 13:25:00,Trap,-1,4774.0,4784.25,58,False,False
2023-10-27,2023-10-27 13:40:00,OB,1,4783.5,4770.25,61,True,True
2023-10-27,2023-10-27 14:30:00,Trap,1,4778.5,4770.0,71,False,False
2023-10-27,2023-10-27 14:55:00,BO,1,4776.75,4766.25,76,False,False
2023-10-30,2023-10-30 08:40:00,BO,1,4821.75,4780.75,1,False,False
2023-10-30,2023-10-30 09:05:00,OB,-1,4816.75,4828.0,6,True,True
2023-10-30,2023-10-30 09:20:00,BO,-1,4807.5,4821.75,9,False,False
2023-10-30,2023-10-30 09:45:00,Trap,-1,4797.25,4805.75,14,False,False
2023-10-30,2023-10-30 09:55:00,OB,1,4807.0,4796.0,16,True,True
2023-10-30,2023-10-30 10:35:00,IB,1,4809.5,4798.25,24,False,False
2023-10-30,2023-10-30 11:45:00,Trap,-1,4803.5,4814.25,38,False,False
2023-10-30,2023-10-30 13:15:00,BO,-1,4826.5,4831.75,56,False,False
2023-10-30,2023-10-30 13:25:00,Trap,1,4827.75,4824.5,58,False,False
2023-10-30,2023-10-30 13:40:00,BO,1,4833.25,4825.5,61,False,False
2023-10-31,2023-10-31 08:40:00,OB,-1,4823.25,4837.25,1,False,False
2023-10-31,2023-10-31 09:15:00,BO,1,4831.5,4815.75,8,False,False
2023-10-31,2023-10-31 12:35:00,Trap,1,4847.5,4839.75,48,False,False
2023-10-31,2023-10-31 14:05:00,BO,1,4858.75,4851.75,66,False,False
2023-10-31,2023-10-31 14:40:00,BO,-1,4851.0,4857.0,73,False,False
2023-10-31,2023-10-31 15:05:00,Trap,-1,4851.5,4859.0,78,True,True
2023-11-01,2023-11-01 09:15:00,Trap,1,4874.25,4865.0,8,False,False
2023-11-01,2023-11-01 10:05:00,IB,1,4889.0,4884.0,18,False,False
2023-11-01,2023-11-01 11:05:00,Trap,-1,4878.75,4882.25,30,True,False
2023-11-01,2023-11-01 11:40:00,Trap,-1,4870.5,4877.0,37,False,False
2023-11-01,2023-11-01 12:15:00,OB,1,4876.0,4868.25,44,False,False
2023-11-01,2023-11-01 12:25:00,Trap,-1,4869.5,4877.75,46,True,True
2023-11-01,2023-11-01 12:45:00,IB,1,4873.75,4867.0,50,False,False
2023-11-01,2023-11-01 13:45:00,OB,-1,4871.0,4891.5,62,True,True
2023-11-02,2023-11-02 08:35:00,Trap,1,4947.75,4897.5,0,True,True
2023-11-02,2023-11-02 09:20:00,Trap,1,4947.5,4939.75,9,True,False
2023-11-02,2023-11-02 10:15:00,IB,-1,4959.75,4966.0,20,False,False
2023-11-02,2023-11-02 13:45:00,BO,1,4976.5,4972.25,62,False,False
2023-11-02,2023-11-02 14:40:00,OB,1,4980.0,4974.75,73,False,False
2023-11-02,2023-11-02 14:55:00,IB,1,4981.25,4976.75,76,False,False
2023-11-03,2023-11-03 08:50:00,BO,1,5017.0,5004.5,3,False,False
2023-11-03,2023-11-03 09:30:00,IB,-1,5011.0,5020.75,11,False,False
2023-11-03,2023-11-03 12:05:00,BO,1,5031.25,5026.75,42,False,False
2023-11-03,2023-11-03 12:15:00,OB,-1,5025.0,5031.75,44,True,True
2023-11-03,2023-11-03 12:35:00,Trap,1,5027.5,5020.75,48,True,True
2023-11-03,2023-11-03 14:50:00,IB,-1,5022.75,5027.75,75,False,False
2023-11-06,2023-11-06 11:00:00,BO,1,5027.25,5022.25,29,False,False
2023-11-06,2023-11-06 12:00:00,Trap,1,5021.5,5016.5,41,True,True
2023-11-06,2023-11-06 13:10:00,Trap,-1,5010.5,5016.25,55,False,False
2023-11-06,2023-11-06 13:35:00,BO,1,5017.0,5011.25,60,False,False
2023-11-06,2023-11-06 14:55:00,IB,1,5022.25,5018.5,76,False,False
2023-11-07,2023-11-07 08:40:00,OB,-1,5018.0,5028.75,1,False,False
2023-11-07,2023-11-07 11:05:00,Trap,-1,5036.0,5042.0,30,False,False
2023-11-07,2023-11-07 12:00:00,Trap,1,5038.5,5033.25,41,False,False
2023-11-07,2023-11-07 13:45:00,BO,-1,5041.0,5046.0,62,False,False
2023-11-07,2023-11-07 14:55:00,OB,-1,5037.25,5047.25,76,True,True
2023-11-08,2023-11-08 09:05:00,BO,-1,5040.5,5051.75,6,False,False
2023-11-08,2023-11-08 10:20:00,BO,1,5040.5,5035.0,21,False,False
2023-11-08,2023-11-08 11:05:00,BO,-1,5027.5,5036.5,30,False,False
2023-11-08,2023-11-08 11:40:00,Trap,1,5028.5,5022.5,37,False,False
2023-11-08,2023-11-08 12:05:00,OB,1,5032.75,5025.75,42,False,False
2023-11-08,2023-11-08 14:45:00,BO,1,5046.75,5037.5,74,False,False
2023-11-09,2023-11-09 08:40:00,Trap,-1,5041.0,5053.5,1,True,True
2023-11-09,2023-11-09 09:00:00,BO,1,5047.5,5038.25,5,False,False
2023-11-09,2023-11-09 09:10:00,OB,-1,5036.0,5050.25,7,False,False
2023-11-09,2023-11-09 10:50:00,IB,1,5046.5,5042.0,27,False,False
2023-11-09,2023-11-09 11:50:00,IB,1,5043.75,5039.5,39,True,True
2023-11-09,2023-11-09 12:10:00,BO,-1,5023.5,5046.25,43,False,False
2023-11-09,2023-11-09 13:20:00,IB,-1,5009.25,5018.25,57,False,False
2023-11-10,2023-11-10 08:45:00,Trap,1,5029.5,5016.25,2,False,False
2023-11-10,2023-11-10 09:05:00,BO,-1,5019.75,5028.5,6,False,False
2023-11-10,2023-11-10 09:30:00,Trap,-1,5015.75,5024.5,11,False,False
2023-11-10,2023-11-10 09:50:00,Trap,1,5018.75,5011.75,15,True,True
2023-11-10,2023-11-10 10:05:00,BO,1,5028.75,5017.5,18,False,False
2023-11-10,2023-11-10 11:40:00,BO,1,5054.0,5041.0,37,False,False
2023-11-10,2023-11-10 12:25:00,Trap,1,5057.25,5050.25,46,True,False
2023-11-10,2023-11-10 13:15:00,OB,1,5066.25,5062.25,56,False,False
2023-11-13,2023-11-13 10:50:00,BO,1,5077.75,5070.5,27,False,False
2023-11-13,2023-11-13 11:15:00,BO,-1,5073.25,5078.75,32,False,False
2023-11-13,2023-11-13 12:45:00,BO,1,5075.0,5066.25,50,False,False
2023-11-14,2023-11-14 08:35:00,Trap,1,5133.75,5070.0,0,False,False
2023-11-14,2023-11-14 10:55:00,OB,-1,5156.0,5163.25,28,False,False
2023-11-14,2023-11-14 11:35:00,BO,1,5150.75,5146.0,36,False,False
2023-11-14,2023-11-14 12:15:00,Trap,-1,5152.25,5156.75,44,True,True
2023-11-14,2023-11-14 13:00:00,OB,-1,5149.75,5156.0,53,False,False
2023-11-14,2023-11-14 14:15:00,BO,1,5167.0,5160.75,68,False,False
2023-11-14,2023-11-14 14:50:00,OB,-1,5159.0,5165.75,75,False,False
2023-11-14,2023-11-14 15:05:00,Trap,1,5158.0,5150.25,78,True,True
2023-11-15,2023-11-15 08:45:00,Trap,-1,5167.5,5174.5,2,True,True
2023-11-15,2023-11-15 10:45:00,BO,-1,5164.5,5175.0,26,False,False
2023-11-15,2023-11-15 12:05:00,OB,-1,5162.5,5168.0,42,False,False
2023-11-15,2023-11-15 12:25:00,Trap,1,5163.0,5154.75,46,True,True
2023-11-15,2023-11-15 13:05:00,IB,1,5170.5,5167.25,54,False,False
2023-11-15,2023-11-15 13:30:00,Trap,1,5171.25,5162.75,59,True,True
2023-11-15,2023-11-15 13:50:00,OB,-1,5167.25,5173.5,63,True,True
2023-11-15,2023-11-15 14:10:00,Trap,-1,5165.25,5170.75,67,False,False
2023-11-15,2023-11-15 14:50:00,BO,-1,5161.25,5170.5,75,False,False
2023-11-16,2023-11-16 12:10:00,Trap,-1,5155.75,5160.25,43,False,False
2023-11-16,2023-11-16 12:30:00,Trap,1,5158.75,5153.25,47,True,True
2023-11-16,2023-11-16 13:30:00,OB,-1,5153.75,5157.25,59,True,False
2023-11-17,2023-11-17 08:40:00,OB,-1,5161.75,5170.0,1,True,True
2023-11-17,2023-11-17 09:20:00,Trap,1,5165.75,5158.75,9,False,False
2023-11-17,2023-11-17 10:05:00,Trap,-1,5160.5,5166.75,18,False,False
2023-11-17,2023-11-17 12:15:00,Trap,1,5171.5,5166.25,44,False,False
2023-11-17,2023-11-17 14:35:00,Trap,-1,5169.5,5178.5,72,True,True
2023-11-20,2023-11-20 08:40:00,OB,1,5178.5,5168.5,1,False,False
2023-11-20,2023-11-20 09:00:00,BO,1,5185.0,5177.25,5,False,False
2023-11-20,2023-11-20 11:10:00,Trap,1,5191.75,5189.5,31,False,False
2023-11-20,2023-11-20 11:35:00,BO,-1,5190.75,5193.75,36,False,False
2023-11-20,2023-11-20 14:10:00,BO,1,5212.5,5208.25,67,False,False
2023-11-20,2023-11-20 14:50:00,Trap,-1,5210.0,5213.75,75,False,False
2023-11-21,2023-11-21 09:30:00,OB,-1,5183.75,5193.25,11,False,False
2023-11-21,2023-11-21 10:50:00,Trap,1,5189.5,5184.25,27,True,True
2023-11-21,2023-11-21 12:35:00,Trap,1,5193.75,5188.5,48,True,True
2023-11-21,2023-11-21 14:55:00,OB,1,5196.0,5191.75,76,False,False
2023-11-22,2023-11-22 08:40:00,BO,1,5221.75,5189.5,1,False,False
2023-11-22,2023-11-22 08:50:00,Trap,-1,5219.25,5224.5,3,True,True
2023-11-22,2023-11-22 09:55:00,BO,-1,5205.25,5215.5,16,False,False
2023-11-22,2023-11-22 11:45:00,IB,-1,5208.25,5214.5,38,False,False
2023-11-22,2023-11-22 12:00:00,OB,1,5211.25,5206.25,41,True,True
2023-11-22,2023-11-22 12:15:00,BO,1,5214.75,5210.25,44,False,False
2023-11-22,2023-11-22 13:40:00,OB,-1,5201.25,5215.25,61,False,False
2023-11-23,2023-11-23 10:00:00,BO,1,5216.75,5215.25,17,False,False
2023-11-24,2023-11-24 10:00:00,Trap,1,5211.0,5206.75,59,True,True
2023-11-24,2023-11-24 10:40:00,IB,-1,5208.5,5211.0,67,False,False
2023-11-24,2023-11-24 12:00:00,OB,1,5212.25,5208.25,83,False,False
2023-11-27,2023-11-27 08:35:00,IB,-1,5202.75,5213.0,0,False,False
2023-11-27,2023-11-27 09:20:00,Trap,-1,5205.25,5211.25,9,True,False
2023-11-27,2023-11-27 14:00:00,IB,1,5205.25,5201.5,65,False,False
2023-11-27,2023-11-27 14:50:00,IB,-1,5207.0,5212.0,75,False,False
2023-11-28,2023-11-28 09:05:00,Trap,1,5197.75,5193.25,6,True,True
2023-11-28,2023-11-28 11:10:00,IB,-1,5216.0,5219.0,31,False,False
2023-11-28,2023-11-28 11:35:00,OB,-1,5208.75,5214.0,36,False,False
2023-11-28,2023-11-28 12:05:00,Trap,-1,5201.0,5208.75,42,False,False
2023-11-28,2023-11-28 13:40:00,Trap,1,5203.75,5197.75,61,True,True
2023-11-28,2023-11-28 13:55:00,BO,1,5207.25,5202.75,64,False,False
2023-11-28,2023-11-28 14:15:00,BO,-1,5203.25,5206.25,68,False,False
2023-11-28,2023-11-28 14:45:00,Trap,1,5204.0,5200.75,74,False,False
2023-11-29,2023-11-29 08:35:00,IB,1,5236.5,5207.5,0,False,False
2023-11-29,2023-11-29 08:55:00,BO,1,5239.25,5233.0,4,False,False
2023-11-29,2023-11-29 09:05:00,Trap,-1,5234.0,5241.0,6,True,True
2023-11-29,2023-11-29 12:30:00,IB,1,5220.5,5215.75,47,False,False
2023-11-29,2023-11-29 13:05:00,IB,-1,5216.5,5219.75,54,False,False
2023-11-29,2023-11-29 14:20:00,BO,-1,5206.0,5212.5,69,False,False
2023-11-30,2023-11-30 08:40:00,OB,-1,5201.75,5212.5,1,True,True
2023-11-30,2023-11-30 10:00:00,IB,1,5204.75,5195.25,17,False,False
2023-11-30,2023-11-30 11:00:00,Trap,-1,5193.5,5199.0,29,False,False
2023-11-30,2023-11-30 11:20:00,BO,-1,5193.0,5199.5,33,False,False
2023-11-30,2023-11-30 12:10:00,IB,-1,5192.0,5197.25,43,False,False
2023-11-30,2023-11-30 13:00:00,Trap,1,5194.75,5190.0,53,False,False
2023-11-30,2023-11-30 14:10:00,BO,-1,5199.75,5207.25,67,False,False
2023-11-30,2023-11-30 14:35:00,Trap,1,5198.5,5194.0,72,True,True
2023-12-01,2023-12-01 09:15:00,IB,-1,5217.75,5226.25,8,False,False
2023-12-01,2023-12-01 10:30:00,Trap,1,5229.5,5220.75,23,False,False
2023-12-01,2023-12-01 12:25:00,IB,1,5245.25,5241.25,46,True,True
2023-12-01,2023-12-01 14:30:00,Trap,1,5245.75,5240.75,71,False,False
2023-12-04,2023-12-04 09:00:00,OB,-1,5213.75,5222.5,5,False,False
2023-12-04,2023-12-04 11:35:00,BO,1,5219.5,5213.75,36,False,False
2023-12-04,2023-12-04 12:30:00,OB,-1,5212.75,5219.25,47,False,False
2023-12-04,2023-12-04 13:15:00,Trap,1,5214.5,5209.0,56,True,True
2023-12-04,2023-12-04 13:25:00,Trap,-1,5212.25,5215.25,58,False,False
2023-12-04,2023-12-04 14:35:00,Trap,1,5216.5,5212.0,72,False,False
2023-12-05,2023-12-05 08:40:00,BO,-1,5203.75,5217.5,1,False,False
2023-12-05,2023-12-05 08:50:00,Trap,1,5207.5,5202.25,3,True,True
2023-12-05,2023-12-05 10:15:00,OB,-1,5221.0,5229.5,20,True,True
2023-12-05,2023-12-05 10:30:00,Trap,1,5216.25,5209.25,23,True,True
2023-12-05,2023-12-05 13:15:00,Trap,1,5218.0,5212.5,56,True,True
2023-12-05,2023-12-05 13:55:00,OB,1,5218.25,5213.75,64,False,False
2023-12-06,2023-12-06 08:40:00,Trap,-1,5232.25,5241.5,1,True,True
2023-12-06,2023-12-06 09:25:00,OB,-1,5222.5,5237.0,10,True,False
2023-12-06,2023-12-06 10:25:00,IB,-1,5221.75,5227.5,22,False,False
2023-12-06,2023-12-06 11:50:00,Trap,-1,5214.75,5220.25,39,False,False
2023-12-06,2023-12-06 13:15:00,Trap,-1,5214.5,5218.25,56,False,False
2023-12-06,2023-12-06 14:00:00,OB,-1,5211.0,5215.75,65,False,False
2023-12-06,2023-12-06 14:40:00,Trap,-1,5199.75,5205.0,73,False,False
2023-12-06,2023-12-06 14:55:00,IB,-1,5197.5,5204.0,76,False,False
2023-12-07,2023-12-07 10:15:00,Trap,-1,5223.5,5231.5,20,False,False
2023-12-08,2023-12-08 09:05:00,Trap,1,5243.75,5229.5,6,False,False
2023-12-08,2023-12-08 09:35:00,BO,-1,5242.75,5252.75,12,False,False
2023-12-08,2023-12-08 10:40:00,Trap,-1,5230.75,5239.5,25,False,False
2023-12-08,2023-12-08 11:15:00,IB,-1,5228.0,5234.5,32,False,False
2023-12-08,2023-12-08 12:45:00,IB,-1,5241.25,5245.25,50,False,False
2023-12-08,2023-12-08 13:20:00,BO,1,5248.5,5246.0,57,False,False
2023-12-08,2023-12-08 13:45:00,Trap,1,5253.0,5248.25,62,False,False
2023-12-11,2023-12-11 09:50:00,Trap,1,5257.75,5250.75,15,False,False
2023-12-11,2023-12-11 10:15:00,BO,-1,5250.5,5259.75,20,False,False
2023-12-11,2023-12-11 11:25:00,Trap,1,5255.75,5252.75,34,False,False
2023-12-11,2023-12-11 13:20:00,Trap,-1,5264.0,5267.5,57,True,True
2023-12-11,2023-12-11 13:30:00,IB,1,5266.25,5263.5,59,False,False
2023-12-11,2023-12-11 15:00:00,OB,1,5268.75,5264.25,77,False,False
2023-12-12,2023-12-12 08:40:00,BO,-1,5254.0,5268.75,1,False,False
2023-12-12,2023-12-12 09:05:00,BO,1,5265.0,5259.5,6,False,False
2023-12-12,2023-12-12 10:00:00,Trap,1,5274.0,5267.75,17,False,False
2023-12-12,2023-12-12 11:10:00,IB,-1,5270.5,5274.25,31,False,False
2023-12-12,2023-12-12 14:00:00,IB,1,5283.25,5280.75,65,False,False
2023-12-12,2023-12-12 15:05:00,BO,1,5291.25,5284.25,78,False,False
2023-12-13,2023-12-13 08:45:00,Trap,-1,5291.25,5295.25,2,True,True
2023-12-13,2023-12-13 10:25:00,Trap,-1,5296.0,5298.25,22,False,False
2023-12-13,2023-12-13 11:05:00,OB,-1,5292.0,5295.25,30,False,False
2023-12-13,2023-12-13 12:05:00,BO,-1,5289.75,5293.0,42,False,False
2023-12-13,2023-12-13 12:55:00,BO,1,5292.0,5288.75,52,False,False
2023-12-13,2023-12-13 13:10:00,OB,1,5318.25,5290.25,55,False,False
2023-12-14,2023-12-14 09:55:00,Trap,1,5371.75,5363.0,16,False,False
2023-12-14,2023-12-14 10:45:00,Trap,1,5368.75,5360.75,26,False,False
2023-12-14,2023-12-14 11:55:00,IB,-1,5372.75,5379.25,40,True,True
2023-12-15,2023-12-15 08:45:00,Trap,1,5359.25,5352.75,2,True,True
2023-12-15,2023-12-15 10:40:00,Trap,-1,5365.75,5369.5,25,False,False
2023-12-15,2023-12-15 11:40:00,BO,-1,5363.75,5368.5,37,False,False
2023-12-15,2023-12-15 12:00:00,Trap,-1,5358.25,5364.0,41,False,False
2023-12-15,2023-12-15 12:40:00,Trap,-1,5358.0,5364.0,49,True,True
2023-12-15,2023-12-15 13:30:00,BO,-1,5349.25,5356.25,59,False,False
2023-12-15,2023-12-15 14:35:00,Trap,-1,5357.25,5360.25,72,True,True
2023-12-15,2023-12-15 14:55:00,BO,1,5369.5,5355.0,76,False,False
2023-12-18,2023-12-18 09:05:00,OB,1,5380.25,5373.75,6,False,False
2023-12-18,2023-12-18 09:15:00,Trap,-1,5378.25,5382.0,8,True,True
2023-12-18,2023-12-18 10:15:00,OB,1,5380.0,5374.5,20,False,False
2023-12-18,2023-12-18 12:40:00,Trap,-1,5387.5,5390.25,49,True,True
2023-12-18,2023-12-18 13:35:00,BO,-1,5386.0,5393.5,60,False,False
2023-12-18,2023-12-18 15:05:00,BO,-1,5380.75,5389.0,78,False,False
2023-12-19,2023-12-19 08:35:00,IB,1,5392.75,5379.5,0,False,False
2023-12-19,2023-12-19 10:25:00,IB,-1,5406.0,5407.75,22,True,True
2023-12-19,2023-12-19 13:35:00,BO,1,5407.25,5404.25,60,False,False
2023-12-19,2023-12-19 13:45:00,IB,-1,5404.75,5407.5,62,True,True
2023-12-19,2023-12-19 14:15:00,Trap,1,5404.5,5401.5,68,True,True
2023-12-19,2023-12-19 14:50:00,Trap,-1,5404.25,5408.75,75,True,True
2023-12-19,2023-12-19 15:00:00,BO,1,5411.5,5403.5,77,False,False
2023-12-20,2023-12-20 09:05:00,Trap,1,5411.5,5407.25,6,False,False
2023-12-20,2023-12-20 09:35:00,IB,1,5417.0,5412.75,12,False,False
2023-12-20,2023-12-20 09:55:00,Trap,-1,5414.5,5418.75,16,True,True
2023-12-20,2023-12-20 11:35:00,IB,-1,5415.25,5418.25,36,True,True
2023-12-20,2023-12-20 11:45:00,IB,1,5418.5,5413.5,38,False,False
2023-12-20,2023-12-20 12:00:00,BO,1,5420.75,5417.75,41,False,False
2023-12-20,2023-12-20 12:45:00,BO,-1,5416.25,5420.5,50,False,False
2023-12-20,2023-12-20 14:05:00,IB,-1,5359.75,5389.5,66,False,False
2023-12-20,2023-12-20 15:00:00,OB,-1,5341.0,5363.5,77,False,False
2023-12-21,2023-12-21 08:35:00,IB,1,5378.0,5336.25,0,False,False
2023-12-21,2023-12-21 09:20:00,BO,1,5375.25,5364.25,9,False,False
2023-12-21,2023-12-21 10:05:00,Trap,1,5373.25,5367.25,18,True,False
2023-12-21,2023-12-21 11:00:00,BO,-1,5364.5,5373.5,29,False,False
2023-12-21,2023-12-21 12:05:00,Trap,1,5358.5,5351.25,42,True,True
2023-12-21,2023-12-21 13:35:00,Trap,1,5367.25,5361.5,60,False,False
2023-12-21,2023-12-21 14:55:00,OB,1,5385.75,5379.5,76,False,False
2023-12-22,2023-12-22 08:35:00,IB,1,5401.25,5385.5,0,False,False
2023-12-22,2023-12-22 09:00:00,Trap,-1,5408.5,5413.0,5,True,True
2023-12-22,2023-12-22 09:40:00,Trap,-1,5407.5,5412.25,13,False,False
2023-12-22,2023-12-22 13:00:00,Trap,-1,5401.75,5405.25,53,False,False
2023-12-22,2023-12-22 13:25:00,BO,-1,5383.0,5395.0,58,False,False
2023-12-22,2023-12-22 13:40:00,Trap,1,5385.0,5376.0,61,True,True
2023-12-26,2023-12-26 10:15:00,IB,1,5410.25,5405.75,20,False,False
2023-12-26,2023-12-26 11:50:00,BO,1,5413.0,5408.0,39,False,False
2023-12-27,2023-12-27 10:35:00,Trap,1,5414.75,5410.75,24,False,False
2023-12-27,2023-12-27 11:45:00,BO,-1,5412.75,5418.75,38,False,False
2023-12-27,2023-12-27 12:10:00,BO,1,5423.5,5413.5,43,False,False
2023-12-27,2023-12-27 14:05:00,OB,1,5415.25,5410.75,66,True,False
2023-12-27,2023-12-27 14:35:00,Trap,1,5417.0,5412.25,72,False,False
2023-12-27,2023-12-27 14:45:00,Trap,-1,5413.25,5419.25,74,True,True
2023-12-28,2023-12-28 09:30:00,BO,1,5428.0,5424.0,11,False,False
2023-12-28,2023-12-28 10:00:00,IB,-1,5426.0,5430.5,17,True,True
2023-12-28,2023-12-28 10:20:00,Trap,-1,5421.75,5426.5,21,False,False
2023-12-28,2023-12-28 11:15:00,Trap,-1,5425.0,5427.5,32,True,True
2023-12-28,2023-12-28 12:05:00,Trap,-1,5423.25,5429.75,42,True,True
2023-12-28,2023-12-28 12:45:00,Trap,-1,5426.75,5431.0,50,True,True
2023-12-28,2023-12-28 14:55:00,BO,-1,5420.5,5429.5,76,False,False
2023-12-29,2023-12-29 09:15:00,OB,-1,5422.0,5426.25,8,True,True
2023-12-29,2023-12-29 10:15:00,BO,-1,5402.75,5412.5,20,False,False
2023-12-29,2023-12-29 10:30:00,IB,-1,5394.75,5403.25,23,False,False
2023-12-29,2023-12-29 12:00:00,BO,1,5399.75,5394.0,41,False,False
2023-12-29,2023-12-29 13:25:00,BO,1,5409.0,5404.0,58,False,False
2023-12-29,2023-12-29 14:05:00,Trap,-1,5407.75,5412.25,66,True,True
2023-12-29,2023-12-29 14:30:00,Trap,1,5413.25,5406.5,71,True,True
2024-01-02,2024-01-02 09:45:00,Trap,1,5370.25,5364.5,14,True,True
2024-01-02,2024-01-02 10:05:00,Trap,1,5372.75,5366.25,18,False,False
2024-01-02,2024-01-02 10:35:00,BO,1,5377.75,5371.5,24,False,False
2024-01-02,2024-01-02 10:50:00,OB,1,5383.0,5375.5,27,False,False
2024-01-02,2024-01-02 11:40:00,BO,1,5387.25,5381.0,37,False,False
2024-01-02,2024-01-02 11:50:00,Trap,-1,5382.75,5388.75,39,True,True
2024-01-02,2024-01-02 13:55:00,OB,-1,5363.0,5368.5,64,False,False
2024-01-02,2024-01-02 14:50:00,BO,1,5364.75,5359.0,75,False,False
2024-01-03,2024-01-03 09:05:00,Trap,1,5357.5,5347.25,6,True,True
2024-01-03,2024-01-03 09:15:00,Trap,-1,5344.75,5360.75,8,True,False
2024-01-03,2024-01-03 10:05:00,BO,1,5347.0,5338.25,18,False,False
2024-01-03,2024-01-03 11:30:00,IB,1,5346.5,5340.25,35,True,True
2024-01-03,2024-01-03 14:35:00,Trap,1,5347.5,5340.25,72,True,True
2024-01-03,2024-01-03 14:45:00,IB,-1,5340.5,5348.5,74,False,False
2024-01-04,2024-01-04 10:35:00,OB,-1,5352.75,5357.75,24,True,True
2024-01-04,2024-01-04 11:55:00,Trap,1,5339.5,5334.25,40,True,True
2024-01-04,2024-01-04 13:00:00,OB,-1,5338.5,5342.25,53,True,True
2024-01-04,2024-01-04 13:25:00,Trap,-1,5333.5,5339.25,58,False,False
2024-01-04,2024-01-04 13:55:00,OB,1,5336.0,5329.25,64,True,True
2024-01-04,2024-01-04 14:05:00,BO,-1,5332.25,5337.75,66,False,False
2024-01-04,2024-01-04 14:20:00,IB,-1,5331.0,5338.25,69,False,False
2024-01-04,2024-01-04 14:35:00,Trap,1,5332.75,5328.25,72,True,True
2024-01-04,2024-01-04 14:45:00,IB,-1,5331.25,5334.75,74,False,False
2024-01-05,2024-01-05 10:15:00,Trap,1,5349.75,5342.75,20,False,False
2024-01-05,2024-01-05 12:05:00,IB,-1,5316.5,5325.75,42,False,False
2024-01-05,2024-01-05 12:30:00,BO,1,5325.25,5313.0,47,False,False
2024-01-05,2024-01-05 13:20:00,OB,-1,5329.0,5336.75,57,True,True
2024-01-05,2024-01-05 13:45:00,OB,-1,5324.25,5331.75,62,False,False
2024-01-05,2024-01-05 14:15:00,OB,1,5317.75,5313.25,68,False,False
2024-01-08,2024-01-08 11:35:00,IB,1,5356.5,5351.75,36,False,False
2024-01-08,2024-01-08 12:15:00,Trap,-1,5360.25,5363.75,44,True,True
2024-01-08,2024-01-08 13:30:00,Trap,1,5376.75,5370.5,59,False,False
2024-01-08,2024-01-08 14:40:00,Trap,1,5390.25,5382.75,73,False,False
2024-01-08,2024-01-08 14:50:00,Trap,-1,5383.5,5392.0,75,True,True
2024-01-09,2024-01-09 08:45:00,Trap,-1,5363.5,5367.5,2,False,False
2024-01-09,2024-01-09 09:30:00,IB,-1,5370.25,5375.0,11,False,False
2024-01-09,2024-01-09 10:00:00,BO,-1,5367.75,5373.25,17,False,False
2024-01-09,2024-01-09 10:20:00,IB,1,5375.75,5370.5,21,False,False
2024-01-09,2024-01-09 11:20:00,IB,-1,5385.5,5389.5,33,False,False
2024-01-09,2024-01-09 12:25:00,IB,-1,5385.25,5390.25,46,False,False
2024-01-09,2024-01-09 12:55:00,BO,1,5391.0,5379.75,52,False,False
2024-01-09,2024-01-09 13:30:00,Trap,-1,5381.5,5386.25,59,False,False
2024-01-09,2024-01-09 13:45:00,IB,-1,5380.75,5385.25,62,False,False
2024-01-10,2024-01-10 10:45:00,IB,1,5395.0,5390.25,26,False,False
2024-01-10,2024-01-10 11:00:00,Trap,1,5394.25,5389.5,29,True,False
2024-01-10,2024-01-10 15:00:00,OB,1,5410.5,5397.0,77,True,True
2024-01-11,2024-01-11 08:45:00,Trap,-1,5413.25,5423.5,2,True,True
2024-01-11,2024-01-11 09:10:00,OB,-1,5380.25,5406.0,7,False,False
2024-01-11,2024-01-11 13:00:00,OB,1,5399.5,5389.75,53,False,False
2024-01-11,2024-01-11 13:10:00,Trap,-1,5395.5,5403.75,55,True,True
2024-01-11,2024-01-11 14:10:00,BO,-1,5402.75,5412.0,67,False,False
2024-01-11,2024-01-11 14:50:00,IB,1,5403.0,5399.0,75,False,False
2024-01-12,2024-01-12 08:40:00,BO,1,5425.5,5405.0,1,False,False
2024-01-12,2024-01-12 09:20:00,BO,-1,5401.25,5416.5,9,False,False
2024-01-12,2024-01-12 09:40:00,Trap,-1,5402.75,5410.75,13,False,False
2024-01-12,2024-01-12 13:35:00,IB,-1,5406.25,5413.75,60,False,False
2024-01-12,2024-01-12 14:25:00,OB,-1,5400.5,5404.5,70,False,False
2024-01-12,2024-01-12 14:35:00,BO,1,5406.0,5399.0,72,False,False
2024-01-12,2024-01-12 15:05:00,Trap,-1,5405.25,5410.75,78,True,True
2024-01-16,2024-01-16 08:40:00,BO,-1,5386.75,5404.75,43,False,False
2024-01-16,2024-01-16 09:00:00,Trap,1,5385.25,5374.75,47,True,True
2024-01-16,2024-01-16 10:05:00,IB,-1,5392.5,5406.25,60,True,True
2024-01-16,2024-01-16 10:20:00,Trap,1,5399.0,5388.25,63,False,False
2024-01-16,2024-01-16 11:50:00,IB,-1,5381.25,5387.25,81,False,False
2024-01-16,2024-01-16 13:10:00,OB,-1,5377.0,5382.25,97,False,False
2024-01-16,2024-01-16 13:50:00,Trap,1,5382.25,5376.0,105,False,False
2024-01-16,2024-01-16 14:30:00,Trap,-1,5380.75,5385.0,113,False,False
2024-01-17,2024-01-17 08:35:00,Trap,-1,5351.75,5391.25,0,False,False
2024-01-17,2024-01-17 10:05:00,Trap,1,5364.75,5356.25,18,False,False
2024-01-17,2024-01-17 10:55:00,OB,-1,5361.25,5367.0,28,True,True
2024-01-17,2024-01-17 11:50:00,Trap,1,5354.75,5350.25,39,True,True
2024-01-17,2024-01-17 12:15:00,OB,-1,5351.25,5359.75,44,True,True
2024-01-17,2024-01-17 13:25:00,BO,1,5351.5,5344.25,58,False,False
2024-01-17,2024-01-17 14:05:00,Trap,-1,5350.5,5355.5,66,False,False
2024-01-17,2024-01-17 14:35:00,IB,1,5352.0,5345.75,72,False,False
2024-01-18,2024-01-18 10:00:00,Trap,-1,5379.75,5386.25,17,True,True
2024-01-18,2024-01-18 10:45:00,Trap,-1,5382.25,5387.5,26,True,True
2024-01-18,2024-01-18 11:05:00,IB,-1,5371.0,5385.25,30,False,False
2024-01-18,2024-01-18 12:40:00,BO,1,5373.0,5362.25,49,False,False
2024-01-18,2024-01-18 13:55:00,Trap,1,5394.5,5386.75,64,False,False
2024-01-19,2024-01-19 08:55:00,BO,1,5413.75,5406.25,4,False,False
2024-01-19,2024-01-19 09:10:00,Trap,-1,5409.0,5421.0,7,True,True
2024-01-19,2024-01-19 09:20:00,IB,1,5415.25,5406.75,9,False,False
2024-01-19,2024-01-19 11:00:00,BO,1,5426.25,5419.25,29,False,False
2024-01-19,2024-01-19 12:15:00,BO,1,5442.25,5434.75,44,False,False
2024-01-19,2024-01-19 13:35:00,Trap,-1,5454.75,5465.5,60,True,True
2024-01-19,2024-01-19 14:55:00,OB,1,5461.75,5456.25,76,False,False
2024-01-22,2024-01-22 09:35:00,OB,-1,5477.0,5486.5,12,False,False
2024-01-22,2024-01-22 09:50:00,IB,-1,5472.25,5480.25,15,False,False
2024-01-22,2024-01-22 10:05:00,OB,-1,5469.25,5476.75,18,False,False
2024-01-22,2024-01-22 11:10:00,IB,-1,5471.5,5479.25,31,False,False
2024-01-22,2024-01-22 12:05:00,IB,-1,5471.25,5476.5,42,False,False
2024-01-22,2024-01-22 12:25:00,OB,-1,5470.25,5475.0,46,False,False
2024-01-22,2024-01-22 12:55:00,BO,1,5476.25,5469.25,52,False,False
2024-01-22,2024-01-22 13:30:00,Trap,1,5473.25,5467.25,59,True,True
2024-01-22,2024-01-22 14:40:00,IB,-1,5476.25,5479.25,73,True,True
2024-01-23,2024-01-23 10:45:00,OB,1,5469.0,5465.5,26,True,True
2024-01-23,2024-01-23 12:00:00,BO,1,5475.5,5469.25,41,False,False
2024-01-23,2024-01-23 12:50:00,BO,1,5475.75,5472.25,51,False,False
2024-01-24,2024-01-24 09:05:00,Trap,-1,5502.0,5510.0,6,False,False
2024-01-24,2024-01-24 09:15:00,IB,1,5508.25,5500.25,8,False,False
2024-01-24,2024-01-24 09:55:00,Trap,-1,5515.25,5523.0,16,True,True
2024-01-24,2024-01-24 11:30:00,Trap,1,5520.0,5514.75,35,False,False
2024-01-24,2024-01-24 12:40:00,BO,-1,5507.75,5518.5,49,False,False
2024-01-24,2024-01-24 13:45:00,IB,1,5504.5,5496.25,62,False,False
2024-01-24,2024-01-24 14:00:00,Trap,-1,5501.75,5507.25,65,True,False
2024-01-24,2024-01-24 14:15:00,Trap,-1,5495.0,5505.5,68,False,False
2024-01-24,2024-01-24 14:55:00,BO,-1,5488.75,5500.25,76,False,False
2024-01-25,2024-01-25 08:35:00,IB,1,5509.5,5480.25,0,False,False
2024-01-25,2024-01-25 08:45:00,IB,-1,5504.0,5511.5,2,False,False
2024-01-25,2024-01-25 09:05:00,Trap,-1,5506.0,5510.5,6,False,False
2024-01-25,2024-01-25 09:25:00,IB,1,5515.75,5508.75,10,False,False
2024-01-25,2024-01-25 10:15:00,BO,1,5509.5,5502.5,20,False,False
2024-01-25,2024-01-25 10:45:00,IB,-1,5509.25,5512.75,26,False,False
2024-01-25,2024-01-25 11:00:00,Trap,-1,5510.5,5515.5,29,True,True
2024-01-25,2024-01-25 12:45:00,OB,1,5500.0,5494.75,50,True,True
2024-01-25,2024-01-25 13:00:00,BO,-1,5494.0,5502.5,53,False,False
2024-01-26,2024-01-26 08:55:00,BO,-1,5507.75,5514.25,4,False,False
2024-01-26,2024-01-26 10:40:00,Trap,-1,5516.0,5522.5,25,False,False
2024-01-26,2024-01-26 12:45:00,IB,-1,5501.75,5508.75,50,True,True
2024-01-26,2024-01-26 13:00:00,Trap,1,5503.25,5498.75,53,True,True
2024-01-26,2024-01-26 13:45:00,BO,1,5511.0,5502.75,62,False,False
2024-01-26,2024-01-26 14:25:00,Trap,-1,5509.25,5514.0,70,False,False
2024-01-29,2024-01-29 11:40:00,IB,1,5517.75,5514.5,37,False,False
2024-01-29,2024-01-29 11:50:00,OB,-1,5512.5,5518.75,39,True,True
2024-01-29,2024-01-29 12:55:00,IB,-1,5515.0,5518.0,52,False,False
2024-01-29,2024-01-29 13:10:00,OB,1,5517.75,5513.5,55,True,False
2024-01-30,2024-01-30 11:20:00,BO,-1,5542.5,5547.0,33,False,False
2024-01-30,2024-01-30 13:10:00,Trap,-1,5538.0,5541.25,55,False,False
2024-01-31,2024-01-31 08:45:00,IB,-1,5511.25,5521.75,2,False,False
2024-01-31,2024-01-31 10:05:00,OB,1,5501.75,5494.5,18,True,True
2024-01-31,2024-01-31 10:25:00,Trap,-1,5501.5,5505.5,22,True,False
2024-01-31,2024-01-31 11:40:00,OB,-1,5498.0,5504.25,37,False,False
2024-01-31,2024-01-31 12:50:00,BO,1,5507.0,5500.75,51,False,False
2024-01-31,2024-01-31 13:55:00,OB,-1,5502.25,5521.0,64,True,True
2024-02-01,2024-02-01 09:30:00,Trap,1,5490.0,5478.0,11,False,False
2024-02-01,2024-02-01 12:05:00,OB,-1,5493.75,5510.75,42,True,True
2024-02-01,2024-02-01 12:15:00,Trap,1,5499.0,5490.25,44,True,True
2024-02-01,2024-02-01 14:05:00,BO,1,5517.25,5509.75,66,False,False
2024-02-01,2024-02-01 14:50:00,Trap,-1,5512.0,5519.25,75,True,True
2024-02-01,2024-02-01 15:00:00,Trap,1,5521.0,5509.25,77,True,True
2024-02-02,2024-02-02 09:40:00,Trap,1,5540.25,5531.0,13,False,False
2024-02-02,2024-02-02 10:30:00,Trap,1,5557.25,5547.75,23,False,False
2024-02-02,2024-02-02 11:00:00,Trap,-1,5563.5,5568.5,29,True,True
2024-02-02,2024-02-02 14:55:00,Trap,1,5581.75,5574.25,76,True,True
2024-02-05,2024-02-05 12:25:00,BO,-1,5557.0,5562.5,46,False,False
2024-02-05,2024-02-05 14:10:00,BO,-1,5559.25,5567.5,67,False,False
2024-02-05,2024-02-05 14:25:00,Trap,1,5560.25,5552.75,70,True,True
2024-02-06,2024-02-06 09:05:00,BO,-1,5553.25,5566.75,6,False,False
2024-02-06,2024-02-06 10:50:00,BO,-1,5550.75,5559.0,27,False,False
2024-02-06,2024-02-06 11:30:00,Trap,1,5555.0,5547.0,35,True,True
2024-02-06,2024-02-06 12:15:00,Trap,-1,5552.25,5557.0,44,True,True
2024-02-06,2024-02-06 13:10:00,OB,-1,5550.5,5562.0,55,True,True
2024-02-06,2024-02-06 13:25:00,Trap,1,5552.0,5547.0,58,True,True
2024-02-06,2024-02-06 14:50:00,BO,1,5557.5,5552.75,75,False,False
2024-02-07,2024-02-07 09:15:00,OB,1,5594.25,5580.75,8,False,False
2024-02-07,2024-02-07 13:20:00,Trap,-1,5604.25,5608.75,57,True,False
2024-02-07,2024-02-07 14:35:00,Trap,-1,5606.5,5609.0,72,False,False
2024-02-07,2024-02-07 14:55:00,IB,-1,5602.5,5608.25,76,False,False
2024-02-08,2024-02-08 08:45:00,Trap,-1,5602.0,5607.25,2,False,False
2024-02-08,2024-02-08 11:15:00,Trap,1,5602.5,5598.75,32,False,False
2024-02-08,2024-02-08 12:05:00,Trap,1,5605.25,5597.5,42,True,True
2024-02-08,2024-02-08 13:10:00,Trap,-1,5602.25,5606.5,55,False,False
2024-02-08,2024-02-08 14:00:00,BO,1,5606.0,5602.75,65,False,False
2024-02-09,2024-02-09 09:00:00,Trap,1,5618.0,5610.25,5,False,False
2024-02-09,2024-02-09 10:05:00,Trap,1,5624.0,5619.75,18,False,False
2024-02-09,2024-02-09 11:30:00,OB,1,5624.25,5618.75,35,False,False
2024-02-09,2024-02-09 12:45:00,BO,-1,5628.75,5632.5,50,False,False
2024-02-09,2024-02-09 14:05:00,BO,-1,5632.5,5638.0,66,False,False
2024-02-09,2024-02-09 15:00:00,OB,1,5635.25,5630.25,77,True,True
2024-02-12,2024-02-12 10:25:00,BO,1,5649.75,5643.0,22,False,False
2024-02-12,2024-02-12 11:25:00,BO,-1,5651.5,5657.25,34,False,False
2024-02-12,2024-02-12 12:30:00,OB,-1,5648.0,5657.0,47,True,True
2024-02-12,2024-02-12 13:20:00,IB,-1,5626.5,5644.25,57,False,False
2024-02-12,2024-02-12 15:10:00,IB,-1,5627.0,5633.75,79,False,False
2024-02-13,2024-02-13 09:25:00,Trap,1,5563.0,5553.0,10,True,True
2024-02-13,2024-02-13 10:55:00,IB,-1,5572.75,5579.5,28,False,False
2024-02-13,2024-02-13 11:55:00,BO,-1,5564.5,5574.25,40,False,False
2024-02-13,2024-02-13 12:50:00,BO,-1,5557.0,5562.25,51,False,False
2024-02-13,2024-02-13 13:10:00,OB,-1,5547.0,5556.75,55,False,False
2024-02-13,2024-02-13 13:35:00,Trap,1,5547.75,5538.5,60,True,True
2024-02-13,2024-02-13 13:50:00,OB,-1,5537.75,5550.25,63,False,False
2024-02-13,2024-02-13 14:35:00,OB,1,5539.0,5527.75,72,True,True
2024-02-14,2024-02-14 08:40:00,Trap,-1,5579.5,5593.5,1,True,True
2024-02-14,2024-02-14 09:25:00,OB,1,5598.75,5587.0,10,False,False
2024-02-14,2024-02-14 10:00:00,OB,-1,5579.75,5591.75,17,False,False
2024-02-14,2024-02-14 10:25:00,Trap,1,5583.25,5573.5,22,False,False
2024-02-14,2024-02-14 11:05:00,BO,-1,5568.0,5581.0,30,False,False
2024-02-14,2024-02-14 12:15:00,IB,-1,5576.5,5586.0,44,False,False
2024-02-14,2024-02-14 12:35:00,IB,1,5585.0,5576.0,48,False,False
2024-02-14,2024-02-14 13:10:00,BO,-1,5574.5,5588.5,55,False,False
2024-02-14,2024-02-14 13:30:00,BO,1,5587.0,5577.75,59,False,False
2024-02-14,2024-02-14 14:05:00,OB,1,5591.75,5584.75,66,False,False
2024-02-15,2024-02-15 09:35:00,OB,-1,5613.0,5623.25,12,True,True
2024-02-15,2024-02-15 10:10:00,BO,-1,5606.75,5617.25,19,False,False
2024-02-15,2024-02-15 10:55:00,Trap,-1,5614.0,5619.0,28,True,True
2024-02-15,2024-02-15 14:25:00,IB,-1,5629.75,5637.0,70,False,False
2024-02-15,2024-02-15 15:00:00,BO,1,5638.0,5629.25,77,False,False
2024-02-16,2024-02-16 08:35:00,OB,-1,5627.5,5641.75,0,True,True
2024-02-16,2024-02-16 10:45:00,Trap,1,5639.75,5633.25,26,False,False
2024-02-16,2024-02-16 11:40:00,Trap,-1,5636.75,5640.0,37,False,False
2024-02-16,2024-02-16 12:05:00,BO,-1,5628.25,5638.0,42,False,False
2024-02-16,2024-02-16 13:00:00,OB,1,5640.75,5636.75,53,False,False
2024-02-16,2024-02-16 13:35:00,Trap,-1,5641.0,5644.25,60,False,False
2024-02-16,2024-02-16 14:45:00,BO,-1,5613.0,5623.5,74,False,False
2024-02-19,2024-02-19 09:20:00,BO,-1,5616.75,5619.25,9,False,False
2024-02-19,2024-02-19 09:50:00,OB,-1,5614.75,5617.5,15,False,False
2024-02-19,2024-02-19 11:25:00,Trap,-1,5615.0,5616.0,34,False,False
2024-02-20,2024-02-20 08:45:00,BO,-1,5582.75,5600.5,44,False,False
2024-02-20,2024-02-20 11:35:00,IB,1,5570.0,5563.5,78,False,False
2024-02-20,2024-02-20 15:00:00,Trap,1,5583.75,5573.25,119,False,False
2024-02-21,2024-02-21 09:05:00,BO,1,5575.25,5565.5,6,False,False
2024-02-21,2024-02-21 09:30:00,IB,-1,5569.0,5575.5,11,False,False
2024-02-21,2024-02-21 10:15:00,OB,1,5577.5,5567.75,20,False,False
2024-02-21,2024-02-21 10:30:00,IB,-1,5573.25,5578.25,23,False,False
2024-02-21,2024-02-21 11:05:00,Trap,-1,5571.25,5576.5,30,False,False
2024-02-21,2024-02-21 13:20:00,BO,-1,5567.0,5574.0,57,False,False
2024-02-21,2024-02-21 14:30:00,Trap,1,5559.5,5550.25,71,True,True
2024-02-21,2024-02-21 14:55:00,Trap,1,5583.75,5573.75,76,False,False
2024-02-22,2024-02-22 09:30:00,Trap,1,5667.25,5660.0,11,False,False
2024-02-22,2024-02-22 10:20:00,BO,1,5669.25,5659.75,21,False,False
2024-02-22,2024-02-22 14:40:00,Trap,1,5694.5,5687.0,73,False,False
2024-02-23,2024-02-23 11:20:00,Trap,-1,5698.75,5702.75,33,True,True
2024-02-23,2024-02-23 11:40:00,Trap,1,5698.25,5690.5,37,True,True
2024-02-23,2024-02-23 12:45:00,IB,-1,5699.25,5703.5,50,False,False
2024-02-23,2024-02-23 13:25:00,IB,-1,5690.5,5695.5,58,False,False
2024-02-23,2024-02-23 13:35:00,Trap,1,5694.25,5689.0,60,True,True
2024-02-23,2024-02-23 14:40:00,Trap,1,5694.75,5689.75,73,True,True
2024-02-23,2024-02-23 15:00:00,Trap,-1,5691.0,5700.5,77,True,True
2024-02-26,2024-02-26 08:45:00,Trap,-1,5693.5,5699.25,2,False,False
2024-02-26,2024-02-26 09:15:00,Trap,-1,5691.25,5697.25,8,False,False
2024-02-26,2024-02-26 10:25:00,Trap,-1,5683.5,5689.0,22,False,False
2024-02-26,2024-02-26 11:05:00,IB,-1,5686.25,5691.0,30,False,False
2024-02-26,2024-02-26 11:35:00,Trap,-1,5688.0,5690.75,36,False,False
2024-02-26,2024-02-26 12:35:00,BO,-1,5674.75,5683.75,48,False,False
2024-02-26,2024-02-26 13:15:00,Trap,-1,5677.25,5684.75,56,True,True
2024-02-26,2024-02-26 13:25:00,Trap,1,5682.5,5676.75,58,False,False
2024-02-26,2024-02-26 14:20:00,Trap,-1,5679.75,5685.0,69,True,False
2024-02-26,2024-02-26 15:00:00,OB,-1,5671.25,5681.0,77,False,False
2024-02-27,2024-02-27 08:40:00,Trap,-1,5670.0,5678.25,1,False,False
2024-02-27,2024-02-27 09:10:00,Trap,-1,5669.5,5676.75,7,False,False
2024-02-27,2024-02-27 09:20:00,IB,1,5673.5,5667.0,9,False,False
2024-02-27,2024-02-27 09:40:00,Trap,-1,5669.75,5673.75,13,False,False
2024-02-27,2024-02-27 13:20:00,BO,1,5675.0,5668.5,57,False,False
2024-02-27,2024-02-27 14:20:00,Trap,-1,5674.5,5678.5,69,True,True
2024-02-27,2024-02-27 14:30:00,OB,1,5678.5,5673.0,71,False,False
2024-02-28,2024-02-28 08:55:00,IB,-1,5662.5,5668.5,4,False,False
2024-02-28,2024-02-28 09:35:00,Trap,1,5669.75,5664.0,12,False,False
2024-02-28,2024-02-28 11:35:00,BO,-1,5667.5,5673.25,36,False,False
2024-02-28,2024-02-28 12:20:00,BO,1,5671.5,5665.25,45,False,False
2024-02-28,2024-02-28 13:10:00,OB,-1,5672.0,5677.5,55,False,False
2024-02-28,2024-02-28 14:00:00,Trap,1,5668.75,5662.25,65,True,True
2024-02-29,2024-02-29 09:15:00,BO,-1,5677.75,5695.75,8,False,False
2024-02-29,2024-02-29 10:30:00,OB,-1,5680.0,5685.5,23,False,False
2024-02-29,2024-02-29 10:50:00,Trap,1,5672.25,5661.25,27,True,True
2024-02-29,2024-02-29 11:30:00,OB,-1,5673.75,5679.5,35,True,True
2024-02-29,2024-02-29 13:30:00,Trap,-1,5685.25,5691.25,59,True,True
2024-03-01,2024-03-01 10:15:00,Trap,-1,5715.25,5721.5,20,True,True
2024-03-01,2024-03-01 12:10:00,Trap,1,5727.0,5724.25,43,False,False
2024-03-01,2024-03-01 12:20:00,IB,-1,5725.75,5728.75,45,True,True
2024-03-01,2024-03-01 13:00:00,Trap,1,5734.0,5729.75,53,False,False
2024-03-01,2024-03-01 13:30:00,Trap,1,5739.5,5733.25,59,False,False
2024-03-01,2024-03-01 14:10:00,BO,-1,5733.75,5739.5,67,False,False
2024-03-01,2024-03-01 15:05:00,Trap,-1,5733.0,5739.25,78,True,True
2024-03-04,2024-03-04 09:25:00,Trap,1,5731.75,5727.25,10,True,False
2024-03-04,2024-03-04 09:55:00,OB,-1,5732.0,5735.5,16,True,True
2024-03-04,2024-03-04 13:35:00,IB,1,5737.75,5733.5,60,False,False
2024-03-04,2024-03-04 14:50:00,Trap,-1,5730.75,5740.5,75,False,False
2024-03-05,2024-03-05 09:15:00,BO,-1,5696.0,5712.75,8,False,False
2024-03-05,2024-03-05 10:25:00,IB,1,5687.25,5681.0,22,False,False
2024-03-05,2024-03-05 10:40:00,Trap,-1,5683.0,5689.5,25,True,True
2024-03-05,2024-03-05 12:05:00,Trap,-1,5683.25,5688.0,42,False,False
2024-03-05,2024-03-05 12:20:00,Trap,-1,5680.5,5687.0,45,False,False
2024-03-05,2024-03-05 12:35:00,BO,1,5684.25,5679.0,48,False,False
2024-03-05,2024-03-05 12:45:00,BO,-1,5675.0,5686.5,50,False,False
2024-03-05,2024-03-05 13:35:00,IB,-1,5669.5,5677.25,60,False,False
2024-03-05,2024-03-05 14:15:00,Trap,-1,5657.5,5666.0,68,False,False
2024-03-05,2024-03-05 14:50:00,OB,1,5669.25,5657.25,75,False,False
2024-03-06,2024-03-06 08:40:00,Trap,-1,5704.25,5713.5,1,True,True
2024-03-06,2024-03-06 11:55:00,BO,-1,5716.75,5722.75,40,False,False
2024-03-06,2024-03-06 12:20:00,IB,1,5721.5,5715.75,45,False,False
2024-03-06,2024-03-06 14:15:00,Trap,-1,5693.0,5702.75,68,False,False
2024-03-07,2024-03-07 08:55:00,Trap,1,5734.0,5724.5,4,False,False
2024-03-07,2024-03-07 10:25:00,Trap,1,5747.5,5742.25,22,True,False
2024-03-07,2024-03-07 11:00:00,BO,1,5749.25,5742.75,29,False,False
2024-03-08,2024-03-08 09:40:00,BO,-1,5775.25,5783.25,13,False,False
2024-03-08,2024-03-08 10:05:00,Trap,-1,5767.0,5780.5,18,False,False
2024-03-08,2024-03-08 10:25:00,BO,-1,5754.5,5765.0,22,False,False
2024-03-08,2024-03-08 10:50:00,IB,-1,5744.75,5754.5,27,False,False
2024-03-08,2024-03-08 13:25:00,BO,1,5736.0,5725.0,58,False,False
2024-03-08,2024-03-08 13:55:00,Trap,-1,5740.25,5746.5,64,True,True
2024-03-08,2024-03-08 14:15:00,BO,-1,5731.75,5746.0,68,False,False
2024-03-11,2024-03-11 09:35:00,IB,1,5697.0,5685.5,12,False,False
2024-03-11,2024-03-11 10:15:00,OB,-1,5698.25,5707.75,20,True,True
2024-03-11,2024-03-11 10:30:00,OB,-1,5693.25,5700.25,23,False,False
2024-03-11,2024-03-11 12:25:00,IB,1,5709.5,5701.0,46,False,False
2024-03-11,2024-03-11 13:45:00,Trap,1,5714.25,5707.75,62,False,False
2024-03-11,2024-03-11 14:15:00,IB,-1,5710.0,5716.0,68,False,False
2024-03-11,2024-03-11 14:55:00,OB,-1,5706.5,5715.75,76,True,False
2024-03-12,2024-03-12 08:40:00,Trap,-1,5714.0,5737.0,1,True,True
2024-03-12,2024-03-12 08:55:00,Trap,1,5718.5,5707.0,4,False,False
2024-03-12,2024-03-12 09:25:00,OB,1,5746.25,5733.0,10,False,False
2024-03-12,2024-03-12 09:50:00,BO,1,5760.75,5753.5,15,False,False
2024-03-12,2024-03-12 10:05:00,BO,-1,5754.75,5764.75,18,False,False
2024-03-12,2024-03-12 10:55:00,Trap,1,5760.0,5751.25,28,True,True
2024-03-12,2024-03-12 11:05:00,IB,-1,5751.75,5760.5,30,False,False
2024-03-12,2024-03-12 11:55:00,Trap,1,5743.75,5734.5,40,True,True
2024-03-12,2024-03-12 12:20:00,BO,1,5749.5,5735.5,45,False,False
2024-03-12,2024-03-12 13:45:00,OB,-1,5756.25,5768.0,62,True,True
2024-03-13,2024-03-13 08:35:00,Trap,-1,5765.75,5771.25,0,False,False
2024-03-13,2024-03-13 09:10:00,Trap,1,5762.25,5755.75,7,True,True
2024-03-13,2024-03-13 09:55:00,OB,-1,5760.25,5767.0,16,True,True
2024-03-13,2024-03-13 10:30:00,Trap,-1,5759.5,5766.25,23,False,False
2024-03-13,2024-03-13 12:10:00,OB,1,5770.0,5762.75,43,False,False
2024-03-13,2024-03-13 12:20:00,IB,-1,5766.5,5772.25,45,False,False
2024-03-13,2024-03-13 14:30:00,IB,-1,5751.5,5767.0,71,False,False
2024-03-14,2024-03-14 08:50:00,IB,-1,5746.5,5768.5,3,False,False
2024-03-14,2024-03-14 10:05:00,Trap,1,5747.25,5737.75,18,True,True
2024-03-14,2024-03-14 11:10:00,OB,-1,5736.75,5748.75,31,True,False
2024-03-14,2024-03-14 11:25:00,IB,1,5745.0,5735.25,34,True,True
2024-03-14,2024-03-14 12:20:00,BO,-1,5728.0,5737.5,45,False,False
2024-03-14,2024-03-14 13:55:00,Trap,-1,5738.0,5746.0,64,False,False
2024-03-15,2024-03-15 10:00:00,IB,-1,5722.5,5728.75,17,False,False
2024-03-15,2024-03-15 10:30:00,Trap,1,5718.5,5712.75,23,True,True
2024-03-15,2024-03-15 10:40:00,IB,-1,5713.75,5720.25,25,False,False
2024-03-15,2024-03-15 11:50:00,IB,-1,5700.5,5706.25,39,False,False
2024-03-15,2024-03-15 12:50:00,Trap,-1,5702.5,5708.5,51,False,False
2024-03-15,2024-03-15 13:10:00,Trap,-1,5707.5,5713.0,55,True,True
2024-03-15,2024-03-15 13:45:00,BO,1,5715.75,5706.25,62,False,False
2024-03-15,2024-03-15 15:05:00,Trap,1,5712.75,5704.5,78,True,True
2024-03-18,2024-03-18 08:35:00,IB,1,5759.5,5710.25,0,False,False
2024-03-18,2024-03-18 09:10:00,IB,1,5758.25,5749.5,7,False,False
2024-03-18,2024-03-18 10:55:00,OB,-1,5752.75,5757.75,28,False,False
2024-03-18,2024-03-18 11:15:00,IB,1,5757.0,5750.0,32,False,False
2024-03-18,2024-03-18 11:55:00,IB,-1,5748.75,5755.0,40,False,False
2024-03-18,2024-03-18 12:40:00,OB,-1,5746.5,5754.5,49,True,True
2024-03-18,2024-03-18 14:30:00,OB,-1,5750.25,5753.25,71,False,False
2024-03-18,2024-03-18 14:55:00,Trap,-1,5740.5,5750.75,76,False,False
2024-03-19,2024-03-19 09:40:00,IB,1,5732.0,5723.5,13,False,False
2024-03-19,2024-03-19 10:35:00,BO,1,5742.0,5733.25,24,False,False
2024-03-19,2024-03-19 11:25:00,OB,1,5752.0,5740.75,34,False,False
2024-03-19,2024-03-19 12:55:00,Trap,-1,5759.25,5764.0,52,True,False
2024-03-19,2024-03-19 14:10:00,IB,-1,5757.25,5762.0,67,False,False
2024-03-20,2024-03-20 09:30:00,OB,1,5773.75,5765.75,11,False,False
2024-03-20,2024-03-20 09:40:00,Trap,-1,5768.0,5774.75,13,True,True
2024-03-20,2024-03-20 11:35:00,Trap,-1,5765.5,5768.75,36,False,False
2024-03-20,2024-03-20 12:10:00,BO,-1,5766.5,5771.25,43,False,False
2024-03-20,2024-03-20 12:50:00,Trap,1,5764.5,5760.0,51,True,True
2024-03-20,2024-03-20 13:45:00,Trap,1,5791.75,5768.0,62,False,False
2024-03-20,2024-03-20 15:00:00,OB,1,5814.75,5801.25,77,True,False
2024-03-21,2024-03-21 08:50:00,Trap,-1,5836.0,5848.5,3,True,True
2024-03-21,2024-03-21 10:05:00,BO,-1,5842.25,5848.0,18,False,False
2024-03-21,2024-03-21 12:55:00,OB,-1,5836.75,5843.75,52,False,False
2024-03-21,2024-03-21 13:40:00,BO,-1,5831.5,5839.5,61,False,False
2024-03-21,2024-03-21 14:40:00,Trap,-1,5832.75,5840.0,73,True,True
2024-03-22,2024-03-22 09:15:00,Trap,-1,5823.75,5830.25,8,False,False
2024-03-22,2024-03-22 11:45:00,Trap,1,5821.75,5816.0,38,True,True
2024-03-22,2024-03-22 12:40:00,Trap,-1,5826.5,5829.75,49,True,True
2024-03-22,2024-03-22 13:30:00,Trap,1,5832.0,5826.5,59,True,False
2024-03-22,2024-03-22 15:00:00,Trap,-1,5819.0,5830.0,77,True,True
2024-03-25,2024-03-25 08:45:00,IB,-1,5802.75,5809.25,2,False,False
2024-03-25,2024-03-25 08:55:00,Trap,1,5808.25,5801.25,4,True,True
2024-03-25,2024-03-25 11:05:00,IB,-1,5809.25,5813.75,30,False,False
2024-03-25,2024-03-25 13:00:00,Trap,1,5812.75,5810.25,53,False,False
2024-03-25,2024-03-25 14:10:00,BO,-1,5811.0,5814.75,67,False,False
2024-03-26,2024-03-26 08:35:00,IB,1,5818.5,5804.0,0,False,False
2024-03-26,2024-03-26 09:20:00,Trap,1,5819.5,5814.25,9,False,False
2024-03-26,2024-03-26 13:45:00,OB,-1,5812.25,5816.0,62,True,True
2024-03-26,2024-03-26 14:35:00,OB,-1,5803.25,5812.25,72,False,False
2024-03-27,2024-03-27 09:50:00,OB,-1,5799.25,5806.75,15,False,False
2024-03-27,2024-03-27 10:30:00,IB,-1,5799.75,5804.25,23,False,False
2024-03-27,2024-03-27 10:40:00,Trap,1,5801.5,5797.75,25,True,True
2024-03-27,2024-03-27 11:25:00,OB,1,5803.25,5798.5,34,False,False
2024-03-27,2024-03-27 12:20:00,Trap,1,5806.75,5800.5,45,True,True
2024-03-27,2024-03-27 13:15:00,Trap,1,5807.25,5803.75,56,True,True
2024-03-27,2024-03-27 14:05:00,Trap,1,5808.75,5805.5,66,True,False
2024-03-27,2024-03-27 14:15:00,Trap,-1,5805.75,5810.75,68,False,False
2024-03-27,2024-03-27 14:30:00,BO,1,5813.25,5802.75,71,False,False
2024-03-27,2024-03-27 15:00:00,BO,1,5837.25,5824.0,77,False,False
2024-03-28,2024-03-28 11:10:00,BO,-1,5838.75,5842.0,31,False,False
2024-03-28,2024-03-28 14:40:00,OB,-1,5841.5,5848.0,73,True,True
2024-04-01,2024-04-01 09:05:00,Trap,-1,5832.5,5842.75,6,False,False
2024-04-01,2024-04-01 10:40:00,BO,-1,5816.5,5820.75,25,False,False
2024-04-01,2024-04-01 12:25:00,BO,-1,5810.5,5817.75,46,False,False
2024-04-01,2024-04-01 13:15:00,IB,-1,5815.5,5817.75,56,False,False
2024-04-01,2024-04-01 13:25:00,BO,1,5819.75,5814.25,58,False,False
2024-04-02,2024-04-02 09:00:00,Trap,1,5773.75,5765.5,5,True,True
2024-04-02,2024-04-02 09:15:00,IB,-1,5763.75,5778.0,8,False,False
2024-04-02,2024-04-02 09:25:00,IB,1,5770.75,5762.0,10,False,False
2024-04-02,2024-04-02 10:15:00,BO,1,5774.25,5766.0,20,False,False
2024-04-02,2024-04-02 11:25:00,IB,1,5770.0,5766.5,34,False,False
2024-04-02,2024-04-02 12:15:00,BO,-1,5774.5,5779.5,44,False,False
2024-04-02,2024-04-02 12:50:00,Trap,1,5776.75,5771.5,51,True,True
2024-04-02,2024-04-02 13:10:00,Trap,1,5777.5,5774.5,55,False,False
2024-04-02,2024-04-02 14:15:00,Trap,-1,5777.75,5784.25,68,True,True
2024-04-03,2024-04-03 08:40:00,Trap,1,5782.25,5774.0,1,True,True
2024-04-03,2024-04-03 11:40:00,Trap,-1,5792.75,5806.5,37,True,True
2024-04-03,2024-04-03 13:00:00,Trap,-1,5803.5,5806.0,53,True,True
2024-04-03,2024-04-03 13:10:00,Trap,1,5805.0,5802.25,55,False,False
2024-04-03,2024-04-03 13:20:00,IB,-1,5802.25,5806.0,57,True,True
2024-04-03,2024-04-03 14:15:00,Trap,-1,5785.0,5798.25,68,False,False
2024-04-03,2024-04-03 15:05:00,Trap,1,5796.5,5788.75,78,False,False
2024-04-04,2024-04-04 08:35:00,IB,1,5832.5,5795.75,0,False,False
2024-04-04,2024-04-04 09:25:00,OB,-1,5822.75,5827.25,10,False,False
2024-04-04,2024-04-04 10:30:00,OB,1,5824.0,5820.5,23,False,False
2024-04-04,2024-04-04 12:05:00,OB,-1,5829.0,5833.0,42,True,False
2024-04-04,2024-04-04 13:35:00,OB,-1,5759.75,5792.25,60,False,False
2024-04-05,2024-04-05 08:35:00,IB,1,5741.75,5727.0,0,False,False
2024-04-05,2024-04-05 09:50:00,IB,1,5764.25,5751.25,15,False,False
2024-04-05,2024-04-05 10:45:00,OB,1,5783.25,5770.0,26,False,False
2024-04-05,2024-04-05 11:00:00,IB,1,5789.25,5782.25,29,False,False
2024-04-05,2024-04-05 11:40:00,Trap,1,5793.5,5785.75,37,False,False
2024-04-05,2024-04-05 12:00:00,BO,1,5798.5,5788.5,41,False,False
2024-04-05,2024-04-05 12:10:00,IB,-1,5786.5,5799.5,43,False,False
2024-04-05,2024-04-05 12:45:00,BO,-1,5783.75,5790.75,50,False,False
2024-04-05,2024-04-05 13:10:00,Trap,1,5783.25,5764.0,55,True,True
2024-04-05,2024-04-05 13:30:00,OB,-1,5772.75,5788.0,59,True,False
2024-04-05,2024-04-05 13:50:00,BO,-1,5770.25,5782.25,63,False,False
2024-04-05,2024-04-05 14:55:00,OB,1,5786.75,5775.75,76,False,False
2024-04-08,2024-04-08 08:40:00,Trap,-1,5776.25,5787.5,1,False,False
2024-04-08,2024-04-08 09:05:00,Trap,-1,5778.25,5784.25,6,False,False
2024-04-08,2024-04-08 12:00:00,IB,1,5788.25,5782.25,41,False,False
2024-04-08,2024-04-08 12:40:00,Trap,-1,5783.5,5787.0,49,False,False
2024-04-08,2024-04-08 14:35:00,BO,1,5790.25,5782.5,72,False,False
2024-04-08,2024-04-08 14:45:00,BO,-1,5780.0,5791.25,74,False,False
2024-04-09,2024-04-09 08:50:00,BO,-1,5784.5,5799.25,3,False,False
2024-04-09,2024-04-09 11:50:00,IB,-1,5767.5,5770.75,39,False,False
2024-04-09,2024-04-09 13:10:00,Trap,1,5763.0,5755.25,55,True,True
2024-04-09,2024-04-09 14:20:00,Trap,1,5760.75,5750.0,69,True,True
2024-04-09,2024-04-09 14:40:00,Trap,-1,5771.5,5784.0,73,True,True
2024-04-10,2024-04-10 09:40:00,OB,1,5751.5,5737.25,13,False,False
2024-04-10,2024-04-10 10:30:00,BO,1,5736.25,5726.0,23,False,False
2024-04-10,2024-04-10 10:40:00,OB,-1,5726.25,5736.75,25,False,False
2024-04-10,2024-04-10 11:15:00,Trap,-1,5721.0,5729.25,32,False,False
2024-04-10,2024-04-10 11:55:00,OB,1,5730.75,5724.0,40,False,False
2024-04-10,2024-04-10 12:10:00,OB,-1,5712.5,5736.0,43,True,True
2024-04-10,2024-04-10 12:20:00,IB,1,5726.75,5712.0,45,True,True
2024-04-10,2024-04-10 12:35:00,Trap,-1,5724.25,5743.0,48,True,True
2024-04-10,2024-04-10 13:25:00,OB,-1,5723.25,5738.0,58,False,False
2024-04-10,2024-04-10 14:00:00,OB,-1,5717.0,5733.25,65,False,False
2024-04-10,2024-04-10 14:15:00,OB,1,5731.75,5715.25,68,True,True
2024-04-10,2024-04-10 14:35:00,Trap,-1,5728.0,5742.0,72,True,True
2024-04-10,2024-04-10 15:05:00,OB,-1,5726.5,5741.75,78,False,False
2024-04-11,2024-04-11 08:45:00,BO,-1,5732.0,5747.5,2,False,False
2024-04-11,2024-04-11 09:05:00,Trap,-1,5726.0,5738.75,6,False,False
2024-04-11,2024-04-11 12:10:00,OB,1,5754.75,5737.5,43,False,False
2024-04-11,2024-04-11 13:50:00,OB,-1,5779.25,5784.5,63,True,True
2024-04-11,2024-04-11 14:55:00,OB,-1,5775.5,5783.0,76,True,True
2024-04-12,2024-04-12 08:55:00,Trap,-1,5737.25,5745.75,4,False,False
2024-04-12,2024-04-12 09:10:00,BO,-1,5726.75,5741.25,7,False,False
2024-04-12,2024-04-12 10:20:00,Trap,1,5719.5,5710.75,21,False,False
2024-04-12,2024-04-12 10:50:00,Trap,1,5726.5,5718.25,27,False,False
2024-04-12,2024-04-12 11:35:00,OB,-1,5702.75,5712.5,36,False,False
2024-04-12,2024-04-12 12:25:00,Trap,-1,5684.5,5697.75,46,True,False
2024-04-12,2024-04-12 12:45:00,IB,1,5689.5,5679.25,50,False,False
2024-04-12,2024-04-12 13:10:00,Trap,1,5698.25,5685.75,55,False,False
2024-04-12,2024-04-12 13:40:00,BO,-1,5684.75,5694.0,61,False,False
2024-04-15,2024-04-15 09:10:00,OB,-1,5717.5,5737.75,7,False,False
2024-04-15,2024-04-15 09:40:00,Trap,-1,5703.5,5716.75,13,False,False
2024-04-15,2024-04-15 10:45:00,Trap,-1,5703.5,5709.75,26,True,True
2024-04-15,2024-04-15 11:20:00,Trap,-1,5703.25,5712.5,33,True,True
2024-04-15,2024-04-15 12:20:00,BO,-1,5672.25,5691.75,45,False,False
2024-04-15,2024-04-15 14:20:00,Trap,-1,5622.0,5635.0,69,False,False
2024-04-16,2024-04-16 09:00:00,IB,1,5629.25,5614.0,5,False,False
2024-04-16,2024-04-16 09:25:00,Trap,-1,5624.75,5637.5,10,True,True
2024-04-16,2024-04-16 11:05:00,OB,-1,5622.25,5638.25,30,True,True
2024-04-16,2024-04-16 12:50:00,Trap,-1,5618.25,5633.25,51,False,False
2024-04-16,2024-04-16 13:20:00,Trap,-1,5620.5,5650.25,57,True,True
2024-04-16,2024-04-16 15:00:00,Trap,-1,5619.0,5633.75,77,False,False
2024-04-17,2024-04-17 08:45:00,Trap,1,5643.25,5636.0,2,False,False
2024-04-17,2024-04-17 08:55:00,Trap,-1,5637.0,5646.0,4,True,True
2024-04-17,2024-04-17 09:50:00,IB,1,5625.5,5618.75,15,False,False
2024-04-17,2024-04-17 10:05:00,IB,1,5623.0,5605.0,18,False,False
2024-04-17,2024-04-17 10:35:00,OB,-1,5594.75,5613.5,24,False,False
2024-04-17,2024-04-17 11:05:00,Trap,-1,5591.5,5603.0,30,False,False
2024-04-17,2024-04-17 12:10:00,BO,1,5591.75,5579.25,43,False,False
2024-04-17,2024-04-17 13:45:00,OB,1,5622.0,5597.5,62,False,False
2024-04-17,2024-04-17 13:55:00,Trap,-1,5600.25,5624.0,64,True,True
2024-04-18,2024-04-18 08:40:00,Trap,-1,5579.25,5601.75,1,True,True
2024-04-18,2024-04-18 08:50:00,IB,1,5592.0,5577.75,3,False,False
2024-04-18,2024-04-18 09:50:00,IB,1,5611.75,5604.0,15,False,False
2024-04-18,2024-04-18 11:50:00,IB,-1,5593.25,5607.25,39,False,False
2024-04-18,2024-04-18 12:20:00,BO,-1,5576.75,5588.75,45,False,False
2024-04-18,2024-04-18 13:20:00,OB,1,5578.5,5566.25,57,True,True
2024-04-18,2024-04-18 13:30:00,Trap,-1,5576.0,5585.0,59,True,True
2024-04-19,2024-04-19 09:40:00,Trap,-1,5556.75,5569.5,13,False,False
2024-04-19,2024-04-19 10:55:00,Trap,-1,5555.25,5563.0,28,False,False
2024-04-19,2024-04-19 12:30:00,IB,-1,5545.0,5557.0,47,True,True
2024-04-19,2024-04-19 12:50:00,IB,1,5555.75,5544.75,51,False,False
2024-04-19,2024-04-19 13:05:00,OB,-1,5542.75,5564.5,54,True,True
2024-04-19,2024-04-19 14:15:00,OB,1,5533.5,5520.0,68,False,False
2024-04-22,2024-04-22 10:55:00,IB,1,5549.25,5543.0,28,False,False
2024-04-22,2024-04-22 11:25:00,Trap,-1,5555.5,5564.25,34,True,True
2024-04-22,2024-04-22 12:55:00,BO,1,5597.5,5579.75,52,False,False
2024-04-22,2024-04-22 13:45:00,OB,-1,5591.0,5603.75,62,True,True
2024-04-22,2024-04-22 14:25:00,BO,-1,5583.75,5591.75,70,False,False
2024-04-22,2024-04-22 14:50:00,OB,1,5581.0,5570.75,75,True,True
2024-04-23,2024-04-23 09:35:00,BO,1,5629.0,5612.75,12,False,False
2024-04-23,2024-04-23 10:35:00,Trap,-1,5625.25,5630.75,24,False,False
2024-04-23,2024-04-23 12:15:00,Trap,-1,5627.0,5634.5,44,False,False
2024-04-23,2024-04-23 13:55:00,BO,-1,5632.5,5639.75,64,False,False
2024-04-24,2024-04-24 09:00:00,Trap,-1,5640.5,5651.75,5,True,True
2024-04-24,2024-04-24 09:10:00,IB,1,5647.75,5637.75,7,False,False
2024-04-24,2024-04-24 10:10:00,OB,-1,5622.5,5632.0,19,False,False
2024-04-24,2024-04-24 10:35:00,OB,1,5628.25,5618.25,24,True,True
2024-04-24,2024-04-24 11:55:00,Trap,1,5616.75,5609.0,40,True,True
2024-04-24,2024-04-24 13:35:00,BO,-1,5625.5,5633.0,60,False,False
2024-04-24,2024-04-24 14:15:00,OB,1,5630.0,5620.0,68,True,True
2024-04-25,2024-04-25 09:55:00,IB,-1,5557.25,5566.25,16,False,False
2024-04-25,2024-04-25 10:05:00,IB,1,5564.25,5555.5,18,False,False
2024-04-25,2024-04-25 11:00:00,BO,1,5577.0,5566.25,29,False,False
2024-04-25,2024-04-25 11:25:00,BO,1,5586.75,5573.5,34,False,False
2024-04-25,2024-04-25 13:30:00,BO,-1,5594.5,5612.25,59,False,False
2024-04-25,2024-04-25 15:00:00,BO,1,5609.75,5601.5,77,False,False
2024-04-26,2024-04-26 10:45:00,IB,1,5663.25,5654.5,26,False,False
2024-04-26,2024-04-26 12:50:00,Trap,1,5671.75,5665.5,51,True,True
2024-04-26,2024-04-26 15:00:00,IB,-1,5656.5,5664.75,77,False,False
2024-04-29,2024-04-29 08:45:00,IB,-1,5666.5,5681.25,2,True,True
2024-04-29,2024-04-29 11:35:00,OB,1,5675.75,5672.0,36,False,False
2024-04-29,2024-04-29 15:00:00,BO,1,5674.25,5660.75,77,False,False
2024-04-30,2024-04-30 09:55:00,Trap,-1,5659.75,5666.0,16,False,False
2024-04-30,2024-04-30 10:10:00,BO,-1,5645.75,5660.0,19,False,False
2024-04-30,2024-04-30 13:50:00,BO,-1,5621.25,5629.75,63,False,False
2024-04-30,2024-04-30 14:05:00,IB,1,5622.75,5615.5,66,False,False
2024-04-30,2024-04-30 15:00:00,BO,-1,5592.0,5623.75,77,False,False
2024-05-01,2024-05-01 10:55:00,BO,-1,5575.5,5585.0,28,False,False
2024-05-01,2024-05-01 12:45:00,Trap,-1,5577.5,5584.75,50,True,True
2024-05-01,2024-05-01 14:35:00,Trap,-1,5618.25,5646.75,72,False,False
2024-05-02,2024-05-02 09:05:00,Trap,-1,5581.0,5592.0,6,False,False
2024-05-02,2024-05-02 09:45:00,BO,-1,5578.75,5593.75,14,False,False
2024-05-02,2024-05-02 11:15:00,BO,-1,5587.5,5597.0,32,False,False
2024-05-02,2024-05-02 11:25:00,Trap,1,5591.5,5585.0,34,True,False
2024-05-02,2024-05-02 12:30:00,OB,1,5609.75,5600.75,47,False,False
2024-05-02,2024-05-02 13:05:00,BO,1,5610.0,5604.25,54,False,False
2024-05-02,2024-05-02 13:20:00,Trap,-1,5609.75,5615.75,57,True,True
2024-05-02,2024-05-02 14:35:00,IB,-1,5615.0,5625.25,72,False,False
2024-05-02,2024-05-02 15:05:00,OB,1,5622.75,5609.0,78,False,False
2024-05-03,2024-05-03 08:45:00,Trap,1,5679.0,5664.25,2,False,False
2024-05-03,2024-05-03 09:55:00,Trap,-1,5661.25,5672.5,16,False,False
2024-05-03,2024-05-03 10:20:00,Trap,1,5662.0,5653.75,21,True,True
2024-05-03,2024-05-03 10:35:00,BO,1,5671.5,5659.5,24,False,False
2024-05-03,2024-05-03 10:50:00,Trap,-1,5670.25,5675.25,27,True,True
2024-05-03,2024-05-03 11:40:00,Trap,1,5681.75,5676.0,37,False,False
2024-05-03,2024-05-03 13:10:00,IB,1,5686.5,5681.25,55,False,False
2024-05-03,2024-05-03 14:05:00,Trap,1,5686.0,5681.0,66,True,True
2024-05-03,2024-05-03 14:15:00,Trap,-1,5684.0,5687.25,68,False,False
2024-05-03,2024-05-03 14:50:00,IB,-1,5680.25,5686.25,75,False,False
2024-05-06,2024-05-06 11:30:00,Trap,1,5710.0,5705.25,35,True,True
2024-05-06,2024-05-06 14:40:00,Trap,1,5721.75,5717.25,73,False,False
2024-05-07,2024-05-07 09:55:00,BO,1,5747.75,5740.5,16,False,False
2024-05-07,2024-05-07 11:35:00,IB,-1,5746.25,5750.5,36,False,False
2024-05-07,2024-05-07 12:25:00,Trap,1,5752.0,5747.75,46,False,False
2024-05-07,2024-05-07 13:45:00,IB,1,5738.25,5732.5,62,True,True
2024-05-07,2024-05-07 14:55:00,BO,1,5744.5,5737.5,76,False,False
2024-05-08,2024-05-08 08:40:00,Trap,1,5725.75,5718.25,1,True,True
2024-05-08,2024-05-08 09:15:00,BO,-1,5728.5,5733.75,8,False,False
2024-05-08,2024-05-08 09:25:00,BO,1,5734.5,5727.25,10,False,False
2024-05-08,2024-05-08 09:45:00,Trap,1,5738.25,5733.75,14,False,False
2024-05-08,2024-05-08 10:45:00,IB,-1,5735.0,5739.5,26,False,False
2024-05-08,2024-05-08 11:20:00,Trap,1,5737.75,5733.5,33,False,False
2024-05-08,2024-05-08 12:25:00,IB,-1,5729.75,5734.25,46,False,False
2024-05-08,2024-05-08 13:25:00,Trap,-1,5737.25,5741.0,58,True,True
2024-05-08,2024-05-08 14:00:00,BO,-1,5737.0,5740.25,65,False,False
2024-05-08,2024-05-08 14:50:00,OB,1,5742.75,5739.75,75,False,False
2024-05-08,2024-05-08 15:00:00,OB,-1,5738.75,5744.0,77,True,True
2024-05-09,2024-05-09 08:45:00,OB,-1,5734.25,5742.25,2,False,False
2024-05-09,2024-05-09 09:40:00,BO,1,5754.0,5744.25,13,False,False
2024-05-09,2024-05-09 11:00:00,BO,-1,5749.5,5754.25,29,False,False
2024-05-09,2024-05-09 11:35:00,Trap,-1,5751.0,5754.25,36,True,False
2024-05-10,2024-05-10 10:40:00,IB,-1,5765.75,5770.5,25,False,False
2024-05-10,2024-05-10 11:50:00,IB,1,5771.0,5765.0,39,False,False
2024-05-10,2024-05-10 12:55:00,Trap,1,5768.75,5763.0,52,True,True
2024-05-10,2024-05-10 13:45:00,Trap,1,5770.0,5765.0,62,True,True
2024-05-13,2024-05-13 08:40:00,Trap,-1,5778.75,5790.25,1,True,True
2024-05-13,2024-05-13 09:35:00,Trap,-1,5776.25,5781.75,12,True,True
2024-05-13,2024-05-13 10:15:00,IB,1,5776.75,5772.5,20,False,False
2024-05-13,2024-05-13 12:00:00,OB,-1,5773.25,5775.75,41,False,False
2024-05-13,2024-05-13 12:20:00,Trap,1,5770.25,5760.25,45,True,True
2024-05-14,2024-05-14 08:45:00,Trap,1,5778.25,5771.5,2,False,False
2024-05-14,2024-05-14 09:10:00,OB,1,5781.5,5774.75,7,False,False
2024-05-14,2024-05-14 09:20:00,Trap,-1,5774.0,5782.5,9,True,True
2024-05-14,2024-05-14 09:40:00,BO,-1,5773.5,5787.0,13,False,False
2024-05-14,2024-05-14 12:45:00,BO,1,5777.25,5772.25,50,False,False
2024-05-15,2024-05-15 08:35:00,IB,1,5826.75,5794.25,0,False,False
2024-05-15,2024-05-15 09:05:00,IB,1,5824.25,5813.75,6,False,False
2024-05-15,2024-05-15 10:15:00,BO,1,5842.0,5833.75,20,False,False
2024-05-15,2024-05-15 11:05:00,OB,-1,5839.5,5842.75,30,False,False
2024-05-15,2024-05-15 11:55:00,BO,1,5847.25,5843.0,40,False,False
2024-05-15,2024-05-15 15:05:00,Trap,-1,5853.25,5864.25,78,True,True
2024-05-16,2024-05-16 09:15:00,Trap,1,5864.0,5855.25,8,True,False
2024-05-16,2024-05-16 09:45:00,Trap,1,5869.75,5865.5,14,False,False
2024-05-16,2024-05-16 10:00:00,OB,1,5874.5,5869.0,17,False,False
2024-05-16,2024-05-16 11:05:00,Trap,-1,5865.75,5870.75,30,False,False
2024-05-16,2024-05-16 12:25:00,Trap,-1,5856.5,5869.0,46,True,True
2024-05-16,2024-05-16 13:10:00,BO,-1,5856.25,5861.75,55,False,False
2024-05-17,2024-05-17 10:05:00,BO,-1,5844.75,5852.0,18,False,False
2024-05-17,2024-05-17 11:45:00,Trap,-1,5843.25,5846.75,38,False,False
2024-05-17,2024-05-17 11:55:00,Trap,1,5847.0,5839.75,40,True,True
2024-05-17,2024-05-17 13:55:00,BO,1,5845.5,5838.5,64,False,False
2024-05-17,2024-05-17 15:00:00,OB,1,5854.75,5847.5,77,True,False
2024-05-20,2024-05-20 08:50:00,OB,1,5864.0,5859.25,3,False,False
2024-05-20,2024-05-20 09:50:00,BO,1,5874.0,5870.0,15,False,False
2024-05-20,2024-05-20 10:45:00,BO,-1,5870.25,5875.25,26,False,False
2024-05-20,2024-05-20 11:15:00,Trap,-1,5868.75,5872.0,32,False,False
2024-05-20,2024-05-20 12:25:00,OB,-1,5867.75,5872.5,46,True,True
2024-05-20,2024-05-20 14:10:00,Trap,1,5860.75,5856.75,67,True,False
2024-05-20,2024-05-20 14:50:00,IB,-1,5856.5,5861.25,75,False,False
2024-05-21,2024-05-21 10:20:00,Trap,1,5864.25,5860.5,21,False,False
2024-05-21,2024-05-21 10:35:00,BO,-1,5861.5,5866.25,24,False,False
2024-05-21,2024-05-21 13:45:00,BO,-1,5861.25,5865.75,62,False,False
2024-05-21,2024-05-21 14:15:00,OB,1,5867.0,5861.25,68,False,False
2024-05-21,2024-05-21 14:35:00,Trap,1,5870.5,5864.75,72,False,False
2024-05-21,2024-05-21 15:00:00,BO,1,5873.0,5867.5,77,False,False
2024-05-22,2024-05-22 10:25:00,BO,-1,5868.5,5871.5,22,False,False
2024-05-22,2024-05-22 14:45:00,IB,-1,5844.5,5856.25,74,False,False
2024-05-22,2024-05-22 15:00:00,Trap,1,5856.25,5837.75,77,False,False
2024-05-23,2024-05-23 08:55:00,BO,-1,5851.75,5873.0,4,False,False
2024-05-23,2024-05-23 10:10:00,OB,1,5859.75,5843.75,19,True,True
2024-05-23,2024-05-23 10:55:00,IB,1,5866.75,5863.0,28,False,False
2024-05-23,2024-05-23 11:15:00,BO,-1,5860.25,5868.5,32,False,False
2024-05-23,2024-05-23 12:30:00,Trap,1,5849.0,5842.0,47,True,True
2024-05-23,2024-05-23 12:40:00,BO,-1,5834.0,5849.75,49,False,False
2024-05-23,2024-05-23 13:40:00,Trap,1,5815.0,5805.25,61,True,True
2024-05-24,2024-05-24 08:55:00,OB,-1,5822.5,5833.5,4,False,False
2024-05-24,2024-05-24 09:05:00,IB,1,5831.5,5821.75,6,False,False
2024-05-24,2024-05-24 09:45:00,BO,-1,5832.75,5840.0,14,False,False
2024-05-24,2024-05-24 12:05:00,OB,-1,5845.0,5851.5,42,False,False
2024-05-24,2024-05-24 12:35:00,Trap,-1,5847.0,5852.5,48,True,True
2024-05-24,2024-05-24 13:10:00,OB,1,5854.25,5848.75,55,False,False
2024-05-24,2024-05-24 14:40:00,OB,1,5846.75,5841.25,73,False,False
2024-05-24,2024-05-24 14:50:00,BO,-1,5842.0,5849.0,75,False,False
2024-05-24,2024-05-24 15:00:00,OB,1,5848.75,5841.5,77,False,False
2024-05-28,2024-05-28 08:50:00,BO,-1,5848.5,5857.75,45,False,False
2024-05-28,2024-05-28 09:40:00,Trap,-1,5845.25,5851.25,55,False,False
2024-05-28,2024-05-28 10:15:00,Trap,1,5851.0,5846.75,62,False,False
2024-05-28,2024-05-28 11:15:00,Trap,1,5856.0,5850.75,74,False,False
2024-05-28,2024-05-28 12:50:00,BO,-1,5844.25,5851.75,93,False,False
2024-05-28,2024-05-28 15:00:00,OB,1,5852.5,5838.0,119,False,False
2024-05-29,2024-05-29 08:55:00,Trap,1,5815.25,5805.75,4,True,True
2024-05-29,2024-05-29 10:10:00,IB,-1,5815.5,5823.0,19,False,False
2024-05-29,2024-05-29 11:55:00,IB,1,5823.5,5819.5,40,False,False
2024-05-29,2024-05-29 12:05:00,IB,-1,5819.0,5825.25,42,False,False
2024-05-29,2024-05-29 12:30:00,BO,1,5821.75,5815.75,47,False,False
2024-05-29,2024-05-29 12:55:00,IB,1,5823.25,5813.75,52,False,False
2024-05-29,2024-05-29 14:40:00,Trap,1,5823.75,5818.0,73,False,False
2024-05-30,2024-05-30 09:00:00,OB,1,5797.25,5792.0,5,False,False
2024-05-30,2024-05-30 09:15:00,Trap,-1,5787.75,5799.75,8,False,False
2024-05-30,2024-05-30 09:25:00,IB,1,5792.0,5785.0,10,False,False
2024-05-30,2024-05-30 10:35:00,BO,1,5794.75,5787.25,24,False,False
2024-05-30,2024-05-30 12:15:00,IB,1,5802.0,5796.5,44,False,False
2024-05-30,2024-05-30 12:45:00,Trap,1,5802.5,5799.5,50,False,False
2024-05-30,2024-05-30 14:25:00,Trap,-1,5781.0,5792.0,70,False,False
2024-05-31,2024-05-31 08:55:00,BO,-1,5780.25,5797.25,4,False,False
2024-05-31,2024-05-31 10:00:00,Trap,1,5757.5,5751.0,17,True,True
2024-05-31,2024-05-31 13:35:00,BO,-1,5756.25,5761.75,60,False,False
2024-05-31,2024-05-31 13:45:00,BO,1,5766.25,5755.0,62,False,False
2024-05-31,2024-05-31 13:55:00,Trap,-1,5759.75,5767.5,64,True,True
2024-06-03,2024-06-03 11:10:00,OB,-1,5804.25,5812.5,31,False,False
2024-06-03,2024-06-03 12:20:00,Trap,1,5786.5,5773.75,45,True,True
2024-06-03,2024-06-03 13:15:00,Trap,-1,5795.0,5805.25,56,True,True
2024-06-03,2024-06-03 13:25:00,IB,1,5803.75,5794.5,58,False,False
2024-06-03,2024-06-03 14:05:00,IB,1,5807.25,5801.0,66,False,False
2024-06-03,2024-06-03 14:55:00,BO,1,5814.25,5805.75,76,False,False
2024-06-04,2024-06-04 09:10:00,Trap,-1,5808.75,5825.0,7,False,False
2024-06-04,2024-06-04 14:00:00,BO,-1,5831.25,5839.25,65,False,False
2024-06-05,2024-06-05 10:20:00,OB,1,5866.5,5857.5,21,False,False
2024-06-05,2024-06-05 11:25:00,Trap,1,5868.0,5864.25,34,True,True
2024-06-05,2024-06-05 12:30:00,Trap,1,5874.25,5868.5,47,True,True
2024-06-05,2024-06-05 14:30:00,OB,-1,5883.75,5888.75,71,True,True
2024-06-05,2024-06-05 14:40:00,Trap,1,5887.75,5882.25,73,True,True
2024-06-05,2024-06-05 14:50:00,BO,-1,5881.75,5888.25,75,False,False
2024-06-06,2024-06-06 08:55:00,OB,-1,5894.5,5900.25,4,True,True
2024-06-06,2024-06-06 09:25:00,Trap,1,5897.75,5891.0,10,False,False
2024-06-06,2024-06-06 11:35:00,OB,-1,5880.5,5885.75,36,False,False
2024-06-06,2024-06-06 12:05:00,Trap,1,5884.0,5878.75,42,False,False
2024-06-06,2024-06-06 12:50:00,BO,-1,5886.5,5890.5,51,False,False
2024-06-06,2024-06-06 13:05:00,Trap,-1,5883.5,5890.0,54,False,False
2024-06-06,2024-06-06 13:20:00,Trap,1,5881.75,5872.25,57,True,True
2024-06-06,2024-06-06 13:55:00,BO,1,5890.75,5882.5,64,False,False
2024-06-07,2024-06-07 08:35:00,IB,-1,5869.0,5890.5,0,False,False
2024-06-07,2024-06-07 08:45:00,IB,1,5880.5,5868.0,2,False,False
2024-06-07,2024-06-07 10:00:00,BO,-1,5896.75,5907.75,17,False,False
2024-06-07,2024-06-07 11:40:00,Trap,-1,5898.5,5905.75,37,True,True
2024-06-07,2024-06-07 13:00:00,Trap,-1,5902.25,5907.75,53,False,False
2024-06-07,2024-06-07 13:25:00,Trap,1,5888.25,5878.25,58,True,True
2024-06-07,2024-06-07 14:15:00,BO,-1,5886.75,5897.75,68,False,False
2024-06-07,2024-06-07 14:30:00,Trap,1,5890.75,5881.25,71,True,True
2024-06-10,2024-06-10 10:25:00,IB,1,5884.25,5880.0,22,False,False
2024-06-10,2024-06-10 12:30:00,Trap,-1,5885.5,5889.25,47,False,False
2024-06-10,2024-06-10 12:50:00,BO,1,5897.5,5884.5,51,False,False
2024-06-10,2024-06-10 13:40:00,Trap,1,5891.5,5885.25,61,True,True
2024-06-10,2024-06-10 15:00:00,OB,1,5899.75,5889.25,77,True,True
2024-06-11,2024-06-11 10:40:00,Trap,-1,5885.25,5889.5,25,True,True
2024-06-11,2024-06-11 11:25:00,OB,-1,5878.25,5882.25,34,False,False
2024-06-11,2024-06-11 12:25:00,IB,-1,5881.0,5889.75,46,False,False
2024-06-11,2024-06-11 13:20:00,BO,1,5898.0,5890.75,57,False,False
2024-06-11,2024-06-11 14:40:00,Trap,1,5902.75,5898.5,73,True,True
2024-06-11,2024-06-11 15:00:00,OB,1,5911.0,5897.5,77,True,True
2024-06-12,2024-06-12 08:45:00,BO,1,5967.5,5953.0,2,False,False
2024-06-12,2024-06-12 09:45:00,BO,-1,5972.0,5980.5,14,False,False
2024-06-12,2024-06-12 12:05:00,Trap,1,5971.25,5966.25,42,False,False
2024-06-12,2024-06-12 12:45:00,IB,-1,5963.5,5970.25,50,False,False
2024-06-12,2024-06-12 13:05:00,Trap,-1,5957.25,5968.25,54,False,False
2024-06-12,2024-06-12 14:30:00,OB,-1,5950.25,5981.5,71,True,True
2024-06-12,2024-06-12 14:50:00,Trap,1,5955.5,5943.25,75,True,True
2024-06-13,2024-06-13 09:00:00,Trap,-1,5959.5,5966.5,5,False,False
2024-06-13,2024-06-13 11:00:00,BO,-1,5951.5,5956.0,29,False,False
2024-06-13,2024-06-13 12:30:00,BO,1,5957.0,5952.25,47,False,False
2024-06-13,2024-06-13 12:45:00,Trap,1,5957.5,5951.25,50,False,False
2024-06-13,2024-06-13 13:05:00,OB,-1,5953.0,5959.25,54,True,True
2024-06-13,2024-06-13 14:00:00,BO,1,5964.5,5960.5,65,False,False
2024-06-13,2024-06-13 14:15:00,Trap,-1,5964.0,5970.5,68,True,True
2024-06-14,2024-06-14 08:40:00,Trap,1,5952.25,5943.5,1,True,True
2024-06-14,2024-06-14 09:10:00,BO,-1,5940.75,5952.75,7,False,False
2024-06-14,2024-06-14 09:35:00,IB,-1,5941.5,5949.5,12,False,False
2024-06-14,2024-06-14 11:00:00,Trap,1,5951.25,5940.0,29,True,True
2024-06-14,2024-06-14 11:40:00,Trap,1,5954.25,5946.5,37,False,False
2024-06-14,2024-06-14 12:45:00,Trap,-1,5957.5,5960.75,50,False,False
2024-06-14,2024-06-14 13:25:00,OB,1,5957.5,5948.75,58,True,True
2024-06-14,2024-06-14 14:45:00,Trap,-1,5956.5,5962.25,74,True,True
2024-06-14,2024-06-14 15:00:00,Trap,1,5964.25,5955.5,77,True,True
2024-06-17,2024-06-17 09:00:00,IB,1,5957.5,5952.25,5,False,False
2024-06-17,2024-06-17 09:30:00,BO,-1,5959.5,5965.5,11,False,False
2024-06-17,2024-06-17 10:00:00,Trap,1,5966.25,5961.5,17,False,False
2024-06-17,2024-06-17 10:45:00,Trap,1,5975.25,5972.0,26,False,False
2024-06-17,2024-06-17 12:20:00,Trap,1,6003.0,5992.75,45,False,False
2024-06-17,2024-06-17 12:35:00,IB,1,6007.5,6000.0,48,False,False
2024-06-17,2024-06-17 14:15:00,Trap,1,6018.75,6013.75,68,False,False
2024-06-18,2024-06-18 09:35:00,Trap,1,6017.5,6010.5,12,True,True
2024-06-18,2024-06-18 09:45:00,IB,-1,6012.0,6018.75,14,False,False
2024-06-18,2024-06-18 11:20:00,BO,-1,6013.75,6019.5,33,False,False
2024-06-18,2024-06-18 12:00:00,BO,1,6017.0,6012.25,41,False,False
2024-06-18,2024-06-18 12:50:00,IB,1,6023.5,6018.5,51,False,False
2024-06-18,2024-06-18 14:00:00,BO,1,6018.75,6015.25,65,False,False
2024-06-18,2024-06-18 14:50:00,OB,-1,6016.25,6021.0,75,True,True
2024-06-18,2024-06-18 15:00:00,OB,1,6024.0,6015.75,77,False,False
2024-06-19,2024-06-19 11:10:00,IB,-1,6024.5,6025.75,31,False,False
2024-06-20,2024-06-20 08:45:00,IB,1,6037.5,6026.25,44,False,False
2024-06-20,2024-06-20 09:00:00,BO,-1,6033.5,6039.25,47,False,False
2024-06-20,2024-06-20 09:15:00,BO,-1,6024.5,6036.0,50,False,False
2024-06-20,2024-06-20 10:00:00,IB,1,6030.0,6024.0,59,False,False
2024-06-20,2024-06-20 11:25:00,BO,-1,6010.5,6023.5,76,False,False
2024-06-20,2024-06-20 11:45:00,IB,1,6005.5,5996.0,80,False,False
2024-06-20,2024-06-20 12:10:00,BO,-1,5995.5,6010.0,85,False,False
2024-06-20,2024-06-20 12:25:00,Trap,-1,5997.0,6006.25,88,False,False
2024-06-20,2024-06-20 12:45:00,Trap,1,6002.25,5988.0,92,True,True
2024-06-20,2024-06-20 13:40:00,Trap,-1,6010.5,6018.25,103,True,True
2024-06-20,2024-06-20 14:25:00,BO,-1,5996.75,6006.25,112,False,False
2024-06-20,2024-06-20 14:35:00,BO,1,6011.5,5994.0,114,False,False
2024-06-21,2024-06-21 08:45:00,Trap,-1,5990.25,6000.5,2,False,False
2024-06-21,2024-06-21 09:25:00,Trap,-1,5993.0,5999.75,10,True,False
2024-06-21,2024-06-21 12:55:00,BO,1,5996.25,5988.75,52,False,False
2024-06-21,2024-06-21 13:40:00,BO,-1,5994.0,5999.0,61,False,False
2024-06-24,2024-06-24 08:55:00,IB,1,6004.5,5988.25,4,False,False
2024-06-24,2024-06-24 09:50:00,BO,-1,6000.0,6015.0,15,False,False
2024-06-24,2024-06-24 10:00:00,Trap,1,6011.25,5998.0,17,True,True
2024-06-24,2024-06-24 11:10:00,Trap,-1,6009.75,6014.0,31,False,False
2024-06-24,2024-06-24 12:00:00,BO,-1,6002.25,6010.0,41,False,False
2024-06-24,2024-06-24 13:05:00,Trap,-1,5988.5,5995.25,54,False,False
2024-06-24,2024-06-24 14:20:00,OB,-1,5992.0,5997.25,69,False,False
2024-06-25,2024-06-25 08:45:00,Trap,1,5986.5,5982.5,2,False,False
2024-06-25,2024-06-25 10:20:00,OB,1,5993.0,5985.0,21,False,False
2024-06-25,2024-06-25 11:05:00,Trap,-1,5991.25,5994.25,30,True,False
2024-06-25,2024-06-25 13:10:00,Trap,1,5991.25,5988.0,55,False,False
2024-06-26,2024-06-26 08:50:00,IB,1,5989.25,5982.75,3,False,False
2024-06-26,2024-06-26 09:05:00,Trap,1,5992.75,5986.5,6,False,False
2024-06-26,2024-06-26 10:05:00,Trap,-1,5989.75,5994.75,18,False,False
2024-06-26,2024-06-26 11:45:00,OB,-1,5995.5,6002.5,38,False,False
2024-06-26,2024-06-26 13:50:00,Trap,1,5999.25,5991.75,63,True,True
2024-06-26,2024-06-26 14:00:00,IB,-1,5994.5,6000.0,65,False,False
2024-06-26,2024-06-26 14:25:00,BO,1,5994.0,5990.0,70,False,False
2024-06-27,2024-06-27 08:40:00,BO,1,6014.5,5996.0,1,False,False
2024-06-27,2024-06-27 09:15:00,Trap,1,6016.25,6005.25,8,False,False
2024-06-27,2024-06-27 13:05:00,BO,-1,5998.75,6008.5,54,False,False
2024-06-27,2024-06-27 13:50:00,Trap,1,5997.5,5992.5,63,True,True
2024-06-27,2024-06-27 14:50:00,Trap,-1,6002.5,6005.75,75,True,True
2024-06-28,2024-06-28 10:10:00,BO,-1,6018.5,6035.0,19,False,False
2024-06-28,2024-06-28 11:10:00,OB,-1,6012.75,6022.0,31,False,False
2024-06-28,2024-06-28 11:40:00,OB,-1,6001.5,6014.75,37,False,False
2024-06-28,2024-06-28 13:25:00,Trap,-1,5998.25,6009.75,58,True,True
2024-06-28,2024-06-28 14:35:00,IB,-1,5982.25,5994.75,72,False,False
2024-06-28,2024-06-28 15:00:00,OB,-1,5985.75,5998.5,77,False,False
2024-07-01,2024-07-01 09:00:00,Trap,1,5990.75,5983.5,5,True,False
2024-07-01,2024-07-01 13:30:00,BO,-1,5991.25,6000.0,59,False,False
2024-07-01,2024-07-01 14:10:00,Trap,1,5993.25,5988.25,67,False,False
2024-07-01,2024-07-01 14:35:00,Trap,1,5992.0,5981.0,72,True,True
2024-07-01,2024-07-01 14:55:00,OB,1,5998.0,5988.75,76,False,False
2024-07-02,2024-07-02 08:40:00,Trap,1,5992.0,5977.5,1,True,True
2024-07-02,2024-07-02 12:55:00,BO,1,6014.0,6008.75,52,False,False
2024-07-02,2024-07-02 15:00:00,OB,1,6032.0,6019.5,77,False,False
2024-07-03,2024-07-03 08:35:00,OB,1,6033.5,6024.75,0,False,False
2024-07-03,2024-07-03 11:55:00,Trap,1,6054.5,6045.5,40,False,False
2024-07-04,2024-07-04 09:55:00,IB,1,6050.0,6048.25,16,False,False
2024-07-04,2024-07-04 10:50:00,IB,-1,6051.25,6052.25,27,False,False
2024-07-04,2024-07-04 11:10:00,BO,-1,6049.75,6051.75,31,False,False
2024-07-05,2024-07-05 09:00:00,BO,1,6062.75,6050.75,47,False,False
2024-07-05,2024-07-05 09:10:00,Trap,-1,6052.5,6065.25,49,True,True
2024-07-05,2024-07-05 10:10:00,Trap,1,6065.25,6058.0,61,False,False
2024-07-05,2024-07-05 11:15:00,Trap,1,6074.5,6069.5,74,False,False
2024-07-05,2024-07-05 11:55:00,Trap,1,6073.0,6068.75,82,True,True
2024-07-05,2024-07-05 12:25:00,OB,1,6076.0,6072.25,88,False,False
2024-07-05,2024-07-05 12:40:00,BO,1,6080.5,6075.75,91,False,False
2024-07-05,2024-07-05 13:05:00,BO,-1,6077.5,6083.5,96,False,False
2024-07-05,2024-07-05 13:50:00,Trap,1,6081.25,6077.25,105,False,False
2024-07-05,2024-07-05 14:25:00,Trap,1,6082.5,6080.0,112,False,False
2024-07-05,2024-07-05 14:40:00,Trap,1,6083.75,6080.25,115,False,False
2024-07-05,2024-07-05 15:05:00,OB,-1,6080.5,6088.5,120,True,True
2024-07-08,2024-07-08 08:35:00,Trap,1,6096.5,6080.0,0,True,True
2024-07-08,2024-07-08 10:05:00,Trap,1,6090.75,6086.25,18,True,True
2024-07-08,2024-07-08 10:25:00,Trap,1,6091.5,6087.5,22,False,False
2024-07-08,2024-07-08 11:10:00,BO,-1,6080.5,6088.25,31,False,False
2024-07-08,2024-07-08 12:05:00,Trap,-1,6082.75,6085.75,42,True,True
2024-07-08,2024-07-08 12:50:00,Trap,-1,6087.5,6090.5,51,True,True
2024-07-08,2024-07-08 14:30:00,Trap,-1,6082.5,6085.25,71,False,False
2024-07-09,2024-07-09 09:25:00,IB,-1,6097.5,6104.25,10,False,False
2024-07-09,2024-07-09 09:35:00,Trap,1,6098.25,6092.5,12,True,True
2024-07-09,2024-07-09 10:25:00,Trap,-1,6095.25,6099.25,22,False,False
2024-07-09,2024-07-09 10:50:00,IB,1,6099.5,6094.5,27,False,False
2024-07-09,2024-07-09 11:40:00,Trap,-1,6099.75,6103.5,37,False,False
2024-07-09,2024-07-09 12:00:00,IB,1,6103.5,6097.25,41,True,True
2024-07-09,2024-07-09 12:20:00,Trap,-1,6097.5,6107.75,45,False,False
2024-07-09,2024-07-09 13:05:00,IB,-1,6094.5,6099.5,54,False,False
2024-07-09,2024-07-09 13:40:00,Trap,1,6095.75,6092.0,61,True,True
2024-07-09,2024-07-09 13:55:00,Trap,-1,6093.25,6097.75,64,True,True
2024-07-10,2024-07-10 10:10:00,Trap,1,6107.0,6102.75,19,True,True
2024-07-10,2024-07-10 11:20:00,IB,1,6119.25,6114.5,33,False,False
2024-07-10,2024-07-10 11:45:00,Trap,1,6127.25,6122.0,38,False,False
2024-07-10,2024-07-10 12:00:00,Trap,1,6128.75,6124.75,41,False,False
2024-07-10,2024-07-10 12:25:00,Trap,-1,6127.0,6132.0,46,False,False
2024-07-10,2024-07-10 13:25:00,Trap,-1,6130.25,6134.0,58,False,False
2024-07-10,2024-07-10 14:35:00,OB,1,6137.75,6135.0,72,False,False
2024-07-10,2024-07-10 14:55:00,BO,1,6149.75,6137.0,76,False,False
2024-07-11,2024-07-11 09:15:00,OB,-1,6145.25,6158.25,8,True,True
2024-07-11,2024-07-11 10:00:00,OB,-1,6119.5,6131.25,17,False,False
2024-07-11,2024-07-11 10:25:00,BO,-1,6108.75,6127.25,22,False,False
2024-07-11,2024-07-11 11:20:00,Trap,-1,6100.5,6108.75,33,False,False
2024-07-11,2024-07-11 12:15:00,OB,1,6102.25,6092.75,44,True,True
2024-07-11,2024-07-11 13:15:00,BO,1,6098.0,6092.5,56,False,False
2024-07-11,2024-07-11 13:30:00,Trap,-1,6096.5,6103.25,59,True,True
2024-07-11,2024-07-11 14:40:00,IB,1,6108.75,6099.0,73,False,False
2024-07-11,2024-07-11 15:00:00,Trap,-1,6098.5,6108.25,77,False,False
2024-07-12,2024-07-12 10:10:00,OB,1,6148.75,6143.25,19,False,False
2024-07-12,2024-07-12 10:30:00,Trap,1,6150.5,6145.25,23,False,False
2024-07-12,2024-07-12 12:00:00,BO,1,6149.75,6140.5,41,False,False
2024-07-12,2024-07-12 14:45:00,BO,-1,6138.0,6161.75,74,False,False
2024-07-15,2024-07-15 10:35:00,BO,-1,6166.0,6181.25,24,False,False
2024-07-15,2024-07-15 12:05:00,Trap,-1,6150.0,6160.75,42,False,False
2024-07-15,2024-07-15 12:35:00,OB,-1,6141.0,6157.5,48,False,False
2024-07-15,2024-07-15 14:45:00,BO,-1,6140.5,6155.75,74,False,False
2024-07-15,2024-07-15 15:00:00,Trap,1,6148.0,6128.5,77,True,True
2024-07-16,2024-07-16 09:05:00,BO,-1,6157.0,6168.0,6,False,False
2024-07-16,2024-07-16 10:10:00,OB,1,6173.5,6160.5,19,False,False
2024-07-16,2024-07-16 10:35:00,OB,-1,6161.0,6171.75,24,False,False
2024-07-16,2024-07-16 11:40:00,Trap,1,6160.25,6154.5,37,False,False
2024-07-16,2024-07-16 12:20:00,OB,-1,6160.0,6167.0,45,False,False
2024-07-16,2024-07-16 12:50:00,Trap,1,6162.0,6158.25,51,False,False
2024-07-16,2024-07-16 13:20:00,IB,-1,6160.0,6165.5,57,True,True
2024-07-16,2024-07-16 13:40:00,OB,1,6172.75,6164.5,61,False,False
2024-07-17,2024-07-17 08:55:00,OB,1,6133.5,6122.75,4,False,False
2024-07-17,2024-07-17 09:05:00,IB,-1,6120.5,6135.25,6,False,False
2024-07-17,2024-07-17 11:55:00,Trap,1,6106.0,6100.25,40,True,True
2024-07-17,2024-07-17 12:10:00,IB,-1,6099.25,6110.75,43,False,False
2024-07-17,2024-07-17 12:35:00,OB,1,6107.5,6099.5,48,False,False
2024-07-18,2024-07-18 09:05:00,BO,1,6119.0,6106.25,6,False,False
2024-07-18,2024-07-18 09:35:00,IB,-1,6100.5,6122.25,12,False,False
2024-07-18,2024-07-18 10:50:00,Trap,-1,6056.5,6072.75,27,False,False
2024-07-18,2024-07-18 11:35:00,BO,1,6066.0,6052.5,36,False,False
2024-07-18,2024-07-18 12:10:00,Trap,-1,6064.25,6073.75,43,True,True
2024-07-18,2024-07-18 12:30:00,Trap,-1,6072.25,6078.0,47,True,True
2024-07-18,2024-07-18 13:00:00,BO,-1,6065.25,6076.75,53,False,False
2024-07-19,2024-07-19 08:40:00,Trap,1,6058.5,6044.0,1,True,False
2024-07-19,2024-07-19 09:30:00,BO,-1,6037.0,6057.0,11,False,False
2024-07-19,2024-07-19 10:15:00,BO,-1,6029.75,6046.25,20,False,False
2024-07-19,2024-07-19 10:30:00,Trap,-1,6022.25,6039.5,23,False,False
2024-07-19,2024-07-19 11:25:00,Trap,-1,6025.75,6040.75,34,False,False
2024-07-19,2024-07-19 12:25:00,BO,-1,6007.25,6013.75,46,False,False
2024-07-19,2024-07-19 13:45:00,OB,-1,6006.25,6015.5,62,False,False
2024-07-22,2024-07-22 09:05:00,BO,-1,6045.5,6069.5,6,False,False
2024-07-22,2024-07-22 09:55:00,OB,-1,6061.75,6070.25,16,True,True
2024-07-22,2024-07-22 10:25:00,BO,-1,6045.25,6062.25,22,False,False
2024-07-23,2024-07-23 08:40:00,OB,1,6075.75,6066.0,1,True,True
2024-07-23,2024-07-23 11:25:00,BO,-1,6074.0,6088.25,34,False,False
2024-07-23,2024-07-23 13:40:00,IB,1,6077.5,6069.5,61,False,False
2024-07-23,2024-07-23 14:35:00,Trap,-1,6074.25,6078.25,72,True,True
2024-07-24,2024-07-24 10:25:00,OB,-1,5963.75,5972.75,22,False,False
2024-07-24,2024-07-24 10:35:00,BO,1,5971.75,5963.0,24,False,False
2024-07-24,2024-07-24 11:20:00,BO,1,5968.0,5960.0,33,False,False
2024-07-24,2024-07-24 12:50:00,IB,-1,5964.0,5971.0,51,False,False
2024-07-24,2024-07-24 13:50:00,BO,-1,5944.0,5956.75,63,False,False
2024-07-24,2024-07-24 14:50:00,OB,-1,5941.5,5951.0,75,True,True
2024-07-25,2024-07-25 09:00:00,IB,-1,5919.25,5933.25,5,False,False
2024-07-25,2024-07-25 09:20:00,Trap,1,5915.5,5895.0,9,True,True
2024-07-25,2024-07-25 10:15:00,Trap,1,5959.0,5941.0,20,False,False
2024-07-25,2024-07-25 11:00:00,BO,1,5960.25,5948.0,29,False,False
2024-07-25,2024-07-25 12:20:00,OB,-1,5975.5,5995.75,45,True,True
2024-07-25,2024-07-25 13:10:00,BO,-1,5953.75,5969.5,55,False,False
2024-07-25,2024-07-25 13:45:00,OB,-1,5943.0,5955.5,62,False,False
2024-07-25,2024-07-25 14:40:00,BO,-1,5936.0,5957.75,73,False,False
2024-07-25,2024-07-25 15:00:00,BO,-1,5903.75,5932.5,77,False,False
2024-07-26,2024-07-26 09:05:00,BO,1,5950.5,5938.5,6,False,False
2024-07-26,2024-07-26 09:35:00,Trap,-1,5936.25,5964.25,12,True,True
2024-07-26,2024-07-26 11:05:00,BO,1,5972.0,5960.25,30,False,False
2024-07-26,2024-07-26 11:45:00,Trap,1,5982.0,5971.25,38,False,False
2024-07-26,2024-07-26 12:40:00,BO,-1,5961.5,5990.75,49,False,False
2024-07-26,2024-07-26 13:20:00,Trap,-1,5963.25,5972.75,57,False,False
2024-07-26,2024-07-26 14:25:00,Trap,1,5962.75,5952.25,70,False,False
2024-07-26,2024-07-26 14:45:00,IB,1,5962.75,5947.25,74,False,False
2024-07-29,2024-07-29 09:00:00,Trap,1,5983.25,5968.75,5,False,False
2024-07-29,2024-07-29 09:15:00,BO,-1,5968.5,5987.5,8,False,False
2024-07-29,2024-07-29 09:25:00,Trap,1,5976.75,5965.75,10,True,False
2024-07-29,2024-07-29 09:35:00,BO,-1,5962.25,5979.75,12,False,False
2024-07-29,2024-07-29 10:30:00,BO,1,5958.0,5950.25,23,False,False
2024-07-29,2024-07-29 11:30:00,Trap,-1,5977.0,5985.0,35,True,True
2024-07-29,2024-07-29 12:30:00,BO,-1,5970.5,5985.5,47,False,False
2024-07-29,2024-07-29 14:00:00,Trap,1,5968.75,5962.0,65,True,True
2024-07-29,2024-07-29 14:55:00,OB,-1,5969.75,5978.25,76,True,True
2024-07-30,2024-07-30 12:10:00,Trap,1,5913.75,5900.5,43,True,True
2024-07-30,2024-07-30 13:50:00,IB,-1,5927.75,5938.0,63,False,False
2024-07-30,2024-07-30 14:50:00,OB,1,5949.5,5928.5,75,False,False
2024-07-30,2024-07-30 15:00:00,IB,-1,5935.25,5953.5,77,False,False
2024-07-31,2024-07-31 10:55:00,IB,-1,6023.0,6031.25,28,False,False
2024-07-31,2024-07-31 12:00:00,OB,-1,6017.5,6025.25,41,False,False
2024-08-01,2024-08-01 08:55:00,Trap,-1,6054.25,6063.25,4,True,True
2024-08-01,2024-08-01 10:05:00,IB,-1,5975.75,5998.0,18,False,False
2024-08-01,2024-08-01 10:55:00,Trap,1,5963.75,5955.5,28,True,True
2024-08-01,2024-08-01 11:10:00,Trap,1,5972.0,5958.75,31,False,False
2024-08-01,2024-08-01 11:25:00,Trap,-1,5959.0,5978.0,34,True,False
2024-08-01,2024-08-01 11:40:00,BO,-1,5951.75,5966.0,37,False,False
2024-08-01,2024-08-01 12:40:00,IB,-1,5924.0,5940.5,49,False,False
2024-08-01,2024-08-01 13:00:00,OB,1,5939.25,5917.75,53,True,True
2024-08-02,2024-08-02 08:50:00,Trap,-1,5866.5,5879.75,3,False,False
2024-08-02,2024-08-02 09:50:00,Trap,1,5820.75,5798.75,15,True,True
2024-08-02,2024-08-02 10:00:00,Trap,-1,5801.25,5824.0,17,True,False
2024-08-02,2024-08-02 11:50:00,Trap,-1,5831.5,5844.25,39,True,True
2024-08-02,2024-08-02 12:55:00,Trap,-1,5805.5,5814.75,52,False,False
2024-08-02,2024-08-02 13:25:00,Trap,1,5816.25,5803.75,58,True,True
2024-08-02,2024-08-02 13:40:00,Trap,-1,5821.0,5833.0,61,True,True
2024-08-02,2024-08-02 14:15:00,Trap,1,5825.75,5814.75,68,True,False
2024-08-02,2024-08-02 14:40:00,Trap,-1,5818.0,5838.25,73,True,True
2024-08-02,2024-08-02 15:00:00,Trap,1,5838.75,5813.5,77,True,True
2024-08-05,2024-08-05 08:40:00,Trap,1,5664.0,5608.5,1,True,True
2024-08-05,2024-08-05 09:30:00,BO,-1,5652.25,5691.25,11,False,False
2024-08-05,2024-08-05 10:10:00,Trap,1,5699.5,5659.25,19,False,False
2024-08-05,2024-08-05 10:40:00,Trap,1,5718.5,5699.75,25,False,False
2024-08-05,2024-08-05 11:40:00,BO,-1,5716.25,5742.0,37,False,False
2024-08-05,2024-08-05 13:40:00,Trap,-1,5685.75,5700.0,61,False,False
2024-08-05,2024-08-05 14:45:00,IB,-1,5658.5,5675.25,74,False,False
2024-08-05,2024-08-05 15:00:00,OB,1,5681.5,5654.75,77,True,True
2024-08-06,2024-08-06 08:55:00,OB,1,5722.75,5684.25,4,False,False
2024-08-06,2024-08-06 09:40:00,Trap,1,5746.5,5727.5,13,False,False
2024-08-06,2024-08-06 10:30:00,BO,-1,5730.0,5755.0,23,False,False
2024-08-06,2024-08-06 13:25:00,BO,1,5793.0,5777.0,58,False,False
2024-08-06,2024-08-06 14:05:00,BO,-1,5764.5,5804.0,66,False,False
2024-08-06,2024-08-06 14:25:00,Trap,1,5781.25,5756.0,70,True,True
2024-08-07,2024-08-07 08:40:00,BO,1,5802.0,5720.25,1,False,False
2024-08-07,2024-08-07 09:20:00,Trap,-1,5796.0,5818.25,9,False,False
2024-08-07,2024-08-07 10:15:00,Trap,-1,5804.0,5817.0,20,True,True
2024-08-07,2024-08-07 11:45:00,BO,-1,5767.0,5783.75,38,False,False
2024-08-07,2024-08-07 12:05:00,Trap,-1,5752.25,5761.25,42,False,False
2024-08-07,2024-08-07 12:45:00,Trap,-1,5741.75,5754.75,50,False,False
2024-08-07,2024-08-07 13:10:00,IB,-1,5715.25,5727.75,55,False,False
2024-08-07,2024-08-07 13:35:00,Trap,-1,5703.25,5717.0,60,False,False
2024-08-07,2024-08-07 13:50:00,Trap,-1,5699.0,5711.0,63,False,False
2024-08-07,2024-08-07 14:15:00,Trap,-1,5712.5,5725.5,68,True,True
2024-08-08,2024-08-08 08:45:00,OB,-1,5733.75,5748.0,2,True,True
2024-08-08,2024-08-08 11:35:00,OB,-1,5780.25,5793.5,36,False,False
2024-08-08,2024-08-08 11:50:00,Trap,1,5783.25,5770.75,39,True,True
2024-08-08,2024-08-08 12:05:00,Trap,-1,5777.0,5788.5,42,False,False
2024-08-08,2024-08-08 13:20:00,IB,1,5816.75,5810.25,57,False,False
2024-08-08,2024-08-08 13:45:00,BO,-1,5802.25,5814.0,62,False,False
2024-08-08,2024-08-08 15:05:00,OB,1,5816.5,5796.5,78,False,False
2024-08-09,2024-08-09 09:35:00,IB,-1,5800.75,5813.75,12,False,False
2024-08-09,2024-08-09 09:55:00,BO,1,5816.25,5801.25,16,False,False
2024-08-09,2024-08-09 11:35:00,OB,1,5808.25,5800.25,36,True,True
2024-08-09,2024-08-09 12:45:00,IB,-1,5837.0,5847.75,50,False,False
2024-08-09,2024-08-09 13:55:00,Trap,-1,5822.0,5830.25,64,False,False
2024-08-12,2024-08-12 08:45:00,BO,-1,5821.25,5846.25,2,False,False
2024-08-12,2024-08-12 09:10:00,BO,1,5834.75,5810.25,7,False,False
2024-08-12,2024-08-12 12:00:00,BO,-1,5829.0,5847.0,41,False,False
2024-08-12,2024-08-12 12:50:00,BO,-1,5826.0,5840.0,51,False,False
2024-08-13,2024-08-13 09:10:00,IB,-1,5872.0,5881.75,7,False,False
2024-08-13,2024-08-13 11:10:00,Trap,1,5894.0,5888.25,31,False,False
2024-08-13,2024-08-13 11:30:00,Trap,-1,5897.75,5903.0,35,True,True
2024-08-13,2024-08-13 11:40:00,Trap,1,5900.75,5893.75,37,False,False
2024-08-14,2024-08-14 09:25:00,IB,1,5919.5,5908.5,10,False,False
2024-08-14,2024-08-14 10:55:00,IB,1,5943.5,5935.0,28,False,False
2024-08-14,2024-08-14 14:00:00,BO,1,5943.5,5934.75,65,False,False
2024-08-15,2024-08-15 08:45:00,Trap,-1,5993.25,6002.25,2,True,True
2024-08-15,2024-08-15 11:00:00,Trap,-1,6016.75,6022.0,29,True,True
2024-08-15,2024-08-15 11:25:00,BO,1,6026.5,6019.25,34,False,False
2024-08-15,2024-08-15 13:15:00,IB,-1,6025.75,6029.75,56,True,True
2024-08-15,2024-08-15 14:50:00,BO,-1,6026.75,6034.25,75,False,False
2024-08-16,2024-08-16 09:50:00,BO,-1,6016.5,6028.25,15,False,False
2024-08-16,2024-08-16 11:15:00,OB,1,6037.75,6029.75,32,False,False
2024-08-16,2024-08-16 12:10:00,IB,-1,6042.5,6048.75,43,False,False
2024-08-16,2024-08-16 12:55:00,OB,-1,6039.75,6047.25,52,True,False
2024-08-16,2024-08-16 13:45:00,Trap,-1,6038.5,6043.25,62,False,False
2024-08-16,2024-08-16 13:55:00,Trap,1,6043.0,6037.5,64,False,False
2024-08-16,2024-08-16 14:45:00,Trap,-1,6038.75,6043.0,74,False,False
2024-08-16,2024-08-16 15:00:00,IB,1,6040.75,6033.75,77,False,False
2024-08-19,2024-08-19 09:20:00,Trap,-1,6038.0,6054.5,9,True,True
2024-08-19,2024-08-19 10:25:00,Trap,1,6064.25,6059.25,22,False,False
2024-08-19,2024-08-19 14:45:00,Trap,1,6080.5,6077.25,74,False,False
2024-08-19,2024-08-19 15:00:00,BO,1,6093.5,6078.25,77,False,False
2024-08-20,2024-08-20 08:35:00,Trap,1,6094.25,6086.5,0,False,False
2024-08-20,2024-08-20 09:20:00,BO,-1,6087.5,6101.5,9,False,False
2024-08-20,2024-08-20 09:45:00,BO,-1,6077.25,6089.5,14,False,False
2024-08-20,2024-08-20 10:40:00,IB,1,6081.75,6076.0,25,True,True
2024-08-20,2024-08-20 10:55:00,Trap,1,6083.75,6075.5,28,True,True
2024-08-20,2024-08-20 11:20:00,OB,-1,6080.75,6090.75,33,False,False
2024-08-20,2024-08-20 14:45:00,Trap,-1,6082.0,6086.25,74,False,False
2024-08-21,2024-08-21 08:45:00,BO,1,6096.5,6090.0,2,False,False
2024-08-21,2024-08-21 09:00:00,Trap,1,6099.75,6094.0,5,False,False
2024-08-21,2024-08-21 09:40:00,Trap,1,6109.25,6091.25,13,False,False
2024-08-21,2024-08-21 09:55:00,BO,-1,6083.0,6117.75,16,False,False
2024-08-21,2024-08-21 14:05:00,BO,-1,6099.75,6106.5,66,False,False
2024-08-21,2024-08-21 14:30:00,Trap,1,6097.5,6088.5,71,True,True
2024-08-21,2024-08-21 14:55:00,BO,1,6103.75,6093.75,76,False,False
2024-08-22,2024-08-22 08:35:00,Trap,1,6125.0,6098.0,0,False,False
2024-08-22,2024-08-22 09:50:00,OB,-1,6098.25,6106.5,15,False,False
2024-08-22,2024-08-22 11:25:00,OB,1,6088.5,6077.75,34,False,False
2024-08-22,2024-08-22 11:55:00,BO,-1,6073.25,6096.0,40,False,False
2024-08-22,2024-08-22 12:35:00,BO,-1,6060.5,6075.5,48,False,False
2024-08-22,2024-08-22 12:55:00,BO,-1,6048.0,6065.5,52,False,False
2024-08-22,2024-08-22 14:25:00,OB,-1,6052.0,6065.5,70,False,False
2024-08-23,2024-08-23 09:20:00,Trap,-1,6105.5,6124.75,9,True,True
2024-08-23,2024-08-23 11:00:00,BO,-1,6093.0,6105.5,29,False,False
2024-08-23,2024-08-23 11:45:00,Trap,-1,6071.25,6088.25,38,False,False
2024-08-23,2024-08-23 11:55:00,Trap,1,6081.75,6065.5,40,True,True
2024-08-23,2024-08-23 12:45:00,OB,1,6102.25,6094.75,50,False,False
2024-08-23,2024-08-23 13:45:00,OB,1,6102.75,6097.75,62,False,False
2024-08-23,2024-08-23 14:15:00,BO,1,6109.0,6094.75,68,False,False
2024-08-23,2024-08-23 14:40:00,OB,-1,6108.5,6116.25,73,True,True
2024-08-23,2024-08-23 14:55:00,Trap,1,6118.0,6099.75,76,True,False
2024-08-26,2024-08-26 08:55:00,BO,-1,6120.25,6128.75,4,False,False
2024-08-26,2024-08-26 09:35:00,Trap,-1,6103.25,6114.5,12,False,False
2024-08-26,2024-08-26 11:25:00,BO,1,6102.0,6090.25,34,False,False
2024-08-26,2024-08-26 12:05:00,IB,1,6109.0,6104.0,42,False,False
2024-08-27,2024-08-27 08:50:00,Trap,1,6083.75,6074.0,3,True,True
2024-08-27,2024-08-27 09:25:00,Trap,1,6099.0,6086.75,10,False,False
2024-08-27,2024-08-27 10:20:00,BO,-1,6103.0,6112.0,21,False,False
2024-08-27,2024-08-27 11:15:00,Trap,1,6102.5,6094.75,32,False,False
2024-08-27,2024-08-27 11:45:00,IB,-1,6092.75,6102.0,38,False,False
2024-08-27,2024-08-27 14:35:00,Trap,-1,6104.5,6108.25,72,False,False
2024-08-28,2024-08-28 08:50:00,Trap,-1,6098.0,6105.5,3,False,False
2024-08-28,2024-08-28 09:50:00,BO,-1,6088.25,6102.5,15,False,False
2024-08-28,2024-08-28 10:20:00,BO,-1,6068.25,6086.75,21,False,False
2024-08-28,2024-08-28 11:00:00,BO,1,6074.5,6068.0,29,False,False
2024-08-28,2024-08-28 11:10:00,Trap,-1,6071.5,6076.5,31,True,True
2024-08-28,2024-08-28 11:35:00,IB,1,6068.25,6058.5,36,False,False
2024-08-28,2024-08-28 12:35:00,OB,1,6072.5,6066.5,48,False,False
2024-08-28,2024-08-28 12:45:00,OB,-1,6065.5,6073.0,50,False,False
2024-08-28,2024-08-28 13:10:00,Trap,1,6050.75,6040.0,55,True,True
2024-08-28,2024-08-28 13:55:00,Trap,1,6060.5,6045.0,64,True,False
2024-08-29,2024-08-29 08:35:00,Trap,1,6097.75,6065.25,0,False,False
2024-08-29,2024-08-29 08:45:00,Trap,-1,6086.75,6100.0,2,True,True
2024-08-29,2024-08-29 10:15:00,OB,1,6118.25,6110.0,20,False,False
2024-08-29,2024-08-29 11:55:00,OB,-1,6118.25,6126.25,40,True,True
2024-08-29,2024-08-29 13:35:00,OB,-1,6088.5,6109.75,60,False,False
2024-08-29,2024-08-29 13:55:00,Trap,1,6075.5,6060.5,64,True,True
2024-08-29,2024-08-29 14:20:00,Trap,1,6074.25,6064.25,69,False,False
2024-08-30,2024-08-30 08:50:00,Trap,-1,6095.0,6105.25,3,True,True
2024-08-30,2024-08-30 10:00:00,Trap,-1,6085.5,6104.75,17,False,False
2024-08-30,2024-08-30 11:20:00,Trap,-1,6075.0,6082.25,33,True,True
2024-08-30,2024-08-30 12:25:00,OB,-1,6072.75,6081.5,46,False,False
2024-08-30,2024-08-30 13:10:00,Trap,1,6079.5,6071.25,55,True,True
2024-08-30,2024-08-30 13:40:00,IB,1,6087.75,6081.5,61,False,False
2024-08-30,2024-08-30 14:55:00,IB,1,6119.25,6101.0,76,False,False
2024-09-02,2024-09-02 09:30:00,Trap,1,6118.75,6114.75,11,True,True
2024-09-02,2024-09-02 12:00:00,Trap,1,6127.5,6121.75,41,True,True
2024-09-03,2024-09-03 08:40:00,BO,-1,6080.5,6129.25,43,False,False
2024-09-03,2024-09-03 08:55:00,BO,-1,6068.25,6083.0,46,False,False
2024-09-03,2024-09-03 10:45:00,Trap,-1,6042.75,6054.25,68,True,True
2024-09-03,2024-09-03 12:10:00,OB,1,6038.25,6032.25,85,False,False
2024-09-03,2024-09-03 12:25:00,IB,1,6042.0,6031.0,88,False,False
2024-09-03,2024-09-03 12:35:00,IB,-1,6032.0,6043.0,90,False,False
2024-09-04,2024-09-04 10:15:00,OB,-1,6015.25,6027.5,20,True,True
2024-09-04,2024-09-04 10:30:00,OB,-1,6004.75,6017.5,23,False,False
2024-09-04,2024-09-04 11:25:00,BO,1,6004.75,5994.0,34,False,False
2024-09-04,2024-09-04 11:45:00,Trap,-1,6000.75,6014.0,38,True,True
2024-09-04,2024-09-04 13:40:00,OB,-1,5987.0,6000.5,61,True,True
2024-09-04,2024-09-04 14:30:00,BO,1,5990.0,5979.25,71,False,False
2024-09-04,2024-09-04 14:45:00,IB,1,5994.0,5983.5,74,False,False
2024-09-05,2024-09-05 09:15:00,Trap,-1,6000.0,6018.0,8,True,True
2024-09-05,2024-09-05 09:25:00,Trap,1,6016.5,5997.25,10,False,False
2024-09-05,2024-09-05 11:25:00,Trap,1,5964.25,5952.5,34,True,True
2024-09-05,2024-09-05 12:40:00,Trap,1,5970.0,5959.0,49,True,True
2024-09-05,2024-09-05 14:00:00,Trap,-1,5983.5,5993.75,65,True,True
2024-09-05,2024-09-05 14:45:00,IB,-1,5968.0,5984.75,74,False,False
2024-09-06,2024-09-06 08:55:00,Trap,-1,5962.5,5985.5,4,False,False
2024-09-06,2024-09-06 13:05:00,Trap,-1,5878.0,5889.0,54,False,False
2024-09-06,2024-09-06 13:45:00,Trap,1,5881.5,5874.0,62,False,False
2024-09-09,2024-09-09 08:55:00,Trap,1,5929.25,5921.75,4,False,False
2024-09-09,2024-09-09 09:15:00,OB,1,5938.75,5929.5,8,False,False
2024-09-09,2024-09-09 09:25:00,BO,-1,5927.75,5942.25,10,False,False
2024-09-09,2024-09-09 10:15:00,Trap,-1,5907.75,5918.25,20,False,False
2024-09-09,2024-09-09 10:25:00,Trap,1,5913.0,5905.0,22,True,True
2024-09-09,2024-09-09 13:00:00,IB,-1,5935.75,5945.5,53,False,False
2024-09-09,2024-09-09 14:30:00,Trap,1,5933.75,5922.5,71,True,False
2024-09-10,2024-09-10 10:35:00,Trap,-1,5949.0,5954.5,24,True,True
2024-09-10,2024-09-10 13:30:00,Trap,1,5956.0,5949.25,59,False,False
2024-09-10,2024-09-10 14:50:00,IB,1,5962.75,5958.25,75,False,False
2024-09-11,2024-09-11 08:40:00,BO,-1,5937.25,5964.75,1,False,False
2024-09-11,2024-09-11 10:00:00,IB,1,5886.75,5874.5,17,False,False
2024-09-11,2024-09-11 11:05:00,Trap,1,5934.0,5905.5,30,False,False
2024-09-11,2024-09-11 13:20:00,Trap,-1,5975.75,5981.75,57,False,False
2024-09-11,2024-09-11 13:30:00,BO,1,5986.0,5972.75,59,False,False
2024-09-11,2024-09-11 14:50:00,Trap,1,6008.75,5996.5,75,False,False
2024-09-12,2024-09-12 09:15:00,IB,1,6029.25,6008.25,8,False,False
2024-09-12,2024-09-12 12:40:00,IB,1,6059.75,6052.25,49,False,False
2024-09-12,2024-09-12 13:10:00,IB,-1,6061.25,6069.0,55,False,False
2024-09-12,2024-09-12 13:50:00,BO,-1,6063.5,6069.5,63,False,False
2024-09-12,2024-09-12 15:10:00,IB,-1,6058.25,6066.5,79,False,False
2024-09-13,2024-09-13 08:35:00,IB,1,6076.5,6056.75,0,False,False
2024-09-13,2024-09-13 08:50:00,OB,1,6084.5,6075.0,3,False,False
2024-09-13,2024-09-13 09:25:00,BO,1,6096.25,6082.75,10,False,False
2024-09-13,2024-09-13 09:40:00,Trap,1,6090.5,6075.75,13,False,False
2024-09-13,2024-09-13 13:10:00,Trap,1,6101.5,6086.5,55,True,True
2024-09-13,2024-09-13 14:20:00,Trap,1,6089.75,6084.5,69,False,False
2024-09-13,2024-09-13 15:05:00,Trap,-1,6089.25,6096.75,78,True,True
2024-09-16,2024-09-16 08:55:00,BO,1,6100.5,6081.0,4,False,False
2024-09-16,2024-09-16 09:25:00,Trap,-1,6091.75,6099.75,10,False,False
2024-09-16,2024-09-16 10:55:00,Trap,1,6086.0,6077.25,28,True,False
2024-09-16,2024-09-16 11:20:00,OB,-1,6078.5,6085.75,33,False,False
2024-09-16,2024-09-16 11:30:00,Trap,1,6086.5,6076.0,35,True,True
2024-09-16,2024-09-16 13:20:00,Trap,-1,6095.75,6098.75,57,True,True
2024-09-16,2024-09-16 14:35:00,BO,1,6098.75,6092.75,72,False,False
2024-09-17,2024-09-17 08:55:00,OB,-1,6115.25,6127.0,4,False,False
2024-09-17,2024-09-17 09:10:00,OB,1,6131.0,6115.0,7,False,False
2024-09-17,2024-09-17 09:35:00,Trap,-1,6127.5,6135.25,12,True,True
2024-09-17,2024-09-17 10:00:00,BO,-1,6124.25,6138.75,17,False,False
2024-09-17,2024-09-17 11:10:00,Trap,-1,6118.25,6124.5,31,False,False
2024-09-17,2024-09-17 12:35:00,Trap,-1,6094.25,6102.5,48,True,False
2024-09-17,2024-09-17 14:25:00,Trap,-1,6087.0,6096.75,70,False,False
2024-09-17,2024-09-17 14:55:00,BO,1,6099.25,6091.0,76,False,False
2024-09-18,2024-09-18 08:55:00,BO,-1,6099.5,6106.25,4,False,False
2024-09-18,2024-09-18 09:30:00,Trap,1,6102.25,6094.25,11,False,False
2024-09-18,2024-09-18 11:05:00,Trap,-1,6085.0,6090.75,30,False,False
2024-09-18,2024-09-18 11:15:00,IB,1,6094.0,6084.0,32,False,False
2024-09-18,2024-09-18 12:20:00,Trap,-1,6105.25,6107.75,45,True,True
2024-09-18,2024-09-18 12:35:00,BO,1,6112.0,6100.5,48,False,False
2024-09-18,2024-09-18 13:15:00,IB,-1,6111.25,6157.5,56,False,False
2024-09-18,2024-09-18 13:45:00,OB,-1,6107.25,6140.25,62,False,False
2024-09-18,2024-09-18 14:15:00,Trap,1,6115.0,6085.5,68,True,True
2024-09-19,2024-09-19 11:05:00,IB,1,6181.75,6170.0,30,False,False
2024-09-19,2024-09-19 13:15:00,OB,-1,6188.5,6197.5,56,False,False
2024-09-19,2024-09-19 13:30:00,IB,1,6190.0,6178.75,59,False,False
2024-09-19,2024-09-19 13:50:00,IB,-1,6184.75,6192.25,63,False,False
2024-09-19,2024-09-19 14:00:00,Trap,1,6189.0,6180.25,65,False,False
2024-09-20,2024-09-20 09:15:00,Trap,-1,6149.25,6157.5,8,False,False
2024-09-20,2024-09-20 09:55:00,BO,-1,6149.75,6160.25,16,False,False
2024-09-20,2024-09-20 10:55:00,IB,-1,6150.0,6157.75,28,False,False
2024-09-20,2024-09-20 11:25:00,Trap,1,6162.25,6153.75,34,False,False
2024-09-20,2024-09-20 12:35:00,Trap,1,6169.5,6162.5,48,True,True
2024-09-20,2024-09-20 13:10:00,BO,-1,6152.0,6166.0,55,False,False
2024-09-20,2024-09-20 14:55:00,BO,-1,6167.25,6176.0,76,False,False
2024-09-23,2024-09-23 09:15:00,Trap,-1,6173.0,6180.25,8,True,True
2024-09-23,2024-09-23 09:40:00,BO,-1,6172.75,6182.25,13,False,False
2024-09-23,2024-09-23 11:15:00,Trap,-1,6171.25,6179.25,32,False,False
2024-09-23,2024-09-23 12:35:00,IB,1,6173.5,6166.5,48,False,False
2024-09-23,2024-09-23 14:15:00,OB,-1,6172.5,6177.25,68,True,True
2024-09-23,2024-09-23 14:45:00,Trap,-1,6174.25,6180.5,74,True,True
2024-09-24,2024-09-24 09:50:00,OB,1,6168.0,6156.5,15,True,True
2024-09-24,2024-09-24 11:55:00,Trap,-1,6188.25,6193.0,40,True,True
2024-09-24,2024-09-24 13:30:00,Trap,-1,6183.5,6186.5,59,False,False
2024-09-24,2024-09-24 13:40:00,Trap,1,6186.5,6175.25,61,True,True
2024-09-25,2024-09-25 08:35:00,BO,1,6196.75,6190.25,0,False,False
2024-09-25,2024-09-25 09:50:00,OB,-1,6188.75,6195.25,15,False,False
2024-09-25,2024-09-25 11:45:00,IB,-1,6183.5,6187.5,38,False,False
2024-09-25,2024-09-25 12:55:00,Trap,1,6180.5,6170.0,52,False,False
2024-09-25,2024-09-25 14:35:00,IB,-1,6178.0,6180.0,72,False,False
2024-09-25,2024-09-25 14:50:00,IB,1,6178.25,6174.25,75,False,False
2024-09-26,2024-09-26 09:25:00,Trap,-1,6209.5,6215.5,10,False,False
2024-09-26,2024-09-26 09:40:00,Trap,1,6215.0,6205.0,13,True,True
2024-09-26,2024-09-26 11:00:00,BO,1,6205.5,6197.25,29,False,False
2024-09-26,2024-09-26 12:05:00,Trap,1,6194.75,6190.25,42,False,False
2024-09-26,2024-09-26 14:30:00,Trap,-1,6202.75,6205.5,71,False,False
2024-09-27,2024-09-27 12:05:00,BO,1,6205.5,6199.5,42,False,False
2024-09-27,2024-09-27 12:50:00,OB,1,6199.75,6194.75,51,True,True
2024-09-30,2024-09-30 09:00:00,OB,-1,6184.25,6191.25,5,False,False
2024-09-30,2024-09-30 09:35:00,OB,1,6190.5,6180.25,12,True,True
2024-09-30,2024-09-30 10:50:00,Trap,1,6193.25,6185.0,27,True,True
2024-09-30,2024-09-30 12:30:00,Trap,-1,6188.5,6193.25,47,False,False
2024-09-30,2024-09-30 13:20:00,BO,-1,6171.5,6192.75,57,False,False
2024-09-30,2024-09-30 13:35:00,IB,1,6174.0,6158.0,60,False,False
2024-09-30,2024-09-30 14:20:00,Trap,1,6187.0,6178.0,69,False,False
2024-09-30,2024-09-30 14:45:00,BO,1,6197.25,6185.75,74,False,False
2024-10-01,2024-10-01 10:10:00,IB,-1,6137.5,6157.5,19,False,False
2024-10-01,2024-10-01 10:35:00,BO,1,6158.75,6139.25,24,False,False
2024-10-01,2024-10-01 11:45:00,IB,-1,6148.75,6164.25,38,False,False
2024-10-01,2024-10-01 11:55:00,Trap,1,6159.0,6140.75,40,True,True
2024-10-01,2024-10-01 13:00:00,OB,1,6169.0,6153.25,53,False,False
2024-10-01,2024-10-01 14:35:00,Trap,-1,6169.5,6180.75,72,False,False
2024-10-02,2024-10-02 09:35:00,IB,1,6159.25,6147.5,12,False,False
2024-10-02,2024-10-02 10:20:00,IB,1,6172.0,6159.5,21,False,False
2024-10-02,2024-10-02 11:35:00,Trap,-1,6164.0,6172.5,36,False,False
2024-10-02,2024-10-02 11:50:00,BO,-1,6160.0,6165.75,39,False,False
2024-10-02,2024-10-02 14:50:00,Trap,1,6168.0,6162.25,75,True,False
2024-10-02,2024-10-02 15:00:00,BO,-1,6162.5,6169.0,77,False,False
2024-10-03,2024-10-03 09:00:00,OB,1,6151.25,6141.0,5,True,True
2024-10-03,2024-10-03 09:45:00,Trap,-1,6141.25,6157.75,14,False,False
2024-10-03,2024-10-03 11:35:00,OB,-1,6157.0,6165.25,36,True,True
2024-10-03,2024-10-03 14:55:00,BO,1,6146.25,6136.75,76,False,False
2024-10-04,2024-10-04 08:35:00,IB,1,6193.0,6150.0,0,False,False
2024-10-04,2024-10-04 09:00:00,BO,-1,6173.25,6195.25,5,False,False
2024-10-04,2024-10-04 09:20:00,Trap,1,6176.75,6158.5,9,True,False
2024-10-04,2024-10-04 10:15:00,Trap,-1,6166.75,6178.75,20,True,True
2024-10-04,2024-10-04 11:10:00,Trap,-1,6168.75,6179.5,31,True,True
2024-10-04,2024-10-04 11:35:00,Trap,1,6171.75,6165.5,36,False,False
2024-10-04,2024-10-04 11:55:00,Trap,-1,6181.25,6187.0,40,True,True
2024-10-04,2024-10-04 12:30:00,Trap,-1,6182.75,6188.0,47,True,True
2024-10-04,2024-10-04 12:45:00,Trap,1,6187.0,6167.5,50,True,True
2024-10-04,2024-10-04 14:25:00,Trap,1,6192.5,6184.5,70,False,False
2024-10-07,2024-10-07 09:20:00,Trap,1,6188.75,6179.5,9,False,False
2024-10-07,2024-10-07 09:45:00,IB,-1,6181.0,6186.75,14,False,False
2024-10-07,2024-10-07 10:05:00,IB,-1,6179.5,6186.5,18,False,False
2024-10-07,2024-10-07 10:15:00,Trap,1,6186.0,6176.75,20,True,True
2024-10-07,2024-10-07 10:45:00,OB,-1,6183.75,6188.5,26,True,True
2024-10-07,2024-10-07 11:05:00,BO,-1,6180.0,6184.75,30,False,False
2024-10-07,2024-10-07 11:35:00,IB,-1,6177.5,6182.25,36,False,False
2024-10-07,2024-10-07 13:50:00,Trap,-1,6140.5,6159.75,63,False,False
2024-10-07,2024-10-07 14:10:00,IB,1,6149.0,6136.0,67,False,False
2024-10-07,2024-10-07 14:35:00,BO,-1,6144.25,6153.25,72,False,False
2024-10-08,2024-10-08 11:00:00,BO,1,6194.25,6189.5,29,False,False
2024-10-08,2024-10-08 12:10:00,OB,-1,6179.0,6191.0,43,False,False
2024-10-08,2024-10-08 13:00:00,BO,1,6188.5,6183.0,53,False,False
2024-10-08,2024-10-08 14:40:00,OB,1,6207.0,6198.25,73,False,False
2024-10-08,2024-10-08 15:00:00,Trap,-1,6202.5,6208.5,77,True,True
2024-10-09,2024-10-09 10:05:00,BO,1,6222.5,6213.75,18,False,False
2024-10-09,2024-10-09 11:05:00,IB,-1,6235.25,6241.75,30,True,True
2024-10-09,2024-10-09 11:20:00,Trap,-1,6230.25,6238.75,33,False,False
2024-10-09,2024-10-09 11:55:00,OB,-1,6228.0,6236.25,40,False,False
2024-10-09,2024-10-09 12:15:00,IB,1,6232.25,6227.0,44,False,False
2024-10-09,2024-10-09 13:30:00,Trap,1,6234.5,6225.25,59,False,False
2024-10-09,2024-10-09 14:55:00,IB,1,6246.75,6239.0,76,False,False
2024-10-09,2024-10-09 15:05:00,IB,-1,6237.25,6248.25,78,False,False
2024-10-10,2024-10-10 09:55:00,IB,-1,6222.75,6231.75,16,False,False
2024-10-10,2024-10-10 11:00:00,OB,1,6238.75,6232.0,29,False,False
2024-10-10,2024-10-10 11:15:00,BO,1,6243.0,6237.5,32,False,False
2024-10-10,2024-10-10 12:10:00,IB,-1,6224.0,6233.0,43,False,False
2024-10-10,2024-10-10 13:00:00,Trap,1,6231.25,6216.5,53,True,True
2024-10-10,2024-10-10 14:20:00,BO,1,6221.5,6217.0,69,False,False
2024-10-11,2024-10-11 09:50:00,BO,-1,6258.25,6267.25,15,False,False
2024-10-11,2024-10-11 10:35:00,IB,1,6262.0,6256.75,24,False,False
2024-10-11,2024-10-11 10:50:00,Trap,-1,6259.75,6263.25,27,False,False
2024-10-11,2024-10-11 11:15:00,OB,-1,6256.5,6263.0,32,False,False
2024-10-11,2024-10-11 14:00:00,IB,1,6263.5,6260.0,65,False,False
2024-10-11,2024-10-11 15:00:00,IB,-1,6261.25,6268.0,77,False,False
2024-10-14,2024-10-14 08:50:00,BO,1,6296.75,6283.0,3,False,False
2024-10-14,2024-10-14 09:50:00,Trap,-1,6300.0,6305.5,15,True,True
2024-10-14,2024-10-14 10:05:00,OB,-1,6293.0,6301.75,18,False,False
2024-10-14,2024-10-14 13:10:00,Trap,1,6306.5,6300.25,55,True,True
2024-10-14,2024-10-14 13:40:00,OB,1,6311.25,6307.5,61,False,False
2024-10-14,2024-10-14 14:50:00,BO,1,6319.0,6311.25,75,False,False
2024-10-15,2024-10-15 09:15:00,BO,-1,6305.75,6313.25,8,False,False
2024-10-15,2024-10-15 09:30:00,IB,-1,6299.25,6308.75,11,False,False
2024-10-15,2024-10-15 10:45:00,OB,-1,6287.75,6293.5,26,False,False
2024-10-15,2024-10-15 11:45:00,IB,-1,6286.0,6292.5,38,False,False
2024-10-15,2024-10-15 12:10:00,Trap,-1,6282.25,6286.5,43,False,False
2024-10-15,2024-10-15 14:25:00,Trap,1,6263.0,6256.25,70,False,False
2024-10-15,2024-10-15 14:35:00,IB,-1,6255.0,6265.25,72,False,False
2024-10-15,2024-10-15 14:55:00,Trap,1,6266.75,6256.75,76,False,False
2024-10-16,2024-10-16 09:45:00,BO,-1,6261.75,6276.0,14,False,False
2024-10-16,2024-10-16 10:15:00,Trap,1,6269.75,6263.25,20,False,False
2024-10-16,2024-10-16 10:50:00,Trap,-1,6268.75,6274.75,27,True,True
2024-10-16,2024-10-16 11:05:00,Trap,1,6270.25,6266.0,30,True,False
2024-10-16,2024-10-16 12:10:00,Trap,-1,6278.5,6282.25,43,True,True
2024-10-16,2024-10-16 12:50:00,OB,1,6281.25,6277.25,51,False,False
2024-10-17,2024-10-17 08:40:00,Trap,-1,6303.25,6326.75,1,True,True
2024-10-17,2024-10-17 10:05:00,Trap,-1,6289.0,6300.0,18,False,False
2024-10-17,2024-10-17 11:00:00,IB,1,6312.0,6304.75,29,False,False
2024-10-17,2024-10-17 11:10:00,Trap,-1,6309.5,6315.25,31,True,True
2024-10-17,2024-10-17 11:35:00,IB,-1,6304.25,6309.75,36,False,False
2024-10-17,2024-10-17 12:25:00,OB,-1,6306.75,6311.0,46,False,False
2024-10-17,2024-10-17 12:45:00,BO,1,6311.25,6306.0,50,False,False
2024-10-17,2024-10-17 13:05:00,BO,-1,6300.25,6311.75,54,False,False
2024-10-18,2024-10-18 08:45:00,IB,1,6301.25,6288.25,2,False,False
2024-10-18,2024-10-18 09:55:00,Trap,-1,6297.5,6301.5,16,False,False
2024-10-18,2024-10-18 12:30:00,IB,-1,6309.25,6313.25,47,False,False
2024-10-18,2024-10-18 12:55:00,Trap,-1,6308.75,6312.75,52,False,False
2024-10-18,2024-10-18 13:35:00,Trap,-1,6312.25,6317.25,60,True,True
2024-10-18,2024-10-18 13:55:00,IB,-1,6310.75,6314.0,64,False,False
2024-10-18,2024-10-18 14:25:00,BO,-1,6306.0,6310.25,70,False,False
2024-10-21,2024-10-21 08:50:00,Trap,1,6304.75,6299.25,3,True,True
2024-10-21,2024-10-21 09:25:00,Trap,-1,6305.25,6310.25,10,True,True
2024-10-21,2024-10-21 13:15:00,BO,-1,6289.75,6294.5,56,False,False
2024-10-21,2024-10-21 14:15:00,BO,1,6291.5,6283.0,68,False,False
2024-10-21,2024-10-21 14:55:00,BO,1,6291.75,6285.5,76,False,False
2024-10-22,2024-10-22 09:55:00,Trap,1,6280.0,6270.25,16,True,True
2024-10-22,2024-10-22 11:35:00,Trap,1,6282.25,6276.25,36,True,True
2024-10-22,2024-10-22 11:55:00,BO,1,6285.5,6277.5,40,False,False
2024-10-22,2024-10-22 12:35:00,BO,1,6290.25,6285.25,48,False,False
2024-10-23,2024-10-23 09:20:00,IB,-1,6261.75,6269.5,9,False,False
2024-10-23,2024-10-23 09:55:00,OB,-1,6264.5,6276.0,16,True,True
2024-10-23,2024-10-23 10:15:00,BO,-1,6251.5,6266.75,20,False,False
2024-10-23,2024-10-23 13:20:00,BO,-1,6204.5,6214.5,57,False,False
2024-10-24,2024-10-24 08:50:00,BO,-1,6246.5,6253.25,3,False,False
2024-10-24,2024-10-24 09:25:00,Trap,1,6253.5,6247.5,10,False,False
2024-10-24,2024-10-24 10:15:00,Trap,1,6250.25,6241.25,20,True,True
2024-10-24,2024-10-24 11:10:00,BO,-1,6230.75,6240.75,31,False,False
2024-10-24,2024-10-24 11:25:00,IB,1,6234.0,6224.25,34,False,False
2024-10-24,2024-10-24 12:05:00,IB,1,6251.5,6244.0,42,False,False
2024-10-24,2024-10-24 12:45:00,BO,1,6254.25,6247.5,50,False,False
2024-10-24,2024-10-24 13:30:00,Trap,-1,6247.5,6252.5,59,False,False
2024-10-24,2024-10-24 14:15:00,OB,1,6251.0,6241.5,68,True,True
2024-10-25,2024-10-25 08:50:00,BO,1,6286.5,6277.25,3,False,False
2024-10-25,2024-10-25 09:25:00,Trap,1,6301.25,6291.75,10,False,False
2024-10-25,2024-10-25 09:50:00,OB,-1,6291.5,6300.25,15,False,False
2024-10-25,2024-10-25 10:50:00,Trap,1,6281.0,6273.75,27,True,True
2024-10-25,2024-10-25 11:25:00,Trap,1,6282.0,6276.25,34,False,False
2024-10-25,2024-10-25 12:20:00,BO,-1,6264.75,6276.75,45,False,False
2024-10-25,2024-10-25 12:35:00,IB,-1,6255.25,6265.25,48,False,False
2024-10-28,2024-10-28 09:10:00,Trap,1,6275.0,6268.25,7,False,False
2024-10-28,2024-10-28 09:25:00,Trap,1,6276.5,6272.25,10,False,False
2024-10-28,2024-10-28 11:40:00,BO,-1,6264.5,6272.5,37,False,False
2024-10-28,2024-10-28 12:10:00,Trap,1,6269.25,6264.0,43,False,False
2024-10-28,2024-10-28 13:55:00,Trap,1,6272.5,6264.5,64,True,True
2024-10-29,2024-10-29 09:25:00,IB,1,6272.25,6257.25,10,False,False
2024-10-29,2024-10-29 11:35:00,BO,-1,6266.75,6274.25,36,False,False
2024-10-29,2024-10-29 12:45:00,Trap,-1,6272.25,6277.5,50,False,False
2024-10-29,2024-10-29 13:25:00,OB,1,6277.5,6272.5,58,False,False
2024-10-29,2024-10-29 14:25:00,Trap,1,6282.5,6279.25,70,False,False
2024-10-29,2024-10-29 14:55:00,Trap,-1,6274.0,6281.75,76,False,False
2024-10-30,2024-10-30 08:40:00,BO,-1,6259.25,6285.5,1,False,False
2024-10-30,2024-10-30 10:15:00,BO,-1,6272.0,6280.0,20,False,False
2024-10-30,2024-10-30 12:30:00,OB,-1,6269.75,6278.0,47,False,False
2024-10-30,2024-10-30 13:10:00,OB,1,6270.75,6260.5,55,False,False
2024-10-30,2024-10-30 15:15:00,IB,-1,6246.75,6261.5,80,False,False
2024-10-31,2024-10-31 08:50:00,IB,-1,6185.75,6208.25,3,False,False
2024-10-31,2024-10-31 10:25:00,OB,1,6166.5,6156.25,22,False,False
2024-10-31,2024-10-31 10:55:00,BO,-1,6153.25,6162.0,28,False,False
2024-10-31,2024-10-31 11:45:00,IB,1,6167.75,6162.0,38,False,False
2024-10-31,2024-10-31 12:35:00,OB,-1,6160.75,6170.25,48,False,False
2024-10-31,2024-10-31 14:00:00,IB,1,6158.25,6151.75,65,False,False
2024-10-31,2024-10-31 14:45:00,Trap,1,6161.0,6156.0,74,True,False
2024-10-31,2024-10-31 15:00:00,OB,-1,6137.25,6172.25,77,True,True
2024-11-01,2024-11-01 09:15:00,BO,1,6193.0,6175.5,8,False,False
2024-11-01,2024-11-01 12:10:00,IB,-1,6173.25,6180.75,43,False,False
2024-11-01,2024-11-01 12:55:00,Trap,1,6172.25,6164.5,52,True,True
2024-11-01,2024-11-01 14:30:00,OB,-1,6165.75,6177.5,71,False,False
2024-11-01,2024-11-01 14:50:00,Trap,-1,6162.0,6170.75,75,False,False
2024-11-04,2024-11-04 08:35:00,Trap,-1,6150.75,6167.0,0,False,False
2024-11-04,2024-11-04 09:25:00,BO,1,6171.5,6160.25,10,False,False
2024-11-04,2024-11-04 10:20:00,Trap,-1,6162.75,6170.0,21,True,False
2024-11-04,2024-11-04 11:10:00,Trap,-1,6127.0,6138.25,31,False,False
2024-11-04,2024-11-04 13:40:00,Trap,1,6158.0,6148.75,61,True,True
2024-11-04,2024-11-04 14:35:00,Trap,-1,6145.5,6154.75,72,False,False
2024-11-05,2024-11-05 08:40:00,BO,1,6172.75,6147.5,1,False,False
2024-11-05,2024-11-05 08:55:00,BO,1,6181.75,6165.5,4,False,False
2024-11-05,2024-11-05 10:10:00,Trap,1,6196.25,6183.0,19,True,True
2024-11-05,2024-11-05 12:15:00,Trap,-1,6204.0,6212.5,44,False,False
2024-11-05,2024-11-05 12:45:00,Trap,1,6201.5,6194.25,50,True,True
2024-11-05,2024-11-05 13:55:00,BO,-1,6198.25,6206.75,64,False,False
2024-11-05,2024-11-05 14:35:00,OB,1,6207.5,6200.5,72,False,False
2024-11-05,2024-11-05 14:45:00,Trap,-1,6202.0,6210.25,74,True,True
2024-11-05,2024-11-05 14:55:00,OB,1,6207.0,6200.25,76,True,False
2024-11-06,2024-11-06 08:50:00,OB,-1,6313.5,6339.75,3,False,False
2024-11-06,2024-11-06 09:40:00,IB,-1,6326.75,6340.5,13,False,False
2024-11-06,2024-11-06 10:15:00,BO,1,6328.5,6312.25,20,False,False
2024-11-06,2024-11-06 11:50:00,BO,1,6343.75,6336.0,39,False,False
2024-11-06,2024-11-06 14:15:00,BO,1,6364.25,6353.75,68,False,False
2024-11-06,2024-11-06 14:25:00,Trap,-1,6359.5,6366.25,70,True,True
2024-11-06,2024-11-06 14:50:00,OB,1,6367.5,6356.75,75,False,False
2024-11-07,2024-11-07 08:55:00,Trap,1,6384.25,6378.5,4,False,False
2024-11-07,2024-11-07 09:25:00,Trap,1,6391.0,6385.75,10,False,False
2024-11-07,2024-11-07 11:05:00,Trap,-1,6397.0,6401.0,30,True,True
2024-11-07,2024-11-07 11:15:00,IB,1,6400.5,6395.75,32,False,False
2024-11-07,2024-11-07 12:10:00,OB,-1,6398.0,6402.75,43,False,False
2024-11-07,2024-11-07 12:35:00,Trap,-1,6393.25,6398.0,48,False,False
2024-11-07,2024-11-07 12:55:00,IB,1,6398.5,6389.75,52,False,False
2024-11-07,2024-11-07 13:50:00,Trap,1,6401.0,6387.25,63,True,True
2024-11-07,2024-11-07 14:55:00,Trap,-1,6402.25,6412.25,76,False,False
2024-11-08,2024-11-08 11:05:00,Trap,-1,6422.25,6427.25,30,True,True
2024-11-08,2024-11-08 12:35:00,IB,1,6430.0,6425.0,48,False,False
2024-11-08,2024-11-08 13:50:00,Trap,-1,6437.75,6442.25,63,True,True
2024-11-08,2024-11-08 14:35:00,OB,-1,6424.5,6432.5,72,False,False
2024-11-08,2024-11-08 15:00:00,OB,1,6428.75,6421.75,77,True,True
2024-11-11,2024-11-11 09:40:00,BO,1,6444.0,6434.0,13,False,False
2024-11-11,2024-11-11 11:35:00,Trap,1,6435.25,6432.5,36,True,True
2024-11-11,2024-11-11 11:45:00,BO,-1,6432.0,6436.0,38,False,False
2024-11-11,2024-11-11 12:05:00,BO,-1,6422.25,6433.75,42,False,False
2024-11-11,2024-11-11 12:25:00,Trap,-1,6417.25,6423.5,46,False,False
2024-11-11,2024-11-11 14:50:00,OB,-1,6426.75,6431.75,75,False,False
2024-11-12,2024-11-12 09:45:00,Trap,-1,6421.0,6429.0,14,False,False
2024-11-12,2024-11-12 10:00:00,OB,-1,6417.5,6423.75,17,False,False
2024-11-12,2024-11-12 11:45:00,Trap,-1,6406.25,6411.75,38,False,False
2024-11-12,2024-11-12 13:00:00,BO,1,6419.25,6411.25,53,False,False
2024-11-13,2024-11-13 09:00:00,Trap,1,6415.25,6407.25,5,True,True
2024-11-13,2024-11-13 10:45:00,OB,-1,6417.75,6427.0,26,True,True
2024-11-13,2024-11-13 11:25:00,Trap,-1,6427.75,6435.25,34,True,True
2024-11-13,2024-11-13 12:15:00,BO,-1,6430.75,6437.0,44,False,False
2024-11-13,2024-11-13 12:50:00,Trap,1,6435.5,6430.0,51,False,False
2024-11-13,2024-11-13 13:05:00,BO,-1,6432.0,6436.5,54,False,False
2024-11-13,2024-11-13 14:05:00,IB,-1,6413.25,6419.75,66,False,False
2024-11-13,2024-11-13 14:15:00,BO,1,6422.25,6411.5,68,False,False
2024-11-14,2024-11-14 08:45:00,BO,-1,6403.0,6422.25,2,False,False
2024-11-14,2024-11-14 09:30:00,IB,1,6407.5,6394.5,11,True,True
2024-11-14,2024-11-14 10:00:00,OB,-1,6405.0,6413.0,17,True,True
2024-11-14,2024-11-14 10:25:00,BO,1,6409.25,6403.75,22,False,False
2024-11-14,2024-11-14 10:50:00,Trap,-1,6403.0,6413.25,27,True,True
2024-11-14,2024-11-14 11:40:00,Trap,1,6395.25,6382.25,37,True,True
2024-11-14,2024-11-14 12:35:00,OB,-1,6393.25,6399.75,48,False,False
2024-11-14,2024-11-14 12:55:00,BO,-1,6387.5,6395.0,52,False,False
2024-11-14,2024-11-14 13:50:00,Trap,-1,6393.5,6399.75,63,True,True
2024-11-14,2024-11-14 14:05:00,IB,-1,6382.5,6402.25,66,False,False
2024-11-15,2024-11-15 09:00:00,IB,-1,6328.0,6342.25,5,False,False
2024-11-15,2024-11-15 10:40:00,OB,-1,6303.25,6315.0,25,True,False
2024-11-15,2024-11-15 11:55:00,Trap,-1,6288.75,6298.5,40,False,False
2024-11-15,2024-11-15 12:50:00,OB,-1,6283.25,6292.5,51,False,False
2024-11-15,2024-11-15 13:45:00,BO,1,6292.5,6280.25,62,False,False
2024-11-15,2024-11-15 13:55:00,Trap,-1,6285.0,6298.25,64,True,True
2024-11-15,2024-11-15 14:20:00,IB,1,6299.0,6291.0,69,False,False
2024-11-15,2024-11-15 14:45:00,IB,-1,6289.0,6297.75,74,False,False
2024-11-18,2024-11-18 09:05:00,IB,1,6307.25,6293.25,6,False,False
2024-11-18,2024-11-18 09:30:00,Trap,1,6313.5,6305.0,11,False,False
2024-11-18,2024-11-18 10:20:00,Trap,1,6325.75,6322.0,21,False,False
2024-11-18,2024-11-18 13:15:00,OB,-1,6315.0,6323.5,56,False,False
2024-11-18,2024-11-18 13:45:00,BO,1,6316.25,6310.0,62,False,False
2024-11-19,2024-11-19 11:25:00,Trap,-1,6322.5,6329.25,34,False,False
2024-11-19,2024-11-19 11:35:00,IB,1,6332.75,6318.75,36,False,False
2024-11-19,2024-11-19 13:35:00,BO,-1,6333.0,6345.75,60,False,False
2024-11-19,2024-11-19 15:05:00,Trap,1,6343.0,6335.5,78,False,False
2024-11-20,2024-11-20 08:35:00,IB,-1,6335.5,6346.25,0,False,False
2024-11-20,2024-11-20 10:10:00,OB,-1,6304.25,6312.75,19,True,True
2024-11-20,2024-11-20 10:30:00,Trap,-1,6294.75,6304.75,23,False,False
2024-11-20,2024-11-20 10:40:00,Trap,1,6300.25,6291.25,25,True,True
2024-11-20,2024-11-20 11:05:00,Trap,-1,6317.5,6324.0,30,True,True
2024-11-20,2024-11-20 11:30:00,Trap,1,6308.25,6297.25,35,True,False
2024-11-20,2024-11-20 12:40:00,BO,-1,6303.5,6313.5,49,False,False
2024-11-20,2024-11-20 13:10:00,IB,-1,6300.0,6304.75,55,False,False
2024-11-20,2024-11-20 13:35:00,BO,1,6304.75,6298.25,60,False,False
2024-11-21,2024-11-21 08:40:00,Trap,-1,6325.5,6371.25,1,True,True
2024-11-21,2024-11-21 08:50:00,IB,1,6348.25,6320.5,3,False,False
2024-11-21,2024-11-21 09:15:00,Trap,1,6342.0,6318.75,8,True,True
2024-11-21,2024-11-21 09:25:00,Trap,-1,6325.75,6347.0,10,False,False
2024-11-21,2024-11-21 12:20:00,Trap,-1,6376.0,6382.75,45,True,True
2024-11-21,2024-11-21 12:30:00,IB,1,6380.5,6373.5,47,False,False
2024-11-22,2024-11-22 08:40:00,OB,1,6380.75,6368.75,1,True,True
2024-11-22,2024-11-22 09:00:00,Trap,1,6393.0,6380.0,5,False,False
2024-11-22,2024-11-22 13:15:00,BO,-1,6382.5,6387.75,56,False,False
2024-11-22,2024-11-22 14:05:00,Trap,-1,6379.25,6389.75,66,True,True
2024-11-22,2024-11-22 14:55:00,BO,1,6391.0,6380.25,76,False,False
2024-11-25,2024-11-25 08:40:00,BO,1,6439.75,6388.5,1,False,False
2024-11-25,2024-11-25 08:50:00,Trap,-1,6433.5,6441.75,3,True,True
2024-11-25,2024-11-25 09:15:00,Trap,-1,6412.5,6425.75,8,False,False
2024-11-25,2024-11-25 10:35:00,BO,-1,6410.25,6417.0,24,False,False
2024-11-25,2024-11-25 11:15:00,Trap,-1,6398.5,6408.5,32,False,False
2024-11-25,2024-11-25 11:45:00,IB,-1,6387.25,6398.0,38,False,False
2024-11-25,2024-11-25 11:55:00,Trap,1,6396.75,6384.25,40,True,True
2024-11-25,2024-11-25 13:50:00,BO,1,6405.75,6399.25,63,False,False
2024-11-25,2024-11-25 15:10:00,Trap,1,6411.5,6403.5,79,False,False
2024-11-26,2024-11-26 09:45:00,Trap,1,6425.5,6414.5,14,False,False
2024-11-26,2024-11-26 10:25:00,IB,1,6426.0,6421.0,22,False,False
2024-11-26,2024-11-26 11:35:00,Trap,1,6429.0,6423.0,36,True,True
2024-11-26,2024-11-26 13:05:00,OB,1,6436.25,6432.25,54,False,False
2024-11-26,2024-11-26 13:35:00,OB,1,6433.0,6424.75,60,True,True
2024-11-26,2024-11-26 15:00:00,Trap,-1,6438.75,6445.75,77,True,True
2024-11-27,2024-11-27 08:55:00,Trap,-1,6431.5,6438.5,4,False,False
2024-11-27,2024-11-27 09:15:00,Trap,-1,6428.25,6434.25,8,False,False
2024-11-27,2024-11-27 09:30:00,IB,-1,6423.75,6430.25,11,False,False
2024-11-27,2024-11-27 10:05:00,IB,-1,6415.25,6422.25,18,False,False
2024-11-27,2024-11-27 10:40:00,OB,1,6420.0,6412.75,25,False,False
2024-11-27,2024-11-27 10:50:00,OB,-1,6411.25,6421.5,27,True,False
2024-11-27,2024-11-27 12:30:00,IB,-1,6414.25,6418.25,47,True,True
2024-11-27,2024-11-27 13:45:00,OB,1,6419.25,6413.75,62,True,True
2024-11-27,2024-11-27 14:20:00,BO,-1,6415.0,6419.75,69,False,False
2024-11-27,2024-11-27 14:50:00,Trap,1,6418.25,6409.0,75,True,True
2024-11-28,2024-11-28 09:20:00,Trap,1,6431.0,6429.5,9,False,False
2024-11-28,2024-11-28 10:30:00,OB,-1,6431.75,6434.25,23,True,True
2024-11-28,2024-11-28 11:05:00,IB,1,6431.25,6430.0,30,True,True
2024-11-29,2024-11-29 11:10:00,OB,1,6459.0,6454.0,73,False,False
2024-11-29,2024-11-29 12:00:00,OB,-1,6453.25,6461.75,83,True,True
2024-12-02,2024-12-02 08:35:00,Trap,1,6461.25,6450.5,0,True,True
2024-12-02,2024-12-02 08:45:00,IB,-1,6456.25,6463.75,2,False,False
2024-12-02,2024-12-02 10:00:00,OB,-1,6454.25,6461.75,17,False,False
2024-12-02,2024-12-02 12:35:00,Trap,-1,6462.25,6465.75,48,True,True
2024-12-02,2024-12-02 13:30:00,IB,1,6461.0,6457.75,59,True,True
2024-12-02,2024-12-02 14:00:00,IB,1,6466.25,6462.75,65,False,False
2024-12-02,2024-12-02 14:30:00,IB,1,6469.5,6466.0,71,False,False
2024-12-03,2024-12-03 10:40:00,Trap,-1,6453.0,6461.25,25,True,True
2024-12-03,2024-12-03 11:35:00,IB,1,6457.75,6454.75,36,False,False
2024-12-03,2024-12-03 13:35:00,BO,1,6464.25,6459.5,60,False,False
2024-12-03,2024-12-03 14:45:00,OB,-1,6462.75,6466.5,74,False,False
2024-12-03,2024-12-03 14:55:00,BO,1,6467.0,6461.25,76,False,False
2024-12-03,2024-12-03 15:10:00,Trap,1,6467.0,6463.0,79,False,False
2024-12-04,2024-12-04 09:05:00,Trap,-1,6480.75,6487.25,6,True,True
2024-12-04,2024-12-04 09:35:00,IB,1,6484.75,6479.25,12,False,False
2024-12-04,2024-12-04 10:45:00,Trap,-1,6486.25,6490.0,26,True,True
2024-12-04,2024-12-04 10:55:00,BO,1,6489.5,6485.75,28,False,False
2024-12-04,2024-12-04 11:35:00,Trap,-1,6486.5,6490.0,36,True,True
2024-12-04,2024-12-04 12:45:00,IB,1,6482.25,6477.0,50,False,False
2024-12-04,2024-12-04 13:55:00,IB,-1,6493.25,6496.0,64,False,False
2024-12-04,2024-12-04 14:05:00,IB,1,6496.0,6491.75,66,False,False
2024-12-04,2024-12-04 14:40:00,Trap,1,6501.0,6496.75,73,False,False
2024-12-05,2024-12-05 09:00:00,Trap,1,6502.0,6498.25,5,False,False
2024-12-05,2024-12-05 09:15:00,IB,-1,6499.25,6506.5,8,False,False
2024-12-05,2024-12-05 10:20:00,IB,1,6497.25,6492.5,21,False,False
2024-12-05,2024-12-05 12:20:00,IB,-1,6502.0,6507.5,45,False,False
2024-12-05,2024-12-05 12:35:00,IB,1,6499.75,6492.75,48,True,True
2024-12-05,2024-12-05 14:10:00,Trap,1,6497.75,6493.5,67,True,True
2024-12-05,2024-12-05 14:55:00,Trap,-1,6491.25,6498.0,76,True,False
2024-12-06,2024-12-06 08:35:00,Trap,1,6503.5,6484.75,0,True,True
2024-12-06,2024-12-06 10:10:00,IB,-1,6504.0,6509.25,19,False,False
2024-12-06,2024-12-06 12:10:00,OB,1,6502.25,6494.5,43,False,False
2024-12-06,2024-12-06 13:10:00,OB,-1,6496.5,6502.5,55,False,False
2024-12-09,2024-12-09 10:55:00,BO,1,6479.5,6475.25,28,False,False
2024-12-09,2024-12-09 12:00:00,Trap,-1,6473.75,6481.25,41,True,True
2024-12-09,2024-12-09 15:10:00,IB,-1,6462.75,6469.25,79,False,False
2024-12-10,2024-12-10 08:45:00,Trap,1,6468.75,6462.75,2,False,False
2024-12-10,2024-12-10 08:55:00,Trap,-1,6464.5,6472.5,4,False,False
2024-12-10,2024-12-10 09:55:00,Trap,-1,6471.75,6477.0,16,True,True
2024-12-10,2024-12-10 13:25:00,IB,1,6460.0,6456.0,58,True,True
2024-12-10,2024-12-10 14:50:00,Trap,-1,6443.75,6449.25,75,False,False
2024-12-11,2024-12-11 08:50:00,BO,1,6482.5,6477.5,3,False,False
2024-12-11,2024-12-11 09:25:00,BO,-1,6486.25,6492.0,10,False,False
2024-12-11,2024-12-11 11:05:00,Trap,1,6500.0,6494.75,30,False,False
2024-12-11,2024-12-11 12:05:00,OB,1,6502.75,6498.5,42,False,False
2024-12-11,2024-12-11 13:50:00,OB,-1,6497.25,6501.75,63,True,True
2024-12-11,2024-12-11 15:10:00,BO,-1,6489.5,6495.75,79,False,False
2024-12-12,2024-12-12 08:45:00,Trap,1,6481.75,6476.75,2,True,True
2024-12-12,2024-12-12 09:10:00,OB,-1,6472.75,6480.5,7,False,False
2024-12-12,2024-12-12 09:20:00,Trap,1,6477.25,6469.25,9,True,True
2024-12-12,2024-12-12 10:05:00,BO,1,6488.0,6481.75,18,False,False
2024-12-12,2024-12-12 11:00:00,IB,-1,6475.75,6482.5,29,False,False
2024-12-12,2024-12-12 11:25:00,Trap,-1,6482.5,6486.75,34,True,False
2024-12-12,2024-12-12 13:00:00,OB,-1,6475.25,6479.5,53,False,False
2024-12-12,2024-12-12 13:15:00,Trap,-1,6474.0,6479.0,56,False,False
2024-12-12,2024-12-12 14:55:00,Trap,-1,6465.5,6471.25,76,True,True
2024-12-13,2024-12-13 08:55:00,Trap,-1,6478.25,6486.5,4,True,True
2024-12-13,2024-12-13 11:55:00,IB,1,6448.75,6443.75,40,True,True
2024-12-16,2024-12-16 08:55:00,Trap,1,6480.25,6472.5,4,False,False
2024-12-16,2024-12-16 09:15:00,IB,-1,6477.0,6483.5,8,True,True
2024-12-16,2024-12-16 09:30:00,Trap,1,6481.0,6468.0,11,True,True
2024-12-16,2024-12-16 10:35:00,BO,-1,6482.0,6486.25,24,False,False
2024-12-16,2024-12-16 12:00:00,Trap,1,6489.5,6485.5,41,False,False
2024-12-16,2024-12-16 12:25:00,BO,1,6494.0,6489.75,46,False,False
2024-12-16,2024-12-16 13:05:00,IB,-1,6491.75,6494.5,54,False,False
2024-12-16,2024-12-16 13:40:00,Trap,1,6493.25,6490.0,61,True,True
2024-12-16,2024-12-16 13:55:00,Trap,1,6493.0,6490.75,64,False,False
2024-12-16,2024-12-16 14:20:00,Trap,-1,6493.5,6495.25,69,True,True
2024-12-16,2024-12-16 14:40:00,BO,-1,6489.75,6494.5,73,False,False
2024-12-17,2024-12-17 09:05:00,OB,-1,6456.0,6466.25,6,False,False
2024-12-17,2024-12-17 11:35:00,Trap,1,6464.75,6460.0,36,True,True
2024-12-17,2024-12-17 12:20:00,Trap,-1,6460.0,6465.0,45,False,False
2024-12-17,2024-12-17 15:05:00,Trap,-1,6454.0,6464.75,78,True,True
2024-12-18,2024-12-18 09:35:00,Trap,1,6471.75,6465.5,12,False,False
2024-12-18,2024-12-18 10:00:00,IB,-1,6475.0,6479.5,17,True,True
2024-12-18,2024-12-18 10:30:00,Trap,1,6471.25,6461.0,23,True,True
2024-12-18,2024-12-18 12:30:00,Trap,-1,6465.25,6469.75,47,False,False
2024-12-18,2024-12-18 13:05:00,Trap,-1,6449.75,6470.0,54,True,True
2024-12-18,2024-12-18 14:00:00,BO,-1,6374.75,6407.75,65,False,False
2024-12-18,2024-12-18 15:05:00,BO,-1,6253.75,6315.25,78,False,False
2024-12-19,2024-12-19 09:15:00,Trap,1,6313.75,6293.5,8,True,False
2024-12-19,2024-12-19 09:30:00,BO,-1,6292.75,6314.5,11,False,False
2024-12-19,2024-12-19 09:45:00,OB,1,6301.5,6283.25,14,True,True
2024-12-19,2024-12-19 10:25:00,BO,1,6310.75,6283.25,22,False,False
2024-12-19,2024-12-19 12:00:00,Trap,1,6295.0,6279.0,41,True,True
2024-12-19,2024-12-19 13:10:00,IB,-1,6303.25,6318.0,55,True,True
2024-12-19,2024-12-19 14:35:00,IB,-1,6279.25,6298.75,72,False,False
2024-12-20,2024-12-20 08:40:00,Trap,1,6262.25,6232.0,1,True,True
2024-12-20,2024-12-20 08:50:00,IB,-1,6237.75,6263.25,3,False,False
2024-12-20,2024-12-20 10:55:00,IB,-1,6358.75,6372.25,28,False,False
2024-12-20,2024-12-20 12:30:00,BO,-1,6346.5,6362.5,47,False,False
2024-12-20,2024-12-20 14:35:00,Trap,-1,6324.5,6347.25,72,False,False
2024-12-20,2024-12-20 15:05:00,Trap,1,6344.25,6318.75,78,True,True
2024-12-23,2024-12-23 08:50:00,BO,-1,6316.75,6338.25,3,False,False
2024-12-23,2024-12-23 09:00:00,Trap,1,6325.0,6312.75,5,True,True
2024-12-23,2024-12-23 09:10:00,BO,-1,6302.75,6329.0,7,False,False
2024-12-23,2024-12-23 11:00:00,BO,1,6345.75,6334.75,29,False,False
2024-12-23,2024-12-23 13:40:00,IB,-1,6353.5,6362.25,61,False,False
2024-12-23,2024-12-23 15:05:00,Trap,-1,6362.75,6374.5,78,True,True
2024-12-24,2024-12-24 10:40:00,Trap,1,6413.5,6409.25,25,False,False
2024-12-24,2024-12-24 11:55:00,Trap,1,6424.75,6413.75,40,False,False
2024-12-26,2024-12-26 09:45:00,BO,-1,6413.0,6418.25,14,False,False
2024-12-26,2024-12-26 10:35:00,Trap,1,6424.5,6418.25,24,False,False
2024-12-26,2024-12-26 11:20:00,BO,1,6437.75,6432.0,33,False,False
2024-12-26,2024-12-26 11:30:00,BO,-1,6429.25,6439.0,35,False,False
2024-12-26,2024-12-26 12:35:00,Trap,-1,6424.75,6432.25,48,True,True
2024-12-26,2024-12-26 13:45:00,IB,1,6428.0,6422.25,62,False,False
2024-12-26,2024-12-26 15:00:00,OB,-1,6426.25,6434.75,77,True,False
2024-12-27,2024-12-27 09:20:00,BO,-1,6337.5,6361.25,9,False,False
2024-12-27,2024-12-27 09:45:00,IB,1,6345.25,6329.25,14,False,False
2024-12-27,2024-12-27 10:05:00,BO,-1,6336.0,6353.25,18,False,False
2024-12-27,2024-12-27 10:30:00,BO,1,6352.75,6332.5,23,False,False
2024-12-27,2024-12-27 10:45:00,Trap,-1,6339.0,6355.0,26,True,True
2024-12-27,2024-12-27 11:40:00,Trap,-1,6317.5,6331.75,37,False,False
2024-12-27,2024-12-27 14:55:00,BO,1,6355.25,6334.5,76,False,False
2024-12-30,2024-12-30 09:00:00,Trap,-1,6258.75,6273.0,5,False,False
2024-12-30,2024-12-30 09:40:00,BO,1,6270.25,6250.0,13,False,False
2024-12-30,2024-12-30 13:30:00,Trap,1,6310.25,6300.5,59,True,True
2024-12-30,2024-12-30 14:05:00,Trap,-1,6310.75,6318.5,66,True,True
2024-12-30,2024-12-30 14:15:00,Trap,1,6315.5,6308.0,68,True,False
2024-12-30,2024-12-30 14:30:00,IB,-1,6302.5,6319.25,71,False,False
2024-12-31,2024-12-31 08:35:00,IB,1,6305.75,6279.5,0,False,False
2024-12-31,2024-12-31 08:50:00,Trap,1,6304.0,6290.5,3,False,False
2024-12-31,2024-12-31 09:10:00,Trap,-1,6288.75,6311.75,7,True,True
2024-12-31,2024-12-31 09:20:00,Trap,1,6305.0,6286.25,9,True,False
2024-12-31,2024-12-31 09:35:00,OB,-1,6292.5,6310.75,12,False,False
2024-12-31,2024-12-31 10:05:00,IB,-1,6281.5,6299.25,18,False,False
2024-12-31,2024-12-31 10:50:00,OB,1,6280.75,6270.0,27,False,False
2024-12-31,2024-12-31 11:30:00,OB,-1,6263.0,6277.25,35,False,False
2024-12-31,2024-12-31 12:00:00,BO,1,6277.0,6255.25,41,False,False
2024-12-31,2024-12-31 12:15:00,Trap,-1,6269.25,6281.75,44,True,True
2024-12-31,2024-12-31 14:00:00,BO,1,6268.5,6253.5,65,False,False
2025-01-02,2025-01-02 08:40:00,Trap,-1,6267.25,6302.0,1,True,True
2025-01-02,2025-01-02 08:50:00,Trap,1,6289.75,6266.0,3,False,False
2025-01-02,2025-01-02 09:25:00,BO,-1,6281.75,6314.5,10,False,False
2025-01-02,2025-01-02 09:50:00,Trap,1,6283.75,6267.0,15,True,True
2025-01-02,2025-01-02 10:05:00,IB,-1,6260.25,6292.25,18,False,False
2025-01-02,2025-01-02 11:25:00,BO,-1,6267.75,6290.75,34,False,False
2025-01-02,2025-01-02 14:50:00,IB,1,6247.75,6238.25,75,False,False
2025-01-03,2025-01-03 09:20:00,BO,-1,6278.0,6296.5,9,False,False
2025-01-03,2025-01-03 10:05:00,BO,1,6297.5,6285.75,18,False,False
2025-01-03,2025-01-03 11:15:00,Trap,-1,6305.25,6312.75,32,True,True
2025-01-03,2025-01-03 14:05:00,IB,-1,6317.75,6325.75,66,False,False
2025-01-03,2025-01-03 15:00:00,IB,1,6319.5,6312.25,77,True,True
2025-01-06,2025-01-06 08:50:00,BO,1,6381.25,6362.75,3,False,False
2025-01-06,2025-01-06 11:45:00,OB,-1,6381.25,6389.25,38,False,False
2025-01-06,2025-01-06 12:50:00,BO,-1,6358.25,6372.75,51,False,False
2025-01-06,2025-01-06 13:05:00,BO,-1,6350.0,6365.0,54,False,False
2025-01-06,2025-01-06 13:50:00,Trap,1,6354.75,6348.75,63,True,True
2025-01-06,2025-01-06 14:00:00,BO,-1,6343.5,6356.25,65,False,False
2025-01-06,2025-01-06 14:40:00,Trap,-1,6347.5,6355.0,73,True,False
2025-01-06,2025-01-06 15:00:00,OB,1,6354.0,6335.5,77,True,True
2025-01-07,2025-01-07 08:40:00,Trap,-1,6361.5,6377.0,1,True,True
2025-01-07,2025-01-07 09:35:00,Trap,-1,6324.75,6345.0,12,False,False
2025-01-07,2025-01-07 11:35:00,Trap,1,6311.0,6300.0,36,True,True
2025-01-07,2025-01-07 12:00:00,Trap,1,6307.25,6294.25,41,True,True
2025-01-07,2025-01-07 12:40:00,BO,-1,6312.75,6322.5,49,False,False
2025-01-07,2025-01-07 13:40:00,BO,-1,6299.75,6310.5,61,False,False
2025-01-07,2025-01-07 14:55:00,Trap,1,6284.0,6273.5,76,False,False
2025-01-08,2025-01-08 09:05:00,IB,1,6283.0,6262.75,6,False,False
2025-01-08,2025-01-08 09:55:00,Trap,1,6279.5,6265.25,16,False,False
2025-01-08,2025-01-08 10:40:00,BO,1,6292.0,6276.5,25,False,False
2025-01-08,2025-01-08 11:10:00,BO,-1,6277.5,6292.75,31,False,False
2025-01-08,2025-01-08 11:30:00,OB,-1,6253.0,6273.0,35,False,False
2025-01-08,2025-01-08 12:55:00,BO,-1,6269.75,6291.0,52,False,False
2025-01-08,2025-01-08 14:15:00,OB,-1,6276.25,6287.5,68,False,False
2025-01-10,2025-01-10 12:25:00,OB,1,6225.25,6210.0,46,False,False
2025-01-10,2025-01-10 13:10:00,BO,-1,6212.25,6238.75,55,False,False
2025-01-10,2025-01-10 13:50:00,Trap,-1,6206.25,6216.5,63,False,False
2025-01-10,2025-01-10 14:15:00,Trap,-1,6200.5,6217.25,68,False,False
2025-01-13,2025-01-13 09:40:00,BO,1,6173.5,6150.25,13,False,False
2025-01-13,2025-01-13 10:55:00,IB,-1,6160.0,6173.75,28,False,False
2025-01-13,2025-01-13 11:10:00,Trap,1,6163.75,6148.0,31,True,True
2025-01-13,2025-01-13 11:50:00,Trap,1,6174.75,6168.0,39,False,False
2025-01-13,2025-01-13 12:30:00,Trap,1,6189.25,6180.75,47,False,False
2025-01-13,2025-01-13 13:30:00,OB,1,6195.5,6181.75,59,True,True
2025-01-13,2025-01-13 14:55:00,Trap,1,6203.75,6191.5,76,False,False
2025-01-14,2025-01-14 08:55:00,BO,-1,6218.5,6241.25,4,False,False
2025-01-14,2025-01-14 09:10:00,BO,1,6228.75,6210.25,7,False,False
2025-01-14,2025-01-14 10:05:00,BO,-1,6195.5,6220.5,18,False,False
2025-01-14,2025-01-14 11:10:00,Trap,1,6184.75,6176.25,31,True,True
2025-01-14,2025-01-14 11:45:00,Trap,1,6191.75,6174.0,38,True,True
2025-01-14,2025-01-14 13:05:00,Trap,-1,6224.0,6229.5,54,True,True
2025-01-14,2025-01-14 13:20:00,Trap,1,6228.0,6220.5,57,False,False
2025-01-14,2025-01-14 13:45:00,Trap,-1,6223.25,6229.5,62,False,False
2025-01-14,2025-01-14 14:40:00,OB,-1,6188.25,6200.25,73,False,False
2025-01-14,2025-01-14 14:50:00,Trap,1,6197.5,6187.0,75,False,False
2025-01-15,2025-01-15 08:35:00,Trap,1,6299.25,6220.75,0,False,False
2025-01-15,2025-01-15 10:35:00,IB,-1,6291.25,6311.25,24,False,False
2025-01-15,2025-01-15 12:45:00,Trap,1,6317.0,6312.75,50,False,False
2025-01-15,2025-01-15 13:55:00,Trap,1,6328.25,6323.25,64,False,False
2025-01-15,2025-01-15 14:55:00,Trap,-1,6322.25,6329.5,76,False,False
2025-01-16,2025-01-16 08:50:00,OB,-1,6316.25,6334.5,3,True,True
2025-01-16,2025-01-16 09:10:00,Trap,1,6320.0,6304.75,7,True,True
2025-01-16,2025-01-16 11:40:00,IB,-1,6323.0,6330.0,37,False,False
2025-01-16,2025-01-16 14:20:00,OB,-1,6315.0,6325.0,65,True,True
2025-01-17,2025-01-17 08:50:00,Trap,1,6358.25,6344.25,3,False,False
2025-01-17,2025-01-17 09:00:00,Trap,-1,6352.0,6361.75,5,True,True
2025-01-17,2025-01-17 09:25:00,Trap,-1,6355.75,6362.75,10,False,False
2025-01-17,2025-01-17 10:35:00,Trap,-1,6372.0,6380.5,24,True,True
2025-01-20,2025-01-20 09:20:00,Trap,-1,6392.0,6398.25,9,False,False
2025-01-20,2025-01-20 11:00:00,Trap,-1,6387.0,6392.75,29,False,False
2025-01-20,2025-01-20 11:55:00,IB,1,6391.75,6381.5,40,False,False
2025-01-21,2025-01-21 08:50:00,Trap,1,6397.25,6384.5,45,False,False
2025-01-21,2025-01-21 10:00:00,Trap,1,6392.5,6382.75,59,False,False
2025-01-21,2025-01-21 10:45:00,BO,-1,6391.75,6399.5,68,False,False
2025-01-21,2025-01-21 10:55:00,BO,1,6402.0,6391.0,70,False,False
2025-01-21,2025-01-21 11:30:00,IB,1,6405.0,6398.25,77,False,False
2025-01-21,2025-01-21 11:55:00,IB,1,6412.0,6407.0,82,False,False
2025-01-21,2025-01-21 13:20:00,Trap,-1,6410.75,6417.0,99,True,True
2025-01-21,2025-01-21 13:30:00,Trap,1,6413.0,6408.0,101,True,True
2025-01-21,2025-01-21 13:40:00,BO,-1,6408.0,6414.25,103,False,False
2025-01-22,2025-01-22 12:05:00,OB,-1,6460.75,6464.25,42,False,False
2025-01-22,2025-01-22 12:20:00,Trap,-1,6459.75,6463.25,45,False,False
2025-01-22,2025-01-22 15:05:00,IB,-1,6450.5,6457.5,78,False,False
2025-01-23,2025-01-23 11:50:00,OB,1,6461.0,6456.25,39,True,True
2025-01-23,2025-01-23 12:15:00,IB,1,6467.5,6463.25,44,False,False
2025-01-23,2025-01-23 12:45:00,IB,-1,6466.75,6470.0,50,False,False
2025-01-23,2025-01-23 14:55:00,BO,1,6475.0,6464.75,70,False,False
2025-01-24,2025-01-24 09:50:00,IB,1,6481.5,6476.0,15,False,False
2025-01-24,2025-01-24 11:00:00,Trap,-1,6481.0,6489.0,29,True,True
2025-01-24,2025-01-24 11:25:00,Trap,1,6485.25,6479.25,34,False,False
2025-01-24,2025-01-24 12:50:00,BO,-1,6466.5,6470.5,51,False,False
2025-01-24,2025-01-24 15:00:00,BO,1,6464.25,6456.0,77,False,False
2025-01-27,2025-01-27 08:40:00,Trap,1,6366.25,6328.25,1,True,True
2025-01-27,2025-01-27 09:30:00,BO,1,6372.5,6349.0,11,False,False
2025-01-27,2025-01-27 10:25:00,Trap,-1,6350.5,6362.0,22,False,False
2025-01-27,2025-01-27 10:50:00,Trap,1,6355.5,6344.75,27,True,True
2025-01-27,2025-01-27 11:30:00,Trap,1,6359.25,6346.25,35,False,False
2025-01-27,2025-01-27 13:50:00,BO,-1,6351.0,6371.0,63,False,False
2025-01-27,2025-01-27 14:45:00,BO,1,6366.75,6355.0,74,False,False
2025-01-27,2025-01-27 15:00:00,Trap,1,6378.25,6357.75,77,False,False
2025-01-28,2025-01-28 10:20:00,OB,-1,6409.5,6418.75,21,True,True
2025-01-28,2025-01-28 12:30:00,OB,-1,6425.0,6430.75,47,True,True
2025-01-28,2025-01-28 13:20:00,Trap,1,6420.75,6415.25,57,True,True
2025-01-28,2025-01-28 15:05:00,IB,-1,6423.75,6434.5,78,False,False
2025-01-29,2025-01-29 13:40:00,OB,1,6397.25,6374.25,61,False,False
2025-01-29,2025-01-29 14:25:00,Trap,1,6412.25,6387.25,70,True,False
2025-01-30,2025-01-30 09:00:00,Trap,-1,6430.75,6441.25,5,True,True
2025-01-30,2025-01-30 10:15:00,Trap,-1,6388.75,6400.0,20,False,False
2025-01-30,2025-01-30 10:25:00,IB,1,6405.0,6388.0,22,False,False
2025-01-30,2025-01-30 11:20:00,BO,-1,6408.75,6421.0,33,False,False
2025-01-30,2025-01-30 12:40:00,BO,1,6430.75,6418.25,49,False,False
2025-01-30,2025-01-30 13:15:00,IB,1,6432.75,6427.25,56,False,False
2025-01-30,2025-01-30 14:45:00,BO,-1,6403.5,6445.0,74,False,False
2025-01-30,2025-01-30 14:55:00,OB,1,6430.5,6399.25,76,True,True
2025-01-31,2025-01-31 11:15:00,Trap,1,6468.25,6459.25,32,True,True
2025-01-31,2025-01-31 13:45:00,BO,-1,6407.0,6430.5,62,False,False
2025-01-31,2025-01-31 13:55:00,Trap,1,6414.25,6398.25,64,True,True
2025-01-31,2025-01-31 14:05:00,Trap,-1,6395.75,6419.75,66,False,False
2025-02-03,2025-02-03 08:40:00,Trap,1,6320.0,6296.25,1,True,True
2025-02-03,2025-02-03 08:50:00,IB,-1,6304.0,6321.0,3,False,False
2025-02-03,2025-02-03 09:30:00,OB,1,6340.75,6281.75,11,True,True
2025-02-03,2025-02-03 10:30:00,Trap,-1,6356.25,6370.0,23,True,True
2025-02-03,2025-02-03 11:55:00,BO,1,6356.0,6340.75,40,False,False
2025-02-03,2025-02-03 14:00:00,BO,-1,6374.75,6380.75,65,False,False
2025-02-03,2025-02-03 14:30:00,Trap,-1,6363.0,6374.25,71,False,False
2025-02-03,2025-02-03 14:45:00,Trap,-1,6360.25,6368.25,74,False,False
2025-02-03,2025-02-03 15:00:00,Trap,-1,6354.5,6365.75,77,False,False
2025-02-04,2025-02-04 08:40:00,OB,1,6359.75,6349.5,1,True,True
2025-02-04,2025-02-04 10:30:00,OB,1,6396.75,6389.0,23,False,False
2025-02-04,2025-02-04 10:50:00,OB,-1,6387.5,6397.75,27,False,False
2025-02-04,2025-02-04 11:00:00,Trap,1,6391.0,6385.0,29,True,True
2025-02-04,2025-02-04 13:00:00,OB,-1,6384.25,6389.25,53,False,False
2025-02-04,2025-02-04 13:10:00,OB,1,6392.25,6382.5,55,True,True
2025-02-04,2025-02-04 14:25:00,BO,-1,6389.75,6396.25,70,False,False
2025-02-04,2025-02-04 14:40:00,OB,1,6395.25,6386.5,73,False,False
2025-02-04,2025-02-04 15:05:00,Trap,-1,6383.25,6399.25,78,True,True
2025-02-05,2025-02-05 09:15:00,IB,1,6375.25,6361.0,8,False,False
2025-02-05,2025-02-05 10:10:00,Trap,1,6388.75,6378.75,19,False,False
2025-02-05,2025-02-05 10:20:00,Trap,-1,6380.25,6390.0,21,True,True
2025-02-05,2025-02-05 10:30:00,Trap,1,6388.5,6376.75,23,True,True
2025-02-05,2025-02-05 12:20:00,Trap,1,6404.75,6400.25,45,False,False
2025-02-05,2025-02-05 12:35:00,Trap,1,6404.5,6398.0,48,True,True
2025-02-05,2025-02-05 14:05:00,IB,1,6408.75,6405.0,66,False,False
2025-02-05,2025-02-05 15:00:00,OB,1,6417.5,6405.0,77,True,True
2025-02-06,2025-02-06 09:25:00,Trap,-1,6426.25,6434.75,10,False,False
2025-02-06,2025-02-06 10:55:00,OB,1,6429.25,6422.75,28,True,False
2025-02-06,2025-02-06 12:40:00,Trap,-1,6428.75,6433.5,49,False,False
2025-02-07,2025-02-07 12:10:00,OB,1,6406.0,6392.75,43,False,False
2025-02-07,2025-02-07 12:50:00,BO,-1,6392.75,6409.0,51,False,False
2025-02-07,2025-02-07 13:15:00,OB,-1,6381.75,6388.25,56,False,False
2025-02-07,2025-02-07 14:55:00,Trap,1,6383.0,6378.25,76,False,False
2025-02-10,2025-02-10 08:40:00,Trap,-1,6403.25,6413.5,1,True,True
2025-02-10,2025-02-10 09:50:00,OB,1,6424.75,6417.75,15,False,False
2025-02-10,2025-02-10 10:20:00,Trap,-1,6415.25,6422.0,21,False,False
2025-02-10,2025-02-10 10:35:00,Trap,-1,6412.5,6418.25,24,False,False
2025-02-10,2025-02-10 10:50:00,Trap,-1,6413.0,6415.75,27,False,False
2025-02-10,2025-02-10 11:10:00,OB,-1,6410.25,6417.0,31,False,False
2025-02-10,2025-02-10 11:25:00,IB,1,6411.0,6403.75,34,False,False
2025-02-10,2025-02-10 11:55:00,Trap,1,6417.5,6411.75,40,False,False
2025-02-10,2025-02-10 14:45:00,Trap,1,6421.5,6417.25,74,True,True
2025-02-11,2025-02-11 09:30:00,OB,1,6412.5,6402.5,11,False,False
2025-02-11,2025-02-11 10:40:00,Trap,1,6419.5,6415.5,25,True,True
2025-02-11,2025-02-11 10:55:00,OB,-1,6413.5,6420.25,28,False,False
2025-02-11,2025-02-11 11:10:00,BO,-1,6405.5,6414.25,31,False,False
2025-02-11,2025-02-11 11:25:00,OB,1,6413.5,6403.25,34,False,False
2025-02-11,2025-02-11 12:10:00,Trap,1,6410.25,6406.25,43,True,False
2025-02-11,2025-02-11 12:35:00,IB,1,6416.25,6409.75,48,False,False
2025-02-11,2025-02-11 13:45:00,BO,1,6428.0,6418.5,62,False,False
2025-02-11,2025-02-11 14:25:00,OB,-1,6423.0,6427.0,70,False,False
2025-02-11,2025-02-11 14:40:00,Trap,-1,6420.25,6427.5,73,False,False
2025-02-12,2025-02-12 08:40:00,Trap,1,6370.75,6355.25,1,True,True
2025-02-12,2025-02-12 09:25:00,BO,1,6389.75,6365.75,10,False,False
2025-02-12,2025-02-12 09:40:00,IB,1,6398.0,6382.25,13,False,False
2025-02-12,2025-02-12 11:15:00,Trap,1,6407.5,6400.75,32,False,False
2025-02-12,2025-02-12 13:25:00,IB,1,6400.75,6395.75,58,False,False
2025-02-12,2025-02-12 14:45:00,OB,-1,6398.25,6406.5,74,False,False
2025-02-13,2025-02-13 08:40:00,Trap,-1,6407.25,6420.5,1,True,True
2025-02-13,2025-02-13 09:00:00,IB,1,6417.75,6408.5,5,False,False
2025-02-13,2025-02-13 11:15:00,Trap,-1,6432.5,6437.0,32,False,False
2025-02-13,2025-02-13 11:50:00,Trap,1,6438.75,6433.25,39,False,False
2025-02-13,2025-02-13 12:00:00,BO,-1,6431.5,6439.75,41,False,False
2025-02-14,2025-02-14 09:20:00,Trap,-1,6469.75,6476.75,9,True,True
2025-02-14,2025-02-14 09:50:00,Trap,1,6471.0,6463.75,15,True,True
2025-02-14,2025-02-14 10:20:00,OB,-1,6465.5,6475.25,21,True,True
2025-02-14,2025-02-14 10:30:00,Trap,1,6466.75,6460.5,23,True,True
2025-02-14,2025-02-14 10:50:00,Trap,-1,6463.75,6468.0,27,False,False
2025-02-14,2025-02-14 11:10:00,IB,-1,6463.0,6469.75,31,False,False
2025-02-14,2025-02-14 11:50:00,Trap,1,6464.0,6457.25,39,True,True
2025-02-14,2025-02-14 12:35:00,Trap,1,6470.25,6463.5,48,True,False
2025-02-14,2025-02-14 14:00:00,Trap,1,6469.25,6465.0,65,True,True
2025-02-14,2025-02-14 14:30:00,BO,-1,6463.25,6469.25,71,False,False
2025-02-17,2025-02-17 10:05:00,OB,1,6474.5,6471.0,18,False,False
2025-02-18,2025-02-18 11:00:00,Trap,-1,6468.5,6475.0,71,True,True
2025-02-18,2025-02-18 11:55:00,Trap,1,6470.75,6467.0,82,False,False
2025-02-18,2025-02-18 12:50:00,Trap,1,6464.0,6460.5,93,True,True
2025-02-18,2025-02-18 15:00:00,BO,1,6479.5,6462.5,119,False,False
2025-02-19,2025-02-19 10:05:00,Trap,1,6471.0,6463.0,18,False,False
2025-02-19,2025-02-19 11:45:00,BO,1,6478.25,6473.75,38,False,False
2025-02-19,2025-02-19 12:20:00,Trap,1,6480.5,6471.75,45,True,True
2025-02-19,2025-02-19 13:15:00,IB,1,6491.25,6479.25,56,False,False
2025-02-19,2025-02-19 14:10:00,BO,-1,6490.5,6497.5,67,False,False
2025-02-20,2025-02-20 08:50:00,BO,-1,6468.25,6479.0,3,False,False
2025-02-20,2025-02-20 10:20:00,Trap,-1,6440.25,6449.0,21,False,False
2025-02-20,2025-02-20 12:35:00,OB,1,6447.25,6440.5,48,True,True
2025-02-20,2025-02-20 13:50:00,OB,1,6462.25,6451.25,63,False,False
2025-02-20,2025-02-20 14:50:00,BO,1,6467.5,6459.0,75,False,False
2025-02-21,2025-02-21 10:30:00,Trap,-1,6431.0,6436.5,23,True,True
2025-02-21,2025-02-21 11:40:00,BO,-1,6409.25,6420.75,37,False,False
2025-02-21,2025-02-21 12:45:00,Trap,-1,6379.5,6393.75,50,False,False
2025-02-21,2025-02-21 13:15:00,IB,1,6382.75,6373.75,56,False,False
2025-02-21,2025-02-21 13:25:00,BO,-1,6368.25,6385.0,58,False,False
2025-02-21,2025-02-21 14:55:00,Trap,1,6365.5,6358.75,76,False,False
2025-02-24,2025-02-24 08:40:00,Trap,-1,6373.75,6391.5,1,True,True
2025-02-24,2025-02-24 10:40:00,Trap,-1,6355.5,6367.0,25,True,True
2025-02-24,2025-02-24 11:55:00,Trap,-1,6370.75,6380.0,40,True,True
2025-02-24,2025-02-24 13:45:00,IB,-1,6361.0,6368.0,62,False,False
2025-02-24,2025-02-24 14:45:00,IB,-1,6349.25,6358.5,74,False,False
2025-02-25,2025-02-25 08:50:00,BO,-1,6320.0,6339.25,3,False,False
2025-02-25,2025-02-25 09:20:00,OB,-1,6276.0,6302.0,9,False,False
2025-02-25,2025-02-25 10:05:00,Trap,-1,6274.5,6294.5,18,True,False
2025-02-25,2025-02-25 11:30:00,Trap,1,6296.75,6281.0,35,False,False
2025-02-25,2025-02-25 12:15:00,Trap,-1,6309.75,6322.0,44,True,True
2025-02-25,2025-02-25 12:40:00,Trap,1,6316.25,6295.75,49,True,True
2025-02-25,2025-02-25 12:55:00,IB,-1,6311.0,6319.25,52,False,False
2025-02-25,2025-02-25 13:40:00,OB,1,6311.25,6290.25,61,False,False
2025-02-25,2025-02-25 14:20:00,Trap,1,6316.75,6307.5,69,False,False
2025-02-25,2025-02-25 14:35:00,IB,-1,6315.5,6327.0,72,False,False
2025-02-26,2025-02-26 09:30:00,Trap,-1,6338.75,6352.0,11,True,True
2025-02-26,2025-02-26 10:40:00,Trap,1,6352.25,6340.0,25,True,True
2025-02-26,2025-02-26 11:55:00,Trap,-1,6322.0,6334.5,40,False,False
2025-02-26,2025-02-26 14:25:00,Trap,1,6295.0,6287.75,70,False,False
2025-02-27,2025-02-27 08:45:00,Trap,-1,6313.0,6338.75,2,True,True
2025-02-27,2025-02-27 09:35:00,IB,-1,6301.5,6323.25,12,False,False
2025-02-27,2025-02-27 10:30:00,Trap,-1,6299.5,6320.5,23,True,True
2025-02-27,2025-02-27 11:30:00,OB,1,6297.25,6271.5,35,True,True
2025-02-27,2025-02-27 12:15:00,Trap,1,6304.25,6291.0,44,False,False
2025-02-27,2025-02-27 13:15:00,BO,-1,6283.0,6296.5,56,False,False
2025-02-27,2025-02-27 13:30:00,OB,-1,6265.5,6285.5,59,False,False
2025-02-27,2025-02-27 14:05:00,IB,-1,6235.25,6257.0,66,False,False
2025-02-28,2025-02-28 10:30:00,Trap,-1,6215.75,6233.5,23,False,False
2025-02-28,2025-02-28 11:15:00,Trap,1,6231.0,6220.25,32,False,False
2025-02-28,2025-02-28 11:50:00,BO,-1,6197.75,6224.25,39,False,False
2025-02-28,2025-02-28 14:05:00,BO,1,6243.5,6227.75,66,False,False
2025-02-28,2025-02-28 14:30:00,Trap,1,6251.5,6231.75,71,False,False
2025-02-28,2025-02-28 14:45:00,Trap,1,6253.5,6234.0,74,False,False
2025-03-03,2025-03-03 09:25:00,Trap,1,6286.5,6269.0,10,False,False
2025-03-03,2025-03-03 09:45:00,Trap,1,6305.75,6281.25,14,False,False
2025-03-03,2025-03-03 11:20:00,BO,1,6295.0,6284.25,33,False,False
2025-03-03,2025-03-03 12:10:00,BO,-1,6254.5,6278.75,43,False,False
2025-03-03,2025-03-03 13:20:00,BO,-1,6239.0,6255.0,57,False,False
2025-03-03,2025-03-03 13:55:00,BO,-1,6222.75,6261.0,64,False,False
2025-03-03,2025-03-03 14:50:00,Trap,1,6172.75,6153.25,75,True,True
2025-03-04,2025-03-04 09:30:00,Trap,1,6098.5,6075.5,11,True,True
2025-03-04,2025-03-04 12:10:00,OB,1,6138.25,6113.75,43,False,False
2025-03-04,2025-03-04 13:00:00,OB,1,6156.0,6140.5,53,False,False
2025-03-04,2025-03-04 13:25:00,IB,1,6179.75,6165.0,58,False,False
2025-03-04,2025-03-04 14:35:00,BO,-1,6164.0,6207.25,72,False,False
2025-03-05,2025-03-05 08:55:00,BO,-1,6118.5,6144.25,4,False,False
2025-03-05,2025-03-05 09:40:00,BO,1,6131.75,6106.0,13,False,False
2025-03-05,2025-03-05 11:25:00,BO,1,6132.5,6115.5,34,False,False
2025-03-05,2025-03-05 12:35:00,BO,-1,6139.75,6152.0,48,False,False
2025-03-05,2025-03-05 14:30:00,IB,1,6193.0,6174.5,71,False,False
2025-03-06,2025-03-06 08:35:00,IB,-1,6101.0,6183.5,0,False,False
2025-03-06,2025-03-06 09:10:00,OB,1,6123.5,6091.25,7,False,False
2025-03-06,2025-03-06 09:55:00,BO,-1,6128.25,6151.5,16,False,False
2025-03-06,2025-03-06 11:30:00,Trap,-1,6076.0,6095.5,35,False,False
2025-03-06,2025-03-06 12:00:00,IB,1,6081.0,6060.5,41,False,False
2025-03-06,2025-03-06 12:50:00,Trap,1,6067.0,6054.25,51,True,True
2025-03-06,2025-03-06 13:20:00,Trap,-1,6059.75,6074.0,57,False,False
2025-03-06,2025-03-06 13:50:00,BO,1,6087.75,6054.5,63,False,False
2025-03-06,2025-03-06 14:00:00,Trap,-1,6060.5,6100.0,65,True,True
2025-03-07,2025-03-07 09:15:00,Trap,-1,6080.25,6099.5,8,False,False
2025-03-07,2025-03-07 09:35:00,IB,-1,6049.0,6085.0,12,False,False
2025-03-07,2025-03-07 09:50:00,Trap,1,6067.0,6032.75,15,True,True
2025-03-07,2025-03-07 11:00:00,Trap,1,6019.25,6004.5,29,True,True
2025-03-07,2025-03-07 11:10:00,Trap,-1,6013.25,6035.0,31,True,False
2025-03-07,2025-03-07 14:10:00,Trap,1,6112.75,6094.5,67,True,True
2025-03-07,2025-03-07 14:50:00,Trap,1,6107.25,6076.75,75,True,True
2025-03-10,2025-03-10 08:45:00,IB,1,6039.0,6010.75,2,False,False
2025-03-10,2025-03-10 08:55:00,BO,-1,6017.0,6042.75,4,False,False
2025-03-10,2025-03-10 09:35:00,Trap,-1,5994.25,6013.25,12,False,False
2025-03-10,2025-03-10 10:45:00,Trap,-1,5987.0,6013.5,26,True,True
2025-03-10,2025-03-10 13:55:00,Trap,-1,5929.0,5942.75,64,False,False
2025-03-10,2025-03-10 14:20:00,OB,1,5935.75,5903.0,69,True,True
2025-03-10,2025-03-10 14:45:00,Trap,-1,5938.25,5972.5,74,True,True
2025-03-11,2025-03-11 13:05:00,Trap,1,5909.75,5878.0,54,False,False
2025-03-11,2025-03-11 13:45:00,BO,1,5953.5,5919.25,62,False,False
2025-03-11,2025-03-11 15:00:00,BO,-1,5906.75,5946.5,77,False,False
2025-03-12,2025-03-12 11:15:00,BO,1,5949.75,5927.25,32,False,False
2025-03-12,2025-03-12 11:45:00,Trap,-1,5934.5,5958.0,38,True,True
2025-03-13,2025-03-13 11:10:00,OB,1,5882.75,5866.75,31,True,True
2025-03-13,2025-03-13 11:40:00,OB,1,5888.25,5865.75,37,True,True
2025-03-13,2025-03-13 11:50:00,OB,-1,5863.75,5890.25,39,True,True
2025-03-13,2025-03-13 12:55:00,Trap,1,5852.5,5840.75,52,True,True
2025-03-13,2025-03-13 13:10:00,BO,1,5862.25,5843.25,55,False,False
2025-03-13,2025-03-13 14:10:00,Trap,-1,5869.25,5890.5,67,True,True
2025-03-13,2025-03-13 14:30:00,BO,-1,5859.0,5877.0,71,False,False
2025-03-14,2025-03-14 09:40:00,BO,1,5928.0,5908.75,13,False,False
2025-03-14,2025-03-14 13:15:00,Trap,-1,5949.5,5959.75,56,False,False
2025-03-14,2025-03-14 13:35:00,BO,1,5957.75,5944.5,60,False,False
2025-03-14,2025-03-14 14:50:00,Trap,1,5967.25,5955.5,75,True,False
2025-03-14,2025-03-14 15:05:00,Trap,-1,5962.5,5980.25,78,True,True
2025-03-17,2025-03-17 08:40:00,BO,1,5997.0,5956.75,1,False,False
2025-03-17,2025-03-17 09:05:00,Trap,-1,5988.25,6005.5,6,True,True
2025-03-17,2025-03-17 10:15:00,Trap,1,5986.25,5975.75,20,True,True
2025-03-17,2025-03-17 10:30:00,Trap,-1,5982.75,5993.75,23,False,False
2025-03-17,2025-03-17 11:10:00,Trap,1,5991.25,5973.75,31,False,False
2025-03-17,2025-03-17 11:20:00,Trap,-1,5984.75,5993.75,33,True,True
2025-03-17,2025-03-17 11:45:00,Trap,-1,5979.5,5988.0,38,False,False
2025-03-17,2025-03-17 11:55:00,OB,1,5988.25,5975.0,40,True,False
2025-03-17,2025-03-17 12:05:00,Trap,-1,5981.5,5990.5,42,True,False
2025-03-17,2025-03-17 13:15:00,IB,1,6025.75,6012.5,56,False,False
2025-03-17,2025-03-17 14:55:00,OB,-1,6022.5,6031.0,76,False,False
2025-03-18,2025-03-18 08:35:00,Trap,-1,5980.75,6011.0,0,False,False
2025-03-18,2025-03-18 10:05:00,OB,-1,5939.0,5955.75,18,False,False
2025-03-18,2025-03-18 11:05:00,Trap,1,5940.25,5930.0,30,True,True
2025-03-18,2025-03-18 11:30:00,IB,1,5956.25,5942.5,35,False,False
2025-03-18,2025-03-18 12:00:00,Trap,1,5948.0,5932.25,41,True,True
2025-03-18,2025-03-18 13:00:00,Trap,-1,5947.75,5955.0,53,True,True
2025-03-18,2025-03-18 13:25:00,BO,1,5949.75,5936.5,58,False,False
2025-03-19,2025-03-19 08:55:00,BO,1,5981.5,5955.0,4,False,False
2025-03-19,2025-03-19 09:45:00,BO,-1,5979.0,5988.0,14,False,False
2025-03-19,2025-03-19 10:10:00,BO,1,5984.5,5972.0,19,False,False
2025-03-19,2025-03-19 10:20:00,Trap,-1,5976.5,5986.75,21,False,False
2025-03-19,2025-03-19 12:40:00,Trap,1,5980.25,5967.75,49,True,True
2025-03-19,2025-03-19 12:50:00,Trap,-1,5968.25,5981.5,51,False,False
2025-03-19,2025-03-19 14:55:00,OB,-1,6015.5,6033.5,76,False,False
2025-03-20,2025-03-20 09:45:00,OB,1,6041.5,6026.5,14,False,False
2025-03-20,2025-03-20 10:20:00,Trap,-1,6027.5,6037.5,21,False,False
2025-03-20,2025-03-20 10:35:00,IB,-1,6020.25,6031.5,24,False,False
2025-03-20,2025-03-20 10:45:00,Trap,1,6029.0,6014.75,26,True,True
2025-03-20,2025-03-20 12:10:00,IB,1,6008.75,5994.75,43,False,False
2025-03-20,2025-03-20 12:30:00,BO,-1,5984.5,6008.0,47,False,False
2025-03-20,2025-03-20 12:40:00,Trap,1,5996.0,5983.75,49,True,True
2025-03-20,2025-03-20 13:55:00,BO,1,5995.0,5977.0,64,False,False
2025-03-21,2025-03-21 11:10:00,Trap,1,5956.75,5938.0,31,True,True
2025-03-21,2025-03-21 12:40:00,Trap,1,5980.0,5967.0,49,True,True
2025-03-21,2025-03-21 13:00:00,Trap,-1,5981.25,5991.75,53,True,True
2025-03-21,2025-03-21 13:40:00,BO,1,5982.0,5972.75,61,False,False
2025-03-24,2025-03-24 12:30:00,Trap,1,6084.25,6077.75,47,True,True
2025-03-24,2025-03-24 13:45:00,BO,1,6087.0,6074.25,62,False,False
2025-03-25,2025-03-25 09:05:00,Trap,-1,6094.5,6103.25,6,False,False
2025-03-25,2025-03-25 10:35:00,Trap,-1,6107.75,6112.25,24,False,False
2025-03-25,2025-03-25 10:55:00,OB,-1,6100.0,6108.25,28,False,False
2025-03-25,2025-03-25 11:35:00,IB,-1,6095.0,6101.25,36,False,False
2025-03-25,2025-03-25 11:45:00,IB,1,6098.5,6093.75,38,False,False
2025-03-25,2025-03-25 12:20:00,BO,-1,6099.0,6107.5,45,False,False
2025-03-25,2025-03-25 13:30:00,Trap,-1,6096.0,6101.5,59,True,True
2025-03-26,2025-03-26 08:55:00,BO,-1,6095.25,6113.75,4,False,False
2025-03-26,2025-03-26 10:50:00,OB,-1,6068.25,6078.75,27,False,False
2025-03-26,2025-03-26 12:20:00,Trap,-1,6041.5,6052.75,45,False,False
2025-03-26,2025-03-26 12:35:00,BO,-1,6033.25,6044.75,48,False,False
2025-03-26,2025-03-26 14:20:00,Trap,1,6032.25,6022.5,69,False,False
2025-03-26,2025-03-26 14:30:00,Trap,-1,6027.75,6038.75,71,True,False
2025-03-27,2025-03-27 08:40:00,BO,-1,6004.0,6038.25,1,False,False
2025-03-27,2025-03-27 08:50:00,Trap,1,6015.75,5999.25,3,True,True
2025-03-27,2025-03-27 10:20:00,Trap,1,6058.0,6050.25,21,False,False
2025-03-27,2025-03-27 10:35:00,BO,-1,6040.0,6058.0,24,False,False
2025-03-27,2025-03-27 11:10:00,OB,1,6041.25,6027.5,31,True,True
2025-03-27,2025-03-27 12:10:00,Trap,1,6024.0,6013.0,43,True,True
2025-03-27,2025-03-27 13:05:00,Trap,1,6023.25,6013.75,54,True,True
2025-03-27,2025-03-27 14:00:00,Trap,-1,6025.5,6042.0,65,True,True
2025-03-27,2025-03-27 14:40:00,OB,-1,6036.25,6048.5,73,False,False
2025-03-27,2025-03-27 15:00:00,BO,-1,6019.75,6040.75,77,False,False
2025-03-28,2025-03-28 09:15:00,BO,-1,5960.75,5990.5,8,False,False
2025-03-28,2025-03-28 10:15:00,IB,1,5935.75,5923.75,20,False,False
2025-03-28,2025-03-28 10:35:00,BO,1,5941.75,5926.75,24,False,False
2025-03-31,2025-03-31 08:55:00,Trap,1,5837.5,5813.0,4,True,True
2025-03-31,2025-03-31 10:25:00,Trap,1,5876.25,5857.0,22,False,False
2025-03-31,2025-03-31 10:40:00,Trap,1,5879.25,5865.75,25,False,False
2025-03-31,2025-03-31 11:20:00,Trap,1,5878.25,5863.75,33,True,True
2025-03-31,2025-03-31 12:10:00,Trap,1,5893.0,5874.75,43,True,False
2025-03-31,2025-03-31 12:20:00,Trap,-1,5879.75,5896.5,45,True,True
2025-03-31,2025-03-31 12:55:00,Trap,1,5884.75,5871.5,52,True,True
2025-03-31,2025-03-31 13:10:00,OB,1,5907.0,5874.5,55,False,False
2025-03-31,2025-03-31 13:55:00,Trap,1,5920.0,5907.0,64,False,False
2025-03-31,2025-03-31 15:05:00,Trap,-1,5926.25,5944.25,78,False,False
2025-04-01,2025-04-01 09:40:00,BO,1,5914.25,5889.0,13,False,False
2025-04-01,2025-04-01 11:05:00,IB,1,5965.25,5951.5,30,False,False
2025-04-01,2025-04-01 11:30:00,OB,-1,5951.5,5974.0,35,True,True
2025-04-01,2025-04-01 11:55:00,BO,1,5954.0,5937.25,40,False,False
2025-04-01,2025-04-01 14:00:00,Trap,1,5920.25,5905.0,65,True,True
2025-04-02,2025-04-02 08:40:00,Trap,1,5927.25,5890.0,1,True,True
2025-04-02,2025-04-02 10:25:00,Trap,1,5971.75,5952.25,22,False,False
2025-04-02,2025-04-02 10:50:00,BO,-1,5960.5,5981.25,27,False,False
2025-04-02,2025-04-02 11:00:00,Trap,1,5966.5,5954.25,29,False,False
2025-04-02,2025-04-02 11:15:00,IB,1,5979.5,5964.5,32,False,False
2025-04-02,2025-04-02 12:35:00,IB,-1,5999.25,6011.75,48,False,False
2025-04-02,2025-04-02 12:50:00,OB,-1,5982.75,5999.25,51,False,False
2025-04-02,2025-04-02 13:25:00,BO,-1,5964.75,5976.5,58,False,False
2025-04-02,2025-04-02 13:40:00,Trap,1,5976.75,5953.0,61,True,True
2025-04-02,2025-04-02 14:00:00,BO,-1,5955.0,5979.0,65,False,False
2025-04-02,2025-04-02 14:30:00,BO,1,5976.0,5960.25,71,False,False
2025-04-03,2025-04-03 10:40:00,OB,1,5773.5,5754.75,25,False,False
2025-04-03,2025-04-03 12:25:00,IB,-1,5763.75,5779.0,46,False,False
2025-04-03,2025-04-03 13:45:00,IB,1,5758.75,5738.0,62,False,False
2025-04-03,2025-04-03 14:45:00,Trap,1,5733.0,5718.5,74,True,True
2025-04-04,2025-04-04 08:35:00,BO,-1,5573.25,5717.25,0,False,False
2025-04-04,2025-04-04 09:50:00,BO,-1,5446.75,5496.0,15,False,False
2025-04-04,2025-04-04 10:00:00,OB,1,5487.75,5432.75,17,True,True
2025-04-04,2025-04-04 10:50:00,IB,1,5510.5,5471.25,27,False,False
2025-04-04,2025-04-04 12:40:00,OB,1,5464.25,5429.5,49,False,False
2025-04-04,2025-04-04 13:10:00,Trap,-1,5458.75,5491.5,55,True,True
2025-04-04,2025-04-04 13:55:00,BO,1,5415.25,5386.75,64,False,False
2025-04-04,2025-04-04 14:15:00,Trap,1,5433.75,5395.5,68,False,False
2025-04-04,2025-04-04 14:55:00,OB,-1,5398.25,5464.75,76,False,False
2025-04-07,2025-04-07 08:55:00,BO,1,5251.75,5146.25,4,False,False
2025-04-07,2025-04-07 09:25:00,Trap,-1,5327.0,5565.75,10,True,True
2025-04-07,2025-04-07 10:15:00,BO,-1,5292.75,5429.25,20,False,False
2025-04-07,2025-04-07 11:45:00,IB,-1,5308.75,5348.0,38,False,False
2025-04-07,2025-04-07 12:15:00,IB,1,5345.75,5285.5,44,False,False
2025-04-07,2025-04-07 13:30:00,Trap,-1,5382.75,5437.25,59,True,True
2025-04-07,2025-04-07 14:45:00,Trap,-1,5346.25,5399.0,74,True,True
2025-04-08,2025-04-08 08:40:00,Trap,-1,5522.5,5554.25,1,True,True
2025-04-08,2025-04-08 09:50:00,BO,-1,5541.5,5575.75,15,False,False
2025-04-08,2025-04-08 10:15:00,BO,-1,5491.5,5526.0,20,False,False
2025-04-08,2025-04-08 10:40:00,OB,1,5506.75,5472.0,25,True,True
2025-04-08,2025-04-08 10:50:00,Trap,-1,5489.25,5518.0,27,False,False
2025-04-08,2025-04-08 11:40:00,OB,-1,5422.5,5478.25,37,False,False
2025-04-08,2025-04-08 12:00:00,IB,-1,5403.0,5446.75,41,False,False
2025-04-08,2025-04-08 12:45:00,OB,1,5408.25,5350.5,50,True,True
2025-04-08,2025-04-08 13:30:00,IB,-1,5354.25,5391.5,59,False,False
2025-04-08,2025-04-08 14:35:00,Trap,-1,5282.25,5316.25,72,False,False
2025-04-08,2025-04-08 15:00:00,BO,1,5296.75,5219.75,77,False,False
2025-04-09,2025-04-09 08:40:00,Trap,1,5324.5,5262.0,1,False,False
2025-04-09,2025-04-09 10:10:00,OB,1,5296.75,5259.25,19,True,True
2025-04-09,2025-04-09 11:15:00,BO,1,5328.25,5276.25,32,False,False
2025-04-10,2025-04-10 08:50:00,Trap,1,5656.0,5617.25,3,True,True
2025-04-10,2025-04-10 10:10:00,Trap,1,5618.5,5591.0,19,True,True
2025-04-10,2025-04-10 10:45:00,BO,-1,5549.0,5575.25,26,False,False
2025-04-10,2025-04-10 11:05:00,OB,-1,5494.25,5550.5,30,False,False
2025-04-10,2025-04-10 12:10:00,Trap,-1,5505.5,5579.25,43,True,True
2025-04-10,2025-04-10 13:25:00,OB,1,5596.25,5535.0,58,False,False
2025-04-10,2025-04-10 13:55:00,BO,-1,5579.5,5631.0,64,False,False
2025-04-10,2025-04-10 14:05:00,Trap,1,5619.75,5568.25,66,False,False
2025-04-10,2025-04-10 14:30:00,Trap,-1,5557.0,5620.0,71,False,False
2025-04-10,2025-04-10 14:55:00,IB,1,5585.5,5513.75,76,False,False
2025-04-11,2025-04-11 09:10:00,Trap,1,5603.0,5564.25,7,False,False
2025-04-11,2025-04-11 09:25:00,BO,-1,5549.75,5610.0,10,False,False
2025-04-11,2025-04-11 11:35:00,Trap,1,5629.0,5594.75,36,False,False
2025-04-11,2025-04-11 12:40:00,Trap,1,5659.5,5619.5,49,True,True
2025-04-11,2025-04-11 14:10:00,BO,1,5678.75,5652.0,67,False,False
2025-04-14,2025-04-14 08:40:00,Trap,-1,5740.75,5775.75,1,True,True
2025-04-14,2025-04-14 10:05:00,BO,-1,5750.75,5771.5,18,False,False
2025-04-14,2025-04-14 10:30:00,Trap,-1,5717.75,5745.0,23,False,False
2025-04-14,2025-04-14 11:20:00,Trap,1,5700.75,5670.25,33,True,True
2025-04-14,2025-04-14 11:30:00,Trap,-1,5689.75,5711.5,35,False,False
2025-04-14,2025-04-14 12:55:00,Trap,1,5720.25,5697.75,52,False,False
2025-04-14,2025-04-14 14:05:00,IB,1,5746.0,5736.5,66,False,False
2025-04-14,2025-04-14 14:55:00,BO,-1,5728.75,5753.5,76,False,False
2025-04-15,2025-04-15 08:40:00,BO,1,5746.0,5715.0,1,False,False
2025-04-15,2025-04-15 11:55:00,Trap,-1,5726.5,5742.75,40,False,False
2025-04-15,2025-04-15 12:25:00,BO,-1,5711.75,5727.0,46,False,False
2025-04-15,2025-04-15 14:40:00,Trap,-1,5710.25,5718.0,73,False,False
2025-04-16,2025-04-16 08:50:00,BO,-1,5646.5,5668.0,3,False,False
2025-04-16,2025-04-16 09:25:00,Trap,1,5643.75,5628.25,10,False,False
2025-04-16,2025-04-16 10:20:00,Trap,-1,5652.25,5659.75,21,True,True
2025-04-16,2025-04-16 12:20:00,Trap,1,5642.25,5630.25,45,True,True
2025-04-16,2025-04-16 12:40:00,OB,-1,5610.25,5644.75,49,False,False
2025-04-16,2025-04-16 14:35:00,Trap,1,5545.75,5530.25,72,True,True
2025-04-16,2025-04-16 14:55:00,BO,1,5582.75,5546.75,76,False,False
2025-04-17,2025-04-17 10:10:00,IB,1,5599.75,5576.0,19,False,False
2025-04-17,2025-04-17 10:30:00,BO,-1,5593.25,5615.0,23,False,False
2025-04-17,2025-04-17 14:50:00,OB,-1,5593.0,5612.0,75,False,False
2025-04-21,2025-04-21 09:50:00,Trap,-1,5472.25,5493.0,15,False,False
2025-04-21,2025-04-21 10:30:00,OB,-1,5454.0,5467.0,23,False,False
2025-04-21,2025-04-21 10:50:00,OB,-1,5437.5,5448.25,27,False,False
2025-04-21,2025-04-21 11:50:00,Trap,-1,5446.0,5455.75,39,True,True
2025-04-21,2025-04-21 13:20:00,Trap,1,5417.0,5406.75,57,False,False
2025-04-21,2025-04-21 14:25:00,BO,1,5431.0,5420.25,70,False,False
2025-04-21,2025-04-21 14:40:00,BO,1,5440.5,5423.0,73,False,False
2025-04-22,2025-04-22 10:00:00,Trap,1,5571.25,5557.5,17,False,False
2025-04-22,2025-04-22 10:45:00,OB,-1,5563.5,5577.5,26,False,False
2025-04-22,2025-04-22 10:55:00,Trap,1,5571.5,5562.25,28,True,True
2025-04-22,2025-04-22 14:15:00,BO,-1,5582.5,5596.25,68,False,False
2025-04-22,2025-04-22 14:50:00,OB,1,5597.0,5566.75,75,True,True
2025-04-23,2025-04-23 08:50:00,IB,1,5768.0,5720.0,3,False,False
2025-04-23,2025-04-23 09:20:00,Trap,-1,5744.75,5769.75,9,False,False
2025-04-23,2025-04-23 10:25:00,BO,-1,5725.0,5750.5,22,False,False
2025-04-23,2025-04-23 10:50:00,Trap,-1,5686.5,5720.75,27,False,False
2025-04-23,2025-04-23 12:00:00,Trap,1,5707.25,5682.5,41,False,False
2025-04-23,2025-04-23 12:35:00,OB,-1,5700.5,5721.0,48,True,True
2025-04-23,2025-04-23 13:05:00,Trap,-1,5704.0,5715.5,54,False,False
2025-04-24,2025-04-24 08:45:00,Trap,1,5701.5,5677.75,2,False,False
2025-04-24,2025-04-24 09:45:00,Trap,-1,5745.25,5758.0,14,True,True
2025-04-24,2025-04-24 10:55:00,Trap,1,5762.0,5747.0,28,False,False
2025-04-24,2025-04-24 14:00:00,Trap,-1,5786.0,5794.0,65,True,True
2025-04-24,2025-04-24 14:20:00,Trap,1,5780.5,5768.0,69,True,True
2025-04-24,2025-04-24 14:30:00,Trap,-1,5774.0,5785.5,71,False,False
2025-04-25,2025-04-25 08:50:00,OB,-1,5778.25,5804.0,3,False,False
2025-04-25,2025-04-25 09:25:00,BO,-1,5775.75,5802.5,10,False,False
2025-04-25,2025-04-25 14:15:00,Trap,-1,5823.0,5830.0,68,False,False
2025-04-28,2025-04-28 08:55:00,Trap,-1,5839.25,5858.0,4,True,True
2025-04-28,2025-04-28 09:25:00,BO,1,5842.5,5827.25,10,False,False
2025-04-28,2025-04-28 09:40:00,Trap,1,5835.25,5819.0,13,False,False
2025-04-28,2025-04-28 10:25:00,BO,-1,5801.75,5825.5,22,False,False
2025-04-28,2025-04-28 12:10:00,Trap,-1,5781.25,5790.75,43,False,False
2025-04-28,2025-04-28 12:40:00,Trap,1,5783.0,5771.25,49,True,True
2025-04-28,2025-04-28 13:30:00,BO,1,5807.75,5796.0,59,False,False
2025-04-28,2025-04-28 14:10:00,OB,1,5820.75,5808.25,67,False,False
2025-04-28,2025-04-28 15:05:00,BO,-1,5825.5,5845.0,78,False,False
2025-04-29,2025-04-29 09:10:00,Trap,1,5843.5,5816.75,7,False,False
2025-04-29,2025-04-29 09:25:00,BO,-1,5822.0,5844.25,10,False,False
2025-04-29,2025-04-29 10:20:00,BO,-1,5836.0,5850.75,21,False,False
2025-04-29,2025-04-29 12:20:00,Trap,1,5848.0,5830.0,45,False,False
2025-04-29,2025-04-29 13:25:00,Trap,-1,5866.75,5874.25,58,False,False
2025-04-29,2025-04-29 15:00:00,Trap,-1,5862.75,5875.75,77,True,True
2025-04-30,2025-04-30 08:40:00,BO,-1,5762.25,5865.5,1,False,False
2025-04-30,2025-04-30 09:00:00,BO,-1,5738.75,5763.75,5,False,False
2025-04-30,2025-04-30 12:10:00,Trap,-1,5805.25,5819.25,43,True,True
2025-04-30,2025-04-30 12:20:00,Trap,1,5807.25,5791.5,45,True,True
2025-04-30,2025-04-30 12:35:00,BO,1,5828.25,5806.75,48,False,False
2025-04-30,2025-04-30 13:30:00,BO,-1,5825.5,5841.25,59,False,False
2025-04-30,2025-04-30 14:45:00,OB,1,5833.25,5814.0,74,True,True
2025-05-01,2025-05-01 09:00:00,Trap,-1,5908.0,5934.0,5,True,True
2025-05-01,2025-05-01 10:30:00,IB,-1,5953.25,5961.75,23,False,False
2025-05-01,2025-05-01 12:30:00,Trap,-1,5933.75,5940.0,47,True,True
2025-05-01,2025-05-01 12:45:00,Trap,-1,5921.75,5937.75,50,False,False
2025-05-01,2025-05-01 13:10:00,BO,1,5938.25,5923.0,55,False,False
2025-05-01,2025-05-01 13:55:00,Trap,-1,5938.5,5947.5,64,True,True
2025-05-01,2025-05-01 14:40:00,Trap,-1,5934.25,5942.75,73,True,False
2025-05-01,2025-05-01 14:50:00,Trap,1,5942.25,5931.5,75,False,False
2025-05-01,2025-05-01 15:00:00,OB,-1,5904.25,5945.0,77,True,True
2025-05-02,2025-05-02 09:30:00,Trap,1,5982.5,5965.25,11,False,False
2025-05-02,2025-05-02 10:25:00,Trap,-1,5972.0,5980.75,22,False,False
2025-05-02,2025-05-02 11:05:00,BO,1,5996.0,5975.5,30,False,False
2025-05-02,2025-05-02 11:40:00,IB,1,5999.0,5991.0,37,False,False
2025-05-02,2025-05-02 14:05:00,Trap,-1,5984.75,5995.0,66,False,False
2025-05-02,2025-05-02 14:50:00,Trap,-1,5980.75,5997.5,75,False,False
2025-05-05,2025-05-05 10:25:00,Trap,1,5969.25,5962.5,22,False,False
2025-05-05,2025-05-05 10:35:00,BO,-1,5961.5,5971.5,24,False,False
2025-05-05,2025-05-05 12:05:00,BO,-1,5972.0,5978.0,42,False,False
2025-05-05,2025-05-05 12:35:00,BO,1,5974.25,5967.0,48,False,False
2025-05-05,2025-05-05 13:55:00,BO,-1,5980.0,5985.5,64,False,False
2025-05-05,2025-05-05 14:45:00,Trap,-1,5964.25,5971.75,74,False,False
2025-05-06,2025-05-06 08:40:00,Trap,1,5912.25,5891.75,1,True,True
2025-05-06,2025-05-06 08:50:00,IB,-1,5896.0,5913.25,3,False,False
2025-05-06,2025-05-06 09:35:00,IB,1,5926.75,5916.25,12,False,False
2025-05-06,2025-05-06 11:25:00,IB,-1,5922.0,5951.0,34,False,False
2025-05-06,2025-05-06 14:10:00,Trap,-1,5918.75,5928.25,67,True,True
2025-05-06,2025-05-06 14:55:00,Trap,-1,5916.75,5930.75,76,True,True
2025-05-07,2025-05-07 08:45:00,Trap,1,5925.75,5910.5,2,False,False
2025-05-07,2025-05-07 09:00:00,IB,1,5930.25,5912.25,5,False,False
2025-05-07,2025-05-07 09:55:00,OB,-1,5909.5,5934.25,16,False,False
2025-05-07,2025-05-07 10:45:00,OB,1,5915.75,5903.0,26,False,False
2025-05-07,2025-05-07 12:35:00,Trap,-1,5925.0,5933.0,48,False,False
2025-05-07,2025-05-07 13:35:00,BO,1,5909.0,5886.25,60,False,False
2025-05-07,2025-05-07 13:50:00,Trap,-1,5896.5,5919.25,63,True,False
2025-05-07,2025-05-07 14:00:00,IB,1,5924.25,5888.5,65,False,False
2025-05-07,2025-05-07 14:30:00,Trap,-1,5894.25,5921.5,71,False,False
2025-05-07,2025-05-07 14:45:00,OB,1,5935.25,5890.5,74,True,False
2025-05-08,2025-05-08 09:15:00,BO,-1,5944.0,5963.5,8,False,False
2025-05-08,2025-05-08 12:35:00,IB,-1,6003.0,6012.75,48,False,False
2025-05-08,2025-05-08 14:20:00,Trap,1,5999.25,5992.75,69,True,True
2025-05-08,2025-05-08 14:40:00,BO,-1,5995.5,6010.5,73,False,False
2025-05-09,2025-05-09 08:45:00,Trap,-1,5976.25,5989.25,2,False,False
2025-05-09,2025-05-09 09:20:00,BO,-1,5971.5,5988.0,9,False,False
2025-05-12,2025-05-12 08:55:00,Trap,1,6112.25,6098.25,4,False,False
2025-05-12,2025-05-12 11:50:00,BO,1,6122.5,6111.5,39,False,False
2025-05-12,2025-05-12 13:20:00,Trap,1,6136.5,6128.5,57,False,False
2025-05-12,2025-05-12 13:50:00,Trap,-1,6135.5,6141.5,63,True,True
2025-05-12,2025-05-12 14:45:00,BO,-1,6126.25,6133.5,74,False,False
2025-05-12,2025-05-12 14:55:00,Trap,1,6135.5,6123.25,76,True,True
2025-05-13,2025-05-13 09:00:00,BO,1,6167.75,6154.75,5,False,False
2025-05-13,2025-05-13 09:45:00,IB,-1,6176.5,6187.75,14,False,False
2025-05-13,2025-05-13 11:30:00,Trap,1,6192.0,6184.5,35,True,True
2025-05-13,2025-05-13 13:55:00,IB,1,6195.0,6189.75,64,True,True
2025-05-13,2025-05-13 14:25:00,Trap,-1,6198.5,6204.5,70,True,True
2025-05-13,2025-05-13 14:40:00,BO,1,6203.75,6198.0,73,False,False
2025-05-13,2025-05-13 14:50:00,IB,-1,6196.5,6206.0,75,False,False
2025-05-14,2025-05-14 08:35:00,Trap,1,6202.0,6179.0,0,False,False
2025-05-14,2025-05-14 08:45:00,Trap,-1,6191.75,6204.25,2,True,False
2025-05-14,2025-05-14 10:05:00,IB,-1,6175.25,6193.0,18,False,False
2025-05-14,2025-05-14 10:15:00,Trap,1,6185.25,6171.75,20,True,True
2025-05-14,2025-05-14 11:15:00,Trap,-1,6195.0,6200.0,32,True,True
2025-05-14,2025-05-14 11:45:00,BO,-1,6188.0,6200.25,38,False,False
2025-05-14,2025-05-14 13:15:00,Trap,-1,6185.75,6191.5,56,True,True
2025-05-14,2025-05-14 13:30:00,IB,-1,6183.0,6190.25,59,False,False
2025-05-14,2025-05-14 14:25:00,Trap,-1,6181.25,6192.5,70,False,False
2025-05-14,2025-05-14 14:55:00,Trap,1,6191.0,6178.0,76,True,True
2025-05-15,2025-05-15 09:20:00,Trap,1,6178.0,6168.5,9,False,False
2025-05-15,2025-05-15 10:20:00,BO,1,6195.0,6184.5,21,False,False
2025-05-15,2025-05-15 11:05:00,BO,1,6206.25,6200.0,30,False,False
2025-05-15,2025-05-15 12:20:00,Trap,1,6220.0,6214.0,45,False,False
2025-05-15,2025-05-15 12:45:00,Trap,1,6218.5,6211.75,50,True,False
2025-05-15,2025-05-15 13:30:00,Trap,1,6208.75,6200.5,59,True,True
2025-05-15,2025-05-15 14:20:00,Trap,1,6212.25,6206.75,69,True,False
2025-05-15,2025-05-15 14:30:00,BO,-1,6201.25,6215.5,71,False,False
2025-05-16,2025-05-16 10:35:00,BO,1,6224.5,6215.0,24,False,False
2025-05-16,2025-05-16 11:50:00,OB,-1,6229.0,6235.25,39,False,False
2025-05-16,2025-05-16 12:20:00,OB,1,6243.0,6235.25,45,False,False
2025-05-16,2025-05-16 13:05:00,Trap,1,6241.0,6237.0,54,True,False
2025-05-19,2025-05-19 08:40:00,Trap,1,6209.75,6191.5,1,True,True
2025-05-19,2025-05-19 10:40:00,BO,1,6242.75,6232.75,25,False,False
2025-05-19,2025-05-19 10:50:00,Trap,-1,6239.5,6248.75,27,True,True
2025-05-19,2025-05-19 11:30:00,IB,1,6250.75,6242.0,35,False,False
2025-05-19,2025-05-19 13:20:00,BO,-1,6246.75,6256.0,57,False,False
2025-05-19,2025-05-19 13:40:00,Trap,1,6255.0,6246.75,61,False,False
2025-05-20,2025-05-20 08:50:00,OB,-1,6233.5,6246.0,3,False,False
2025-05-20,2025-05-20 09:40:00,IB,1,6247.0,6234.75,13,False,False
2025-05-20,2025-05-20 10:00:00,BO,-1,6239.25,6250.25,17,False,False
2025-05-20,2025-05-20 11:10:00,IB,-1,6237.0,6244.0,31,False,False
2025-05-20,2025-05-20 12:25:00,BO,-1,6243.25,6248.25,46,False,False
2025-05-20,2025-05-20 12:50:00,Trap,-1,6236.75,6242.75,51,False,False
2025-05-20,2025-05-20 15:00:00,OB,1,6238.5,6223.75,77,False,False
2025-05-21,2025-05-21 09:00:00,Trap,-1,6207.5,6214.5,5,False,False
2025-05-21,2025-05-21 11:10:00,Trap,1,6231.0,6225.0,31,False,False
2025-05-21,2025-05-21 11:35:00,IB,1,6230.0,6223.75,36,False,False
2025-05-21,2025-05-21 11:50:00,Trap,1,6234.75,6227.5,39,False,False
2025-05-21,2025-05-21 12:00:00,IB,-1,6225.5,6235.5,41,True,True
2025-05-21,2025-05-21 12:15:00,BO,-1,6210.5,6227.25,44,False,False
2025-05-21,2025-05-21 12:40:00,OB,1,6186.25,6146.25,49,True,True
2025-05-21,2025-05-21 14:35:00,Trap,1,6143.25,6127.0,72,True,True
2025-05-22,2025-05-22 10:25:00,Trap,1,6143.75,6131.0,22,False,False
2025-05-22,2025-05-22 10:40:00,Trap,1,6144.75,6132.0,25,False,False
2025-05-22,2025-05-22 11:50:00,IB,-1,6142.75,6152.25,39,False,False
2025-05-22,2025-05-22 12:05:00,BO,-1,6136.5,6146.5,42,False,False
2025-05-22,2025-05-22 12:25:00,BO,1,6153.0,6134.0,46,False,False
2025-05-22,2025-05-22 14:00:00,BO,1,6166.5,6159.0,65,False,False
2025-05-22,2025-05-22 14:30:00,Trap,1,6173.25,6164.75,71,False,False
2025-05-22,2025-05-22 14:40:00,BO,-1,6164.0,6174.25,73,False,False
2025-05-22,2025-05-22 15:00:00,OB,-1,6137.75,6165.0,77,False,False
2025-05-23,2025-05-23 09:05:00,IB,1,6082.25,6066.0,6,False,False
2025-05-23,2025-05-23 09:55:00,Trap,-1,6077.25,6093.75,16,True,True
2025-05-23,2025-05-23 11:35:00,Trap,-1,6086.5,6095.25,36,False,False
2025-05-23,2025-05-23 14:15:00,BO,1,6116.25,6105.75,68,False,False
2025-05-23,2025-05-23 14:55:00,BO,-1,6094.5,6115.0,76,False,False
2025-05-26,2025-05-26 08:35:00,Trap,1,6170.5,6087.25,0,True,True
2025-05-26,2025-05-26 09:35:00,Trap,-1,6160.25,6164.75,12,False,False
2025-05-26,2025-05-26 10:05:00,BO,-1,6152.0,6158.0,18,False,False
2025-05-26,2025-05-26 12:00:00,IB,1,6170.25,6165.5,41,False,False
2025-05-27,2025-05-27 08:45:00,Trap,1,6160.0,6147.5,44,True,True
2025-05-27,2025-05-27 11:40:00,IB,1,6209.0,6197.5,79,False,False
2025-05-27,2025-05-27 11:50:00,Trap,-1,6204.25,6211.5,81,True,True
2025-05-27,2025-05-27 13:45:00,Trap,-1,6210.75,6214.25,104,False,False
2025-05-27,2025-05-27 14:10:00,Trap,1,6211.0,6206.5,109,True,True
2025-05-27,2025-05-27 14:25:00,Trap,1,6210.0,6207.25,112,False,False
2025-05-27,2025-05-27 14:50:00,Trap,-1,6204.5,6210.5,117,False,False
2025-05-27,2025-05-27 15:00:00,OB,1,6215.25,6203.0,119,True,True
2025-05-28,2025-05-28 08:50:00,Trap,-1,6216.5,6231.75,3,True,True
2025-05-28,2025-05-28 11:10:00,IB,1,6202.0,6193.0,31,False,False
2025-05-28,2025-05-28 12:05:00,IB,1,6206.5,6199.75,42,False,False
2025-05-28,2025-05-28 14:55:00,Trap,-1,6178.5,6195.5,76,False,False
2025-05-29,2025-05-29 12:00:00,Trap,1,6200.75,6191.5,41,False,False
2025-05-29,2025-05-29 13:25:00,BO,-1,6182.25,6195.75,58,False,False
2025-05-29,2025-05-29 14:50:00,BO,1,6202.25,6192.0,75,False,False
2025-05-30,2025-05-30 10:20:00,BO,-1,6181.5,6192.5,21,False,False
2025-05-30,2025-05-30 10:30:00,BO,1,6192.0,6180.75,23,False,False
2025-05-30,2025-05-30 11:20:00,Trap,-1,6173.5,6187.0,33,True,False
2025-05-30,2025-05-30 12:55:00,Trap,1,6165.75,6155.5,52,False,False
2025-05-30,2025-05-30 13:10:00,BO,1,6173.5,6157.75,55,False,False
2025-05-30,2025-05-30 14:20:00,Trap,1,6202.5,6191.25,69,False,False
2025-06-02,2025-06-02 13:00:00,Trap,1,6199.5,6194.75,53,True,True
2025-06-02,2025-06-02 13:20:00,BO,1,6208.5,6195.25,57,False,False
2025-06-02,2025-06-02 14:25:00,Trap,1,6225.5,6217.5,70,False,False
2025-06-02,2025-06-02 14:35:00,IB,-1,6219.75,6227.25,72,False,False
2025-06-02,2025-06-02 15:05:00,BO,1,6229.25,6216.5,78,False,False
2025-06-03,2025-06-03 11:00:00,Trap,1,6256.0,6249.75,29,False,False
2025-06-03,2025-06-03 11:10:00,IB,-1,6252.75,6256.75,31,False,False
2025-06-03,2025-06-03 11:20:00,BO,1,6261.5,6252.0,33,False,False
2025-06-03,2025-06-03 12:10:00,Trap,1,6265.5,6262.0,43,False,False
2025-06-03,2025-06-03 12:50:00,OB,-1,6264.0,6269.25,51,False,False
2025-06-03,2025-06-03 13:15:00,IB,-1,6251.25,6261.5,56,False,False
2025-06-03,2025-06-03 13:55:00,Trap,-1,6261.5,6264.25,64,True,True
2025-06-04,2025-06-04 12:05:00,BO,1,6269.75,6264.25,42,False,False
2025-06-04,2025-06-04 12:50:00,Trap,1,6274.0,6269.0,51,True,False
2025-06-04,2025-06-04 13:05:00,BO,1,6276.0,6272.25,54,False,False
2025-06-04,2025-06-04 14:55:00,Trap,-1,6261.5,6268.0,76,False,False
2025-06-05,2025-06-05 09:00:00,IB,-1,6240.5,6257.0,5,False,False
2025-06-05,2025-06-05 09:45:00,Trap,1,6263.5,6237.25,14,True,False
2025-06-05,2025-06-05 11:00:00,BO,1,6285.75,6279.5,29,False,False
2025-06-05,2025-06-05 11:15:00,OB,-1,6278.25,6287.5,32,False,False
2025-06-05,2025-06-05 11:40:00,Trap,-1,6269.75,6277.75,37,False,False
2025-06-05,2025-06-05 12:10:00,Trap,1,6254.0,6240.5,43,False,False
2025-06-06,2025-06-06 08:40:00,BO,1,6292.5,6228.75,1,False,False
2025-06-06,2025-06-06 10:10:00,IB,1,6295.75,6287.0,19,False,False
2025-06-06,2025-06-06 10:20:00,BO,-1,6275.5,6299.5,21,False,False
2025-06-06,2025-06-06 11:00:00,Trap,-1,6282.5,6287.75,29,False,False
2025-06-06,2025-06-06 11:25:00,BO,-1,6281.75,6289.5,34,False,False
2025-06-06,2025-06-06 11:40:00,Trap,-1,6278.0,6284.5,37,False,False
2025-06-06,2025-06-06 13:05:00,BO,1,6292.5,6282.5,54,False,False
2025-06-06,2025-06-06 13:45:00,IB,-1,6293.5,6300.0,62,False,False
2025-06-09,2025-06-09 09:15:00,IB,1,6290.75,6282.25,8,False,False
2025-06-09,2025-06-09 09:45:00,IB,-1,6289.0,6298.75,14,False,False
2025-06-09,2025-06-09 10:20:00,OB,-1,6288.5,6293.25,21,False,False
2025-06-09,2025-06-09 12:15:00,Trap,-1,6301.5,6304.75,44,False,False
2025-06-09,2025-06-09 13:50:00,Trap,1,6302.5,6298.0,63,True,True
2025-06-09,2025-06-09 15:00:00,Trap,-1,6289.5,6301.25,77,False,False
2025-06-10,2025-06-10 09:45:00,IB,1,6309.0,6303.5,14,False,False
2025-06-10,2025-06-10 11:55:00,BO,1,6315.75,6311.0,40,False,False
2025-06-10,2025-06-10 12:05:00,Trap,-1,6312.5,6316.75,42,True,True
2025-06-10,2025-06-10 12:15:00,Trap,1,6318.75,6311.0,44,True,False
2025-06-10,2025-06-10 15:00:00,OB,1,6324.25,6311.25,77,False,False
2025-06-11,2025-06-11 08:55:00,Trap,1,6329.25,6315.0,4,True,False
2025-06-11,2025-06-11 10:55:00,Trap,1,6335.0,6325.25,28,True,True
2025-06-11,2025-06-11 11:05:00,BO,-1,6326.75,6335.5,30,False,False
2025-06-11,2025-06-11 11:50:00,Trap,1,6327.0,6320.5,39,False,False
2025-06-11,2025-06-11 12:05:00,IB,1,6333.75,6324.5,42,False,False
2025-06-11,2025-06-11 13:05:00,OB,-1,6303.75,6326.75,54,False,False
2025-06-11,2025-06-11 14:35:00,Trap,-1,6291.0,6304.5,72,False,False
2025-06-12,2025-06-12 10:25:00,OB,-1,6312.75,6326.0,22,False,False
2025-06-12,2025-06-12 12:35:00,Trap,1,6328.0,6320.25,48,False,False
2025-06-12,2025-06-12 14:50:00,BO,-1,6319.25,6325.25,75,False,False
2025-06-12,2025-06-12 15:00:00,OB,1,6330.0,6316.5,77,True,True
2025-06-13,2025-06-13 08:50:00,IB,-1,6280.25,6292.75,3,False,False
2025-06-13,2025-06-13 09:40:00,IB,1,6273.25,6256.5,13,True,True
2025-06-13,2025-06-13 10:50:00,OB,1,6303.0,6293.25,27,False,False
2025-06-13,2025-06-13 11:30:00,BO,-1,6299.25,6309.0,35,False,False
2025-06-13,2025-06-13 13:30:00,Trap,-1,6261.25,6277.25,59,False,False
2025-06-13,2025-06-13 14:25:00,BO,-1,6254.5,6267.0,70,False,False
2025-06-16,2025-06-16 08:55:00,BO,1,6318.75,6302.75,4,False,False
2025-06-16,2025-06-16 10:20:00,IB,1,6330.25,6325.75,21,False,False
2025-06-16,2025-06-16 11:55:00,IB,1,6322.0,6316.25,40,True,True
2025-06-16,2025-06-16 13:35:00,Trap,-1,6315.25,6319.25,60,False,False
2025-06-16,2025-06-16 13:50:00,IB,-1,6311.5,6315.5,63,False,False
2025-06-16,2025-06-16 14:05:00,Trap,-1,6314.0,6319.75,66,True,True
2025-06-17,2025-06-17 10:00:00,Trap,-1,6295.25,6302.25,17,False,False
2025-06-17,2025-06-17 11:45:00,Trap,-1,6298.0,6306.75,38,True,True
2025-06-17,2025-06-17 12:45:00,Trap,-1,6279.0,6289.25,50,False,False
2025-06-17,2025-06-17 13:05:00,Trap,-1,6264.25,6276.75,54,False,False
2025-06-17,2025-06-17 14:00:00,IB,1,6271.5,6261.75,65,False,False
2025-06-17,2025-06-17 14:15:00,Trap,1,6269.5,6263.75,68,False,False
2025-06-17,2025-06-17 14:50:00,Trap,1,6273.75,6265.75,75,False,False
2025-06-17,2025-06-17 15:00:00,OB,-1,6265.75,6277.5,77,True,True
2025-06-18,2025-06-18 10:55:00,IB,1,6293.75,6285.75,28,False,False
2025-06-18,2025-06-18 11:10:00,Trap,1,6291.5,6283.25,31,True,True
2025-06-18,2025-06-18 12:45:00,IB,1,6282.0,6269.0,50,False,False
2025-06-18,2025-06-18 13:55:00,BO,-1,6275.25,6298.75,64,False,False
2025-06-18,2025-06-18 14:30:00,Trap,-1,6258.0,6278.75,71,False,False
2025-06-18,2025-06-18 14:55:00,Trap,-1,6264.5,6277.25,76,False,False
2025-06-19,2025-06-19 08:40:00,BO,-1,6215.25,6269.0,1,False,False
2025-06-19,2025-06-19 09:35:00,Trap,-1,6206.0,6213.5,12,True,False
2025-06-19,2025-06-19 09:55:00,IB,1,6213.0,6204.75,16,False,False
2025-06-19,2025-06-19 11:00:00,BO,-1,6201.75,6212.0,29,False,False
2025-06-19,2025-06-19 12:00:00,Trap,-1,6205.75,6213.0,41,False,False
2025-06-20,2025-06-20 14:30:00,Trap,-1,6237.5,6242.25,113,False,False
2025-06-23,2025-06-23 10:45:00,IB,-1,6263.5,6270.0,26,False,False
2025-06-23,2025-06-23 11:45:00,Trap,1,6249.0,6220.75,38,True,True
2025-06-23,2025-06-23 13:30:00,IB,-1,6287.25,6294.5,59,False,False
2025-06-23,2025-06-23 14:05:00,BO,1,6295.75,6283.25,66,False,False
2025-06-24,2025-06-24 11:45:00,OB,1,6375.75,6369.0,38,False,False
2025-06-24,2025-06-24 12:05:00,Trap,1,6372.25,6367.75,42,False,False
2025-06-24,2025-06-24 13:40:00,Trap,1,6375.5,6372.75,61,True,False
2025-06-24,2025-06-24 14:05:00,OB,1,6379.25,6374.25,66,False,False
2025-06-24,2025-06-24 15:00:00,BO,-1,6371.25,6382.25,77,False,False
2025-06-25,2025-06-25 08:50:00,Trap,-1,6381.5,6387.75,3,True,True
2025-06-25,2025-06-25 09:00:00,Trap,1,6384.5,6377.25,5,False,False
2025-06-25,2025-06-25 10:35:00,Trap,-1,6370.0,6376.5,24,False,False
2025-06-25,2025-06-25 11:50:00,IB,-1,6368.5,6373.75,39,False,False
2025-06-25,2025-06-25 12:35:00,IB,-1,6369.5,6374.75,48,True,True
2025-06-25,2025-06-25 12:50:00,Trap,1,6368.75,6358.25,51,True,True
2025-06-26,2025-06-26 08:35:00,IB,1,6395.5,6371.0,0,False,False
2025-06-26,2025-06-26 10:30:00,Trap,-1,6404.5,6412.5,23,True,True
2025-06-26,2025-06-26 14:25:00,Trap,1,6421.25,6416.25,70,False,False
2025-06-26,2025-06-26 14:55:00,OB,1,6423.5,6416.0,76,True,True
2025-06-27,2025-06-27 08:40:00,BO,1,6438.0,6417.75,1,False,False
2025-06-27,2025-06-27 10:25:00,Trap,1,6454.75,6450.5,22,False,False
2025-06-27,2025-06-27 11:30:00,IB,1,6465.75,6461.0,35,False,False
2025-06-27,2025-06-27 11:45:00,BO,-1,6462.25,6466.5,38,False,False
2025-06-27,2025-06-27 12:25:00,BO,-1,6457.25,6462.0,46,False,False
2025-06-27,2025-06-27 12:50:00,OB,-1,6441.5,6458.0,51,False,False
2025-06-27,2025-06-27 13:55:00,Trap,-1,6414.75,6425.5,64,False,False
2025-06-27,2025-06-27 14:05:00,IB,1,6420.0,6410.75,66,False,False
2025-06-27,2025-06-27 15:00:00,OB,1,6450.75,6433.5,77,False,False
2025-06-30,2025-06-30 08:50:00,IB,-1,6463.5,6470.75,3,False,False
2025-06-30,2025-06-30 09:40:00,Trap,-1,6461.25,6469.75,13,False,False
2025-06-30,2025-06-30 11:00:00,IB,-1,6466.75,6471.5,29,True,True
2025-06-30,2025-06-30 11:20:00,OB,-1,6464.75,6471.25,33,False,False
2025-06-30,2025-06-30 13:50:00,Trap,1,6461.0,6454.5,63,True,False
2025-06-30,2025-06-30 14:50:00,IB,1,6484.0,6474.5,75,False,False
2025-07-01,2025-07-01 09:25:00,Trap,-1,6472.25,6480.5,10,True,True
2025-07-01,2025-07-01 10:15:00,OB,-1,6457.0,6472.5,20,False,False
2025-07-01,2025-07-01 11:15:00,OB,1,6480.0,6467.25,32,False,False
2025-07-01,2025-07-01 12:10:00,Trap,1,6476.5,6470.0,43,True,True
2025-07-01,2025-07-01 13:20:00,IB,-1,6482.0,6486.75,57,False,False
2025-07-01,2025-07-01 14:50:00,BO,1,6485.5,6476.5,75,False,False
2025-07-01,2025-07-01 15:00:00,BO,-1,6476.5,6488.25,77,False,False
2025-07-02,2025-07-02 10:50:00,IB,1,6492.5,6489.25,27,False,False
2025-07-02,2025-07-02 12:10:00,Trap,-1,6492.5,6495.75,43,True,True
2025-07-02,2025-07-02 12:55:00,IB,1,6495.5,6492.0,52,False,False
2025-07-02,2025-07-02 14:20:00,OB,-1,6498.25,6500.75,69,False,False
2025-07-03,2025-07-03 08:50:00,Trap,1,6535.0,6527.25,3,False,False
2025-07-03,2025-07-03 10:25:00,OB,-1,6550.75,6555.5,22,False,False
2025-07-03,2025-07-03 10:35:00,Trap,1,6554.25,6549.5,24,False,False
2025-07-03,2025-07-03 11:20:00,IB,-1,6555.0,6558.25,33,False,False
2025-07-03,2025-07-03 11:55:00,BO,-1,6551.25,6560.75,40,False,False
2025-07-04,2025-07-04 09:35:00,BO,1,6519.25,6513.0,12,False,False
2025-07-04,2025-07-04 10:05:00,Trap,1,6518.5,6517.0,18,False,False
2025-07-04,2025-07-04 10:15:00,BO,-1,6516.25,6519.5,20,False,False
2025-07-04,2025-07-04 10:35:00,BO,1,6517.0,6513.0,24,False,False
2025-07-04,2025-07-04 11:35:00,Trap,-1,6516.0,6517.5,36,False,False
2025-07-07,2025-07-07 09:05:00,IB,-1,6526.5,6537.25,6,False,False
2025-07-07,2025-07-07 09:35:00,Trap,-1,6521.25,6530.25,12,False,False
2025-07-07,2025-07-07 10:20:00,BO,-1,6512.75,6517.5,21,False,False
2025-07-07,2025-07-07 11:00:00,Trap,1,6513.25,6507.25,29,True,True
2025-07-07,2025-07-07 11:25:00,OB,-1,6497.5,6517.75,34,False,False
2025-07-07,2025-07-07 13:20:00,BO,-1,6482.0,6499.25,57,False,False
2025-07-07,2025-07-07 14:10:00,Trap,-1,6490.5,6499.5,67,True,True
2025-07-07,2025-07-07 14:50:00,Trap,1,6493.25,6489.25,75,False,False
2025-07-08,2025-07-08 08:50:00,BO,1,6508.75,6500.25,3,False,False
2025-07-08,2025-07-08 09:05:00,BO,-1,6500.0,6510.25,6,False,False
2025-07-08,2025-07-08 09:25:00,Trap,-1,6492.25,6502.0,10,False,False
2025-07-08,2025-07-08 09:35:00,Trap,1,6506.75,6491.25,12,True,True
2025-07-08,2025-07-08 09:50:00,OB,-1,6500.5,6510.0,15,True,True
2025-07-08,2025-07-08 11:10:00,IB,-1,6501.25,6507.25,31,True,True
2025-07-08,2025-07-08 11:20:00,BO,1,6505.75,6500.0,33,False,False
2025-07-08,2025-07-08 13:40:00,Trap,1,6504.0,6498.25,61,True,True
2025-07-09,2025-07-09 10:55:00,Trap,-1,6512.25,6520.25,28,True,True
2025-07-09,2025-07-09 11:05:00,Trap,1,6516.75,6511.25,30,False,False
2025-07-09,2025-07-09 12:10:00,Trap,1,6517.25,6510.5,43,True,True
2025-07-09,2025-07-09 13:05:00,IB,1,6523.0,6516.75,54,False,False
2025-07-09,2025-07-09 13:55:00,IB,1,6527.25,6523.0,64,False,False
2025-07-09,2025-07-09 14:20:00,Trap,1,6529.5,6525.75,69,False,False
2025-07-09,2025-07-09 14:40:00,Trap,1,6532.25,6528.75,73,False,False
2025-07-10,2025-07-10 10:30:00,Trap,1,6549.25,6543.5,23,False,False
2025-07-10,2025-07-10 10:45:00,IB,1,6551.5,6547.5,26,False,False
2025-07-10,2025-07-10 11:25:00,Trap,1,6548.25,6544.0,34,True,True
2025-07-10,2025-07-10 14:30:00,OB,-1,6555.75,6559.5,71,True,True
2025-07-10,2025-07-10 14:50:00,Trap,-1,6555.25,6560.75,75,True,True
2025-07-11,2025-07-11 12:40:00,IB,-1,6531.0,6537.5,49,True,True
2025-07-11,2025-07-11 13:55:00,Trap,-1,6537.25,6540.25,64,True,True
2025-07-11,2025-07-11 14:45:00,Trap,-1,6533.5,6537.5,74,False,False
2025-07-11,2025-07-11 15:00:00,OB,-1,6526.75,6536.25,77,False,False
2025-07-14,2025-07-14 11:05:00,Trap,1,6530.75,6527.75,30,False,False
2025-07-14,2025-07-14 11:50:00,OB,1,6532.75,6527.25,39,False,False
2025-07-14,2025-07-14 12:20:00,BO,1,6539.0,6534.75,45,False,False
2025-07-14,2025-07-14 13:30:00,OB,1,6540.5,6537.5,59,False,False
2025-07-14,2025-07-14 14:25:00,IB,-1,6536.5,6540.25,70,False,False
2025-07-15,2025-07-15 08:40:00,Trap,-1,6555.0,6569.25,1,True,True
2025-07-15,2025-07-15 09:30:00,IB,-1,6544.75,6554.0,11,False,False
2025-07-15,2025-07-15 10:25:00,Trap,1,6539.75,6531.25,22,False,False
2025-07-15,2025-07-15 11:55:00,Trap,-1,6528.75,6533.5,40,False,False
2025-07-15,2025-07-15 14:00:00,BO,-1,6522.5,6535.5,65,False,False
2025-07-15,2025-07-15 14:45:00,Trap,1,6526.25,6521.25,74,False,False
2025-07-15,2025-07-15 15:00:00,OB,-1,6509.75,6527.5,77,True,True
2025-07-16,2025-07-16 09:40:00,Trap,-1,6511.75,6518.75,13,True,False
2025-07-16,2025-07-16 10:25:00,BO,-1,6486.75,6522.5,22,False,False
2025-07-16,2025-07-16 10:45:00,Trap,1,6492.5,6468.5,26,True,True
2025-07-16,2025-07-16 11:55:00,Trap,1,6516.0,6499.75,40,False,False
2025-07-16,2025-07-16 14:45:00,BO,1,6534.5,6527.5,74,False,False
2025-07-17,2025-07-17 08:35:00,OB,1,6534.25,6526.0,0,True,True
2025-07-17,2025-07-17 09:25:00,BO,-1,6538.75,6550.75,10,False,False
2025-07-17,2025-07-17 09:50:00,IB,1,6546.5,6538.0,15,False,False
2025-07-17,2025-07-17 10:25:00,Trap,1,6554.75,6550.25,22,False,False
2025-07-17,2025-07-17 11:20:00,BO,-1,6557.0,6564.0,33,False,False
2025-07-17,2025-07-17 12:20:00,Trap,1,6558.5,6555.0,45,False,False
2025-07-17,2025-07-17 13:15:00,BO,-1,6560.0,6563.75,56,False,False
2025-07-17,2025-07-17 13:25:00,OB,1,6566.5,6559.75,58,True,False
2025-07-18,2025-07-18 11:10:00,OB,-1,6562.75,6568.0,31,True,True
2025-07-18,2025-07-18 11:25:00,IB,-1,6559.75,6564.5,34,False,False
2025-07-18,2025-07-18 12:00:00,Trap,-1,6552.75,6560.25,41,False,False
2025-07-21,2025-07-21 08:35:00,IB,1,6576.5,6561.0,0,False,False
2025-07-21,2025-07-21 11:25:00,Trap,-1,6592.0,6596.75,34,False,False
2025-07-21,2025-07-21 14:05:00,BO,-1,6586.5,6591.75,66,False,False
2025-07-22,2025-07-22 08:55:00,BO,-1,6549.75,6576.0,4,False,False
2025-07-22,2025-07-22 09:35:00,Trap,1,6560.5,6552.75,12,False,False
2025-07-22,2025-07-22 11:20:00,Trap,1,6564.75,6559.75,33,False,False
2025-07-22,2025-07-22 11:30:00,IB,-1,6557.0,6566.0,35,False,False
2025-07-22,2025-07-22 12:20:00,IB,1,6568.75,6562.5,45,False,False
2025-07-22,2025-07-22 12:45:00,IB,-1,6571.0,6576.75,50,False,False
2025-07-23,2025-07-23 08:50:00,BO,-1,6587.5,6599.0,3,False,False
2025-07-23,2025-07-23 10:25:00,Trap,1,6591.5,6587.0,22,False,False
2025-07-23,2025-07-23 10:40:00,Trap,-1,6590.5,6593.75,25,True,True
2025-07-23,2025-07-23 10:50:00,IB,1,6593.25,6588.75,27,False,False
2025-07-23,2025-07-23 12:05:00,OB,1,6605.25,6601.5,42,False,False
2025-07-23,2025-07-23 12:15:00,IB,-1,6601.0,6606.25,44,False,False
2025-07-23,2025-07-23 12:25:00,Trap,1,6605.0,6599.25,46,True,False
2025-07-23,2025-07-23 14:55:00,BO,1,6619.5,6614.0,76,False,False
2025-07-24,2025-07-24 08:50:00,Trap,1,6636.0,6623.75,3,False,False
2025-07-24,2025-07-24 10:55:00,OB,1,6640.25,6636.75,28,True,True
2025-07-24,2025-07-24 11:05:00,IB,-1,6636.5,6641.25,30,False,False
2025-07-25,2025-07-25 09:05:00,BO,-1,6631.0,6638.0,6,False,False
2025-07-25,2025-07-25 11:15:00,OB,1,6645.5,6639.75,32,False,False
2025-07-25,2025-07-25 12:30:00,Trap,1,6653.0,6649.0,47,True,False
2025-07-25,2025-07-25 13:55:00,Trap,-1,6655.75,6658.0,64,True,True
2025-07-25,2025-07-25 14:20:00,BO,1,6657.75,6654.75,69,False,False
2025-07-28,2025-07-28 09:05:00,Trap,1,6657.5,6652.25,6,False,False
2025-07-28,2025-07-28 09:25:00,Trap,-1,6656.25,6661.75,10,True,True
2025-07-28,2025-07-28 09:55:00,IB,-1,6654.5,6660.25,16,False,False
2025-07-28,2025-07-28 11:20:00,Trap,1,6655.5,6651.5,33,True,False
2025-07-28,2025-07-28 14:45:00,IB,1,6644.0,6639.5,74,False,False
2025-07-29,2025-07-29 08:50:00,OB,-1,6657.75,6666.75,3,False,False
2025-07-29,2025-07-29 09:00:00,Trap,1,6660.25,6653.0,5,False,False
2025-07-29,2025-07-29 10:50:00,Trap,1,6639.25,6627.5,27,True,True
2025-07-29,2025-07-29 11:40:00,Trap,-1,6632.75,6639.75,37,False,False
2025-07-29,2025-07-29 13:35:00,Trap,1,6636.25,6632.0,60,False,False
2025-07-29,2025-07-29 14:50:00,IB,1,6631.5,6623.75,75,True,True
2025-07-30,2025-07-30 09:00:00,Trap,1,6637.25,6632.75,5,False,False
2025-07-30,2025-07-30 09:20:00,IB,1,6641.5,6634.25,9,False,False
2025-07-30,2025-07-30 10:05:00,BO,-1,6638.5,6646.25,18,False,False
2025-07-30,2025-07-30 11:15:00,IB,1,6642.75,6639.5,32,False,False
2025-07-30,2025-07-30 12:05:00,Trap,1,6646.0,6643.5,42,False,False
2025-07-30,2025-07-30 12:40:00,OB,1,6646.75,6641.0,49,True,True
2025-07-30,2025-07-30 13:55:00,OB,-1,6625.75,6647.5,64,False,False
2025-07-30,2025-07-30 14:15:00,Trap,1,6613.0,6594.25,68,True,True
2025-07-31,2025-07-31 09:55:00,BO,-1,6651.75,6665.5,16,False,False
2025-07-31,2025-07-31 10:15:00,BO,-1,6634.5,6653.5,20,False,False
2025-07-31,2025-07-31 12:05:00,IB,-1,6650.5,6659.25,42,False,False
2025-07-31,2025-07-31 12:40:00,Trap,1,6631.75,6619.75,49,True,True
2025-07-31,2025-07-31 12:55:00,OB,-1,6616.75,6636.0,52,False,False
2025-07-31,2025-07-31 13:25:00,Trap,1,6613.25,6593.0,58,True,True
2025-07-31,2025-07-31 14:00:00,IB,-1,6620.75,6630.5,65,False,False
2025-07-31,2025-07-31 14:55:00,OB,-1,6589.25,6615.75,76,False,False
2025-08-01,2025-08-01 10:45:00,OB,1,6510.75,6488.5,26,False,False
2025-08-01,2025-08-01 11:45:00,OB,-1,6505.75,6519.25,38,False,False
2025-08-01,2025-08-01 13:25:00,BO,1,6484.0,6469.25,58,False,False
2025-08-01,2025-08-01 13:55:00,OB,-1,6486.25,6505.5,64,True,True
2025-08-01,2025-08-01 14:50:00,IB,1,6502.75,6487.75,75,False,False
2025-08-04,2025-08-04 08:35:00,BO,1,6543.0,6490.0,0,False,False
2025-08-04,2025-08-04 10:45:00,Trap,-1,6563.0,6568.5,26,False,False
2025-08-04,2025-08-04 10:55:00,IB,1,6569.25,6560.0,28,False,False
2025-08-04,2025-08-04 11:50:00,Trap,1,6575.75,6571.5,39,False,False
2025-08-04,2025-08-04 13:05:00,Trap,1,6575.25,6570.25,54,False,False
2025-08-04,2025-08-04 13:15:00,Trap,-1,6572.25,6577.0,56,False,False
2025-08-04,2025-08-04 13:45:00,Trap,-1,6573.25,6578.0,62,True,True
2025-08-04,2025-08-04 14:15:00,OB,1,6575.25,6571.0,68,True,True
2025-08-04,2025-08-04 14:35:00,BO,-1,6574.25,6581.25,72,False,False
2025-08-04,2025-08-04 14:55:00,BO,1,6582.0,6575.75,76,False,False
2025-08-05,2025-08-05 09:05:00,BO,-1,6580.25,6596.5,6,False,False
2025-08-05,2025-08-05 10:05:00,BO,1,6554.75,6543.0,18,False,False
2025-08-05,2025-08-05 11:40:00,Trap,-1,6562.5,6569.5,37,True,True
2025-08-05,2025-08-05 11:55:00,Trap,1,6564.0,6550.75,40,True,True
2025-08-05,2025-08-05 14:40:00,IB,-1,6558.75,6563.75,73,False,False
2025-08-06,2025-08-06 08:50:00,Trap,1,6565.0,6554.75,3,False,False
2025-08-06,2025-08-06 11:45:00,Trap,-1,6593.25,6602.5,38,True,True
2025-08-06,2025-08-06 11:55:00,Trap,1,6595.75,6590.75,40,True,True
2025-08-06,2025-08-06 12:35:00,OB,1,6598.25,6592.75,48,False,False
2025-08-06,2025-08-06 12:50:00,Trap,-1,6594.5,6599.5,51,True,True
2025-08-06,2025-08-06 13:05:00,OB,1,6599.0,6592.5,54,True,False
2025-08-07,2025-08-07 08:50:00,OB,-1,6629.0,6642.0,3,True,True
2025-08-07,2025-08-07 09:10:00,Trap,-1,6621.0,6640.25,7,False,False
2025-08-07,2025-08-07 09:25:00,BO,-1,6606.5,6622.0,10,False,False
2025-08-07,2025-08-07 11:45:00,BO,-1,6576.5,6597.0,38,False,False
2025-08-07,2025-08-07 11:55:00,Trap,1,6589.5,6571.5,40,True,True
2025-08-07,2025-08-07 12:05:00,Trap,-1,6579.5,6591.5,42,False,False
2025-08-07,2025-08-07 13:15:00,BO,-1,6569.75,6581.5,56,False,False
2025-08-07,2025-08-07 13:55:00,Trap,1,6574.75,6566.0,64,False,False
2025-08-07,2025-08-07 14:55:00,Trap,-1,6582.25,6587.0,76,True,True
2025-08-08,2025-08-08 08:45:00,IB,1,6616.25,6607.25,2,False,False
2025-08-08,2025-08-08 10:10:00,OB,1,6633.0,6625.25,19,True,True
2025-08-08,2025-08-08 10:35:00,Trap,-1,6626.75,6631.75,24,False,False
2025-08-08,2025-08-08 10:55:00,BO,1,6630.0,6618.0,28,False,False
2025-08-08,2025-08-08 11:55:00,BO,-1,6635.0,6641.25,40,False,False
2025-08-08,2025-08-08 13:35:00,Trap,1,6644.75,6639.0,60,True,False
2025-08-11,2025-08-11 10:50:00,OB,1,6641.75,6636.75,27,False,False
2025-08-11,2025-08-11 12:15:00,Trap,-1,6640.0,6645.0,44,False,False
2025-08-11,2025-08-11 12:40:00,Trap,-1,6636.75,6643.25,49,False,False
2025-08-11,2025-08-11 12:50:00,Trap,1,6638.25,6632.75,51,True,True
2025-08-11,2025-08-11 14:35:00,BO,-1,6630.0,6634.0,72,False,False
2025-08-12,2025-08-12 08:40:00,BO,1,6666.25,6624.25,1,False,False
2025-08-12,2025-08-12 08:50:00,OB,-1,6644.25,6667.25,3,True,True
2025-08-12,2025-08-12 10:05:00,Trap,1,6670.75,6663.25,18,False,False
2025-08-12,2025-08-12 10:30:00,IB,-1,6673.5,6678.75,23,False,False
2025-08-12,2025-08-12 11:00:00,Trap,1,6680.75,6674.75,29,False,False
2025-08-12,2025-08-12 11:50:00,Trap,1,6685.75,6682.25,39,False,False
2025-08-12,2025-08-12 14:45:00,Trap,-1,6690.0,6695.25,74,True,True
2025-08-13,2025-08-13 08:40:00,BO,1,6721.25,6694.0,1,False,False
2025-08-13,2025-08-13 09:05:00,BO,-1,6719.75,6730.0,6,False,False
2025-08-13,2025-08-13 10:25:00,OB,1,6706.5,6698.0,22,True,True
2025-08-13,2025-08-13 10:55:00,IB,-1,6702.5,6710.25,28,False,False
2025-08-13,2025-08-13 14:55:00,BO,1,6716.0,6707.5,76,False,False
2025-08-14,2025-08-14 08:40:00,Trap,1,6699.5,6690.25,1,True,True
2025-08-14,2025-08-14 09:35:00,Trap,1,6713.5,6704.0,12,False,False
2025-08-14,2025-08-14 10:00:00,IB,-1,6714.5,6722.75,17,False,False
2025-08-14,2025-08-14 10:50:00,Trap,1,6706.75,6696.5,27,True,True
2025-08-14,2025-08-14 11:25:00,IB,1,6701.25,6693.0,34,False,False
2025-08-14,2025-08-14 12:30:00,IB,1,6717.25,6711.5,47,False,False
2025-08-14,2025-08-14 15:05:00,OB,-1,6710.5,6723.5,78,True,True
2025-08-15,2025-08-15 10:15:00,Trap,1,6702.75,6696.75,20,True,True
2025-08-15,2025-08-15 10:45:00,BO,-1,6690.25,6704.5,26,False,False
2025-08-15,2025-08-15 10:55:00,BO,1,6704.25,6689.0,28,False,False
2025-08-15,2025-08-15 12:30:00,Trap,1,6705.75,6701.5,47,False,False
2025-08-15,2025-08-15 13:20:00,Trap,-1,6705.25,6710.75,57,False,False
2025-08-15,2025-08-15 13:30:00,Trap,1,6709.25,6704.0,59,True,True
2025-08-18,2025-08-18 08:50:00,Trap,1,6699.0,6691.25,3,True,True
2025-08-18,2025-08-18 09:00:00,BO,-1,6690.25,6701.5,5,False,False
2025-08-18,2025-08-18 12:40:00,Trap,-1,6691.5,6701.75,49,True,True
2025-08-18,2025-08-18 14:15:00,Trap,-1,6695.0,6699.25,68,True,True
2025-08-18,2025-08-18 14:50:00,IB,1,6699.5,6695.75,75,False,False
2025-08-19,2025-08-19 09:45:00,BO,-1,6685.0,6698.0,14,False,False
2025-08-19,2025-08-19 11:30:00,Trap,-1,6665.5,6670.75,35,False,False
2025-08-19,2025-08-19 11:45:00,OB,-1,6660.0,6668.25,38,False,False
2025-08-19,2025-08-19 12:10:00,OB,-1,6651.5,6659.75,43,False,False
2025-08-19,2025-08-19 14:25:00,Trap,1,6654.5,6648.0,70,False,False
2025-08-19,2025-08-19 14:55:00,BO,-1,6650.0,6656.75,76,False,False
2025-08-20,2025-08-20 11:05:00,Trap,1,6617.75,6608.25,30,True,False
2025-08-20,2025-08-20 12:35:00,Trap,1,6636.0,6624.0,48,False,False
2025-08-20,2025-08-20 14:00:00,Trap,-1,6628.0,6634.75,65,True,True
2025-08-20,2025-08-20 14:10:00,IB,1,6635.75,6627.0,67,False,False
2025-08-21,2025-08-21 09:40:00,BO,-1,6622.75,6639.75,13,False,False
2025-08-21,2025-08-21 10:25:00,Trap,1,6630.0,6612.75,22,True,True
2025-08-21,2025-08-21 10:55:00,BO,-1,6617.75,6636.0,28,False,False
2025-08-21,2025-08-21 11:55:00,Trap,1,6618.25,6610.0,40,False,False
2025-08-21,2025-08-21 13:55:00,Trap,1,6618.75,6611.75,64,False,False
2025-08-21,2025-08-21 14:55:00,IB,1,6616.5,6612.25,76,True,True
2025-08-22,2025-08-22 08:35:00,BO,1,6634.5,6614.5,0,False,False
2025-08-22,2025-08-22 09:00:00,IB,-1,6641.75,6655.25,5,False,False
2025-08-22,2025-08-22 10:15:00,IB,-1,6713.75,6721.0,20,False,False
2025-08-22,2025-08-22 11:15:00,IB,-1,6712.75,6717.5,32,False,False
2025-08-22,2025-08-22 11:55:00,Trap,-1,6706.0,6711.25,40,False,False
2025-08-22,2025-08-22 12:05:00,Trap,1,6711.25,6701.25,42,True,True
2025-08-22,2025-08-22 13:45:00,Trap,-1,6712.75,6717.25,62,False,False
2025-08-22,2025-08-22 14:35:00,OB,-1,6708.75,6712.75,72,False,False
2025-08-22,2025-08-22 14:50:00,Trap,1,6709.0,6701.5,75,True,True
2025-08-25,2025-08-25 08:35:00,IB,-1,6694.5,6714.25,0,False,False
2025-08-25,2025-08-25 11:55:00,Trap,-1,6707.25,6710.25,40,True,True
2025-08-25,2025-08-25 12:50:00,Trap,1,6703.0,6697.25,51,True,True
2025-08-25,2025-08-25 14:00:00,Trap,-1,6696.25,6700.0,65,False,False
2025-08-25,2025-08-25 14:20:00,Trap,-1,6694.25,6698.5,69,False,False
2025-08-26,2025-08-26 12:30:00,BO,1,6691.75,6687.5,47,False,False
2025-08-26,2025-08-26 14:15:00,Trap,1,6696.0,6693.0,68,False,False
2025-08-26,2025-08-26 14:40:00,Trap,-1,6699.0,6706.0,73,True,True
2025-08-26,2025-08-26 14:55:00,BO,1,6704.75,6695.75,76,False,False
2025-08-27,2025-08-27 10:40:00,Trap,1,6721.0,6717.0,25,True,False
2025-08-27,2025-08-27 12:55:00,Trap,1,6723.25,6721.0,52,False,False
2025-08-27,2025-08-27 13:15:00,Trap,1,6728.0,6721.75,56,False,False
2025-08-28,2025-08-28 08:50:00,IB,-1,6720.25,6733.25,3,False,False
2025-08-28,2025-08-28 10:25:00,Trap,-1,6722.5,6731.75,22,True,True
2025-08-28,2025-08-28 11:10:00,IB,1,6728.5,6724.25,31,False,False
2025-08-28,2025-08-28 11:30:00,IB,1,6737.0,6729.75,35,False,False
2025-08-28,2025-08-28 14:00:00,OB,1,6745.25,6743.0,65,False,False
2025-08-28,2025-08-28 14:20:00,Trap,-1,6746.0,6748.0,69,True,True
2025-08-29,2025-08-29 08:35:00,IB,-1,6726.0,6745.75,0,False,False
2025-08-29,2025-08-29 09:50:00,OB,-1,6688.75,6703.25,15,True,False
2025-08-29,2025-08-29 10:35:00,Trap,-1,6692.25,6699.5,24,True,False
2025-08-29,2025-08-29 12:05:00,Trap,-1,6690.75,6701.0,42,False,False
2025-08-29,2025-08-29 14:30:00,Trap,-1,6697.5,6701.75,71,True,True
2025-08-29,2025-08-29 14:45:00,Trap,1,6700.0,6692.75,74,True,True
2025-08-29,2025-08-29 14:55:00,Trap,-1,6690.75,6703.5,76,True,True
2025-09-01,2025-09-01 10:20:00,Trap,1,6707.75,6705.0,21,True,True
2025-09-01,2025-09-01 11:00:00,Trap,-1,6709.75,6711.25,29,False,False
2025-09-01,2025-09-01 11:40:00,OB,1,6710.25,6706.5,37,False,False
2025-09-02,2025-09-02 09:45:00,BO,-1,6631.5,6646.75,56,False,False
2025-09-02,2025-09-02 10:20:00,Trap,-1,6615.75,6625.5,63,False,False
2025-09-02,2025-09-02 12:00:00,BO,1,6619.75,6606.75,83,False,False
2025-09-02,2025-09-02 12:15:00,Trap,-1,6617.75,6623.0,86,True,True
2025-09-02,2025-09-02 12:25:00,IB,1,6624.0,6615.5,88,False,False
2025-09-02,2025-09-02 14:55:00,Trap,1,6652.0,6643.5,118,False,False
2025-09-03,2025-09-03 09:15:00,Trap,-1,6665.5,6678.5,8,False,False
2025-09-03,2025-09-03 10:15:00,OB,-1,6686.0,6691.75,20,True,True
2025-09-03,2025-09-03 11:30:00,Trap,-1,6673.75,6680.75,35,True,True
2025-09-03,2025-09-03 14:40:00,BO,1,6667.5,6659.5,73,False,False
2025-09-04,2025-09-04 09:25:00,Trap,1,6696.75,6683.75,10,True,True
2025-09-04,2025-09-04 11:30:00,OB,-1,6708.5,6714.0,35,False,False
2025-09-04,2025-09-04 11:50:00,Trap,1,6712.5,6707.0,39,True,True
2025-09-04,2025-09-04 15:00:00,OB,1,6738.75,6728.0,77,False,False
2025-09-05,2025-09-05 08:45:00,Trap,1,6767.5,6760.25,2,False,False
2025-09-05,2025-09-05 09:15:00,BO,-1,6736.25,6757.75,8,False,False
2025-09-05,2025-09-05 11:45:00,Trap,1,6708.25,6698.5,38,True,True
2025-09-05,2025-09-05 12:00:00,Trap,1,6711.0,6700.5,41,False,False
2025-09-05,2025-09-05 13:20:00,BO,1,6705.0,6695.25,57,False,False
2025-09-05,2025-09-05 14:35:00,IB,-1,6713.25,6720.5,72,False,False
2025-09-08,2025-09-08 09:30:00,IB,1,6733.25,6722.75,11,False,False
2025-09-08,2025-09-08 10:20:00,Trap,-1,6737.75,6744.0,21,True,True
2025-09-08,2025-09-08 10:30:00,IB,1,6743.75,6737.0,23,True,False
2025-09-08,2025-09-08 10:40:00,IB,-1,6738.75,6744.0,25,True,True
2025-09-08,2025-09-08 11:10:00,BO,-1,6733.0,6740.25,31,False,False
2025-09-08,2025-09-08 11:45:00,Trap,1,6729.0,6723.25,38,True,True
2025-09-08,2025-09-08 13:15:00,OB,1,6724.75,6718.75,56,False,False
2025-09-08,2025-09-08 14:45:00,OB,1,6726.75,6720.0,74,False,False
2025-09-09,2025-09-09 12:20:00,Trap,-1,6737.75,6742.0,4,True,True
2025-09-09,2025-09-09 13:35:00,IB,-1,6742.25,6744.75,19,False,False
2025-09-09,2025-09-09 15:05:00,Trap,-1,6746.5,6753.75,37,True,True
2025-09-09,2025-09-09 15:15:00,OB,1,6755.5,6744.0,39,False,False
2025-09-10,2025-09-10 08:50:00,Trap,1,6781.75,6774.0,3,False,False
2025-09-10,2025-09-10 09:55:00,Trap,-1,6778.75,6784.0,16,False,False
2025-09-10,2025-09-10 10:30:00,Trap,1,6772.25,6768.5,23,True,True
2025-09-10,2025-09-10 11:55:00,Trap,1,6771.0,6765.5,40,True,True
2025-09-10,2025-09-10 13:35:00,Trap,1,6765.0,6758.25,60,True,True
2025-09-10,2025-09-10 14:00:00,Trap,1,6764.0,6757.75,65,True,True
2025-09-10,2025-09-10 14:10:00,OB,-1,6756.0,6765.5,67,True,True
2025-09-11,2025-09-11 08:55:00,OB,1,6795.0,6779.5,4,False,False
2025-09-11,2025-09-11 10:20:00,OB,1,6818.75,6809.25,21,False,False
2025-09-11,2025-09-11 10:40:00,Trap,-1,6815.5,6822.5,25,True,True
2025-09-11,2025-09-11 11:30:00,Trap,-1,6817.5,6821.25,35,True,True
2025-09-11,2025-09-11 12:15:00,OB,1,6817.5,6812.5,44,True,True
2025-09-11,2025-09-11 13:00:00,Trap,1,6819.5,6814.0,53,True,False
2025-09-11,2025-09-11 14:20:00,Trap,1,6821.5,6817.75,69,False,False
2025-09-11,2025-09-11 14:35:00,IB,1,6824.5,6820.5,72,False,False
2025-09-11,2025-09-11 14:55:00,Trap,1,6825.0,6821.5,76,False,False
2025-09-12,2025-09-12 09:55:00,BO,1,6823.5,6818.75,16,False,False
2025-09-12,2025-09-12 11:40:00,Trap,-1,6819.25,6822.75,37,True,True
2025-09-12,2025-09-12 11:50:00,Trap,1,6821.25,6817.5,39,False,False
2025-09-12,2025-09-12 12:05:00,Trap,-1,6819.5,6823.25,42,True,True
2025-09-12,2025-09-12 12:35:00,IB,-1,6821.5,6824.0,48,True,True
2025-09-12,2025-09-12 13:55:00,Trap,1,6831.25,6825.25,64,False,False
2025-09-12,2025-09-12 14:15:00,OB,-1,6827.5,6831.0,68,False,False
2025-09-12,2025-09-12 14:30:00,OB,-1,6823.25,6827.75,71,False,False
2025-09-15,2025-09-15 09:30:00,OB,1,6848.5,6841.5,11,False,False
2025-09-15,2025-09-15 09:45:00,IB,1,6850.0,6844.75,14,False,False
2025-09-15,2025-09-15 10:10:00,OB,-1,6848.0,6852.0,19,True,True
2025-09-15,2025-09-15 10:25:00,IB,-1,6845.0,6850.75,22,False,False
2025-09-15,2025-09-15 10:40:00,Trap,1,6847.5,6843.5,25,False,False
2025-09-15,2025-09-15 12:00:00,IB,-1,6842.0,6847.0,41,False,False
2025-09-15,2025-09-15 12:15:00,Trap,-1,6841.0,6844.75,44,False,False
2025-09-15,2025-09-15 12:40:00,BO,1,6842.5,6837.25,49,False,False
2025-09-15,2025-09-15 13:45:00,BO,-1,6836.25,6842.25,62,False,False
2025-09-15,2025-09-15 13:55:00,IB,1,6841.75,6834.0,64,False,False
2025-09-15,2025-09-15 14:50:00,BO,1,6845.5,6839.75,75,False,False
2025-09-16,2025-09-16 08:40:00,Trap,-1,6850.0,6859.0,1,True,True
2025-09-16,2025-09-16 10:05:00,IB,-1,6835.75,6841.5,18,False,False
2025-09-16,2025-09-16 14:25:00,IB,-1,6843.75,6846.5,70,False,False
2025-09-16,2025-09-16 14:50:00,BO,1,6843.5,6836.5,75,False,False
2025-09-16,2025-09-16 15:00:00,Trap,-1,6839.25,6846.5,77,True,False
2025-09-17,2025-09-17 09:00:00,Trap,-1,6838.5,6846.5,5,True,True
2025-09-17,2025-09-17 10:15:00,Trap,1,6834.5,6829.25,20,True,True
2025-09-17,2025-09-17 10:30:00,BO,-1,6828.75,6836.0,23,False,False
2025-09-17,2025-09-17 11:40:00,OB,-1,6822.75,6829.25,37,False,False
2025-09-17,2025-09-17 12:55:00,Trap,1,6830.75,6827.25,52,False,False
2025-09-17,2025-09-17 13:15:00,IB,-1,6817.75,6857.25,56,True,True
2025-09-17,2025-09-17 13:25:00,Trap,1,6835.25,6810.75,58,True,True
2025-09-17,2025-09-17 13:40:00,OB,-1,6808.0,6845.5,61,False,False
2025-09-18,2025-09-18 08:45:00,Trap,-1,6846.25,6863.0,2,True,True
2025-09-18,2025-09-18 09:40:00,Trap,-1,6877.25,6888.75,13,True,True
2025-09-18,2025-09-18 10:20:00,IB,1,6876.5,6864.75,21,True,True
2025-09-18,2025-09-18 13:15:00,Trap,-1,6867.25,6872.0,56,False,False
2025-09-18,2025-09-18 13:45:00,Trap,-1,6863.25,6870.0,62,False,False
2025-09-19,2025-09-19 09:45:00,OB,-1,6868.25,6876.75,14,False,False
2025-09-19,2025-09-19 09:55:00,Trap,1,6870.25,6864.0,16,True,True
2025-09-19,2025-09-19 12:10:00,Trap,-1,6878.75,6882.25,43,False,False
2025-09-19,2025-09-19 13:25:00,OB,-1,6880.5,6884.25,58,False,False
2025-09-19,2025-09-19 13:35:00,Trap,1,6883.25,6879.25,60,True,True
2025-09-19,2025-09-19 14:00:00,Trap,1,6887.75,6881.75,65,False,False
2025-09-19,2025-09-19 14:55:00,OB,1,6899.75,6890.5,76,False,False
2025-09-22,2025-09-22 09:30:00,BO,1,6895.5,6888.0,11,False,False
2025-09-22,2025-09-22 11:05:00,Trap,1,6902.75,6899.25,30,True,True
2025-09-22,2025-09-22 11:30:00,IB,1,6913.5,6907.0,35,False,False
2025-09-22,2025-09-22 13:15:00,Trap,1,6919.0,6915.25,56,True,True
2025-09-22,2025-09-22 15:00:00,Trap,-1,6922.5,6927.5,77,True,True
2025-09-23,2025-09-23 08:35:00,Trap,1,6924.25,6915.5,0,True,True
2025-09-23,2025-09-23 11:20:00,Trap,1,6908.0,6903.0,33,True,True
2025-09-23,2025-09-23 12:00:00,Trap,-1,6904.75,6912.0,41,True,True
2025-09-23,2025-09-23 12:50:00,Trap,1,6886.5,6872.75,51,True,True
2025-09-23,2025-09-23 13:35:00,BO,1,6884.25,6874.75,60,False,False
2025-09-23,2025-09-23 14:20:00,BO,1,6880.5,6873.75,69,False,False
2025-09-24,2025-09-24 08:40:00,Trap,-1,6889.0,6899.25,1,True,True
2025-09-24,2025-09-24 10:35:00,BO,-1,6874.5,6883.0,24,False,False
2025-09-24,2025-09-24 11:20:00,Trap,1,6854.75,6848.75,33,True,True
2025-09-24,2025-09-24 12:10:00,BO,1,6864.5,6856.5,43,False,False
2025-09-24,2025-09-24 12:30:00,Trap,1,6866.5,6862.25,47,False,False
2025-09-24,2025-09-24 14:55:00,OB,1,6864.25,6857.75,76,True,True
2025-09-25,2025-09-25 08:40:00,BO,-1,6812.5,6870.0,1,False,False
2025-09-25,2025-09-25 09:05:00,Trap,1,6821.25,6803.0,6,False,False
2025-09-25,2025-09-25 10:25:00,Trap,-1,6828.75,6838.25,22,False,False
2025-09-25,2025-09-25 11:45:00,IB,-1,6831.75,6841.25,38,False,False
2025-09-25,2025-09-25 12:20:00,Trap,-1,6828.25,6835.0,45,False,False
2025-09-25,2025-09-25 13:05:00,BO,-1,6795.75,6815.75,54,False,False
2025-09-25,2025-09-25 13:15:00,IB,1,6811.25,6795.0,56,True,True
2025-09-25,2025-09-25 13:45:00,BO,1,6829.5,6818.0,62,False,False
2025-09-26,2025-09-26 08:35:00,IB,1,6857.0,6830.25,0,False,False
2025-09-26,2025-09-26 09:10:00,OB,-1,6848.5,6874.5,7,True,True
2025-09-26,2025-09-26 09:50:00,Trap,-1,6833.0,6849.0,15,False,False
2025-09-26,2025-09-26 12:55:00,BO,-1,6859.25,6867.0,52,False,False
2025-09-26,2025-09-26 13:10:00,Trap,-1,6858.5,6865.75,55,False,False
2025-09-26,2025-09-26 14:10:00,Trap,-1,6864.75,6869.75,67,False,False
2025-09-29,2025-09-29 08:40:00,Trap,-1,6888.75,6897.0,1,True,True
2025-09-29,2025-09-29 10:15:00,BO,-1,6887.0,6896.0,20,False,False
2025-09-29,2025-09-29 11:00:00,Trap,1,6881.75,6877.0,29,True,True
2025-09-29,2025-09-29 11:15:00,IB,1,6886.0,6878.0,32,False,False
2025-09-29,2025-09-29 11:45:00,BO,-1,6879.5,6886.0,38,False,False
2025-09-29,2025-09-29 13:40:00,IB,-1,6881.25,6884.75,61,True,True
2025-09-29,2025-09-29 14:10:00,BO,-1,6875.5,6883.0,67,False,False
2025-09-30,2025-09-30 08:55:00,Trap,-1,6869.75,6881.0,4,False,False
2025-09-30,2025-09-30 09:10:00,Trap,-1,6872.25,6883.75,7,False,False
2025-09-30,2025-09-30 09:40:00,OB,-1,6866.0,6881.0,13,False,False
2025-09-30,2025-09-30 09:50:00,Trap,1,6879.5,6864.75,15,True,True
2025-09-30,2025-09-30 10:50:00,Trap,1,6874.5,6866.5,27,False,False
2025-09-30,2025-09-30 11:20:00,IB,1,6880.5,6873.5,33,False,False
2025-09-30,2025-09-30 13:10:00,IB,1,6879.0,6871.25,55,False,False
2025-09-30,2025-09-30 14:25:00,Trap,1,6899.75,6892.5,70,False,False
2025-09-30,2025-09-30 14:55:00,BO,1,6911.5,6896.5,76,False,False
2025-09-30,2025-09-30 15:05:00,IB,-1,6901.75,6914.25,78,True,True
2025-10-01,2025-10-01 08:40:00,Trap,1,6896.75,6877.0,1,True,True
2025-10-01,2025-10-01 09:45:00,Trap,-1,6900.5,6906.5,14,True,True
2025-10-01,2025-10-01 10:30:00,OB,1,6908.75,6903.5,23,False,False
2025-10-01,2025-10-01 11:20:00,Trap,-1,6913.5,6917.5,33,False,False
2025-10-01,2025-10-01 11:45:00,OB,-1,6912.0,6916.25,38,False,False
2025-10-01,2025-10-01 12:05:00,OB,1,6918.5,6909.75,42,True,True
2025-10-01,2025-10-01 12:20:00,Trap,1,6923.0,6917.5,45,False,False
2025-10-01,2025-10-01 13:05:00,BO,1,6928.5,6923.5,54,False,False
2025-10-01,2025-10-01 14:05:00,Trap,1,6939.5,6936.25,66,False,False
2025-10-01,2025-10-01 14:35:00,OB,1,6938.5,6933.25,72,True,True
2025-10-01,2025-10-01 14:45:00,IB,-1,6934.0,6938.75,74,False,False
2025-10-01,2025-10-01 15:00:00,Trap,-1,6931.25,6938.5,77,False,False
2025-10-02,2025-10-02 08:40:00,Trap,-1,6943.25,6951.0,1,True,True
2025-10-02,2025-10-02 09:50:00,BO,-1,6925.75,6934.25,15,False,False
2025-10-02,2025-10-02 10:25:00,Trap,1,6922.25,6916.5,22,False,False
2025-10-02,2025-10-02 10:55:00,Trap,1,6925.5,6916.5,28,False,False
2025-10-02,2025-10-02 14:35:00,Trap,-1,6938.25,6941.0,72,False,False
2025-10-03,2025-10-03 08:40:00,BO,1,6955.0,6937.25,1,False,False
2025-10-03,2025-10-03 08:55:00,IB,1,6956.0,6947.5,4,False,False
2025-10-03,2025-10-03 09:05:00,BO,-1,6946.0,6959.0,6,False,False
2025-10-03,2025-10-03 10:05:00,IB,-1,6961.25,6966.25,18,True,True
2025-10-03,2025-10-03 10:50:00,Trap,1,6963.5,6956.75,27,True,True
2025-10-03,2025-10-03 12:05:00,Trap,-1,6952.75,6967.25,42,False,False
2025-10-03,2025-10-03 12:15:00,Trap,1,6958.25,6947.75,44,True,True
2025-10-03,2025-10-03 12:50:00,OB,-1,6939.5,6950.75,51,False,False
2025-10-03,2025-10-03 13:15:00,Trap,1,6936.25,6926.0,56,False,False
2025-10-06,2025-10-06 08:40:00,Trap,-1,6950.5,6959.5,1,True,True
2025-10-06,2025-10-06 10:50:00,OB,1,6960.0,6954.5,27,False,False
2025-10-06,2025-10-06 11:25:00,IB,1,6960.25,6956.0,34,False,False
2025-10-06,2025-10-06 12:20:00,Trap,1,6959.5,6956.5,45,True,True
2025-10-06,2025-10-06 14:20:00,Trap,-1,6961.75,6964.5,69,False,False
2025-10-06,2025-10-06 14:40:00,Trap,1,6961.75,6959.0,73,True,True
2025-10-06,2025-10-06 15:00:00,Trap,-1,6959.25,6964.25,77,True,False
2025-10-07,2025-10-07 08:35:00,Trap,1,6971.75,6958.75,0,False,False
2025-10-07,2025-10-07 09:05:00,Trap,-1,6960.5,6970.0,6,False,False
2025-10-07,2025-10-07 10:10:00,BO,-1,6930.75,6953.25,19,False,False
2025-10-07,2025-10-07 11:50:00,BO,-1,6925.75,6937.0,39,False,False
2025-10-07,2025-10-07 12:05:00,Trap,1,6931.5,6922.75,42,False,False
2025-10-07,2025-10-07 12:45:00,Trap,1,6930.5,6924.5,50,False,False
2025-10-07,2025-10-07 13:15:00,BO,1,6927.25,6919.25,56,False,False
2025-10-08,2025-10-08 10:30:00,BO,1,6967.5,6962.0,23,False,False
2025-10-08,2025-10-08 11:30:00,BO,-1,6969.0,6973.5,35,False,False
2025-10-08,2025-10-08 13:30:00,Trap,-1,6970.0,6973.5,59,True,True
2025-10-08,2025-10-08 13:45:00,BO,-1,6965.75,6970.75,62,False,False
2025-10-09,2025-10-09 09:35:00,IB,-1,6947.0,6957.5,12,False,False
2025-10-09,2025-10-09 10:25:00,Trap,-1,6951.25,6958.75,22,True,True
2025-10-09,2025-10-09 11:50:00,Trap,1,6950.25,6941.5,39,True,True
2025-10-09,2025-10-09 12:00:00,OB,-1,6937.75,6951.25,41,False,False
2025-10-09,2025-10-09 12:40:00,Trap,1,6940.75,6931.5,49,True,True
2025-10-09,2025-10-09 14:40:00,IB,1,6948.5,6944.25,73,False,False
2025-10-10,2025-10-10 08:40:00,BO,1,6972.0,6949.0,1,False,False
2025-10-10,2025-10-10 08:55:00,OB,-1,6963.25,6977.25,4,True,True
2025-10-10,2025-10-10 10:05:00,BO,-1,6896.25,6968.25,18,False,False
2025-10-10,2025-10-10 10:25:00,BO,-1,6864.25,6918.75,22,False,False
2025-10-10,2025-10-10 14:30:00,OB,-1,6794.25,6807.25,71,False,False
2025-10-10,2025-10-10 14:55:00,Trap,-1,6770.75,6802.75,76,False,False
2025-10-13,2025-10-13 08:45:00,Trap,1,6846.0,6832.5,2,False,False
2025-10-13,2025-10-13 09:35:00,Trap,1,6851.25,6836.0,12,True,False
2025-10-13,2025-10-13 10:15:00,OB,1,6849.5,6832.5,20,True,True
2025-10-13,2025-10-13 11:50:00,Trap,1,6872.25,6865.75,39,False,False
2025-10-13,2025-10-13 12:15:00,IB,-1,6870.75,6882.25,44,False,False
2025-10-13,2025-10-13 13:00:00,Trap,1,6868.0,6859.0,53,True,True
2025-10-13,2025-10-13 13:40:00,OB,-1,6869.5,6878.5,61,True,True
2025-10-14,2025-10-14 08:35:00,IB,-1,6792.25,6864.75,0,False,False
2025-10-14,2025-10-14 08:55:00,Trap,1,6793.0,6764.0,4,True,True
2025-10-14,2025-10-14 11:20:00,IB,1,6862.0,6848.5,33,False,False
2025-10-14,2025-10-14 12:00:00,Trap,-1,6878.25,6891.0,41,True,True
2025-10-14,2025-10-14 12:35:00,Trap,-1,6881.5,6890.75,48,False,False
2025-10-14,2025-10-14 12:45:00,Trap,1,6888.25,6878.75,50,False,False
2025-10-14,2025-10-14 13:40:00,Trap,-1,6880.0,6888.25,61,False,False
2025-10-14,2025-10-14 14:35:00,OB,-1,6877.25,6887.75,72,False,False
2025-10-14,2025-10-14 14:55:00,Trap,1,6854.25,6836.75,76,True,True
2025-10-15,2025-10-15 10:35:00,OB,-1,6902.25,6918.5,24,False,False
2025-10-15,2025-10-15 10:50:00,BO,-1,6882.25,6902.5,27,False,False
2025-10-15,2025-10-15 14:20:00,Trap,1,6890.75,6879.75,69,True,False
2025-10-15,2025-10-15 14:55:00,Trap,-1,6869.25,6882.0,76,False,False
2025-10-16,2025-10-16 09:15:00,OB,-1,6891.75,6904.75,8,False,False
2025-10-16,2025-10-16 10:30:00,OB,-1,6891.75,6914.5,23,False,False
2025-10-16,2025-10-16 10:45:00,Trap,-1,6884.5,6901.25,26,False,False
2025-10-16,2025-10-16 11:35:00,BO,-1,6831.75,6872.0,36,False,False
2025-10-16,2025-10-16 13:35:00,IB,-1,6805.5,6826.0,60,False,False
2025-10-16,2025-10-16 13:45:00,BO,1,6831.75,6802.75,62,False,False
2025-10-17,2025-10-17 08:45:00,Trap,-1,6816.5,6844.0,2,False,False
2025-10-17,2025-10-17 08:55:00,BO,1,6847.25,6812.25,4,False,False
2025-10-17,2025-10-17 10:00:00,IB,-1,6826.25,6848.25,17,False,False
2025-10-17,2025-10-17 10:15:00,Trap,-1,6821.75,6847.5,20,False,False
2025-10-17,2025-10-17 11:40:00,Trap,-1,6857.75,6867.5,37,True,True
2025-10-17,2025-10-17 12:45:00,Trap,-1,6841.5,6855.75,50,True,False
2025-10-17,2025-10-17 12:55:00,Trap,1,6859.25,6837.5,52,False,False
2025-10-20,2025-10-20 09:00:00,IB,-1,6918.25,6925.5,5,False,False
2025-10-20,2025-10-20 09:30:00,BO,1,6934.0,6921.0,11,False,False
2025-10-20,2025-10-20 10:50:00,IB,1,6943.5,6937.75,27,False,False
2025-10-20,2025-10-20 13:05:00,Trap,1,6952.5,6947.75,54,False,False
2025-10-20,2025-10-20 14:05:00,BO,1,6950.25,6943.75,66,False,False
2025-10-20,2025-10-20 14:15:00,IB,-1,6948.5,6951.75,68,True,False
2025-10-20,2025-10-20 14:30:00,Trap,1,6948.5,6943.5,71,False,False
2025-10-20,2025-10-20 15:00:00,Trap,-1,6944.0,6953.25,77,True,True
2025-10-21,2025-10-21 09:20:00,BO,1,6945.25,6932.0,9,False,False
2025-10-21,2025-10-21 09:30:00,Trap,-1,6936.0,6949.25,11,True,True
2025-10-21,2025-10-21 11:05:00,Trap,1,6955.0,6951.0,30,False,False
2025-10-21,2025-10-21 11:50:00,Trap,1,6959.0,6954.25,39,False,False
2025-10-21,2025-10-21 12:00:00,OB,-1,6945.5,6960.5,41,True,True
2025-10-21,2025-10-21 12:10:00,Trap,1,6947.25,6938.0,43,True,True
2025-10-21,2025-10-21 13:20:00,BO,-1,6950.0,6955.25,57,False,False
2025-10-21,2025-10-21 13:45:00,BO,-1,6948.75,6955.0,62,False,False
2025-10-21,2025-10-21 14:30:00,Trap,-1,6949.5,6953.25,71,True,False
2025-10-21,2025-10-21 14:45:00,Trap,1,6950.25,6947.0,74,True,True
2025-10-21,2025-10-21 15:05:00,BO,-1,6939.25,6954.75,78,False,False
2025-10-22,2025-10-22 09:30:00,BO,-1,6924.0,6943.0,11,False,False
2025-10-22,2025-10-22 09:45:00,IB,-1,6915.0,6927.5,14,False,False
2025-10-22,2025-10-22 11:05:00,OB,-1,6913.5,6927.5,30,True,False
2025-10-22,2025-10-22 11:25:00,Trap,-1,6903.75,6917.0,34,False,False
2025-10-22,2025-10-22 12:45:00,OB,-1,6865.0,6888.0,50,False,False
2025-10-22,2025-10-22 13:25:00,Trap,1,6889.5,6866.0,58,False,False
2025-10-23,2025-10-23 08:40:00,OB,1,6918.5,6906.75,1,False,False
2025-10-23,2025-10-23 09:00:00,Trap,-1,6928.75,6936.75,5,True,True
2025-10-23,2025-10-23 10:30:00,Trap,1,6929.5,6919.75,23,True,True
2025-10-23,2025-10-23 10:40:00,Trap,-1,6926.0,6934.5,25,True,True
2025-10-23,2025-10-23 10:55:00,IB,1,6932.25,6916.0,28,False,False
2025-10-23,2025-10-23 11:35:00,Trap,1,6936.5,6930.75,36,False,False
2025-10-23,2025-10-23 12:10:00,Trap,-1,6936.75,6945.75,43,True,True
2025-10-23,2025-10-23 12:35:00,Trap,1,6943.25,6936.5,48,False,False
2025-10-23,2025-10-23 14:40:00,BO,-1,6950.25,6954.75,73,False,False
2025-10-24,2025-10-24 08:35:00,IB,1,6995.25,6944.5,0,False,False
2025-10-24,2025-10-24 09:40:00,Trap,1,6997.75,6988.0,13,True,True
2025-10-24,2025-10-24 09:55:00,IB,-1,6993.5,7003.75,16,False,False
2025-10-24,2025-10-24 13:45:00,Trap,-1,7007.5,7010.25,62,False,False
2025-10-27,2025-10-27 09:00:00,OB,1,7057.5,7049.75,5,False,False
2025-10-27,2025-10-27 09:30:00,Trap,1,7057.25,7050.5,11,False,False
2025-10-27,2025-10-27 09:55:00,OB,-1,7054.25,7060.5,16,False,False
2025-10-27,2025-10-27 11:05:00,OB,1,7064.0,7058.75,30,False,False
2025-10-27,2025-10-27 12:25:00,OB,-1,7059.0,7063.5,46,False,False
2025-10-27,2025-10-27 12:35:00,Trap,1,7062.75,7058.5,48,True,True
2025-10-27,2025-10-27 14:20:00,Trap,-1,7067.25,7070.0,69,True,True
2025-10-28,2025-10-28 08:40:00,Trap,-1,7087.75,7098.0,1,True,True
2025-10-28,2025-10-28 10:00:00,Trap,-1,7084.5,7088.25,17,False,False
2025-10-28,2025-10-28 11:30:00,Trap,1,7088.0,7082.0,35,False,False
2025-10-28,2025-10-28 12:50:00,BO,1,7100.5,7096.75,51,False,False
2025-10-28,2025-10-28 13:20:00,BO,1,7109.75,7101.75,57,False,False
2025-10-28,2025-10-28 13:30:00,Trap,-1,7107.0,7110.5,59,True,True
2025-10-28,2025-10-28 14:40:00,IB,-1,7105.75,7115.5,73,False,False
2025-10-29,2025-10-29 08:35:00,IB,1,7114.0,7092.25,0,False,False
2025-10-29,2025-10-29 11:05:00,BO,-1,7101.5,7109.0,30,False,False
2025-10-29,2025-10-29 12:25:00,Trap,-1,7107.0,7113.25,46,True,True
2025-10-29,2025-10-29 13:00:00,Trap,-1,7105.75,7110.75,53,False,False
2025-10-29,2025-10-29 13:45:00,BO,-1,7057.75,7113.25,62,False,False
2025-10-29,2025-10-29 13:55:00,IB,1,7085.75,7053.0,64,False,False
2025-10-29,2025-10-29 14:05:00,Trap,-1,7072.5,7094.25,66,False,False
2025-10-29,2025-10-29 15:05:00,BO,1,7106.0,7087.25,78,False,False
2025-10-30,2025-10-30 08:40:00,BO,-1,7043.25,7093.25,1,False,False
2025-10-30,2025-10-30 08:50:00,IB,1,7064.25,7038.5,3,False,False
2025-10-30,2025-10-30 09:55:00,IB,-1,7065.0,7082.5,16,False,False
2025-10-30,2025-10-30 11:10:00,OB,1,7072.25,7056.75,31,False,False
2025-10-30,2025-10-30 11:35:00,Trap,-1,7064.75,7076.5,36,True,True
2025-10-30,2025-10-30 11:45:00,Trap,1,7067.25,7060.25,38,False,False
2025-10-30,2025-10-30 12:05:00,Trap,-1,7063.25,7071.0,42,False,False
2025-10-30,2025-10-30 13:10:00,BO,-1,7060.0,7070.0,55,False,False
2025-10-30,2025-10-30 13:40:00,Trap,-1,7048.25,7059.75,61,False,False
2025-10-30,2025-10-30 13:50:00,Trap,1,7052.5,7046.0,63,True,True
2025-10-30,2025-10-30 14:40:00,Trap,-1,7032.75,7044.75,73,False,False
2025-10-31,2025-10-31 10:20:00,IB,1,7069.75,7062.0,21,False,False
2025-10-31,2025-10-31 10:30:00,IB,-1,7059.75,7070.25,23,False,False
2025-10-31,2025-10-31 12:00:00,BO,-1,7025.75,7038.0,41,False,False
2025-10-31,2025-10-31 12:45:00,Trap,1,7029.0,7016.25,50,False,False
2025-10-31,2025-10-31 14:55:00,BO,-1,7053.25,7067.75,76,False,False
2025-11-03,2025-11-03 08:40:00,Trap,-1,7058.75,7080.25,1,True,True
2025-11-03,2025-11-03 09:30:00,IB,-1,7025.5,7044.75,11,False,False
2025-11-03,2025-11-03 09:40:00,Trap,1,7036.0,7020.25,13,True,True
2025-11-03,2025-11-03 10:30:00,Trap,-1,7041.75,7050.0,23,True,True
2025-11-03,2025-11-03 11:00:00,Trap,1,7055.5,7043.5,29,False,False
2025-11-03,2025-11-03 11:30:00,OB,-1,7049.0,7060.5,35,True,True
2025-11-03,2025-11-03 13:05:00,IB,-1,7053.25,7060.75,54,False,False
2025-11-03,2025-11-03 15:00:00,Trap,1,7056.0,7046.5,77,True,True
2025-11-04,2025-11-04 08:45:00,Trap,1,6990.0,6966.5,2,True,True
2025-11-04,2025-11-04 09:40:00,Trap,1,7017.75,7009.75,13,False,False
2025-11-04,2025-11-04 09:50:00,Trap,-1,7007.5,7020.0,15,True,True
2025-11-04,2025-11-04 10:50:00,BO,-1,6996.5,7006.75,27,False,False
2025-11-04,2025-11-04 11:50:00,Trap,1,6987.0,6978.0,39,False,False
2025-11-04,2025-11-04 14:15:00,BO,1,6979.5,6970.25,68,False,False
2025-11-04,2025-11-04 14:25:00,Trap,-1,6973.25,6982.5,70,True,False
2025-11-05,2025-11-05 08:55:00,BO,1,6991.25,6960.75,4,False,False
2025-11-05,2025-11-05 10:15:00,Trap,-1,6989.25,7000.25,20,False,False
2025-11-05,2025-11-05 13:10:00,BO,-1,7018.25,7026.75,55,False,False
2025-11-05,2025-11-05 14:25:00,OB,-1,7020.25,7024.5,70,False,False
2025-11-06,2025-11-06 08:45:00,IB,-1,6978.0,6992.25,2,False,False
2025-11-06,2025-11-06 09:35:00,IB,-1,6953.25,6971.5,12,False,False
2025-11-06,2025-11-06 10:40:00,IB,-1,6917.75,6932.75,25,False,False
2025-11-06,2025-11-06 11:10:00,IB,1,6922.0,6907.5,31,False,False
2025-11-06,2025-11-06 12:05:00,OB,-1,6921.0,6933.25,42,True,True
2025-11-06,2025-11-06 13:30:00,IB,1,6951.75,6939.75,59,False,False
2025-11-06,2025-11-06 14:00:00,Trap,1,6947.75,6938.0,65,True,True
2025-11-06,2025-11-06 14:45:00,Trap,-1,6931.75,6945.0,74,False,False
2025-11-07,2025-11-07 08:40:00,BO,-1,6859.5,6930.75,1,False,False
2025-11-07,2025-11-07 09:05:00,Trap,-1,6864.75,6883.25,6,False,False
2025-11-07,2025-11-07 09:25:00,Trap,-1,6870.25,6887.0,10,True,False
2025-11-07,2025-11-07 11:15:00,Trap,1,6840.0,6826.25,32,True,True
2025-11-07,2025-11-07 12:00:00,Trap,1,6854.0,6834.75,41,True,False
2025-11-07,2025-11-07 12:50:00,Trap,-1,6863.25,6875.75,51,True,True
2025-11-07,2025-11-07 13:00:00,Trap,1,6871.0,6856.75,53,False,False
2025-11-07,2025-11-07 14:20:00,Trap,-1,6904.75,6914.0,69,False,False
2025-11-07,2025-11-07 14:45:00,BO,1,6915.25,6901.5,74,False,False
2025-11-07,2025-11-07 15:00:00,OB,1,6924.0,6901.5,77,False,False
2025-11-10,2025-11-10 08:35:00,IB,1,6992.0,6927.75,0,False,False
2025-11-10,2025-11-10 11:05:00,BO,1,6988.5,6967.75,30,False,False
2025-11-10,2025-11-10 11:55:00,BO,1,7008.75,6995.75,40,False,False
2025-11-10,2025-11-10 13:00:00,Trap,-1,7013.0,7019.75,53,True,True
2025-11-10,2025-11-10 13:15:00,Trap,-1,7015.75,7019.0,56,False,False
2025-11-10,2025-11-10 14:40:00,Trap,1,7033.0,7024.75,73,True,False
2025-11-11,2025-11-11 09:00:00,Trap,1,7021.25,7008.25,5,True,True
2025-11-11,2025-11-11 09:35:00,Trap,-1,7004.25,7013.0,12,False,False
2025-11-11,2025-11-11 10:25:00,BO,1,7019.5,7006.75,22,False,False
2025-11-11,2025-11-11 11:50:00,OB,1,7030.25,7023.75,39,False,False
2025-11-12,2025-11-12 08:50:00,BO,-1,7046.75,7063.5,3,False,False
2025-11-12,2025-11-12 09:55:00,OB,-1,7035.0,7045.0,16,False,False
2025-11-12,2025-11-12 11:50:00,Trap,-1,7043.5,7052.0,39,True,True
2025-11-12,2025-11-12 12:00:00,Trap,1,7050.0,7039.0,41,False,False
2025-11-12,2025-11-12 13:40:00,Trap,1,7043.25,7035.75,61,True,True
2025-11-13,2025-11-13 08:35:00,Trap,-1,7013.25,7051.75,0,False,False
2025-11-13,2025-11-13 09:50:00,BO,-1,6974.0,6994.25,15,False,False
2025-11-13,2025-11-13 10:35:00,Trap,1,6975.75,6961.5,24,True,True
2025-11-13,2025-11-13 13:30:00,BO,1,6947.25,6927.5,59,False,False
2025-11-13,2025-11-13 13:55:00,BO,-1,6925.75,6939.25,64,False,False
2025-11-13,2025-11-13 14:50:00,Trap,-1,6927.5,6942.25,75,True,True
2025-11-13,2025-11-13 15:05:00,IB,1,6941.5,6919.25,78,False,False
2025-11-14,2025-11-14 11:50:00,BO,-1,6949.0,6966.25,39,False,False
2025-11-14,2025-11-14 12:15:00,Trap,1,6952.25,6931.5,44,True,True
2025-11-14,2025-11-14 12:55:00,Trap,1,6944.75,6924.25,52,True,True
2025-11-14,2025-11-14 14:15:00,BO,-1,6946.25,6960.5,68,False,False
2025-11-17,2025-11-17 08:40:00,Trap,1,6934.5,6897.25,1,True,True
2025-11-17,2025-11-17 09:05:00,OB,-1,6923.75,6945.5,6,True,True
2025-11-17,2025-11-17 09:30:00,Trap,1,6929.0,6913.5,11,False,False
2025-11-17,2025-11-17 10:30:00,BO,1,6912.75,6885.5,23,False,False
2025-11-17,2025-11-17 12:55:00,Trap,-1,6889.5,6907.0,52,True,True
2025-11-17,2025-11-17 13:40:00,OB,-1,6848.0,6869.25,61,False,False
2025-11-17,2025-11-17 14:00:00,IB,-1,6835.25,6853.5,65,False,False
2025-11-17,2025-11-17 14:50:00,Trap,1,6856.75,6839.0,75,False,False
2025-11-18,2025-11-18 08:45:00,IB,-1,6825.25,6849.75,2,False,False
2025-11-18,2025-11-18 10:05:00,Trap,-1,6772.25,6793.75,18,False,False
2025-11-18,2025-11-18 11:40:00,Trap,1,6817.75,6785.5,37,True,True
2025-11-18,2025-11-18 13:00:00,Trap,-1,6837.0,6856.25,53,False,False
2025-11-18,2025-11-18 14:50:00,BO,-1,6815.75,6833.5,75,False,False
2025-11-19,2025-11-19 09:55:00,BO,-1,6846.25,6863.75,16,False,False
2025-11-19,2025-11-19 11:00:00,IB,1,6830.75,6816.0,29,False,False
2025-11-19,2025-11-19 11:40:00,BO,-1,6796.5,6820.25,37,False,False
2025-11-19,2025-11-19 12:40:00,Trap,1,6832.0,6814.0,49,True,False
2025-11-20,2025-11-20 09:10:00,Trap,-1,6939.0,6960.75,7,True,True
2025-11-20,2025-11-20 09:25:00,BO,1,6953.75,6933.75,10,False,False
2025-11-20,2025-11-20 11:00:00,OB,-1,6806.75,6863.25,29,False,False
2025-11-20,2025-11-20 14:00:00,BO,1,6785.75,6757.5,65,False,False
2025-11-20,2025-11-20 14:40:00,OB,-1,6744.0,6770.25,73,False,False
2025-11-21,2025-11-21 08:45:00,IB,-1,6745.0,6766.75,2,False,False
2025-11-21,2025-11-21 08:55:00,Trap,1,6763.25,6733.25,4,False,False
2025-11-21,2025-11-21 09:05:00,IB,-1,6741.0,6766.75,6,False,False
2025-11-21,2025-11-21 12:05:00,IB,-1,6788.0,6814.0,42,False,False
2025-11-21,2025-11-21 12:35:00,IB,1,6796.75,6775.0,48,False,False
2025-11-21,2025-11-21 13:35:00,Trap,-1,6832.75,6848.25,60,True,True
2025-11-21,2025-11-21 14:30:00,OB,-1,6798.5,6822.0,71,False,False
2025-11-24,2025-11-24 08:35:00,Trap,1,6852.5,6792.25,0,False,False
2025-11-24,2025-11-24 08:45:00,Trap,-1,6830.5,6857.5,2,True,True
2025-11-24,2025-11-24 10:05:00,Trap,1,6877.75,6864.25,18,False,False
2025-11-24,2025-11-24 11:20:00,Trap,1,6882.5,6871.0,33,True,True
2025-11-24,2025-11-24 12:35:00,BO,-1,6892.75,6899.25,48,False,False
2025-11-24,2025-11-24 14:35:00,Trap,1,6895.0,6887.5,72,False,False
2025-11-25,2025-11-25 08:45:00,Trap,-1,6874.5,6900.75,2,False,False
2025-11-25,2025-11-25 09:00:00,OB,1,6889.0,6845.25,5,True,True
2025-11-25,2025-11-25 10:55:00,Trap,1,6917.5,6905.5,28,False,False
2025-11-25,2025-11-25 12:25:00,Trap,1,6940.75,6933.5,46,False,False
2025-11-25,2025-11-25 13:20:00,BO,-1,6931.5,6941.0,57,False,False
2025-11-25,2025-11-25 13:40:00,Trap,-1,6929.25,6936.0,61,False,False
2025-11-25,2025-11-25 15:00:00,Trap,-1,6951.0,6963.25,77,True,True
2025-11-26,2025-11-26 09:00:00,OB,-1,6972.75,6994.75,5,True,True
2025-11-26,2025-11-26 09:10:00,Trap,1,6982.0,6966.5,7,False,False
2025-11-26,2025-11-26 10:40:00,Trap,1,7011.75,7002.75,25,False,False
2025-11-26,2025-11-26 11:05:00,Trap,-1,7011.5,7015.75,30,False,False
2025-11-26,2025-11-26 12:35:00,Trap,-1,7003.25,7015.0,48,False,False
2025-11-26,2025-11-26 13:40:00,Trap,-1,7007.25,7014.0,61,True,True
2025-11-26,2025-11-26 14:50:00,Trap,-1,7006.25,7013.75,75,False,False
2025-11-27,2025-11-27 09:15:00,OB,1,6999.5,6996.75,8,False,False
2025-11-27,2025-11-27 09:35:00,BO,-1,6996.75,6999.5,12,False,False
2025-11-27,2025-11-27 10:30:00,BO,1,6998.75,6996.75,23,False,False
2025-11-27,2025-11-27 11:00:00,Trap,1,6997.75,6995.75,29,True,True
2025-11-28,2025-11-28 08:50:00,Trap,1,7011.75,7002.0,45,False,False
2025-11-28,2025-11-28 09:30:00,Trap,-1,7014.0,7020.75,53,True,True
2025-11-28,2025-11-28 10:35:00,Trap,1,7022.0,7013.25,66,True,True
2025-11-28,2025-11-28 11:20:00,OB,-1,7021.75,7027.5,75,True,True
2025-11-28,2025-11-28 11:45:00,OB,-1,7016.75,7022.75,80,False,False
2025-11-28,2025-11-28 11:55:00,Trap,1,7022.75,7016.0,82,True,True
2025-12-01,2025-12-01 08:45:00,Trap,-1,6988.75,6999.25,2,False,False
2025-12-01,2025-12-01 08:55:00,BO,1,7008.25,6983.5,4,False,False
2025-12-01,2025-12-01 09:05:00,Trap,-1,7006.0,7015.0,6,False,False
2025-12-01,2025-12-01 13:25:00,BO,-1,7005.25,7016.5,58,False,False
2025-12-01,2025-12-01 13:40:00,Trap,1,7006.25,6994.5,61,True,True
2025-12-01,2025-12-01 14:55:00,OB,-1,6996.25,7007.0,76,True,True
2025-12-02,2025-12-02 08:50:00,IB,-1,7015.5,7025.5,3,False,False
2025-12-02,2025-12-02 09:05:00,OB,1,7026.25,7010.5,6,False,False
2025-12-02,2025-12-02 09:35:00,OB,-1,7007.5,7027.75,12,False,False
2025-12-02,2025-12-02 09:45:00,IB,1,7022.75,7004.0,14,False,False
2025-12-02,2025-12-02 10:15:00,BO,-1,7011.0,7034.25,20,False,False
2025-12-02,2025-12-02 11:20:00,OB,1,7017.0,7000.25,33,False,False
2025-12-02,2025-12-02 12:00:00,BO,-1,6997.0,7020.0,41,False,False
2025-12-02,2025-12-02 13:25:00,IB,-1,7005.0,7014.25,58,False,False
2025-12-02,2025-12-02 13:55:00,BO,1,7018.75,7008.5,64,False,False
2025-12-02,2025-12-02 14:35:00,Trap,1,7023.0,7018.75,72,False,False
2025-12-02,2025-12-02 14:55:00,Trap,-1,7011.0,7023.25,76,False,False
2025-12-03,2025-12-03 10:20:00,Trap,1,7022.5,7011.0,21,True,False
2025-12-03,2025-12-03 10:35:00,IB,1,7028.5,7015.25,24,False,False
2025-12-03,2025-12-03 11:05:00,Trap,1,7022.0,7010.75,30,True,True
2025-12-03,2025-12-03 12:45:00,IB,1,7039.25,7034.0,50,False,False
2025-12-03,2025-12-03 14:20:00,Trap,-1,7040.5,7044.0,69,True,True
2025-12-03,2025-12-03 14:55:00,Trap,-1,7032.0,7040.75,76,False,False
2025-12-04,2025-12-04 08:50:00,Trap,-1,7028.5,7043.25,3,False,False
2025-12-04,2025-12-04 09:50:00,Trap,-1,7031.25,7039.5,15,True,True
2025-12-04,2025-12-04 11:10:00,OB,-1,7030.5,7039.5,31,True,True
2025-12-04,2025-12-04 12:30:00,IB,1,7040.75,7033.5,47,False,False
2025-12-04,2025-12-04 14:55:00,Trap,1,7031.25,7021.25,76,False,False
2025-12-05,2025-12-05 08:50:00,Trap,1,7057.25,7044.75,3,False,False
2025-12-05,2025-12-05 10:00:00,BO,-1,7058.25,7073.5,17,False,False
2025-12-05,2025-12-05 10:35:00,Trap,-1,7046.5,7059.25,24,False,False
2025-12-05,2025-12-05 11:35:00,Trap,-1,7041.5,7048.5,36,False,False
2025-12-05,2025-12-05 12:30:00,Trap,1,7057.0,7046.5,47,False,False
2025-12-05,2025-12-05 15:00:00,Trap,1,7047.5,7037.5,77,True,True
2025-12-08,2025-12-08 09:35:00,Trap,1,7039.0,7028.75,12,True,True
2025-12-08,2025-12-08 09:45:00,Trap,-1,7030.75,7040.5,14,False,False
2025-12-08,2025-12-08 10:25:00,Trap,1,7029.0,7022.75,22,False,False
2025-12-08,2025-12-08 14:45:00,Trap,1,7017.25,7010.75,74,True,True
2025-12-09,2025-12-09 09:45:00,Trap,1,7034.25,7028.0,14,False,False
2025-12-09,2025-12-09 10:45:00,Trap,-1,7035.75,7043.5,26,True,True
2025-12-09,2025-12-09 12:55:00,OB,1,7031.75,7023.25,52,True,True
2025-12-09,2025-12-09 13:55:00,IB,1,7027.0,7021.5,64,False,False
2025-12-09,2025-12-09 14:10:00,Trap,1,7026.75,7024.75,67,False,False
2025-12-10,2025-12-10 08:45:00,Trap,1,7015.0,7001.5,2,True,True
2025-12-10,2025-12-10 09:50:00,OB,1,7019.75,7005.0,15,True,True
2025-12-10,2025-12-10 11:45:00,Trap,-1,7019.25,7024.0,38,False,False
2025-12-10,2025-12-10 11:55:00,BO,1,7027.75,7017.75,40,False,False
2025-12-10,2025-12-10 13:35:00,Trap,1,7048.5,7020.75,60,False,False
2025-12-10,2025-12-10 13:55:00,IB,1,7059.25,7021.25,64,False,False
2025-12-11,2025-12-11 08:55:00,OB,-1,7013.75,7044.5,4,False,False
2025-12-11,2025-12-11 09:10:00,OB,1,7034.25,7008.75,7,True,True
2025-12-11,2025-12-11 09:50:00,BO,-1,7036.0,7050.25,15,False,False
2025-12-11,2025-12-11 10:55:00,Trap,-1,7040.25,7057.25,28,True,True
2025-12-11,2025-12-11 12:40:00,Trap,1,7070.25,7060.5,49,False,False
2025-12-11,2025-12-11 14:35:00,BO,-1,7070.25,7076.75,72,False,False
2025-12-11,2025-12-11 14:45:00,Trap,1,7071.25,7067.25,74,True,True
2025-12-12,2025-12-12 08:50:00,OB,-1,7058.75,7073.75,3,False,False
2025-12-12,2025-12-12 09:05:00,IB,-1,7051.75,7065.25,6,False,False
2025-12-12,2025-12-12 09:30:00,BO,-1,7021.75,7046.25,11,False,False
2025-12-12,2025-12-12 09:40:00,Trap,1,7033.75,7017.5,13,True,True
2025-12-12,2025-12-12 09:55:00,Trap,-1,7023.25,7040.5,16,False,False
2025-12-12,2025-12-12 10:25:00,Trap,-1,6987.75,7001.25,22,False,False
2025-12-12,2025-12-12 11:20:00,IB,1,7013.0,6995.5,33,False,False
2025-12-12,2025-12-12 11:30:00,Trap,-1,6998.75,7014.5,35,True,True
2025-12-12,2025-12-12 11:40:00,Trap,1,7010.25,6994.0,37,False,False
2025-12-12,2025-12-12 12:25:00,Trap,-1,7018.25,7027.5,46,True,True
2025-12-12,2025-12-12 13:15:00,IB,-1,7002.0,7011.25,56,False,False
2025-12-12,2025-12-12 14:50:00,IB,1,6998.25,6985.0,75,False,False
2025-12-15,2025-12-15 08:40:00,Trap,-1,7020.25,7042.75,1,True,True
2025-12-15,2025-12-15 09:35:00,Trap,1,6991.75,6975.25,12,True,True
2025-12-15,2025-12-15 10:55:00,Trap,1,6997.25,6983.5,28,True,True
2025-12-15,2025-12-15 11:45:00,IB,1,6994.25,6982.75,38,False,False
2025-12-15,2025-12-15 12:25:00,OB,-1,6980.75,6994.25,46,False,False
2025-12-15,2025-12-15 13:55:00,Trap,1,6993.5,6986.75,64,True,True
2025-12-16,2025-12-16 11:45:00,OB,-1,6946.0,6962.25,38,False,False
2025-12-16,2025-12-16 13:30:00,OB,1,6948.5,6936.75,59,True,True
2025-12-16,2025-12-16 14:25:00,Trap,1,6970.75,6961.0,70,False,False
2025-12-17,2025-12-17 08:40:00,Trap,-1,6965.25,6982.25,1,False,False
2025-12-17,2025-12-17 09:40:00,BO,-1,6945.25,6969.5,13,False,False
2025-12-17,2025-12-17 10:15:00,Trap,-1,6912.25,6932.0,20,False,False
2025-12-17,2025-12-17 12:05:00,IB,1,6919.5,6908.5,42,False,False
2025-12-17,2025-12-17 12:15:00,Trap,-1,6908.75,6923.5,44,False,False
2025-12-18,2025-12-18 08:40:00,Trap,-1,6944.75,6961.25,1,True,True
2025-12-18,2025-12-18 09:15:00,BO,-1,6942.25,6959.5,8,False,False
2025-12-18,2025-12-18 10:40:00,IB,1,6979.75,6970.75,25,False,False
2025-12-18,2025-12-18 11:05:00,BO,-1,6963.75,6977.25,30,False,False
2025-12-18,2025-12-18 11:35:00,Trap,1,6941.0,6922.75,36,True,True
2025-12-18,2025-12-18 12:45:00,Trap,-1,6963.25,6971.75,50,True,True
2025-12-18,2025-12-18 14:00:00,Trap,-1,6931.5,6947.5,65,False,False
2025-12-18,2025-12-18 15:00:00,BO,-1,6939.5,6961.0,77,False,False
2025-12-19,2025-12-19 09:35:00,Trap,1,6989.0,6977.75,12,True,False
2025-12-19,2025-12-19 11:55:00,Trap,1,7003.25,6997.0,40,False,False
2025-12-19,2025-12-19 12:55:00,Trap,1,6998.25,6995.0,52,True,True
2025-12-19,2025-12-19 14:35:00,OB,-1,6997.75,7001.25,72,False,False
2025-12-22,2025-12-22 08:40:00,Trap,-1,7026.25,7038.75,1,True,True
2025-12-22,2025-12-22 09:40:00,OB,-1,7022.0,7033.25,13,False,False
2025-12-22,2025-12-22 11:00:00,BO,1,7043.25,7037.0,29,False,False
2025-12-22,2025-12-22 11:45:00,IB,1,7041.5,7039.0,38,False,False
2025-12-22,2025-12-22 14:10:00,Trap,-1,7040.25,7042.75,67,False,False
2025-12-23,2025-12-23 11:25:00,Trap,1,7064.0,7061.25,34,False,False
2025-12-23,2025-12-23 11:50:00,IB,-1,7061.75,7064.0,39,False,False
2025-12-23,2025-12-23 13:10:00,OB,1,7070.25,7067.5,55,False,False
2025-12-24,2025-12-24 09:25:00,Trap,-1,7080.25,7083.25,10,True,True
2025-12-24,2025-12-24 11:35:00,OB,1,7098.0,7093.25,36,True,True
2025-12-24,2025-12-24 11:45:00,IB,-1,7094.0,7099.0,38,False,False
2025-12-26,2025-12-26 08:55:00,OB,-1,7096.25,7105.0,4,True,True
2025-12-26,2025-12-26 10:15:00,BO,-1,7086.75,7097.25,20,False,False
2025-12-26,2025-12-26 10:25:00,Trap,1,7090.25,7085.0,22,True,True
2025-12-26,2025-12-26 11:05:00,Trap,-1,7085.5,7089.0,30,False,False
2025-12-26,2025-12-26 11:40:00,Trap,-1,7084.0,7089.75,37,True,False
2025-12-26,2025-12-26 13:35:00,Trap,1,7089.75,7087.25,60,True,False
2025-12-26,2025-12-26 14:55:00,IB,-1,7088.75,7092.5,76,False,False
2025-12-29,2025-12-29 08:40:00,Trap,1,7074.5,7058.5,1,True,True
2025-12-29,2025-12-29 08:50:00,IB,-1,7065.25,7078.75,3,False,False
2025-12-29,2025-12-29 09:20:00,Trap,1,7061.5,7054.5,9,True,True
2025-12-29,2025-12-29 11:25:00,Trap,-1,7052.0,7056.0,34,False,False
2025-12-29,2025-12-29 12:25:00,BO,1,7061.5,7054.75,46,False,False
2025-12-30,2025-12-30 10:25:00,BO,1,7070.0,7063.5,22,False,False
2025-12-30,2025-12-30 10:40:00,BO,-1,7063.0,7070.25,25,False,False
2025-12-30,2025-12-30 11:55:00,Trap,1,7062.0,7057.75,40,False,False
2025-12-30,2025-12-30 12:50:00,Trap,1,7064.75,7060.5,51,True,False
2025-12-30,2025-12-30 13:15:00,Trap,1,7064.75,7060.25,56,True,True
2025-12-30,2025-12-30 13:50:00,Trap,-1,7062.25,7064.75,63,False,False
2025-12-30,2025-12-30 14:20:00,Trap,1,7060.25,7055.75,69,True,True
2025-12-30,2025-12-30 14:50:00,Trap,-1,7060.5,7064.25,75,True,True
2025-12-31,2025-12-31 08:40:00,OB,-1,7044.75,7058.5,1,False,False
2025-12-31,2025-12-31 09:20:00,BO,-1,7034.75,7041.75,9,False,False
2025-12-31,2025-12-31 10:20:00,OB,1,7031.25,7026.25,21,False,False
2025-12-31,2025-12-31 10:55:00,IB,1,7035.0,7031.0,28,False,False
2025-12-31,2025-12-31 11:10:00,IB,-1,7030.0,7037.75,31,True,True
2025-12-31,2025-12-31 11:35:00,IB,1,7036.0,7032.0,36,False,False
2025-12-31,2025-12-31 12:30:00,IB,1,7037.5,7033.25,47,False,False
2025-12-31,2025-12-31 13:20:00,BO,-1,7038.25,7044.75,57,False,False
2025-12-31,2025-12-31 13:35:00,BO,-1,7024.5,7038.5,60,False,False
2025-12-31,2025-12-31 14:30:00,BO,-1,7010.5,7018.5,71,False,False
2026-01-02,2026-01-02 08:40:00,Trap,-1,7026.25,7043.5,1,True,True
2026-01-02,2026-01-02 08:50:00,Trap,1,7042.0,7022.75,3,False,False
2026-01-02,2026-01-02 09:35:00,Trap,1,7015.75,6996.25,12,True,True
2026-01-06,2026-01-06 08:35:00,Trap,1,7062.5,7054.25,0,False,False
2026-01-06,2026-01-06 08:50:00,OB,1,7071.5,7056.5,3,False,False
2026-01-06,2026-01-06 09:35:00,Trap,-1,7080.5,7088.25,12,True,True
2026-01-06,2026-01-06 10:25:00,Trap,1,7072.75,7065.75,22,False,False
2026-01-06,2026-01-06 12:35:00,BO,-1,7086.75,7090.75,48,False,False
2026-01-06,2026-01-06 12:45:00,IB,1,7093.0,7085.5,50,False,False
2026-01-06,2026-01-06 13:15:00,IB,1,7100.0,7095.75,56,False,False
2026-01-06,2026-01-06 13:55:00,IB,-1,7097.5,7101.0,64,False,False
2026-01-07,2026-01-07 08:45:00,IB,1,7105.75,7095.25,2,False,False
2026-01-07,2026-01-07 08:55:00,Trap,-1,7103.75,7109.25,4,True,True
2026-01-07,2026-01-07 10:45:00,IB,1,7110.0,7099.5,26,False,False
2026-01-07,2026-01-07 11:35:00,BO,-1,7113.25,7117.5,36,False,False
2026-01-07,2026-01-07 11:45:00,Trap,1,7115.75,7111.25,38,True,False
2026-01-07,2026-01-07 11:55:00,OB,-1,7108.75,7116.0,40,False,False
2026-01-07,2026-01-07 13:00:00,Trap,-1,7106.0,7109.5,53,True,True
2026-01-07,2026-01-07 13:15:00,OB,-1,7097.5,7106.75,56,False,False
2026-01-07,2026-01-07 13:35:00,Trap,1,7098.0,7092.75,60,False,False
2026-01-07,2026-01-07 14:15:00,BO,-1,7085.5,7096.0,68,False,False
2026-01-07,2026-01-07 14:30:00,Trap,-1,7081.0,7089.0,71,False,False
2026-01-08,2026-01-08 09:10:00,Trap,1,7074.75,7055.0,7,False,False
2026-01-08,2026-01-08 09:55:00,BO,-1,7062.5,7076.5,16,False,False
2026-01-08,2026-01-08 11:20:00,Trap,1,7077.0,7069.75,33,False,False
2026-01-08,2026-01-08 12:05:00,BO,-1,7076.0,7083.5,42,False,False
2026-01-08,2026-01-08 13:15:00,IB,-1,7064.25,7070.75,56,False,False
2026-01-08,2026-01-08 14:05:00,Trap,1,7067.25,7063.25,66,True,False
2026-01-08,2026-01-08 14:30:00,Trap,1,7073.25,7066.0,71,False,False
2026-01-08,2026-01-08 14:45:00,OB,-1,7072.0,7078.0,74,True,True
2026-01-09,2026-01-09 08:50:00,IB,-1,7085.25,7098.25,3,False,False
2026-01-09,2026-01-09 09:10:00,OB,-1,7070.75,7095.25,7,False,False
2026-01-09,2026-01-09 09:45:00,IB,-1,7092.25,7110.75,14,False,False
2026-01-09,2026-01-09 10:45:00,Trap,1,7107.5,7101.0,26,False,False
2026-01-09,2026-01-09 12:35:00,OB,1,7118.25,7109.25,48,True,True
2026-01-09,2026-01-09 13:50:00,Trap,1,7126.0,7122.75,63,False,False
2026-01-09,2026-01-09 14:00:00,Trap,-1,7124.5,7128.0,65,True,True
2026-01-09,2026-01-09 14:25:00,OB,1,7127.75,7123.25,70,False,False
2026-01-09,2026-01-09 14:55:00,Trap,-1,7120.75,7124.5,76,False,False
2026-01-12,2026-01-12 08:40:00,Trap,1,7101.0,7079.75,1,True,True
2026-01-12,2026-01-12 08:55:00,IB,1,7108.75,7098.0,4,False,False
2026-01-12,2026-01-12 12:25:00,Trap,1,7126.0,7123.0,46,False,False
2026-01-12,2026-01-12 14:50:00,Trap,1,7130.5,7127.0,75,True,True
2026-01-13,2026-01-13 08:35:00,Trap,1,7132.5,7126.0,0,True,True
2026-01-13,2026-01-13 08:50:00,OB,-1,7122.0,7135.25,3,True,True
2026-01-13,2026-01-13 09:35:00,Trap,1,7105.25,7094.5,12,True,True
2026-01-13,2026-01-13 10:35:00,Trap,1,7114.75,7097.75,24,True,True
2026-01-13,2026-01-13 12:00:00,OB,-1,7103.25,7115.0,41,False,False
2026-01-13,2026-01-13 13:05:00,Trap,-1,7098.25,7104.5,54,False,False
2026-01-13,2026-01-13 14:05:00,Trap,-1,7101.0,7106.25,66,True,True
2026-01-13,2026-01-13 14:35:00,BO,-1,7090.0,7099.25,72,False,False
2026-01-14,2026-01-14 08:45:00,IB,-1,7068.5,7090.75,2,False,False
2026-01-14,2026-01-14 09:00:00,IB,-1,7060.25,7077.75,5,False,False
2026-01-14,2026-01-14 09:50:00,OB,-1,7039.5,7063.5,15,False,False
2026-01-14,2026-01-14 12:05:00,IB,1,7044.5,7034.75,42,False,False
2026-01-14,2026-01-14 14:10:00,OB,1,7065.75,7046.5,67,True,True
2026-01-14,2026-01-14 15:00:00,OB,1,7079.0,7060.5,77,False,False
2026-01-15,2026-01-15 09:45:00,Trap,-1,7112.75,7123.0,14,True,True
2026-01-15,2026-01-15 10:00:00,Trap,1,7118.25,7103.5,17,True,True
2026-01-15,2026-01-15 11:05:00,Trap,1,7127.5,7122.5,30,False,False
2026-01-15,2026-01-15 11:30:00,Trap,-1,7118.25,7124.75,35,False,False
2026-01-15,2026-01-15 11:55:00,Trap,-1,7117.75,7123.75,40,False,False
2026-01-15,2026-01-15 14:00:00,OB,-1,7100.75,7109.5,65,False,False
2026-01-15,2026-01-15 15:00:00,OB,1,7095.75,7086.0,77,False,False
2026-01-16,2026-01-16 08:45:00,IB,-1,7101.75,7113.25,2,False,False
2026-01-16,2026-01-16 09:20:00,IB,-1,7086.5,7098.75,9,False,False
2026-01-16,2026-01-16 10:55:00,Trap,-1,7099.75,7106.0,28,True,True
2026-01-16,2026-01-16 13:15:00,Trap,-1,7096.5,7108.5,56,True,True
2026-01-16,2026-01-16 13:40:00,BO,1,7098.25,7091.0,61,False,False
2026-01-16,2026-01-16 14:40:00,Trap,1,7094.5,7089.25,73,True,True
2026-01-16,2026-01-16 14:55:00,Trap,1,7095.0,7087.75,76,True,True
2026-01-19,2026-01-19 10:05:00,Trap,1,7015.5,7007.75,18,False,False
2026-01-19,2026-01-19 10:25:00,Trap,-1,7015.75,7023.25,22,True,True
2026-01-19,2026-01-19 10:40:00,BO,1,7019.75,7011.0,25,False,False
2026-01-19,2026-01-19 11:40:00,Trap,-1,7025.0,7027.75,37,True,True
2026-01-20,2026-01-20 11:50:00,OB,-1,6975.0,6990.0,81,False,False
2026-01-21,2026-01-21 09:30:00,Trap,1,6998.0,6987.75,11,False,False
2026-01-21,2026-01-21 10:40:00,BO,-1,6986.5,7013.75,25,False,False
2026-01-21,2026-01-21 11:00:00,BO,-1,6967.75,6986.75,29,False,False
2026-01-21,2026-01-21 11:25:00,Trap,1,6967.75,6948.25,34,True,True
2026-01-21,2026-01-21 11:55:00,Trap,1,6973.25,6957.25,40,False,False
2026-01-21,2026-01-21 12:15:00,IB,1,6969.5,6953.5,44,False,False
2026-01-21,2026-01-21 13:25:00,Trap,1,6976.0,6966.25,58,False,False
2026-01-22,2026-01-22 08:35:00,OB,1,7067.5,7023.5,0,False,False
2026-01-22,2026-01-22 08:50:00,OB,-1,7046.75,7075.5,3,True,True
2026-01-22,2026-01-22 11:00:00,Trap,-1,7065.25,7073.0,29,True,True
2026-01-22,2026-01-22 11:10:00,Trap,1,7071.5,7062.0,31,True,False
2026-01-22,2026-01-22 12:15:00,IB,-1,7073.0,7080.0,44,False,False
2026-01-22,2026-01-22 14:25:00,Trap,-1,7056.25,7063.25,70,False,False
2026-01-22,2026-01-22 14:45:00,Trap,1,7049.25,7043.5,74,True,True
2026-01-23,2026-01-23 08:40:00,BO,-1,7038.75,7056.5,1,False,False
2026-01-23,2026-01-23 09:00:00,IB,1,7052.75,7037.25,5,False,False
2026-01-23,2026-01-23 10:30:00,BO,-1,7066.0,7073.25,23,False,False
2026-01-23,2026-01-23 12:10:00,IB,1,7053.0,7042.0,43,False,False
2026-01-23,2026-01-23 12:35:00,Trap,-1,7050.25,7056.25,48,True,False
2026-01-23,2026-01-23 13:05:00,BO,1,7060.0,7050.75,54,False,False
2026-01-23,2026-01-23 13:25:00,IB,1,7065.5,7059.0,58,False,False
2026-01-23,2026-01-23 14:10:00,BO,-1,7053.5,7062.0,67,False,False
2026-01-26,2026-01-26 08:40:00,BO,1,7081.75,7048.5,1,False,False
2026-01-26,2026-01-26 09:20:00,OB,1,7095.5,7082.0,9,False,False
2026-01-26,2026-01-26 11:35:00,IB,-1,7098.75,7101.5,36,False,False
2026-01-26,2026-01-26 14:45:00,IB,-1,7100.0,7102.5,74,True,False
2026-01-26,2026-01-26 15:00:00,BO,-1,7091.75,7102.0,77,False,False
2026-01-27,2026-01-27 08:35:00,Trap,1,7106.0,7088.5,0,True,True
2026-01-27,2026-01-27 10:20:00,BO,1,7128.75,7124.0,21,False,False
2026-01-27,2026-01-27 11:00:00,BO,-1,7124.0,7128.5,29,False,False
2026-01-27,2026-01-27 11:30:00,IB,1,7123.75,7117.5,35,False,False
2026-01-27,2026-01-27 12:15:00,IB,1,7118.25,7112.5,44,False,False
2026-01-27,2026-01-27 14:25:00,IB,-1,7125.75,7128.25,70,True,True
2026-01-27,2026-01-27 15:00:00,OB,-1,7119.75,7126.25,77,False,False
2026-01-28,2026-01-28 08:35:00,Trap,1,7136.75,7116.5,0,True,True
2026-01-28,2026-01-28 09:35:00,IB,-1,7124.5,7134.25,12,False,False
2026-01-28,2026-01-28 10:30:00,Trap,1,7124.5,7117.5,23,True,True
2026-01-28,2026-01-28 13:25:00,Trap,1,7115.25,7108.5,58,False,False
2026-01-28,2026-01-28 13:50:00,Trap,1,7117.25,7104.5,63,False,False
2026-01-28,2026-01-28 14:50:00,IB,-1,7112.75,7119.5,75,False,False
2026-01-28,2026-01-28 15:05:00,Trap,-1,7099.5,7125.0,78,False,False
2026-01-29,2026-01-29 09:05:00,BO,-1,7065.5,7098.75,6,False,False
2026-01-29,2026-01-29 10:15:00,Trap,1,7037.25,7009.25,20,True,True
2026-01-29,2026-01-29 11:05:00,IB,1,7056.5,7043.5,30,False,False
2026-01-29,2026-01-29 11:55:00,BO,-1,7050.0,7073.5,40,False,False
2026-01-29,2026-01-29 12:10:00,OB,1,7064.5,7048.5,43,True,True
2026-01-29,2026-01-29 13:00:00,Trap,-1,7067.25,7077.0,53,False,False
2026-01-29,2026-01-29 13:10:00,Trap,1,7077.0,7063.75,55,False,False
2026-01-29,2026-01-29 14:40:00,Trap,1,7088.25,7075.5,73,False,False
2026-01-30,2026-01-30 08:40:00,Trap,1,7094.75,7072.0,1,True,True
2026-01-30,2026-01-30 09:00:00,Trap,-1,7076.25,7092.5,5,False,False
2026-01-30,2026-01-30 09:40:00,Trap,1,7089.75,7068.0,13,True,True
2026-01-30,2026-01-30 09:55:00,Trap,-1,7086.25,7102.25,16,True,True
2026-01-30,2026-01-30 11:05:00,BO,-1,7055.5,7074.0,30,False,False
2026-01-30,2026-01-30 11:25:00,Trap,1,7062.25,7047.5,34,False,False
2026-01-30,2026-01-30 11:40:00,Trap,-1,7060.25,7074.5,37,True,False
2026-01-30,2026-01-30 12:30:00,Trap,1,7053.5,7029.75,47,True,True
2026-02-02,2026-02-02 12:50:00,OB,1,7125.5,7119.25,51,False,False
2026-02-02,2026-02-02 13:40:00,BO,-1,7121.5,7127.25,61,False,False
2026-02-02,2026-02-02 15:10:00,Trap,1,7117.5,7108.5,79,True,True
2026-02-03,2026-02-03 09:00:00,BO,-1,7092.5,7119.75,5,False,False
2026-02-03,2026-02-03 13:30:00,Trap,-1,7019.25,7029.5,59,True,True
2026-02-03,2026-02-03 14:00:00,Trap,1,7025.5,7008.25,65,True,False
2026-02-04,2026-02-04 09:05:00,BO,-1,7029.25,7068.25,6,False,False
2026-02-04,2026-02-04 09:35:00,Trap,-1,7040.0,7066.0,12,False,False
2026-02-04,2026-02-04 10:05:00,OB,-1,7027.25,7050.0,18,False,False
2026-02-04,2026-02-04 11:00:00,Trap,1,7022.25,6999.5,29,True,True
2026-02-04,2026-02-04 12:30:00,BO,1,7004.25,6979.75,47,False,False
2026-02-04,2026-02-04 15:15:00,IB,1,7034.25,7003.25,80,False,False
2026-02-05,2026-02-05 08:40:00,Trap,1,6980.0,6942.5,1,True,True
2026-02-05,2026-02-05 09:00:00,OB,-1,6961.0,6992.25,5,False,False
2026-02-05,2026-02-05 09:30:00,IB,-1,6921.0,6940.25,11,False,False
2026-02-05,2026-02-05 10:55:00,Trap,1,6965.0,6944.25,28,False,False
2026-02-05,2026-02-05 13:05:00,OB,1,6944.5,6931.5,54,True,True
2026-02-05,2026-02-05 13:30:00,Trap,-1,6957.5,6970.0,59,True,True
2026-02-05,2026-02-05 14:05:00,IB,1,6949.25,6938.5,66,False,False
2026-02-05,2026-02-05 14:20:00,Trap,-1,6942.25,6963.75,69,True,False
2026-02-06,2026-02-06 09:55:00,OB,-1,6998.0,7023.75,16,True,True
2026-02-06,2026-02-06 10:05:00,Trap,1,7022.0,6996.25,18,False,False
2026-02-06,2026-02-06 13:00:00,Trap,-1,7043.25,7049.75,53,True,True
2026-02-06,2026-02-06 13:15:00,Trap,-1,7042.25,7047.5,56,False,False
2026-02-06,2026-02-06 13:25:00,Trap,1,7047.25,7040.5,58,True,True
2026-02-06,2026-02-06 14:25:00,BO,1,7053.0,7047.25,70,False,False
2026-02-09,2026-02-09 08:40:00,Trap,1,7063.5,7035.25,1,True,True
2026-02-09,2026-02-09 10:45:00,Trap,1,7102.25,7095.0,26,False,False
2026-02-09,2026-02-09 12:00:00,IB,-1,7098.0,7102.5,41,False,False
2026-02-09,2026-02-09 14:45:00,Trap,1,7098.5,7091.0,74,True,True
2026-02-09,2026-02-09 15:00:00,OB,-1,7091.25,7102.75,77,False,False
2026-02-10,2026-02-10 08:40:00,Trap,-1,7095.25,7107.25,1,True,True
2026-02-10,2026-02-10 09:00:00,BO,1,7109.0,7087.75,5,False,False
2026-02-10,2026-02-10 10:10:00,IB,-1,7097.5,7109.0,19,False,False
2026-02-10,2026-02-10 11:05:00,Trap,-1,7096.5,7102.75,30,False,False
2026-02-10,2026-02-10 12:35:00,BO,-1,7084.25,7095.75,48,False,False
2026-02-10,2026-02-10 14:50:00,IB,1,7085.5,7080.0,75,False,False
2026-02-10,2026-02-10 15:05:00,Trap,1,7076.75,7068.0,78,True,True
2026-02-11,2026-02-11 08:40:00,Trap,-1,7104.0,7122.5,1,True,True
2026-02-11,2026-02-11 12:00:00,Trap,-1,7078.25,7090.75,41,True,True
2026-02-11,2026-02-11 14:35:00,BO,-1,7070.25,7078.25,72,False,False
2026-02-12,2026-02-12 08:50:00,OB,-1,7083.0,7103.75,3,True,True
2026-02-12,2026-02-12 09:40:00,OB,-1,7061.25,7085.0,13,False,False
2026-02-12,2026-02-12 10:40:00,Trap,1,7004.75,6984.0,25,True,True
2026-02-12,2026-02-12 11:55:00,OB,-1,6986.25,7003.0,40,False,False
2026-02-12,2026-02-12 13:20:00,Trap,1,6999.5,6985.0,57,False,False
2026-02-12,2026-02-12 14:00:00,Trap,-1,7000.75,7009.0,65,True,True
2026-02-13,2026-02-13 08:40:00,OB,-1,6943.75,6970.75,1,False,False
2026-02-13,2026-02-13 09:10:00,IB,1,6970.0,6941.0,7,False,False
2026-02-13,2026-02-13 10:25:00,Trap,-1,6969.5,6987.5,22,False,False
2026-02-13,2026-02-13 12:00:00,BO,-1,6997.25,7006.75,41,False,False
2026-02-13,2026-02-13 12:15:00,Trap,1,6998.75,6986.5,44,True,True
2026-02-13,2026-02-13 13:45:00,BO,-1,6982.25,6995.25,62,False,False
2026-02-13,2026-02-13 14:30:00,BO,-1,6952.0,6972.5,71,False,False
2026-02-13,2026-02-13 14:55:00,BO,1,6960.25,6943.75,76,False,False
2026-02-16,2026-02-16 10:00:00,Trap,-1,6954.75,6964.25,17,False,False
2026-02-16,2026-02-16 10:10:00,Trap,1,6961.75,6952.0,19,True,True
2026-02-16,2026-02-16 10:40:00,Trap,-1,6955.0,6968.0,25,False,False
2026-02-16,2026-02-16 11:30:00,IB,1,6965.75,6960.0,35,False,False
2026-02-17,2026-02-17 08:50:00,OB,-1,6947.5,6973.0,45,True,True
2026-02-17,2026-02-17 09:50:00,Trap,1,6921.25,6902.0,57,True,True
2026-02-17,2026-02-17 11:45:00,IB,-1,6945.25,6968.5,80,False,False
2026-02-17,2026-02-17 12:25:00,IB,1,6965.5,6943.25,88,False,False
2026-02-17,2026-02-17 13:55:00,BO,-1,6984.75,6994.75,106,False,False
2026-02-17,2026-02-17 14:25:00,OB,-1,6973.75,6982.5,112,False,False
2026-02-18,2026-02-18 08:45:00,BO,1,6994.5,6972.5,2,False,False
2026-02-18,2026-02-18 10:50:00,OB,-1,7025.5,7031.5,27,False,False
2026-02-18,2026-02-18 11:10:00,OB,1,7030.0,7018.5,31,True,True
2026-02-18,2026-02-18 11:55:00,BO,1,7031.75,7023.75,40,False,False
2026-02-18,2026-02-18 12:45:00,Trap,-1,7015.25,7025.0,50,False,False
2026-02-18,2026-02-18 13:35:00,IB,-1,7003.25,7013.5,60,False,False
2026-02-18,2026-02-18 14:05:00,Trap,1,6994.25,6984.75,66,True,True
2026-02-19,2026-02-19 08:45:00,Trap,1,6989.25,6968.0,2,True,True
2026-02-19,2026-02-19 10:30:00,Trap,-1,6985.0,7002.0,23,True,False
2026-02-19,2026-02-19 10:45:00,IB,-1,6980.0,6996.5,26,False,False
2026-02-19,2026-02-19 11:20:00,BO,1,6984.5,6970.25,33,False,False
2026-02-19,2026-02-19 12:15:00,OB,1,6976.0,6963.75,44,True,True
2026-02-19,2026-02-19 14:50:00,Trap,1,6982.0,6972.5,75,False,False
2026-02-20,2026-02-20 08:40:00,Trap,1,6980.0,6958.25,1,True,True
2026-02-20,2026-02-20 09:00:00,Trap,1,6989.75,6975.75,5,False,False
2026-02-20,2026-02-20 10:40:00,OB,1,7022.75,7000.25,25,True,True
2026-02-20,2026-02-20 11:05:00,BO,-1,7020.5,7033.5,30,False,False
2026-02-20,2026-02-20 14:10:00,BO,1,7032.5,7020.75,67,False,False
2026-02-20,2026-02-20 14:45:00,Trap,1,7032.75,7024.25,74,False,False
2026-02-20,2026-02-20 15:00:00,Trap,1,7035.75,7025.25,77,False,False
2026-02-23,2026-02-23 08:50:00,BO,-1,7009.75,7041.25,3,False,False
2026-02-23,2026-02-23 12:45:00,OB,-1,6971.0,6979.75,50,False,False
2026-02-23,2026-02-23 13:00:00,BO,-1,6960.5,6974.5,53,False,False
2026-02-23,2026-02-23 14:50:00,Trap,1,6960.0,6952.0,75,False,False
2026-02-24,2026-02-24 08:45:00,OB,1,6983.25,6939.5,2,True,True
2026-02-24,2026-02-24 10:55:00,IB,1,7004.5,6994.75,28,False,False
2026-02-24,2026-02-24 12:05:00,Trap,1,7020.25,7012.75,42,False,False
2026-02-24,2026-02-24 12:40:00,OB,1,7017.25,7009.0,49,True,True
2026-02-24,2026-02-24 13:45:00,Trap,1,7012.0,7008.0,62,False,False
2026-02-24,2026-02-24 14:30:00,Trap,-1,7005.5,7011.5,71,False,False
2026-02-24,2026-02-24 14:50:00,OB,1,7015.5,7007.75,75,False,False
2026-02-25,2026-02-25 08:35:00,BO,1,7048.25,7010.0,0,False,False
2026-02-25,2026-02-25 10:30:00,OB,1,7054.5,7046.75,23,False,False
2026-02-25,2026-02-25 12:45:00,Trap,1,7065.5,7062.0,50,False,False
2026-02-25,2026-02-25 13:10:00,BO,1,7069.25,7064.25,55,False,False
2026-02-25,2026-02-25 13:45:00,Trap,-1,7070.5,7073.0,62,True,True
2026-02-26,2026-02-26 08:35:00,IB,-1,7061.5,7074.5,0,False,False
2026-02-26,2026-02-26 09:15:00,IB,-1,7024.25,7049.25,8,False,False
2026-02-26,2026-02-26 12:40:00,OB,1,7013.0,6992.5,49,False,False
2026-02-26,2026-02-26 13:05:00,BO,1,7017.25,7009.5,54,False,False
2026-02-26,2026-02-26 15:00:00,Trap,1,7032.5,7025.5,77,False,False
2026-02-26,2026-02-26 15:10:00,Trap,-1,7027.75,7033.5,79,False,False
2026-02-27,2026-02-27 09:10:00,BO,1,6983.25,6962.0,7,False,False
2026-03-02,2026-03-02 08:50:00,IB,1,6967.5,6943.25,3,False,False
2026-03-02,2026-03-02 09:05:00,IB,1,6978.0,6954.0,6,False,False
2026-03-02,2026-03-02 09:55:00,Trap,-1,6968.75,6983.5,16,False,False
2026-03-02,2026-03-02 10:40:00,Trap,1,6987.0,6964.25,25,True,True
2026-03-02,2026-03-02 11:20:00,Trap,1,7006.0,6992.5,33,False,False
2026-03-02,2026-03-02 11:35:00,BO,-1,6996.75,7007.5,36,False,False
2026-03-02,2026-03-02 12:30:00,Trap,1,7002.75,6996.5,47,True,False
2026-03-02,2026-03-02 12:40:00,IB,-1,6997.25,7004.25,49,False,False
2026-03-02,2026-03-02 13:10:00,Trap,1,7000.0,6987.0,55,True,True
2026-03-03,2026-03-03 08:50:00,BO,-1,6858.25,6905.0,3,False,False
2026-03-03,2026-03-03 10:05:00,BO,1,6868.0,6836.75,18,False,False
2026-03-03,2026-03-03 11:45:00,Trap,1,6917.0,6894.75,38,True,True
2026-03-03,2026-03-03 12:05:00,Trap,1,6918.5,6902.75,42,False,False
2026-03-03,2026-03-03 12:25:00,IB,1,6934.75,6910.25,46,False,False
2026-03-03,2026-03-03 12:40:00,OB,1,6947.75,6931.0,49,False,False
2026-03-03,2026-03-03 13:45:00,OB,1,6954.25,6927.0,62,True,True
2026-03-03,2026-03-03 13:55:00,Trap,-1,6948.5,6960.75,64,True,True
2026-03-04,2026-03-04 08:35:00,IB,1,6961.5,6928.5,0,False,False
2026-03-04,2026-03-04 11:40:00,Trap,1,6994.5,6979.5,37,True,True
2026-03-04,2026-03-04 13:05:00,Trap,1,7002.25,6995.75,54,False,False
2026-03-04,2026-03-04 14:15:00,OB,-1,6995.75,7004.0,68,False,False
2026-03-04,2026-03-04 14:45:00,IB,1,6998.75,6992.75,74,False,False
2026-03-04,2026-03-04 15:05:00,BO,-1,6981.75,6996.75,78,False,False
2026-03-05,2026-03-05 08:45:00,Trap,-1,6959.75,6977.25,2,False,False
2026-03-05,2026-03-05 09:00:00,BO,1,6983.75,6954.0,5,False,False
2026-03-05,2026-03-05 09:25:00,BO,-1,6942.75,6976.75,10,False,False
2026-03-05,2026-03-05 11:35:00,BO,-1,6905.25,6929.0,36,False,False
2026-03-05,2026-03-05 12:45:00,IB,1,6910.0,6890.25,50,False,False
2026-03-05,2026-03-05 13:30:00,Trap,-1,6898.75,6910.25,59,False,False
2026-03-06,2026-03-06 08:35:00,BO,-1,6853.25,6945.0,0,False,False
2026-03-06,2026-03-06 09:05:00,Trap,1,6857.25,6826.75,6,True,True
2026-03-06,2026-03-06 09:50:00,BO,-1,6867.5,6889.0,15,False,False
2026-03-06,2026-03-06 10:00:00,Trap,1,6879.0,6854.0,17,True,False
2026-03-06,2026-03-06 12:15:00,BO,1,6888.25,6859.25,44,False,False
2026-03-06,2026-03-06 13:15:00,OB,1,6881.75,6867.5,56,False,False
2026-03-06,2026-03-06 14:15:00,BO,-1,6869.0,6889.75,68,False,False
2026-03-06,2026-03-06 15:05:00,Trap,-1,6845.0,6862.25,78,False,False
2026-03-09,2026-03-09 08:55:00,OB,-1,6760.0,6778.0,4,False,False
2026-03-09,2026-03-09 09:05:00,OB,1,6786.75,6755.25,6,True,True
2026-03-09,2026-03-09 12:20:00,Trap,-1,6826.75,6839.5,45,False,False
2026-03-09,2026-03-09 13:20:00,IB,1,6831.25,6818.5,57,False,False
2026-03-09,2026-03-09 13:35:00,IB,1,6839.5,6825.0,60,False,False
2026-03-09,2026-03-09 14:25:00,OB,1,6881.25,6832.25,70,False,False
2026-03-10,2026-03-10 10:45:00,IB,1,6944.0,6933.25,26,False,False
2026-03-10,2026-03-10 11:10:00,BO,-1,6929.25,6943.75,31,False,False
2026-03-10,2026-03-10 11:20:00,BO,1,6938.75,6925.5,33,False,False
2026-03-10,2026-03-10 12:40:00,BO,-1,6942.25,6963.0,49,False,False
2026-03-10,2026-03-10 13:15:00,BO,-1,6915.0,6951.0,56,False,False
2026-03-10,2026-03-10 13:30:00,Trap,1,6922.0,6902.0,59,True,True
2026-03-10,2026-03-10 14:30:00,BO,-1,6902.5,6924.0,71,False,False
2026-03-10,2026-03-10 14:50:00,Trap,-1,6896.25,6911.75,75,False,False
2026-03-11,2026-03-11 08:50:00,OB,-1,6895.0,6913.0,3,True,True
2026-03-11,2026-03-11 09:00:00,Trap,1,6906.75,6889.0,5,True,True
2026-03-11,2026-03-11 10:15:00,IB,-1,6885.5,6914.5,20,False,False
2026-03-11,2026-03-11 12:30:00,BO,1,6892.25,6881.0,47,False,False
2026-03-11,2026-03-11 12:40:00,BO,-1,6871.5,6895.5,49,False,False
2026-03-11,2026-03-11 14:05:00,Trap,-1,6876.5,6885.5,66,True,True
2026-03-11,2026-03-11 15:05:00,Trap,-1,6884.0,6893.5,78,True,True
2026-03-12,2026-03-12 09:05:00,Trap,1,6829.5,6808.0,6,True,True
2026-03-12,2026-03-12 11:50:00,IB,-1,6815.25,6829.75,39,False,False
2026-03-12,2026-03-12 14:45:00,BO,-1,6799.25,6813.75,74,False,False
2026-03-13,2026-03-13 08:35:00,Trap,1,6823.0,6782.75,0,True,True
2026-03-13,2026-03-13 09:05:00,BO,-1,6825.5,6843.75,6,False,False
2026-03-13,2026-03-13 09:45:00,BO,-1,6797.75,6827.5,14,False,False
2026-03-13,2026-03-13 10:00:00,Trap,-1,6778.0,6801.0,17,False,False
2026-03-13,2026-03-13 10:25:00,IB,-1,6772.75,6794.25,22,False,False
2026-03-13,2026-03-13 10:45:00,BO,-1,6761.25,6778.25,26,False,False
2026-03-13,2026-03-13 11:55:00,Trap,1,6773.5,6757.25,40,True,True
2026-03-13,2026-03-13 12:15:00,OB,1,6772.25,6756.0,44,True,True
2026-03-13,2026-03-13 13:35:00,BO,1,6764.5,6749.25,60,False,False
2026-03-16,2026-03-16 08:35:00,Trap,1,6810.5,6739.75,0,False,False
2026-03-16,2026-03-16 09:35:00,BO,-1,6815.75,6839.25,12,False,False
2026-03-16,2026-03-16 11:00:00,BO,-1,6809.75,6828.5,29,False,False
2026-03-16,2026-03-16 11:25:00,BO,-1,6798.75,6816.75,34,False,False
2026-03-16,2026-03-16 11:45:00,BO,1,6811.25,6795.75,38,False,False
2026-03-16,2026-03-16 13:10:00,BO,1,6820.5,6809.75,55,False,False
2026-03-16,2026-03-16 14:20:00,Trap,-1,6819.0,6846.0,69,True,True
2026-03-17,2026-03-17 08:35:00,IB,1,6860.25,6814.25,0,False,False
2026-03-17,2026-03-17 09:05:00,BO,-1,6857.25,6868.0,6,False,False
2026-03-17,2026-03-17 09:35:00,Trap,1,6855.75,6845.25,12,False,False
2026-03-17,2026-03-17 12:55:00,Trap,1,6843.75,6835.25,52,True,False
2026-03-17,2026-03-17 13:10:00,OB,1,6847.75,6839.5,55,False,False
2026-03-17,2026-03-17 13:55:00,IB,1,6839.25,6833.25,64,False,False
2026-03-18,2026-03-18 09:30:00,IB,-1,6783.0,6802.5,11,False,False
2026-03-18,2026-03-18 10:00:00,IB,1,6795.0,6780.25,17,False,False
2026-03-18,2026-03-18 10:20:00,IB,-1,6792.25,6804.25,21,False,False
2026-03-18,2026-03-18 11:35:00,BO,-1,6787.25,6800.0,36,False,False
2026-03-18,2026-03-18 11:55:00,Trap,1,6794.0,6786.0,40,False,False
2026-03-18,2026-03-18 13:00:00,IB,1,6791.0,6782.25,53,False,False
2026-03-18,2026-03-18 13:55:00,IB,-1,6759.25,6778.75,64,False,False
2026-03-18,2026-03-18 14:45:00,BO,-1,6743.5,6755.75,74,False,False
2026-03-19,2026-03-19 11:05:00,BO,1,6705.75,6688.0,30,False,False
2026-03-19,2026-03-19 11:50:00,Trap,-1,6698.25,6709.25,39,False,False
2026-03-19,2026-03-19 12:10:00,OB,-1,6679.75,6695.5,43,False,False
2026-03-19,2026-03-19 12:25:00,BO,1,6694.25,6677.5,46,False,False
2026-03-19,2026-03-19 13:15:00,BO,1,6705.75,6688.25,56,False,False
2026-03-20,2026-03-20 08:40:00,BO,-1,6685.5,6731.75,1,False,False
2026-03-20,2026-03-20 08:55:00,Trap,-1,6682.25,6704.25,4,False,False
2026-03-20,2026-03-20 13:05:00,Trap,-1,6645.25,6654.25,54,False,False
2026-03-20,2026-03-20 14:45:00,Trap,1,6607.5,6585.0,74,True,True
2026-03-23,2026-03-23 11:00:00,BO,-1,6698.5,6731.5,29,False,False
2026-03-23,2026-03-23 12:35:00,BO,1,6709.0,6681.25,48,False,False
2026-03-23,2026-03-23 14:20:00,BO,-1,6717.25,6727.0,69,False,False
2026-03-23,2026-03-23 14:55:00,Trap,-1,6706.5,6722.5,76,False,False
2026-03-24,2026-03-24 11:00:00,Trap,-1,6687.0,6707.25,29,True,True
2026-03-24,2026-03-24 11:40:00,OB,-1,6678.0,6697.75,37,False,False
2026-03-24,2026-03-24 14:35:00,BO,-1,6677.25,6690.0,72,False,False
2026-03-25,2026-03-25 08:35:00,BO,1,6733.75,6667.75,0,False,False
2026-03-25,2026-03-25 08:45:00,Trap,-1,6725.75,6746.0,2,True,True
2026-03-25,2026-03-25 10:15:00,BO,-1,6701.75,6726.75,20,False,False
2026-03-25,2026-03-25 12:50:00,Trap,-1,6717.5,6730.75,51,True,True
2026-03-26,2026-03-26 10:35:00,BO,-1,6646.5,6656.5,24,False,False
2026-03-26,2026-03-26 12:35:00,Trap,1,6622.75,6612.75,48,True,True
2026-03-26,2026-03-26 12:45:00,Trap,-1,6612.5,6624.0,50,False,False
2026-03-26,2026-03-26 14:10:00,OB,-1,6595.25,6608.5,67,False,False
2026-03-27,2026-03-27 08:35:00,Trap,-1,6534.75,6658.5,0,True,True
2026-03-27,2026-03-27 11:40:00,IB,-1,6512.75,6520.5,37,False,False
2026-03-27,2026-03-27 11:50:00,Trap,1,6524.5,6510.0,39,True,True
2026-03-27,2026-03-27 13:20:00,Trap,1,6490.25,6480.5,57,True,True
2026-03-27,2026-03-27 14:20:00,OB,1,6483.0,6473.75,69,True,True
2026-03-27,2026-03-27 14:45:00,IB,-1,6470.25,6482.25,74,False,False
2026-03-27,2026-03-27 15:05:00,Trap,-1,6464.0,6480.5,78,False,False
2026-03-30,2026-03-30 08:40:00,Trap,-1,6507.75,6532.5,1,True,True
2026-03-30,2026-03-30 10:00:00,IB,1,6504.0,6475.75,17,False,False
2026-03-30,2026-03-30 11:25:00,BO,-1,6486.75,6497.5,34,False,False
2026-03-30,2026-03-30 12:20:00,BO,-1,6469.25,6485.0,45,False,False
2026-03-30,2026-03-30 12:45:00,OB,1,6470.5,6455.0,50,True,True
2026-03-30,2026-03-30 13:10:00,Trap,-1,6457.75,6466.0,55,False,False
2026-03-30,2026-03-30 13:30:00,Trap,-1,6451.5,6465.25,59,False,False
2026-03-30,2026-03-30 14:45:00,BO,1,6435.5,6421.5,74,False,False
2026-03-31,2026-03-31 08:40:00,BO,1,6527.5,6438.25,1,False,False
2026-03-31,2026-03-31 09:45:00,BO,-1,6531.0,6555.5,14,False,False
2026-03-31,2026-03-31 10:05:00,Trap,1,6528.5,6508.25,18,True,True
2026-03-31,2026-03-31 11:00:00,Trap,-1,6526.5,6540.5,29,False,False
2026-03-31,2026-03-31 11:10:00,OB,1,6542.75,6523.75,31,True,True
2026-03-31,2026-03-31 14:40:00,BO,1,6633.5,6620.25,73,False,False
2026-04-01,2026-04-01 08:50:00,BO,-1,6661.5,6689.75,3,False,False
2026-04-01,2026-04-01 10:40:00,Trap,1,6700.5,6688.5,25,True,False
2026-04-01,2026-04-01 11:00:00,BO,1,6708.25,6699.5,29,False,False
2026-04-01,2026-04-01 12:35:00,IB,-1,6709.0,6715.0,48,False,False
2026-04-01,2026-04-01 12:50:00,OB,-1,6705.75,6712.0,51,False,False
2026-04-02,2026-04-02 08:55:00,BO,1,6611.0,6575.5,4,False,False
2026-04-02,2026-04-02 09:40:00,BO,1,6690.75,6625.5,13,False,False
2026-04-02,2026-04-02 10:30:00,Trap,1,6679.0,6665.25,23,False,False
2026-04-02,2026-04-02 11:20:00,IB,-1,6651.0,6667.25,33,False,False
2026-04-02,2026-04-02 14:20:00,Trap,-1,6671.0,6678.75,69,True,True
2026-04-02,2026-04-02 14:55:00,Trap,1,6680.0,6667.0,76,False,False
2026-04-06,2026-04-06 08:35:00,BO,1,6697.5,6680.5,0,False,False
2026-04-06,2026-04-06 09:00:00,BO,1,6710.25,6691.5,5,False,False
2026-04-06,2026-04-06 09:15:00,Trap,1,6706.25,6685.25,8,False,False
2026-04-06,2026-04-06 12:25:00,IB,1,6697.5,6680.0,46,False,False
2026-04-06,2026-04-06 13:15:00,BO,1,6698.5,6687.25,56,False,False
2026-04-06,2026-04-06 14:50:00,OB,1,6712.25,6703.25,75,False,False
2026-04-07,2026-04-07 10:20:00,BO,1,6653.75,6634.0,21,False,False
2026-04-07,2026-04-07 13:20:00,Trap,1,6692.5,6684.75,57,True,False
2026-04-07,2026-04-07 13:45:00,BO,-1,6678.5,6687.5,62,False,False
2026-04-07,2026-04-07 14:20:00,BO,1,6696.0,6658.0,69,False,False
2026-04-08,2026-04-08 10:05:00,Trap,1,6863.0,6841.25,18,True,True
2026-04-09,2026-04-09 08:45:00,BO,1,6880.5,6870.0,2,False,False
2026-04-09,2026-04-09 09:15:00,Trap,-1,6873.0,6882.25,8,False,False
2026-04-09,2026-04-09 10:15:00,IB,1,6882.0,6870.75,20,False,False
2026-04-09,2026-04-09 12:40:00,Trap,1,6935.75,6921.75,49,True,False
2026-04-09,2026-04-09 14:10:00,OB,1,6926.0,6914.75,67,False,False
2026-04-09,2026-04-09 14:20:00,Trap,-1,6922.0,6928.0,69,True,True
2026-04-10,2026-04-10 08:40:00,Trap,-1,6930.75,6942.75,1,True,True
2026-04-10,2026-04-10 10:35:00,BO,-1,6932.25,6944.25,24,False,False
2026-04-10,2026-04-10 10:55:00,Trap,-1,6921.0,6931.0,28,False,False
2026-04-10,2026-04-10 11:15:00,IB,1,6922.5,6914.5,32,True,True
2026-04-10,2026-04-10 11:55:00,BO,1,6918.5,6908.25,40,False,False
2026-04-10,2026-04-10 13:20:00,BO,1,6918.5,6912.0,57,False,False
2026-04-10,2026-04-10 13:45:00,BO,-1,6914.25,6918.25,62,False,False
2026-04-10,2026-04-10 14:25:00,IB,-1,6919.75,6923.5,70,False,False
2026-04-10,2026-04-10 14:40:00,BO,-1,6914.25,6920.25,73,False,False
2026-04-13,2026-04-13 10:00:00,OB,1,6928.25,6917.25,17,False,False
2026-04-13,2026-04-13 10:40:00,Trap,1,6922.25,6915.0,25,True,True
2026-04-13,2026-04-13 11:50:00,Trap,1,6943.25,6929.75,39,False,False
2026-04-13,2026-04-13 13:35:00,Trap,1,6948.5,6945.25,60,False,False
2026-04-13,2026-04-13 14:25:00,BO,1,6960.5,6953.25,70,False,False
2026-04-14,2026-04-14 08:40:00,BO,1,7012.75,6984.0,1,False,False
2026-04-14,2026-04-14 09:10:00,BO,1,7027.0,7017.0,7,False,False
2026-04-14,2026-04-14 09:50:00,Trap,1,7036.5,7029.0,15,False,False
2026-04-14,2026-04-14 10:25:00,BO,1,7042.5,7032.25,22,False,False
2026-04-14,2026-04-14 11:25:00,BO,1,7058.0,7052.0,34,False,False
2026-04-14,2026-04-14 12:00:00,OB,-1,7052.5,7059.5,41,False,False
2026-04-14,2026-04-14 12:20:00,IB,1,7060.25,7053.75,45,False,False
2026-04-14,2026-04-14 12:55:00,IB,-1,7060.25,7064.0,52,False,False
2026-04-14,2026-04-14 13:20:00,BO,-1,7053.0,7062.0,57,False,False
2026-04-15,2026-04-15 08:35:00,OB,1,7080.25,7061.75,0,False,False
2026-04-15,2026-04-15 09:40:00,OB,-1,7083.25,7093.5,13,True,True
2026-04-15,2026-04-15 10:45:00,IB,1,7097.5,7091.5,26,False,False
2026-04-15,2026-04-15 11:10:00,Trap,1,7097.5,7091.0,31,True,True
2026-04-15,2026-04-15 12:05:00,Trap,1,7093.75,7080.5,42,True,True
2026-04-15,2026-04-15 12:45:00,Trap,-1,7098.0,7103.5,50,True,True
2026-04-15,2026-04-15 15:05:00,Trap,-1,7117.25,7125.75,78,True,True
2026-04-16,2026-04-16 09:20:00,Trap,-1,7111.75,7123.75,9,False,False
2026-04-16,2026-04-16 12:25:00,Trap,1,7130.0,7120.75,46,True,True
2026-04-16,2026-04-16 13:10:00,Trap,-1,7125.0,7134.75,55,False,False
2026-04-16,2026-04-16 13:25:00,Trap,-1,7121.75,7130.25,58,False,False
2026-04-16,2026-04-16 13:35:00,Trap,1,7127.75,7117.5,60,True,True
2026-04-16,2026-04-16 14:20:00,Trap,1,7133.5,7128.75,69,False,False
2026-04-16,2026-04-16 14:40:00,OB,1,7137.0,7131.0,73,False,False
2026-04-17,2026-04-17 10:15:00,IB,-1,7224.75,7234.25,20,False,False
2026-04-17,2026-04-17 12:25:00,BO,-1,7218.25,7237.75,46,False,False
2026-04-17,2026-04-17 13:55:00,IB,-1,7218.0,7225.25,64,False,False
2026-04-17,2026-04-17 14:40:00,BO,1,7222.75,7214.5,73,False,False
2026-04-20,2026-04-20 10:05:00,IB,-1,7188.5,7209.5,18,False,False
2026-04-20,2026-04-20 11:05:00,Trap,-1,7192.75,7199.0,30,False,False
2026-04-20,2026-04-20 12:45:00,IB,1,7201.25,7197.5,50,False,False
2026-04-20,2026-04-20 13:10:00,Trap,1,7203.5,7196.25,55,True,True
2026-04-20,2026-04-20 14:55:00,Trap,1,7202.25,7197.75,76,True,True
2026-04-21,2026-04-21 08:40:00,Trap,-1,7211.25,7225.25,1,True,True
2026-04-21,2026-04-21 08:50:00,BO,1,7223.0,7208.25,3,False,False
2026-04-21,2026-04-21 09:25:00,Trap,-1,7224.25,7233.75,10,True,True
2026-04-21,2026-04-21 10:05:00,BO,-1,7188.0,7213.75,18,False,False
2026-04-21,2026-04-21 11:45:00,OB,-1,7179.0,7192.25,38,False,False
2026-04-21,2026-04-21 12:20:00,BO,-1,7160.25,7179.75,45,False,False
2026-04-21,2026-04-21 14:25:00,IB,1,7195.75,7182.25,70,False,False
2026-04-21,2026-04-21 14:40:00,OB,-1,7183.0,7199.75,73,True,True
2026-04-22,2026-04-22 11:40:00,Trap,1,7215.0,7207.75,37,True,True
2026-04-22,2026-04-22 14:00:00,IB,-1,7215.75,7220.75,65,False,False
2026-04-22,2026-04-22 14:10:00,Trap,1,7218.5,7211.25,67,True,True
2026-04-22,2026-04-22 15:15:00,IB,-1,7225.0,7234.25,80,False,False
2026-04-23,2026-04-23 10:45:00,BO,-1,7234.75,7242.75,26,False,False
2026-04-23,2026-04-23 12:45:00,OB,-1,7155.5,7195.0,50,False,False
2026-04-23,2026-04-23 12:55:00,Trap,1,7174.5,7140.5,52,True,True
2026-04-23,2026-04-23 14:10:00,IB,1,7197.0,7185.75,67,True,True
2026-04-24,2026-04-24 09:40:00,Trap,1,7222.25,7210.75,13,False,False
2026-04-24,2026-04-24 10:40:00,Trap,-1,7234.0,7238.0,25,False,False
2026-04-24,2026-04-24 11:45:00,IB,-1,7248.0,7255.75,38,False,False
2026-04-24,2026-04-24 13:20:00,IB,-1,7249.0,7254.75,57,False,False
2026-04-24,2026-04-24 14:45:00,Trap,1,7254.5,7251.0,74,True,False
2026-04-27,2026-04-27 08:40:00,OB,1,7259.25,7244.5,1,True,True
2026-04-27,2026-04-27 08:50:00,Trap,-1,7244.75,7259.75,3,False,False
2026-04-27,2026-04-27 09:40:00,Trap,1,7255.25,7246.5,13,True,False
2026-04-27,2026-04-27 11:25:00,Trap,-1,7254.0,7257.25,34,True,True
2026-04-27,2026-04-27 12:35:00,IB,1,7268.25,7256.5,48,False,False
2026-04-28,2026-04-28 08:40:00,Trap,1,7235.75,7223.0,1,True,True
2026-04-28,2026-04-28 09:35:00,BO,-1,7224.0,7232.0,12,False,False
2026-04-28,2026-04-28 09:55:00,Trap,-1,7211.5,7222.0,16,False,False
2026-04-28,2026-04-28 10:50:00,IB,-1,7211.0,7216.75,27,False,False
2026-04-28,2026-04-28 11:35:00,OB,-1,7213.0,7221.0,36,True,True
2026-04-28,2026-04-28 11:55:00,IB,1,7217.5,7208.5,40,False,False
2026-04-28,2026-04-28 13:35:00,IB,-1,7226.0,7231.75,60,False,False
2026-04-28,2026-04-28 14:20:00,Trap,-1,7231.75,7237.5,69,True,True
2026-04-28,2026-04-28 14:35:00,IB,-1,7228.0,7233.5,72,False,False
2026-04-29,2026-04-29 08:35:00,Trap,-1,7215.5,7237.5,0,True,True
2026-04-29,2026-04-29 08:55:00,Trap,1,7220.5,7210.75,4,True,True
2026-04-29,2026-04-29 10:05:00,BO,-1,7225.75,7231.75,18,False,False
2026-04-29,2026-04-29 11:35:00,OB,-1,7205.25,7218.0,36,False,False
2026-04-29,2026-04-29 13:10:00,OB,-1,7203.0,7221.5,55,False,False
2026-04-29,2026-04-29 13:20:00,Trap,1,7210.0,7198.75,57,True,True
2026-04-29,2026-04-29 14:15:00,Trap,1,7226.75,7214.25,68,False,False
2026-04-29,2026-04-29 14:35:00,IB,-1,7218.5,7227.75,72,False,False
2026-04-29,2026-04-29 15:15:00,IB,-1,7199.0,7252.0,80,False,False
2026-04-30,2026-04-30 10:55:00,Trap,1,7262.0,7249.0,28,True,True
2026-04-30,2026-04-30 12:05:00,Trap,1,7264.5,7253.75,42,True,True
2026-04-30,2026-04-30 13:05:00,BO,1,7293.0,7280.75,54,False,False
2026-04-30,2026-04-30 13:35:00,Trap,1,7296.0,7291.25,60,False,False
2026-04-30,2026-04-30 14:10:00,OB,1,7304.0,7297.5,67,False,False
2026-05-01,2026-05-01 08:35:00,IB,1,7335.75,7302.5,0,False,False
2026-05-01,2026-05-01 09:00:00,OB,1,7354.5,7331.5,5,False,False
2026-05-01,2026-05-01 12:40:00,Trap,-1,7340.5,7343.5,49,True,True
2026-05-01,2026-05-01 14:05:00,IB,1,7326.5,7322.25,66,False,False
2026-05-04,2026-05-04 09:10:00,IB,-1,7311.75,7319.0,7,True,False
2026-05-05,2026-05-05 08:35:00,Trap,1,7333.0,7284.0,0,True,True
2026-05-05,2026-05-05 10:25:00,IB,-1,7342.0,7347.0,22,True,True
2026-05-05,2026-05-05 11:25:00,OB,1,7347.75,7344.25,34,False,False
2026-05-05,2026-05-05 11:50:00,Trap,1,7346.75,7343.0,39,False,False
2026-05-05,2026-05-05 12:20:00,IB,1,7346.25,7341.5,45,True,False
2026-05-05,2026-05-05 13:10:00,Trap,1,7352.75,7350.25,55,False,False
2026-05-05,2026-05-05 14:35:00,Trap,-1,7357.5,7361.0,72,True,True
2026-05-05,2026-05-05 14:55:00,OB,-1,7348.0,7358.75,76,False,False
2026-05-06,2026-05-06 08:35:00,BO,1,7402.0,7348.5,0,False,False
2026-05-06,2026-05-06 10:15:00,OB,-1,7428.25,7436.25,20,True,True
2026-05-06,2026-05-06 11:50:00,Trap,-1,7424.0,7428.75,39,False,False
2026-05-06,2026-05-06 14:10:00,OB,1,7446.5,7440.25,67,False,False
2026-05-07,2026-05-07 08:50:00,BO,-1,7446.5,7456.25,3,False,False
2026-05-07,2026-05-07 09:40:00,Trap,1,7461.5,7454.25,13,False,False
2026-05-07,2026-05-07 10:35:00,Trap,1,7465.0,7452.5,24,True,True
2026-05-07,2026-05-07 11:05:00,BO,-1,7443.25,7459.25,30,False,False
2026-05-07,2026-05-07 11:20:00,BO,-1,7428.25,7443.5,33,False,False
2026-05-07,2026-05-07 13:45:00,BO,-1,7412.5,7428.75,62,False,False
2026-05-07,2026-05-07 14:00:00,BO,1,7421.0,7406.75,65,False,False
2026-05-08,2026-05-08 08:50:00,Trap,1,7468.75,7453.0,3,False,False
2026-05-08,2026-05-08 11:30:00,Trap,1,7483.5,7480.25,35,False,False
2026-05-08,2026-05-08 14:10:00,BO,1,7476.5,7468.75,67,False,False
2026-05-11,2026-05-11 08:50:00,BO,1,7495.0,7480.75,3,False,False
2026-05-11,2026-05-11 10:55:00,IB,1,7509.25,7504.5,28,False,False
2026-05-11,2026-05-11 13:40:00,OB,-1,7505.25,7511.0,61,False,False
2026-05-11,2026-05-11 14:55:00,Trap,1,7496.75,7489.0,76,False,False
2026-05-12,2026-05-12 08:45:00,Trap,1,7473.5,7461.5,2,True,True
2026-05-12,2026-05-12 09:30:00,BO,-1,7455.5,7470.0,11,False,False
2026-05-12,2026-05-12 10:35:00,Trap,1,7434.75,7424.5,24,True,True
2026-05-12,2026-05-12 11:25:00,IB,-1,7434.5,7441.25,34,False,False
2026-05-12,2026-05-12 11:50:00,BO,-1,7427.75,7436.75,39,False,False
2026-05-12,2026-05-12 12:05:00,IB,1,7435.0,7424.75,42,True,True
2026-05-12,2026-05-12 12:20:00,IB,1,7447.25,7434.75,45,False,False
2026-05-12,2026-05-12 14:10:00,IB,1,7471.0,7465.75,67,False,False
2026-05-13,2026-05-13 08:40:00,Trap,-1,7473.5,7490.75,1,False,False
2026-05-13,2026-05-13 08:55:00,Trap,1,7475.5,7460.25,4,True,True
2026-05-13,2026-05-13 10:35:00,Trap,1,7502.0,7495.0,24,False,False
2026-05-13,2026-05-13 12:10:00,BO,1,7533.0,7524.5,43,False,False
2026-05-13,2026-05-13 12:20:00,IB,-1,7531.0,7535.25,45,True,True
2026-05-13,2026-05-13 14:10:00,IB,1,7539.5,7532.0,67,False,False
2026-05-13,2026-05-13 14:55:00,Trap,-1,7531.25,7542.5,76,False,False
2026-05-14,2026-05-14 09:00:00,OB,-1,7549.75,7564.5,5,True,True
2026-05-14,2026-05-14 11:15:00,Trap,-1,7595.5,7601.25,32,True,True
2026-05-14,2026-05-14 12:15:00,BO,-1,7576.25,7588.75,44,False,False
2026-05-14,2026-05-14 13:15:00,IB,1,7584.0,7572.25,56,False,False
2026-05-14,2026-05-14 13:30:00,IB,-1,7581.0,7588.75,59,True,True
2026-05-15,2026-05-15 08:55:00,Trap,1,7506.5,7481.5,4,True,True
2026-05-15,2026-05-15 09:15:00,IB,1,7513.25,7491.5,8,False,False
2026-05-15,2026-05-15 10:05:00,Trap,-1,7510.0,7519.0,18,False,False
2026-05-15,2026-05-15 10:40:00,Trap,-1,7512.5,7521.75,25,True,False
2026-05-15,2026-05-15 11:55:00,Trap,-1,7505.75,7519.25,40,True,True
2026-05-15,2026-05-15 13:35:00,BO,-1,7510.5,7529.0,60,False,False
2026-05-18,2026-05-18 08:55:00,OB,1,7510.25,7476.5,4,False,False
2026-05-18,2026-05-18 09:05:00,Trap,-1,7492.75,7515.5,6,True,True
2026-05-18,2026-05-18 09:45:00,Trap,1,7484.25,7465.5,14,True,True
2026-05-18,2026-05-18 11:30:00,OB,-1,7449.5,7480.25,35,True,True
2026-05-18,2026-05-18 11:55:00,IB,1,7469.25,7451.75,40,False,False
2026-05-19,2026-05-19 08:55:00,Trap,1,7458.25,7431.25,4,True,True
2026-05-19,2026-05-19 09:50:00,Trap,-1,7419.5,7435.25,15,False,False
2026-05-19,2026-05-19 10:25:00,OB,-1,7420.25,7440.0,22,True,True
2026-05-19,2026-05-19 11:05:00,Trap,1,7437.0,7425.75,30,False,False
2026-05-19,2026-05-19 11:20:00,Trap,1,7437.25,7423.0,33,True,False
2026-05-19,2026-05-19 12:50:00,Trap,-1,7467.5,7474.75,51,False,False
2026-05-19,2026-05-19 13:20:00,Trap,-1,7468.25,7473.0,57,False,False
2026-05-19,2026-05-19 14:00:00,BO,-1,7444.25,7458.5,65,False,False
2026-05-19,2026-05-19 14:15:00,BO,1,7460.25,7443.25,68,False,False
2026-05-19,2026-05-19 14:25:00,Trap,-1,7442.0,7461.75,70,True,False
2026-05-20,2026-05-20 09:20:00,OB,1,7472.75,7438.0,9,True,False
2026-05-20,2026-05-20 10:30:00,IB,-1,7493.0,7519.25,23,False,False
2026-05-20,2026-05-20 11:00:00,Trap,-1,7502.5,7509.75,29,False,False
2026-05-20,2026-05-20 11:25:00,BO,-1,7492.0,7503.25,34,False,False
2026-05-20,2026-05-20 11:45:00,Trap,1,7499.25,7485.0,38,True,True
2026-05-20,2026-05-20 13:25:00,Trap,-1,7497.0,7503.0,58,False,False
2026-05-21,2026-05-21 09:00:00,BO,1,7496.5,7471.75,5,False,False
2026-05-21,2026-05-21 09:20:00,OB,-1,7481.0,7503.5,9,False,False
2026-05-21,2026-05-21 10:10:00,BO,-1,7475.25,7491.25,19,False,False
2026-05-21,2026-05-21 12:20:00,BO,1,7516.0,7488.25,45,False,False
2026-05-21,2026-05-21 13:05:00,Trap,-1,7528.5,7548.0,54,True,True
2026-05-21,2026-05-21 13:55:00,BO,-1,7502.0,7535.75,64,False,False
2026-05-22,2026-05-22 08:35:00,IB,1,7567.75,7527.25,0,False,False
2026-05-22,2026-05-22 12:30:00,Trap,1,7583.5,7562.75,47,True,True
2026-05-22,2026-05-22 14:05:00,IB,-1,7561.0,7570.0,66,False,False
2026-05-22,2026-05-22 14:45:00,Trap,-1,7551.75,7556.75,74,False,False
2026-05-25,2026-05-25 09:05:00,Trap,-1,7624.25,7627.0,6,True,True
2026-05-25,2026-05-25 10:15:00,IB,1,7625.25,7615.5,20,False,False
2026-05-25,2026-05-25 10:25:00,IB,-1,7621.0,7631.0,22,False,False
2026-05-26,2026-05-26 08:45:00,Trap,1,7601.25,7586.25,44,True,True
2026-05-26,2026-05-26 09:55:00,IB,-1,7610.5,7616.5,58,False,False
2026-05-26,2026-05-26 10:30:00,BO,-1,7593.25,7600.75,65,False,False
2026-05-26,2026-05-26 11:45:00,IB,-1,7587.25,7595.25,80,True,True
2026-05-26,2026-05-26 13:05:00,Trap,1,7586.75,7582.5,96,False,False
2026-05-26,2026-05-26 13:30:00,Trap,-1,7591.25,7595.0,101,True,True
2026-05-27,2026-05-27 08:40:00,Trap,-1,7600.0,7607.5,1,True,True
2026-05-27,2026-05-27 10:20:00,IB,-1,7586.0,7596.0,21,False,False
2026-05-27,2026-05-27 10:45:00,BO,-1,7580.5,7596.25,26,False,False
2026-05-27,2026-05-27 12:00:00,OB,-1,7592.25,7601.0,41,True,True
2026-05-27,2026-05-27 12:20:00,IB,1,7587.25,7576.25,45,False,False
2026-05-27,2026-05-27 13:05:00,Trap,-1,7589.75,7595.0,54,True,True
2026-05-28,2026-05-28 12:10:00,Trap,-1,7639.75,7644.0,43,True,True
2026-05-28,2026-05-28 13:35:00,Trap,-1,7640.25,7643.75,60,False,False
2026-05-29,2026-05-29 09:35:00,Trap,1,7661.0,7650.5,12,True,True
2026-05-29,2026-05-29 09:45:00,OB,-1,7644.0,7661.5,14,False,False
2026-05-29,2026-05-29 11:20:00,Trap,-1,7660.25,7666.5,33,True,True
2026-05-29,2026-05-29 11:40:00,OB,1,7668.5,7656.5,37,False,False
2026-05-29,2026-05-29 13:00:00,OB,-1,7644.75,7654.5,53,False,False
2026-05-29,2026-05-29 13:50:00,BO,-1,7650.0,7659.25,63,False,False
2026-05-29,2026-05-29 14:30:00,BO,1,7660.5,7651.5,71,False,False
2026-06-01,2026-06-01 08:40:00,Trap,1,7652.5,7637.5,1,True,True
2026-06-01,2026-06-01 11:55:00,Trap,1,7668.25,7657.75,40,False,False
2026-06-01,2026-06-01 12:10:00,BO,-1,7660.75,7670.5,43,False,False
2026-06-01,2026-06-01 12:45:00,IB,1,7684.75,7668.0,50,False,False
2026-06-01,2026-06-01 14:40:00,BO,-1,7681.75,7687.75,73,False,False
2026-06-02,2026-06-02 09:30:00,OB,-1,7666.0,7673.75,11,True,True
2026-06-02,2026-06-02 10:30:00,Trap,-1,7688.25,7693.25,23,True,True
2026-06-02,2026-06-02 11:15:00,BO,1,7688.0,7683.0,32,False,False
2026-06-02,2026-06-02 12:25:00,OB,-1,7680.5,7688.0,46,False,False
2026-06-02,2026-06-02 14:05:00,BO,1,7683.0,7677.75,66,False,False
2026-06-02,2026-06-02 14:25:00,Trap,1,7684.75,7681.25,70,False,False
2026-06-02,2026-06-02 14:45:00,IB,-1,7681.5,7684.25,74,False,False
2026-06-02,2026-06-02 14:55:00,OB,1,7685.0,7680.75,76,True,False
2026-06-03,2026-06-03 11:25:00,BO,-1,7629.25,7642.5,34,False,False
2026-06-03,2026-06-03 11:50:00,Trap,1,7634.0,7623.75,39,True,True
2026-06-03,2026-06-03 14:25:00,Trap,-1,7635.75,7643.0,70,False,False
2026-06-03,2026-06-03 15:00:00,BO,-1,7633.75,7643.75,77,False,False
2026-06-04,2026-06-04 10:50:00,BO,-1,7638.25,7646.75,27,False,False
2026-06-04,2026-06-04 12:50:00,BO,1,7663.5,7659.5,51,False,False
2026-06-04,2026-06-04 13:05:00,BO,1,7667.0,7662.25,54,False,False
2026-06-04,2026-06-04 14:00:00,IB,-1,7665.75,7669.25,65,False,False
2026-06-04,2026-06-04 14:15:00,Trap,-1,7667.25,7670.25,68,True,True
2026-06-04,2026-06-04 14:25:00,Trap,1,7669.25,7665.25,70,False,False
2026-06-04,2026-06-04 15:00:00,OB,-1,7660.75,7670.25,77,False,False
2026-06-05,2026-06-05 08:45:00,BO,-1,7588.5,7614.25,2,False,False
2026-06-05,2026-06-05 09:10:00,Trap,1,7583.25,7567.0,7,True,True
2026-06-05,2026-06-05 09:45:00,Trap,-1,7581.0,7592.75,14,False,False
2026-06-05,2026-06-05 10:40:00,OB,-1,7553.75,7570.25,25,False,False
2026-06-05,2026-06-05 11:35:00,Trap,-1,7528.0,7541.25,36,False,False
2026-06-05,2026-06-05 11:55:00,Trap,1,7531.25,7510.25,40,True,True
2026-06-05,2026-06-05 14:30:00,IB,1,7470.25,7441.0,71,False,False
2026-06-05,2026-06-05 15:05:00,BO,-1,7439.5,7484.25,78,False,False
2026-06-08,2026-06-08 10:35:00,BO,-1,7505.25,7535.5,24,False,False
2026-06-08,2026-06-08 11:30:00,OB,-1,7505.0,7523.5,35,False,False
2026-06-08,2026-06-08 13:15:00,Trap,-1,7496.5,7506.75,56,False,False
2026-06-08,2026-06-08 13:40:00,Trap,-1,7493.25,7508.25,61,True,True
2026-06-08,2026-06-08 14:15:00,OB,-1,7476.0,7495.5,68,False,False
2026-06-09,2026-06-09 08:45:00,BO,1,7536.5,7515.75,2,False,False
2026-06-09,2026-06-09 09:00:00,BO,-1,7526.75,7552.25,5,False,False
2026-06-09,2026-06-09 09:45:00,IB,-1,7469.0,7500.25,14,False,False
2026-06-09,2026-06-09 11:00:00,OB,-1,7373.5,7410.25,29,False,False
2026-06-09,2026-06-09 14:15:00,Trap,-1,7436.0,7460.0,68,True,True
2026-06-10,2026-06-10 08:45:00,OB,1,7443.5,7396.5,2,True,True
2026-06-10,2026-06-10 09:25:00,Trap,1,7464.25,7439.75,10,False,False
2026-06-10,2026-06-10 10:25:00,Trap,1,7400.25,7376.75,22,True,True
2026-06-10,2026-06-10 11:50:00,BO,-1,7381.25,7405.25,39,False,False
2026-06-10,2026-06-10 12:05:00,Trap,1,7393.25,7376.5,42,False,False
2026-06-10,2026-06-10 14:35:00,Trap,1,7352.25,7337.25,72,True,True
2026-06-11,2026-06-11 08:50:00,Trap,1,7366.75,7344.25,3,False,False
2026-06-11,2026-06-11 09:15:00,IB,-1,7359.5,7397.0,8,False,False
2026-06-11,2026-06-11 10:10:00,Trap,1,7347.25,7324.25,19,True,True
2026-06-11,2026-06-11 11:25:00,Trap,-1,7366.25,7384.25,34,True,True
2026-06-11,2026-06-11 12:20:00,Trap,-1,7337.5,7353.25,45,False,False
2026-06-11,2026-06-11 12:30:00,Trap,1,7406.25,7333.0,47,True,True
2026-06-11,2026-06-11 14:05:00,Trap,1,7445.25,7433.0,66,False,False
2026-06-11,2026-06-11 14:35:00,BO,1,7477.25,7452.25,72,False,False
2026-06-12,2026-06-12 10:40:00,BO,-1,7499.5,7524.5,25,False,False
2026-06-12,2026-06-12 13:20:00,Trap,-1,7486.75,7501.25,57,True,False
2026-06-12,2026-06-12 13:30:00,IB,1,7493.0,7484.5,59,True,True
2026-06-12,2026-06-12 14:35:00,OB,-1,7486.0,7499.75,72,False,False
2026-06-15,2026-06-15 09:00:00,Trap,-1,7614.25,7622.5,5,True,True
2026-06-15,2026-06-15 11:15:00,IB,-1,7643.25,7648.75,32,False,False
2026-06-15,2026-06-15 11:40:00,OB,-1,7641.0,7648.25,37,False,False
2026-06-15,2026-06-15 12:35:00,Trap,-1,7641.25,7646.5,48,True,True
2026-06-15,2026-06-15 13:00:00,BO,-1,7633.5,7640.5,53,False,False
2026-06-15,2026-06-15 13:40:00,Trap,1,7633.75,7625.75,61,True,True
2026-06-15,2026-06-15 14:15:00,Trap,1,7632.0,7628.5,68,False,False
2026-06-15,2026-06-15 14:25:00,Trap,-1,7628.25,7634.5,70,False,False
2026-06-16,2026-06-16 09:00:00,IB,-1,7622.75,7636.25,5,False,False
2026-06-16,2026-06-16 09:10:00,IB,1,7632.75,7621.75,7,False,False
2026-06-16,2026-06-16 09:20:00,Trap,-1,7621.75,7634.0,9,False,False
2026-06-16,2026-06-16 10:55:00,Trap,1,7614.0,7599.0,28,True,True
2026-06-16,2026-06-16 11:45:00,Trap,1,7613.25,7606.75,38,True,False
2026-06-16,2026-06-16 11:55:00,IB,-1,7608.75,7615.0,40,False,False
2026-06-16,2026-06-16 13:35:00,Trap,-1,7602.75,7607.5,60,False,False
2026-06-16,2026-06-16 14:15:00,BO,-1,7593.75,7603.0,68,False,False
2026-06-16,2026-06-16 14:25:00,Trap,1,7598.25,7584.75,70,True,True
2026-06-16,2026-06-16 14:35:00,Trap,-1,7590.75,7600.0,72,False,False
2026-06-17,2026-06-17 09:10:00,Trap,1,7589.25,7578.5,7,True,True
2026-06-17,2026-06-17 09:35:00,IB,-1,7590.25,7604.25,12,False,False
2026-06-17,2026-06-17 11:20:00,Trap,1,7592.0,7585.5,33,False,False
2026-06-17,2026-06-17 11:35:00,IB,-1,7586.0,7593.25,36,True,True
2026-06-17,2026-06-17 12:55:00,OB,1,7585.0,7573.0,52,False,False
2026-06-17,2026-06-17 13:45:00,BO,1,7580.25,7535.75,62,False,False
2026-06-17,2026-06-17 14:25:00,BO,-1,7498.25,7551.5,70,False,False
2026-06-18,2026-06-18 08:40:00,Trap,-1,7544.0,7581.5,1,True,True
2026-06-18,2026-06-18 10:55:00,Trap,1,7557.75,7541.0,28,True,True
2026-06-18,2026-06-18 12:05:00,Trap,1,7569.75,7559.25,42,True,False
2026-06-18,2026-06-18 14:00:00,Trap,-1,7561.5,7567.25,65,True,True
2026-06-18,2026-06-18 14:40:00,Trap,1,7567.25,7553.75,73,False,False
2026-06-19,2026-06-19 10:40:00,OB,-1,7560.5,7566.75,25,False,False
2026-06-19,2026-06-19 11:55:00,OB,-1,7558.25,7566.0,40,False,False
2026-06-22,2026-06-22 09:20:00,OB,-1,7581.25,7599.25,51,True,True
2026-06-22,2026-06-22 12:55:00,OB,1,7548.25,7538.25,94,False,False
2026-06-22,2026-06-22 13:05:00,BO,-1,7541.0,7549.5,96,False,False
2026-06-22,2026-06-22 13:30:00,Trap,-1,7547.25,7553.75,101,True,True
2026-06-22,2026-06-22 14:55:00,BO,1,7543.75,7528.0,118,False,False
2026-06-23,2026-06-23 08:40:00,Trap,1,7437.0,7415.25,1,True,True
2026-06-23,2026-06-23 09:40:00,OB,-1,7470.5,7486.0,13,False,False
2026-06-23,2026-06-23 10:10:00,OB,-1,7454.0,7468.5,19,False,False
2026-06-23,2026-06-23 10:25:00,OB,-1,7440.0,7457.0,22,False,False
2026-06-23,2026-06-23 12:00:00,Trap,1,7469.75,7464.5,41,False,False
2026-06-23,2026-06-23 12:15:00,Trap,1,7468.75,7460.5,44,True,True
2026-06-23,2026-06-23 14:05:00,IB,1,7446.0,7428.75,66,False,False
2026-06-24,2026-06-24 09:50:00,OB,1,7479.5,7457.5,15,False,False
2026-06-24,2026-06-24 10:10:00,Trap,-1,7481.0,7496.5,19,True,True
2026-06-24,2026-06-24 14:55:00,BO,1,7426.75,7405.25,76,False,False
2026-06-25,2026-06-25 09:55:00,Trap,1,7474.5,7444.0,16,False,False
2026-06-25,2026-06-25 10:15:00,OB,-1,7426.0,7462.25,20,False,False
2026-06-25,2026-06-25 11:10:00,Trap,1,7449.75,7432.5,31,True,False
2026-06-25,2026-06-25 11:25:00,Trap,-1,7440.5,7458.75,34,True,True
2026-06-25,2026-06-25 12:15:00,Trap,1,7427.25,7416.5,44,False,False
2026-06-25,2026-06-25 13:00:00,OB,1,7429.5,7410.75,53,True,True
2026-06-26,2026-06-26 09:00:00,IB,1,7401.5,7371.25,5,False,False
2026-06-26,2026-06-26 10:55:00,BO,-1,7439.0,7459.5,28,False,False
2026-06-26,2026-06-26 11:35:00,IB,1,7440.0,7420.75,36,False,False
2026-06-26,2026-06-26 12:20:00,Trap,-1,7438.0,7452.25,45,True,True
2026-06-26,2026-06-26 14:15:00,OB,1,7420.5,7406.5,68,False,False
2026-06-29,2026-06-29 09:55:00,Trap,1,7469.0,7447.75,16,False,False
2026-06-29,2026-06-29 10:25:00,Trap,-1,7456.5,7467.0,22,False,False
2026-06-29,2026-06-29 11:35:00,OB,-1,7471.5,7479.0,36,False,False
2026-06-29,2026-06-29 13:40:00,BO,1,7498.0,7491.25,61,False,False
2026-06-29,2026-06-29 14:25:00,Trap,1,7499.0,7493.0,70,True,False
2026-06-29,2026-06-29 14:35:00,IB,-1,7494.0,7500.5,72,False,False
2026-06-30,2026-06-30 09:55:00,BO,-1,7521.0,7537.25,16,False,False
2026-06-30,2026-06-30 12:15:00,IB,-1,7553.75,7559.25,44,False,False
2026-06-30,2026-06-30 12:30:00,Trap,-1,7552.25,7556.25,47,False,False
2026-06-30,2026-06-30 13:50:00,BO,1,7560.75,7554.0,63,False,False
2026-06-30,2026-06-30 14:15:00,BO,1,7564.5,7558.25,68,False,False
2026-07-01,2026-07-01 11:55:00,Trap,-1,7565.0,7572.75,40,False,False
2026-07-01,2026-07-01 12:15:00,Trap,1,7562.5,7554.75,44,True,True
2026-07-01,2026-07-01 14:05:00,IB,1,7557.75,7549.25,66,True,True
2026-07-01,2026-07-01 15:00:00,OB,-1,7542.0,7552.5,77,False,False
2026-07-02,2026-07-02 09:30:00,BO,-1,7559.75,7593.0,11,False,False
2026-07-02,2026-07-02 12:40:00,Trap,-1,7487.0,7500.75,49,False,False
2026-07-02,2026-07-02 13:10:00,IB,1,7504.25,7479.5,55,False,False
2026-07-02,2026-07-02 13:20:00,Trap,-1,7496.25,7508.75,57,True,True
2026-07-03,2026-07-03 10:40:00,Trap,1,7557.0,7554.25,25,True,True
2026-07-03,2026-07-03 11:40:00,OB,1,7557.25,7553.25,37,True,True
2026-07-06,2026-07-06 10:25:00,Trap,1,7582.25,7575.25,64,False,False
2026-07-06,2026-07-06 11:30:00,Trap,-1,7585.5,7590.5,77,True,True
2026-07-06,2026-07-06 12:00:00,Trap,-1,7583.75,7590.25,83,False,False
2026-07-06,2026-07-06 12:10:00,BO,1,7593.0,7582.75,85,False,False
2026-07-06,2026-07-06 12:20:00,IB,-1,7590.0,7594.75,87,False,False
2026-07-06,2026-07-06 12:35:00,BO,-1,7582.25,7590.5,90,False,False
2026-07-06,2026-07-06 13:05:00,Trap,1,7585.75,7578.0,96,False,False
2026-07-06,2026-07-06 13:35:00,Trap,-1,7590.0,7595.0,102,True,True
2026-07-06,2026-07-06 13:50:00,BO,1,7595.0,7588.75,105,False,False
2026-07-06,2026-07-06 14:25:00,OB,1,7601.25,7595.0,112,False,False
2026-07-06,2026-07-06 14:55:00,Trap,-1,7591.25,7600.5,118,False,False
2026-07-07,2026-07-07 08:55:00,Trap,-1,7567.25,7580.75,4,False,False
2026-07-07,2026-07-07 10:40:00,Trap,-1,7533.75,7541.5,25,False,False
2026-07-07,2026-07-07 12:15:00,Trap,-1,7565.75,7571.25,44,True,True
2026-07-07,2026-07-07 12:25:00,Trap,1,7567.75,7561.75,46,True,False
2026-07-07,2026-07-07 13:35:00,BO,-1,7564.5,7570.5,60,False,False
2026-07-07,2026-07-07 14:55:00,BO,1,7554.75,7541.25,76,False,False
2026-07-08,2026-07-08 09:25:00,Trap,1,7513.0,7501.75,10,True,True
2026-07-08,2026-07-08 11:45:00,Trap,1,7514.5,7499.5,38,False,False
2026-07-08,2026-07-08 13:05:00,Trap,1,7528.0,7514.5,54,True,True
2026-07-09,2026-07-09 09:30:00,Trap,1,7552.75,7529.5,11,True,True
2026-07-09,2026-07-09 11:50:00,Trap,-1,7580.25,7583.25,39,False,False
2026-07-09,2026-07-09 12:05:00,Trap,1,7582.5,7577.5,42,True,True
2026-07-09,2026-07-09 14:10:00,BO,-1,7582.0,7586.0,67,False,False
2026-07-09,2026-07-09 14:20:00,OB,1,7587.25,7581.0,69,True,True
2026-07-09,2026-07-09 14:55:00,IB,-1,7582.75,7589.0,76,False,False
