{"ticker": "6A1!", "timestamp": "2026-07-15T21:00:00", "frequency": "eod", "gex_1": 0.6975, "gex_2": 0.705, "gex_3": 0.72, "gex_4": 0.715, "gex_5": 0.68, "gex_6": 0.685, "gex_7": 0.7075, "gex_8": 0.73, "gex_9": 0.71, "gex_10": 0.6925, "call_resistance": 0.7, "call_resistance_0dte": 0.7025, "put_support": 0.695, "put_support_0dte": 0.69, "gamma_wall_0dte": 0.7025, "hvl": 0.695, "hvl_0dte": 0.695, "max_1d": 0.70302, "min_1d": 0.69668}