{"ticker": "6B1!", "timestamp": "2026-07-15T21:00:00", "frequency": "eod", "gex_1": 1.355, "gex_2": 1.3575, "gex_3": 1.36, "gex_4": 1.345, "gex_5": 1.3475, "gex_6": 1.3625, "gex_7": 1.365, "gex_8": 1.3325, "gex_9": 1.37, "gex_10": 1.315, "call_resistance": 1.35, "call_resistance_0dte": 1.3525, "put_support": 1.34, "put_support_0dte": 1.335, "gamma_wall_0dte": 1.3525, "hvl": 1.34, "hvl_0dte": 1.35, "max_1d": 1.35888, "min_1d": 1.34912}