{"ticker": "6E1!", "timestamp": "2026-07-15T21:00:00", "frequency": "eod", "gex_1": 1.1525, "gex_2": 1.1475, "gex_3": 1.155, "gex_4": 1.1425, "gex_5": 1.14, "gex_6": 1.13, "gex_7": 1.18, "gex_8": 1.17, "gex_9": 1.165, "gex_10": 1.135, "call_resistance": 1.16, "call_resistance_0dte": 1.15, "put_support": 1.145, "put_support_0dte": 1.1325, "gamma_wall_0dte": 1.15, "hvl": 1.145, "hvl_0dte": 1.1375, "max_1d": 1.15296, "min_1d": 1.14544}