{"ticker": "6J1!", "timestamp": "2026-07-15T21:00:00", "frequency": "eod", "gex_1": 0.00615, "gex_2": 0.0063, "gex_3": 0.00625, "gex_4": 0.0061, "gex_5": 0.00605, "gex_6": 0.00635, "gex_7": 0.006275, "gex_8": 0.006, "gex_9": 0.00645, "gex_10": 0.006125, "call_resistance": 0.0064, "call_resistance_0dte": 0.006225, "put_support": 0.006175, "put_support_0dte": 0.0062, "gamma_wall_0dte": 0.006225, "hvl": 0.0062, "hvl_0dte": 0.0062, "max_1d": 0.006221, "min_1d": 0.006169}