{"ticker": "NG1!", "timestamp": "2026-07-15T21:00:00", "frequency": "eod", "gex_1": 3.0, "gex_2": 2.9, "gex_3": 2.9499999999999997, "gex_4": 2.95, "gex_5": 2.8000000000000003, "gex_6": 3.05, "gex_7": 2.8, "gex_8": 2.7, "gex_9": 2.5, "gex_10": null, "call_resistance": 3.25, "call_resistance_0dte": 3.1, "put_support": 2.75, "put_support_0dte": 2.85, "gamma_wall_0dte": 3.1, "hvl": 3.1, "hvl_0dte": 2.85, "max_1d": 3.002, "min_1d": 2.84}