date,signal_bar,side,entry_time,entry,exit_time,exit,reason,pnl_ticks,pnl_usd_net
2021-06-18,71,short,2021-06-18 10:27:25.204858847,4962.0,2021-06-18 10:29:38.746062443,4961.0,target,4,46.0
2021-06-21,21,long,2021-06-21 09:02:29.870450601,4986.75,2021-06-21 09:03:23.270450823,4987.75,target,4,46.0
2021-06-21,44,short,2021-06-21 10:03:15.171042815,5004.5,2021-06-21 10:04:53.505853563,5003.5,target,4,46.0
2021-06-21,58,short,2021-06-21 11:20:51.092276529,5005.0,2021-06-21 11:23:20.750820503,5004.0,target,4,46.0
2021-06-21,69,long,2021-06-21 12:48:00.693427645,5014.0,2021-06-21 12:53:16.102976165,5015.0,target,4,46.0
2021-06-21,96,long,2021-06-21 15:04:04.057244003,5016.25,2021-06-21 15:05:14.275215641,5017.25,target,4,46.0
2021-06-22,70,long,2021-06-22 14:55:14.504076317,5039.25,2021-06-22 14:57:47.758402147,5037.25,stop,-8,-104.0
2021-06-22,73,short,2021-06-22 14:59:57.079489417,5035.0,2021-06-22 15:06:10.919755339,5034.0,target,4,46.0
2021-06-23,28,long,2021-06-23 10:14:00.298501753,5036.0,2021-06-23 10:21:58.055655607,5037.0,target,4,46.0
2021-06-23,59,short,2021-06-23 14:50:02.270269253,5032.5,2021-06-23 14:55:39.377794527,5031.5,target,4,46.0
2021-06-24,48,short,2021-06-24 14:04:00.452317641,5057.25,2021-06-24 14:21:32.657596185,5056.25,target,4,46.0
2021-06-24,60,long,2021-06-24 15:00:00.741242401,5056.5,2021-06-24 15:08:42.608297795,5057.5,target,4,46.0
2021-06-25,33,long,2021-06-25 12:46:45.049451083,5066.75,2021-06-25 12:56:43.508112357,5067.75,target,4,46.0
2021-06-25,45,long,2021-06-25 14:39:06.092462563,5071.75,2021-06-25 14:44:39.642862723,5069.75,stop,-8,-104.0
2021-06-25,57,short,2021-06-25 15:07:52.946455933,5070.0,2021-06-25 15:14:59.936035431,5071.0,eod,-4,-54.0
2021-06-28,21,short,2021-06-28 10:00:13.111317753,5069.5,2021-06-28 10:04:59.371987291,5071.5,stop,-8,-104.0
2021-06-28,32,short,2021-06-28 11:45:47.448536045,5067.0,2021-06-28 12:02:17.453825399,5066.0,target,4,46.0
2021-06-28,41,long,2021-06-28 13:22:22.213356919,5072.5,2021-06-28 13:42:22.478242815,5073.5,target,4,46.0
2021-06-28,47,long,2021-06-28 14:16:13.889818415,5075.25,2021-06-28 14:23:17.590066351,5076.25,target,4,46.0
2021-06-28,55,short,2021-06-28 15:00:10.044400521,5079.25,2021-06-28 15:05:59.950709031,5078.25,target,4,46.0
2021-06-29,21,long,2021-06-29 10:20:22.897888847,5087.0,2021-06-29 10:33:54.357306727,5085.0,stop,-8,-104.0
2021-06-29,35,short,2021-06-29 13:30:45.633577257,5080.75,2021-06-29 13:33:23.799265877,5079.75,target,4,46.0
2021-06-29,36,short,2021-06-29 13:38:39.067441143,5078.5,2021-06-29 13:40:44.975933217,5077.5,target,4,46.0
2021-06-29,46,short,2021-06-29 14:59:36.961401075,5081.75,2021-06-29 14:59:50.412634537,5080.75,target,4,46.0
2021-06-30,38,long,2021-06-30 13:17:01.234502689,5084.0,2021-06-30 13:40:44.010047011,5085.0,target,4,46.0
2021-06-30,52,short,2021-06-30 14:58:09.591493913,5089.5,2021-06-30 14:59:01.315590187,5088.5,target,4,46.0
2021-06-30,58,long,2021-06-30 15:01:11.748576983,5092.75,2021-06-30 15:02:25.487742201,5090.75,stop,-8,-104.0
2021-07-01,22,short,2021-07-01 10:11:42.430519841,5098.0,2021-07-01 10:14:01.352452069,5097.0,target,4,46.0
2021-07-01,33,long,2021-07-01 12:06:51.457710319,5101.0,2021-07-01 12:23:10.540829367,5102.0,target,4,46.0
2021-07-01,44,long,2021-07-01 14:00:01.785553135,5109.5,2021-07-01 14:06:37.262429305,5107.5,stop,-8,-104.0
2021-07-01,54,long,2021-07-01 14:59:10.211629651,5109.0,2021-07-01 14:59:49.605658479,5110.0,target,4,46.0
2021-07-02,24,long,2021-07-02 11:21:28.790102497,5130.75,2021-07-02 11:33:33.981204883,5131.75,target,4,46.0
2021-07-02,27,long,2021-07-02 11:42:59.538783147,5134.5,2021-07-02 11:45:38.341435551,5135.5,target,4,46.0
2021-07-02,38,long,2021-07-02 13:29:34.959191165,5141.25,2021-07-02 13:42:36.469782225,5139.25,stop,-8,-104.0
2021-07-06,27,long,2021-07-06 09:36:51.149549841,5120.5,2021-07-06 09:37:03.319152937,5121.5,target,4,46.0
2021-07-06,51,short,2021-07-06 11:01:20.193372257,5112.5,2021-07-06 11:01:36.705045343,5114.5,stop,-8,-104.0
2021-07-06,77,short,2021-07-06 13:41:53.019109615,5126.0,2021-07-06 13:53:26.505663999,5125.0,target,4,46.0
2021-07-07,52,long,2021-07-07 11:02:58.730436475,5145.75,2021-07-07 11:04:31.154409759,5146.75,target,4,46.0
2021-07-07,89,short,2021-07-07 14:55:18.441222773,5149.75,2021-07-07 14:56:12.207917333,5148.75,target,4,46.0
2021-07-07,91,long,2021-07-07 14:59:36.846544951,5148.75,2021-07-07 14:59:58.630883507,5149.75,target,4,46.0
2021-07-08,35,short,2021-07-08 09:14:57.819056415,5091.5,2021-07-08 09:15:45.216744281,5090.5,target,4,46.0
2021-07-08,56,long,2021-07-08 09:45:22.143647381,5094.5,2021-07-08 09:46:03.272168309,5092.5,stop,-8,-104.0
2021-07-08,111,short,2021-07-08 13:23:36.679879413,5105.75,2021-07-08 13:26:37.206226677,5107.75,stop,-8,-104.0
2021-07-08,125,short,2021-07-08 14:25:17.073420099,5105.0,2021-07-08 14:26:32.746220701,5107.0,stop,-8,-104.0
2021-07-09,46,long,2021-07-09 11:36:27.710993849,5152.5,2021-07-09 11:40:27.085861117,5153.5,target,4,46.0
2021-07-09,48,short,2021-07-09 11:55:46.605248757,5153.5,2021-07-09 12:06:34.485419579,5152.5,target,4,46.0
2021-07-09,70,short,2021-07-09 14:56:52.504018859,5160.25,2021-07-09 14:58:23.754484177,5159.25,target,4,46.0
2021-07-12,28,long,2021-07-12 09:55:36.981828921,5171.25,2021-07-12 10:01:24.979423515,5169.25,stop,-8,-104.0
2021-07-12,58,short,2021-07-12 14:32:03.340840771,5174.75,2021-07-12 14:50:00.597150393,5176.75,stop,-8,-104.0
2021-07-12,61,short,2021-07-12 14:51:03.942028909,5173.75,2021-07-12 14:52:44.570814051,5175.75,stop,-8,-104.0
2021-07-12,62,long,2021-07-12 14:53:42.696234867,5176.5,2021-07-12 14:55:25.862082817,5174.5,stop,-8,-104.0
2021-07-13,74,short,2021-07-13 14:07:52.445077971,5165.5,2021-07-13 14:08:06.671173141,5164.5,target,4,46.0
2021-07-13,91,short,2021-07-13 15:02:48.212787353,5159.75,2021-07-13 15:04:41.321183659,5158.75,target,4,46.0
2021-07-14,43,short,2021-07-14 10:54:39.500574789,5154.75,2021-07-14 10:56:53.642032787,5156.75,stop,-8,-104.0
2021-07-14,46,long,2021-07-14 11:03:33.372194841,5162.75,2021-07-14 11:05:47.794691757,5163.75,target,4,46.0
2021-07-14,80,short,2021-07-14 14:43:57.161633485,5166.25,2021-07-14 14:45:14.831884929,5169.75,stop,-14,-179.0
2021-07-14,89,long,2021-07-14 14:59:57.111097731,5167.25,2021-07-14 14:59:57.663653589,5168.25,target,4,46.0
2021-07-14,91,long,2021-07-14 15:11:39.315282643,5169.75,2021-07-14 15:14:58.015526519,5167.75,stop,-8,-104.0
2021-07-15,79,short,2021-07-15 12:39:17.032227523,5136.5,2021-07-15 12:42:01.888799771,5138.5,stop,-8,-104.0
2021-07-15,88,long,2021-07-15 13:07:41.170599833,5137.75,2021-07-15 13:08:33.140355483,5138.75,target,4,46.0
2021-07-15,100,long,2021-07-15 14:00:58.948102125,5148.5,2021-07-15 14:06:55.891011745,5146.5,stop,-8,-104.0
2021-07-15,113,long,2021-07-15 14:57:42.344554699,5151.25,2021-07-15 14:59:59.525376647,5152.25,target,4,46.0
2021-07-16,42,long,2021-07-16 10:01:16.070031167,5144.0,2021-07-16 10:02:02.558959737,5142.0,stop,-8,-104.0
2021-07-16,80,long,2021-07-16 13:19:21.451089383,5136.75,2021-07-16 13:21:44.000264383,5134.75,stop,-8,-104.0
2021-07-16,110,long,2021-07-16 14:59:05.592496819,5118.25,2021-07-16 15:00:21.748801305,5119.25,target,4,46.0
2021-07-19,41,short,2021-07-19 09:11:39.208388031,5041.75,2021-07-19 09:12:00.155177713,5040.75,target,4,46.0
2021-07-19,98,short,2021-07-19 11:00:19.260796637,5051.75,2021-07-19 11:00:39.393923327,5050.75,target,4,46.0
2021-07-19,148,long,2021-07-19 13:18:29.119278975,5035.25,2021-07-19 13:20:07.830682605,5036.25,target,4,46.0
2021-07-19,187,long,2021-07-19 14:54:43.254388519,5044.5,2021-07-19 14:54:50.314075343,5042.5,stop,-8,-104.0
2021-07-19,195,short,2021-07-19 15:00:08.939460479,5052.0,2021-07-19 15:00:18.186520525,5051.0,target,4,46.0
2021-07-20,111,long,2021-07-20 14:49:59.489953033,5123.0,2021-07-20 14:50:01.005441919,5124.0,target,4,46.0
2021-07-20,123,long,2021-07-20 15:06:51.995936743,5116.25,2021-07-20 15:06:51.995965301,5117.25,target,4,46.0
2021-07-21,44,short,2021-07-21 11:51:22.109244287,5139.5,2021-07-21 12:07:16.907264947,5141.5,stop,-8,-104.0
2021-07-21,48,long,2021-07-21 12:28:31.284469865,5143.0,2021-07-21 12:43:34.325242951,5144.0,target,4,46.0
2021-07-21,68,long,2021-07-21 14:57:12.023709171,5151.75,2021-07-21 14:58:02.001331701,5149.75,stop,-8,-104.0
2021-07-21,73,long,2021-07-21 15:04:10.408457711,5153.25,2021-07-21 15:12:35.554484099,5151.25,stop,-8,-104.0
2021-07-22,41,short,2021-07-22 11:12:58.311677337,5141.5,2021-07-22 11:13:56.973190539,5143.5,stop,-8,-104.0
2021-07-22,68,long,2021-07-22 14:56:06.314421527,5159.5,2021-07-22 14:58:22.949059791,5157.5,stop,-8,-104.0
2021-07-22,70,long,2021-07-22 14:59:53.213788033,5159.25,2021-07-22 15:00:28.376625807,5160.25,target,4,46.0
2021-07-22,72,long,2021-07-22 15:07:24.821385399,5162.5,2021-07-22 15:14:59.847117551,5162.5,eod,0,-4.0
2021-07-23,32,long,2021-07-23 10:30:28.684629127,5197.5,2021-07-23 10:31:23.124729543,5198.5,target,4,46.0
2021-07-23,59,short,2021-07-23 14:06:59.844363883,5199.5,2021-07-23 14:11:48.537301809,5198.5,target,4,46.0
2021-07-23,67,short,2021-07-23 14:50:40.117520251,5204.25,2021-07-23 14:51:26.107139685,5206.5,stop,-9,-116.5
2021-07-23,75,short,2021-07-23 15:04:18.375995137,5200.0,2021-07-23 15:05:25.580395929,5202.0,stop,-8,-104.0
2021-07-26,25,short,2021-07-26 11:40:59.181231871,5204.5,2021-07-26 12:00:42.268819765,5206.5,stop,-8,-104.0
2021-07-26,28,long,2021-07-26 12:16:49.800700621,5209.25,2021-07-26 12:21:00.898863657,5210.25,target,4,46.0
2021-07-26,33,short,2021-07-26 13:15:23.802680419,5206.75,2021-07-26 13:29:43.411760747,5208.75,stop,-8,-104.0
2021-07-26,45,long,2021-07-26 14:59:52.030120737,5214.25,2021-07-26 15:01:00.341865871,5215.25,target,4,46.0
2021-07-27,54,short,2021-07-27 10:31:53.941488925,5177.25,2021-07-27 10:32:31.201898677,5176.25,target,4,46.0
2021-07-27,104,long,2021-07-27 13:56:00.012160073,5184.0,2021-07-27 14:59:59.999866001,5185.0,target,4,46.0
2021-07-27,107,short,2021-07-27 15:03:54.840830327,5188.5,2021-07-27 15:04:06.880627033,5187.5,target,4,46.0
2021-07-27,108,short,2021-07-27 15:08:37.354082505,5186.0,2021-07-27 15:08:44.847821607,5185.0,target,4,46.0
2021-07-28,62,short,2021-07-28 13:05:24.339632975,5190.25,2021-07-28 13:05:34.786296541,5189.25,target,4,46.0
2021-07-28,69,short,2021-07-28 13:35:23.968285745,5192.5,2021-07-28 13:35:32.893976613,5191.5,target,4,46.0
2021-07-28,76,short,2021-07-28 13:52:55.664893277,5203.0,2021-07-28 13:53:12.833981349,5202.0,target,4,46.0
2021-07-28,93,short,2021-07-28 15:00:13.654210473,5191.25,2021-07-28 15:05:14.476120733,5190.25,target,4,46.0
2021-07-29,63,short,2021-07-29 15:01:07.982620349,5209.75,2021-07-29 15:01:56.582915021,5208.75,target,4,46.0
2021-07-29,66,short,2021-07-29 15:11:05.497485255,5205.5,2021-07-29 15:14:12.293992473,5204.5,target,4,46.0
2021-07-30,38,short,2021-07-30 10:19:53.057321393,5191.0,2021-07-30 10:24:39.043126647,5193.0,stop,-8,-104.0
2021-07-30,75,long,2021-07-30 14:26:46.699823555,5188.25,2021-07-30 14:28:26.103863923,5189.25,target,4,46.0
2021-07-30,77,short,2021-07-30 14:37:09.422552473,5187.25,2021-07-30 14:42:06.287913755,5186.25,target,4,46.0
2021-07-30,87,short,2021-07-30 14:59:50.117002453,5187.75,2021-07-30 14:59:58.020278379,5189.75,stop,-8,-104.0
2021-07-30,91,long,2021-07-30 15:03:33.061308695,5195.0,2021-07-30 15:06:50.346561049,5193.0,stop,-8,-104.0
2021-08-02,46,short,2021-08-02 11:21:05.454207273,5189.0,2021-08-02 11:22:11.007983113,5188.0,target,4,46.0
2021-08-02,53,long,2021-08-02 12:00:51.260834621,5194.0,2021-08-02 12:02:07.068642975,5192.0,stop,-8,-104.0
2021-08-02,66,long,2021-08-02 13:36:51.892355035,5192.5,2021-08-02 13:42:02.716362109,5190.5,stop,-8,-104.0
2021-08-02,75,short,2021-08-02 14:39:53.551766105,5182.25,2021-08-02 14:43:54.647319897,5181.25,target,4,46.0
2021-08-03,83,long,2021-08-03 14:05:26.116013349,5210.5,2021-08-03 14:06:01.399369121,5211.5,target,4,46.0
2021-08-04,39,short,2021-08-04 10:38:21.808656467,5195.25,2021-08-04 10:39:00.205114481,5194.25,target,4,46.0
2021-08-04,64,long,2021-08-04 14:05:36.732018631,5201.75,2021-08-04 14:09:49.115057335,5199.75,stop,-8,-104.0
2021-08-05,29,long,2021-08-05 11:09:43.617280661,5212.75,2021-08-05 11:28:19.028185569,5210.75,stop,-8,-104.0
2021-08-05,35,long,2021-08-05 12:25:49.583071179,5210.5,2021-08-05 12:31:17.534512667,5211.5,target,4,46.0
2021-08-05,39,short,2021-08-05 13:22:50.861152445,5211.0,2021-08-05 14:18:12.998170435,5210.0,target,4,46.0
2021-08-05,46,long,2021-08-05 14:37:37.350449709,5214.5,2021-08-05 14:43:42.863687831,5215.5,target,4,46.0
2021-08-06,43,short,2021-08-06 12:43:47.862799589,5228.5,2021-08-06 13:00:32.716337087,5230.5,stop,-8,-104.0
2021-08-06,46,short,2021-08-06 13:21:24.068102393,5228.25,2021-08-06 13:42:35.966297835,5227.25,target,4,46.0
2021-08-06,50,long,2021-08-06 14:09:39.590770455,5225.5,2021-08-06 14:13:32.958826891,5226.5,target,4,46.0
2021-08-06,54,short,2021-08-06 14:42:01.878621139,5227.25,2021-08-06 14:43:05.932406169,5226.25,target,4,46.0
2021-08-06,55,short,2021-08-06 14:44:14.177346021,5225.75,2021-08-06 14:45:47.860108809,5224.75,target,4,46.0
2021-08-09,23,short,2021-08-09 09:57:11.272959803,5222.0,2021-08-09 09:57:35.456036345,5221.0,target,4,46.0
2021-08-10,66,long,2021-08-10 14:59:02.175463509,5228.5,2021-08-10 14:59:19.863584187,5229.5,target,4,46.0
2021-08-11,23,short,2021-08-11 10:00:20.459642665,5235.75,2021-08-11 10:02:37.701935091,5234.75,target,4,46.0
2021-08-11,26,short,2021-08-11 10:09:47.467069947,5232.75,2021-08-11 10:11:02.045496619,5231.75,target,4,46.0
2021-08-11,33,short,2021-08-11 10:43:00.319351425,5231.25,2021-08-11 10:45:22.347178111,5230.25,target,4,46.0
2021-08-11,63,short,2021-08-11 14:59:51.259152497,5239.5,2021-08-11 15:14:59.871007409,5239.5,eod,0,-4.0
2021-08-12,27,short,2021-08-12 12:18:34.339259157,5244.25,2021-08-12 12:23:12.464768633,5246.25,stop,-8,-104.0
2021-08-12,37,long,2021-08-12 14:36:24.451557537,5254.25,2021-08-12 14:40:08.318713543,5255.25,target,4,46.0
2021-08-12,42,short,2021-08-12 14:59:28.009810705,5253.75,2021-08-12 15:03:08.544286061,5252.75,target,4,46.0
2021-08-13,33,short,2021-08-13 13:28:44.300396537,5259.0,2021-08-13 13:37:44.979876811,5258.0,target,4,46.0
2021-08-13,36,long,2021-08-13 13:48:10.529141657,5257.75,2021-08-13 14:06:27.100945495,5258.75,target,4,46.0
2021-08-13,44,long,2021-08-13 14:58:27.257017351,5259.0,2021-08-13 14:59:03.154944471,5260.0,target,4,46.0
2021-08-13,46,long,2021-08-13 14:59:59.126577279,5262.75,2021-08-13 15:05:44.502109587,5260.75,stop,-8,-104.0
2021-08-16,72,short,2021-08-16 14:39:30.442829135,5266.5,2021-08-16 14:50:00.906014015,5269.0,stop,-10,-129.0
2021-08-16,75,long,2021-08-16 14:55:17.561462149,5272.0,2021-08-16 14:56:03.124217103,5273.0,target,4,46.0
2021-08-16,79,long,2021-08-16 15:00:14.250968169,5274.5,2021-08-16 15:01:10.257149623,5275.5,target,4,46.0
2021-08-16,80,short,2021-08-16 15:07:43.426102153,5273.25,2021-08-16 15:14:58.568932865,5273.5,eod,-1,-16.5
2021-08-17,71,short,2021-08-17 11:32:17.149215099,5230.0,2021-08-17 11:32:47.644301513,5229.0,target,4,46.0
2021-08-17,100,long,2021-08-17 13:05:11.359596649,5229.25,2021-08-17 13:07:10.390255885,5230.25,target,4,46.0
2021-08-17,103,short,2021-08-17 13:19:54.226275831,5229.5,2021-08-17 13:21:05.569367837,5228.5,target,4,46.0
2021-08-17,132,short,2021-08-17 15:00:22.732258485,5242.5,2021-08-17 15:00:26.003917873,5241.5,target,4,46.0
2021-08-17,133,short,2021-08-17 15:04:18.147654611,5238.0,2021-08-17 15:07:23.606478481,5240.0,stop,-8,-104.0
2021-08-18,96,short,2021-08-18 14:46:22.803266515,5211.0,2021-08-18 14:46:27.955615393,5210.0,target,4,46.0
2021-08-18,105,short,2021-08-18 14:58:51.206678971,5195.0,2021-08-18 14:59:23.421136209,5194.0,target,4,46.0
2021-08-19,57,long,2021-08-19 09:59:37.562469217,5197.75,2021-08-19 10:00:06.482440433,5198.75,target,4,46.0
2021-08-19,115,short,2021-08-19 13:28:29.166194083,5191.25,2021-08-19 13:29:03.618139345,5190.25,target,4,46.0
2021-08-19,117,short,2021-08-19 13:31:25.553238159,5178.5,2021-08-19 13:32:15.478792375,5177.5,target,4,46.0
2021-08-19,134,short,2021-08-19 14:14:02.954139897,5204.0,2021-08-19 14:14:37.353502629,5203.0,target,4,46.0
2021-08-19,146,long,2021-08-19 14:50:08.326932721,5202.25,2021-08-19 14:50:24.337752207,5203.25,target,4,46.0
2021-08-20,70,short,2021-08-20 13:46:26.455374005,5228.0,2021-08-20 13:51:48.436967365,5230.0,stop,-8,-104.0
2021-08-20,84,short,2021-08-20 14:59:58.535823903,5235.25,2021-08-20 15:00:02.127504071,5234.25,target,4,46.0
2021-08-20,86,short,2021-08-20 15:06:26.269274809,5233.75,2021-08-20 15:11:45.417872889,5232.75,target,4,46.0
2021-08-23,24,long,2021-08-23 09:46:04.935157981,5274.5,2021-08-23 09:55:42.813776891,5275.5,target,4,46.0
2021-08-24,24,short,2021-08-24 10:04:35.184508267,5283.5,2021-08-24 10:06:37.426694621,5285.5,stop,-8,-104.0
2021-08-24,46,short,2021-08-24 14:30:58.634613443,5285.75,2021-08-24 14:37:22.358408651,5284.75,target,4,46.0
2021-08-25,36,long,2021-08-25 12:44:20.314747491,5295.25,2021-08-25 12:57:47.806808035,5293.25,stop,-8,-104.0
2021-08-25,39,short,2021-08-25 13:20:22.221800855,5293.5,2021-08-25 13:38:41.530587023,5292.5,target,4,46.0
2021-08-25,45,long,2021-08-25 14:31:52.936818191,5293.75,2021-08-25 14:35:56.678853609,5294.75,target,4,46.0
2021-08-26,37,long,2021-08-26 09:56:09.946099783,5273.0,2021-08-26 09:56:42.021547523,5271.0,stop,-8,-104.0
2021-08-26,73,short,2021-08-26 13:00:41.655695089,5276.5,2021-08-26 13:02:06.353010483,5275.5,target,4,46.0
2021-08-26,77,long,2021-08-26 13:21:07.235857951,5274.0,2021-08-26 13:21:30.859662373,5275.0,target,4,46.0
2021-08-26,96,short,2021-08-26 14:43:59.357208791,5267.25,2021-08-26 14:45:29.657564571,5266.25,target,4,46.0
2021-08-27,21,long,2021-08-27 09:07:52.250350037,5292.0,2021-08-27 09:10:39.056875071,5293.0,target,4,46.0
2021-08-27,45,short,2021-08-27 10:11:02.676586283,5298.5,2021-08-27 10:17:20.489654523,5297.5,target,4,46.0
2021-08-27,53,short,2021-08-27 10:50:37.052282861,5299.75,2021-08-27 10:57:15.540890209,5301.75,stop,-8,-104.0
2021-08-27,58,long,2021-08-27 11:24:15.007402753,5302.0,2021-08-27 11:29:32.007589387,5303.0,target,4,46.0
2021-08-27,86,long,2021-08-27 14:59:35.799233881,5306.25,2021-08-27 14:59:57.609987619,5304.25,stop,-8,-104.0
2021-08-30,48,short,2021-08-30 13:44:45.074439767,5329.5,2021-08-30 13:50:45.626016593,5331.5,stop,-8,-104.0
2021-08-30,58,short,2021-08-30 14:56:57.897951267,5325.5,2021-08-30 14:59:57.034707673,5324.5,target,4,46.0
2021-08-30,61,short,2021-08-30 15:00:15.410073827,5323.5,2021-08-30 15:11:53.436707283,5325.75,stop,-9,-116.5
2021-08-31,57,short,2021-08-31 13:05:03.079818849,5319.75,2021-08-31 13:05:26.328036763,5318.75,target,4,46.0
2021-08-31,70,long,2021-08-31 14:36:55.653448017,5318.75,2021-08-31 14:44:40.512628865,5319.75,target,4,46.0
2021-09-01,27,long,2021-09-01 10:00:22.460327379,5329.75,2021-09-01 10:02:30.133089229,5327.75,stop,-8,-104.0
2021-09-01,67,long,2021-09-01 15:05:09.152459777,5323.5,2021-09-01 15:14:58.519469387,5324.25,eod,3,33.5
2021-09-02,36,long,2021-09-02 11:57:07.763642227,5337.0,2021-09-02 12:14:44.769377147,5335.0,stop,-8,-104.0
2021-09-02,54,long,2021-09-02 13:58:27.152655969,5331.25,2021-09-02 14:06:37.194538647,5329.25,stop,-8,-104.0
2021-09-02,59,short,2021-09-02 14:32:09.894848489,5325.0,2021-09-02 14:35:09.633546723,5327.0,stop,-8,-104.0
2021-09-03,56,short,2021-09-03 12:35:26.333254587,5334.5,2021-09-03 12:40:47.863195847,5336.5,stop,-8,-104.0
2021-09-03,73,long,2021-09-03 14:59:59.552609283,5334.75,2021-09-03 15:00:26.933389163,5332.75,stop,-8,-104.0
2021-09-07,36,short,2021-09-07 10:02:27.165394579,5318.25,2021-09-07 10:04:14.614892955,5317.25,target,4,46.0
2021-09-07,39,short,2021-09-07 10:14:48.488127549,5313.0,2021-09-07 10:15:03.436644929,5312.0,target,4,46.0
2021-09-07,52,long,2021-09-07 11:42:24.861495321,5322.5,2021-09-07 11:45:33.393296829,5323.5,target,4,46.0
2021-09-07,72,short,2021-09-07 14:37:24.610273061,5320.0,2021-09-07 14:45:04.248437987,5319.0,target,4,46.0
2021-09-07,77,long,2021-09-07 14:55:37.406938567,5319.75,2021-09-07 14:57:32.543598865,5317.75,stop,-8,-104.0
2021-09-08,24,short,2021-09-08 09:33:26.938074781,5306.25,2021-09-08 09:33:40.331648879,5305.25,target,4,46.0
2021-09-08,107,long,2021-09-08 14:59:55.727538315,5312.25,2021-09-08 15:08:02.416992909,5310.25,stop,-8,-104.0
2021-09-09,24,long,2021-09-09 13:59:12.197886477,5302.25,2021-09-09 14:09:22.890338391,5300.25,stop,-8,-104.0
2021-09-09,26,long,2021-09-09 14:33:23.426399847,5300.25,2021-09-09 14:34:47.061804643,5298.25,stop,-8,-104.0
2021-09-09,29,short,2021-09-09 14:59:50.977894661,5291.0,2021-09-09 14:59:59.568791019,5293.0,stop,-8,-104.0
2021-09-10,26,long,2021-09-10 09:34:46.089118475,5287.25,2021-09-10 09:35:54.155670263,5288.25,target,4,46.0
2021-09-10,44,short,2021-09-10 10:19:04.336953269,5281.75,2021-09-10 10:20:24.571245279,5280.75,target,4,46.0
2021-09-10,81,short,2021-09-10 14:27:11.611690407,5270.75,2021-09-10 14:27:59.177217803,5272.75,stop,-8,-104.0
2021-09-13,88,long,2021-09-13 11:51:01.841376827,5261.75,2021-09-13 11:53:26.263739939,5259.75,stop,-8,-104.0
2021-09-13,107,short,2021-09-13 13:26:18.347195005,5246.75,2021-09-13 13:26:59.107830445,5248.75,stop,-8,-104.0
2021-09-13,110,long,2021-09-13 13:43:23.389479837,5249.25,2021-09-13 13:45:48.372335765,5247.25,stop,-8,-104.0
2021-09-13,117,long,2021-09-13 14:06:56.796885067,5248.0,2021-09-13 14:07:21.786421997,5249.0,target,4,46.0
2021-09-13,125,long,2021-09-13 14:32:32.497597657,5263.5,2021-09-13 14:33:11.525242297,5264.5,target,4,46.0
2021-09-14,39,long,2021-09-14 09:33:03.844268173,5261.0,2021-09-14 09:33:33.330625419,5259.0,stop,-8,-104.0
2021-09-14,56,short,2021-09-14 10:15:41.949627281,5256.5,2021-09-14 10:16:35.869405069,5258.5,stop,-8,-104.0
2021-09-14,116,long,2021-09-14 14:32:40.401344771,5237.5,2021-09-14 14:32:58.278196303,5238.5,target,4,46.0
2021-09-14,129,long,2021-09-14 14:59:49.015106249,5243.25,2021-09-14 14:59:57.704216915,5244.25,target,4,46.0
2021-09-14,132,long,2021-09-14 15:04:57.439167971,5246.0,2021-09-14 15:05:57.735279587,5247.0,target,4,46.0
2021-09-15,67,long,2021-09-15 11:35:07.184596663,5264.75,2021-09-15 11:37:02.427349715,5265.75,target,4,46.0
2021-09-15,89,long,2021-09-15 13:35:33.011449011,5278.0,2021-09-15 13:37:19.416543865,5279.0,target,4,46.0
2021-09-16,73,long,2021-09-16 11:43:34.659254863,5261.75,2021-09-16 11:44:14.920350089,5262.75,target,4,46.0
2021-09-16,82,short,2021-09-16 12:45:31.029332701,5255.75,2021-09-16 12:47:19.295651997,5257.75,stop,-8,-104.0
2021-09-16,97,long,2021-09-16 14:01:59.761172189,5278.25,2021-09-16 14:05:51.321922791,5279.25,target,4,46.0
2021-09-17,74,long,2021-09-17 10:56:53.732804673,5234.75,2021-09-17 10:57:01.529181591,5235.75,target,4,46.0
2021-09-17,104,long,2021-09-17 12:58:57.772320241,5230.75,2021-09-17 13:00:58.761359609,5231.75,target,4,46.0
2021-09-17,137,short,2021-09-17 14:52:59.252034093,5226.25,2021-09-17 14:53:03.508086267,5228.25,stop,-8,-104.0
2021-09-17,144,short,2021-09-17 14:59:45.102617389,5231.75,2021-09-17 14:59:54.239879699,5230.75,target,4,46.0
2021-09-20,66,long,2021-09-20 09:48:39.459518763,5160.0,2021-09-20 09:48:46.052327517,5161.0,target,4,46.0
2021-09-20,85,short,2021-09-20 10:28:08.418070627,5157.75,2021-09-20 10:29:00.356362685,5159.75,stop,-8,-104.0
2021-09-20,200,long,2021-09-20 14:56:56.411887293,5154.5,2021-09-20 14:57:00.309106285,5152.5,stop,-8,-104.0
2021-09-20,203,long,2021-09-20 14:59:35.009351019,5159.0,2021-09-20 14:59:51.039208041,5157.0,stop,-8,-104.0
2021-09-20,205,short,2021-09-20 14:59:53.392517515,5154.5,2021-09-20 14:59:55.000579457,5156.5,stop,-8,-104.0
2021-09-21,111,long,2021-09-21 12:39:49.265374077,5161.0,2021-09-21 12:40:22.031554967,5159.0,stop,-8,-104.0
2021-09-21,144,long,2021-09-21 14:34:17.254884539,5175.0,2021-09-21 14:34:53.719517213,5173.0,stop,-8,-104.0
2021-09-22,81,long,2021-09-22 13:04:26.811423109,5207.25,2021-09-22 13:04:33.439802065,5208.25,target,4,46.0
2021-09-22,125,long,2021-09-22 14:03:39.470649491,5193.0,2021-09-22 14:03:59.216124595,5191.0,stop,-8,-104.0
2021-09-23,82,short,2021-09-23 14:07:20.044408697,5255.25,2021-09-23 14:10:05.955137235,5254.25,target,4,46.0
2021-09-23,86,short,2021-09-23 14:29:53.045848965,5252.5,2021-09-23 14:31:33.826556607,5251.5,target,4,46.0
2021-09-23,97,long,2021-09-23 14:59:54.001354541,5248.5,2021-09-23 14:59:57.134243813,5246.5,stop,-8,-104.0
2021-09-23,101,long,2021-09-23 15:06:43.261928333,5247.25,2021-09-23 15:07:06.406700521,5248.25,target,4,46.0
2021-09-24,71,long,2021-09-24 13:56:33.305665951,5251.75,2021-09-24 13:57:32.418862431,5252.75,target,4,46.0
2021-09-24,83,short,2021-09-24 14:55:20.046291423,5256.75,2021-09-24 14:55:23.643593029,5255.75,target,4,46.0
2021-09-24,86,long,2021-09-24 15:01:00.196338669,5256.0,2021-09-24 15:04:57.503655797,5254.0,stop,-8,-104.0
2021-09-27,45,long,2021-09-27 10:16:10.295231279,5250.75,2021-09-27 10:18:07.555513285,5248.75,stop,-8,-104.0
2021-09-27,47,short,2021-09-27 10:25:23.884507207,5246.25,2021-09-27 10:26:57.929822277,5245.25,target,4,46.0
2021-09-27,73,long,2021-09-27 12:52:59.188657379,5246.75,2021-09-27 12:56:01.785770399,5247.75,target,4,46.0
2021-09-27,97,short,2021-09-27 15:00:04.574739003,5241.5,2021-09-27 15:00:30.048175005,5240.5,target,4,46.0
2021-09-28,106,short,2021-09-28 11:41:25.872396451,5152.75,2021-09-28 11:42:23.212772271,5151.75,target,4,46.0
2021-09-28,113,short,2021-09-28 12:02:22.016634783,5145.25,2021-09-28 12:02:32.243203279,5144.25,target,4,46.0
2021-09-28,131,long,2021-09-28 13:06:46.266844905,5153.75,2021-09-28 13:07:59.793868665,5151.75,stop,-8,-104.0
2021-09-28,153,long,2021-09-28 14:01:12.692798637,5176.75,2021-09-28 14:01:18.606393257,5177.75,target,4,46.0
2021-09-28,191,long,2021-09-28 15:00:01.018450921,5155.25,2021-09-28 15:00:13.726745193,5156.25,target,4,46.0
2021-09-29,113,long,2021-09-29 13:14:37.138987045,5179.25,2021-09-29 13:14:57.299339737,5180.25,target,4,46.0
2021-09-29,145,long,2021-09-29 14:59:59.555084295,5160.0,2021-09-29 15:00:31.714231227,5161.0,target,4,46.0
2021-09-30,42,short,2021-09-30 09:40:17.418665621,5162.25,2021-09-30 09:40:28.681284797,5161.25,target,4,46.0
2021-09-30,68,short,2021-09-30 10:37:34.695814449,5145.25,2021-09-30 10:38:04.032907079,5144.25,target,4,46.0
2021-09-30,98,long,2021-09-30 11:28:17.975505307,5123.75,2021-09-30 11:28:22.374313715,5121.75,stop,-8,-104.0
2021-10-01,77,short,2021-10-01 10:04:26.068235261,5104.5,2021-10-01 10:05:21.731771479,5106.5,stop,-8,-104.0
2021-10-01,160,short,2021-10-01 14:25:12.784424895,5166.75,2021-10-01 14:25:37.296007059,5165.75,target,4,46.0
2021-10-04,78,long,2021-10-04 10:14:38.763138133,5099.75,2021-10-04 10:15:02.030621145,5097.5,stop,-9,-116.5
2021-10-04,167,short,2021-10-04 14:17:17.030120867,5095.5,2021-10-04 14:17:19.636717817,5094.5,target,4,46.0
2021-10-04,200,long,2021-10-04 15:08:07.739434075,5105.0,2021-10-04 15:10:07.778387725,5103.0,stop,-8,-104.0
2021-10-05,61,long,2021-10-05 10:07:33.394368057,5164.75,2021-10-05 10:08:21.885657865,5162.75,stop,-8,-104.0
2021-10-05,69,short,2021-10-05 10:38:12.000034337,5159.0,2021-10-05 10:39:11.316648575,5158.0,target,4,46.0
2021-10-05,125,short,2021-10-05 14:52:42.170048627,5149.25,2021-10-05 14:53:30.027897645,5151.25,stop,-8,-104.0
2021-10-05,132,short,2021-10-05 14:59:40.896699291,5143.0,2021-10-05 14:59:49.074220591,5142.0,target,4,46.0
2021-10-06,49,long,2021-10-06 09:22:25.730730541,5111.0,2021-10-06 09:22:27.336762273,5112.0,target,4,46.0
2021-10-06,100,short,2021-10-06 11:02:58.858616865,5117.5,2021-10-06 11:05:18.552975511,5116.5,target,4,46.0
2021-10-06,139,long,2021-10-06 12:58:59.071963957,5137.0,2021-10-06 12:59:46.632676649,5138.0,target,4,46.0
2021-10-06,156,long,2021-10-06 13:35:23.751782625,5154.0,2021-10-06 13:35:51.122516789,5152.0,stop,-8,-104.0
2021-10-07,66,long,2021-10-07 12:28:35.323606049,5224.5,2021-10-07 12:29:51.086815181,5225.5,target,4,46.0
2021-10-07,100,long,2021-10-07 14:54:50.569166643,5201.5,2021-10-07 14:55:17.946166947,5199.5,stop,-8,-104.0
2021-10-08,42,short,2021-10-08 09:39:47.129614569,5202.0,2021-10-08 09:40:23.406980715,5201.0,target,4,46.0
2021-10-08,55,long,2021-10-08 10:15:45.975371975,5206.0,2021-10-08 10:17:53.914142981,5203.75,stop,-9,-116.5
2021-10-08,68,short,2021-10-08 11:22:00.390271041,5195.0,2021-10-08 11:23:25.885941315,5197.0,stop,-8,-104.0
2021-10-12,76,short,2021-10-12 12:03:45.416681143,5152.5,2021-10-12 12:05:46.216036441,5151.5,target,4,46.0
2021-10-12,84,short,2021-10-12 12:52:46.379327251,5157.75,2021-10-12 12:52:56.076941953,5156.75,target,4,46.0
2021-10-12,99,long,2021-10-12 14:11:11.226767341,5155.5,2021-10-12 14:15:22.164973891,5153.5,stop,-8,-104.0
2021-10-12,105,short,2021-10-12 14:39:24.282411459,5152.75,2021-10-12 14:39:42.266818983,5151.75,target,4,46.0
2021-10-12,118,short,2021-10-12 15:03:27.069708857,5137.0,2021-10-12 15:03:35.536892655,5139.0,stop,-8,-104.0
2021-10-13,47,short,2021-10-13 09:48:16.254151353,5143.25,2021-10-13 09:49:45.215834217,5142.25,target,4,46.0
2021-10-13,59,short,2021-10-13 10:35:48.114599041,5136.5,2021-10-13 10:36:39.805506733,5138.5,stop,-8,-104.0
2021-10-13,90,long,2021-10-13 13:08:31.151921133,5159.25,2021-10-13 13:08:40.914765519,5157.25,stop,-8,-104.0
2021-10-13,112,short,2021-10-13 14:45:03.134679881,5157.0,2021-10-13 14:45:32.035730167,5159.0,stop,-8,-104.0
2021-10-14,58,short,2021-10-14 12:04:35.389353163,5230.0,2021-10-14 12:30:12.453667795,5232.0,stop,-8,-104.0
2021-10-14,93,long,2021-10-14 15:06:43.676807221,5239.0,2021-10-14 15:13:59.969983649,5240.0,target,4,46.0
2021-10-15,69,long,2021-10-15 14:16:01.875691819,5272.25,2021-10-15 14:19:24.529682551,5270.25,stop,-8,-104.0
2021-10-15,78,long,2021-10-15 14:57:30.699996649,5273.0,2021-10-15 14:59:56.486773471,5271.0,stop,-8,-104.0
2021-10-15,82,long,2021-10-15 15:01:21.239408423,5273.25,2021-10-15 15:14:59.410689627,5272.25,eod,-4,-54.0
2021-10-18,58,short,2021-10-18 14:02:44.443263287,5281.25,2021-10-18 14:11:00.986901321,5283.25,stop,-8,-104.0
2021-10-18,64,long,2021-10-18 14:45:51.229372111,5285.0,2021-10-18 14:46:21.498634285,5286.0,target,4,46.0
2021-10-19,36,short,2021-10-19 10:23:49.420142011,5313.25,2021-10-19 10:30:19.963636435,5315.25,stop,-8,-104.0
2021-10-19,73,long,2021-10-19 15:04:57.501187371,5324.75,2021-10-19 15:14:59.831418077,5323.25,eod,-6,-79.0
2021-10-20,44,short,2021-10-20 12:03:41.346321747,5336.25,2021-10-20 12:05:43.560171063,5335.25,target,4,46.0
2021-10-20,61,long,2021-10-20 13:51:39.464595383,5336.75,2021-10-20 13:52:31.168863507,5334.75,stop,-8,-104.0
2021-10-20,73,long,2021-10-20 14:59:40.443345581,5336.5,2021-10-20 14:59:59.034637885,5337.5,target,4,46.0
2021-10-21,27,short,2021-10-21 10:18:56.113016223,5333.0,2021-10-21 10:20:09.198470391,5332.0,target,4,46.0
2021-10-21,35,long,2021-10-21 11:00:14.970107077,5334.0,2021-10-21 11:02:01.900196329,5335.0,target,4,46.0
2021-10-21,49,long,2021-10-21 13:16:22.195445015,5335.75,2021-10-21 13:18:09.411082409,5336.75,target,4,46.0
2021-10-21,67,short,2021-10-21 15:04:36.458796599,5348.25,2021-10-21 15:06:07.643833633,5350.25,stop,-8,-104.0
2021-10-22,93,long,2021-10-22 14:16:18.870501231,5346.0,2021-10-22 14:18:30.288902577,5344.0,stop,-8,-104.0
2021-10-25,21,long,2021-10-25 09:17:01.533708799,5352.75,2021-10-25 09:17:13.437805533,5350.75,stop,-8,-104.0
2021-10-25,29,long,2021-10-25 09:51:23.863875705,5356.0,2021-10-25 10:01:30.925997563,5354.0,stop,-8,-104.0
2021-10-25,75,short,2021-10-25 15:00:28.481286179,5368.5,2021-10-25 15:02:27.579261141,5367.5,target,4,46.0
2021-10-25,77,long,2021-10-25 15:06:34.817179707,5367.5,2021-10-25 15:07:06.735094165,5368.5,target,4,46.0
2021-10-26,51,short,2021-10-26 11:09:03.689733067,5379.25,2021-10-26 11:13:28.545306961,5381.25,stop,-8,-104.0
2021-10-26,105,short,2021-10-26 15:02:37.306205059,5373.5,2021-10-26 15:02:46.485748987,5372.5,target,4,46.0
2021-10-27,28,long,2021-10-27 09:21:42.345476911,5376.5,2021-10-27 09:21:53.183099989,5377.5,target,4,46.0
2021-10-27,54,short,2021-10-27 10:58:21.095579643,5371.25,2021-10-27 10:59:59.940955823,5373.25,stop,-8,-104.0
2021-10-27,97,short,2021-10-27 14:54:56.708161857,5356.25,2021-10-27 14:56:16.774264565,5355.25,target,4,46.0
2021-10-28,27,short,2021-10-28 09:21:06.719211459,5377.25,2021-10-28 09:21:45.411808957,5379.25,stop,-8,-104.0
2021-10-28,35,long,2021-10-28 09:47:03.338761359,5390.75,2021-10-28 09:47:31.803806863,5391.75,target,4,46.0
2021-10-29,35,long,2021-10-29 10:08:31.279235911,5391.75,2021-10-29 10:10:05.883567155,5392.75,target,4,46.0
2021-10-29,67,long,2021-10-29 13:33:53.044250351,5393.75,2021-10-29 13:35:37.117922113,5394.75,target,4,46.0
2021-10-29,73,long,2021-10-29 14:07:13.788497447,5396.75,2021-10-29 14:08:59.288237907,5397.75,target,4,46.0
2021-11-01,69,short,2021-11-01 13:39:56.780419057,5402.25,2021-11-01 13:43:31.985686193,5404.25,stop,-8,-104.0
2021-11-01,85,short,2021-11-01 15:00:35.219126157,5413.25,2021-11-01 15:08:33.768144553,5412.25,target,4,46.0
2021-11-02,70,long,2021-11-02 14:41:58.306208731,5431.5,2021-11-02 14:45:11.136269827,5432.5,target,4,46.0
2021-11-02,73,short,2021-11-02 14:53:29.636976091,5428.5,2021-11-02 14:58:04.047347571,5430.5,stop,-8,-104.0
2021-11-02,76,long,2021-11-02 14:59:55.838962645,5433.25,2021-11-02 15:01:07.960899865,5431.25,stop,-8,-104.0
2021-11-03,23,long,2021-11-03 09:48:15.993660047,5429.25,2021-11-03 10:01:46.939975831,5427.25,stop,-8,-104.0
2021-11-03,97,short,2021-11-03 14:59:16.370842309,5461.25,2021-11-03 15:00:32.938656527,5460.25,target,4,46.0
2021-11-03,100,long,2021-11-03 15:06:02.192317927,5460.75,2021-11-03 15:14:59.317824387,5460.5,eod,-1,-16.5
2021-11-04,41,long,2021-11-04 10:45:55.439617681,5472.0,2021-11-04 10:48:10.340848843,5470.0,stop,-8,-104.0
2021-11-04,87,short,2021-11-04 15:00:19.480106559,5481.5,2021-11-04 15:01:39.672182723,5480.5,target,4,46.0
2021-11-05,56,long,2021-11-05 11:53:42.183992985,5506.0,2021-11-05 11:56:59.742936109,5504.0,stop,-8,-104.0
2021-11-05,88,long,2021-11-05 14:06:27.205949981,5497.25,2021-11-05 14:07:46.880712965,5498.25,target,4,46.0
2021-11-05,96,short,2021-11-05 14:41:17.952215401,5501.5,2021-11-05 14:42:34.922043215,5500.5,target,4,46.0
2021-11-05,101,short,2021-11-05 14:55:11.777428199,5497.0,2021-11-05 14:56:15.647444019,5499.0,stop,-8,-104.0
2021-11-05,104,short,2021-11-05 14:59:58.008880969,5498.0,2021-11-05 15:00:01.002997141,5500.0,stop,-8,-104.0
2021-11-08,69,short,2021-11-08 14:26:51.415463707,5504.5,2021-11-08 14:27:30.118230911,5503.5,target,4,46.0
2021-11-08,79,short,2021-11-08 15:00:28.920151613,5498.25,2021-11-08 15:00:35.456736787,5500.25,stop,-8,-104.0
2021-11-09,45,long,2021-11-09 09:31:41.218432023,5490.0,2021-11-09 09:31:54.994830455,5487.75,stop,-9,-116.5
2021-11-09,104,short,2021-11-09 13:27:59.331752785,5480.0,2021-11-09 13:37:19.923251411,5482.0,stop,-8,-104.0
2021-11-09,124,long,2021-11-09 14:59:57.121100325,5488.25,2021-11-09 15:00:32.460927443,5486.25,stop,-8,-104.0
2021-11-10,74,short,2021-11-10 12:43:24.682116035,5461.25,2021-11-10 12:45:14.498497295,5463.25,stop,-8,-104.0
2021-11-10,84,long,2021-11-10 13:09:33.151379677,5455.25,2021-11-10 13:10:29.951114499,5453.25,stop,-8,-104.0
2021-11-10,129,short,2021-11-10 14:59:21.211487157,5452.5,2021-11-10 14:59:34.286991751,5451.5,target,4,46.0
2021-11-11,33,long,2021-11-11 10:17:48.710365323,5458.25,2021-11-11 10:22:39.648230635,5459.25,target,4,46.0
2021-11-11,38,short,2021-11-11 10:54:27.038407553,5460.75,2021-11-11 11:02:39.001964197,5459.75,target,4,46.0
2021-11-11,49,short,2021-11-11 12:08:34.879818941,5453.25,2021-11-11 12:12:37.027511567,5455.25,stop,-8,-104.0
2021-11-11,74,long,2021-11-11 15:00:31.565539233,5453.5,2021-11-11 15:02:11.416581807,5454.5,target,4,46.0
2021-11-12,45,short,2021-11-12 11:03:47.326954733,5484.75,2021-11-12 11:08:42.726322923,5483.75,target,4,46.0
2021-11-12,63,long,2021-11-12 13:43:45.845931073,5480.25,2021-11-12 13:50:19.970878777,5481.25,target,4,46.0
2021-11-12,77,long,2021-11-12 14:59:48.008318625,5487.75,2021-11-12 15:00:02.131490459,5485.75,stop,-8,-104.0
2021-11-15,67,short,2021-11-15 13:15:34.246710285,5481.0,2021-11-15 13:20:50.466605917,5480.0,target,4,46.0
2021-11-15,76,long,2021-11-15 14:17:08.401145771,5486.5,2021-11-15 14:27:53.211503979,5487.5,target,4,46.0
2021-11-16,63,short,2021-11-16 13:47:14.071664465,5512.75,2021-11-16 14:05:29.131651271,5511.75,target,4,46.0
2021-11-16,69,long,2021-11-16 14:32:49.718512735,5513.25,2021-11-16 14:39:31.825948563,5511.25,stop,-8,-104.0
2021-11-17,32,long,2021-11-17 09:59:53.473250221,5498.75,2021-11-17 10:07:06.632237103,5499.75,target,4,46.0
2021-11-17,63,long,2021-11-17 12:55:30.226937371,5500.75,2021-11-17 13:11:58.279250475,5498.75,stop,-8,-104.0
2021-11-17,66,short,2021-11-17 13:17:40.339304693,5497.5,2021-11-17 13:18:36.940916965,5496.5,target,4,46.0
2021-11-17,73,short,2021-11-17 14:07:02.121519771,5493.75,2021-11-17 14:08:08.904493713,5495.75,stop,-8,-104.0
2021-11-17,81,short,2021-11-17 14:54:52.258004273,5497.0,2021-11-17 14:57:55.932508831,5496.0,target,4,46.0
2021-11-18,66,short,2021-11-18 11:48:35.273287723,5507.25,2021-11-18 11:48:41.877496545,5506.25,target,4,46.0
2021-11-18,94,long,2021-11-18 14:37:23.625736749,5511.75,2021-11-18 14:38:17.146758209,5509.75,stop,-8,-104.0
2021-11-19,31,long,2021-11-19 09:37:22.336113551,5507.25,2021-11-19 09:38:44.052926841,5508.25,target,4,46.0
2021-11-19,78,short,2021-11-19 13:33:23.109352763,5505.75,2021-11-19 13:41:12.102020209,5507.75,stop,-8,-104.0
2021-11-19,85,long,2021-11-19 14:24:16.938486373,5505.5,2021-11-19 14:35:12.129136185,5506.5,target,4,46.0
2021-11-19,92,long,2021-11-19 14:55:40.658917573,5502.5,2021-11-19 14:59:09.680044221,5503.5,target,4,46.0
2021-11-22,61,short,2021-11-22 11:02:01.812208539,5516.5,2021-11-22 11:02:31.860321369,5515.5,target,4,46.0
2021-11-22,68,short,2021-11-22 11:18:00.017295709,5515.0,2021-11-22 11:18:55.201442801,5514.0,target,4,46.0
2021-11-22,101,long,2021-11-22 14:11:19.803423359,5536.0,2021-11-22 14:12:07.978571829,5537.0,target,4,46.0
2021-11-22,107,short,2021-11-22 14:36:45.668747937,5525.0,2021-11-22 14:39:46.300989059,5524.0,target,4,46.0
2021-11-23,25,long,2021-11-23 09:03:35.710686557,5494.75,2021-11-23 09:06:07.757206107,5492.75,stop,-8,-104.0
2021-11-23,79,long,2021-11-23 10:42:34.070535801,5480.5,2021-11-23 10:42:46.368182747,5478.5,stop,-8,-104.0
2021-11-23,145,long,2021-11-23 14:54:00.270481595,5499.25,2021-11-23 14:54:40.341470567,5497.25,stop,-8,-104.0
2021-11-24,122,long,2021-11-24 14:50:00.059105983,5505.25,2021-11-24 14:50:01.620091057,5503.25,stop,-8,-104.0
2021-11-26,25,long,2021-11-26 08:52:07.523901905,5427.0,2021-11-26 08:52:18.334684553,5428.0,target,4,46.0
2021-11-26,98,short,2021-11-26 10:51:09.669379505,5402.25,2021-11-26 10:51:40.389026707,5401.25,target,4,46.0
2021-11-26,142,short,2021-11-26 11:59:49.641891597,5403.25,2021-11-26 11:59:50.193886245,5405.25,stop,-8,-104.0
2021-11-26,144,long,2021-11-26 12:00:00.127646069,5408.5,2021-11-26 12:00:00.128376015,5406.25,stop,-9,-116.5
2021-11-29,94,long,2021-11-29 11:17:07.612993963,5463.75,2021-11-29 11:18:03.745159901,5464.75,target,4,46.0
2021-11-29,154,long,2021-11-29 15:05:44.853063413,5461.25,2021-11-29 15:07:40.043326825,5462.25,target,4,46.0
2021-11-30,209,short,2021-11-30 13:39:37.732562197,5397.25,2021-11-30 13:40:03.756841959,5399.25,stop,-8,-104.0
2021-12-01,169,long,2021-12-01 13:31:50.703969643,5405.75,2021-12-01 13:32:04.906207211,5403.75,stop,-8,-104.0
2021-12-01,228,long,2021-12-01 14:45:12.811851395,5366.25,2021-12-01 14:45:20.971182793,5364.25,stop,-8,-104.0
2021-12-01,246,short,2021-12-01 14:58:17.009984613,5327.75,2021-12-01 14:58:27.465047137,5326.75,target,4,46.0
2021-12-02,96,long,2021-12-02 09:50:05.763578133,5350.5,2021-12-02 09:50:10.474322663,5351.5,target,4,46.0
2021-12-02,100,short,2021-12-02 09:53:55.573741339,5344.5,2021-12-02 09:54:05.461120251,5346.5,stop,-8,-104.0
2021-12-02,176,long,2021-12-02 11:55:13.203455303,5390.75,2021-12-02 11:55:59.487939661,5391.75,target,4,46.0
2021-12-02,196,long,2021-12-02 12:33:31.257538429,5383.75,2021-12-02 12:33:42.488672467,5384.75,target,4,46.0
2021-12-03,67,short,2021-12-03 09:30:07.405560903,5365.0,2021-12-03 09:30:08.394711239,5364.0,target,4,46.0
2021-12-03,93,short,2021-12-03 09:54:09.983981043,5336.25,2021-12-03 09:54:13.337554369,5335.25,target,4,46.0
2021-12-03,163,long,2021-12-03 11:24:20.009777621,5337.25,2021-12-03 11:24:30.258156161,5335.25,stop,-8,-104.0
2021-12-03,179,short,2021-12-03 11:52:45.723395439,5331.75,2021-12-03 11:53:50.275070819,5330.75,target,4,46.0
2021-12-03,247,long,2021-12-03 13:55:48.195513777,5311.0,2021-12-03 13:56:11.578767229,5312.0,target,4,46.0
2021-12-06,92,short,2021-12-06 10:00:36.875957743,5392.5,2021-12-06 10:00:54.853782503,5391.5,target,4,46.0
2021-12-06,105,short,2021-12-06 10:21:09.321229817,5384.75,2021-12-06 10:21:13.382839927,5383.75,target,4,46.0
2021-12-06,173,short,2021-12-06 13:39:55.805400913,5412.25,2021-12-06 13:41:37.381279649,5411.25,target,4,46.0
2021-12-07,24,long,2021-12-07 08:58:37.821963431,5482.0,2021-12-07 08:59:11.074390431,5483.0,target,4,46.0
2021-12-07,47,long,2021-12-07 09:45:19.564432585,5497.0,2021-12-07 09:48:00.249263765,5495.0,stop,-8,-104.0
2021-12-07,129,long,2021-12-07 14:59:00.075013737,5493.25,2021-12-07 14:59:05.768830789,5494.25,target,4,46.0
2021-12-07,137,long,2021-12-07 15:05:50.572317803,5497.75,2021-12-07 15:05:54.732567235,5498.75,target,4,46.0
2021-12-08,63,short,2021-12-08 10:18:10.190830527,5486.25,2021-12-08 10:21:04.330556545,5488.25,stop,-8,-104.0
2021-12-08,109,short,2021-12-08 14:43:09.872727373,5504.5,2021-12-08 14:45:57.070639109,5506.5,stop,-8,-104.0
2021-12-08,119,short,2021-12-08 15:05:20.064635189,5506.0,2021-12-08 15:05:43.908129455,5508.0,stop,-8,-104.0
2021-12-09,23,short,2021-12-09 12:25:26.918092407,5497.0,2021-12-09 12:31:03.877384745,5499.0,stop,-8,-104.0
2021-12-09,26,long,2021-12-09 12:58:20.748872727,5498.75,2021-12-09 12:59:59.578248051,5496.75,stop,-8,-104.0
2021-12-10,69,long,2021-12-10 10:50:47.136016923,5502.0,2021-12-10 10:52:14.563394945,5500.0,stop,-8,-104.0
2021-12-10,114,short,2021-12-10 14:53:44.742484143,5514.5,2021-12-10 14:54:53.328167457,5516.75,stop,-9,-116.5
2021-12-10,116,long,2021-12-10 14:59:09.693509937,5520.5,2021-12-10 14:59:57.098916539,5518.5,stop,-8,-104.0
2021-12-10,119,long,2021-12-10 15:04:12.432597247,5520.25,2021-12-10 15:14:59.761338977,5519.75,eod,-2,-29.0
2021-12-13,137,long,2021-12-13 14:25:08.837707121,5493.5,2021-12-13 14:26:05.456294133,5491.5,stop,-8,-104.0
2021-12-13,158,short,2021-12-13 15:00:34.524719421,5475.5,2021-12-13 15:01:21.665606259,5474.5,target,4,46.0
2021-12-14,30,short,2021-12-14 08:57:42.570513859,5460.0,2021-12-14 08:57:51.707985885,5459.0,target,4,46.0
2021-12-14,99,long,2021-12-14 10:46:49.337260597,5427.75,2021-12-14 10:47:07.451276307,5425.75,stop,-8,-104.0
2021-12-14,179,short,2021-12-14 14:52:42.738273307,5439.25,2021-12-14 14:52:52.060806753,5438.25,target,4,46.0
2021-12-14,190,long,2021-12-14 15:05:03.105669773,5443.75,2021-12-14 15:09:42.729053025,5444.75,target,4,46.0
2021-12-15,192,long,2021-12-15 14:21:44.296759247,5501.0,2021-12-15 14:22:05.143734295,5502.0,target,4,46.0
2021-12-15,227,long,2021-12-15 14:54:20.292807457,5511.25,2021-12-15 14:54:44.935599697,5512.25,target,4,46.0
2021-12-15,237,long,2021-12-15 15:01:30.210650263,5517.0,2021-12-15 15:02:15.027706579,5518.0,target,4,46.0
2021-12-16,46,long,2021-12-16 09:12:54.292727007,5518.0,2021-12-16 09:13:19.042479985,5516.0,stop,-8,-104.0
2021-12-16,68,short,2021-12-16 09:51:12.210083967,5528.5,2021-12-16 09:52:55.504845855,5530.5,stop,-8,-104.0
2021-12-16,167,long,2021-12-16 13:56:36.346792251,5464.75,2021-12-16 13:57:21.389599561,5465.75,target,4,46.0
2021-12-16,213,short,2021-12-16 14:55:20.961707015,5476.25,2021-12-16 14:55:30.451322299,5478.25,stop,-8,-104.0
2021-12-16,222,short,2021-12-16 15:00:21.893795327,5472.0,2021-12-16 15:00:30.915955523,5475.0,stop,-12,-154.0
2021-12-17,147,long,2021-12-17 11:10:52.903889409,5432.25,2021-12-17 11:11:24.499898387,5433.25,target,4,46.0
2021-12-17,150,long,2021-12-17 11:15:38.914227539,5441.25,2021-12-17 11:15:52.320241469,5442.25,target,4,46.0
2021-12-17,263,long,2021-12-17 15:04:05.353878139,5428.5,2021-12-17 15:04:10.124992539,5429.5,target,4,46.0
2021-12-20,152,long,2021-12-20 12:14:15.405840901,5350.25,2021-12-20 12:14:34.634512237,5351.25,target,4,46.0
2021-12-20,201,long,2021-12-20 14:29:31.262179901,5369.75,2021-12-20 14:30:02.394321257,5367.75,stop,-8,-104.0
2021-12-20,203,short,2021-12-20 14:34:31.998609849,5360.75,2021-12-20 14:35:10.070732983,5359.75,target,4,46.0
2021-12-20,205,long,2021-12-20 14:39:11.081346817,5364.25,2021-12-20 14:40:11.172083807,5365.25,target,4,46.0
2021-12-20,211,long,2021-12-20 14:50:02.402899905,5371.5,2021-12-20 14:50:08.469426701,5372.5,target,4,46.0
2021-12-21,29,short,2021-12-21 09:02:11.114300541,5401.25,2021-12-21 09:02:27.162513287,5403.25,stop,-8,-104.0
2021-12-22,76,long,2021-12-22 12:31:43.057791469,5491.25,2021-12-22 12:35:22.342367995,5489.25,stop,-8,-104.0
2021-12-22,95,long,2021-12-22 14:09:19.072921167,5490.75,2021-12-22 14:12:45.114789887,5491.75,target,4,46.0
2021-12-22,101,long,2021-12-22 14:39:13.460671221,5493.25,2021-12-22 14:45:58.523884315,5494.25,target,4,46.0
2021-12-22,109,long,2021-12-22 14:59:17.739838305,5503.5,2021-12-22 14:59:52.494598569,5501.5,stop,-8,-104.0
2021-12-22,114,long,2021-12-22 15:06:51.864986417,5503.25,2021-12-22 15:08:48.380783589,5504.25,target,4,46.0
2021-12-23,62,short,2021-12-23 13:32:25.043876601,5540.0,2021-12-23 13:45:22.420245385,5542.0,stop,-8,-104.0
2021-12-23,86,short,2021-12-23 15:04:38.718349055,5532.0,2021-12-23 15:06:10.953081941,5534.0,stop,-8,-104.0
2021-12-27,64,short,2021-12-27 14:03:40.940243913,5585.0,2021-12-27 14:16:15.428697849,5584.0,target,4,46.0
2021-12-27,78,long,2021-12-27 14:59:18.331755091,5598.5,2021-12-27 14:59:59.557739085,5599.5,target,4,46.0
2021-12-28,77,short,2021-12-28 13:03:22.252369359,5592.0,2021-12-28 13:04:31.220879175,5591.0,target,4,46.0
2021-12-28,83,short,2021-12-28 13:45:31.733884025,5591.75,2021-12-28 13:47:27.749120433,5593.75,stop,-8,-104.0
2021-12-28,99,long,2021-12-28 14:52:52.006594945,5595.0,2021-12-28 14:53:14.653351061,5593.0,stop,-8,-104.0
2021-12-28,104,long,2021-12-28 15:00:06.189159331,5597.25,2021-12-28 15:01:24.713721955,5598.25,target,4,46.0
2021-12-29,29,long,2021-12-29 09:21:04.235973157,5594.25,2021-12-29 09:22:27.758842327,5592.25,stop,-8,-104.0
2021-12-29,40,short,2021-12-29 09:51:10.497276743,5598.0,2021-12-29 09:54:39.430928019,5600.0,stop,-8,-104.0
2021-12-29,81,long,2021-12-29 14:46:55.187565389,5609.25,2021-12-29 14:48:54.678588815,5610.25,target,4,46.0
2021-12-29,88,short,2021-12-29 14:59:28.244690353,5601.25,2021-12-29 14:59:41.006870363,5600.25,target,4,46.0
2021-12-30,58,long,2021-12-30 14:20:37.541476627,5604.75,2021-12-30 14:24:16.255499563,5602.75,stop,-8,-104.0
2021-12-30,69,short,2021-12-30 14:54:50.141648169,5590.25,2021-12-30 14:55:34.028701029,5589.25,target,4,46.0
2021-12-30,75,long,2021-12-30 14:59:47.276678713,5589.75,2021-12-30 14:59:56.076445193,5587.75,stop,-8,-104.0
2021-12-30,76,long,2021-12-30 15:00:00.496613857,5590.0,2021-12-30 15:00:11.286631183,5588.0,stop,-8,-104.0
2021-12-30,77,long,2021-12-30 15:00:56.149998091,5590.75,2021-12-30 15:02:09.842274481,5588.75,stop,-8,-104.0
2021-12-31,43,long,2021-12-31 11:02:10.333459523,5580.5,2021-12-31 11:03:49.151529597,5581.5,target,4,46.0
2021-12-31,44,short,2021-12-31 11:12:38.212555487,5579.75,2021-12-31 11:14:20.090187269,5578.75,target,4,46.0
2021-12-31,55,short,2021-12-31 12:40:59.462774201,5586.5,2021-12-31 12:45:48.126257431,5585.5,target,4,46.0
2021-12-31,80,short,2021-12-31 14:54:22.728682017,5577.5,2021-12-31 14:54:50.339862727,5576.5,target,4,46.0
2022-01-03,59,short,2022-01-03 09:39:13.033306785,5583.75,2022-01-03 09:39:24.126705063,5585.75,stop,-8,-104.0
2022-01-03,80,short,2022-01-03 10:34:22.900059569,5576.75,2022-01-03 10:35:26.109701475,5575.75,target,4,46.0
2022-01-03,136,long,2022-01-03 14:59:20.804488529,5600.25,2022-01-03 14:59:36.315365501,5601.25,target,4,46.0
2022-01-04,94,short,2022-01-04 12:30:29.214506143,5590.25,2022-01-04 12:30:37.183375337,5589.25,target,4,46.0
2022-01-04,109,long,2022-01-04 13:30:27.715925771,5591.75,2022-01-04 13:30:30.856338515,5592.75,target,4,46.0
2022-01-04,132,short,2022-01-04 14:54:52.233745635,5605.75,2022-01-04 14:55:03.180873521,5604.75,target,4,46.0
2022-01-04,135,long,2022-01-04 14:59:13.075037187,5605.25,2022-01-04 14:59:16.608412903,5603.25,stop,-8,-104.0
2022-01-04,138,long,2022-01-04 15:00:01.328354321,5601.0,2022-01-04 15:00:30.866875111,5599.0,stop,-8,-104.0
2022-01-05,23,short,2022-01-05 08:58:15.746489625,5595.25,2022-01-05 08:59:23.121296191,5597.25,stop,-8,-104.0
2022-01-05,73,long,2022-01-05 11:40:35.055761549,5589.25,2022-01-05 11:41:38.403977085,5587.25,stop,-8,-104.0
2022-01-05,76,long,2022-01-05 11:53:58.526990431,5586.25,2022-01-05 11:59:02.567391435,5584.25,stop,-8,-104.0
2022-01-05,92,long,2022-01-05 13:02:23.539926669,5591.75,2022-01-05 13:02:27.675078839,5592.75,target,4,46.0
2022-01-05,201,short,2022-01-05 15:04:11.415714299,5507.75,2022-01-05 15:04:32.505423565,5506.75,target,4,46.0
2022-01-06,147,short,2022-01-06 12:00:23.435587979,5518.75,2022-01-06 12:00:31.741121717,5517.75,target,4,46.0
2022-01-06,205,long,2022-01-06 14:50:08.908495345,5506.25,2022-01-06 14:50:16.609468827,5504.25,stop,-8,-104.0
2022-01-06,208,long,2022-01-06 14:53:34.364164361,5504.25,2022-01-06 14:54:29.056387431,5502.25,stop,-8,-104.0
2022-01-07,104,short,2022-01-07 11:26:14.796768669,5492.0,2022-01-07 11:28:45.836361827,5494.0,stop,-8,-104.0
2022-01-07,113,long,2022-01-07 12:02:16.429097259,5496.75,2022-01-07 12:03:16.863428369,5494.75,stop,-8,-104.0
2022-01-07,151,long,2022-01-07 14:42:55.539836883,5497.5,2022-01-07 14:43:06.893574207,5495.5,stop,-8,-104.0
2022-01-07,160,short,2022-01-07 14:58:50.159879847,5487.75,2022-01-07 14:59:12.107388865,5486.75,target,4,46.0
2022-01-07,163,short,2022-01-07 14:59:53.289556805,5483.25,2022-01-07 14:59:59.714429489,5485.25,stop,-8,-104.0
2022-01-10,224,long,2022-01-10 14:44:35.987071575,5457.25,2022-01-10 14:44:51.918788579,5455.25,stop,-8,-104.0
2022-01-10,235,long,2022-01-10 14:55:49.902260765,5472.75,2022-01-10 14:56:01.223706799,5470.75,stop,-8,-104.0
2022-01-11,107,long,2022-01-11 10:37:59.027660233,5493.75,2022-01-11 10:38:31.107335091,5494.75,target,4,46.0
2022-01-11,163,short,2022-01-11 14:12:14.273763473,5514.75,2022-01-11 14:14:24.145305343,5516.75,stop,-8,-104.0
2022-01-12,36,long,2022-01-12 09:13:55.959410005,5555.0,2022-01-12 09:15:17.252501179,5553.0,stop,-8,-104.0
2022-01-12,169,short,2022-01-12 14:59:32.304554703,5530.75,2022-01-12 14:59:39.637051055,5532.75,stop,-8,-104.0
2022-01-13,48,long,2022-01-13 09:45:50.081430725,5530.0,2022-01-13 09:46:20.209960535,5531.0,target,4,46.0
2022-01-13,71,long,2022-01-13 10:23:44.568386355,5527.25,2022-01-13 10:24:15.608152111,5528.25,target,4,46.0
2022-01-13,186,short,2022-01-13 14:37:33.323398071,5480.25,2022-01-13 14:37:47.087408037,5479.25,target,4,46.0
2022-01-13,211,short,2022-01-13 15:02:41.092844021,5469.25,2022-01-13 15:03:25.427123877,5468.25,target,4,46.0
2022-01-14,219,long,2022-01-14 14:50:05.140150797,5473.5,2022-01-14 14:50:05.717590835,5474.5,target,4,46.0
2022-01-18,51,long,2022-01-18 09:05:13.081795361,5404.0,2022-01-18 09:06:23.864600027,5405.0,target,4,46.0
2022-01-18,72,long,2022-01-18 09:28:27.162963939,5411.5,2022-01-18 09:28:48.710374541,5408.5,stop,-12,-154.0
2022-01-18,168,short,2022-01-18 12:49:27.285934751,5388.25,2022-01-18 12:49:27.285934751,5390.25,stop,-8,-104.0
2022-01-19,172,short,2022-01-19 14:07:55.242848693,5372.25,2022-01-19 14:08:02.361529527,5374.25,stop,-8,-104.0
2022-01-19,193,short,2022-01-19 14:50:29.409795423,5354.5,2022-01-19 14:50:38.109868011,5353.5,target,4,46.0
2022-01-19,205,short,2022-01-19 15:00:08.234838537,5339.5,2022-01-19 15:00:11.743107757,5341.5,stop,-8,-104.0
2022-01-19,209,long,2022-01-19 15:08:13.246461399,5344.75,2022-01-19 15:09:05.734080503,5342.75,stop,-8,-104.0
2022-01-20,78,long,2022-01-20 10:45:19.765438445,5396.25,2022-01-20 10:47:06.374886479,5397.25,target,4,46.0
2022-01-20,131,long,2022-01-20 13:17:34.916606251,5370.5,2022-01-20 13:18:08.078200739,5371.5,target,4,46.0
2022-01-20,179,short,2022-01-20 14:36:10.999119425,5321.25,2022-01-20 14:36:40.442013605,5320.25,target,4,46.0
2022-01-20,217,short,2022-01-20 15:03:43.646101989,5285.0,2022-01-20 15:04:17.305051733,5284.0,target,4,46.0
2022-01-20,218,long,2022-01-20 15:05:08.105658891,5288.0,2022-01-20 15:05:23.356931675,5289.0,target,4,46.0
2022-01-21,67,short,2022-01-21 09:17:15.017575851,5242.25,2022-01-21 09:17:25.914804645,5241.25,target,4,46.0
2022-01-21,70,long,2022-01-21 09:20:03.186398261,5242.5,2022-01-21 09:20:09.263959515,5240.5,stop,-8,-104.0
2022-01-21,123,short,2022-01-21 09:58:02.522445061,5285.25,2022-01-21 09:58:03.272164561,5284.25,target,4,46.0
2022-01-21,290,short,2022-01-21 14:07:00.888734073,5214.75,2022-01-21 14:07:24.641319695,5213.75,target,4,46.0
2022-01-21,324,short,2022-01-21 14:41:11.230921909,5227.5,2022-01-21 14:41:22.091591555,5226.5,target,4,46.0
2022-01-24,167,short,2022-01-24 10:18:26.063648251,5089.25,2022-01-24 10:18:33.166377411,5088.25,target,4,46.0
2022-01-24,280,short,2022-01-24 12:01:14.182289593,5072.5,2022-01-24 12:01:18.772659957,5074.5,stop,-8,-104.0
2022-01-24,505,short,2022-01-24 14:59:11.304720305,5213.0,2022-01-24 14:59:12.404665059,5212.0,target,4,46.0
2022-01-25,164,short,2022-01-25 10:55:38.630580123,5134.75,2022-01-25 10:55:39.469913547,5133.75,target,4,46.0
2022-01-25,232,short,2022-01-25 12:35:42.927985497,5159.25,2022-01-25 12:36:09.070909677,5158.25,target,4,46.0
2022-01-25,248,short,2022-01-25 13:01:25.843304973,5181.75,2022-01-25 13:01:43.122054453,5180.75,target,4,46.0
2022-01-25,346,long,2022-01-25 14:59:57.006979671,5165.5,2022-01-25 14:59:58.044025233,5166.5,target,4,46.0
2022-01-26,40,short,2022-01-26 09:10:12.446810911,5241.75,2022-01-26 09:10:13.814129333,5240.75,target,4,46.0
2022-01-26,54,short,2022-01-26 09:25:28.127987797,5217.25,2022-01-26 09:25:37.256484103,5216.25,target,4,46.0
2022-01-27,169,short,2022-01-27 11:58:19.555195441,5162.0,2022-01-27 11:58:56.188868047,5161.0,target,4,46.0
2022-01-27,290,short,2022-01-27 14:48:03.146003291,5145.0,2022-01-27 14:48:04.967543171,5147.0,stop,-8,-104.0
2022-01-28,23,short,2022-01-28 08:47:31.506371773,5101.75,2022-01-28 08:47:33.452267943,5104.0,stop,-9,-116.5
2022-01-28,152,short,2022-01-28 11:35:33.239948689,5173.0,2022-01-28 11:35:55.109055455,5172.0,target,4,46.0
2022-01-28,238,short,2022-01-28 14:12:19.833073273,5178.0,2022-01-28 14:12:20.790508091,5180.0,stop,-8,-104.0
2022-01-31,157,short,2022-01-31 14:07:07.340211971,5300.0,2022-01-31 14:08:19.132323809,5299.0,target,4,46.0
2022-01-31,162,long,2022-01-31 14:15:47.300153597,5287.0,2022-01-31 14:15:55.625246957,5285.0,stop,-8,-104.0
2022-02-01,168,long,2022-02-01 14:06:15.158102687,5338.5,2022-02-01 14:07:03.425715453,5336.0,stop,-10,-129.0
2022-02-01,172,short,2022-02-01 14:16:09.572293687,5335.0,2022-02-01 14:16:25.657875713,5337.0,stop,-8,-104.0
2022-02-01,200,long,2022-02-01 15:00:07.517503629,5352.0,2022-02-01 15:01:33.906961243,5353.0,target,4,46.0
2022-02-02,21,short,2022-02-02 08:49:02.639923891,5364.75,2022-02-02 08:49:14.904325083,5363.75,target,4,46.0
2022-02-02,159,short,2022-02-02 13:16:20.587577955,5378.5,2022-02-02 13:17:51.029056095,5380.5,stop,-8,-104.0
2022-02-02,185,short,2022-02-02 14:21:21.487489043,5398.75,2022-02-02 14:22:12.939072109,5397.75,target,4,46.0
2022-02-03,50,long,2022-02-03 09:12:31.748617063,5336.25,2022-02-03 09:12:35.883869167,5334.25,stop,-8,-104.0
2022-02-03,88,long,2022-02-03 10:12:44.281877349,5345.5,2022-02-03 10:13:08.238905457,5346.5,target,4,46.0
2022-02-03,215,short,2022-02-03 14:58:09.338603287,5284.75,2022-02-03 14:58:24.399825957,5286.75,stop,-8,-104.0
2022-02-03,224,long,2022-02-03 15:02:02.843053481,5307.25,2022-02-03 15:02:03.915609727,5308.25,target,4,46.0
2022-02-04,38,long,2022-02-04 09:03:39.309495729,5293.0,2022-02-04 09:03:50.804625207,5294.0,target,4,46.0
2022-02-04,54,short,2022-02-04 09:22:49.118131675,5300.25,2022-02-04 09:22:57.337511307,5302.25,stop,-8,-104.0
2022-02-07,30,short,2022-02-07 09:01:03.453173951,5316.25,2022-02-07 09:01:29.300191701,5318.25,stop,-8,-104.0
2022-02-07,147,short,2022-02-07 14:08:10.722283529,5320.0,2022-02-07 14:08:13.735012601,5319.0,target,4,46.0
2022-02-07,154,short,2022-02-07 14:25:54.639536067,5317.75,2022-02-07 14:26:05.661848401,5319.75,stop,-8,-104.0
2022-02-08,42,short,2022-02-08 09:21:34.132265427,5287.25,2022-02-08 09:21:47.925701683,5289.25,stop,-8,-104.0
2022-02-08,75,short,2022-02-08 10:21:03.265783317,5310.75,2022-02-08 10:21:28.309709389,5309.75,target,4,46.0
2022-02-08,146,short,2022-02-08 13:58:04.577149187,5307.5,2022-02-08 13:58:12.600557691,5306.5,target,4,46.0
2022-02-08,182,short,2022-02-08 14:58:32.803199933,5331.25,2022-02-08 14:58:53.140850151,5330.25,target,4,46.0
2022-02-09,113,long,2022-02-09 13:37:24.909232921,5397.0,2022-02-09 13:41:37.549019111,5394.0,stop,-12,-154.0
2022-02-09,125,short,2022-02-09 14:15:54.631998251,5380.25,2022-02-09 14:16:05.660657255,5382.25,stop,-8,-104.0
2022-02-09,142,short,2022-02-09 14:50:50.651216139,5395.0,2022-02-09 14:50:54.755587053,5394.0,target,4,46.0
2022-02-10,178,long,2022-02-10 12:20:35.464447359,5343.75,2022-02-10 12:20:43.465920793,5344.75,target,4,46.0
2022-02-10,199,short,2022-02-10 12:45:53.725154557,5332.5,2022-02-10 12:46:11.659630075,5334.5,stop,-8,-104.0
2022-02-10,236,long,2022-02-10 13:41:01.594695747,5335.75,2022-02-10 13:41:12.396925151,5333.75,stop,-8,-104.0
2022-02-10,282,long,2022-02-10 14:44:03.675105677,5307.75,2022-02-10 14:44:14.662719457,5305.75,stop,-8,-104.0
2022-02-11,64,short,2022-02-11 09:35:57.689598993,5313.25,2022-02-11 09:36:01.715989679,5312.25,target,4,46.0
2022-02-11,89,short,2022-02-11 10:16:24.657406009,5297.5,2022-02-11 10:16:24.657406009,5299.5,stop,-8,-104.0
2022-02-11,315,short,2022-02-11 14:46:26.691872509,5223.25,2022-02-11 14:46:33.454161961,5222.25,target,4,46.0
2022-02-14,49,short,2022-02-14 09:15:27.260804811,5209.75,2022-02-14 09:15:27.484738239,5208.75,target,4,46.0
2022-02-14,84,long,2022-02-14 09:54:03.294660457,5204.75,2022-02-14 09:54:15.685136425,5202.75,stop,-8,-104.0
2022-02-14,220,short,2022-02-14 13:42:00.299408741,5198.75,2022-02-14 13:42:02.269097707,5197.75,target,4,46.0
2022-02-15,90,short,2022-02-15 11:48:00.772552469,5255.75,2022-02-15 11:48:01.550440445,5254.75,target,4,46.0
2022-02-15,140,short,2022-02-15 14:40:23.327707061,5260.0,2022-02-15 14:40:26.449745841,5259.0,target,4,46.0
2022-02-15,145,short,2022-02-15 14:45:12.440007773,5266.0,2022-02-15 14:45:33.033502385,5265.0,target,4,46.0
2022-02-16,71,short,2022-02-16 11:09:49.692541211,5256.0,2022-02-16 11:10:50.193983035,5255.0,target,4,46.0
2022-02-16,77,short,2022-02-16 11:33:25.070396489,5242.5,2022-02-16 11:34:37.779098413,5241.5,target,4,46.0
2022-02-16,134,long,2022-02-16 13:46:14.778930109,5281.0,2022-02-16 13:47:01.289102935,5279.0,stop,-8,-104.0
2022-02-16,152,short,2022-02-16 14:32:04.004662661,5289.5,2022-02-16 14:32:13.486445113,5288.5,target,4,46.0
2022-02-17,36,long,2022-02-17 09:13:45.793519399,5233.0,2022-02-17 09:14:12.160163133,5234.0,target,4,46.0
2022-02-17,126,short,2022-02-17 13:57:22.485057805,5203.75,2022-02-17 13:58:43.650727731,5202.75,target,4,46.0
2022-02-17,160,long,2022-02-17 14:55:20.121613637,5195.75,2022-02-17 14:55:31.941721459,5193.75,stop,-8,-104.0
2022-02-18,94,short,2022-02-18 10:53:26.674431739,5157.25,2022-02-18 10:53:34.065693225,5159.25,stop,-8,-104.0
2022-02-18,110,short,2022-02-18 11:30:03.631795287,5158.25,2022-02-18 11:30:06.813041341,5157.25,target,4,46.0
2022-02-18,205,long,2022-02-18 14:41:05.836465613,5160.0,2022-02-18 14:41:16.916223567,5161.0,target,4,46.0
2022-02-22,127,short,2022-02-22 11:30:11.227282043,5122.0,2022-02-22 11:30:11.563155989,5121.0,target,4,46.0
2022-02-22,194,long,2022-02-22 13:36:54.561001049,5110.25,2022-02-22 13:37:00.932745959,5108.25,stop,-8,-104.0
2022-02-23,68,short,2022-02-23 09:55:34.072779237,5100.25,2022-02-23 09:55:39.773779829,5099.25,target,4,46.0
2022-02-23,173,short,2022-02-23 13:34:21.356188881,5059.25,2022-02-23 13:35:00.186798281,5061.25,stop,-8,-104.0
2022-02-23,179,long,2022-02-23 13:45:15.664889533,5053.0,2022-02-23 13:45:23.460633609,5054.0,target,4,46.0
2022-02-24,28,long,2022-02-24 08:46:34.149856807,4949.25,2022-02-24 08:46:43.608330211,4947.25,stop,-8,-104.0
2022-02-24,73,long,2022-02-24 09:17:08.831465859,4984.0,2022-02-24 09:17:10.092183401,4982.0,stop,-8,-104.0
2022-02-24,158,long,2022-02-24 10:55:15.222376145,5001.25,2022-02-24 10:55:15.222376145,4997.75,stop,-14,-179.0
2022-02-25,66,long,2022-02-25 09:41:06.813676995,5138.75,2022-02-25 09:41:09.688508605,5139.75,target,4,46.0
2022-02-25,95,short,2022-02-25 10:27:21.198168543,5170.25,2022-02-25 10:27:23.894042623,5169.25,target,4,46.0
2022-02-25,139,long,2022-02-25 12:17:49.878314851,5175.0,2022-02-25 12:18:28.648855487,5176.0,target,4,46.0
2022-02-25,218,long,2022-02-25 15:01:14.591067541,5199.5,2022-02-25 15:02:28.021210845,5197.5,stop,-8,-104.0
2022-02-28,175,long,2022-02-28 13:44:03.992505989,5145.0,2022-02-28 13:44:05.235160621,5146.0,target,4,46.0
2022-02-28,220,long,2022-02-28 14:54:41.370880017,5175.5,2022-02-28 14:54:50.304838607,5176.5,target,4,46.0
2022-02-28,225,long,2022-02-28 14:58:12.285045105,5185.0,2022-02-28 14:58:16.638760977,5186.0,target,4,46.0
2022-03-01,58,short,2022-03-01 09:43:16.170226287,5146.0,2022-03-01 09:43:24.335231315,5145.0,target,4,46.0
2022-03-01,88,short,2022-03-01 10:34:25.559916705,5131.5,2022-03-01 10:35:02.223610793,5133.75,stop,-9,-116.5
2022-03-01,217,long,2022-03-01 14:51:34.222654439,5096.25,2022-03-01 14:51:36.911169507,5097.25,target,4,46.0
2022-03-02,57,long,2022-03-02 09:36:23.645948223,5164.75,2022-03-02 09:36:25.037145453,5165.75,target,4,46.0
2022-03-02,106,long,2022-03-02 10:39:03.293352849,5192.75,2022-03-02 10:39:07.523145925,5190.75,stop,-8,-104.0
2022-03-02,132,long,2022-03-02 11:53:42.382689399,5197.5,2022-03-02 11:53:47.680740389,5198.5,target,4,46.0
2022-03-02,140,short,2022-03-02 12:24:54.215332517,5203.75,2022-03-02 12:25:01.187647459,5202.75,target,4,46.0
2022-03-02,153,long,2022-03-02 13:20:30.363439969,5214.0,2022-03-02 13:20:59.967790259,5209.75,stop,-17,-216.5
2022-03-03,47,short,2022-03-03 09:37:15.259143449,5184.5,2022-03-03 09:37:58.603096639,5186.5,stop,-8,-104.0
2022-03-03,144,long,2022-03-03 13:12:11.219043809,5202.5,2022-03-03 13:12:11.596212807,5203.5,target,4,46.0
2022-03-03,160,short,2022-03-03 14:00:25.888784691,5178.25,2022-03-03 14:00:27.252509149,5177.25,target,4,46.0
2022-03-03,190,long,2022-03-03 14:56:40.714017485,5173.25,2022-03-03 14:56:55.985298681,5174.25,target,4,46.0
2022-03-04,33,short,2022-03-04 09:08:26.317806907,5119.5,2022-03-04 09:09:00.293830967,5118.5,target,4,46.0
2022-03-04,147,long,2022-03-04 13:05:14.987829289,5124.0,2022-03-04 13:05:53.017235997,5122.0,stop,-8,-104.0
2022-03-07,99,long,2022-03-07 11:05:44.158962217,5059.75,2022-03-07 11:05:50.125549849,5057.75,stop,-8,-104.0
2022-03-07,220,short,2022-03-07 15:02:41.126846959,5010.75,2022-03-07 15:03:27.075689191,5009.75,target,4,46.0
2022-03-08,93,long,2022-03-08 10:00:26.252418911,5014.25,2022-03-08 10:00:31.739671855,5012.25,stop,-8,-104.0
2022-03-08,146,long,2022-03-08 11:18:23.495111853,5058.25,2022-03-08 11:18:25.294349887,5059.25,target,4,46.0
2022-03-08,202,short,2022-03-08 12:28:17.885697123,5056.75,2022-03-08 12:28:20.090251589,5055.75,target,4,46.0
2022-03-08,224,short,2022-03-08 12:57:34.467275083,5018.75,2022-03-08 12:57:35.451787943,5017.75,target,4,46.0
2022-03-08,318,short,2022-03-08 15:05:52.220925467,4971.5,2022-03-08 15:07:25.025494651,4973.5,stop,-8,-104.0
2022-03-09,159,short,2022-03-09 14:35:21.702187939,5108.25,2022-03-09 14:35:40.179431239,5110.25,stop,-8,-104.0
2022-03-09,160,short,2022-03-09 14:37:53.985315639,5106.5,2022-03-09 14:39:22.562029627,5105.5,target,4,46.0
2022-03-09,176,long,2022-03-09 14:58:55.720170585,5088.5,2022-03-09 14:58:58.013498903,5086.5,stop,-8,-104.0
2022-03-10,24,long,2022-03-10 12:34:33.742810193,5044.0,2022-03-10 12:35:49.110608821,5045.0,target,4,46.0
2022-03-10,28,long,2022-03-10 13:48:13.801016103,5072.0,2022-03-10 13:48:13.801016103,5070.0,stop,-8,-104.0
2022-03-10,34,short,2022-03-10 14:59:33.623176111,5072.75,2022-03-10 14:59:44.750409459,5071.75,target,4,46.0
2022-03-11,124,short,2022-03-11 13:51:18.906852755,5048.75,2022-03-11 13:52:34.610859655,5047.75,target,4,46.0
2022-03-11,128,short,2022-03-11 14:06:53.064342959,5044.0,2022-03-11 14:07:03.262333923,5043.0,target,4,46.0
2022-03-11,145,long,2022-03-11 14:55:06.947780153,5026.5,2022-03-11 14:55:08.394487137,5027.5,target,4,46.0
2022-03-14,25,long,2022-03-14 08:59:27.702129111,5034.0,2022-03-14 08:59:37.417181039,5032.0,stop,-8,-104.0
2022-03-14,133,short,2022-03-14 13:16:15.577776209,4982.75,2022-03-14 13:17:15.914939357,4981.75,target,4,46.0
2022-03-14,143,long,2022-03-14 13:53:53.399113943,4984.25,2022-03-14 13:54:04.591130429,4985.25,target,4,46.0
2022-03-14,157,short,2022-03-14 14:28:07.413040621,4990.25,2022-03-14 14:28:07.648610703,4989.25,target,4,46.0
2022-03-14,178,long,2022-03-14 14:59:59.329781967,4988.25,2022-03-14 15:00:03.809061835,4986.25,stop,-8,-104.0
2022-03-15,154,long,2022-03-15 13:56:15.249767317,5061.75,2022-03-15 13:56:31.310321249,5059.75,stop,-8,-104.0
2022-03-15,163,long,2022-03-15 14:18:46.428162369,5073.5,2022-03-15 14:19:42.974098415,5074.5,target,4,46.0
2022-03-15,173,long,2022-03-15 14:45:00.740499145,5078.25,2022-03-15 14:45:04.272564447,5076.25,stop,-8,-104.0
2022-03-15,188,long,2022-03-15 15:00:30.511904579,5080.75,2022-03-15 15:00:35.376813159,5078.75,stop,-8,-104.0
2022-03-16,109,short,2022-03-16 12:08:18.692765823,5123.75,2022-03-16 12:08:29.504586171,5125.75,stop,-8,-104.0
2022-03-16,220,long,2022-03-16 14:55:56.514116553,5162.25,2022-03-16 14:56:50.888179299,5163.25,target,4,46.0
2022-03-17,22,long,2022-03-17 08:56:07.950145771,5171.5,2022-03-17 08:56:11.626248199,5169.5,stop,-8,-104.0
2022-03-17,40,long,2022-03-17 09:25:07.010692633,5184.75,2022-03-17 09:25:22.026028951,5182.5,stop,-9,-116.5
2022-03-17,74,short,2022-03-17 10:51:26.840090023,5169.25,2022-03-17 10:51:58.925648235,5171.25,stop,-8,-104.0
2022-03-17,132,long,2022-03-17 14:19:38.433395311,5209.25,2022-03-17 14:20:07.063986963,5207.25,stop,-8,-104.0
2022-03-17,158,short,2022-03-17 15:03:48.844696139,5226.5,2022-03-17 15:04:28.249952035,5225.5,target,4,46.0
2022-03-18,89,short,2022-03-18 11:46:38.682565911,5245.5,2022-03-18 11:47:06.358334305,5244.5,target,4,46.0
2022-03-18,121,long,2022-03-18 14:09:53.014292603,5263.75,2022-03-18 14:10:25.720489293,5264.75,target,4,46.0
2022-03-18,150,long,2022-03-18 15:00:15.503160935,5277.5,2022-03-18 15:03:24.275861201,5278.5,target,4,46.0
2022-03-18,154,long,2022-03-18 15:08:44.095575555,5280.25,2022-03-18 15:13:40.722914117,5281.25,target,4,46.0
2022-03-21,53,short,2022-03-21 10:08:07.546448035,5276.0,2022-03-21 10:10:24.550246375,5278.0,stop,-8,-104.0
2022-03-21,94,short,2022-03-21 11:57:22.469472035,5256.0,2022-03-21 11:58:13.875806969,5255.0,target,4,46.0
2022-03-21,139,short,2022-03-21 13:56:34.496262105,5255.5,2022-03-21 13:56:56.416873375,5257.5,stop,-8,-104.0
2022-03-22,58,short,2022-03-22 10:28:44.589431761,5326.25,2022-03-22 10:29:16.511545511,5325.25,target,4,46.0
2022-03-22,143,long,2022-03-22 15:00:19.351503263,5330.0,2022-03-22 15:02:09.460204063,5331.0,target,4,46.0
2022-03-23,47,long,2022-03-23 09:50:00.670551103,5302.5,2022-03-23 09:50:12.780819647,5300.5,stop,-8,-104.0
2022-03-23,91,short,2022-03-23 12:03:54.849311315,5295.25,2022-03-23 12:04:01.111053813,5297.25,stop,-8,-104.0
2022-03-24,118,short,2022-03-24 13:45:15.541317037,5310.75,2022-03-24 13:45:24.626289699,5309.75,target,4,46.0
2022-03-24,128,long,2022-03-24 14:21:02.114467445,5325.75,2022-03-24 14:24:53.484915651,5326.75,target,4,46.0
2022-03-24,146,long,2022-03-24 15:00:00.004387471,5337.25,2022-03-24 15:00:10.270198385,5335.25,stop,-8,-104.0
2022-03-25,37,long,2022-03-25 09:36:30.017410471,5359.25,2022-03-25 09:38:59.004712269,5357.25,stop,-8,-104.0
2022-03-25,75,short,2022-03-25 10:55:22.353445539,5326.25,2022-03-25 10:55:41.905041469,5325.25,target,4,46.0
2022-03-25,88,short,2022-03-25 11:37:00.429076491,5331.5,2022-03-25 11:37:32.626857331,5330.5,target,4,46.0
2022-03-28,36,short,2022-03-28 09:26:39.238739559,5355.25,2022-03-28 09:28:30.777584777,5357.5,stop,-9,-116.5
2022-03-28,116,long,2022-03-28 13:43:49.159577041,5364.25,2022-03-28 13:44:26.187800681,5365.25,target,4,46.0
2022-03-28,129,long,2022-03-28 14:23:14.031816195,5377.75,2022-03-28 14:23:48.500376303,5378.75,target,4,46.0
2022-03-28,146,long,2022-03-28 15:00:00.056862837,5392.75,2022-03-28 15:00:01.315211685,5390.75,stop,-8,-104.0
2022-03-29,49,long,2022-03-29 09:32:11.604420551,5421.75,2022-03-29 09:32:18.723391189,5422.75,target,4,46.0
2022-03-29,60,short,2022-03-29 09:49:03.299905863,5416.25,2022-03-29 09:49:04.112631149,5415.25,target,4,46.0
2022-03-29,114,long,2022-03-29 12:57:44.754177935,5427.75,2022-03-29 12:59:16.990666767,5428.75,target,4,46.0
2022-03-29,160,short,2022-03-29 15:05:38.701670811,5443.5,2022-03-29 15:06:17.250040311,5445.5,stop,-8,-104.0
2022-03-30,95,short,2022-03-30 13:27:05.822013325,5418.75,2022-03-30 13:30:46.981926863,5420.75,stop,-8,-104.0
2022-03-30,131,long,2022-03-30 14:54:43.030337485,5407.75,2022-03-30 14:54:55.250705149,5405.75,stop,-8,-104.0
2022-03-30,140,long,2022-03-30 15:04:42.408868405,5423.75,2022-03-30 15:14:02.757571273,5424.75,target,4,46.0
2022-03-31,35,short,2022-03-31 09:25:20.141882821,5400.25,2022-03-31 09:25:22.309646583,5399.25,target,4,46.0
2022-03-31,40,long,2022-03-31 09:35:07.457375397,5412.0,2022-03-31 09:35:15.616579655,5413.0,target,4,46.0
2022-03-31,127,long,2022-03-31 14:35:54.853933255,5382.5,2022-03-31 14:36:01.100167201,5383.5,target,4,46.0
2022-04-01,28,long,2022-04-01 09:10:14.806755273,5356.0,2022-04-01 09:11:31.696791537,5357.0,target,4,46.0
2022-04-01,31,short,2022-04-01 09:15:40.048703861,5356.25,2022-04-01 09:15:40.048703861,5359.25,stop,-12,-154.0
2022-04-01,166,short,2022-04-01 14:59:58.646252529,5361.25,2022-04-01 14:59:59.531503229,5363.25,stop,-8,-104.0
2022-04-04,62,long,2022-04-04 10:53:22.605527025,5389.25,2022-04-04 10:55:22.605851385,5390.25,target,4,46.0
2022-04-04,78,long,2022-04-04 12:28:33.248629509,5386.5,2022-04-04 12:33:23.520480263,5387.5,target,4,46.0
2022-04-05,64,short,2022-04-05 10:08:53.402261923,5381.0,2022-04-05 10:09:34.493665517,5380.0,target,4,46.0
2022-04-05,156,long,2022-04-05 14:59:17.454516795,5342.0,2022-04-05 14:59:25.598299725,5340.0,stop,-8,-104.0
2022-04-05,160,long,2022-04-05 15:05:05.565033241,5347.75,2022-04-05 15:14:26.730419543,5345.75,stop,-8,-104.0
2022-04-06,113,short,2022-04-06 12:46:01.976815575,5299.25,2022-04-06 12:46:39.814148685,5298.25,target,4,46.0
2022-04-06,135,short,2022-04-06 13:11:18.954332073,5281.75,2022-04-06 13:11:23.109414473,5280.75,target,4,46.0
2022-04-06,142,short,2022-04-06 13:18:11.660535767,5269.75,2022-04-06 13:18:21.474024767,5268.75,target,4,46.0
2022-04-06,184,short,2022-04-06 14:07:41.217729333,5308.0,2022-04-06 14:08:04.576343771,5307.0,target,4,46.0
2022-04-06,221,short,2022-04-06 14:58:41.407302813,5301.75,2022-04-06 14:58:56.309317965,5300.75,target,4,46.0
2022-04-07,167,long,2022-04-07 14:30:40.007635199,5328.25,2022-04-07 14:30:50.265697481,5329.25,target,4,46.0
2022-04-07,168,long,2022-04-07 14:32:56.515739039,5331.5,2022-04-07 14:33:09.953924047,5332.5,target,4,46.0
2022-04-08,102,long,2022-04-08 11:52:35.364516603,5331.0,2022-04-08 11:52:56.071842163,5332.0,target,4,46.0
2022-04-08,110,short,2022-04-08 12:25:29.600314595,5326.25,2022-04-08 12:26:21.144316987,5325.25,target,4,46.0
2022-04-08,170,short,2022-04-08 15:03:40.662785979,5310.0,2022-04-08 15:13:09.028886653,5309.0,target,4,46.0
2022-04-11,147,short,2022-04-11 14:45:14.452500683,5234.75,2022-04-11 14:45:16.224625959,5233.75,target,4,46.0
2022-04-11,158,long,2022-04-11 14:59:04.256942635,5231.5,2022-04-11 14:59:11.004999007,5229.5,stop,-8,-104.0
2022-04-12,35,short,2022-04-12 09:07:20.986427517,5275.25,2022-04-12 09:09:14.457927311,5277.25,stop,-8,-104.0
2022-04-12,104,short,2022-04-12 11:42:59.100665423,5249.0,2022-04-12 11:42:59.312571811,5248.0,target,4,46.0
2022-04-12,142,short,2022-04-12 13:09:20.197828705,5231.5,2022-04-12 13:10:44.417487011,5230.5,target,4,46.0
2022-04-12,150,short,2022-04-12 13:29:25.537830647,5218.5,2022-04-12 13:29:46.010903739,5217.5,target,4,46.0
2022-04-12,165,short,2022-04-12 14:02:16.464632697,5217.5,2022-04-12 14:02:36.022376113,5216.5,target,4,46.0
2022-04-13,101,short,2022-04-13 12:53:26.935487717,5247.75,2022-04-13 12:58:07.767832335,5249.75,stop,-8,-104.0
2022-04-13,120,long,2022-04-13 14:08:51.121531393,5265.25,2022-04-13 14:08:54.266809711,5263.25,stop,-8,-104.0
2022-04-13,136,short,2022-04-13 14:54:17.385871113,5264.25,2022-04-13 14:54:40.214813533,5266.5,stop,-9,-116.5
2022-04-13,139,short,2022-04-13 14:59:24.750658765,5262.25,2022-04-13 14:59:32.591077797,5264.25,stop,-8,-104.0
2022-04-13,143,short,2022-04-13 15:04:28.047026589,5261.75,2022-04-13 15:13:23.074773375,5263.75,stop,-8,-104.0
2022-04-14,42,long,2022-04-14 09:22:35.170096693,5245.25,2022-04-14 09:22:47.855618709,5246.25,target,4,46.0
2022-04-14,130,short,2022-04-14 14:26:00.389316265,5224.5,2022-04-14 14:27:18.155280181,5223.5,target,4,46.0
2022-04-14,146,short,2022-04-14 14:57:43.820038005,5212.5,2022-04-14 14:57:46.770151637,5211.5,target,4,46.0
2022-04-18,40,long,2022-04-18 09:32:50.205322061,5221.5,2022-04-18 09:33:05.538915151,5219.5,stop,-8,-104.0
2022-04-18,67,short,2022-04-18 11:04:08.001846243,5199.25,2022-04-18 11:06:15.582908571,5201.25,stop,-8,-104.0
2022-04-18,76,long,2022-04-18 11:42:45.634487269,5193.5,2022-04-18 11:43:46.643463005,5194.5,target,4,46.0
2022-04-18,139,long,2022-04-18 14:59:54.156860285,5210.75,2022-04-18 14:59:59.072397567,5211.75,target,4,46.0
2022-04-19,40,long,2022-04-19 09:16:33.282154393,5253.0,2022-04-19 09:17:13.789460295,5254.0,target,4,46.0
2022-04-19,53,long,2022-04-19 09:43:56.317150629,5266.75,2022-04-19 09:44:49.422513085,5264.75,stop,-8,-104.0
2022-04-19,89,short,2022-04-19 11:58:00.353617469,5266.25,2022-04-19 12:03:01.132043421,5268.25,stop,-8,-104.0
2022-04-19,147,short,2022-04-19 14:59:58.901372111,5281.5,2022-04-19 15:00:00.173997969,5283.5,stop,-8,-104.0
2022-04-20,165,long,2022-04-20 14:57:16.920690793,5279.75,2022-04-20 14:59:16.585046493,5277.75,stop,-8,-104.0
2022-04-20,169,long,2022-04-20 15:00:01.322022759,5280.0,2022-04-20 15:00:08.991173661,5278.0,stop,-8,-104.0
2022-04-21,32,short,2022-04-21 09:13:46.651625537,5316.75,2022-04-21 09:13:54.195729983,5315.75,target,4,46.0
2022-04-21,42,long,2022-04-21 09:29:14.978947595,5319.25,2022-04-21 09:29:16.412838365,5320.25,target,4,46.0
2022-04-21,161,short,2022-04-21 13:38:26.900223633,5243.75,2022-04-21 13:38:43.480606773,5242.75,target,4,46.0
2022-04-22,53,short,2022-04-22 09:21:23.621658165,5164.5,2022-04-22 09:21:28.703723687,5163.5,target,4,46.0
2022-04-22,179,long,2022-04-22 14:11:38.388905467,5103.0,2022-04-22 14:11:45.178799039,5104.0,target,4,46.0
2022-04-22,230,short,2022-04-22 15:00:57.450652335,5086.5,2022-04-22 15:01:07.521130495,5088.5,stop,-8,-104.0
2022-04-22,235,short,2022-04-22 15:14:03.639568941,5076.25,2022-04-22 15:14:22.280649741,5078.25,stop,-8,-104.0
2022-04-25,200,short,2022-04-25 12:57:38.108524625,5054.0,2022-04-25 12:57:48.508280067,5053.0,target,4,46.0
2022-04-25,226,long,2022-04-25 13:45:59.446731805,5085.0,2022-04-25 13:46:11.609997005,5086.0,target,4,46.0
2022-04-25,232,short,2022-04-25 13:56:20.589926983,5094.75,2022-04-25 13:56:33.718284219,5096.75,stop,-8,-104.0
2022-04-25,278,long,2022-04-25 14:58:12.056319601,5115.75,2022-04-25 14:58:16.199217661,5113.75,stop,-8,-104.0
2022-04-25,283,long,2022-04-25 15:00:39.396190179,5117.5,2022-04-25 15:00:45.442200613,5118.5,target,4,46.0
2022-04-26,34,short,2022-04-26 09:08:43.270833339,5071.75,2022-04-26 09:08:59.295314111,5073.75,stop,-8,-104.0
2022-04-26,212,short,2022-04-26 14:35:58.578706041,5002.5,2022-04-26 14:36:44.371367495,5004.5,stop,-8,-104.0
2022-04-26,231,long,2022-04-26 14:55:11.298361699,5006.75,2022-04-26 14:55:16.120645567,5004.75,stop,-8,-104.0
2022-04-27,199,short,2022-04-27 13:30:46.134369149,5032.0,2022-04-27 13:31:30.958610985,5034.0,stop,-8,-104.0
2022-04-27,265,long,2022-04-27 15:10:49.082328429,5015.25,2022-04-27 15:10:55.284395005,5012.0,stop,-13,-166.5
2022-04-28,69,long,2022-04-28 09:54:05.169788643,5016.5,2022-04-28 09:54:43.245919973,5014.5,stop,-8,-104.0
2022-04-28,206,long,2022-04-28 14:59:03.965968349,5104.75,2022-04-28 14:59:08.730973485,5102.75,stop,-8,-104.0
2022-04-28,208,long,2022-04-28 14:59:49.860293871,5106.5,2022-04-28 14:59:56.953203117,5107.5,target,4,46.0
2022-04-28,213,short,2022-04-28 15:01:44.902568653,5086.5,2022-04-28 15:01:52.936655567,5088.5,stop,-8,-104.0
2022-04-29,142,long,2022-04-29 12:23:44.596367969,5017.5,2022-04-29 12:24:07.977444181,5018.5,target,4,46.0
2022-04-29,189,short,2022-04-29 14:14:10.077431847,4969.0,2022-04-29 14:14:19.911562141,4971.0,stop,-8,-104.0
2022-05-02,60,long,2022-05-02 09:11:19.120636227,4940.75,2022-05-02 09:11:20.082581209,4941.75,target,4,46.0
2022-05-02,316,long,2022-05-02 15:00:05.862747835,4977.25,2022-05-02 15:00:15.658299737,4978.25,target,4,46.0
2022-05-03,97,long,2022-05-03 10:20:10.618951629,5008.0,2022-05-03 10:20:17.720288231,5009.0,target,4,46.0
2022-05-03,230,short,2022-05-03 14:55:27.157319951,4993.5,2022-05-03 14:55:31.522779533,4992.5,target,4,46.0
2022-05-03,234,short,2022-05-03 14:59:53.007020471,4990.75,2022-05-03 14:59:56.006840909,4992.75,stop,-8,-104.0
2022-05-04,121,long,2022-05-04 13:05:20.061718413,5025.25,2022-05-04 13:05:24.507714179,5022.75,stop,-10,-129.0
2022-05-04,250,long,2022-05-04 14:44:43.258373995,5114.5,2022-05-04 14:44:49.783435751,5115.5,target,4,46.0
2022-05-05,154,long,2022-05-05 11:07:40.863746123,4961.75,2022-05-05 11:08:27.697244967,4959.75,stop,-8,-104.0
2022-05-05,327,short,2022-05-05 14:53:50.358597579,4948.5,2022-05-05 14:53:52.952542359,4950.5,stop,-8,-104.0
2022-05-06,273,long,2022-05-06 13:50:32.544608351,4931.5,2022-05-06 13:50:37.281018701,4929.5,stop,-8,-104.0
2022-05-06,288,long,2022-05-06 14:10:29.523961429,4914.0,2022-05-06 14:10:49.337492359,4912.0,stop,-8,-104.0
2022-05-06,302,long,2022-05-06 14:30:15.450156265,4920.0,2022-05-06 14:30:29.043618669,4921.0,target,4,46.0
2022-05-06,310,long,2022-05-06 14:39:00.178004565,4945.75,2022-05-06 14:39:01.642805517,4946.75,target,4,46.0
2022-05-06,322,short,2022-05-06 14:49:33.323108531,4946.25,2022-05-06 14:49:43.448788943,4948.25,stop,-8,-104.0
2022-05-09,23,short,2022-05-09 08:46:25.272728917,4866.25,2022-05-09 08:46:32.197574959,4865.25,target,4,46.0
2022-05-09,52,short,2022-05-09 09:09:59.586084895,4857.25,2022-05-09 09:10:02.499425331,4859.25,stop,-8,-104.0
2022-05-09,174,short,2022-05-09 12:06:34.116911403,4832.5,2022-05-09 12:06:42.958893787,4834.5,stop,-8,-104.0
2022-05-09,287,long,2022-05-09 15:13:14.755740457,4824.5,2022-05-09 15:13:23.790652007,4822.5,stop,-8,-104.0
2022-05-10,95,short,2022-05-10 09:59:22.977852215,4819.5,2022-05-10 09:59:25.864082303,4818.5,target,4,46.0
2022-05-10,279,long,2022-05-10 14:00:31.210606543,4845.25,2022-05-10 14:00:34.215783129,4843.25,stop,-8,-104.0
2022-05-10,287,short,2022-05-10 14:13:29.289703365,4840.5,2022-05-10 14:13:34.089584683,4842.5,stop,-8,-104.0
2022-05-10,327,long,2022-05-10 15:05:22.396741539,4817.25,2022-05-10 15:05:31.072137191,4818.25,target,4,46.0
2022-05-11,79,short,2022-05-11 09:24:23.352173705,4856.75,2022-05-11 09:24:27.124456479,4855.75,target,4,46.0
2022-05-11,202,short,2022-05-11 12:28:10.221776719,4788.75,2022-05-11 12:28:22.979261981,4787.75,target,4,46.0
2022-05-11,227,long,2022-05-11 13:02:31.855964505,4778.25,2022-05-11 13:02:33.521293063,4776.25,stop,-8,-104.0
2022-05-11,326,long,2022-05-11 15:13:17.030282669,4765.0,2022-05-11 15:13:47.842984557,4766.0,target,4,46.0
2022-05-12,29,short,2022-05-12 08:49:15.194194555,4731.75,2022-05-12 08:49:23.704365993,4730.75,target,4,46.0
2022-05-12,320,long,2022-05-12 14:50:10.058715615,4732.25,2022-05-12 14:50:13.781341533,4730.25,stop,-8,-104.0
2022-05-12,333,long,2022-05-12 14:58:52.687540331,4748.25,2022-05-12 14:58:54.945756013,4746.25,stop,-8,-104.0
2022-05-13,110,short,2022-05-13 11:15:10.927396189,4855.5,2022-05-13 11:16:14.792761509,4857.5,stop,-8,-104.0
2022-05-13,144,short,2022-05-13 12:46:10.165868481,4826.25,2022-05-13 12:46:12.748607761,4825.25,target,4,46.0
2022-05-13,175,long,2022-05-13 13:38:22.014504411,4814.0,2022-05-13 13:38:23.005995753,4815.0,target,4,46.0
2022-05-16,151,long,2022-05-16 12:27:39.087454185,4847.25,2022-05-16 12:28:14.736094927,4848.25,target,4,46.0
2022-05-16,225,long,2022-05-16 14:59:55.596296529,4830.75,2022-05-16 14:59:57.007524115,4828.75,stop,-8,-104.0
2022-05-17,62,long,2022-05-17 09:55:14.037176563,4862.25,2022-05-17 09:56:09.823888485,4863.25,target,4,46.0
2022-05-17,94,long,2022-05-17 11:16:44.304652155,4882.75,2022-05-17 11:17:10.408001559,4883.75,target,4,46.0
2022-05-18,188,short,2022-05-18 13:31:39.722817927,4757.0,2022-05-18 13:31:50.143333721,4756.0,target,4,46.0
2022-05-18,219,long,2022-05-18 14:20:18.418695515,4748.5,2022-05-18 14:20:30.447608501,4749.5,target,4,46.0
2022-05-18,265,short,2022-05-18 14:59:59.922621215,4747.5,2022-05-18 15:00:00.152843879,4749.5,stop,-8,-104.0
2022-05-19,62,long,2022-05-19 09:17:17.890707465,4733.75,2022-05-19 09:17:20.770816755,4731.75,stop,-8,-104.0
2022-05-19,86,short,2022-05-19 09:41:10.955307573,4710.5,2022-05-19 09:41:21.218515503,4712.5,stop,-8,-104.0
2022-05-19,248,short,2022-05-19 13:55:15.072053493,4752.5,2022-05-19 13:55:28.150309409,4751.5,target,4,46.0
2022-05-19,306,short,2022-05-19 15:02:49.788925613,4716.0,2022-05-19 15:02:53.613689471,4715.0,target,4,46.0
2022-05-20,101,long,2022-05-20 10:27:18.750695819,4693.25,2022-05-20 10:27:44.713128233,4694.25,target,4,46.0
2022-05-20,124,short,2022-05-20 11:02:20.701301151,4682.25,2022-05-20 11:02:29.768613373,4684.25,stop,-8,-104.0
2022-05-20,233,long,2022-05-20 13:44:44.048293037,4655.0,2022-05-20 13:44:44.075557161,4656.0,target,4,46.0
2022-05-20,271,long,2022-05-20 14:35:50.257464899,4692.5,2022-05-20 14:35:53.185831065,4690.5,stop,-8,-104.0
2022-05-23,53,short,2022-05-23 09:16:49.323023879,4748.25,2022-05-23 09:16:55.247273159,4747.25,target,4,46.0
2022-05-23,118,short,2022-05-23 10:46:51.820911255,4791.25,2022-05-23 10:47:21.593478775,4790.25,target,4,46.0
2022-05-23,203,short,2022-05-23 14:21:15.894245227,4787.5,2022-05-23 14:22:27.110554013,4786.5,target,4,46.0
2022-05-23,233,long,2022-05-23 15:07:38.073235411,4800.25,2022-05-23 15:07:42.845727419,4801.25,target,4,46.0
2022-05-24,123,long,2022-05-24 11:09:54.688687529,4736.0,2022-05-24 11:10:04.763768685,4734.0,stop,-8,-104.0
2022-05-24,127,long,2022-05-24 11:16:00.775829479,4752.0,2022-05-24 11:16:19.941926827,4750.0,stop,-8,-104.0
2022-05-24,144,long,2022-05-24 11:48:01.418517283,4721.25,2022-05-24 11:48:08.553351031,4722.25,target,4,46.0
2022-05-24,174,long,2022-05-24 12:55:56.856257507,4744.5,2022-05-24 12:56:04.046557693,4745.5,target,4,46.0
2022-05-25,52,long,2022-05-25 09:29:01.329703689,4790.5,2022-05-25 09:29:20.884376613,4788.25,stop,-9,-116.5
2022-05-25,125,short,2022-05-25 12:11:49.358033591,4763.25,2022-05-25 12:11:51.293075927,4762.25,target,4,46.0
2022-05-25,237,short,2022-05-25 15:08:13.286958329,4797.75,2022-05-25 15:08:13.297254645,4796.75,target,4,46.0
2022-05-26,42,short,2022-05-26 09:25:56.282637801,4862.0,2022-05-26 09:26:01.048565367,4864.0,stop,-8,-104.0
2022-05-26,153,short,2022-05-26 14:56:00.010864449,4879.75,2022-05-26 14:56:13.852351597,4881.75,stop,-8,-104.0
2022-05-26,157,long,2022-05-26 14:59:47.296737985,4880.25,2022-05-26 14:59:52.435472161,4881.25,target,4,46.0
2022-05-27,61,short,2022-05-27 09:59:11.552595839,4935.0,2022-05-27 10:00:03.113907407,4937.0,stop,-8,-104.0
2022-05-27,136,long,2022-05-27 14:19:18.701869133,4966.75,2022-05-27 14:20:25.559084343,4967.75,target,4,46.0
2022-05-27,138,long,2022-05-27 14:25:16.475777511,4970.5,2022-05-27 14:30:25.932198765,4971.5,target,4,46.0
2022-05-31,87,long,2022-05-31 10:09:50.154930465,4950.25,2022-05-31 10:10:01.709928515,4948.25,stop,-8,-104.0
2022-05-31,90,short,2022-05-31 10:14:54.863464451,4941.75,2022-05-31 10:15:20.664155787,4943.75,stop,-8,-104.0
2022-05-31,151,long,2022-05-31 12:33:07.314734829,4968.0,2022-05-31 12:33:09.474502855,4969.0,target,4,46.0
2022-05-31,206,long,2022-05-31 14:22:19.327336581,4966.75,2022-05-31 14:23:00.951161353,4967.75,target,4,46.0
2022-05-31,249,long,2022-05-31 15:09:21.922058767,4951.5,2022-05-31 15:10:32.795816169,4952.5,target,4,46.0
2022-06-01,25,short,2022-06-01 08:57:35.828354767,4974.5,2022-06-01 08:57:41.455781647,4973.5,target,4,46.0
2022-06-01,182,short,2022-06-01 13:19:01.924666529,4924.75,2022-06-01 13:19:38.532841407,4927.0,stop,-9,-116.5
2022-06-01,242,long,2022-06-01 15:00:27.558576507,4923.25,2022-06-01 15:00:42.933332713,4924.25,target,4,46.0
2022-06-02,131,short,2022-06-02 12:27:40.329195649,4966.0,2022-06-02 12:28:07.764471777,4965.0,target,4,46.0
2022-06-02,166,long,2022-06-02 14:24:46.554655069,4984.5,2022-06-02 14:25:32.447819129,4985.5,target,4,46.0
2022-06-03,68,short,2022-06-03 09:54:51.533679371,4938.0,2022-06-03 09:55:32.266581835,4940.0,stop,-8,-104.0
2022-06-03,76,short,2022-06-03 10:10:02.344196475,4927.25,2022-06-03 10:10:42.411250165,4926.25,target,4,46.0
2022-06-06,93,short,2022-06-06 11:12:48.343267535,4940.75,2022-06-06 11:13:09.453856115,4939.75,target,4,46.0
2022-06-06,163,long,2022-06-06 14:03:11.909273793,4947.5,2022-06-06 14:03:25.125715471,4945.5,stop,-8,-104.0
2022-06-06,170,short,2022-06-06 14:20:05.471296781,4932.5,2022-06-06 14:20:39.392841917,4931.5,target,4,46.0
2022-06-06,185,long,2022-06-06 14:53:05.824205383,4945.5,2022-06-06 14:53:26.073900841,4943.5,stop,-8,-104.0
2022-06-07,44,long,2022-06-07 09:21:54.172793095,4924.0,2022-06-07 09:21:56.346128003,4925.0,target,4,46.0
2022-06-07,120,long,2022-06-07 12:10:57.283013141,4957.75,2022-06-07 12:11:31.186257417,4955.75,stop,-8,-104.0
2022-06-07,181,short,2022-06-07 15:00:03.760610917,4979.5,2022-06-07 15:00:14.516648321,4978.5,target,4,46.0
2022-06-07,184,long,2022-06-07 15:09:17.870213765,4979.25,2022-06-07 15:14:59.863108467,4978.75,eod,-2,-29.0
2022-06-08,71,long,2022-06-08 10:12:51.090412775,4972.0,2022-06-08 10:14:26.364637323,4973.0,target,4,46.0
2022-06-08,166,short,2022-06-08 14:06:02.602971043,4934.0,2022-06-08 14:06:11.605178865,4933.0,target,4,46.0
2022-06-08,199,short,2022-06-08 15:01:17.569080691,4937.0,2022-06-08 15:03:16.246250383,4936.0,target,4,46.0
2022-06-08,200,long,2022-06-08 15:12:31.148648185,4938.25,2022-06-08 15:13:17.195383595,4939.25,target,4,46.0
2022-06-09,131,short,2022-06-09 12:32:40.990459407,4911.25,2022-06-09 12:33:19.103465065,4913.25,stop,-8,-104.0
2022-06-09,141,short,2022-06-09 13:03:10.911877619,4914.25,2022-06-09 13:03:23.222374981,4913.25,target,4,46.0
2022-06-09,172,long,2022-06-09 14:10:15.368392881,4880.75,2022-06-09 14:10:28.797532521,4878.75,stop,-8,-104.0
2022-06-09,185,long,2022-06-09 14:35:43.795156289,4869.75,2022-06-09 14:35:49.471617901,4867.75,stop,-8,-104.0
2022-06-10,22,short,2022-06-10 08:52:52.567094131,4756.75,2022-06-10 08:52:55.810165705,4758.75,stop,-8,-104.0
2022-06-10,83,long,2022-06-10 11:41:21.038828659,4734.75,2022-06-10 11:41:29.366431981,4735.75,target,4,46.0
2022-06-10,89,long,2022-06-10 12:09:10.568650691,4727.5,2022-06-10 12:10:18.007041039,4728.5,target,4,46.0
2022-06-10,120,short,2022-06-10 14:20:46.313491041,4750.75,2022-06-10 14:21:11.848318357,4752.75,stop,-8,-104.0
2022-06-10,144,short,2022-06-10 14:59:58.949337519,4720.75,2022-06-10 15:00:00.952136435,4722.75,stop,-8,-104.0
2022-06-13,55,short,2022-06-13 09:17:01.999704951,4602.25,2022-06-13 09:17:25.678969771,4601.25,target,4,46.0
2022-06-13,242,short,2022-06-13 14:25:00.289991675,4580.25,2022-06-13 14:25:07.353917345,4582.25,stop,-8,-104.0
2022-06-13,288,long,2022-06-13 15:01:19.280691049,4570.25,2022-06-13 15:01:23.665818395,4571.25,target,4,46.0
2022-06-14,69,short,2022-06-14 09:37:46.472873215,4565.5,2022-06-14 09:37:52.480928277,4567.5,stop,-8,-104.0
2022-06-14,117,short,2022-06-14 10:40:10.083381191,4567.5,2022-06-14 10:40:20.947535089,4569.5,stop,-8,-104.0
2022-06-14,170,short,2022-06-14 12:24:10.529928745,4584.0,2022-06-14 12:25:03.958202941,4583.0,target,4,46.0
2022-06-14,209,long,2022-06-14 13:51:49.932838473,4549.5,2022-06-14 13:51:58.648736717,4550.5,target,4,46.0
2022-06-14,243,long,2022-06-14 14:46:42.173589797,4566.75,2022-06-14 14:46:46.249236305,4567.75,target,4,46.0
2022-06-15,170,short,2022-06-15 13:32:49.915697251,4553.0,2022-06-15 13:32:55.455346143,4552.0,target,4,46.0
2022-06-15,231,long,2022-06-15 14:06:24.365687147,4618.0,2022-06-15 14:06:28.285043361,4616.0,stop,-8,-104.0
2022-06-15,249,long,2022-06-15 14:26:03.059308373,4640.5,2022-06-15 14:26:04.448921757,4641.5,target,4,46.0
2022-06-15,274,long,2022-06-15 14:49:02.538297437,4627.0,2022-06-15 14:49:02.538297437,4625.0,stop,-8,-104.0
2022-06-15,280,long,2022-06-15 14:52:50.425061365,4614.0,2022-06-15 14:52:56.987245857,4612.0,stop,-8,-104.0
2022-06-16,55,short,2022-06-16 09:19:06.071235035,4502.5,2022-06-16 09:19:08.763410815,4501.5,target,4,46.0
2022-06-16,272,short,2022-06-16 15:09:32.359487007,4490.5,2022-06-16 15:09:53.445215705,4489.5,target,4,46.0
2022-06-16,273,long,2022-06-16 15:14:00.024907587,4500.0,2022-06-16 15:14:00.030712645,4498.0,stop,-8,-104.0
2022-06-17,128,short,2022-06-17 10:51:48.195034333,4486.25,2022-06-17 10:52:06.323135263,4485.25,target,4,46.0
2022-06-17,231,long,2022-06-17 14:17:30.380715331,4501.25,2022-06-17 14:17:30.977367711,4502.25,target,4,46.0
2022-06-17,271,short,2022-06-17 15:10:38.008440813,4505.5,2022-06-17 15:10:42.709341299,4504.5,target,4,46.0
2022-06-21,35,long,2022-06-21 08:57:00.439206345,4583.75,2022-06-21 08:58:06.142915121,4581.75,stop,-8,-104.0
2022-06-21,158,long,2022-06-21 14:52:47.251858361,4598.5,2022-06-21 14:54:06.878545225,4596.5,stop,-8,-104.0
2022-06-22,42,long,2022-06-22 09:12:35.415022275,4580.75,2022-06-22 09:12:45.714838897,4581.75,target,4,46.0
2022-06-22,197,short,2022-06-22 14:59:46.156101117,4587.5,2022-06-22 14:59:51.432429017,4586.5,target,4,46.0
2022-06-23,86,short,2022-06-23 10:21:03.564342191,4612.75,2022-06-23 10:21:13.494427449,4614.75,stop,-8,-104.0
2022-06-23,159,short,2022-06-23 13:18:10.402836429,4586.0,2022-06-23 13:19:14.302656547,4585.0,target,4,46.0
2022-06-23,181,long,2022-06-23 14:22:06.505877463,4605.0,2022-06-23 14:22:44.911866073,4606.0,target,4,46.0
2022-06-23,200,long,2022-06-23 14:56:41.895288599,4619.25,2022-06-23 14:57:31.880619635,4620.25,target,4,46.0
2022-06-23,202,long,2022-06-23 14:59:41.950613567,4623.0,2022-06-23 14:59:43.933726505,4624.0,target,4,46.0
2022-06-24,114,short,2022-06-24 14:33:12.473009055,4720.25,2022-06-24 14:34:24.645993483,4719.25,target,4,46.0
2022-06-24,124,short,2022-06-24 14:53:46.970503161,4728.75,2022-06-24 14:53:51.592673999,4730.75,stop,-8,-104.0
2022-06-24,135,short,2022-06-24 15:00:08.117205171,4738.25,2022-06-24 15:00:11.558120329,4737.25,target,4,46.0
2022-06-27,73,long,2022-06-27 10:14:52.604669137,4738.0,2022-06-27 10:15:15.043077581,4736.0,stop,-8,-104.0
2022-06-27,157,long,2022-06-27 14:25:35.800553491,4730.25,2022-06-27 14:25:50.582198201,4731.25,target,4,46.0
2022-06-27,169,short,2022-06-27 14:50:07.895423403,4720.75,2022-06-27 14:50:11.102636039,4719.75,target,4,46.0
2022-06-27,177,long,2022-06-27 14:59:57.148256001,4726.75,2022-06-27 14:59:59.580218031,4727.75,target,4,46.0
2022-06-27,181,long,2022-06-27 15:06:18.901651379,4730.75,2022-06-27 15:06:35.380591701,4728.75,stop,-8,-104.0
2022-06-28,74,short,2022-06-28 10:15:39.050174677,4719.75,2022-06-28 10:15:56.710913739,4721.75,stop,-8,-104.0
2022-06-28,106,long,2022-06-28 11:07:52.213411243,4679.75,2022-06-28 11:09:11.296403361,4680.75,target,4,46.0
2022-06-28,176,short,2022-06-28 13:52:14.419714267,4655.75,2022-06-28 13:53:56.431472795,4657.75,stop,-8,-104.0
2022-06-28,219,short,2022-06-28 15:01:09.316126195,4646.25,2022-06-28 15:01:45.178000509,4645.25,target,4,46.0
2022-06-29,96,short,2022-06-29 10:22:23.516188681,4634.25,2022-06-29 10:22:33.631676811,4633.25,target,4,46.0
2022-06-29,185,short,2022-06-29 14:10:28.875494033,4641.0,2022-06-29 14:11:45.508579401,4640.0,target,4,46.0
2022-06-30,227,long,2022-06-30 14:40:59.490954369,4618.25,2022-06-30 14:41:15.818825385,4616.25,stop,-8,-104.0
2022-06-30,242,short,2022-06-30 14:54:20.145389599,4594.0,2022-06-30 14:54:24.734427367,4596.0,stop,-8,-104.0
2022-06-30,252,long,2022-06-30 14:59:47.225433741,4609.0,2022-06-30 14:59:48.167479639,4610.0,target,4,46.0
2022-06-30,255,short,2022-06-30 14:59:59.535432027,4613.0,2022-06-30 14:59:59.633300577,4612.0,target,4,46.0
2022-06-30,263,long,2022-06-30 15:13:01.379137713,4606.5,2022-06-30 15:13:50.719043049,4604.5,stop,-8,-104.0
2022-07-01,122,short,2022-07-01 10:51:26.746814729,4597.5,2022-07-01 10:51:33.538390643,4596.5,target,4,46.0
2022-07-01,196,long,2022-07-01 14:13:48.580942441,4643.0,2022-07-01 14:14:17.314906829,4641.0,stop,-8,-104.0
2022-07-01,205,long,2022-07-01 14:33:12.682447097,4649.0,2022-07-01 14:33:36.151809501,4647.0,stop,-8,-104.0
2022-07-05,93,short,2022-07-05 09:56:40.540046089,4575.25,2022-07-05 09:56:51.475155893,4577.25,stop,-8,-104.0
2022-07-05,166,short,2022-07-05 12:21:22.614139423,4606.75,2022-07-05 12:21:51.077918747,4608.75,stop,-8,-104.0
2022-07-05,183,short,2022-07-05 13:09:24.726233031,4613.0,2022-07-05 13:09:41.470407319,4615.0,stop,-8,-104.0
2022-07-05,190,long,2022-07-05 13:28:14.017513999,4627.25,2022-07-05 13:29:18.206498687,4628.25,target,4,46.0
2022-07-05,231,long,2022-07-05 14:49:52.204763163,4654.75,2022-07-05 14:50:00.152081137,4652.75,stop,-8,-104.0
2022-07-06,56,long,2022-07-06 09:23:09.204762035,4653.25,2022-07-06 09:23:15.181001243,4654.25,target,4,46.0
2022-07-06,184,long,2022-07-06 14:05:35.649651015,4678.75,2022-07-06 14:05:52.824493927,4676.75,stop,-8,-104.0
2022-07-06,192,long,2022-07-06 14:21:53.045768547,4690.75,2022-07-06 14:22:01.723500199,4688.75,stop,-8,-104.0
2022-07-06,216,long,2022-07-06 14:59:59.534814071,4672.25,2022-07-06 15:02:31.109246923,4670.25,stop,-8,-104.0
2022-07-07,139,short,2022-07-07 14:53:44.309695271,4725.0,2022-07-07 14:54:10.981230961,4724.0,target,4,46.0
2022-07-07,141,short,2022-07-07 14:55:41.280858047,4725.0,2022-07-07 14:56:00.007127119,4727.0,stop,-8,-104.0
2022-07-08,24,short,2022-07-08 08:57:18.708885563,4697.0,2022-07-08 08:57:33.357715139,4699.0,stop,-8,-104.0
2022-07-08,121,long,2022-07-08 12:28:05.000394057,4717.5,2022-07-08 12:28:20.994723133,4718.5,target,4,46.0
2022-07-08,126,long,2022-07-08 12:47:28.403172029,4724.5,2022-07-08 12:49:00.414676225,4725.5,target,4,46.0
2022-07-08,162,long,2022-07-08 14:43:12.174620857,4731.5,2022-07-08 14:43:24.968771441,4729.5,stop,-8,-104.0
2022-07-11,84,long,2022-07-11 10:28:51.100033945,4687.75,2022-07-11 10:30:10.888742943,4688.75,target,4,46.0
2022-07-11,112,long,2022-07-11 12:02:31.697666263,4689.0,2022-07-11 12:03:29.890604813,4690.0,target,4,46.0
2022-07-11,154,long,2022-07-11 14:22:09.430053771,4679.75,2022-07-11 14:22:24.652757525,4677.75,stop,-8,-104.0
2022-07-12,29,short,2022-07-12 08:59:04.550044981,4677.0,2022-07-12 08:59:06.559638061,4676.0,target,4,46.0
2022-07-12,52,short,2022-07-12 09:28:30.847947441,4666.0,2022-07-12 09:29:13.710348505,4668.0,stop,-8,-104.0
2022-07-12,133,long,2022-07-12 12:53:17.376262301,4680.5,2022-07-12 12:54:13.983366111,4681.5,target,4,46.0
2022-07-12,135,short,2022-07-12 13:02:53.000981281,4678.75,2022-07-12 13:03:08.666140537,4677.75,target,4,46.0
2022-07-12,192,short,2022-07-12 14:59:56.881863123,4644.5,2022-07-12 14:59:57.357529551,4646.5,stop,-8,-104.0
2022-07-13,216,short,2022-07-13 13:44:57.295119583,4645.25,2022-07-13 13:45:04.056890479,4647.25,stop,-8,-104.0
2022-07-13,240,long,2022-07-13 14:38:24.889776161,4634.75,2022-07-13 14:39:08.424474045,4635.75,target,4,46.0
2022-07-13,259,short,2022-07-13 15:07:21.764299459,4623.25,2022-07-13 15:08:12.367218963,4625.25,stop,-8,-104.0
2022-07-14,38,short,2022-07-14 09:01:02.808832171,4554.0,2022-07-14 09:01:23.737879245,4553.0,target,4,46.0
2022-07-14,172,long,2022-07-14 13:03:36.678570707,4597.25,2022-07-14 13:03:57.030106013,4595.25,stop,-8,-104.0
2022-07-14,223,long,2022-07-14 14:52:05.374378605,4617.25,2022-07-14 14:52:30.226431425,4615.25,stop,-8,-104.0
2022-07-15,24,short,2022-07-15 08:54:14.695917399,4643.0,2022-07-15 08:54:42.274722733,4645.0,stop,-8,-104.0
2022-07-15,29,long,2022-07-15 09:00:10.145870043,4674.0,2022-07-15 09:00:10.548524039,4675.0,target,4,46.0
2022-07-15,33,short,2022-07-15 09:02:05.688072973,4667.25,2022-07-15 09:02:08.652281513,4666.25,target,4,46.0
2022-07-15,121,long,2022-07-15 12:39:42.369541833,4684.75,2022-07-15 12:42:00.189348121,4682.75,stop,-8,-104.0
2022-07-18,125,short,2022-07-18 13:46:45.318481847,4672.25,2022-07-18 13:47:38.104978365,4674.25,stop,-8,-104.0
2022-07-18,165,long,2022-07-18 14:59:06.533644149,4657.0,2022-07-18 14:59:20.324128413,4658.0,target,4,46.0
2022-07-18,167,long,2022-07-18 15:00:01.148215785,4657.5,2022-07-18 15:00:03.941511163,4658.5,target,4,46.0
2022-07-19,23,long,2022-07-19 08:58:13.123976319,4701.5,2022-07-19 08:58:38.479180055,4702.5,target,4,46.0
2022-07-19,50,short,2022-07-19 09:35:38.750916265,4714.0,2022-07-19 09:36:49.167861501,4716.0,stop,-8,-104.0
2022-07-19,76,short,2022-07-19 10:39:30.034104861,4731.0,2022-07-19 10:40:10.698500949,4730.0,target,4,46.0
2022-07-20,88,short,2022-07-20 10:55:41.726284929,4793.0,2022-07-20 10:56:49.365697435,4795.0,stop,-8,-104.0
2022-07-20,101,long,2022-07-20 11:34:40.086809237,4795.0,2022-07-20 11:38:23.927640513,4796.0,target,4,46.0
2022-07-20,178,short,2022-07-20 14:15:02.559609505,4788.5,2022-07-20 14:15:22.273550537,4790.5,stop,-8,-104.0
2022-07-20,188,short,2022-07-20 14:40:19.895342315,4785.5,2022-07-20 14:40:32.268903767,4787.5,stop,-8,-104.0
2022-07-21,85,short,2022-07-21 10:06:20.633676105,4781.5,2022-07-21 10:07:15.053646301,4780.5,target,4,46.0
2022-07-21,145,short,2022-07-21 12:35:52.438497293,4793.25,2022-07-21 12:36:14.503623813,4795.25,stop,-8,-104.0
2022-07-21,172,long,2022-07-21 13:49:06.568535295,4803.5,2022-07-21 13:50:19.208283167,4804.5,target,4,46.0
2022-07-22,93,short,2022-07-22 10:37:53.317187241,4789.75,2022-07-22 10:38:02.987162205,4791.75,stop,-8,-104.0
2022-07-22,137,long,2022-07-22 12:29:12.497586721,4779.25,2022-07-22 12:30:01.205658153,4777.0,stop,-9,-116.5
2022-07-22,142,long,2022-07-22 12:37:27.118105723,4771.25,2022-07-22 12:38:26.027382461,4772.25,target,4,46.0
2022-07-22,155,short,2022-07-22 13:11:36.552800163,4764.75,2022-07-22 13:15:17.126705693,4766.75,stop,-8,-104.0
2022-07-25,41,short,2022-07-25 09:19:06.358722245,4780.5,2022-07-25 09:19:29.195447917,4782.5,stop,-8,-104.0
2022-07-25,116,long,2022-07-25 12:10:11.293632213,4799.25,2022-07-25 12:10:34.433256241,4797.25,stop,-8,-104.0
2022-07-25,150,short,2022-07-25 14:03:47.346352909,4774.0,2022-07-25 14:04:19.688307789,4773.0,target,4,46.0
2022-07-25,155,long,2022-07-25 14:15:43.317339491,4773.75,2022-07-25 14:15:57.917066013,4771.75,stop,-8,-104.0
2022-07-25,169,long,2022-07-25 14:50:10.178050261,4784.0,2022-07-25 14:50:41.523468163,4785.0,target,4,46.0
2022-07-26,113,long,2022-07-26 12:08:51.517008499,4756.5,2022-07-26 12:09:45.035253957,4757.5,target,4,46.0
2022-07-26,143,short,2022-07-26 13:49:59.291571301,4738.5,2022-07-26 13:51:12.353704375,4740.75,stop,-9,-116.5
2022-07-26,146,short,2022-07-26 14:01:09.976220069,4741.0,2022-07-26 14:02:06.338790223,4743.0,stop,-8,-104.0
2022-07-27,106,long,2022-07-27 13:04:01.052478743,4810.0,2022-07-27 13:04:06.774740367,4811.0,target,4,46.0
2022-07-27,147,long,2022-07-27 13:44:50.818114427,4835.75,2022-07-27 13:45:00.291435935,4836.75,target,4,46.0
2022-07-27,149,short,2022-07-27 13:46:46.949456993,4834.25,2022-07-27 13:46:50.084873527,4833.25,target,4,46.0
2022-07-27,173,short,2022-07-27 14:11:32.608019521,4843.0,2022-07-27 14:11:54.077913949,4845.0,stop,-8,-104.0
2022-07-28,168,short,2022-07-28 13:05:35.762249533,4892.75,2022-07-28 13:06:05.469470633,4891.75,target,4,46.0
2022-07-28,222,short,2022-07-28 15:04:55.208565431,4905.25,2022-07-28 15:05:02.393187277,4907.25,stop,-8,-104.0
2022-07-29,78,short,2022-07-29 10:11:11.786250079,4925.0,2022-07-29 10:11:13.335925949,4924.0,target,4,46.0
2022-07-29,109,short,2022-07-29 11:07:28.538352591,4928.0,2022-07-29 11:08:54.643385177,4927.0,target,4,46.0
2022-07-29,116,short,2022-07-29 11:21:29.069164959,4930.75,2022-07-29 11:23:15.472953543,4932.75,stop,-8,-104.0
2022-08-01,78,long,2022-08-01 10:07:41.681392893,4961.75,2022-08-01 10:08:34.674463979,4959.75,stop,-8,-104.0
2022-08-01,120,short,2022-08-01 11:55:31.551763537,4951.75,2022-08-01 11:55:44.609482517,4950.75,target,4,46.0
2022-08-02,22,short,2022-08-02 08:50:38.840166225,4920.0,2022-08-02 08:51:00.646102937,4922.25,stop,-9,-116.5
2022-08-02,85,short,2022-08-02 10:05:58.166317681,4936.5,2022-08-02 10:06:30.657277889,4935.5,target,4,46.0
2022-08-02,228,long,2022-08-02 15:03:12.012537391,4917.5,2022-08-02 15:05:50.059192249,4915.5,stop,-8,-104.0
2022-08-03,34,short,2022-08-03 09:07:54.989150755,4954.75,2022-08-03 09:09:03.166987661,4956.75,stop,-8,-104.0
2022-08-03,73,long,2022-08-03 10:06:53.420576145,4954.25,2022-08-03 10:07:51.770850271,4952.25,stop,-8,-104.0
2022-08-03,148,short,2022-08-03 13:43:15.232891951,4981.0,2022-08-03 13:43:18.571008703,4980.0,target,4,46.0
2022-08-03,183,short,2022-08-03 14:59:46.538581527,4978.25,2022-08-03 14:59:49.756521189,4977.25,target,4,46.0
2022-08-03,187,short,2022-08-03 15:03:05.179827727,4975.5,2022-08-03 15:09:08.751839669,4974.5,target,4,46.0
2022-08-04,88,short,2022-08-04 11:15:07.352580969,4975.5,2022-08-04 11:16:04.385384077,4974.5,target,4,46.0
2022-08-04,124,long,2022-08-04 13:51:09.872484563,4976.75,2022-08-04 13:52:01.113250777,4977.75,target,4,46.0
2022-08-04,142,long,2022-08-04 14:59:07.763416641,4974.25,2022-08-04 14:59:31.393738607,4972.25,stop,-8,-104.0
2022-08-05,98,short,2022-08-05 11:21:44.618082039,4949.75,2022-08-05 11:22:15.993728663,4948.75,target,4,46.0
2022-08-05,103,long,2022-08-05 11:37:27.559050555,4947.75,2022-08-05 11:39:53.886593605,4945.75,stop,-8,-104.0
2022-08-08,115,long,2022-08-08 12:07:14.500380369,4969.0,2022-08-08 12:07:35.292517723,4970.0,target,4,46.0
2022-08-08,160,long,2022-08-08 14:33:22.259848819,4962.25,2022-08-08 14:33:41.013509405,4963.25,target,4,46.0
2022-08-09,96,short,2022-08-09 12:28:11.420478015,4943.5,2022-08-09 12:29:56.450274431,4945.5,stop,-8,-104.0
2022-08-09,108,short,2022-08-09 13:15:51.529118715,4943.75,2022-08-09 13:16:20.861926861,4942.75,target,4,46.0
2022-08-09,129,short,2022-08-09 14:35:39.026199199,4946.75,2022-08-09 14:36:07.428166227,4948.75,stop,-8,-104.0
2022-08-09,141,long,2022-08-09 15:00:00.197947469,4948.0,2022-08-09 15:00:05.532766743,4949.0,target,4,46.0
2022-08-10,145,short,2022-08-10 14:58:03.121858433,5031.0,2022-08-10 14:58:37.254577799,5030.0,target,4,46.0
2022-08-10,149,short,2022-08-10 15:00:00.502151899,5031.0,2022-08-10 15:00:11.728185797,5033.0,stop,-8,-104.0
2022-08-11,27,long,2022-08-11 09:11:46.816118055,5075.0,2022-08-11 09:12:30.151991669,5076.0,target,4,46.0
2022-08-11,81,short,2022-08-11 10:49:50.583797381,5049.25,2022-08-11 10:50:28.904944593,5048.25,target,4,46.0
2022-08-11,157,short,2022-08-11 14:39:11.782360967,5028.5,2022-08-11 14:40:04.788566539,5030.5,stop,-8,-104.0
2022-08-12,95,long,2022-08-12 12:49:01.085389469,5080.5,2022-08-12 12:51:12.832812719,5081.5,target,4,46.0
2022-08-12,99,long,2022-08-12 13:14:47.852316767,5082.5,2022-08-12 13:18:28.633422297,5083.5,target,4,46.0
2022-08-15,48,long,2022-08-15 10:06:32.962281537,5095.25,2022-08-15 10:07:49.391151695,5093.25,stop,-8,-104.0
2022-08-15,122,short,2022-08-15 15:08:37.469930773,5119.25,2022-08-15 15:11:56.877981975,5118.25,target,4,46.0
2022-08-16,105,short,2022-08-16 13:47:23.345748743,5115.25,2022-08-16 13:47:36.193978505,5117.25,stop,-8,-104.0
2022-08-16,122,long,2022-08-16 14:28:09.852042979,5127.75,2022-08-16 14:31:00.726675525,5128.75,target,4,46.0
2022-08-16,124,long,2022-08-16 14:35:27.817998003,5131.25,2022-08-16 14:37:20.244910545,5129.25,stop,-8,-104.0
2022-08-16,129,long,2022-08-16 14:48:06.701908325,5136.25,2022-08-16 14:48:17.844303025,5134.25,stop,-8,-104.0
2022-08-17,40,long,2022-08-17 09:30:55.747299117,5099.0,2022-08-17 09:31:30.440622999,5097.0,stop,-8,-104.0
2022-08-17,55,long,2022-08-17 10:00:03.675850843,5088.5,2022-08-17 10:01:44.559629485,5089.5,target,4,46.0
2022-08-17,70,short,2022-08-17 10:37:01.930094853,5087.75,2022-08-17 10:38:20.346754269,5086.75,target,4,46.0
2022-08-17,107,short,2022-08-17 12:56:57.373069605,5097.75,2022-08-17 12:58:34.370208273,5100.0,stop,-9,-116.5
2022-08-17,130,long,2022-08-17 13:18:34.042252519,5116.75,2022-08-17 13:19:28.059867739,5117.75,target,4,46.0
2022-08-18,52,short,2022-08-18 10:02:54.248256183,5097.75,2022-08-18 10:03:15.981817865,5096.75,target,4,46.0
2022-08-18,94,long,2022-08-18 12:11:36.408189449,5101.5,2022-08-18 12:12:52.470939209,5099.5,stop,-8,-104.0
2022-08-19,46,short,2022-08-19 09:33:39.774891569,5062.0,2022-08-19 09:36:53.742670309,5061.0,target,4,46.0
2022-08-19,71,short,2022-08-19 10:30:51.257186425,5051.5,2022-08-19 10:32:22.913032891,5050.5,target,4,46.0
2022-08-19,81,short,2022-08-19 11:00:59.504292123,5054.25,2022-08-19 11:01:59.683275743,5053.25,target,4,46.0
2022-08-19,128,short,2022-08-19 13:54:40.782809671,5049.0,2022-08-19 13:55:22.460544829,5051.0,stop,-8,-104.0
2022-08-22,75,long,2022-08-22 10:56:45.415983373,4986.75,2022-08-22 10:58:09.608773067,4984.75,stop,-8,-104.0
2022-08-22,138,short,2022-08-22 14:40:19.703925771,4961.75,2022-08-22 14:41:07.318818109,4960.75,target,4,46.0
2022-08-22,149,short,2022-08-22 14:58:53.802397613,4960.25,2022-08-22 14:59:02.469783135,4962.25,stop,-8,-104.0
2022-08-22,154,long,2022-08-22 14:59:59.157860871,4966.0,2022-08-22 15:00:16.282476049,4964.0,stop,-8,-104.0
2022-08-23,130,long,2022-08-23 12:58:12.880328399,4955.5,2022-08-23 13:00:02.765520717,4953.5,stop,-8,-104.0
2022-08-23,139,short,2022-08-23 13:31:18.807171329,4958.75,2022-08-23 13:33:29.577494901,4957.75,target,4,46.0
2022-08-23,164,long,2022-08-23 14:57:25.155139827,4957.0,2022-08-23 14:58:39.482773159,4955.0,stop,-8,-104.0
2022-08-24,65,long,2022-08-24 10:45:01.204466915,4975.75,2022-08-24 10:45:14.678470977,4976.75,target,4,46.0
2022-08-24,113,long,2022-08-24 14:08:42.124032121,4968.25,2022-08-24 14:12:53.027433471,4969.25,target,4,46.0
2022-08-25,64,long,2022-08-25 10:19:12.474638423,4986.5,2022-08-25 10:20:20.973345431,4984.5,stop,-8,-104.0
2022-08-25,116,short,2022-08-25 13:04:35.726550755,4994.25,2022-08-25 13:04:50.768699427,4993.25,target,4,46.0
2022-08-25,120,short,2022-08-25 13:18:38.652925947,4995.25,2022-08-25 13:22:26.913414161,4997.25,stop,-8,-104.0
2022-08-25,153,long,2022-08-25 14:59:03.006904529,5021.5,2022-08-25 14:59:49.763243961,5022.5,target,4,46.0
2022-08-25,157,short,2022-08-25 15:01:24.886840921,5020.75,2022-08-25 15:04:49.298430209,5019.75,target,4,46.0
2022-08-26,128,short,2022-08-26 11:07:02.333212373,4928.25,2022-08-26 11:07:20.511813715,4930.25,stop,-8,-104.0
2022-08-26,142,short,2022-08-26 11:44:46.938610497,4927.75,2022-08-26 11:44:58.877311953,4926.75,target,4,46.0
2022-08-26,218,short,2022-08-26 14:57:59.730062099,4885.25,2022-08-26 14:58:43.282388333,4887.25,stop,-8,-104.0
2022-08-29,174,short,2022-08-29 13:56:44.525549851,4867.25,2022-08-29 13:58:01.466707707,4866.25,target,4,46.0
2022-08-29,178,long,2022-08-29 14:02:12.419273403,4881.0,2022-08-29 14:02:36.288434627,4882.0,target,4,46.0
2022-08-29,186,short,2022-08-29 14:19:15.613569439,4876.25,2022-08-29 14:19:30.385130031,4875.25,target,4,46.0
2022-08-29,189,short,2022-08-29 14:27:11.601678031,4870.25,2022-08-29 14:27:56.045113999,4869.25,target,4,46.0
2022-08-30,177,short,2022-08-30 12:01:07.658915639,4805.5,2022-08-30 12:01:55.686469767,4807.5,stop,-8,-104.0
2022-08-30,223,short,2022-08-30 13:43:25.867166157,4798.75,2022-08-30 13:44:30.325232437,4797.75,target,4,46.0
2022-08-30,233,short,2022-08-30 14:03:52.862022103,4807.25,2022-08-30 14:04:00.087232953,4806.25,target,4,46.0
2022-08-31,180,short,2022-08-31 13:22:14.541155463,4791.5,2022-08-31 13:23:06.613109857,4793.5,stop,-8,-104.0
2022-08-31,220,long,2022-08-31 14:46:17.103196069,4802.75,2022-08-31 14:46:18.045138095,4803.75,target,4,46.0
2022-08-31,232,short,2022-08-31 14:55:56.998828601,4787.25,2022-08-31 14:56:16.342885987,4786.25,target,4,46.0
2022-08-31,236,short,2022-08-31 14:58:48.177719789,4781.75,2022-08-31 14:59:00.110912947,4783.75,stop,-8,-104.0
2022-08-31,250,long,2022-08-31 15:06:01.671965055,4779.75,2022-08-31 15:07:59.806261609,4780.75,target,4,46.0
2022-09-01,198,long,2022-09-01 13:54:25.998387687,4769.25,2022-09-01 13:54:31.045151939,4770.25,target,4,46.0
2022-09-01,223,short,2022-09-01 14:41:51.022912725,4765.75,2022-09-01 14:42:55.592526789,4767.75,stop,-8,-104.0
2022-09-01,228,long,2022-09-01 14:50:38.244391845,4773.5,2022-09-01 14:51:04.209841873,4774.5,target,4,46.0
2022-09-02,110,short,2022-09-02 11:10:28.107415183,4832.0,2022-09-02 11:11:38.521076315,4831.0,target,4,46.0
2022-09-02,154,short,2022-09-02 12:02:18.536564603,4777.25,2022-09-02 12:02:18.969058975,4776.25,target,4,46.0
2022-09-02,186,short,2022-09-02 12:39:36.986962055,4761.0,2022-09-02 12:40:00.130672927,4760.0,target,4,46.0
2022-09-02,267,long,2022-09-02 14:50:45.032888517,4740.25,2022-09-02 14:51:42.787846377,4738.25,stop,-8,-104.0
2022-09-06,37,long,2022-09-06 08:59:35.966859741,4738.0,2022-09-06 08:59:52.202093763,4739.0,target,4,46.0
2022-09-06,177,long,2022-09-06 12:20:18.031171399,4724.25,2022-09-06 12:20:52.380149811,4722.25,stop,-8,-104.0
2022-09-06,248,short,2022-09-06 14:47:59.626914521,4733.25,2022-09-06 14:48:55.921188995,4732.25,target,4,46.0
2022-09-07,125,long,2022-09-07 12:01:22.810093425,4773.25,2022-09-07 12:02:07.534179397,4774.25,target,4,46.0
2022-09-07,187,short,2022-09-07 14:41:01.830786197,4802.75,2022-09-07 14:41:35.483494931,4801.75,target,4,46.0
2022-09-07,205,short,2022-09-07 15:07:52.904961333,4798.25,2022-09-07 15:09:35.587579379,4800.25,stop,-8,-104.0
2022-09-08,206,long,2022-09-08 13:34:24.852964975,4824.0,2022-09-08 13:35:37.203358873,4821.75,stop,-9,-116.5
2022-09-08,250,long,2022-09-08 14:59:21.864948045,4826.0,2022-09-08 14:59:33.903187437,4827.0,target,4,46.0
2022-09-08,252,long,2022-09-08 15:00:05.018554075,4828.75,2022-09-08 15:00:23.583733001,4829.75,target,4,46.0
2022-09-08,254,long,2022-09-08 15:03:47.963069389,4831.25,2022-09-08 15:11:59.135615305,4832.25,target,4,46.0
2022-09-09,31,short,2022-09-09 09:10:04.249714095,4873.75,2022-09-09 09:10:07.601522613,4872.75,target,4,46.0
2022-09-09,43,long,2022-09-09 09:34:27.025814255,4878.75,2022-09-09 09:35:36.582655187,4876.75,stop,-8,-104.0
2022-09-09,80,long,2022-09-09 11:33:14.432971963,4874.25,2022-09-09 11:33:27.051681491,4875.25,target,4,46.0
2022-09-09,104,long,2022-09-09 13:38:15.858327695,4891.5,2022-09-09 13:38:36.930160163,4892.5,target,4,46.0
2022-09-12,95,short,2022-09-12 11:15:53.547412329,4916.25,2022-09-12 11:15:53.704607687,4915.25,target,4,46.0
2022-09-12,113,long,2022-09-12 11:55:46.604601617,4927.5,2022-09-12 11:57:48.207421985,4925.5,stop,-8,-104.0
2022-09-12,130,long,2022-09-12 12:49:20.344467257,4931.5,2022-09-12 12:50:43.054843293,4932.5,target,4,46.0
2022-09-13,129,long,2022-09-13 11:01:26.515596075,4805.25,2022-09-13 11:02:35.065146127,4806.25,target,4,46.0
2022-09-13,147,short,2022-09-13 11:47:58.489552413,4806.25,2022-09-13 11:49:15.516815961,4808.25,stop,-8,-104.0
2022-09-13,238,long,2022-09-13 14:50:01.207793621,4753.25,2022-09-13 14:50:01.337053647,4751.25,stop,-8,-104.0
2022-09-13,251,short,2022-09-13 14:59:29.199140321,4755.0,2022-09-13 14:59:33.492722923,4757.0,stop,-8,-104.0
2022-09-13,253,long,2022-09-13 14:59:58.038242789,4755.75,2022-09-13 15:00:00.886191103,4756.75,target,4,46.0
2022-09-14,151,long,2022-09-14 11:45:02.375812903,4778.25,2022-09-14 11:45:16.089198759,4776.25,stop,-8,-104.0
2022-09-14,207,long,2022-09-14 13:55:10.342641985,4752.5,2022-09-14 13:55:40.926099053,4750.5,stop,-8,-104.0
2022-09-14,219,short,2022-09-14 14:16:56.375144549,4737.25,2022-09-14 14:17:13.353121105,4736.25,target,4,46.0
2022-09-15,259,long,2022-09-15 14:53:09.149950149,4721.5,2022-09-15 14:53:22.024225429,4722.5,target,4,46.0
2022-09-15,260,long,2022-09-15 14:54:03.729131393,4725.25,2022-09-15 14:54:40.099690757,4723.25,stop,-8,-104.0
2022-09-16,80,short,2022-09-16 09:39:19.794785025,4687.75,2022-09-16 09:39:24.008475901,4686.75,target,4,46.0
2022-09-16,114,long,2022-09-16 10:30:19.739652639,4675.25,2022-09-16 10:30:30.599559945,4673.25,stop,-8,-104.0
2022-09-16,179,short,2022-09-16 12:50:50.886843497,4663.25,2022-09-16 12:52:07.155374611,4662.25,target,4,46.0
2022-09-16,232,short,2022-09-16 14:26:26.490947363,4688.25,2022-09-16 14:27:29.805633855,4687.25,target,4,46.0
2022-09-16,268,long,2022-09-16 15:04:04.513651089,4695.75,2022-09-16 15:05:59.872575379,4696.75,target,4,46.0
2022-09-19,85,short,2022-09-19 10:13:14.442446229,4698.0,2022-09-19 10:15:35.239951901,4700.0,stop,-8,-104.0
2022-09-19,199,short,2022-09-19 14:17:42.808115327,4712.5,2022-09-19 14:19:20.893359499,4711.5,target,4,46.0
2022-09-19,215,short,2022-09-19 14:46:48.892597119,4719.0,2022-09-19 14:47:36.290874475,4718.0,target,4,46.0
2022-09-19,223,long,2022-09-19 14:57:15.200885395,4719.75,2022-09-19 14:57:54.323983865,4720.75,target,4,46.0
2022-09-20,22,short,2022-09-20 08:49:31.445984531,4678.5,2022-09-20 08:49:45.716639339,4677.5,target,4,46.0
2022-09-20,50,long,2022-09-20 09:18:07.682680941,4672.25,2022-09-20 09:18:14.038310089,4673.25,target,4,46.0
2022-09-20,105,short,2022-09-20 10:36:15.093256945,4678.75,2022-09-20 10:37:04.773056111,4680.75,stop,-8,-104.0
2022-09-20,235,long,2022-09-20 14:45:02.902358677,4689.5,2022-09-20 14:45:22.856052883,4690.5,target,4,46.0
2022-09-21,194,short,2022-09-21 13:56:25.166623003,4703.0,2022-09-21 13:56:34.013319171,4702.0,target,4,46.0
2022-09-21,223,long,2022-09-21 14:14:15.362124699,4686.0,2022-09-21 14:14:16.320024943,4687.0,target,4,46.0
2022-09-22,193,short,2022-09-22 12:56:59.388546617,4587.25,2022-09-22 12:57:19.402961203,4589.25,stop,-8,-104.0
2022-09-22,254,long,2022-09-22 14:37:03.575618741,4600.75,2022-09-22 14:37:24.495880379,4601.75,target,4,46.0
2022-09-22,270,short,2022-09-22 14:55:05.367285097,4589.5,2022-09-22 14:55:09.651436505,4588.5,target,4,46.0
2022-09-22,273,long,2022-09-22 14:57:08.021185671,4585.5,2022-09-22 14:57:31.561545863,4583.5,stop,-8,-104.0
2022-09-22,283,long,2022-09-22 15:05:25.429754581,4578.75,2022-09-22 15:07:16.724963133,4579.75,target,4,46.0
2022-09-23,36,long,2022-09-23 08:55:49.006631999,4516.25,2022-09-23 08:56:02.737006239,4514.25,stop,-8,-104.0
2022-09-23,311,long,2022-09-23 14:59:54.919899597,4515.5,2022-09-23 14:59:59.229574209,4513.5,stop,-8,-104.0
2022-09-26,274,long,2022-09-26 14:19:33.247843705,4491.75,2022-09-26 14:19:35.157408143,4492.75,target,4,46.0
2022-09-26,322,short,2022-09-26 15:04:19.739621309,4468.0,2022-09-26 15:05:21.433555471,4467.0,target,4,46.0
2022-09-27,131,long,2022-09-27 10:31:06.879539523,4485.0,2022-09-27 10:31:14.507796543,4486.0,target,4,46.0
2022-09-27,251,long,2022-09-27 13:12:12.921214727,4454.5,2022-09-27 13:12:39.124077465,4452.5,stop,-8,-104.0
2022-09-27,309,short,2022-09-27 14:38:13.078146919,4454.5,2022-09-27 14:39:09.002581923,4453.5,target,4,46.0
2022-09-27,313,long,2022-09-27 14:44:30.581101337,4460.5,2022-09-27 14:44:44.126847839,4461.5,target,4,46.0
2022-09-28,62,long,2022-09-28 09:22:45.779279999,4480.0,2022-09-28 09:22:59.088387707,4478.0,stop,-8,-104.0
2022-09-28,213,short,2022-09-28 13:42:57.365208303,4521.25,2022-09-28 13:43:11.530283307,4520.25,target,4,46.0
2022-09-28,244,short,2022-09-28 14:44:43.712389179,4547.75,2022-09-28 14:44:51.518770987,4549.75,stop,-8,-104.0
2022-09-28,264,short,2022-09-28 15:03:00.231977773,4536.5,2022-09-28 15:03:17.206716213,4535.5,target,4,46.0
2022-09-29,145,long,2022-09-29 10:41:57.412343805,4459.5,2022-09-29 10:42:50.011801023,4460.5,target,4,46.0
2022-09-29,264,long,2022-09-29 14:22:23.874949305,4448.75,2022-09-29 14:22:40.087477801,4446.75,stop,-8,-104.0
2022-09-30,36,long,2022-09-30 08:52:29.042979075,4449.75,2022-09-30 08:52:30.792457353,4450.75,target,4,46.0
2022-09-30,217,long,2022-09-30 13:08:53.754342425,4441.0,2022-09-30 13:09:20.361174735,4439.0,stop,-8,-104.0
2022-09-30,263,long,2022-09-30 14:19:39.647161785,4427.0,2022-09-30 14:20:30.999099687,4425.0,stop,-8,-104.0
2022-09-30,264,short,2022-09-30 14:21:26.517507121,4424.0,2022-09-30 14:21:32.183168617,4423.0,target,4,46.0
2022-09-30,275,short,2022-09-30 14:32:32.981228919,4425.5,2022-09-30 14:32:44.010277299,4424.5,target,4,46.0
2022-10-03,174,long,2022-10-03 12:33:49.045097575,4488.0,2022-10-03 12:34:19.762203461,4489.0,target,4,46.0
2022-10-03,209,long,2022-10-03 14:05:52.780212365,4511.5,2022-10-03 14:06:18.978926945,4512.5,target,4,46.0
2022-10-04,115,short,2022-10-04 10:32:47.996981889,4602.0,2022-10-04 10:33:31.340999469,4601.0,target,4,46.0
2022-10-04,265,short,2022-10-04 15:08:11.661258099,4609.5,2022-10-04 15:10:21.227764767,4608.5,target,4,46.0
2022-10-05,194,short,2022-10-05 13:34:45.992113491,4594.5,2022-10-05 13:35:05.058756153,4596.5,stop,-8,-104.0
2022-10-05,227,long,2022-10-05 14:36:39.945499759,4618.0,2022-10-05 14:37:15.394676029,4615.75,stop,-9,-116.5
2022-10-05,230,short,2022-10-05 14:41:13.469882775,4611.75,2022-10-05 14:41:48.009411781,4613.75,stop,-8,-104.0
2022-10-05,239,long,2022-10-05 14:52:03.239210265,4602.5,2022-10-05 14:52:05.247287869,4603.5,target,4,46.0
2022-10-06,31,short,2022-10-06 08:52:16.705307491,4603.0,2022-10-06 08:52:18.262398979,4602.0,target,4,46.0
2022-10-06,220,short,2022-10-06 13:45:22.097552707,4565.5,2022-10-06 13:45:56.027846763,4564.5,target,4,46.0
2022-10-06,229,short,2022-10-06 13:58:53.514945981,4563.0,2022-10-06 14:00:14.779892393,4562.0,target,4,46.0
2022-10-06,253,short,2022-10-06 14:40:01.000557257,4567.0,2022-10-06 14:40:24.406007705,4566.0,target,4,46.0
2022-10-06,255,long,2022-10-06 14:44:08.420282073,4568.5,2022-10-06 14:44:39.769483175,4569.5,target,4,46.0
2022-10-07,66,short,2022-10-07 09:26:05.100212129,4491.25,2022-10-07 09:26:54.414476795,4493.25,stop,-8,-104.0
2022-10-07,182,short,2022-10-07 13:28:50.561729151,4454.5,2022-10-07 13:30:38.471016683,4453.5,target,4,46.0
2022-10-07,211,short,2022-10-07 14:31:36.222090633,4439.0,2022-10-07 14:33:45.797896337,4438.0,target,4,46.0
2022-10-10,111,long,2022-10-10 10:43:17.838950299,4429.0,2022-10-10 10:43:36.476193205,4430.0,target,4,46.0
2022-10-10,137,short,2022-10-10 11:44:11.249006881,4417.25,2022-10-10 11:45:32.453691923,4419.25,stop,-8,-104.0
2022-10-10,202,long,2022-10-10 13:52:06.401886349,4437.0,2022-10-10 13:52:08.096340527,4438.0,target,4,46.0
2022-10-10,203,short,2022-10-10 13:56:46.902275077,4432.75,2022-10-10 13:57:02.561737671,4431.75,target,4,46.0
2022-10-10,208,long,2022-10-10 14:06:04.951905917,4432.0,2022-10-10 14:06:05.340729115,4433.0,target,4,46.0
2022-10-11,49,long,2022-10-11 09:13:55.732823795,4392.25,2022-10-11 09:14:01.974462137,4393.25,target,4,46.0
2022-10-11,116,long,2022-10-11 10:34:51.974479287,4426.0,2022-10-11 10:35:28.241448059,4424.0,stop,-8,-104.0
2022-10-11,204,long,2022-10-11 13:20:34.271885263,4436.0,2022-10-11 13:21:15.884155141,4434.0,stop,-8,-104.0
2022-10-11,292,long,2022-10-11 14:55:02.457991959,4406.5,2022-10-11 14:55:16.966881733,4407.5,target,4,46.0
2022-10-11,303,short,2022-10-11 15:04:17.673210019,4403.5,2022-10-11 15:06:59.398303649,4405.5,stop,-8,-104.0
2022-10-12,48,short,2022-10-12 09:05:25.520700811,4415.25,2022-10-12 09:05:26.553939381,4414.25,target,4,46.0
2022-10-12,200,short,2022-10-12 13:31:01.575621073,4416.25,2022-10-12 13:31:02.380243873,4415.25,target,4,46.0
2022-10-12,210,short,2022-10-12 13:52:24.513120859,4404.5,2022-10-12 13:53:05.719611621,4403.5,target,4,46.0
2022-10-12,246,long,2022-10-12 15:00:31.052387751,4396.0,2022-10-12 15:02:30.343280875,4394.0,stop,-8,-104.0
2022-10-13,195,short,2022-10-13 10:32:08.395717149,4425.0,2022-10-13 10:32:15.491220607,4424.0,target,4,46.0
2022-10-13,416,long,2022-10-13 15:00:38.134299767,4488.5,2022-10-13 15:01:45.851525315,4489.5,target,4,46.0
2022-10-14,152,long,2022-10-14 10:01:30.350992353,4457.5,2022-10-14 10:01:42.732782965,4458.5,target,4,46.0
2022-10-14,293,short,2022-10-14 14:13:31.378902895,4405.5,2022-10-14 14:13:35.912109763,4404.5,target,4,46.0
2022-10-14,332,short,2022-10-14 15:02:04.723447719,4401.75,2022-10-14 15:02:58.753678301,4403.75,stop,-8,-104.0
2022-10-17,29,short,2022-10-17 08:51:38.479885799,4494.75,2022-10-17 08:51:44.547251571,4493.75,target,4,46.0
2022-10-17,118,short,2022-10-17 10:55:24.115577877,4498.25,2022-10-17 10:55:26.137477141,4497.25,target,4,46.0
2022-10-17,213,long,2022-10-17 14:59:12.639835323,4493.0,2022-10-17 14:59:16.025814117,4491.0,stop,-8,-104.0
2022-10-17,214,long,2022-10-17 14:59:50.078128771,4494.0,2022-10-17 14:59:53.228086199,4495.0,target,4,46.0
2022-10-17,218,long,2022-10-17 15:04:07.783870091,4497.25,2022-10-17 15:05:25.295283345,4498.25,target,4,46.0
2022-10-18,40,long,2022-10-18 08:55:34.816447695,4556.5,2022-10-18 08:55:38.025344781,4557.5,target,4,46.0
2022-10-18,75,short,2022-10-18 09:29:40.539356193,4547.5,2022-10-18 09:29:52.768478889,4546.5,target,4,46.0
2022-10-18,122,short,2022-10-18 10:21:11.815586811,4518.0,2022-10-18 10:21:19.764301941,4517.0,target,4,46.0
2022-10-18,280,long,2022-10-18 14:23:40.734135811,4522.5,2022-10-18 14:24:14.231492403,4520.5,stop,-8,-104.0
2022-10-19,122,long,2022-10-19 10:52:07.399968787,4528.25,2022-10-19 10:52:09.589190367,4529.25,target,4,46.0
2022-10-19,124,short,2022-10-19 10:56:29.269371229,4527.25,2022-10-19 10:57:17.198172063,4526.25,target,4,46.0
2022-10-19,151,long,2022-10-19 11:47:47.046252813,4499.0,2022-10-19 11:48:22.392764255,4497.0,stop,-8,-104.0
2022-10-19,253,long,2022-10-19 14:59:36.940087373,4511.5,2022-10-19 14:59:45.828892805,4512.5,target,4,46.0
2022-10-20,54,long,2022-10-20 09:09:28.468995767,4539.75,2022-10-20 09:09:28.988021277,4540.75,target,4,46.0
2022-10-20,120,short,2022-10-20 10:44:05.076462195,4536.25,2022-10-20 10:45:35.540500479,4535.25,target,4,46.0
2022-10-20,263,long,2022-10-20 15:12:26.256764215,4483.5,2022-10-20 15:12:39.118208711,4484.5,target,4,46.0
2022-10-21,21,short,2022-10-21 08:37:38.785584047,4476.75,2022-10-21 08:37:40.911932109,4478.75,stop,-8,-104.0
2022-10-21,168,short,2022-10-21 10:22:36.763530643,4498.5,2022-10-21 10:22:39.737301603,4497.5,target,4,46.0
2022-10-24,69,short,2022-10-24 09:20:19.563166565,4571.5,2022-10-24 09:20:20.120508561,4570.5,target,4,46.0
2022-10-24,166,long,2022-10-24 11:38:01.709510863,4607.25,2022-10-24 11:38:55.265313633,4605.25,stop,-8,-104.0
2022-10-24,186,short,2022-10-24 12:32:01.471524563,4593.75,2022-10-24 12:32:12.447589381,4592.75,target,4,46.0
2022-10-25,79,long,2022-10-25 10:03:58.309656749,4650.5,2022-10-25 10:05:47.029809839,4651.5,target,4,46.0
2022-10-25,98,long,2022-10-25 10:43:13.465978941,4662.75,2022-10-25 10:44:13.742708071,4663.75,target,4,46.0
2022-10-26,240,short,2022-10-26 15:06:41.285445169,4649.5,2022-10-26 15:06:42.924938209,4651.5,stop,-8,-104.0
2022-10-26,242,short,2022-10-26 15:08:32.356633265,4648.0,2022-10-26 15:08:34.006925025,4647.0,target,4,46.0
2022-10-27,60,long,2022-10-27 09:20:50.470889505,4670.5,2022-10-27 09:21:12.203066101,4668.5,stop,-8,-104.0
2022-10-27,69,long,2022-10-27 09:31:16.884814477,4675.0,2022-10-27 09:31:21.127482129,4672.75,stop,-9,-116.5
2022-10-28,58,long,2022-10-28 09:14:15.117134349,4641.0,2022-10-28 09:14:23.678981429,4642.0,target,4,46.0
2022-10-28,65,long,2022-10-28 09:20:48.416573639,4654.25,2022-10-28 09:20:55.153799703,4652.25,stop,-8,-104.0
2022-10-28,114,short,2022-10-28 10:34:48.006909329,4676.25,2022-10-28 10:35:17.368531843,4675.25,target,4,46.0
2022-10-28,190,short,2022-10-28 14:04:24.937079647,4713.25,2022-10-28 14:05:51.496090641,4712.25,target,4,46.0
2022-10-31,163,short,2022-10-31 13:24:25.789703991,4694.0,2022-10-31 13:24:54.276994981,4696.0,stop,-8,-104.0
2022-10-31,181,short,2022-10-31 14:08:05.797248767,4684.25,2022-10-31 14:09:00.567483331,4683.25,target,4,46.0
2022-10-31,183,long,2022-10-31 14:10:56.954091039,4684.25,2022-10-31 14:13:00.849846105,4685.25,target,4,46.0
2022-11-01,156,short,2022-11-01 11:27:28.716701629,4670.0,2022-11-01 11:28:10.400730897,4669.0,target,4,46.0
2022-11-01,193,short,2022-11-01 13:16:53.345232437,4672.75,2022-11-01 13:17:27.760957363,4674.75,stop,-8,-104.0
2022-11-01,196,long,2022-11-01 13:29:38.263119779,4674.0,2022-11-01 13:29:53.542464059,4675.0,target,4,46.0
2022-11-01,223,long,2022-11-01 14:46:16.481725167,4674.75,2022-11-01 14:46:54.837673089,4672.75,stop,-8,-104.0
2022-11-01,237,short,2022-11-01 15:09:45.754207761,4665.0,2022-11-01 15:11:52.729832005,4664.0,target,4,46.0
2022-11-02,225,long,2022-11-02 13:52:11.299336825,4627.0,2022-11-02 13:52:12.786678997,4628.0,target,4,46.0
2022-11-02,230,short,2022-11-02 13:54:05.717162551,4614.0,2022-11-02 13:54:06.496410901,4616.0,stop,-8,-104.0
2022-11-02,286,long,2022-11-02 14:31:41.742884447,4591.25,2022-11-02 14:32:00.133299297,4589.0,stop,-9,-116.5
2022-11-03,61,long,2022-11-03 09:14:21.484590001,4533.75,2022-11-03 09:14:21.760620059,4534.75,target,4,46.0
2022-11-03,86,long,2022-11-03 09:40:10.920553709,4539.75,2022-11-03 09:40:16.611111259,4540.75,target,4,46.0
2022-11-03,193,long,2022-11-03 13:27:27.448848235,4554.25,2022-11-03 13:27:30.745154491,4555.25,target,4,46.0
2022-11-04,176,long,2022-11-04 11:18:31.162904853,4547.5,2022-11-04 11:18:47.180174575,4548.5,target,4,46.0
2022-11-04,259,long,2022-11-04 13:52:09.852321075,4556.75,2022-11-04 13:52:50.343077261,4554.75,stop,-8,-104.0
2022-11-04,263,short,2022-11-04 13:58:45.592586875,4559.75,2022-11-04 14:00:03.284487463,4558.75,target,4,46.0
2022-11-04,265,long,2022-11-04 14:03:59.492109037,4561.5,2022-11-04 14:05:26.352363129,4562.5,target,4,46.0
2022-11-04,281,short,2022-11-04 14:30:09.520206417,4564.0,2022-11-04 14:30:10.276469179,4563.0,target,4,46.0
2022-11-07,144,long,2022-11-07 13:45:11.222719255,4619.75,2022-11-07 13:47:43.995274823,4617.75,stop,-8,-104.0
2022-11-08,105,long,2022-11-08 11:56:44.376760739,4665.25,2022-11-08 12:01:55.022612789,4666.25,target,4,46.0
2022-11-08,196,long,2022-11-08 14:31:34.309079683,4655.75,2022-11-08 14:31:41.251935935,4656.75,target,4,46.0
2022-11-08,220,short,2022-11-08 15:09:00.062251905,4631.75,2022-11-08 15:09:21.414083789,4630.75,target,4,46.0
2022-11-09,34,long,2022-11-09 09:05:05.970155923,4617.25,2022-11-09 09:05:09.100649321,4618.25,target,4,46.0
2022-11-09,91,short,2022-11-09 10:20:27.072745839,4610.25,2022-11-09 10:21:16.463787817,4612.25,stop,-8,-104.0
2022-11-09,143,short,2022-11-09 12:30:24.528150729,4588.5,2022-11-09 12:30:31.311469315,4587.5,target,4,46.0
2022-11-09,195,short,2022-11-09 14:30:25.858517127,4568.0,2022-11-09 14:31:06.469089245,4567.0,target,4,46.0
2022-11-10,108,short,2022-11-10 10:01:27.741008045,4719.5,2022-11-10 10:01:48.523353973,4721.5,stop,-8,-104.0
2022-11-10,111,long,2022-11-10 10:06:06.498744799,4722.75,2022-11-10 10:06:24.517022517,4720.75,stop,-8,-104.0
2022-11-11,24,long,2022-11-11 08:49:34.369161195,4773.75,2022-11-11 08:49:47.354814605,4774.75,target,4,46.0
2022-11-11,148,long,2022-11-11 12:11:22.608134703,4792.5,2022-11-11 12:12:06.782716537,4793.5,target,4,46.0
2022-11-11,179,long,2022-11-11 13:40:00.046883371,4810.75,2022-11-11 13:40:53.949111359,4811.75,target,4,46.0
2022-11-11,194,long,2022-11-11 14:18:06.084933693,4797.5,2022-11-11 14:18:29.521193813,4795.5,stop,-8,-104.0
2022-11-11,200,long,2022-11-11 14:31:22.246604705,4808.5,2022-11-11 14:31:41.042769557,4809.5,target,4,46.0
2022-11-14,119,short,2022-11-14 12:48:18.142747877,4816.5,2022-11-14 12:49:37.488265695,4818.5,stop,-8,-104.0
2022-11-14,163,short,2022-11-14 14:55:14.979089513,4776.25,2022-11-14 14:55:28.303591061,4775.25,target,4,46.0
2022-11-15,96,short,2022-11-15 10:35:31.959548539,4832.25,2022-11-15 10:35:45.945646235,4831.25,target,4,46.0
2022-11-15,281,long,2022-11-15 14:59:50.065622603,4804.5,2022-11-15 14:59:59.556948821,4805.5,target,4,46.0
2022-11-16,89,long,2022-11-16 11:24:49.066737575,4781.25,2022-11-16 11:24:58.839324867,4779.25,stop,-8,-104.0
2022-11-16,92,long,2022-11-16 11:33:26.816086453,4784.0,2022-11-16 11:33:52.127198479,4782.0,stop,-8,-104.0
2022-11-16,113,long,2022-11-16 12:39:08.811275331,4776.25,2022-11-16 12:42:10.362222941,4777.25,target,4,46.0
2022-11-16,161,long,2022-11-16 14:59:05.173468483,4774.5,2022-11-16 14:59:32.092043083,4772.5,stop,-8,-104.0
2022-11-16,166,long,2022-11-16 15:02:25.102541579,4776.25,2022-11-16 15:05:05.170517439,4777.25,target,4,46.0
2022-11-17,101,short,2022-11-17 12:04:48.051114345,4759.75,2022-11-17 12:05:49.141896599,4758.75,target,4,46.0
2022-11-17,111,short,2022-11-17 12:42:47.834751463,4762.75,2022-11-17 12:45:05.624781281,4761.75,target,4,46.0
2022-11-17,164,short,2022-11-17 15:05:17.251117635,4759.5,2022-11-17 15:06:05.418013231,4761.5,stop,-8,-104.0
2022-11-18,30,short,2022-11-18 09:06:31.684167953,4766.5,2022-11-18 09:06:53.061802103,4765.5,target,4,46.0
2022-11-18,54,long,2022-11-18 09:54:01.293278453,4772.5,2022-11-18 09:54:28.325157731,4770.5,stop,-8,-104.0
2022-11-18,126,long,2022-11-18 13:30:14.835072089,4764.0,2022-11-18 13:30:17.710497785,4765.0,target,4,46.0
2022-11-21,92,short,2022-11-21 12:53:59.557590403,4767.25,2022-11-21 12:56:49.428562025,4766.25,target,4,46.0
2022-11-21,99,short,2022-11-21 13:22:23.761874673,4763.0,2022-11-21 13:22:30.178968673,4762.0,target,4,46.0
2022-11-22,39,long,2022-11-22 09:47:22.706697431,4787.25,2022-11-22 09:47:45.942495763,4788.25,target,4,46.0
2022-11-22,48,long,2022-11-22 10:07:50.507179279,4790.0,2022-11-22 10:10:11.729331599,4791.0,target,4,46.0
2022-11-22,79,long,2022-11-22 12:34:28.842766611,4801.75,2022-11-22 12:34:54.640079055,4799.25,stop,-10,-129.0
2022-11-23,90,short,2022-11-23 13:00:19.885459019,4821.25,2022-11-23 13:00:20.654312585,4823.25,stop,-8,-104.0
2022-11-23,140,long,2022-11-23 14:53:55.231196267,4837.0,2022-11-23 14:54:18.626602783,4838.0,target,4,46.0
2022-11-25,46,long,2022-11-25 11:59:33.328180341,4836.25,2022-11-25 11:59:50.195696485,4837.25,target,4,46.0
2022-11-28,70,short,2022-11-28 11:09:52.151898819,4795.25,2022-11-28 11:09:55.498692467,4794.25,target,4,46.0
2022-11-28,119,short,2022-11-28 14:13:19.630881987,4769.75,2022-11-28 14:13:32.285039191,4768.75,target,4,46.0
2022-11-28,120,short,2022-11-28 14:15:10.020586747,4767.25,2022-11-28 14:20:14.504699673,4769.25,stop,-8,-104.0
2022-11-28,134,long,2022-11-28 14:56:43.669216097,4772.5,2022-11-28 14:58:11.468897063,4773.5,target,4,46.0
2022-11-29,125,short,2022-11-29 13:44:11.946498915,4755.5,2022-11-29 13:50:27.831055021,4757.5,stop,-8,-104.0
2022-11-29,142,short,2022-11-29 14:37:30.944547969,4762.25,2022-11-29 14:38:46.246149075,4764.25,stop,-8,-104.0
2022-11-29,150,long,2022-11-29 14:56:15.953558655,4766.75,2022-11-29 14:56:31.686434317,4767.75,target,4,46.0
2022-11-30,115,long,2022-11-30 12:38:12.507879637,4788.0,2022-11-30 12:38:12.978571505,4789.0,target,4,46.0
2022-11-30,234,short,2022-11-30 14:52:15.987150023,4873.0,2022-11-30 14:52:19.213434295,4875.0,stop,-8,-104.0
2022-11-30,262,short,2022-11-30 15:05:00.210676331,4887.5,2022-11-30 15:05:39.611911919,4889.5,stop,-8,-104.0
2022-12-01,144,short,2022-12-01 12:47:55.276702451,4882.75,2022-12-01 12:54:08.812755385,4881.75,target,4,46.0
2022-12-01,168,long,2022-12-01 14:06:30.780782819,4893.0,2022-12-01 14:08:24.184639105,4894.0,target,4,46.0
2022-12-01,178,long,2022-12-01 14:39:32.889804051,4891.5,2022-12-01 14:41:41.643837603,4889.5,stop,-8,-104.0
2022-12-01,180,long,2022-12-01 14:43:38.370938885,4894.0,2022-12-01 14:44:41.920108117,4895.0,target,4,46.0
2022-12-01,194,short,2022-12-01 15:00:12.821009803,4882.25,2022-12-01 15:00:15.102755231,4881.25,target,4,46.0
2022-12-02,93,long,2022-12-02 10:34:50.299960861,4860.0,2022-12-02 10:35:07.822925401,4861.0,target,4,46.0
2022-12-02,176,long,2022-12-02 14:52:03.786746411,4873.25,2022-12-02 14:53:10.122168613,4874.25,target,4,46.0
2022-12-05,111,short,2022-12-05 12:56:08.873064259,4807.25,2022-12-05 12:56:12.858274499,4806.25,target,4,46.0
2022-12-05,121,short,2022-12-05 13:28:06.903085449,4797.75,2022-12-05 13:29:28.199391759,4799.75,stop,-8,-104.0
2022-12-05,143,long,2022-12-05 14:36:48.938955017,4806.5,2022-12-05 14:38:29.213867225,4804.5,stop,-8,-104.0
2022-12-05,145,short,2022-12-05 14:41:40.399336587,4798.25,2022-12-05 14:42:54.958141073,4800.25,stop,-8,-104.0
2022-12-05,152,long,2022-12-05 14:57:13.767795275,4808.5,2022-12-05 14:57:32.076866683,4809.5,target,4,46.0
2022-12-06,52,short,2022-12-06 09:41:31.562101847,4759.75,2022-12-06 09:41:32.607394433,4758.75,target,4,46.0
2022-12-06,121,short,2022-12-06 12:33:35.890743055,4736.0,2022-12-06 12:34:41.583635697,4738.0,stop,-8,-104.0
2022-12-07,124,short,2022-12-07 11:28:36.446181111,4738.75,2022-12-07 11:28:50.289126889,4737.75,target,4,46.0
2022-12-07,182,long,2022-12-07 14:54:30.220786125,4741.75,2022-12-07 14:55:33.724160129,4742.75,target,4,46.0
2022-12-08,161,long,2022-12-08 14:53:06.556952297,4764.5,2022-12-08 14:53:29.563686583,4762.5,stop,-8,-104.0
2022-12-08,168,long,2022-12-08 15:01:18.992581591,4772.0,2022-12-08 15:06:45.029514013,4770.0,stop,-8,-104.0
2022-12-09,52,long,2022-12-09 09:53:06.515325599,4768.75,2022-12-09 09:53:24.399650653,4769.75,target,4,46.0
2022-12-09,59,short,2022-12-09 10:09:03.746590567,4776.0,2022-12-09 10:09:16.122476405,4775.0,target,4,46.0
2022-12-09,80,short,2022-12-09 11:44:22.448140511,4773.75,2022-12-09 11:44:52.865290325,4775.75,stop,-8,-104.0
2022-12-09,106,long,2022-12-09 14:16:29.052377323,4770.0,2022-12-09 14:16:53.843465699,4768.0,stop,-8,-104.0
2022-12-09,123,short,2022-12-09 15:00:44.602992923,4738.75,2022-12-09 15:02:34.652697305,4740.75,stop,-8,-104.0
2022-12-12,90,long,2022-12-12 12:32:52.214400871,4765.0,2022-12-12 12:36:02.488919041,4763.0,stop,-8,-104.0
2022-12-12,126,long,2022-12-12 14:54:17.325788417,4791.0,2022-12-12 14:55:18.956681967,4792.0,target,4,46.0
2022-12-13,87,short,2022-12-13 09:38:05.524633985,4859.25,2022-12-13 09:38:11.155492535,4858.25,target,4,46.0
2022-12-13,113,long,2022-12-13 10:05:22.099591347,4856.0,2022-12-13 10:05:36.141866713,4857.0,target,4,46.0
2022-12-13,228,long,2022-12-13 13:32:54.111314237,4825.25,2022-12-13 13:34:55.641798241,4823.25,stop,-8,-104.0
2022-12-13,259,short,2022-12-13 14:36:22.941610299,4827.5,2022-12-13 14:36:25.732224959,4826.5,target,4,46.0
2022-12-13,280,short,2022-12-13 15:01:46.209731207,4824.25,2022-12-13 15:03:41.483737857,4823.25,target,4,46.0
2022-12-14,165,long,2022-12-14 13:43:54.818163025,4796.25,2022-12-14 13:43:54.965218219,4797.25,target,4,46.0
2022-12-14,229,short,2022-12-14 14:29:37.908717033,4797.25,2022-12-14 14:29:41.546663749,4796.25,target,4,46.0
2022-12-15,59,short,2022-12-15 09:20:40.872002123,4717.0,2022-12-15 09:22:07.729964505,4716.0,target,4,46.0
2022-12-15,105,long,2022-12-15 10:30:00.003253661,4699.75,2022-12-15 10:30:41.932290943,4697.75,stop,-8,-104.0
2022-12-15,165,long,2022-12-15 13:03:21.427191479,4690.25,2022-12-15 13:03:58.265519783,4688.0,stop,-9,-116.5
2022-12-15,179,long,2022-12-15 13:43:23.328681235,4700.5,2022-12-15 13:46:48.585111911,4698.25,stop,-9,-116.5
2022-12-15,184,long,2022-12-15 13:55:57.022608621,4700.0,2022-12-15 13:56:05.248565651,4701.0,target,4,46.0
2022-12-16,111,short,2022-12-16 11:32:24.070186343,4636.5,2022-12-16 11:33:04.703384009,4638.5,stop,-8,-104.0
2022-12-16,132,long,2022-12-16 12:37:13.378875555,4636.0,2022-12-16 12:37:26.128184735,4634.0,stop,-8,-104.0
2022-12-16,153,long,2022-12-16 13:49:52.697918737,4635.75,2022-12-16 13:50:29.796602665,4636.75,target,4,46.0
2022-12-16,202,long,2022-12-16 15:00:03.169325847,4650.5,2022-12-16 15:00:06.866214635,4648.5,stop,-8,-104.0
2022-12-19,78,long,2022-12-19 11:14:07.244556257,4631.75,2022-12-19 11:14:31.592862729,4632.75,target,4,46.0
2022-12-19,113,long,2022-12-19 13:21:39.147960313,4610.5,2022-12-19 13:22:55.459296879,4608.5,stop,-8,-104.0
2022-12-19,149,long,2022-12-19 14:54:40.039750775,4613.75,2022-12-19 14:54:50.187181279,4614.75,target,4,46.0
2022-12-19,156,short,2022-12-19 14:59:59.534570837,4615.75,2022-12-19 15:03:06.842329819,4614.75,target,4,46.0
2022-12-20,105,short,2022-12-20 11:33:16.405628795,4618.25,2022-12-20 11:34:31.578823321,4617.25,target,4,46.0
2022-12-20,108,long,2022-12-20 11:43:23.966723167,4622.5,2022-12-20 11:43:28.262421031,4623.5,target,4,46.0
2022-12-20,161,long,2022-12-20 14:46:23.298678745,4630.25,2022-12-20 14:46:46.187501985,4628.25,stop,-8,-104.0
2022-12-20,171,long,2022-12-20 15:05:55.926178853,4622.75,2022-12-20 15:14:19.202597943,4620.75,stop,-8,-104.0
2022-12-21,57,short,2022-12-21 10:07:44.167169259,4683.5,2022-12-21 10:08:27.730218569,4685.5,stop,-8,-104.0
2022-12-21,133,short,2022-12-21 14:10:39.621008189,4671.75,2022-12-21 14:11:13.616409767,4673.75,stop,-8,-104.0
2022-12-21,160,long,2022-12-21 15:08:39.359109437,4680.25,2022-12-21 15:13:31.256058795,4681.25,target,4,46.0
2022-12-22,74,long,2022-12-22 10:30:47.620004639,4605.5,2022-12-22 10:32:43.434694257,4603.5,stop,-8,-104.0
2022-12-22,191,long,2022-12-22 14:50:08.641723763,4615.0,2022-12-22 14:50:10.031684187,4616.0,target,4,46.0
2022-12-23,92,long,2022-12-23 10:21:15.457295755,4627.5,2022-12-23 10:21:28.457719421,4625.5,stop,-8,-104.0
2022-12-23,123,long,2022-12-23 12:03:25.646874787,4634.5,2022-12-23 12:05:19.793873681,4635.5,target,4,46.0
2022-12-23,156,short,2022-12-23 14:20:38.445767783,4638.75,2022-12-23 14:21:12.999061647,4637.75,target,4,46.0
2022-12-23,164,long,2022-12-23 14:46:58.090372005,4639.0,2022-12-23 14:47:29.372749219,4637.0,stop,-8,-104.0
2022-12-23,169,long,2022-12-23 14:55:45.951921563,4643.0,2022-12-23 14:56:20.096314005,4641.0,stop,-8,-104.0
2022-12-27,88,long,2022-12-27 12:36:52.412090259,4633.25,2022-12-27 12:37:58.684764219,4631.25,stop,-8,-104.0
2022-12-27,105,long,2022-12-27 14:01:07.952939933,4627.5,2022-12-27 14:01:08.782880731,4628.5,target,4,46.0
2022-12-27,121,long,2022-12-27 14:59:07.913728879,4626.75,2022-12-27 14:59:14.247504601,4624.75,stop,-8,-104.0
2022-12-27,122,long,2022-12-27 14:59:48.439851131,4627.0,2022-12-27 15:00:00.760882899,4628.0,target,4,46.0
2022-12-28,46,short,2022-12-28 09:43:57.145061027,4617.25,2022-12-28 09:47:31.110539691,4619.25,stop,-8,-104.0
2022-12-28,153,long,2022-12-28 15:08:48.364635993,4580.25,2022-12-28 15:08:59.468041595,4581.25,target,4,46.0
2022-12-29,23,long,2022-12-29 09:00:02.834284105,4629.5,2022-12-29 09:00:28.728286795,4627.5,stop,-8,-104.0
2022-12-29,58,long,2022-12-29 10:17:11.432135799,4638.25,2022-12-29 10:22:33.588065995,4636.25,stop,-8,-104.0
2022-12-29,110,short,2022-12-29 14:19:29.627013903,4642.75,2022-12-29 14:20:08.674472909,4644.75,stop,-8,-104.0
2022-12-29,113,long,2022-12-29 14:31:57.308676899,4647.25,2022-12-29 14:32:41.979844925,4645.25,stop,-8,-104.0
2022-12-30,141,long,2022-12-30 14:49:18.515503541,4628.25,2022-12-30 14:49:32.532018131,4626.25,stop,-8,-104.0
2022-12-30,152,short,2022-12-30 14:59:24.272995485,4629.5,2022-12-30 14:59:34.187435837,4631.5,stop,-8,-104.0
2022-12-30,157,long,2022-12-30 15:01:47.377931749,4634.0,2022-12-30 15:02:06.233322427,4635.0,target,4,46.0
2023-01-03,35,long,2023-01-03 09:00:11.509553659,4629.25,2023-01-03 09:00:20.839280915,4630.25,target,4,46.0
2023-01-03,69,long,2023-01-03 09:56:31.141553551,4624.0,2023-01-03 09:57:13.801032353,4625.0,target,4,46.0
2023-01-03,99,long,2023-01-03 10:58:19.796172151,4600.0,2023-01-03 10:59:04.301516187,4598.0,stop,-8,-104.0
2023-01-04,133,short,2023-01-04 11:56:18.468433685,4656.25,2023-01-04 11:57:41.896941411,4655.25,target,4,46.0
2023-01-04,212,long,2023-01-04 14:09:59.056820941,4643.5,2023-01-04 14:10:56.739595709,4641.5,stop,-8,-104.0
2023-01-04,238,long,2023-01-04 14:57:23.546193013,4640.5,2023-01-04 14:57:56.758569709,4641.5,target,4,46.0
2023-01-04,244,short,2023-01-04 15:01:41.455037539,4641.5,2023-01-04 15:02:03.887136273,4643.5,stop,-8,-104.0
2023-01-05,42,short,2023-01-05 09:08:33.625285413,4618.25,2023-01-05 09:08:36.445798809,4620.25,stop,-8,-104.0
2023-01-05,93,short,2023-01-05 10:38:05.358270541,4598.75,2023-01-05 10:39:16.378798153,4600.75,stop,-8,-104.0
2023-01-05,144,short,2023-01-05 13:11:36.653625021,4613.0,2023-01-05 13:12:50.631528227,4615.0,stop,-8,-104.0
2023-01-05,180,long,2023-01-05 14:55:04.420953805,4599.0,2023-01-05 14:55:08.231314103,4600.0,target,4,46.0
2023-01-05,183,short,2023-01-05 14:59:02.771113077,4599.75,2023-01-05 14:59:23.407626389,4602.25,stop,-10,-129.0
2023-01-06,59,long,2023-01-06 09:09:22.596665035,4640.25,2023-01-06 09:09:28.735101953,4638.25,stop,-8,-104.0
2023-01-06,122,short,2023-01-06 10:30:45.819876857,4659.0,2023-01-06 10:31:40.165883089,4658.0,target,4,46.0
2023-01-06,129,long,2023-01-06 10:48:06.766145051,4665.25,2023-01-06 10:48:18.755896963,4666.25,target,4,46.0
2023-01-06,163,short,2023-01-06 12:51:05.855243307,4670.25,2023-01-06 12:52:32.452781045,4672.25,stop,-8,-104.0
2023-01-06,217,short,2023-01-06 15:00:00.521691197,4686.0,2023-01-06 15:00:06.763694477,4685.0,target,4,46.0
2023-01-09,149,short,2023-01-09 13:37:24.020015359,4707.25,2023-01-09 13:38:08.777505197,4706.25,target,4,46.0
2023-01-09,153,short,2023-01-09 13:48:12.040963723,4705.5,2023-01-09 13:48:45.240547831,4704.5,target,4,46.0
2023-01-10,32,long,2023-01-10 08:53:52.052656671,4691.0,2023-01-10 08:53:55.025411297,4692.0,target,4,46.0
2023-01-10,91,long,2023-01-10 10:00:08.523836235,4691.0,2023-01-10 10:00:19.029171863,4689.0,stop,-8,-104.0
2023-01-10,149,short,2023-01-10 12:55:41.991518213,4695.75,2023-01-10 12:56:38.497726689,4697.75,stop,-8,-104.0
2023-01-10,180,long,2023-01-10 14:50:25.105876397,4707.25,2023-01-10 14:51:57.802568163,4708.25,target,4,46.0
2023-01-10,185,short,2023-01-10 14:59:38.211436891,4710.75,2023-01-10 14:59:51.004122579,4712.75,stop,-8,-104.0
2023-01-11,122,long,2023-01-11 14:18:10.375130091,4754.75,2023-01-11 14:19:21.428729987,4755.75,target,4,46.0
2023-01-11,142,long,2023-01-11 15:04:21.917748481,4761.5,2023-01-11 15:14:59.606506101,4761.25,eod,-1,-16.5
2023-01-12,65,short,2023-01-12 09:18:42.756858163,4768.75,2023-01-12 09:18:59.145089919,4767.75,target,4,46.0
2023-01-12,149,short,2023-01-12 11:31:29.047737783,4782.5,2023-01-12 11:32:08.916799115,4781.5,target,4,46.0
2023-01-12,218,long,2023-01-12 14:33:25.929365281,4775.25,2023-01-12 14:34:29.583347995,4773.0,stop,-9,-116.5
2023-01-12,229,long,2023-01-12 14:56:22.775622861,4773.25,2023-01-12 14:56:51.240538849,4771.25,stop,-8,-104.0
2023-01-12,232,short,2023-01-12 14:59:59.857057383,4774.0,2023-01-12 15:02:25.268862245,4773.0,target,4,46.0
2023-01-13,67,long,2023-01-13 10:08:05.879128195,4767.5,2023-01-13 10:09:07.149702947,4765.5,stop,-8,-104.0
2023-01-13,88,long,2023-01-13 11:10:03.310055227,4765.25,2023-01-13 11:13:26.496453363,4766.25,target,4,46.0
2023-01-13,110,long,2023-01-13 12:48:01.747067887,4779.5,2023-01-13 12:48:56.903517077,4780.5,target,4,46.0
2023-01-17,45,long,2023-01-17 09:17:57.945722063,4803.0,2023-01-17 09:19:29.102471757,4801.0,stop,-8,-104.0
2023-01-17,139,long,2023-01-17 14:55:01.330124997,4779.5,2023-01-17 14:55:10.833946831,4780.5,target,4,46.0
2023-01-18,72,short,2023-01-18 10:07:11.667252805,4762.75,2023-01-18 10:07:16.674957645,4764.75,stop,-8,-104.0
2023-01-18,105,long,2023-01-18 11:14:41.824241703,4750.75,2023-01-18 11:15:13.069420923,4748.75,stop,-8,-104.0
2023-01-19,69,long,2023-01-19 10:00:41.697563209,4681.25,2023-01-19 10:00:55.003055225,4682.25,target,4,46.0
2023-01-19,176,short,2023-01-19 14:52:07.617489659,4693.75,2023-01-19 14:52:10.063952033,4695.75,stop,-8,-104.0
2023-01-19,187,long,2023-01-19 15:01:41.685004329,4696.75,2023-01-19 15:01:46.334347943,4697.75,target,4,46.0
2023-01-20,101,long,2023-01-20 12:50:03.036528217,4735.5,2023-01-20 12:50:30.024188093,4736.5,target,4,46.0
2023-01-20,126,short,2023-01-20 14:19:02.146568677,4756.75,2023-01-20 14:20:12.500653201,4755.75,target,4,46.0
2023-01-23,30,long,2023-01-23 09:08:22.090050749,4780.75,2023-01-23 09:09:30.932090631,4778.75,stop,-8,-104.0
2023-01-23,104,long,2023-01-23 12:30:27.739248365,4821.75,2023-01-23 12:34:10.063500331,4819.75,stop,-8,-104.0
2023-01-24,56,long,2023-01-24 09:29:20.177140393,4793.0,2023-01-24 09:29:48.683703205,4794.0,target,4,46.0
2023-01-24,111,long,2023-01-24 12:01:43.987687899,4802.75,2023-01-24 12:02:37.425922363,4803.75,target,4,46.0
2023-01-25,99,short,2023-01-25 10:46:00.081223417,4760.25,2023-01-25 10:46:37.803063767,4762.25,stop,-8,-104.0
2023-01-25,103,long,2023-01-25 10:52:54.020335031,4773.75,2023-01-25 10:52:54.847210993,4774.75,target,4,46.0
2023-01-25,172,short,2023-01-25 14:16:08.891749319,4799.5,2023-01-25 14:16:39.367849239,4798.5,target,4,46.0
2023-01-25,197,long,2023-01-25 15:08:28.914571863,4805.25,2023-01-25 15:08:44.530931095,4806.25,target,4,46.0
2023-01-26,37,short,2023-01-26 09:07:57.845292299,4808.25,2023-01-26 09:08:05.527274703,4810.25,stop,-8,-104.0
2023-01-26,56,short,2023-01-26 09:35:19.816500431,4827.0,2023-01-26 09:35:40.435690621,4826.0,target,4,46.0
2023-01-27,81,long,2023-01-27 10:48:00.605121567,4859.5,2023-01-27 10:48:37.882065323,4857.5,stop,-8,-104.0
2023-01-27,140,long,2023-01-27 14:20:06.451122769,4875.25,2023-01-27 14:20:28.700247263,4873.25,stop,-8,-104.0
2023-01-30,34,short,2023-01-30 09:13:45.776264573,4844.25,2023-01-30 09:13:50.804413305,4843.25,target,4,46.0
2023-01-30,54,short,2023-01-30 09:45:16.678040025,4820.0,2023-01-30 09:46:21.729788991,4822.0,stop,-8,-104.0
2023-01-30,62,long,2023-01-30 09:58:05.593502991,4825.0,2023-01-30 09:58:40.043009153,4826.0,target,4,46.0
2023-01-30,124,long,2023-01-30 12:50:48.866325993,4819.75,2023-01-30 12:51:18.098188035,4817.75,stop,-8,-104.0
2023-01-31,125,short,2023-01-31 14:10:25.318839759,4843.25,2023-01-31 14:10:50.518620901,4842.25,target,4,46.0
2023-01-31,145,long,2023-01-31 14:53:19.852024443,4852.75,2023-01-31 14:54:40.070512045,4853.75,target,4,46.0
2023-01-31,159,long,2023-01-31 15:05:12.523762877,4860.5,2023-01-31 15:05:16.989939109,4861.5,target,4,46.0
2023-01-31,161,short,2023-01-31 15:10:04.651906359,4857.75,2023-01-31 15:10:24.507518199,4856.75,target,4,46.0
2023-02-01,116,short,2023-02-01 13:16:35.636479525,4849.0,2023-02-01 13:16:56.651272391,4848.0,target,4,46.0
2023-02-01,175,short,2023-02-01 13:54:27.919424691,4892.75,2023-02-01 13:54:29.806447157,4891.75,target,4,46.0
2023-02-02,111,short,2023-02-02 11:09:25.020318815,4953.25,2023-02-02 11:11:01.197287701,4955.25,stop,-8,-104.0
2023-02-02,209,long,2023-02-02 14:30:29.533820387,4951.5,2023-02-02 14:31:32.137577733,4952.5,target,4,46.0
2023-02-02,239,short,2023-02-02 15:03:39.364515869,4966.0,2023-02-02 15:03:41.864579103,4965.0,target,4,46.0
2023-02-03,154,short,2023-02-03 11:49:19.878719467,4953.5,2023-02-03 11:50:47.064386717,4952.5,target,4,46.0
2023-02-03,159,short,2023-02-03 11:59:42.381684969,4934.75,2023-02-03 11:59:55.035231191,4936.75,stop,-8,-104.0
2023-02-03,163,short,2023-02-03 12:04:07.189095285,4932.25,2023-02-03 12:04:16.639918131,4934.25,stop,-8,-104.0
2023-02-03,245,short,2023-02-03 14:43:26.464112723,4916.25,2023-02-03 14:44:04.117322663,4915.25,target,4,46.0
2023-02-03,257,long,2023-02-03 14:59:25.230591189,4920.75,2023-02-03 14:59:33.006932209,4918.75,stop,-8,-104.0
2023-02-06,21,long,2023-02-06 08:51:13.378246677,4898.5,2023-02-06 08:51:15.867189723,4899.5,target,4,46.0
2023-02-06,97,short,2023-02-06 11:01:02.512611079,4890.0,2023-02-06 11:02:22.515728417,4889.0,target,4,46.0
2023-02-06,128,long,2023-02-06 12:51:09.100224173,4894.25,2023-02-06 12:51:33.552332351,4892.25,stop,-8,-104.0
2023-02-06,161,short,2023-02-06 14:39:38.816967075,4892.5,2023-02-06 14:40:32.908985729,4894.5,stop,-8,-104.0
2023-02-06,169,short,2023-02-06 14:57:39.638643705,4891.75,2023-02-06 14:58:13.813683337,4893.75,stop,-8,-104.0
2023-02-07,276,short,2023-02-07 14:48:37.387626627,4946.5,2023-02-07 14:49:25.161486249,4948.5,stop,-8,-104.0
2023-02-07,277,long,2023-02-07 14:50:14.648683971,4951.5,2023-02-07 14:50:19.000012347,4952.5,target,4,46.0
2023-02-07,284,short,2023-02-07 14:57:26.495608683,4945.75,2023-02-07 14:58:11.821107767,4947.75,stop,-8,-104.0
2023-02-08,50,short,2023-02-08 09:31:12.358751149,4919.0,2023-02-08 09:31:55.198342923,4918.0,target,4,46.0
2023-02-08,57,long,2023-02-08 09:39:41.736278743,4924.25,2023-02-08 09:41:00.625185585,4922.25,stop,-8,-104.0
2023-02-08,88,short,2023-02-08 10:34:09.812039771,4898.25,2023-02-08 10:34:22.070520089,4897.25,target,4,46.0
2023-02-08,171,short,2023-02-08 14:19:50.168378031,4894.0,2023-02-08 14:19:54.366506441,4893.0,target,4,46.0
2023-02-09,51,long,2023-02-09 09:32:10.473421579,4917.25,2023-02-09 09:33:17.955316725,4918.25,target,4,46.0
2023-02-10,105,long,2023-02-10 10:54:34.990243757,4858.0,2023-02-10 10:56:06.087453011,4859.0,target,4,46.0
2023-02-10,108,long,2023-02-10 11:01:18.818040245,4855.5,2023-02-10 11:01:32.650183273,4853.5,stop,-8,-104.0
2023-02-10,191,short,2023-02-10 14:59:35.906379885,4871.0,2023-02-10 15:00:10.698616569,4870.0,target,4,46.0
2023-02-13,60,short,2023-02-13 10:28:04.522709939,4905.75,2023-02-13 10:29:12.030791189,4907.75,stop,-8,-104.0
2023-02-13,90,long,2023-02-13 12:33:24.872611703,4918.5,2023-02-13 12:34:00.783474029,4916.5,stop,-8,-104.0
2023-02-13,135,long,2023-02-13 14:59:49.886280707,4919.0,2023-02-13 15:00:00.001922409,4920.0,target,4,46.0
2023-02-14,109,long,2023-02-14 10:01:09.934282111,4904.5,2023-02-14 10:01:34.659709423,4905.5,target,4,46.0
2023-02-14,227,long,2023-02-14 13:20:39.153246375,4918.5,2023-02-14 13:22:07.250869959,4916.5,stop,-8,-104.0
2023-02-14,229,short,2023-02-14 13:26:39.852949985,4913.75,2023-02-14 13:27:15.612122135,4915.75,stop,-8,-104.0
2023-02-14,260,long,2023-02-14 14:51:18.480385859,4924.5,2023-02-14 14:51:42.791059053,4922.5,stop,-8,-104.0
2023-02-15,23,short,2023-02-15 08:53:48.457939939,4890.5,2023-02-15 08:54:04.090361821,4889.5,target,4,46.0
2023-02-15,155,long,2023-02-15 14:05:32.391472545,4919.25,2023-02-15 14:08:25.641058367,4920.25,target,4,46.0
2023-02-16,72,long,2023-02-16 09:46:28.267886219,4899.5,2023-02-16 09:46:50.616990585,4900.5,target,4,46.0
2023-02-16,171,short,2023-02-16 14:04:02.834115825,4905.25,2023-02-16 14:04:09.528870121,4904.25,target,4,46.0
2023-02-16,225,long,2023-02-16 15:03:40.139814435,4870.0,2023-02-16 15:05:08.767326883,4871.0,target,4,46.0
2023-02-17,102,short,2023-02-17 10:27:34.489990039,4829.75,2023-02-17 10:27:55.054309283,4831.75,stop,-8,-104.0
2023-02-17,117,long,2023-02-17 10:59:12.943420625,4834.25,2023-02-17 11:00:06.943778413,4835.25,target,4,46.0
2023-02-21,165,short,2023-02-21 14:36:20.858283329,4784.5,2023-02-21 14:36:24.557271171,4783.5,target,4,46.0
2023-02-21,174,short,2023-02-21 14:52:56.856051437,4777.5,2023-02-21 14:54:05.086265817,4779.5,stop,-8,-104.0
2023-02-22,90,short,2023-02-22 11:10:44.189504315,4777.5,2023-02-22 11:11:51.087654671,4776.5,target,4,46.0
2023-02-22,118,long,2023-02-22 13:00:08.076511991,4792.5,2023-02-22 13:00:08.828991363,4793.5,target,4,46.0
2023-02-22,167,long,2023-02-22 13:44:03.480196245,4768.0,2023-02-22 13:44:16.603864335,4769.0,target,4,46.0
2023-02-22,178,long,2023-02-22 13:58:02.949966031,4765.25,2023-02-22 13:58:26.513931943,4763.25,stop,-8,-104.0
2023-02-22,219,short,2023-02-22 15:00:31.072805671,4770.25,2023-02-22 15:01:27.939006483,4772.25,stop,-8,-104.0
2023-02-23,80,long,2023-02-23 10:10:39.452370719,4771.5,2023-02-23 10:11:12.471008865,4772.5,target,4,46.0
2023-02-23,164,long,2023-02-23 13:32:00.377985919,4786.5,2023-02-23 13:32:27.215605549,4787.5,target,4,46.0
2023-02-24,63,long,2023-02-24 09:35:18.726482001,4727.5,2023-02-24 09:35:48.182986875,4725.5,stop,-8,-104.0
2023-02-24,166,long,2023-02-24 13:54:16.759461411,4748.25,2023-02-24 13:54:52.925162207,4746.25,stop,-8,-104.0
2023-02-24,175,short,2023-02-24 14:12:03.482639295,4750.25,2023-02-24 14:12:07.686062933,4749.25,target,4,46.0
2023-02-24,203,long,2023-02-24 14:59:18.385248045,4747.75,2023-02-24 14:59:23.714507631,4748.75,target,4,46.0
2023-02-27,54,short,2023-02-27 09:46:25.068095105,4773.25,2023-02-27 09:46:34.394561627,4772.25,target,4,46.0
2023-02-27,92,short,2023-02-27 11:09:45.802594411,4760.5,2023-02-27 11:10:24.336966267,4762.5,stop,-8,-104.0
2023-02-27,110,short,2023-02-27 12:28:09.544723709,4768.5,2023-02-27 12:28:51.865521241,4770.5,stop,-8,-104.0
2023-02-27,126,short,2023-02-27 13:37:32.958722013,4767.5,2023-02-27 13:40:27.472016001,4766.5,target,4,46.0
2023-02-27,146,long,2023-02-27 14:32:27.707346945,4757.0,2023-02-27 14:32:56.076370407,4755.0,stop,-8,-104.0
2023-02-28,50,short,2023-02-28 09:32:20.942524373,4751.0,2023-02-28 09:32:36.054586101,4753.0,stop,-8,-104.0
2023-02-28,130,short,2023-02-28 13:17:49.991960785,4766.25,2023-02-28 13:18:17.470077245,4765.25,target,4,46.0
2023-02-28,185,long,2023-02-28 15:08:31.603600413,4741.5,2023-02-28 15:10:14.337638201,4739.5,stop,-8,-104.0
2023-03-01,70,long,2023-03-01 09:38:19.799161199,4738.25,2023-03-01 09:38:30.880468159,4739.25,target,4,46.0
2023-03-01,71,short,2023-03-01 09:39:36.640392335,4737.0,2023-03-01 09:39:43.292637605,4736.0,target,4,46.0
2023-03-01,151,long,2023-03-01 12:13:15.142098363,4734.25,2023-03-01 12:18:05.960553379,4735.25,target,4,46.0
2023-03-01,184,short,2023-03-01 14:00:01.939308465,4720.5,2023-03-01 14:00:24.816558651,4722.5,stop,-8,-104.0
2023-03-01,208,long,2023-03-01 14:59:59.115145815,4729.0,2023-03-01 15:04:06.507687407,4727.0,stop,-8,-104.0
2023-03-02,92,long,2023-03-02 11:24:13.091139131,4716.5,2023-03-02 11:26:04.736365849,4717.5,target,4,46.0
2023-03-02,97,short,2023-03-02 11:39:10.061461559,4719.75,2023-03-02 11:42:54.955351229,4718.75,target,4,46.0
2023-03-03,84,long,2023-03-03 10:58:01.818808975,4799.25,2023-03-03 10:58:18.615787647,4800.25,target,4,46.0
2023-03-03,119,long,2023-03-03 13:23:03.453375211,4815.25,2023-03-03 13:29:35.147721267,4816.25,target,4,46.0
2023-03-03,154,short,2023-03-03 15:01:00.156218535,4818.5,2023-03-03 15:01:55.248328593,4820.5,stop,-8,-104.0
2023-03-06,69,long,2023-03-06 10:53:10.042442279,4844.5,2023-03-06 10:53:53.617860793,4845.5,target,4,46.0
2023-03-06,75,long,2023-03-06 11:17:30.809023063,4851.25,2023-03-06 11:19:23.662705977,4852.25,target,4,46.0
2023-03-06,127,short,2023-03-06 14:04:56.750431393,4824.0,2023-03-06 14:07:20.194336741,4826.0,stop,-8,-104.0
2023-03-06,144,long,2023-03-06 14:45:28.078836229,4826.0,2023-03-06 14:48:08.445908777,4824.0,stop,-8,-104.0
2023-03-06,153,long,2023-03-06 15:02:15.650846591,4825.25,2023-03-06 15:14:59.523537417,4824.75,eod,-2,-29.0
2023-03-07,21,long,2023-03-07 09:01:43.518973159,4802.0,2023-03-07 09:01:44.462021759,4803.0,target,4,46.0
2023-03-07,215,long,2023-03-07 14:32:23.438228859,4762.25,2023-03-07 14:32:33.575032835,4763.25,target,4,46.0
2023-03-08,46,short,2023-03-08 09:19:01.012403689,4755.5,2023-03-08 09:19:14.705530765,4757.5,stop,-8,-104.0
2023-03-08,126,short,2023-03-08 12:08:53.578359921,4751.0,2023-03-08 12:11:03.912861155,4750.0,target,4,46.0
2023-03-08,171,long,2023-03-08 14:43:29.262635497,4761.75,2023-03-08 14:43:58.299433681,4762.75,target,4,46.0
2023-03-08,182,short,2023-03-08 15:01:00.012059961,4765.75,2023-03-08 15:14:59.411356249,4767.0,eod,-5,-66.5
2023-03-09,24,long,2023-03-09 08:58:22.222718345,4785.75,2023-03-09 08:58:44.809011667,4783.75,stop,-8,-104.0
2023-03-09,76,short,2023-03-09 10:27:35.702515441,4770.75,2023-03-09 10:28:20.071089637,4769.75,target,4,46.0
2023-03-09,211,long,2023-03-09 14:31:26.348580689,4693.25,2023-03-09 14:31:44.142510813,4694.25,target,4,46.0
2023-03-09,242,short,2023-03-09 15:01:53.422971761,4690.25,2023-03-09 15:05:27.023017617,4689.25,target,4,46.0
2023-03-10,114,short,2023-03-10 10:24:06.768101065,4689.75,2023-03-10 10:24:13.519157421,4688.75,target,4,46.0
2023-03-10,197,short,2023-03-10 12:42:00.028237441,4627.25,2023-03-10 12:42:04.825688661,4626.25,target,4,46.0
2023-03-10,200,short,2023-03-10 12:48:49.723529393,4623.5,2023-03-10 12:49:08.827496251,4622.5,target,4,46.0
2023-03-13,45,long,2023-03-13 08:57:48.966724663,4630.75,2023-03-13 08:57:52.153463627,4628.75,stop,-8,-104.0
2023-03-13,269,short,2023-03-13 13:13:54.600030799,4652.5,2023-03-13 13:14:02.996517133,4654.5,stop,-8,-104.0
2023-03-13,281,short,2023-03-13 13:36:36.921149101,4657.0,2023-03-13 13:36:41.608353065,4659.0,stop,-8,-104.0
2023-03-13,325,short,2023-03-13 14:50:00.017307759,4635.0,2023-03-13 14:50:00.050174563,4634.0,target,4,46.0
2023-03-14,177,long,2023-03-14 13:10:51.932088735,4661.5,2023-03-14 13:11:01.841856277,4662.5,target,4,46.0
2023-03-14,201,long,2023-03-14 14:01:00.332223757,4664.0,2023-03-14 14:01:00.532502015,4665.0,target,4,46.0
2023-03-14,237,long,2023-03-14 14:55:46.717318639,4680.75,2023-03-14 14:55:53.516651835,4681.75,target,4,46.0
2023-03-14,238,long,2023-03-14 14:56:54.671377905,4686.25,2023-03-14 14:56:56.840462607,4687.25,target,4,46.0
2023-03-14,242,long,2023-03-14 14:59:46.755291445,4694.25,2023-03-14 14:59:51.529061849,4692.25,stop,-8,-104.0
2023-03-15,219,short,2023-03-15 13:22:27.614414855,4636.75,2023-03-15 13:23:02.969180367,4638.75,stop,-8,-104.0
2023-03-15,226,short,2023-03-15 13:28:04.257853453,4656.75,2023-03-15 13:28:04.257853453,4660.25,stop,-14,-179.0
2023-03-15,229,short,2023-03-15 13:29:12.211365271,4656.5,2023-03-15 13:29:12.211365271,4660.25,stop,-15,-191.5
2023-03-15,280,long,2023-03-15 14:28:01.745808697,4661.5,2023-03-15 14:28:08.250464347,4656.75,stop,-19,-241.5
2023-03-15,300,long,2023-03-15 14:55:02.317809291,4643.5,2023-03-15 14:55:29.509485887,4644.5,target,4,46.0
2023-03-16,95,long,2023-03-16 10:14:45.586795187,4690.25,2023-03-16 10:15:02.976574313,4687.75,stop,-10,-129.0
2023-03-16,99,long,2023-03-16 10:20:31.037146143,4693.5,2023-03-16 10:20:31.498350307,4694.5,target,4,46.0
2023-03-16,164,short,2023-03-16 12:08:39.842905185,4729.0,2023-03-16 12:08:45.502616909,4728.0,target,4,46.0
2023-03-16,185,short,2023-03-16 13:00:34.685605033,4720.25,2023-03-16 13:00:53.513375231,4719.25,target,4,46.0
2023-03-16,212,long,2023-03-16 14:21:30.012707175,4727.5,2023-03-16 14:21:36.481821803,4728.5,target,4,46.0
2023-03-17,124,short,2023-03-17 11:11:45.010705789,4687.0,2023-03-17 11:12:08.189052541,4689.25,stop,-9,-116.5
2023-03-17,134,long,2023-03-17 11:31:16.895706179,4701.5,2023-03-17 11:31:34.644395307,4699.5,stop,-8,-104.0
2023-03-20,39,short,2023-03-20 09:11:37.238819985,4697.75,2023-03-20 09:12:01.362841763,4699.75,stop,-8,-104.0
2023-03-20,91,short,2023-03-20 11:01:40.702082531,4707.75,2023-03-20 11:03:03.892136113,4709.75,stop,-8,-104.0
2023-03-20,112,long,2023-03-20 11:50:46.847419825,4711.0,2023-03-20 11:51:15.978300643,4712.0,target,4,46.0
2023-03-20,120,long,2023-03-20 12:15:18.636564427,4721.0,2023-03-20 12:15:59.964654799,4722.0,target,4,46.0
2023-03-20,131,short,2023-03-20 13:03:53.396515277,4712.0,2023-03-20 13:04:01.878978291,4711.0,target,4,46.0
2023-03-21,37,short,2023-03-21 09:27:11.418052509,4745.25,2023-03-21 09:27:28.937163353,4747.25,stop,-8,-104.0
2023-03-21,78,long,2023-03-21 11:03:44.735497367,4745.75,2023-03-21 11:04:12.090303285,4743.75,stop,-8,-104.0
2023-03-21,141,short,2023-03-21 14:57:05.303662603,4774.25,2023-03-21 14:57:45.032159065,4773.25,target,4,46.0
2023-03-22,29,short,2023-03-22 09:47:24.507726167,4779.75,2023-03-22 09:51:59.277130223,4778.75,target,4,46.0
2023-03-22,63,long,2023-03-22 12:19:40.449970317,4765.25,2023-03-22 12:21:20.484682361,4766.25,target,4,46.0
2023-03-22,70,long,2023-03-22 13:00:21.088774465,4774.5,2023-03-22 13:00:22.248195969,4775.5,target,4,46.0
2023-03-22,118,long,2023-03-22 13:38:46.669254429,4784.5,2023-03-22 13:38:50.315654141,4785.5,target,4,46.0
2023-03-22,222,short,2023-03-22 14:58:30.186876709,4716.5,2023-03-22 14:58:42.522690351,4715.5,target,4,46.0
2023-03-23,137,short,2023-03-23 13:04:10.497410545,4730.0,2023-03-23 13:04:43.641277987,4729.0,target,4,46.0
2023-03-23,178,long,2023-03-23 14:00:01.934391205,4709.25,2023-03-23 14:00:02.382103399,4710.25,target,4,46.0
2023-03-24,84,short,2023-03-24 10:11:42.059022255,4681.75,2023-03-24 10:11:45.542434101,4680.75,target,4,46.0
2023-03-24,135,long,2023-03-24 11:55:26.593906405,4716.0,2023-03-24 11:56:47.783508899,4714.0,stop,-8,-104.0
2023-03-27,79,short,2023-03-27 11:41:43.990333013,4744.25,2023-03-27 11:41:44.154137863,4743.25,target,4,46.0
2023-03-27,95,long,2023-03-27 12:48:01.526690865,4757.5,2023-03-27 12:49:42.091226641,4755.5,stop,-8,-104.0
2023-03-27,125,short,2023-03-27 14:48:43.398329753,4749.0,2023-03-27 14:49:01.422521703,4751.0,stop,-8,-104.0
2023-03-27,133,long,2023-03-27 15:00:00.480954497,4747.75,2023-03-27 15:02:47.214282627,4748.75,target,4,46.0
2023-03-28,115,long,2023-03-28 14:36:36.627496737,4732.5,2023-03-28 14:38:04.182541549,4733.5,target,4,46.0
2023-03-28,123,long,2023-03-28 14:56:59.535225689,4737.0,2023-03-28 14:57:05.827138003,4738.0,target,4,46.0
2023-03-28,125,long,2023-03-28 15:00:03.883836937,4739.25,2023-03-28 15:00:12.293877899,4740.25,target,4,46.0
2023-03-29,67,short,2023-03-29 11:57:11.894849675,4779.0,2023-03-29 11:58:57.262888833,4778.0,target,4,46.0
2023-03-29,70,long,2023-03-29 12:08:11.283970623,4783.25,2023-03-29 12:08:33.964536471,4784.25,target,4,46.0
2023-03-29,74,long,2023-03-29 12:27:37.845601073,4785.25,2023-03-29 12:28:05.814980477,4786.25,target,4,46.0
2023-03-29,81,short,2023-03-29 13:02:42.318730597,4775.0,2023-03-29 13:04:40.272877423,4777.0,stop,-8,-104.0
2023-03-29,108,short,2023-03-29 14:36:50.663942021,4791.0,2023-03-29 14:40:23.727915859,4790.0,target,4,46.0
2023-03-30,120,long,2023-03-30 14:58:50.975199199,4817.75,2023-03-30 15:00:22.264333003,4818.75,target,4,46.0
2023-03-31,64,short,2023-03-31 11:45:57.325865795,4852.75,2023-03-31 11:50:38.565965231,4854.75,stop,-8,-104.0
2023-03-31,84,short,2023-03-31 13:18:35.046837361,4855.25,2023-03-31 13:22:28.548182507,4854.25,target,4,46.0
2023-03-31,112,long,2023-03-31 14:43:19.249865387,4865.25,2023-03-31 14:44:54.405037659,4863.25,stop,-8,-104.0
2023-04-03,97,long,2023-04-03 13:11:43.806626983,4876.0,2023-04-03 13:15:41.125763227,4874.0,stop,-8,-104.0
2023-04-03,117,short,2023-04-03 14:34:42.144642989,4890.25,2023-04-03 14:39:32.414733305,4889.25,target,4,46.0
2023-04-04,65,short,2023-04-04 10:18:42.526145541,4864.0,2023-04-04 10:19:03.774501917,4863.0,target,4,46.0
2023-04-04,98,long,2023-04-04 11:44:50.706794179,4864.75,2023-04-04 11:52:20.221770431,4862.75,stop,-8,-104.0
2023-04-04,129,long,2023-04-04 13:50:04.769674535,4863.0,2023-04-04 13:53:27.848340175,4861.0,stop,-8,-104.0
2023-04-05,29,short,2023-04-05 09:13:20.242480459,4850.25,2023-04-05 09:13:39.829480037,4852.25,stop,-8,-104.0
2023-04-05,62,long,2023-04-05 10:12:32.474290771,4846.25,2023-04-05 10:13:39.118708909,4847.25,target,4,46.0
2023-04-05,141,long,2023-04-05 14:55:07.528337777,4856.0,2023-04-05 14:56:22.644474695,4854.0,stop,-8,-104.0
2023-04-06,101,short,2023-04-06 13:42:45.651614555,4869.0,2023-04-06 13:47:31.682476311,4871.0,stop,-8,-104.0
2023-04-06,109,short,2023-04-06 14:19:24.907468967,4862.75,2023-04-06 14:21:08.391232049,4864.75,stop,-8,-104.0
2023-04-10,47,long,2023-04-10 10:39:50.237581325,4853.5,2023-04-10 10:51:10.754449377,4851.5,stop,-8,-104.0
2023-04-11,112,long,2023-04-11 14:58:59.021464829,4872.5,2023-04-11 14:59:52.518000643,4873.5,target,4,46.0
2023-04-11,115,long,2023-04-11 15:01:22.336307993,4876.5,2023-04-11 15:14:59.973002837,4876.25,eod,-1,-16.5
2023-04-12,51,short,2023-04-12 09:43:36.602121651,4877.25,2023-04-12 09:44:08.383535819,4876.25,target,4,46.0
2023-04-12,169,short,2023-04-12 14:49:16.617352267,4853.5,2023-04-12 14:50:00.069059781,4852.5,target,4,46.0
2023-04-13,26,long,2023-04-13 09:12:02.268821641,4873.0,2023-04-13 09:12:04.010735535,4874.0,target,4,46.0
2023-04-13,39,long,2023-04-13 09:33:46.083335191,4880.0,2023-04-13 09:34:30.319025059,4881.0,target,4,46.0
2023-04-13,46,long,2023-04-13 09:54:33.918314861,4882.0,2023-04-13 09:58:01.561764697,4880.0,stop,-8,-104.0
2023-04-13,60,short,2023-04-13 10:45:56.506619799,4883.0,2023-04-13 10:49:22.111981111,4882.0,target,4,46.0
2023-04-13,111,long,2023-04-13 14:19:05.533467367,4911.0,2023-04-13 14:20:33.934109477,4912.0,target,4,46.0
2023-04-14,32,short,2023-04-14 09:08:09.569914297,4909.75,2023-04-14 09:08:16.398410469,4908.75,target,4,46.0
2023-04-14,51,short,2023-04-14 09:28:29.118661845,4897.25,2023-04-14 09:30:19.097966491,4899.25,stop,-8,-104.0
2023-04-14,102,short,2023-04-14 11:31:03.319928775,4884.25,2023-04-14 11:31:13.361469991,4883.25,target,4,46.0
2023-04-14,160,long,2023-04-14 14:42:25.527488117,4899.5,2023-04-14 14:44:28.325311671,4900.5,target,4,46.0
2023-04-14,172,long,2023-04-14 15:02:22.008674649,4901.75,2023-04-14 15:14:03.085378309,4902.75,target,4,46.0
2023-04-17,52,long,2023-04-17 10:24:11.610087607,4898.75,2023-04-17 10:25:03.716175623,4899.75,target,4,46.0
2023-04-17,68,long,2023-04-17 11:10:08.615624779,4893.0,2023-04-17 11:11:36.691555409,4891.0,stop,-8,-104.0
2023-04-17,72,long,2023-04-17 11:25:36.943733111,4890.0,2023-04-17 11:26:24.000842659,4891.0,target,4,46.0
2023-04-17,117,short,2023-04-17 14:46:13.174900869,4905.5,2023-04-17 14:48:54.940497745,4907.5,stop,-8,-104.0
2023-04-17,122,short,2023-04-17 14:55:51.189112295,4911.5,2023-04-17 14:59:45.008253813,4913.5,stop,-8,-104.0
2023-04-18,28,short,2023-04-18 09:11:01.314310053,4916.25,2023-04-18 09:11:13.447142603,4915.25,target,4,46.0
2023-04-18,84,long,2023-04-18 12:07:47.014069133,4915.0,2023-04-18 12:09:40.270914137,4916.0,target,4,46.0
2023-04-18,124,long,2023-04-18 14:56:02.038967897,4919.25,2023-04-18 14:59:11.271580179,4917.25,stop,-8,-104.0
2023-04-18,127,short,2023-04-18 15:00:05.354010595,4915.5,2023-04-18 15:00:44.717491887,4914.5,target,4,46.0
2023-04-18,130,short,2023-04-18 15:05:33.031403285,4913.5,2023-04-18 15:13:36.851021293,4915.5,stop,-8,-104.0
2023-04-19,35,short,2023-04-19 09:42:12.723057905,4904.5,2023-04-19 09:44:03.340495847,4906.5,stop,-8,-104.0
2023-04-19,100,long,2023-04-19 14:14:00.174348313,4920.75,2023-04-19 14:18:21.710059505,4918.75,stop,-8,-104.0
2023-04-20,81,short,2023-04-20 12:21:30.114501891,4905.25,2023-04-20 12:25:32.259481001,4907.25,stop,-8,-104.0
2023-04-20,143,long,2023-04-20 14:59:52.923272849,4889.5,2023-04-20 14:59:59.871093549,4890.5,target,4,46.0
2023-04-20,145,long,2023-04-20 15:01:00.204178595,4892.5,2023-04-20 15:01:10.994328615,4893.5,target,4,46.0
2023-04-21,26,long,2023-04-21 09:05:10.642418033,4878.25,2023-04-21 09:05:51.899675385,4879.25,target,4,46.0
2023-04-21,66,long,2023-04-21 10:08:03.911439391,4886.25,2023-04-21 10:09:28.280700991,4884.25,stop,-8,-104.0
2023-04-21,83,long,2023-04-21 10:52:08.825028793,4881.75,2023-04-21 10:53:25.532834679,4882.75,target,4,46.0
2023-04-21,94,short,2023-04-21 11:31:12.786599097,4884.25,2023-04-21 11:34:25.663943203,4886.25,stop,-8,-104.0
2023-04-24,66,long,2023-04-24 10:46:27.477460341,4881.0,2023-04-24 10:54:03.001554301,4879.0,stop,-8,-104.0
2023-04-24,135,long,2023-04-24 15:00:12.294538223,4897.75,2023-04-24 15:08:50.015238347,4895.75,stop,-8,-104.0
2023-04-25,157,short,2023-04-25 14:57:37.500611021,4830.5,2023-04-25 15:00:33.652361469,4829.5,target,4,46.0
2023-04-25,168,long,2023-04-25 15:08:21.057981873,4843.0,2023-04-25 15:09:26.198913751,4841.0,stop,-8,-104.0
2023-04-26,88,long,2023-04-26 11:09:18.094917329,4846.75,2023-04-26 11:11:55.878393985,4844.75,stop,-8,-104.0
2023-04-26,145,short,2023-04-26 14:00:59.883265051,4809.75,2023-04-26 14:03:56.867724423,4808.75,target,4,46.0
2023-04-26,168,short,2023-04-26 14:58:48.292325763,4814.75,2023-04-26 14:59:37.958029141,4813.75,target,4,46.0
2023-04-26,171,long,2023-04-26 15:01:10.905438031,4813.75,2023-04-26 15:01:53.195257183,4811.75,stop,-8,-104.0
2023-04-27,71,short,2023-04-27 11:11:46.972526005,4860.75,2023-04-27 11:15:08.439721195,4862.75,stop,-8,-104.0
2023-04-27,138,short,2023-04-27 15:00:03.595538103,4889.75,2023-04-27 15:00:57.166617113,4888.75,target,4,46.0
2023-04-28,73,short,2023-04-28 10:36:34.965693329,4906.25,2023-04-28 10:38:31.196898329,4908.25,stop,-8,-104.0
2023-04-28,147,long,2023-04-28 14:58:26.927760227,4924.5,2023-04-28 14:59:34.074361885,4925.5,target,4,46.0
2023-04-28,153,short,2023-04-28 15:03:27.202256649,4928.0,2023-04-28 15:03:48.838869103,4930.0,stop,-8,-104.0
2023-05-01,30,short,2023-05-01 09:31:56.510366217,4925.75,2023-05-01 09:32:18.114241987,4927.75,stop,-8,-104.0
2023-05-01,111,short,2023-05-01 14:27:21.157804325,4924.25,2023-05-01 14:30:42.029244905,4926.25,stop,-8,-104.0
2023-05-01,124,short,2023-05-01 14:59:58.936012361,4921.75,2023-05-01 15:00:29.200546931,4923.75,stop,-8,-104.0
2023-05-02,50,short,2023-05-02 09:35:51.914723547,4866.25,2023-05-02 09:36:45.094639003,4865.25,target,4,46.0
2023-05-02,131,long,2023-05-02 12:07:38.332993807,4865.25,2023-05-02 12:09:07.564144907,4863.25,stop,-8,-104.0
2023-05-02,154,short,2023-05-02 13:21:36.063410121,4865.75,2023-05-02 13:22:12.412145523,4864.75,target,4,46.0
2023-05-02,174,long,2023-05-02 14:21:46.691163981,4877.75,2023-05-02 14:22:08.693554257,4878.75,target,4,46.0
2023-05-03,141,short,2023-05-03 13:51:47.323128383,4879.25,2023-05-03 13:51:50.635179727,4878.25,target,4,46.0
2023-05-03,189,short,2023-05-03 14:30:00.166371649,4851.5,2023-05-03 14:30:05.007139365,4853.5,stop,-8,-104.0
2023-05-04,83,long,2023-05-04 10:00:50.645051497,4812.25,2023-05-04 10:00:51.563463119,4813.25,target,4,46.0
2023-05-04,135,long,2023-05-04 12:15:43.332522647,4825.25,2023-05-04 12:17:43.367258931,4826.25,target,4,46.0
2023-05-04,166,long,2023-05-04 13:46:19.304461547,4813.5,2023-05-04 13:46:40.057533985,4811.5,stop,-8,-104.0
2023-05-04,199,long,2023-05-04 14:59:59.407007693,4813.75,2023-05-04 15:00:00.082276899,4814.75,target,4,46.0
2023-05-04,201,short,2023-05-04 15:06:05.561728345,4810.25,2023-05-04 15:10:57.998680219,4812.25,stop,-8,-104.0
2023-05-05,81,long,2023-05-05 12:04:17.413865805,4875.25,2023-05-05 12:20:29.124940813,4876.25,target,4,46.0
2023-05-05,124,long,2023-05-05 14:53:10.099190085,4889.75,2023-05-05 14:53:23.094564389,4887.75,stop,-8,-104.0
2023-05-05,127,short,2023-05-05 14:57:58.604609325,4886.75,2023-05-05 14:58:17.620796673,4885.75,target,4,46.0
2023-05-05,129,long,2023-05-05 14:59:52.800886507,4887.0,2023-05-05 14:59:58.538419865,4888.0,target,4,46.0
2023-05-05,131,long,2023-05-05 15:00:02.107825791,4890.0,2023-05-05 15:00:10.755568399,4888.0,stop,-8,-104.0
2023-05-08,108,short,2023-05-08 14:50:31.997549647,4890.25,2023-05-08 14:51:53.246421593,4889.25,target,4,46.0
2023-05-08,113,short,2023-05-08 15:05:49.770884077,4887.5,2023-05-08 15:07:51.739116481,4889.5,stop,-8,-104.0
2023-05-09,72,long,2023-05-09 13:00:15.723525535,4881.25,2023-05-09 13:06:50.601315843,4879.25,stop,-8,-104.0
2023-05-09,81,short,2023-05-09 13:53:01.697187843,4877.5,2023-05-09 13:53:53.352859061,4876.5,target,4,46.0
2023-05-09,85,long,2023-05-09 14:05:39.177708705,4878.25,2023-05-09 14:08:00.647673395,4879.25,target,4,46.0
2023-05-10,42,short,2023-05-10 09:17:20.126935113,4890.0,2023-05-10 09:17:39.761855693,4892.0,stop,-8,-104.0
2023-05-10,80,long,2023-05-10 10:19:35.145920029,4877.25,2023-05-10 10:20:50.935710843,4878.25,target,4,46.0
2023-05-10,147,long,2023-05-10 13:45:34.042894127,4882.75,2023-05-10 13:46:02.496151297,4880.75,stop,-8,-104.0
2023-05-10,172,short,2023-05-10 14:51:08.995621601,4889.25,2023-05-10 14:51:54.079087109,4888.25,target,4,46.0
2023-05-11,79,long,2023-05-11 11:06:20.035354713,4875.5,2023-05-11 11:07:06.940482675,4876.5,target,4,46.0
2023-05-11,101,short,2023-05-11 12:42:21.649419605,4872.75,2023-05-11 12:45:00.191353191,4871.75,target,4,46.0
2023-05-11,114,short,2023-05-11 13:18:20.534341745,4870.5,2023-05-11 13:19:12.811689465,4869.5,target,4,46.0
2023-05-11,140,long,2023-05-11 14:52:26.552062111,4879.5,2023-05-11 14:52:45.170156835,4877.5,stop,-8,-104.0
2023-05-11,146,short,2023-05-11 15:08:25.733405145,4879.75,2023-05-11 15:14:59.970878717,4880.25,eod,-2,-29.0
2023-05-12,47,long,2023-05-12 10:04:46.954176699,4876.0,2023-05-12 10:05:37.283998553,4877.0,target,4,46.0
2023-05-12,60,short,2023-05-12 10:38:22.231197325,4866.25,2023-05-12 10:39:09.700732297,4865.25,target,4,46.0
2023-05-12,86,long,2023-05-12 12:04:49.144906843,4854.75,2023-05-12 12:07:29.570350909,4855.75,target,4,46.0
2023-05-12,110,long,2023-05-12 13:22:08.015658571,4851.25,2023-05-12 13:22:32.784777051,4852.25,target,4,46.0
2023-05-12,144,short,2023-05-12 15:03:01.828131153,4873.0,2023-05-12 15:04:46.736235519,4872.0,target,4,46.0
2023-05-16,61,short,2023-05-16 10:32:40.071625441,4873.25,2023-05-16 10:33:17.506344139,4872.25,target,4,46.0
2023-05-16,73,long,2023-05-16 11:16:02.057662841,4877.75,2023-05-16 11:17:04.361625107,4875.75,stop,-8,-104.0
2023-05-16,102,long,2023-05-16 13:46:06.838844915,4873.25,2023-05-16 13:51:03.764295547,4874.25,target,4,46.0
2023-05-16,120,short,2023-05-16 14:58:31.934853359,4860.5,2023-05-16 15:00:01.378984333,4859.5,target,4,46.0
2023-05-17,25,long,2023-05-17 09:17:05.189817477,4871.25,2023-05-17 09:18:02.482669211,4869.25,stop,-8,-104.0
2023-05-17,107,short,2023-05-17 13:32:14.012040397,4908.5,2023-05-17 13:33:49.168418253,4907.5,target,4,46.0
2023-05-17,137,short,2023-05-17 14:59:21.934224849,4906.25,2023-05-17 14:59:44.211396389,4908.25,stop,-8,-104.0
2023-05-18,47,short,2023-05-18 10:05:33.789488069,4932.75,2023-05-18 10:07:10.470733599,4934.75,stop,-8,-104.0
2023-05-18,141,long,2023-05-18 14:39:40.210976461,4936.0,2023-05-18 14:40:38.250291731,4937.0,target,4,46.0
2023-05-18,158,long,2023-05-18 15:01:00.819393443,4948.75,2023-05-18 15:14:59.845377947,4948.5,eod,-1,-16.5
2023-05-19,35,short,2023-05-19 09:47:57.244015801,4955.25,2023-05-19 09:50:01.300854495,4957.25,stop,-8,-104.0
2023-05-19,44,short,2023-05-19 10:09:43.725980515,4953.0,2023-05-19 10:10:23.965624731,4955.0,stop,-8,-104.0
2023-05-22,96,short,2023-05-22 13:13:52.977447441,4946.25,2023-05-22 13:16:30.889912429,4948.25,stop,-8,-104.0
2023-05-22,124,long,2023-05-22 14:59:58.989157981,4942.75,2023-05-22 15:02:48.096664881,4943.75,target,4,46.0
2023-05-23,31,short,2023-05-23 09:21:49.791384917,4928.25,2023-05-23 09:25:16.941034923,4930.25,stop,-8,-104.0
2023-05-23,60,short,2023-05-23 11:04:33.219638927,4929.5,2023-05-23 11:06:43.950504207,4928.5,target,4,46.0
2023-05-23,115,short,2023-05-23 13:25:39.073304793,4890.0,2023-05-23 13:25:47.560389847,4892.0,stop,-8,-104.0
2023-05-24,111,short,2023-05-24 12:45:13.665704507,4862.75,2023-05-24 12:45:13.665704507,4864.75,stop,-8,-104.0
2023-05-24,116,short,2023-05-24 13:03:54.295410465,4861.5,2023-05-24 13:04:07.812151939,4860.5,target,4,46.0
2023-05-24,153,long,2023-05-24 14:39:42.375097769,4871.75,2023-05-24 14:40:00.197907245,4872.75,target,4,46.0
2023-05-25,176,short,2023-05-25 14:35:26.880814291,4901.0,2023-05-25 14:36:24.526579275,4903.0,stop,-8,-104.0
2023-05-25,181,short,2023-05-25 14:49:09.956941411,4902.25,2023-05-25 14:49:25.653485161,4901.25,target,4,46.0
2023-05-25,186,short,2023-05-25 14:57:05.105224965,4896.0,2023-05-25 14:57:19.052468267,4898.0,stop,-8,-104.0
2023-05-25,190,long,2023-05-25 15:00:30.020851913,4897.75,2023-05-25 15:14:59.962964625,4896.0,eod,-7,-91.5
2023-05-26,44,long,2023-05-26 09:30:00.022437083,4942.75,2023-05-26 09:30:25.256214223,4943.75,target,4,46.0
2023-05-26,103,short,2023-05-26 11:54:16.772507075,4946.5,2023-05-26 11:55:25.789327367,4948.5,stop,-8,-104.0
2023-05-26,153,short,2023-05-26 14:56:55.508335257,4953.0,2023-05-26 14:58:27.258179865,4952.0,target,4,46.0
2023-05-26,158,long,2023-05-26 15:00:05.129313635,4951.25,2023-05-26 15:00:31.446969717,4952.25,target,4,46.0
2023-05-30,66,long,2023-05-30 09:31:58.181246635,4958.5,2023-05-30 09:32:16.680762251,4959.5,target,4,46.0
2023-05-30,125,long,2023-05-30 11:45:48.949937695,4948.0,2023-05-30 11:48:39.016257493,4949.0,target,4,46.0
2023-05-30,173,short,2023-05-30 14:05:51.534810881,4948.75,2023-05-30 14:06:53.304101839,4950.75,stop,-8,-104.0
2023-05-30,180,long,2023-05-30 14:26:29.343317917,4952.75,2023-05-30 14:26:43.207695623,4953.75,target,4,46.0
2023-05-30,192,long,2023-05-30 14:58:42.070308905,4949.5,2023-05-30 14:59:00.053570863,4950.5,target,4,46.0
2023-05-31,144,long,2023-05-31 13:10:17.092277405,4934.0,2023-05-31 13:12:00.486836183,4932.0,stop,-8,-104.0
2023-05-31,173,long,2023-05-31 14:45:16.997947975,4939.75,2023-05-31 14:46:51.916997181,4936.75,stop,-12,-154.0
2023-05-31,197,long,2023-05-31 15:04:00.993641783,4927.5,2023-05-31 15:04:32.883662537,4925.5,stop,-8,-104.0
2023-06-01,123,short,2023-06-01 12:09:56.306722659,4962.0,2023-06-01 12:13:13.492892873,4964.0,stop,-8,-104.0
2023-06-01,163,short,2023-06-01 14:38:18.860542193,4957.5,2023-06-01 14:38:25.096456655,4956.5,target,4,46.0
2023-06-02,107,short,2023-06-02 11:12:41.656001205,5019.0,2023-06-02 11:13:01.228560231,5018.0,target,4,46.0
2023-06-02,132,long,2023-06-02 12:59:39.516996157,5028.5,2023-06-02 13:02:43.161348129,5029.5,target,4,46.0
2023-06-02,166,long,2023-06-02 14:54:51.042530183,5029.75,2023-06-02 14:55:35.513385807,5027.75,stop,-8,-104.0
2023-06-02,175,long,2023-06-02 15:02:36.643634689,5026.5,2023-06-02 15:14:59.928271581,5025.75,eod,-3,-41.5
2023-06-05,108,short,2023-06-05 12:12:40.850733713,5039.0,2023-06-05 12:15:20.607559923,5038.0,target,4,46.0
2023-06-05,178,long,2023-06-05 14:53:25.540594907,5022.0,2023-06-05 14:54:54.510320693,5020.0,stop,-8,-104.0
2023-06-05,182,short,2023-06-05 14:59:19.550208579,5017.25,2023-06-05 15:01:30.167223829,5019.25,stop,-8,-104.0
2023-06-06,35,long,2023-06-06 09:19:40.404836809,5020.25,2023-06-06 09:20:20.122099073,5021.25,target,4,46.0
2023-06-06,152,long,2023-06-06 14:24:49.949706855,5027.25,2023-06-06 14:27:13.249605147,5025.25,stop,-8,-104.0
2023-06-06,163,long,2023-06-06 14:49:15.737173167,5027.25,2023-06-06 14:50:04.639051919,5028.25,target,4,46.0
2023-06-06,173,short,2023-06-06 14:59:55.056904947,5026.75,2023-06-06 15:02:33.480647623,5028.75,stop,-8,-104.0
2023-06-07,45,short,2023-06-07 09:07:26.475879803,5032.25,2023-06-07 09:09:21.288066269,5034.25,stop,-8,-104.0
2023-06-07,221,short,2023-06-07 14:54:40.055842027,5012.0,2023-06-07 14:54:49.395901437,5011.0,target,4,46.0
2023-06-08,26,long,2023-06-08 08:55:48.172934489,5004.5,2023-06-08 08:56:16.201134125,5005.5,target,4,46.0
2023-06-08,63,long,2023-06-08 10:00:01.112706413,5024.0,2023-06-08 10:01:49.304828183,5022.0,stop,-8,-104.0
2023-06-08,75,short,2023-06-08 10:35:30.652135305,5024.25,2023-06-08 10:45:32.908928139,5026.25,stop,-8,-104.0
2023-06-08,99,long,2023-06-08 11:55:05.935738993,5029.75,2023-06-08 11:55:53.844309637,5030.75,target,4,46.0
2023-06-08,138,long,2023-06-08 14:48:41.462016471,5037.0,2023-06-08 14:50:00.078301589,5038.0,target,4,46.0
2023-06-09,88,short,2023-06-09 10:56:17.994681081,5039.25,2023-06-09 10:56:57.587234755,5038.25,target,4,46.0
2023-06-09,96,long,2023-06-09 11:11:46.940341755,5039.5,2023-06-09 11:14:49.317806069,5040.5,target,4,46.0
2023-06-09,141,long,2023-06-09 14:02:13.921299575,5046.25,2023-06-09 14:04:07.318336143,5047.25,target,4,46.0
2023-06-09,160,long,2023-06-09 15:00:09.915620597,5043.0,2023-06-09 15:03:08.349859663,5044.0,target,4,46.0
2023-06-12,40,short,2023-06-12 09:30:32.522904503,5047.75,2023-06-12 09:32:07.055532911,5049.75,stop,-8,-104.0
2023-06-12,54,short,2023-06-12 10:04:38.022710679,5047.5,2023-06-12 10:06:07.862889599,5049.5,stop,-8,-104.0
2023-06-12,96,long,2023-06-12 13:52:03.820870393,5067.0,2023-06-12 13:53:19.368511731,5065.0,stop,-8,-104.0
2023-06-12,124,short,2023-06-12 15:00:27.830375293,5078.0,2023-06-12 15:00:43.537817133,5080.0,stop,-8,-104.0
2023-06-13,75,short,2023-06-13 09:58:41.500952371,5103.75,2023-06-13 09:59:26.536937465,5102.75,target,4,46.0
2023-06-13,109,long,2023-06-13 11:10:13.454048345,5106.5,2023-06-13 11:10:58.319728919,5107.5,target,4,46.0
2023-06-13,117,short,2023-06-13 11:35:15.852314707,5108.0,2023-06-13 11:38:32.848394757,5110.0,stop,-8,-104.0
2023-06-14,223,long,2023-06-14 14:59:59.496502733,5113.0,2023-06-14 15:00:32.577816985,5111.0,stop,-8,-104.0
2023-06-15,34,long,2023-06-15 09:03:46.506778707,5129.25,2023-06-15 09:05:26.979634037,5127.25,stop,-8,-104.0
2023-06-15,54,short,2023-06-15 09:33:58.531714305,5127.0,2023-06-15 09:34:54.139900117,5129.5,stop,-10,-129.0
2023-06-16,46,short,2023-06-16 09:14:42.047775549,5168.75,2023-06-16 09:15:27.525919421,5170.75,stop,-8,-104.0
2023-06-16,131,short,2023-06-16 13:20:31.727068841,5163.25,2023-06-16 13:21:57.290772785,5165.25,stop,-8,-104.0
2023-06-20,63,short,2023-06-20 09:54:04.089149599,5109.0,2023-06-20 09:56:06.706184361,5111.0,stop,-8,-104.0
2023-06-20,139,long,2023-06-20 14:50:00.461249557,5132.5,2023-06-20 14:50:29.372898399,5133.5,target,4,46.0
2023-06-21,36,short,2023-06-21 09:19:05.766078205,5106.75,2023-06-21 09:19:44.085102989,5105.75,target,4,46.0
2023-06-21,73,long,2023-06-21 10:25:41.641300635,5103.5,2023-06-21 10:26:15.369041359,5104.5,target,4,46.0
2023-06-21,91,short,2023-06-21 11:20:58.813783591,5110.25,2023-06-21 11:21:50.773139213,5112.25,stop,-8,-104.0
2023-06-21,141,short,2023-06-21 14:32:21.376052227,5108.25,2023-06-21 14:32:46.365449589,5107.25,target,4,46.0
2023-06-21,146,long,2023-06-21 14:40:26.132354705,5104.5,2023-06-21 14:40:47.991848841,5105.5,target,4,46.0
2023-06-22,95,long,2023-06-22 12:52:38.911556775,5107.5,2023-06-22 12:53:32.383674853,5105.5,stop,-8,-104.0
2023-06-22,123,short,2023-06-22 14:51:40.426110865,5111.5,2023-06-22 14:54:09.437711355,5113.5,stop,-8,-104.0
2023-06-22,126,long,2023-06-22 14:58:33.859614959,5116.0,2023-06-22 14:59:31.423693995,5117.0,target,4,46.0
2023-06-23,57,short,2023-06-23 10:15:34.720164941,5082.5,2023-06-23 10:16:17.057178997,5084.5,stop,-8,-104.0
2023-06-23,86,short,2023-06-23 12:06:06.241846371,5092.75,2023-06-23 12:07:33.360445017,5094.75,stop,-8,-104.0
2023-06-23,106,short,2023-06-23 13:43:23.151096849,5084.5,2023-06-23 13:44:14.619126819,5083.5,target,4,46.0
2023-06-23,110,short,2023-06-23 13:51:58.656381837,5079.75,2023-06-23 13:52:31.506900995,5081.75,stop,-8,-104.0
2023-06-23,123,long,2023-06-23 14:30:52.848233867,5083.5,2023-06-23 14:32:17.109258911,5084.5,target,4,46.0
2023-06-26,165,long,2023-06-26 15:00:41.636085709,5066.75,2023-06-26 15:01:08.074995991,5067.75,target,4,46.0
2023-06-26,167,long,2023-06-26 15:09:00.965563803,5068.0,2023-06-26 15:13:16.216877631,5069.0,target,4,46.0
2023-06-27,95,long,2023-06-27 12:22:53.648260603,5105.25,2023-06-27 12:23:18.380080349,5106.25,target,4,46.0
2023-06-27,120,long,2023-06-27 14:14:27.574787023,5114.75,2023-06-27 14:19:21.099379201,5112.75,stop,-8,-104.0
2023-06-28,22,long,2023-06-28 08:57:08.714278423,5099.0,2023-06-28 08:57:36.234242819,5100.0,target,4,46.0
2023-06-28,127,long,2023-06-28 13:02:40.165568685,5105.5,2023-06-28 13:08:26.503235637,5106.5,target,4,46.0
2023-06-28,141,short,2023-06-28 14:07:03.200171235,5095.25,2023-06-28 14:08:06.328300615,5097.25,stop,-8,-104.0
2023-06-28,147,short,2023-06-28 14:26:44.819177899,5104.5,2023-06-28 14:27:34.597947289,5103.5,target,4,46.0
2023-06-28,155,short,2023-06-28 14:54:53.952138665,5104.25,2023-06-28 14:58:57.765000579,5106.25,stop,-8,-104.0
2023-06-29,79,long,2023-06-29 10:50:45.013006699,5123.75,2023-06-29 10:51:53.550402575,5124.75,target,4,46.0
2023-06-29,147,long,2023-06-29 15:00:26.155875195,5130.75,2023-06-29 15:02:09.378704423,5128.75,stop,-8,-104.0
2023-06-30,43,long,2023-06-30 09:51:07.063322917,5171.0,2023-06-30 09:51:21.612460073,5172.0,target,4,46.0
2023-06-30,63,long,2023-06-30 10:48:56.499051767,5169.5,2023-06-30 10:50:51.503610093,5167.5,stop,-8,-104.0
2023-06-30,128,short,2023-06-30 14:59:59.415316189,5179.5,2023-06-30 15:00:42.591234229,5178.5,target,4,46.0
2023-06-30,133,long,2023-06-30 15:07:15.507788843,5179.0,2023-06-30 15:13:46.461786485,5177.0,stop,-8,-104.0
2023-07-03,25,short,2023-07-03 09:43:01.134949335,5177.5,2023-07-03 09:43:19.371001435,5176.5,target,4,46.0
2023-07-03,27,short,2023-07-03 09:51:38.354226559,5177.0,2023-07-03 09:53:27.938785977,5179.0,stop,-8,-104.0
2023-07-03,39,long,2023-07-03 11:12:33.727843187,5183.75,2023-07-03 11:24:38.706753003,5184.75,target,4,46.0
2023-07-03,46,short,2023-07-03 11:59:49.225018867,5184.5,2023-07-03 12:00:16.372569551,5183.5,target,4,46.0
2023-07-05,40,long,2023-07-05 10:08:32.115429593,5184.5,2023-07-05 10:09:25.352273957,5182.5,stop,-8,-104.0
2023-07-05,56,short,2023-07-05 11:20:11.408161271,5177.0,2023-07-05 11:21:24.138739593,5176.0,target,4,46.0
2023-07-05,62,short,2023-07-05 11:48:02.513751463,5173.0,2023-07-05 11:48:50.325269813,5175.0,stop,-8,-104.0
2023-07-05,100,short,2023-07-05 15:00:46.355780597,5176.0,2023-07-05 15:14:59.901300855,5177.0,eod,-4,-54.0
2023-07-06,46,long,2023-07-06 09:29:44.751212267,5119.0,2023-07-06 09:29:55.828028693,5120.0,target,4,46.0
2023-07-06,65,short,2023-07-06 10:11:36.391737251,5113.5,2023-07-06 10:17:36.319995465,5115.5,stop,-8,-104.0
2023-07-07,47,long,2023-07-07 09:41:04.050062137,5138.25,2023-07-07 09:47:25.209425283,5139.25,target,4,46.0
2023-07-07,88,long,2023-07-07 12:22:28.009797017,5168.75,2023-07-07 12:35:13.220697367,5166.75,stop,-8,-104.0
2023-07-07,116,long,2023-07-07 14:30:35.878227313,5147.5,2023-07-07 14:32:26.688064747,5145.5,stop,-8,-104.0
2023-07-07,127,long,2023-07-07 14:50:43.485238377,5129.75,2023-07-07 14:51:07.391950357,5130.75,target,4,46.0
2023-07-07,137,long,2023-07-07 15:01:16.406013689,5131.0,2023-07-07 15:01:32.232341829,5132.0,target,4,46.0
2023-07-10,104,long,2023-07-10 13:16:23.861281029,5132.75,2023-07-10 13:22:58.509809935,5133.75,target,4,46.0
2023-07-10,123,long,2023-07-10 14:53:04.071445045,5132.25,2023-07-10 14:54:08.086581927,5133.25,target,4,46.0
2023-07-10,128,long,2023-07-10 14:59:59.318698227,5139.25,2023-07-10 15:05:29.276814133,5140.25,target,4,46.0
2023-07-11,22,short,2023-07-11 09:01:45.901225423,5141.25,2023-07-11 09:02:53.996663121,5140.25,target,4,46.0
2023-07-11,83,short,2023-07-11 12:22:47.691875957,5147.75,2023-07-11 12:29:35.242919561,5149.75,stop,-8,-104.0
2023-07-11,121,long,2023-07-11 14:56:41.544323389,5167.0,2023-07-11 14:58:26.068609433,5168.0,target,4,46.0
2023-07-11,123,long,2023-07-11 14:58:51.793075149,5168.5,2023-07-11 14:59:15.541281595,5166.5,stop,-8,-104.0
2023-07-12,85,long,2023-07-12 11:00:57.050329201,5195.25,2023-07-12 11:02:43.613171351,5193.0,stop,-9,-116.5
2023-07-12,159,short,2023-07-12 14:58:47.050416753,5198.0,2023-07-12 14:59:43.023941951,5200.0,stop,-8,-104.0
2023-07-13,27,short,2023-07-13 09:20:47.583168293,5220.0,2023-07-13 09:21:23.164457585,5219.0,target,4,46.0
2023-07-13,51,long,2023-07-13 10:37:20.825579707,5221.5,2023-07-13 10:41:58.543226839,5222.5,target,4,46.0
2023-07-13,63,short,2023-07-13 11:48:41.317105475,5226.0,2023-07-13 11:52:30.889836671,5228.0,stop,-8,-104.0
2023-07-13,82,long,2023-07-13 13:45:45.590848681,5231.75,2023-07-13 13:48:41.641569165,5232.75,target,4,46.0
2023-07-13,105,short,2023-07-13 14:59:56.613474535,5236.25,2023-07-13 15:03:01.038437711,5235.25,target,4,46.0
2023-07-14,90,long,2023-07-14 12:27:55.722026759,5236.5,2023-07-14 12:30:30.734957501,5237.5,target,4,46.0
2023-07-14,112,short,2023-07-14 14:01:09.559112027,5226.0,2023-07-14 14:01:27.603701915,5228.0,stop,-8,-104.0
2023-07-14,127,long,2023-07-14 14:50:40.952158947,5229.0,2023-07-14 14:52:00.770291711,5230.0,target,4,46.0
2023-07-14,134,long,2023-07-14 14:59:57.587168071,5232.25,2023-07-14 15:00:00.272695391,5230.25,stop,-8,-104.0
2023-07-17,52,long,2023-07-17 10:59:05.791368615,5246.5,2023-07-17 11:03:34.889346113,5244.5,stop,-8,-104.0
2023-07-17,97,short,2023-07-17 14:50:00.016668579,5251.25,2023-07-17 14:50:00.107454597,5250.25,target,4,46.0
2023-07-18,24,long,2023-07-18 09:01:11.785360977,5255.75,2023-07-18 09:21:15.303153325,5253.75,stop,-8,-104.0
2023-07-18,81,short,2023-07-18 11:48:15.744113103,5267.25,2023-07-18 12:04:24.804169587,5269.5,stop,-9,-116.5
2023-07-18,131,short,2023-07-18 15:00:02.945851055,5279.75,2023-07-18 15:00:39.948358537,5278.75,target,4,46.0
2023-07-19,146,long,2023-07-19 14:59:50.038654349,5292.75,2023-07-19 14:59:55.071700243,5290.75,stop,-8,-104.0
2023-07-19,152,long,2023-07-19 15:07:35.286506473,5289.5,2023-07-19 15:13:57.620905159,5287.5,stop,-8,-104.0
2023-07-20,69,long,2023-07-20 11:01:04.047819673,5278.0,2023-07-20 11:03:50.282491987,5279.0,target,4,46.0
2023-07-20,98,long,2023-07-20 12:46:29.030750055,5272.5,2023-07-20 12:54:24.059002293,5270.5,stop,-8,-104.0
2023-07-20,133,long,2023-07-20 14:40:48.873134501,5257.75,2023-07-20 14:45:31.504802513,5255.75,stop,-8,-104.0
2023-07-21,73,long,2023-07-21 10:36:26.813088939,5273.5,2023-07-21 10:38:14.610450681,5271.5,stop,-8,-104.0
2023-07-21,105,long,2023-07-21 12:28:08.865309847,5273.5,2023-07-21 12:33:34.511319189,5274.5,target,4,46.0
2023-07-21,159,long,2023-07-21 15:12:34.550033183,5258.75,2023-07-21 15:12:50.976045721,5256.75,stop,-8,-104.0
2023-07-24,35,long,2023-07-24 09:11:30.640141137,5268.0,2023-07-24 09:11:42.785100485,5269.0,target,4,46.0
2023-07-24,81,short,2023-07-24 11:22:42.054938141,5277.0,2023-07-24 11:28:51.745664167,5279.0,stop,-8,-104.0
2023-07-24,119,short,2023-07-24 14:39:36.364575619,5270.75,2023-07-24 14:41:27.047941357,5272.75,stop,-8,-104.0
2023-07-25,68,short,2023-07-25 12:06:51.850449043,5290.25,2023-07-25 12:11:09.720354077,5292.25,stop,-8,-104.0
2023-07-25,81,long,2023-07-25 13:23:05.062435727,5297.0,2023-07-25 13:23:34.131698919,5298.0,target,4,46.0
2023-07-25,102,short,2023-07-25 14:45:31.896757669,5291.75,2023-07-25 14:46:00.413444895,5290.75,target,4,46.0
2023-07-25,110,short,2023-07-25 14:59:44.016776843,5288.75,2023-07-25 15:00:21.601989587,5290.75,stop,-8,-104.0
2023-07-25,112,long,2023-07-25 15:00:29.210371223,5291.0,2023-07-25 15:00:58.243189287,5289.0,stop,-8,-104.0
2023-07-26,32,short,2023-07-26 09:40:23.217523585,5278.5,2023-07-26 09:42:28.678898663,5277.5,target,4,46.0
2023-07-26,117,short,2023-07-26 14:03:01.590090183,5291.5,2023-07-26 14:03:09.314292445,5290.5,target,4,46.0
2023-07-26,152,long,2023-07-26 14:54:10.024593513,5282.0,2023-07-26 14:55:10.401207277,5279.75,stop,-9,-116.5
2023-07-26,159,long,2023-07-26 15:01:08.819726413,5290.25,2023-07-26 15:03:50.782548039,5291.25,target,4,46.0
2023-07-27,50,short,2023-07-27 09:52:12.347915305,5310.75,2023-07-27 09:58:27.500618261,5309.75,target,4,46.0
2023-07-27,133,short,2023-07-27 13:23:59.461007381,5280.0,2023-07-27 13:24:14.205405131,5279.0,target,4,46.0
2023-07-27,191,long,2023-07-27 14:58:31.779756627,5258.0,2023-07-27 14:59:02.230121017,5259.0,target,4,46.0
2023-07-27,194,long,2023-07-27 15:00:01.209570263,5258.25,2023-07-27 15:00:24.944117383,5256.25,stop,-8,-104.0
2023-07-28,132,short,2023-07-28 14:58:59.739229611,5300.0,2023-07-28 14:59:55.042147063,5299.0,target,4,46.0
2023-07-28,135,short,2023-07-28 15:00:38.348865843,5298.75,2023-07-28 15:03:23.166075725,5300.75,stop,-8,-104.0
2023-07-31,100,long,2023-07-31 14:53:11.159216075,5298.5,2023-07-31 14:55:44.839681323,5299.5,target,4,46.0
2023-07-31,104,long,2023-07-31 14:58:48.380610861,5303.5,2023-07-31 14:59:11.732042733,5304.5,target,4,46.0
2023-08-01,76,long,2023-08-01 11:54:30.678306193,5291.5,2023-08-01 11:58:58.801186623,5292.5,target,4,46.0
2023-08-01,103,short,2023-08-01 14:24:46.441202135,5296.25,2023-08-01 14:27:13.371042379,5295.25,target,4,46.0
2023-08-02,109,long,2023-08-02 12:19:54.375387373,5238.5,2023-08-02 12:21:00.493846821,5236.5,stop,-8,-104.0
2023-08-02,113,long,2023-08-02 12:35:23.195748511,5242.0,2023-08-02 12:37:23.906412835,5240.0,stop,-8,-104.0
2023-08-02,130,short,2023-08-02 13:44:59.839255791,5230.75,2023-08-02 13:46:00.765603463,5232.75,stop,-8,-104.0
2023-08-02,164,short,2023-08-02 15:04:15.126757469,5228.75,2023-08-02 15:05:03.114206789,5227.75,target,4,46.0
2023-08-03,59,long,2023-08-03 10:00:04.222159911,5211.5,2023-08-03 10:02:50.397137987,5209.5,stop,-8,-104.0
2023-08-03,98,short,2023-08-03 12:05:17.148331839,5229.75,2023-08-03 12:08:42.698745949,5228.75,target,4,46.0
2023-08-03,155,short,2023-08-03 15:06:13.343216801,5223.75,2023-08-03 15:07:10.882187271,5225.75,stop,-8,-104.0
2023-08-04,80,long,2023-08-04 11:19:11.608197113,5244.25,2023-08-04 11:22:15.846790665,5242.25,stop,-8,-104.0
2023-08-04,103,short,2023-08-04 12:51:35.141921543,5239.75,2023-08-04 12:51:47.563877611,5238.75,target,4,46.0
2023-08-04,140,short,2023-08-04 13:46:58.233046553,5197.0,2023-08-04 13:47:11.392699675,5196.0,target,4,46.0
2023-08-04,177,long,2023-08-04 14:57:01.544961131,5190.0,2023-08-04 14:58:10.131780357,5191.0,target,4,46.0
2023-08-04,183,long,2023-08-04 15:08:22.359950305,5193.5,2023-08-04 15:09:48.112130499,5194.5,target,4,46.0
2023-08-07,41,long,2023-08-07 09:14:56.738574467,5215.5,2023-08-07 09:16:03.389905177,5216.5,target,4,46.0
2023-08-07,113,long,2023-08-07 12:49:02.755749865,5222.75,2023-08-07 12:49:29.591997507,5223.75,target,4,46.0
2023-08-07,134,short,2023-08-07 14:08:37.954606201,5225.5,2023-08-07 14:11:28.665977555,5224.5,target,4,46.0
2023-08-07,152,short,2023-08-07 14:59:24.287922001,5230.25,2023-08-07 15:03:45.604839341,5232.25,stop,-8,-104.0
2023-08-08,65,short,2023-08-08 09:36:03.246175683,5179.25,2023-08-08 09:36:54.473544817,5181.25,stop,-8,-104.0
2023-08-08,188,short,2023-08-08 15:00:02.898773395,5210.25,2023-08-08 15:04:43.879504349,5209.25,target,4,46.0
2023-08-09,22,long,2023-08-09 08:54:03.723058163,5205.25,2023-08-09 08:54:44.749466127,5203.25,stop,-8,-104.0
2023-08-09,36,short,2023-08-09 09:20:33.911527995,5204.0,2023-08-09 09:20:41.167493979,5203.0,target,4,46.0
2023-08-09,193,long,2023-08-09 15:00:00.071255341,5180.75,2023-08-09 15:00:03.674460743,5181.75,target,4,46.0
2023-08-10,78,short,2023-08-10 09:45:36.400215219,5209.75,2023-08-10 09:45:38.576340101,5208.75,target,4,46.0
2023-08-10,261,long,2023-08-10 14:36:24.114520057,5178.0,2023-08-10 14:36:42.752881621,5176.0,stop,-8,-104.0
2023-08-10,272,long,2023-08-10 14:52:21.588769453,5180.5,2023-08-10 14:52:45.774945175,5178.5,stop,-8,-104.0
2023-08-10,280,short,2023-08-10 15:02:32.456366599,5176.5,2023-08-10 15:03:54.327634117,5175.5,target,4,46.0
2023-08-10,281,long,2023-08-10 15:05:56.169152123,5178.0,2023-08-10 15:14:59.669042889,5178.75,eod,3,33.5
2023-08-11,88,short,2023-08-11 10:33:32.087549235,5163.75,2023-08-11 10:34:25.748780635,5162.75,target,4,46.0
2023-08-11,168,long,2023-08-11 14:20:12.124220209,5177.5,2023-08-11 14:21:12.275625535,5175.5,stop,-8,-104.0
2023-08-11,169,long,2023-08-11 14:24:27.302600447,5178.0,2023-08-11 14:25:16.303062935,5179.0,target,4,46.0
2023-08-11,170,long,2023-08-11 14:25:20.005054653,5180.0,2023-08-11 14:28:45.962364017,5178.0,stop,-8,-104.0
2023-08-11,183,long,2023-08-11 14:59:03.709029851,5173.0,2023-08-11 14:59:36.370492123,5174.0,target,4,46.0
2023-08-14,101,short,2023-08-14 12:24:15.437078673,5192.5,2023-08-14 12:25:09.180298635,5191.5,target,4,46.0
2023-08-14,105,long,2023-08-14 12:41:58.788674041,5192.0,2023-08-14 12:43:28.328123495,5190.0,stop,-8,-104.0
2023-08-14,127,long,2023-08-14 14:15:01.474702239,5187.75,2023-08-14 14:20:14.523252281,5188.75,target,4,46.0
2023-08-15,110,short,2023-08-15 12:20:03.549715521,5160.75,2023-08-15 12:21:47.401585817,5162.75,stop,-8,-104.0
2023-08-15,166,short,2023-08-15 15:04:18.003548135,5144.75,2023-08-15 15:09:44.779801933,5146.75,stop,-8,-104.0
2023-08-16,26,long,2023-08-16 09:10:39.062943931,5154.5,2023-08-16 09:11:01.327694973,5155.5,target,4,46.0
2023-08-16,58,short,2023-08-16 10:27:24.699164855,5150.0,2023-08-16 10:29:48.432575001,5152.0,stop,-8,-104.0
2023-08-16,93,long,2023-08-16 12:22:07.191386545,5131.5,2023-08-16 12:26:03.608443205,5129.5,stop,-8,-104.0
2023-08-16,105,short,2023-08-16 13:02:12.402185809,5134.75,2023-08-16 13:02:23.870999459,5133.75,target,4,46.0
2023-08-17,56,short,2023-08-17 09:56:47.527615205,5118.5,2023-08-17 09:57:12.841780651,5117.5,target,4,46.0
2023-08-17,74,short,2023-08-17 10:32:01.866708637,5107.25,2023-08-17 10:35:48.443178123,5106.25,target,4,46.0
2023-08-17,131,short,2023-08-17 13:14:38.016209473,5098.5,2023-08-17 13:15:26.108727303,5097.5,target,4,46.0
2023-08-18,107,short,2023-08-18 11:25:55.481329417,5071.25,2023-08-18 11:26:59.508320583,5073.25,stop,-8,-104.0
2023-08-18,154,short,2023-08-18 13:44:23.660795765,5077.75,2023-08-18 13:44:35.285339657,5076.75,target,4,46.0
2023-08-18,193,long,2023-08-18 15:00:52.604431035,5082.0,2023-08-18 15:01:20.512885723,5083.0,target,4,46.0
2023-08-21,41,long,2023-08-21 09:23:52.299373431,5089.5,2023-08-21 09:24:23.222679891,5087.25,stop,-9,-116.5
2023-08-21,50,long,2023-08-21 09:32:33.631308245,5079.75,2023-08-21 09:32:43.464806917,5077.75,stop,-8,-104.0
2023-08-21,131,long,2023-08-21 13:01:01.362914867,5094.75,2023-08-21 13:03:36.772189163,5092.75,stop,-8,-104.0
2023-08-21,145,long,2023-08-21 13:49:31.016694799,5105.0,2023-08-21 13:51:25.284114353,5103.0,stop,-8,-104.0
2023-08-21,150,long,2023-08-21 14:05:57.066894037,5107.5,2023-08-21 14:07:15.549351031,5105.5,stop,-8,-104.0
2023-08-22,39,long,2023-08-22 09:15:42.612579483,5115.25,2023-08-22 09:16:52.995982973,5113.25,stop,-8,-104.0
2023-08-22,112,long,2023-08-22 11:51:18.559912389,5104.0,2023-08-22 11:52:31.130462373,5105.0,target,4,46.0
2023-08-22,146,short,2023-08-22 13:48:07.914876755,5092.0,2023-08-22 13:49:36.367873243,5094.0,stop,-8,-104.0
2023-08-22,153,long,2023-08-22 14:14:44.931042003,5105.5,2023-08-22 14:15:06.196523271,5106.5,target,4,46.0
2023-08-22,170,long,2023-08-22 14:58:57.288715811,5095.5,2023-08-22 14:59:16.716473497,5093.5,stop,-8,-104.0
2023-08-23,116,long,2023-08-23 14:16:44.193355691,5143.0,2023-08-23 14:20:13.430704279,5141.0,stop,-8,-104.0
2023-08-23,131,long,2023-08-23 14:59:11.953145467,5139.5,2023-08-23 14:59:54.112416749,5140.5,target,4,46.0
2023-08-24,45,short,2023-08-24 09:18:59.196209543,5137.75,2023-08-24 09:19:49.944355033,5139.75,stop,-8,-104.0
2023-08-24,122,short,2023-08-24 11:28:07.417508891,5111.25,2023-08-24 11:28:16.619156433,5110.25,target,4,46.0
2023-08-24,161,short,2023-08-24 13:36:34.610299481,5097.75,2023-08-24 13:36:54.736826295,5096.75,target,4,46.0
2023-08-25,139,long,2023-08-25 10:38:52.275218909,5095.5,2023-08-25 10:40:14.996614335,5093.5,stop,-8,-104.0
2023-08-25,233,long,2023-08-25 14:10:26.413728971,5117.75,2023-08-25 14:11:41.545701407,5115.75,stop,-8,-104.0
2023-08-25,236,short,2023-08-25 14:19:22.077444157,5114.5,2023-08-25 14:19:50.986734277,5116.5,stop,-8,-104.0
2023-08-28,83,short,2023-08-28 11:23:57.397742701,5117.5,2023-08-28 11:24:58.328608713,5119.5,stop,-8,-104.0
2023-08-28,145,long,2023-08-28 14:53:54.596966705,5134.5,2023-08-28 14:55:01.469000123,5132.5,stop,-8,-104.0
2023-08-28,151,long,2023-08-28 15:01:24.186858763,5135.5,2023-08-28 15:01:42.982608169,5136.5,target,4,46.0
2023-08-29,56,short,2023-08-29 09:54:24.890381397,5166.0,2023-08-29 09:54:55.181204695,5165.0,target,4,46.0
2023-08-29,148,short,2023-08-29 14:59:58.225232293,5199.5,2023-08-29 15:14:59.674547121,5200.75,eod,-5,-66.5
2023-08-30,24,short,2023-08-30 09:03:47.774992125,5218.75,2023-08-30 09:07:04.111115995,5220.75,stop,-8,-104.0
2023-08-30,99,short,2023-08-30 12:50:31.662417291,5216.5,2023-08-30 12:51:52.386351577,5215.5,target,4,46.0
2023-08-30,106,long,2023-08-30 13:10:50.879857033,5211.5,2023-08-30 13:11:09.233004483,5209.5,stop,-8,-104.0
2023-08-31,45,long,2023-08-31 09:59:37.604888269,5228.25,2023-08-31 10:01:27.207124885,5226.25,stop,-8,-104.0
2023-08-31,66,long,2023-08-31 11:06:03.191951779,5224.25,2023-08-31 11:09:30.146589345,5225.25,target,4,46.0
2023-08-31,115,long,2023-08-31 14:09:10.262182633,5217.25,2023-08-31 14:17:44.743752183,5218.25,target,4,46.0
2023-09-01,86,short,2023-09-01 10:32:30.544880969,5210.0,2023-09-01 10:33:34.517282419,5212.0,stop,-8,-104.0
2023-09-01,113,short,2023-09-01 11:59:43.294119089,5210.75,2023-09-01 12:03:38.913650295,5209.75,target,4,46.0
2023-09-01,140,short,2023-09-01 14:36:00.150946395,5213.5,2023-09-01 14:38:35.260008437,5212.5,target,4,46.0
2023-09-05,97,long,2023-09-05 12:54:09.844554277,5203.25,2023-09-05 13:06:15.753527665,5201.25,stop,-8,-104.0
2023-09-05,125,short,2023-09-05 14:59:15.644309843,5196.25,2023-09-05 14:59:21.641691379,5195.25,target,4,46.0
2023-09-05,130,short,2023-09-05 15:09:44.664792499,5194.0,2023-09-05 15:14:59.926681263,5195.25,eod,-5,-66.5
2023-09-06,47,short,2023-09-06 09:30:02.500198809,5162.25,2023-09-06 09:30:33.185122541,5164.25,stop,-8,-104.0
2023-09-06,100,short,2023-09-06 11:38:14.665915115,5149.75,2023-09-06 11:42:53.995245717,5148.75,target,4,46.0
2023-09-06,148,short,2023-09-06 14:10:08.349646603,5155.5,2023-09-06 14:10:39.392761179,5157.5,stop,-8,-104.0
2023-09-06,151,long,2023-09-06 14:20:18.849662175,5163.75,2023-09-06 14:20:59.655487195,5161.75,stop,-8,-104.0
2023-09-06,162,short,2023-09-06 14:51:55.263697323,5161.75,2023-09-06 14:51:58.618484691,5160.75,target,4,46.0
2023-09-07,58,long,2023-09-07 09:43:13.252576595,5144.75,2023-09-07 09:43:13.367097753,5145.75,target,4,46.0
2023-09-07,77,short,2023-09-07 10:22:30.724792531,5142.0,2023-09-07 10:26:48.592234025,5144.0,stop,-8,-104.0
2023-09-07,101,long,2023-09-07 11:28:39.236637949,5152.0,2023-09-07 11:33:56.374009253,5150.0,stop,-8,-104.0
2023-09-07,154,short,2023-09-07 14:55:10.815895151,5147.5,2023-09-07 14:56:08.259155547,5146.5,target,4,46.0
2023-09-07,161,long,2023-09-07 15:07:54.710304655,5148.25,2023-09-07 15:13:13.021207939,5149.25,target,4,46.0
2023-09-08,31,long,2023-09-08 09:26:12.948687413,5168.5,2023-09-08 09:30:10.419347999,5169.5,target,4,46.0
2023-09-08,87,short,2023-09-08 13:16:19.180879711,5150.25,2023-09-08 13:17:29.825260605,5152.25,stop,-8,-104.0
2023-09-08,101,short,2023-09-08 14:28:26.167053479,5144.75,2023-09-08 14:30:53.631638445,5146.75,stop,-8,-104.0
2023-09-08,111,long,2023-09-08 14:59:56.434069189,5156.0,2023-09-08 14:59:59.272277319,5154.0,stop,-8,-104.0
2023-09-08,113,long,2023-09-08 15:02:28.050453155,5156.5,2023-09-08 15:05:01.297991027,5157.5,target,4,46.0
2023-09-11,31,long,2023-09-11 09:27:05.437717393,5176.25,2023-09-11 09:28:33.737134463,5177.25,target,4,46.0
2023-09-11,41,short,2023-09-11 09:58:19.409191737,5166.25,2023-09-11 09:58:58.753936711,5168.25,stop,-8,-104.0
2023-09-12,63,long,2023-09-12 12:24:17.136170805,5182.5,2023-09-12 12:25:30.646582861,5180.5,stop,-8,-104.0
2023-09-12,86,short,2023-09-12 13:55:00.296582853,5157.25,2023-09-12 13:56:14.165527609,5159.25,stop,-8,-104.0
2023-09-12,102,long,2023-09-12 14:54:02.248277351,5159.25,2023-09-12 14:55:31.374100307,5157.25,stop,-8,-104.0
2023-09-13,27,short,2023-09-13 09:04:36.343198943,5158.5,2023-09-13 09:05:00.872627087,5157.5,target,4,46.0
2023-09-13,58,short,2023-09-13 10:17:27.666647361,5169.0,2023-09-13 10:18:12.369490509,5168.0,target,4,46.0
2023-09-13,101,short,2023-09-13 13:45:26.760648401,5164.5,2023-09-13 13:47:00.143404675,5166.5,stop,-8,-104.0
2023-09-13,118,long,2023-09-13 14:33:10.111609359,5160.0,2023-09-13 14:35:22.564712867,5158.0,stop,-8,-104.0
2023-09-13,126,long,2023-09-13 14:56:45.428416211,5162.75,2023-09-13 14:57:04.422663037,5163.75,target,4,46.0
2023-09-14,24,long,2023-09-14 08:54:52.837394399,5179.5,2023-09-14 08:55:02.932357689,5177.5,stop,-8,-104.0
2023-09-14,74,short,2023-09-14 10:42:17.494478459,5185.75,2023-09-14 10:43:06.198853635,5187.75,stop,-8,-104.0
2023-09-14,128,long,2023-09-14 14:50:03.335685733,5201.75,2023-09-14 14:50:11.878608635,5199.75,stop,-8,-104.0
2023-09-15,40,short,2023-09-15 09:12:15.520889433,5170.25,2023-09-15 09:12:25.554444423,5169.25,target,4,46.0
2023-09-15,160,short,2023-09-15 15:02:09.318205001,5143.25,2023-09-15 15:04:04.988182729,5142.25,target,4,46.0
2023-09-18,43,short,2023-09-18 09:41:45.683708251,5138.75,2023-09-18 09:42:11.031322177,5140.75,stop,-8,-104.0
2023-09-18,114,long,2023-09-18 14:50:56.799941509,5143.5,2023-09-18 14:52:34.889020921,5141.5,stop,-8,-104.0
2023-09-19,76,short,2023-09-19 11:46:27.284492117,5108.0,2023-09-19 11:47:21.310186455,5107.0,target,4,46.0
2023-09-19,125,long,2023-09-19 14:27:24.972760325,5132.25,2023-09-19 14:29:30.623151301,5133.25,target,4,46.0
2023-09-19,129,long,2023-09-19 14:43:31.764948599,5135.25,2023-09-19 14:44:30.429151151,5136.25,target,4,46.0
2023-09-19,137,long,2023-09-19 14:59:58.317773899,5135.0,2023-09-19 15:00:00.613223013,5136.0,target,4,46.0
2023-09-20,23,short,2023-09-20 09:16:49.443667355,5141.0,2023-09-20 09:18:05.286478189,5143.0,stop,-8,-104.0
2023-09-20,163,short,2023-09-20 14:54:40.148500669,5098.25,2023-09-20 14:55:06.770942843,5097.25,target,4,46.0
2023-09-21,127,long,2023-09-21 12:26:16.872749665,5050.25,2023-09-21 12:31:25.147943189,5051.25,target,4,46.0
2023-09-21,191,long,2023-09-21 15:00:00.021565051,5017.5,2023-09-21 15:00:00.392232691,5018.5,target,4,46.0
2023-09-22,62,short,2023-09-22 10:10:22.614363881,5032.75,2023-09-22 10:11:23.246164953,5031.75,target,4,46.0
2023-09-22,67,short,2023-09-22 10:23:12.592754223,5034.5,2023-09-22 10:24:55.576847445,5036.5,stop,-8,-104.0
2023-09-22,178,short,2023-09-22 14:59:08.765128431,5005.0,2023-09-22 14:59:36.705506863,5007.0,stop,-8,-104.0
2023-09-25,115,long,2023-09-25 12:52:09.218412883,5013.0,2023-09-25 12:52:36.143807023,5014.0,target,4,46.0
2023-09-25,155,long,2023-09-25 14:49:41.180980875,5016.0,2023-09-25 14:50:36.635873775,5017.0,target,4,46.0
2023-09-26,45,long,2023-09-26 09:26:19.675342161,4974.5,2023-09-26 09:27:09.311467701,4972.5,stop,-8,-104.0
2023-09-26,163,short,2023-09-26 14:48:04.125825987,4955.25,2023-09-26 14:49:52.583821863,4954.25,target,4,46.0
2023-09-26,166,long,2023-09-26 14:54:04.991049709,4959.0,2023-09-26 14:54:51.029747609,4956.75,stop,-9,-116.5
2023-09-27,136,long,2023-09-27 13:21:32.490119695,4932.0,2023-09-27 13:22:00.862492019,4930.0,stop,-8,-104.0
2023-09-27,198,short,2023-09-27 14:52:30.629265167,4953.5,2023-09-27 14:52:45.351926425,4955.5,stop,-8,-104.0
2023-09-28,105,long,2023-09-28 11:15:14.521830223,4990.0,2023-09-28 11:17:39.532030415,4991.0,target,4,46.0
2023-09-28,197,long,2023-09-28 14:59:43.534232427,4983.0,2023-09-28 14:59:50.102301551,4981.0,stop,-8,-104.0
2023-09-28,201,short,2023-09-28 15:04:02.355466769,4978.75,2023-09-28 15:05:25.150968357,4980.75,stop,-8,-104.0
2023-09-29,91,long,2023-09-29 10:42:14.412864329,4993.25,2023-09-29 10:42:38.962044277,4991.25,stop,-8,-104.0
2023-09-29,194,long,2023-09-29 14:44:04.355579219,4969.25,2023-09-29 14:44:16.023993143,4967.25,stop,-8,-104.0
2023-10-02,70,short,2023-10-02 09:42:08.567604969,4960.5,2023-10-02 09:42:24.725458981,4959.5,target,4,46.0
2023-10-02,135,short,2023-10-02 11:28:04.113329043,4952.25,2023-10-02 11:28:30.779726897,4951.25,target,4,46.0
2023-10-02,167,short,2023-10-02 12:56:59.716349801,4951.25,2023-10-02 12:57:33.059460423,4950.25,target,4,46.0
2023-10-02,183,long,2023-10-02 13:31:36.362719163,4946.75,2023-10-02 13:37:02.673303659,4947.75,target,4,46.0
2023-10-02,223,long,2023-10-02 14:59:45.416260057,4967.75,2023-10-02 14:59:50.946691513,4968.75,target,4,46.0
2023-10-03,174,short,2023-10-03 12:18:37.572997133,4913.75,2023-10-03 12:19:05.758471285,4912.75,target,4,46.0
2023-10-03,178,short,2023-10-03 12:27:06.801147807,4912.5,2023-10-03 12:28:09.056056407,4911.5,target,4,46.0
2023-10-04,21,long,2023-10-04 08:54:00.311572283,4919.5,2023-10-04 08:54:02.420620235,4920.5,target,4,46.0
2023-10-04,26,short,2023-10-04 09:00:48.681951605,4915.75,2023-10-04 09:00:49.812510229,4914.75,target,4,46.0
2023-10-04,53,short,2023-10-04 09:27:54.348626423,4902.5,2023-10-04 09:28:06.263633337,4901.5,target,4,46.0
2023-10-04,162,short,2023-10-04 13:08:00.001304963,4913.0,2023-10-04 13:09:38.745913209,4912.0,target,4,46.0
2023-10-05,23,long,2023-10-05 08:54:00.058849485,4927.25,2023-10-05 08:55:11.482707671,4928.25,target,4,46.0
2023-10-05,118,short,2023-10-05 11:32:07.041356821,4920.5,2023-10-05 11:34:59.857907149,4919.5,target,4,46.0
2023-10-05,166,long,2023-10-05 13:35:23.735561137,4939.75,2023-10-05 13:36:05.303708313,4937.75,stop,-8,-104.0
2023-10-06,60,long,2023-10-06 09:18:24.603362781,4907.5,2023-10-06 09:18:51.763124159,4905.5,stop,-8,-104.0
2023-10-06,181,long,2023-10-06 12:22:19.515961073,4983.75,2023-10-06 12:22:26.875236997,4984.75,target,4,46.0
2023-10-06,196,short,2023-10-06 13:05:09.736087931,4985.0,2023-10-06 13:07:56.628716369,4987.0,stop,-8,-104.0
2023-10-06,246,short,2023-10-06 15:00:00.819199709,4984.25,2023-10-06 15:01:04.498250181,4986.25,stop,-8,-104.0
2023-10-09,112,long,2023-10-09 13:04:28.434142833,5011.5,2023-10-09 13:07:05.915730987,5012.5,target,4,46.0
2023-10-09,126,long,2023-10-09 13:43:34.799145445,5016.0,2023-10-09 13:43:49.023213461,5017.0,target,4,46.0
2023-10-09,155,long,2023-10-09 14:59:55.875942435,5013.75,2023-10-09 15:04:44.132736257,5014.75,target,4,46.0
2023-10-10,98,short,2023-10-10 12:04:22.265014649,5051.75,2023-10-10 12:04:23.352186085,5050.75,target,4,46.0
2023-10-10,107,short,2023-10-10 12:12:33.712431697,5042.0,2023-10-10 12:12:36.784969053,5041.0,target,4,46.0
2023-10-10,151,long,2023-10-10 13:59:03.039383637,5036.75,2023-10-10 14:00:48.002585107,5037.75,target,4,46.0
2023-10-10,177,long,2023-10-10 15:02:22.244574675,5035.75,2023-10-10 15:03:43.510765251,5036.75,target,4,46.0
2023-10-11,78,short,2023-10-11 11:11:47.091187447,5032.75,2023-10-11 11:12:59.933256957,5031.75,target,4,46.0
2023-10-11,80,short,2023-10-11 11:17:19.866405609,5028.25,2023-10-11 11:18:12.205415173,5027.25,target,4,46.0
2023-10-11,129,long,2023-10-11 14:02:01.695445881,5041.25,2023-10-11 14:02:31.336479101,5042.25,target,4,46.0
2023-10-12,78,short,2023-10-12 10:33:40.513204175,5047.25,2023-10-12 10:34:32.550457945,5049.25,stop,-8,-104.0
2023-10-12,92,long,2023-10-12 11:16:16.594078079,5056.75,2023-10-12 11:16:40.649289629,5054.75,stop,-8,-104.0
2023-10-12,180,short,2023-10-12 14:05:38.034841373,5018.75,2023-10-12 14:08:09.483729887,5020.75,stop,-8,-104.0
2023-10-12,201,short,2023-10-12 14:52:55.451506987,5027.75,2023-10-12 14:53:38.353770277,5026.75,target,4,46.0
2023-10-13,62,short,2023-10-13 09:39:30.600475719,5030.75,2023-10-13 09:40:08.248497677,5029.75,target,4,46.0
2023-10-13,114,long,2023-10-13 10:59:28.608672993,5000.75,2023-10-13 11:00:05.831470955,4998.75,stop,-8,-104.0
2023-10-13,124,long,2023-10-13 11:20:38.428862611,5012.0,2023-10-13 11:20:56.701741809,5013.0,target,4,46.0
2023-10-16,125,short,2023-10-16 12:46:09.827141101,5049.5,2023-10-16 12:47:13.835628397,5051.5,stop,-8,-104.0
2023-10-16,142,long,2023-10-16 13:51:59.294145883,5048.75,2023-10-16 13:52:58.350120263,5046.75,stop,-8,-104.0
2023-10-16,151,long,2023-10-16 14:22:46.044486855,5053.75,2023-10-16 14:29:54.828623999,5054.75,target,4,46.0
2023-10-16,154,short,2023-10-16 14:31:06.951438715,5053.0,2023-10-16 14:32:33.173357545,5052.0,target,4,46.0
2023-10-16,173,long,2023-10-16 14:59:59.547144101,5046.25,2023-10-16 15:00:01.183028905,5044.25,stop,-8,-104.0
2023-10-17,30,long,2023-10-17 09:03:10.078679053,5015.75,2023-10-17 09:03:38.035673647,5013.75,stop,-8,-104.0
2023-10-17,58,long,2023-10-17 09:37:48.849984889,5041.75,2023-10-17 09:39:30.041558967,5039.75,stop,-8,-104.0
2023-10-17,65,long,2023-10-17 09:49:33.705360403,5039.0,2023-10-17 09:50:20.484696593,5037.0,stop,-8,-104.0
2023-10-17,91,long,2023-10-17 10:35:59.099739715,5054.25,2023-10-17 10:36:40.610802631,5052.25,stop,-8,-104.0
2023-10-17,190,short,2023-10-17 14:40:45.290189421,5035.75,2023-10-17 14:40:52.813158373,5037.75,stop,-8,-104.0
2023-10-18,27,short,2023-10-18 08:59:16.080612499,5021.5,2023-10-18 08:59:30.044941891,5023.5,stop,-8,-104.0
2023-10-18,119,long,2023-10-18 11:08:03.728843473,5015.25,2023-10-18 11:08:35.784420871,5016.25,target,4,46.0
2023-10-18,121,short,2023-10-18 11:11:29.814381119,5013.75,2023-10-18 11:12:28.997772113,5012.75,target,4,46.0
2023-10-18,249,short,2023-10-18 14:59:47.263604913,4986.25,2023-10-18 14:59:49.862467117,4985.25,target,4,46.0
2023-10-19,70,long,2023-10-19 10:06:49.579578011,4974.5,2023-10-19 10:06:49.911035249,4975.5,target,4,46.0
2023-10-19,121,long,2023-10-19 11:10:52.455407445,4991.5,2023-10-19 11:11:04.340572139,4989.5,stop,-8,-104.0
2023-10-19,330,short,2023-10-19 14:59:37.600171863,4947.5,2023-10-19 14:59:54.570909575,4946.5,target,4,46.0
2023-10-19,332,short,2023-10-19 15:00:00.056111179,4945.0,2023-10-19 15:00:21.458526971,4944.0,target,4,46.0
2023-10-20,236,short,2023-10-20 14:38:06.183374211,4900.5,2023-10-20 14:38:49.547760703,4902.5,stop,-8,-104.0
2023-10-23,31,long,2023-10-23 08:53:24.276381153,4880.0,2023-10-23 08:53:37.991623087,4881.0,target,4,46.0
2023-10-23,112,short,2023-10-23 10:43:25.811181635,4905.25,2023-10-23 10:43:56.162664425,4904.25,target,4,46.0
2023-10-23,165,short,2023-10-23 12:57:30.936872915,4910.75,2023-10-23 12:57:49.761414019,4909.75,target,4,46.0
2023-10-23,217,long,2023-10-23 14:40:14.371859703,4889.25,2023-10-23 14:40:14.371859703,4886.25,stop,-12,-154.0
2023-10-23,226,short,2023-10-23 14:52:26.177409585,4887.5,2023-10-23 14:53:13.944036559,4886.5,target,4,46.0
2023-10-24,35,long,2023-10-24 09:00:00.177420911,4917.75,2023-10-24 09:00:11.145260599,4915.75,stop,-8,-104.0
2023-10-24,180,long,2023-10-24 13:54:22.077899129,4916.5,2023-10-24 13:56:55.029552793,4914.5,stop,-8,-104.0
2023-10-24,216,long,2023-10-24 15:04:39.997120505,4917.75,2023-10-24 15:04:48.360014067,4915.75,stop,-8,-104.0
2023-10-24,217,long,2023-10-24 15:05:44.250136845,4921.0,2023-10-24 15:06:54.224715851,4919.0,stop,-8,-104.0
2023-10-25,141,short,2023-10-25 11:47:06.834522789,4864.5,2023-10-25 11:49:52.548742329,4863.5,target,4,46.0
2023-10-25,171,short,2023-10-25 12:39:51.152046051,4851.75,2023-10-25 12:44:41.116779547,4850.75,target,4,46.0
2023-10-26,267,short,2023-10-26 15:01:28.503267069,4802.75,2023-10-26 15:01:28.839398657,4801.75,target,4,46.0
2023-10-26,272,short,2023-10-26 15:07:13.923878013,4803.25,2023-10-26 15:07:53.143059695,4805.25,stop,-8,-104.0
2023-10-26,274,long,2023-10-26 15:10:17.522056381,4809.25,2023-10-26 15:10:35.903939217,4810.25,target,4,46.0
2023-10-27,135,short,2023-10-27 11:45:01.605964257,4799.0,2023-10-27 11:45:43.325680765,4798.0,target,4,46.0
2023-10-27,136,short,2023-10-27 11:48:41.361414225,4796.5,2023-10-27 11:50:37.523360327,4795.5,target,4,46.0
2023-10-27,184,short,2023-10-27 13:28:19.470940197,4770.75,2023-10-27 13:29:54.036378181,4772.75,stop,-8,-104.0
2023-10-27,197,short,2023-10-27 13:53:36.464866687,4773.75,2023-10-27 13:54:08.251569479,4775.75,stop,-8,-104.0
2023-10-27,240,short,2023-10-27 15:05:10.460841997,4782.5,2023-10-27 15:05:37.976759851,4781.5,target,4,46.0
2023-10-30,139,long,2023-10-30 12:23:49.752119855,4815.75,2023-10-30 12:24:28.645879303,4816.75,target,4,46.0
2023-10-30,190,long,2023-10-30 14:23:54.271438425,4840.25,2023-10-30 14:24:36.294453935,4841.25,target,4,46.0
2023-10-31,69,short,2023-10-31 10:02:13.881020587,4837.25,2023-10-31 10:02:46.371342225,4836.25,target,4,46.0
2023-10-31,80,long,2023-10-31 10:25:41.728251303,4834.5,2023-10-31 10:26:36.949620171,4835.5,target,4,46.0
2023-10-31,84,long,2023-10-31 10:34:03.231915487,4833.75,2023-10-31 10:34:41.303159707,4834.75,target,4,46.0
2023-10-31,187,long,2023-10-31 15:00:00.001948039,4856.75,2023-10-31 15:00:00.550967133,4854.75,stop,-8,-104.0
2023-10-31,190,short,2023-10-31 15:11:50.900431927,4850.5,2023-10-31 15:14:59.587595757,4849.75,eod,3,33.5
2023-11-01,93,short,2023-11-01 11:35:36.263227639,4873.5,2023-11-01 11:38:51.859122691,4872.5,target,4,46.0
2023-11-01,132,long,2023-11-01 13:30:14.108566971,4880.25,2023-11-01 13:31:09.516509583,4881.25,target,4,46.0
2023-11-01,209,long,2023-11-01 14:42:31.022672095,4905.0,2023-11-01 14:43:01.191349359,4903.0,stop,-8,-104.0
2023-11-01,217,long,2023-11-01 14:55:27.658694775,4903.25,2023-11-01 14:57:27.467793243,4901.25,stop,-8,-104.0
2023-11-01,220,short,2023-11-01 14:59:25.484192931,4899.25,2023-11-01 14:59:56.792415699,4901.25,stop,-8,-104.0
2023-11-02,74,long,2023-11-02 10:17:10.159641977,4960.0,2023-11-02 10:18:26.308690861,4961.0,target,4,46.0
2023-11-02,138,short,2023-11-02 13:56:55.355220441,4973.0,2023-11-02 13:59:05.271020047,4975.0,stop,-8,-104.0
2023-11-03,59,long,2023-11-03 09:37:18.940094207,5009.0,2023-11-03 09:37:33.715816907,5010.0,target,4,46.0
2023-11-03,122,short,2023-11-03 12:25:22.940771779,5020.75,2023-11-03 12:27:59.500798365,5022.75,stop,-8,-104.0
2023-11-03,164,short,2023-11-03 14:56:12.589843401,5020.5,2023-11-03 14:58:45.423529385,5019.5,target,4,46.0
2023-11-03,169,short,2023-11-03 15:00:02.168800087,5018.5,2023-11-03 15:00:09.830218241,5020.5,stop,-8,-104.0
2023-11-06,70,short,2023-11-06 11:45:29.218208937,5019.5,2023-11-06 11:51:04.708202063,5018.5,target,4,46.0
2023-11-06,116,long,2023-11-06 14:30:40.244767563,5022.75,2023-11-06 14:31:12.709449969,5020.75,stop,-8,-104.0
2023-11-07,81,long,2023-11-07 12:01:17.589629963,5039.0,2023-11-07 12:02:25.978925511,5040.0,target,4,46.0
2023-11-07,101,short,2023-11-07 13:40:22.695298413,5042.5,2023-11-07 13:43:33.470804139,5041.5,target,4,46.0
2023-11-07,120,short,2023-11-07 14:55:27.893567987,5035.75,2023-11-07 14:55:36.124571701,5034.75,target,4,46.0
2023-11-07,126,long,2023-11-07 15:00:19.420977949,5041.0,2023-11-07 15:01:00.138310197,5039.0,stop,-8,-104.0
2023-11-08,83,short,2023-11-08 11:50:39.494515703,5026.5,2023-11-08 11:59:16.067785029,5028.5,stop,-8,-104.0
2023-11-08,87,long,2023-11-08 12:03:37.762759211,5033.25,2023-11-08 12:03:37.762759211,5031.25,stop,-8,-104.0
2023-11-08,125,long,2023-11-08 14:38:26.278101213,5040.0,2023-11-08 14:40:15.838220243,5041.0,target,4,46.0
2023-11-08,139,short,2023-11-08 15:02:00.226841017,5040.5,2023-11-08 15:11:01.061495745,5039.5,target,4,46.0
2023-11-09,22,short,2023-11-09 09:04:33.414644547,5042.0,2023-11-09 09:05:03.614577511,5041.0,target,4,46.0
2023-11-09,141,short,2023-11-09 13:07:02.345999857,5012.0,2023-11-09 13:07:15.890610199,5014.0,stop,-8,-104.0
2023-11-09,194,long,2023-11-09 14:50:01.885235509,5005.25,2023-11-09 14:50:05.438741541,5006.25,target,4,46.0
2023-11-09,198,short,2023-11-09 14:57:16.968570273,5002.5,2023-11-09 14:57:32.698382451,5004.5,stop,-8,-104.0
2023-11-10,30,long,2023-11-10 09:11:43.150814461,5020.75,2023-11-10 09:12:06.044002881,5021.75,target,4,46.0
2023-11-10,55,long,2023-11-10 09:57:33.192946941,5020.75,2023-11-10 09:59:54.868755585,5021.75,target,4,46.0
2023-11-10,108,long,2023-11-10 12:30:50.225854285,5061.5,2023-11-10 12:37:01.134426905,5062.5,target,4,46.0
2023-11-10,144,short,2023-11-10 14:55:00.015363679,5074.0,2023-11-10 15:00:01.185930643,5076.0,stop,-8,-104.0
2023-11-10,152,short,2023-11-10 15:02:23.559027777,5075.25,2023-11-10 15:14:59.789139391,5075.5,eod,-1,-16.5
2023-11-13,59,long,2023-11-13 10:47:46.948043563,5079.0,2023-11-13 10:47:47.798343723,5080.0,target,4,46.0
2023-11-13,90,short,2023-11-13 12:54:55.754918509,5073.75,2023-11-13 12:59:01.803788319,5072.75,target,4,46.0
2023-11-13,117,long,2023-11-13 15:01:10.885490627,5070.75,2023-11-13 15:14:59.541982269,5071.0,eod,1,8.5
2023-11-14,24,long,2023-11-14 08:52:13.000307611,5142.5,2023-11-14 08:52:49.121296263,5143.5,target,4,46.0
2023-11-14,40,long,2023-11-14 09:10:26.717221445,5148.0,2023-11-14 09:10:46.603994295,5149.0,target,4,46.0
2023-11-14,101,short,2023-11-14 11:43:30.937033363,5150.0,2023-11-14 11:43:30.937033363,5152.0,stop,-8,-104.0
2023-11-14,161,short,2023-11-14 15:02:07.360698829,5158.0,2023-11-14 15:09:45.542732009,5157.0,target,4,46.0
2023-11-15,47,long,2023-11-15 09:51:10.691184885,5180.0,2023-11-15 09:53:22.805488189,5178.0,stop,-8,-104.0
2023-11-15,67,long,2023-11-15 10:45:25.996832661,5166.0,2023-11-15 10:45:35.717006051,5167.0,target,4,46.0
2023-11-15,126,short,2023-11-15 14:07:01.382301805,5166.5,2023-11-15 14:09:57.504757477,5165.5,target,4,46.0
2023-11-15,135,short,2023-11-15 14:41:22.326027789,5168.0,2023-11-15 14:43:40.706394025,5167.0,target,4,46.0
2023-11-16,129,long,2023-11-16 14:46:46.516683353,5165.0,2023-11-16 14:47:01.404251129,5166.0,target,4,46.0
2023-11-17,65,short,2023-11-17 10:50:37.395994827,5162.0,2023-11-17 10:52:10.479025087,5164.0,stop,-8,-104.0
2023-11-17,103,short,2023-11-17 14:11:24.444041503,5171.75,2023-11-17 14:21:43.008978119,5173.75,stop,-8,-104.0
2023-11-20,47,short,2023-11-20 10:46:32.956004429,5189.5,2023-11-20 10:51:09.598025775,5191.5,stop,-8,-104.0
2023-11-20,95,short,2023-11-20 14:47:10.064399775,5210.75,2023-11-20 14:49:10.661406135,5209.75,target,4,46.0
2023-11-20,97,short,2023-11-20 14:51:05.405178825,5206.25,2023-11-20 14:53:32.990949903,5205.25,target,4,46.0
2023-11-20,105,short,2023-11-20 15:05:48.073348963,5203.25,2023-11-20 15:14:59.429672501,5203.0,eod,1,8.5
2023-11-21,28,long,2023-11-21 09:33:41.747219991,5184.25,2023-11-21 09:37:37.263759171,5185.25,target,4,46.0
2023-11-21,91,short,2023-11-21 14:31:10.666001861,5192.75,2023-11-21 14:33:22.134474601,5191.75,target,4,46.0
2023-11-21,102,short,2023-11-21 15:03:42.450910491,5192.25,2023-11-21 15:04:14.666505297,5191.25,target,4,46.0
2023-11-22,33,long,2023-11-22 09:12:08.648828233,5202.5,2023-11-22 09:12:49.205582351,5203.5,target,4,46.0
2023-11-22,69,long,2023-11-22 10:43:01.266936797,5211.25,2023-11-22 10:44:36.168141683,5212.25,target,4,46.0
2023-11-22,110,long,2023-11-22 13:50:37.857648033,5206.0,2023-11-22 13:51:07.344076107,5207.0,target,4,46.0
2023-11-22,124,short,2023-11-22 14:50:51.147190081,5211.25,2023-11-22 14:59:29.366139519,5213.25,stop,-8,-104.0
2023-11-22,128,short,2023-11-22 14:59:58.330276239,5210.0,2023-11-22 15:14:59.925580907,5209.25,eod,3,33.5
2023-11-24,28,long,2023-11-24 10:12:54.708496677,5212.0,2023-11-24 10:23:06.959058503,5210.0,stop,-8,-104.0
2023-11-24,39,long,2023-11-24 11:39:47.721602453,5210.25,2023-11-24 11:44:39.040190935,5208.25,stop,-8,-104.0
2023-11-24,43,long,2023-11-24 12:00:55.180716313,5213.25,2023-11-24 12:14:59.994196877,5212.25,eod,-4,-54.0
2023-11-27,27,long,2023-11-27 09:26:11.684880981,5204.5,2023-11-27 09:26:15.765991085,5205.5,target,4,46.0
2023-11-27,88,long,2023-11-27 14:37:04.644861181,5211.25,2023-11-27 14:45:15.219625981,5209.25,stop,-8,-104.0
2023-11-28,61,short,2023-11-28 10:55:18.081655779,5217.25,2023-11-28 11:06:31.965498671,5216.25,target,4,46.0
2023-11-28,81,long,2023-11-28 12:02:42.924193639,5199.5,2023-11-28 12:02:46.409421989,5200.5,target,4,46.0
2023-11-28,98,long,2023-11-28 13:03:10.958360737,5203.25,2023-11-28 13:07:18.122349669,5201.25,stop,-8,-104.0
2023-11-28,115,short,2023-11-28 14:20:09.680005673,5202.0,2023-11-28 14:21:12.875862411,5201.0,target,4,46.0
2023-11-29,96,short,2023-11-29 12:33:50.065089569,5214.75,2023-11-29 12:36:45.081861971,5216.75,stop,-8,-104.0
2023-11-29,135,long,2023-11-29 14:59:57.889508679,5204.0,2023-11-29 15:00:42.014357545,5205.0,target,4,46.0
2023-11-30,84,long,2023-11-30 10:43:03.961069713,5198.0,2023-11-30 10:43:30.995693453,5196.0,stop,-8,-104.0
2023-11-30,132,long,2023-11-30 13:40:24.493196423,5202.0,2023-11-30 13:40:53.806396233,5203.0,target,4,46.0
2023-11-30,158,long,2023-11-30 14:52:04.371205099,5216.0,2023-11-30 14:52:15.019039515,5214.0,stop,-8,-104.0
2023-12-01,90,short,2023-12-01 10:16:20.676954035,5227.25,2023-12-01 10:16:29.104119829,5226.25,target,4,46.0
2023-12-01,197,long,2023-12-01 15:00:05.140360305,5246.0,2023-12-01 15:00:12.360202775,5244.0,stop,-8,-104.0
2023-12-04,46,long,2023-12-04 09:32:17.491288717,5203.0,2023-12-04 09:32:27.994355003,5204.0,target,4,46.0
2023-12-04,131,long,2023-12-04 14:20:06.011787399,5215.0,2023-12-04 14:21:57.444934725,5213.0,stop,-8,-104.0
2023-12-05,93,short,2023-12-05 10:20:35.402200237,5209.75,2023-12-05 10:21:12.349981203,5211.75,stop,-8,-104.0
2023-12-05,121,short,2023-12-05 11:20:04.257033155,5214.75,2023-12-05 11:20:15.092450963,5213.75,target,4,46.0
2023-12-05,181,short,2023-12-05 14:44:10.561142595,5216.75,2023-12-05 14:44:52.951602047,5215.75,target,4,46.0
2023-12-05,194,short,2023-12-05 15:03:03.111289329,5220.25,2023-12-05 15:07:44.047609843,5219.25,target,4,46.0
2023-12-06,62,short,2023-12-06 10:19:59.513120011,5223.5,2023-12-06 10:20:57.346121997,5225.5,stop,-8,-104.0
2023-12-06,142,long,2023-12-06 14:59:17.690440933,5198.5,2023-12-06 14:59:40.062931263,5199.5,target,4,46.0
2023-12-07,24,short,2023-12-07 08:59:57.248599343,5216.25,2023-12-07 09:00:00.211768165,5215.25,target,4,46.0
2023-12-07,60,short,2023-12-07 10:12:46.660372893,5226.25,2023-12-07 10:12:53.708182061,5225.25,target,4,46.0
2023-12-07,121,short,2023-12-07 13:55:00.621499387,5232.0,2023-12-07 13:59:46.589683091,5231.0,target,4,46.0
2023-12-07,128,short,2023-12-07 14:32:51.968494443,5233.0,2023-12-07 14:33:22.319222089,5232.0,target,4,46.0
2023-12-07,138,short,2023-12-07 14:59:59.379530449,5232.5,2023-12-07 15:00:00.370840381,5231.5,target,4,46.0
2023-12-08,90,short,2023-12-08 11:10:21.914688831,5231.25,2023-12-08 11:13:26.267414787,5230.25,target,4,46.0
2023-12-08,103,long,2023-12-08 12:11:33.525548907,5242.75,2023-12-08 12:14:42.296846527,5243.75,target,4,46.0
2023-12-11,56,short,2023-12-11 10:21:57.079192935,5249.75,2023-12-11 10:22:58.263999267,5251.75,stop,-8,-104.0
2023-12-11,60,short,2023-12-11 10:31:46.670066813,5249.25,2023-12-11 10:31:52.101145891,5251.25,stop,-8,-104.0
2023-12-11,67,long,2023-12-11 10:50:38.383095453,5253.0,2023-12-11 10:52:51.457051493,5254.0,target,4,46.0
2023-12-12,33,short,2023-12-12 09:23:54.755289721,5267.5,2023-12-12 09:24:56.137654989,5269.5,stop,-8,-104.0
2023-12-12,85,long,2023-12-12 13:55:48.470661381,5283.0,2023-12-12 14:01:58.238201187,5284.0,target,4,46.0
2023-12-12,90,long,2023-12-12 14:16:57.710160765,5288.25,2023-12-12 14:35:08.249560451,5286.25,stop,-8,-104.0
2023-12-12,96,long,2023-12-12 14:52:06.342641705,5286.5,2023-12-12 14:54:07.420032537,5284.5,stop,-8,-104.0
2023-12-12,103,long,2023-12-12 15:08:36.059639435,5291.75,2023-12-12 15:14:59.677948497,5291.25,eod,-2,-29.0
2023-12-13,134,long,2023-12-13 14:27:23.084297977,5331.5,2023-12-13 14:27:34.216320349,5332.5,target,4,46.0
2023-12-13,157,long,2023-12-13 15:00:24.827694251,5353.75,2023-12-13 15:01:33.724444915,5354.75,target,4,46.0
2023-12-14,44,long,2023-12-14 09:18:51.484120233,5366.75,2023-12-14 09:20:40.394962571,5364.75,stop,-8,-104.0
2023-12-14,154,short,2023-12-14 13:40:11.777909145,5355.0,2023-12-14 13:43:38.045706011,5357.0,stop,-8,-104.0
2023-12-14,185,short,2023-12-14 15:00:06.028000783,5365.25,2023-12-14 15:00:13.872396831,5367.25,stop,-8,-104.0
2023-12-15,71,short,2023-12-15 10:40:04.082433217,5365.25,2023-12-15 10:40:31.581912721,5364.25,target,4,46.0
2023-12-15,96,long,2023-12-15 12:26:17.183700267,5362.0,2023-12-15 12:28:17.965927731,5360.0,stop,-8,-104.0
2023-12-15,153,short,2023-12-15 14:59:59.004820245,5357.5,2023-12-15 15:00:03.095511345,5359.5,stop,-8,-104.0
2023-12-18,56,short,2023-12-18 11:24:43.197977111,5388.0,2023-12-18 11:38:22.884729789,5387.0,target,4,46.0
2023-12-18,72,short,2023-12-18 13:27:28.638709851,5387.25,2023-12-18 13:27:28.638709851,5389.75,stop,-10,-129.0
2023-12-18,93,short,2023-12-18 15:00:00.475281623,5383.25,2023-12-18 15:00:12.000932405,5382.25,target,4,46.0
2023-12-18,94,short,2023-12-18 15:02:30.915095513,5380.5,2023-12-18 15:14:59.814702231,5380.5,eod,0,-4.0
2023-12-19,71,short,2023-12-19 12:56:12.844026925,5404.25,2023-12-19 13:10:42.379369479,5406.25,stop,-8,-104.0
2023-12-19,82,long,2023-12-19 14:11:03.531616249,5404.5,2023-12-19 14:16:41.951926861,5405.5,target,4,46.0
2023-12-19,86,long,2023-12-19 14:34:25.369530569,5405.75,2023-12-19 14:40:46.825910365,5406.75,target,4,46.0
2023-12-19,98,short,2023-12-19 15:04:59.398547325,5409.0,2023-12-19 15:06:15.087464105,5408.0,target,4,46.0
2023-12-20,79,long,2023-12-20 13:54:45.264570169,5378.25,2023-12-20 13:54:47.242715895,5379.25,target,4,46.0
2023-12-20,136,short,2023-12-20 14:55:43.998197933,5350.5,2023-12-20 14:55:46.463514381,5349.5,target,4,46.0
2023-12-21,28,short,2023-12-21 09:08:07.959059055,5365.5,2023-12-21 09:09:04.205517397,5364.5,target,4,46.0
2023-12-21,111,short,2023-12-21 12:15:16.503924823,5354.25,2023-12-21 12:17:23.942442051,5353.25,target,4,46.0
2023-12-21,149,long,2023-12-21 14:36:17.994421377,5379.5,2023-12-21 14:36:27.181198543,5380.5,target,4,46.0
2023-12-21,162,short,2023-12-21 15:00:28.172484373,5385.0,2023-12-21 15:06:35.697308491,5387.0,stop,-8,-104.0
2023-12-22,47,long,2023-12-22 10:20:14.199761185,5403.0,2023-12-22 10:21:11.634623625,5404.0,target,4,46.0
2023-12-22,94,short,2023-12-22 13:49:05.747820551,5392.5,2023-12-22 13:49:55.054085853,5394.5,stop,-8,-104.0
2023-12-26,22,short,2023-12-26 10:24:29.335271703,5406.25,2023-12-26 10:30:35.595317471,5408.25,stop,-8,-104.0
2023-12-26,51,short,2023-12-26 14:37:05.357674723,5421.25,2023-12-26 14:39:15.134092923,5420.25,target,4,46.0
2023-12-26,52,short,2023-12-26 14:40:03.592806135,5419.5,2023-12-26 14:49:54.519533377,5418.5,target,4,46.0
2023-12-26,60,long,2023-12-26 15:00:00.755621957,5417.5,2023-12-26 15:05:54.000028117,5415.5,stop,-8,-104.0
2023-12-27,65,long,2023-12-27 13:20:04.847074829,5413.5,2023-12-27 13:20:20.983529363,5414.5,target,4,46.0
2023-12-27,70,short,2023-12-27 13:42:19.298546881,5411.75,2023-12-27 13:58:32.580686593,5413.75,stop,-8,-104.0
2023-12-27,83,short,2023-12-27 14:50:02.043596271,5411.25,2023-12-27 14:50:04.390685515,5413.25,stop,-8,-104.0
2023-12-27,92,short,2023-12-27 15:00:01.400340327,5423.75,2023-12-27 15:00:19.643231385,5425.75,stop,-8,-104.0
2023-12-28,42,short,2023-12-28 12:03:48.684498781,5421.75,2023-12-28 12:03:49.858663799,5420.75,target,4,46.0
2023-12-28,50,short,2023-12-28 12:40:17.649586127,5426.0,2023-12-28 12:49:05.911618293,5425.0,target,4,46.0
2023-12-28,80,long,2023-12-28 15:05:21.751457185,5425.75,2023-12-28 15:14:59.904265783,5424.75,eod,-4,-54.0
2023-12-29,66,long,2023-12-29 12:05:17.490890333,5403.75,2023-12-29 12:08:09.770319841,5404.75,target,4,46.0
2023-12-29,76,short,2023-12-29 12:54:23.476001625,5404.0,2023-12-29 12:55:42.227827965,5406.0,stop,-8,-104.0
2023-12-29,114,short,2023-12-29 15:00:04.304844859,5408.75,2023-12-29 15:00:05.953887777,5407.75,target,4,46.0
2024-01-02,29,short,2024-01-02 09:04:50.025214585,5376.25,2024-01-02 09:06:00.794513859,5375.25,target,4,46.0
2024-01-02,65,long,2024-01-02 10:33:09.300109403,5377.25,2024-01-02 10:44:56.946287161,5378.25,target,4,46.0
2024-01-02,82,long,2024-01-02 11:38:26.879950073,5387.0,2024-01-02 11:40:03.794690829,5388.0,target,4,46.0
2024-01-02,111,short,2024-01-02 13:33:55.071693581,5368.5,2024-01-02 13:39:45.135509825,5367.5,target,4,46.0
2024-01-02,123,short,2024-01-02 14:14:21.128978757,5357.5,2024-01-02 14:17:10.857244185,5359.5,stop,-8,-104.0
2024-01-03,45,long,2024-01-03 09:24:53.295719921,5345.25,2024-01-03 09:25:05.201691139,5346.25,target,4,46.0
2024-01-03,80,long,2024-01-03 10:43:40.170897545,5345.25,2024-01-03 10:44:28.978335713,5346.25,target,4,46.0
2024-01-03,168,long,2024-01-03 14:54:43.344922335,5334.75,2024-01-03 14:55:00.514461505,5335.75,target,4,46.0
2024-01-03,175,short,2024-01-03 15:00:27.331158907,5336.5,2024-01-03 15:01:05.425427695,5338.5,stop,-8,-104.0
2024-01-04,65,short,2024-01-04 10:50:20.965398631,5346.25,2024-01-04 10:50:30.735627323,5345.25,target,4,46.0
2024-01-04,101,long,2024-01-04 13:12:39.001410229,5337.0,2024-01-04 13:13:40.645317369,5338.0,target,4,46.0
2024-01-04,103,short,2024-01-04 13:19:44.559314911,5335.75,2024-01-04 13:20:31.245882511,5334.75,target,4,46.0
2024-01-04,107,long,2024-01-04 13:34:17.645291365,5334.5,2024-01-04 13:35:26.477137569,5332.5,stop,-8,-104.0
2024-01-04,144,long,2024-01-04 15:04:43.731653921,5323.25,2024-01-04 15:05:04.301780425,5324.25,target,4,46.0
2024-01-05,51,long,2024-01-05 09:37:42.328427999,5347.25,2024-01-05 09:39:39.156714637,5345.25,stop,-8,-104.0
2024-01-05,72,short,2024-01-05 10:29:06.345571131,5337.25,2024-01-05 10:30:05.190770755,5339.25,stop,-8,-104.0
2024-01-05,149,short,2024-01-05 14:47:18.403804519,5320.0,2024-01-05 14:49:15.096318697,5322.25,stop,-9,-116.5
2024-01-08,87,long,2024-01-08 13:27:21.625140605,5377.0,2024-01-08 13:27:58.130506195,5375.0,stop,-8,-104.0
2024-01-08,94,long,2024-01-08 13:53:19.954215659,5383.0,2024-01-08 13:57:00.014178829,5384.0,target,4,46.0
2024-01-08,97,long,2024-01-08 14:04:43.372229647,5385.75,2024-01-08 14:06:43.875968531,5383.75,stop,-8,-104.0
2024-01-08,105,long,2024-01-08 14:31:21.537449917,5385.0,2024-01-08 14:32:47.865001387,5383.0,stop,-8,-104.0
2024-01-08,115,long,2024-01-08 14:52:16.350724715,5392.5,2024-01-08 14:52:37.656278397,5390.5,stop,-8,-104.0
2024-01-09,69,short,2024-01-09 11:48:21.908833071,5387.25,2024-01-09 11:52:30.664528267,5389.25,stop,-8,-104.0
2024-01-09,90,short,2024-01-09 12:59:11.844894861,5388.25,2024-01-09 13:00:17.718814297,5390.25,stop,-8,-104.0
2024-01-09,120,long,2024-01-09 14:50:29.116853373,5379.25,2024-01-09 14:50:32.063492891,5380.25,target,4,46.0
2024-01-09,121,long,2024-01-09 14:52:05.217807927,5384.0,2024-01-09 14:52:24.522244789,5382.0,stop,-8,-104.0
2024-01-09,130,short,2024-01-09 15:11:01.951239747,5382.75,2024-01-09 15:14:59.982613995,5383.25,eod,-2,-29.0
2024-01-10,35,long,2024-01-10 09:41:40.970248487,5394.75,2024-01-10 09:42:43.621596747,5395.75,target,4,46.0
2024-01-10,88,long,2024-01-10 13:25:03.917032063,5412.5,2024-01-10 13:25:23.219419205,5413.5,target,4,46.0
2024-01-11,41,short,2024-01-11 09:09:49.054954767,5380.25,2024-01-11 09:10:17.569094477,5379.25,target,4,46.0
2024-01-11,132,long,2024-01-11 12:12:41.414109221,5389.25,2024-01-11 12:15:04.861494747,5390.25,target,4,46.0
2024-01-11,171,long,2024-01-11 14:25:37.456665457,5404.25,2024-01-11 14:27:07.206244637,5405.25,target,4,46.0
2024-01-11,183,long,2024-01-11 14:59:08.907710893,5409.75,2024-01-11 14:59:45.097854429,5407.75,stop,-8,-104.0
2024-01-12,61,long,2024-01-12 09:46:13.533084109,5406.25,2024-01-12 09:47:37.268426575,5404.25,stop,-8,-104.0
2024-01-12,68,long,2024-01-12 09:55:39.840624007,5396.75,2024-01-12 09:55:53.708723691,5397.75,target,4,46.0
2024-01-12,81,long,2024-01-12 10:26:12.103464805,5408.75,2024-01-12 10:32:02.442120197,5406.75,stop,-8,-104.0
2024-01-12,96,long,2024-01-12 11:12:04.240012585,5399.75,2024-01-12 11:12:22.555386445,5400.75,target,4,46.0
2024-01-12,148,short,2024-01-12 15:00:30.139052957,5407.0,2024-01-12 15:02:16.666905351,5406.0,target,4,46.0
2024-01-16,126,long,2024-01-16 11:09:11.734536317,5387.75,2024-01-16 11:09:26.729522559,5385.75,stop,-8,-104.0
2024-01-16,161,short,2024-01-16 12:48:28.734855325,5382.25,2024-01-16 12:52:51.269157079,5381.25,target,4,46.0
2024-01-16,195,long,2024-01-16 14:54:14.549498697,5385.0,2024-01-16 14:54:50.154996485,5386.0,target,4,46.0
2024-01-17,101,short,2024-01-17 12:42:43.744510167,5340.75,2024-01-17 12:44:52.468795715,5342.75,stop,-8,-104.0
2024-01-17,138,short,2024-01-17 14:59:39.033723109,5363.25,2024-01-17 14:59:46.852056759,5362.25,target,4,46.0
2024-01-18,28,long,2024-01-18 09:12:53.298027263,5378.25,2024-01-18 09:16:02.701509237,5376.0,stop,-9,-116.5
2024-01-18,77,short,2024-01-18 11:08:15.677149621,5371.5,2024-01-18 11:10:18.211801605,5373.5,stop,-8,-104.0
2024-01-18,148,long,2024-01-18 14:50:37.612253317,5403.75,2024-01-18 14:51:17.227805165,5404.75,target,4,46.0
2024-01-18,157,short,2024-01-18 15:00:11.836294353,5400.25,2024-01-18 15:00:29.128769549,5399.25,target,4,46.0
2024-01-18,159,long,2024-01-18 15:09:35.260146791,5400.0,2024-01-18 15:14:59.893877025,5400.5,eod,2,21.0
2024-01-19,149,short,2024-01-19 14:58:30.088045405,5459.25,2024-01-19 14:59:28.441572873,5458.25,target,4,46.0
2024-01-22,68,short,2024-01-22 11:06:06.247903283,5474.75,2024-01-22 11:06:17.764560827,5473.75,target,4,46.0
2024-01-22,78,short,2024-01-22 12:00:32.985372145,5472.75,2024-01-22 12:01:20.843605571,5471.75,target,4,46.0
2024-01-22,112,short,2024-01-22 14:46:49.884336687,5472.75,2024-01-22 14:50:00.038629137,5471.75,target,4,46.0
2024-01-22,119,long,2024-01-22 14:59:58.724481681,5473.0,2024-01-22 15:02:49.073357869,5471.0,stop,-8,-104.0
2024-01-23,93,long,2024-01-23 14:54:40.105052597,5485.5,2024-01-23 14:55:04.173007283,5486.5,target,4,46.0
2024-01-23,99,long,2024-01-23 15:01:36.995449929,5488.5,2024-01-23 15:03:37.559053339,5486.5,stop,-8,-104.0
2024-01-24,28,short,2024-01-24 09:11:15.706856201,5504.0,2024-01-24 09:12:28.715457309,5506.0,stop,-8,-104.0
2024-01-24,66,short,2024-01-24 10:45:26.589122521,5513.25,2024-01-24 10:46:18.273809811,5515.25,stop,-8,-104.0
2024-01-24,95,short,2024-01-24 12:30:37.440065971,5514.75,2024-01-24 12:31:06.048809299,5513.75,target,4,46.0
2024-01-24,143,short,2024-01-24 14:47:36.623905919,5495.75,2024-01-24 14:48:20.817155923,5494.75,target,4,46.0
2024-01-24,159,short,2024-01-24 15:06:17.149633221,5483.25,2024-01-24 15:07:45.951746083,5482.25,target,4,46.0
2024-01-25,64,long,2024-01-25 10:50:31.017981775,5513.0,2024-01-25 10:50:57.569844219,5514.0,target,4,46.0
2024-01-25,69,short,2024-01-25 11:04:42.572610483,5505.25,2024-01-25 11:06:21.633702727,5504.25,target,4,46.0
2024-01-25,95,short,2024-01-25 12:18:55.351496109,5495.75,2024-01-25 12:20:18.125239249,5497.75,stop,-8,-104.0
2024-01-25,126,long,2024-01-25 14:03:35.314635283,5501.75,2024-01-25 14:06:19.213818585,5499.75,stop,-8,-104.0
2024-01-25,147,short,2024-01-25 15:03:54.355432985,5513.0,2024-01-25 15:10:50.008463811,5512.0,target,4,46.0
2024-01-26,38,long,2024-01-26 09:43:26.084841811,5521.25,2024-01-26 09:49:40.298759097,5522.25,target,4,46.0
2024-01-26,71,short,2024-01-26 11:38:04.100868695,5507.0,2024-01-26 11:38:47.160990645,5506.0,target,4,46.0
2024-01-26,105,long,2024-01-26 13:50:24.639678607,5513.0,2024-01-26 13:51:12.449591241,5514.0,target,4,46.0
2024-01-26,118,long,2024-01-26 14:47:36.615428945,5508.0,2024-01-26 14:48:14.455690495,5506.0,stop,-8,-104.0
2024-01-29,21,short,2024-01-29 09:24:01.471028899,5508.5,2024-01-29 09:25:30.839589589,5507.5,target,4,46.0
2024-01-29,63,short,2024-01-29 12:51:36.042165905,5515.25,2024-01-29 13:00:57.824159369,5514.25,target,4,46.0
2024-01-30,66,long,2024-01-30 12:26:26.672688861,5540.25,2024-01-30 12:28:55.206073747,5541.25,target,4,46.0
2024-01-30,94,short,2024-01-30 14:57:53.964756465,5539.25,2024-01-30 14:57:53.964756465,5541.5,stop,-9,-116.5
2024-01-30,100,short,2024-01-30 15:01:49.026565343,5536.5,2024-01-30 15:01:54.379837441,5538.5,stop,-8,-104.0
2024-01-31,57,short,2024-01-31 10:26:09.921433891,5499.75,2024-01-31 10:29:19.036577073,5502.0,stop,-9,-116.5
2024-01-31,205,short,2024-01-31 14:51:21.645550981,5464.75,2024-01-31 14:51:45.529156779,5463.75,target,4,46.0
2024-01-31,215,short,2024-01-31 14:59:30.844608705,5461.5,2024-01-31 14:59:36.073381191,5463.5,stop,-8,-104.0
2024-01-31,221,long,2024-01-31 15:01:46.041815143,5459.5,2024-01-31 15:01:52.217922819,5457.5,stop,-8,-104.0
2024-02-01,46,short,2024-02-01 09:48:43.525672587,5483.5,2024-02-01 09:49:03.642197079,5482.5,target,4,46.0
2024-02-01,122,long,2024-02-01 13:08:17.225309939,5505.25,2024-02-01 13:08:38.688711531,5506.25,target,4,46.0
2024-02-01,151,long,2024-02-01 14:55:53.509499409,5516.25,2024-02-01 14:56:16.972791993,5514.25,stop,-8,-104.0
2024-02-02,64,short,2024-02-02 10:09:00.132852459,5549.25,2024-02-02 10:09:32.485912199,5548.25,target,4,46.0
2024-02-02,117,short,2024-02-02 12:25:40.379557405,5568.5,2024-02-02 12:26:09.416556281,5567.5,target,4,46.0
2024-02-05,77,long,2024-02-05 11:17:49.023159675,5553.25,2024-02-05 11:20:37.290588613,5551.25,stop,-8,-104.0
2024-02-05,119,short,2024-02-05 14:14:25.201884861,5554.75,2024-02-05 14:15:01.466285431,5553.75,target,4,46.0
2024-02-05,122,long,2024-02-05 14:22:02.076804513,5559.0,2024-02-05 14:24:21.236006239,5560.0,target,4,46.0
2024-02-05,137,short,2024-02-05 14:59:34.143224245,5554.25,2024-02-05 14:59:42.005843831,5553.25,target,4,46.0
2024-02-05,139,short,2024-02-05 15:00:03.313117479,5551.5,2024-02-05 15:00:10.190028931,5550.5,target,4,46.0
2024-02-06,24,short,2024-02-06 09:05:47.287183709,5551.25,2024-02-06 09:07:09.323966213,5553.25,stop,-8,-104.0
2024-02-06,54,short,2024-02-06 10:13:02.462669345,5554.25,2024-02-06 10:13:22.026949435,5553.25,target,4,46.0
2024-02-06,99,short,2024-02-06 13:05:49.608698681,5556.5,2024-02-06 13:06:11.706722589,5555.5,target,4,46.0
2024-02-07,116,short,2024-02-07 14:43:32.302175809,5603.75,2024-02-07 14:44:07.427895237,5605.75,stop,-8,-104.0
2024-02-07,118,short,2024-02-07 14:51:09.849094037,5603.5,2024-02-07 14:52:29.536978219,5605.5,stop,-8,-104.0
2024-02-08,69,long,2024-02-08 13:43:02.723680357,5603.0,2024-02-08 13:47:41.021898097,5604.0,target,4,46.0
2024-02-08,79,short,2024-02-08 14:49:02.061652369,5605.5,2024-02-08 14:49:48.145121137,5604.5,target,4,46.0
2024-02-08,85,short,2024-02-08 14:59:54.340870465,5608.25,2024-02-08 15:00:00.219510987,5607.25,target,4,46.0
2024-02-09,22,long,2024-02-09 09:17:29.640601667,5619.0,2024-02-09 09:18:17.579321475,5620.0,target,4,46.0
2024-02-09,85,short,2024-02-09 14:45:13.738170151,5630.5,2024-02-09 14:50:37.577305377,5632.5,stop,-8,-104.0
2024-02-12,55,short,2024-02-12 12:38:25.662011509,5644.75,2024-02-12 12:38:37.976237327,5643.75,target,4,46.0
2024-02-12,74,short,2024-02-12 13:36:48.521651603,5631.0,2024-02-12 13:37:48.604782685,5633.0,stop,-8,-104.0
2024-02-12,87,short,2024-02-12 14:30:44.116148513,5630.5,2024-02-12 14:31:33.987005405,5632.5,stop,-8,-104.0
2024-02-13,117,short,2024-02-13 13:05:19.346954489,5548.75,2024-02-13 13:06:19.673736701,5547.75,target,4,46.0
2024-02-13,135,short,2024-02-13 13:49:48.050368201,5537.75,2024-02-13 13:50:22.244603871,5536.75,target,4,46.0
2024-02-13,158,long,2024-02-13 14:43:08.817112693,5547.5,2024-02-13 14:44:05.014753455,5545.5,stop,-8,-104.0
2024-02-13,162,long,2024-02-13 14:50:00.343836127,5551.25,2024-02-13 14:50:23.028083667,5549.25,stop,-8,-104.0
2024-02-13,179,short,2024-02-13 15:08:32.718143731,5560.25,2024-02-13 15:11:42.665480875,5562.25,stop,-8,-104.0
2024-02-14,70,long,2024-02-14 10:53:07.935344121,5580.5,2024-02-14 10:53:30.083349209,5578.5,stop,-8,-104.0
2024-02-14,138,long,2024-02-14 14:55:39.756338197,5606.75,2024-02-14 14:56:57.627071875,5603.0,stop,-15,-191.5
2024-02-14,140,long,2024-02-14 14:59:13.698522717,5608.25,2024-02-14 14:59:29.394733981,5609.25,target,4,46.0
2024-02-14,143,long,2024-02-14 15:00:35.175443003,5609.25,2024-02-14 15:00:45.322391029,5610.25,target,4,46.0
2024-02-14,145,short,2024-02-14 15:05:05.936794613,5608.0,2024-02-14 15:06:14.975685879,5610.0,stop,-8,-104.0
2024-02-15,88,short,2024-02-15 13:11:14.532308781,5630.0,2024-02-15 13:12:41.880641997,5629.0,target,4,46.0
2024-02-15,120,long,2024-02-15 15:06:23.959570675,5641.0,2024-02-15 15:14:40.383373801,5639.0,stop,-8,-104.0
2024-02-16,97,long,2024-02-16 13:00:48.337519131,5642.5,2024-02-16 13:02:34.262974469,5643.5,target,4,46.0
2024-02-16,111,short,2024-02-16 13:49:45.667092617,5622.25,2024-02-16 13:49:58.903960315,5621.25,target,4,46.0
2024-02-16,140,short,2024-02-16 15:00:12.002146145,5609.5,2024-02-16 15:02:14.736083991,5608.5,target,4,46.0
2024-02-20,55,long,2024-02-20 09:50:31.266705277,5583.5,2024-02-20 09:52:00.706985487,5584.5,target,4,46.0
2024-02-20,145,long,2024-02-20 14:51:15.493904111,5577.5,2024-02-20 14:51:38.938488139,5575.5,stop,-8,-104.0
2024-02-21,25,short,2024-02-21 09:25:42.077690401,5572.0,2024-02-21 09:26:27.666772163,5571.0,target,4,46.0
2024-02-21,69,long,2024-02-21 12:06:35.461511977,5564.75,2024-02-21 12:07:31.992395083,5562.75,stop,-8,-104.0
2024-02-21,101,short,2024-02-21 13:42:24.123492467,5555.0,2024-02-21 13:46:20.423533549,5557.0,stop,-8,-104.0
2024-02-21,122,long,2024-02-21 14:43:22.760445827,5576.25,2024-02-21 14:43:25.326933979,5577.25,target,4,46.0
2024-02-22,54,short,2024-02-22 09:42:15.953753029,5664.25,2024-02-22 09:42:40.584206669,5663.25,target,4,46.0
2024-02-22,78,short,2024-02-22 10:48:18.879429043,5666.25,2024-02-22 10:48:33.854097823,5665.25,target,4,46.0
2024-02-22,132,short,2024-02-22 14:29:53.083043961,5690.75,2024-02-22 14:30:25.856282563,5689.75,target,4,46.0
2024-02-23,52,short,2024-02-23 10:13:53.686556055,5684.25,2024-02-23 10:14:18.838650977,5686.25,stop,-8,-104.0
2024-02-23,73,long,2024-02-23 11:20:14.048927707,5700.0,2024-02-23 11:25:12.620276425,5697.75,stop,-9,-116.5
2024-02-23,125,short,2024-02-23 14:59:58.981951851,5690.5,2024-02-23 15:00:20.975250571,5689.5,target,4,46.0
2024-02-23,127,short,2024-02-23 15:01:46.807862607,5688.5,2024-02-23 15:14:59.521614933,5688.75,eod,-1,-16.5
2024-02-26,50,short,2024-02-26 11:32:39.604723831,5688.75,2024-02-26 11:34:22.219494681,5687.75,target,4,46.0
2024-02-26,87,long,2024-02-26 14:30:28.891775941,5681.5,2024-02-26 14:31:03.360976383,5679.5,stop,-8,-104.0
2024-02-26,100,short,2024-02-26 15:00:32.212930497,5670.25,2024-02-26 15:13:22.937211891,5669.25,target,4,46.0
2024-02-27,32,long,2024-02-27 09:48:31.260917307,5671.75,2024-02-27 09:49:06.464754023,5672.75,target,4,46.0
2024-02-27,100,long,2024-02-27 15:08:26.619706935,5681.5,2024-02-27 15:13:04.840738167,5682.5,target,4,46.0
2024-02-28,22,long,2024-02-28 09:08:33.529074773,5666.5,2024-02-28 09:08:43.074756881,5667.5,target,4,46.0
2024-02-28,114,short,2024-02-28 15:01:44.459343005,5669.75,2024-02-28 15:02:07.158256327,5668.75,target,4,46.0
2024-02-29,44,short,2024-02-29 10:01:25.130261339,5680.0,2024-02-29 10:02:21.658885621,5679.0,target,4,46.0
2024-02-29,76,short,2024-02-29 11:29:16.795152857,5673.5,2024-02-29 11:31:03.413528251,5675.5,stop,-8,-104.0
2024-02-29,141,long,2024-02-29 15:00:32.187376851,5691.0,2024-02-29 15:00:54.211636351,5689.0,stop,-8,-104.0
2024-03-01,92,long,2024-03-01 12:47:03.847520487,5733.0,2024-03-01 12:48:50.182990493,5731.0,stop,-8,-104.0
2024-03-01,112,short,2024-03-01 14:12:10.153792835,5731.0,2024-03-01 14:13:38.558402275,5733.0,stop,-8,-104.0
2024-03-01,130,short,2024-03-01 15:00:03.598340963,5734.5,2024-03-01 15:04:09.494486307,5733.5,target,4,46.0
2024-03-04,49,long,2024-03-04 11:18:02.024388727,5735.25,2024-03-04 11:21:22.068997319,5736.25,target,4,46.0
2024-03-04,88,short,2024-03-04 14:34:52.003420543,5739.75,2024-03-04 14:34:55.462157071,5738.75,target,4,46.0
2024-03-04,102,long,2024-03-04 14:59:01.276823617,5730.25,2024-03-04 14:59:19.122536725,5728.25,stop,-8,-104.0
2024-03-05,160,short,2024-03-05 14:39:31.974744353,5659.25,2024-03-05 14:40:04.491793561,5658.25,target,4,46.0
2024-03-05,173,long,2024-03-05 14:57:12.401275605,5677.75,2024-03-05 14:58:36.480486407,5678.75,target,4,46.0
2024-03-05,175,long,2024-03-05 14:58:56.735193347,5679.5,2024-03-05 14:59:13.288646831,5677.5,stop,-8,-104.0
2024-03-05,180,long,2024-03-05 15:04:33.989882439,5681.25,2024-03-05 15:05:49.767144361,5682.25,target,4,46.0
2024-03-05,181,long,2024-03-05 15:06:02.152862193,5683.25,2024-03-05 15:07:35.122986629,5681.25,stop,-8,-104.0
2024-03-06,70,short,2024-03-06 10:22:41.056686069,5714.5,2024-03-06 10:26:38.235667343,5716.5,stop,-8,-104.0
2024-03-06,191,short,2024-03-06 14:33:13.311208435,5694.5,2024-03-06 14:34:51.476961591,5693.5,target,4,46.0
2024-03-06,210,long,2024-03-06 14:59:53.440894267,5704.25,2024-03-06 14:59:57.900358927,5702.25,stop,-8,-104.0
2024-03-07,129,short,2024-03-07 14:56:44.617977439,5754.75,2024-03-07 14:57:08.070436271,5753.75,target,4,46.0
2024-03-07,133,long,2024-03-07 14:59:48.057940607,5754.75,2024-03-07 14:59:57.583559401,5752.75,stop,-8,-104.0
2024-03-08,25,long,2024-03-08 08:52:59.968524203,5775.0,2024-03-08 08:53:51.105871131,5776.0,target,4,46.0
2024-03-08,47,long,2024-03-08 09:37:40.885525687,5776.25,2024-03-08 09:38:28.353484717,5774.25,stop,-8,-104.0
2024-03-08,172,long,2024-03-08 13:02:35.521426943,5723.75,2024-03-08 13:03:08.305284887,5724.75,target,4,46.0
2024-03-11,52,short,2024-03-11 09:36:35.986606605,5695.5,2024-03-11 09:37:20.621471675,5694.5,target,4,46.0
2024-03-11,105,short,2024-03-11 12:33:34.687392321,5711.0,2024-03-11 12:34:36.019610193,5710.0,target,4,46.0
2024-03-11,119,long,2024-03-11 13:41:15.076865467,5711.5,2024-03-11 13:41:20.264744373,5712.5,target,4,46.0
2024-03-11,128,long,2024-03-11 14:21:11.263808581,5712.0,2024-03-11 14:24:33.823372283,5710.0,stop,-8,-104.0
2024-03-11,143,short,2024-03-11 15:02:56.255568919,5711.25,2024-03-11 15:06:40.822353459,5713.25,stop,-8,-104.0
2024-03-12,59,long,2024-03-12 09:47:57.584577193,5759.0,2024-03-12 09:48:03.415776057,5760.0,target,4,46.0
2024-03-12,162,long,2024-03-12 14:53:59.156542473,5772.0,2024-03-12 14:54:33.436835035,5770.0,stop,-8,-104.0
2024-03-13,68,short,2024-03-13 11:10:41.266102699,5760.75,2024-03-13 11:11:32.764892029,5762.75,stop,-8,-104.0
2024-03-13,116,long,2024-03-13 14:29:43.266667787,5750.0,2024-03-13 14:29:51.386629125,5751.0,target,4,46.0
2024-03-14,84,long,2024-03-14 10:02:49.385375361,5750.75,2024-03-14 10:03:47.471748609,5748.75,stop,-8,-104.0
2024-03-14,226,long,2024-03-14 15:02:56.879592309,5748.25,2024-03-14 15:05:41.044090419,5746.25,stop,-8,-104.0
2024-03-15,112,short,2024-03-15 11:43:47.077727321,5701.25,2024-03-15 11:47:03.462254743,5703.25,stop,-8,-104.0
2024-03-15,124,short,2024-03-15 12:19:15.224482329,5701.75,2024-03-15 12:20:33.002461969,5703.75,stop,-8,-104.0
2024-03-15,166,short,2024-03-15 14:40:43.909731065,5707.0,2024-03-15 14:41:14.667506665,5709.0,stop,-8,-104.0
2024-03-15,173,long,2024-03-15 14:55:10.212638153,5709.75,2024-03-15 14:55:32.540608507,5710.75,target,4,46.0
2024-03-15,182,short,2024-03-15 15:08:52.063559097,5710.25,2024-03-15 15:14:59.934988477,5711.0,eod,-3,-41.5
2024-03-18,44,short,2024-03-18 09:57:00.357426081,5761.25,2024-03-18 09:59:10.591265909,5763.25,stop,-8,-104.0
2024-03-18,134,long,2024-03-18 15:05:01.257792427,5740.0,2024-03-18 15:06:45.000038231,5741.0,target,4,46.0
2024-03-19,63,long,2024-03-19 11:30:04.724569721,5752.5,2024-03-19 11:30:31.195747503,5753.5,target,4,46.0
2024-03-19,124,short,2024-03-19 15:05:22.907541873,5768.5,2024-03-19 15:12:31.995757733,5767.5,target,4,46.0
2024-03-20,98,long,2024-03-20 13:35:27.529826995,5772.0,2024-03-20 13:35:43.971306125,5769.75,stop,-9,-116.5
2024-03-20,146,long,2024-03-20 14:32:21.594695259,5815.75,2024-03-20 14:33:06.208220529,5813.75,stop,-8,-104.0
2024-03-21,33,long,2024-03-21 09:28:00.850628975,5847.75,2024-03-21 09:29:24.482291693,5845.75,stop,-8,-104.0
2024-03-21,67,short,2024-03-21 11:11:31.176501197,5844.5,2024-03-21 11:11:54.576089975,5846.5,stop,-8,-104.0
2024-03-21,124,short,2024-03-21 14:53:12.401024037,5832.25,2024-03-21 14:55:21.970570467,5831.25,target,4,46.0
2024-03-21,128,long,2024-03-21 14:59:33.155712109,5833.25,2024-03-21 14:59:42.913533539,5831.25,stop,-8,-104.0
2024-03-22,26,short,2024-03-22 09:25:48.745102007,5822.25,2024-03-22 09:26:33.994971845,5821.25,target,4,46.0
2024-03-22,81,short,2024-03-22 14:11:03.278619471,5825.25,2024-03-22 14:11:56.306415693,5824.25,target,4,46.0
2024-03-22,101,short,2024-03-22 15:06:27.464812091,5817.0,2024-03-22 15:14:57.549727813,5816.75,eod,1,8.5
2024-03-25,21,long,2024-03-25 09:21:36.093564107,5813.25,2024-03-25 09:21:48.627306171,5814.25,target,4,46.0
2024-03-25,67,short,2024-03-25 14:22:11.867970001,5808.75,2024-03-25 14:23:39.732574755,5807.75,target,4,46.0
2024-03-25,70,long,2024-03-25 14:40:33.833594197,5811.25,2024-03-25 14:42:11.201916143,5812.25,target,4,46.0
2024-03-25,74,short,2024-03-25 14:54:40.094150911,5804.5,2024-03-25 14:56:58.980906261,5803.5,target,4,46.0
2024-03-26,79,short,2024-03-26 14:44:51.965077143,5798.25,2024-03-26 14:48:44.885321361,5797.25,target,4,46.0
2024-03-26,94,short,2024-03-26 15:00:02.179947421,5792.25,2024-03-26 15:00:12.886415269,5794.25,stop,-8,-104.0
2024-03-27,73,short,2024-03-27 12:10:13.046582633,5802.25,2024-03-27 12:10:48.259078875,5801.25,target,4,46.0
2024-03-27,123,short,2024-03-27 15:00:02.341307471,5835.5,2024-03-27 15:00:14.199611727,5837.5,stop,-8,-104.0
2024-04-01,58,short,2024-04-01 11:59:51.126852709,5818.5,2024-04-01 12:02:10.643262683,5817.5,target,4,46.0
2024-04-01,73,short,2024-04-01 14:00:28.280218535,5816.75,2024-04-01 14:03:47.766030121,5818.75,stop,-8,-104.0
2024-04-01,84,long,2024-04-01 14:55:00.021526901,5825.0,2024-04-01 14:55:00.185563775,5826.0,target,4,46.0
2024-04-01,86,short,2024-04-01 14:57:54.523321965,5824.0,2024-04-01 14:58:28.553071917,5823.0,target,4,46.0
2024-04-01,88,short,2024-04-01 14:59:55.487258741,5822.0,2024-04-01 14:59:59.529535311,5821.0,target,4,46.0
2024-04-02,64,long,2024-04-02 11:40:27.652275949,5774.5,2024-04-02 11:44:26.582759515,5772.5,stop,-8,-104.0
2024-04-02,88,short,2024-04-02 14:19:43.321856469,5777.0,2024-04-02 14:20:39.315820523,5779.0,stop,-8,-104.0
2024-04-02,93,short,2024-04-02 14:41:50.691310601,5784.5,2024-04-02 14:49:00.045093301,5786.5,stop,-8,-104.0
2024-04-02,100,long,2024-04-02 14:59:03.990254959,5787.25,2024-04-02 14:59:58.736826595,5788.25,target,4,46.0
2024-04-03,71,short,2024-04-03 12:06:12.982603797,5800.5,2024-04-03 12:06:44.933208079,5802.5,stop,-8,-104.0
2024-04-03,104,long,2024-04-03 14:45:14.486352623,5793.0,2024-04-03 14:46:03.139595843,5794.0,target,4,46.0
2024-04-03,113,short,2024-04-03 14:59:57.975966251,5793.0,2024-04-03 14:59:58.656298667,5792.0,target,4,46.0
2024-04-04,23,short,2024-04-04 09:36:48.887077995,5822.25,2024-04-04 09:39:15.853612999,5824.25,stop,-8,-104.0
2024-04-04,154,short,2024-04-04 14:50:30.675123551,5732.75,2024-04-04 14:50:58.322883675,5731.75,target,4,46.0
2024-04-04,160,short,2024-04-04 14:56:12.611611157,5731.25,2024-04-04 14:56:13.325202347,5730.25,target,4,46.0
2024-04-04,169,long,2024-04-04 15:05:28.756055583,5730.75,2024-04-04 15:05:56.259671919,5728.75,stop,-8,-104.0
2024-04-05,110,long,2024-04-05 12:20:23.729756207,5785.5,2024-04-05 12:20:34.126959865,5786.5,target,4,46.0
2024-04-05,123,long,2024-04-05 12:58:49.167885457,5773.0,2024-04-05 12:58:57.296690981,5774.0,target,4,46.0
2024-04-05,145,short,2024-04-05 13:41:10.961861885,5777.5,2024-04-05 13:41:13.128599197,5776.5,target,4,46.0
2024-04-05,177,short,2024-04-05 15:08:41.081673427,5776.5,2024-04-05 15:14:59.036099083,5777.5,eod,-4,-54.0
2024-04-08,43,short,2024-04-08 10:16:56.303949605,5789.5,2024-04-08 10:18:40.965209201,5791.5,stop,-8,-104.0
2024-04-08,67,short,2024-04-08 11:49:03.912089873,5782.25,2024-04-08 11:49:25.327710959,5784.25,stop,-8,-104.0
2024-04-08,102,long,2024-04-08 14:59:46.386704689,5780.0,2024-04-08 14:59:53.053526773,5781.0,target,4,46.0
2024-04-08,105,long,2024-04-08 15:02:16.762852567,5784.25,2024-04-08 15:14:59.828895691,5784.5,eod,1,8.5
2024-04-09,97,long,2024-04-09 11:22:19.942664285,5768.25,2024-04-09 11:23:17.050572255,5766.25,stop,-8,-104.0
2024-04-09,126,long,2024-04-09 13:36:31.658959749,5762.0,2024-04-09 13:36:47.598303665,5760.0,stop,-8,-104.0
2024-04-09,147,short,2024-04-09 14:41:47.750543489,5771.25,2024-04-09 14:41:52.574800599,5770.25,target,4,46.0
2024-04-09,154,long,2024-04-09 14:56:46.657929715,5780.75,2024-04-09 14:57:29.638397367,5777.0,stop,-15,-191.5
2024-04-10,107,long,2024-04-10 11:37:09.563827485,5728.5,2024-04-10 11:38:48.988136207,5726.5,stop,-8,-104.0
2024-04-10,220,short,2024-04-10 15:00:19.056769943,5731.0,2024-04-10 15:00:30.610114309,5730.0,target,4,46.0
2024-04-11,60,short,2024-04-11 09:49:56.052801833,5723.5,2024-04-11 09:51:04.184242671,5725.5,stop,-8,-104.0
2024-04-11,85,long,2024-04-11 11:01:22.814830839,5744.0,2024-04-11 11:01:38.048956497,5742.0,stop,-8,-104.0
2024-04-11,151,short,2024-04-11 14:50:01.172216693,5776.25,2024-04-11 14:50:42.584056853,5775.25,target,4,46.0
2024-04-11,159,short,2024-04-11 15:00:00.376034205,5768.5,2024-04-11 15:01:11.363509559,5767.5,target,4,46.0
2024-04-12,170,long,2024-04-12 14:32:13.458068041,5684.75,2024-04-12 14:32:22.004984037,5685.75,target,4,46.0
2024-04-12,192,short,2024-04-12 15:01:12.568657321,5696.0,2024-04-12 15:02:09.514140781,5698.0,stop,-8,-104.0
2024-04-15,38,short,2024-04-15 09:24:54.816249621,5713.0,2024-04-15 09:25:57.750992235,5712.0,target,4,46.0
2024-04-15,167,long,2024-04-15 13:32:06.718023041,5640.5,2024-04-15 13:32:28.159884141,5638.5,stop,-8,-104.0
2024-04-16,65,short,2024-04-16 09:57:19.735016663,5614.5,2024-04-16 10:00:08.908049219,5616.75,stop,-9,-116.5
2024-04-16,104,short,2024-04-16 11:43:39.394273581,5627.25,2024-04-16 11:44:36.480717111,5626.25,target,4,46.0
2024-04-17,59,long,2024-04-17 10:04:44.449208691,5622.75,2024-04-17 10:05:18.840212455,5620.75,stop,-8,-104.0
2024-04-17,132,short,2024-04-17 12:41:44.611255727,5599.0,2024-04-17 12:42:34.774921093,5598.0,target,4,46.0
2024-04-18,50,long,2024-04-18 09:45:02.845475363,5611.75,2024-04-18 09:45:42.256204649,5612.75,target,4,46.0
2024-04-18,83,short,2024-04-18 11:15:12.644626625,5603.0,2024-04-18 11:16:35.257039347,5605.0,stop,-8,-104.0
2024-04-18,85,long,2024-04-18 11:26:24.245016743,5608.25,2024-04-18 11:26:42.092423225,5606.25,stop,-8,-104.0
2024-04-18,168,short,2024-04-18 14:55:00.090670465,5573.75,2024-04-18 14:55:28.665141507,5575.75,stop,-8,-104.0
2024-04-19,89,long,2024-04-19 10:39:58.222721917,5559.5,2024-04-19 10:40:03.262815563,5560.5,target,4,46.0
2024-04-19,180,short,2024-04-19 13:40:02.859752473,5527.0,2024-04-19 13:40:08.715329873,5526.0,target,4,46.0
2024-04-19,234,short,2024-04-19 14:59:30.014046845,5531.75,2024-04-19 14:59:34.882069393,5530.75,target,4,46.0
2024-04-22,51,short,2024-04-22 09:55:54.232861349,5539.0,2024-04-22 09:56:17.264642393,5541.0,stop,-8,-104.0
2024-04-22,61,long,2024-04-22 10:17:06.860362967,5537.25,2024-04-22 10:24:53.149511877,5538.25,target,4,46.0
2024-04-22,163,short,2024-04-22 15:04:24.289722661,5569.25,2024-04-22 15:07:54.226419503,5571.25,stop,-8,-104.0
2024-04-23,55,long,2024-04-23 09:40:14.989553643,5625.25,2024-04-23 09:42:06.674085357,5626.25,target,4,46.0
2024-04-23,124,short,2024-04-23 14:04:22.524769593,5629.5,2024-04-23 14:04:45.238959853,5631.5,stop,-8,-104.0
2024-04-23,144,long,2024-04-23 14:59:59.918530199,5636.0,2024-04-23 15:00:00.023807473,5634.0,stop,-8,-104.0
2024-04-23,150,short,2024-04-23 15:08:37.449221245,5633.5,2024-04-23 15:09:00.260167525,5635.5,stop,-8,-104.0
2024-04-24,35,short,2024-04-24 09:20:26.864618627,5637.75,2024-04-24 09:21:07.370858071,5639.75,stop,-8,-104.0
2024-04-24,69,long,2024-04-24 10:33:52.265873305,5627.75,2024-04-24 10:35:02.287722193,5628.75,target,4,46.0
2024-04-24,117,short,2024-04-24 13:00:35.268587955,5640.75,2024-04-24 13:01:06.654447353,5639.75,target,4,46.0
2024-04-24,132,long,2024-04-24 13:39:12.036278143,5628.0,2024-04-24 13:39:18.614392131,5629.0,target,4,46.0
2024-04-24,142,long,2024-04-24 14:09:21.072112185,5626.25,2024-04-24 14:09:29.759178657,5627.25,target,4,46.0
2024-04-25,93,long,2024-04-25 10:40:06.336469009,5571.0,2024-04-25 10:41:16.729592743,5569.0,stop,-8,-104.0
2024-04-25,117,short,2024-04-25 11:38:47.670645265,5584.25,2024-04-25 11:39:19.926577353,5586.25,stop,-8,-104.0
2024-04-25,138,long,2024-04-25 12:38:22.948872595,5601.5,2024-04-25 12:39:14.887881139,5602.5,target,4,46.0
2024-04-25,170,long,2024-04-25 14:02:54.662214251,5606.0,2024-04-25 14:02:58.926920967,5607.0,target,4,46.0
2024-04-25,191,long,2024-04-25 14:55:27.916002349,5607.25,2024-04-25 14:56:36.069085887,5608.25,target,4,46.0
2024-04-26,62,long,2024-04-26 10:01:44.988957269,5664.75,2024-04-26 10:02:00.127451899,5665.75,target,4,46.0
2024-04-26,66,short,2024-04-26 10:09:25.885109399,5662.25,2024-04-26 10:10:21.090550963,5661.25,target,4,46.0
2024-04-29,77,short,2024-04-29 12:55:14.226085975,5674.75,2024-04-29 12:56:26.190595977,5676.75,stop,-8,-104.0
2024-04-29,84,short,2024-04-29 13:32:15.513123323,5662.5,2024-04-29 13:32:16.176779183,5661.5,target,4,46.0
2024-04-29,107,long,2024-04-29 14:21:18.596733097,5661.5,2024-04-29 14:23:17.530572641,5659.5,stop,-8,-104.0
2024-04-29,111,long,2024-04-29 14:34:57.241858587,5662.25,2024-04-29 14:35:10.746305195,5660.25,stop,-8,-104.0
2024-04-29,114,long,2024-04-29 14:46:10.343669475,5664.5,2024-04-29 14:47:21.150176569,5662.5,stop,-8,-104.0
2024-04-30,124,short,2024-04-30 13:52:58.186187411,5615.75,2024-04-30 13:54:25.735290207,5617.75,stop,-8,-104.0
2024-04-30,159,short,2024-04-30 14:59:59.734209183,5592.0,2024-04-30 15:00:05.601202501,5594.0,stop,-8,-104.0
2024-05-01,83,short,2024-05-01 11:58:32.788527781,5574.75,2024-05-01 11:59:14.904285603,5573.75,target,4,46.0
2024-05-01,132,short,2024-05-01 13:35:27.258936519,5596.0,2024-05-01 13:35:27.388484491,5595.0,target,4,46.0
2024-05-01,143,short,2024-05-01 13:39:07.941867109,5604.25,2024-05-01 13:39:13.779900795,5606.25,stop,-8,-104.0
2024-05-01,191,long,2024-05-01 14:08:36.330098639,5644.25,2024-05-01 14:08:37.098013799,5645.25,target,4,46.0
2024-05-02,157,short,2024-05-02 14:41:46.567798075,5612.0,2024-05-02 14:41:48.930212775,5611.0,target,4,46.0
2024-05-02,166,short,2024-05-02 14:58:13.375749061,5612.0,2024-05-02 14:58:29.825851061,5611.0,target,4,46.0
2024-05-02,168,long,2024-05-02 14:59:43.415884411,5618.75,2024-05-02 14:59:58.505076985,5619.75,target,4,46.0
2024-05-02,170,short,2024-05-02 15:00:24.252405659,5617.5,2024-05-02 15:00:33.479668039,5619.5,stop,-8,-104.0
2024-05-02,171,long,2024-05-02 15:00:42.036233359,5621.25,2024-05-02 15:00:50.232732747,5622.25,target,4,46.0
2024-05-03,21,long,2024-05-03 08:46:46.154018635,5684.0,2024-05-03 08:47:44.916308315,5682.0,stop,-8,-104.0
2024-05-03,161,long,2024-05-03 14:29:27.583760613,5685.75,2024-05-03 14:30:30.081732089,5683.75,stop,-8,-104.0
2024-05-06,22,long,2024-05-06 09:24:09.053577317,5712.25,2024-05-06 09:25:12.877647915,5713.25,target,4,46.0
2024-05-06,28,short,2024-05-06 09:46:20.433902267,5710.25,2024-05-06 09:49:09.361922113,5712.25,stop,-8,-104.0
2024-05-06,74,long,2024-05-06 13:47:31.434329805,5723.0,2024-05-06 13:55:42.065856061,5724.0,target,4,46.0
2024-05-06,83,long,2024-05-06 14:36:20.113006485,5721.25,2024-05-06 14:41:23.357741219,5722.25,target,4,46.0
2024-05-06,95,short,2024-05-06 15:00:49.580326361,5733.0,2024-05-06 15:02:51.366770933,5732.0,target,4,46.0
2024-05-07,39,short,2024-05-07 10:09:20.335491923,5747.75,2024-05-07 10:10:44.034670373,5750.25,stop,-10,-129.0
2024-05-07,96,short,2024-05-07 14:15:27.279699751,5737.75,2024-05-07 14:18:04.973480939,5736.75,target,4,46.0
2024-05-07,108,short,2024-05-07 14:55:19.595367977,5739.25,2024-05-07 14:55:28.401035267,5741.25,stop,-8,-104.0
2024-05-08,48,short,2024-05-08 11:00:03.306866893,5734.0,2024-05-08 11:00:40.566543607,5736.0,stop,-8,-104.0
2024-05-09,48,long,2024-05-09 10:28:02.177930587,5757.25,2024-05-09 10:29:26.687623961,5758.25,target,4,46.0
2024-05-09,55,short,2024-05-09 10:55:05.279885399,5750.25,2024-05-09 10:55:23.532400033,5749.25,target,4,46.0
2024-05-09,84,short,2024-05-09 13:22:37.615786187,5754.5,2024-05-09 13:25:54.261463103,5756.5,stop,-8,-104.0
2024-05-09,94,short,2024-05-09 14:22:40.084556673,5760.5,2024-05-09 14:24:42.343534503,5762.5,stop,-8,-104.0
2024-05-10,54,short,2024-05-10 10:32:31.244470789,5768.25,2024-05-10 10:33:49.461265625,5767.25,target,4,46.0
2024-05-10,64,long,2024-05-10 11:08:00.174653745,5766.25,2024-05-10 11:12:50.960037257,5767.25,target,4,46.0
2024-05-10,66,long,2024-05-10 11:25:02.281732407,5769.5,2024-05-10 11:28:02.245175999,5767.5,stop,-8,-104.0
2024-05-10,81,long,2024-05-10 12:58:14.499095745,5771.0,2024-05-10 12:58:36.623823341,5772.0,target,4,46.0
2024-05-13,32,short,2024-05-13 10:03:03.143842001,5773.25,2024-05-13 10:05:08.123895415,5775.25,stop,-8,-104.0
2024-05-13,82,short,2024-05-13 14:55:00.085529913,5771.0,2024-05-13 14:56:29.221914601,5770.0,target,4,46.0
2024-05-13,86,long,2024-05-13 15:00:08.683858989,5773.75,2024-05-13 15:03:36.202878741,5771.75,stop,-8,-104.0
2024-05-14,41,long,2024-05-14 09:52:14.257164873,5776.25,2024-05-14 09:53:09.831525849,5774.25,stop,-8,-104.0
2024-05-14,61,short,2024-05-14 11:16:14.050728165,5772.75,2024-05-14 11:22:29.883538469,5771.75,target,4,46.0
2024-05-14,89,short,2024-05-14 13:47:27.943814311,5791.5,2024-05-14 13:47:54.915318435,5793.5,stop,-8,-104.0
2024-05-15,71,long,2024-05-15 11:32:44.574889621,5843.5,2024-05-15 11:35:17.447471547,5844.5,target,4,46.0
2024-05-15,99,long,2024-05-15 14:09:11.221080341,5852.25,2024-05-15 14:10:53.736963297,5853.25,target,4,46.0
2024-05-16,85,long,2024-05-16 13:31:31.729414313,5857.25,2024-05-16 13:33:39.865257347,5858.25,target,4,46.0
2024-05-16,108,short,2024-05-16 14:59:43.450793459,5846.75,2024-05-16 14:59:58.828955377,5848.75,stop,-8,-104.0
2024-05-17,66,short,2024-05-17 12:56:18.845311523,5846.0,2024-05-17 13:00:43.510517131,5845.0,target,4,46.0
2024-05-17,67,short,2024-05-17 13:03:17.784907279,5843.75,2024-05-17 13:04:41.506733377,5842.75,target,4,46.0
2024-05-17,88,long,2024-05-17 14:22:11.728297201,5851.75,2024-05-17 14:22:35.409614977,5852.75,target,4,46.0
2024-05-17,96,long,2024-05-17 14:52:42.746764045,5852.75,2024-05-17 14:54:13.087999399,5850.75,stop,-8,-104.0
2024-05-20,59,long,2024-05-20 12:15:37.570439931,5872.0,2024-05-20 12:18:31.311353795,5870.0,stop,-8,-104.0
2024-05-20,82,long,2024-05-20 13:41:10.038873317,5863.0,2024-05-20 13:47:51.697748275,5861.0,stop,-8,-104.0
2024-05-20,92,long,2024-05-20 14:30:15.411634841,5862.25,2024-05-20 14:32:16.106313051,5860.25,stop,-8,-104.0
2024-05-21,77,short,2024-05-21 14:21:44.624609067,5866.0,2024-05-21 14:27:11.996931115,5865.0,target,4,46.0
2024-05-22,36,long,2024-05-22 10:57:21.631624789,5864.75,2024-05-22 11:06:03.806302755,5865.75,target,4,46.0
2024-05-22,99,short,2024-05-22 14:19:06.263420585,5841.0,2024-05-22 14:19:17.945391041,5840.0,target,4,46.0
2024-05-23,69,short,2024-05-23 09:51:50.389211091,5851.75,2024-05-23 09:53:47.222414025,5850.75,target,4,46.0
2024-05-23,105,long,2024-05-23 11:21:35.759949807,5863.25,2024-05-23 11:24:16.467166061,5864.25,target,4,46.0
2024-05-23,110,short,2024-05-23 11:41:20.097691313,5863.5,2024-05-23 11:41:56.242067747,5862.5,target,4,46.0
2024-05-24,25,long,2024-05-24 09:05:30.006573075,5832.75,2024-05-24 09:05:39.208753583,5830.75,stop,-8,-104.0
2024-05-24,92,long,2024-05-24 12:57:00.718548225,5850.25,2024-05-24 13:01:54.218823171,5851.25,target,4,46.0
2024-05-28,78,short,2024-05-28 12:45:46.918205235,5848.0,2024-05-28 12:46:19.466841459,5847.0,target,4,46.0
2024-05-28,108,long,2024-05-28 14:01:23.646910359,5838.0,2024-05-28 14:01:46.302422161,5836.0,stop,-8,-104.0
2024-05-28,111,short,2024-05-28 14:12:27.544815701,5835.0,2024-05-28 14:14:02.010427033,5837.0,stop,-8,-104.0
2024-05-28,127,long,2024-05-28 14:59:29.849576307,5848.0,2024-05-28 14:59:34.018410877,5849.0,target,4,46.0
2024-05-29,118,long,2024-05-29 14:21:28.079884921,5818.5,2024-05-29 14:22:07.072070199,5819.5,target,4,46.0
2024-05-29,130,short,2024-05-29 14:53:59.678940909,5811.0,2024-05-29 14:55:08.282039845,5810.0,target,4,46.0
2024-05-30,70,short,2024-05-30 11:09:15.474885119,5791.5,2024-05-30 11:10:17.750362353,5793.5,stop,-8,-104.0
2024-05-30,104,long,2024-05-30 13:52:09.044760037,5793.25,2024-05-30 13:54:38.540545485,5791.25,stop,-8,-104.0
2024-05-30,114,long,2024-05-30 14:26:19.557920697,5784.5,2024-05-30 14:26:53.147847879,5782.5,stop,-8,-104.0
2024-05-30,118,short,2024-05-30 14:35:14.058702843,5780.25,2024-05-30 14:36:02.348769011,5779.25,target,4,46.0
2024-05-31,188,long,2024-05-31 14:57:07.723329439,5817.5,2024-05-31 14:57:20.580302173,5815.5,stop,-8,-104.0
2024-05-31,210,short,2024-05-31 15:07:35.156934753,5823.25,2024-05-31 15:08:42.603894399,5822.25,target,4,46.0
2024-06-03,111,short,2024-06-03 11:32:05.136764783,5784.25,2024-06-03 11:33:04.416630699,5783.25,target,4,46.0
2024-06-03,159,long,2024-06-03 13:36:21.899043669,5804.25,2024-06-03 13:39:58.389766843,5805.25,target,4,46.0
2024-06-03,163,short,2024-06-03 13:50:45.477500195,5804.75,2024-06-03 13:50:52.477799021,5803.75,target,4,46.0
2024-06-03,179,long,2024-06-03 14:46:33.240080381,5811.25,2024-06-03 14:46:48.518705563,5812.25,target,4,46.0
2024-06-04,66,short,2024-06-04 10:05:59.011137815,5806.25,2024-06-04 10:06:09.202300679,5805.25,target,4,46.0
2024-06-04,92,long,2024-06-04 11:16:03.273443269,5801.25,2024-06-04 11:16:41.494885025,5799.25,stop,-8,-104.0
2024-06-04,164,short,2024-06-04 14:38:44.758770985,5818.5,2024-06-04 14:39:54.632690833,5820.5,stop,-8,-104.0
2024-06-04,170,long,2024-06-04 14:50:26.466272381,5830.75,2024-06-04 14:51:06.272528909,5831.75,target,4,46.0
2024-06-04,176,short,2024-06-04 14:59:49.333547395,5829.75,2024-06-04 14:59:59.581252365,5831.75,stop,-8,-104.0
2024-06-05,46,long,2024-06-05 09:34:06.354410293,5855.0,2024-06-05 09:34:10.583744441,5856.0,target,4,46.0
2024-06-05,85,long,2024-06-05 11:37:36.997928879,5872.75,2024-06-05 11:38:02.416196291,5873.75,target,4,46.0
2024-06-05,111,long,2024-06-05 13:42:39.740673937,5886.0,2024-06-05 14:02:03.063210151,5887.0,target,4,46.0
2024-06-05,137,long,2024-06-05 14:59:55.383527923,5893.75,2024-06-05 15:00:02.057081631,5891.75,stop,-8,-104.0
2024-06-05,140,short,2024-06-05 15:02:04.357855569,5890.75,2024-06-05 15:03:30.210980617,5889.75,target,4,46.0
2024-06-06,93,long,2024-06-06 12:53:48.842419993,5888.5,2024-06-06 12:54:51.198293431,5889.5,target,4,46.0
2024-06-06,99,short,2024-06-06 13:09:34.101992485,5875.0,2024-06-06 13:10:02.122722913,5874.0,target,4,46.0
2024-06-06,115,long,2024-06-06 14:06:01.457048443,5891.75,2024-06-06 14:07:16.203009089,5889.75,stop,-8,-104.0
2024-06-06,131,long,2024-06-06 14:59:16.026140089,5891.0,2024-06-06 14:59:36.347570561,5889.0,stop,-8,-104.0
2024-06-07,146,short,2024-06-07 14:13:15.542689893,5889.0,2024-06-07 14:13:16.113812909,5888.0,target,4,46.0
2024-06-07,151,short,2024-06-07 14:21:19.174066747,5881.5,2024-06-07 14:21:43.929327331,5883.5,stop,-8,-104.0
2024-06-07,157,short,2024-06-07 14:36:22.189571671,5888.25,2024-06-07 14:36:51.270697921,5887.25,target,4,46.0
2024-06-10,45,long,2024-06-10 10:31:01.986859417,5889.5,2024-06-10 10:33:55.947574581,5887.5,stop,-8,-104.0
2024-06-10,47,long,2024-06-10 10:40:08.772472745,5888.25,2024-06-10 10:44:07.865682769,5889.25,target,4,46.0
2024-06-10,63,short,2024-06-10 11:58:35.147583287,5890.5,2024-06-10 12:00:37.636348523,5889.5,target,4,46.0
2024-06-11,22,long,2024-06-11 08:55:51.993879131,5864.0,2024-06-11 08:56:34.361726547,5865.0,target,4,46.0
2024-06-11,79,long,2024-06-11 11:34:19.535255633,5881.0,2024-06-11 11:35:30.556673283,5882.0,target,4,46.0
2024-06-11,109,long,2024-06-11 13:28:37.559184437,5902.0,2024-06-11 13:29:32.778621301,5903.0,target,4,46.0
2024-06-11,136,long,2024-06-11 14:54:15.048017277,5905.75,2024-06-11 14:55:00.170775305,5906.75,target,4,46.0
2024-06-11,142,short,2024-06-11 15:00:02.439239031,5910.0,2024-06-11 15:00:25.671102519,5909.0,target,4,46.0
2024-06-12,32,long,2024-06-12 09:25:42.139575773,5976.75,2024-06-12 09:26:12.521068591,5977.75,target,4,46.0
2024-06-12,191,short,2024-06-12 14:58:31.781756419,5959.75,2024-06-12 14:59:00.801553911,5958.75,target,4,46.0
2024-06-13,83,long,2024-06-13 11:38:31.506163307,5945.25,2024-06-13 11:38:40.644160355,5946.25,target,4,46.0
2024-06-13,95,long,2024-06-13 12:13:42.837713695,5955.5,2024-06-13 12:15:18.277246051,5953.5,stop,-8,-104.0
2024-06-13,136,long,2024-06-13 15:05:00.040746219,5966.75,2024-06-13 15:05:00.086676775,5967.75,target,4,46.0
2024-06-13,137,short,2024-06-13 15:09:04.088560475,5964.5,2024-06-13 15:11:12.777648053,5963.5,target,4,46.0
2024-06-14,30,short,2024-06-14 09:30:19.598191359,5944.0,2024-06-14 09:31:19.397488795,5943.0,target,4,46.0
2024-06-14,43,short,2024-06-14 10:07:24.420674053,5947.5,2024-06-14 10:07:57.475386439,5946.5,target,4,46.0
2024-06-14,58,long,2024-06-14 10:58:06.182314147,5948.5,2024-06-14 10:59:03.540368379,5949.5,target,4,46.0
2024-06-14,98,long,2024-06-14 14:23:18.830152413,5960.25,2024-06-14 14:30:52.707541615,5958.25,stop,-8,-104.0
2024-06-14,108,long,2024-06-14 14:59:55.002266037,5965.0,2024-06-14 15:00:45.050752157,5963.0,stop,-8,-104.0
2024-06-17,47,long,2024-06-17 11:27:14.947268065,5987.75,2024-06-17 11:29:05.655938625,5988.75,target,4,46.0
2024-06-17,103,long,2024-06-17 14:59:58.721153179,6010.0,2024-06-17 15:00:06.302427827,6007.75,stop,-9,-116.5
2024-06-18,43,long,2024-06-18 10:44:52.528177415,6014.0,2024-06-18 10:45:20.466118921,6015.0,target,4,46.0
2024-06-18,50,long,2024-06-18 11:25:40.187967985,6015.5,2024-06-18 11:26:36.351412621,6013.5,stop,-8,-104.0
2024-06-18,92,long,2024-06-18 14:53:20.926996743,6020.5,2024-06-18 14:53:43.405634395,6021.5,target,4,46.0
2024-06-20,64,long,2024-06-20 11:05:58.918348711,6022.75,2024-06-20 11:07:32.735774839,6020.75,stop,-8,-104.0
2024-06-20,132,long,2024-06-20 13:32:40.364046183,6018.25,2024-06-20 13:33:53.355713255,6016.25,stop,-8,-104.0
2024-06-21,61,short,2024-06-21 10:26:57.823086775,5997.0,2024-06-21 10:28:36.949190211,5996.0,target,4,46.0
2024-06-21,130,long,2024-06-21 14:53:17.778707825,6000.25,2024-06-21 14:53:38.562161039,6001.25,target,4,46.0
2024-06-21,138,short,2024-06-21 14:59:55.260589415,5997.75,2024-06-21 14:59:57.782039019,5996.75,target,4,46.0
2024-06-24,60,short,2024-06-24 10:22:36.873532667,6013.0,2024-06-24 10:23:21.393025761,6012.0,target,4,46.0
2024-06-24,103,short,2024-06-24 12:50:35.931537121,5990.0,2024-06-24 12:52:26.240362253,5989.0,target,4,46.0
2024-06-24,149,short,2024-06-24 15:00:00.968948343,5976.5,2024-06-24 15:00:12.627935489,5975.5,target,4,46.0
2024-06-24,152,long,2024-06-24 15:04:13.154524139,5977.0,2024-06-24 15:06:45.805583489,5978.0,target,4,46.0
2024-06-25,28,long,2024-06-25 09:32:30.237499237,5991.5,2024-06-25 09:32:41.865404349,5992.5,target,4,46.0
2024-06-25,73,long,2024-06-25 12:26:29.468626561,5984.25,2024-06-25 12:27:21.561491039,5985.25,target,4,46.0
2024-06-25,81,long,2024-06-25 13:10:07.415958849,5992.0,2024-06-25 13:10:17.323464601,5993.0,target,4,46.0
2024-06-25,87,short,2024-06-25 13:38:09.854041611,5993.5,2024-06-25 13:42:11.965259769,5995.5,stop,-8,-104.0
2024-06-26,45,long,2024-06-26 10:24:06.753061305,5990.0,2024-06-26 10:24:22.229003083,5991.0,target,4,46.0
2024-06-26,103,long,2024-06-26 14:37:15.785026967,5997.5,2024-06-26 14:39:04.251072247,5995.5,stop,-8,-104.0
2024-06-26,115,short,2024-06-26 15:00:02.015072191,6003.0,2024-06-26 15:00:04.828676609,6002.0,target,4,46.0
2024-06-26,119,long,2024-06-26 15:02:23.693508253,5997.0,2024-06-26 15:02:39.872496981,5995.0,stop,-8,-104.0
2024-06-26,121,short,2024-06-26 15:13:48.984714687,5996.75,2024-06-26 15:14:59.890963021,5996.0,eod,3,33.5
2024-06-27,54,short,2024-06-27 10:28:51.590008679,6000.5,2024-06-27 10:28:54.209018581,5999.5,target,4,46.0
2024-06-27,59,long,2024-06-27 10:35:15.769246503,5997.75,2024-06-27 10:35:30.195366103,5995.75,stop,-8,-104.0
2024-06-27,105,long,2024-06-27 13:48:43.138049525,5997.25,2024-06-27 13:50:22.087299163,5998.25,target,4,46.0
2024-06-27,118,long,2024-06-27 14:50:28.591418541,6004.5,2024-06-27 14:52:30.067301921,6002.5,stop,-8,-104.0
2024-06-27,120,long,2024-06-27 14:55:12.784071347,6003.5,2024-06-27 14:55:16.295493101,6004.5,target,4,46.0
2024-06-28,111,short,2024-06-28 12:30:00.606400423,6006.0,2024-06-28 12:30:01.937635227,6005.0,target,4,46.0
2024-06-28,151,long,2024-06-28 14:35:17.439947387,5983.75,2024-06-28 14:35:40.135704697,5984.75,target,4,46.0
2024-06-28,162,short,2024-06-28 14:50:00.875628159,5991.25,2024-06-28 14:50:04.167664595,5993.25,stop,-8,-104.0
2024-06-28,166,short,2024-06-28 14:53:36.888072321,5992.5,2024-06-28 14:53:50.934181627,5991.5,target,4,46.0
2024-06-28,176,long,2024-06-28 14:59:34.769327163,5985.75,2024-06-28 14:59:40.671035579,5983.75,stop,-8,-104.0
2024-07-01,37,short,2024-07-01 09:20:45.132483663,5981.75,2024-07-01 09:20:58.111243653,5980.75,target,4,46.0
2024-07-01,58,long,2024-07-01 09:57:07.764259389,5975.0,2024-07-01 09:58:15.217535699,5976.0,target,4,46.0
2024-07-01,99,long,2024-07-01 12:28:17.939852301,5994.0,2024-07-01 12:28:32.661233345,5995.0,target,4,46.0
2024-07-01,132,long,2024-07-01 14:56:29.237034305,6001.25,2024-07-01 14:57:24.506195229,5999.25,stop,-8,-104.0
2024-07-02,72,long,2024-07-02 11:15:45.016272161,5996.5,2024-07-02 11:27:41.982071909,5997.5,target,4,46.0
2024-07-02,83,long,2024-07-02 12:13:18.502921051,6010.25,2024-07-02 12:14:09.672898271,6008.25,stop,-8,-104.0
2024-07-02,93,long,2024-07-02 13:02:45.018823607,6016.5,2024-07-02 13:10:29.055889979,6017.5,target,4,46.0
2024-07-02,117,long,2024-07-02 14:58:00.105608835,6029.5,2024-07-02 14:58:49.084710951,6030.5,target,4,46.0
2024-07-02,122,short,2024-07-02 15:00:32.618299427,6029.0,2024-07-02 15:00:45.448908977,6028.0,target,4,46.0
2024-07-03,31,long,2024-07-03 09:50:51.844841319,6039.25,2024-07-03 09:51:53.262446989,6037.25,stop,-8,-104.0
2024-07-03,38,long,2024-07-03 10:21:27.991080241,6043.5,2024-07-03 10:21:58.958041291,6044.5,target,4,46.0
2024-07-03,47,long,2024-07-03 10:59:04.342085025,6044.0,2024-07-03 11:03:32.258629933,6045.0,target,4,46.0
2024-07-03,51,long,2024-07-03 11:16:07.535721007,6050.5,2024-07-03 11:20:25.915640607,6051.5,target,4,46.0
2024-07-05,58,long,2024-07-05 10:44:20.366038381,6072.25,2024-07-05 10:48:52.612041827,6073.25,target,4,46.0
2024-07-05,61,short,2024-07-05 11:03:01.293873933,6071.0,2024-07-05 11:07:11.427243439,6070.0,target,4,46.0
2024-07-08,70,long,2024-07-08 13:46:32.230495677,6082.0,2024-07-08 13:49:34.894087595,6083.0,target,4,46.0
2024-07-08,78,long,2024-07-08 14:44:21.683676481,6085.25,2024-07-08 14:47:40.396668631,6083.25,stop,-8,-104.0
2024-07-08,81,long,2024-07-08 14:54:40.116231613,6087.5,2024-07-08 14:55:00.019432727,6088.5,target,4,46.0
2024-07-08,88,short,2024-07-08 15:00:07.169213941,6088.0,2024-07-08 15:00:28.819673997,6090.0,stop,-8,-104.0
2024-07-09,46,short,2024-07-09 10:39:19.476283891,6094.5,2024-07-09 10:40:24.209660299,6096.5,stop,-8,-104.0
2024-07-09,96,short,2024-07-09 14:55:00.026351619,6093.25,2024-07-09 14:55:52.219678893,6092.25,target,4,46.0
2024-07-09,100,long,2024-07-09 14:59:56.051131453,6094.75,2024-07-09 15:01:07.736400783,6095.75,target,4,46.0
2024-07-10,65,long,2024-07-10 12:43:02.316075437,6132.0,2024-07-10 12:52:42.819402273,6133.0,target,4,46.0
2024-07-10,88,long,2024-07-10 14:50:43.635943675,6146.0,2024-07-10 14:51:31.320471951,6147.0,target,4,46.0
2024-07-10,97,short,2024-07-10 14:59:55.331158299,6150.25,2024-07-10 14:59:58.982511509,6149.25,target,4,46.0
2024-07-10,99,short,2024-07-10 15:00:10.010002763,6147.75,2024-07-10 15:03:10.136429677,6146.75,target,4,46.0
2024-07-11,33,short,2024-07-11 09:19:02.424598637,6132.0,2024-07-11 09:19:20.220827521,6134.0,stop,-8,-104.0
2024-07-11,128,long,2024-07-11 11:57:30.976057165,6100.75,2024-07-11 11:58:32.269690517,6098.75,stop,-8,-104.0
2024-07-11,156,long,2024-07-11 13:21:57.453637553,6102.0,2024-07-11 13:22:21.715275327,6103.0,target,4,46.0
2024-07-11,199,long,2024-07-11 15:02:25.289978111,6099.0,2024-07-11 15:07:55.126314825,6100.0,target,4,46.0
2024-07-12,38,long,2024-07-12 09:31:00.695257265,6131.75,2024-07-12 09:32:32.992110337,6132.75,target,4,46.0
2024-07-12,100,short,2024-07-12 13:00:08.707383521,6162.75,2024-07-12 13:00:13.464768325,6161.75,target,4,46.0
2024-07-12,137,short,2024-07-12 14:50:00.865548857,6131.5,2024-07-12 14:50:16.025119295,6130.5,target,4,46.0
2024-07-15,27,long,2024-07-15 09:01:02.052383195,6154.25,2024-07-15 09:01:22.845857373,6152.25,stop,-8,-104.0
2024-07-15,57,long,2024-07-15 10:10:53.992451409,6175.0,2024-07-15 10:11:14.564234759,6176.0,target,4,46.0
2024-07-16,31,long,2024-07-16 09:10:39.249920905,6156.5,2024-07-16 09:12:33.606986899,6157.5,target,4,46.0
2024-07-16,50,long,2024-07-16 09:39:00.027391819,6163.0,2024-07-16 09:39:06.975394507,6164.0,target,4,46.0
2024-07-16,85,short,2024-07-16 10:48:09.362528213,6161.25,2024-07-16 10:51:25.984263219,6163.25,stop,-8,-104.0
2024-07-16,161,short,2024-07-16 14:46:12.466449189,6172.5,2024-07-16 14:47:28.392538803,6174.5,stop,-8,-104.0
2024-07-17,57,long,2024-07-17 09:27:11.672237617,6118.75,2024-07-17 09:27:34.090677439,6119.75,target,4,46.0
2024-07-17,131,long,2024-07-17 11:45:12.860042867,6102.5,2024-07-17 11:47:23.025050145,6100.5,stop,-8,-104.0
2024-07-17,136,long,2024-07-17 11:55:05.013326495,6106.75,2024-07-17 11:55:58.755438725,6107.75,target,4,46.0
2024-07-17,164,short,2024-07-17 13:06:38.940872099,6098.5,2024-07-17 13:07:12.812275995,6100.5,stop,-8,-104.0
2024-07-17,168,long,2024-07-17 13:16:13.501916217,6108.5,2024-07-17 13:16:49.615326835,6106.5,stop,-8,-104.0
2024-07-18,177,long,2024-07-18 12:30:27.475482465,6074.75,2024-07-18 12:31:43.398950281,6075.75,target,4,46.0
2024-07-18,202,long,2024-07-18 13:24:42.238424391,6062.5,2024-07-18 13:25:14.590793693,6060.5,stop,-8,-104.0
2024-07-18,258,long,2024-07-18 14:48:58.361442407,6063.5,2024-07-18 14:49:10.954320161,6064.5,target,4,46.0
2024-07-19,140,short,2024-07-19 12:00:03.547968521,6018.75,2024-07-19 12:00:42.986600527,6017.75,target,4,46.0
2024-07-22,155,short,2024-07-22 14:26:16.224122179,6071.25,2024-07-22 14:26:44.289452869,6070.25,target,4,46.0
2024-07-22,173,short,2024-07-22 15:04:09.847767451,6072.25,2024-07-22 15:14:59.996349457,6072.75,eod,-2,-29.0
2024-07-23,123,short,2024-07-23 14:37:43.341826251,6072.75,2024-07-23 14:38:11.325307865,6071.75,target,4,46.0
2024-07-23,146,short,2024-07-23 15:09:10.739435235,6064.25,2024-07-23 15:09:18.272308667,6066.25,stop,-8,-104.0
2024-07-24,103,short,2024-07-24 11:39:32.490513443,5961.5,2024-07-24 11:41:36.613431921,5960.5,target,4,46.0
2024-07-24,191,long,2024-07-24 14:58:00.083077801,5932.25,2024-07-24 14:58:06.001524685,5933.25,target,4,46.0
2024-07-24,198,long,2024-07-24 14:59:57.767655947,5934.0,2024-07-24 14:59:58.902864729,5935.0,target,4,46.0
2024-07-25,23,long,2024-07-25 08:47:50.979051939,5927.75,2024-07-25 08:47:53.894484453,5928.75,target,4,46.0
2024-07-25,195,short,2024-07-25 12:11:47.558992321,5990.75,2024-07-25 12:11:56.614702127,5989.75,target,4,46.0
2024-07-25,250,short,2024-07-25 13:49:33.685779301,5930.0,2024-07-25 13:50:07.229774671,5932.0,stop,-8,-104.0
2024-07-25,256,long,2024-07-25 13:57:00.980169509,5930.5,2024-07-25 13:57:29.339122227,5931.5,target,4,46.0
2024-07-26,135,short,2024-07-26 12:07:29.298724397,5983.0,2024-07-26 12:08:01.591295877,5982.0,target,4,46.0
2024-07-26,158,short,2024-07-26 12:51:32.372003095,5961.0,2024-07-26 12:53:02.337540331,5963.0,stop,-8,-104.0
2024-07-26,215,long,2024-07-26 14:50:19.647430925,5966.0,2024-07-26 14:50:26.030920237,5964.0,stop,-8,-104.0
2024-07-29,86,long,2024-07-29 10:20:35.346900783,5954.25,2024-07-29 10:20:54.189146669,5955.25,target,4,46.0
2024-07-29,98,long,2024-07-29 10:42:44.775252643,5955.25,2024-07-29 10:43:46.584701153,5953.25,stop,-8,-104.0
2024-07-29,136,short,2024-07-29 12:21:14.417823395,5978.75,2024-07-29 12:22:42.118586991,5977.75,target,4,46.0
2024-07-29,203,long,2024-07-29 15:01:10.194373889,5967.0,2024-07-29 15:02:31.330760223,5965.0,stop,-8,-104.0
2024-07-30,28,long,2024-07-30 09:05:07.337287405,5970.75,2024-07-30 09:05:34.767005431,5971.75,target,4,46.0
2024-07-30,97,long,2024-07-30 10:27:45.576453911,5942.25,2024-07-30 10:28:01.691566405,5940.25,stop,-8,-104.0
2024-07-30,248,short,2024-07-30 14:59:46.871127425,5934.0,2024-07-30 14:59:55.444737695,5936.0,stop,-8,-104.0
2024-07-30,261,short,2024-07-30 15:05:00.295395581,5897.25,2024-07-30 15:05:02.776771865,5899.25,stop,-8,-104.0
2024-07-30,264,long,2024-07-30 15:10:16.694930035,5909.0,2024-07-30 15:10:20.988267353,5907.0,stop,-8,-104.0
2024-07-31,58,long,2024-07-31 09:32:01.475096761,6027.0,2024-07-31 09:32:22.768281411,6028.0,target,4,46.0
2024-07-31,200,short,2024-07-31 14:22:24.273433261,6027.5,2024-07-31 14:22:32.777593213,6026.5,target,4,46.0
2024-07-31,232,long,2024-07-31 14:54:13.430078955,6018.0,2024-07-31 14:54:18.371139397,6019.0,target,4,46.0
2024-07-31,250,long,2024-07-31 15:02:52.646227679,6032.5,2024-07-31 15:02:59.647640939,6033.5,target,4,46.0
2024-07-31,251,long,2024-07-31 15:05:02.962219783,6039.25,2024-07-31 15:05:02.962219783,6032.75,stop,-26,-329.0
2024-08-01,165,short,2024-08-01 11:10:59.951199821,5970.75,2024-08-01 11:11:14.511785551,5969.75,target,4,46.0
2024-08-01,219,long,2024-08-01 12:27:48.314617095,5936.5,2024-08-01 12:28:03.476159255,5937.5,target,4,46.0
2024-08-01,348,long,2024-08-01 14:55:48.617621717,5938.75,2024-08-01 14:55:50.500411511,5936.75,stop,-8,-104.0
2024-08-01,368,short,2024-08-01 15:03:23.284579433,5922.5,2024-08-01 15:03:23.284579433,5924.75,stop,-9,-116.5
2024-08-01,375,short,2024-08-01 15:10:39.375592489,5924.25,2024-08-01 15:10:52.106287591,5926.25,stop,-8,-104.0
2024-08-02,160,short,2024-08-02 10:22:17.730900495,5794.5,2024-08-02 10:22:27.542466813,5796.5,stop,-8,-104.0
2024-08-02,252,short,2024-08-02 12:03:09.867575627,5816.0,2024-08-02 12:03:13.589972637,5818.0,stop,-8,-104.0
2024-08-02,269,short,2024-08-02 12:28:26.843007455,5815.25,2024-08-02 12:29:05.999692877,5817.25,stop,-8,-104.0
2024-08-02,297,long,2024-08-02 13:25:06.965562119,5817.0,2024-08-02 13:25:40.700379741,5818.0,target,4,46.0
2024-08-05,166,long,2024-08-05 09:49:06.521355883,5680.0,2024-08-05 09:49:08.916621351,5678.0,stop,-8,-104.0
2024-08-05,250,short,2024-08-05 11:10:08.960799345,5716.5,2024-08-05 11:10:14.794372591,5718.5,stop,-8,-104.0
2024-08-05,412,short,2024-08-05 14:43:11.639180037,5662.75,2024-08-05 14:43:20.399590755,5661.75,target,4,46.0
2024-08-05,452,long,2024-08-05 15:07:08.403651607,5704.0,2024-08-05 15:07:27.167032465,5702.0,stop,-8,-104.0
2024-08-06,201,long,2024-08-06 13:12:14.985371539,5781.25,2024-08-06 13:12:16.024275755,5782.25,target,4,46.0
2024-08-06,271,short,2024-08-06 14:55:18.841017767,5737.75,2024-08-06 14:55:19.689446647,5736.75,target,4,46.0
2024-08-07,214,long,2024-08-07 13:17:49.461586455,5708.5,2024-08-07 13:17:53.286636461,5706.5,stop,-8,-104.0
2024-08-07,296,long,2024-08-07 15:08:37.734268767,5693.5,2024-08-07 15:13:37.483748831,5694.5,target,4,46.0
2024-08-08,31,long,2024-08-08 08:51:42.105519903,5728.25,2024-08-08 08:51:48.830918391,5729.25,target,4,46.0
2024-08-08,147,long,2024-08-08 11:45:20.399506387,5778.0,2024-08-08 11:46:00.985040211,5779.0,target,4,46.0
2024-08-09,51,short,2024-08-09 09:23:28.484429341,5808.25,2024-08-09 09:23:29.852735155,5807.25,target,4,46.0
2024-08-09,86,short,2024-08-09 10:30:43.660508633,5810.0,2024-08-09 10:31:09.329746809,5812.0,stop,-8,-104.0
2024-08-09,123,short,2024-08-09 12:21:32.084694825,5832.75,2024-08-09 12:22:52.053026943,5834.75,stop,-8,-104.0
2024-08-09,169,long,2024-08-09 14:26:07.066219237,5829.5,2024-08-09 14:27:07.385454083,5830.5,target,4,46.0
2024-08-12,29,long,2024-08-12 09:07:47.662439695,5830.75,2024-08-12 09:09:11.399788961,5831.75,target,4,46.0
2024-08-12,53,long,2024-08-12 09:58:49.231975445,5853.5,2024-08-12 09:58:52.312993081,5854.5,target,4,46.0
2024-08-12,158,long,2024-08-12 14:58:22.773130745,5827.0,2024-08-12 14:58:57.572969235,5825.0,stop,-8,-104.0
2024-08-13,94,long,2024-08-13 12:51:40.079412553,5904.5,2024-08-13 12:54:20.585808281,5905.5,target,4,46.0
2024-08-13,108,long,2024-08-13 14:01:25.527676891,5916.25,2024-08-13 14:02:42.596298969,5917.25,target,4,46.0
2024-08-13,121,long,2024-08-13 14:48:33.985718723,5918.0,2024-08-13 14:48:47.837341405,5916.0,stop,-8,-104.0
2024-08-13,135,short,2024-08-13 15:01:01.795311745,5917.25,2024-08-13 15:03:52.863095007,5919.25,stop,-8,-104.0
2024-08-14,50,short,2024-08-14 09:43:18.116964065,5912.75,2024-08-14 09:43:28.516209983,5911.75,target,4,46.0
2024-08-14,51,long,2024-08-14 09:45:30.600324775,5915.0,2024-08-14 09:45:37.545039807,5913.0,stop,-8,-104.0
2024-08-14,135,short,2024-08-14 14:33:54.439596043,5929.0,2024-08-14 14:36:02.724980767,5931.0,stop,-8,-104.0
2024-08-14,138,short,2024-08-14 14:47:10.909952907,5932.75,2024-08-14 14:47:52.195393261,5934.75,stop,-8,-104.0
2024-08-14,145,short,2024-08-14 14:59:36.588403887,5941.5,2024-08-14 14:59:39.946871891,5940.5,target,4,46.0
2024-08-15,97,short,2024-08-15 13:06:45.225815219,6027.25,2024-08-15 13:07:45.008498953,6029.25,stop,-8,-104.0
2024-08-15,132,long,2024-08-15 14:59:59.589158801,6032.25,2024-08-15 15:00:00.030211745,6030.25,stop,-8,-104.0
2024-08-16,72,long,2024-08-16 11:53:30.451273843,6041.75,2024-08-16 11:54:46.807925105,6042.75,target,4,46.0
2024-08-16,98,long,2024-08-16 14:28:25.405919649,6041.5,2024-08-16 14:29:53.887821217,6039.5,stop,-8,-104.0
2024-08-16,99,long,2024-08-16 14:35:42.162650945,6042.25,2024-08-16 14:42:28.753473153,6040.25,stop,-8,-104.0
2024-08-16,111,long,2024-08-16 15:00:06.034412811,6041.5,2024-08-16 15:00:21.026616809,6039.5,stop,-8,-104.0
2024-08-19,40,long,2024-08-19 10:02:16.999065059,6064.0,2024-08-19 10:03:31.975689589,6065.0,target,4,46.0
2024-08-19,82,short,2024-08-19 14:00:12.993819485,6078.0,2024-08-19 14:01:56.036571133,6077.0,target,4,46.0
2024-08-19,93,long,2024-08-19 14:54:38.963232335,6084.75,2024-08-19 14:54:40.053291519,6085.75,target,4,46.0
2024-08-19,97,short,2024-08-19 14:58:11.008321203,6088.0,2024-08-19 14:59:00.409571299,6090.0,stop,-8,-104.0
2024-08-19,103,short,2024-08-19 15:04:21.364364539,6088.75,2024-08-19 15:05:00.501218733,6087.75,target,4,46.0
2024-08-20,83,long,2024-08-20 12:43:46.465077671,6079.25,2024-08-20 12:46:34.287197771,6080.25,target,4,46.0
2024-08-20,92,short,2024-08-20 13:35:33.036907147,6090.0,2024-08-20 13:38:16.576729221,6092.0,stop,-8,-104.0
2024-08-20,110,short,2024-08-20 14:59:50.151450013,6081.25,2024-08-20 14:59:59.387807483,6083.25,stop,-8,-104.0
2024-08-21,37,short,2024-08-21 09:44:36.966942779,6115.0,2024-08-21 09:47:13.664364335,6114.0,target,4,46.0
2024-08-21,95,long,2024-08-21 13:07:58.122125371,6104.25,2024-08-21 13:08:27.725240191,6102.25,stop,-8,-104.0
2024-08-21,116,short,2024-08-21 14:22:41.081844857,6088.75,2024-08-21 14:22:59.462942939,6090.75,stop,-8,-104.0
2024-08-21,130,short,2024-08-21 15:00:10.835124393,6101.75,2024-08-21 15:00:52.829680523,6103.75,stop,-8,-104.0
2024-08-22,82,long,2024-08-22 11:30:38.608769845,6095.0,2024-08-22 11:31:26.449376209,6093.0,stop,-8,-104.0
2024-08-22,169,long,2024-08-22 15:03:02.873223141,6058.25,2024-08-22 15:04:37.176539507,6059.25,target,4,46.0
2024-08-23,124,long,2024-08-23 11:29:30.432247269,6079.25,2024-08-23 11:30:30.267444933,6077.25,stop,-8,-104.0
2024-08-23,162,short,2024-08-23 13:56:35.754026301,6101.5,2024-08-23 13:57:17.673684379,6100.5,target,4,46.0
2024-08-23,180,short,2024-08-23 14:53:41.943286467,6110.75,2024-08-23 14:53:50.011951427,6112.75,stop,-8,-104.0
2024-08-23,185,short,2024-08-23 14:59:21.187288627,6115.0,2024-08-23 14:59:58.346946275,6114.0,target,4,46.0
2024-08-26,42,long,2024-08-26 09:42:40.320681585,6101.25,2024-08-26 09:43:08.498916433,6099.25,stop,-8,-104.0
2024-08-26,127,long,2024-08-26 14:59:29.200021623,6097.0,2024-08-26 14:59:39.967660769,6098.0,target,4,46.0
2024-08-27,78,long,2024-08-27 11:49:22.953348495,6099.25,2024-08-27 11:50:14.411841357,6100.25,target,4,46.0
2024-08-27,104,long,2024-08-27 14:27:06.798284043,6107.0,2024-08-27 14:27:46.333493657,6108.0,target,4,46.0
2024-08-27,113,short,2024-08-27 14:59:47.017076889,6105.5,2024-08-27 14:59:56.650998145,6107.5,stop,-8,-104.0
2024-08-28,58,long,2024-08-28 10:29:48.539874049,6073.25,2024-08-28 10:30:16.790264307,6071.25,stop,-8,-104.0
2024-08-28,137,long,2024-08-28 14:26:48.593351731,6073.5,2024-08-28 14:28:34.327568413,6074.5,target,4,46.0
2024-08-29,59,long,2024-08-29 09:43:51.330196925,6112.75,2024-08-29 09:44:06.638359119,6113.75,target,4,46.0
2024-08-29,79,long,2024-08-29 10:24:39.808504715,6109.5,2024-08-29 10:26:16.550304489,6110.5,target,4,46.0
2024-08-29,123,short,2024-08-29 13:00:47.871381967,6112.0,2024-08-29 13:00:56.103694363,6111.0,target,4,46.0
2024-08-29,175,long,2024-08-29 14:24:20.859165763,6076.5,2024-08-29 14:25:05.302018777,6077.5,target,4,46.0
2024-08-30,23,short,2024-08-30 09:07:18.898391305,6100.25,2024-08-30 09:07:26.724477751,6102.25,stop,-8,-104.0
2024-08-30,37,long,2024-08-30 09:35:24.904298131,6101.25,2024-08-30 09:35:34.923476823,6102.25,target,4,46.0
2024-08-30,116,long,2024-08-30 12:54:02.879772461,6078.5,2024-08-30 12:56:05.624524181,6076.5,stop,-8,-104.0
2024-08-30,143,short,2024-08-30 14:30:44.247467235,6102.75,2024-08-30 14:31:07.607155999,6104.75,stop,-8,-104.0
2024-08-30,144,short,2024-08-30 14:32:42.530843309,6102.5,2024-08-30 14:33:13.458598297,6101.5,target,4,46.0
2024-09-03,31,long,2024-09-03 08:55:28.741726295,6068.75,2024-09-03 08:56:11.708564593,6069.75,target,4,46.0
2024-09-03,54,short,2024-09-03 09:17:21.773346999,6047.75,2024-09-03 09:18:10.252398899,6049.75,stop,-8,-104.0
2024-09-03,156,short,2024-09-03 13:29:43.610421785,6014.5,2024-09-03 13:30:14.586000175,6016.5,stop,-8,-104.0
2024-09-03,200,short,2024-09-03 14:54:40.015645363,5991.25,2024-09-03 14:54:50.070393115,5993.25,stop,-8,-104.0
2024-09-03,216,short,2024-09-03 15:05:37.577143485,6005.75,2024-09-03 15:09:50.710085167,6007.75,stop,-8,-104.0
2024-09-04,64,long,2024-09-04 09:30:33.329999241,6010.75,2024-09-04 09:30:33.355805371,6011.75,target,4,46.0
2024-09-04,71,long,2024-09-04 09:39:21.320078759,6017.5,2024-09-04 09:39:36.028451059,6015.5,stop,-8,-104.0
2024-09-04,197,short,2024-09-04 14:59:59.909277763,5990.5,2024-09-04 15:00:33.898921227,5989.5,target,4,46.0
2024-09-05,115,long,2024-09-05 11:19:44.432103167,5956.75,2024-09-05 11:19:47.845309839,5957.75,target,4,46.0
2024-09-05,126,long,2024-09-05 11:55:50.816360819,5968.75,2024-09-05 11:56:03.831193903,5969.75,target,4,46.0
2024-09-06,42,long,2024-09-06 09:01:50.038505127,5959.5,2024-09-06 09:01:53.165180651,5960.5,target,4,46.0
2024-09-06,92,short,2024-09-06 09:51:44.660875853,5901.5,2024-09-06 09:52:01.751535611,5903.5,stop,-8,-104.0
2024-09-06,263,long,2024-09-06 14:59:58.322198061,5882.5,2024-09-06 14:59:59.370554779,5883.5,target,4,46.0
2024-09-09,34,short,2024-09-09 09:19:01.054272769,5933.75,2024-09-09 09:19:07.502577201,5932.75,target,4,46.0
2024-09-09,104,short,2024-09-09 12:31:05.313306009,5947.75,2024-09-09 12:31:26.670340323,5946.75,target,4,46.0
2024-09-09,118,short,2024-09-09 13:11:16.302080359,5929.0,2024-09-09 13:12:00.135640603,5931.0,stop,-8,-104.0
2024-09-09,160,long,2024-09-09 14:59:57.616573253,5942.75,2024-09-09 15:00:00.059519019,5940.75,stop,-8,-104.0
2024-09-10,107,long,2024-09-10 11:34:57.473528757,5923.0,2024-09-10 11:36:04.014923155,5921.0,stop,-8,-104.0
2024-09-10,173,long,2024-09-10 14:58:48.852437339,5966.0,2024-09-10 14:59:07.671417557,5967.0,target,4,46.0
2024-09-11,66,short,2024-09-11 09:32:24.478941603,5880.25,2024-09-11 09:33:01.786804479,5882.25,stop,-8,-104.0
2024-09-11,77,long,2024-09-11 09:48:31.273919191,5877.25,2024-09-11 09:48:34.251953275,5878.25,target,4,46.0
2024-09-11,102,long,2024-09-11 10:26:34.410517677,5898.75,2024-09-11 10:26:48.266757611,5899.75,target,4,46.0
2024-09-11,154,short,2024-09-11 11:49:28.841117219,5943.25,2024-09-11 11:50:07.326464467,5945.25,stop,-8,-104.0
2024-09-11,213,long,2024-09-11 13:56:46.241829863,5996.0,2024-09-11 13:57:00.645047839,5994.0,stop,-8,-104.0
2024-09-12,95,long,2024-09-12 10:36:10.444118153,6028.25,2024-09-12 10:37:07.176062727,6029.25,target,4,46.0
2024-09-12,184,long,2024-09-12 14:51:28.338115159,6062.75,2024-09-12 14:52:15.093471973,6060.75,stop,-8,-104.0
2024-09-12,192,short,2024-09-12 15:00:03.344210801,6063.25,2024-09-12 15:00:43.316446863,6065.25,stop,-8,-104.0
2024-09-12,196,short,2024-09-12 15:07:39.393267143,6057.5,2024-09-12 15:13:25.975416113,6059.5,stop,-8,-104.0
2024-09-13,86,short,2024-09-13 12:37:45.333489333,6097.25,2024-09-13 12:37:55.575650131,6099.25,stop,-8,-104.0
2024-09-13,129,short,2024-09-13 14:59:29.128309153,6091.5,2024-09-13 15:02:09.594412301,6090.5,target,4,46.0
2024-09-13,133,short,2024-09-13 15:02:37.996184943,6089.25,2024-09-13 15:03:09.363509731,6088.25,target,4,46.0
2024-09-16,77,long,2024-09-16 13:28:13.362337395,6098.75,2024-09-16 13:31:28.300174801,6096.75,stop,-8,-104.0
2024-09-16,81,long,2024-09-16 13:56:07.242888495,6097.25,2024-09-16 13:59:08.982577923,6098.25,target,4,46.0
2024-09-16,85,short,2024-09-16 14:22:09.402286681,6092.75,2024-09-16 14:25:02.141921053,6094.75,stop,-8,-104.0
2024-09-16,91,long,2024-09-16 14:55:07.847388655,6103.25,2024-09-16 14:57:43.026652203,6104.25,target,4,46.0
2024-09-16,95,short,2024-09-16 15:00:25.509615823,6098.75,2024-09-16 15:13:24.535419795,6097.75,target,4,46.0
2024-09-17,28,long,2024-09-17 09:15:38.830460487,6132.25,2024-09-17 09:18:04.691711131,6133.25,target,4,46.0
2024-09-17,62,short,2024-09-17 10:35:28.392654353,6123.0,2024-09-17 10:35:59.414639301,6125.0,stop,-8,-104.0
2024-09-17,145,long,2024-09-17 14:11:15.440841579,6094.75,2024-09-17 14:11:42.677940109,6095.75,target,4,46.0
2024-09-17,166,long,2024-09-17 15:02:46.610406001,6104.0,2024-09-17 15:02:58.703513957,6105.0,target,4,46.0
2024-09-18,147,short,2024-09-18 13:44:10.370418867,6105.25,2024-09-18 13:44:12.074834269,6107.25,stop,-8,-104.0
2024-09-18,205,long,2024-09-18 14:21:57.432893861,6101.75,2024-09-18 14:22:00.083342019,6102.75,target,4,46.0
2024-09-18,231,short,2024-09-18 14:40:35.058141201,6100.5,2024-09-18 14:40:35.678759939,6099.5,target,4,46.0
2024-09-18,234,short,2024-09-18 14:43:09.886570807,6092.5,2024-09-18 14:43:13.146217029,6094.5,stop,-8,-104.0
2024-09-19,109,long,2024-09-19 12:16:35.261320367,6187.75,2024-09-19 12:16:54.230424143,6188.75,target,4,46.0
2024-09-19,156,long,2024-09-19 14:48:58.666232663,6187.25,2024-09-19 14:50:00.012267843,6185.0,stop,-9,-116.5
2024-09-19,159,short,2024-09-19 14:52:51.999963827,6174.25,2024-09-19 14:54:00.122817419,6176.25,stop,-8,-104.0
2024-09-19,167,long,2024-09-19 14:59:27.165256033,6180.5,2024-09-19 14:59:33.545146311,6181.5,target,4,46.0
2024-09-20,123,long,2024-09-20 13:12:46.057234135,6153.5,2024-09-20 13:12:56.306459437,6154.5,target,4,46.0
2024-09-20,160,long,2024-09-20 14:51:11.539194109,6167.5,2024-09-20 14:51:12.261393487,6168.5,target,4,46.0
2024-09-20,172,short,2024-09-20 15:02:45.289154623,6162.5,2024-09-20 15:02:58.030391483,6164.5,stop,-8,-104.0
2024-09-23,25,long,2024-09-23 09:07:35.395413363,6177.25,2024-09-23 09:08:47.803278241,6178.25,target,4,46.0
2024-09-23,82,long,2024-09-23 11:26:38.221251531,6174.5,2024-09-23 11:28:01.010422729,6172.5,stop,-8,-104.0
2024-09-23,96,short,2024-09-23 12:15:29.445538675,6166.5,2024-09-23 12:16:12.271977755,6168.5,stop,-8,-104.0
2024-09-23,115,long,2024-09-23 13:56:16.321458277,6176.25,2024-09-23 14:07:17.026516941,6174.25,stop,-8,-104.0
2024-09-23,130,long,2024-09-23 14:59:41.618869243,6179.5,2024-09-23 14:59:46.665109425,6180.5,target,4,46.0
2024-09-24,41,short,2024-09-24 09:34:41.699874357,6162.25,2024-09-24 09:35:19.340230775,6161.25,target,4,46.0
2024-09-24,105,short,2024-09-24 13:13:45.510195323,6184.75,2024-09-24 13:13:48.685606709,6183.75,target,4,46.0
2024-09-24,112,long,2024-09-24 13:36:33.907239151,6184.75,2024-09-24 13:37:28.684611801,6182.75,stop,-8,-104.0
2024-09-25,39,long,2024-09-25 09:50:49.368641891,6191.0,2024-09-25 09:50:50.754341843,6192.0,target,4,46.0
2024-09-25,127,long,2024-09-25 14:59:54.772812035,6181.75,2024-09-25 14:59:57.996938027,6182.75,target,4,46.0
2024-09-26,95,short,2024-09-26 11:12:06.706069479,6197.75,2024-09-26 11:13:46.487464725,6196.75,target,4,46.0
2024-09-27,53,short,2024-09-27 10:15:40.673131135,6212.25,2024-09-27 10:16:26.335999509,6211.25,target,4,46.0
2024-09-27,114,short,2024-09-27 13:53:13.653741159,6195.25,2024-09-27 13:53:38.003693383,6197.25,stop,-8,-104.0
2024-09-27,138,short,2024-09-27 15:04:41.918714921,6190.0,2024-09-27 15:05:01.385877139,6192.0,stop,-8,-104.0
2024-09-30,107,long,2024-09-30 13:33:30.896800309,6174.5,2024-09-30 13:33:47.885342023,6175.5,target,4,46.0
2024-09-30,148,long,2024-09-30 14:55:13.953389053,6216.25,2024-09-30 14:55:21.136760351,6214.25,stop,-8,-104.0
2024-09-30,151,long,2024-09-30 14:57:35.814129399,6220.5,2024-09-30 14:57:50.061770339,6221.5,target,4,46.0
2024-09-30,163,short,2024-09-30 15:08:26.142018437,6210.25,2024-09-30 15:11:36.357912113,6212.25,stop,-8,-104.0
2024-10-01,93,short,2024-10-01 09:44:07.119036543,6158.25,2024-10-01 09:44:53.136494257,6157.25,target,4,46.0
2024-10-01,96,short,2024-10-01 09:49:17.544154485,6155.5,2024-10-01 09:49:35.094755365,6154.5,target,4,46.0
2024-10-01,199,long,2024-10-01 12:45:08.866007313,6157.75,2024-10-01 12:45:09.874893385,6155.75,stop,-8,-104.0
2024-10-02,97,short,2024-10-02 11:59:23.832892987,6154.25,2024-10-02 11:59:38.165140441,6153.25,target,4,46.0
2024-10-02,103,short,2024-10-02 12:23:21.827485687,6153.25,2024-10-02 12:27:00.946203115,6155.25,stop,-8,-104.0
2024-10-02,142,long,2024-10-02 15:04:18.436829111,6165.25,2024-10-02 15:09:19.896127887,6166.25,target,4,46.0
2024-10-03,122,short,2024-10-03 12:10:09.596217327,6131.75,2024-10-03 12:11:08.107627913,6133.75,stop,-8,-104.0
2024-10-03,154,long,2024-10-03 14:19:28.583489761,6138.5,2024-10-03 14:22:15.221094593,6139.5,target,4,46.0
2024-10-04,74,short,2024-10-04 10:12:38.648601579,6174.0,2024-10-04 10:13:07.481902213,6173.0,target,4,46.0
2024-10-04,95,long,2024-10-04 10:59:22.956526855,6174.75,2024-10-04 10:59:40.042252173,6175.75,target,4,46.0
2024-10-04,134,long,2024-10-04 13:17:25.633713753,6174.75,2024-10-04 13:18:47.349464095,6175.75,target,4,46.0
2024-10-04,154,long,2024-10-04 14:50:11.066689089,6199.5,2024-10-04 14:51:09.407673937,6197.5,stop,-8,-104.0
2024-10-04,160,short,2024-10-04 14:59:45.088274409,6201.0,2024-10-04 14:59:48.608223381,6203.0,stop,-8,-104.0
2024-10-07,139,long,2024-10-07 14:59:41.456532919,6146.25,2024-10-07 14:59:54.429751281,6144.25,stop,-8,-104.0
2024-10-07,141,long,2024-10-07 14:59:59.080182527,6148.0,2024-10-07 15:00:00.000808173,6149.0,target,4,46.0
2024-10-08,75,long,2024-10-08 12:23:36.358662679,6183.25,2024-10-08 12:26:05.087056077,6184.25,target,4,46.0
2024-10-08,85,long,2024-10-08 13:35:39.445740641,6192.25,2024-10-08 13:37:13.593084989,6193.25,target,4,46.0
2024-10-09,82,long,2024-10-09 13:04:12.732009141,6231.25,2024-10-09 13:07:07.696400057,6232.25,target,4,46.0
2024-10-09,103,long,2024-10-09 14:33:37.033050833,6240.5,2024-10-09 14:33:42.413621747,6241.5,target,4,46.0
2024-10-10,71,short,2024-10-10 11:57:11.470607859,6230.0,2024-10-10 11:57:44.227538729,6229.0,target,4,46.0
2024-10-10,109,long,2024-10-10 14:30:45.342818325,6223.5,2024-10-10 14:31:02.795085877,6224.5,target,4,46.0
2024-10-11,76,long,2024-10-11 12:41:41.134369191,6257.5,2024-10-11 12:44:32.800950479,6258.5,target,4,46.0
2024-10-11,81,long,2024-10-11 13:15:47.732858129,6263.25,2024-10-11 13:19:02.153521127,6264.25,target,4,46.0
2024-10-11,99,short,2024-10-11 14:46:50.062432225,6264.25,2024-10-11 14:49:01.277358523,6266.25,stop,-8,-104.0
2024-10-11,107,long,2024-10-11 15:00:21.318620451,6262.5,2024-10-11 15:01:12.000133691,6260.5,stop,-8,-104.0
2024-10-14,45,long,2024-10-14 10:36:12.927048311,6297.5,2024-10-14 10:38:01.091105533,6298.5,target,4,46.0
2024-10-14,49,long,2024-10-14 11:00:21.043367699,6302.25,2024-10-14 11:01:48.690647427,6303.25,target,4,46.0
2024-10-14,72,short,2024-10-14 13:53:09.002762035,6310.25,2024-10-14 14:00:01.217024591,6309.25,target,4,46.0
2024-10-15,141,short,2024-10-15 14:55:22.745586053,6262.75,2024-10-15 14:55:53.598237307,6261.75,target,4,46.0
2024-10-15,142,short,2024-10-15 14:57:29.237121903,6258.5,2024-10-15 14:57:29.237121903,6261.25,stop,-11,-141.5
2024-10-15,149,short,2024-10-15 15:01:43.870986607,6263.0,2024-10-15 15:01:55.348469531,6265.0,stop,-8,-104.0
2024-10-15,150,short,2024-10-15 15:05:04.165661775,6262.25,2024-10-15 15:06:59.596091185,6264.25,stop,-8,-104.0
2024-10-16,71,long,2024-10-16 12:57:31.652095263,6282.75,2024-10-16 13:02:02.071691369,6283.75,target,4,46.0
2024-10-16,80,short,2024-10-16 13:41:11.957853853,6288.75,2024-10-16 13:43:22.089200801,6290.75,stop,-8,-104.0
2024-10-16,93,long,2024-10-16 14:55:10.561929695,6289.5,2024-10-16 14:56:08.179339289,6287.5,stop,-8,-104.0
2024-10-17,108,long,2024-10-17 13:47:06.377435097,6294.25,2024-10-17 13:47:36.589571269,6295.25,target,4,46.0
2024-10-17,127,short,2024-10-17 14:59:57.717185549,6287.5,2024-10-17 15:00:33.216934679,6289.5,stop,-8,-104.0
2024-10-18,36,long,2024-10-18 10:03:42.782000181,6300.75,2024-10-18 10:05:15.695765063,6298.75,stop,-8,-104.0
2024-10-18,81,short,2024-10-18 14:24:28.375880593,6305.25,2024-10-18 14:26:46.222862733,6307.25,stop,-8,-104.0
2024-10-18,86,long,2024-10-18 14:54:42.761231123,6307.25,2024-10-18 14:54:50.948162639,6308.25,target,4,46.0
2024-10-21,67,short,2024-10-21 11:07:41.004629435,6281.0,2024-10-21 11:08:33.299731593,6283.25,stop,-9,-116.5
2024-10-21,86,short,2024-10-21 13:06:10.909704145,6291.75,2024-10-21 13:07:21.352634261,6290.75,target,4,46.0
2024-10-21,113,short,2024-10-21 15:00:07.480795885,6297.0,2024-10-21 15:04:48.092563011,6299.0,stop,-8,-104.0
2024-10-22,64,long,2024-10-22 12:01:31.010340361,6287.5,2024-10-22 12:06:50.569463697,6285.5,stop,-8,-104.0
2024-10-22,77,long,2024-10-22 13:02:50.589935837,6304.5,2024-10-22 13:03:43.271824693,6305.5,target,4,46.0
2024-10-22,104,short,2024-10-22 15:00:04.597633869,6293.0,2024-10-22 15:00:20.822679725,6292.0,target,4,46.0
2024-10-23,138,long,2024-10-23 13:59:10.974842941,6230.25,2024-10-23 14:03:38.127928881,6231.25,target,4,46.0
2024-10-23,146,long,2024-10-23 14:21:37.091813985,6233.75,2024-10-23 14:22:10.144075429,6231.75,stop,-8,-104.0
2024-10-23,165,short,2024-10-23 15:00:06.347922767,6238.25,2024-10-23 15:00:08.579005539,6237.25,target,4,46.0
2024-10-24,77,long,2024-10-24 11:30:16.316111589,6239.75,2024-10-24 11:31:13.486873363,6240.75,target,4,46.0
2024-10-24,83,long,2024-10-24 11:47:28.242860765,6246.5,2024-10-24 11:49:29.833460391,6247.5,target,4,46.0
2024-10-25,41,long,2024-10-25 09:54:31.472535955,6295.25,2024-10-25 09:55:15.158486929,6293.25,stop,-8,-104.0
2024-10-25,122,long,2024-10-25 13:19:21.695150633,6247.75,2024-10-25 13:20:23.950856285,6248.75,target,4,46.0
2024-10-25,141,short,2024-10-25 14:23:23.321367137,6249.5,2024-10-25 14:23:36.513228663,6248.5,target,4,46.0
2024-10-25,145,long,2024-10-25 14:38:37.245521273,6253.5,2024-10-25 14:39:00.080009685,6251.5,stop,-8,-104.0
2024-10-25,159,long,2024-10-25 15:00:26.946747607,6248.0,2024-10-25 15:02:41.755975629,6246.0,stop,-8,-104.0
2024-10-28,36,short,2024-10-28 09:58:47.003468891,6276.0,2024-10-28 10:00:00.751124513,6275.0,target,4,46.0
2024-10-28,54,short,2024-10-28 10:54:45.409962087,6266.5,2024-10-28 10:55:00.012179173,6265.5,target,4,46.0
2024-10-28,61,long,2024-10-28 11:21:09.184635449,6271.5,2024-10-28 11:21:21.124040853,6272.5,target,4,46.0
2024-10-28,110,long,2024-10-28 15:00:09.007021011,6265.75,2024-10-28 15:00:49.699220285,6263.75,stop,-8,-104.0
2024-10-29,58,long,2024-10-29 10:12:49.871595525,6265.5,2024-10-29 10:13:03.686267673,6263.5,stop,-8,-104.0
2024-10-29,98,short,2024-10-29 12:41:02.973881439,6274.25,2024-10-29 12:43:04.943317917,6273.25,target,4,46.0
2024-10-29,101,long,2024-10-29 12:54:12.377905403,6277.0,2024-10-29 12:57:03.569194889,6275.0,stop,-8,-104.0
2024-10-29,130,short,2024-10-29 14:59:50.312095279,6271.0,2024-10-29 14:59:57.987194111,6273.0,stop,-8,-104.0
2024-10-30,29,long,2024-10-30 09:08:27.252051311,6278.5,2024-10-30 09:09:30.721976325,6279.5,target,4,46.0
2024-10-30,104,long,2024-10-30 13:02:23.212148487,6263.75,2024-10-30 13:02:52.010599859,6264.75,target,4,46.0
2024-10-31,104,long,2024-10-31 11:05:09.334618303,6162.5,2024-10-31 11:05:28.188893919,6163.5,target,4,46.0
2024-10-31,170,short,2024-10-31 14:27:55.340583897,6164.5,2024-10-31 14:28:03.604062997,6163.5,target,4,46.0
2024-11-01,90,long,2024-11-01 11:03:38.554461809,6190.75,2024-11-01 11:05:02.622088917,6188.75,stop,-8,-104.0
2024-11-01,139,short,2024-11-01 13:20:23.908212361,6160.75,2024-11-01 13:20:40.476009635,6159.75,target,4,46.0
2024-11-01,170,short,2024-11-01 14:54:11.257219185,6154.25,2024-11-01 14:54:39.593744337,6156.25,stop,-8,-104.0
2024-11-01,172,short,2024-11-01 14:56:28.889457483,6159.0,2024-11-01 14:56:52.742771927,6158.0,target,4,46.0
2024-11-01,179,long,2024-11-01 15:00:07.217969739,6162.25,2024-11-01 15:00:42.677692921,6163.25,target,4,46.0
2024-11-04,71,short,2024-11-04 10:46:10.865311929,6138.0,2024-11-04 10:46:39.645031201,6137.0,target,4,46.0
2024-11-04,104,short,2024-11-04 12:06:34.962227211,6148.25,2024-11-04 12:06:42.104513173,6147.25,target,4,46.0
2024-11-04,111,short,2024-11-04 12:21:05.097470469,6152.75,2024-11-04 12:21:51.489430879,6154.75,stop,-8,-104.0
2024-11-04,150,long,2024-11-04 14:53:48.400813031,6144.5,2024-11-04 14:55:01.051279459,6142.5,stop,-8,-104.0
2024-11-05,53,long,2024-11-05 10:07:36.958638467,6191.0,2024-11-05 10:07:47.913938855,6192.0,target,4,46.0
2024-11-05,85,short,2024-11-05 12:00:41.073518823,6207.25,2024-11-05 12:02:08.723016139,6209.25,stop,-8,-104.0
2024-11-05,94,short,2024-11-05 12:34:20.161190907,6201.25,2024-11-05 12:35:30.305332891,6200.25,target,4,46.0
2024-11-05,122,short,2024-11-05 14:22:24.164808501,6202.5,2024-11-05 14:23:38.478443875,6201.5,target,4,46.0
2024-11-05,129,short,2024-11-05 14:43:58.931699101,6201.25,2024-11-05 14:44:20.786405791,6203.25,stop,-8,-104.0
2024-11-06,78,short,2024-11-06 09:42:42.112407743,6325.75,2024-11-06 09:43:15.886499893,6324.75,target,4,46.0
2024-11-06,186,long,2024-11-06 14:58:16.262019429,6361.75,2024-11-06 14:58:39.881291063,6358.5,stop,-13,-166.5
2024-11-07,54,long,2024-11-07 10:32:45.010484323,6396.5,2024-11-07 10:49:04.753770533,6397.5,target,4,46.0
2024-11-07,119,short,2024-11-07 14:21:55.263199245,6410.25,2024-11-07 14:22:29.410923121,6409.25,target,4,46.0
2024-11-07,123,short,2024-11-07 14:34:48.358375257,6408.5,2024-11-07 14:37:07.956431873,6407.5,target,4,46.0
2024-11-08,27,short,2024-11-08 09:14:49.298460089,6411.5,2024-11-08 09:15:10.900880419,6410.5,target,4,46.0
2024-11-08,125,short,2024-11-08 15:03:56.243136353,6427.25,2024-11-08 15:04:13.289856529,6426.25,target,4,46.0
2024-11-11,35,short,2024-11-11 09:42:16.461606729,6441.75,2024-11-11 09:42:26.152727219,6440.75,target,4,46.0
2024-11-11,46,long,2024-11-11 10:21:02.520677595,6440.75,2024-11-11 10:21:57.196550965,6438.75,stop,-8,-104.0
2024-11-11,112,long,2024-11-11 15:00:19.133411845,6434.75,2024-11-11 15:00:24.525080455,6432.75,stop,-8,-104.0
2024-11-12,79,short,2024-11-12 11:49:12.627712425,6404.0,2024-11-12 11:50:10.324936681,6403.0,target,4,46.0
2024-11-12,126,short,2024-11-12 14:13:12.381236703,6424.25,2024-11-12 14:13:59.862422543,6423.25,target,4,46.0
2024-11-12,143,long,2024-11-12 14:58:59.800076041,6414.25,2024-11-12 14:59:24.471495989,6415.25,target,4,46.0
2024-11-13,53,long,2024-11-13 09:41:50.082993549,6407.75,2024-11-13 09:41:56.619908669,6408.75,target,4,46.0
2024-11-13,67,long,2024-11-13 10:09:51.868862637,6418.5,2024-11-13 10:10:27.442295351,6416.5,stop,-8,-104.0
2024-11-14,109,long,2024-11-14 12:10:06.735820103,6399.0,2024-11-14 12:10:17.865291967,6400.0,target,4,46.0
2024-11-14,142,short,2024-11-14 14:01:04.763947761,6387.0,2024-11-14 14:01:10.809893653,6389.0,stop,-8,-104.0
2024-11-14,156,short,2024-11-14 14:20:12.199442025,6383.75,2024-11-14 14:21:16.371289751,6382.75,target,4,46.0
2024-11-14,181,short,2024-11-14 15:00:06.562316085,6378.0,2024-11-14 15:00:53.023141255,6377.0,target,4,46.0
2024-11-15,67,long,2024-11-15 09:48:58.543326951,6309.5,2024-11-15 09:49:33.825937159,6307.5,stop,-8,-104.0
2024-11-15,96,short,2024-11-15 10:42:31.190497217,6299.25,2024-11-15 10:42:46.933916739,6298.25,target,4,46.0
2024-11-15,204,short,2024-11-15 14:59:24.641966809,6298.0,2024-11-15 14:59:28.554757241,6300.0,stop,-8,-104.0
2024-11-18,36,long,2024-11-18 09:26:24.174187451,6309.25,2024-11-18 09:27:39.554733183,6310.25,target,4,46.0
2024-11-18,130,short,2024-11-18 14:15:04.291351275,6320.75,2024-11-18 14:16:42.878817569,6319.75,target,4,46.0
2024-11-19,50,short,2024-11-19 09:30:30.021410989,6300.25,2024-11-19 09:30:37.790320011,6299.25,target,4,46.0
2024-11-19,81,long,2024-11-19 10:28:51.363802523,6327.5,2024-11-19 10:30:05.486789563,6325.5,stop,-8,-104.0
2024-11-19,85,short,2024-11-19 10:38:55.377188537,6327.0,2024-11-19 10:40:28.510459861,6329.0,stop,-8,-104.0
2024-11-19,166,long,2024-11-19 15:00:08.052608247,6342.0,2024-11-19 15:00:18.653264643,6343.0,target,4,46.0
2024-11-20,187,short,2024-11-20 14:43:30.196806453,6332.25,2024-11-20 14:43:47.798957329,6331.25,target,4,46.0
2024-11-20,196,short,2024-11-20 14:57:19.402025643,6338.0,2024-11-20 14:59:01.594908967,6337.0,target,4,46.0
2024-11-21,159,short,2024-11-21 10:48:51.495110595,6347.25,2024-11-21 10:49:03.086258829,6349.25,stop,-8,-104.0
2024-11-21,185,long,2024-11-21 11:43:13.936505007,6370.75,2024-11-21 11:43:22.825469967,6371.75,target,4,46.0
2024-11-21,244,short,2024-11-21 14:20:29.744763739,6383.0,2024-11-21 14:21:32.000938185,6385.0,stop,-8,-104.0
2024-11-22,31,long,2024-11-22 08:56:47.456895541,6391.25,2024-11-22 08:56:53.173640159,6392.25,target,4,46.0
2024-11-22,88,short,2024-11-22 10:02:48.933350105,6385.75,2024-11-22 10:03:40.906725119,6387.75,stop,-8,-104.0
2024-11-22,151,short,2024-11-22 12:40:08.306776885,6386.75,2024-11-22 12:41:57.472638557,6385.75,target,4,46.0
2024-11-22,194,long,2024-11-22 14:52:36.728067273,6389.75,2024-11-22 14:52:56.848119519,6390.75,target,4,46.0
2024-11-22,204,long,2024-11-22 15:01:09.070463933,6392.0,2024-11-22 15:01:50.959175737,6390.0,stop,-8,-104.0
2024-11-25,129,short,2024-11-25 11:28:47.314056229,6393.0,2024-11-25 11:29:06.223096547,6392.0,target,4,46.0
2024-11-25,166,short,2024-11-25 13:23:04.775170659,6401.25,2024-11-25 13:23:06.257334405,6400.25,target,4,46.0
2024-11-25,199,long,2024-11-25 15:01:35.620299745,6408.0,2024-11-25 15:02:07.358321015,6409.0,target,4,46.0
2024-11-26,42,short,2024-11-26 09:26:42.292334887,6413.25,2024-11-26 09:27:48.816633489,6415.25,stop,-8,-104.0
2024-11-27,23,short,2024-11-27 09:10:22.463697227,6429.25,2024-11-27 09:10:30.507899053,6431.25,stop,-8,-104.0
2024-11-27,137,long,2024-11-27 15:00:01.221219645,6418.25,2024-11-27 15:07:28.840615843,6416.25,stop,-8,-104.0
2024-11-29,67,short,2024-11-29 11:56:20.616730515,6453.0,2024-11-29 11:58:35.206624827,6455.0,stop,-8,-104.0
2024-11-29,70,short,2024-11-29 11:59:23.499095879,6451.5,2024-11-29 11:59:30.216617175,6453.5,stop,-8,-104.0
2024-12-02,47,long,2024-12-02 10:10:01.081575287,6459.75,2024-12-02 10:11:48.383120613,6457.75,stop,-8,-104.0
2024-12-02,86,long,2024-12-02 13:56:17.087889781,6464.75,2024-12-02 13:57:12.548826847,6465.75,target,4,46.0
2024-12-02,88,long,2024-12-02 14:14:07.003079167,6467.0,2024-12-02 14:15:01.949075989,6468.0,target,4,46.0
2024-12-02,97,short,2024-12-02 14:48:09.875292841,6461.5,2024-12-02 14:48:09.875292841,6464.0,stop,-10,-129.0
2024-12-02,107,long,2024-12-02 15:03:11.642541581,6465.75,2024-12-02 15:06:44.432083031,6466.75,target,4,46.0
2024-12-03,52,short,2024-12-03 10:44:47.625758627,6450.0,2024-12-03 10:45:17.596803697,6452.0,stop,-8,-104.0
2024-12-03,63,long,2024-12-03 11:42:13.002209525,6458.5,2024-12-03 11:46:19.633756929,6459.5,target,4,46.0
2024-12-04,42,long,2024-12-04 10:12:04.898680377,6489.25,2024-12-04 10:30:37.010241519,6487.25,stop,-8,-104.0
2024-12-04,86,short,2024-12-04 13:50:12.349797927,6491.75,2024-12-04 13:50:12.349797927,6493.75,stop,-8,-104.0
2024-12-04,105,long,2024-12-04 14:59:58.019150601,6501.0,2024-12-04 15:00:04.769657401,6499.0,stop,-8,-104.0
2024-12-05,34,short,2024-12-05 10:05:54.521819341,6492.5,2024-12-05 10:08:04.068395225,6494.5,stop,-8,-104.0
2024-12-05,105,long,2024-12-05 14:59:48.533124153,6490.25,2024-12-05 14:59:57.891114865,6491.25,target,4,46.0
2024-12-06,57,long,2024-12-06 11:09:35.235523851,6497.75,2024-12-06 11:12:45.538642905,6495.75,stop,-8,-104.0
2024-12-06,66,long,2024-12-06 11:51:51.732432947,6496.25,2024-12-06 11:54:01.790176695,6497.25,target,4,46.0
2024-12-06,105,long,2024-12-06 14:56:49.950993239,6502.0,2024-12-06 14:59:56.258309873,6500.0,stop,-8,-104.0
2024-12-06,110,long,2024-12-06 15:00:36.619882429,6501.0,2024-12-06 15:01:49.062015555,6499.0,stop,-8,-104.0
2024-12-09,64,short,2024-12-09 11:00:58.893996089,6479.0,2024-12-09 11:04:19.295587289,6478.0,target,4,46.0
2024-12-09,119,short,2024-12-09 14:47:28.334728795,6462.5,2024-12-09 14:48:28.727549967,6464.5,stop,-8,-104.0
2024-12-09,131,short,2024-12-09 15:05:07.354738973,6465.0,2024-12-09 15:05:10.117873117,6464.0,target,4,46.0
2024-12-10,27,short,2024-12-10 09:25:37.136479859,6471.75,2024-12-10 09:26:16.341009191,6473.75,stop,-8,-104.0
2024-12-10,54,short,2024-12-10 10:42:51.455104065,6463.25,2024-12-10 10:44:07.159604581,6465.25,stop,-8,-104.0
2024-12-10,121,long,2024-12-10 14:59:31.196089597,6447.0,2024-12-10 14:59:54.873082075,6448.0,target,4,46.0
2024-12-10,127,long,2024-12-10 15:07:02.232596079,6452.5,2024-12-10 15:14:49.426809537,6453.5,target,4,46.0
2024-12-11,36,short,2024-12-11 09:52:38.809725047,6487.5,2024-12-11 09:53:51.386710585,6486.5,target,4,46.0
2024-12-11,65,long,2024-12-11 11:59:40.325237699,6501.0,2024-12-11 12:00:06.125624819,6502.0,target,4,46.0
2024-12-11,104,long,2024-12-11 14:59:57.749995481,6495.5,2024-12-11 15:00:03.663583021,6493.5,stop,-8,-104.0
2024-12-11,108,short,2024-12-11 15:04:21.689147717,6490.5,2024-12-11 15:07:21.044583071,6489.5,target,4,46.0
2024-12-12,50,long,2024-12-12 09:56:10.411473087,6484.75,2024-12-12 09:57:07.828030227,6485.75,target,4,46.0
2024-12-12,140,long,2024-12-12 14:58:08.911840795,6464.25,2024-12-12 14:59:45.221812283,6462.25,stop,-8,-104.0
2024-12-12,147,short,2024-12-12 15:06:56.166031923,6458.5,2024-12-12 15:08:29.388281603,6460.5,stop,-8,-104.0
2024-12-13,51,short,2024-12-13 10:00:03.858952767,6449.5,2024-12-13 10:01:08.884006391,6448.5,target,4,46.0
2024-12-13,78,short,2024-12-13 10:56:48.664968639,6448.5,2024-12-13 10:57:20.062518331,6450.5,stop,-8,-104.0
2024-12-13,89,short,2024-12-13 11:40:19.935668717,6443.75,2024-12-13 11:41:35.253732977,6445.75,stop,-8,-104.0
2024-12-13,132,long,2024-12-13 14:59:58.644714727,6457.75,2024-12-13 15:00:08.099422745,6455.75,stop,-8,-104.0
2024-12-16,21,short,2024-12-16 09:18:31.149069449,6474.75,2024-12-16 09:19:34.068733163,6473.75,target,4,46.0
2024-12-16,76,short,2024-12-16 14:40:25.304165045,6489.0,2024-12-16 14:43:30.923977233,6488.0,target,4,46.0
2024-12-17,126,long,2024-12-17 14:57:16.990906953,6464.5,2024-12-17 14:59:00.089079477,6462.5,stop,-8,-104.0
2024-12-17,133,short,2024-12-17 15:04:05.350910365,6454.25,2024-12-17 15:13:41.017033185,6456.25,stop,-8,-104.0
2024-12-18,222,long,2024-12-18 14:43:15.620392719,6295.5,2024-12-18 14:43:16.099929697,6293.5,stop,-8,-104.0
2024-12-18,279,short,2024-12-18 15:02:27.764965599,6260.75,2024-12-18 15:02:29.909286475,6262.75,stop,-8,-104.0
2024-12-18,289,short,2024-12-18 15:09:05.444699169,6239.5,2024-12-18 15:09:38.301482559,6241.5,stop,-8,-104.0
2024-12-19,202,long,2024-12-19 14:17:47.899472997,6291.25,2024-12-19 14:21:14.970228831,6289.25,stop,-8,-104.0
2024-12-19,236,long,2024-12-19 14:59:59.612629935,6268.0,2024-12-19 14:59:59.734139853,6266.0,stop,-8,-104.0
2024-12-20,139,long,2024-12-20 11:15:56.967903491,6372.75,2024-12-20 11:16:05.673806941,6370.75,stop,-8,-104.0
2024-12-20,148,long,2024-12-20 11:34:56.916405187,6368.25,2024-12-20 11:35:32.570221811,6366.25,stop,-8,-104.0
2024-12-20,184,short,2024-12-20 12:59:33.219909263,6346.75,2024-12-20 12:59:34.530312347,6345.75,target,4,46.0
2024-12-20,229,short,2024-12-20 14:50:12.932739649,6333.75,2024-12-20 14:50:16.028281717,6332.75,target,4,46.0
2024-12-20,257,short,2024-12-20 15:07:30.065570151,6340.0,2024-12-20 15:07:41.621995877,6339.0,target,4,46.0
2024-12-23,25,long,2024-12-23 08:54:33.886433349,6322.5,2024-12-23 08:54:52.378456013,6320.5,stop,-8,-104.0
2024-12-23,54,long,2024-12-23 09:29:28.849659997,6314.25,2024-12-23 09:29:47.635241185,6312.25,stop,-8,-104.0
2024-12-23,56,long,2024-12-23 09:33:07.752153609,6316.25,2024-12-23 09:33:47.493054129,6314.25,stop,-8,-104.0
2024-12-23,59,long,2024-12-23 09:38:43.367016101,6320.5,2024-12-23 09:39:06.822620629,6321.5,target,4,46.0
2024-12-24,52,long,2024-12-24 11:24:21.112050101,6419.75,2024-12-24 11:24:48.129413525,6417.75,stop,-8,-104.0
2024-12-24,59,short,2024-12-24 11:45:07.529072475,6416.0,2024-12-24 11:46:09.790583093,6415.0,target,4,46.0
2024-12-24,68,short,2024-12-24 12:00:39.128595753,6427.25,2024-12-24 12:01:04.678914235,6426.25,target,4,46.0
2024-12-24,69,long,2024-12-24 12:06:28.046174745,6429.5,2024-12-24 12:09:05.716015679,6427.5,stop,-8,-104.0
2024-12-26,28,short,2024-12-26 09:09:41.627450407,6409.25,2024-12-26 09:10:04.018225361,6411.25,stop,-8,-104.0
2024-12-26,79,long,2024-12-26 12:25:21.119292055,6432.0,2024-12-26 12:30:07.892643921,6430.0,stop,-8,-104.0
2024-12-26,98,long,2024-12-26 13:56:57.839149729,6431.75,2024-12-26 14:05:17.452738437,6432.75,target,4,46.0
2024-12-26,114,long,2024-12-26 15:00:03.041914337,6427.75,2024-12-26 15:00:04.629494585,6428.75,target,4,46.0
2024-12-26,115,short,2024-12-26 15:01:39.968167305,6426.0,2024-12-26 15:02:16.938633877,6425.0,target,4,46.0
2024-12-27,132,short,2024-12-27 11:38:35.270547663,6314.75,2024-12-27 11:39:02.579855107,6316.75,stop,-8,-104.0
2024-12-27,147,long,2024-12-27 12:24:59.202314299,6335.0,2024-12-27 12:25:09.535043179,6336.0,target,4,46.0
2024-12-27,186,short,2024-12-27 14:14:08.780879663,6344.5,2024-12-27 14:14:16.831799907,6343.5,target,4,46.0
2024-12-27,213,long,2024-12-27 14:59:00.449366471,6357.5,2024-12-27 14:59:03.159373083,6358.5,target,4,46.0
2024-12-30,102,short,2024-12-30 10:25:12.071707297,6281.25,2024-12-30 10:26:12.898675877,6283.25,stop,-8,-104.0
2024-12-30,126,long,2024-12-30 11:28:41.764520467,6311.5,2024-12-30 11:31:45.288101355,6312.5,target,4,46.0
2024-12-30,131,long,2024-12-30 11:43:59.900661561,6313.5,2024-12-30 11:46:09.731438251,6314.5,target,4,46.0
2024-12-31,76,short,2024-12-31 10:30:00.577979951,6273.25,2024-12-31 10:31:17.539962927,6272.25,target,4,46.0
2024-12-31,89,long,2024-12-31 11:04:00.635859715,6274.5,2024-12-31 11:04:22.118129523,6275.5,target,4,46.0
2025-01-02,95,long,2025-01-02 09:51:29.063664623,6285.5,2025-01-02 09:51:29.306399575,6286.5,target,4,46.0
2025-01-02,242,short,2025-01-02 13:16:35.812173871,6221.0,2025-01-02 13:16:58.076003599,6223.0,stop,-8,-104.0
2025-01-03,25,long,2025-01-03 09:00:00.264060353,6283.25,2025-01-03 09:00:00.313715959,6284.25,target,4,46.0
2025-01-03,32,short,2025-01-03 09:07:02.678510899,6292.0,2025-01-03 09:07:02.937402021,6291.0,target,4,46.0
2025-01-03,81,long,2025-01-03 10:19:49.188022401,6289.75,2025-01-03 10:20:04.704932475,6290.75,target,4,46.0
2025-01-03,135,short,2025-01-03 13:43:22.121515535,6326.25,2025-01-03 13:45:09.999007343,6325.25,target,4,46.0
2025-01-03,159,long,2025-01-03 14:59:29.005081887,6320.0,2025-01-03 14:59:34.516461845,6321.0,target,4,46.0
2025-01-06,124,long,2025-01-06 12:36:37.741634739,6372.25,2025-01-06 12:37:22.767328281,6370.25,stop,-8,-104.0
2025-01-06,173,short,2025-01-06 14:34:02.191280115,6350.5,2025-01-06 14:35:46.268903145,6352.5,stop,-8,-104.0
2025-01-07,237,long,2025-01-07 14:23:58.617408713,6280.5,2025-01-07 14:24:19.397436203,6278.25,stop,-9,-116.5
2025-01-07,238,long,2025-01-07 14:25:54.543443947,6281.25,2025-01-07 14:26:03.519199993,6279.25,stop,-8,-104.0
2025-01-07,258,short,2025-01-07 14:52:15.889769501,6278.25,2025-01-07 14:52:17.575688639,6277.25,target,4,46.0
2025-01-07,267,long,2025-01-07 14:59:56.234117277,6286.75,2025-01-07 15:01:45.031642805,6287.75,target,4,46.0
2025-01-07,270,long,2025-01-07 15:08:25.108370075,6289.5,2025-01-07 15:14:59.430981891,6289.5,eod,0,-4.0
2025-01-08,36,short,2025-01-08 08:57:56.952596613,6269.0,2025-01-08 08:58:08.380946223,6268.0,target,4,46.0
2025-01-08,126,short,2025-01-08 11:11:01.793167603,6273.75,2025-01-08 11:11:07.841608995,6272.75,target,4,46.0
2025-01-08,221,short,2025-01-08 14:03:06.656014771,6281.5,2025-01-08 14:03:22.257193765,6283.5,stop,-8,-104.0
2025-01-10,102,long,2025-01-10 09:41:19.867124653,6217.0,2025-01-10 09:41:36.101876587,6215.0,stop,-8,-104.0
2025-01-10,214,long,2025-01-10 12:45:40.846180109,6228.5,2025-01-10 12:46:49.362815729,6226.5,stop,-8,-104.0
2025-01-13,91,short,2025-01-13 09:58:04.156400017,6170.5,2025-01-13 09:58:51.168732997,6169.5,target,4,46.0
2025-01-13,155,long,2025-01-13 11:46:45.353782389,6175.0,2025-01-13 11:48:01.203498477,6176.0,target,4,46.0
2025-01-13,165,long,2025-01-13 12:08:36.167934073,6188.5,2025-01-13 12:09:07.178649003,6186.5,stop,-8,-104.0
2025-01-14,74,long,2025-01-14 09:42:08.520529465,6222.25,2025-01-14 09:43:37.153050077,6223.25,target,4,46.0
2025-01-14,91,short,2025-01-14 10:01:52.526484145,6203.25,2025-01-14 10:01:59.236631827,6205.25,stop,-8,-104.0
2025-01-14,211,short,2025-01-14 13:56:33.114477167,6203.75,2025-01-14 13:56:40.644507943,6202.75,target,4,46.0
2025-01-15,46,short,2025-01-15 09:05:22.659505501,6313.25,2025-01-15 09:05:45.746756333,6312.25,target,4,46.0
2025-01-15,71,short,2025-01-15 09:35:37.413214663,6313.0,2025-01-15 09:35:53.891945703,6312.0,target,4,46.0
2025-01-16,73,short,2025-01-16 09:40:27.598173009,6317.0,2025-01-16 09:40:53.132796341,6316.0,target,4,46.0
2025-01-16,177,short,2025-01-16 13:43:35.578918665,6315.75,2025-01-16 13:46:20.010191931,6317.75,stop,-8,-104.0
2025-01-16,189,short,2025-01-16 14:22:12.035444061,6312.25,2025-01-16 14:22:21.448859657,6311.25,target,4,46.0
2025-01-17,93,long,2025-01-17 11:02:52.739328551,6372.25,2025-01-17 11:03:02.124254731,6370.25,stop,-8,-104.0
2025-01-17,100,long,2025-01-17 11:32:18.326398333,6380.0,2025-01-17 11:36:24.697638455,6378.0,stop,-8,-104.0
2025-01-17,153,short,2025-01-17 14:49:38.504805183,6371.25,2025-01-17 14:50:00.028616529,6370.25,target,4,46.0
2025-01-17,165,short,2025-01-17 15:00:00.015940329,6363.75,2025-01-17 15:01:21.309113475,6362.75,target,4,46.0
2025-01-21,51,long,2025-01-21 08:49:06.437629767,6403.0,2025-01-21 08:49:22.658269761,6401.0,stop,-8,-104.0
2025-01-21,77,short,2025-01-21 09:12:02.223990035,6380.0,2025-01-21 09:12:04.213492473,6379.0,target,4,46.0
2025-01-21,123,long,2025-01-21 10:20:59.800303285,6396.5,2025-01-21 10:21:58.333587973,6397.5,target,4,46.0
2025-01-21,142,long,2025-01-21 11:10:08.848651663,6403.75,2025-01-21 11:12:01.482770579,6401.75,stop,-8,-104.0
2025-01-22,67,long,2025-01-22 10:40:40.041389883,6465.5,2025-01-22 10:42:10.806929747,6463.5,stop,-8,-104.0
2025-01-22,73,long,2025-01-22 11:10:18.248035097,6466.5,2025-01-22 11:12:57.200633959,6464.5,stop,-8,-104.0
2025-01-22,104,long,2025-01-22 13:34:11.629401433,6459.0,2025-01-22 13:38:31.286432507,6460.0,target,4,46.0
2025-01-23,48,short,2025-01-23 10:25:29.708088229,6458.5,2025-01-23 10:26:10.974623303,6460.5,stop,-8,-104.0
2025-01-23,61,short,2025-01-23 10:57:03.643824237,6459.75,2025-01-23 11:00:07.959269943,6458.75,target,4,46.0
2025-01-23,106,long,2025-01-23 14:55:29.683381851,6478.25,2025-01-23 14:56:02.035355263,6479.25,target,4,46.0
2025-01-24,52,short,2025-01-24 10:16:27.519456935,6480.0,2025-01-24 10:19:02.445233041,6482.0,stop,-8,-104.0
2025-01-24,114,long,2025-01-24 13:25:21.684402293,6460.25,2025-01-24 13:26:17.760327717,6461.25,target,4,46.0
2025-01-24,130,long,2025-01-24 14:12:43.050081609,6461.75,2025-01-24 14:16:59.132567477,6459.75,stop,-8,-104.0
2025-01-27,40,long,2025-01-27 08:52:57.828221227,6366.0,2025-01-27 08:53:06.688337105,6364.0,stop,-8,-104.0
2025-01-27,70,short,2025-01-27 09:22:06.148529969,6351.75,2025-01-27 09:22:24.072414509,6353.75,stop,-8,-104.0
2025-01-27,116,long,2025-01-27 10:16:55.050327279,6360.0,2025-01-27 10:17:01.622104837,6361.0,target,4,46.0
2025-01-27,281,short,2025-01-27 15:00:07.358630983,6377.25,2025-01-27 15:00:15.690622055,6379.25,stop,-8,-104.0
2025-01-27,285,short,2025-01-27 15:06:36.622766261,6380.0,2025-01-27 15:10:03.756625463,6382.0,stop,-8,-104.0
2025-01-28,114,long,2025-01-28 10:56:22.046521707,6404.5,2025-01-28 10:56:46.575061365,6405.5,target,4,46.0
2025-01-28,176,long,2025-01-28 13:56:04.902807451,6435.75,2025-01-28 13:56:55.472493743,6433.75,stop,-8,-104.0
2025-01-28,178,short,2025-01-28 14:01:21.349586967,6431.5,2025-01-28 14:02:04.745767937,6430.5,target,4,46.0
2025-01-29,141,short,2025-01-29 13:26:23.581686529,6376.75,2025-01-29 13:27:25.913587803,6378.75,stop,-8,-104.0
2025-01-29,185,long,2025-01-29 14:10:36.958960145,6405.0,2025-01-29 14:10:38.317608555,6406.0,target,4,46.0
2025-01-29,217,short,2025-01-29 14:53:18.978845587,6390.75,2025-01-29 14:53:25.724382995,6389.75,target,4,46.0
2025-01-30,171,short,2025-01-30 14:07:25.553922435,6440.75,2025-01-30 14:08:11.545236381,6439.75,target,4,46.0
2025-01-30,195,long,2025-01-30 14:42:23.734216111,6415.25,2025-01-30 14:42:26.162045213,6416.25,target,4,46.0
2025-01-30,220,long,2025-01-30 14:57:13.824128711,6437.5,2025-01-30 14:57:18.144018537,6435.5,stop,-8,-104.0
2025-01-30,222,long,2025-01-30 14:59:03.802956081,6432.0,2025-01-30 14:59:09.673429609,6433.0,target,4,46.0
2025-01-31,231,short,2025-01-31 14:40:18.692116513,6389.5,2025-01-31 14:40:26.999397611,6391.5,stop,-8,-104.0
2025-01-31,260,long,2025-01-31 15:04:55.261486135,6398.75,2025-01-31 15:05:05.664435189,6399.75,target,4,46.0
2025-02-03,104,long,2025-02-03 09:31:14.843353615,6341.75,2025-02-03 09:31:15.304847529,6342.75,target,4,46.0
2025-02-03,148,short,2025-02-03 10:02:55.898509535,6359.0,2025-02-03 10:02:59.878409727,6358.0,target,4,46.0
2025-02-03,179,long,2025-02-03 10:34:21.105463949,6363.5,2025-02-03 10:34:41.942770161,6361.5,stop,-8,-104.0
2025-02-03,285,long,2025-02-03 14:01:57.923818167,6375.75,2025-02-03 14:03:09.218551553,6373.75,stop,-8,-104.0
2025-02-04,43,long,2025-02-04 09:33:24.585695297,6385.5,2025-02-04 09:34:29.676669679,6383.5,stop,-8,-104.0
2025-02-04,60,short,2025-02-04 10:20:08.912368981,6389.5,2025-02-04 10:20:59.580153265,6391.5,stop,-8,-104.0
2025-02-04,96,long,2025-02-04 11:50:54.547818945,6382.25,2025-02-04 11:51:50.403974175,6380.25,stop,-8,-104.0
2025-02-04,144,long,2025-02-04 14:57:24.955919045,6396.75,2025-02-04 14:59:01.110519715,6397.75,target,4,46.0
2025-02-04,151,short,2025-02-04 15:02:45.677523919,6382.25,2025-02-04 15:02:46.583683005,6384.25,stop,-8,-104.0
2025-02-05,122,short,2025-02-05 13:54:27.602542207,6405.0,2025-02-05 13:55:41.899474143,6407.0,stop,-8,-104.0
2025-02-05,132,short,2025-02-05 14:40:18.299316019,6410.25,2025-02-05 14:41:12.670213085,6409.25,target,4,46.0
2025-02-06,55,long,2025-02-06 10:18:10.490097485,6431.75,2025-02-06 10:22:20.861206821,6429.75,stop,-8,-104.0
2025-02-06,81,short,2025-02-06 12:11:28.098650675,6429.0,2025-02-06 12:12:00.537694681,6431.0,stop,-8,-104.0
2025-02-06,127,long,2025-02-06 14:46:09.155670395,6427.25,2025-02-06 14:47:06.344299281,6428.25,target,4,46.0
2025-02-06,142,short,2025-02-06 15:01:39.796128485,6418.75,2025-02-06 15:01:43.700640119,6420.75,stop,-8,-104.0
2025-02-07,178,short,2025-02-07 11:23:35.807679943,6384.75,2025-02-07 11:23:40.295801579,6386.75,stop,-8,-104.0
2025-02-07,189,long,2025-02-07 11:47:34.589704395,6397.75,2025-02-07 11:48:35.904799869,6398.75,target,4,46.0
2025-02-07,263,long,2025-02-07 14:59:30.489872395,6382.25,2025-02-07 14:59:42.179394827,6380.25,stop,-8,-104.0
2025-02-07,265,long,2025-02-07 15:00:01.402594977,6383.0,2025-02-07 15:00:11.053735649,6384.0,target,4,46.0
2025-02-10,67,long,2025-02-10 11:18:03.580569325,6407.75,2025-02-10 11:22:42.863688819,6408.75,target,4,46.0
2025-02-10,103,short,2025-02-10 14:35:03.246464611,6419.25,2025-02-10 14:36:04.210110617,6418.25,target,4,46.0
2025-02-10,116,short,2025-02-10 15:00:05.606539615,6418.5,2025-02-10 15:00:21.890516063,6417.5,target,4,46.0
2025-02-11,81,long,2025-02-11 12:16:53.961365303,6410.75,2025-02-11 12:18:11.156553687,6411.75,target,4,46.0
2025-02-11,123,long,2025-02-11 14:59:01.020001843,6422.75,2025-02-11 14:59:26.222732795,6423.75,target,4,46.0
2025-02-11,127,short,2025-02-11 15:05:44.493304597,6422.75,2025-02-11 15:06:34.343525129,6421.75,target,4,46.0
2025-02-12,63,short,2025-02-12 09:40:40.120878327,6395.0,2025-02-12 09:41:10.954446977,6397.0,stop,-8,-104.0
2025-02-12,139,short,2025-02-12 12:42:00.075943573,6404.25,2025-02-12 12:42:51.872739507,6403.25,target,4,46.0
2025-02-13,46,short,2025-02-13 09:26:11.728728867,6430.75,2025-02-13 09:26:36.612635441,6429.75,target,4,46.0
2025-02-13,78,long,2025-02-13 10:36:12.512822037,6438.75,2025-02-13 10:37:23.621779621,6436.5,stop,-9,-116.5
2025-02-14,56,short,2025-02-14 11:04:19.746201321,6466.75,2025-02-14 11:07:14.957799123,6465.75,target,4,46.0
2025-02-14,81,long,2025-02-14 13:10:21.504000027,6473.0,2025-02-14 13:18:32.689739441,6471.0,stop,-8,-104.0
2025-02-14,103,long,2025-02-14 14:52:49.038916539,6467.75,2025-02-14 14:53:19.582446783,6468.75,target,4,46.0
2025-02-14,104,long,2025-02-14 14:54:40.013813435,6469.5,2025-02-14 14:54:50.015402511,6466.75,stop,-11,-141.5
2025-02-18,100,short,2025-02-18 13:06:17.672741079,6462.0,2025-02-18 13:06:41.251928333,6461.0,target,4,46.0
2025-02-18,130,long,2025-02-18 14:50:00.564033273,6465.75,2025-02-18 14:50:30.317649549,6463.75,stop,-8,-104.0
2025-02-18,138,long,2025-02-18 14:59:12.011169709,6477.25,2025-02-18 14:59:36.567048881,6475.25,stop,-8,-104.0
2025-02-19,56,long,2025-02-19 11:02:52.181608275,6483.5,2025-02-19 11:04:02.321989029,6484.5,target,4,46.0
2025-02-19,64,long,2025-02-19 11:36:13.384781655,6476.75,2025-02-19 11:43:21.069938481,6477.75,target,4,46.0
2025-02-19,86,long,2025-02-19 13:16:03.352485407,6494.5,2025-02-19 13:16:44.618113325,6492.5,stop,-8,-104.0
2025-02-20,83,long,2025-02-20 10:07:02.194818535,6442.0,2025-02-20 10:08:36.010637237,6443.0,target,4,46.0
2025-02-20,103,long,2025-02-20 10:52:42.913532437,6442.0,2025-02-20 10:52:51.781528933,6443.0,target,4,46.0
2025-02-20,163,short,2025-02-20 14:27:55.402408873,6461.25,2025-02-20 14:29:03.367467771,6463.25,stop,-8,-104.0
2025-02-20,179,long,2025-02-20 14:59:59.537022799,6469.25,2025-02-20 15:00:03.916612497,6467.25,stop,-8,-104.0
2025-02-20,181,short,2025-02-20 15:03:00.844017227,6465.75,2025-02-20 15:07:01.670108505,6467.75,stop,-8,-104.0
2025-02-21,98,long,2025-02-21 11:04:07.044643219,6431.75,2025-02-21 11:04:14.994685473,6432.75,target,4,46.0
2025-02-21,243,long,2025-02-21 14:59:55.098010951,6362.0,2025-02-21 15:00:01.085975079,6360.0,stop,-8,-104.0
2025-02-21,245,long,2025-02-21 15:00:22.917309349,6362.5,2025-02-21 15:00:38.437035587,6363.5,target,4,46.0
2025-02-24,132,short,2025-02-24 10:50:09.571190275,6365.0,2025-02-24 10:50:26.572432349,6364.0,target,4,46.0
2025-02-24,217,long,2025-02-24 14:31:03.234250439,6354.75,2025-02-24 14:31:25.397837989,6355.75,target,4,46.0
2025-02-24,226,short,2025-02-24 14:50:19.054792679,6350.0,2025-02-24 14:50:28.074383869,6349.0,target,4,46.0
2025-02-25,89,long,2025-02-25 09:37:19.490379239,6280.0,2025-02-25 09:37:33.527292663,6278.0,stop,-8,-104.0
2025-02-25,141,short,2025-02-25 10:30:33.115528727,6268.0,2025-02-25 10:30:45.619342307,6267.0,target,4,46.0
2025-02-25,286,short,2025-02-25 14:36:02.805898171,6313.5,2025-02-25 14:36:04.266280757,6312.5,target,4,46.0
2025-02-26,221,short,2025-02-26 13:56:53.208367507,6294.25,2025-02-26 13:57:01.393132157,6293.25,target,4,46.0
2025-02-26,266,long,2025-02-26 15:10:14.124138715,6310.0,2025-02-26 15:11:12.558413801,6311.0,target,4,46.0
2025-02-27,89,short,2025-02-27 09:24:39.033625759,6317.0,2025-02-27 09:24:41.054460653,6316.0,target,4,46.0
2025-02-27,123,short,2025-02-27 09:50:06.224480839,6308.0,2025-02-27 09:50:35.407230029,6307.0,target,4,46.0
2025-02-27,387,short,2025-02-27 15:00:27.520908897,6206.5,2025-02-27 15:01:17.960727375,6205.5,target,4,46.0
2025-02-28,273,short,2025-02-28 12:58:49.633214505,6192.5,2025-02-28 12:58:56.624654675,6194.5,stop,-8,-104.0
2025-02-28,316,long,2025-02-28 13:56:53.504854113,6236.5,2025-02-28 13:57:06.443423011,6234.5,stop,-8,-104.0
2025-02-28,377,long,2025-02-28 14:56:21.385482017,6292.25,2025-02-28 14:56:23.481199459,6293.25,target,4,46.0
2025-03-03,142,short,2025-03-03 10:11:37.249045993,6283.0,2025-03-03 10:11:40.862646687,6282.0,target,4,46.0
2025-03-03,157,short,2025-03-03 10:29:37.540093073,6280.0,2025-03-03 10:29:45.776552483,6279.0,target,4,46.0
2025-03-03,233,short,2025-03-03 12:25:29.554878363,6249.5,2025-03-03 12:26:11.514092489,6248.5,target,4,46.0
2025-03-03,346,long,2025-03-03 14:13:35.982118297,6180.25,2025-03-03 14:13:38.716915531,6181.25,target,4,46.0
2025-03-03,427,long,2025-03-03 15:02:26.450454607,6200.25,2025-03-03 15:02:46.165045985,6198.25,stop,-8,-104.0
2025-03-04,73,short,2025-03-04 08:59:16.968899481,6120.75,2025-03-04 08:59:17.577769121,6119.75,target,4,46.0
2025-03-04,424,long,2025-03-04 14:10:56.379718277,6187.5,2025-03-04 14:10:58.442031363,6188.5,target,4,46.0
2025-03-04,479,short,2025-03-04 14:51:35.626326205,6110.0,2025-03-04 14:51:43.814932997,6112.0,stop,-8,-104.0
2025-03-04,503,long,2025-03-04 15:00:08.299453801,6131.5,2025-03-04 15:00:09.054889003,6129.5,stop,-8,-104.0
2025-03-04,514,long,2025-03-04 15:13:30.965290645,6148.0,2025-03-04 15:13:32.059887939,6149.0,target,4,46.0
2025-03-05,253,long,2025-03-05 12:19:18.127815811,6146.75,2025-03-05 12:19:23.836630937,6147.75,target,4,46.0
2025-03-05,328,long,2025-03-05 14:13:58.312316281,6199.5,2025-03-05 14:14:39.777947395,6197.5,stop,-8,-104.0
2025-03-06,135,long,2025-03-06 10:08:55.250274981,6147.0,2025-03-06 10:09:02.421301353,6148.0,target,4,46.0
2025-03-06,211,short,2025-03-06 11:14:31.037615383,6080.75,2025-03-06 11:14:55.669141517,6079.75,target,4,46.0
2025-03-06,274,long,2025-03-06 12:18:54.648096027,6089.5,2025-03-06 12:19:07.170843175,6087.5,stop,-8,-104.0
2025-03-07,60,short,2025-03-07 09:13:32.523563565,6083.25,2025-03-07 09:13:35.860740815,6082.25,target,4,46.0
2025-03-07,347,long,2025-03-07 14:45:07.179088853,6095.75,2025-03-07 14:45:13.704837665,6093.75,stop,-8,-104.0
2025-03-07,364,short,2025-03-07 14:59:44.200036593,6109.0,2025-03-07 14:59:45.099987381,6108.0,target,4,46.0
2025-03-10,262,long,2025-03-10 12:54:54.593399957,5958.25,2025-03-10 12:55:03.253569149,5956.25,stop,-8,-104.0
2025-03-10,360,short,2025-03-10 14:42:17.205507509,5948.5,2025-03-10 14:42:23.438513649,5947.5,target,4,46.0
2025-03-11,162,long,2025-03-11 10:22:54.052386037,5932.5,2025-03-11 10:22:54.910411435,5930.5,stop,-8,-104.0
2025-03-11,268,long,2025-03-11 12:34:00.987461127,5875.0,2025-03-11 12:34:05.945038641,5876.0,target,4,46.0
2025-03-11,316,long,2025-03-11 13:26:26.283120437,5934.75,2025-03-11 13:26:27.814688179,5935.75,target,4,46.0
2025-03-11,336,long,2025-03-11 13:46:38.598489789,5961.0,2025-03-11 13:46:40.784846079,5959.0,stop,-8,-104.0
2025-03-12,73,long,2025-03-12 09:19:25.071161389,5934.75,2025-03-12 09:19:29.139098773,5935.75,target,4,46.0
2025-03-12,290,long,2025-03-12 14:45:39.975944939,5941.5,2025-03-12 14:45:55.181622049,5939.5,stop,-8,-104.0
2025-03-13,151,long,2025-03-13 11:08:42.180337519,5878.25,2025-03-13 11:08:46.138594527,5879.25,target,4,46.0
2025-03-13,265,short,2025-03-13 14:14:05.545784221,5871.5,2025-03-13 14:14:15.180689311,5873.5,stop,-8,-104.0
2025-03-14,124,short,2025-03-14 10:58:35.589916161,5961.25,2025-03-14 10:58:43.929357843,5960.25,target,4,46.0
2025-03-14,215,short,2025-03-14 14:23:16.535445727,5960.0,2025-03-14 14:23:25.417038369,5962.0,stop,-8,-104.0
2025-03-17,116,short,2025-03-17 13:21:27.938934579,6023.25,2025-03-17 13:22:49.376265955,6025.25,stop,-8,-104.0
2025-03-17,148,short,2025-03-17 14:59:04.610763115,6012.0,2025-03-17 14:59:51.528755499,6011.0,target,4,46.0
2025-03-18,103,long,2025-03-18 11:11:54.103387339,5947.5,2025-03-18 11:12:02.190657085,5948.5,target,4,46.0
2025-03-18,157,short,2025-03-18 13:28:28.233505993,5948.5,2025-03-18 13:28:33.469326013,5947.5,target,4,46.0
2025-03-18,165,short,2025-03-18 13:50:11.128001925,5952.0,2025-03-18 13:50:11.454946765,5954.0,stop,-8,-104.0
2025-03-18,183,short,2025-03-18 14:36:07.152634553,5948.25,2025-03-18 14:36:10.061372557,5947.25,target,4,46.0
2025-03-19,51,long,2025-03-19 10:01:31.300059383,5977.5,2025-03-19 10:04:31.366433957,5978.5,target,4,46.0
2025-03-19,68,long,2025-03-19 10:54:07.068931135,6001.25,2025-03-19 10:54:10.665262645,6002.25,target,4,46.0
2025-03-19,138,long,2025-03-19 13:42:20.744472597,6002.25,2025-03-19 13:42:25.100117573,6003.25,target,4,46.0
2025-03-19,161,long,2025-03-19 14:08:27.376397031,6042.0,2025-03-19 14:08:30.522384551,6043.0,target,4,46.0
2025-03-20,65,short,2025-03-20 09:56:07.629741561,6033.75,2025-03-20 09:56:54.241930771,6035.75,stop,-8,-104.0
2025-03-20,212,short,2025-03-20 14:56:26.433234305,5996.5,2025-03-20 14:57:02.883987019,5995.5,target,4,46.0
2025-03-20,215,short,2025-03-20 14:59:33.512183243,5991.25,2025-03-20 14:59:42.000905105,5990.25,target,4,46.0
2025-03-21,81,long,2025-03-21 10:17:02.983529083,5959.0,2025-03-21 10:17:14.680894263,5957.0,stop,-8,-104.0
2025-03-21,84,short,2025-03-21 10:22:02.846142649,5951.25,2025-03-21 10:22:10.549694371,5953.25,stop,-8,-104.0
2025-03-21,108,long,2025-03-21 11:06:29.236816701,5952.75,2025-03-21 11:06:34.485848745,5953.75,target,4,46.0
2025-03-21,211,long,2025-03-21 15:02:07.040528815,6000.0,2025-03-21 15:02:10.960424019,5998.0,stop,-8,-104.0
2025-03-24,117,long,2025-03-24 13:17:39.438486549,6079.75,2025-03-24 13:19:25.366175713,6077.75,stop,-8,-104.0
2025-03-24,132,long,2025-03-24 13:50:26.189959895,6088.0,2025-03-24 13:50:55.512360317,6089.0,target,4,46.0
2025-03-24,136,long,2025-03-24 14:03:55.671460249,6092.25,2025-03-24 14:05:12.690174563,6093.25,target,4,46.0
2025-03-24,138,short,2025-03-24 14:10:24.409225729,6091.0,2025-03-24 14:11:45.155373221,6093.0,stop,-8,-104.0
2025-03-24,151,short,2025-03-24 14:52:57.510454931,6096.0,2025-03-24 14:54:10.032176753,6098.0,stop,-8,-104.0
2025-03-25,73,long,2025-03-25 11:47:58.737405999,6100.0,2025-03-25 11:48:53.558012995,6098.0,stop,-8,-104.0
2025-03-25,130,long,2025-03-25 15:00:52.941029581,6108.5,2025-03-25 15:01:06.682659971,6106.5,stop,-8,-104.0
2025-03-26,74,long,2025-03-26 10:30:41.298430367,6077.75,2025-03-26 10:31:18.173149679,6078.75,target,4,46.0
2025-03-26,199,long,2025-03-26 15:00:57.777147085,6038.0,2025-03-26 15:01:01.888694115,6039.0,target,4,46.0
2025-03-26,200,short,2025-03-26 15:03:29.523923923,6036.75,2025-03-26 15:05:49.979606091,6035.75,target,4,46.0
2025-03-27,142,short,2025-03-27 12:44:06.193283751,6017.25,2025-03-27 12:45:29.538419073,6019.25,stop,-8,-104.0
2025-03-27,183,long,2025-03-27 14:21:37.614276813,6047.25,2025-03-27 14:21:41.591112057,6048.25,target,4,46.0
2025-03-27,210,short,2025-03-27 14:59:57.466753919,6017.0,2025-03-27 14:59:58.812549163,6019.0,stop,-8,-104.0
2025-03-28,24,short,2025-03-28 08:53:10.491359505,5988.25,2025-03-28 08:53:45.556714883,5990.25,stop,-8,-104.0
2025-03-28,147,long,2025-03-28 11:47:03.007638085,5918.5,2025-03-28 11:47:43.521428641,5916.5,stop,-8,-104.0
2025-03-28,232,short,2025-03-28 14:56:31.531275795,5906.0,2025-03-28 14:57:03.137600275,5908.0,stop,-8,-104.0
2025-03-31,152,short,2025-03-31 11:56:11.203343785,5884.0,2025-03-31 11:56:19.839140871,5883.0,target,4,46.0
2025-03-31,176,long,2025-03-31 12:54:12.636313831,5884.75,2025-03-31 12:54:20.996179479,5885.75,target,4,46.0
2025-03-31,252,short,2025-03-31 14:51:11.584842131,5935.25,2025-03-31 14:51:32.335953237,5934.25,target,4,46.0
2025-03-31,279,long,2025-03-31 15:02:57.908138307,5924.5,2025-03-31 15:03:14.301889911,5925.5,target,4,46.0
2025-04-01,42,short,2025-04-01 09:06:57.515080361,5900.25,2025-04-01 09:07:00.867431507,5899.25,target,4,46.0
2025-04-01,69,short,2025-04-01 09:33:30.611373177,5896.25,2025-04-01 09:33:39.821086979,5895.25,target,4,46.0
2025-04-01,139,long,2025-04-01 11:17:25.274369721,5973.5,2025-04-01 11:17:33.294945003,5971.5,stop,-8,-104.0
2025-04-01,152,short,2025-04-01 11:37:43.212173173,5942.5,2025-04-01 11:37:46.967925837,5941.5,target,4,46.0
2025-04-01,195,short,2025-04-01 13:11:07.222444581,5916.0,2025-04-01 13:11:19.450912021,5915.0,target,4,46.0
2025-04-02,72,short,2025-04-02 09:54:24.114843125,5955.5,2025-04-02 09:55:05.170085415,5957.5,stop,-8,-104.0
2025-04-02,182,short,2025-04-02 13:06:29.815766865,5970.5,2025-04-02 13:06:49.483297093,5972.5,stop,-8,-104.0
2025-04-02,237,long,2025-04-02 14:48:02.982685987,5997.25,2025-04-02 14:48:24.539764075,5995.25,stop,-8,-104.0
2025-04-02,258,short,2025-04-02 15:11:18.681667583,5975.5,2025-04-02 15:11:18.751732103,5977.75,stop,-9,-116.5
2025-04-03,169,long,2025-04-03 11:11:01.626803613,5779.75,2025-04-03 11:11:18.702754607,5780.75,target,4,46.0
2025-04-03,194,short,2025-04-03 11:50:35.523316227,5780.0,2025-04-03 11:50:41.149770065,5779.0,target,4,46.0
2025-04-04,336,long,2025-04-04 12:42:54.208690759,5472.75,2025-04-04 12:42:55.801090849,5473.75,target,4,46.0
2025-04-04,477,short,2025-04-04 14:59:54.007135843,5388.25,2025-04-04 14:59:55.784224043,5387.25,target,4,46.0
2025-04-07,257,short,2025-04-07 10:04:45.222719147,5409.5,2025-04-07 10:04:51.423256471,5411.75,stop,-9,-116.5
2025-04-07,561,long,2025-04-07 14:59:24.081851917,5371.5,2025-04-07 14:59:34.329310045,5372.5,target,4,46.0
2025-04-07,568,long,2025-04-07 15:00:01.693172601,5380.5,2025-04-07 15:00:01.795113683,5381.5,target,4,46.0
2025-04-08,303,short,2025-04-08 13:35:36.936840305,5351.25,2025-04-08 13:35:45.390678979,5353.25,stop,-8,-104.0
2025-04-08,324,short,2025-04-08 14:05:32.991316751,5331.25,2025-04-08 14:05:35.803220341,5330.25,target,4,46.0
2025-04-08,371,short,2025-04-08 14:45:02.393201925,5233.0,2025-04-08 14:45:04.064132541,5235.0,stop,-8,-104.0
2025-04-08,410,long,2025-04-08 15:06:24.163623469,5305.25,2025-04-08 15:06:38.017465227,5306.25,target,4,46.0
2025-04-09,53,short,2025-04-09 09:06:22.114803515,5323.0,2025-04-09 09:06:22.463920725,5322.0,target,4,46.0
2025-04-09,203,long,2025-04-09 12:21:27.728869805,5565.75,2025-04-09 12:21:27.728869805,5566.75,target,4,46.0
2025-04-09,213,long,2025-04-09 12:23:40.140572777,5552.0,2025-04-09 12:23:40.686031701,5553.0,target,4,46.0
2025-04-09,286,short,2025-04-09 12:50:17.425824627,5635.0,2025-04-09 12:50:19.973324215,5634.0,target,4,46.0
2025-04-09,475,short,2025-04-09 15:00:54.851484477,5777.5,2025-04-09 15:00:56.258692317,5779.75,stop,-9,-116.5
2025-04-10,189,long,2025-04-10 11:29:12.856202501,5461.5,2025-04-10 11:29:13.637860417,5462.5,target,4,46.0
2025-04-10,287,long,2025-04-10 12:55:16.205210805,5580.75,2025-04-10 12:55:16.418672819,5581.75,target,4,46.0
2025-04-11,62,short,2025-04-11 09:23:31.810493923,5533.25,2025-04-11 09:23:32.141577341,5532.25,target,4,46.0
2025-04-11,271,short,2025-04-11 14:59:52.019379833,5667.75,2025-04-11 14:59:52.668445583,5669.75,stop,-8,-104.0
2025-04-14,115,short,2025-04-14 11:22:52.338120337,5701.25,2025-04-14 11:23:02.376018403,5700.25,target,4,46.0
2025-04-14,148,short,2025-04-14 12:37:08.885889355,5704.75,2025-04-14 12:37:10.234499413,5706.75,stop,-8,-104.0
2025-04-14,150,short,2025-04-14 12:44:36.089279545,5701.75,2025-04-14 12:45:09.339066159,5703.75,stop,-8,-104.0
2025-04-14,179,short,2025-04-14 14:16:16.471560759,5748.0,2025-04-14 14:16:38.353435813,5750.0,stop,-8,-104.0
2025-04-14,183,short,2025-04-14 14:26:46.007894217,5743.0,2025-04-14 14:27:14.745645985,5745.0,stop,-8,-104.0
2025-04-15,43,long,2025-04-15 09:20:53.953833809,5723.25,2025-04-15 09:20:54.734184085,5724.25,target,4,46.0
2025-04-15,77,long,2025-04-15 10:10:56.104057829,5742.5,2025-04-15 10:11:12.454699199,5743.5,target,4,46.0
2025-04-15,187,long,2025-04-15 14:59:56.950039699,5710.5,2025-04-15 14:59:58.498445935,5708.5,stop,-8,-104.0
2025-04-15,190,long,2025-04-15 15:05:31.280979359,5713.0,2025-04-15 15:07:28.702116397,5711.0,stop,-8,-104.0
2025-04-16,30,short,2025-04-16 09:01:37.740866875,5627.25,2025-04-16 09:01:59.609219791,5629.25,stop,-8,-104.0
2025-04-16,83,long,2025-04-16 10:32:33.171684345,5671.0,2025-04-16 10:33:15.361955325,5672.0,target,4,46.0
2025-04-16,105,long,2025-04-16 11:31:40.050611715,5646.75,2025-04-16 11:32:22.704200921,5644.75,stop,-8,-104.0
2025-04-16,177,short,2025-04-16 13:35:02.984219681,5580.0,2025-04-16 13:35:07.908800883,5582.0,stop,-8,-104.0
2025-04-17,46,short,2025-04-17 09:27:44.010331763,5583.75,2025-04-17 09:27:44.046662451,5582.75,target,4,46.0
2025-04-17,125,long,2025-04-17 11:26:49.889844037,5621.5,2025-04-17 11:26:54.016717095,5619.5,stop,-8,-104.0
2025-04-17,193,short,2025-04-17 14:14:31.008731955,5596.0,2025-04-17 14:14:35.556705935,5598.0,stop,-8,-104.0
2025-04-21,72,short,2025-04-21 10:48:09.062352561,5436.25,2025-04-21 10:48:21.817257507,5435.25,target,4,46.0
2025-04-21,93,short,2025-04-21 11:51:13.425369231,5443.0,2025-04-21 11:51:45.401901447,5442.0,target,4,46.0
2025-04-21,154,long,2025-04-21 14:44:01.935225107,5446.5,2025-04-21 14:44:28.239201633,5447.5,target,4,46.0
2025-04-21,168,short,2025-04-21 14:59:02.724426787,5468.0,2025-04-21 14:59:06.386181945,5467.0,target,4,46.0
2025-04-21,172,short,2025-04-21 14:59:59.352454739,5462.5,2025-04-21 15:00:01.533272123,5464.5,stop,-8,-104.0
2025-04-22,27,long,2025-04-22 09:04:40.769553601,5546.75,2025-04-22 09:05:02.151771745,5547.75,target,4,46.0
2025-04-22,238,short,2025-04-22 15:11:18.518383209,5594.25,2025-04-22 15:11:46.031323921,5593.25,target,4,46.0
2025-04-23,94,short,2025-04-23 09:37:31.558285755,5773.5,2025-04-23 09:37:34.462642979,5772.5,target,4,46.0
2025-04-23,121,short,2025-04-23 10:15:35.930844157,5744.25,2025-04-23 10:15:52.324131253,5746.25,stop,-8,-104.0
2025-04-23,141,short,2025-04-23 10:31:50.984542095,5709.25,2025-04-23 10:31:53.219675407,5708.25,target,4,46.0
2025-04-23,220,long,2025-04-23 12:52:20.255550643,5698.5,2025-04-23 12:52:28.342675921,5699.5,target,4,46.0
2025-04-24,123,long,2025-04-24 12:27:28.004410623,5778.25,2025-04-24 12:27:41.359707787,5776.25,stop,-8,-104.0
2025-04-24,147,short,2025-04-24 13:55:56.675641689,5789.0,2025-04-24 13:56:56.455949485,5788.0,target,4,46.0
2025-04-24,172,long,2025-04-24 14:53:46.554596289,5794.25,2025-04-24 14:53:59.717104209,5795.25,target,4,46.0
2025-04-24,177,short,2025-04-24 14:59:00.514654241,5792.75,2025-04-24 14:59:10.101750093,5791.75,target,4,46.0
2025-04-24,184,short,2025-04-24 15:04:04.859237983,5797.5,2025-04-24 15:04:04.859237983,5799.5,stop,-8,-104.0
2025-04-25,125,long,2025-04-25 12:41:06.819657539,5814.75,2025-04-25 12:41:08.744016309,5815.75,target,4,46.0
2025-04-25,157,short,2025-04-25 13:53:00.573781313,5817.0,2025-04-25 13:53:06.515314727,5819.0,stop,-8,-104.0
2025-04-25,175,short,2025-04-25 14:41:17.056828297,5812.25,2025-04-25 14:41:23.864171941,5811.25,target,4,46.0
2025-04-25,188,short,2025-04-25 14:59:42.080221861,5829.5,2025-04-25 14:59:56.622550335,5828.5,target,4,46.0
2025-04-28,56,short,2025-04-28 09:50:35.506694425,5836.75,2025-04-28 09:50:43.041437973,5835.75,target,4,46.0
2025-04-28,86,short,2025-04-28 10:48:44.441173743,5796.0,2025-04-28 10:49:03.548232453,5798.0,stop,-8,-104.0
2025-04-28,119,short,2025-04-28 12:14:30.836932461,5776.0,2025-04-28 12:15:19.715239947,5775.0,target,4,46.0
2025-04-28,165,long,2025-04-28 14:46:38.119564933,5834.0,2025-04-28 14:48:36.182478363,5832.0,stop,-8,-104.0
2025-04-29,75,short,2025-04-29 10:32:49.815329737,5835.75,2025-04-29 10:33:42.613937869,5834.75,target,4,46.0
2025-04-29,84,short,2025-04-29 10:57:04.649837203,5841.0,2025-04-29 10:57:07.734955987,5840.0,target,4,46.0
2025-04-29,98,long,2025-04-29 11:42:35.106428991,5852.25,2025-04-29 11:42:50.300603117,5850.25,stop,-8,-104.0
2025-04-29,143,short,2025-04-29 13:50:27.442372991,5866.75,2025-04-29 13:50:53.456827033,5865.75,target,4,46.0
2025-04-30,26,short,2025-04-30 08:50:19.977070345,5759.5,2025-04-30 08:50:28.690844923,5758.5,target,4,46.0
2025-04-30,81,long,2025-04-30 09:54:03.747289841,5792.75,2025-04-30 09:54:05.421885971,5793.75,target,4,46.0
2025-04-30,152,long,2025-04-30 12:17:55.844999879,5805.75,2025-04-30 12:18:14.511067681,5806.75,target,4,46.0
2025-04-30,262,short,2025-04-30 15:02:45.823563349,5879.75,2025-04-30 15:02:48.577394437,5881.75,stop,-8,-104.0
2025-05-01,85,short,2025-05-01 10:48:21.418559071,5939.0,2025-05-01 10:48:33.479853639,5938.0,target,4,46.0
2025-05-02,83,long,2025-05-02 11:01:10.987624595,5994.75,2025-05-02 11:01:12.122482663,5992.75,stop,-8,-104.0
2025-05-02,88,long,2025-05-02 11:05:11.525032905,5998.5,2025-05-02 11:05:41.852401673,5996.5,stop,-8,-104.0
2025-05-02,91,short,2025-05-02 11:09:28.207313783,5991.0,2025-05-02 11:09:31.234274467,5990.0,target,4,46.0
2025-05-02,147,long,2025-05-02 14:20:32.380495129,5995.75,2025-05-02 14:20:50.666971135,5993.75,stop,-8,-104.0
2025-05-02,163,short,2025-05-02 14:54:59.098913849,5990.5,2025-05-02 14:55:00.869564071,5989.5,target,4,46.0
2025-05-05,29,short,2025-05-05 09:15:24.940588205,5948.5,2025-05-05 09:15:31.685446013,5950.5,stop,-8,-104.0
2025-05-05,95,long,2025-05-05 13:26:02.577901883,5982.0,2025-05-05 13:28:05.204933585,5980.0,stop,-8,-104.0
2025-05-06,92,long,2025-05-06 11:38:25.908975931,5929.75,2025-05-06 11:38:30.105490639,5930.75,target,4,46.0
2025-05-06,103,long,2025-05-06 12:06:08.042653163,5919.5,2025-05-06 12:06:17.065040145,5917.5,stop,-8,-104.0
2025-05-06,135,short,2025-05-06 13:51:21.061239673,5918.25,2025-05-06 13:51:33.123726389,5917.25,target,4,46.0
2025-05-06,161,short,2025-05-06 14:59:13.023390841,5909.25,2025-05-06 14:59:18.015254709,5908.25,target,4,46.0
2025-05-07,64,long,2025-05-07 10:40:37.830947451,5911.5,2025-05-07 10:40:41.754759445,5912.5,target,4,46.0
2025-05-07,202,long,2025-05-07 14:55:41.336356155,5926.75,2025-05-07 14:55:51.337853575,5927.75,target,4,46.0
2025-05-07,210,long,2025-05-07 15:00:40.532858229,5935.0,2025-05-07 15:00:49.626285117,5936.0,target,4,46.0
2025-05-08,185,short,2025-05-08 14:59:26.258834793,5962.0,2025-05-08 14:59:55.098023447,5964.0,stop,-8,-104.0
2025-05-08,189,long,2025-05-08 15:00:55.671368131,5971.75,2025-05-08 15:01:10.978708495,5969.75,stop,-8,-104.0
2025-05-09,70,short,2025-05-09 10:54:57.556242347,5966.25,2025-05-09 10:55:01.123199147,5965.25,target,4,46.0
2025-05-09,77,long,2025-05-09 11:13:48.099409995,5955.25,2025-05-09 11:14:21.572470859,5956.25,target,4,46.0
2025-05-09,122,short,2025-05-09 14:21:21.348792839,5964.5,2025-05-09 14:21:38.451021137,5963.5,target,4,46.0
2025-05-09,127,short,2025-05-09 14:37:50.408432307,5961.0,2025-05-09 14:43:09.553027763,5963.0,stop,-8,-104.0
2025-05-12,42,long,2025-05-12 09:11:03.023622309,6110.75,2025-05-12 09:11:10.456928533,6111.75,target,4,46.0
2025-05-12,60,long,2025-05-12 09:32:00.939305837,6090.25,2025-05-12 09:32:07.089101339,6088.25,stop,-8,-104.0
2025-05-12,125,long,2025-05-12 12:07:05.586783769,6130.75,2025-05-12 12:07:15.422580915,6131.75,target,4,46.0
2025-05-12,170,short,2025-05-12 14:26:59.480616533,6130.25,2025-05-12 14:27:05.150411751,6129.25,target,4,46.0
2025-05-12,183,long,2025-05-12 14:52:10.765106919,6133.5,2025-05-12 14:52:24.639169627,6134.5,target,4,46.0
2025-05-13,39,long,2025-05-13 09:25:30.534540797,6187.75,2025-05-13 09:25:39.842689681,6188.75,target,4,46.0
2025-05-13,53,long,2025-05-13 09:50:03.037351207,6180.25,2025-05-13 09:50:11.621119057,6181.25,target,4,46.0
2025-05-13,81,short,2025-05-13 11:02:19.341441261,6188.25,2025-05-13 11:02:31.347171857,6187.25,target,4,46.0
2025-05-13,83,long,2025-05-13 11:06:04.464722713,6188.25,2025-05-13 11:06:30.210822233,6186.25,stop,-8,-104.0
2025-05-14,67,long,2025-05-14 10:28:19.434642617,6192.75,2025-05-14 10:28:34.299244941,6193.75,target,4,46.0
2025-05-14,96,short,2025-05-14 12:11:05.102681005,6183.25,2025-05-14 12:11:16.052039229,6185.25,stop,-8,-104.0
2025-05-14,139,short,2025-05-14 14:24:00.919517473,6179.25,2025-05-14 14:24:03.940431091,6181.25,stop,-8,-104.0
2025-05-14,147,short,2025-05-14 14:47:40.706677797,6179.0,2025-05-14 14:48:31.258611469,6181.25,stop,-9,-116.5
2025-05-14,160,long,2025-05-14 14:59:59.437821363,6189.75,2025-05-14 15:00:00.460834837,6187.75,stop,-8,-104.0
2025-05-15,55,long,2025-05-15 10:10:48.593404857,6187.75,2025-05-15 10:11:02.986031521,6188.75,target,4,46.0
2025-05-15,116,short,2025-05-15 13:16:56.121487175,6203.75,2025-05-15 13:17:35.086417093,6202.75,target,4,46.0
2025-05-15,136,long,2025-05-15 14:13:53.855823425,6211.5,2025-05-15 14:15:05.043827787,6209.5,stop,-8,-104.0
2025-05-15,152,long,2025-05-15 14:50:00.060752571,6211.0,2025-05-15 14:50:00.085022715,6212.0,target,4,46.0
2025-05-15,161,short,2025-05-15 14:59:28.143837681,6208.25,2025-05-15 14:59:32.507132209,6207.25,target,4,46.0
2025-05-16,61,long,2025-05-16 10:33:35.199896067,6226.5,2025-05-16 10:33:35.199896067,6224.5,stop,-8,-104.0
2025-05-16,117,short,2025-05-16 14:23:28.434046335,6250.0,2025-05-16 14:26:24.494402057,6249.0,target,4,46.0
2025-05-16,120,short,2025-05-16 14:36:23.225443585,6246.75,2025-05-16 14:38:13.667431275,6245.75,target,4,46.0
2025-05-16,135,short,2025-05-16 15:00:00.575815437,6253.5,2025-05-16 15:00:09.346261489,6252.5,target,4,46.0
2025-05-19,127,long,2025-05-19 14:50:00.015918677,6256.0,2025-05-19 14:50:00.101425439,6257.0,target,4,46.0
2025-05-19,136,short,2025-05-19 14:59:59.281993751,6261.0,2025-05-19 14:59:59.630540979,6260.0,target,4,46.0
2025-05-20,122,long,2025-05-20 14:13:02.875001439,6219.25,2025-05-20 14:15:22.176278325,6217.25,stop,-8,-104.0
2025-05-20,124,long,2025-05-20 14:18:52.634558323,6220.0,2025-05-20 14:19:00.307700675,6221.0,target,4,46.0
2025-05-20,129,long,2025-05-20 14:32:06.272913921,6229.0,2025-05-20 14:34:01.558158689,6230.0,target,4,46.0
2025-05-21,59,short,2025-05-21 10:22:03.509474561,6225.0,2025-05-21 10:22:36.460907705,6227.0,stop,-8,-104.0
2025-05-22,175,short,2025-05-22 14:52:04.177291617,6153.5,2025-05-22 14:52:21.635889463,6155.5,stop,-8,-104.0
2025-05-22,177,short,2025-05-22 14:54:35.209532173,6149.75,2025-05-22 14:54:40.057496567,6151.75,stop,-8,-104.0
2025-05-22,184,short,2025-05-22 14:59:09.328414691,6134.0,2025-05-22 14:59:21.036762205,6136.0,stop,-8,-104.0
2025-05-22,191,short,2025-05-22 15:10:25.835069813,6138.0,2025-05-22 15:14:57.759448957,6138.25,eod,-1,-16.5
2025-05-23,24,short,2025-05-23 08:45:45.437055801,6068.75,2025-05-23 08:46:04.781247537,6067.75,target,4,46.0
2025-05-23,126,short,2025-05-23 12:13:11.833137491,6100.75,2025-05-23 12:13:13.480880259,6102.75,stop,-8,-104.0
2025-05-27,63,short,2025-05-27 10:22:21.365182745,6186.75,2025-05-27 10:22:37.168565687,6185.75,target,4,46.0
2025-05-27,113,short,2025-05-27 13:52:38.896112933,6210.0,2025-05-27 13:56:51.913010455,6209.0,target,4,46.0
2025-05-27,137,long,2025-05-27 14:59:39.756805041,6212.0,2025-05-27 14:59:47.978349469,6213.0,target,4,46.0
2025-05-28,140,short,2025-05-28 14:50:00.081752423,6188.75,2025-05-28 14:50:02.188275959,6187.75,target,4,46.0
2025-05-28,144,short,2025-05-28 14:52:50.829884821,6181.0,2025-05-28 14:53:30.464589331,6180.0,target,4,46.0
2025-05-29,32,short,2025-05-29 09:06:06.493966293,6202.75,2025-05-29 09:06:18.109495625,6201.75,target,4,46.0
2025-05-29,59,long,2025-05-29 09:45:34.676297563,6201.75,2025-05-29 09:45:48.455654655,6202.75,target,4,46.0
2025-05-29,172,long,2025-05-29 14:45:08.499044117,6197.5,2025-05-29 14:45:22.257950069,6195.5,stop,-8,-104.0
2025-05-30,127,short,2025-05-30 12:15:00.223684167,6153.5,2025-05-30 12:15:16.323410595,6152.5,target,4,46.0
2025-05-30,198,short,2025-05-30 14:51:49.031976907,6200.75,2025-05-30 14:51:50.097959425,6202.75,stop,-8,-104.0
2025-05-30,208,short,2025-05-30 14:58:53.710884207,6202.75,2025-05-30 14:59:00.097569371,6201.75,target,4,46.0
2025-05-30,220,short,2025-05-30 15:01:39.426987857,6198.5,2025-05-30 15:01:44.489704727,6197.5,target,4,46.0
2025-05-30,223,short,2025-05-30 15:05:33.007789425,6187.25,2025-05-30 15:05:36.840585755,6186.25,target,4,46.0
2025-06-02,140,long,2025-06-02 14:01:14.500179445,6220.75,2025-06-02 14:06:00.842982901,6221.75,target,4,46.0
2025-06-02,163,long,2025-06-02 15:00:05.231856025,6228.5,2025-06-02 15:00:09.332020167,6229.5,target,4,46.0
2025-06-03,79,long,2025-06-03 12:07:28.022455315,6266.5,2025-06-03 12:14:12.066449701,6267.5,target,4,46.0
2025-06-03,88,short,2025-06-03 12:48:59.689607259,6264.75,2025-06-03 12:49:41.497141463,6263.75,target,4,46.0
2025-06-03,99,long,2025-06-03 13:11:38.940990821,6252.0,2025-06-03 13:12:12.086887453,6250.0,stop,-8,-104.0
2025-06-04,44,short,2025-06-04 09:38:06.278920075,6273.0,2025-06-04 09:38:27.049815949,6272.0,target,4,46.0
2025-06-04,114,long,2025-06-04 13:43:35.212890317,6273.75,2025-06-04 13:47:31.055242835,6271.75,stop,-8,-104.0
2025-06-04,118,short,2025-06-04 13:59:02.982421269,6268.25,2025-06-04 14:01:42.511211319,6270.25,stop,-8,-104.0
2025-06-04,128,short,2025-06-04 14:40:10.216250441,6263.75,2025-06-04 14:41:36.604869425,6265.75,stop,-8,-104.0
2025-06-04,140,short,2025-06-04 14:59:48.635961717,6260.75,2025-06-04 14:59:57.071153643,6259.75,target,4,46.0
2025-06-05,79,long,2025-06-05 10:18:27.121319657,6283.0,2025-06-05 10:19:16.624250581,6281.0,stop,-8,-104.0
2025-06-05,124,short,2025-06-05 11:55:26.746313155,6246.75,2025-06-05 11:55:29.950891253,6248.75,stop,-8,-104.0
2025-06-06,50,short,2025-06-06 09:45:08.130412647,6291.25,2025-06-06 09:45:21.317451169,6290.25,target,4,46.0
2025-06-06,125,long,2025-06-06 13:03:31.592004869,6294.0,2025-06-06 13:03:42.899581863,6292.0,stop,-8,-104.0
2025-06-06,142,short,2025-06-06 13:58:34.147973861,6293.5,2025-06-06 14:00:00.048707965,6292.5,target,4,46.0
2025-06-06,169,long,2025-06-06 15:12:09.044391471,6287.25,2025-06-06 15:14:59.903832041,6287.5,eod,1,8.5
2025-06-09,51,long,2025-06-09 11:13:51.405081983,6292.5,2025-06-09 11:17:14.343639953,6290.5,stop,-8,-104.0
2025-06-09,67,short,2025-06-09 12:29:17.563886359,6301.75,2025-06-09 12:31:25.567002963,6300.75,target,4,46.0
2025-06-09,78,short,2025-06-09 13:42:11.535782817,6299.0,2025-06-09 13:43:23.796072555,6301.0,stop,-8,-104.0
2025-06-09,104,short,2025-06-09 15:01:03.096006339,6287.5,2025-06-09 15:01:52.294141155,6289.5,stop,-8,-104.0
2025-06-10,73,short,2025-06-10 12:06:51.495013275,6311.25,2025-06-10 12:07:38.916853901,6313.25,stop,-8,-104.0
2025-06-10,81,short,2025-06-10 12:40:43.385185725,6310.0,2025-06-10 12:41:43.826795777,6312.0,stop,-8,-104.0
2025-06-10,109,short,2025-06-10 14:11:19.319154409,6323.25,2025-06-10 14:12:05.778794173,6325.25,stop,-8,-104.0
2025-06-10,121,short,2025-06-10 14:50:01.270263509,6312.0,2025-06-10 14:50:11.758778699,6314.0,stop,-8,-104.0
2025-06-11,114,long,2025-06-11 13:06:47.389588115,6311.0,2025-06-11 13:07:16.946054007,6309.0,stop,-8,-104.0
2025-06-11,183,long,2025-06-11 14:55:16.431264449,6306.75,2025-06-11 14:55:31.447522403,6304.75,stop,-8,-104.0
2025-06-12,133,long,2025-06-12 14:57:22.354931995,6324.0,2025-06-12 14:57:51.724980829,6325.0,target,4,46.0
2025-06-12,140,short,2025-06-12 15:04:30.001048027,6327.5,2025-06-12 15:05:09.277426643,6329.5,stop,-8,-104.0
2025-06-13,41,long,2025-06-13 09:21:44.313578583,6264.75,2025-06-13 09:22:22.278469593,6265.75,target,4,46.0
2025-06-13,47,long,2025-06-13 09:32:35.095008665,6260.75,2025-06-13 09:32:55.652789343,6261.75,target,4,46.0
2025-06-13,199,short,2025-06-13 15:07:03.001885499,6257.5,2025-06-13 15:07:39.165950867,6256.5,target,4,46.0
2025-06-16,73,long,2025-06-16 12:28:31.450207569,6327.0,2025-06-16 12:29:15.604689683,6325.0,stop,-8,-104.0
2025-06-16,101,long,2025-06-16 14:44:46.498420427,6314.0,2025-06-16 14:45:07.520177653,6315.0,target,4,46.0
2025-06-17,140,short,2025-06-17 14:52:14.179602897,6270.25,2025-06-17 14:53:00.089937027,6269.25,target,4,46.0
2025-06-18,69,short,2025-06-18 11:59:53.868296915,6283.5,2025-06-18 12:00:20.836157801,6282.5,target,4,46.0
2025-06-18,91,short,2025-06-18 13:09:18.056898841,6278.25,2025-06-18 13:09:39.414127505,6280.25,stop,-8,-104.0
2025-06-18,105,short,2025-06-18 13:45:01.820841267,6291.75,2025-06-18 13:45:01.965672295,6290.75,target,4,46.0
2025-06-18,133,long,2025-06-18 14:19:45.998888571,6272.0,2025-06-18 14:19:49.894704867,6270.0,stop,-8,-104.0
2025-06-18,150,short,2025-06-18 14:51:00.134998487,6269.0,2025-06-18 14:51:10.891514007,6268.0,target,4,46.0
2025-06-20,171,short,2025-06-20 14:15:34.010262429,6237.75,2025-06-20 14:16:20.542794261,6239.75,stop,-8,-104.0
2025-06-20,196,long,2025-06-20 15:00:36.650215681,6255.0,2025-06-20 15:00:44.181722369,6256.0,target,4,46.0
2025-06-23,55,short,2025-06-23 10:40:32.807235101,6264.5,2025-06-23 10:40:53.634303451,6266.5,stop,-8,-104.0
2025-06-23,69,short,2025-06-23 11:24:07.074811785,6252.75,2025-06-23 11:25:19.423894105,6251.75,target,4,46.0
2025-06-23,94,short,2025-06-23 11:47:57.563319703,6249.0,2025-06-23 11:48:00.634332315,6248.0,target,4,46.0
2025-06-23,139,long,2025-06-23 13:06:18.930696203,6293.5,2025-06-23 13:06:42.311138557,6294.5,target,4,46.0
2025-06-23,160,long,2025-06-23 14:36:29.997327675,6297.0,2025-06-23 14:37:20.784210381,6295.0,stop,-8,-104.0
2025-06-24,27,long,2025-06-24 09:23:14.001463179,6352.0,2025-06-24 09:23:40.023402959,6350.0,stop,-8,-104.0
2025-06-24,91,long,2025-06-24 14:32:05.117451843,6381.5,2025-06-24 14:32:19.840695727,6382.5,target,4,46.0
2025-06-25,29,long,2025-06-25 09:44:21.859158691,6383.5,2025-06-25 09:44:29.519902135,6384.5,target,4,46.0
2025-06-25,61,short,2025-06-25 12:08:19.764480123,6366.0,2025-06-25 12:11:36.694600103,6368.0,stop,-8,-104.0
2025-06-26,92,long,2025-06-26 14:19:47.675059685,6420.0,2025-06-26 14:23:13.420338739,6421.0,target,4,46.0
2025-06-26,101,long,2025-06-26 14:51:34.873604503,6424.5,2025-06-26 14:51:50.716468583,6425.5,target,4,46.0
2025-06-26,109,short,2025-06-26 14:59:46.030133177,6421.0,2025-06-26 14:59:50.218852673,6420.0,target,4,46.0
2025-06-26,112,short,2025-06-26 15:00:16.330326105,6421.0,2025-06-26 15:00:31.347991209,6420.0,target,4,46.0
2025-06-26,114,long,2025-06-26 15:09:43.317404915,6420.0,2025-06-26 15:13:10.194186399,6418.0,stop,-8,-104.0
2025-06-27,33,long,2025-06-27 09:38:42.110750489,6456.75,2025-06-27 09:39:00.195899891,6457.75,target,4,46.0
2025-06-27,37,short,2025-06-27 09:51:20.226297971,6454.75,2025-06-27 09:51:27.120089901,6453.75,target,4,46.0
2025-06-27,80,short,2025-06-27 12:45:35.089218907,6446.25,2025-06-27 12:45:59.822342159,6445.25,target,4,46.0
2025-06-27,151,short,2025-06-27 14:58:20.737115885,6451.25,2025-06-27 14:58:54.523786149,6453.25,stop,-8,-104.0
2025-06-30,75,short,2025-06-30 12:55:20.468547059,6461.0,2025-06-30 12:55:47.240716735,6460.0,target,4,46.0
2025-06-30,81,long,2025-06-30 13:02:10.850205523,6463.75,2025-06-30 13:05:05.795555635,6461.75,stop,-8,-104.0
2025-06-30,106,long,2025-06-30 14:25:07.616444269,6479.5,2025-06-30 14:26:01.533648117,6480.5,target,4,46.0
2025-06-30,125,short,2025-06-30 14:55:45.517136357,6486.75,2025-06-30 14:56:01.502891349,6485.75,target,4,46.0
2025-07-01,44,short,2025-07-01 09:52:21.125876513,6462.75,2025-07-01 09:52:59.201078827,6464.75,stop,-8,-104.0
2025-07-01,92,short,2025-07-01 11:46:14.972670041,6473.0,2025-07-01 11:46:20.730498693,6472.0,target,4,46.0
2025-07-01,104,long,2025-07-01 12:23:05.508876393,6481.0,2025-07-01 12:23:20.666438091,6482.0,target,4,46.0
2025-07-02,32,short,2025-07-02 09:40:14.797014257,6487.5,2025-07-02 09:40:40.235001769,6489.5,stop,-8,-104.0
2025-07-02,39,long,2025-07-02 09:50:34.956907301,6489.75,2025-07-02 09:51:10.611225459,6490.75,target,4,46.0
2025-07-02,89,long,2025-07-02 13:41:08.052826977,6498.25,2025-07-02 13:51:11.033791421,6496.25,stop,-8,-104.0
2025-07-02,98,short,2025-07-02 14:27:10.284644101,6497.75,2025-07-02 14:28:02.912255987,6496.75,target,4,46.0
2025-07-03,35,long,2025-07-03 10:01:48.944951355,6552.25,2025-07-03 10:02:30.028350829,6553.25,target,4,46.0
2025-07-03,55,long,2025-07-03 11:40:38.701852461,6558.5,2025-07-03 11:41:33.018457677,6559.5,target,4,46.0
2025-07-03,58,short,2025-07-03 11:50:33.993254667,6554.0,2025-07-03 11:51:50.352644483,6553.0,target,4,46.0
2025-07-07,22,short,2025-07-07 09:12:17.609473419,6525.25,2025-07-07 09:13:34.694173449,6524.25,target,4,46.0
2025-07-07,82,long,2025-07-07 11:40:22.303022295,6504.0,2025-07-07 11:41:33.348760159,6502.0,stop,-8,-104.0
2025-07-07,125,long,2025-07-07 13:31:26.629988323,6477.75,2025-07-07 13:31:38.001214587,6475.5,stop,-9,-116.5
2025-07-07,139,long,2025-07-07 14:12:19.283884473,6493.75,2025-07-07 14:14:03.791326677,6494.75,target,4,46.0
2025-07-07,157,short,2025-07-07 14:59:53.103330401,6501.25,2025-07-07 14:59:55.336542371,6503.25,stop,-8,-104.0
2025-07-08,33,long,2025-07-08 09:34:57.142262359,6506.5,2025-07-08 09:37:00.379460357,6507.5,target,4,46.0
2025-07-08,87,short,2025-07-08 11:53:09.022252241,6505.0,2025-07-08 11:55:03.093271489,6507.0,stop,-8,-104.0
2025-07-09,66,long,2025-07-09 10:24:55.360325423,6512.5,2025-07-09 10:25:21.951795109,6513.5,target,4,46.0
2025-07-09,73,long,2025-07-09 10:44:30.372932713,6518.25,2025-07-09 10:46:46.582979327,6519.25,target,4,46.0
2025-07-09,94,long,2025-07-09 12:24:24.758709897,6520.75,2025-07-09 12:27:05.711925615,6518.75,stop,-8,-104.0
2025-07-09,95,short,2025-07-09 12:28:00.339911581,6516.5,2025-07-09 12:28:32.375327333,6518.5,stop,-8,-104.0
2025-07-09,104,long,2025-07-09 13:06:44.159802751,6524.5,2025-07-09 13:07:37.147146481,6525.5,target,4,46.0
2025-07-10,81,long,2025-07-10 13:18:56.189647847,6562.25,2025-07-10 13:29:07.805983651,6560.25,stop,-8,-104.0
2025-07-10,98,short,2025-07-10 14:52:01.960608637,6547.5,2025-07-10 14:52:06.903232395,6546.5,target,4,46.0
2025-07-10,103,short,2025-07-10 14:59:47.729530389,6550.75,2025-07-10 14:59:58.331396955,6552.75,stop,-8,-104.0
2025-07-11,35,short,2025-07-11 09:46:33.711229003,6527.5,2025-07-11 09:47:57.733603585,6526.5,target,4,46.0
2025-07-11,78,short,2025-07-11 12:38:07.381908983,6532.5,2025-07-11 12:38:40.043852379,6531.5,target,4,46.0
2025-07-11,106,short,2025-07-11 14:41:01.851063367,6535.0,2025-07-11 14:41:25.000674249,6534.0,target,4,46.0
2025-07-14,44,long,2025-07-14 09:57:58.120658169,6524.5,2025-07-14 10:01:04.739370619,6525.5,target,4,46.0
2025-07-14,85,short,2025-07-14 13:43:05.983799567,6540.0,2025-07-14 14:04:15.016315369,6542.0,stop,-8,-104.0
2025-07-14,102,short,2025-07-14 14:59:29.798203099,6537.75,2025-07-14 14:59:39.168727941,6539.75,stop,-8,-104.0
2025-07-14,105,short,2025-07-14 15:00:49.136297949,6537.0,2025-07-14 15:05:27.216066087,6536.0,target,4,46.0
2025-07-15,40,long,2025-07-15 09:33:36.462106529,6544.5,2025-07-15 09:34:03.547047457,6542.5,stop,-8,-104.0
2025-07-15,132,short,2025-07-15 14:53:23.472774009,6519.25,2025-07-15 14:53:40.183728679,6521.25,stop,-8,-104.0
2025-07-15,142,short,2025-07-15 15:03:46.308797495,6506.75,2025-07-15 15:04:24.952018913,6505.75,target,4,46.0
2025-07-16,65,long,2025-07-16 10:09:06.312654613,6518.25,2025-07-16 10:10:43.997934481,6519.25,target,4,46.0
2025-07-16,178,long,2025-07-16 13:59:38.042957713,6532.75,2025-07-16 14:01:03.484867553,6533.75,target,4,46.0
2025-07-17,79,long,2025-07-17 13:19:35.542289171,6563.0,2025-07-17 13:23:02.302690539,6564.0,target,4,46.0
2025-07-17,82,short,2025-07-17 13:36:38.430296133,6565.0,2025-07-17 13:38:29.047957139,6567.0,stop,-8,-104.0
2025-07-18,109,long,2025-07-18 14:38:39.293867291,6559.0,2025-07-18 14:40:31.613288725,6557.0,stop,-8,-104.0
2025-07-18,114,long,2025-07-18 14:55:22.421312637,6562.75,2025-07-18 14:56:19.030384663,6563.75,target,4,46.0
2025-07-18,118,short,2025-07-18 15:00:02.826726799,6561.0,2025-07-18 15:02:21.964195929,6563.0,stop,-8,-104.0
2025-07-21,32,long,2025-07-21 10:03:15.799677951,6597.0,2025-07-21 10:05:19.388554795,6595.0,stop,-8,-104.0
2025-07-21,51,short,2025-07-21 11:39:09.400463415,6594.75,2025-07-21 11:40:19.763896489,6593.75,target,4,46.0
2025-07-22,133,short,2025-07-22 15:00:15.778408951,6571.75,2025-07-22 15:04:32.042670415,6573.75,stop,-8,-104.0
2025-07-23,23,short,2025-07-23 09:07:13.140370747,6584.25,2025-07-23 09:07:33.977607427,6586.25,stop,-8,-104.0
2025-07-23,107,long,2025-07-23 13:05:58.775623533,6613.5,2025-07-23 13:10:31.499839925,6614.5,target,4,46.0
2025-07-23,130,long,2025-07-23 14:51:01.070132235,6619.25,2025-07-23 14:52:53.404460833,6620.25,target,4,46.0
2025-07-23,143,short,2025-07-23 15:04:22.389378783,6622.5,2025-07-23 15:04:36.940368247,6626.0,stop,-14,-179.0
2025-07-24,40,long,2025-07-24 10:00:39.292265909,6641.25,2025-07-24 10:00:39.292265909,6639.25,stop,-8,-104.0
2025-07-24,118,short,2025-07-24 14:59:04.529602627,6632.0,2025-07-24 14:59:12.818698411,6631.0,target,4,46.0
2025-07-24,121,long,2025-07-24 14:59:55.365652655,6628.75,2025-07-24 15:00:01.851070819,6629.75,target,4,46.0
2025-07-25,24,short,2025-07-25 09:31:56.758729959,6636.0,2025-07-25 09:32:04.748694251,6635.0,target,4,46.0
2025-07-25,75,short,2025-07-25 14:43:57.954973539,6655.5,2025-07-25 14:50:00.010312679,6654.5,target,4,46.0
2025-07-25,82,short,2025-07-25 14:59:00.993850025,6651.75,2025-07-25 14:59:34.674053545,6650.75,target,4,46.0
2025-07-25,84,long,2025-07-25 14:59:44.969965503,6652.5,2025-07-25 14:59:49.733522507,6653.5,target,4,46.0
2025-07-28,21,short,2025-07-28 09:10:31.016475127,6658.5,2025-07-28 09:11:12.693958701,6657.5,target,4,46.0
2025-07-28,85,long,2025-07-28 13:50:48.172491661,6643.25,2025-07-28 13:59:00.938963417,6641.25,stop,-8,-104.0
2025-07-28,100,long,2025-07-28 14:59:52.158609239,6650.25,2025-07-28 14:59:55.000717467,6651.25,target,4,46.0
2025-07-28,102,short,2025-07-28 14:59:59.803188757,6649.75,2025-07-28 15:00:12.376214221,6651.75,stop,-8,-104.0
2025-07-28,104,short,2025-07-28 15:06:55.906821727,6650.75,2025-07-28 15:14:59.420974441,6650.75,eod,0,-4.0
2025-07-29,116,long,2025-07-29 14:05:57.926271109,6635.25,2025-07-29 14:11:16.856656239,6633.25,stop,-8,-104.0
2025-07-29,124,long,2025-07-29 14:37:28.336893161,6629.25,2025-07-29 14:37:56.815646567,6627.25,stop,-8,-104.0
2025-07-30,91,short,2025-07-30 13:50:09.530762035,6631.0,2025-07-30 13:50:10.042851867,6630.0,target,4,46.0
2025-07-30,169,short,2025-07-30 15:03:15.034867637,6635.75,2025-07-30 15:03:15.034867637,6637.75,stop,-8,-104.0
2025-07-30,177,long,2025-07-30 15:12:17.696429321,6657.0,2025-07-30 15:13:00.225639597,6658.0,target,4,46.0
2025-07-31,35,short,2025-07-31 09:05:17.463228607,6672.0,2025-07-31 09:05:49.794146141,6674.0,stop,-8,-104.0
2025-07-31,148,short,2025-07-31 12:50:46.568029255,6624.0,2025-07-31 12:50:56.617460027,6623.0,target,4,46.0
2025-07-31,162,short,2025-07-31 13:10:51.149121177,6605.75,2025-07-31 13:11:26.979221545,6607.75,stop,-8,-104.0
2025-07-31,196,long,2025-07-31 14:19:10.924154397,6615.75,2025-07-31 14:19:17.056520925,6616.75,target,4,46.0
2025-07-31,222,long,2025-07-31 14:55:56.403978543,6590.75,2025-07-31 14:55:59.351283673,6591.75,target,4,46.0
2025-08-01,64,short,2025-08-01 09:05:52.566956873,6478.75,2025-08-01 09:06:07.625776371,6480.75,stop,-8,-104.0
2025-08-01,189,short,2025-08-01 11:47:53.888772689,6504.75,2025-08-01 11:50:13.292871621,6503.75,target,4,46.0
2025-08-04,49,long,2025-08-04 09:46:13.385177035,6562.75,2025-08-04 09:47:18.942192823,6563.75,target,4,46.0
2025-08-04,93,long,2025-08-04 12:10:49.912500481,6578.0,2025-08-04 12:10:56.255458949,6579.0,target,4,46.0
2025-08-05,28,long,2025-08-05 09:06:31.520274269,6579.25,2025-08-05 09:06:49.005416201,6580.25,target,4,46.0
2025-08-05,33,short,2025-08-05 09:13:42.174201657,6576.75,2025-08-05 09:14:15.247605319,6578.75,stop,-8,-104.0
2025-08-06,72,long,2025-08-06 10:15:50.918738995,6583.25,2025-08-06 10:18:11.395590383,6584.25,target,4,46.0
2025-08-06,144,short,2025-08-06 14:55:08.783685269,6597.75,2025-08-06 14:56:08.278620003,6596.75,target,4,46.0
2025-08-06,147,long,2025-08-06 14:59:35.508366075,6599.25,2025-08-06 14:59:45.037344099,6597.25,stop,-8,-104.0
2025-08-07,73,long,2025-08-07 10:06:49.584461789,6598.75,2025-08-07 10:07:31.792003369,6596.75,stop,-8,-104.0
2025-08-07,110,short,2025-08-07 11:37:37.148776827,6594.0,2025-08-07 11:37:50.520802429,6593.0,target,4,46.0
2025-08-07,183,short,2025-08-07 14:50:52.915455863,6582.75,2025-08-07 14:51:04.959672423,6581.75,target,4,46.0
2025-08-08,38,long,2025-08-08 09:30:25.686109937,6635.5,2025-08-08 09:31:02.105314565,6636.5,target,4,46.0
2025-08-08,109,short,2025-08-08 13:25:03.075715881,6642.5,2025-08-08 13:25:42.237452285,6641.5,target,4,46.0
2025-08-08,136,long,2025-08-08 15:00:06.574112431,6643.25,2025-08-08 15:01:03.636020451,6644.25,target,4,46.0
2025-08-11,64,short,2025-08-11 11:39:34.250276049,6648.5,2025-08-11 11:40:51.025011411,6647.5,target,4,46.0
2025-08-11,106,short,2025-08-11 14:27:14.070798077,6631.0,2025-08-11 14:31:27.672241819,6630.0,target,4,46.0
2025-08-11,121,long,2025-08-11 14:59:31.930987929,6625.25,2025-08-11 14:59:37.952347971,6626.25,target,4,46.0
2025-08-12,75,long,2025-08-12 10:00:18.225634031,6667.75,2025-08-12 10:01:04.594089937,6668.75,target,4,46.0
2025-08-12,145,short,2025-08-12 14:59:00.850247697,6694.75,2025-08-12 14:59:13.304423327,6696.75,stop,-8,-104.0
2025-08-12,149,short,2025-08-12 15:00:57.510444661,6694.0,2025-08-12 15:07:16.942409405,6696.0,stop,-8,-104.0
2025-08-13,50,short,2025-08-13 10:03:56.727389995,6704.5,2025-08-13 10:04:30.016582153,6703.5,target,4,46.0
2025-08-13,132,long,2025-08-13 15:00:01.256051037,6718.0,2025-08-13 15:00:04.470406577,6719.0,target,4,46.0
2025-08-14,66,short,2025-08-14 10:34:28.743108153,6699.75,2025-08-14 10:35:26.896067123,6698.75,target,4,46.0
2025-08-14,92,long,2025-08-14 11:51:50.430552755,6705.75,2025-08-14 11:53:54.797543589,6706.75,target,4,46.0
2025-08-14,127,short,2025-08-14 14:27:12.275478415,6717.75,2025-08-14 14:27:25.209861013,6716.75,target,4,46.0
2025-08-14,135,long,2025-08-14 14:55:22.023336953,6722.5,2025-08-14 14:56:56.294026647,6720.5,stop,-8,-104.0
2025-08-15,123,short,2025-08-15 14:51:39.479757005,6698.75,2025-08-15 14:52:05.454632883,6697.75,target,4,46.0
2025-08-15,130,long,2025-08-15 14:59:48.095238603,6699.25,2025-08-15 15:00:08.462508943,6697.25,stop,-8,-104.0
2025-08-18,81,long,2025-08-18 13:31:55.000443753,6693.25,2025-08-18 13:36:46.032623131,6694.25,target,4,46.0
2025-08-18,82,long,2025-08-18 13:44:17.135664297,6694.75,2025-08-18 13:50:34.128664219,6695.75,target,4,46.0
2025-08-18,101,long,2025-08-18 14:59:57.471336629,6698.0,2025-08-18 15:00:00.055971515,6696.0,stop,-8,-104.0
2025-08-19,72,long,2025-08-19 10:35:06.146248831,6681.25,2025-08-19 10:35:43.183608685,6679.25,stop,-8,-104.0
2025-08-19,87,long,2025-08-19 11:23:14.538253657,6670.0,2025-08-19 11:24:24.103407035,6668.0,stop,-8,-104.0
2025-08-19,126,long,2025-08-19 13:53:36.859745631,6652.5,2025-08-19 13:53:58.483179745,6653.5,target,4,46.0
2025-08-19,135,long,2025-08-19 14:30:40.407075723,6655.0,2025-08-19 14:30:54.735645461,6656.0,target,4,46.0
2025-08-19,147,long,2025-08-19 14:59:49.791957889,6660.25,2025-08-19 14:59:55.478165065,6661.25,target,4,46.0
2025-08-20,43,short,2025-08-20 09:06:05.132394557,6610.75,2025-08-20 09:06:23.949234647,6612.75,stop,-8,-104.0
2025-08-20,104,short,2025-08-20 10:25:58.735724323,6621.0,2025-08-20 10:26:05.196074817,6620.0,target,4,46.0
2025-08-21,52,short,2025-08-21 09:37:18.826006779,6629.25,2025-08-21 09:37:40.318630173,6628.25,target,4,46.0
2025-08-21,89,short,2025-08-21 10:55:32.585516219,6615.75,2025-08-21 10:55:45.341062267,6617.75,stop,-8,-104.0
2025-08-21,94,short,2025-08-21 11:04:54.217821471,6611.25,2025-08-21 11:07:30.391999037,6613.25,stop,-8,-104.0
2025-08-21,101,short,2025-08-21 11:26:17.612780577,6614.0,2025-08-21 11:26:20.360433983,6613.0,target,4,46.0
2025-08-21,165,short,2025-08-21 15:00:07.892764241,6614.5,2025-08-21 15:00:36.466004161,6616.5,stop,-8,-104.0
2025-08-22,29,long,2025-08-22 09:01:34.533103101,6698.25,2025-08-22 09:01:36.251095251,6696.25,stop,-8,-104.0
2025-08-22,53,short,2025-08-22 09:10:31.210961583,6699.0,2025-08-22 09:10:33.979668229,6701.0,stop,-8,-104.0
2025-08-22,147,short,2025-08-22 11:41:52.122951993,6708.0,2025-08-22 11:42:04.393507685,6710.0,stop,-8,-104.0
2025-08-22,151,short,2025-08-22 11:57:33.967230303,6702.0,2025-08-22 11:59:14.899772535,6704.0,stop,-8,-104.0
2025-08-22,207,long,2025-08-22 15:06:06.545075543,6711.75,2025-08-22 15:06:48.488000217,6712.75,target,4,46.0
2025-08-25,47,long,2025-08-25 10:15:10.000714313,6705.5,2025-08-25 10:21:28.061045089,6706.5,target,4,46.0
2025-08-25,94,long,2025-08-25 14:39:28.588195435,6695.0,2025-08-25 14:43:02.790336465,6693.0,stop,-8,-104.0
2025-08-25,104,short,2025-08-25 14:59:40.730445479,6684.25,2025-08-25 14:59:47.286408073,6683.25,target,4,46.0
2025-08-26,30,long,2025-08-26 09:19:09.352138053,6686.75,2025-08-26 09:19:36.272720027,6684.75,stop,-8,-104.0
2025-08-26,70,short,2025-08-26 12:10:16.450286323,6687.25,2025-08-26 12:10:45.474843105,6686.25,target,4,46.0
2025-08-27,43,long,2025-08-27 10:39:28.280340747,6720.5,2025-08-27 10:40:29.347524923,6718.5,stop,-8,-104.0
2025-08-27,98,short,2025-08-27 14:59:07.626477915,6726.5,2025-08-27 14:59:15.252210987,6725.5,target,4,46.0
2025-08-27,101,short,2025-08-27 15:00:00.601378431,6721.0,2025-08-27 15:00:01.796483041,6723.0,stop,-8,-104.0
2025-08-28,68,short,2025-08-28 10:29:00.802869407,6716.75,2025-08-28 10:30:01.501381197,6718.75,stop,-8,-104.0
2025-08-28,107,long,2025-08-28 13:39:34.889247275,6744.25,2025-08-28 13:57:07.808177849,6745.25,target,4,46.0
2025-08-28,123,short,2025-08-28 14:55:00.170031279,6746.75,2025-08-28 14:55:06.292580759,6748.75,stop,-8,-104.0
2025-08-28,132,long,2025-08-28 15:04:39.584584547,6745.5,2025-08-28 15:05:06.904366017,6743.5,stop,-8,-104.0
2025-08-29,94,short,2025-08-29 11:18:56.595306463,6695.5,2025-08-29 11:19:38.833135749,6697.5,stop,-8,-104.0
2025-08-29,130,short,2025-08-29 14:27:06.886996965,6697.75,2025-08-29 14:27:56.593492931,6696.75,target,4,46.0
2025-08-29,152,long,2025-08-29 14:59:59.325657523,6703.0,2025-08-29 15:00:00.190388883,6704.0,target,4,46.0
2025-09-02,39,long,2025-09-02 08:56:41.162662591,6644.0,2025-09-02 08:57:23.854485727,6642.0,stop,-8,-104.0
2025-09-02,113,short,2025-09-02 11:04:30.362005249,6601.25,2025-09-02 11:04:53.771815683,6600.25,target,4,46.0
2025-09-02,159,short,2025-09-02 13:43:10.960718721,6624.0,2025-09-02 13:44:59.501180455,6626.0,stop,-8,-104.0
2025-09-03,125,short,2025-09-03 13:12:48.991576507,6656.5,2025-09-03 13:13:12.065844481,6658.5,stop,-8,-104.0
2025-09-03,152,long,2025-09-03 14:50:00.307674749,6677.0,2025-09-03 14:50:30.396611491,6678.0,target,4,46.0
2025-09-04,94,long,2025-09-04 13:15:08.888470843,6723.75,2025-09-04 13:16:09.481034693,6724.75,target,4,46.0
2025-09-04,98,short,2025-09-04 13:44:13.396538463,6721.75,2025-09-04 13:49:28.647843623,6723.75,stop,-8,-104.0
2025-09-05,62,long,2025-09-05 09:27:17.671998065,6718.0,2025-09-05 09:27:59.031655027,6716.0,stop,-8,-104.0
2025-09-05,199,short,2025-09-05 13:35:31.332224805,6704.5,2025-09-05 13:37:03.627737733,6706.5,stop,-8,-104.0
2025-09-08,91,long,2025-09-08 12:54:46.773978597,6722.5,2025-09-08 12:56:40.671630893,6720.5,stop,-8,-104.0
2025-09-08,101,long,2025-09-08 13:46:12.820406629,6729.75,2025-09-08 13:48:36.945869231,6730.75,target,4,46.0
2025-09-08,109,short,2025-09-08 14:22:08.481564605,6721.75,2025-09-08 14:23:07.341514079,6720.75,target,4,46.0
2025-09-09,25,short,2025-09-09 14:10:25.207090201,6741.75,2025-09-09 14:12:11.485874899,6740.75,target,4,46.0
2025-09-09,28,long,2025-09-09 14:28:45.327227617,6746.0,2025-09-09 14:37:34.138012207,6744.0,stop,-8,-104.0
2025-09-09,40,short,2025-09-09 14:59:52.482397801,6749.5,2025-09-09 14:59:53.696008285,6748.5,target,4,46.0
2025-09-09,43,long,2025-09-09 15:05:55.364030271,6747.5,2025-09-09 15:06:51.573659617,6748.5,target,4,46.0
2025-09-10,79,long,2025-09-10 11:12:18.266572131,6777.25,2025-09-10 11:17:59.809068307,6775.25,stop,-8,-104.0
2025-09-10,114,long,2025-09-10 13:28:22.478349643,6761.75,2025-09-10 13:29:24.141291595,6759.75,stop,-8,-104.0
2025-09-10,125,short,2025-09-10 14:06:58.150531739,6757.75,2025-09-10 14:07:33.721794037,6759.75,stop,-8,-104.0
2025-09-11,87,long,2025-09-11 12:33:07.953600627,6817.5,2025-09-11 12:40:41.177720473,6818.5,target,4,46.0
2025-09-11,121,long,2025-09-11 14:59:57.947586103,6820.25,2025-09-11 15:00:03.173805831,6818.25,stop,-8,-104.0
2025-09-11,124,long,2025-09-11 15:05:00.590422309,6820.25,2025-09-11 15:05:51.232761759,6821.25,target,4,46.0
2025-09-12,85,short,2025-09-12 14:40:55.282334623,6813.5,2025-09-12 14:41:12.854838657,6812.5,target,4,46.0
2025-09-12,95,long,2025-09-12 14:59:00.063358421,6820.25,2025-09-12 14:59:12.166215343,6818.25,stop,-8,-104.0
2025-09-12,98,short,2025-09-12 15:00:00.656982211,6814.5,2025-09-12 15:00:20.168432749,6813.5,target,4,46.0
2025-09-15,44,short,2025-09-15 11:57:34.760043813,6843.0,2025-09-15 11:58:03.345786785,6842.0,target,4,46.0
2025-09-15,60,short,2025-09-15 13:42:34.315753503,6837.75,2025-09-15 13:43:20.306887697,6836.75,target,4,46.0
2025-09-16,90,short,2025-09-16 14:09:07.215145661,6844.5,2025-09-16 14:14:50.454617955,6846.5,stop,-8,-104.0
2025-09-16,99,long,2025-09-16 14:46:49.806703285,6843.5,2025-09-16 14:50:00.012712235,6844.5,target,4,46.0
2025-09-16,110,long,2025-09-16 15:00:54.318796447,6840.0,2025-09-16 15:02:40.005048119,6841.0,target,4,46.0
2025-09-17,203,short,2025-09-17 14:50:11.514185111,6830.5,2025-09-17 14:50:18.117400251,6832.5,stop,-8,-104.0
2025-09-17,212,short,2025-09-17 14:59:16.023076393,6825.25,2025-09-17 14:59:18.956715959,6827.25,stop,-8,-104.0
2025-09-18,59,short,2025-09-18 09:50:27.026134677,6872.0,2025-09-18 09:52:02.669297279,6871.0,target,4,46.0
2025-09-18,69,short,2025-09-18 10:13:48.292194093,6866.0,2025-09-18 10:13:54.967499189,6865.0,target,4,46.0
2025-09-18,106,short,2025-09-18 12:24:03.264007023,6875.25,2025-09-18 12:24:59.411411055,6874.25,target,4,46.0
2025-09-19,98,short,2025-09-19 13:47:55.377748383,6882.75,2025-09-19 13:56:07.761607759,6884.75,stop,-8,-104.0
2025-09-19,108,long,2025-09-19 14:27:18.535281251,6894.5,2025-09-19 14:27:41.568070513,6895.5,target,4,46.0
2025-09-19,125,short,2025-09-19 14:59:03.264444873,6896.25,2025-09-19 14:59:22.971219817,6895.25,target,4,46.0
2025-09-22,111,short,2025-09-22 15:07:03.002828283,6919.25,2025-09-22 15:08:47.760672495,6918.25,target,4,46.0
2025-09-23,28,short,2025-09-23 09:35:12.540419237,6916.0,2025-09-23 09:41:04.973900335,6918.0,stop,-8,-104.0
2025-09-23,95,short,2025-09-23 12:51:29.043341241,6883.75,2025-09-23 12:51:55.922467335,6885.75,stop,-8,-104.0
2025-09-24,122,short,2025-09-24 13:48:28.249790747,6858.75,2025-09-24 13:48:38.037160269,6857.75,target,4,46.0
2025-09-24,132,long,2025-09-24 14:33:48.826739483,6862.25,2025-09-24 14:35:40.634828045,6860.25,stop,-8,-104.0
2025-09-24,136,long,2025-09-24 14:48:15.900593137,6862.25,2025-09-24 14:48:50.280061159,6863.25,target,4,46.0
2025-09-24,146,long,2025-09-24 15:00:02.641338025,6864.25,2025-09-24 15:00:05.474484569,6865.25,target,4,46.0
2025-09-24,147,long,2025-09-24 15:01:34.666379515,6866.5,2025-09-24 15:03:50.001191253,6867.5,target,4,46.0
2025-09-25,112,short,2025-09-25 11:14:50.480821383,6837.5,2025-09-25 11:15:39.644735963,6839.5,stop,-8,-104.0
2025-09-25,188,short,2025-09-25 14:08:09.207742555,6827.5,2025-09-25 14:09:41.146375883,6829.5,stop,-8,-104.0
2025-09-26,39,short,2025-09-26 09:13:17.100249517,6843.25,2025-09-26 09:13:22.509592297,6845.25,stop,-8,-104.0
2025-09-26,171,long,2025-09-26 15:04:28.591584741,6870.0,2025-09-26 15:13:47.177167851,6871.0,target,4,46.0
2025-09-29,29,long,2025-09-29 09:15:29.611553529,6897.25,2025-09-29 09:16:17.615366049,6895.25,stop,-8,-104.0
2025-09-29,52,short,2025-09-29 10:17:58.392569159,6881.5,2025-09-29 10:18:48.042970271,6883.5,stop,-8,-104.0
2025-09-29,80,short,2025-09-29 11:45:21.202907479,6879.0,2025-09-29 11:46:22.775394629,6881.0,stop,-8,-104.0
2025-09-29,117,long,2025-09-29 14:19:43.592880757,6872.5,2025-09-29 14:22:57.481026685,6873.5,target,4,46.0
2025-09-30,89,long,2025-09-30 11:15:20.652686691,6877.5,2025-09-30 11:15:35.452280745,6875.5,stop,-8,-104.0
2025-09-30,166,short,2025-09-30 14:54:50.055183357,6912.0,2025-09-30 14:54:57.392330761,6911.0,target,4,46.0
2025-09-30,174,short,2025-09-30 14:59:56.064875043,6909.5,2025-09-30 14:59:58.607113611,6908.5,target,4,46.0
2025-09-30,176,short,2025-09-30 14:59:59.528873293,6906.75,2025-09-30 15:00:00.101130869,6908.75,stop,-8,-104.0
2025-10-01,118,short,2025-10-01 14:21:26.309902227,6934.75,2025-10-01 14:25:11.107198933,6933.75,target,4,46.0
2025-10-01,136,short,2025-10-01 15:00:45.474204851,6929.25,2025-10-01 15:03:31.991662661,6928.25,target,4,46.0
2025-10-02,45,long,2025-10-02 09:38:44.414367747,6932.25,2025-10-02 09:39:04.700855441,6933.25,target,4,46.0
2025-10-02,57,short,2025-10-02 10:02:20.030670369,6918.75,2025-10-02 10:03:55.686469617,6917.75,target,4,46.0
2025-10-02,139,long,2025-10-02 14:59:08.605497903,6937.25,2025-10-02 14:59:52.657198509,6938.25,target,4,46.0
2025-10-03,22,long,2025-10-03 09:07:06.272192133,6947.75,2025-10-03 09:07:38.417245635,6948.75,target,4,46.0
2025-10-03,162,short,2025-10-03 14:56:33.386877887,6934.5,2025-10-03 14:57:23.939531763,6933.5,target,4,46.0
2025-10-06,30,long,2025-10-06 09:11:25.957083855,6940.0,2025-10-06 09:12:02.340978995,6941.0,target,4,46.0
2025-10-06,70,long,2025-10-06 11:22:41.316855559,6959.0,2025-10-06 11:24:15.688807561,6960.0,target,4,46.0
2025-10-06,86,short,2025-10-06 12:44:55.458919761,6962.25,2025-10-06 12:48:04.868224553,6964.25,stop,-8,-104.0
2025-10-06,97,long,2025-10-06 13:46:58.695088023,6966.25,2025-10-06 13:56:44.267771721,6964.25,stop,-8,-104.0
2025-10-07,46,short,2025-10-07 10:05:39.208703293,6941.75,2025-10-07 10:05:41.479110553,6940.75,target,4,46.0
2025-10-07,56,long,2025-10-07 10:10:49.212795899,6935.75,2025-10-07 10:11:07.430217647,6936.75,target,4,46.0
2025-10-07,104,long,2025-10-07 11:15:54.907250523,6923.75,2025-10-07 11:16:05.580077035,6921.75,stop,-8,-104.0
2025-10-08,42,short,2025-10-08 09:50:39.118195683,6957.0,2025-10-08 09:51:42.119614397,6956.0,target,4,46.0
2025-10-08,82,short,2025-10-08 13:00:29.380613797,6967.0,2025-10-08 13:01:35.590536181,6969.0,stop,-8,-104.0
2025-10-08,107,short,2025-10-08 14:53:58.710522339,6970.25,2025-10-08 14:54:40.034259843,6972.25,stop,-8,-104.0
2025-10-08,113,long,2025-10-08 15:00:00.003624525,6973.0,2025-10-08 15:00:43.485451741,6971.0,stop,-8,-104.0
2025-10-08,115,long,2025-10-08 15:05:15.198013445,6973.5,2025-10-08 15:14:59.699145467,6974.0,eod,2,21.0
2025-10-09,36,short,2025-10-09 09:26:12.964516541,6953.5,2025-10-09 09:28:05.947932161,6952.5,target,4,46.0
2025-10-09,51,long,2025-10-09 09:51:21.153200433,6950.75,2025-10-09 09:53:06.233157021,6948.75,stop,-8,-104.0
2025-10-09,90,short,2025-10-09 11:40:15.171940737,6947.25,2025-10-09 11:40:33.759414667,6946.25,target,4,46.0
2025-10-09,120,short,2025-10-09 12:52:12.891227419,6939.25,2025-10-09 12:53:01.778853271,6941.25,stop,-8,-104.0
2025-10-10,57,short,2025-10-10 09:58:01.222080543,6945.75,2025-10-10 09:58:02.026950293,6947.75,stop,-8,-104.0
2025-10-10,115,short,2025-10-10 10:19:18.377332767,6887.25,2025-10-10 10:19:19.764011541,6886.25,target,4,46.0
2025-10-10,327,short,2025-10-10 13:44:38.017168667,6814.5,2025-10-10 13:44:57.953025795,6813.5,target,4,46.0
2025-10-10,399,long,2025-10-10 15:02:27.659425575,6766.0,2025-10-10 15:02:35.621118535,6767.0,target,4,46.0
2025-10-13,94,long,2025-10-13 10:00:11.655168255,6838.25,2025-10-13 10:00:15.816356011,6836.25,stop,-8,-104.0
2025-10-13,134,long,2025-10-13 11:23:48.142385871,6868.5,2025-10-13 11:24:09.474033205,6869.5,target,4,46.0
2025-10-13,197,long,2025-10-13 14:38:54.739117239,6867.0,2025-10-13 14:40:36.002336543,6868.0,target,4,46.0
2025-10-13,208,long,2025-10-13 14:59:37.136790053,6866.5,2025-10-13 14:59:50.384797433,6864.5,stop,-8,-104.0
2025-10-14,134,long,2025-10-14 10:50:58.411506133,6858.5,2025-10-14 10:51:32.467523123,6859.5,target,4,46.0
2025-10-14,253,short,2025-10-14 14:44:40.609418975,6838.75,2025-10-14 14:44:49.638337831,6840.75,stop,-8,-104.0
2025-10-14,272,short,2025-10-14 14:59:33.957922809,6855.0,2025-10-14 14:59:39.405191445,6857.0,stop,-8,-104.0
2025-10-15,119,long,2025-10-15 10:58:23.543326499,6887.75,2025-10-15 10:58:57.038580653,6885.75,stop,-8,-104.0
2025-10-15,179,short,2025-10-15 12:14:40.731494075,6833.75,2025-10-15 12:14:50.749932435,6832.75,target,4,46.0
2025-10-15,180,short,2025-10-15 12:15:05.018514155,6830.75,2025-10-15 12:15:05.807970073,6829.75,target,4,46.0
2025-10-15,293,short,2025-10-15 15:07:55.324550997,6885.5,2025-10-15 15:10:00.329058949,6887.5,stop,-8,-104.0
2025-10-16,58,long,2025-10-16 09:33:10.886280795,6907.25,2025-10-16 09:33:21.550486967,6905.25,stop,-8,-104.0
2025-10-16,302,long,2025-10-16 13:41:37.031795947,6821.25,2025-10-16 13:41:38.584887091,6822.25,target,4,46.0
2025-10-17,42,short,2025-10-17 08:58:41.654972981,6844.25,2025-10-17 08:58:48.374395951,6843.25,target,4,46.0
2025-10-17,139,long,2025-10-17 10:35:04.819776977,6822.25,2025-10-17 10:35:30.111414225,6823.25,target,4,46.0
2025-10-17,235,long,2025-10-17 13:28:42.740379473,6879.0,2025-10-17 13:28:49.711058843,6880.0,target,4,46.0
2025-10-20,51,short,2025-10-20 10:00:15.129631251,6942.75,2025-10-20 10:00:33.935767031,6941.75,target,4,46.0
2025-10-20,124,long,2025-10-20 14:48:35.346227287,6951.75,2025-10-20 14:49:12.619044947,6949.75,stop,-8,-104.0
2025-10-20,128,short,2025-10-20 14:57:11.858919005,6945.75,2025-10-20 14:58:00.193203539,6944.75,target,4,46.0
2025-10-20,132,short,2025-10-20 14:59:57.398963069,6943.25,2025-10-20 15:00:09.842303593,6942.25,target,4,46.0
2025-10-21,42,long,2025-10-21 09:30:09.789071849,6938.0,2025-10-21 09:30:34.191199695,6936.0,stop,-8,-104.0
2025-10-21,120,short,2025-10-21 12:32:31.057461425,6943.5,2025-10-21 12:33:24.082104109,6945.5,stop,-8,-104.0
2025-10-21,158,long,2025-10-21 15:00:04.439022711,6945.0,2025-10-21 15:00:05.946265053,6946.0,target,4,46.0
2025-10-22,223,short,2025-10-22 12:50:14.153107915,6872.0,2025-10-22 12:50:25.401945131,6871.0,target,4,46.0
2025-10-22,266,short,2025-10-22 14:01:15.353790585,6891.75,2025-10-22 14:01:34.730825969,6890.75,target,4,46.0
2025-10-22,297,short,2025-10-22 14:55:45.383286873,6907.25,2025-10-22 14:56:12.796693105,6909.25,stop,-8,-104.0
2025-10-23,141,long,2025-10-23 13:50:10.550081205,6954.75,2025-10-23 13:53:50.819969065,6955.75,target,4,46.0
2025-10-23,164,long,2025-10-23 15:01:03.923162981,6947.0,2025-10-23 15:04:30.146633317,6948.0,target,4,46.0
2025-10-24,38,short,2025-10-24 09:15:45.451136171,7002.25,2025-10-24 09:16:04.318247615,7001.25,target,4,46.0
2025-10-24,80,short,2025-10-24 10:35:13.881841515,7005.0,2025-10-24 10:36:06.580193665,7007.0,stop,-8,-104.0
2025-10-24,131,short,2025-10-24 14:45:02.623714459,7003.5,2025-10-24 14:45:23.203969599,7005.5,stop,-8,-104.0
2025-10-24,137,short,2025-10-24 14:55:38.147381841,7000.25,2025-10-24 14:56:00.029506065,7002.25,stop,-8,-104.0
2025-10-27,103,long,2025-10-27 14:54:16.110747583,7081.0,2025-10-27 14:54:20.060064679,7082.0,target,4,46.0
2025-10-27,109,short,2025-10-27 14:59:58.038199947,7078.25,2025-10-27 15:00:05.325159361,7080.25,stop,-8,-104.0
2025-10-28,35,long,2025-10-28 09:36:43.514942157,7088.0,2025-10-28 09:37:18.616849295,7089.0,target,4,46.0
2025-10-28,36,short,2025-10-28 09:39:37.249093679,7086.0,2025-10-28 09:40:04.699299725,7085.0,target,4,46.0
2025-10-28,49,short,2025-10-28 10:27:06.546459391,7080.5,2025-10-28 10:27:09.207356641,7079.5,target,4,46.0
2025-10-28,55,long,2025-10-28 10:47:04.711563225,7078.25,2025-10-28 10:48:17.388218751,7079.25,target,4,46.0
2025-10-29,32,short,2025-10-29 09:38:44.075957073,7112.5,2025-10-29 09:40:53.481101215,7111.5,target,4,46.0
2025-10-29,109,short,2025-10-29 13:35:24.104489521,7106.25,2025-10-29 13:35:24.489008371,7105.25,target,4,46.0
2025-10-29,167,short,2025-10-29 14:02:14.357093047,7080.5,2025-10-29 14:02:16.229782951,7079.5,target,4,46.0
2025-10-30,24,long,2025-10-30 08:46:06.538724367,7056.0,2025-10-30 08:46:22.135564833,7057.0,target,4,46.0
2025-10-30,39,short,2025-10-30 08:57:47.308720495,7072.25,2025-10-30 08:57:55.882269043,7074.25,stop,-8,-104.0
2025-10-30,104,long,2025-10-30 10:10:20.360454227,7077.0,2025-10-30 10:10:53.594572265,7078.0,target,4,46.0
2025-10-30,198,long,2025-10-30 14:18:36.692106427,7039.25,2025-10-30 14:18:42.754716411,7040.25,target,4,46.0
2025-10-31,81,long,2025-10-31 10:44:55.191090225,7055.0,2025-10-31 10:44:56.104236873,7056.0,target,4,46.0
2025-10-31,150,long,2025-10-31 12:42:46.815649275,7024.0,2025-10-31 12:43:33.770527075,7025.0,target,4,46.0
2025-11-03,44,short,2025-11-03 09:24:04.337055897,7038.75,2025-11-03 09:24:11.830373461,7037.75,target,4,46.0
2025-11-03,138,long,2025-11-03 13:26:32.858027313,7055.75,2025-11-03 13:30:36.373857567,7056.75,target,4,46.0
2025-11-03,155,short,2025-11-03 14:33:42.501216857,7050.25,2025-11-03 14:34:46.222726451,7049.25,target,4,46.0
2025-11-03,161,long,2025-11-03 14:53:46.362903473,7050.25,2025-11-03 14:54:17.171814549,7051.25,target,4,46.0
2025-11-03,167,long,2025-11-03 14:59:57.002663181,7054.25,2025-11-03 14:59:59.324732697,7055.25,target,4,46.0
2025-11-04,116,long,2025-11-04 11:23:50.497040831,6989.5,2025-11-04 11:24:10.080003961,6987.25,stop,-9,-116.5
2025-11-04,138,long,2025-11-04 12:15:09.973035093,6979.75,2025-11-04 12:16:25.919622555,6977.75,stop,-8,-104.0
2025-11-04,141,short,2025-11-04 12:20:24.999454815,6970.75,2025-11-04 12:21:30.790163323,6972.75,stop,-8,-104.0
2025-11-04,182,long,2025-11-04 13:59:36.429202919,6972.5,2025-11-04 14:01:04.468004993,6973.5,target,4,46.0
2025-11-04,190,short,2025-11-04 14:20:11.306051317,6977.5,2025-11-04 14:20:12.748157589,6976.5,target,4,46.0
2025-11-05,69,long,2025-11-05 09:58:46.345753363,6995.25,2025-11-05 09:58:57.512863535,6996.25,target,4,46.0
2025-11-05,99,short,2025-11-05 11:08:51.465701157,7010.5,2025-11-05 11:11:23.053375383,7012.5,stop,-8,-104.0
2025-11-05,111,short,2025-11-05 11:50:39.556486843,7022.0,2025-11-05 11:53:10.883537827,7024.0,stop,-8,-104.0
2025-11-05,160,short,2025-11-05 14:59:44.648864517,6995.0,2025-11-05 14:59:51.107400785,6997.0,stop,-8,-104.0
2025-11-06,62,short,2025-11-06 09:25:27.867465729,6967.75,2025-11-06 09:25:43.387113747,6970.0,stop,-9,-116.5
2025-11-06,76,short,2025-11-06 09:40:03.753287715,6936.0,2025-11-06 09:40:11.016161621,6935.0,target,4,46.0
2025-11-06,78,long,2025-11-06 09:41:20.182754773,6936.5,2025-11-06 09:41:22.657994907,6934.5,stop,-8,-104.0
2025-11-06,186,long,2025-11-06 12:15:11.060438721,6915.5,2025-11-06 12:15:21.187092547,6916.5,target,4,46.0
2025-11-07,49,short,2025-11-07 09:06:53.060463785,6855.0,2025-11-07 09:06:58.009351905,6857.0,stop,-8,-104.0
2025-11-07,65,short,2025-11-07 09:18:44.922655469,6876.75,2025-11-07 09:18:50.325299653,6878.75,stop,-8,-104.0
2025-11-07,138,short,2025-11-07 10:54:51.514503659,6838.75,2025-11-07 10:55:02.349115245,6840.75,stop,-8,-104.0
2025-11-07,276,long,2025-11-07 14:57:38.132738345,6920.25,2025-11-07 14:58:07.890932683,6921.25,target,4,46.0
2025-11-07,280,long,2025-11-07 14:59:54.261957365,6925.0,2025-11-07 14:59:58.013434739,6926.0,target,4,46.0
2025-11-10,151,long,2025-11-10 13:51:21.352541231,7025.75,2025-11-10 13:51:28.445753193,7026.75,target,4,46.0
2025-11-11,76,long,2025-11-11 10:31:25.915051051,7006.25,2025-11-11 10:31:31.832651047,7007.25,target,4,46.0
2025-11-11,123,long,2025-11-11 12:29:25.010461313,7045.0,2025-11-11 12:29:55.135757293,7043.0,stop,-8,-104.0
2025-11-11,159,short,2025-11-11 14:40:02.304422085,7040.5,2025-11-11 14:40:24.623240417,7042.5,stop,-8,-104.0
2025-11-11,169,short,2025-11-11 14:58:33.954856707,7039.0,2025-11-11 14:59:04.820704425,7038.0,target,4,46.0
2025-11-12,124,long,2025-11-12 11:53:24.963823335,7044.5,2025-11-12 11:53:38.213066607,7042.5,stop,-8,-104.0
2025-11-12,185,short,2025-11-12 14:58:34.083827841,7041.0,2025-11-12 14:59:17.255263939,7043.0,stop,-8,-104.0
2025-11-12,190,short,2025-11-12 15:01:12.522048129,7047.25,2025-11-12 15:02:50.427817131,7049.25,stop,-8,-104.0
2025-11-13,259,short,2025-11-13 14:02:57.962392405,6925.25,2025-11-13 14:03:06.776419667,6924.25,target,4,46.0
2025-11-13,263,long,2025-11-13 14:08:52.818066581,6930.0,2025-11-13 14:09:38.873191861,6931.0,target,4,46.0
2025-11-13,301,long,2025-11-13 14:59:05.928292953,6929.25,2025-11-13 14:59:15.168948089,6927.25,stop,-8,-104.0
2025-11-13,310,long,2025-11-13 15:07:01.516738773,6943.75,2025-11-13 15:09:24.009350503,6944.75,target,4,46.0
2025-11-14,109,long,2025-11-14 09:46:09.196029485,6929.75,2025-11-14 09:46:15.342520573,6927.75,stop,-8,-104.0
2025-11-14,181,short,2025-11-14 11:41:44.403250715,6958.25,2025-11-14 11:41:48.964466691,6957.25,target,4,46.0
2025-11-14,227,short,2025-11-14 13:04:21.919683593,6938.5,2025-11-14 13:05:08.982599125,6937.5,target,4,46.0
2025-11-14,279,short,2025-11-14 14:56:57.306542177,6924.5,2025-11-14 14:57:14.369059935,6923.5,target,4,46.0
2025-11-14,287,long,2025-11-14 15:06:51.720156775,6928.75,2025-11-14 15:06:55.251855365,6929.75,target,4,46.0
2025-11-17,59,long,2025-11-17 09:35:01.347327173,6918.75,2025-11-17 09:35:06.713360949,6916.75,stop,-8,-104.0
2025-11-17,145,short,2025-11-17 12:02:03.277044087,6893.75,2025-11-17 12:02:09.145857281,6892.75,target,4,46.0
2025-11-17,196,short,2025-11-17 13:27:40.717590351,6857.25,2025-11-17 13:27:56.156429177,6859.25,stop,-8,-104.0
2025-11-17,229,long,2025-11-17 14:16:01.740807611,6840.25,2025-11-17 14:16:20.485008449,6841.25,target,4,46.0
2025-11-17,258,long,2025-11-17 14:55:27.445570035,6864.0,2025-11-17 14:55:38.056289737,6862.0,stop,-8,-104.0
2025-11-18,183,short,2025-11-18 10:21:57.666551885,6800.75,2025-11-18 10:22:00.985566365,6802.75,stop,-8,-104.0
2025-11-18,255,long,2025-11-18 11:42:03.633170719,6828.0,2025-11-18 11:42:08.724371377,6826.0,stop,-8,-104.0
2025-11-18,410,short,2025-11-18 14:59:15.901615579,6809.0,2025-11-18 14:59:30.049956033,6811.0,stop,-8,-104.0
2025-11-19,51,long,2025-11-19 09:15:03.503530699,6874.25,2025-11-19 09:15:06.412821585,6875.25,target,4,46.0
2025-11-19,230,short,2025-11-19 13:04:20.675456927,6824.25,2025-11-19 13:04:46.627550875,6826.25,stop,-8,-104.0
2025-11-20,169,long,2025-11-20 10:43:03.144884947,6852.5,2025-11-20 10:43:08.617889039,6853.5,target,4,46.0
2025-11-20,461,short,2025-11-20 14:23:09.568988487,6773.75,2025-11-20 14:23:14.899182115,6772.75,target,4,46.0
2025-11-20,505,long,2025-11-20 14:59:55.018641705,6730.25,2025-11-20 14:59:57.417081167,6731.25,target,4,46.0
2025-11-21,244,long,2025-11-21 11:42:45.528007203,6811.0,2025-11-21 11:42:59.900761263,6812.0,target,4,46.0
2025-11-21,274,short,2025-11-21 12:25:02.354208823,6777.5,2025-11-21 12:25:08.754822959,6779.5,stop,-8,-104.0
2025-11-24,54,long,2025-11-24 09:09:10.121035103,6854.25,2025-11-24 09:09:13.674060915,6852.25,stop,-8,-104.0
2025-11-24,117,short,2025-11-24 10:47:44.166252093,6883.0,2025-11-24 10:48:01.726057367,6885.0,stop,-8,-104.0
2025-11-24,135,long,2025-11-24 11:30:12.653362973,6885.5,2025-11-24 11:31:16.924737657,6883.5,stop,-8,-104.0
2025-11-24,162,long,2025-11-24 12:55:32.806065251,6897.5,2025-11-24 12:55:42.898025179,6895.5,stop,-8,-104.0
2025-11-25,69,short,2025-11-25 09:20:22.118247083,6880.5,2025-11-25 09:20:25.534367673,6879.5,target,4,46.0
2025-11-25,141,short,2025-11-25 11:01:18.136505061,6919.25,2025-11-25 11:02:01.916827785,6918.25,target,4,46.0
2025-11-25,213,long,2025-11-25 14:31:10.274822781,6948.5,2025-11-25 14:31:20.534312679,6949.5,target,4,46.0
2025-11-25,221,long,2025-11-25 14:50:00.075876353,6959.5,2025-11-25 14:50:00.243321111,6957.5,stop,-8,-104.0
2025-11-25,225,short,2025-11-25 14:54:53.285222731,6957.5,2025-11-25 14:55:05.159772971,6959.5,stop,-8,-104.0
2025-11-26,100,long,2025-11-26 11:01:51.119081695,7015.25,2025-11-26 11:04:09.194119161,7013.25,stop,-8,-104.0
2025-11-26,133,short,2025-11-26 12:24:32.912734489,7009.5,2025-11-26 12:25:18.357186705,7011.5,stop,-8,-104.0
2025-11-26,171,short,2025-11-26 14:33:27.644169773,7009.75,2025-11-26 14:34:45.006590717,7011.75,stop,-8,-104.0
2025-11-26,180,short,2025-11-26 14:55:34.807384775,7001.5,2025-11-26 14:56:09.942492335,7003.5,stop,-8,-104.0
2025-11-28,40,long,2025-11-28 11:55:05.591060931,7025.5,2025-11-28 11:55:37.124577213,7026.5,target,4,46.0
2025-12-01,111,long,2025-12-01 11:45:30.879257503,7023.0,2025-12-01 11:46:00.612719599,7024.0,target,4,46.0
2025-12-01,149,short,2025-12-01 13:59:39.012497735,6997.25,2025-12-01 14:00:10.278112869,6999.25,stop,-8,-104.0
2025-12-01,158,long,2025-12-01 14:30:00.395528391,7003.75,2025-12-01 14:31:00.039968127,7001.75,stop,-8,-104.0
2025-12-01,180,short,2025-12-01 15:07:57.073295859,6997.5,2025-12-01 15:09:31.788887427,6996.5,target,4,46.0
2025-12-02,159,short,2025-12-02 12:57:35.729663409,7004.0,2025-12-02 12:58:19.321543997,7003.0,target,4,46.0
2025-12-02,190,long,2025-12-02 14:46:13.431551095,7021.75,2025-12-02 14:47:16.560906399,7022.75,target,4,46.0
2025-12-03,35,short,2025-12-03 09:05:44.686594307,7013.5,2025-12-03 09:06:00.462664795,7012.5,target,4,46.0
2025-12-03,46,short,2025-12-03 09:19:31.734698329,7009.5,2025-12-03 09:19:48.656085613,7011.5,stop,-8,-104.0
2025-12-03,79,long,2025-12-03 10:17:33.104166101,7021.0,2025-12-03 10:17:45.284299337,7019.0,stop,-8,-104.0
2025-12-03,103,long,2025-12-03 11:12:36.458200617,7022.25,2025-12-03 11:13:20.577456985,7023.25,target,4,46.0
2025-12-03,141,long,2025-12-03 14:12:02.448349857,7044.0,2025-12-03 14:12:33.264745105,7042.0,stop,-8,-104.0
2025-12-04,24,long,2025-12-04 08:53:00.073861629,7027.25,2025-12-04 08:53:40.683274233,7025.25,stop,-8,-104.0
2025-12-04,41,short,2025-12-04 09:24:00.749676587,7027.75,2025-12-04 09:24:10.150334841,7026.75,target,4,46.0
2025-12-04,128,long,2025-12-04 13:25:14.479369997,7016.0,2025-12-04 13:26:00.220709325,7014.0,stop,-8,-104.0
2025-12-05,107,long,2025-12-05 11:54:34.303450609,7055.5,2025-12-05 11:55:11.720922637,7053.5,stop,-8,-104.0
2025-12-05,109,long,2025-12-05 12:00:12.938243623,7055.5,2025-12-05 12:05:19.134468947,7056.5,target,4,46.0
2025-12-05,146,short,2025-12-05 14:40:13.632082917,7048.75,2025-12-05 14:41:49.717449009,7047.75,target,4,46.0
2025-12-05,162,long,2025-12-05 15:01:38.682666063,7050.5,2025-12-05 15:07:47.090031405,7051.5,target,4,46.0
2025-12-08,43,short,2025-12-08 09:55:29.620145693,7029.25,2025-12-08 09:55:32.852484873,7028.25,target,4,46.0
2025-12-08,110,long,2025-12-08 13:15:15.597203327,7011.25,2025-12-08 13:17:22.695973623,7012.25,target,4,46.0
2025-12-08,134,long,2025-12-08 14:57:13.889549163,7017.5,2025-12-08 14:57:34.558996099,7018.5,target,4,46.0
2025-12-08,142,short,2025-12-08 15:02:14.089168023,7025.5,2025-12-08 15:06:14.201835945,7024.5,target,4,46.0
2025-12-09,58,long,2025-12-09 10:48:29.051805531,7038.5,2025-12-09 10:49:01.012929903,7039.5,target,4,46.0
2025-12-09,62,long,2025-12-09 11:05:36.082725809,7042.0,2025-12-09 11:06:24.540981819,7043.0,target,4,46.0
2025-12-09,88,long,2025-12-09 12:48:08.063976551,7026.5,2025-12-09 12:48:26.618107085,7027.5,target,4,46.0
2025-12-09,100,long,2025-12-09 13:50:14.960533699,7025.75,2025-12-09 13:52:24.913224007,7026.75,target,4,46.0
2025-12-10,155,short,2025-12-10 14:00:29.836781303,7063.5,2025-12-10 14:00:37.461129881,7065.5,stop,-8,-104.0
2025-12-10,186,short,2025-12-10 14:57:29.042380281,7064.25,2025-12-10 14:58:00.006680931,7063.25,target,4,46.0
2025-12-11,147,long,2025-12-11 12:08:42.967934285,7066.75,2025-12-11 12:10:06.604408297,7067.75,target,4,46.0
2025-12-11,195,long,2025-12-11 14:59:48.878652567,7077.25,2025-12-11 14:59:54.777687535,7078.25,target,4,46.0
2025-12-12,72,long,2025-12-12 09:46:06.507021399,7039.5,2025-12-12 09:46:21.300748837,7037.5,stop,-8,-104.0
2025-12-12,84,short,2025-12-12 09:58:21.612500655,7003.0,2025-12-12 09:58:22.059751813,7002.0,target,4,46.0
2025-12-12,87,short,2025-12-12 09:59:10.009609443,6999.0,2025-12-12 09:59:17.643433809,6998.0,target,4,46.0
2025-12-15,76,long,2025-12-15 10:17:52.491030743,7006.75,2025-12-15 10:18:00.049893217,7007.75,target,4,46.0
2025-12-15,113,long,2025-12-15 12:03:56.900655187,6990.0,2025-12-15 12:04:46.159947869,6988.0,stop,-8,-104.0
2025-12-15,161,short,2025-12-15 14:59:56.890012257,6990.5,2025-12-15 14:59:59.442098615,6989.5,target,4,46.0
2025-12-16,92,short,2025-12-16 09:49:04.426523307,6964.0,2025-12-16 09:49:10.780487147,6966.0,stop,-8,-104.0
2025-12-16,193,long,2025-12-16 12:56:28.154971899,6959.5,2025-12-16 12:56:31.886906647,6957.5,stop,-8,-104.0
2025-12-16,222,long,2025-12-16 14:04:16.676396235,6964.25,2025-12-16 14:04:30.045694651,6965.25,target,4,46.0
2025-12-17,167,short,2025-12-17 12:40:04.949603241,6899.75,2025-12-17 12:40:27.388667809,6898.75,target,4,46.0
2025-12-17,184,long,2025-12-17 13:30:45.959823385,6903.0,2025-12-17 13:30:52.765337423,6901.0,stop,-8,-104.0
2025-12-17,210,long,2025-12-17 14:49:47.041921681,6904.0,2025-12-17 14:50:00.103401305,6902.0,stop,-8,-104.0
2025-12-17,212,short,2025-12-17 14:52:35.831645071,6893.5,2025-12-17 14:53:10.043746075,6895.5,stop,-8,-104.0
2025-12-17,221,short,2025-12-17 14:59:54.855525957,6888.75,2025-12-17 14:59:59.575537483,6887.75,target,4,46.0
2025-12-18,190,short,2025-12-18 12:52:47.307806989,6957.5,2025-12-18 12:53:22.056962995,6956.5,target,4,46.0
2025-12-18,219,short,2025-12-18 13:51:52.932535933,6940.25,2025-12-18 13:51:59.842778495,6939.25,target,4,46.0
2025-12-18,233,long,2025-12-18 14:15:34.013491169,6950.25,2025-12-18 14:16:19.710284941,6948.25,stop,-8,-104.0
2025-12-18,239,short,2025-12-18 14:29:04.492969241,6949.75,2025-12-18 14:30:17.489128709,6951.75,stop,-8,-104.0
2025-12-19,29,long,2025-12-19 08:58:01.692310787,6989.75,2025-12-19 08:58:19.017855017,6990.75,target,4,46.0
2025-12-19,40,long,2025-12-19 09:13:40.845615703,6990.25,2025-12-19 09:13:53.076214465,6988.25,stop,-8,-104.0
2025-12-19,140,short,2025-12-19 14:55:30.055235113,6994.25,2025-12-19 14:55:56.970589627,6996.25,stop,-8,-104.0
2025-12-22,106,long,2025-12-22 14:54:37.791368093,7041.0,2025-12-22 14:54:40.061913331,7042.0,target,4,46.0
2025-12-22,109,short,2025-12-22 14:59:37.173935467,7041.25,2025-12-22 14:59:50.076991683,7043.25,stop,-8,-104.0
2025-12-23,37,long,2025-12-23 09:38:30.465108737,7051.25,2025-12-23 09:40:05.770297869,7052.25,target,4,46.0
2025-12-23,87,long,2025-12-23 14:54:56.361341015,7072.75,2025-12-23 14:55:04.920572401,7070.75,stop,-8,-104.0
2025-12-24,26,long,2025-12-24 10:32:55.043418405,7092.0,2025-12-24 10:35:30.383733333,7093.0,target,4,46.0
2025-12-26,27,long,2025-12-26 09:31:19.749820887,7096.5,2025-12-26 09:31:33.918168703,7097.5,target,4,46.0
2025-12-26,37,long,2025-12-26 10:20:37.934617473,7089.0,2025-12-26 10:20:52.972194273,7090.0,target,4,46.0
2025-12-26,72,short,2025-12-26 14:50:00.011466967,7089.75,2025-12-26 14:50:50.361448855,7088.75,target,4,46.0
2025-12-26,79,long,2025-12-26 15:01:14.115417103,7091.75,2025-12-26 15:03:20.435542465,7089.75,stop,-8,-104.0
2025-12-29,56,long,2025-12-29 10:55:16.262688949,7059.75,2025-12-29 10:58:44.949365765,7057.75,stop,-8,-104.0
2025-12-29,62,long,2025-12-29 11:31:45.283236453,7051.25,2025-12-29 11:33:46.331197041,7049.25,stop,-8,-104.0
2025-12-29,77,short,2025-12-29 13:07:48.399565819,7055.5,2025-12-29 13:16:45.161131159,7057.5,stop,-8,-104.0
2025-12-29,96,short,2025-12-29 14:56:20.078646461,7063.75,2025-12-29 14:58:01.899058099,7065.75,stop,-8,-104.0
2025-12-30,57,long,2025-12-30 11:58:30.327327505,7063.0,2025-12-30 12:00:11.928713477,7061.0,stop,-8,-104.0
2025-12-30,65,long,2025-12-30 13:14:02.219422199,7064.25,2025-12-30 13:30:38.817858289,7065.25,target,4,46.0
2025-12-30,77,short,2025-12-30 14:46:45.313409887,7061.5,2025-12-30 14:49:36.081845487,7060.5,target,4,46.0
2025-12-30,80,short,2025-12-30 14:58:35.445689663,7058.0,2025-12-30 14:59:00.539468629,7057.0,target,4,46.0
2025-12-30,82,short,2025-12-30 14:59:35.770266269,7054.0,2025-12-30 14:59:55.571520511,7056.0,stop,-8,-104.0
2025-12-31,60,short,2025-12-31 13:11:26.616769963,7042.75,2025-12-31 13:15:51.010120637,7041.75,target,4,46.0
2025-12-31,80,long,2025-12-31 14:31:16.230868029,7013.5,2025-12-31 14:32:05.585252039,7014.5,target,4,46.0
2025-12-31,90,long,2025-12-31 14:55:23.139190691,7012.5,2025-12-31 14:55:25.332426219,7013.5,target,4,46.0
2026-01-02,69,short,2026-01-02 09:51:29.179904215,7006.0,2026-01-02 09:51:40.031891093,7008.0,stop,-8,-104.0
2026-01-02,197,long,2026-01-02 15:00:02.444042883,7013.75,2026-01-02 15:00:08.915661333,7014.75,target,4,46.0
2026-01-05,32,long,2026-01-05 09:00:02.673634693,7056.0,2026-01-05 09:00:02.673634693,7054.0,stop,-8,-104.0
2026-01-05,93,short,2026-01-05 11:51:57.889231363,7063.0,2026-01-05 11:52:23.587643547,7065.0,stop,-8,-104.0
2026-01-05,114,short,2026-01-05 13:40:23.246964323,7056.5,2026-01-05 13:41:43.112245327,7055.5,target,4,46.0
2026-01-05,119,short,2026-01-05 14:00:49.856429343,7054.5,2026-01-05 14:02:06.534087529,7056.5,stop,-8,-104.0
2026-01-05,128,long,2026-01-05 14:45:59.063717865,7059.5,2026-01-05 14:48:18.296864777,7057.5,stop,-8,-104.0
2026-01-06,26,long,2026-01-06 09:06:12.810370703,7083.5,2026-01-06 09:07:01.407320581,7084.5,target,4,46.0
2026-01-06,84,short,2026-01-06 11:29:48.754367973,7082.0,2026-01-06 11:30:59.260304597,7084.0,stop,-8,-104.0
2026-01-06,116,short,2026-01-06 14:09:40.470977471,7098.75,2026-01-06 14:16:05.789629923,7100.75,stop,-8,-104.0
2026-01-07,132,short,2026-01-07 14:37:42.312220615,7071.75,2026-01-07 14:40:03.321396703,7070.75,target,4,46.0
2026-01-07,142,long,2026-01-07 14:59:00.748106373,7074.25,2026-01-07 14:59:06.044908199,7075.25,target,4,46.0
2026-01-08,85,short,2026-01-08 10:35:14.113862707,7067.25,2026-01-08 10:35:19.223362815,7066.25,target,4,46.0
2026-01-08,138,short,2026-01-08 13:38:30.683777875,7064.75,2026-01-08 13:40:54.094505233,7066.75,stop,-8,-104.0
2026-01-08,159,long,2026-01-08 14:59:50.254220911,7075.75,2026-01-08 14:59:52.622860335,7073.75,stop,-8,-104.0
2026-01-08,162,long,2026-01-08 15:00:53.584092553,7075.5,2026-01-08 15:01:18.575827995,7076.5,target,4,46.0
2026-01-09,89,short,2026-01-09 10:26:02.083829179,7107.0,2026-01-09 10:27:32.076445379,7106.0,target,4,46.0
2026-01-09,121,long,2026-01-09 12:30:13.027440609,7115.0,2026-01-09 12:30:49.317893841,7116.0,target,4,46.0
2026-01-09,150,long,2026-01-09 14:54:50.014181255,7121.5,2026-01-09 14:55:00.047910423,7119.5,stop,-8,-104.0
2026-01-12,48,long,2026-01-12 09:53:58.732698619,7111.75,2026-01-12 09:55:04.184775927,7112.75,target,4,46.0
2026-01-12,49,long,2026-01-12 09:56:27.290910923,7114.0,2026-01-12 09:56:42.193010945,7112.0,stop,-8,-104.0
2026-01-12,70,short,2026-01-12 11:38:53.127917619,7117.75,2026-01-12 11:39:38.262946651,7116.75,target,4,46.0
2026-01-12,93,short,2026-01-12 14:21:22.827566825,7127.25,2026-01-12 14:26:13.062510293,7129.25,stop,-8,-104.0
2026-01-13,59,short,2026-01-13 09:48:36.386872271,7103.5,2026-01-13 09:48:55.684393521,7102.5,target,4,46.0
2026-01-13,147,long,2026-01-13 14:06:21.318167587,7102.0,2026-01-13 14:10:01.099477085,7100.0,stop,-8,-104.0
2026-01-13,161,long,2026-01-13 14:52:15.169502993,7104.5,2026-01-13 14:53:25.510436431,7105.5,target,4,46.0
2026-01-13,163,long,2026-01-13 14:54:52.914197907,7108.75,2026-01-13 14:55:00.057363519,7109.75,target,4,46.0
2026-01-13,170,short,2026-01-13 15:01:02.645610045,7113.0,2026-01-13 15:09:58.959091127,7112.0,target,4,46.0
2026-01-14,28,long,2026-01-14 08:54:07.839901103,7070.5,2026-01-14 08:54:13.408662697,7068.5,stop,-8,-104.0
2026-01-14,139,short,2026-01-14 11:31:11.258072161,7039.5,2026-01-14 11:31:20.772873457,7041.5,stop,-8,-104.0
2026-01-14,165,long,2026-01-14 12:40:11.129029729,7038.75,2026-01-14 12:40:19.130918731,7039.75,target,4,46.0
2026-01-14,234,long,2026-01-14 14:59:59.077915599,7080.5,2026-01-14 15:00:00.000798561,7078.5,stop,-8,-104.0
2026-01-15,99,long,2026-01-15 12:20:44.194316309,7120.75,2026-01-15 12:28:26.091569333,7121.75,target,4,46.0
2026-01-16,59,long,2026-01-16 09:55:01.110509809,7084.5,2026-01-16 09:55:13.904958473,7085.5,target,4,46.0
2026-01-16,145,short,2026-01-16 14:55:25.082851229,7093.25,2026-01-16 14:55:48.525452289,7092.25,target,4,46.0
2026-01-16,154,short,2026-01-16 15:08:13.138206149,7086.75,2026-01-16 15:10:05.129308807,7085.75,target,4,46.0
2026-01-20,82,long,2026-01-20 09:21:39.089065557,6990.25,2026-01-20 09:21:41.136317217,6991.25,target,4,46.0
2026-01-20,276,long,2026-01-20 15:02:22.192433707,6944.75,2026-01-20 15:05:05.190159737,6945.75,target,4,46.0
2026-01-21,277,long,2026-01-21 14:17:39.787985901,7036.5,2026-01-21 14:18:07.856915055,7034.25,stop,-9,-116.5
2026-01-21,282,short,2026-01-21 14:23:38.722792583,7027.75,2026-01-21 14:23:55.332629519,7029.75,stop,-8,-104.0
2026-01-22,81,short,2026-01-22 10:17:42.661164551,7061.5,2026-01-22 10:17:47.205926395,7060.5,target,4,46.0
2026-01-22,114,short,2026-01-22 12:14:11.434294747,7073.0,2026-01-22 12:14:27.663871015,7072.0,target,4,46.0
2026-01-22,144,short,2026-01-22 14:18:07.218692163,7059.0,2026-01-22 14:20:15.017026137,7061.0,stop,-8,-104.0
2026-01-22,167,long,2026-01-22 15:06:25.310271355,7056.75,2026-01-22 15:07:45.005406825,7057.75,target,4,46.0
2026-01-23,35,long,2026-01-23 09:21:22.681957655,7056.0,2026-01-23 09:21:33.450796223,7054.0,stop,-8,-104.0
2026-01-23,147,long,2026-01-23 14:58:59.500112507,7060.0,2026-01-23 14:59:09.654146023,7061.0,target,4,46.0
2026-01-26,87,long,2026-01-26 12:50:39.635854569,7101.75,2026-01-26 12:51:55.043950193,7099.75,stop,-8,-104.0
2026-01-26,100,short,2026-01-26 14:15:30.021158243,7099.5,2026-01-26 14:22:29.955115499,7101.5,stop,-8,-104.0
2026-01-26,108,short,2026-01-26 14:51:25.001668569,7096.0,2026-01-26 14:54:14.481326157,7095.0,target,4,46.0
2026-01-26,118,short,2026-01-26 15:06:07.212106913,7089.5,2026-01-26 15:07:21.259582891,7091.5,stop,-8,-104.0
2026-01-27,66,short,2026-01-27 11:34:04.389990317,7121.5,2026-01-27 11:36:02.935626473,7120.5,target,4,46.0
2026-01-27,92,short,2026-01-27 14:23:19.840909661,7125.75,2026-01-27 14:27:05.747733677,7124.75,target,4,46.0
2026-01-28,103,long,2026-01-28 13:23:49.954458329,7113.75,2026-01-28 13:24:12.753941701,7114.75,target,4,46.0
2026-01-28,111,short,2026-01-28 13:34:20.207083393,7111.5,2026-01-28 13:34:23.763135887,7110.5,target,4,46.0
2026-01-28,112,long,2026-01-28 13:35:21.170526181,7117.5,2026-01-28 13:35:24.230757931,7115.5,stop,-8,-104.0
2026-01-28,114,short,2026-01-28 13:39:46.280338199,7110.75,2026-01-28 13:39:58.892290943,7109.75,target,4,46.0
2026-01-28,162,long,2026-01-28 15:11:07.290680787,7116.25,2026-01-28 15:11:07.392903749,7117.25,target,4,46.0
2026-01-29,188,long,2026-01-29 11:12:49.466268199,7064.5,2026-01-29 11:13:20.599890119,7065.5,target,4,46.0
2026-01-29,227,short,2026-01-29 12:26:15.066226705,7066.25,2026-01-29 12:28:04.966035911,7065.25,target,4,46.0
2026-01-29,265,short,2026-01-29 14:11:24.860969165,7078.25,2026-01-29 14:13:17.032357841,7080.25,stop,-8,-104.0
2026-01-30,107,short,2026-01-30 10:24:00.260362899,7063.75,2026-01-30 10:24:14.908976035,7062.75,target,4,46.0
2026-01-30,128,short,2026-01-30 10:56:23.010489503,7068.25,2026-01-30 10:57:28.769124911,7070.25,stop,-8,-104.0
2026-01-30,162,long,2026-01-30 11:46:22.634089905,7068.0,2026-01-30 11:46:40.910862689,7069.0,target,4,46.0
2026-02-02,124,short,2026-02-02 12:55:00.648374035,7123.75,2026-02-02 12:58:51.547800393,7125.75,stop,-8,-104.0
2026-02-02,134,long,2026-02-02 13:58:05.762452207,7125.0,2026-02-02 13:58:18.957924855,7126.0,target,4,46.0
2026-02-02,162,short,2026-02-02 14:59:00.178796113,7114.5,2026-02-02 14:59:44.011717187,7113.5,target,4,46.0
2026-02-03,76,long,2026-02-03 09:31:31.823446871,7080.5,2026-02-03 09:31:48.810537227,7078.5,stop,-8,-104.0
2026-02-03,239,short,2026-02-03 13:30:20.908410791,7017.0,2026-02-03 13:30:27.277427857,7019.0,stop,-8,-104.0
2026-02-03,245,long,2026-02-03 13:38:25.757094641,7022.0,2026-02-03 13:38:34.488769153,7020.0,stop,-8,-104.0
2026-02-03,287,long,2026-02-03 14:50:00.004731973,7047.0,2026-02-03 14:50:00.139593401,7048.0,target,4,46.0
2026-02-03,299,short,2026-02-03 15:00:00.659946193,7049.5,2026-02-03 15:00:13.857093081,7051.5,stop,-8,-104.0
2026-02-04,114,short,2026-02-04 09:50:02.385375717,7042.25,2026-02-04 09:50:06.812893211,7044.25,stop,-8,-104.0
2026-02-04,284,long,2026-02-04 13:29:01.429151787,7008.5,2026-02-04 13:29:15.119307027,7009.5,target,4,46.0
2026-02-04,327,long,2026-02-04 14:38:42.989970197,7039.0,2026-02-04 14:39:34.032782285,7037.0,stop,-8,-104.0
2026-02-05,100,short,2026-02-05 09:23:41.655311139,6924.0,2026-02-05 09:23:46.591665731,6926.0,stop,-8,-104.0
2026-02-05,157,short,2026-02-05 10:13:18.402420067,6915.75,2026-02-05 10:13:20.237557375,6914.75,target,4,46.0
2026-02-05,176,long,2026-02-05 10:32:22.918797267,6955.5,2026-02-05 10:32:32.791736673,6953.5,stop,-8,-104.0
2026-02-05,271,long,2026-02-05 13:21:15.242387309,6968.25,2026-02-05 13:21:27.495270021,6969.25,target,4,46.0
2026-02-06,78,long,2026-02-06 09:22:46.402775215,7010.0,2026-02-06 09:22:54.518309479,7008.0,stop,-8,-104.0
2026-02-06,217,short,2026-02-06 15:00:08.361792623,7058.5,2026-02-06 15:00:10.835598521,7057.5,target,4,46.0
2026-02-06,218,short,2026-02-06 15:00:52.025687773,7055.5,2026-02-06 15:01:06.074832217,7057.5,stop,-8,-104.0
2026-02-09,48,long,2026-02-09 09:14:47.583302963,7070.0,2026-02-09 09:15:17.501148189,7071.0,target,4,46.0
2026-02-09,52,short,2026-02-09 09:22:03.321046205,7077.5,2026-02-09 09:23:08.528428467,7079.5,stop,-8,-104.0
2026-02-09,89,long,2026-02-09 11:11:24.518396383,7108.5,2026-02-09 11:16:47.026038745,7106.5,stop,-8,-104.0
2026-02-09,151,short,2026-02-09 15:05:06.343240435,7092.25,2026-02-09 15:09:30.009986177,7094.25,stop,-8,-104.0
2026-02-10,104,short,2026-02-10 12:15:49.077452033,7095.75,2026-02-10 12:16:23.496025053,7094.75,target,4,46.0
2026-02-10,127,long,2026-02-10 13:20:28.662971171,7087.25,2026-02-10 13:20:59.603885421,7088.25,target,4,46.0
2026-02-10,160,long,2026-02-10 15:04:35.211649185,7076.75,2026-02-10 15:11:04.080188263,7077.75,target,4,46.0
2026-02-11,159,short,2026-02-11 12:06:01.728737099,7073.5,2026-02-11 12:06:06.324308435,7075.5,stop,-8,-104.0
2026-02-11,182,long,2026-02-11 13:09:41.989533505,7077.75,2026-02-11 13:10:47.304189613,7075.75,stop,-8,-104.0
2026-02-12,227,long,2026-02-12 12:44:31.956919133,6996.75,2026-02-12 12:44:47.766190577,6997.75,target,4,46.0
2026-02-12,277,short,2026-02-12 14:23:50.014532115,6984.5,2026-02-12 14:24:10.665995897,6986.5,stop,-8,-104.0
2026-02-12,311,long,2026-02-12 15:07:10.246280265,6963.0,2026-02-12 15:07:34.662820117,6964.0,target,4,46.0
2026-02-13,86,long,2026-02-13 09:18:40.274757075,6956.25,2026-02-13 09:18:44.343109281,6957.25,target,4,46.0
2026-02-13,239,short,2026-02-13 14:27:25.566277629,6956.0,2026-02-13 14:27:35.916376273,6955.0,target,4,46.0
2026-02-13,252,long,2026-02-13 14:48:10.755928343,6953.0,2026-02-13 14:48:17.969446403,6954.0,target,4,46.0
2026-02-17,54,short,2026-02-17 08:55:17.877747409,6919.5,2026-02-17 08:55:24.012930687,6918.5,target,4,46.0
2026-02-17,223,short,2026-02-17 13:09:10.793449355,6983.5,2026-02-17 13:09:28.479554421,6985.5,stop,-8,-104.0
2026-02-17,269,short,2026-02-17 15:02:10.802691497,6970.25,2026-02-17 15:02:42.368999405,6969.25,target,4,46.0
2026-02-18,63,long,2026-02-18 09:53:36.564923693,7029.25,2026-02-18 09:53:51.035946751,7030.25,target,4,46.0
2026-02-18,67,long,2026-02-18 10:05:07.950448917,7031.25,2026-02-18 10:05:12.764454695,7032.25,target,4,46.0
2026-02-18,136,long,2026-02-18 13:46:29.257886863,7000.5,2026-02-18 13:47:18.768790499,7001.5,target,4,46.0
2026-02-18,166,short,2026-02-18 14:58:06.858454267,7012.0,2026-02-18 14:58:52.398797775,7011.0,target,4,46.0
2026-02-18,169,short,2026-02-18 14:59:45.001956067,7004.25,2026-02-18 14:59:59.239911263,7006.25,stop,-8,-104.0
2026-02-19,72,short,2026-02-19 10:06:33.679927587,6987.5,2026-02-19 10:06:55.085562633,6986.5,target,4,46.0
2026-02-19,116,short,2026-02-19 11:58:49.015404679,6964.75,2026-02-19 11:59:02.189749299,6966.75,stop,-8,-104.0
2026-02-19,121,long,2026-02-19 12:13:10.773622041,6972.25,2026-02-19 12:13:20.092298359,6973.25,target,4,46.0
2026-02-19,165,long,2026-02-19 14:46:16.457233213,6979.0,2026-02-19 14:46:53.642324979,6980.0,target,4,46.0
2026-02-20,27,long,2026-02-20 08:55:10.258569939,6984.0,2026-02-20 08:55:18.022657687,6982.0,stop,-8,-104.0
2026-02-20,121,short,2026-02-20 10:29:57.004016421,7002.5,2026-02-20 10:30:01.496961135,7001.5,target,4,46.0
2026-02-23,46,long,2026-02-23 09:14:14.427657989,6989.75,2026-02-23 09:14:33.233210635,6987.75,stop,-8,-104.0
2026-02-23,49,long,2026-02-23 09:18:57.593709739,6990.75,2026-02-23 09:19:02.726156151,6987.0,stop,-15,-191.5
2026-02-23,101,long,2026-02-23 10:37:16.039638525,6968.25,2026-02-23 10:37:26.824934563,6966.0,stop,-9,-116.5
2026-02-24,164,long,2026-02-24 14:54:40.021494655,7019.25,2026-02-24 14:55:00.115367763,7017.25,stop,-8,-104.0
2026-02-24,168,short,2026-02-24 14:59:45.023735955,7013.5,2026-02-24 14:59:56.776562253,7015.5,stop,-8,-104.0
2026-02-24,171,short,2026-02-24 15:01:17.981230275,7013.5,2026-02-24 15:02:32.154436043,7012.5,target,4,46.0
2026-02-25,99,short,2026-02-25 14:30:01.223342593,7067.5,2026-02-25 14:33:28.324027409,7069.5,stop,-8,-104.0
2026-02-25,106,short,2026-02-25 14:53:05.052927167,7073.25,2026-02-25 14:55:05.102861275,7072.25,target,4,46.0
2026-02-26,42,short,2026-02-26 09:12:03.341157247,7040.25,2026-02-26 09:12:14.593747331,7039.25,target,4,46.0
2026-02-26,85,long,2026-02-26 09:45:01.533151701,7009.5,2026-02-26 09:45:01.980587705,7010.5,target,4,46.0
2026-02-26,136,short,2026-02-26 11:22:45.734923939,6999.5,2026-02-26 11:24:46.319645555,7001.5,stop,-8,-104.0
2026-02-26,198,long,2026-02-26 14:32:12.395274997,7028.5,2026-02-26 14:32:17.849999283,7029.5,target,4,46.0
2026-02-27,166,long,2026-02-27 14:23:50.500375049,6995.0,2026-02-27 14:24:00.751946359,6996.0,target,4,46.0
2026-02-27,200,short,2026-02-27 15:08:54.630660837,6994.5,2026-02-27 15:09:22.808501481,6993.5,target,4,46.0
2026-03-02,42,long,2026-03-02 09:03:17.964114667,6974.0,2026-03-02 09:03:23.082360451,6975.0,target,4,46.0
2026-03-02,80,short,2026-03-02 09:48:01.770861635,6976.75,2026-03-02 09:48:03.039908403,6975.75,target,4,46.0
2026-03-02,126,long,2026-03-02 11:19:50.618544239,7006.5,2026-03-02 11:21:34.965745125,7004.5,stop,-8,-104.0
2026-03-03,124,long,2026-03-03 10:05:02.003560323,6870.5,2026-03-03 10:05:14.107666321,6871.5,target,4,46.0
2026-03-03,245,long,2026-03-03 13:13:52.235989653,6938.75,2026-03-03 13:14:14.735473075,6939.75,target,4,46.0
2026-03-03,259,short,2026-03-03 13:38:55.675097625,6946.25,2026-03-03 13:39:07.217076879,6945.25,target,4,46.0
2026-03-03,301,short,2026-03-03 14:56:45.750066873,6932.25,2026-03-03 14:57:14.708741369,6934.25,stop,-8,-104.0
2026-03-04,71,short,2026-03-04 09:52:18.896441469,6977.5,2026-03-04 09:52:21.556783319,6976.5,target,4,46.0
2026-03-04,83,short,2026-03-04 10:12:50.031561643,6979.5,2026-03-04 10:13:01.986215233,6978.5,target,4,46.0
2026-03-04,95,short,2026-03-04 10:37:57.573328977,6987.0,2026-03-04 10:38:04.053873871,6986.0,target,4,46.0
2026-03-04,131,long,2026-03-04 12:42:22.189225575,7001.0,2026-03-04 12:46:26.067040889,6999.0,stop,-8,-104.0
2026-03-04,139,short,2026-03-04 13:22:36.463468651,7000.25,2026-03-04 13:24:30.407629153,7002.25,stop,-8,-104.0
2026-03-05,247,long,2026-03-05 14:54:50.083959423,6946.75,2026-03-05 14:55:05.524535377,6944.75,stop,-8,-104.0
2026-03-05,257,short,2026-03-05 15:00:51.992857605,6943.0,2026-03-05 15:01:21.900342197,6942.0,target,4,46.0
2026-03-06,57,short,2026-03-06 09:10:51.737315081,6837.5,2026-03-06 09:11:01.042441615,6839.5,stop,-8,-104.0
2026-03-06,113,short,2026-03-06 10:22:23.391974683,6866.25,2026-03-06 10:22:25.733897807,6868.25,stop,-8,-104.0
2026-03-06,180,long,2026-03-06 12:31:11.681404003,6881.5,2026-03-06 12:31:30.525743253,6882.5,target,4,46.0
2026-03-09,84,long,2026-03-09 09:44:59.942659897,6798.0,2026-03-09 09:45:03.528811811,6796.0,stop,-8,-104.0
2026-03-09,232,short,2026-03-09 14:28:14.572631665,6890.75,2026-03-09 14:28:14.602892131,6889.75,target,4,46.0
2026-03-09,242,long,2026-03-09 14:34:43.976215525,6914.25,2026-03-09 14:35:04.702854543,6915.25,target,4,46.0
2026-03-10,50,long,2026-03-10 09:17:05.057968221,6884.5,2026-03-10 09:17:23.572284341,6882.5,stop,-8,-104.0
2026-03-10,94,short,2026-03-10 10:30:52.081635767,6938.0,2026-03-10 10:31:05.669022037,6940.0,stop,-8,-104.0
2026-03-10,149,short,2026-03-10 12:35:55.185655793,6946.0,2026-03-10 12:35:58.014759255,6945.0,target,4,46.0
2026-03-10,232,long,2026-03-10 14:31:27.136764825,6902.5,2026-03-10 14:31:32.441524213,6903.5,target,4,46.0
2026-03-11,49,short,2026-03-11 09:20:06.140027677,6901.5,2026-03-11 09:20:16.338489207,6903.5,stop,-8,-104.0
2026-03-11,134,long,2026-03-11 11:53:08.239955207,6886.0,2026-03-11 11:54:47.108313687,6887.0,target,4,46.0
2026-03-12,242,short,2026-03-12 14:53:57.015134155,6791.5,2026-03-12 14:54:04.404112415,6790.5,target,4,46.0
2026-03-12,250,short,2026-03-12 14:59:58.466911261,6787.75,2026-03-12 15:00:00.055405735,6786.75,target,4,46.0
2026-03-13,47,long,2026-03-13 09:19:29.812281519,6806.25,2026-03-13 09:19:36.507656661,6807.25,target,4,46.0
2026-03-13,185,long,2026-03-13 13:30:57.391073433,6761.5,2026-03-13 13:31:21.083304317,6759.5,stop,-8,-104.0
2026-03-13,225,short,2026-03-13 15:02:49.456161951,6743.25,2026-03-13 15:02:53.322640149,6742.25,target,4,46.0
2026-03-16,51,long,2026-03-16 09:59:36.920397379,6820.75,2026-03-16 09:59:40.575151327,6821.75,target,4,46.0
2026-03-16,112,long,2026-03-16 13:16:45.241149295,6823.0,2026-03-16 13:16:52.775690009,6824.0,target,4,46.0
2026-03-16,117,long,2026-03-16 13:38:31.302870535,6825.5,2026-03-16 13:38:49.250897285,6826.5,target,4,46.0
2026-03-16,149,short,2026-03-16 14:59:58.615530815,6816.25,2026-03-16 14:59:59.610408917,6815.25,target,4,46.0
2026-03-17,115,short,2026-03-17 13:25:55.295453389,6834.25,2026-03-17 13:26:42.969682009,6836.25,stop,-8,-104.0
2026-03-17,123,long,2026-03-17 14:02:13.362291863,6838.5,2026-03-17 14:03:04.835486059,6836.5,stop,-8,-104.0
2026-03-17,130,short,2026-03-17 14:42:06.631507917,6834.25,2026-03-17 14:43:25.344795993,6833.25,target,4,46.0
2026-03-17,134,long,2026-03-17 14:54:40.388795761,6835.5,2026-03-17 14:54:47.035389607,6836.5,target,4,46.0
2026-03-18,91,long,2026-03-18 11:39:03.340042063,6790.25,2026-03-18 11:39:27.672621773,6791.25,target,4,46.0
2026-03-18,98,short,2026-03-18 12:09:25.225470615,6782.75,2026-03-18 12:11:36.839238361,6781.75,target,4,46.0
2026-03-18,174,short,2026-03-18 14:59:05.154801755,6737.25,2026-03-18 14:59:17.445857111,6736.25,target,4,46.0
2026-03-18,182,short,2026-03-18 15:10:49.629317313,6728.0,2026-03-18 15:12:19.212899035,6727.0,target,4,46.0
2026-03-19,67,short,2026-03-19 09:46:10.264505135,6693.75,2026-03-19 09:46:23.638740131,6695.75,stop,-8,-104.0
2026-03-19,109,long,2026-03-19 10:56:04.817405113,6698.0,2026-03-19 10:56:05.766930683,6699.0,target,4,46.0
2026-03-19,139,long,2026-03-19 11:59:38.044465539,6695.0,2026-03-19 12:00:29.835085303,6693.0,stop,-8,-104.0
2026-03-19,183,long,2026-03-19 14:02:57.927352021,6730.0,2026-03-19 14:03:00.263566317,6728.0,stop,-8,-104.0
2026-03-19,224,long,2026-03-19 14:47:40.212139847,6726.25,2026-03-19 14:47:46.657446031,6727.25,target,4,46.0
2026-03-20,38,short,2026-03-20 09:08:30.576858465,6666.5,2026-03-20 09:08:32.794736335,6665.5,target,4,46.0
2026-03-20,230,long,2026-03-20 15:10:04.419536765,6630.5,2026-03-20 15:10:10.693480965,6631.5,target,4,46.0
2026-03-23,29,short,2026-03-23 08:51:41.761785895,6727.5,2026-03-23 08:51:42.577903651,6729.5,stop,-8,-104.0
2026-03-23,56,long,2026-03-23 09:21:03.849654653,6752.0,2026-03-23 09:21:05.494633729,6750.0,stop,-8,-104.0
2026-03-23,243,short,2026-03-23 14:55:12.368914771,6704.75,2026-03-23 14:55:13.452423895,6703.75,target,4,46.0
2026-03-24,44,long,2026-03-24 09:14:46.953266177,6662.5,2026-03-24 09:14:49.071082751,6663.5,target,4,46.0
2026-03-24,225,short,2026-03-24 14:44:43.555575785,6674.5,2026-03-24 14:45:01.671590179,6673.5,target,4,46.0
2026-03-25,41,long,2026-03-25 09:12:52.587298355,6712.5,2026-03-25 09:12:54.829675935,6710.5,stop,-8,-104.0
2026-03-25,134,short,2026-03-25 11:58:30.252942307,6712.25,2026-03-25 11:59:05.003773113,6714.25,stop,-8,-104.0
2026-03-26,33,short,2026-03-26 09:04:45.936143285,6674.25,2026-03-26 09:04:47.012527755,6673.25,target,4,46.0
2026-03-26,130,long,2026-03-26 12:29:12.175976773,6617.5,2026-03-26 12:29:13.734014403,6618.5,target,4,46.0
2026-03-26,169,short,2026-03-26 14:24:38.051386121,6593.75,2026-03-26 14:25:43.567914039,6592.75,target,4,46.0
2026-03-26,187,short,2026-03-26 14:59:58.801733207,6585.0,2026-03-26 15:00:00.001555961,6584.0,target,4,46.0
2026-03-27,51,long,2026-03-27 09:25:34.080024319,6531.5,2026-03-27 09:25:37.582219737,6532.5,target,4,46.0
2026-03-27,100,long,2026-03-27 10:49:30.280155309,6541.5,2026-03-27 10:49:41.214292791,6539.5,stop,-8,-104.0
2026-03-27,121,long,2026-03-27 11:42:03.326655697,6517.0,2026-03-27 11:42:18.652514513,6518.0,target,4,46.0
2026-03-27,200,short,2026-03-27 14:52:23.376204225,6459.5,2026-03-27 14:52:30.910736523,6461.5,stop,-8,-104.0
2026-03-30,28,long,2026-03-30 09:00:28.093404927,6483.25,2026-03-30 09:00:30.270868795,6484.25,target,4,46.0
2026-03-30,33,short,2026-03-30 09:06:30.347852831,6481.0,2026-03-30 09:06:44.263685071,6483.0,stop,-8,-104.0
2026-03-30,68,long,2026-03-30 10:00:48.243937429,6508.5,2026-03-30 10:01:07.095427139,6509.5,target,4,46.0
2026-03-30,132,short,2026-03-30 12:31:30.181607801,6460.0,2026-03-30 12:31:47.122230991,6459.0,target,4,46.0
2026-03-30,145,long,2026-03-30 13:03:20.373102515,6465.75,2026-03-30 13:03:57.973736869,6463.75,stop,-8,-104.0
2026-03-31,23,short,2026-03-31 08:52:34.438788877,6542.75,2026-03-31 08:52:54.038399279,6544.75,stop,-8,-104.0
2026-03-31,241,long,2026-03-31 14:20:54.087491407,6623.75,2026-03-31 14:21:04.630068465,6624.75,target,4,46.0
2026-03-31,264,short,2026-03-31 14:56:32.389488561,6623.5,2026-03-31 14:56:38.203405651,6622.5,target,4,46.0
2026-03-31,275,short,2026-03-31 14:59:58.016147479,6631.0,2026-03-31 14:59:58.684823813,6633.0,stop,-8,-104.0
2026-03-31,280,long,2026-03-31 15:00:51.986121479,6631.75,2026-03-31 15:00:54.667549567,6632.75,target,4,46.0
2026-04-01,168,long,2026-04-01 14:20:07.989724505,6685.25,2026-04-01 14:21:36.290849823,6683.25,stop,-8,-104.0
2026-04-01,181,short,2026-04-01 14:51:24.688845801,6680.25,2026-04-01 14:51:46.004281137,6682.25,stop,-8,-104.0
2026-04-01,188,long,2026-04-01 14:59:08.583079293,6683.5,2026-04-01 14:59:31.078918353,6681.5,stop,-8,-104.0
2026-04-02,36,long,2026-04-02 09:06:24.146519497,6620.75,2026-04-02 09:06:24.292111515,6621.75,target,4,46.0
2026-04-02,169,long,2026-04-02 11:45:28.541351873,6671.5,2026-04-02 11:45:30.826552383,6669.5,stop,-8,-104.0
2026-04-02,194,short,2026-04-02 13:07:33.568289799,6664.75,2026-04-02 13:07:46.930609639,6663.75,target,4,46.0
2026-04-06,32,long,2026-04-06 09:06:51.283849551,6690.0,2026-04-06 09:06:54.581344239,6691.0,target,4,46.0
2026-04-06,81,long,2026-04-06 10:50:31.111561583,6701.0,2026-04-06 10:50:52.717958265,6702.0,target,4,46.0
2026-04-07,230,long,2026-04-07 14:56:53.253023893,6713.5,2026-04-07 14:57:00.946883735,6711.5,stop,-8,-104.0
2026-04-08,103,long,2026-04-08 10:32:14.035815543,6860.25,2026-04-08 10:32:39.902955073,6861.25,target,4,46.0
2026-04-08,147,long,2026-04-08 12:36:46.199780927,6882.0,2026-04-08 12:37:26.801970301,6880.0,stop,-8,-104.0
2026-04-08,150,long,2026-04-08 12:44:24.713219535,6883.25,2026-04-08 12:45:15.157281245,6881.25,stop,-8,-104.0
2026-04-08,205,long,2026-04-08 14:47:59.359176473,6876.5,2026-04-08 14:48:40.496930811,6874.5,stop,-8,-104.0
2026-04-09,91,long,2026-04-09 10:59:50.032123317,6914.0,2026-04-09 11:00:19.069800529,6915.0,target,4,46.0
2026-04-09,99,long,2026-04-09 11:08:54.281028383,6928.75,2026-04-09 11:09:15.089644057,6926.75,stop,-8,-104.0
2026-04-09,127,short,2026-04-09 12:21:00.811057169,6931.75,2026-04-09 12:22:34.265726035,6930.75,target,4,46.0
2026-04-09,164,long,2026-04-09 14:01:34.479875459,6918.75,2026-04-09 14:01:43.381929397,6919.75,target,4,46.0
2026-04-10,64,long,2026-04-10 10:22:20.840516373,6941.25,2026-04-10 10:23:59.168252401,6942.25,target,4,46.0
2026-04-10,108,short,2026-04-10 12:07:10.399173003,6909.75,2026-04-10 12:08:11.457241585,6911.75,stop,-8,-104.0
2026-04-10,132,long,2026-04-10 14:00:19.026645011,6917.5,2026-04-10 14:00:30.601955351,6918.5,target,4,46.0
2026-04-13,170,long,2026-04-13 14:59:56.249261755,6985.5,2026-04-13 14:59:58.571622585,6983.5,stop,-8,-104.0
2026-04-14,52,short,2026-04-14 10:04:49.283657303,7036.25,2026-04-14 10:05:07.005451303,7035.25,target,4,46.0
2026-04-14,148,short,2026-04-14 15:02:00.035315061,7062.25,2026-04-14 15:02:57.929958315,7064.25,stop,-8,-104.0
2026-04-15,137,long,2026-04-15 14:18:44.128691541,7119.5,2026-04-15 14:23:01.382789037,7120.5,target,4,46.0
2026-04-15,153,long,2026-04-15 14:58:19.393462757,7125.0,2026-04-15 14:59:40.232178631,7123.0,stop,-8,-104.0
2026-04-15,158,long,2026-04-15 15:00:00.042467705,7122.25,2026-04-15 15:00:01.034762627,7123.25,target,4,46.0
2026-04-16,117,long,2026-04-16 12:32:30.680749263,7134.0,2026-04-16 12:32:45.061116975,7132.0,stop,-8,-104.0
2026-04-16,160,short,2026-04-16 14:59:35.008283655,7139.25,2026-04-16 14:59:48.243751103,7138.25,target,4,46.0
2026-04-17,38,long,2026-04-17 09:05:21.877794759,7212.0,2026-04-17 09:05:57.464947699,7210.0,stop,-8,-104.0
2026-04-17,41,long,2026-04-17 09:10:00.452689571,7213.75,2026-04-17 09:10:33.348349907,7214.75,target,4,46.0
2026-04-17,176,long,2026-04-17 14:30:52.379485117,7217.5,2026-04-17 14:31:32.091493263,7218.5,target,4,46.0
2026-04-20,114,short,2026-04-20 12:32:32.294454741,7197.75,2026-04-20 12:33:29.169013161,7199.75,stop,-8,-104.0
2026-04-20,118,short,2026-04-20 12:56:35.722790089,7199.5,2026-04-20 12:59:25.487304471,7198.5,target,4,46.0
2026-04-20,145,short,2026-04-20 14:55:00.146176831,7200.75,2026-04-20 14:55:13.925587017,7202.75,stop,-8,-104.0
2026-04-20,150,long,2026-04-20 14:59:50.838448575,7210.0,2026-04-20 15:14:29.435466721,7208.0,stop,-8,-104.0
2026-04-21,116,short,2026-04-21 11:51:42.641482297,7183.0,2026-04-21 11:51:48.654582255,7182.0,target,4,46.0
2026-04-21,235,short,2026-04-21 15:07:22.936384855,7153.75,2026-04-21 15:09:02.033430971,7156.0,stop,-9,-116.5
2026-04-22,85,short,2026-04-22 11:45:47.072333447,7208.75,2026-04-22 11:46:15.626531437,7210.75,stop,-8,-104.0
2026-04-22,87,short,2026-04-22 11:52:19.179226605,7210.75,2026-04-22 11:52:30.295925349,7209.75,target,4,46.0
2026-04-23,29,long,2026-04-23 09:13:31.416185211,7222.5,2026-04-23 09:13:46.491560433,7220.5,stop,-8,-104.0
2026-04-23,148,short,2026-04-23 12:46:40.212369497,7145.0,2026-04-23 12:46:40.329028271,7144.0,target,4,46.0
2026-04-23,173,long,2026-04-23 13:00:07.517895609,7187.5,2026-04-23 13:00:09.052024689,7185.5,stop,-8,-104.0
2026-04-23,205,short,2026-04-23 13:49:31.436184687,7199.0,2026-04-23 13:50:07.525753413,7198.0,target,4,46.0
2026-04-23,212,short,2026-04-23 14:02:24.294507227,7187.25,2026-04-23 14:02:31.474016005,7186.25,target,4,46.0
2026-04-24,45,short,2026-04-24 09:32:00.464016045,7211.5,2026-04-24 09:32:01.963217365,7213.5,stop,-8,-104.0
2026-04-24,150,short,2026-04-24 14:25:54.751097781,7253.5,2026-04-24 14:26:19.717186055,7252.5,target,4,46.0
2026-04-24,158,short,2026-04-24 14:51:30.031104379,7252.75,2026-04-24 14:53:30.052040321,7254.75,stop,-8,-104.0
2026-04-24,163,short,2026-04-24 14:59:23.008166087,7255.0,2026-04-24 14:59:34.131821477,7257.0,stop,-8,-104.0
2026-04-27,84,long,2026-04-27 12:00:01.564629963,7258.25,2026-04-27 12:00:31.593524313,7259.25,target,4,46.0
2026-04-27,108,short,2026-04-27 14:06:22.436038607,7263.5,2026-04-27 14:13:59.051436049,7265.5,stop,-8,-104.0
2026-04-27,112,long,2026-04-27 14:28:26.043530657,7267.75,2026-04-27 14:32:11.507708825,7268.75,target,4,46.0
2026-04-27,125,long,2026-04-27 15:00:00.001005439,7268.75,2026-04-27 15:00:15.298453113,7266.75,stop,-8,-104.0
2026-04-28,160,short,2026-04-28 14:59:49.888715435,7230.75,2026-04-28 14:59:57.009957789,7232.75,stop,-8,-104.0
2026-04-28,163,long,2026-04-28 15:07:50.997263715,7233.5,2026-04-28 15:08:30.196390513,7234.5,target,4,46.0
2026-04-29,121,long,2026-04-29 13:35:35.498716743,7211.25,2026-04-29 13:35:45.155784243,7209.25,stop,-8,-104.0
2026-04-29,130,long,2026-04-29 13:55:28.428539601,7214.25,2026-04-29 13:56:07.217947477,7215.25,target,4,46.0
2026-04-29,136,long,2026-04-29 14:10:59.255925427,7222.25,2026-04-29 14:10:59.255925427,7220.25,stop,-8,-104.0
2026-04-29,143,short,2026-04-29 14:31:47.729734669,7219.75,2026-04-29 14:32:03.085067687,7218.75,target,4,46.0
2026-04-29,165,long,2026-04-29 15:06:32.366059171,7236.75,2026-04-29 15:06:35.648346655,7237.75,target,4,46.0
2026-04-30,86,short,2026-04-30 10:19:03.372066773,7254.5,2026-04-30 10:19:49.657906133,7256.5,stop,-8,-104.0
2026-04-30,168,long,2026-04-30 14:43:15.176299703,7308.0,2026-04-30 14:44:14.499315263,7309.0,target,4,46.0
2026-04-30,180,long,2026-04-30 14:59:33.511544347,7311.0,2026-04-30 14:59:37.039985203,7312.0,target,4,46.0
2026-04-30,188,long,2026-04-30 15:03:25.818907101,7304.75,2026-04-30 15:03:38.780937479,7305.75,target,4,46.0
2026-04-30,189,long,2026-04-30 15:05:35.001216333,7306.75,2026-04-30 15:05:47.740428499,7307.75,target,4,46.0
2026-05-01,35,long,2026-05-01 09:12:24.588003045,7356.0,2026-05-01 09:12:31.280285083,7357.0,target,4,46.0
2026-05-01,133,long,2026-05-01 13:47:28.662834521,7325.5,2026-05-01 13:48:00.299593181,7323.5,stop,-8,-104.0
2026-05-04,158,short,2026-05-04 13:37:12.930121275,7283.5,2026-05-04 13:39:28.805655461,7285.5,stop,-8,-104.0
2026-05-04,161,long,2026-05-04 13:50:04.944677137,7285.75,2026-05-04 13:51:00.697524205,7283.75,stop,-8,-104.0
2026-05-05,41,long,2026-05-05 09:25:01.679781937,7343.25,2026-05-05 09:25:03.378077373,7344.25,target,4,46.0
2026-05-05,107,long,2026-05-05 14:22:13.012701711,7359.75,2026-05-05 14:25:48.969691807,7360.75,target,4,46.0
2026-05-05,114,short,2026-05-05 14:50:45.576013209,7350.0,2026-05-05 14:51:29.829444429,7349.0,target,4,46.0
2026-05-05,119,long,2026-05-05 14:57:21.032423443,7346.5,2026-05-05 14:58:20.647432735,7347.5,target,4,46.0
2026-05-05,125,long,2026-05-05 15:05:01.093461555,7351.0,2026-05-05 15:06:59.646180371,7349.0,stop,-8,-104.0
2026-05-06,111,long,2026-05-06 12:56:53.439459251,7431.5,2026-05-06 13:00:21.358048243,7432.5,target,4,46.0
2026-05-06,130,long,2026-05-06 14:07:14.099769609,7447.5,2026-05-06 14:12:36.967132719,7448.5,target,4,46.0
2026-05-06,141,short,2026-05-06 14:49:11.937676351,7447.0,2026-05-06 14:50:00.012208955,7449.0,stop,-8,-104.0
2026-05-07,118,short,2026-05-07 11:56:44.044141339,7429.5,2026-05-07 11:57:35.175113085,7428.5,target,4,46.0
2026-05-07,149,short,2026-05-07 12:43:21.895953811,7418.25,2026-05-07 12:44:30.898833731,7417.25,target,4,46.0
2026-05-08,49,short,2026-05-08 09:57:18.469488831,7479.5,2026-05-08 10:00:04.825353839,7478.5,target,4,46.0
2026-05-08,113,long,2026-05-08 14:01:51.757777555,7475.75,2026-05-08 14:04:13.040439437,7473.75,stop,-8,-104.0
2026-05-11,84,long,2026-05-11 12:00:16.157971525,7502.5,2026-05-11 12:05:37.880305685,7503.5,target,4,46.0
2026-05-11,107,short,2026-05-11 13:57:25.327652833,7499.0,2026-05-11 13:57:28.864000989,7498.0,target,4,46.0
2026-05-11,122,long,2026-05-11 14:39:58.574668819,7494.25,2026-05-11 14:41:32.431494741,7492.25,stop,-8,-104.0
2026-05-12,93,long,2026-05-12 10:34:42.818229849,7435.75,2026-05-12 10:35:15.966175101,7433.75,stop,-8,-104.0
2026-05-12,106,long,2026-05-12 11:02:38.551564177,7436.0,2026-05-12 11:03:18.323806535,7437.0,target,4,46.0
2026-05-12,140,long,2026-05-12 12:34:04.604591653,7454.75,2026-05-12 12:34:47.584910029,7455.75,target,4,46.0
2026-05-12,193,short,2026-05-12 14:59:07.405050787,7488.0,2026-05-12 14:59:21.410952355,7487.0,target,4,46.0
2026-05-12,197,short,2026-05-12 15:00:09.620749061,7486.0,2026-05-12 15:00:22.787112147,7485.0,target,4,46.0
2026-05-13,106,short,2026-05-13 12:32:55.381344057,7529.75,2026-05-13 12:35:00.218116397,7528.75,target,4,46.0
2026-05-13,147,long,2026-05-13 14:59:51.005517029,7532.0,2026-05-13 14:59:55.651481975,7530.0,stop,-8,-104.0
2026-05-13,149,long,2026-05-13 15:00:06.081680693,7531.5,2026-05-13 15:00:13.091858949,7529.25,stop,-9,-116.5
2026-05-13,151,long,2026-05-13 15:08:43.628835909,7533.5,2026-05-13 15:14:19.482361909,7534.5,target,4,46.0
2026-05-14,86,short,2026-05-14 11:33:41.687133383,7581.25,2026-05-14 11:34:03.052736493,7580.25,target,4,46.0
2026-05-14,133,short,2026-05-14 13:36:54.698573957,7582.75,2026-05-14 13:37:16.648906993,7581.75,target,4,46.0
2026-05-15,175,short,2026-05-15 13:47:10.648601753,7511.0,2026-05-15 13:47:45.232463179,7513.0,stop,-8,-104.0
2026-05-15,185,short,2026-05-15 14:17:33.329474651,7505.25,2026-05-15 14:18:05.601463705,7504.25,target,4,46.0
2026-05-15,211,long,2026-05-15 14:59:59.026098655,7494.0,2026-05-15 14:59:59.587991897,7495.0,target,4,46.0
2026-05-15,214,short,2026-05-15 15:01:15.106499763,7480.5,2026-05-15 15:01:28.287256661,7482.5,stop,-8,-104.0
2026-05-18,181,short,2026-05-18 12:33:24.297612109,7470.5,2026-05-18 12:33:33.204709679,7469.5,target,4,46.0
2026-05-18,264,short,2026-05-18 15:00:15.866999349,7485.75,2026-05-18 15:00:52.326150163,7484.75,target,4,46.0
2026-05-19,180,long,2026-05-19 12:40:01.100564473,7473.0,2026-05-19 12:40:08.017432229,7474.0,target,4,46.0
2026-05-19,224,long,2026-05-19 14:32:00.101986011,7449.0,2026-05-19 14:33:16.117483999,7450.0,target,4,46.0
2026-05-20,141,short,2026-05-20 11:26:42.596066675,7487.5,2026-05-20 11:27:08.343563049,7489.5,stop,-8,-104.0
2026-05-20,192,short,2026-05-20 14:10:38.234082773,7500.5,2026-05-20 14:10:54.785387485,7502.5,stop,-8,-104.0
2026-05-21,46,long,2026-05-21 09:14:52.588256949,7496.25,2026-05-21 09:14:52.740251285,7497.25,target,4,46.0
2026-05-21,92,long,2026-05-21 10:12:06.969678557,7478.25,2026-05-21 10:12:24.380945123,7479.25,target,4,46.0
2026-05-22,88,long,2026-05-22 12:00:44.685320143,7571.0,2026-05-22 12:01:25.032406871,7572.0,target,4,46.0
2026-05-22,131,short,2026-05-22 14:22:09.879150713,7555.5,2026-05-22 14:23:06.390760925,7557.5,stop,-8,-104.0
2026-05-22,148,long,2026-05-22 15:00:00.037058557,7553.25,2026-05-22 15:00:04.998850671,7551.25,stop,-8,-104.0
2026-05-26,89,long,2026-05-26 10:57:35.477611481,7582.75,2026-05-26 10:58:44.094190269,7583.75,target,4,46.0
2026-05-26,92,short,2026-05-26 11:06:33.452144419,7585.0,2026-05-26 11:08:02.101585577,7584.0,target,4,46.0
2026-05-26,136,long,2026-05-26 14:23:52.967029715,7590.25,2026-05-26 14:30:25.824274363,7591.25,target,4,46.0
2026-05-26,144,long,2026-05-26 14:52:40.599434871,7602.75,2026-05-26 14:55:00.177216947,7600.75,stop,-8,-104.0
2026-05-26,154,short,2026-05-26 15:05:59.265590573,7597.75,2026-05-26 15:14:59.887465661,7597.0,eod,3,33.5
2026-05-27,23,long,2026-05-27 08:51:44.918414767,7596.0,2026-05-27 08:52:20.835235071,7597.0,target,4,46.0
2026-05-27,163,short,2026-05-27 14:59:54.736853533,7600.0,2026-05-27 14:59:59.190954927,7602.0,stop,-8,-104.0
2026-05-28,82,long,2026-05-28 10:51:23.299956533,7637.25,2026-05-28 10:54:58.367193971,7635.25,stop,-8,-104.0
2026-05-28,124,long,2026-05-28 14:28:46.319345473,7643.0,2026-05-28 14:30:20.131361181,7644.0,target,4,46.0
2026-05-28,138,long,2026-05-28 15:01:10.924935161,7644.5,2026-05-28 15:01:30.398812177,7645.5,target,4,46.0
2026-05-29,103,short,2026-05-29 11:31:16.718693187,7657.25,2026-05-29 11:31:31.843234115,7660.0,stop,-11,-141.5
2026-05-29,152,long,2026-05-29 14:12:47.989762031,7656.75,2026-05-29 14:16:00.902095385,7654.75,stop,-8,-104.0
2026-05-29,183,short,2026-05-29 15:00:18.573371861,7654.5,2026-05-29 15:00:21.463609361,7656.5,stop,-8,-104.0
2026-05-29,184,long,2026-05-29 15:00:47.978468669,7659.0,2026-05-29 15:03:03.705284271,7657.0,stop,-8,-104.0
2026-06-01,151,short,2026-06-01 14:54:38.492747285,7673.5,2026-06-01 14:54:43.631163849,7672.5,target,4,46.0
2026-06-01,157,long,2026-06-01 15:00:00.306349551,7676.0,2026-06-01 15:05:40.740746719,7677.0,target,4,46.0
2026-06-02,77,short,2026-06-02 11:36:13.958280315,7680.25,2026-06-02 11:38:40.211642027,7682.25,stop,-8,-104.0
2026-06-02,94,short,2026-06-02 12:55:15.650346551,7679.25,2026-06-02 12:57:34.495460029,7678.25,target,4,46.0
2026-06-02,101,short,2026-06-02 13:37:27.826649899,7677.75,2026-06-02 13:38:22.182341021,7676.75,target,4,46.0
2026-06-02,117,long,2026-06-02 14:53:10.076175675,7686.5,2026-06-02 14:54:10.033323217,7684.5,stop,-8,-104.0
2026-06-02,120,long,2026-06-02 14:59:00.093666475,7685.0,2026-06-02 14:59:07.098843543,7686.0,target,4,46.0
2026-06-03,82,short,2026-06-03 11:01:14.264504735,7638.75,2026-06-03 11:03:37.784460007,7640.75,stop,-8,-104.0
2026-06-03,114,long,2026-06-03 12:35:42.705024851,7638.0,2026-06-03 12:37:19.252050975,7639.0,target,4,46.0
2026-06-03,130,short,2026-06-03 13:50:27.949594883,7644.0,2026-06-03 13:51:39.230772537,7646.0,stop,-8,-104.0
2026-06-03,152,long,2026-06-03 14:55:28.323351281,7637.25,2026-06-03 14:55:28.323351281,7635.25,stop,-8,-104.0
2026-06-04,44,long,2026-06-04 09:28:31.498667093,7631.25,2026-06-04 09:29:11.219332645,7629.25,stop,-8,-104.0
2026-06-04,132,long,2026-06-04 14:58:54.130803199,7664.75,2026-06-04 14:59:19.578270733,7662.75,stop,-8,-104.0
2026-06-05,163,long,2026-06-05 11:57:56.971356963,7530.75,2026-06-05 11:58:04.879099713,7528.75,stop,-8,-104.0
2026-06-05,286,long,2026-06-05 14:45:45.176428435,7466.25,2026-06-05 14:45:48.474430869,7467.25,target,4,46.0
2026-06-05,316,short,2026-06-05 15:02:28.657599477,7442.0,2026-06-05 15:02:35.084971107,7441.0,target,4,46.0
2026-06-08,52,short,2026-06-08 09:15:11.780093399,7498.25,2026-06-08 09:15:27.244258273,7497.25,target,4,46.0
2026-06-08,146,short,2026-06-08 12:18:40.495682085,7485.5,2026-06-08 12:18:49.540130857,7487.5,stop,-8,-104.0
2026-06-08,170,long,2026-06-08 13:17:17.409292461,7500.5,2026-06-08 13:18:10.470761313,7501.5,target,4,46.0
2026-06-08,189,short,2026-06-08 14:15:09.840429485,7475.5,2026-06-08 14:15:12.700358403,7474.5,target,4,46.0
2026-06-08,198,long,2026-06-08 14:31:38.986245605,7482.25,2026-06-08 14:32:28.301876831,7483.25,target,4,46.0
2026-06-09,22,long,2026-06-09 08:52:35.142965425,7546.5,2026-06-09 08:53:04.070476563,7544.5,stop,-8,-104.0
2026-06-09,48,short,2026-06-09 09:15:52.699731157,7496.0,2026-06-09 09:15:59.726466305,7495.0,target,4,46.0
2026-06-09,350,long,2026-06-09 14:25:12.560872917,7424.25,2026-06-09 14:25:20.055182287,7425.25,target,4,46.0
2026-06-09,353,long,2026-06-09 14:31:08.850140981,7432.0,2026-06-09 14:31:13.074045491,7433.0,target,4,46.0
2026-06-09,388,short,2026-06-09 15:00:56.151079207,7450.75,2026-06-09 15:01:06.750640545,7449.75,target,4,46.0
2026-06-10,82,short,2026-06-10 09:55:40.289036797,7423.5,2026-06-10 09:55:41.262528479,7422.5,target,4,46.0
2026-06-10,170,long,2026-06-10 12:02:50.929956509,7391.5,2026-06-10 12:02:58.538599119,7389.5,stop,-8,-104.0
2026-06-10,179,long,2026-06-10 12:25:09.975424325,7377.75,2026-06-10 12:25:10.697185241,7378.75,target,4,46.0
2026-06-10,260,short,2026-06-10 14:59:55.024928579,7337.0,2026-06-10 14:59:57.064437079,7339.0,stop,-8,-104.0
2026-06-11,150,long,2026-06-11 11:36:59.054450521,7379.5,2026-06-11 11:37:03.962663835,7377.5,stop,-8,-104.0
2026-06-11,271,long,2026-06-11 14:36:18.591968779,7479.75,2026-06-11 14:36:23.454077873,7480.75,target,4,46.0
2026-06-12,26,short,2026-06-12 09:34:20.601240415,7472.25,2026-06-12 09:34:33.778460609,7474.25,stop,-8,-104.0
2026-06-12,81,long,2026-06-12 15:02:33.042125069,7500.0,2026-06-12 15:02:41.781439451,7501.0,target,4,46.0
2026-06-15,100,long,2026-06-15 13:38:48.619825121,7634.5,2026-06-15 13:43:43.896868895,7632.5,stop,-8,-104.0
2026-06-15,125,long,2026-06-15 14:59:39.766405625,7624.5,2026-06-15 14:59:47.008890787,7625.5,target,4,46.0
2026-06-15,129,long,2026-06-15 14:59:59.441427515,7630.25,2026-06-15 14:59:59.691805185,7631.25,target,4,46.0
2026-06-16,45,long,2026-06-16 09:32:29.281235313,7608.5,2026-06-16 09:32:33.869221465,7609.5,target,4,46.0
2026-06-16,158,long,2026-06-16 14:50:00.003590339,7595.5,2026-06-16 14:50:00.003590339,7592.75,stop,-11,-141.5
2026-06-17,76,long,2026-06-17 10:12:28.477393307,7575.0,2026-06-17 10:12:44.530933349,7573.0,stop,-8,-104.0
2026-06-17,91,short,2026-06-17 10:52:50.084122087,7587.0,2026-06-17 10:53:51.189844899,7586.0,target,4,46.0
2026-06-17,225,short,2026-06-17 14:32:14.572716951,7491.25,2026-06-17 14:32:23.915006329,7493.25,stop,-8,-104.0
2026-06-17,268,long,2026-06-17 15:01:48.214132925,7504.5,2026-06-17 15:01:55.404801985,7502.5,stop,-8,-104.0
2026-06-17,269,short,2026-06-17 15:04:14.137073953,7497.0,2026-06-17 15:04:34.195992967,7496.0,target,4,46.0
2026-06-18,184,short,2026-06-18 14:59:17.008124631,7575.25,2026-06-18 14:59:26.010153585,7574.25,target,4,46.0
2026-06-18,191,long,2026-06-18 15:00:06.732341197,7568.0,2026-06-18 15:00:10.105759293,7566.0,stop,-8,-104.0
2026-06-22,132,short,2026-06-22 11:24:29.545329185,7540.75,2026-06-22 11:25:26.912376335,7542.75,stop,-8,-104.0
2026-06-22,175,long,2026-06-22 14:12:32.143502505,7536.75,2026-06-22 14:13:02.868590147,7534.75,stop,-8,-104.0
2026-06-22,193,short,2026-06-22 14:59:31.270221211,7538.25,2026-06-22 14:59:46.462925081,7540.25,stop,-8,-104.0
2026-06-22,200,short,2026-06-22 15:06:50.367063837,7542.75,2026-06-22 15:14:06.296058189,7544.75,stop,-8,-104.0
2026-06-23,139,long,2026-06-23 11:36:29.266139987,7469.25,2026-06-23 11:37:41.637935653,7467.25,stop,-8,-104.0
2026-06-23,152,short,2026-06-23 12:17:32.236375771,7466.75,2026-06-23 12:17:44.711657635,7465.75,target,4,46.0
2026-06-24,164,short,2026-06-24 12:30:02.587061589,7415.0,2026-06-24 12:30:04.309929757,7417.0,stop,-8,-104.0
2026-06-24,252,long,2026-06-24 14:59:05.317823725,7421.75,2026-06-24 14:59:08.579834369,7422.75,target,4,46.0
2026-06-25,245,long,2026-06-25 14:34:29.649737701,7418.5,2026-06-25 14:35:03.252049195,7416.5,stop,-8,-104.0
2026-06-25,251,short,2026-06-25 14:48:09.250529413,7410.0,2026-06-25 14:48:36.441184749,7412.0,stop,-8,-104.0
2026-06-25,260,long,2026-06-25 14:59:30.206393543,7417.5,2026-06-25 14:59:35.984781093,7418.5,target,4,46.0
2026-06-25,266,long,2026-06-25 15:00:26.025404693,7435.25,2026-06-25 15:00:26.606827015,7436.25,target,4,46.0
2026-06-26,23,short,2026-06-26 08:48:52.610273949,7380.75,2026-06-26 08:49:01.790727957,7382.75,stop,-8,-104.0
2026-06-26,200,short,2026-06-26 14:59:59.682615847,7369.75,2026-06-26 14:59:59.732712773,7371.75,stop,-8,-104.0
2026-06-26,206,short,2026-06-26 15:01:35.915136229,7397.75,2026-06-26 15:01:37.429670871,7399.75,stop,-8,-104.0
2026-06-29,30,long,2026-06-29 08:53:23.708948241,7488.0,2026-06-29 08:53:25.528185427,7489.0,target,4,46.0
2026-06-29,145,long,2026-06-29 11:45:20.076328919,7476.5,2026-06-29 11:45:33.671789823,7474.5,stop,-8,-104.0
2026-06-29,177,long,2026-06-29 14:18:48.564034623,7497.5,2026-06-29 14:19:03.178003471,7495.5,stop,-8,-104.0
2026-06-29,178,long,2026-06-29 14:20:50.560765277,7497.75,2026-06-29 14:22:19.554702321,7498.75,target,4,46.0
2026-06-29,191,long,2026-06-29 14:59:04.058284521,7501.5,2026-06-29 14:59:07.844331257,7502.5,target,4,46.0
2026-06-30,104,long,2026-06-30 13:10:51.947380969,7555.5,2026-06-30 13:12:28.725275789,7553.25,stop,-9,-116.5
2026-06-30,134,short,2026-06-30 14:58:46.608826827,7557.5,2026-06-30 14:58:56.008635015,7556.5,target,4,46.0
2026-07-01,131,short,2026-07-01 13:46:34.216138869,7555.0,2026-07-01 13:47:26.728957099,7554.0,target,4,46.0
2026-07-01,160,long,2026-07-01 14:59:58.583366765,7544.0,2026-07-01 14:59:59.744124641,7542.0,stop,-8,-104.0
2026-07-02,253,long,2026-07-02 14:57:03.981576205,7527.25,2026-07-02 14:57:21.757111395,7528.25,target,4,46.0
2026-07-06,114,long,2026-07-06 13:51:08.067474321,7595.75,2026-07-06 13:52:45.609066619,7596.75,target,4,46.0
2026-07-06,130,short,2026-07-06 14:51:59.509059781,7593.75,2026-07-06 14:52:51.425594967,7592.75,target,4,46.0
2026-07-07,56,short,2026-07-07 09:32:03.075877161,7543.5,2026-07-07 09:32:10.070794883,7542.5,target,4,46.0
2026-07-07,103,long,2026-07-07 11:15:22.989533653,7559.25,2026-07-07 11:16:01.826124061,7557.25,stop,-8,-104.0
2026-07-07,135,short,2026-07-07 13:33:41.351799071,7563.5,2026-07-07 13:34:17.986349491,7565.5,stop,-8,-104.0
2026-07-07,179,short,2026-07-07 15:00:35.130193463,7549.75,2026-07-07 15:01:49.729890295,7551.75,stop,-8,-104.0
2026-07-08,68,long,2026-07-08 09:53:46.955403821,7496.25,2026-07-08 09:53:47.367702861,7497.25,target,4,46.0
2026-07-08,80,short,2026-07-08 10:16:03.152978649,7484.25,2026-07-08 10:16:09.807941819,7483.25,target,4,46.0
2026-07-08,81,short,2026-07-08 10:16:20.333230841,7481.5,2026-07-08 10:16:55.466188401,7480.5,target,4,46.0
2026-07-08,148,short,2026-07-08 12:37:07.450348347,7529.75,2026-07-08 12:38:56.014982805,7528.75,target,4,46.0
2026-07-09,94,long,2026-07-09 12:00:50.726164205,7581.5,2026-07-09 12:01:00.743470469,7582.5,target,4,46.0
2026-07-09,114,short,2026-07-09 13:55:06.358278353,7585.25,2026-07-09 13:55:29.160997177,7584.25,target,4,46.0
2026-07-10,44,short,2026-07-10 10:05:00.896000000,7581.25,2026-07-10 10:05:02.124000000,7580.25,target,4,46.0
2026-07-10,52,long,2026-07-10 10:27:37.724000000,7606.75,2026-07-10 10:27:53.396000000,7604.75,stop,-8,-104.0
2026-07-10,95,short,2026-07-10 15:00:06.912000000,7618.25,2026-07-10 15:00:15.148000000,7620.25,stop,-8,-104.0
2026-07-13,25,short,2026-07-13 09:16:44.284000000,7594.75,2026-07-13 09:16:44.324000000,7596.75,stop,-8,-104.0
2026-07-13,72,short,2026-07-13 11:48:30.600000000,7571.75,2026-07-13 11:48:50.964000000,7573.75,stop,-8,-104.0
2026-07-13,84,short,2026-07-13 12:50:09.348000000,7567.0,2026-07-13 12:50:20.656000000,7566.0,target,4,46.0
2026-07-13,113,short,2026-07-13 14:59:11.188000000,7565.25,2026-07-13 14:59:19.544000000,7564.25,target,4,46.0
2026-07-13,116,short,2026-07-13 15:00:03.312000000,7560.5,2026-07-13 15:00:08.320000000,7559.5,target,4,46.0
2026-07-14,29,long,2026-07-14 09:26:52.516000000,7577.25,2026-07-14 09:26:52.576000000,7578.25,target,4,46.0
2026-07-14,30,short,2026-07-14 09:28:17.772000000,7573.0,2026-07-14 09:28:35.464000000,7575.0,stop,-8,-104.0
2026-07-14,53,long,2026-07-14 10:26:39.524000000,7596.75,2026-07-14 10:27:10.888000000,7594.75,stop,-8,-104.0
2026-07-14,73,long,2026-07-14 12:09:56.256000000,7591.25,2026-07-14 12:10:51.384000000,7592.25,target,4,46.0
2026-07-14,88,short,2026-07-14 14:10:23.080000000,7588.0,2026-07-14 14:13:21.684000000,7590.0,stop,-8,-104.0
2026-07-15,51,short,2026-07-15 10:15:28.192000000,7597.75,2026-07-15 10:15:43.644000000,7596.75,target,4,46.0
2026-07-15,71,long,2026-07-15 11:19:03.692000000,7583.25,2026-07-15 11:19:11.520000000,7581.25,stop,-8,-104.0
2026-07-15,118,long,2026-07-15 14:51:29.856000000,7611.25,2026-07-15 14:53:40.332000000,7609.25,stop,-8,-104.0
2026-07-15,125,long,2026-07-15 15:02:11.780000000,7617.25,2026-07-15 15:02:44.364000000,7618.25,target,4,46.0
2026-07-16,43,short,2026-07-16 10:04:26.092000000,7605.25,2026-07-16 10:04:41.520000000,7607.25,stop,-8,-104.0
2026-07-16,61,short,2026-07-16 11:12:06.456000000,7591.75,2026-07-16 11:13:01.228000000,7590.75,target,4,46.0
2026-07-16,71,short,2026-07-16 11:46:02.716000000,7586.5,2026-07-16 11:46:55.936000000,7588.5,stop,-8,-104.0
2026-07-16,108,long,2026-07-16 14:38:36.040000000,7558.0,2026-07-16 14:38:46.648000000,7559.0,target,4,46.0
2026-07-17,25,long,2026-07-17 09:00:42.800000000,7517.25,2026-07-17 09:00:47.944000000,7518.25,target,4,46.0
2026-07-17,123,short,2026-07-17 15:00:01.732000000,7494.0,2026-07-17 15:00:17.536000000,7493.0,target,4,46.0
2026-07-20,99,long,2026-07-20 14:00:54.156000000,7495.0,2026-07-20 14:02:10.448000000,7493.0,stop,-8,-104.0
2026-07-20,105,short,2026-07-20 14:23:10.572000000,7480.75,2026-07-20 14:23:34.396000000,7482.75,stop,-8,-104.0
2026-07-20,118,short,2026-07-20 14:59:12.032000000,7480.25,2026-07-20 14:59:24.656000000,7482.25,stop,-8,-104.0
2026-07-20,122,long,2026-07-20 15:00:18.028000000,7490.25,2026-07-20 15:00:19.304000000,7491.25,target,4,46.0
2026-07-20,123,short,2026-07-20 15:02:26.224000000,7487.5,2026-07-20 15:03:07.504000000,7486.5,target,4,46.0
2026-07-21,62,long,2026-07-21 12:32:56.132000000,7549.0,2026-07-21 12:33:37.640000000,7547.0,stop,-8,-104.0
2026-07-21,74,short,2026-07-21 14:33:15.912000000,7544.75,2026-07-21 14:36:00.660000000,7546.75,stop,-8,-104.0
2026-07-21,79,long,2026-07-21 14:56:45.092000000,7548.75,2026-07-21 14:57:49.688000000,7546.75,stop,-8,-104.0
2026-07-21,82,short,2026-07-21 14:59:57.072000000,7544.25,2026-07-21 14:59:59.548000000,7546.25,stop,-8,-104.0
2026-07-22,23,long,2026-07-22 09:30:11.276000000,7536.75,2026-07-22 09:30:29.592000000,7534.75,stop,-8,-104.0
2026-07-22,70,long,2026-07-22 14:45:05.980000000,7542.5,2026-07-22 14:46:00.028000000,7540.5,stop,-8,-104.0
2026-07-22,81,short,2026-07-22 15:04:50.172000000,7536.75,2026-07-22 15:04:54.284000000,7535.75,target,4,46.0
2026-07-22,83,long,2026-07-22 15:12:09.212000000,7542.25,2026-07-22 15:12:26.544000000,7543.25,target,4,46.0
2026-07-23,141,long,2026-07-23 14:57:52.388000000,7442.75,2026-07-23 14:58:02.152000000,7443.75,target,4,46.0
2026-07-23,143,short,2026-07-23 14:59:21.728000000,7443.75,2026-07-23 14:59:32.208000000,7445.75,stop,-8,-104.0
2026-07-24,62,long,2026-07-24 10:23:53.288000000,7486.0,2026-07-24 10:24:01.192000000,7484.0,stop,-8,-104.0
2026-07-24,120,long,2026-07-24 14:20:00.392000000,7437.5,2026-07-24 14:20:10.796000000,7435.5,stop,-8,-104.0
2026-07-27,112,long,2026-07-27 12:46:20.196000000,7429.0,2026-07-27 12:46:39.100000000,7426.75,stop,-9,-116.5
2026-07-27,113,long,2026-07-27 12:52:43.144000000,7429.5,2026-07-27 12:52:59.604000000,7430.5,target,4,46.0
2026-07-27,129,short,2026-07-27 14:03:49.696000000,7445.5,2026-07-27 14:04:09.108000000,7447.5,stop,-8,-104.0
2026-07-27,141,long,2026-07-27 14:56:15.740000000,7448.75,2026-07-27 14:57:34.280000000,7446.75,stop,-8,-104.0
2026-07-28,122,long,2026-07-28 14:42:12.008000000,7471.0,2026-07-28 14:42:39.184000000,7469.0,stop,-8,-104.0
2026-07-28,132,short,2026-07-28 15:02:35.432000000,7463.5,2026-07-28 15:02:40.884000000,7462.5,target,4,46.0
2026-07-29,35,long,2026-07-29 09:21:47.472000000,7418.0,2026-07-29 09:22:25.288000000,7419.0,target,4,46.0
2026-07-29,63,long,2026-07-29 10:23:01.264000000,7403.5,2026-07-29 10:23:43.636000000,7404.5,target,4,46.0
2026-07-29,98,long,2026-07-29 12:21:51.744000000,7427.25,2026-07-29 12:22:28.040000000,7425.25,stop,-8,-104.0
2026-07-29,205,short,2026-07-29 14:59:59.292000000,7350.25,2026-07-29 14:59:59.584000000,7349.25,target,4,46.0
2026-07-30,150,long,2026-07-30 15:04:55.888000000,7490.75,2026-07-30 15:04:59.772000000,7491.75,target,4,46.0
2026-07-30,151,short,2026-07-30 15:08:49.228000000,7486.5,2026-07-30 15:08:58.356000000,7485.5,target,4,46.0
2026-07-31,95,long,2026-07-31 10:37:03.636000000,7467.25,2026-07-31 10:37:07.744000000,7468.25,target,4,46.0
2026-07-31,126,long,2026-07-31 12:26:57.000000000,7513.25,2026-07-31 12:27:10.284000000,7514.25,target,4,46.0
2026-07-31,171,long,2026-07-31 14:59:59.640000000,7519.0,2026-07-31 14:59:59.976000000,7520.0,target,4,46.0
2026-07-31,174,short,2026-07-31 15:02:12.068000000,7521.25,2026-07-31 15:02:28.428000000,7520.25,target,4,46.0
