2026-07-17 12:47:33 all green
2026-07-17 12:50:01 all green
2026-07-17 12:54:27 daemon mode: 10s cadence, fast thresholds
2026-07-17 12:54:28 all green (daemon)
2026-07-17 12:55:01 all green
2026-07-17 13:00:01 all green
2026-07-17 13:04:38 all green (daemon)
2026-07-17 13:05:01 all green
2026-07-17 13:10:01 all green
2026-07-17 13:14:47 all green (daemon)
2026-07-17 13:15:01 all green
2026-07-17 13:20:01 all green
2026-07-17 13:24:57 all green (daemon)
2026-07-17 13:25:01 all green
2026-07-17 13:30:01 all green
2026-07-17 13:34:57 all green (daemon)
2026-07-17 13:35:01 all green
2026-07-17 13:40:01 all green
2026-07-17 13:45:01 all green
2026-07-17 13:45:07 all green (daemon)
2026-07-17 13:50:01 all green
2026-07-17 13:55:01 all green
2026-07-17 13:55:16 all green (daemon)
2026-07-17 14:00:01 all green
2026-07-17 14:05:01 all green
2026-07-17 14:05:25 all green (daemon)
2026-07-17 14:10:01 all green
2026-07-17 14:15:01 all green
2026-07-17 14:15:35 all green (daemon)
2026-07-17 14:20:01 all green
2026-07-17 14:25:01 all green
2026-07-17 14:25:45 all green (daemon)
2026-07-17 14:30:01 all green
2026-07-17 14:35:01 all green
2026-07-17 14:35:45 all green (daemon)
2026-07-17 14:40:01 all green
2026-07-17 14:45:02 all green
2026-07-17 14:45:55 all green (daemon)
2026-07-17 14:50:01 all green
2026-07-17 14:55:00 all green
2026-07-17 14:56:04 all green (daemon)
2026-07-17 15:00:01 all green
2026-07-17 15:05:00 all green
2026-07-17 15:06:06 all green (daemon)
2026-07-17 15:10:00 all green
2026-07-17 15:15:01 all green
2026-07-17 15:16:07 all green (daemon)
2026-07-17 15:20:07 daemon: market window closed, exiting
2026-07-19 13:03:45 skip: Sunday — market closed
2026-09-07 08:12:01 skip: Labor Day — market closed
2026-09-17 07:24:25 daemon: 3034s before 08:15 CT window — sleeping to open
2026-09-17 07:24:49 daemon: 3010s before 08:15 CT window — sleeping to open
2026-09-17 08:15:01 daemon mode: 10s cadence, fast thresholds
2026-09-17 08:15:01 all green (daemon)
2026-09-17 08:18:01 all green
2026-09-17 08:23:01 all green
2026-09-17 08:25:02 all green (daemon)
2026-09-17 08:28:01 all green
2026-09-17 08:33:01 all green
2026-09-17 08:35:04 all green (daemon)
2026-09-17 08:38:01 all green
2026-09-17 08:40:06 ACTION sim_daemon: process gone — restarting via 'MyQuant Sim Daemon'
2026-09-17 08:40:17 sim_daemon: process gone — in cooldown (12s), waiting
2026-09-17 08:40:27 sim_daemon: process gone — in cooldown (22s), waiting
2026-09-17 08:40:37 sim_daemon: process gone — in cooldown (32s), waiting
2026-09-17 08:40:47 sim_daemon: process gone — in cooldown (42s), waiting
2026-09-17 08:40:57 sim_daemon: process gone — in cooldown (52s), waiting
2026-09-17 08:41:07 sim_daemon: process gone — in cooldown (62s), waiting
2026-09-17 08:41:18 sim_daemon: process gone — in cooldown (73s), waiting
2026-09-17 08:41:28 sim_daemon: process gone — in cooldown (83s), waiting
2026-09-17 08:41:38 sim_daemon: process gone — in cooldown (93s), waiting
2026-09-17 08:41:48 sim_daemon: process gone — in cooldown (103s), waiting
2026-09-17 08:41:58 sim_daemon: process gone — in cooldown (113s), waiting
2026-09-17 08:42:08 sim_daemon: process gone — in cooldown (123s), waiting
2026-09-17 08:42:19 sim_daemon: process gone — in cooldown (135s), waiting
2026-09-17 08:42:29 sim_daemon: process gone — in cooldown (145s), waiting
2026-09-17 08:42:39 sim_daemon: process gone — in cooldown (155s), waiting
2026-09-17 08:42:49 sim_daemon: process gone — in cooldown (165s), waiting
2026-09-17 08:42:59 sim_daemon: process gone — in cooldown (175s), waiting
2026-09-17 08:43:02 sim_daemon: process gone — in cooldown (177s), waiting
2026-09-17 08:43:02 all green
2026-09-17 08:43:09 sim_daemon: process gone — in cooldown (185s), waiting
2026-09-17 08:43:20 sim_daemon: process gone — in cooldown (196s), waiting
2026-09-17 08:43:30 sim_daemon: process gone — in cooldown (206s), waiting
2026-09-17 08:43:40 sim_daemon: process gone — in cooldown (216s), waiting
2026-09-17 08:43:50 sim_daemon: process gone — in cooldown (226s), waiting
2026-09-17 08:44:00 sim_daemon: process gone — in cooldown (236s), waiting
2026-09-17 08:44:10 sim_daemon: process gone — in cooldown (246s), waiting
2026-09-17 08:44:21 sim_daemon: process gone — in cooldown (257s), waiting
2026-09-17 08:44:31 sim_daemon: process gone — in cooldown (267s), waiting
2026-09-17 08:44:41 sim_daemon: process gone — in cooldown (277s), waiting
2026-09-17 08:44:51 sim_daemon: process gone — in cooldown (287s), waiting
2026-09-17 08:45:01 sim_daemon: process gone — in cooldown (297s), waiting
2026-09-17 08:45:11 sim_daemon: process gone — in cooldown (307s), waiting
2026-09-17 08:45:12 all green (daemon)
2026-09-17 08:45:22 sim_daemon: process gone — in cooldown (318s), waiting
2026-09-17 08:45:32 sim_daemon: process gone — in cooldown (328s), waiting
2026-09-17 08:45:42 sim_daemon: process gone — in cooldown (338s), waiting
2026-09-17 08:45:52 sim_daemon: process gone — in cooldown (348s), waiting
2026-09-17 08:46:02 sim_daemon: process gone — in cooldown (358s), waiting
2026-09-17 08:46:13 sim_daemon: process gone — in cooldown (368s), waiting
2026-09-17 08:46:24 sim_daemon: process gone — in cooldown (379s), waiting
2026-09-17 08:46:34 sim_daemon: process gone — in cooldown (389s), waiting
2026-09-17 08:46:44 sim_daemon: process gone — in cooldown (399s), waiting
2026-09-17 08:46:54 sim_daemon: process gone — in cooldown (409s), waiting
2026-09-17 08:47:04 sim_daemon: process gone — in cooldown (419s), waiting
2026-09-17 08:47:14 sim_daemon: process gone — in cooldown (429s), waiting
2026-09-17 08:47:25 sim_daemon: process gone — in cooldown (440s), waiting
2026-09-17 08:47:35 sim_daemon: process gone — in cooldown (450s), waiting
2026-09-17 08:47:45 sim_daemon: process gone — in cooldown (460s), waiting
2026-09-17 08:47:55 sim_daemon: process gone — in cooldown (470s), waiting
2026-09-17 08:48:02 sim_daemon: process gone — in cooldown (477s), waiting
2026-09-17 08:48:02 all green
2026-09-17 08:48:05 sim_daemon: process gone — in cooldown (480s), waiting
2026-09-17 08:48:15 sim_daemon: process gone — in cooldown (490s), waiting
2026-09-17 08:48:26 sim_daemon: process gone — in cooldown (502s), waiting
2026-09-17 08:48:36 sim_daemon: process gone — in cooldown (512s), waiting
2026-09-17 08:48:46 sim_daemon: process gone — in cooldown (522s), waiting
2026-09-17 08:48:56 sim_daemon: process gone — in cooldown (532s), waiting
2026-09-17 08:49:06 sim_daemon: process gone — in cooldown (542s), waiting
2026-09-17 08:49:16 sim_daemon: process gone — in cooldown (552s), waiting
2026-09-17 08:49:27 sim_daemon: process gone — in cooldown (563s), waiting
2026-09-17 08:49:37 sim_daemon: process gone — in cooldown (573s), waiting
2026-09-17 08:49:47 sim_daemon: process gone — in cooldown (583s), waiting
2026-09-17 08:49:57 sim_daemon: process gone — in cooldown (593s), waiting
2026-09-17 08:50:08 ACTION sim_daemon: process gone — restarting via 'MyQuant Sim Daemon'
2026-09-17 08:50:19 sim_daemon: process gone — in cooldown (11s), waiting
2026-09-17 08:50:29 sim_daemon: process gone — in cooldown (22s), waiting
2026-09-17 08:50:39 sim_daemon: process gone — in cooldown (32s), waiting
2026-09-17 08:50:49 sim_daemon: process gone — in cooldown (42s), waiting
2026-09-17 08:50:59 sim_daemon: process gone — in cooldown (52s), waiting
2026-09-17 08:51:09 sim_daemon: process gone — in cooldown (62s), waiting
2026-09-17 08:51:20 sim_daemon: process gone — in cooldown (72s), waiting
2026-09-17 08:51:30 sim_daemon: process gone — in cooldown (83s), waiting
2026-09-17 08:51:40 sim_daemon: process gone — in cooldown (93s), waiting
2026-09-17 08:51:50 sim_daemon: process gone — in cooldown (103s), waiting
2026-09-17 08:52:00 sim_daemon: process gone — in cooldown (113s), waiting
2026-09-17 08:52:10 sim_daemon: process gone — in cooldown (123s), waiting
2026-09-17 08:52:21 sim_daemon: process gone — in cooldown (133s), waiting
2026-09-17 08:52:31 sim_daemon: process gone — in cooldown (144s), waiting
2026-09-17 08:52:41 sim_daemon: process gone — in cooldown (154s), waiting
2026-09-17 08:52:52 sim_daemon: process gone — in cooldown (164s), waiting
2026-09-17 08:53:02 sim_daemon: process gone — in cooldown (174s), waiting
2026-09-17 08:53:02 sim_daemon: process gone — in cooldown (174s), waiting
2026-09-17 08:53:02 all green
2026-09-17 08:53:12 sim_daemon: process gone — in cooldown (184s), waiting
2026-09-17 08:53:22 sim_daemon: process gone — in cooldown (195s), waiting
2026-09-17 08:53:33 sim_daemon: process gone — in cooldown (205s), waiting
2026-09-17 08:53:43 sim_daemon: process gone — in cooldown (215s), waiting
2026-09-17 08:53:53 sim_daemon: process gone — in cooldown (225s), waiting
2026-09-17 08:54:03 sim_daemon: process gone — in cooldown (235s), waiting
2026-09-17 08:54:13 sim_daemon: process gone — in cooldown (245s), waiting
2026-09-17 08:54:23 sim_daemon: process gone — in cooldown (256s), waiting
2026-09-17 08:54:34 sim_daemon: process gone — in cooldown (266s), waiting
2026-09-17 08:54:44 sim_daemon: process gone — in cooldown (276s), waiting
2026-09-17 08:54:54 sim_daemon: process gone — in cooldown (286s), waiting
2026-09-17 08:55:04 sim_daemon: process gone — in cooldown (296s), waiting
2026-09-17 08:55:14 sim_daemon: process gone — in cooldown (306s), waiting
2026-09-17 08:55:14 all green (daemon)
2026-09-17 08:55:24 sim_daemon: process gone — in cooldown (317s), waiting
2026-09-17 08:55:35 sim_daemon: process gone — in cooldown (328s), waiting
2026-09-17 08:55:45 sim_daemon: process gone — in cooldown (338s), waiting
2026-09-17 08:55:55 sim_daemon: process gone — in cooldown (348s), waiting
2026-09-17 08:56:05 sim_daemon: process gone — in cooldown (358s), waiting
2026-09-17 08:56:15 sim_daemon: process gone — in cooldown (368s), waiting
2026-09-17 08:56:26 sim_daemon: process gone — in cooldown (378s), waiting
2026-09-17 08:56:36 sim_daemon: process gone — in cooldown (389s), waiting
2026-09-17 08:56:46 sim_daemon: process gone — in cooldown (399s), waiting
2026-09-17 08:56:56 sim_daemon: process gone — in cooldown (409s), waiting
2026-09-17 08:57:06 sim_daemon: process gone — in cooldown (419s), waiting
2026-09-17 08:57:16 sim_daemon: process gone — in cooldown (429s), waiting
2026-09-17 08:57:27 sim_daemon: process gone — in cooldown (439s), waiting
2026-09-17 08:57:37 sim_daemon: process gone — in cooldown (450s), waiting
2026-09-17 08:57:47 sim_daemon: process gone — in cooldown (460s), waiting
2026-09-17 08:57:57 sim_daemon: process gone — in cooldown (470s), waiting
2026-09-17 08:58:02 sim_daemon: process gone — in cooldown (474s), waiting
2026-09-17 08:58:02 all green
2026-09-17 08:58:07 sim_daemon: process gone — in cooldown (480s), waiting
2026-09-17 08:58:17 sim_daemon: process gone — in cooldown (490s), waiting
2026-09-17 08:58:28 sim_daemon: process gone — in cooldown (500s), waiting
2026-09-17 08:58:39 sim_daemon: process gone — in cooldown (511s), waiting
2026-09-17 08:58:49 sim_daemon: process gone — in cooldown (521s), waiting
2026-09-17 08:58:59 sim_daemon: process gone — in cooldown (531s), waiting
2026-09-17 08:59:09 sim_daemon: process gone — in cooldown (541s), waiting
2026-09-17 08:59:19 sim_daemon: process gone — in cooldown (551s), waiting
2026-09-17 08:59:29 sim_daemon: process gone — in cooldown (562s), waiting
2026-09-17 08:59:40 sim_daemon: process gone — in cooldown (572s), waiting
2026-09-17 08:59:50 sim_daemon: process gone — in cooldown (583s), waiting
2026-09-17 09:00:00 sim_daemon: process gone — in cooldown (593s), waiting
2026-09-17 09:00:11 ACTION sim_daemon: process gone — restarting via 'MyQuant Sim Daemon'
2026-09-17 09:00:21 sim_daemon: process gone — in cooldown (11s), waiting
2026-09-17 09:00:31 sim_daemon: process gone — in cooldown (21s), waiting
2026-09-17 09:00:42 sim_daemon: process gone — in cooldown (31s), waiting
2026-09-17 09:00:52 sim_daemon: process gone — in cooldown (41s), waiting
2026-09-17 09:01:02 sim_daemon: process gone — in cooldown (52s), waiting
2026-09-17 09:01:12 sim_daemon: process gone — in cooldown (62s), waiting
2026-09-17 09:01:23 sim_daemon: process gone — in cooldown (72s), waiting
2026-09-17 09:01:33 sim_daemon: process gone — in cooldown (82s), waiting
2026-09-17 09:01:43 sim_daemon: process gone — in cooldown (93s), waiting
2026-09-17 09:01:53 sim_daemon: process gone — in cooldown (103s), waiting
2026-09-17 09:02:03 sim_daemon: process gone — in cooldown (113s), waiting
2026-09-17 09:02:13 sim_daemon: process gone — in cooldown (123s), waiting
2026-09-17 09:02:24 sim_daemon: process gone — in cooldown (133s), waiting
2026-09-17 09:02:34 sim_daemon: process gone — in cooldown (143s), waiting
2026-09-17 09:02:44 sim_daemon: process gone — in cooldown (154s), waiting
2026-09-17 09:02:54 sim_daemon: process gone — in cooldown (164s), waiting
2026-09-17 09:03:02 sim_daemon: process gone — in cooldown (171s), waiting
2026-09-17 09:03:02 all green
2026-09-17 09:03:04 sim_daemon: process gone — in cooldown (174s), waiting
2026-09-17 09:03:14 sim_daemon: process gone — in cooldown (184s), waiting
2026-09-17 09:03:25 sim_daemon: process gone — in cooldown (194s), waiting
2026-09-17 09:03:35 sim_daemon: process gone — in cooldown (204s), waiting
2026-09-17 09:03:46 sim_daemon: process gone — in cooldown (215s), waiting
2026-09-17 09:03:56 sim_daemon: process gone — in cooldown (225s), waiting
2026-09-17 09:04:06 sim_daemon: process gone — in cooldown (235s), waiting
2026-09-17 09:04:16 sim_daemon: process gone — in cooldown (245s), waiting
2026-09-17 09:04:26 sim_daemon: process gone — in cooldown (256s), waiting
2026-09-17 09:04:36 sim_daemon: process gone — in cooldown (266s), waiting
2026-09-17 09:04:47 sim_daemon: process gone — in cooldown (276s), waiting
2026-09-17 09:04:57 sim_daemon: process gone — in cooldown (286s), waiting
2026-09-17 09:05:07 sim_daemon: process gone — in cooldown (296s), waiting
2026-09-17 09:05:17 sim_daemon: process gone — in cooldown (306s), waiting
2026-09-17 09:05:17 all green (daemon)
2026-09-17 09:05:27 sim_daemon: process gone — in cooldown (317s), waiting
2026-09-17 09:05:37 sim_daemon: process gone — in cooldown (327s), waiting
2026-09-17 09:05:48 sim_daemon: process gone — in cooldown (337s), waiting
2026-09-17 09:05:58 sim_daemon: process gone — in cooldown (347s), waiting
2026-09-17 09:06:08 sim_daemon: process gone — in cooldown (357s), waiting
2026-09-17 09:06:18 sim_daemon: process gone — in cooldown (367s), waiting
2026-09-17 09:06:28 sim_daemon: process gone — in cooldown (378s), waiting
2026-09-17 09:06:39 sim_daemon: process gone — in cooldown (388s), waiting
2026-09-17 09:06:49 sim_daemon: process gone — in cooldown (399s), waiting
2026-09-17 09:06:59 sim_daemon: process gone — in cooldown (409s), waiting
2026-09-17 09:07:09 sim_daemon: process gone — in cooldown (419s), waiting
2026-09-17 09:07:19 sim_daemon: process gone — in cooldown (429s), waiting
2026-09-17 09:07:30 sim_daemon: process gone — in cooldown (439s), waiting
2026-09-17 09:07:40 sim_daemon: process gone — in cooldown (449s), waiting
2026-09-17 09:07:50 sim_daemon: process gone — in cooldown (460s), waiting
2026-09-17 09:08:00 sim_daemon: process gone — in cooldown (470s), waiting
2026-09-17 09:08:02 sim_daemon: process gone — in cooldown (471s), waiting
2026-09-17 09:08:02 all green
2026-09-17 09:08:10 sim_daemon: process gone — in cooldown (480s), waiting
2026-09-17 09:08:20 sim_daemon: process gone — in cooldown (490s), waiting
2026-09-17 09:08:31 sim_daemon: process gone — in cooldown (500s), waiting
2026-09-17 09:08:41 sim_daemon: process gone — in cooldown (510s), waiting
2026-09-17 09:08:51 sim_daemon: process gone — in cooldown (521s), waiting
2026-09-17 09:09:01 sim_daemon: process gone — in cooldown (531s), waiting
2026-09-17 09:09:11 sim_daemon: process gone — in cooldown (541s), waiting
2026-09-17 09:09:21 sim_daemon: process gone — in cooldown (551s), waiting
2026-09-17 09:09:32 sim_daemon: process gone — in cooldown (562s), waiting
2026-09-17 09:09:42 sim_daemon: process gone — in cooldown (572s), waiting
2026-09-17 09:09:53 sim_daemon: process gone — in cooldown (582s), waiting
2026-09-17 09:10:03 sim_daemon: process gone — in cooldown (592s), waiting
2026-09-17 09:10:13 ACTION sim_daemon: process gone — restarting via 'MyQuant Sim Daemon'
2026-09-17 09:10:24 sim_daemon: process gone — in cooldown (11s), waiting
2026-09-17 09:10:34 sim_daemon: process gone — in cooldown (21s), waiting
2026-09-17 09:10:44 sim_daemon: process gone — in cooldown (31s), waiting
2026-09-17 09:10:55 sim_daemon: process gone — in cooldown (42s), waiting
2026-09-17 09:11:05 sim_daemon: process gone — in cooldown (52s), waiting
2026-09-17 09:11:15 sim_daemon: process gone — in cooldown (62s), waiting
2026-09-17 09:11:25 sim_daemon: process gone — in cooldown (73s), waiting
2026-09-17 09:11:35 sim_daemon: process gone — in cooldown (83s), waiting
2026-09-17 09:11:45 sim_daemon: process gone — in cooldown (93s), waiting
2026-09-17 09:11:56 sim_daemon: process gone — in cooldown (103s), waiting
2026-09-17 09:12:06 sim_daemon: process gone — in cooldown (113s), waiting
2026-09-17 09:12:16 sim_daemon: process gone — in cooldown (123s), waiting
2026-09-17 09:12:26 sim_daemon: process gone — in cooldown (134s), waiting
2026-09-17 09:12:36 sim_daemon: process gone — in cooldown (144s), waiting
2026-09-17 09:12:46 sim_daemon: process gone — in cooldown (154s), waiting
2026-09-17 09:12:57 sim_daemon: process gone — in cooldown (164s), waiting
2026-09-17 09:13:02 sim_daemon: process gone — in cooldown (169s), waiting
2026-09-17 09:13:02 all green
2026-09-17 09:13:07 sim_daemon: process gone — in cooldown (174s), waiting
2026-09-17 09:13:17 sim_daemon: process gone — in cooldown (184s), waiting
2026-09-17 09:13:27 sim_daemon: process gone — in cooldown (195s), waiting
2026-09-17 09:13:38 sim_daemon: process gone — in cooldown (205s), waiting
2026-09-17 09:13:48 sim_daemon: process gone — in cooldown (215s), waiting
2026-09-17 09:13:58 sim_daemon: process gone — in cooldown (226s), waiting
2026-09-17 09:14:08 sim_daemon: process gone — in cooldown (236s), waiting
2026-09-17 09:14:18 sim_daemon: process gone — in cooldown (246s), waiting
2026-09-17 09:14:29 sim_daemon: process gone — in cooldown (257s), waiting
2026-09-17 09:14:40 sim_daemon: process gone — in cooldown (267s), waiting
2026-09-17 09:14:50 sim_daemon: process gone — in cooldown (277s), waiting
2026-09-17 09:15:00 sim_daemon: process gone — in cooldown (288s), waiting
2026-09-17 09:15:10 sim_daemon: process gone — in cooldown (298s), waiting
2026-09-17 09:15:20 sim_daemon: process gone — in cooldown (308s), waiting
2026-09-17 09:15:20 all green (daemon)
2026-09-17 09:15:31 sim_daemon: process gone — in cooldown (318s), waiting
2026-09-17 09:15:41 sim_daemon: process gone — in cooldown (328s), waiting
2026-09-17 09:15:51 sim_daemon: process gone — in cooldown (338s), waiting
2026-09-17 09:16:02 sim_daemon: process gone — in cooldown (349s), waiting
2026-09-17 09:16:12 sim_daemon: process gone — in cooldown (359s), waiting
2026-09-17 09:16:22 sim_daemon: process gone — in cooldown (369s), waiting
2026-09-17 09:16:33 sim_daemon: process gone — in cooldown (380s), waiting
2026-09-17 09:16:43 sim_daemon: process gone — in cooldown (390s), waiting
2026-09-17 09:16:53 sim_daemon: process gone — in cooldown (400s), waiting
2026-09-17 09:17:03 sim_daemon: process gone — in cooldown (411s), waiting
2026-09-17 09:17:14 sim_daemon: process gone — in cooldown (421s), waiting
2026-09-17 09:17:24 sim_daemon: process gone — in cooldown (431s), waiting
2026-09-17 09:17:34 sim_daemon: process gone — in cooldown (442s), waiting
2026-09-17 09:17:44 sim_daemon: process gone — in cooldown (452s), waiting
2026-09-17 09:17:54 sim_daemon: process gone — in cooldown (462s), waiting
2026-09-17 09:18:02 sim_daemon: process gone — in cooldown (469s), waiting
2026-09-17 09:18:02 all green
2026-09-17 09:18:05 sim_daemon: process gone — in cooldown (472s), waiting
2026-09-17 09:18:15 sim_daemon: process gone — in cooldown (482s), waiting
2026-09-17 09:18:25 sim_daemon: process gone — in cooldown (492s), waiting
2026-09-17 09:18:36 sim_daemon: process gone — in cooldown (503s), waiting
2026-09-17 09:18:46 sim_daemon: process gone — in cooldown (513s), waiting
2026-09-17 09:18:56 sim_daemon: process gone — in cooldown (523s), waiting
2026-09-17 09:19:06 sim_daemon: process gone — in cooldown (534s), waiting
2026-09-17 09:19:16 sim_daemon: process gone — in cooldown (544s), waiting
2026-09-17 09:19:26 sim_daemon: process gone — in cooldown (554s), waiting
2026-09-17 09:19:37 sim_daemon: process gone — in cooldown (564s), waiting
2026-09-17 09:19:47 sim_daemon: process gone — in cooldown (574s), waiting
2026-09-17 09:19:57 sim_daemon: process gone — in cooldown (584s), waiting
2026-09-17 09:20:07 sim_daemon: process gone — in cooldown (595s), waiting
2026-09-17 09:20:18 ACTION sim_daemon: process gone — restarting via 'MyQuant Sim Daemon'
2026-09-17 09:20:29 ACTION sim_daemon: process gone — RESTART CAP HIT (5/day), manual fix needed
2026-09-17 09:20:39 ACTION sim_daemon: process gone — RESTART CAP HIT (5/day), manual fix needed
2026-09-17 09:20:49 ACTION sim_daemon: process gone — RESTART CAP HIT (5/day), manual fix needed
2026-09-17 09:21:00 ACTION sim_daemon: process gone — RESTART CAP HIT (5/day), manual fix needed
2026-09-17 09:21:10 ACTION sim_daemon: process gone — RESTART CAP HIT (5/day), manual fix needed
2026-09-17 09:21:20 ACTION sim_daemon: process gone — RESTART CAP HIT (5/day), manual fix needed
2026-09-17 09:21:30 ACTION sim_daemon: process gone — RESTART CAP HIT (5/day), manual fix needed
2026-09-17 09:21:41 ACTION sim_daemon: process gone — RESTART CAP HIT (5/day), manual fix needed
2026-09-17 09:21:51 ACTION sim_daemon: process gone — RESTART CAP HIT (5/day), manual fix needed
2026-09-17 09:22:02 ACTION sim_daemon: process gone — RESTART CAP HIT (5/day), manual fix needed
2026-09-17 09:22:12 ACTION sim_daemon: process gone — RESTART CAP HIT (5/day), manual fix needed
2026-09-17 09:22:22 ACTION sim_daemon: process gone — RESTART CAP HIT (5/day), manual fix needed
2026-09-17 09:22:33 ACTION sim_daemon: process gone — RESTART CAP HIT (5/day), manual fix needed
2026-09-17 09:22:43 ACTION sim_daemon: process gone — RESTART CAP HIT (5/day), manual fix needed
2026-09-17 09:22:53 ACTION sim_daemon: process gone — RESTART CAP HIT (5/day), manual fix needed
2026-09-17 09:23:04 sim_daemon: process gone — task 'MyQuant Sim Daemon' Disabled; intentionally off, not restarting
2026-09-17 09:23:04 ACTION sim_daemon: process gone — RESTART CAP HIT (5/day), manual fix needed
2026-09-17 09:23:04 all green
2026-09-17 09:23:14 ACTION sim_daemon: process gone — RESTART CAP HIT (5/day), manual fix needed
2026-09-17 09:23:19 daemon mode: 10s cadence, fast thresholds
2026-09-17 09:23:22 sim_daemon: process gone — task 'MyQuant Sim Daemon' Disabled; intentionally off, not restarting
2026-09-17 09:23:22 all green (daemon)
2026-09-17 09:28:03 sim_daemon: process gone — task 'MyQuant Sim Daemon' Disabled; intentionally off, not restarting
2026-09-17 09:28:04 all green
2026-09-17 09:32:32 daemon mode: 10s cadence, fast thresholds
2026-09-17 09:32:34 sim_daemon: process gone — task 'MyQuant Sim Daemon' Disabled; intentionally off, not restarting
2026-09-17 09:32:35 all green (daemon)
2026-09-17 09:33:03 sim_daemon: process gone — task 'MyQuant Sim Daemon' Disabled; intentionally off, not restarting
2026-09-17 09:33:04 all green
2026-09-17 09:33:24 all green (daemon)
2026-09-17 09:38:03 sim_daemon: process gone — task 'MyQuant Sim Daemon' Disabled; intentionally off, not restarting
2026-09-17 09:38:04 all green
2026-09-17 09:43:04 sim_daemon: process gone — task 'MyQuant Sim Daemon' Disabled; intentionally off, not restarting
2026-09-17 09:43:04 all green
2026-09-17 09:43:28 all green (daemon)
2026-09-17 09:48:03 sim_daemon: process gone — task 'MyQuant Sim Daemon' Disabled; intentionally off, not restarting
2026-09-17 09:48:03 all green
2026-09-17 09:53:03 sim_daemon: process gone — task 'MyQuant Sim Daemon' Disabled; intentionally off, not restarting
2026-09-17 09:53:04 all green
2026-09-17 09:53:38 all green (daemon)
2026-09-17 09:58:03 sim_daemon: process gone — task 'MyQuant Sim Daemon' Disabled; intentionally off, not restarting
2026-09-17 09:58:03 all green
2026-09-17 10:03:03 sim_daemon: process gone — task 'MyQuant Sim Daemon' Disabled; intentionally off, not restarting
2026-09-17 10:03:03 all green
2026-09-17 10:03:46 all green (daemon)
2026-09-17 10:08:03 sim_daemon: process gone — task 'MyQuant Sim Daemon' Disabled; intentionally off, not restarting
2026-09-17 10:08:03 all green
2026-09-17 10:13:03 sim_daemon: process gone — task 'MyQuant Sim Daemon' Disabled; intentionally off, not restarting
2026-09-17 10:13:03 all green
2026-09-17 10:13:54 all green (daemon)
2026-09-17 10:18:03 sim_daemon: process gone — task 'MyQuant Sim Daemon' Disabled; intentionally off, not restarting
2026-09-17 10:18:03 all green
2026-09-17 10:23:03 sim_daemon: process gone — task 'MyQuant Sim Daemon' Disabled; intentionally off, not restarting
2026-09-17 10:23:03 all green
2026-09-17 10:24:02 all green (daemon)
2026-09-17 10:28:03 sim_daemon: process gone — task 'MyQuant Sim Daemon' Disabled; intentionally off, not restarting
2026-09-17 10:28:03 all green
2026-09-17 10:33:05 sim_daemon: process gone — task 'MyQuant Sim Daemon' Disabled; intentionally off, not restarting
2026-09-17 10:33:06 all green
2026-09-17 10:34:12 all green (daemon)
2026-09-17 10:38:03 sim_daemon: process gone — task 'MyQuant Sim Daemon' Disabled; intentionally off, not restarting
2026-09-17 10:38:03 all green
2026-09-17 10:43:03 sim_daemon: process gone — task 'MyQuant Sim Daemon' Disabled; intentionally off, not restarting
2026-09-17 10:43:03 all green
2026-09-17 10:44:21 all green (daemon)
2026-09-17 10:48:03 sim_daemon: process gone — task 'MyQuant Sim Daemon' Disabled; intentionally off, not restarting
2026-09-17 10:48:03 all green
2026-09-17 10:53:03 sim_daemon: process gone — task 'MyQuant Sim Daemon' Disabled; intentionally off, not restarting
2026-09-17 10:53:03 all green
2026-09-17 10:54:29 all green (daemon)
2026-09-17 10:58:03 sim_daemon: process gone — task 'MyQuant Sim Daemon' Disabled; intentionally off, not restarting
2026-09-17 10:58:03 all green
2026-09-17 11:03:03 sim_daemon: process gone — task 'MyQuant Sim Daemon' Disabled; intentionally off, not restarting
2026-09-17 11:03:03 all green
2026-09-17 11:04:37 all green (daemon)
2026-09-17 11:08:03 sim_daemon: process gone — task 'MyQuant Sim Daemon' Disabled; intentionally off, not restarting
2026-09-17 11:08:03 all green
2026-09-17 11:13:03 sim_daemon: process gone — task 'MyQuant Sim Daemon' Disabled; intentionally off, not restarting
2026-09-17 11:13:04 all green
2026-09-17 11:14:44 all green (daemon)
2026-09-17 11:18:03 sim_daemon: process gone — task 'MyQuant Sim Daemon' Disabled; intentionally off, not restarting
2026-09-17 11:18:03 all green
2026-09-17 11:23:03 sim_daemon: process gone — task 'MyQuant Sim Daemon' Disabled; intentionally off, not restarting
2026-09-17 11:23:03 all green
2026-09-17 11:24:53 all green (daemon)
2026-09-17 11:28:03 sim_daemon: process gone — task 'MyQuant Sim Daemon' Disabled; intentionally off, not restarting
2026-09-17 11:28:03 all green
2026-09-17 11:33:03 sim_daemon: process gone — task 'MyQuant Sim Daemon' Disabled; intentionally off, not restarting
2026-09-17 11:33:03 all green
2026-09-17 11:35:01 all green (daemon)
2026-09-17 11:38:03 sim_daemon: process gone — task 'MyQuant Sim Daemon' Disabled; intentionally off, not restarting
2026-09-17 11:38:03 all green
2026-09-17 11:43:03 sim_daemon: process gone — task 'MyQuant Sim Daemon' Disabled; intentionally off, not restarting
2026-09-17 11:43:03 all green
2026-09-17 11:45:09 all green (daemon)
2026-09-17 11:48:03 sim_daemon: process gone — task 'MyQuant Sim Daemon' Disabled; intentionally off, not restarting
2026-09-17 11:48:04 all green
2026-09-17 11:53:03 sim_daemon: process gone — task 'MyQuant Sim Daemon' Disabled; intentionally off, not restarting
2026-09-17 11:53:04 all green
2026-09-17 11:55:10 all green (daemon)
2026-09-17 11:58:06 sim_daemon: process gone — task 'MyQuant Sim Daemon' Disabled; intentionally off, not restarting
2026-09-17 11:58:06 all green
2026-09-17 12:03:03 sim_daemon: process gone — task 'MyQuant Sim Daemon' Disabled; intentionally off, not restarting
2026-09-17 12:03:04 all green
2026-09-17 12:05:21 all green (daemon)
2026-09-17 12:08:03 sim_daemon: process gone — task 'MyQuant Sim Daemon' Disabled; intentionally off, not restarting
2026-09-17 12:08:03 all green
2026-09-17 12:13:03 sim_daemon: process gone — task 'MyQuant Sim Daemon' Disabled; intentionally off, not restarting
2026-09-17 12:13:04 all green
2026-09-17 12:15:22 all green (daemon)
2026-09-17 12:18:05 sim_daemon: process gone — task 'MyQuant Sim Daemon' Disabled; intentionally off, not restarting
2026-09-17 12:18:06 all green
2026-09-17 12:23:04 sim_daemon: process gone — task 'MyQuant Sim Daemon' Disabled; intentionally off, not restarting
2026-09-17 12:23:05 all green
2026-09-17 12:25:28 all green (daemon)
2026-09-17 12:28:03 sim_daemon: process gone — task 'MyQuant Sim Daemon' Disabled; intentionally off, not restarting
2026-09-17 12:28:03 all green
2026-09-17 12:33:03 sim_daemon: process gone — task 'MyQuant Sim Daemon' Disabled; intentionally off, not restarting
2026-09-17 12:33:03 all green
2026-09-17 12:35:40 all green (daemon)
2026-09-17 12:38:03 sim_daemon: process gone — task 'MyQuant Sim Daemon' Disabled; intentionally off, not restarting
2026-09-17 12:38:03 all green
2026-09-17 12:43:03 sim_daemon: process gone — task 'MyQuant Sim Daemon' Disabled; intentionally off, not restarting
2026-09-17 12:43:04 all green
2026-09-17 12:45:52 all green (daemon)
2026-09-17 12:48:03 sim_daemon: process gone — task 'MyQuant Sim Daemon' Disabled; intentionally off, not restarting
2026-09-17 12:48:04 all green
2026-09-17 12:53:03 sim_daemon: process gone — task 'MyQuant Sim Daemon' Disabled; intentionally off, not restarting
2026-09-17 12:53:03 all green
2026-09-17 12:56:02 all green (daemon)
2026-09-17 12:58:03 sim_daemon: process gone — task 'MyQuant Sim Daemon' Disabled; intentionally off, not restarting
2026-09-17 12:58:04 all green
2026-09-17 13:03:03 sim_daemon: process gone — task 'MyQuant Sim Daemon' Disabled; intentionally off, not restarting
2026-09-17 13:03:04 all green
2026-09-17 13:06:09 all green (daemon)
2026-09-17 13:08:03 sim_daemon: process gone — task 'MyQuant Sim Daemon' Disabled; intentionally off, not restarting
2026-09-17 13:08:04 all green
2026-09-17 13:13:03 sim_daemon: process gone — task 'MyQuant Sim Daemon' Disabled; intentionally off, not restarting
2026-09-17 13:13:03 all green
2026-09-17 13:16:10 all green (daemon)
2026-09-17 13:18:03 sim_daemon: process gone — task 'MyQuant Sim Daemon' Disabled; intentionally off, not restarting
2026-09-17 13:18:03 all green
2026-09-17 13:23:03 sim_daemon: process gone — task 'MyQuant Sim Daemon' Disabled; intentionally off, not restarting
2026-09-17 13:23:03 all green
2026-09-17 13:26:20 all green (daemon)
2026-09-17 13:28:03 sim_daemon: process gone — task 'MyQuant Sim Daemon' Disabled; intentionally off, not restarting
2026-09-17 13:28:03 all green
2026-09-17 13:33:03 sim_daemon: process gone — task 'MyQuant Sim Daemon' Disabled; intentionally off, not restarting
2026-09-17 13:33:03 all green
2026-09-17 13:36:31 all green (daemon)
2026-09-17 13:38:03 sim_daemon: process gone — task 'MyQuant Sim Daemon' Disabled; intentionally off, not restarting
2026-09-17 13:38:04 all green
2026-09-17 13:43:03 sim_daemon: process gone — task 'MyQuant Sim Daemon' Disabled; intentionally off, not restarting
2026-09-17 13:43:04 all green
2026-09-17 13:46:41 all green (daemon)
2026-09-17 13:48:03 sim_daemon: process gone — task 'MyQuant Sim Daemon' Disabled; intentionally off, not restarting
2026-09-17 13:48:03 all green
2026-09-17 13:53:04 sim_daemon: process gone — task 'MyQuant Sim Daemon' Disabled; intentionally off, not restarting
2026-09-17 13:53:04 all green
2026-09-17 13:56:45 all green (daemon)
2026-09-17 13:58:03 sim_daemon: process gone — task 'MyQuant Sim Daemon' Disabled; intentionally off, not restarting
2026-09-17 13:58:04 all green
2026-09-17 14:03:07 sim_daemon: process gone — task 'MyQuant Sim Daemon' Disabled; intentionally off, not restarting
2026-09-17 14:03:09 all green
2026-09-17 14:06:48 all green (daemon)
2026-09-17 14:08:03 sim_daemon: process gone — task 'MyQuant Sim Daemon' Disabled; intentionally off, not restarting
2026-09-17 14:08:04 all green
2026-09-17 14:13:05 sim_daemon: process gone — task 'MyQuant Sim Daemon' Disabled; intentionally off, not restarting
2026-09-17 14:13:06 all green
2026-09-17 14:16:56 all green (daemon)
2026-09-17 14:18:03 sim_daemon: process gone — task 'MyQuant Sim Daemon' Disabled; intentionally off, not restarting
2026-09-17 14:18:04 all green
2026-09-17 14:23:03 sim_daemon: process gone — task 'MyQuant Sim Daemon' Disabled; intentionally off, not restarting
2026-09-17 14:23:04 all green
2026-09-17 14:27:06 all green (daemon)
2026-09-17 14:28:04 sim_daemon: process gone — task 'MyQuant Sim Daemon' Disabled; intentionally off, not restarting
2026-09-17 14:28:04 all green
2026-09-17 14:33:06 sim_daemon: process gone — task 'MyQuant Sim Daemon' Disabled; intentionally off, not restarting
2026-09-17 14:33:07 all green
2026-09-17 14:37:15 all green (daemon)
2026-09-17 14:38:05 sim_daemon: process gone — task 'MyQuant Sim Daemon' Disabled; intentionally off, not restarting
2026-09-17 14:38:06 all green
2026-09-17 14:43:03 sim_daemon: process gone — task 'MyQuant Sim Daemon' Disabled; intentionally off, not restarting
2026-09-17 14:43:04 all green
2026-09-17 14:47:24 all green (daemon)
2026-09-17 14:48:03 sim_daemon: process gone — task 'MyQuant Sim Daemon' Disabled; intentionally off, not restarting
2026-09-17 14:48:04 all green
2026-09-17 14:48:49 triggers: killing hung pair [20796, 20128, 17436, 19836]
2026-09-17 14:48:50 ACTION triggers: alive but heartbeat 191s stale (HUNG — open positions unmanaged) — restarting via 'MyQuant Trigger Daemon'
2026-09-17 14:49:04 triggers: process gone — in cooldown (15s), waiting
2026-09-17 14:49:17 triggers: process gone — in cooldown (28s), waiting
2026-09-17 14:49:31 triggers: process gone — in cooldown (42s), waiting
2026-09-17 14:49:45 triggers: process gone — in cooldown (55s), waiting
2026-09-17 14:49:58 triggers: process gone — in cooldown (69s), waiting
2026-09-17 14:50:11 triggers: process gone — in cooldown (81s), waiting
2026-09-17 14:50:23 triggers: process gone — in cooldown (93s), waiting
2026-09-17 14:50:35 triggers: process gone — in cooldown (105s), waiting
2026-09-17 14:50:46 triggers: process gone — in cooldown (117s), waiting
2026-09-17 14:50:58 triggers: process gone — in cooldown (129s), waiting
2026-09-17 14:51:10 triggers: process gone — in cooldown (140s), waiting
2026-09-17 14:51:22 triggers: process gone — in cooldown (152s), waiting
2026-09-17 14:51:34 triggers: process gone — in cooldown (164s), waiting
2026-09-17 14:51:45 triggers: process gone — in cooldown (175s), waiting
2026-09-17 14:51:56 triggers: process gone — in cooldown (187s), waiting
2026-09-17 14:52:09 triggers: process gone — in cooldown (199s), waiting
2026-09-17 14:52:20 triggers: process gone — in cooldown (211s), waiting
2026-09-17 14:52:32 triggers: process gone — in cooldown (223s), waiting
2026-09-17 14:52:44 triggers: process gone — in cooldown (234s), waiting
2026-09-17 14:52:55 triggers: process gone — in cooldown (246s), waiting
2026-09-17 14:53:05 triggers: process gone — in cooldown (255s), waiting
2026-09-17 14:53:05 all green
2026-09-17 14:53:07 triggers: process gone — in cooldown (258s), waiting
2026-09-17 14:53:19 triggers: process gone — in cooldown (269s), waiting
2026-09-17 14:53:30 triggers: process gone — in cooldown (281s), waiting
2026-09-17 14:53:43 triggers: process gone — in cooldown (293s), waiting
2026-09-17 14:53:55 triggers: process gone — in cooldown (305s), waiting
2026-09-17 14:54:06 triggers: process gone — in cooldown (317s), waiting
2026-09-17 14:54:18 triggers: process gone — in cooldown (328s), waiting
2026-09-17 14:54:29 triggers: process gone — in cooldown (340s), waiting
2026-09-17 14:54:41 triggers: process gone — in cooldown (352s), waiting
2026-09-17 14:54:53 triggers: process gone — in cooldown (364s), waiting
2026-09-17 14:57:33 all green (daemon)
2026-09-17 14:58:02 all green
2026-09-17 15:03:01 all green
2026-09-17 15:07:34 all green (daemon)
2026-09-17 15:08:01 all green
2026-09-17 15:13:02 all green
2026-09-17 15:17:35 all green (daemon)
2026-09-17 15:18:02 all green
2026-09-17 15:20:06 daemon: market window closed, exiting
2026-09-18 07:15:02 daemon: before 08:15 CT window (now 07:15 CT) — waiting for open
2026-09-18 08:15:03 daemon mode: 10s cadence, fast thresholds
2026-09-18 08:15:03 all green (daemon)
2026-09-18 08:18:03 all green
2026-09-18 08:23:03 all green
2026-09-18 08:25:04 all green (daemon)
2026-09-18 08:28:03 all green
2026-09-18 08:33:03 all green
2026-09-18 08:35:05 all green (daemon)
2026-09-18 08:38:03 all green
2026-09-18 08:40:08 sim_daemon: process gone — task 'MyQuant Sim Daemon' Disabled; intentionally off, not restarting
2026-09-18 08:43:06 sim_daemon: process gone — task 'MyQuant Sim Daemon' Disabled; intentionally off, not restarting
2026-09-18 08:43:06 all green
2026-09-18 08:45:12 all green (daemon)
2026-09-18 08:48:05 sim_daemon: process gone — task 'MyQuant Sim Daemon' Disabled; intentionally off, not restarting
2026-09-18 08:48:06 all green
2026-09-18 08:53:05 sim_daemon: process gone — task 'MyQuant Sim Daemon' Disabled; intentionally off, not restarting
2026-09-18 08:53:06 all green
2026-09-18 08:55:24 all green (daemon)
2026-09-18 08:58:05 sim_daemon: process gone — task 'MyQuant Sim Daemon' Disabled; intentionally off, not restarting
2026-09-18 08:58:06 all green
2026-09-18 09:03:05 sim_daemon: process gone — task 'MyQuant Sim Daemon' Disabled; intentionally off, not restarting
2026-09-18 09:03:06 all green
2026-09-18 09:05:33 all green (daemon)
2026-09-18 09:08:05 sim_daemon: process gone — task 'MyQuant Sim Daemon' Disabled; intentionally off, not restarting
2026-09-18 09:08:06 all green
2026-09-18 09:13:05 sim_daemon: process gone — task 'MyQuant Sim Daemon' Disabled; intentionally off, not restarting
2026-09-18 09:13:06 all green
2026-09-18 09:15:43 all green (daemon)
2026-09-18 09:18:05 sim_daemon: process gone — task 'MyQuant Sim Daemon' Disabled; intentionally off, not restarting
2026-09-18 09:18:06 all green
2026-09-18 09:23:05 sim_daemon: process gone — task 'MyQuant Sim Daemon' Disabled; intentionally off, not restarting
2026-09-18 09:23:06 all green
2026-09-18 09:25:53 all green (daemon)
2026-09-18 09:28:05 sim_daemon: process gone — task 'MyQuant Sim Daemon' Disabled; intentionally off, not restarting
2026-09-18 09:28:06 all green
2026-09-18 09:33:05 sim_daemon: process gone — task 'MyQuant Sim Daemon' Disabled; intentionally off, not restarting
2026-09-18 09:33:06 all green
2026-09-18 09:36:01 all green (daemon)
2026-09-18 09:38:05 sim_daemon: process gone — task 'MyQuant Sim Daemon' Disabled; intentionally off, not restarting
2026-09-18 09:38:06 all green
2026-09-18 09:43:05 sim_daemon: process gone — task 'MyQuant Sim Daemon' Disabled; intentionally off, not restarting
2026-09-18 09:43:06 all green
2026-09-18 09:46:12 all green (daemon)
2026-09-18 09:48:05 sim_daemon: process gone — task 'MyQuant Sim Daemon' Disabled; intentionally off, not restarting
2026-09-18 09:48:06 all green
2026-09-18 09:53:05 sim_daemon: process gone — task 'MyQuant Sim Daemon' Disabled; intentionally off, not restarting
2026-09-18 09:53:06 all green
2026-09-18 09:56:23 all green (daemon)
2026-09-18 09:58:05 sim_daemon: process gone — task 'MyQuant Sim Daemon' Disabled; intentionally off, not restarting
2026-09-18 09:58:06 all green
2026-09-18 10:03:05 sim_daemon: process gone — task 'MyQuant Sim Daemon' Disabled; intentionally off, not restarting
2026-09-18 10:03:06 all green
2026-09-18 10:06:31 all green (daemon)
2026-09-18 10:08:05 sim_daemon: process gone — task 'MyQuant Sim Daemon' Disabled; intentionally off, not restarting
2026-09-18 10:08:06 all green
2026-09-18 10:13:05 sim_daemon: process gone — task 'MyQuant Sim Daemon' Disabled; intentionally off, not restarting
2026-09-18 10:13:06 all green
2026-09-18 10:16:31 all green (daemon)
2026-09-18 10:18:05 sim_daemon: process gone — task 'MyQuant Sim Daemon' Disabled; intentionally off, not restarting
2026-09-18 10:18:06 all green
2026-09-18 10:23:05 sim_daemon: process gone — task 'MyQuant Sim Daemon' Disabled; intentionally off, not restarting
2026-09-18 10:23:06 all green
2026-09-18 10:26:41 all green (daemon)
2026-09-18 10:28:06 sim_daemon: process gone — task 'MyQuant Sim Daemon' Disabled; intentionally off, not restarting
2026-09-18 10:28:06 all green
2026-09-18 10:33:05 sim_daemon: process gone — task 'MyQuant Sim Daemon' Disabled; intentionally off, not restarting
2026-09-18 10:33:06 all green
2026-09-18 10:36:45 all green (daemon)
2026-09-18 10:38:05 sim_daemon: process gone — task 'MyQuant Sim Daemon' Disabled; intentionally off, not restarting
2026-09-18 10:38:06 all green
2026-09-18 10:43:05 sim_daemon: process gone — task 'MyQuant Sim Daemon' Disabled; intentionally off, not restarting
2026-09-18 10:43:06 all green
2026-09-18 10:46:46 all green (daemon)
2026-09-18 10:48:05 sim_daemon: process gone — task 'MyQuant Sim Daemon' Disabled; intentionally off, not restarting
2026-09-18 10:48:06 all green
2026-09-18 10:53:05 sim_daemon: process gone — task 'MyQuant Sim Daemon' Disabled; intentionally off, not restarting
2026-09-18 10:53:06 all green
2026-09-18 10:56:50 all green (daemon)
2026-09-18 10:58:05 sim_daemon: process gone — task 'MyQuant Sim Daemon' Disabled; intentionally off, not restarting
2026-09-18 10:58:06 all green
2026-09-18 11:03:05 sim_daemon: process gone — task 'MyQuant Sim Daemon' Disabled; intentionally off, not restarting
2026-09-18 11:03:06 all green
2026-09-18 11:06:51 all green (daemon)
2026-09-18 11:08:05 sim_daemon: process gone — task 'MyQuant Sim Daemon' Disabled; intentionally off, not restarting
2026-09-18 11:08:06 all green
2026-09-18 11:13:05 sim_daemon: process gone — task 'MyQuant Sim Daemon' Disabled; intentionally off, not restarting
2026-09-18 11:13:06 all green
2026-09-18 11:17:02 all green (daemon)
2026-09-18 11:18:05 sim_daemon: process gone — task 'MyQuant Sim Daemon' Disabled; intentionally off, not restarting
2026-09-18 11:18:06 all green
2026-09-18 11:23:05 sim_daemon: process gone — task 'MyQuant Sim Daemon' Disabled; intentionally off, not restarting
2026-09-18 11:23:06 all green
2026-09-18 11:27:10 all green (daemon)
2026-09-18 11:28:06 sim_daemon: process gone — task 'MyQuant Sim Daemon' Disabled; intentionally off, not restarting
2026-09-18 11:28:06 all green
2026-09-18 11:33:05 sim_daemon: process gone — task 'MyQuant Sim Daemon' Disabled; intentionally off, not restarting
2026-09-18 11:33:06 all green
2026-09-18 11:37:13 all green (daemon)
2026-09-18 11:38:05 sim_daemon: process gone — task 'MyQuant Sim Daemon' Disabled; intentionally off, not restarting
2026-09-18 11:38:06 all green
2026-09-18 11:43:05 sim_daemon: process gone — task 'MyQuant Sim Daemon' Disabled; intentionally off, not restarting
2026-09-18 11:43:06 all green
2026-09-18 11:47:25 all green (daemon)
2026-09-18 11:48:05 sim_daemon: process gone — task 'MyQuant Sim Daemon' Disabled; intentionally off, not restarting
2026-09-18 11:48:06 all green
2026-09-18 11:53:05 sim_daemon: process gone — task 'MyQuant Sim Daemon' Disabled; intentionally off, not restarting
2026-09-18 11:53:06 all green
2026-09-18 11:57:36 all green (daemon)
2026-09-18 11:58:05 sim_daemon: process gone — task 'MyQuant Sim Daemon' Disabled; intentionally off, not restarting
2026-09-18 11:58:06 all green
2026-09-18 12:03:08 sim_daemon: process gone — task 'MyQuant Sim Daemon' Disabled; intentionally off, not restarting
2026-09-18 12:03:08 all green
2026-09-18 12:07:47 all green (daemon)
2026-09-18 12:08:05 sim_daemon: process gone — task 'MyQuant Sim Daemon' Disabled; intentionally off, not restarting
2026-09-18 12:08:06 all green
2026-09-18 12:13:05 sim_daemon: process gone — task 'MyQuant Sim Daemon' Disabled; intentionally off, not restarting
2026-09-18 12:13:06 all green
2026-09-18 12:17:58 all green (daemon)
2026-09-18 12:18:05 sim_daemon: process gone — task 'MyQuant Sim Daemon' Disabled; intentionally off, not restarting
2026-09-18 12:18:06 all green
2026-09-18 12:23:05 sim_daemon: process gone — task 'MyQuant Sim Daemon' Disabled; intentionally off, not restarting
2026-09-18 12:23:06 all green
2026-09-18 12:28:05 sim_daemon: process gone — task 'MyQuant Sim Daemon' Disabled; intentionally off, not restarting
2026-09-18 12:28:06 all green
2026-09-18 12:28:09 all green (daemon)
2026-09-18 12:33:05 sim_daemon: process gone — task 'MyQuant Sim Daemon' Disabled; intentionally off, not restarting
2026-09-18 12:33:06 all green
2026-09-18 12:38:05 sim_daemon: process gone — task 'MyQuant Sim Daemon' Disabled; intentionally off, not restarting
2026-09-18 12:38:06 all green
2026-09-18 12:38:19 all green (daemon)
2026-09-18 12:43:06 sim_daemon: process gone — task 'MyQuant Sim Daemon' Disabled; intentionally off, not restarting
2026-09-18 12:43:07 all green
2026-09-18 12:48:05 sim_daemon: process gone — task 'MyQuant Sim Daemon' Disabled; intentionally off, not restarting
2026-09-18 12:48:06 all green
2026-09-18 12:48:30 all green (daemon)
2026-09-18 12:53:05 sim_daemon: process gone — task 'MyQuant Sim Daemon' Disabled; intentionally off, not restarting
2026-09-18 12:53:06 all green
2026-09-18 12:58:05 sim_daemon: process gone — task 'MyQuant Sim Daemon' Disabled; intentionally off, not restarting
2026-09-18 12:58:06 all green
2026-09-18 12:58:42 all green (daemon)
2026-09-18 13:03:05 sim_daemon: process gone — task 'MyQuant Sim Daemon' Disabled; intentionally off, not restarting
2026-09-18 13:03:06 all green
2026-09-18 13:08:05 sim_daemon: process gone — task 'MyQuant Sim Daemon' Disabled; intentionally off, not restarting
2026-09-18 13:08:06 all green
2026-09-18 13:08:53 all green (daemon)
2026-09-18 13:13:05 sim_daemon: process gone — task 'MyQuant Sim Daemon' Disabled; intentionally off, not restarting
2026-09-18 13:13:06 all green
2026-09-18 13:18:05 sim_daemon: process gone — task 'MyQuant Sim Daemon' Disabled; intentionally off, not restarting
2026-09-18 13:18:06 all green
2026-09-18 13:19:04 all green (daemon)
2026-09-18 13:19:53 marks: killing hung pair [22724, 10728]
2026-09-18 13:19:54 ACTION marks: marks.csv 310s — restarting via 'MyQuant Marks Watch'
2026-09-18 13:20:07 marks: marks.csv 325s — in cooldown (15s), waiting
2026-09-18 13:20:21 marks: marks.csv 338s — in cooldown (28s), waiting
2026-09-18 13:20:34 marks: marks.csv 351s — in cooldown (42s), waiting
2026-09-18 13:23:05 sim_daemon: process gone — task 'MyQuant Sim Daemon' Disabled; intentionally off, not restarting
2026-09-18 13:23:06 all green
2026-09-18 13:28:05 sim_daemon: process gone — task 'MyQuant Sim Daemon' Disabled; intentionally off, not restarting
2026-09-18 13:28:06 all green
2026-09-18 13:29:09 all green (daemon)
2026-09-18 13:33:05 sim_daemon: process gone — task 'MyQuant Sim Daemon' Disabled; intentionally off, not restarting
2026-09-18 13:33:06 all green
2026-09-18 13:38:05 sim_daemon: process gone — task 'MyQuant Sim Daemon' Disabled; intentionally off, not restarting
2026-09-18 13:38:06 all green
2026-09-18 13:39:17 all green (daemon)
2026-09-18 13:43:05 sim_daemon: process gone — task 'MyQuant Sim Daemon' Disabled; intentionally off, not restarting
2026-09-18 13:43:06 all green
2026-09-18 13:48:05 sim_daemon: process gone — task 'MyQuant Sim Daemon' Disabled; intentionally off, not restarting
2026-09-18 13:48:06 all green
2026-09-18 13:49:26 all green (daemon)
2026-09-18 13:53:06 sim_daemon: process gone — task 'MyQuant Sim Daemon' Disabled; intentionally off, not restarting
2026-09-18 13:53:06 all green
2026-09-18 13:58:05 sim_daemon: process gone — task 'MyQuant Sim Daemon' Disabled; intentionally off, not restarting
2026-09-18 13:58:06 all green
2026-09-18 13:59:29 all green (daemon)
2026-09-18 14:03:05 sim_daemon: process gone — task 'MyQuant Sim Daemon' Disabled; intentionally off, not restarting
2026-09-18 14:03:06 all green
2026-09-18 14:08:05 sim_daemon: process gone — task 'MyQuant Sim Daemon' Disabled; intentionally off, not restarting
2026-09-18 14:08:06 all green
2026-09-18 14:09:33 all green (daemon)
2026-09-18 14:13:06 sim_daemon: process gone — task 'MyQuant Sim Daemon' Disabled; intentionally off, not restarting
2026-09-18 14:13:07 all green
2026-09-18 14:18:05 sim_daemon: process gone — task 'MyQuant Sim Daemon' Disabled; intentionally off, not restarting
2026-09-18 14:18:06 all green
2026-09-18 14:19:39 all green (daemon)
2026-09-18 14:23:06 sim_daemon: process gone — task 'MyQuant Sim Daemon' Disabled; intentionally off, not restarting
2026-09-18 14:23:06 all green
2026-09-18 14:28:05 sim_daemon: process gone — task 'MyQuant Sim Daemon' Disabled; intentionally off, not restarting
2026-09-18 14:28:06 all green
2026-09-18 14:29:45 all green (daemon)
2026-09-18 14:33:05 sim_daemon: process gone — task 'MyQuant Sim Daemon' Disabled; intentionally off, not restarting
2026-09-18 14:33:06 all green
2026-09-18 14:38:05 sim_daemon: process gone — task 'MyQuant Sim Daemon' Disabled; intentionally off, not restarting
2026-09-18 14:38:06 all green
2026-09-18 14:39:55 all green (daemon)
2026-09-18 14:43:05 sim_daemon: process gone — task 'MyQuant Sim Daemon' Disabled; intentionally off, not restarting
2026-09-18 14:43:06 all green
2026-09-18 14:48:05 sim_daemon: process gone — task 'MyQuant Sim Daemon' Disabled; intentionally off, not restarting
2026-09-18 14:48:06 all green
2026-09-18 14:50:02 all green (daemon)
2026-09-18 14:53:04 all green
2026-09-18 14:58:03 all green
2026-09-18 15:00:05 all green (daemon)
2026-09-18 15:03:03 all green
2026-09-18 15:08:03 all green
2026-09-18 15:10:06 all green (daemon)
2026-09-18 15:13:03 all green
2026-09-18 15:18:03 resident watchdog heartbeat 186s stale — restarting Live task
2026-09-18 15:18:03 all green
2026-09-18 15:18:04 daemon mode: 10s cadence, fast thresholds
2026-09-18 15:18:04 all green (daemon)
2026-09-18 15:20:04 daemon: market window closed, exiting
2026-09-22 03:08:47 daemon: before 08:15 CT window (now 03:08 CT) — waiting for open
2026-09-22 07:15:02 daemon: before 08:15 CT window (now 07:15 CT) — waiting for open
2026-09-22 08:15:02 daemon mode: 10s cadence, fast thresholds
2026-09-22 08:15:06 ACTION gateway: API 4002 — restarting via 'MyQuant Gateway Ensure'
2026-09-22 08:15:20 gateway: API 4002 — in cooldown (15s), waiting
2026-09-22 08:15:20 all green (daemon)
2026-09-22 08:18:03 all green
2026-09-22 08:23:03 all green
2026-09-22 08:25:23 all green (daemon)
2026-09-22 08:28:03 all green
2026-09-22 08:33:03 all green
2026-09-22 08:35:24 all green (daemon)
2026-09-22 08:38:03 all green
2026-09-22 08:40:07 sim_daemon: process gone — task 'MyQuant Sim Daemon' Disabled; intentionally off, not restarting
2026-09-22 08:43:05 sim_daemon: process gone — task 'MyQuant Sim Daemon' Disabled; intentionally off, not restarting
2026-09-22 08:43:06 all green
2026-09-22 08:45:25 all green (daemon)
2026-09-22 08:48:05 sim_daemon: process gone — task 'MyQuant Sim Daemon' Disabled; intentionally off, not restarting
2026-09-22 08:48:06 all green
2026-09-22 08:53:05 sim_daemon: process gone — task 'MyQuant Sim Daemon' Disabled; intentionally off, not restarting
2026-09-22 08:53:06 all green
2026-09-22 08:55:36 all green (daemon)
2026-09-22 08:58:05 sim_daemon: process gone — task 'MyQuant Sim Daemon' Disabled; intentionally off, not restarting
2026-09-22 08:58:06 all green
2026-09-22 09:03:05 sim_daemon: process gone — task 'MyQuant Sim Daemon' Disabled; intentionally off, not restarting
2026-09-22 09:03:06 all green
2026-09-22 09:05:41 all green (daemon)
2026-09-22 09:08:05 sim_daemon: process gone — task 'MyQuant Sim Daemon' Disabled; intentionally off, not restarting
2026-09-22 09:08:06 all green
2026-09-22 09:13:05 sim_daemon: process gone — task 'MyQuant Sim Daemon' Disabled; intentionally off, not restarting
2026-09-22 09:13:06 all green
2026-09-22 09:15:43 all green (daemon)
2026-09-22 09:18:06 sim_daemon: process gone — task 'MyQuant Sim Daemon' Disabled; intentionally off, not restarting
2026-09-22 09:18:06 all green
2026-09-22 09:23:05 sim_daemon: process gone — task 'MyQuant Sim Daemon' Disabled; intentionally off, not restarting
2026-09-22 09:23:06 all green
2026-09-22 09:25:49 all green (daemon)
2026-09-22 09:28:05 sim_daemon: process gone — task 'MyQuant Sim Daemon' Disabled; intentionally off, not restarting
2026-09-22 09:28:06 all green
2026-09-22 09:33:05 sim_daemon: process gone — task 'MyQuant Sim Daemon' Disabled; intentionally off, not restarting
2026-09-22 09:33:06 all green
2026-09-22 09:35:51 all green (daemon)
2026-09-22 09:38:05 sim_daemon: process gone — task 'MyQuant Sim Daemon' Disabled; intentionally off, not restarting
2026-09-22 09:38:06 all green
2026-09-22 09:43:05 sim_daemon: process gone — task 'MyQuant Sim Daemon' Disabled; intentionally off, not restarting
2026-09-22 09:43:06 all green
2026-09-22 09:46:02 all green (daemon)
2026-09-22 09:48:05 sim_daemon: process gone — task 'MyQuant Sim Daemon' Disabled; intentionally off, not restarting
2026-09-22 09:48:06 all green
2026-09-22 09:53:05 sim_daemon: process gone — task 'MyQuant Sim Daemon' Disabled; intentionally off, not restarting
2026-09-22 09:53:06 all green
2026-09-22 09:56:02 all green (daemon)
2026-09-22 09:58:05 sim_daemon: process gone — task 'MyQuant Sim Daemon' Disabled; intentionally off, not restarting
2026-09-22 09:58:06 all green
2026-09-22 10:03:05 sim_daemon: process gone — task 'MyQuant Sim Daemon' Disabled; intentionally off, not restarting
2026-09-22 10:03:05 all green
2026-09-22 10:06:13 all green (daemon)
2026-09-22 10:08:05 sim_daemon: process gone — task 'MyQuant Sim Daemon' Disabled; intentionally off, not restarting
2026-09-22 10:08:06 all green
2026-09-22 10:13:05 sim_daemon: process gone — task 'MyQuant Sim Daemon' Disabled; intentionally off, not restarting
2026-09-22 10:13:06 all green
2026-09-22 10:16:23 all green (daemon)
2026-09-22 10:18:05 sim_daemon: process gone — task 'MyQuant Sim Daemon' Disabled; intentionally off, not restarting
2026-09-22 10:18:06 all green
2026-09-22 10:23:06 sim_daemon: process gone — task 'MyQuant Sim Daemon' Disabled; intentionally off, not restarting
2026-09-22 10:23:07 all green
2026-09-22 10:26:28 all green (daemon)
2026-09-22 10:28:06 sim_daemon: process gone — task 'MyQuant Sim Daemon' Disabled; intentionally off, not restarting
2026-09-22 10:28:06 all green
2026-09-22 10:33:08 sim_daemon: process gone — task 'MyQuant Sim Daemon' Disabled; intentionally off, not restarting
2026-09-22 10:33:09 all green
2026-09-22 10:36:32 all green (daemon)
2026-09-22 10:38:06 sim_daemon: process gone — task 'MyQuant Sim Daemon' Disabled; intentionally off, not restarting
2026-09-22 10:38:07 all green
2026-09-22 10:43:06 sim_daemon: process gone — task 'MyQuant Sim Daemon' Disabled; intentionally off, not restarting
2026-09-22 10:43:06 all green
2026-09-22 10:46:39 all green (daemon)
2026-09-22 10:48:06 sim_daemon: process gone — task 'MyQuant Sim Daemon' Disabled; intentionally off, not restarting
2026-09-22 10:48:07 all green
2026-09-22 10:53:05 sim_daemon: process gone — task 'MyQuant Sim Daemon' Disabled; intentionally off, not restarting
2026-09-22 10:53:05 all green
2026-09-22 10:56:47 all green (daemon)
2026-09-22 10:58:05 sim_daemon: process gone — task 'MyQuant Sim Daemon' Disabled; intentionally off, not restarting
2026-09-22 10:58:05 all green
2026-09-22 11:03:05 sim_daemon: process gone — task 'MyQuant Sim Daemon' Disabled; intentionally off, not restarting
2026-09-22 11:03:05 all green
2026-09-22 11:06:53 all green (daemon)
2026-09-22 11:08:05 sim_daemon: process gone — task 'MyQuant Sim Daemon' Disabled; intentionally off, not restarting
2026-09-22 11:08:05 all green
2026-09-22 11:13:05 sim_daemon: process gone — task 'MyQuant Sim Daemon' Disabled; intentionally off, not restarting
2026-09-22 11:13:05 all green
2026-09-22 11:17:00 all green (daemon)
2026-09-22 11:18:05 sim_daemon: process gone — task 'MyQuant Sim Daemon' Disabled; intentionally off, not restarting
2026-09-22 11:18:06 all green
2026-09-22 11:23:05 sim_daemon: process gone — task 'MyQuant Sim Daemon' Disabled; intentionally off, not restarting
2026-09-22 11:23:06 all green
2026-09-22 11:27:07 all green (daemon)
2026-09-22 11:28:05 sim_daemon: process gone — task 'MyQuant Sim Daemon' Disabled; intentionally off, not restarting
2026-09-22 11:28:06 all green
2026-09-22 11:33:05 sim_daemon: process gone — task 'MyQuant Sim Daemon' Disabled; intentionally off, not restarting
2026-09-22 11:33:05 all green
2026-09-22 11:37:14 all green (daemon)
2026-09-22 11:38:05 sim_daemon: process gone — task 'MyQuant Sim Daemon' Disabled; intentionally off, not restarting
2026-09-22 11:38:05 all green
2026-09-22 11:43:05 sim_daemon: process gone — task 'MyQuant Sim Daemon' Disabled; intentionally off, not restarting
2026-09-22 11:43:06 all green
2026-09-22 11:47:21 all green (daemon)
2026-09-22 11:48:05 sim_daemon: process gone — task 'MyQuant Sim Daemon' Disabled; intentionally off, not restarting
2026-09-22 11:48:05 all green
2026-09-22 11:53:05 sim_daemon: process gone — task 'MyQuant Sim Daemon' Disabled; intentionally off, not restarting
2026-09-22 11:53:06 all green
2026-09-22 11:57:21 all green (daemon)
2026-09-22 11:58:05 sim_daemon: process gone — task 'MyQuant Sim Daemon' Disabled; intentionally off, not restarting
2026-09-22 11:58:05 all green
2026-09-22 12:03:05 sim_daemon: process gone — task 'MyQuant Sim Daemon' Disabled; intentionally off, not restarting
2026-09-22 12:03:05 all green
2026-09-22 12:07:27 all green (daemon)
2026-09-22 12:08:09 sim_daemon: process gone — task 'MyQuant Sim Daemon' Disabled; intentionally off, not restarting
2026-09-22 12:08:10 all green
2026-09-22 12:13:07 sim_daemon: process gone — task 'MyQuant Sim Daemon' Disabled; intentionally off, not restarting
2026-09-22 12:13:08 all green
2026-09-22 12:17:30 all green (daemon)
2026-09-22 12:18:08 sim_daemon: process gone — task 'MyQuant Sim Daemon' Disabled; intentionally off, not restarting
2026-09-22 12:18:09 all green
2026-09-22 12:23:05 sim_daemon: process gone — task 'MyQuant Sim Daemon' Disabled; intentionally off, not restarting
2026-09-22 12:23:06 all green
2026-09-22 12:27:31 all green (daemon)
2026-09-22 12:28:05 sim_daemon: process gone — task 'MyQuant Sim Daemon' Disabled; intentionally off, not restarting
2026-09-22 12:28:06 all green
2026-09-22 12:33:05 sim_daemon: process gone — task 'MyQuant Sim Daemon' Disabled; intentionally off, not restarting
2026-09-22 12:33:06 all green
2026-09-22 12:37:33 all green (daemon)
2026-09-22 12:38:05 sim_daemon: process gone — task 'MyQuant Sim Daemon' Disabled; intentionally off, not restarting
2026-09-22 12:38:06 all green
2026-09-22 12:43:05 sim_daemon: process gone — task 'MyQuant Sim Daemon' Disabled; intentionally off, not restarting
2026-09-22 12:43:06 all green
2026-09-22 12:47:41 all green (daemon)
2026-09-22 12:48:06 sim_daemon: process gone — task 'MyQuant Sim Daemon' Disabled; intentionally off, not restarting
2026-09-22 12:48:06 all green
2026-09-22 12:53:06 sim_daemon: process gone — task 'MyQuant Sim Daemon' Disabled; intentionally off, not restarting
2026-09-22 12:53:08 all green
2026-09-22 12:57:48 all green (daemon)
2026-09-22 12:58:06 sim_daemon: process gone — task 'MyQuant Sim Daemon' Disabled; intentionally off, not restarting
2026-09-22 12:58:06 all green
2026-09-22 13:03:06 sim_daemon: process gone — task 'MyQuant Sim Daemon' Disabled; intentionally off, not restarting
2026-09-22 13:03:07 all green
2026-09-22 13:07:58 all green (daemon)
2026-09-22 13:08:06 sim_daemon: process gone — task 'MyQuant Sim Daemon' Disabled; intentionally off, not restarting
2026-09-22 13:08:07 all green
2026-09-22 13:13:06 sim_daemon: process gone — task 'MyQuant Sim Daemon' Disabled; intentionally off, not restarting
2026-09-22 13:13:06 all green
2026-09-22 13:18:03 all green (daemon)
2026-09-22 13:18:05 sim_daemon: process gone — task 'MyQuant Sim Daemon' Disabled; intentionally off, not restarting
2026-09-22 13:18:06 all green
2026-09-22 13:23:06 sim_daemon: process gone — task 'MyQuant Sim Daemon' Disabled; intentionally off, not restarting
2026-09-22 13:23:06 all green
2026-09-22 13:28:06 sim_daemon: process gone — task 'MyQuant Sim Daemon' Disabled; intentionally off, not restarting
2026-09-22 13:28:07 all green
2026-09-22 13:28:11 all green (daemon)
2026-09-22 13:33:06 sim_daemon: process gone — task 'MyQuant Sim Daemon' Disabled; intentionally off, not restarting
2026-09-22 13:33:06 all green
2026-09-22 13:38:05 sim_daemon: process gone — task 'MyQuant Sim Daemon' Disabled; intentionally off, not restarting
2026-09-22 13:38:06 all green
2026-09-22 13:38:19 all green (daemon)
2026-09-22 13:43:06 sim_daemon: process gone — task 'MyQuant Sim Daemon' Disabled; intentionally off, not restarting
2026-09-22 13:43:06 all green
2026-09-22 13:48:06 sim_daemon: process gone — task 'MyQuant Sim Daemon' Disabled; intentionally off, not restarting
2026-09-22 13:48:07 all green
2026-09-22 13:48:29 all green (daemon)
2026-09-22 13:53:05 sim_daemon: process gone — task 'MyQuant Sim Daemon' Disabled; intentionally off, not restarting
2026-09-22 13:53:06 all green
2026-09-22 13:58:05 sim_daemon: process gone — task 'MyQuant Sim Daemon' Disabled; intentionally off, not restarting
2026-09-22 13:58:06 all green
2026-09-22 13:58:38 all green (daemon)
2026-09-22 14:03:05 sim_daemon: process gone — task 'MyQuant Sim Daemon' Disabled; intentionally off, not restarting
2026-09-22 14:03:06 all green
2026-09-22 14:08:05 sim_daemon: process gone — task 'MyQuant Sim Daemon' Disabled; intentionally off, not restarting
2026-09-22 14:08:06 all green
2026-09-22 14:08:49 all green (daemon)
2026-09-22 14:13:05 sim_daemon: process gone — task 'MyQuant Sim Daemon' Disabled; intentionally off, not restarting
2026-09-22 14:13:05 all green
2026-09-22 14:18:05 sim_daemon: process gone — task 'MyQuant Sim Daemon' Disabled; intentionally off, not restarting
2026-09-22 14:18:06 all green
2026-09-22 14:18:57 all green (daemon)
2026-09-22 14:23:05 sim_daemon: process gone — task 'MyQuant Sim Daemon' Disabled; intentionally off, not restarting
2026-09-22 14:23:06 all green
2026-09-22 14:28:05 sim_daemon: process gone — task 'MyQuant Sim Daemon' Disabled; intentionally off, not restarting
2026-09-22 14:28:06 all green
2026-09-22 14:29:08 all green (daemon)
2026-09-22 14:33:06 sim_daemon: process gone — task 'MyQuant Sim Daemon' Disabled; intentionally off, not restarting
2026-09-22 14:33:07 all green
2026-09-22 14:38:05 sim_daemon: process gone — task 'MyQuant Sim Daemon' Disabled; intentionally off, not restarting
2026-09-22 14:38:06 all green
2026-09-22 14:39:11 all green (daemon)
2026-09-22 14:43:05 sim_daemon: process gone — task 'MyQuant Sim Daemon' Disabled; intentionally off, not restarting
2026-09-22 14:43:06 all green
2026-09-22 14:48:06 sim_daemon: process gone — task 'MyQuant Sim Daemon' Disabled; intentionally off, not restarting
2026-09-22 14:48:06 all green
2026-09-22 14:49:17 all green (daemon)
2026-09-22 14:53:04 all green
2026-09-22 14:58:03 all green
2026-09-22 14:59:26 all green (daemon)
2026-09-22 15:03:03 all green
2026-09-22 15:08:03 all green
2026-09-22 15:09:27 all green (daemon)
2026-09-22 15:13:03 all green
2026-09-22 15:18:03 resident watchdog heartbeat 176s stale — restarting Live task
2026-09-22 15:18:03 all green
2026-09-22 15:18:04 daemon mode: 10s cadence, fast thresholds
2026-09-22 15:18:04 all green (daemon)
2026-09-22 15:20:04 daemon: market window closed, exiting
2026-09-23 07:15:02 daemon: before 08:15 CT window (now 07:15 CT) — waiting for open
2026-09-23 08:15:02 daemon mode: 10s cadence, fast thresholds
2026-09-23 08:15:02 all green (daemon)
2026-09-23 08:18:03 all green
2026-09-23 08:23:03 all green
2026-09-23 08:25:04 all green (daemon)
2026-09-23 08:28:03 all green
2026-09-23 08:33:03 all green
2026-09-23 08:35:05 all green (daemon)
2026-09-23 08:38:03 all green
2026-09-23 08:40:07 sim_daemon: process gone — task 'MyQuant Sim Daemon' Disabled; intentionally off, not restarting
2026-09-23 08:43:05 sim_daemon: process gone — task 'MyQuant Sim Daemon' Disabled; intentionally off, not restarting
2026-09-23 08:43:05 all green
2026-09-23 08:45:16 all green (daemon)
2026-09-23 08:48:05 sim_daemon: process gone — task 'MyQuant Sim Daemon' Disabled; intentionally off, not restarting
2026-09-23 08:48:06 all green
2026-09-23 08:53:05 sim_daemon: process gone — task 'MyQuant Sim Daemon' Disabled; intentionally off, not restarting
2026-09-23 08:53:06 all green
2026-09-23 08:55:23 all green (daemon)
2026-09-23 08:58:05 sim_daemon: process gone — task 'MyQuant Sim Daemon' Disabled; intentionally off, not restarting
2026-09-23 08:58:05 all green
2026-09-23 09:03:05 sim_daemon: process gone — task 'MyQuant Sim Daemon' Disabled; intentionally off, not restarting
2026-09-23 09:03:05 all green
2026-09-23 09:05:29 all green (daemon)
2026-09-23 09:08:05 sim_daemon: process gone — task 'MyQuant Sim Daemon' Disabled; intentionally off, not restarting
2026-09-23 09:08:05 all green
2026-09-23 09:13:05 sim_daemon: process gone — task 'MyQuant Sim Daemon' Disabled; intentionally off, not restarting
2026-09-23 09:13:05 all green
2026-09-23 09:15:36 all green (daemon)
2026-09-23 09:18:05 sim_daemon: process gone — task 'MyQuant Sim Daemon' Disabled; intentionally off, not restarting
2026-09-23 09:18:06 all green
2026-09-23 09:23:05 sim_daemon: process gone — task 'MyQuant Sim Daemon' Disabled; intentionally off, not restarting
2026-09-23 09:23:05 all green
2026-09-23 09:25:42 all green (daemon)
2026-09-23 09:28:05 sim_daemon: process gone — task 'MyQuant Sim Daemon' Disabled; intentionally off, not restarting
2026-09-23 09:28:05 all green
2026-09-23 09:33:05 sim_daemon: process gone — task 'MyQuant Sim Daemon' Disabled; intentionally off, not restarting
2026-09-23 09:33:05 all green
2026-09-23 09:35:48 all green (daemon)
2026-09-23 09:38:05 sim_daemon: process gone — task 'MyQuant Sim Daemon' Disabled; intentionally off, not restarting
2026-09-23 09:38:05 all green
2026-09-23 09:43:05 sim_daemon: process gone — task 'MyQuant Sim Daemon' Disabled; intentionally off, not restarting
2026-09-23 09:43:06 all green
2026-09-23 09:45:55 all green (daemon)
2026-09-23 09:48:05 sim_daemon: process gone — task 'MyQuant Sim Daemon' Disabled; intentionally off, not restarting
2026-09-23 09:48:05 all green
2026-09-23 09:53:05 sim_daemon: process gone — task 'MyQuant Sim Daemon' Disabled; intentionally off, not restarting
2026-09-23 09:53:05 all green
2026-09-23 09:56:02 all green (daemon)
2026-09-23 09:58:05 sim_daemon: process gone — task 'MyQuant Sim Daemon' Disabled; intentionally off, not restarting
2026-09-23 09:58:05 all green
2026-09-23 10:03:06 sim_daemon: process gone — task 'MyQuant Sim Daemon' Disabled; intentionally off, not restarting
2026-09-23 10:03:07 all green
2026-09-23 10:06:02 all green (daemon)
2026-09-23 10:08:05 sim_daemon: process gone — task 'MyQuant Sim Daemon' Disabled; intentionally off, not restarting
2026-09-23 10:08:06 all green
2026-09-23 10:13:05 sim_daemon: process gone — task 'MyQuant Sim Daemon' Disabled; intentionally off, not restarting
2026-09-23 10:13:06 all green
2026-09-23 10:16:10 all green (daemon)
2026-09-23 10:18:05 sim_daemon: process gone — task 'MyQuant Sim Daemon' Disabled; intentionally off, not restarting
2026-09-23 10:18:06 all green
2026-09-23 10:23:05 sim_daemon: process gone — task 'MyQuant Sim Daemon' Disabled; intentionally off, not restarting
2026-09-23 10:23:06 all green
2026-09-23 10:26:17 all green (daemon)
2026-09-23 10:28:05 sim_daemon: process gone — task 'MyQuant Sim Daemon' Disabled; intentionally off, not restarting
2026-09-23 10:28:06 all green
2026-09-23 10:33:05 sim_daemon: process gone — task 'MyQuant Sim Daemon' Disabled; intentionally off, not restarting
2026-09-23 10:33:05 all green
2026-09-23 10:36:24 all green (daemon)
2026-09-23 10:38:05 sim_daemon: process gone — task 'MyQuant Sim Daemon' Disabled; intentionally off, not restarting
2026-09-23 10:38:05 all green
2026-09-23 10:43:05 sim_daemon: process gone — task 'MyQuant Sim Daemon' Disabled; intentionally off, not restarting
2026-09-23 10:43:06 all green
2026-09-23 10:46:31 all green (daemon)
2026-09-23 10:48:05 sim_daemon: process gone — task 'MyQuant Sim Daemon' Disabled; intentionally off, not restarting
2026-09-23 10:48:06 all green
2026-09-23 10:53:05 sim_daemon: process gone — task 'MyQuant Sim Daemon' Disabled; intentionally off, not restarting
2026-09-23 10:53:05 all green
2026-09-23 10:56:42 all green (daemon)
2026-09-23 10:58:08 sim_daemon: process gone — task 'MyQuant Sim Daemon' Disabled; intentionally off, not restarting
2026-09-23 10:58:08 all green
2026-09-23 11:03:05 sim_daemon: process gone — task 'MyQuant Sim Daemon' Disabled; intentionally off, not restarting
2026-09-23 11:03:05 all green
2026-09-23 11:06:49 all green (daemon)
2026-09-23 11:08:05 sim_daemon: process gone — task 'MyQuant Sim Daemon' Disabled; intentionally off, not restarting
2026-09-23 11:08:05 all green
2026-09-23 11:13:05 sim_daemon: process gone — task 'MyQuant Sim Daemon' Disabled; intentionally off, not restarting
2026-09-23 11:13:06 all green
2026-09-23 11:16:55 all green (daemon)
2026-09-23 11:18:05 sim_daemon: process gone — task 'MyQuant Sim Daemon' Disabled; intentionally off, not restarting
2026-09-23 11:18:06 all green
2026-09-23 11:23:05 sim_daemon: process gone — task 'MyQuant Sim Daemon' Disabled; intentionally off, not restarting
2026-09-23 11:23:05 all green
2026-09-23 11:27:02 all green (daemon)
2026-09-23 11:28:05 sim_daemon: process gone — task 'MyQuant Sim Daemon' Disabled; intentionally off, not restarting
2026-09-23 11:28:05 all green
2026-09-23 11:33:05 sim_daemon: process gone — task 'MyQuant Sim Daemon' Disabled; intentionally off, not restarting
2026-09-23 11:33:05 all green
2026-09-23 11:37:09 all green (daemon)
2026-09-23 11:38:05 sim_daemon: process gone — task 'MyQuant Sim Daemon' Disabled; intentionally off, not restarting
2026-09-23 11:38:05 all green
2026-09-23 11:43:05 sim_daemon: process gone — task 'MyQuant Sim Daemon' Disabled; intentionally off, not restarting
2026-09-23 11:43:06 all green
2026-09-23 11:47:16 all green (daemon)
2026-09-23 11:48:05 sim_daemon: process gone — task 'MyQuant Sim Daemon' Disabled; intentionally off, not restarting
2026-09-23 11:48:05 all green
2026-09-23 11:53:05 sim_daemon: process gone — task 'MyQuant Sim Daemon' Disabled; intentionally off, not restarting
2026-09-23 11:53:06 all green
2026-09-23 11:57:24 all green (daemon)
2026-09-23 11:58:05 sim_daemon: process gone — task 'MyQuant Sim Daemon' Disabled; intentionally off, not restarting
2026-09-23 11:58:06 all green
2026-09-23 12:03:06 sim_daemon: process gone — task 'MyQuant Sim Daemon' Disabled; intentionally off, not restarting
2026-09-23 12:03:06 all green
2026-09-23 12:07:34 all green (daemon)
2026-09-23 12:08:05 sim_daemon: process gone — task 'MyQuant Sim Daemon' Disabled; intentionally off, not restarting
2026-09-23 12:08:06 all green
2026-09-23 12:13:05 sim_daemon: process gone — task 'MyQuant Sim Daemon' Disabled; intentionally off, not restarting
2026-09-23 12:13:05 all green
2026-09-23 12:17:34 all green (daemon)
2026-09-23 12:18:06 sim_daemon: process gone — task 'MyQuant Sim Daemon' Disabled; intentionally off, not restarting
2026-09-23 12:18:07 all green
2026-09-23 12:23:05 sim_daemon: process gone — task 'MyQuant Sim Daemon' Disabled; intentionally off, not restarting
2026-09-23 12:23:05 all green
2026-09-23 12:27:35 all green (daemon)
2026-09-23 12:28:05 sim_daemon: process gone — task 'MyQuant Sim Daemon' Disabled; intentionally off, not restarting
2026-09-23 12:28:06 all green
2026-09-23 12:33:05 sim_daemon: process gone — task 'MyQuant Sim Daemon' Disabled; intentionally off, not restarting
2026-09-23 12:33:06 all green
2026-09-23 12:37:43 all green (daemon)
2026-09-23 12:38:05 sim_daemon: process gone — task 'MyQuant Sim Daemon' Disabled; intentionally off, not restarting
2026-09-23 12:38:06 all green
2026-09-23 12:43:05 sim_daemon: process gone — task 'MyQuant Sim Daemon' Disabled; intentionally off, not restarting
2026-09-23 12:43:06 all green
2026-09-23 12:47:52 all green (daemon)
2026-09-23 12:48:05 sim_daemon: process gone — task 'MyQuant Sim Daemon' Disabled; intentionally off, not restarting
2026-09-23 12:48:06 all green
2026-09-23 12:53:05 sim_daemon: process gone — task 'MyQuant Sim Daemon' Disabled; intentionally off, not restarting
2026-09-23 12:53:06 all green
2026-09-23 12:58:02 all green (daemon)
2026-09-23 12:58:05 sim_daemon: process gone — task 'MyQuant Sim Daemon' Disabled; intentionally off, not restarting
2026-09-23 12:58:06 all green
2026-09-23 13:03:05 sim_daemon: process gone — task 'MyQuant Sim Daemon' Disabled; intentionally off, not restarting
2026-09-23 13:03:06 all green
2026-09-23 13:08:03 all green (daemon)
2026-09-23 13:08:05 sim_daemon: process gone — task 'MyQuant Sim Daemon' Disabled; intentionally off, not restarting
2026-09-23 13:08:06 all green
2026-09-23 13:13:05 sim_daemon: process gone — task 'MyQuant Sim Daemon' Disabled; intentionally off, not restarting
2026-09-23 13:13:06 all green
2026-09-23 13:18:05 all green (daemon)
2026-09-23 13:18:05 sim_daemon: process gone — task 'MyQuant Sim Daemon' Disabled; intentionally off, not restarting
2026-09-23 13:18:06 all green
2026-09-23 13:23:05 sim_daemon: process gone — task 'MyQuant Sim Daemon' Disabled; intentionally off, not restarting
2026-09-23 13:23:06 all green
2026-09-23 13:28:05 sim_daemon: process gone — task 'MyQuant Sim Daemon' Disabled; intentionally off, not restarting
2026-09-23 13:28:06 all green
2026-09-23 13:28:14 all green (daemon)
2026-09-23 13:33:05 sim_daemon: process gone — task 'MyQuant Sim Daemon' Disabled; intentionally off, not restarting
2026-09-23 13:33:06 all green
2026-09-23 13:38:05 sim_daemon: process gone — task 'MyQuant Sim Daemon' Disabled; intentionally off, not restarting
2026-09-23 13:38:06 all green
2026-09-23 13:38:22 all green (daemon)
2026-09-23 13:42:14 marks: killing hung pair [2572, 15984]
2026-09-23 13:42:14 ACTION marks: marks.csv 303s — restarting via 'MyQuant Marks Watch'
2026-09-23 13:42:27 marks: marks.csv 317s — in cooldown (13s), waiting
2026-09-23 13:42:39 marks: marks.csv 329s — in cooldown (26s), waiting
2026-09-23 13:42:52 marks: marks.csv 342s — in cooldown (38s), waiting
2026-09-23 13:43:05 marks: marks.csv 355s — in cooldown (51s), waiting
2026-09-23 13:43:05 sim_daemon: process gone — task 'MyQuant Sim Daemon' Disabled; intentionally off, not restarting
2026-09-23 13:43:06 all green
2026-09-23 13:48:05 sim_daemon: process gone — task 'MyQuant Sim Daemon' Disabled; intentionally off, not restarting
2026-09-23 13:48:05 all green
2026-09-23 13:48:24 all green (daemon)
2026-09-23 13:53:05 sim_daemon: process gone — task 'MyQuant Sim Daemon' Disabled; intentionally off, not restarting
2026-09-23 13:53:05 all green
2026-09-23 13:58:05 sim_daemon: process gone — task 'MyQuant Sim Daemon' Disabled; intentionally off, not restarting
2026-09-23 13:58:05 all green
2026-09-23 13:58:30 all green (daemon)
2026-09-23 14:03:05 sim_daemon: process gone — task 'MyQuant Sim Daemon' Disabled; intentionally off, not restarting
2026-09-23 14:03:05 all green
2026-09-23 14:08:05 sim_daemon: process gone — task 'MyQuant Sim Daemon' Disabled; intentionally off, not restarting
2026-09-23 14:08:05 all green
2026-09-23 14:08:36 all green (daemon)
2026-09-23 14:13:04 sim_daemon: process gone — task 'MyQuant Sim Daemon' Disabled; intentionally off, not restarting
2026-09-23 14:13:05 all green
2026-09-23 14:18:05 sim_daemon: process gone — task 'MyQuant Sim Daemon' Disabled; intentionally off, not restarting
2026-09-23 14:18:05 all green
2026-09-23 14:18:42 all green (daemon)
2026-09-23 14:23:05 sim_daemon: process gone — task 'MyQuant Sim Daemon' Disabled; intentionally off, not restarting
2026-09-23 14:23:05 all green
2026-09-23 14:28:05 sim_daemon: process gone — task 'MyQuant Sim Daemon' Disabled; intentionally off, not restarting
2026-09-23 14:28:05 all green
2026-09-23 14:28:48 all green (daemon)
2026-09-23 14:33:05 sim_daemon: process gone — task 'MyQuant Sim Daemon' Disabled; intentionally off, not restarting
2026-09-23 14:33:05 all green
2026-09-23 14:38:05 sim_daemon: process gone — task 'MyQuant Sim Daemon' Disabled; intentionally off, not restarting
2026-09-23 14:38:05 all green
2026-09-23 14:38:53 all green (daemon)
2026-09-23 14:43:05 sim_daemon: process gone — task 'MyQuant Sim Daemon' Disabled; intentionally off, not restarting
2026-09-23 14:43:05 all green
2026-09-23 14:48:05 sim_daemon: process gone — task 'MyQuant Sim Daemon' Disabled; intentionally off, not restarting
2026-09-23 14:48:06 all green
2026-09-23 14:48:59 all green (daemon)
2026-09-23 14:53:04 all green
2026-09-23 14:58:03 all green
2026-09-23 14:59:00 all green (daemon)
2026-09-23 15:03:03 all green
2026-09-23 15:08:03 all green
2026-09-23 15:09:01 all green (daemon)
2026-09-23 15:13:03 all green
2026-09-23 15:15:03 daemon mode: 10s cadence, fast thresholds
2026-09-23 15:15:03 all green (daemon)
2026-09-23 15:18:03 all green
2026-09-23 15:20:03 daemon: market window closed, exiting
2026-09-24 07:15:02 daemon: before 08:15 CT window (now 07:15 CT) — waiting for open
2026-09-24 08:15:02 daemon mode: 10s cadence, fast thresholds
2026-09-24 08:15:02 all green (daemon)
2026-09-24 08:18:03 all green
2026-09-24 08:23:03 all green
2026-09-24 08:25:03 all green (daemon)
2026-09-24 08:28:03 all green
2026-09-24 08:33:03 all green
2026-09-24 08:35:04 all green (daemon)
2026-09-24 08:38:03 all green
2026-09-24 08:40:07 sim_daemon: process gone — task 'MyQuant Sim Daemon' Disabled; intentionally off, not restarting
2026-09-24 08:43:05 sim_daemon: process gone — task 'MyQuant Sim Daemon' Disabled; intentionally off, not restarting
2026-09-24 08:43:05 all green
2026-09-24 08:45:05 all green (daemon)
2026-09-24 08:48:05 sim_daemon: process gone — task 'MyQuant Sim Daemon' Disabled; intentionally off, not restarting
2026-09-24 08:48:05 all green
2026-09-24 08:53:05 sim_daemon: process gone — task 'MyQuant Sim Daemon' Disabled; intentionally off, not restarting
2026-09-24 08:53:05 all green
2026-09-24 08:55:12 all green (daemon)
2026-09-24 08:58:05 sim_daemon: process gone — task 'MyQuant Sim Daemon' Disabled; intentionally off, not restarting
2026-09-24 08:58:05 all green
2026-09-24 09:03:05 sim_daemon: process gone — task 'MyQuant Sim Daemon' Disabled; intentionally off, not restarting
2026-09-24 09:03:05 all green
2026-09-24 09:05:19 all green (daemon)
2026-09-24 09:08:05 sim_daemon: process gone — task 'MyQuant Sim Daemon' Disabled; intentionally off, not restarting
2026-09-24 09:08:05 all green
2026-09-24 09:13:04 sim_daemon: process gone — task 'MyQuant Sim Daemon' Disabled; intentionally off, not restarting
2026-09-24 09:13:05 all green
2026-09-24 09:15:25 all green (daemon)
2026-09-24 09:18:05 sim_daemon: process gone — task 'MyQuant Sim Daemon' Disabled; intentionally off, not restarting
2026-09-24 09:18:06 all green
2026-09-24 09:23:05 sim_daemon: process gone — task 'MyQuant Sim Daemon' Disabled; intentionally off, not restarting
2026-09-24 09:23:05 all green
2026-09-24 09:25:32 all green (daemon)
2026-09-24 09:28:05 sim_daemon: process gone — task 'MyQuant Sim Daemon' Disabled; intentionally off, not restarting
2026-09-24 09:28:05 all green
2026-09-24 09:33:05 sim_daemon: process gone — task 'MyQuant Sim Daemon' Disabled; intentionally off, not restarting
2026-09-24 09:33:06 all green
2026-09-24 09:35:39 all green (daemon)
2026-09-24 09:38:05 sim_daemon: process gone — task 'MyQuant Sim Daemon' Disabled; intentionally off, not restarting
2026-09-24 09:38:05 all green
2026-09-24 09:43:05 sim_daemon: process gone — task 'MyQuant Sim Daemon' Disabled; intentionally off, not restarting
2026-09-24 09:43:05 all green
2026-09-24 09:45:46 all green (daemon)
2026-09-24 09:48:05 sim_daemon: process gone — task 'MyQuant Sim Daemon' Disabled; intentionally off, not restarting
2026-09-24 09:48:06 all green
2026-09-24 09:53:05 sim_daemon: process gone — task 'MyQuant Sim Daemon' Disabled; intentionally off, not restarting
2026-09-24 09:53:05 all green
2026-09-24 09:55:53 all green (daemon)
2026-09-24 09:58:05 sim_daemon: process gone — task 'MyQuant Sim Daemon' Disabled; intentionally off, not restarting
2026-09-24 09:58:05 all green
2026-09-24 10:03:05 sim_daemon: process gone — task 'MyQuant Sim Daemon' Disabled; intentionally off, not restarting
2026-09-24 10:03:05 all green
2026-09-24 10:06:00 all green (daemon)
2026-09-24 10:08:05 sim_daemon: process gone — task 'MyQuant Sim Daemon' Disabled; intentionally off, not restarting
2026-09-24 10:08:06 all green
2026-09-24 10:13:05 sim_daemon: process gone — task 'MyQuant Sim Daemon' Disabled; intentionally off, not restarting
2026-09-24 10:13:05 all green
2026-09-24 10:16:08 all green (daemon)
2026-09-24 10:18:05 sim_daemon: process gone — task 'MyQuant Sim Daemon' Disabled; intentionally off, not restarting
2026-09-24 10:18:05 all green
2026-09-24 10:23:05 sim_daemon: process gone — task 'MyQuant Sim Daemon' Disabled; intentionally off, not restarting
2026-09-24 10:23:05 all green
2026-09-24 10:26:16 all green (daemon)
2026-09-24 10:28:05 sim_daemon: process gone — task 'MyQuant Sim Daemon' Disabled; intentionally off, not restarting
2026-09-24 10:28:05 all green
2026-09-24 10:33:05 sim_daemon: process gone — task 'MyQuant Sim Daemon' Disabled; intentionally off, not restarting
2026-09-24 10:33:05 all green
2026-09-24 10:36:23 all green (daemon)
2026-09-24 10:38:05 sim_daemon: process gone — task 'MyQuant Sim Daemon' Disabled; intentionally off, not restarting
2026-09-24 10:38:05 all green
2026-09-24 10:43:05 sim_daemon: process gone — task 'MyQuant Sim Daemon' Disabled; intentionally off, not restarting
2026-09-24 10:43:06 all green
2026-09-24 10:46:30 all green (daemon)
2026-09-24 10:48:05 sim_daemon: process gone — task 'MyQuant Sim Daemon' Disabled; intentionally off, not restarting
2026-09-24 10:48:05 all green
2026-09-24 10:53:05 sim_daemon: process gone — task 'MyQuant Sim Daemon' Disabled; intentionally off, not restarting
2026-09-24 10:53:05 all green
2026-09-24 10:56:38 all green (daemon)
2026-09-24 10:58:05 sim_daemon: process gone — task 'MyQuant Sim Daemon' Disabled; intentionally off, not restarting
2026-09-24 10:58:05 all green
2026-09-24 11:03:05 sim_daemon: process gone — task 'MyQuant Sim Daemon' Disabled; intentionally off, not restarting
2026-09-24 11:03:05 all green
2026-09-24 11:06:48 all green (daemon)
2026-09-24 11:08:08 sim_daemon: process gone — task 'MyQuant Sim Daemon' Disabled; intentionally off, not restarting
2026-09-24 11:08:08 all green
2026-09-24 11:13:05 sim_daemon: process gone — task 'MyQuant Sim Daemon' Disabled; intentionally off, not restarting
2026-09-24 11:13:06 all green
2026-09-24 11:16:54 all green (daemon)
2026-09-24 11:18:05 sim_daemon: process gone — task 'MyQuant Sim Daemon' Disabled; intentionally off, not restarting
2026-09-24 11:18:06 all green
2026-09-24 11:23:05 sim_daemon: process gone — task 'MyQuant Sim Daemon' Disabled; intentionally off, not restarting
2026-09-24 11:23:06 all green
2026-09-24 11:27:03 all green (daemon)
2026-09-24 11:28:05 sim_daemon: process gone — task 'MyQuant Sim Daemon' Disabled; intentionally off, not restarting
2026-09-24 11:28:06 all green
2026-09-24 11:33:05 sim_daemon: process gone — task 'MyQuant Sim Daemon' Disabled; intentionally off, not restarting
2026-09-24 11:33:06 all green
2026-09-24 11:37:11 all green (daemon)
2026-09-24 11:38:05 sim_daemon: process gone — task 'MyQuant Sim Daemon' Disabled; intentionally off, not restarting
2026-09-24 11:38:06 all green
2026-09-24 11:43:05 sim_daemon: process gone — task 'MyQuant Sim Daemon' Disabled; intentionally off, not restarting
2026-09-24 11:43:06 all green
2026-09-24 11:47:19 all green (daemon)
2026-09-24 11:48:05 sim_daemon: process gone — task 'MyQuant Sim Daemon' Disabled; intentionally off, not restarting
2026-09-24 11:48:06 all green
2026-09-24 11:53:05 sim_daemon: process gone — task 'MyQuant Sim Daemon' Disabled; intentionally off, not restarting
2026-09-24 11:53:06 all green
2026-09-24 11:57:28 all green (daemon)
2026-09-24 11:58:05 sim_daemon: process gone — task 'MyQuant Sim Daemon' Disabled; intentionally off, not restarting
2026-09-24 11:58:06 all green
2026-09-24 12:03:05 sim_daemon: process gone — task 'MyQuant Sim Daemon' Disabled; intentionally off, not restarting
2026-09-24 12:03:05 all green
2026-09-24 12:07:37 all green (daemon)
2026-09-24 12:08:05 sim_daemon: process gone — task 'MyQuant Sim Daemon' Disabled; intentionally off, not restarting
2026-09-24 12:08:05 all green
2026-09-24 12:13:05 sim_daemon: process gone — task 'MyQuant Sim Daemon' Disabled; intentionally off, not restarting
2026-09-24 12:13:05 all green
2026-09-24 12:17:45 all green (daemon)
2026-09-24 12:18:05 sim_daemon: process gone — task 'MyQuant Sim Daemon' Disabled; intentionally off, not restarting
2026-09-24 12:18:05 all green
2026-09-24 12:23:05 sim_daemon: process gone — task 'MyQuant Sim Daemon' Disabled; intentionally off, not restarting
2026-09-24 12:23:06 all green
2026-09-24 12:27:53 all green (daemon)
2026-09-24 12:28:05 sim_daemon: process gone — task 'MyQuant Sim Daemon' Disabled; intentionally off, not restarting
2026-09-24 12:28:06 all green
2026-09-24 12:33:05 sim_daemon: process gone — task 'MyQuant Sim Daemon' Disabled; intentionally off, not restarting
2026-09-24 12:33:06 all green
2026-09-24 12:38:02 all green (daemon)
2026-09-24 12:38:05 sim_daemon: process gone — task 'MyQuant Sim Daemon' Disabled; intentionally off, not restarting
2026-09-24 12:38:05 all green
2026-09-24 12:43:05 sim_daemon: process gone — task 'MyQuant Sim Daemon' Disabled; intentionally off, not restarting
2026-09-24 12:43:06 all green
2026-09-24 12:48:05 sim_daemon: process gone — task 'MyQuant Sim Daemon' Disabled; intentionally off, not restarting
2026-09-24 12:48:05 all green
2026-09-24 12:48:10 all green (daemon)
2026-09-24 12:53:05 sim_daemon: process gone — task 'MyQuant Sim Daemon' Disabled; intentionally off, not restarting
2026-09-24 12:53:05 all green
2026-09-24 12:58:05 sim_daemon: process gone — task 'MyQuant Sim Daemon' Disabled; intentionally off, not restarting
2026-09-24 12:58:06 all green
2026-09-24 12:58:19 all green (daemon)
2026-09-24 13:03:05 sim_daemon: process gone — task 'MyQuant Sim Daemon' Disabled; intentionally off, not restarting
2026-09-24 13:03:06 all green
2026-09-24 13:08:05 sim_daemon: process gone — task 'MyQuant Sim Daemon' Disabled; intentionally off, not restarting
2026-09-24 13:08:06 all green
2026-09-24 13:08:29 all green (daemon)
2026-09-24 13:13:05 sim_daemon: process gone — task 'MyQuant Sim Daemon' Disabled; intentionally off, not restarting
2026-09-24 13:13:06 all green
2026-09-24 13:18:05 sim_daemon: process gone — task 'MyQuant Sim Daemon' Disabled; intentionally off, not restarting
2026-09-24 13:18:05 all green
2026-09-24 13:18:37 all green (daemon)
2026-09-24 13:23:05 sim_daemon: process gone — task 'MyQuant Sim Daemon' Disabled; intentionally off, not restarting
2026-09-24 13:23:05 all green
2026-09-24 13:28:05 sim_daemon: process gone — task 'MyQuant Sim Daemon' Disabled; intentionally off, not restarting
2026-09-24 13:28:06 all green
2026-09-24 13:28:45 all green (daemon)
2026-09-24 13:33:05 sim_daemon: process gone — task 'MyQuant Sim Daemon' Disabled; intentionally off, not restarting
2026-09-24 13:33:05 all green
2026-09-24 13:38:05 sim_daemon: process gone — task 'MyQuant Sim Daemon' Disabled; intentionally off, not restarting
2026-09-24 13:38:05 all green
2026-09-24 13:38:54 all green (daemon)
2026-09-24 13:43:05 sim_daemon: process gone — task 'MyQuant Sim Daemon' Disabled; intentionally off, not restarting
2026-09-24 13:43:05 all green
2026-09-24 13:48:05 sim_daemon: process gone — task 'MyQuant Sim Daemon' Disabled; intentionally off, not restarting
2026-09-24 13:48:06 all green
2026-09-24 13:49:03 all green (daemon)
2026-09-24 13:53:05 sim_daemon: process gone — task 'MyQuant Sim Daemon' Disabled; intentionally off, not restarting
2026-09-24 13:53:06 all green
2026-09-24 13:58:05 sim_daemon: process gone — task 'MyQuant Sim Daemon' Disabled; intentionally off, not restarting
2026-09-24 13:58:05 all green
2026-09-24 13:59:11 all green (daemon)
2026-09-24 14:03:05 sim_daemon: process gone — task 'MyQuant Sim Daemon' Disabled; intentionally off, not restarting
2026-09-24 14:03:06 all green
2026-09-24 14:04:12 marks: killing hung pair [12292, 20416]
2026-09-24 14:04:12 ACTION marks: marks.csv 310s — restarting via 'MyQuant Marks Watch'
2026-09-24 14:04:25 marks: marks.csv 324s — in cooldown (14s), waiting
2026-09-24 14:04:38 marks: marks.csv 337s — in cooldown (27s), waiting
2026-09-24 14:08:05 sim_daemon: process gone — task 'MyQuant Sim Daemon' Disabled; intentionally off, not restarting
2026-09-24 14:08:06 all green
2026-09-24 14:09:14 all green (daemon)
2026-09-24 14:13:05 sim_daemon: process gone — task 'MyQuant Sim Daemon' Disabled; intentionally off, not restarting
2026-09-24 14:13:06 all green
2026-09-24 14:18:05 sim_daemon: process gone — task 'MyQuant Sim Daemon' Disabled; intentionally off, not restarting
2026-09-24 14:18:05 all green
2026-09-24 14:19:19 all green (daemon)
2026-09-24 14:23:05 sim_daemon: process gone — task 'MyQuant Sim Daemon' Disabled; intentionally off, not restarting
2026-09-24 14:23:05 all green
2026-09-24 14:28:05 sim_daemon: process gone — task 'MyQuant Sim Daemon' Disabled; intentionally off, not restarting
2026-09-24 14:28:05 all green
2026-09-24 14:29:25 all green (daemon)
2026-09-24 14:33:05 sim_daemon: process gone — task 'MyQuant Sim Daemon' Disabled; intentionally off, not restarting
2026-09-24 14:33:05 all green
2026-09-24 14:38:05 sim_daemon: process gone — task 'MyQuant Sim Daemon' Disabled; intentionally off, not restarting
2026-09-24 14:38:06 all green
2026-09-24 14:39:32 all green (daemon)
2026-09-24 14:43:04 sim_daemon: process gone — task 'MyQuant Sim Daemon' Disabled; intentionally off, not restarting
2026-09-24 14:43:05 all green
2026-09-24 14:48:05 sim_daemon: process gone — task 'MyQuant Sim Daemon' Disabled; intentionally off, not restarting
2026-09-24 14:48:05 all green
2026-09-24 14:49:38 all green (daemon)
2026-09-24 14:53:04 all green
2026-09-24 14:58:03 all green
2026-09-24 14:59:44 all green (daemon)
2026-09-24 15:03:03 all green
2026-09-24 15:08:03 all green
2026-09-24 15:09:45 all green (daemon)
2026-09-24 15:13:03 all green
2026-09-24 15:15:03 daemon mode: 10s cadence, fast thresholds
2026-09-24 15:15:03 all green (daemon)
2026-09-24 15:18:03 all green
2026-09-24 15:20:03 daemon: market window closed, exiting
2026-09-25 07:15:02 daemon: before 08:15 CT window (now 07:15 CT) — waiting for open
2026-09-25 08:15:02 daemon mode: 10s cadence, fast thresholds
2026-09-25 08:15:02 all green (daemon)
2026-09-25 08:18:03 all green
2026-09-25 08:23:03 all green
2026-09-25 08:25:04 all green (daemon)
2026-09-25 08:28:03 all green
2026-09-25 08:33:03 all green
2026-09-25 08:35:05 all green (daemon)
2026-09-25 08:38:03 all green
2026-09-25 08:40:07 sim_daemon: process gone — task 'MyQuant Sim Daemon' Disabled; intentionally off, not restarting
2026-09-25 08:43:05 sim_daemon: process gone — task 'MyQuant Sim Daemon' Disabled; intentionally off, not restarting
2026-09-25 08:43:05 all green
2026-09-25 08:45:05 all green (daemon)
2026-09-25 08:48:05 sim_daemon: process gone — task 'MyQuant Sim Daemon' Disabled; intentionally off, not restarting
2026-09-25 08:48:05 all green
2026-09-25 08:53:05 sim_daemon: process gone — task 'MyQuant Sim Daemon' Disabled; intentionally off, not restarting
2026-09-25 08:53:05 all green
2026-09-25 08:55:11 all green (daemon)
2026-09-25 08:58:05 sim_daemon: process gone — task 'MyQuant Sim Daemon' Disabled; intentionally off, not restarting
2026-09-25 08:58:05 all green
2026-09-25 09:03:05 sim_daemon: process gone — task 'MyQuant Sim Daemon' Disabled; intentionally off, not restarting
2026-09-25 09:03:05 all green
2026-09-25 09:05:17 all green (daemon)
2026-09-25 09:08:05 sim_daemon: process gone — task 'MyQuant Sim Daemon' Disabled; intentionally off, not restarting
2026-09-25 09:08:06 all green
2026-09-25 09:11:01 triggers: killing hung pair [14720, 1844, 16796, 6536]
2026-09-25 09:11:02 ACTION triggers: alive but heartbeat 357s stale (HUNG — open positions unmanaged) — restarting via 'MyQuant Trigger Daemon'
2026-09-25 09:11:15 triggers: process gone — in cooldown (14s), waiting
2026-09-25 09:11:28 triggers: process gone — in cooldown (26s), waiting
2026-09-25 09:11:40 triggers: process gone — in cooldown (39s), waiting
2026-09-25 09:11:53 triggers: process gone — in cooldown (51s), waiting
2026-09-25 09:12:06 triggers: process gone — in cooldown (64s), waiting
2026-09-25 09:12:19 triggers: process gone — in cooldown (77s), waiting
2026-09-25 09:12:31 triggers: process gone — in cooldown (90s), waiting
2026-09-25 09:12:44 triggers: process gone — in cooldown (102s), waiting
2026-09-25 09:12:56 triggers: process gone — in cooldown (115s), waiting
2026-09-25 09:13:05 sim_daemon: process gone — task 'MyQuant Sim Daemon' Disabled; intentionally off, not restarting
2026-09-25 09:13:07 triggers: process gone — in cooldown (125s), waiting
2026-09-25 09:13:07 all green
2026-09-25 09:13:09 triggers: process gone — in cooldown (128s), waiting
2026-09-25 09:13:22 triggers: process gone — in cooldown (141s), waiting
2026-09-25 09:13:35 triggers: process gone — in cooldown (153s), waiting
2026-09-25 09:13:47 triggers: process gone — in cooldown (166s), waiting
2026-09-25 09:14:00 triggers: process gone — in cooldown (178s), waiting
2026-09-25 09:14:13 triggers: process gone — in cooldown (191s), waiting
2026-09-25 09:14:26 triggers: process gone — in cooldown (204s), waiting
2026-09-25 09:14:38 triggers: process gone — in cooldown (217s), waiting
2026-09-25 09:14:51 triggers: process gone — in cooldown (229s), waiting
2026-09-25 09:15:03 triggers: process gone — in cooldown (242s), waiting
2026-09-25 09:15:16 triggers: process gone — in cooldown (255s), waiting
2026-09-25 09:15:29 triggers: process gone — in cooldown (268s), waiting
2026-09-25 09:15:29 all green (daemon)
2026-09-25 09:15:42 triggers: process gone — in cooldown (280s), waiting
2026-09-25 09:15:54 triggers: process gone — in cooldown (293s), waiting
2026-09-25 09:16:07 triggers: process gone — in cooldown (305s), waiting
2026-09-25 09:16:20 triggers: process gone — in cooldown (318s), waiting
2026-09-25 09:16:33 triggers: process gone — in cooldown (331s), waiting
2026-09-25 09:16:45 triggers: process gone — in cooldown (344s), waiting
2026-09-25 09:16:58 triggers: process gone — in cooldown (356s), waiting
2026-09-25 09:17:10 triggers: process gone — in cooldown (369s), waiting
2026-09-25 09:17:23 triggers: process gone — in cooldown (382s), waiting
2026-09-25 09:17:36 triggers: process gone — in cooldown (395s), waiting
2026-09-25 09:17:49 triggers: process gone — in cooldown (407s), waiting
2026-09-25 09:18:01 triggers: process gone — in cooldown (420s), waiting
2026-09-25 09:18:05 sim_daemon: process gone — task 'MyQuant Sim Daemon' Disabled; intentionally off, not restarting
2026-09-25 09:18:07 triggers: process gone — in cooldown (425s), waiting
2026-09-25 09:18:07 all green
2026-09-25 09:18:14 triggers: process gone — in cooldown (432s), waiting
2026-09-25 09:18:27 triggers: process gone — in cooldown (445s), waiting
2026-09-25 09:18:40 triggers: process gone — in cooldown (458s), waiting
2026-09-25 09:18:52 triggers: process gone — in cooldown (471s), waiting
2026-09-25 09:19:05 triggers: process gone — in cooldown (483s), waiting
2026-09-25 09:19:17 triggers: process gone — in cooldown (496s), waiting
2026-09-25 09:19:30 triggers: process gone — in cooldown (509s), waiting
2026-09-25 09:19:43 triggers: process gone — in cooldown (522s), waiting
2026-09-25 09:19:56 triggers: process gone — in cooldown (534s), waiting
2026-09-25 09:20:08 triggers: process gone — in cooldown (547s), waiting
2026-09-25 09:20:21 triggers: process gone — in cooldown (559s), waiting
2026-09-25 09:20:34 triggers: process gone — in cooldown (572s), waiting
2026-09-25 09:20:47 triggers: process gone — in cooldown (585s), waiting
2026-09-25 09:20:59 triggers: process gone — in cooldown (598s), waiting
2026-09-25 09:21:12 ACTION triggers: process gone — restarting via 'MyQuant Trigger Daemon'
2026-09-25 09:21:26 triggers: process gone — in cooldown (14s), waiting
2026-09-25 09:21:39 triggers: process gone — in cooldown (27s), waiting
2026-09-25 09:21:51 triggers: process gone — in cooldown (39s), waiting
2026-09-25 09:22:03 triggers: process gone — in cooldown (52s), waiting
2026-09-25 09:22:16 triggers: process gone — in cooldown (64s), waiting
2026-09-25 09:22:29 triggers: process gone — in cooldown (77s), waiting
2026-09-25 09:22:42 triggers: process gone — in cooldown (90s), waiting
2026-09-25 09:22:54 triggers: process gone — in cooldown (103s), waiting
2026-09-25 09:23:05 sim_daemon: process gone — task 'MyQuant Sim Daemon' Disabled; intentionally off, not restarting
2026-09-25 09:23:07 triggers: process gone — in cooldown (115s), waiting
2026-09-25 09:23:07 all green
2026-09-25 09:23:07 triggers: process gone — in cooldown (116s), waiting
2026-09-25 09:23:20 triggers: process gone — in cooldown (128s), waiting
2026-09-25 09:23:33 triggers: process gone — in cooldown (141s), waiting
2026-09-25 09:23:46 triggers: process gone — in cooldown (154s), waiting
2026-09-25 09:23:58 triggers: process gone — in cooldown (166s), waiting
2026-09-25 09:24:11 triggers: process gone — in cooldown (179s), waiting
2026-09-25 09:24:23 triggers: process gone — in cooldown (192s), waiting
2026-09-25 09:24:36 triggers: process gone — in cooldown (205s), waiting
2026-09-25 09:24:49 triggers: process gone — in cooldown (218s), waiting
2026-09-25 09:25:02 triggers: process gone — in cooldown (230s), waiting
2026-09-25 09:25:14 triggers: process gone — in cooldown (243s), waiting
2026-09-25 09:25:27 triggers: process gone — in cooldown (255s), waiting
2026-09-25 09:25:40 triggers: process gone — in cooldown (268s), waiting
2026-09-25 09:25:40 all green (daemon)
2026-09-25 09:25:53 triggers: process gone — in cooldown (281s), waiting
2026-09-25 09:26:05 triggers: process gone — in cooldown (294s), waiting
2026-09-25 09:26:18 triggers: process gone — in cooldown (306s), waiting
2026-09-25 09:26:30 triggers: process gone — in cooldown (319s), waiting
2026-09-25 09:26:43 triggers: process gone — in cooldown (332s), waiting
2026-09-25 09:26:56 triggers: process gone — in cooldown (345s), waiting
2026-09-25 09:27:09 triggers: process gone — in cooldown (357s), waiting
2026-09-25 09:27:21 triggers: process gone — in cooldown (370s), waiting
2026-09-25 09:27:34 triggers: process gone — in cooldown (382s), waiting
2026-09-25 09:27:47 triggers: process gone — in cooldown (395s), waiting
2026-09-25 09:28:00 triggers: process gone — in cooldown (408s), waiting
2026-09-25 09:28:05 sim_daemon: process gone — task 'MyQuant Sim Daemon' Disabled; intentionally off, not restarting
2026-09-25 09:28:07 triggers: process gone — in cooldown (415s), waiting
2026-09-25 09:28:07 all green
2026-09-25 09:28:12 triggers: process gone — in cooldown (421s), waiting
2026-09-25 09:28:25 triggers: process gone — in cooldown (433s), waiting
2026-09-25 09:28:37 triggers: process gone — in cooldown (446s), waiting
2026-09-25 09:28:50 triggers: process gone — in cooldown (459s), waiting
2026-09-25 09:29:03 triggers: process gone — in cooldown (472s), waiting
2026-09-25 09:29:16 triggers: process gone — in cooldown (484s), waiting
2026-09-25 09:29:28 triggers: process gone — in cooldown (497s), waiting
2026-09-25 09:29:41 triggers: process gone — in cooldown (509s), waiting
2026-09-25 09:29:54 triggers: process gone — in cooldown (522s), waiting
2026-09-25 09:30:07 triggers: process gone — in cooldown (536s), waiting
2026-09-25 09:30:20 triggers: process gone — in cooldown (548s), waiting
2026-09-25 09:30:32 triggers: process gone — in cooldown (561s), waiting
2026-09-25 09:30:45 triggers: process gone — in cooldown (573s), waiting
2026-09-25 09:30:58 triggers: process gone — in cooldown (586s), waiting
2026-09-25 09:31:11 triggers: process gone — in cooldown (599s), waiting
2026-09-25 09:31:24 ACTION triggers: process gone — restarting via 'MyQuant Trigger Daemon'
2026-09-25 09:31:37 triggers: process gone — in cooldown (13s), waiting
2026-09-25 09:31:49 triggers: process gone — in cooldown (26s), waiting
2026-09-25 09:32:02 triggers: process gone — in cooldown (38s), waiting
2026-09-25 09:32:15 triggers: process gone — in cooldown (51s), waiting
2026-09-25 09:32:27 triggers: process gone — in cooldown (64s), waiting
2026-09-25 09:32:40 triggers: process gone — in cooldown (77s), waiting
2026-09-25 09:32:53 triggers: process gone — in cooldown (89s), waiting
2026-09-25 09:33:05 sim_daemon: process gone — task 'MyQuant Sim Daemon' Disabled; intentionally off, not restarting
2026-09-25 09:33:05 triggers: process gone — in cooldown (102s), waiting
2026-09-25 09:33:07 triggers: process gone — in cooldown (103s), waiting
2026-09-25 09:33:07 all green
2026-09-25 09:33:18 triggers: process gone — in cooldown (115s), waiting
2026-09-25 09:33:31 triggers: process gone — in cooldown (127s), waiting
2026-09-25 09:33:44 triggers: process gone — in cooldown (140s), waiting
2026-09-25 09:33:56 triggers: process gone — in cooldown (153s), waiting
2026-09-25 09:34:09 triggers: process gone — in cooldown (165s), waiting
2026-09-25 09:34:22 triggers: process gone — in cooldown (178s), waiting
2026-09-25 09:34:34 triggers: process gone — in cooldown (191s), waiting
2026-09-25 09:34:47 triggers: process gone — in cooldown (204s), waiting
2026-09-25 09:35:00 triggers: process gone — in cooldown (216s), waiting
2026-09-25 09:35:12 triggers: process gone — in cooldown (229s), waiting
2026-09-25 09:35:25 triggers: process gone — in cooldown (242s), waiting
2026-09-25 09:35:38 triggers: process gone — in cooldown (254s), waiting
2026-09-25 09:35:51 triggers: process gone — in cooldown (267s), waiting
2026-09-25 09:35:51 all green (daemon)
2026-09-25 09:36:03 triggers: process gone — in cooldown (280s), waiting
2026-09-25 09:36:16 triggers: process gone — in cooldown (292s), waiting
2026-09-25 09:36:29 triggers: process gone — in cooldown (305s), waiting
2026-09-25 09:36:41 triggers: process gone — in cooldown (318s), waiting
2026-09-25 09:36:54 triggers: process gone — in cooldown (331s), waiting
2026-09-25 09:37:07 triggers: process gone — in cooldown (343s), waiting
2026-09-25 09:37:19 triggers: process gone — in cooldown (356s), waiting
2026-09-25 09:37:32 triggers: process gone — in cooldown (369s), waiting
2026-09-25 09:37:45 triggers: process gone — in cooldown (381s), waiting
2026-09-25 09:37:58 triggers: process gone — in cooldown (394s), waiting
2026-09-25 09:38:05 sim_daemon: process gone — task 'MyQuant Sim Daemon' Disabled; intentionally off, not restarting
2026-09-25 09:38:07 triggers: process gone — in cooldown (403s), waiting
2026-09-25 09:38:07 all green
2026-09-25 09:38:10 triggers: process gone — in cooldown (407s), waiting
2026-09-25 09:38:23 triggers: process gone — in cooldown (419s), waiting
2026-09-25 09:38:36 triggers: process gone — in cooldown (432s), waiting
2026-09-25 09:38:48 triggers: process gone — in cooldown (445s), waiting
2026-09-25 09:39:01 triggers: process gone — in cooldown (458s), waiting
2026-09-25 09:39:14 triggers: process gone — in cooldown (470s), waiting
2026-09-25 09:39:26 triggers: process gone — in cooldown (483s), waiting
2026-09-25 09:39:39 triggers: process gone — in cooldown (496s), waiting
2026-09-25 09:39:52 triggers: process gone — in cooldown (508s), waiting
2026-09-25 09:40:05 triggers: process gone — in cooldown (521s), waiting
2026-09-25 09:40:17 triggers: process gone — in cooldown (534s), waiting
2026-09-25 09:40:30 triggers: process gone — in cooldown (546s), waiting
2026-09-25 09:40:43 triggers: process gone — in cooldown (559s), waiting
2026-09-25 09:40:55 triggers: process gone — in cooldown (572s), waiting
2026-09-25 09:41:08 triggers: process gone — in cooldown (585s), waiting
2026-09-25 09:41:21 triggers: process gone — in cooldown (597s), waiting
2026-09-25 09:41:34 ACTION triggers: process gone — restarting via 'MyQuant Trigger Daemon'
2026-09-25 09:41:47 triggers: process gone — in cooldown (14s), waiting
2026-09-25 09:42:00 triggers: process gone — in cooldown (26s), waiting
2026-09-25 09:42:12 triggers: process gone — in cooldown (39s), waiting
2026-09-25 09:42:25 triggers: process gone — in cooldown (51s), waiting
2026-09-25 09:42:37 triggers: process gone — in cooldown (64s), waiting
2026-09-25 09:42:51 triggers: process gone — in cooldown (77s), waiting
2026-09-25 09:43:03 triggers: process gone — in cooldown (90s), waiting
2026-09-25 09:43:05 sim_daemon: process gone — task 'MyQuant Sim Daemon' Disabled; intentionally off, not restarting
2026-09-25 09:43:07 triggers: process gone — in cooldown (93s), waiting
2026-09-25 09:43:07 all green
2026-09-25 09:43:16 triggers: process gone — in cooldown (102s), waiting
2026-09-25 09:43:29 triggers: process gone — in cooldown (115s), waiting
2026-09-25 09:43:41 triggers: process gone — in cooldown (128s), waiting
2026-09-25 09:43:55 triggers: process gone — in cooldown (141s), waiting
2026-09-25 09:44:07 triggers: process gone — in cooldown (154s), waiting
2026-09-25 09:44:20 triggers: process gone — in cooldown (166s), waiting
2026-09-25 09:44:32 triggers: process gone — in cooldown (178s), waiting
2026-09-25 09:44:44 triggers: process gone — in cooldown (191s), waiting
2026-09-25 09:44:58 triggers: process gone — in cooldown (204s), waiting
2026-09-25 09:45:10 triggers: process gone — in cooldown (217s), waiting
2026-09-25 09:45:23 triggers: process gone — in cooldown (229s), waiting
2026-09-25 09:45:35 triggers: process gone — in cooldown (242s), waiting
2026-09-25 09:45:48 triggers: process gone — in cooldown (254s), waiting
2026-09-25 09:46:01 triggers: process gone — in cooldown (268s), waiting
2026-09-25 09:46:01 all green (daemon)
2026-09-25 09:46:14 triggers: process gone — in cooldown (280s), waiting
2026-09-25 09:46:26 triggers: process gone — in cooldown (293s), waiting
2026-09-25 09:46:39 triggers: process gone — in cooldown (305s), waiting
2026-09-25 09:46:51 triggers: process gone — in cooldown (318s), waiting
2026-09-25 09:47:05 triggers: process gone — in cooldown (331s), waiting
2026-09-25 09:47:17 triggers: process gone — in cooldown (344s), waiting
2026-09-25 09:47:30 triggers: process gone — in cooldown (356s), waiting
2026-09-25 09:47:42 triggers: process gone — in cooldown (369s), waiting
2026-09-25 09:47:55 triggers: process gone — in cooldown (381s), waiting
2026-09-25 09:48:05 sim_daemon: process gone — task 'MyQuant Sim Daemon' Disabled; intentionally off, not restarting
2026-09-25 09:48:07 triggers: process gone — in cooldown (393s), waiting
2026-09-25 09:48:07 all green
2026-09-25 09:48:08 triggers: process gone — in cooldown (395s), waiting
2026-09-25 09:48:21 triggers: process gone — in cooldown (407s), waiting
2026-09-25 09:48:33 triggers: process gone — in cooldown (420s), waiting
2026-09-25 09:48:46 triggers: process gone — in cooldown (432s), waiting
2026-09-25 09:48:58 triggers: process gone — in cooldown (445s), waiting
2026-09-25 09:49:12 triggers: process gone — in cooldown (458s), waiting
2026-09-25 09:49:24 triggers: process gone — in cooldown (471s), waiting
2026-09-25 09:49:37 triggers: process gone — in cooldown (483s), waiting
2026-09-25 09:49:49 triggers: process gone — in cooldown (496s), waiting
2026-09-25 09:50:02 triggers: process gone — in cooldown (508s), waiting
2026-09-25 09:50:15 triggers: process gone — in cooldown (522s), waiting
2026-09-25 09:50:28 triggers: process gone — in cooldown (534s), waiting
2026-09-25 09:50:40 triggers: process gone — in cooldown (547s), waiting
2026-09-25 09:50:53 triggers: process gone — in cooldown (559s), waiting
2026-09-25 09:51:05 triggers: process gone — in cooldown (572s), waiting
2026-09-25 09:51:19 triggers: process gone — in cooldown (585s), waiting
2026-09-25 09:51:31 triggers: process gone — in cooldown (598s), waiting
2026-09-25 09:51:44 ACTION triggers: process gone — restarting via 'MyQuant Trigger Daemon'
2026-09-25 09:51:57 ACTION triggers: process gone — RESTART CAP HIT (5/day), manual fix needed
2026-09-25 09:52:10 ACTION triggers: process gone — RESTART CAP HIT (5/day), manual fix needed
2026-09-25 09:52:23 ACTION triggers: process gone — RESTART CAP HIT (5/day), manual fix needed
2026-09-25 09:52:36 ACTION triggers: process gone — RESTART CAP HIT (5/day), manual fix needed
2026-09-25 09:52:49 ACTION triggers: process gone — RESTART CAP HIT (5/day), manual fix needed
2026-09-25 09:53:02 ACTION triggers: process gone — RESTART CAP HIT (5/day), manual fix needed
2026-09-25 09:53:05 sim_daemon: process gone — task 'MyQuant Sim Daemon' Disabled; intentionally off, not restarting
2026-09-25 09:53:07 ACTION triggers: process gone — RESTART CAP HIT (5/day), manual fix needed
2026-09-25 09:53:14 ACTION triggers: process gone — RESTART CAP HIT (5/day), manual fix needed
2026-09-25 09:53:28 ACTION triggers: process gone — RESTART CAP HIT (5/day), manual fix needed
2026-09-25 09:53:40 ACTION triggers: process gone — RESTART CAP HIT (5/day), manual fix needed
2026-09-25 09:53:53 ACTION triggers: process gone — RESTART CAP HIT (5/day), manual fix needed
2026-09-25 09:54:06 ACTION triggers: process gone — RESTART CAP HIT (5/day), manual fix needed
2026-09-25 09:54:19 ACTION triggers: process gone — RESTART CAP HIT (5/day), manual fix needed
2026-09-25 09:54:32 ACTION triggers: process gone — RESTART CAP HIT (5/day), manual fix needed
2026-09-25 09:54:45 ACTION triggers: process gone — RESTART CAP HIT (5/day), manual fix needed
2026-09-25 09:54:57 ACTION triggers: process gone — RESTART CAP HIT (5/day), manual fix needed
2026-09-25 09:55:10 ACTION triggers: process gone — RESTART CAP HIT (5/day), manual fix needed
2026-09-25 09:55:23 ACTION triggers: process gone — RESTART CAP HIT (5/day), manual fix needed
2026-09-25 09:55:36 ACTION triggers: process gone — RESTART CAP HIT (5/day), manual fix needed
2026-09-25 09:55:49 ACTION triggers: process gone — RESTART CAP HIT (5/day), manual fix needed
2026-09-25 09:56:01 ACTION triggers: process gone — RESTART CAP HIT (5/day), manual fix needed
2026-09-25 09:56:15 ACTION triggers: process gone — RESTART CAP HIT (5/day), manual fix needed
2026-09-25 09:56:27 ACTION triggers: process gone — RESTART CAP HIT (5/day), manual fix needed
2026-09-25 09:56:40 ACTION triggers: process gone — RESTART CAP HIT (5/day), manual fix needed
2026-09-25 09:56:53 ACTION triggers: process gone — RESTART CAP HIT (5/day), manual fix needed
2026-09-25 09:57:06 ACTION triggers: process gone — RESTART CAP HIT (5/day), manual fix needed
2026-09-25 09:57:19 ACTION triggers: process gone — RESTART CAP HIT (5/day), manual fix needed
2026-09-25 09:57:31 ACTION triggers: process gone — RESTART CAP HIT (5/day), manual fix needed
2026-09-25 09:57:45 ACTION triggers: process gone — RESTART CAP HIT (5/day), manual fix needed
2026-09-25 09:57:57 ACTION triggers: process gone — RESTART CAP HIT (5/day), manual fix needed
2026-09-25 09:58:05 sim_daemon: process gone — task 'MyQuant Sim Daemon' Disabled; intentionally off, not restarting
2026-09-25 09:58:07 ACTION triggers: process gone — RESTART CAP HIT (5/day), manual fix needed
2026-09-25 09:58:10 ACTION triggers: process gone — RESTART CAP HIT (5/day), manual fix needed
2026-09-25 09:58:23 ACTION triggers: process gone — RESTART CAP HIT (5/day), manual fix needed
2026-09-25 09:58:36 ACTION triggers: process gone — RESTART CAP HIT (5/day), manual fix needed
2026-09-25 09:58:49 ACTION triggers: process gone — RESTART CAP HIT (5/day), manual fix needed
2026-09-25 09:59:02 ACTION triggers: process gone — RESTART CAP HIT (5/day), manual fix needed
2026-09-25 09:59:15 ACTION triggers: process gone — RESTART CAP HIT (5/day), manual fix needed
2026-09-25 09:59:28 ACTION triggers: process gone — RESTART CAP HIT (5/day), manual fix needed
2026-09-25 09:59:40 ACTION triggers: process gone — RESTART CAP HIT (5/day), manual fix needed
2026-09-25 09:59:54 ACTION triggers: process gone — RESTART CAP HIT (5/day), manual fix needed
2026-09-25 10:00:06 ACTION triggers: process gone — RESTART CAP HIT (5/day), manual fix needed
2026-09-25 10:00:19 ACTION triggers: process gone — RESTART CAP HIT (5/day), manual fix needed
2026-09-25 10:00:32 ACTION triggers: process gone — RESTART CAP HIT (5/day), manual fix needed
2026-09-25 10:00:45 ACTION triggers: process gone — RESTART CAP HIT (5/day), manual fix needed
2026-09-25 10:00:58 ACTION triggers: process gone — RESTART CAP HIT (5/day), manual fix needed
2026-09-25 10:01:11 ACTION triggers: process gone — RESTART CAP HIT (5/day), manual fix needed
2026-09-25 10:01:24 ACTION triggers: process gone — RESTART CAP HIT (5/day), manual fix needed
2026-09-25 10:01:37 ACTION triggers: process gone — RESTART CAP HIT (5/day), manual fix needed
2026-09-25 10:01:49 ACTION triggers: process gone — RESTART CAP HIT (5/day), manual fix needed
2026-09-25 10:02:03 ACTION triggers: process gone — RESTART CAP HIT (5/day), manual fix needed
2026-09-25 10:02:15 ACTION triggers: process gone — RESTART CAP HIT (5/day), manual fix needed
2026-09-25 10:02:28 ACTION triggers: process gone — RESTART CAP HIT (5/day), manual fix needed
2026-09-25 10:02:41 ACTION triggers: process gone — RESTART CAP HIT (5/day), manual fix needed
2026-09-25 10:02:54 ACTION triggers: process gone — RESTART CAP HIT (5/day), manual fix needed
2026-09-25 10:03:05 sim_daemon: process gone — task 'MyQuant Sim Daemon' Disabled; intentionally off, not restarting
2026-09-25 10:03:07 ACTION triggers: process gone — RESTART CAP HIT (5/day), manual fix needed
2026-09-25 10:03:07 ACTION triggers: process gone — RESTART CAP HIT (5/day), manual fix needed
2026-09-25 10:03:20 ACTION triggers: process gone — RESTART CAP HIT (5/day), manual fix needed
2026-09-25 10:03:32 ACTION triggers: process gone — RESTART CAP HIT (5/day), manual fix needed
2026-09-25 10:03:46 ACTION triggers: process gone — RESTART CAP HIT (5/day), manual fix needed
2026-09-25 10:03:58 ACTION triggers: process gone — RESTART CAP HIT (5/day), manual fix needed
2026-09-25 10:04:11 ACTION triggers: process gone — RESTART CAP HIT (5/day), manual fix needed
2026-09-25 10:04:24 ACTION triggers: process gone — RESTART CAP HIT (5/day), manual fix needed
2026-09-25 10:04:37 ACTION triggers: process gone — RESTART CAP HIT (5/day), manual fix needed
2026-09-25 10:04:50 ACTION triggers: process gone — RESTART CAP HIT (5/day), manual fix needed
2026-09-25 10:05:03 ACTION triggers: process gone — RESTART CAP HIT (5/day), manual fix needed
2026-09-25 10:05:16 ACTION triggers: process gone — RESTART CAP HIT (5/day), manual fix needed
2026-09-25 10:05:28 ACTION triggers: process gone — RESTART CAP HIT (5/day), manual fix needed
2026-09-25 10:05:41 ACTION triggers: process gone — RESTART CAP HIT (5/day), manual fix needed
2026-09-25 10:05:54 ACTION triggers: process gone — RESTART CAP HIT (5/day), manual fix needed
2026-09-25 10:06:07 ACTION triggers: process gone — RESTART CAP HIT (5/day), manual fix needed
2026-09-25 10:06:20 ACTION triggers: process gone — RESTART CAP HIT (5/day), manual fix needed
2026-09-25 10:06:33 ACTION triggers: process gone — RESTART CAP HIT (5/day), manual fix needed
2026-09-25 10:06:46 ACTION triggers: process gone — RESTART CAP HIT (5/day), manual fix needed
2026-09-25 10:06:59 ACTION triggers: process gone — RESTART CAP HIT (5/day), manual fix needed
2026-09-25 10:07:11 ACTION triggers: process gone — RESTART CAP HIT (5/day), manual fix needed
2026-09-25 10:07:24 ACTION triggers: process gone — RESTART CAP HIT (5/day), manual fix needed
2026-09-25 10:07:37 ACTION triggers: process gone — RESTART CAP HIT (5/day), manual fix needed
2026-09-25 10:07:50 ACTION triggers: process gone — RESTART CAP HIT (5/day), manual fix needed
2026-09-25 10:08:03 ACTION triggers: process gone — RESTART CAP HIT (5/day), manual fix needed
2026-09-25 10:08:05 sim_daemon: process gone — task 'MyQuant Sim Daemon' Disabled; intentionally off, not restarting
2026-09-25 10:08:07 ACTION triggers: process gone — RESTART CAP HIT (5/day), manual fix needed
2026-09-25 10:08:15 ACTION triggers: process gone — RESTART CAP HIT (5/day), manual fix needed
2026-09-25 10:08:29 ACTION triggers: process gone — RESTART CAP HIT (5/day), manual fix needed
2026-09-25 10:08:41 ACTION triggers: process gone — RESTART CAP HIT (5/day), manual fix needed
2026-09-25 10:08:54 ACTION triggers: process gone — RESTART CAP HIT (5/day), manual fix needed
2026-09-25 10:09:07 ACTION triggers: process gone — RESTART CAP HIT (5/day), manual fix needed
2026-09-25 10:09:20 ACTION triggers: process gone — RESTART CAP HIT (5/day), manual fix needed
2026-09-25 10:09:33 ACTION triggers: process gone — RESTART CAP HIT (5/day), manual fix needed
2026-09-25 10:09:46 ACTION triggers: process gone — RESTART CAP HIT (5/day), manual fix needed
2026-09-25 10:09:58 ACTION triggers: process gone — RESTART CAP HIT (5/day), manual fix needed
2026-09-25 10:10:11 ACTION triggers: process gone — RESTART CAP HIT (5/day), manual fix needed
2026-09-25 10:10:24 ACTION triggers: process gone — RESTART CAP HIT (5/day), manual fix needed
2026-09-25 10:10:37 ACTION triggers: process gone — RESTART CAP HIT (5/day), manual fix needed
2026-09-25 10:10:50 ACTION triggers: process gone — RESTART CAP HIT (5/day), manual fix needed
2026-09-25 10:11:02 ACTION triggers: process gone — RESTART CAP HIT (5/day), manual fix needed
2026-09-25 10:11:15 ACTION triggers: process gone — RESTART CAP HIT (5/day), manual fix needed
2026-09-25 10:11:28 ACTION triggers: process gone — RESTART CAP HIT (5/day), manual fix needed
2026-09-25 10:11:41 ACTION triggers: process gone — RESTART CAP HIT (5/day), manual fix needed
2026-09-25 10:11:54 ACTION triggers: process gone — RESTART CAP HIT (5/day), manual fix needed
2026-09-25 10:12:07 ACTION triggers: process gone — RESTART CAP HIT (5/day), manual fix needed
2026-09-25 10:12:21 ACTION triggers: process gone — RESTART CAP HIT (5/day), manual fix needed
2026-09-25 10:12:34 ACTION triggers: process gone — RESTART CAP HIT (5/day), manual fix needed
2026-09-25 10:12:47 ACTION triggers: process gone — RESTART CAP HIT (5/day), manual fix needed
2026-09-25 10:12:59 ACTION triggers: process gone — RESTART CAP HIT (5/day), manual fix needed
2026-09-25 10:13:05 sim_daemon: process gone — task 'MyQuant Sim Daemon' Disabled; intentionally off, not restarting
2026-09-25 10:13:07 ACTION triggers: process gone — RESTART CAP HIT (5/day), manual fix needed
2026-09-25 10:13:12 ACTION triggers: process gone — RESTART CAP HIT (5/day), manual fix needed
2026-09-25 10:13:25 ACTION triggers: process gone — RESTART CAP HIT (5/day), manual fix needed
2026-09-25 10:13:38 ACTION triggers: process gone — RESTART CAP HIT (5/day), manual fix needed
2026-09-25 10:13:51 ACTION triggers: process gone — RESTART CAP HIT (5/day), manual fix needed
2026-09-25 10:14:04 ACTION triggers: process gone — RESTART CAP HIT (5/day), manual fix needed
2026-09-25 10:14:16 ACTION triggers: process gone — RESTART CAP HIT (5/day), manual fix needed
2026-09-25 10:14:29 ACTION triggers: process gone — RESTART CAP HIT (5/day), manual fix needed
2026-09-25 10:14:42 ACTION triggers: process gone — RESTART CAP HIT (5/day), manual fix needed
2026-09-25 10:14:55 ACTION triggers: process gone — RESTART CAP HIT (5/day), manual fix needed
2026-09-25 10:15:08 ACTION triggers: process gone — RESTART CAP HIT (5/day), manual fix needed
2026-09-25 10:15:21 ACTION triggers: process gone — RESTART CAP HIT (5/day), manual fix needed
2026-09-25 10:15:34 ACTION triggers: process gone — RESTART CAP HIT (5/day), manual fix needed
2026-09-25 10:15:47 ACTION triggers: process gone — RESTART CAP HIT (5/day), manual fix needed
2026-09-25 10:16:00 ACTION triggers: process gone — RESTART CAP HIT (5/day), manual fix needed
2026-09-25 10:16:13 ACTION triggers: process gone — RESTART CAP HIT (5/day), manual fix needed
2026-09-25 10:16:25 ACTION triggers: process gone — RESTART CAP HIT (5/day), manual fix needed
2026-09-25 10:16:39 ACTION triggers: process gone — RESTART CAP HIT (5/day), manual fix needed
2026-09-25 10:16:51 ACTION triggers: process gone — RESTART CAP HIT (5/day), manual fix needed
2026-09-25 10:17:04 ACTION triggers: process gone — RESTART CAP HIT (5/day), manual fix needed
2026-09-25 10:17:17 ACTION triggers: process gone — RESTART CAP HIT (5/day), manual fix needed
2026-09-25 10:17:30 ACTION triggers: process gone — RESTART CAP HIT (5/day), manual fix needed
2026-09-25 10:17:43 ACTION triggers: process gone — RESTART CAP HIT (5/day), manual fix needed
2026-09-25 10:17:55 ACTION triggers: process gone — RESTART CAP HIT (5/day), manual fix needed
2026-09-25 10:18:05 sim_daemon: process gone — task 'MyQuant Sim Daemon' Disabled; intentionally off, not restarting
2026-09-25 10:18:07 ACTION triggers: process gone — RESTART CAP HIT (5/day), manual fix needed
2026-09-25 10:18:09 ACTION triggers: process gone — RESTART CAP HIT (5/day), manual fix needed
2026-09-25 10:18:21 ACTION triggers: process gone — RESTART CAP HIT (5/day), manual fix needed
2026-09-25 10:18:34 ACTION triggers: process gone — RESTART CAP HIT (5/day), manual fix needed
2026-09-25 10:18:47 ACTION triggers: process gone — RESTART CAP HIT (5/day), manual fix needed
2026-09-25 10:19:00 ACTION triggers: process gone — RESTART CAP HIT (5/day), manual fix needed
2026-09-25 10:19:13 ACTION triggers: process gone — RESTART CAP HIT (5/day), manual fix needed
2026-09-25 10:19:26 ACTION triggers: process gone — RESTART CAP HIT (5/day), manual fix needed
2026-09-25 10:19:38 ACTION triggers: process gone — RESTART CAP HIT (5/day), manual fix needed
2026-09-25 10:19:51 ACTION triggers: process gone — RESTART CAP HIT (5/day), manual fix needed
2026-09-25 10:20:04 ACTION triggers: process gone — RESTART CAP HIT (5/day), manual fix needed
2026-09-25 10:20:17 ACTION triggers: process gone — RESTART CAP HIT (5/day), manual fix needed
2026-09-25 10:20:30 ACTION triggers: process gone — RESTART CAP HIT (5/day), manual fix needed
2026-09-25 10:20:43 ACTION triggers: process gone — RESTART CAP HIT (5/day), manual fix needed
2026-09-25 10:20:56 ACTION triggers: process gone — RESTART CAP HIT (5/day), manual fix needed
2026-09-25 10:21:09 ACTION triggers: process gone — RESTART CAP HIT (5/day), manual fix needed
2026-09-25 10:21:22 ACTION triggers: process gone — RESTART CAP HIT (5/day), manual fix needed
2026-09-25 10:21:35 ACTION triggers: process gone — RESTART CAP HIT (5/day), manual fix needed
2026-09-25 10:21:47 ACTION triggers: process gone — RESTART CAP HIT (5/day), manual fix needed
2026-09-25 10:22:01 ACTION triggers: process gone — RESTART CAP HIT (5/day), manual fix needed
2026-09-25 10:22:13 ACTION triggers: process gone — RESTART CAP HIT (5/day), manual fix needed
2026-09-25 10:22:27 ACTION triggers: process gone — RESTART CAP HIT (5/day), manual fix needed
2026-09-25 10:22:39 ACTION triggers: process gone — RESTART CAP HIT (5/day), manual fix needed
2026-09-25 10:22:52 ACTION triggers: process gone — RESTART CAP HIT (5/day), manual fix needed
2026-09-25 10:23:05 sim_daemon: process gone — task 'MyQuant Sim Daemon' Disabled; intentionally off, not restarting
2026-09-25 10:23:05 ACTION triggers: process gone — RESTART CAP HIT (5/day), manual fix needed
2026-09-25 10:23:07 ACTION triggers: process gone — RESTART CAP HIT (5/day), manual fix needed
2026-09-25 10:23:18 ACTION triggers: process gone — RESTART CAP HIT (5/day), manual fix needed
2026-09-25 10:23:31 ACTION triggers: process gone — RESTART CAP HIT (5/day), manual fix needed
2026-09-25 10:23:44 ACTION triggers: process gone — RESTART CAP HIT (5/day), manual fix needed
2026-09-25 10:23:56 ACTION triggers: process gone — RESTART CAP HIT (5/day), manual fix needed
2026-09-25 10:24:09 ACTION triggers: process gone — RESTART CAP HIT (5/day), manual fix needed
2026-09-25 10:24:22 ACTION triggers: process gone — RESTART CAP HIT (5/day), manual fix needed
2026-09-25 10:24:35 ACTION triggers: process gone — RESTART CAP HIT (5/day), manual fix needed
2026-09-25 10:24:48 ACTION triggers: process gone — RESTART CAP HIT (5/day), manual fix needed
2026-09-25 10:25:00 ACTION triggers: process gone — RESTART CAP HIT (5/day), manual fix needed
2026-09-25 10:25:14 ACTION triggers: process gone — RESTART CAP HIT (5/day), manual fix needed
2026-09-25 10:25:26 ACTION triggers: process gone — RESTART CAP HIT (5/day), manual fix needed
2026-09-25 10:25:39 ACTION triggers: process gone — RESTART CAP HIT (5/day), manual fix needed
2026-09-25 10:25:52 ACTION triggers: process gone — RESTART CAP HIT (5/day), manual fix needed
2026-09-25 10:26:05 ACTION triggers: process gone — RESTART CAP HIT (5/day), manual fix needed
2026-09-25 10:26:18 ACTION triggers: process gone — RESTART CAP HIT (5/day), manual fix needed
2026-09-25 10:26:31 ACTION triggers: process gone — RESTART CAP HIT (5/day), manual fix needed
2026-09-25 10:26:44 ACTION triggers: process gone — RESTART CAP HIT (5/day), manual fix needed
2026-09-25 10:26:56 ACTION triggers: process gone — RESTART CAP HIT (5/day), manual fix needed
2026-09-25 10:27:09 ACTION triggers: process gone — RESTART CAP HIT (5/day), manual fix needed
2026-09-25 10:27:22 ACTION triggers: process gone — RESTART CAP HIT (5/day), manual fix needed
2026-09-25 10:27:35 ACTION triggers: process gone — RESTART CAP HIT (5/day), manual fix needed
2026-09-25 10:27:48 ACTION triggers: process gone — RESTART CAP HIT (5/day), manual fix needed
2026-09-25 10:28:01 ACTION triggers: process gone — RESTART CAP HIT (5/day), manual fix needed
2026-09-25 10:28:05 sim_daemon: process gone — task 'MyQuant Sim Daemon' Disabled; intentionally off, not restarting
2026-09-25 10:28:07 ACTION triggers: process gone — RESTART CAP HIT (5/day), manual fix needed
2026-09-25 10:28:13 ACTION triggers: process gone — RESTART CAP HIT (5/day), manual fix needed
2026-09-25 10:28:26 ACTION triggers: process gone — RESTART CAP HIT (5/day), manual fix needed
2026-09-25 10:28:39 ACTION triggers: process gone — RESTART CAP HIT (5/day), manual fix needed
2026-09-25 10:28:52 ACTION triggers: process gone — RESTART CAP HIT (5/day), manual fix needed
2026-09-25 10:29:05 ACTION triggers: process gone — RESTART CAP HIT (5/day), manual fix needed
2026-09-25 10:29:18 ACTION triggers: process gone — RESTART CAP HIT (5/day), manual fix needed
2026-09-25 10:29:31 ACTION triggers: process gone — RESTART CAP HIT (5/day), manual fix needed
2026-09-25 10:29:43 ACTION triggers: process gone — RESTART CAP HIT (5/day), manual fix needed
2026-09-25 10:29:56 ACTION triggers: process gone — RESTART CAP HIT (5/day), manual fix needed
2026-09-25 10:30:09 ACTION triggers: process gone — RESTART CAP HIT (5/day), manual fix needed
2026-09-25 10:30:22 ACTION triggers: process gone — RESTART CAP HIT (5/day), manual fix needed
2026-09-25 10:30:35 ACTION triggers: process gone — RESTART CAP HIT (5/day), manual fix needed
2026-09-25 10:30:48 ACTION triggers: process gone — RESTART CAP HIT (5/day), manual fix needed
2026-09-25 10:31:01 ACTION triggers: process gone — RESTART CAP HIT (5/day), manual fix needed
2026-09-25 10:31:13 ACTION triggers: process gone — RESTART CAP HIT (5/day), manual fix needed
2026-09-25 10:31:26 ACTION triggers: process gone — RESTART CAP HIT (5/day), manual fix needed
2026-09-25 10:31:40 ACTION triggers: process gone — RESTART CAP HIT (5/day), manual fix needed
2026-09-25 10:31:52 ACTION triggers: process gone — RESTART CAP HIT (5/day), manual fix needed
2026-09-25 10:32:05 ACTION triggers: process gone — RESTART CAP HIT (5/day), manual fix needed
2026-09-25 10:32:18 ACTION triggers: process gone — RESTART CAP HIT (5/day), manual fix needed
2026-09-25 10:32:31 ACTION triggers: process gone — RESTART CAP HIT (5/day), manual fix needed
2026-09-25 10:32:44 ACTION triggers: process gone — RESTART CAP HIT (5/day), manual fix needed
2026-09-25 10:32:57 ACTION triggers: process gone — RESTART CAP HIT (5/day), manual fix needed
2026-09-25 10:33:05 sim_daemon: process gone — task 'MyQuant Sim Daemon' Disabled; intentionally off, not restarting
2026-09-25 10:33:07 ACTION triggers: process gone — RESTART CAP HIT (5/day), manual fix needed
2026-09-25 10:33:10 ACTION triggers: process gone — RESTART CAP HIT (5/day), manual fix needed
2026-09-25 10:33:22 ACTION triggers: process gone — RESTART CAP HIT (5/day), manual fix needed
2026-09-25 10:33:35 ACTION triggers: process gone — RESTART CAP HIT (5/day), manual fix needed
2026-09-25 10:33:48 ACTION triggers: process gone — RESTART CAP HIT (5/day), manual fix needed
2026-09-25 10:34:01 ACTION triggers: process gone — RESTART CAP HIT (5/day), manual fix needed
2026-09-25 10:34:14 ACTION triggers: process gone — RESTART CAP HIT (5/day), manual fix needed
2026-09-25 10:34:27 ACTION triggers: process gone — RESTART CAP HIT (5/day), manual fix needed
2026-09-25 10:34:39 ACTION triggers: process gone — RESTART CAP HIT (5/day), manual fix needed
2026-09-25 10:34:52 ACTION triggers: process gone — RESTART CAP HIT (5/day), manual fix needed
2026-09-25 10:35:05 ACTION triggers: process gone — RESTART CAP HIT (5/day), manual fix needed
2026-09-25 10:35:18 ACTION triggers: process gone — RESTART CAP HIT (5/day), manual fix needed
2026-09-25 10:35:31 ACTION triggers: process gone — RESTART CAP HIT (5/day), manual fix needed
2026-09-25 10:35:44 ACTION triggers: process gone — RESTART CAP HIT (5/day), manual fix needed
2026-09-25 10:35:57 ACTION triggers: process gone — RESTART CAP HIT (5/day), manual fix needed
2026-09-25 10:36:09 ACTION triggers: process gone — RESTART CAP HIT (5/day), manual fix needed
2026-09-25 10:36:23 ACTION triggers: process gone — RESTART CAP HIT (5/day), manual fix needed
2026-09-25 10:36:35 ACTION triggers: process gone — RESTART CAP HIT (5/day), manual fix needed
2026-09-25 10:36:48 ACTION triggers: process gone — RESTART CAP HIT (5/day), manual fix needed
2026-09-25 10:37:01 ACTION triggers: process gone — RESTART CAP HIT (5/day), manual fix needed
2026-09-25 10:37:14 ACTION triggers: process gone — RESTART CAP HIT (5/day), manual fix needed
2026-09-25 10:37:27 ACTION triggers: process gone — RESTART CAP HIT (5/day), manual fix needed
2026-09-25 10:37:39 ACTION triggers: process gone — RESTART CAP HIT (5/day), manual fix needed
2026-09-25 10:37:52 ACTION triggers: process gone — RESTART CAP HIT (5/day), manual fix needed
2026-09-25 10:38:05 sim_daemon: process gone — task 'MyQuant Sim Daemon' Disabled; intentionally off, not restarting
2026-09-25 10:38:05 ACTION triggers: process gone — RESTART CAP HIT (5/day), manual fix needed
2026-09-25 10:38:07 ACTION triggers: process gone — RESTART CAP HIT (5/day), manual fix needed
2026-09-25 10:38:18 ACTION triggers: process gone — RESTART CAP HIT (5/day), manual fix needed
2026-09-25 10:38:31 ACTION triggers: process gone — RESTART CAP HIT (5/day), manual fix needed
2026-09-25 10:38:44 ACTION triggers: process gone — RESTART CAP HIT (5/day), manual fix needed
2026-09-25 10:38:57 ACTION triggers: process gone — RESTART CAP HIT (5/day), manual fix needed
2026-09-25 10:39:10 ACTION triggers: process gone — RESTART CAP HIT (5/day), manual fix needed
2026-09-25 10:39:22 ACTION triggers: process gone — RESTART CAP HIT (5/day), manual fix needed
2026-09-25 10:39:36 ACTION triggers: process gone — RESTART CAP HIT (5/day), manual fix needed
2026-09-25 10:39:48 ACTION triggers: process gone — RESTART CAP HIT (5/day), manual fix needed
2026-09-25 10:40:01 ACTION triggers: process gone — RESTART CAP HIT (5/day), manual fix needed
2026-09-25 10:40:14 ACTION triggers: process gone — RESTART CAP HIT (5/day), manual fix needed
2026-09-25 10:40:27 ACTION triggers: process gone — RESTART CAP HIT (5/day), manual fix needed
2026-09-25 10:40:40 ACTION triggers: process gone — RESTART CAP HIT (5/day), manual fix needed
2026-09-25 10:40:53 ACTION triggers: process gone — RESTART CAP HIT (5/day), manual fix needed
2026-09-25 10:41:05 ACTION triggers: process gone — RESTART CAP HIT (5/day), manual fix needed
2026-09-25 10:41:19 ACTION triggers: process gone — RESTART CAP HIT (5/day), manual fix needed
2026-09-25 10:41:31 ACTION triggers: process gone — RESTART CAP HIT (5/day), manual fix needed
2026-09-25 10:41:44 ACTION triggers: process gone — RESTART CAP HIT (5/day), manual fix needed
2026-09-25 10:41:57 ACTION triggers: process gone — RESTART CAP HIT (5/day), manual fix needed
2026-09-25 10:42:10 ACTION triggers: process gone — RESTART CAP HIT (5/day), manual fix needed
2026-09-25 10:42:23 ACTION triggers: process gone — RESTART CAP HIT (5/day), manual fix needed
2026-09-25 10:42:35 ACTION triggers: process gone — RESTART CAP HIT (5/day), manual fix needed
2026-09-25 10:42:49 ACTION triggers: process gone — RESTART CAP HIT (5/day), manual fix needed
2026-09-25 10:43:01 ACTION triggers: process gone — RESTART CAP HIT (5/day), manual fix needed
2026-09-25 10:43:05 sim_daemon: process gone — task 'MyQuant Sim Daemon' Disabled; intentionally off, not restarting
2026-09-25 10:43:07 ACTION triggers: process gone — RESTART CAP HIT (5/day), manual fix needed
2026-09-25 10:43:14 ACTION triggers: process gone — RESTART CAP HIT (5/day), manual fix needed
2026-09-25 10:43:27 ACTION triggers: process gone — RESTART CAP HIT (5/day), manual fix needed
2026-09-25 10:43:40 ACTION triggers: process gone — RESTART CAP HIT (5/day), manual fix needed
2026-09-25 10:43:56 ACTION triggers: process gone — RESTART CAP HIT (5/day), manual fix needed
2026-09-25 10:44:09 ACTION triggers: process gone — RESTART CAP HIT (5/day), manual fix needed
2026-09-25 10:44:21 ACTION triggers: process gone — RESTART CAP HIT (5/day), manual fix needed
2026-09-25 10:44:35 ACTION triggers: process gone — RESTART CAP HIT (5/day), manual fix needed
2026-09-25 10:44:48 ACTION triggers: process gone — RESTART CAP HIT (5/day), manual fix needed
2026-09-25 10:45:01 ACTION triggers: process gone — RESTART CAP HIT (5/day), manual fix needed
2026-09-25 10:45:13 ACTION triggers: process gone — RESTART CAP HIT (5/day), manual fix needed
2026-09-25 10:45:26 ACTION triggers: process gone — RESTART CAP HIT (5/day), manual fix needed
2026-09-25 10:45:39 ACTION triggers: process gone — RESTART CAP HIT (5/day), manual fix needed
2026-09-25 10:45:52 ACTION triggers: process gone — RESTART CAP HIT (5/day), manual fix needed
2026-09-25 10:46:05 ACTION triggers: process gone — RESTART CAP HIT (5/day), manual fix needed
2026-09-25 10:46:18 ACTION triggers: process gone — RESTART CAP HIT (5/day), manual fix needed
2026-09-25 10:46:30 ACTION triggers: process gone — RESTART CAP HIT (5/day), manual fix needed
2026-09-25 10:46:43 ACTION triggers: process gone — RESTART CAP HIT (5/day), manual fix needed
2026-09-25 10:46:56 ACTION triggers: process gone — RESTART CAP HIT (5/day), manual fix needed
2026-09-25 10:47:09 ACTION triggers: process gone — RESTART CAP HIT (5/day), manual fix needed
2026-09-25 10:47:22 ACTION triggers: process gone — RESTART CAP HIT (5/day), manual fix needed
2026-09-25 10:47:35 ACTION triggers: process gone — RESTART CAP HIT (5/day), manual fix needed
2026-09-25 10:47:48 ACTION triggers: process gone — RESTART CAP HIT (5/day), manual fix needed
2026-09-25 10:48:01 ACTION triggers: process gone — RESTART CAP HIT (5/day), manual fix needed
2026-09-25 10:48:05 sim_daemon: process gone — task 'MyQuant Sim Daemon' Disabled; intentionally off, not restarting
2026-09-25 10:48:07 ACTION triggers: process gone — RESTART CAP HIT (5/day), manual fix needed
2026-09-25 10:48:14 ACTION triggers: process gone — RESTART CAP HIT (5/day), manual fix needed
2026-09-25 10:48:26 ACTION triggers: process gone — RESTART CAP HIT (5/day), manual fix needed
2026-09-25 10:48:39 ACTION triggers: process gone — RESTART CAP HIT (5/day), manual fix needed
2026-09-25 10:48:52 ACTION triggers: process gone — RESTART CAP HIT (5/day), manual fix needed
2026-09-25 10:49:05 ACTION triggers: process gone — RESTART CAP HIT (5/day), manual fix needed
2026-09-25 10:49:18 ACTION triggers: process gone — RESTART CAP HIT (5/day), manual fix needed
2026-09-25 10:49:31 ACTION triggers: process gone — RESTART CAP HIT (5/day), manual fix needed
2026-09-25 10:49:43 ACTION triggers: process gone — RESTART CAP HIT (5/day), manual fix needed
2026-09-25 10:49:56 ACTION triggers: process gone — RESTART CAP HIT (5/day), manual fix needed
2026-09-25 10:50:09 ACTION triggers: process gone — RESTART CAP HIT (5/day), manual fix needed
2026-09-25 10:50:22 ACTION triggers: process gone — RESTART CAP HIT (5/day), manual fix needed
2026-09-25 10:50:35 ACTION triggers: process gone — RESTART CAP HIT (5/day), manual fix needed
2026-09-25 10:50:48 ACTION triggers: process gone — RESTART CAP HIT (5/day), manual fix needed
2026-09-25 10:51:01 ACTION triggers: process gone — RESTART CAP HIT (5/day), manual fix needed
2026-09-25 10:51:14 ACTION triggers: process gone — RESTART CAP HIT (5/day), manual fix needed
2026-09-25 10:51:27 ACTION triggers: process gone — RESTART CAP HIT (5/day), manual fix needed
2026-09-25 10:51:40 ACTION triggers: process gone — RESTART CAP HIT (5/day), manual fix needed
2026-09-25 10:51:52 ACTION triggers: process gone — RESTART CAP HIT (5/day), manual fix needed
2026-09-25 10:52:05 ACTION triggers: process gone — RESTART CAP HIT (5/day), manual fix needed
2026-09-25 10:52:18 ACTION triggers: process gone — RESTART CAP HIT (5/day), manual fix needed
2026-09-25 10:52:31 ACTION triggers: process gone — RESTART CAP HIT (5/day), manual fix needed
2026-09-25 10:52:44 ACTION triggers: process gone — RESTART CAP HIT (5/day), manual fix needed
2026-09-25 10:52:56 ACTION triggers: process gone — RESTART CAP HIT (5/day), manual fix needed
2026-09-25 10:53:05 sim_daemon: process gone — task 'MyQuant Sim Daemon' Disabled; intentionally off, not restarting
2026-09-25 10:53:07 ACTION triggers: process gone — RESTART CAP HIT (5/day), manual fix needed
2026-09-25 10:53:10 ACTION triggers: process gone — RESTART CAP HIT (5/day), manual fix needed
2026-09-25 10:53:22 ACTION triggers: process gone — RESTART CAP HIT (5/day), manual fix needed
2026-09-25 10:53:35 ACTION triggers: process gone — RESTART CAP HIT (5/day), manual fix needed
2026-09-25 10:53:48 ACTION triggers: process gone — RESTART CAP HIT (5/day), manual fix needed
2026-09-25 10:54:01 ACTION triggers: process gone — RESTART CAP HIT (5/day), manual fix needed
2026-09-25 10:54:14 ACTION triggers: process gone — RESTART CAP HIT (5/day), manual fix needed
2026-09-25 10:54:27 ACTION triggers: process gone — RESTART CAP HIT (5/day), manual fix needed
2026-09-25 10:54:40 ACTION triggers: process gone — RESTART CAP HIT (5/day), manual fix needed
2026-09-25 10:54:53 ACTION triggers: process gone — RESTART CAP HIT (5/day), manual fix needed
2026-09-25 10:55:05 ACTION triggers: process gone — RESTART CAP HIT (5/day), manual fix needed
2026-09-25 10:55:19 ACTION triggers: process gone — RESTART CAP HIT (5/day), manual fix needed
2026-09-25 10:55:31 ACTION triggers: process gone — RESTART CAP HIT (5/day), manual fix needed
2026-09-25 10:55:44 ACTION triggers: process gone — RESTART CAP HIT (5/day), manual fix needed
2026-09-25 10:55:57 ACTION triggers: process gone — RESTART CAP HIT (5/day), manual fix needed
2026-09-25 10:56:10 ACTION triggers: process gone — RESTART CAP HIT (5/day), manual fix needed
2026-09-25 10:56:23 ACTION triggers: process gone — RESTART CAP HIT (5/day), manual fix needed
2026-09-25 10:56:35 ACTION triggers: process gone — RESTART CAP HIT (5/day), manual fix needed
2026-09-25 10:56:49 ACTION triggers: process gone — RESTART CAP HIT (5/day), manual fix needed
2026-09-25 10:57:01 ACTION triggers: process gone — RESTART CAP HIT (5/day), manual fix needed
2026-09-25 10:57:14 ACTION triggers: process gone — RESTART CAP HIT (5/day), manual fix needed
2026-09-25 10:57:27 ACTION triggers: process gone — RESTART CAP HIT (5/day), manual fix needed
2026-09-25 10:57:40 ACTION triggers: process gone — RESTART CAP HIT (5/day), manual fix needed
2026-09-25 10:57:53 ACTION triggers: process gone — RESTART CAP HIT (5/day), manual fix needed
2026-09-25 10:58:05 sim_daemon: process gone — task 'MyQuant Sim Daemon' Disabled; intentionally off, not restarting
2026-09-25 10:58:06 ACTION triggers: process gone — RESTART CAP HIT (5/day), manual fix needed
2026-09-25 10:58:07 ACTION triggers: process gone — RESTART CAP HIT (5/day), manual fix needed
2026-09-25 10:58:19 ACTION triggers: process gone — RESTART CAP HIT (5/day), manual fix needed
2026-09-25 10:58:32 ACTION triggers: process gone — RESTART CAP HIT (5/day), manual fix needed
2026-09-25 10:58:45 ACTION triggers: process gone — RESTART CAP HIT (5/day), manual fix needed
2026-09-25 10:58:58 ACTION triggers: process gone — RESTART CAP HIT (5/day), manual fix needed
2026-09-25 10:59:11 ACTION triggers: process gone — RESTART CAP HIT (5/day), manual fix needed
2026-09-25 10:59:23 ACTION triggers: process gone — RESTART CAP HIT (5/day), manual fix needed
2026-09-25 10:59:36 ACTION triggers: process gone — RESTART CAP HIT (5/day), manual fix needed
2026-09-25 10:59:49 ACTION triggers: process gone — RESTART CAP HIT (5/day), manual fix needed
2026-09-25 11:00:02 ACTION triggers: process gone — RESTART CAP HIT (5/day), manual fix needed
2026-09-25 11:00:15 ACTION triggers: process gone — RESTART CAP HIT (5/day), manual fix needed
2026-09-25 11:00:28 ACTION triggers: process gone — RESTART CAP HIT (5/day), manual fix needed
2026-09-25 11:00:41 ACTION triggers: process gone — RESTART CAP HIT (5/day), manual fix needed
2026-09-25 11:00:54 ACTION triggers: process gone — RESTART CAP HIT (5/day), manual fix needed
2026-09-25 11:01:07 ACTION triggers: process gone — RESTART CAP HIT (5/day), manual fix needed
2026-09-25 11:01:20 ACTION triggers: process gone — RESTART CAP HIT (5/day), manual fix needed
2026-09-25 11:01:32 ACTION triggers: process gone — RESTART CAP HIT (5/day), manual fix needed
2026-09-25 11:01:46 ACTION triggers: process gone — RESTART CAP HIT (5/day), manual fix needed
2026-09-25 11:01:58 ACTION triggers: process gone — RESTART CAP HIT (5/day), manual fix needed
2026-09-25 11:02:12 ACTION triggers: process gone — RESTART CAP HIT (5/day), manual fix needed
2026-09-25 11:02:24 ACTION triggers: process gone — RESTART CAP HIT (5/day), manual fix needed
2026-09-25 11:02:37 ACTION triggers: process gone — RESTART CAP HIT (5/day), manual fix needed
2026-09-25 11:02:50 ACTION triggers: process gone — RESTART CAP HIT (5/day), manual fix needed
2026-09-25 11:03:03 ACTION triggers: process gone — RESTART CAP HIT (5/day), manual fix needed
2026-09-25 11:03:05 sim_daemon: process gone — task 'MyQuant Sim Daemon' Disabled; intentionally off, not restarting
2026-09-25 11:03:07 ACTION triggers: process gone — RESTART CAP HIT (5/day), manual fix needed
2026-09-25 11:03:16 ACTION triggers: process gone — RESTART CAP HIT (5/day), manual fix needed
2026-09-25 11:03:29 ACTION triggers: process gone — RESTART CAP HIT (5/day), manual fix needed
2026-09-25 11:03:41 ACTION triggers: process gone — RESTART CAP HIT (5/day), manual fix needed
2026-09-25 11:03:55 ACTION triggers: process gone — RESTART CAP HIT (5/day), manual fix needed
2026-09-25 11:04:07 ACTION triggers: process gone — RESTART CAP HIT (5/day), manual fix needed
2026-09-25 11:04:20 ACTION triggers: process gone — RESTART CAP HIT (5/day), manual fix needed
2026-09-25 11:04:33 ACTION triggers: process gone — RESTART CAP HIT (5/day), manual fix needed
2026-09-25 11:04:46 ACTION triggers: process gone — RESTART CAP HIT (5/day), manual fix needed
2026-09-25 11:04:59 ACTION triggers: process gone — RESTART CAP HIT (5/day), manual fix needed
2026-09-25 11:05:12 ACTION triggers: process gone — RESTART CAP HIT (5/day), manual fix needed
2026-09-25 11:05:25 ACTION triggers: process gone — RESTART CAP HIT (5/day), manual fix needed
2026-09-25 11:05:38 ACTION triggers: process gone — RESTART CAP HIT (5/day), manual fix needed
2026-09-25 11:05:50 ACTION triggers: process gone — RESTART CAP HIT (5/day), manual fix needed
2026-09-25 11:06:03 ACTION triggers: process gone — RESTART CAP HIT (5/day), manual fix needed
2026-09-25 11:06:16 ACTION triggers: process gone — RESTART CAP HIT (5/day), manual fix needed
2026-09-25 11:06:29 ACTION triggers: process gone — RESTART CAP HIT (5/day), manual fix needed
2026-09-25 11:06:42 ACTION triggers: process gone — RESTART CAP HIT (5/day), manual fix needed
2026-09-25 11:06:54 ACTION triggers: process gone — RESTART CAP HIT (5/day), manual fix needed
2026-09-25 11:07:08 ACTION triggers: process gone — RESTART CAP HIT (5/day), manual fix needed
2026-09-25 11:07:20 ACTION triggers: process gone — RESTART CAP HIT (5/day), manual fix needed
2026-09-25 11:07:34 ACTION triggers: process gone — RESTART CAP HIT (5/day), manual fix needed
2026-09-25 11:07:46 ACTION triggers: process gone — RESTART CAP HIT (5/day), manual fix needed
2026-09-25 11:07:59 ACTION triggers: process gone — RESTART CAP HIT (5/day), manual fix needed
2026-09-25 11:08:05 sim_daemon: process gone — task 'MyQuant Sim Daemon' Disabled; intentionally off, not restarting
2026-09-25 11:08:07 ACTION triggers: process gone — RESTART CAP HIT (5/day), manual fix needed
2026-09-25 11:08:12 ACTION triggers: process gone — RESTART CAP HIT (5/day), manual fix needed
2026-09-25 11:08:25 ACTION triggers: process gone — RESTART CAP HIT (5/day), manual fix needed
2026-09-25 11:08:38 ACTION triggers: process gone — RESTART CAP HIT (5/day), manual fix needed
2026-09-25 11:08:51 ACTION triggers: process gone — RESTART CAP HIT (5/day), manual fix needed
2026-09-25 11:09:03 ACTION triggers: process gone — RESTART CAP HIT (5/day), manual fix needed
2026-09-25 11:09:17 ACTION triggers: process gone — RESTART CAP HIT (5/day), manual fix needed
2026-09-25 11:09:29 ACTION triggers: process gone — RESTART CAP HIT (5/day), manual fix needed
2026-09-25 11:09:42 ACTION triggers: process gone — RESTART CAP HIT (5/day), manual fix needed
2026-09-25 11:09:55 ACTION triggers: process gone — RESTART CAP HIT (5/day), manual fix needed
2026-09-25 11:10:08 ACTION triggers: process gone — RESTART CAP HIT (5/day), manual fix needed
2026-09-25 11:10:21 ACTION triggers: process gone — RESTART CAP HIT (5/day), manual fix needed
2026-09-25 11:10:34 ACTION triggers: process gone — RESTART CAP HIT (5/day), manual fix needed
2026-09-25 11:10:47 ACTION triggers: process gone — RESTART CAP HIT (5/day), manual fix needed
2026-09-25 11:11:00 ACTION triggers: process gone — RESTART CAP HIT (5/day), manual fix needed
2026-09-25 11:11:12 ACTION triggers: process gone — RESTART CAP HIT (5/day), manual fix needed
2026-09-25 11:11:25 ACTION triggers: process gone — RESTART CAP HIT (5/day), manual fix needed
2026-09-25 11:11:38 ACTION triggers: process gone — RESTART CAP HIT (5/day), manual fix needed
2026-09-25 11:11:51 ACTION triggers: process gone — RESTART CAP HIT (5/day), manual fix needed
2026-09-25 11:12:04 ACTION triggers: process gone — RESTART CAP HIT (5/day), manual fix needed
2026-09-25 11:12:17 ACTION triggers: process gone — RESTART CAP HIT (5/day), manual fix needed
2026-09-25 11:12:30 ACTION triggers: process gone — RESTART CAP HIT (5/day), manual fix needed
2026-09-25 11:12:43 ACTION triggers: process gone — RESTART CAP HIT (5/day), manual fix needed
2026-09-25 11:12:56 ACTION triggers: process gone — RESTART CAP HIT (5/day), manual fix needed
2026-09-25 11:13:05 sim_daemon: process gone — task 'MyQuant Sim Daemon' Disabled; intentionally off, not restarting
2026-09-25 11:13:07 ACTION triggers: process gone — RESTART CAP HIT (5/day), manual fix needed
2026-09-25 11:13:08 ACTION triggers: process gone — RESTART CAP HIT (5/day), manual fix needed
2026-09-25 11:13:21 ACTION triggers: process gone — RESTART CAP HIT (5/day), manual fix needed
2026-09-25 11:13:34 ACTION triggers: process gone — RESTART CAP HIT (5/day), manual fix needed
2026-09-25 11:13:47 ACTION triggers: process gone — RESTART CAP HIT (5/day), manual fix needed
2026-09-25 11:14:00 ACTION triggers: process gone — RESTART CAP HIT (5/day), manual fix needed
2026-09-25 11:14:13 ACTION triggers: process gone — RESTART CAP HIT (5/day), manual fix needed
2026-09-25 11:14:26 ACTION triggers: process gone — RESTART CAP HIT (5/day), manual fix needed
2026-09-25 11:14:39 ACTION triggers: process gone — RESTART CAP HIT (5/day), manual fix needed
2026-09-25 11:14:52 ACTION triggers: process gone — RESTART CAP HIT (5/day), manual fix needed
2026-09-25 11:15:05 ACTION triggers: process gone — RESTART CAP HIT (5/day), manual fix needed
2026-09-25 11:15:18 ACTION triggers: process gone — RESTART CAP HIT (5/day), manual fix needed
2026-09-25 11:15:31 ACTION triggers: process gone — RESTART CAP HIT (5/day), manual fix needed
2026-09-25 11:15:44 ACTION triggers: process gone — RESTART CAP HIT (5/day), manual fix needed
2026-09-25 11:15:57 ACTION triggers: process gone — RESTART CAP HIT (5/day), manual fix needed
2026-09-25 11:16:10 ACTION triggers: process gone — RESTART CAP HIT (5/day), manual fix needed
2026-09-25 11:16:23 ACTION triggers: process gone — RESTART CAP HIT (5/day), manual fix needed
2026-09-25 11:16:36 ACTION triggers: process gone — RESTART CAP HIT (5/day), manual fix needed
2026-09-25 11:16:49 ACTION triggers: process gone — RESTART CAP HIT (5/day), manual fix needed
2026-09-25 11:17:02 ACTION triggers: process gone — RESTART CAP HIT (5/day), manual fix needed
2026-09-25 11:17:15 ACTION triggers: process gone — RESTART CAP HIT (5/day), manual fix needed
2026-09-25 11:17:28 ACTION triggers: process gone — RESTART CAP HIT (5/day), manual fix needed
2026-09-25 11:17:40 ACTION triggers: process gone — RESTART CAP HIT (5/day), manual fix needed
2026-09-25 11:17:54 ACTION triggers: process gone — RESTART CAP HIT (5/day), manual fix needed
2026-09-25 11:18:05 sim_daemon: process gone — task 'MyQuant Sim Daemon' Disabled; intentionally off, not restarting
2026-09-25 11:18:06 ACTION triggers: process gone — RESTART CAP HIT (5/day), manual fix needed
2026-09-25 11:18:07 ACTION triggers: process gone — RESTART CAP HIT (5/day), manual fix needed
2026-09-25 11:18:20 ACTION triggers: process gone — RESTART CAP HIT (5/day), manual fix needed
2026-09-25 11:18:32 ACTION triggers: process gone — RESTART CAP HIT (5/day), manual fix needed
2026-09-25 11:18:45 ACTION triggers: process gone — RESTART CAP HIT (5/day), manual fix needed
2026-09-25 11:18:58 ACTION triggers: process gone — RESTART CAP HIT (5/day), manual fix needed
2026-09-25 11:19:11 ACTION triggers: process gone — RESTART CAP HIT (5/day), manual fix needed
2026-09-25 11:19:24 ACTION triggers: process gone — RESTART CAP HIT (5/day), manual fix needed
2026-09-25 11:19:37 ACTION triggers: process gone — RESTART CAP HIT (5/day), manual fix needed
2026-09-25 11:19:50 ACTION triggers: process gone — RESTART CAP HIT (5/day), manual fix needed
2026-09-25 11:20:03 ACTION triggers: process gone — RESTART CAP HIT (5/day), manual fix needed
2026-09-25 11:20:16 ACTION triggers: process gone — RESTART CAP HIT (5/day), manual fix needed
2026-09-25 11:20:29 ACTION triggers: process gone — RESTART CAP HIT (5/day), manual fix needed
2026-09-25 11:20:42 ACTION triggers: process gone — RESTART CAP HIT (5/day), manual fix needed
2026-09-25 11:20:55 ACTION triggers: process gone — RESTART CAP HIT (5/day), manual fix needed
2026-09-25 11:21:08 ACTION triggers: process gone — RESTART CAP HIT (5/day), manual fix needed
2026-09-25 11:21:20 ACTION triggers: process gone — RESTART CAP HIT (5/day), manual fix needed
2026-09-25 11:21:34 ACTION triggers: process gone — RESTART CAP HIT (5/day), manual fix needed
2026-09-25 11:21:46 ACTION triggers: process gone — RESTART CAP HIT (5/day), manual fix needed
2026-09-25 11:21:59 ACTION triggers: process gone — RESTART CAP HIT (5/day), manual fix needed
2026-09-25 11:22:12 ACTION triggers: process gone — RESTART CAP HIT (5/day), manual fix needed
2026-09-25 11:22:25 ACTION triggers: process gone — RESTART CAP HIT (5/day), manual fix needed
2026-09-25 11:22:38 ACTION triggers: process gone — RESTART CAP HIT (5/day), manual fix needed
2026-09-25 11:22:51 ACTION triggers: process gone — RESTART CAP HIT (5/day), manual fix needed
2026-09-25 11:23:04 ACTION triggers: process gone — RESTART CAP HIT (5/day), manual fix needed
2026-09-25 11:23:06 sim_daemon: process gone — task 'MyQuant Sim Daemon' Disabled; intentionally off, not restarting
2026-09-25 11:23:08 ACTION triggers: process gone — RESTART CAP HIT (5/day), manual fix needed
2026-09-25 11:23:17 ACTION triggers: process gone — RESTART CAP HIT (5/day), manual fix needed
2026-09-25 11:23:30 ACTION triggers: process gone — RESTART CAP HIT (5/day), manual fix needed
2026-09-25 11:23:43 ACTION triggers: process gone — RESTART CAP HIT (5/day), manual fix needed
2026-09-25 11:23:56 ACTION triggers: process gone — RESTART CAP HIT (5/day), manual fix needed
2026-09-25 11:24:09 ACTION triggers: process gone — RESTART CAP HIT (5/day), manual fix needed
2026-09-25 11:24:22 ACTION triggers: process gone — RESTART CAP HIT (5/day), manual fix needed
2026-09-25 11:24:35 ACTION triggers: process gone — RESTART CAP HIT (5/day), manual fix needed
2026-09-25 11:24:48 ACTION triggers: process gone — RESTART CAP HIT (5/day), manual fix needed
2026-09-25 11:25:00 ACTION triggers: process gone — RESTART CAP HIT (5/day), manual fix needed
2026-09-25 11:25:13 ACTION triggers: process gone — RESTART CAP HIT (5/day), manual fix needed
2026-09-25 11:25:26 ACTION triggers: process gone — RESTART CAP HIT (5/day), manual fix needed
2026-09-25 11:25:39 ACTION triggers: process gone — RESTART CAP HIT (5/day), manual fix needed
2026-09-25 11:25:52 ACTION triggers: process gone — RESTART CAP HIT (5/day), manual fix needed
2026-09-25 11:26:05 ACTION triggers: process gone — RESTART CAP HIT (5/day), manual fix needed
2026-09-25 11:26:17 ACTION triggers: process gone — RESTART CAP HIT (5/day), manual fix needed
2026-09-25 11:26:31 ACTION triggers: process gone — RESTART CAP HIT (5/day), manual fix needed
2026-09-25 11:26:43 ACTION triggers: process gone — RESTART CAP HIT (5/day), manual fix needed
2026-09-25 11:26:56 ACTION triggers: process gone — RESTART CAP HIT (5/day), manual fix needed
2026-09-25 11:27:09 ACTION triggers: process gone — RESTART CAP HIT (5/day), manual fix needed
2026-09-25 11:27:22 ACTION triggers: process gone — RESTART CAP HIT (5/day), manual fix needed
2026-09-25 11:27:35 ACTION triggers: process gone — RESTART CAP HIT (5/day), manual fix needed
2026-09-25 11:27:48 ACTION triggers: process gone — RESTART CAP HIT (5/day), manual fix needed
2026-09-25 11:28:01 ACTION triggers: process gone — RESTART CAP HIT (5/day), manual fix needed
2026-09-25 11:28:05 sim_daemon: process gone — task 'MyQuant Sim Daemon' Disabled; intentionally off, not restarting
2026-09-25 11:28:07 ACTION triggers: process gone — RESTART CAP HIT (5/day), manual fix needed
2026-09-25 11:28:13 ACTION triggers: process gone — RESTART CAP HIT (5/day), manual fix needed
2026-09-25 11:28:26 ACTION triggers: process gone — RESTART CAP HIT (5/day), manual fix needed
2026-09-25 11:28:39 ACTION triggers: process gone — RESTART CAP HIT (5/day), manual fix needed
2026-09-25 11:28:52 ACTION triggers: process gone — RESTART CAP HIT (5/day), manual fix needed
2026-09-25 11:29:05 ACTION triggers: process gone — RESTART CAP HIT (5/day), manual fix needed
2026-09-25 11:29:18 ACTION triggers: process gone — RESTART CAP HIT (5/day), manual fix needed
2026-09-25 11:29:31 ACTION triggers: process gone — RESTART CAP HIT (5/day), manual fix needed
2026-09-25 11:29:44 ACTION triggers: process gone — RESTART CAP HIT (5/day), manual fix needed
2026-09-25 11:29:57 ACTION triggers: process gone — RESTART CAP HIT (5/day), manual fix needed
2026-09-25 11:30:10 ACTION triggers: process gone — RESTART CAP HIT (5/day), manual fix needed
2026-09-25 11:30:22 ACTION triggers: process gone — RESTART CAP HIT (5/day), manual fix needed
2026-09-25 11:30:35 ACTION triggers: process gone — RESTART CAP HIT (5/day), manual fix needed
2026-09-25 11:30:48 ACTION triggers: process gone — RESTART CAP HIT (5/day), manual fix needed
2026-09-25 11:31:01 ACTION triggers: process gone — RESTART CAP HIT (5/day), manual fix needed
2026-09-25 11:31:14 ACTION triggers: process gone — RESTART CAP HIT (5/day), manual fix needed
2026-09-25 11:31:27 ACTION triggers: process gone — RESTART CAP HIT (5/day), manual fix needed
2026-09-25 11:31:39 ACTION triggers: process gone — RESTART CAP HIT (5/day), manual fix needed
2026-09-25 11:31:53 ACTION triggers: process gone — RESTART CAP HIT (5/day), manual fix needed
2026-09-25 11:32:05 ACTION triggers: process gone — RESTART CAP HIT (5/day), manual fix needed
2026-09-25 11:32:18 ACTION triggers: process gone — RESTART CAP HIT (5/day), manual fix needed
2026-09-25 11:32:31 ACTION triggers: process gone — RESTART CAP HIT (5/day), manual fix needed
2026-09-25 11:32:44 ACTION triggers: process gone — RESTART CAP HIT (5/day), manual fix needed
2026-09-25 11:32:57 ACTION triggers: process gone — RESTART CAP HIT (5/day), manual fix needed
2026-09-25 11:33:05 sim_daemon: process gone — task 'MyQuant Sim Daemon' Disabled; intentionally off, not restarting
2026-09-25 11:33:07 ACTION triggers: process gone — RESTART CAP HIT (5/day), manual fix needed
2026-09-25 11:33:10 ACTION triggers: process gone — RESTART CAP HIT (5/day), manual fix needed
2026-09-25 11:33:23 ACTION triggers: process gone — RESTART CAP HIT (5/day), manual fix needed
2026-09-25 11:33:35 ACTION triggers: process gone — RESTART CAP HIT (5/day), manual fix needed
2026-09-25 11:33:48 ACTION triggers: process gone — RESTART CAP HIT (5/day), manual fix needed
2026-09-25 11:34:01 ACTION triggers: process gone — RESTART CAP HIT (5/day), manual fix needed
2026-09-25 11:34:14 ACTION triggers: process gone — RESTART CAP HIT (5/day), manual fix needed
2026-09-25 11:34:27 ACTION triggers: process gone — RESTART CAP HIT (5/day), manual fix needed
2026-09-25 11:34:40 ACTION triggers: process gone — RESTART CAP HIT (5/day), manual fix needed
2026-09-25 11:34:52 ACTION triggers: process gone — RESTART CAP HIT (5/day), manual fix needed
2026-09-25 11:35:06 ACTION triggers: process gone — RESTART CAP HIT (5/day), manual fix needed
2026-09-25 11:35:19 ACTION triggers: process gone — RESTART CAP HIT (5/day), manual fix needed
2026-09-25 11:35:32 ACTION triggers: process gone — RESTART CAP HIT (5/day), manual fix needed
2026-09-25 11:35:44 ACTION triggers: process gone — RESTART CAP HIT (5/day), manual fix needed
2026-09-25 11:35:57 ACTION triggers: process gone — RESTART CAP HIT (5/day), manual fix needed
2026-09-25 11:36:10 ACTION triggers: process gone — RESTART CAP HIT (5/day), manual fix needed
2026-09-25 11:36:23 ACTION triggers: process gone — RESTART CAP HIT (5/day), manual fix needed
2026-09-25 11:36:36 ACTION triggers: process gone — RESTART CAP HIT (5/day), manual fix needed
2026-09-25 11:36:49 ACTION triggers: process gone — RESTART CAP HIT (5/day), manual fix needed
2026-09-25 11:37:02 ACTION triggers: process gone — RESTART CAP HIT (5/day), manual fix needed
2026-09-25 11:37:15 ACTION triggers: process gone — RESTART CAP HIT (5/day), manual fix needed
2026-09-25 11:37:27 ACTION triggers: process gone — RESTART CAP HIT (5/day), manual fix needed
2026-09-25 11:37:40 ACTION triggers: process gone — RESTART CAP HIT (5/day), manual fix needed
2026-09-25 11:37:53 ACTION triggers: process gone — RESTART CAP HIT (5/day), manual fix needed
2026-09-25 11:38:05 sim_daemon: process gone — task 'MyQuant Sim Daemon' Disabled; intentionally off, not restarting
2026-09-25 11:38:06 ACTION triggers: process gone — RESTART CAP HIT (5/day), manual fix needed
2026-09-25 11:38:07 ACTION triggers: process gone — RESTART CAP HIT (5/day), manual fix needed
2026-09-25 11:38:19 ACTION triggers: process gone — RESTART CAP HIT (5/day), manual fix needed
2026-09-25 11:38:32 ACTION triggers: process gone — RESTART CAP HIT (5/day), manual fix needed
2026-09-25 11:38:45 ACTION triggers: process gone — RESTART CAP HIT (5/day), manual fix needed
2026-09-25 11:38:58 ACTION triggers: process gone — RESTART CAP HIT (5/day), manual fix needed
2026-09-25 11:39:10 ACTION triggers: process gone — RESTART CAP HIT (5/day), manual fix needed
2026-09-25 11:39:24 ACTION triggers: process gone — RESTART CAP HIT (5/day), manual fix needed
2026-09-25 11:39:36 ACTION triggers: process gone — RESTART CAP HIT (5/day), manual fix needed
2026-09-25 11:39:49 ACTION triggers: process gone — RESTART CAP HIT (5/day), manual fix needed
2026-09-25 11:40:02 ACTION triggers: process gone — RESTART CAP HIT (5/day), manual fix needed
2026-09-25 11:40:15 ACTION triggers: process gone — RESTART CAP HIT (5/day), manual fix needed
2026-09-25 11:40:28 ACTION triggers: process gone — RESTART CAP HIT (5/day), manual fix needed
2026-09-25 11:40:41 ACTION triggers: process gone — RESTART CAP HIT (5/day), manual fix needed
2026-09-25 11:40:54 ACTION triggers: process gone — RESTART CAP HIT (5/day), manual fix needed
2026-09-25 11:41:06 ACTION triggers: process gone — RESTART CAP HIT (5/day), manual fix needed
2026-09-25 11:41:19 ACTION triggers: process gone — RESTART CAP HIT (5/day), manual fix needed
2026-09-25 11:41:32 ACTION triggers: process gone — RESTART CAP HIT (5/day), manual fix needed
2026-09-25 11:41:45 ACTION triggers: process gone — RESTART CAP HIT (5/day), manual fix needed
2026-09-25 11:41:58 ACTION triggers: process gone — RESTART CAP HIT (5/day), manual fix needed
2026-09-25 11:42:11 ACTION triggers: process gone — RESTART CAP HIT (5/day), manual fix needed
2026-09-25 11:42:24 ACTION triggers: process gone — RESTART CAP HIT (5/day), manual fix needed
2026-09-25 11:42:37 ACTION triggers: process gone — RESTART CAP HIT (5/day), manual fix needed
2026-09-25 11:42:49 ACTION triggers: process gone — RESTART CAP HIT (5/day), manual fix needed
2026-09-25 11:43:03 ACTION triggers: process gone — RESTART CAP HIT (5/day), manual fix needed
2026-09-25 11:43:05 sim_daemon: process gone — task 'MyQuant Sim Daemon' Disabled; intentionally off, not restarting
2026-09-25 11:43:07 ACTION triggers: process gone — RESTART CAP HIT (5/day), manual fix needed
2026-09-25 11:43:15 ACTION triggers: process gone — RESTART CAP HIT (5/day), manual fix needed
2026-09-25 11:43:28 ACTION triggers: process gone — RESTART CAP HIT (5/day), manual fix needed
2026-09-25 11:43:41 ACTION triggers: process gone — RESTART CAP HIT (5/day), manual fix needed
2026-09-25 11:43:54 ACTION triggers: process gone — RESTART CAP HIT (5/day), manual fix needed
2026-09-25 11:44:07 ACTION triggers: process gone — RESTART CAP HIT (5/day), manual fix needed
2026-09-25 11:44:20 ACTION triggers: process gone — RESTART CAP HIT (5/day), manual fix needed
2026-09-25 11:44:32 ACTION triggers: process gone — RESTART CAP HIT (5/day), manual fix needed
2026-09-25 11:44:45 ACTION triggers: process gone — RESTART CAP HIT (5/day), manual fix needed
2026-09-25 11:44:58 ACTION triggers: process gone — RESTART CAP HIT (5/day), manual fix needed
2026-09-25 11:45:11 ACTION triggers: process gone — RESTART CAP HIT (5/day), manual fix needed
2026-09-25 11:45:24 ACTION triggers: process gone — RESTART CAP HIT (5/day), manual fix needed
2026-09-25 11:45:37 ACTION triggers: process gone — RESTART CAP HIT (5/day), manual fix needed
2026-09-25 11:45:50 ACTION triggers: process gone — RESTART CAP HIT (5/day), manual fix needed
2026-09-25 11:46:03 ACTION triggers: process gone — RESTART CAP HIT (5/day), manual fix needed
2026-09-25 11:46:16 ACTION triggers: process gone — RESTART CAP HIT (5/day), manual fix needed
2026-09-25 11:46:29 ACTION triggers: process gone — RESTART CAP HIT (5/day), manual fix needed
2026-09-25 11:46:41 ACTION triggers: process gone — RESTART CAP HIT (5/day), manual fix needed
2026-09-25 11:46:54 ACTION triggers: process gone — RESTART CAP HIT (5/day), manual fix needed
2026-09-25 11:47:07 ACTION triggers: process gone — RESTART CAP HIT (5/day), manual fix needed
2026-09-25 11:47:20 ACTION triggers: process gone — RESTART CAP HIT (5/day), manual fix needed
2026-09-25 11:47:33 ACTION triggers: process gone — RESTART CAP HIT (5/day), manual fix needed
2026-09-25 11:47:46 ACTION triggers: process gone — RESTART CAP HIT (5/day), manual fix needed
2026-09-25 11:47:59 ACTION triggers: process gone — RESTART CAP HIT (5/day), manual fix needed
2026-09-25 11:48:05 sim_daemon: process gone — task 'MyQuant Sim Daemon' Disabled; intentionally off, not restarting
2026-09-25 11:48:07 ACTION triggers: process gone — RESTART CAP HIT (5/day), manual fix needed
2026-09-25 11:48:11 ACTION triggers: process gone — RESTART CAP HIT (5/day), manual fix needed
2026-09-25 11:48:25 ACTION triggers: process gone — RESTART CAP HIT (5/day), manual fix needed
2026-09-25 11:48:37 ACTION triggers: process gone — RESTART CAP HIT (5/day), manual fix needed
2026-09-25 11:48:50 ACTION triggers: process gone — RESTART CAP HIT (5/day), manual fix needed
2026-09-25 11:49:03 ACTION triggers: process gone — RESTART CAP HIT (5/day), manual fix needed
2026-09-25 11:49:16 ACTION triggers: process gone — RESTART CAP HIT (5/day), manual fix needed
2026-09-25 11:49:29 ACTION triggers: process gone — RESTART CAP HIT (5/day), manual fix needed
2026-09-25 11:49:42 ACTION triggers: process gone — RESTART CAP HIT (5/day), manual fix needed
2026-09-25 11:49:54 ACTION triggers: process gone — RESTART CAP HIT (5/day), manual fix needed
2026-09-25 11:50:08 ACTION triggers: process gone — RESTART CAP HIT (5/day), manual fix needed
2026-09-25 11:50:20 ACTION triggers: process gone — RESTART CAP HIT (5/day), manual fix needed
2026-09-25 11:50:34 ACTION triggers: process gone — RESTART CAP HIT (5/day), manual fix needed
2026-09-25 11:50:46 ACTION triggers: process gone — RESTART CAP HIT (5/day), manual fix needed
2026-09-25 11:50:59 ACTION triggers: process gone — RESTART CAP HIT (5/day), manual fix needed
2026-09-25 11:51:12 ACTION triggers: process gone — RESTART CAP HIT (5/day), manual fix needed
2026-09-25 11:51:25 ACTION triggers: process gone — RESTART CAP HIT (5/day), manual fix needed
2026-09-25 11:51:38 ACTION triggers: process gone — RESTART CAP HIT (5/day), manual fix needed
2026-09-25 11:51:50 ACTION triggers: process gone — RESTART CAP HIT (5/day), manual fix needed
2026-09-25 11:52:03 ACTION triggers: process gone — RESTART CAP HIT (5/day), manual fix needed
2026-09-25 11:52:16 ACTION triggers: process gone — RESTART CAP HIT (5/day), manual fix needed
2026-09-25 11:52:29 ACTION triggers: process gone — RESTART CAP HIT (5/day), manual fix needed
2026-09-25 11:52:42 ACTION triggers: process gone — RESTART CAP HIT (5/day), manual fix needed
2026-09-25 11:52:55 ACTION triggers: process gone — RESTART CAP HIT (5/day), manual fix needed
2026-09-25 11:53:05 sim_daemon: process gone — task 'MyQuant Sim Daemon' Disabled; intentionally off, not restarting
2026-09-25 11:53:07 ACTION triggers: process gone — RESTART CAP HIT (5/day), manual fix needed
2026-09-25 11:53:08 ACTION triggers: process gone — RESTART CAP HIT (5/day), manual fix needed
2026-09-25 11:53:21 ACTION triggers: process gone — RESTART CAP HIT (5/day), manual fix needed
2026-09-25 11:53:34 ACTION triggers: process gone — RESTART CAP HIT (5/day), manual fix needed
2026-09-25 11:53:47 ACTION triggers: process gone — RESTART CAP HIT (5/day), manual fix needed
2026-09-25 11:54:00 ACTION triggers: process gone — RESTART CAP HIT (5/day), manual fix needed
2026-09-25 11:54:12 ACTION triggers: process gone — RESTART CAP HIT (5/day), manual fix needed
2026-09-25 11:54:25 ACTION triggers: process gone — RESTART CAP HIT (5/day), manual fix needed
2026-09-25 11:54:38 ACTION triggers: process gone — RESTART CAP HIT (5/day), manual fix needed
2026-09-25 11:54:51 ACTION triggers: process gone — RESTART CAP HIT (5/day), manual fix needed
2026-09-25 11:55:04 ACTION triggers: process gone — RESTART CAP HIT (5/day), manual fix needed
2026-09-25 11:55:17 ACTION triggers: process gone — RESTART CAP HIT (5/day), manual fix needed
2026-09-25 11:55:30 ACTION triggers: process gone — RESTART CAP HIT (5/day), manual fix needed
2026-09-25 11:55:43 ACTION triggers: process gone — RESTART CAP HIT (5/day), manual fix needed
2026-09-25 11:55:56 ACTION triggers: process gone — RESTART CAP HIT (5/day), manual fix needed
2026-09-25 11:56:09 ACTION triggers: process gone — RESTART CAP HIT (5/day), manual fix needed
2026-09-25 11:56:21 ACTION triggers: process gone — RESTART CAP HIT (5/day), manual fix needed
2026-09-25 11:56:34 ACTION triggers: process gone — RESTART CAP HIT (5/day), manual fix needed
2026-09-25 11:56:47 ACTION triggers: process gone — RESTART CAP HIT (5/day), manual fix needed
2026-09-25 11:57:00 ACTION triggers: process gone — RESTART CAP HIT (5/day), manual fix needed
2026-09-25 11:57:13 ACTION triggers: process gone — RESTART CAP HIT (5/day), manual fix needed
2026-09-25 11:57:26 ACTION triggers: process gone — RESTART CAP HIT (5/day), manual fix needed
2026-09-25 11:57:39 ACTION triggers: process gone — RESTART CAP HIT (5/day), manual fix needed
2026-09-25 11:57:51 ACTION triggers: process gone — RESTART CAP HIT (5/day), manual fix needed
2026-09-25 11:58:05 ACTION triggers: process gone — RESTART CAP HIT (5/day), manual fix needed
2026-09-25 11:58:05 sim_daemon: process gone — task 'MyQuant Sim Daemon' Disabled; intentionally off, not restarting
2026-09-25 11:58:07 ACTION triggers: process gone — RESTART CAP HIT (5/day), manual fix needed
2026-09-25 11:58:17 ACTION triggers: process gone — RESTART CAP HIT (5/day), manual fix needed
2026-09-25 11:58:30 ACTION triggers: process gone — RESTART CAP HIT (5/day), manual fix needed
2026-09-25 11:58:43 ACTION triggers: process gone — RESTART CAP HIT (5/day), manual fix needed
2026-09-25 11:58:56 ACTION triggers: process gone — RESTART CAP HIT (5/day), manual fix needed
2026-09-25 11:59:09 ACTION triggers: process gone — RESTART CAP HIT (5/day), manual fix needed
2026-09-25 11:59:22 ACTION triggers: process gone — RESTART CAP HIT (5/day), manual fix needed
2026-09-25 11:59:34 ACTION triggers: process gone — RESTART CAP HIT (5/day), manual fix needed
2026-09-25 11:59:48 ACTION triggers: process gone — RESTART CAP HIT (5/day), manual fix needed
2026-09-25 12:00:00 ACTION triggers: process gone — RESTART CAP HIT (5/day), manual fix needed
2026-09-25 12:00:13 ACTION triggers: process gone — RESTART CAP HIT (5/day), manual fix needed
2026-09-25 12:00:26 ACTION triggers: process gone — RESTART CAP HIT (5/day), manual fix needed
2026-09-25 12:00:39 ACTION triggers: process gone — RESTART CAP HIT (5/day), manual fix needed
2026-09-25 12:00:52 ACTION triggers: process gone — RESTART CAP HIT (5/day), manual fix needed
2026-09-25 12:01:05 ACTION triggers: process gone — RESTART CAP HIT (5/day), manual fix needed
2026-09-25 12:01:18 ACTION triggers: process gone — RESTART CAP HIT (5/day), manual fix needed
2026-09-25 12:01:31 ACTION triggers: process gone — RESTART CAP HIT (5/day), manual fix needed
2026-09-25 12:01:44 ACTION triggers: process gone — RESTART CAP HIT (5/day), manual fix needed
2026-09-25 12:01:57 ACTION triggers: process gone — RESTART CAP HIT (5/day), manual fix needed
2026-09-25 12:02:09 ACTION triggers: process gone — RESTART CAP HIT (5/day), manual fix needed
2026-09-25 12:02:23 ACTION triggers: process gone — RESTART CAP HIT (5/day), manual fix needed
2026-09-25 12:02:35 ACTION triggers: process gone — RESTART CAP HIT (5/day), manual fix needed
2026-09-25 12:02:48 ACTION triggers: process gone — RESTART CAP HIT (5/day), manual fix needed
2026-09-25 12:03:01 ACTION triggers: process gone — RESTART CAP HIT (5/day), manual fix needed
2026-09-25 12:03:05 sim_daemon: process gone — task 'MyQuant Sim Daemon' Disabled; intentionally off, not restarting
2026-09-25 12:03:08 ACTION triggers: process gone — RESTART CAP HIT (5/day), manual fix needed
2026-09-25 12:03:14 ACTION triggers: process gone — RESTART CAP HIT (5/day), manual fix needed
2026-09-25 12:03:27 ACTION triggers: process gone — RESTART CAP HIT (5/day), manual fix needed
2026-09-25 12:03:40 ACTION triggers: process gone — RESTART CAP HIT (5/day), manual fix needed
2026-09-25 12:03:53 ACTION triggers: process gone — RESTART CAP HIT (5/day), manual fix needed
2026-09-25 12:04:08 ACTION triggers: process gone — RESTART CAP HIT (5/day), manual fix needed
2026-09-25 12:04:21 ACTION triggers: process gone — RESTART CAP HIT (5/day), manual fix needed
2026-09-25 12:04:34 ACTION triggers: process gone — RESTART CAP HIT (5/day), manual fix needed
2026-09-25 12:04:47 ACTION triggers: process gone — RESTART CAP HIT (5/day), manual fix needed
2026-09-25 12:05:00 ACTION triggers: process gone — RESTART CAP HIT (5/day), manual fix needed
2026-09-25 12:05:14 ACTION triggers: process gone — RESTART CAP HIT (5/day), manual fix needed
2026-09-25 12:05:26 ACTION triggers: process gone — RESTART CAP HIT (5/day), manual fix needed
2026-09-25 12:05:40 ACTION triggers: process gone — RESTART CAP HIT (5/day), manual fix needed
2026-09-25 12:05:52 ACTION triggers: process gone — RESTART CAP HIT (5/day), manual fix needed
2026-09-25 12:06:05 ACTION triggers: process gone — RESTART CAP HIT (5/day), manual fix needed
2026-09-25 12:06:18 ACTION triggers: process gone — RESTART CAP HIT (5/day), manual fix needed
2026-09-25 12:06:31 ACTION triggers: process gone — RESTART CAP HIT (5/day), manual fix needed
2026-09-25 12:06:44 ACTION triggers: process gone — RESTART CAP HIT (5/day), manual fix needed
2026-09-25 12:06:57 ACTION triggers: process gone — RESTART CAP HIT (5/day), manual fix needed
2026-09-25 12:07:09 ACTION triggers: process gone — RESTART CAP HIT (5/day), manual fix needed
2026-09-25 12:07:22 ACTION triggers: process gone — RESTART CAP HIT (5/day), manual fix needed
2026-09-25 12:07:35 ACTION triggers: process gone — RESTART CAP HIT (5/day), manual fix needed
2026-09-25 12:07:48 ACTION triggers: process gone — RESTART CAP HIT (5/day), manual fix needed
2026-09-25 12:08:01 ACTION triggers: process gone — RESTART CAP HIT (5/day), manual fix needed
2026-09-25 12:08:05 sim_daemon: process gone — task 'MyQuant Sim Daemon' Disabled; intentionally off, not restarting
2026-09-25 12:08:07 ACTION triggers: process gone — RESTART CAP HIT (5/day), manual fix needed
2026-09-25 12:08:14 ACTION triggers: process gone — RESTART CAP HIT (5/day), manual fix needed
2026-09-25 12:08:27 ACTION triggers: process gone — RESTART CAP HIT (5/day), manual fix needed
2026-09-25 12:08:40 ACTION triggers: process gone — RESTART CAP HIT (5/day), manual fix needed
2026-09-25 12:08:53 ACTION triggers: process gone — RESTART CAP HIT (5/day), manual fix needed
2026-09-25 12:09:06 ACTION triggers: process gone — RESTART CAP HIT (5/day), manual fix needed
2026-09-25 12:09:18 ACTION triggers: process gone — RESTART CAP HIT (5/day), manual fix needed
2026-09-25 12:09:32 ACTION triggers: process gone — RESTART CAP HIT (5/day), manual fix needed
2026-09-25 12:09:44 ACTION triggers: process gone — RESTART CAP HIT (5/day), manual fix needed
2026-09-25 12:09:58 ACTION triggers: process gone — RESTART CAP HIT (5/day), manual fix needed
2026-09-25 12:10:10 ACTION triggers: process gone — RESTART CAP HIT (5/day), manual fix needed
2026-09-25 12:10:23 ACTION triggers: process gone — RESTART CAP HIT (5/day), manual fix needed
2026-09-25 12:10:36 ACTION triggers: process gone — RESTART CAP HIT (5/day), manual fix needed
2026-09-25 12:10:49 ACTION triggers: process gone — RESTART CAP HIT (5/day), manual fix needed
2026-09-25 12:11:02 ACTION triggers: process gone — RESTART CAP HIT (5/day), manual fix needed
2026-09-25 12:11:15 ACTION triggers: process gone — RESTART CAP HIT (5/day), manual fix needed
2026-09-25 12:11:27 ACTION triggers: process gone — RESTART CAP HIT (5/day), manual fix needed
2026-09-25 12:11:41 ACTION triggers: process gone — RESTART CAP HIT (5/day), manual fix needed
2026-09-25 12:11:53 ACTION triggers: process gone — RESTART CAP HIT (5/day), manual fix needed
2026-09-25 12:12:07 ACTION triggers: process gone — RESTART CAP HIT (5/day), manual fix needed
2026-09-25 12:12:19 ACTION triggers: process gone — RESTART CAP HIT (5/day), manual fix needed
2026-09-25 12:12:32 ACTION triggers: process gone — RESTART CAP HIT (5/day), manual fix needed
2026-09-25 12:12:45 ACTION triggers: process gone — RESTART CAP HIT (5/day), manual fix needed
2026-09-25 12:12:58 ACTION triggers: process gone — RESTART CAP HIT (5/day), manual fix needed
2026-09-25 12:13:05 sim_daemon: process gone — task 'MyQuant Sim Daemon' Disabled; intentionally off, not restarting
2026-09-25 12:13:07 ACTION triggers: process gone — RESTART CAP HIT (5/day), manual fix needed
2026-09-25 12:13:11 ACTION triggers: process gone — RESTART CAP HIT (5/day), manual fix needed
2026-09-25 12:13:24 ACTION triggers: process gone — RESTART CAP HIT (5/day), manual fix needed
2026-09-25 12:13:36 ACTION triggers: process gone — RESTART CAP HIT (5/day), manual fix needed
2026-09-25 12:13:50 ACTION triggers: process gone — RESTART CAP HIT (5/day), manual fix needed
2026-09-25 12:14:02 ACTION triggers: process gone — RESTART CAP HIT (5/day), manual fix needed
2026-09-25 12:14:16 ACTION triggers: process gone — RESTART CAP HIT (5/day), manual fix needed
2026-09-25 12:14:28 ACTION triggers: process gone — RESTART CAP HIT (5/day), manual fix needed
2026-09-25 12:14:41 ACTION triggers: process gone — RESTART CAP HIT (5/day), manual fix needed
2026-09-25 12:14:54 ACTION triggers: process gone — RESTART CAP HIT (5/day), manual fix needed
2026-09-25 12:15:07 ACTION triggers: process gone — RESTART CAP HIT (5/day), manual fix needed
2026-09-25 12:15:20 ACTION triggers: process gone — RESTART CAP HIT (5/day), manual fix needed
2026-09-25 12:15:33 ACTION triggers: process gone — RESTART CAP HIT (5/day), manual fix needed
2026-09-25 12:15:46 ACTION triggers: process gone — RESTART CAP HIT (5/day), manual fix needed
2026-09-25 12:15:59 ACTION triggers: process gone — RESTART CAP HIT (5/day), manual fix needed
2026-09-25 12:16:11 ACTION triggers: process gone — RESTART CAP HIT (5/day), manual fix needed
2026-09-25 12:16:25 ACTION triggers: process gone — RESTART CAP HIT (5/day), manual fix needed
2026-09-25 12:16:37 ACTION triggers: process gone — RESTART CAP HIT (5/day), manual fix needed
2026-09-25 12:16:50 ACTION triggers: process gone — RESTART CAP HIT (5/day), manual fix needed
2026-09-25 12:17:03 ACTION triggers: process gone — RESTART CAP HIT (5/day), manual fix needed
2026-09-25 12:17:16 ACTION triggers: process gone — RESTART CAP HIT (5/day), manual fix needed
2026-09-25 12:17:29 ACTION triggers: process gone — RESTART CAP HIT (5/day), manual fix needed
2026-09-25 12:17:42 ACTION triggers: process gone — RESTART CAP HIT (5/day), manual fix needed
2026-09-25 12:17:55 ACTION triggers: process gone — RESTART CAP HIT (5/day), manual fix needed
2026-09-25 12:18:05 sim_daemon: process gone — task 'MyQuant Sim Daemon' Disabled; intentionally off, not restarting
2026-09-25 12:18:07 ACTION triggers: process gone — RESTART CAP HIT (5/day), manual fix needed
2026-09-25 12:18:08 ACTION triggers: process gone — RESTART CAP HIT (5/day), manual fix needed
2026-09-25 12:18:21 ACTION triggers: process gone — RESTART CAP HIT (5/day), manual fix needed
2026-09-25 12:18:34 ACTION triggers: process gone — RESTART CAP HIT (5/day), manual fix needed
2026-09-25 12:18:47 ACTION triggers: process gone — RESTART CAP HIT (5/day), manual fix needed
2026-09-25 12:18:59 ACTION triggers: process gone — RESTART CAP HIT (5/day), manual fix needed
2026-09-25 12:19:12 ACTION triggers: process gone — RESTART CAP HIT (5/day), manual fix needed
2026-09-25 12:19:25 ACTION triggers: process gone — RESTART CAP HIT (5/day), manual fix needed
2026-09-25 12:19:38 ACTION triggers: process gone — RESTART CAP HIT (5/day), manual fix needed
2026-09-25 12:19:51 ACTION triggers: process gone — RESTART CAP HIT (5/day), manual fix needed
2026-09-25 12:20:04 ACTION triggers: process gone — RESTART CAP HIT (5/day), manual fix needed
2026-09-25 12:20:17 ACTION triggers: process gone — RESTART CAP HIT (5/day), manual fix needed
2026-09-25 12:20:30 ACTION triggers: process gone — RESTART CAP HIT (5/day), manual fix needed
2026-09-25 12:20:43 ACTION triggers: process gone — RESTART CAP HIT (5/day), manual fix needed
2026-09-25 12:20:56 ACTION triggers: process gone — RESTART CAP HIT (5/day), manual fix needed
2026-09-25 12:21:09 ACTION triggers: process gone — RESTART CAP HIT (5/day), manual fix needed
2026-09-25 12:21:23 ACTION triggers: process gone — RESTART CAP HIT (5/day), manual fix needed
2026-09-25 12:21:35 ACTION triggers: process gone — RESTART CAP HIT (5/day), manual fix needed
2026-09-25 12:21:49 ACTION triggers: process gone — RESTART CAP HIT (5/day), manual fix needed
2026-09-25 12:22:01 ACTION triggers: process gone — RESTART CAP HIT (5/day), manual fix needed
2026-09-25 12:22:14 ACTION triggers: process gone — RESTART CAP HIT (5/day), manual fix needed
2026-09-25 12:22:27 ACTION triggers: process gone — RESTART CAP HIT (5/day), manual fix needed
2026-09-25 12:22:40 ACTION triggers: process gone — RESTART CAP HIT (5/day), manual fix needed
2026-09-25 12:22:53 ACTION triggers: process gone — RESTART CAP HIT (5/day), manual fix needed
2026-09-25 12:23:05 sim_daemon: process gone — task 'MyQuant Sim Daemon' Disabled; intentionally off, not restarting
2026-09-25 12:23:06 ACTION triggers: process gone — RESTART CAP HIT (5/day), manual fix needed
2026-09-25 12:23:07 ACTION triggers: process gone — RESTART CAP HIT (5/day), manual fix needed
2026-09-25 12:23:19 ACTION triggers: process gone — RESTART CAP HIT (5/day), manual fix needed
2026-09-25 12:23:32 ACTION triggers: process gone — RESTART CAP HIT (5/day), manual fix needed
2026-09-25 12:23:45 ACTION triggers: process gone — RESTART CAP HIT (5/day), manual fix needed
2026-09-25 12:23:58 ACTION triggers: process gone — RESTART CAP HIT (5/day), manual fix needed
2026-09-25 12:24:11 ACTION triggers: process gone — RESTART CAP HIT (5/day), manual fix needed
2026-09-25 12:24:23 ACTION triggers: process gone — RESTART CAP HIT (5/day), manual fix needed
2026-09-25 12:24:37 ACTION triggers: process gone — RESTART CAP HIT (5/day), manual fix needed
2026-09-25 12:24:49 ACTION triggers: process gone — RESTART CAP HIT (5/day), manual fix needed
2026-09-25 12:25:02 ACTION triggers: process gone — RESTART CAP HIT (5/day), manual fix needed
2026-09-25 12:25:15 ACTION triggers: process gone — RESTART CAP HIT (5/day), manual fix needed
2026-09-25 12:25:28 ACTION triggers: process gone — RESTART CAP HIT (5/day), manual fix needed
2026-09-25 12:25:41 ACTION triggers: process gone — RESTART CAP HIT (5/day), manual fix needed
2026-09-25 12:25:54 ACTION triggers: process gone — RESTART CAP HIT (5/day), manual fix needed
2026-09-25 12:26:07 ACTION triggers: process gone — RESTART CAP HIT (5/day), manual fix needed
2026-09-25 12:26:20 ACTION triggers: process gone — RESTART CAP HIT (5/day), manual fix needed
2026-09-25 12:26:32 ACTION triggers: process gone — RESTART CAP HIT (5/day), manual fix needed
2026-09-25 12:26:46 ACTION triggers: process gone — RESTART CAP HIT (5/day), manual fix needed
2026-09-25 12:26:58 ACTION triggers: process gone — RESTART CAP HIT (5/day), manual fix needed
2026-09-25 12:27:12 ACTION triggers: process gone — RESTART CAP HIT (5/day), manual fix needed
2026-09-25 12:27:24 ACTION triggers: process gone — RESTART CAP HIT (5/day), manual fix needed
2026-09-25 12:27:37 ACTION triggers: process gone — RESTART CAP HIT (5/day), manual fix needed
2026-09-25 12:27:50 ACTION triggers: process gone — RESTART CAP HIT (5/day), manual fix needed
2026-09-25 12:28:03 ACTION triggers: process gone — RESTART CAP HIT (5/day), manual fix needed
2026-09-25 12:28:05 sim_daemon: process gone — task 'MyQuant Sim Daemon' Disabled; intentionally off, not restarting
2026-09-25 12:28:07 ACTION triggers: process gone — RESTART CAP HIT (5/day), manual fix needed
2026-09-25 12:28:16 ACTION triggers: process gone — RESTART CAP HIT (5/day), manual fix needed
2026-09-25 12:28:29 ACTION triggers: process gone — RESTART CAP HIT (5/day), manual fix needed
2026-09-25 12:28:41 ACTION triggers: process gone — RESTART CAP HIT (5/day), manual fix needed
2026-09-25 12:28:55 ACTION triggers: process gone — RESTART CAP HIT (5/day), manual fix needed
2026-09-25 12:29:07 ACTION triggers: process gone — RESTART CAP HIT (5/day), manual fix needed
2026-09-25 12:29:21 ACTION triggers: process gone — RESTART CAP HIT (5/day), manual fix needed
2026-09-25 12:29:33 ACTION triggers: process gone — RESTART CAP HIT (5/day), manual fix needed
2026-09-25 12:29:46 ACTION triggers: process gone — RESTART CAP HIT (5/day), manual fix needed
2026-09-25 12:29:59 ACTION triggers: process gone — RESTART CAP HIT (5/day), manual fix needed
2026-09-25 12:30:12 ACTION triggers: process gone — RESTART CAP HIT (5/day), manual fix needed
2026-09-25 12:30:25 ACTION triggers: process gone — RESTART CAP HIT (5/day), manual fix needed
2026-09-25 12:30:37 ACTION triggers: process gone — RESTART CAP HIT (5/day), manual fix needed
2026-09-25 12:30:50 ACTION triggers: process gone — RESTART CAP HIT (5/day), manual fix needed
2026-09-25 12:31:03 ACTION triggers: process gone — RESTART CAP HIT (5/day), manual fix needed
2026-09-25 12:31:16 ACTION triggers: process gone — RESTART CAP HIT (5/day), manual fix needed
2026-09-25 12:31:29 ACTION triggers: process gone — RESTART CAP HIT (5/day), manual fix needed
2026-09-25 12:31:42 ACTION triggers: process gone — RESTART CAP HIT (5/day), manual fix needed
2026-09-25 12:31:55 ACTION triggers: process gone — RESTART CAP HIT (5/day), manual fix needed
2026-09-25 12:32:08 ACTION triggers: process gone — RESTART CAP HIT (5/day), manual fix needed
2026-09-25 12:32:20 ACTION triggers: process gone — RESTART CAP HIT (5/day), manual fix needed
2026-09-25 12:32:34 ACTION triggers: process gone — RESTART CAP HIT (5/day), manual fix needed
2026-09-25 12:32:46 ACTION triggers: process gone — RESTART CAP HIT (5/day), manual fix needed
2026-09-25 12:32:59 ACTION triggers: process gone — RESTART CAP HIT (5/day), manual fix needed
2026-09-25 12:33:05 sim_daemon: process gone — task 'MyQuant Sim Daemon' Disabled; intentionally off, not restarting
2026-09-25 12:33:06 ACTION triggers: process gone — RESTART CAP HIT (5/day), manual fix needed
2026-09-25 12:33:12 ACTION triggers: process gone — RESTART CAP HIT (5/day), manual fix needed
2026-09-25 12:33:25 ACTION triggers: process gone — RESTART CAP HIT (5/day), manual fix needed
2026-09-25 12:33:38 ACTION triggers: process gone — RESTART CAP HIT (5/day), manual fix needed
2026-09-25 12:33:51 ACTION triggers: process gone — RESTART CAP HIT (5/day), manual fix needed
2026-09-25 12:34:03 ACTION triggers: process gone — RESTART CAP HIT (5/day), manual fix needed
2026-09-25 12:34:17 ACTION triggers: process gone — RESTART CAP HIT (5/day), manual fix needed
2026-09-25 12:34:29 ACTION triggers: process gone — RESTART CAP HIT (5/day), manual fix needed
2026-09-25 12:34:42 ACTION triggers: process gone — RESTART CAP HIT (5/day), manual fix needed
2026-09-25 12:34:55 ACTION triggers: process gone — RESTART CAP HIT (5/day), manual fix needed
2026-09-25 12:35:08 ACTION triggers: process gone — RESTART CAP HIT (5/day), manual fix needed
2026-09-25 12:35:21 ACTION triggers: process gone — RESTART CAP HIT (5/day), manual fix needed
2026-09-25 12:35:34 ACTION triggers: process gone — RESTART CAP HIT (5/day), manual fix needed
2026-09-25 12:35:47 ACTION triggers: process gone — RESTART CAP HIT (5/day), manual fix needed
2026-09-25 12:36:00 ACTION triggers: process gone — RESTART CAP HIT (5/day), manual fix needed
2026-09-25 12:36:12 ACTION triggers: process gone — RESTART CAP HIT (5/day), manual fix needed
2026-09-25 12:36:25 ACTION triggers: process gone — RESTART CAP HIT (5/day), manual fix needed
2026-09-25 12:36:38 ACTION triggers: process gone — RESTART CAP HIT (5/day), manual fix needed
2026-09-25 12:36:51 ACTION triggers: process gone — RESTART CAP HIT (5/day), manual fix needed
2026-09-25 12:37:04 ACTION triggers: process gone — RESTART CAP HIT (5/day), manual fix needed
2026-09-25 12:37:17 ACTION triggers: process gone — RESTART CAP HIT (5/day), manual fix needed
2026-09-25 12:37:30 ACTION triggers: process gone — RESTART CAP HIT (5/day), manual fix needed
2026-09-25 12:37:43 ACTION triggers: process gone — RESTART CAP HIT (5/day), manual fix needed
2026-09-25 12:37:56 ACTION triggers: process gone — RESTART CAP HIT (5/day), manual fix needed
2026-09-25 12:38:05 sim_daemon: process gone — task 'MyQuant Sim Daemon' Disabled; intentionally off, not restarting
2026-09-25 12:38:07 ACTION triggers: process gone — RESTART CAP HIT (5/day), manual fix needed
2026-09-25 12:38:09 ACTION triggers: process gone — RESTART CAP HIT (5/day), manual fix needed
2026-09-25 12:38:21 ACTION triggers: process gone — RESTART CAP HIT (5/day), manual fix needed
2026-09-25 12:38:35 ACTION triggers: process gone — RESTART CAP HIT (5/day), manual fix needed
2026-09-25 12:38:47 ACTION triggers: process gone — RESTART CAP HIT (5/day), manual fix needed
2026-09-25 12:39:01 ACTION triggers: process gone — RESTART CAP HIT (5/day), manual fix needed
2026-09-25 12:39:13 ACTION triggers: process gone — RESTART CAP HIT (5/day), manual fix needed
2026-09-25 12:39:26 ACTION triggers: process gone — RESTART CAP HIT (5/day), manual fix needed
2026-09-25 12:39:39 ACTION triggers: process gone — RESTART CAP HIT (5/day), manual fix needed
2026-09-25 12:39:52 ACTION triggers: process gone — RESTART CAP HIT (5/day), manual fix needed
2026-09-25 12:40:05 ACTION triggers: process gone — RESTART CAP HIT (5/day), manual fix needed
2026-09-25 12:40:18 ACTION triggers: process gone — RESTART CAP HIT (5/day), manual fix needed
2026-09-25 12:40:31 ACTION triggers: process gone — RESTART CAP HIT (5/day), manual fix needed
2026-09-25 12:40:44 ACTION triggers: process gone — RESTART CAP HIT (5/day), manual fix needed
2026-09-25 12:40:57 ACTION triggers: process gone — RESTART CAP HIT (5/day), manual fix needed
2026-09-25 12:41:10 ACTION triggers: process gone — RESTART CAP HIT (5/day), manual fix needed
2026-09-25 12:41:23 ACTION triggers: process gone — RESTART CAP HIT (5/day), manual fix needed
2026-09-25 12:41:35 ACTION triggers: process gone — RESTART CAP HIT (5/day), manual fix needed
2026-09-25 12:41:49 ACTION triggers: process gone — RESTART CAP HIT (5/day), manual fix needed
2026-09-25 12:42:01 ACTION triggers: process gone — RESTART CAP HIT (5/day), manual fix needed
2026-09-25 12:42:15 ACTION triggers: process gone — RESTART CAP HIT (5/day), manual fix needed
2026-09-25 12:42:28 ACTION triggers: process gone — RESTART CAP HIT (5/day), manual fix needed
2026-09-25 12:42:40 ACTION triggers: process gone — RESTART CAP HIT (5/day), manual fix needed
2026-09-25 12:42:53 ACTION triggers: process gone — RESTART CAP HIT (5/day), manual fix needed
2026-09-25 12:43:05 sim_daemon: process gone — task 'MyQuant Sim Daemon' Disabled; intentionally off, not restarting
2026-09-25 12:43:06 ACTION triggers: process gone — RESTART CAP HIT (5/day), manual fix needed
2026-09-25 12:43:07 ACTION triggers: process gone — RESTART CAP HIT (5/day), manual fix needed
2026-09-25 12:43:19 ACTION triggers: process gone — RESTART CAP HIT (5/day), manual fix needed
2026-09-25 12:43:32 ACTION triggers: process gone — RESTART CAP HIT (5/day), manual fix needed
2026-09-25 12:43:45 ACTION triggers: process gone — RESTART CAP HIT (5/day), manual fix needed
2026-09-25 12:43:58 ACTION triggers: process gone — RESTART CAP HIT (5/day), manual fix needed
2026-09-25 12:44:11 ACTION triggers: process gone — RESTART CAP HIT (5/day), manual fix needed
2026-09-25 12:44:24 ACTION triggers: process gone — RESTART CAP HIT (5/day), manual fix needed
2026-09-25 12:44:37 ACTION triggers: process gone — RESTART CAP HIT (5/day), manual fix needed
2026-09-25 12:44:49 ACTION triggers: process gone — RESTART CAP HIT (5/day), manual fix needed
2026-09-25 12:45:03 ACTION triggers: process gone — RESTART CAP HIT (5/day), manual fix needed
2026-09-25 12:45:15 ACTION triggers: process gone — RESTART CAP HIT (5/day), manual fix needed
2026-09-25 12:45:28 ACTION triggers: process gone — RESTART CAP HIT (5/day), manual fix needed
2026-09-25 12:45:41 ACTION triggers: process gone — RESTART CAP HIT (5/day), manual fix needed
2026-09-25 12:45:54 ACTION triggers: process gone — RESTART CAP HIT (5/day), manual fix needed
2026-09-25 12:46:07 ACTION triggers: process gone — RESTART CAP HIT (5/day), manual fix needed
2026-09-25 12:46:20 ACTION triggers: process gone — RESTART CAP HIT (5/day), manual fix needed
2026-09-25 12:46:33 ACTION triggers: process gone — RESTART CAP HIT (5/day), manual fix needed
2026-09-25 12:46:46 ACTION triggers: process gone — RESTART CAP HIT (5/day), manual fix needed
2026-09-25 12:46:59 ACTION triggers: process gone — RESTART CAP HIT (5/day), manual fix needed
2026-09-25 12:47:12 ACTION triggers: process gone — RESTART CAP HIT (5/day), manual fix needed
2026-09-25 12:47:24 ACTION triggers: process gone — RESTART CAP HIT (5/day), manual fix needed
2026-09-25 12:47:38 ACTION triggers: process gone — RESTART CAP HIT (5/day), manual fix needed
2026-09-25 12:47:50 ACTION triggers: process gone — RESTART CAP HIT (5/day), manual fix needed
2026-09-25 12:48:03 ACTION triggers: process gone — RESTART CAP HIT (5/day), manual fix needed
2026-09-25 12:48:05 sim_daemon: process gone — task 'MyQuant Sim Daemon' Disabled; intentionally off, not restarting
2026-09-25 12:48:07 ACTION triggers: process gone — RESTART CAP HIT (5/day), manual fix needed
2026-09-25 12:48:16 ACTION triggers: process gone — RESTART CAP HIT (5/day), manual fix needed
2026-09-25 12:48:29 ACTION triggers: process gone — RESTART CAP HIT (5/day), manual fix needed
2026-09-25 12:48:42 ACTION triggers: process gone — RESTART CAP HIT (5/day), manual fix needed
2026-09-25 12:48:55 ACTION triggers: process gone — RESTART CAP HIT (5/day), manual fix needed
2026-09-25 12:49:07 ACTION triggers: process gone — RESTART CAP HIT (5/day), manual fix needed
2026-09-25 12:49:21 ACTION triggers: process gone — RESTART CAP HIT (5/day), manual fix needed
2026-09-25 12:49:33 ACTION triggers: process gone — RESTART CAP HIT (5/day), manual fix needed
2026-09-25 12:49:46 ACTION triggers: process gone — RESTART CAP HIT (5/day), manual fix needed
2026-09-25 12:49:59 ACTION triggers: process gone — RESTART CAP HIT (5/day), manual fix needed
2026-09-25 12:50:12 ACTION triggers: process gone — RESTART CAP HIT (5/day), manual fix needed
2026-09-25 12:50:25 ACTION triggers: process gone — RESTART CAP HIT (5/day), manual fix needed
2026-09-25 12:50:38 ACTION triggers: process gone — RESTART CAP HIT (5/day), manual fix needed
2026-09-25 12:50:51 ACTION triggers: process gone — RESTART CAP HIT (5/day), manual fix needed
2026-09-25 12:51:04 ACTION triggers: process gone — RESTART CAP HIT (5/day), manual fix needed
2026-09-25 12:51:16 ACTION triggers: process gone — RESTART CAP HIT (5/day), manual fix needed
2026-09-25 12:51:30 ACTION triggers: process gone — RESTART CAP HIT (5/day), manual fix needed
2026-09-25 12:51:42 ACTION triggers: process gone — RESTART CAP HIT (5/day), manual fix needed
2026-09-25 12:51:55 ACTION triggers: process gone — RESTART CAP HIT (5/day), manual fix needed
2026-09-25 12:52:08 ACTION triggers: process gone — RESTART CAP HIT (5/day), manual fix needed
2026-09-25 12:52:21 ACTION triggers: process gone — RESTART CAP HIT (5/day), manual fix needed
2026-09-25 12:52:34 ACTION triggers: process gone — RESTART CAP HIT (5/day), manual fix needed
2026-09-25 12:52:47 ACTION triggers: process gone — RESTART CAP HIT (5/day), manual fix needed
2026-09-25 12:53:00 ACTION triggers: process gone — RESTART CAP HIT (5/day), manual fix needed
2026-09-25 12:53:05 sim_daemon: process gone — task 'MyQuant Sim Daemon' Disabled; intentionally off, not restarting
2026-09-25 12:53:07 ACTION triggers: process gone — RESTART CAP HIT (5/day), manual fix needed
2026-09-25 12:53:13 ACTION triggers: process gone — RESTART CAP HIT (5/day), manual fix needed
2026-09-25 12:53:25 ACTION triggers: process gone — RESTART CAP HIT (5/day), manual fix needed
2026-09-25 12:53:39 ACTION triggers: process gone — RESTART CAP HIT (5/day), manual fix needed
2026-09-25 12:53:51 ACTION triggers: process gone — RESTART CAP HIT (5/day), manual fix needed
2026-09-25 12:54:04 ACTION triggers: process gone — RESTART CAP HIT (5/day), manual fix needed
2026-09-25 12:54:17 ACTION triggers: process gone — RESTART CAP HIT (5/day), manual fix needed
2026-09-25 12:54:30 ACTION triggers: process gone — RESTART CAP HIT (5/day), manual fix needed
2026-09-25 12:54:43 ACTION triggers: process gone — RESTART CAP HIT (5/day), manual fix needed
2026-09-25 12:54:56 ACTION triggers: process gone — RESTART CAP HIT (5/day), manual fix needed
2026-09-25 12:55:09 ACTION triggers: process gone — RESTART CAP HIT (5/day), manual fix needed
2026-09-25 12:55:21 ACTION triggers: process gone — RESTART CAP HIT (5/day), manual fix needed
2026-09-25 12:55:34 ACTION triggers: process gone — RESTART CAP HIT (5/day), manual fix needed
2026-09-25 12:55:47 ACTION triggers: process gone — RESTART CAP HIT (5/day), manual fix needed
2026-09-25 12:56:00 ACTION triggers: process gone — RESTART CAP HIT (5/day), manual fix needed
2026-09-25 12:56:13 ACTION triggers: process gone — RESTART CAP HIT (5/day), manual fix needed
2026-09-25 12:56:26 ACTION triggers: process gone — RESTART CAP HIT (5/day), manual fix needed
2026-09-25 12:56:39 ACTION triggers: process gone — RESTART CAP HIT (5/day), manual fix needed
2026-09-25 12:56:52 ACTION triggers: process gone — RESTART CAP HIT (5/day), manual fix needed
2026-09-25 12:57:04 ACTION triggers: process gone — RESTART CAP HIT (5/day), manual fix needed
2026-09-25 12:57:18 ACTION triggers: process gone — RESTART CAP HIT (5/day), manual fix needed
2026-09-25 12:57:30 ACTION triggers: process gone — RESTART CAP HIT (5/day), manual fix needed
2026-09-25 12:57:43 ACTION triggers: process gone — RESTART CAP HIT (5/day), manual fix needed
2026-09-25 12:57:56 ACTION triggers: process gone — RESTART CAP HIT (5/day), manual fix needed
2026-09-25 12:58:05 sim_daemon: process gone — task 'MyQuant Sim Daemon' Disabled; intentionally off, not restarting
2026-09-25 12:58:07 ACTION triggers: process gone — RESTART CAP HIT (5/day), manual fix needed
2026-09-25 12:58:09 ACTION triggers: process gone — RESTART CAP HIT (5/day), manual fix needed
2026-09-25 12:58:22 ACTION triggers: process gone — RESTART CAP HIT (5/day), manual fix needed
2026-09-25 12:58:35 ACTION triggers: process gone — RESTART CAP HIT (5/day), manual fix needed
2026-09-25 12:58:47 ACTION triggers: process gone — RESTART CAP HIT (5/day), manual fix needed
2026-09-25 12:59:01 ACTION triggers: process gone — RESTART CAP HIT (5/day), manual fix needed
2026-09-25 12:59:13 ACTION triggers: process gone — RESTART CAP HIT (5/day), manual fix needed
2026-09-25 12:59:26 ACTION triggers: process gone — RESTART CAP HIT (5/day), manual fix needed
2026-09-25 12:59:39 ACTION triggers: process gone — RESTART CAP HIT (5/day), manual fix needed
2026-09-25 12:59:52 ACTION triggers: process gone — RESTART CAP HIT (5/day), manual fix needed
2026-09-25 13:00:06 ACTION triggers: process gone — RESTART CAP HIT (5/day), manual fix needed
2026-09-25 13:00:18 ACTION triggers: process gone — RESTART CAP HIT (5/day), manual fix needed
2026-09-25 13:00:31 ACTION triggers: process gone — RESTART CAP HIT (5/day), manual fix needed
2026-09-25 13:00:44 ACTION triggers: process gone — RESTART CAP HIT (5/day), manual fix needed
2026-09-25 13:00:57 ACTION triggers: process gone — RESTART CAP HIT (5/day), manual fix needed
2026-09-25 13:01:10 ACTION triggers: process gone — RESTART CAP HIT (5/day), manual fix needed
2026-09-25 13:01:23 ACTION triggers: process gone — RESTART CAP HIT (5/day), manual fix needed
2026-09-25 13:01:36 ACTION triggers: process gone — RESTART CAP HIT (5/day), manual fix needed
2026-09-25 13:01:48 ACTION triggers: process gone — RESTART CAP HIT (5/day), manual fix needed
2026-09-25 13:02:01 ACTION triggers: process gone — RESTART CAP HIT (5/day), manual fix needed
2026-09-25 13:02:14 ACTION triggers: process gone — RESTART CAP HIT (5/day), manual fix needed
2026-09-25 13:02:27 ACTION triggers: process gone — RESTART CAP HIT (5/day), manual fix needed
2026-09-25 13:02:40 ACTION triggers: process gone — RESTART CAP HIT (5/day), manual fix needed
2026-09-25 13:02:53 ACTION triggers: process gone — RESTART CAP HIT (5/day), manual fix needed
2026-09-25 13:03:05 sim_daemon: process gone — task 'MyQuant Sim Daemon' Disabled; intentionally off, not restarting
2026-09-25 13:03:06 ACTION triggers: process gone — RESTART CAP HIT (5/day), manual fix needed
2026-09-25 13:03:07 ACTION triggers: process gone — RESTART CAP HIT (5/day), manual fix needed
2026-09-25 13:03:19 ACTION triggers: process gone — RESTART CAP HIT (5/day), manual fix needed
2026-09-25 13:03:32 ACTION triggers: process gone — RESTART CAP HIT (5/day), manual fix needed
2026-09-25 13:03:45 ACTION triggers: process gone — RESTART CAP HIT (5/day), manual fix needed
2026-09-25 13:03:58 ACTION triggers: process gone — RESTART CAP HIT (5/day), manual fix needed
2026-09-25 13:04:11 ACTION triggers: process gone — RESTART CAP HIT (5/day), manual fix needed
2026-09-25 13:04:24 ACTION triggers: process gone — RESTART CAP HIT (5/day), manual fix needed
2026-09-25 13:04:36 ACTION triggers: process gone — RESTART CAP HIT (5/day), manual fix needed
2026-09-25 13:04:50 ACTION triggers: process gone — RESTART CAP HIT (5/day), manual fix needed
2026-09-25 13:05:02 ACTION triggers: process gone — RESTART CAP HIT (5/day), manual fix needed
2026-09-25 13:05:15 ACTION triggers: process gone — RESTART CAP HIT (5/day), manual fix needed
2026-09-25 13:05:28 ACTION triggers: process gone — RESTART CAP HIT (5/day), manual fix needed
2026-09-25 13:05:41 ACTION triggers: process gone — RESTART CAP HIT (5/day), manual fix needed
2026-09-25 13:05:54 ACTION triggers: process gone — RESTART CAP HIT (5/day), manual fix needed
2026-09-25 13:06:07 ACTION triggers: process gone — RESTART CAP HIT (5/day), manual fix needed
2026-09-25 13:06:20 ACTION triggers: process gone — RESTART CAP HIT (5/day), manual fix needed
2026-09-25 13:06:33 ACTION triggers: process gone — RESTART CAP HIT (5/day), manual fix needed
2026-09-25 13:06:45 ACTION triggers: process gone — RESTART CAP HIT (5/day), manual fix needed
2026-09-25 13:06:59 ACTION triggers: process gone — RESTART CAP HIT (5/day), manual fix needed
2026-09-25 13:07:11 ACTION triggers: process gone — RESTART CAP HIT (5/day), manual fix needed
2026-09-25 13:07:24 ACTION triggers: process gone — RESTART CAP HIT (5/day), manual fix needed
2026-09-25 13:07:37 ACTION triggers: process gone — RESTART CAP HIT (5/day), manual fix needed
2026-09-25 13:07:50 ACTION triggers: process gone — RESTART CAP HIT (5/day), manual fix needed
2026-09-25 13:08:03 ACTION triggers: process gone — RESTART CAP HIT (5/day), manual fix needed
2026-09-25 13:08:05 sim_daemon: process gone — task 'MyQuant Sim Daemon' Disabled; intentionally off, not restarting
2026-09-25 13:08:07 ACTION triggers: process gone — RESTART CAP HIT (5/day), manual fix needed
2026-09-25 13:08:16 ACTION triggers: process gone — RESTART CAP HIT (5/day), manual fix needed
2026-09-25 13:08:28 ACTION triggers: process gone — RESTART CAP HIT (5/day), manual fix needed
2026-09-25 13:08:42 ACTION triggers: process gone — RESTART CAP HIT (5/day), manual fix needed
2026-09-25 13:08:54 ACTION triggers: process gone — RESTART CAP HIT (5/day), manual fix needed
2026-09-25 13:09:07 ACTION triggers: process gone — RESTART CAP HIT (5/day), manual fix needed
2026-09-25 13:09:20 ACTION triggers: process gone — RESTART CAP HIT (5/day), manual fix needed
2026-09-25 13:09:33 ACTION triggers: process gone — RESTART CAP HIT (5/day), manual fix needed
2026-09-25 13:09:46 ACTION triggers: process gone — RESTART CAP HIT (5/day), manual fix needed
2026-09-25 13:09:59 ACTION triggers: process gone — RESTART CAP HIT (5/day), manual fix needed
2026-09-25 13:10:12 ACTION triggers: process gone — RESTART CAP HIT (5/day), manual fix needed
2026-09-25 13:10:25 ACTION triggers: process gone — RESTART CAP HIT (5/day), manual fix needed
2026-09-25 13:10:37 ACTION triggers: process gone — RESTART CAP HIT (5/day), manual fix needed
2026-09-25 13:10:51 ACTION triggers: process gone — RESTART CAP HIT (5/day), manual fix needed
2026-09-25 13:11:03 ACTION triggers: process gone — RESTART CAP HIT (5/day), manual fix needed
2026-09-25 13:11:16 ACTION triggers: process gone — RESTART CAP HIT (5/day), manual fix needed
2026-09-25 13:11:29 ACTION triggers: process gone — RESTART CAP HIT (5/day), manual fix needed
2026-09-25 13:11:42 ACTION triggers: process gone — RESTART CAP HIT (5/day), manual fix needed
2026-09-25 13:11:55 ACTION triggers: process gone — RESTART CAP HIT (5/day), manual fix needed
2026-09-25 13:12:08 ACTION triggers: process gone — RESTART CAP HIT (5/day), manual fix needed
2026-09-25 13:12:21 ACTION triggers: process gone — RESTART CAP HIT (5/day), manual fix needed
2026-09-25 13:12:34 ACTION triggers: process gone — RESTART CAP HIT (5/day), manual fix needed
2026-09-25 13:12:47 ACTION triggers: process gone — RESTART CAP HIT (5/day), manual fix needed
2026-09-25 13:13:00 ACTION triggers: process gone — RESTART CAP HIT (5/day), manual fix needed
2026-09-25 13:13:05 sim_daemon: process gone — task 'MyQuant Sim Daemon' Disabled; intentionally off, not restarting
2026-09-25 13:13:07 ACTION triggers: process gone — RESTART CAP HIT (5/day), manual fix needed
2026-09-25 13:13:12 ACTION triggers: process gone — RESTART CAP HIT (5/day), manual fix needed
2026-09-25 13:13:26 ACTION triggers: process gone — RESTART CAP HIT (5/day), manual fix needed
2026-09-25 13:13:38 ACTION triggers: process gone — RESTART CAP HIT (5/day), manual fix needed
2026-09-25 13:13:51 ACTION triggers: process gone — RESTART CAP HIT (5/day), manual fix needed
2026-09-25 13:14:04 ACTION triggers: process gone — RESTART CAP HIT (5/day), manual fix needed
2026-09-25 13:14:17 ACTION triggers: process gone — RESTART CAP HIT (5/day), manual fix needed
2026-09-25 13:14:30 ACTION triggers: process gone — RESTART CAP HIT (5/day), manual fix needed
2026-09-25 13:14:43 ACTION triggers: process gone — RESTART CAP HIT (5/day), manual fix needed
2026-09-25 13:14:55 ACTION triggers: process gone — RESTART CAP HIT (5/day), manual fix needed
2026-09-25 13:15:09 ACTION triggers: process gone — RESTART CAP HIT (5/day), manual fix needed
2026-09-25 13:15:22 ACTION triggers: process gone — RESTART CAP HIT (5/day), manual fix needed
2026-09-25 13:15:35 ACTION triggers: process gone — RESTART CAP HIT (5/day), manual fix needed
2026-09-25 13:15:48 ACTION triggers: process gone — RESTART CAP HIT (5/day), manual fix needed
2026-09-25 13:16:00 ACTION triggers: process gone — RESTART CAP HIT (5/day), manual fix needed
2026-09-25 13:16:13 ACTION triggers: process gone — RESTART CAP HIT (5/day), manual fix needed
2026-09-25 13:16:26 ACTION triggers: process gone — RESTART CAP HIT (5/day), manual fix needed
2026-09-25 13:16:39 ACTION triggers: process gone — RESTART CAP HIT (5/day), manual fix needed
2026-09-25 13:16:52 ACTION triggers: process gone — RESTART CAP HIT (5/day), manual fix needed
2026-09-25 13:17:05 ACTION triggers: process gone — RESTART CAP HIT (5/day), manual fix needed
2026-09-25 13:17:18 ACTION triggers: process gone — RESTART CAP HIT (5/day), manual fix needed
2026-09-25 13:17:30 ACTION triggers: process gone — RESTART CAP HIT (5/day), manual fix needed
2026-09-25 13:17:44 ACTION triggers: process gone — RESTART CAP HIT (5/day), manual fix needed
2026-09-25 13:17:56 ACTION triggers: process gone — RESTART CAP HIT (5/day), manual fix needed
2026-09-25 13:18:05 sim_daemon: process gone — task 'MyQuant Sim Daemon' Disabled; intentionally off, not restarting
2026-09-25 13:18:07 ACTION triggers: process gone — RESTART CAP HIT (5/day), manual fix needed
2026-09-25 13:18:09 ACTION triggers: process gone — RESTART CAP HIT (5/day), manual fix needed
2026-09-25 13:18:22 ACTION triggers: process gone — RESTART CAP HIT (5/day), manual fix needed
2026-09-25 13:18:35 ACTION triggers: process gone — RESTART CAP HIT (5/day), manual fix needed
2026-09-25 13:18:48 ACTION triggers: process gone — RESTART CAP HIT (5/day), manual fix needed
2026-09-25 13:19:01 ACTION triggers: process gone — RESTART CAP HIT (5/day), manual fix needed
2026-09-25 13:19:14 ACTION triggers: process gone — RESTART CAP HIT (5/day), manual fix needed
2026-09-25 13:19:27 ACTION triggers: process gone — RESTART CAP HIT (5/day), manual fix needed
2026-09-25 13:19:40 ACTION triggers: process gone — RESTART CAP HIT (5/day), manual fix needed
2026-09-25 13:19:53 ACTION triggers: process gone — RESTART CAP HIT (5/day), manual fix needed
2026-09-25 13:20:06 ACTION triggers: process gone — RESTART CAP HIT (5/day), manual fix needed
2026-09-25 13:20:18 ACTION triggers: process gone — RESTART CAP HIT (5/day), manual fix needed
2026-09-25 13:20:31 ACTION triggers: process gone — RESTART CAP HIT (5/day), manual fix needed
2026-09-25 13:20:44 ACTION triggers: process gone — RESTART CAP HIT (5/day), manual fix needed
2026-09-25 13:20:57 ACTION triggers: process gone — RESTART CAP HIT (5/day), manual fix needed
2026-09-25 13:21:10 ACTION triggers: process gone — RESTART CAP HIT (5/day), manual fix needed
2026-09-25 13:21:23 ACTION triggers: process gone — RESTART CAP HIT (5/day), manual fix needed
2026-09-25 13:21:36 ACTION triggers: process gone — RESTART CAP HIT (5/day), manual fix needed
2026-09-25 13:21:49 ACTION triggers: process gone — RESTART CAP HIT (5/day), manual fix needed
2026-09-25 13:22:02 ACTION triggers: process gone — RESTART CAP HIT (5/day), manual fix needed
2026-09-25 13:22:15 ACTION triggers: process gone — RESTART CAP HIT (5/day), manual fix needed
2026-09-25 13:22:27 ACTION triggers: process gone — RESTART CAP HIT (5/day), manual fix needed
2026-09-25 13:22:40 ACTION triggers: process gone — RESTART CAP HIT (5/day), manual fix needed
2026-09-25 13:22:53 ACTION triggers: process gone — RESTART CAP HIT (5/day), manual fix needed
2026-09-25 13:23:05 sim_daemon: process gone — task 'MyQuant Sim Daemon' Disabled; intentionally off, not restarting
2026-09-25 13:23:07 ACTION triggers: process gone — RESTART CAP HIT (5/day), manual fix needed
2026-09-25 13:23:07 ACTION triggers: process gone — RESTART CAP HIT (5/day), manual fix needed
2026-09-25 13:23:19 ACTION triggers: process gone — RESTART CAP HIT (5/day), manual fix needed
2026-09-25 13:23:32 ACTION triggers: process gone — RESTART CAP HIT (5/day), manual fix needed
2026-09-25 13:23:45 ACTION triggers: process gone — RESTART CAP HIT (5/day), manual fix needed
2026-09-25 13:23:58 ACTION triggers: process gone — RESTART CAP HIT (5/day), manual fix needed
2026-09-25 13:24:12 ACTION triggers: process gone — RESTART CAP HIT (5/day), manual fix needed
2026-09-25 13:24:24 ACTION triggers: process gone — RESTART CAP HIT (5/day), manual fix needed
2026-09-25 13:24:37 ACTION triggers: process gone — RESTART CAP HIT (5/day), manual fix needed
2026-09-25 13:24:50 ACTION triggers: process gone — RESTART CAP HIT (5/day), manual fix needed
2026-09-25 13:25:03 ACTION triggers: process gone — RESTART CAP HIT (5/day), manual fix needed
2026-09-25 13:25:16 ACTION triggers: process gone — RESTART CAP HIT (5/day), manual fix needed
2026-09-25 13:25:29 ACTION triggers: process gone — RESTART CAP HIT (5/day), manual fix needed
2026-09-25 13:25:42 ACTION triggers: process gone — RESTART CAP HIT (5/day), manual fix needed
2026-09-25 13:25:55 ACTION triggers: process gone — RESTART CAP HIT (5/day), manual fix needed
2026-09-25 13:26:08 ACTION triggers: process gone — RESTART CAP HIT (5/day), manual fix needed
2026-09-25 13:26:21 ACTION triggers: process gone — RESTART CAP HIT (5/day), manual fix needed
2026-09-25 13:26:33 ACTION triggers: process gone — RESTART CAP HIT (5/day), manual fix needed
2026-09-25 13:26:46 ACTION triggers: process gone — RESTART CAP HIT (5/day), manual fix needed
2026-09-25 13:26:59 ACTION triggers: process gone — RESTART CAP HIT (5/day), manual fix needed
2026-09-25 13:27:12 ACTION triggers: process gone — RESTART CAP HIT (5/day), manual fix needed
2026-09-25 13:27:25 ACTION triggers: process gone — RESTART CAP HIT (5/day), manual fix needed
2026-09-25 13:27:38 ACTION triggers: process gone — RESTART CAP HIT (5/day), manual fix needed
2026-09-25 13:27:51 ACTION triggers: process gone — RESTART CAP HIT (5/day), manual fix needed
2026-09-25 13:28:04 ACTION triggers: process gone — RESTART CAP HIT (5/day), manual fix needed
2026-09-25 13:28:05 sim_daemon: process gone — task 'MyQuant Sim Daemon' Disabled; intentionally off, not restarting
2026-09-25 13:28:07 ACTION triggers: process gone — RESTART CAP HIT (5/day), manual fix needed
2026-09-25 13:28:17 ACTION triggers: process gone — RESTART CAP HIT (5/day), manual fix needed
2026-09-25 13:28:30 ACTION triggers: process gone — RESTART CAP HIT (5/day), manual fix needed
2026-09-25 13:28:43 ACTION triggers: process gone — RESTART CAP HIT (5/day), manual fix needed
2026-09-25 13:28:55 ACTION triggers: process gone — RESTART CAP HIT (5/day), manual fix needed
2026-09-25 13:29:09 ACTION triggers: process gone — RESTART CAP HIT (5/day), manual fix needed
2026-09-25 13:29:21 ACTION triggers: process gone — RESTART CAP HIT (5/day), manual fix needed
2026-09-25 13:29:35 ACTION triggers: process gone — RESTART CAP HIT (5/day), manual fix needed
2026-09-25 13:29:47 ACTION triggers: process gone — RESTART CAP HIT (5/day), manual fix needed
2026-09-25 13:30:00 ACTION triggers: process gone — RESTART CAP HIT (5/day), manual fix needed
2026-09-25 13:30:13 ACTION triggers: process gone — RESTART CAP HIT (5/day), manual fix needed
2026-09-25 13:30:26 ACTION triggers: process gone — RESTART CAP HIT (5/day), manual fix needed
2026-09-25 13:30:39 ACTION triggers: process gone — RESTART CAP HIT (5/day), manual fix needed
2026-09-25 13:30:52 ACTION triggers: process gone — RESTART CAP HIT (5/day), manual fix needed
2026-09-25 13:31:04 ACTION triggers: process gone — RESTART CAP HIT (5/day), manual fix needed
2026-09-25 13:31:18 ACTION triggers: process gone — RESTART CAP HIT (5/day), manual fix needed
2026-09-25 13:31:30 ACTION triggers: process gone — RESTART CAP HIT (5/day), manual fix needed
2026-09-25 13:31:44 ACTION triggers: process gone — RESTART CAP HIT (5/day), manual fix needed
2026-09-25 13:31:56 ACTION triggers: process gone — RESTART CAP HIT (5/day), manual fix needed
2026-09-25 13:32:09 ACTION triggers: process gone — RESTART CAP HIT (5/day), manual fix needed
2026-09-25 13:32:22 ACTION triggers: process gone — RESTART CAP HIT (5/day), manual fix needed
2026-09-25 13:32:35 ACTION triggers: process gone — RESTART CAP HIT (5/day), manual fix needed
2026-09-25 13:32:48 ACTION triggers: process gone — RESTART CAP HIT (5/day), manual fix needed
2026-09-25 13:33:01 ACTION triggers: process gone — RESTART CAP HIT (5/day), manual fix needed
2026-09-25 13:33:05 sim_daemon: process gone — task 'MyQuant Sim Daemon' Disabled; intentionally off, not restarting
2026-09-25 13:33:07 ACTION triggers: process gone — RESTART CAP HIT (5/day), manual fix needed
2026-09-25 13:33:14 ACTION triggers: process gone — RESTART CAP HIT (5/day), manual fix needed
2026-09-25 13:33:27 ACTION triggers: process gone — RESTART CAP HIT (5/day), manual fix needed
2026-09-25 13:33:40 ACTION triggers: process gone — RESTART CAP HIT (5/day), manual fix needed
2026-09-25 13:33:53 ACTION triggers: process gone — RESTART CAP HIT (5/day), manual fix needed
2026-09-25 13:34:05 ACTION triggers: process gone — RESTART CAP HIT (5/day), manual fix needed
2026-09-25 13:34:18 ACTION triggers: process gone — RESTART CAP HIT (5/day), manual fix needed
2026-09-25 13:34:31 ACTION triggers: process gone — RESTART CAP HIT (5/day), manual fix needed
2026-09-25 13:34:44 ACTION triggers: process gone — RESTART CAP HIT (5/day), manual fix needed
2026-09-25 13:34:57 ACTION triggers: process gone — RESTART CAP HIT (5/day), manual fix needed
2026-09-25 13:35:10 ACTION triggers: process gone — RESTART CAP HIT (5/day), manual fix needed
2026-09-25 13:35:23 ACTION triggers: process gone — RESTART CAP HIT (5/day), manual fix needed
2026-09-25 13:35:36 ACTION triggers: process gone — RESTART CAP HIT (5/day), manual fix needed
2026-09-25 13:35:48 ACTION triggers: process gone — RESTART CAP HIT (5/day), manual fix needed
2026-09-25 13:36:02 ACTION triggers: process gone — RESTART CAP HIT (5/day), manual fix needed
2026-09-25 13:36:14 ACTION triggers: process gone — RESTART CAP HIT (5/day), manual fix needed
2026-09-25 13:36:27 ACTION triggers: process gone — RESTART CAP HIT (5/day), manual fix needed
2026-09-25 13:36:40 ACTION triggers: process gone — RESTART CAP HIT (5/day), manual fix needed
2026-09-25 13:36:53 ACTION triggers: process gone — RESTART CAP HIT (5/day), manual fix needed
2026-09-25 13:37:06 ACTION triggers: process gone — RESTART CAP HIT (5/day), manual fix needed
2026-09-25 13:37:19 ACTION triggers: process gone — RESTART CAP HIT (5/day), manual fix needed
2026-09-25 13:37:31 ACTION triggers: process gone — RESTART CAP HIT (5/day), manual fix needed
2026-09-25 13:37:44 ACTION triggers: process gone — RESTART CAP HIT (5/day), manual fix needed
2026-09-25 13:37:57 ACTION triggers: process gone — RESTART CAP HIT (5/day), manual fix needed
2026-09-25 13:38:05 sim_daemon: process gone — task 'MyQuant Sim Daemon' Disabled; intentionally off, not restarting
2026-09-25 13:38:07 ACTION triggers: process gone — RESTART CAP HIT (5/day), manual fix needed
2026-09-25 13:38:10 ACTION triggers: process gone — RESTART CAP HIT (5/day), manual fix needed
2026-09-25 13:38:23 ACTION triggers: process gone — RESTART CAP HIT (5/day), manual fix needed
2026-09-25 13:38:36 ACTION triggers: process gone — RESTART CAP HIT (5/day), manual fix needed
2026-09-25 13:38:49 ACTION triggers: process gone — RESTART CAP HIT (5/day), manual fix needed
2026-09-25 13:39:02 ACTION triggers: process gone — RESTART CAP HIT (5/day), manual fix needed
2026-09-25 13:39:15 ACTION triggers: process gone — RESTART CAP HIT (5/day), manual fix needed
2026-09-25 13:39:28 ACTION triggers: process gone — RESTART CAP HIT (5/day), manual fix needed
2026-09-25 13:39:40 ACTION triggers: process gone — RESTART CAP HIT (5/day), manual fix needed
2026-09-25 13:39:53 ACTION triggers: process gone — RESTART CAP HIT (5/day), manual fix needed
2026-09-25 13:40:06 ACTION triggers: process gone — RESTART CAP HIT (5/day), manual fix needed
2026-09-25 13:40:19 ACTION triggers: process gone — RESTART CAP HIT (5/day), manual fix needed
2026-09-25 13:40:32 ACTION triggers: process gone — RESTART CAP HIT (5/day), manual fix needed
2026-09-25 13:40:45 ACTION triggers: process gone — RESTART CAP HIT (5/day), manual fix needed
2026-09-25 13:40:58 ACTION triggers: process gone — RESTART CAP HIT (5/day), manual fix needed
2026-09-25 13:41:11 ACTION triggers: process gone — RESTART CAP HIT (5/day), manual fix needed
2026-09-25 13:41:24 ACTION triggers: process gone — RESTART CAP HIT (5/day), manual fix needed
2026-09-25 13:41:37 ACTION triggers: process gone — RESTART CAP HIT (5/day), manual fix needed
2026-09-25 13:41:49 ACTION triggers: process gone — RESTART CAP HIT (5/day), manual fix needed
2026-09-25 13:42:02 ACTION triggers: process gone — RESTART CAP HIT (5/day), manual fix needed
2026-09-25 13:42:15 ACTION triggers: process gone — RESTART CAP HIT (5/day), manual fix needed
2026-09-25 13:42:28 ACTION triggers: process gone — RESTART CAP HIT (5/day), manual fix needed
2026-09-25 13:42:41 ACTION triggers: process gone — RESTART CAP HIT (5/day), manual fix needed
2026-09-25 13:42:54 ACTION triggers: process gone — RESTART CAP HIT (5/day), manual fix needed
2026-09-25 13:43:05 sim_daemon: process gone — task 'MyQuant Sim Daemon' Disabled; intentionally off, not restarting
2026-09-25 13:43:07 ACTION triggers: process gone — RESTART CAP HIT (5/day), manual fix needed
2026-09-25 13:43:07 ACTION triggers: process gone — RESTART CAP HIT (5/day), manual fix needed
2026-09-25 13:43:20 ACTION triggers: process gone — RESTART CAP HIT (5/day), manual fix needed
2026-09-25 13:43:33 ACTION triggers: process gone — RESTART CAP HIT (5/day), manual fix needed
2026-09-25 13:43:46 ACTION triggers: process gone — RESTART CAP HIT (5/day), manual fix needed
2026-09-25 13:43:58 ACTION triggers: process gone — RESTART CAP HIT (5/day), manual fix needed
2026-09-25 13:44:11 ACTION triggers: process gone — RESTART CAP HIT (5/day), manual fix needed
2026-09-25 13:44:24 ACTION triggers: process gone — RESTART CAP HIT (5/day), manual fix needed
2026-09-25 13:44:38 ACTION triggers: process gone — RESTART CAP HIT (5/day), manual fix needed
2026-09-25 13:44:50 ACTION triggers: process gone — RESTART CAP HIT (5/day), manual fix needed
2026-09-25 13:45:03 ACTION triggers: process gone — RESTART CAP HIT (5/day), manual fix needed
2026-09-25 13:45:16 ACTION triggers: process gone — RESTART CAP HIT (5/day), manual fix needed
2026-09-25 13:45:29 ACTION triggers: process gone — RESTART CAP HIT (5/day), manual fix needed
2026-09-25 13:45:42 ACTION triggers: process gone — RESTART CAP HIT (5/day), manual fix needed
2026-09-25 13:45:55 ACTION triggers: process gone — RESTART CAP HIT (5/day), manual fix needed
2026-09-25 13:46:08 ACTION triggers: process gone — RESTART CAP HIT (5/day), manual fix needed
2026-09-25 13:46:21 ACTION triggers: process gone — RESTART CAP HIT (5/day), manual fix needed
2026-09-25 13:46:34 ACTION triggers: process gone — RESTART CAP HIT (5/day), manual fix needed
2026-09-25 13:46:47 ACTION triggers: process gone — RESTART CAP HIT (5/day), manual fix needed
2026-09-25 13:46:59 ACTION triggers: process gone — RESTART CAP HIT (5/day), manual fix needed
2026-09-25 13:47:12 ACTION triggers: process gone — RESTART CAP HIT (5/day), manual fix needed
2026-09-25 13:47:25 ACTION triggers: process gone — RESTART CAP HIT (5/day), manual fix needed
2026-09-25 13:47:38 ACTION triggers: process gone — RESTART CAP HIT (5/day), manual fix needed
2026-09-25 13:47:51 ACTION triggers: process gone — RESTART CAP HIT (5/day), manual fix needed
2026-09-25 13:48:04 ACTION triggers: process gone — RESTART CAP HIT (5/day), manual fix needed
2026-09-25 13:48:05 sim_daemon: process gone — task 'MyQuant Sim Daemon' Disabled; intentionally off, not restarting
2026-09-25 13:48:07 ACTION triggers: process gone — RESTART CAP HIT (5/day), manual fix needed
2026-09-25 13:48:17 ACTION triggers: process gone — RESTART CAP HIT (5/day), manual fix needed
2026-09-25 13:48:30 ACTION triggers: process gone — RESTART CAP HIT (5/day), manual fix needed
2026-09-25 13:48:43 ACTION triggers: process gone — RESTART CAP HIT (5/day), manual fix needed
2026-09-25 13:48:56 ACTION triggers: process gone — RESTART CAP HIT (5/day), manual fix needed
2026-09-25 13:49:09 ACTION triggers: process gone — RESTART CAP HIT (5/day), manual fix needed
2026-09-25 13:49:21 ACTION triggers: process gone — RESTART CAP HIT (5/day), manual fix needed
2026-09-25 13:49:35 ACTION triggers: process gone — RESTART CAP HIT (5/day), manual fix needed
2026-09-25 13:49:47 ACTION triggers: process gone — RESTART CAP HIT (5/day), manual fix needed
2026-09-25 13:50:01 ACTION triggers: process gone — RESTART CAP HIT (5/day), manual fix needed
2026-09-25 13:50:13 ACTION triggers: process gone — RESTART CAP HIT (5/day), manual fix needed
2026-09-25 13:50:26 ACTION triggers: process gone — RESTART CAP HIT (5/day), manual fix needed
2026-09-25 13:50:39 ACTION triggers: process gone — RESTART CAP HIT (5/day), manual fix needed
2026-09-25 13:50:52 ACTION triggers: process gone — RESTART CAP HIT (5/day), manual fix needed
2026-09-25 13:51:05 ACTION triggers: process gone — RESTART CAP HIT (5/day), manual fix needed
2026-09-25 13:51:18 ACTION triggers: process gone — RESTART CAP HIT (5/day), manual fix needed
2026-09-25 13:51:30 ACTION triggers: process gone — RESTART CAP HIT (5/day), manual fix needed
2026-09-25 13:51:44 ACTION triggers: process gone — RESTART CAP HIT (5/day), manual fix needed
2026-09-25 13:51:56 ACTION triggers: process gone — RESTART CAP HIT (5/day), manual fix needed
2026-09-25 13:52:10 ACTION triggers: process gone — RESTART CAP HIT (5/day), manual fix needed
2026-09-25 13:52:22 ACTION triggers: process gone — RESTART CAP HIT (5/day), manual fix needed
2026-09-25 13:52:35 ACTION triggers: process gone — RESTART CAP HIT (5/day), manual fix needed
2026-09-25 13:52:48 ACTION triggers: process gone — RESTART CAP HIT (5/day), manual fix needed
2026-09-25 13:53:01 ACTION triggers: process gone — RESTART CAP HIT (5/day), manual fix needed
2026-09-25 13:53:05 sim_daemon: process gone — task 'MyQuant Sim Daemon' Disabled; intentionally off, not restarting
2026-09-25 13:53:07 ACTION triggers: process gone — RESTART CAP HIT (5/day), manual fix needed
2026-09-25 13:53:14 ACTION triggers: process gone — RESTART CAP HIT (5/day), manual fix needed
2026-09-25 13:53:27 ACTION triggers: process gone — RESTART CAP HIT (5/day), manual fix needed
2026-09-25 13:53:39 ACTION triggers: process gone — RESTART CAP HIT (5/day), manual fix needed
2026-09-25 13:53:53 ACTION triggers: process gone — RESTART CAP HIT (5/day), manual fix needed
2026-09-25 13:54:05 ACTION triggers: process gone — RESTART CAP HIT (5/day), manual fix needed
2026-09-25 13:54:19 ACTION triggers: process gone — RESTART CAP HIT (5/day), manual fix needed
2026-09-25 13:54:32 ACTION triggers: process gone — RESTART CAP HIT (5/day), manual fix needed
2026-09-25 13:54:44 ACTION triggers: process gone — RESTART CAP HIT (5/day), manual fix needed
2026-09-25 13:54:58 ACTION triggers: process gone — RESTART CAP HIT (5/day), manual fix needed
2026-09-25 13:55:10 ACTION triggers: process gone — RESTART CAP HIT (5/day), manual fix needed
2026-09-25 13:55:23 ACTION triggers: process gone — RESTART CAP HIT (5/day), manual fix needed
2026-09-25 13:55:36 ACTION triggers: process gone — RESTART CAP HIT (5/day), manual fix needed
2026-09-25 13:55:49 ACTION triggers: process gone — RESTART CAP HIT (5/day), manual fix needed
2026-09-25 13:56:02 ACTION triggers: process gone — RESTART CAP HIT (5/day), manual fix needed
2026-09-25 13:56:15 ACTION triggers: process gone — RESTART CAP HIT (5/day), manual fix needed
2026-09-25 13:56:28 ACTION triggers: process gone — RESTART CAP HIT (5/day), manual fix needed
2026-09-25 13:56:41 ACTION triggers: process gone — RESTART CAP HIT (5/day), manual fix needed
2026-09-25 13:56:53 ACTION triggers: process gone — RESTART CAP HIT (5/day), manual fix needed
2026-09-25 13:57:07 ACTION triggers: process gone — RESTART CAP HIT (5/day), manual fix needed
2026-09-25 13:57:19 ACTION triggers: process gone — RESTART CAP HIT (5/day), manual fix needed
2026-09-25 13:57:33 ACTION triggers: process gone — RESTART CAP HIT (5/day), manual fix needed
2026-09-25 13:57:46 ACTION triggers: process gone — RESTART CAP HIT (5/day), manual fix needed
2026-09-25 13:57:58 ACTION triggers: process gone — RESTART CAP HIT (5/day), manual fix needed
2026-09-25 13:58:05 sim_daemon: process gone — task 'MyQuant Sim Daemon' Disabled; intentionally off, not restarting
2026-09-25 13:58:07 ACTION triggers: process gone — RESTART CAP HIT (5/day), manual fix needed
2026-09-25 13:58:11 ACTION triggers: process gone — RESTART CAP HIT (5/day), manual fix needed
2026-09-25 13:58:24 ACTION triggers: process gone — RESTART CAP HIT (5/day), manual fix needed
2026-09-25 13:58:37 ACTION triggers: process gone — RESTART CAP HIT (5/day), manual fix needed
2026-09-25 13:58:50 ACTION triggers: process gone — RESTART CAP HIT (5/day), manual fix needed
2026-09-25 13:59:02 ACTION triggers: process gone — RESTART CAP HIT (5/day), manual fix needed
2026-09-25 13:59:16 ACTION triggers: process gone — RESTART CAP HIT (5/day), manual fix needed
2026-09-25 13:59:28 ACTION triggers: process gone — RESTART CAP HIT (5/day), manual fix needed
2026-09-25 13:59:42 ACTION triggers: process gone — RESTART CAP HIT (5/day), manual fix needed
2026-09-25 13:59:54 ACTION triggers: process gone — RESTART CAP HIT (5/day), manual fix needed
2026-09-25 14:00:07 ACTION triggers: process gone — RESTART CAP HIT (5/day), manual fix needed
2026-09-25 14:00:20 ACTION triggers: process gone — RESTART CAP HIT (5/day), manual fix needed
2026-09-25 14:00:33 ACTION triggers: process gone — RESTART CAP HIT (5/day), manual fix needed
2026-09-25 14:00:47 ACTION triggers: process gone — RESTART CAP HIT (5/day), manual fix needed
2026-09-25 14:00:59 ACTION triggers: process gone — RESTART CAP HIT (5/day), manual fix needed
2026-09-25 14:01:12 ACTION triggers: process gone — RESTART CAP HIT (5/day), manual fix needed
2026-09-25 14:01:25 ACTION triggers: process gone — RESTART CAP HIT (5/day), manual fix needed
2026-09-25 14:01:38 ACTION triggers: process gone — RESTART CAP HIT (5/day), manual fix needed
2026-09-25 14:01:51 ACTION triggers: process gone — RESTART CAP HIT (5/day), manual fix needed
2026-09-25 14:02:04 ACTION triggers: process gone — RESTART CAP HIT (5/day), manual fix needed
2026-09-25 14:02:17 ACTION triggers: process gone — RESTART CAP HIT (5/day), manual fix needed
2026-09-25 14:02:30 ACTION triggers: process gone — RESTART CAP HIT (5/day), manual fix needed
2026-09-25 14:02:42 ACTION triggers: process gone — RESTART CAP HIT (5/day), manual fix needed
2026-09-25 14:02:56 ACTION triggers: process gone — RESTART CAP HIT (5/day), manual fix needed
2026-09-25 14:03:05 sim_daemon: process gone — task 'MyQuant Sim Daemon' Disabled; intentionally off, not restarting
2026-09-25 14:03:07 ACTION triggers: process gone — RESTART CAP HIT (5/day), manual fix needed
2026-09-25 14:03:09 ACTION triggers: process gone — RESTART CAP HIT (5/day), manual fix needed
2026-09-25 14:03:22 ACTION triggers: process gone — RESTART CAP HIT (5/day), manual fix needed
2026-09-25 14:03:35 ACTION triggers: process gone — RESTART CAP HIT (5/day), manual fix needed
2026-09-25 14:03:48 ACTION triggers: process gone — RESTART CAP HIT (5/day), manual fix needed
2026-09-25 14:04:01 ACTION triggers: process gone — RESTART CAP HIT (5/day), manual fix needed
2026-09-25 14:04:14 ACTION triggers: process gone — RESTART CAP HIT (5/day), manual fix needed
2026-09-25 14:04:26 ACTION triggers: process gone — RESTART CAP HIT (5/day), manual fix needed
2026-09-25 14:04:40 ACTION triggers: process gone — RESTART CAP HIT (5/day), manual fix needed
2026-09-25 14:04:52 ACTION triggers: process gone — RESTART CAP HIT (5/day), manual fix needed
2026-09-25 14:05:06 ACTION triggers: process gone — RESTART CAP HIT (5/day), manual fix needed
2026-09-25 14:05:18 ACTION triggers: process gone — RESTART CAP HIT (5/day), manual fix needed
2026-09-25 14:05:31 ACTION triggers: process gone — RESTART CAP HIT (5/day), manual fix needed
2026-09-25 14:05:44 ACTION triggers: process gone — RESTART CAP HIT (5/day), manual fix needed
2026-09-25 14:05:57 ACTION triggers: process gone — RESTART CAP HIT (5/day), manual fix needed
2026-09-25 14:06:10 ACTION triggers: process gone — RESTART CAP HIT (5/day), manual fix needed
2026-09-25 14:06:23 ACTION triggers: process gone — RESTART CAP HIT (5/day), manual fix needed
2026-09-25 14:06:35 ACTION triggers: process gone — RESTART CAP HIT (5/day), manual fix needed
2026-09-25 14:06:48 ACTION triggers: process gone — RESTART CAP HIT (5/day), manual fix needed
2026-09-25 14:07:01 ACTION triggers: process gone — RESTART CAP HIT (5/day), manual fix needed
2026-09-25 14:07:15 ACTION triggers: process gone — RESTART CAP HIT (5/day), manual fix needed
2026-09-25 14:07:27 ACTION triggers: process gone — RESTART CAP HIT (5/day), manual fix needed
2026-09-25 14:07:40 ACTION triggers: process gone — RESTART CAP HIT (5/day), manual fix needed
2026-09-25 14:07:53 ACTION triggers: process gone — RESTART CAP HIT (5/day), manual fix needed
2026-09-25 14:08:05 sim_daemon: process gone — task 'MyQuant Sim Daemon' Disabled; intentionally off, not restarting
2026-09-25 14:08:06 ACTION triggers: process gone — RESTART CAP HIT (5/day), manual fix needed
2026-09-25 14:08:07 ACTION triggers: process gone — RESTART CAP HIT (5/day), manual fix needed
2026-09-25 14:08:19 ACTION triggers: process gone — RESTART CAP HIT (5/day), manual fix needed
2026-09-25 14:08:32 ACTION triggers: process gone — RESTART CAP HIT (5/day), manual fix needed
2026-09-25 14:08:44 ACTION triggers: process gone — RESTART CAP HIT (5/day), manual fix needed
2026-09-25 14:08:58 ACTION triggers: process gone — RESTART CAP HIT (5/day), manual fix needed
2026-09-25 14:09:10 ACTION triggers: process gone — RESTART CAP HIT (5/day), manual fix needed
2026-09-25 14:09:24 ACTION triggers: process gone — RESTART CAP HIT (5/day), manual fix needed
2026-09-25 14:09:36 ACTION triggers: process gone — RESTART CAP HIT (5/day), manual fix needed
2026-09-25 14:09:49 ACTION triggers: process gone — RESTART CAP HIT (5/day), manual fix needed
2026-09-25 14:10:02 ACTION triggers: process gone — RESTART CAP HIT (5/day), manual fix needed
2026-09-25 14:10:15 ACTION triggers: process gone — RESTART CAP HIT (5/day), manual fix needed
2026-09-25 14:10:28 ACTION triggers: process gone — RESTART CAP HIT (5/day), manual fix needed
2026-09-25 14:10:41 ACTION triggers: process gone — RESTART CAP HIT (5/day), manual fix needed
2026-09-25 14:10:54 ACTION triggers: process gone — RESTART CAP HIT (5/day), manual fix needed
2026-09-25 14:11:07 ACTION triggers: process gone — RESTART CAP HIT (5/day), manual fix needed
2026-09-25 14:11:20 ACTION triggers: process gone — RESTART CAP HIT (5/day), manual fix needed
2026-09-25 14:11:33 ACTION triggers: process gone — RESTART CAP HIT (5/day), manual fix needed
2026-09-25 14:11:45 ACTION triggers: process gone — RESTART CAP HIT (5/day), manual fix needed
2026-09-25 14:11:58 ACTION triggers: process gone — RESTART CAP HIT (5/day), manual fix needed
2026-09-25 14:12:11 ACTION triggers: process gone — RESTART CAP HIT (5/day), manual fix needed
2026-09-25 14:12:24 ACTION triggers: process gone — RESTART CAP HIT (5/day), manual fix needed
2026-09-25 14:12:37 ACTION triggers: process gone — RESTART CAP HIT (5/day), manual fix needed
2026-09-25 14:12:50 ACTION triggers: process gone — RESTART CAP HIT (5/day), manual fix needed
2026-09-25 14:13:03 ACTION triggers: process gone — RESTART CAP HIT (5/day), manual fix needed
2026-09-25 14:13:05 sim_daemon: process gone — task 'MyQuant Sim Daemon' Disabled; intentionally off, not restarting
2026-09-25 14:13:07 ACTION triggers: process gone — RESTART CAP HIT (5/day), manual fix needed
2026-09-25 14:13:16 ACTION triggers: process gone — RESTART CAP HIT (5/day), manual fix needed
2026-09-25 14:13:29 ACTION triggers: process gone — RESTART CAP HIT (5/day), manual fix needed
2026-09-25 14:13:42 ACTION triggers: process gone — RESTART CAP HIT (5/day), manual fix needed
2026-09-25 14:13:55 ACTION triggers: process gone — RESTART CAP HIT (5/day), manual fix needed
2026-09-25 14:14:07 ACTION triggers: process gone — RESTART CAP HIT (5/day), manual fix needed
2026-09-25 14:14:21 ACTION triggers: process gone — RESTART CAP HIT (5/day), manual fix needed
2026-09-25 14:14:33 ACTION triggers: process gone — RESTART CAP HIT (5/day), manual fix needed
2026-09-25 14:14:46 ACTION triggers: process gone — RESTART CAP HIT (5/day), manual fix needed
2026-09-25 14:14:59 ACTION triggers: process gone — RESTART CAP HIT (5/day), manual fix needed
2026-09-25 14:15:12 ACTION triggers: process gone — RESTART CAP HIT (5/day), manual fix needed
2026-09-25 14:15:25 ACTION triggers: process gone — RESTART CAP HIT (5/day), manual fix needed
2026-09-25 14:15:38 ACTION triggers: process gone — RESTART CAP HIT (5/day), manual fix needed
2026-09-25 14:15:51 ACTION triggers: process gone — RESTART CAP HIT (5/day), manual fix needed
2026-09-25 14:16:03 ACTION triggers: process gone — RESTART CAP HIT (5/day), manual fix needed
2026-09-25 14:16:16 ACTION triggers: process gone — RESTART CAP HIT (5/day), manual fix needed
2026-09-25 14:16:29 ACTION triggers: process gone — RESTART CAP HIT (5/day), manual fix needed
2026-09-25 14:16:42 ACTION triggers: process gone — RESTART CAP HIT (5/day), manual fix needed
2026-09-25 14:16:55 ACTION triggers: process gone — RESTART CAP HIT (5/day), manual fix needed
2026-09-25 14:17:08 ACTION triggers: process gone — RESTART CAP HIT (5/day), manual fix needed
2026-09-25 14:17:21 ACTION triggers: process gone — RESTART CAP HIT (5/day), manual fix needed
2026-09-25 14:17:34 ACTION triggers: process gone — RESTART CAP HIT (5/day), manual fix needed
2026-09-25 14:17:47 ACTION triggers: process gone — RESTART CAP HIT (5/day), manual fix needed
2026-09-25 14:18:00 ACTION triggers: process gone — RESTART CAP HIT (5/day), manual fix needed
2026-09-25 14:18:05 sim_daemon: process gone — task 'MyQuant Sim Daemon' Disabled; intentionally off, not restarting
2026-09-25 14:18:07 ACTION triggers: process gone — RESTART CAP HIT (5/day), manual fix needed
2026-09-25 14:18:13 ACTION triggers: process gone — RESTART CAP HIT (5/day), manual fix needed
2026-09-25 14:18:25 ACTION triggers: process gone — RESTART CAP HIT (5/day), manual fix needed
2026-09-25 14:18:39 ACTION triggers: process gone — RESTART CAP HIT (5/day), manual fix needed
2026-09-25 14:18:51 ACTION triggers: process gone — RESTART CAP HIT (5/day), manual fix needed
2026-09-25 14:19:04 ACTION triggers: process gone — RESTART CAP HIT (5/day), manual fix needed
2026-09-25 14:19:17 ACTION triggers: process gone — RESTART CAP HIT (5/day), manual fix needed
2026-09-25 14:19:30 ACTION triggers: process gone — RESTART CAP HIT (5/day), manual fix needed
2026-09-25 14:19:43 ACTION triggers: process gone — RESTART CAP HIT (5/day), manual fix needed
2026-09-25 14:19:56 ACTION triggers: process gone — RESTART CAP HIT (5/day), manual fix needed
2026-09-25 14:20:09 ACTION triggers: process gone — RESTART CAP HIT (5/day), manual fix needed
2026-09-25 14:20:22 ACTION triggers: process gone — RESTART CAP HIT (5/day), manual fix needed
2026-09-25 14:20:35 ACTION triggers: process gone — RESTART CAP HIT (5/day), manual fix needed
2026-09-25 14:20:48 ACTION triggers: process gone — RESTART CAP HIT (5/day), manual fix needed
2026-09-25 14:21:01 ACTION triggers: process gone — RESTART CAP HIT (5/day), manual fix needed
2026-09-25 14:21:14 ACTION triggers: process gone — RESTART CAP HIT (5/day), manual fix needed
2026-09-25 14:21:27 ACTION triggers: process gone — RESTART CAP HIT (5/day), manual fix needed
2026-09-25 14:21:39 ACTION triggers: process gone — RESTART CAP HIT (5/day), manual fix needed
2026-09-25 14:21:52 ACTION triggers: process gone — RESTART CAP HIT (5/day), manual fix needed
2026-09-25 14:22:05 ACTION triggers: process gone — RESTART CAP HIT (5/day), manual fix needed
2026-09-25 14:22:19 ACTION triggers: process gone — RESTART CAP HIT (5/day), manual fix needed
2026-09-25 14:22:31 ACTION triggers: process gone — RESTART CAP HIT (5/day), manual fix needed
2026-09-25 14:22:44 ACTION triggers: process gone — RESTART CAP HIT (5/day), manual fix needed
2026-09-25 14:22:57 ACTION triggers: process gone — RESTART CAP HIT (5/day), manual fix needed
2026-09-25 14:23:05 sim_daemon: process gone — task 'MyQuant Sim Daemon' Disabled; intentionally off, not restarting
2026-09-25 14:23:07 ACTION triggers: process gone — RESTART CAP HIT (5/day), manual fix needed
2026-09-25 14:23:10 ACTION triggers: process gone — RESTART CAP HIT (5/day), manual fix needed
2026-09-25 14:23:23 ACTION triggers: process gone — RESTART CAP HIT (5/day), manual fix needed
2026-09-25 14:23:36 ACTION triggers: process gone — RESTART CAP HIT (5/day), manual fix needed
2026-09-25 14:23:49 ACTION triggers: process gone — RESTART CAP HIT (5/day), manual fix needed
2026-09-25 14:24:02 ACTION triggers: process gone — RESTART CAP HIT (5/day), manual fix needed
2026-09-25 14:24:14 ACTION triggers: process gone — RESTART CAP HIT (5/day), manual fix needed
2026-09-25 14:24:28 ACTION triggers: process gone — RESTART CAP HIT (5/day), manual fix needed
2026-09-25 14:24:40 ACTION triggers: process gone — RESTART CAP HIT (5/day), manual fix needed
2026-09-25 14:24:53 ACTION triggers: process gone — RESTART CAP HIT (5/day), manual fix needed
2026-09-25 14:25:06 ACTION triggers: process gone — RESTART CAP HIT (5/day), manual fix needed
2026-09-25 14:25:19 ACTION triggers: process gone — RESTART CAP HIT (5/day), manual fix needed
2026-09-25 14:25:32 ACTION triggers: process gone — RESTART CAP HIT (5/day), manual fix needed
2026-09-25 14:25:45 ACTION triggers: process gone — RESTART CAP HIT (5/day), manual fix needed
2026-09-25 14:25:58 ACTION triggers: process gone — RESTART CAP HIT (5/day), manual fix needed
2026-09-25 14:26:11 ACTION triggers: process gone — RESTART CAP HIT (5/day), manual fix needed
2026-09-25 14:26:24 ACTION triggers: process gone — RESTART CAP HIT (5/day), manual fix needed
2026-09-25 14:26:37 ACTION triggers: process gone — RESTART CAP HIT (5/day), manual fix needed
2026-09-25 14:26:50 ACTION triggers: process gone — RESTART CAP HIT (5/day), manual fix needed
2026-09-25 14:27:02 ACTION triggers: process gone — RESTART CAP HIT (5/day), manual fix needed
2026-09-25 14:27:16 ACTION triggers: process gone — RESTART CAP HIT (5/day), manual fix needed
2026-09-25 14:27:28 ACTION triggers: process gone — RESTART CAP HIT (5/day), manual fix needed
2026-09-25 14:27:41 ACTION triggers: process gone — RESTART CAP HIT (5/day), manual fix needed
2026-09-25 14:27:54 ACTION triggers: process gone — RESTART CAP HIT (5/day), manual fix needed
2026-09-25 14:28:05 sim_daemon: process gone — task 'MyQuant Sim Daemon' Disabled; intentionally off, not restarting
2026-09-25 14:28:07 ACTION triggers: process gone — RESTART CAP HIT (5/day), manual fix needed
2026-09-25 14:28:07 ACTION triggers: process gone — RESTART CAP HIT (5/day), manual fix needed
2026-09-25 14:28:20 ACTION triggers: process gone — RESTART CAP HIT (5/day), manual fix needed
2026-09-25 14:28:33 ACTION triggers: process gone — RESTART CAP HIT (5/day), manual fix needed
2026-09-25 14:28:46 ACTION triggers: process gone — RESTART CAP HIT (5/day), manual fix needed
2026-09-25 14:28:59 ACTION triggers: process gone — RESTART CAP HIT (5/day), manual fix needed
2026-09-25 14:29:11 ACTION triggers: process gone — RESTART CAP HIT (5/day), manual fix needed
2026-09-25 14:29:25 ACTION triggers: process gone — RESTART CAP HIT (5/day), manual fix needed
2026-09-25 14:29:37 ACTION triggers: process gone — RESTART CAP HIT (5/day), manual fix needed
2026-09-25 14:29:51 ACTION triggers: process gone — RESTART CAP HIT (5/day), manual fix needed
2026-09-25 14:30:04 ACTION triggers: process gone — RESTART CAP HIT (5/day), manual fix needed
2026-09-25 14:30:16 ACTION triggers: process gone — RESTART CAP HIT (5/day), manual fix needed
2026-09-25 14:30:30 ACTION triggers: process gone — RESTART CAP HIT (5/day), manual fix needed
2026-09-25 14:30:42 ACTION triggers: process gone — RESTART CAP HIT (5/day), manual fix needed
2026-09-25 14:30:55 ACTION triggers: process gone — RESTART CAP HIT (5/day), manual fix needed
2026-09-25 14:31:08 ACTION triggers: process gone — RESTART CAP HIT (5/day), manual fix needed
2026-09-25 14:31:21 ACTION triggers: process gone — RESTART CAP HIT (5/day), manual fix needed
2026-09-25 14:31:34 ACTION triggers: process gone — RESTART CAP HIT (5/day), manual fix needed
2026-09-25 14:31:47 ACTION triggers: process gone — RESTART CAP HIT (5/day), manual fix needed
2026-09-25 14:32:00 ACTION triggers: process gone — RESTART CAP HIT (5/day), manual fix needed
2026-09-25 14:32:13 ACTION triggers: process gone — RESTART CAP HIT (5/day), manual fix needed
2026-09-25 14:32:25 ACTION triggers: process gone — RESTART CAP HIT (5/day), manual fix needed
2026-09-25 14:32:39 ACTION triggers: process gone — RESTART CAP HIT (5/day), manual fix needed
2026-09-25 14:32:52 ACTION triggers: process gone — RESTART CAP HIT (5/day), manual fix needed
2026-09-25 14:33:05 ACTION triggers: process gone — RESTART CAP HIT (5/day), manual fix needed
2026-09-25 14:33:05 sim_daemon: process gone — task 'MyQuant Sim Daemon' Disabled; intentionally off, not restarting
2026-09-25 14:33:07 ACTION triggers: process gone — RESTART CAP HIT (5/day), manual fix needed
2026-09-25 14:33:18 ACTION triggers: process gone — RESTART CAP HIT (5/day), manual fix needed
2026-09-25 14:33:30 ACTION triggers: process gone — RESTART CAP HIT (5/day), manual fix needed
2026-09-25 14:33:44 ACTION triggers: process gone — RESTART CAP HIT (5/day), manual fix needed
2026-09-25 14:33:56 ACTION triggers: process gone — RESTART CAP HIT (5/day), manual fix needed
2026-09-25 14:34:09 ACTION triggers: process gone — RESTART CAP HIT (5/day), manual fix needed
2026-09-25 14:34:22 ACTION triggers: process gone — RESTART CAP HIT (5/day), manual fix needed
2026-09-25 14:34:35 ACTION triggers: process gone — RESTART CAP HIT (5/day), manual fix needed
2026-09-25 14:34:48 ACTION triggers: process gone — RESTART CAP HIT (5/day), manual fix needed
2026-09-25 14:35:01 ACTION triggers: process gone — RESTART CAP HIT (5/day), manual fix needed
2026-09-25 14:35:14 ACTION triggers: process gone — RESTART CAP HIT (5/day), manual fix needed
2026-09-25 14:35:26 ACTION triggers: process gone — RESTART CAP HIT (5/day), manual fix needed
2026-09-25 14:35:39 ACTION triggers: process gone — RESTART CAP HIT (5/day), manual fix needed
2026-09-25 14:35:52 ACTION triggers: process gone — RESTART CAP HIT (5/day), manual fix needed
2026-09-25 14:36:05 ACTION triggers: process gone — RESTART CAP HIT (5/day), manual fix needed
2026-09-25 14:36:19 ACTION triggers: process gone — RESTART CAP HIT (5/day), manual fix needed
2026-09-25 14:36:31 ACTION triggers: process gone — RESTART CAP HIT (5/day), manual fix needed
2026-09-25 14:36:44 ACTION triggers: process gone — RESTART CAP HIT (5/day), manual fix needed
2026-09-25 14:36:57 ACTION triggers: process gone — RESTART CAP HIT (5/day), manual fix needed
2026-09-25 14:37:10 ACTION triggers: process gone — RESTART CAP HIT (5/day), manual fix needed
2026-09-25 14:37:23 ACTION triggers: process gone — RESTART CAP HIT (5/day), manual fix needed
2026-09-25 14:37:36 ACTION triggers: process gone — RESTART CAP HIT (5/day), manual fix needed
2026-09-25 14:37:48 ACTION triggers: process gone — RESTART CAP HIT (5/day), manual fix needed
2026-09-25 14:38:02 ACTION triggers: process gone — RESTART CAP HIT (5/day), manual fix needed
2026-09-25 14:38:05 sim_daemon: process gone — task 'MyQuant Sim Daemon' Disabled; intentionally off, not restarting
2026-09-25 14:38:07 ACTION triggers: process gone — RESTART CAP HIT (5/day), manual fix needed
2026-09-25 14:38:14 ACTION triggers: process gone — RESTART CAP HIT (5/day), manual fix needed
2026-09-25 14:38:28 ACTION triggers: process gone — RESTART CAP HIT (5/day), manual fix needed
2026-09-25 14:38:40 ACTION triggers: process gone — RESTART CAP HIT (5/day), manual fix needed
2026-09-25 14:38:53 ACTION triggers: process gone — RESTART CAP HIT (5/day), manual fix needed
2026-09-25 14:39:06 ACTION triggers: process gone — RESTART CAP HIT (5/day), manual fix needed
2026-09-25 14:39:19 ACTION triggers: process gone — RESTART CAP HIT (5/day), manual fix needed
2026-09-25 14:39:32 ACTION triggers: process gone — RESTART CAP HIT (5/day), manual fix needed
2026-09-25 14:39:45 ACTION triggers: process gone — RESTART CAP HIT (5/day), manual fix needed
2026-09-25 14:39:57 ACTION triggers: process gone — RESTART CAP HIT (5/day), manual fix needed
2026-09-25 14:40:11 ACTION triggers: process gone — RESTART CAP HIT (5/day), manual fix needed
2026-09-25 14:40:23 ACTION triggers: process gone — RESTART CAP HIT (5/day), manual fix needed
2026-09-25 14:40:37 ACTION triggers: process gone — RESTART CAP HIT (5/day), manual fix needed
2026-09-25 14:40:49 ACTION triggers: process gone — RESTART CAP HIT (5/day), manual fix needed
2026-09-25 14:41:02 ACTION triggers: process gone — RESTART CAP HIT (5/day), manual fix needed
2026-09-25 14:41:15 ACTION triggers: process gone — RESTART CAP HIT (5/day), manual fix needed
2026-09-25 14:41:28 ACTION triggers: process gone — RESTART CAP HIT (5/day), manual fix needed
2026-09-25 14:41:41 ACTION triggers: process gone — RESTART CAP HIT (5/day), manual fix needed
2026-09-25 14:41:54 ACTION triggers: process gone — RESTART CAP HIT (5/day), manual fix needed
2026-09-25 14:42:07 ACTION triggers: process gone — RESTART CAP HIT (5/day), manual fix needed
2026-09-25 14:42:20 ACTION triggers: process gone — RESTART CAP HIT (5/day), manual fix needed
2026-09-25 14:42:33 ACTION triggers: process gone — RESTART CAP HIT (5/day), manual fix needed
2026-09-25 14:42:46 ACTION triggers: process gone — RESTART CAP HIT (5/day), manual fix needed
2026-09-25 14:42:59 ACTION triggers: process gone — RESTART CAP HIT (5/day), manual fix needed
2026-09-25 14:43:05 sim_daemon: process gone — task 'MyQuant Sim Daemon' Disabled; intentionally off, not restarting
2026-09-25 14:43:07 ACTION triggers: process gone — RESTART CAP HIT (5/day), manual fix needed
2026-09-25 14:43:11 ACTION triggers: process gone — RESTART CAP HIT (5/day), manual fix needed
2026-09-25 14:43:25 ACTION triggers: process gone — RESTART CAP HIT (5/day), manual fix needed
2026-09-25 14:43:37 ACTION triggers: process gone — RESTART CAP HIT (5/day), manual fix needed
2026-09-25 14:43:50 ACTION triggers: process gone — RESTART CAP HIT (5/day), manual fix needed
2026-09-25 14:44:03 ACTION triggers: process gone — RESTART CAP HIT (5/day), manual fix needed
2026-09-25 14:44:16 ACTION triggers: process gone — RESTART CAP HIT (5/day), manual fix needed
2026-09-25 14:44:29 ACTION triggers: process gone — RESTART CAP HIT (5/day), manual fix needed
2026-09-25 14:44:42 ACTION triggers: process gone — RESTART CAP HIT (5/day), manual fix needed
2026-09-25 14:44:55 ACTION triggers: process gone — RESTART CAP HIT (5/day), manual fix needed
2026-09-25 14:45:08 ACTION triggers: process gone — RESTART CAP HIT (5/day), manual fix needed
2026-09-25 14:45:20 ACTION triggers: process gone — RESTART CAP HIT (5/day), manual fix needed
2026-09-25 14:45:34 ACTION triggers: process gone — RESTART CAP HIT (5/day), manual fix needed
2026-09-25 14:45:47 ACTION triggers: process gone — RESTART CAP HIT (5/day), manual fix needed
2026-09-25 14:46:00 ACTION triggers: process gone — RESTART CAP HIT (5/day), manual fix needed
2026-09-25 14:46:12 ACTION triggers: process gone — RESTART CAP HIT (5/day), manual fix needed
2026-09-25 14:46:25 ACTION triggers: process gone — RESTART CAP HIT (5/day), manual fix needed
2026-09-25 14:46:38 ACTION triggers: process gone — RESTART CAP HIT (5/day), manual fix needed
2026-09-25 14:46:51 ACTION triggers: process gone — RESTART CAP HIT (5/day), manual fix needed
2026-09-25 14:47:04 ACTION triggers: process gone — RESTART CAP HIT (5/day), manual fix needed
2026-09-25 14:47:17 ACTION triggers: process gone — RESTART CAP HIT (5/day), manual fix needed
2026-09-25 14:47:30 ACTION triggers: process gone — RESTART CAP HIT (5/day), manual fix needed
2026-09-25 14:47:43 ACTION triggers: process gone — RESTART CAP HIT (5/day), manual fix needed
2026-09-25 14:47:56 ACTION triggers: process gone — RESTART CAP HIT (5/day), manual fix needed
2026-09-25 14:48:05 sim_daemon: process gone — task 'MyQuant Sim Daemon' Disabled; intentionally off, not restarting
2026-09-25 14:48:07 ACTION triggers: process gone — RESTART CAP HIT (5/day), manual fix needed
2026-09-25 14:48:09 ACTION triggers: process gone — RESTART CAP HIT (5/day), manual fix needed
2026-09-25 14:48:22 ACTION triggers: process gone — RESTART CAP HIT (5/day), manual fix needed
2026-09-25 14:48:35 ACTION triggers: process gone — RESTART CAP HIT (5/day), manual fix needed
2026-09-25 14:48:48 ACTION triggers: process gone — RESTART CAP HIT (5/day), manual fix needed
2026-09-25 14:49:01 ACTION triggers: process gone — RESTART CAP HIT (5/day), manual fix needed
2026-09-25 14:49:14 ACTION triggers: process gone — RESTART CAP HIT (5/day), manual fix needed
2026-09-25 14:49:27 ACTION triggers: process gone — RESTART CAP HIT (5/day), manual fix needed
2026-09-25 14:49:40 ACTION triggers: process gone — RESTART CAP HIT (5/day), manual fix needed
2026-09-25 14:49:53 ACTION triggers: process gone — RESTART CAP HIT (5/day), manual fix needed
2026-09-25 14:50:04 ACTION triggers: process gone — RESTART CAP HIT (5/day), manual fix needed
2026-09-25 14:50:16 ACTION triggers: process gone — RESTART CAP HIT (5/day), manual fix needed
2026-09-25 14:50:27 ACTION triggers: process gone — RESTART CAP HIT (5/day), manual fix needed
2026-09-25 14:50:39 ACTION triggers: process gone — RESTART CAP HIT (5/day), manual fix needed
2026-09-25 14:50:50 ACTION triggers: process gone — RESTART CAP HIT (5/day), manual fix needed
2026-09-25 14:51:02 ACTION triggers: process gone — RESTART CAP HIT (5/day), manual fix needed
2026-09-25 14:51:14 ACTION triggers: process gone — RESTART CAP HIT (5/day), manual fix needed
2026-09-25 14:51:25 ACTION triggers: process gone — RESTART CAP HIT (5/day), manual fix needed
2026-09-25 14:51:37 ACTION triggers: process gone — RESTART CAP HIT (5/day), manual fix needed
2026-09-25 14:51:48 ACTION triggers: process gone — RESTART CAP HIT (5/day), manual fix needed
2026-09-25 14:51:59 ACTION triggers: process gone — RESTART CAP HIT (5/day), manual fix needed
2026-09-25 14:52:11 ACTION triggers: process gone — RESTART CAP HIT (5/day), manual fix needed
2026-09-25 14:52:23 ACTION triggers: process gone — RESTART CAP HIT (5/day), manual fix needed
2026-09-25 14:52:34 ACTION triggers: process gone — RESTART CAP HIT (5/day), manual fix needed
2026-09-25 14:52:46 ACTION triggers: process gone — RESTART CAP HIT (5/day), manual fix needed
2026-09-25 14:52:57 ACTION triggers: process gone — RESTART CAP HIT (5/day), manual fix needed
2026-09-25 14:53:05 ACTION triggers: process gone — RESTART CAP HIT (5/day), manual fix needed
2026-09-25 14:53:08 ACTION triggers: process gone — RESTART CAP HIT (5/day), manual fix needed
2026-09-25 14:53:20 ACTION triggers: process gone — RESTART CAP HIT (5/day), manual fix needed
2026-09-25 14:53:32 ACTION triggers: process gone — RESTART CAP HIT (5/day), manual fix needed
2026-09-25 14:53:43 ACTION triggers: process gone — RESTART CAP HIT (5/day), manual fix needed
2026-09-25 14:53:55 ACTION triggers: process gone — RESTART CAP HIT (5/day), manual fix needed
2026-09-25 14:54:06 ACTION triggers: process gone — RESTART CAP HIT (5/day), manual fix needed
2026-09-25 14:54:18 ACTION triggers: process gone — RESTART CAP HIT (5/day), manual fix needed
2026-09-25 14:54:30 ACTION triggers: process gone — RESTART CAP HIT (5/day), manual fix needed
2026-09-25 14:54:41 ACTION triggers: process gone — RESTART CAP HIT (5/day), manual fix needed
2026-09-25 14:54:53 ACTION triggers: process gone — RESTART CAP HIT (5/day), manual fix needed
2026-09-25 14:55:03 all green (daemon)
2026-09-25 14:55:55 marks: killing hung pair [6900, 21488]
2026-09-25 14:55:55 ACTION marks: marks.csv 302s — restarting via 'MyQuant Marks Watch'
2026-09-25 14:56:06 marks: marks.csv 315s — in cooldown (12s), waiting
2026-09-25 14:56:18 marks: marks.csv 326s — in cooldown (23s), waiting
2026-09-25 14:56:29 marks: marks.csv 337s — in cooldown (34s), waiting
2026-09-25 14:58:03 all green
2026-09-25 15:03:03 all green
2026-09-25 15:05:10 all green (daemon)
2026-09-25 15:08:03 all green
2026-09-25 15:13:03 all green
2026-09-25 15:15:03 daemon mode: 10s cadence, fast thresholds
2026-09-25 15:15:03 all green (daemon)
2026-09-25 15:18:03 all green
2026-09-25 15:20:03 daemon: market window closed, exiting
2026-09-26 07:15:02 skip: Saturday — market closed
2026-09-26 07:18:02 skip: Saturday — market closed
2026-09-26 07:23:03 skip: Saturday — market closed
2026-09-26 07:25:04 skip: Saturday — market closed
2026-09-26 07:28:03 skip: Saturday — market closed
2026-09-26 07:33:03 skip: Saturday — market closed
2026-09-26 07:35:03 skip: Saturday — market closed
2026-09-26 07:38:03 skip: Saturday — market closed
2026-09-26 07:43:03 skip: Saturday — market closed
2026-09-26 07:45:03 skip: Saturday — market closed
2026-09-26 07:48:03 skip: Saturday — market closed
2026-09-26 07:53:03 skip: Saturday — market closed
2026-09-26 07:55:03 skip: Saturday — market closed
2026-09-26 07:58:03 skip: Saturday — market closed
2026-09-26 08:03:03 skip: Saturday — market closed
2026-09-26 08:05:03 skip: Saturday — market closed
2026-09-26 08:08:03 skip: Saturday — market closed
2026-09-26 08:13:03 skip: Saturday — market closed
2026-09-26 08:15:03 skip: Saturday — market closed
2026-09-26 08:18:05 skip: Saturday — market closed
2026-09-26 08:23:03 skip: Saturday — market closed
2026-09-26 08:25:03 skip: Saturday — market closed
2026-09-26 08:28:03 skip: Saturday — market closed
2026-09-26 08:33:03 skip: Saturday — market closed
2026-09-26 08:35:03 skip: Saturday — market closed
2026-09-26 08:38:03 skip: Saturday — market closed
2026-09-26 08:43:04 skip: Saturday — market closed
2026-09-26 08:45:03 skip: Saturday — market closed
2026-09-26 08:48:03 skip: Saturday — market closed
2026-09-26 08:53:03 skip: Saturday — market closed
2026-09-26 08:55:03 skip: Saturday — market closed
2026-09-26 08:58:03 skip: Saturday — market closed
2026-09-26 09:03:03 skip: Saturday — market closed
2026-09-26 09:05:03 skip: Saturday — market closed
2026-09-26 09:08:03 skip: Saturday — market closed
2026-09-26 09:13:03 skip: Saturday — market closed
2026-09-26 09:15:03 skip: Saturday — market closed
2026-09-26 09:18:03 skip: Saturday — market closed
2026-09-26 09:23:03 skip: Saturday — market closed
2026-09-26 09:25:03 skip: Saturday — market closed
2026-09-26 09:28:03 skip: Saturday — market closed
2026-09-26 09:33:03 skip: Saturday — market closed
2026-09-26 09:35:03 skip: Saturday — market closed
2026-09-26 09:38:03 skip: Saturday — market closed
2026-09-26 09:43:03 skip: Saturday — market closed
2026-09-26 09:45:03 skip: Saturday — market closed
2026-09-26 09:48:03 skip: Saturday — market closed
2026-09-26 09:53:03 skip: Saturday — market closed
2026-09-26 09:55:03 skip: Saturday — market closed
2026-09-26 09:58:03 skip: Saturday — market closed
2026-09-26 10:03:03 skip: Saturday — market closed
2026-09-26 10:05:03 skip: Saturday — market closed
2026-09-26 10:08:03 skip: Saturday — market closed
2026-09-26 10:13:05 skip: Saturday — market closed
2026-09-26 10:15:04 skip: Saturday — market closed
2026-09-26 10:18:04 skip: Saturday — market closed
2026-09-26 10:23:03 skip: Saturday — market closed
2026-09-26 10:25:03 skip: Saturday — market closed
2026-09-26 10:28:03 skip: Saturday — market closed
2026-09-26 10:33:03 skip: Saturday — market closed
2026-09-26 10:35:03 skip: Saturday — market closed
2026-09-26 10:38:03 skip: Saturday — market closed
2026-09-26 10:43:03 skip: Saturday — market closed
2026-09-26 10:45:03 skip: Saturday — market closed
2026-09-26 10:48:04 skip: Saturday — market closed
2026-09-26 10:53:03 skip: Saturday — market closed
2026-09-26 10:55:04 skip: Saturday — market closed
2026-09-26 10:58:03 skip: Saturday — market closed
2026-09-26 11:03:03 skip: Saturday — market closed
2026-09-26 11:05:03 skip: Saturday — market closed
2026-09-26 11:08:03 skip: Saturday — market closed
2026-09-26 11:13:03 skip: Saturday — market closed
2026-09-26 11:15:03 skip: Saturday — market closed
2026-09-26 11:18:03 skip: Saturday — market closed
2026-09-26 11:23:03 skip: Saturday — market closed
2026-09-26 11:25:03 skip: Saturday — market closed
2026-09-26 11:28:03 skip: Saturday — market closed
2026-09-26 11:33:03 skip: Saturday — market closed
2026-09-26 11:35:03 skip: Saturday — market closed
2026-09-26 11:38:04 skip: Saturday — market closed
2026-09-26 11:43:03 skip: Saturday — market closed
2026-09-26 11:45:03 skip: Saturday — market closed
2026-09-26 11:48:03 skip: Saturday — market closed
2026-09-26 11:53:03 skip: Saturday — market closed
2026-09-26 11:55:05 skip: Saturday — market closed
2026-09-26 11:58:03 skip: Saturday — market closed
2026-09-26 12:03:03 skip: Saturday — market closed
2026-09-26 12:05:03 skip: Saturday — market closed
2026-09-26 12:08:03 skip: Saturday — market closed
2026-09-26 12:13:03 skip: Saturday — market closed
2026-09-26 12:15:03 skip: Saturday — market closed
2026-09-26 12:18:03 skip: Saturday — market closed
2026-09-26 12:23:03 skip: Saturday — market closed
2026-09-26 12:25:03 skip: Saturday — market closed
2026-09-26 12:28:03 skip: Saturday — market closed
2026-09-26 12:33:03 skip: Saturday — market closed
2026-09-26 12:35:03 skip: Saturday — market closed
2026-09-26 12:38:03 skip: Saturday — market closed
2026-09-26 12:43:03 skip: Saturday — market closed
2026-09-26 12:45:03 skip: Saturday — market closed
2026-09-26 12:48:03 skip: Saturday — market closed
2026-09-26 12:53:03 skip: Saturday — market closed
2026-09-26 12:55:03 skip: Saturday — market closed
2026-09-26 12:58:03 skip: Saturday — market closed
2026-09-26 13:03:03 skip: Saturday — market closed
2026-09-26 13:05:03 skip: Saturday — market closed
2026-09-26 13:08:03 skip: Saturday — market closed
2026-09-26 13:13:03 skip: Saturday — market closed
2026-09-26 13:15:04 skip: Saturday — market closed
2026-09-26 13:18:03 skip: Saturday — market closed
2026-09-26 13:23:03 skip: Saturday — market closed
2026-09-26 13:25:03 skip: Saturday — market closed
2026-09-26 13:28:03 skip: Saturday — market closed
2026-09-26 13:33:03 skip: Saturday — market closed
2026-09-26 13:35:03 skip: Saturday — market closed
2026-09-26 13:38:03 skip: Saturday — market closed
2026-09-26 13:43:03 skip: Saturday — market closed
2026-09-26 13:45:03 skip: Saturday — market closed
2026-09-26 13:48:03 skip: Saturday — market closed
2026-09-26 13:53:03 skip: Saturday — market closed
2026-09-26 13:55:03 skip: Saturday — market closed
2026-09-26 13:58:03 skip: Saturday — market closed
2026-09-26 14:03:03 skip: Saturday — market closed
2026-09-26 14:05:03 skip: Saturday — market closed
2026-09-26 14:08:03 skip: Saturday — market closed
2026-09-26 14:13:03 skip: Saturday — market closed
2026-09-26 14:15:03 skip: Saturday — market closed
2026-09-26 14:18:03 skip: Saturday — market closed
2026-09-26 14:23:03 skip: Saturday — market closed
2026-09-26 14:25:03 skip: Saturday — market closed
2026-09-26 14:28:03 skip: Saturday — market closed
2026-09-26 14:33:03 skip: Saturday — market closed
2026-09-26 14:35:03 skip: Saturday — market closed
2026-09-26 14:38:03 skip: Saturday — market closed
2026-09-26 14:43:03 skip: Saturday — market closed
2026-09-26 14:45:03 skip: Saturday — market closed
2026-09-26 14:48:03 skip: Saturday — market closed
2026-09-26 14:53:05 skip: Saturday — market closed
2026-09-26 14:55:03 skip: Saturday — market closed
2026-09-26 14:58:03 skip: Saturday — market closed
2026-09-26 15:03:02 skip: Saturday — market closed
2026-09-26 15:05:03 skip: Saturday — market closed
2026-09-26 15:08:03 skip: Saturday — market closed
2026-09-26 15:13:03 skip: Saturday — market closed
2026-09-26 15:15:03 skip: Saturday — market closed
2026-09-26 15:18:02 skip: Saturday — market closed
2026-09-26 15:23:03 skip: Saturday — market closed
2026-09-26 15:28:03 skip: Saturday — market closed
2026-09-26 15:33:02 skip: Saturday — market closed
2026-09-26 15:38:03 skip: Saturday — market closed
2026-09-26 15:43:04 skip: Saturday — market closed
2026-09-26 15:48:02 skip: Saturday — market closed
2026-09-27 07:15:02 skip: Sunday — market closed
2026-09-27 07:18:02 skip: Sunday — market closed
2026-09-27 07:23:03 skip: Sunday — market closed
2026-09-27 07:25:03 skip: Sunday — market closed
2026-09-27 07:28:03 skip: Sunday — market closed
2026-09-27 07:33:03 skip: Sunday — market closed
2026-09-27 07:35:03 skip: Sunday — market closed
2026-09-27 07:38:05 skip: Sunday — market closed
2026-09-27 07:43:03 skip: Sunday — market closed
2026-09-27 07:45:03 skip: Sunday — market closed
2026-09-27 07:48:03 skip: Sunday — market closed
2026-09-27 07:53:03 skip: Sunday — market closed
2026-09-27 07:55:03 skip: Sunday — market closed
2026-09-27 07:58:03 skip: Sunday — market closed
2026-09-27 08:03:03 skip: Sunday — market closed
2026-09-27 08:05:03 skip: Sunday — market closed
2026-09-27 08:08:03 skip: Sunday — market closed
2026-09-27 08:13:03 skip: Sunday — market closed
2026-09-27 08:15:03 skip: Sunday — market closed
2026-09-27 08:18:03 skip: Sunday — market closed
2026-09-27 08:23:03 skip: Sunday — market closed
2026-09-27 08:25:03 skip: Sunday — market closed
2026-09-27 08:28:03 skip: Sunday — market closed
2026-09-27 08:33:03 skip: Sunday — market closed
2026-09-27 08:35:03 skip: Sunday — market closed
2026-09-27 08:38:03 skip: Sunday — market closed
2026-09-27 08:43:03 skip: Sunday — market closed
2026-09-27 08:45:03 skip: Sunday — market closed
2026-09-27 08:48:03 skip: Sunday — market closed
2026-09-27 08:53:04 skip: Sunday — market closed
2026-09-27 08:55:03 skip: Sunday — market closed
2026-09-27 08:58:03 skip: Sunday — market closed
2026-09-27 09:03:03 skip: Sunday — market closed
2026-09-27 09:05:03 skip: Sunday — market closed
2026-09-27 09:08:03 skip: Sunday — market closed
2026-09-27 09:13:03 skip: Sunday — market closed
2026-09-27 09:15:03 skip: Sunday — market closed
2026-09-27 09:18:03 skip: Sunday — market closed
2026-09-27 09:23:03 skip: Sunday — market closed
2026-09-27 09:25:03 skip: Sunday — market closed
2026-09-27 09:28:03 skip: Sunday — market closed
2026-09-27 09:33:03 skip: Sunday — market closed
2026-09-27 09:35:03 skip: Sunday — market closed
2026-09-27 09:38:03 skip: Sunday — market closed
2026-09-27 09:43:03 skip: Sunday — market closed
2026-09-27 09:45:03 skip: Sunday — market closed
2026-09-27 09:48:03 skip: Sunday — market closed
2026-09-27 09:53:03 skip: Sunday — market closed
2026-09-27 09:55:03 skip: Sunday — market closed
2026-09-27 09:58:03 skip: Sunday — market closed
2026-09-27 10:03:03 skip: Sunday — market closed
2026-09-27 10:05:03 skip: Sunday — market closed
2026-09-27 10:08:03 skip: Sunday — market closed
2026-09-27 10:13:03 skip: Sunday — market closed
2026-09-27 10:15:03 skip: Sunday — market closed
2026-09-27 10:18:03 skip: Sunday — market closed
2026-09-27 10:23:03 skip: Sunday — market closed
2026-09-27 10:25:03 skip: Sunday — market closed
2026-09-27 10:28:03 skip: Sunday — market closed
2026-09-27 10:33:03 skip: Sunday — market closed
2026-09-27 10:35:03 skip: Sunday — market closed
2026-09-27 10:38:03 skip: Sunday — market closed
2026-09-27 10:43:03 skip: Sunday — market closed
2026-09-27 10:45:03 skip: Sunday — market closed
2026-09-27 10:48:03 skip: Sunday — market closed
2026-09-27 10:53:03 skip: Sunday — market closed
2026-09-27 10:55:03 skip: Sunday — market closed
2026-09-27 10:58:03 skip: Sunday — market closed
2026-09-27 11:03:03 skip: Sunday — market closed
2026-09-27 11:05:03 skip: Sunday — market closed
2026-09-27 11:08:03 skip: Sunday — market closed
2026-09-27 11:13:03 skip: Sunday — market closed
2026-09-27 11:15:03 skip: Sunday — market closed
2026-09-27 11:18:03 skip: Sunday — market closed
2026-09-27 11:23:03 skip: Sunday — market closed
2026-09-27 11:25:03 skip: Sunday — market closed
2026-09-27 11:28:03 skip: Sunday — market closed
2026-09-27 11:33:03 skip: Sunday — market closed
2026-09-27 11:35:03 skip: Sunday — market closed
2026-09-27 11:38:03 skip: Sunday — market closed
2026-09-27 11:43:03 skip: Sunday — market closed
2026-09-27 11:45:03 skip: Sunday — market closed
2026-09-27 11:48:03 skip: Sunday — market closed
2026-09-27 11:53:03 skip: Sunday — market closed
2026-09-27 11:55:03 skip: Sunday — market closed
2026-09-27 11:58:03 skip: Sunday — market closed
2026-09-27 12:03:03 skip: Sunday — market closed
2026-09-27 12:05:03 skip: Sunday — market closed
2026-09-27 12:08:03 skip: Sunday — market closed
2026-09-27 12:13:03 skip: Sunday — market closed
2026-09-27 12:15:03 skip: Sunday — market closed
2026-09-27 12:18:03 skip: Sunday — market closed
2026-09-27 12:23:03 skip: Sunday — market closed
2026-09-27 12:25:03 skip: Sunday — market closed
2026-09-27 12:28:03 skip: Sunday — market closed
2026-09-27 12:33:03 skip: Sunday — market closed
2026-09-27 12:35:03 skip: Sunday — market closed
2026-09-27 12:38:03 skip: Sunday — market closed
2026-09-27 12:43:03 skip: Sunday — market closed
2026-09-27 12:45:03 skip: Sunday — market closed
2026-09-27 12:48:03 skip: Sunday — market closed
2026-09-27 12:53:03 skip: Sunday — market closed
2026-09-27 12:55:03 skip: Sunday — market closed
2026-09-27 12:58:03 skip: Sunday — market closed
2026-09-27 13:03:03 skip: Sunday — market closed
2026-09-27 13:05:03 skip: Sunday — market closed
2026-09-27 13:08:03 skip: Sunday — market closed
2026-09-27 13:13:03 skip: Sunday — market closed
2026-09-27 13:15:03 skip: Sunday — market closed
2026-09-27 13:18:03 skip: Sunday — market closed
2026-09-27 13:23:03 skip: Sunday — market closed
2026-09-27 13:25:03 skip: Sunday — market closed
2026-09-27 13:28:03 skip: Sunday — market closed
2026-09-27 13:33:05 skip: Sunday — market closed
2026-09-27 13:35:03 skip: Sunday — market closed
2026-09-27 13:38:03 skip: Sunday — market closed
2026-09-27 13:43:03 skip: Sunday — market closed
2026-09-27 13:45:03 skip: Sunday — market closed
2026-09-27 13:48:03 skip: Sunday — market closed
2026-09-27 13:53:03 skip: Sunday — market closed
2026-09-27 13:55:03 skip: Sunday — market closed
2026-09-27 13:58:03 skip: Sunday — market closed
2026-09-27 14:03:03 skip: Sunday — market closed
2026-09-27 14:05:03 skip: Sunday — market closed
2026-09-27 14:08:03 skip: Sunday — market closed
2026-09-27 14:13:03 skip: Sunday — market closed
2026-09-27 14:15:03 skip: Sunday — market closed
2026-09-27 14:18:03 skip: Sunday — market closed
2026-09-27 14:23:03 skip: Sunday — market closed
2026-09-27 14:25:03 skip: Sunday — market closed
2026-09-27 14:28:03 skip: Sunday — market closed
2026-09-27 14:33:03 skip: Sunday — market closed
2026-09-27 14:35:03 skip: Sunday — market closed
2026-09-27 14:38:03 skip: Sunday — market closed
2026-09-27 14:43:03 skip: Sunday — market closed
2026-09-27 14:45:03 skip: Sunday — market closed
2026-09-27 14:48:03 skip: Sunday — market closed
2026-09-27 14:53:03 skip: Sunday — market closed
2026-09-27 14:55:03 skip: Sunday — market closed
2026-09-27 14:58:03 skip: Sunday — market closed
2026-09-27 15:03:03 skip: Sunday — market closed
2026-09-27 15:05:03 skip: Sunday — market closed
2026-09-27 15:08:03 skip: Sunday — market closed
2026-09-27 15:13:03 skip: Sunday — market closed
2026-09-27 15:15:03 skip: Sunday — market closed
2026-09-27 15:18:03 skip: Sunday — market closed
2026-09-27 15:23:03 skip: Sunday — market closed
2026-09-27 15:28:03 skip: Sunday — market closed
2026-09-27 15:33:03 skip: Sunday — market closed
2026-09-27 15:38:03 skip: Sunday — market closed
2026-09-27 15:43:03 skip: Sunday — market closed
2026-09-27 15:48:03 skip: Sunday — market closed
2026-09-28 07:15:03 daemon: before 08:15 CT window (now 07:15 CT) — waiting for open
2026-09-28 08:15:03 daemon mode: 10s cadence, fast thresholds
2026-09-28 08:15:06 ACTION gateway: API 4002 — restarting via 'MyQuant Gateway Ensure'
2026-09-28 08:15:20 gateway: API 4002 — in cooldown (15s), waiting
2026-09-28 08:15:20 all green (daemon)
2026-09-28 08:18:03 all green
2026-09-28 08:23:03 all green
2026-09-28 08:25:21 all green (daemon)
2026-09-28 08:28:03 all green
2026-09-28 08:33:03 all green
2026-09-28 08:35:04 marks: killing hung pair [19012, 15276]
2026-09-28 08:35:04 ACTION marks: marks.csv 235231s — restarting via 'MyQuant Marks Watch'
2026-09-28 08:35:16 marks: marks.csv 235244s — in cooldown (12s), waiting
2026-09-28 08:35:26 all green (daemon)
2026-09-28 08:38:03 all green
2026-09-28 08:40:08 sim_daemon: process gone — task 'MyQuant Sim Daemon' Disabled; intentionally off, not restarting
2026-09-28 08:43:05 sim_daemon: process gone — task 'MyQuant Sim Daemon' Disabled; intentionally off, not restarting
2026-09-28 08:43:05 all green
2026-09-28 08:45:31 all green (daemon)
2026-09-28 08:48:05 sim_daemon: process gone — task 'MyQuant Sim Daemon' Disabled; intentionally off, not restarting
2026-09-28 08:48:05 all green
2026-09-28 08:53:05 sim_daemon: process gone — task 'MyQuant Sim Daemon' Disabled; intentionally off, not restarting
2026-09-28 08:53:05 all green
2026-09-28 08:55:32 all green (daemon)
2026-09-28 08:58:05 sim_daemon: process gone — task 'MyQuant Sim Daemon' Disabled; intentionally off, not restarting
2026-09-28 08:58:05 all green
2026-09-28 09:03:05 sim_daemon: process gone — task 'MyQuant Sim Daemon' Disabled; intentionally off, not restarting
2026-09-28 09:03:05 all green
2026-09-28 09:05:33 all green (daemon)
2026-09-28 09:08:05 sim_daemon: process gone — task 'MyQuant Sim Daemon' Disabled; intentionally off, not restarting
2026-09-28 09:08:06 all green
2026-09-28 09:13:05 sim_daemon: process gone — task 'MyQuant Sim Daemon' Disabled; intentionally off, not restarting
2026-09-28 09:13:05 all green
2026-09-28 09:15:43 all green (daemon)
2026-09-28 09:18:05 sim_daemon: process gone — task 'MyQuant Sim Daemon' Disabled; intentionally off, not restarting
2026-09-28 09:18:05 all green
2026-09-28 09:23:05 sim_daemon: process gone — task 'MyQuant Sim Daemon' Disabled; intentionally off, not restarting
2026-09-28 09:23:05 all green
2026-09-28 09:25:44 all green (daemon)
2026-09-28 09:28:05 sim_daemon: process gone — task 'MyQuant Sim Daemon' Disabled; intentionally off, not restarting
2026-09-28 09:28:05 all green
2026-09-28 09:33:05 sim_daemon: process gone — task 'MyQuant Sim Daemon' Disabled; intentionally off, not restarting
2026-09-28 09:33:05 all green
2026-09-28 09:35:45 all green (daemon)
2026-09-28 09:38:05 sim_daemon: process gone — task 'MyQuant Sim Daemon' Disabled; intentionally off, not restarting
2026-09-28 09:38:05 all green
2026-09-28 09:43:05 sim_daemon: process gone — task 'MyQuant Sim Daemon' Disabled; intentionally off, not restarting
2026-09-28 09:43:05 all green
2026-09-28 09:45:57 all green (daemon)
2026-09-28 09:48:05 sim_daemon: process gone — task 'MyQuant Sim Daemon' Disabled; intentionally off, not restarting
2026-09-28 09:48:06 all green
2026-09-28 09:53:05 sim_daemon: process gone — task 'MyQuant Sim Daemon' Disabled; intentionally off, not restarting
2026-09-28 09:53:06 all green
2026-09-28 09:55:57 all green (daemon)
2026-09-28 09:58:05 sim_daemon: process gone — task 'MyQuant Sim Daemon' Disabled; intentionally off, not restarting
2026-09-28 09:58:05 all green
2026-09-28 10:03:06 sim_daemon: process gone — task 'MyQuant Sim Daemon' Disabled; intentionally off, not restarting
2026-09-28 10:03:07 all green
2026-09-28 10:06:00 all green (daemon)
2026-09-28 10:08:05 sim_daemon: process gone — task 'MyQuant Sim Daemon' Disabled; intentionally off, not restarting
2026-09-28 10:08:05 all green
2026-09-28 10:13:05 sim_daemon: process gone — task 'MyQuant Sim Daemon' Disabled; intentionally off, not restarting
2026-09-28 10:13:05 all green
2026-09-28 10:16:01 all green (daemon)
2026-09-28 10:18:05 sim_daemon: process gone — task 'MyQuant Sim Daemon' Disabled; intentionally off, not restarting
2026-09-28 10:18:05 all green
2026-09-28 10:23:05 sim_daemon: process gone — task 'MyQuant Sim Daemon' Disabled; intentionally off, not restarting
2026-09-28 10:23:05 all green
2026-09-28 10:26:03 all green (daemon)
2026-09-28 10:28:05 sim_daemon: process gone — task 'MyQuant Sim Daemon' Disabled; intentionally off, not restarting
2026-09-28 10:28:05 all green
2026-09-28 10:33:05 sim_daemon: process gone — task 'MyQuant Sim Daemon' Disabled; intentionally off, not restarting
2026-09-28 10:33:05 all green
2026-09-28 10:36:05 all green (daemon)
2026-09-28 10:38:05 sim_daemon: process gone — task 'MyQuant Sim Daemon' Disabled; intentionally off, not restarting
2026-09-28 10:38:06 all green
2026-09-28 10:43:05 sim_daemon: process gone — task 'MyQuant Sim Daemon' Disabled; intentionally off, not restarting
2026-09-28 10:43:05 all green
2026-09-28 10:46:07 all green (daemon)
2026-09-28 10:48:05 sim_daemon: process gone — task 'MyQuant Sim Daemon' Disabled; intentionally off, not restarting
2026-09-28 10:48:05 all green
2026-09-28 10:53:05 sim_daemon: process gone — task 'MyQuant Sim Daemon' Disabled; intentionally off, not restarting
2026-09-28 10:53:05 all green
2026-09-28 10:56:07 all green (daemon)
2026-09-28 10:58:05 sim_daemon: process gone — task 'MyQuant Sim Daemon' Disabled; intentionally off, not restarting
2026-09-28 10:58:05 all green
2026-09-28 11:03:05 sim_daemon: process gone — task 'MyQuant Sim Daemon' Disabled; intentionally off, not restarting
2026-09-28 11:03:05 all green
2026-09-28 11:06:08 all green (daemon)
2026-09-28 11:08:05 sim_daemon: process gone — task 'MyQuant Sim Daemon' Disabled; intentionally off, not restarting
2026-09-28 11:08:05 all green
2026-09-28 11:13:05 sim_daemon: process gone — task 'MyQuant Sim Daemon' Disabled; intentionally off, not restarting
2026-09-28 11:13:05 all green
2026-09-28 11:16:10 all green (daemon)
2026-09-28 11:18:05 sim_daemon: process gone — task 'MyQuant Sim Daemon' Disabled; intentionally off, not restarting
2026-09-28 11:18:05 all green
2026-09-28 11:23:06 sim_daemon: process gone — task 'MyQuant Sim Daemon' Disabled; intentionally off, not restarting
2026-09-28 11:23:07 all green
2026-09-28 11:26:12 all green (daemon)
2026-09-28 11:28:05 sim_daemon: process gone — task 'MyQuant Sim Daemon' Disabled; intentionally off, not restarting
2026-09-28 11:28:05 all green
2026-09-28 11:33:05 sim_daemon: process gone — task 'MyQuant Sim Daemon' Disabled; intentionally off, not restarting
2026-09-28 11:33:05 all green
2026-09-28 11:36:17 all green (daemon)
2026-09-28 11:38:05 sim_daemon: process gone — task 'MyQuant Sim Daemon' Disabled; intentionally off, not restarting
2026-09-28 11:38:05 all green
2026-09-28 11:43:05 sim_daemon: process gone — task 'MyQuant Sim Daemon' Disabled; intentionally off, not restarting
2026-09-28 11:43:05 all green
2026-09-28 11:46:20 all green (daemon)
2026-09-28 11:48:05 sim_daemon: process gone — task 'MyQuant Sim Daemon' Disabled; intentionally off, not restarting
2026-09-28 11:48:05 all green
2026-09-28 11:53:05 sim_daemon: process gone — task 'MyQuant Sim Daemon' Disabled; intentionally off, not restarting
2026-09-28 11:53:05 all green
2026-09-28 11:56:22 all green (daemon)
2026-09-28 11:58:05 sim_daemon: process gone — task 'MyQuant Sim Daemon' Disabled; intentionally off, not restarting
2026-09-28 11:58:05 all green
2026-09-28 12:03:05 sim_daemon: process gone — task 'MyQuant Sim Daemon' Disabled; intentionally off, not restarting
2026-09-28 12:03:05 all green
2026-09-28 12:06:25 all green (daemon)
2026-09-28 12:08:05 sim_daemon: process gone — task 'MyQuant Sim Daemon' Disabled; intentionally off, not restarting
2026-09-28 12:08:05 all green
2026-09-28 12:13:05 sim_daemon: process gone — task 'MyQuant Sim Daemon' Disabled; intentionally off, not restarting
2026-09-28 12:13:05 all green
2026-09-28 12:16:28 all green (daemon)
2026-09-28 12:18:05 sim_daemon: process gone — task 'MyQuant Sim Daemon' Disabled; intentionally off, not restarting
2026-09-28 12:18:06 all green
2026-09-28 12:23:05 sim_daemon: process gone — task 'MyQuant Sim Daemon' Disabled; intentionally off, not restarting
2026-09-28 12:23:06 all green
2026-09-28 12:26:35 all green (daemon)
2026-09-28 12:28:05 sim_daemon: process gone — task 'MyQuant Sim Daemon' Disabled; intentionally off, not restarting
2026-09-28 12:28:05 all green
2026-09-28 12:33:05 sim_daemon: process gone — task 'MyQuant Sim Daemon' Disabled; intentionally off, not restarting
2026-09-28 12:33:05 all green
2026-09-28 12:36:44 all green (daemon)
2026-09-28 12:38:05 sim_daemon: process gone — task 'MyQuant Sim Daemon' Disabled; intentionally off, not restarting
2026-09-28 12:38:06 all green
2026-09-28 12:43:05 sim_daemon: process gone — task 'MyQuant Sim Daemon' Disabled; intentionally off, not restarting
2026-09-28 12:43:05 all green
2026-09-28 12:46:51 all green (daemon)
2026-09-28 12:48:05 sim_daemon: process gone — task 'MyQuant Sim Daemon' Disabled; intentionally off, not restarting
2026-09-28 12:48:05 all green
2026-09-28 12:53:05 sim_daemon: process gone — task 'MyQuant Sim Daemon' Disabled; intentionally off, not restarting
2026-09-28 12:53:05 all green
2026-09-28 12:56:53 all green (daemon)
2026-09-28 12:58:05 sim_daemon: process gone — task 'MyQuant Sim Daemon' Disabled; intentionally off, not restarting
2026-09-28 12:58:05 all green
2026-09-28 13:03:06 sim_daemon: process gone — task 'MyQuant Sim Daemon' Disabled; intentionally off, not restarting
2026-09-28 13:03:06 all green
2026-09-28 13:06:57 all green (daemon)
2026-09-28 13:08:05 sim_daemon: process gone — task 'MyQuant Sim Daemon' Disabled; intentionally off, not restarting
2026-09-28 13:08:06 all green
2026-09-28 13:13:05 sim_daemon: process gone — task 'MyQuant Sim Daemon' Disabled; intentionally off, not restarting
2026-09-28 13:13:05 all green
2026-09-28 13:17:02 all green (daemon)
2026-09-28 13:18:05 sim_daemon: process gone — task 'MyQuant Sim Daemon' Disabled; intentionally off, not restarting
2026-09-28 13:18:05 all green
2026-09-28 13:23:05 sim_daemon: process gone — task 'MyQuant Sim Daemon' Disabled; intentionally off, not restarting
2026-09-28 13:23:05 all green
2026-09-28 13:27:04 all green (daemon)
2026-09-28 13:28:05 sim_daemon: process gone — task 'MyQuant Sim Daemon' Disabled; intentionally off, not restarting
2026-09-28 13:28:06 all green
2026-09-28 13:33:05 sim_daemon: process gone — task 'MyQuant Sim Daemon' Disabled; intentionally off, not restarting
2026-09-28 13:33:06 all green
2026-09-28 13:37:08 all green (daemon)
2026-09-28 13:38:05 sim_daemon: process gone — task 'MyQuant Sim Daemon' Disabled; intentionally off, not restarting
2026-09-28 13:38:05 all green
2026-09-28 13:43:05 sim_daemon: process gone — task 'MyQuant Sim Daemon' Disabled; intentionally off, not restarting
2026-09-28 13:43:05 all green
2026-09-28 13:47:16 all green (daemon)
2026-09-28 13:48:05 sim_daemon: process gone — task 'MyQuant Sim Daemon' Disabled; intentionally off, not restarting
2026-09-28 13:48:05 all green
2026-09-28 13:53:05 sim_daemon: process gone — task 'MyQuant Sim Daemon' Disabled; intentionally off, not restarting
2026-09-28 13:53:06 all green
2026-09-28 13:57:21 all green (daemon)
2026-09-28 13:58:05 sim_daemon: process gone — task 'MyQuant Sim Daemon' Disabled; intentionally off, not restarting
2026-09-28 13:58:05 all green
2026-09-28 14:03:05 sim_daemon: process gone — task 'MyQuant Sim Daemon' Disabled; intentionally off, not restarting
2026-09-28 14:03:05 all green
2026-09-28 14:07:28 all green (daemon)
2026-09-28 14:08:07 sim_daemon: process gone — task 'MyQuant Sim Daemon' Disabled; intentionally off, not restarting
2026-09-28 14:08:08 all green
2026-09-28 14:13:05 sim_daemon: process gone — task 'MyQuant Sim Daemon' Disabled; intentionally off, not restarting
2026-09-28 14:13:05 all green
2026-09-28 14:17:33 all green (daemon)
2026-09-28 14:18:05 sim_daemon: process gone — task 'MyQuant Sim Daemon' Disabled; intentionally off, not restarting
2026-09-28 14:18:05 all green
2026-09-28 14:23:05 sim_daemon: process gone — task 'MyQuant Sim Daemon' Disabled; intentionally off, not restarting
2026-09-28 14:23:05 all green
2026-09-28 14:27:37 all green (daemon)
2026-09-28 14:28:05 sim_daemon: process gone — task 'MyQuant Sim Daemon' Disabled; intentionally off, not restarting
2026-09-28 14:28:05 all green
2026-09-28 14:33:05 sim_daemon: process gone — task 'MyQuant Sim Daemon' Disabled; intentionally off, not restarting
2026-09-28 14:33:06 all green
2026-09-28 14:37:41 all green (daemon)
2026-09-28 14:38:05 sim_daemon: process gone — task 'MyQuant Sim Daemon' Disabled; intentionally off, not restarting
2026-09-28 14:38:05 all green
2026-09-28 14:43:05 sim_daemon: process gone — task 'MyQuant Sim Daemon' Disabled; intentionally off, not restarting
2026-09-28 14:43:06 all green
2026-09-28 14:47:46 all green (daemon)
2026-09-28 14:48:05 sim_daemon: process gone — task 'MyQuant Sim Daemon' Disabled; intentionally off, not restarting
2026-09-28 14:48:05 all green
2026-09-28 14:53:03 all green
2026-09-28 14:57:46 all green (daemon)
2026-09-28 14:58:03 all green
2026-09-28 15:03:03 all green
2026-09-28 15:07:47 all green (daemon)
2026-09-28 15:08:03 all green
2026-09-28 15:13:03 all green
2026-09-28 15:15:03 daemon mode: 10s cadence, fast thresholds
2026-09-28 15:15:03 all green (daemon)
2026-09-28 15:18:03 all green
2026-09-28 15:20:03 daemon: market window closed, exiting
2026-09-29 07:15:02 daemon: before 08:15 CT window (now 07:15 CT) — waiting for open
2026-09-29 08:15:02 daemon mode: 10s cadence, fast thresholds
2026-09-29 08:15:02 all green (daemon)
2026-09-29 08:18:03 all green
2026-09-29 08:23:03 all green
2026-09-29 08:25:03 all green (daemon)
2026-09-29 08:28:03 all green
2026-09-29 08:33:03 all green
2026-09-29 08:35:04 all green (daemon)
2026-09-29 08:38:03 all green
2026-09-29 08:40:07 sim_daemon: process gone — task 'MyQuant Sim Daemon' Disabled; intentionally off, not restarting
2026-09-29 08:43:05 sim_daemon: process gone — task 'MyQuant Sim Daemon' Disabled; intentionally off, not restarting
2026-09-29 08:43:05 all green
2026-09-29 08:45:08 all green (daemon)
2026-09-29 08:48:05 sim_daemon: process gone — task 'MyQuant Sim Daemon' Disabled; intentionally off, not restarting
2026-09-29 08:48:05 all green
2026-09-29 08:53:05 sim_daemon: process gone — task 'MyQuant Sim Daemon' Disabled; intentionally off, not restarting
2026-09-29 08:53:05 all green
2026-09-29 08:55:10 all green (daemon)
2026-09-29 08:58:05 sim_daemon: process gone — task 'MyQuant Sim Daemon' Disabled; intentionally off, not restarting
2026-09-29 08:58:05 all green
2026-09-29 09:03:05 sim_daemon: process gone — task 'MyQuant Sim Daemon' Disabled; intentionally off, not restarting
2026-09-29 09:03:05 all green
2026-09-29 09:05:20 all green (daemon)
2026-09-29 09:08:06 sim_daemon: process gone — task 'MyQuant Sim Daemon' Disabled; intentionally off, not restarting
2026-09-29 09:08:06 all green
2026-09-29 09:13:05 sim_daemon: process gone — task 'MyQuant Sim Daemon' Disabled; intentionally off, not restarting
2026-09-29 09:13:05 all green
2026-09-29 09:15:24 all green (daemon)
2026-09-29 09:18:05 sim_daemon: process gone — task 'MyQuant Sim Daemon' Disabled; intentionally off, not restarting
2026-09-29 09:18:05 all green
2026-09-29 09:23:05 sim_daemon: process gone — task 'MyQuant Sim Daemon' Disabled; intentionally off, not restarting
2026-09-29 09:23:05 all green
2026-09-29 09:25:28 all green (daemon)
2026-09-29 09:28:05 sim_daemon: process gone — task 'MyQuant Sim Daemon' Disabled; intentionally off, not restarting
2026-09-29 09:28:05 all green
2026-09-29 09:33:05 sim_daemon: process gone — task 'MyQuant Sim Daemon' Disabled; intentionally off, not restarting
2026-09-29 09:33:05 all green
2026-09-29 09:35:29 all green (daemon)
2026-09-29 09:38:05 sim_daemon: process gone — task 'MyQuant Sim Daemon' Disabled; intentionally off, not restarting
2026-09-29 09:38:05 all green
2026-09-29 09:43:05 sim_daemon: process gone — task 'MyQuant Sim Daemon' Disabled; intentionally off, not restarting
2026-09-29 09:43:05 all green
2026-09-29 09:45:31 all green (daemon)
2026-09-29 09:48:05 sim_daemon: process gone — task 'MyQuant Sim Daemon' Disabled; intentionally off, not restarting
2026-09-29 09:48:05 all green
2026-09-29 09:53:05 sim_daemon: process gone — task 'MyQuant Sim Daemon' Disabled; intentionally off, not restarting
2026-09-29 09:53:05 all green
2026-09-29 09:55:33 all green (daemon)
2026-09-29 09:58:05 sim_daemon: process gone — task 'MyQuant Sim Daemon' Disabled; intentionally off, not restarting
2026-09-29 09:58:05 all green
2026-09-29 10:03:05 sim_daemon: process gone — task 'MyQuant Sim Daemon' Disabled; intentionally off, not restarting
2026-09-29 10:03:06 all green
2026-09-29 10:05:34 all green (daemon)
2026-09-29 10:08:05 sim_daemon: process gone — task 'MyQuant Sim Daemon' Disabled; intentionally off, not restarting
2026-09-29 10:08:06 all green
2026-09-29 10:13:05 sim_daemon: process gone — task 'MyQuant Sim Daemon' Disabled; intentionally off, not restarting
2026-09-29 10:13:05 all green
2026-09-29 10:15:35 all green (daemon)
2026-09-29 10:18:05 sim_daemon: process gone — task 'MyQuant Sim Daemon' Disabled; intentionally off, not restarting
2026-09-29 10:18:05 all green
2026-09-29 10:23:05 sim_daemon: process gone — task 'MyQuant Sim Daemon' Disabled; intentionally off, not restarting
2026-09-29 10:23:05 all green
2026-09-29 10:25:40 all green (daemon)
2026-09-29 10:28:05 sim_daemon: process gone — task 'MyQuant Sim Daemon' Disabled; intentionally off, not restarting
2026-09-29 10:28:05 all green
2026-09-29 10:33:05 sim_daemon: process gone — task 'MyQuant Sim Daemon' Disabled; intentionally off, not restarting
2026-09-29 10:33:05 all green
2026-09-29 10:35:42 all green (daemon)
2026-09-29 10:38:05 sim_daemon: process gone — task 'MyQuant Sim Daemon' Disabled; intentionally off, not restarting
2026-09-29 10:38:05 all green
2026-09-29 10:43:05 sim_daemon: process gone — task 'MyQuant Sim Daemon' Disabled; intentionally off, not restarting
2026-09-29 10:43:06 all green
2026-09-29 10:45:45 all green (daemon)
2026-09-29 10:48:06 sim_daemon: process gone — task 'MyQuant Sim Daemon' Disabled; intentionally off, not restarting
2026-09-29 10:48:08 all green
2026-09-29 10:53:05 sim_daemon: process gone — task 'MyQuant Sim Daemon' Disabled; intentionally off, not restarting
2026-09-29 10:53:05 all green
2026-09-29 10:55:49 all green (daemon)
2026-09-29 10:58:05 sim_daemon: process gone — task 'MyQuant Sim Daemon' Disabled; intentionally off, not restarting
2026-09-29 10:58:05 all green
2026-09-29 11:03:05 sim_daemon: process gone — task 'MyQuant Sim Daemon' Disabled; intentionally off, not restarting
2026-09-29 11:03:05 all green
2026-09-29 11:05:52 all green (daemon)
2026-09-29 11:08:05 sim_daemon: process gone — task 'MyQuant Sim Daemon' Disabled; intentionally off, not restarting
2026-09-29 11:08:05 all green
2026-09-29 11:13:05 sim_daemon: process gone — task 'MyQuant Sim Daemon' Disabled; intentionally off, not restarting
2026-09-29 11:13:06 all green
2026-09-29 11:15:56 all green (daemon)
2026-09-29 11:18:05 sim_daemon: process gone — task 'MyQuant Sim Daemon' Disabled; intentionally off, not restarting
2026-09-29 11:18:05 all green
2026-09-29 11:23:05 sim_daemon: process gone — task 'MyQuant Sim Daemon' Disabled; intentionally off, not restarting
2026-09-29 11:23:06 all green
2026-09-29 11:26:01 all green (daemon)
2026-09-29 11:28:05 sim_daemon: process gone — task 'MyQuant Sim Daemon' Disabled; intentionally off, not restarting
2026-09-29 11:28:06 all green
2026-09-29 11:33:06 sim_daemon: process gone — task 'MyQuant Sim Daemon' Disabled; intentionally off, not restarting
2026-09-29 11:33:07 all green
2026-09-29 11:36:04 all green (daemon)
2026-09-29 11:38:05 sim_daemon: process gone — task 'MyQuant Sim Daemon' Disabled; intentionally off, not restarting
2026-09-29 11:38:05 all green
2026-09-29 11:43:05 sim_daemon: process gone — task 'MyQuant Sim Daemon' Disabled; intentionally off, not restarting
2026-09-29 11:43:05 all green
2026-09-29 11:46:07 all green (daemon)
2026-09-29 11:48:05 sim_daemon: process gone — task 'MyQuant Sim Daemon' Disabled; intentionally off, not restarting
2026-09-29 11:48:06 all green
2026-09-29 11:53:05 sim_daemon: process gone — task 'MyQuant Sim Daemon' Disabled; intentionally off, not restarting
2026-09-29 11:53:05 all green
2026-09-29 11:56:10 all green (daemon)
2026-09-29 11:58:05 sim_daemon: process gone — task 'MyQuant Sim Daemon' Disabled; intentionally off, not restarting
2026-09-29 11:58:06 all green
2026-09-29 12:03:05 sim_daemon: process gone — task 'MyQuant Sim Daemon' Disabled; intentionally off, not restarting
2026-09-29 12:03:06 all green
2026-09-29 12:06:15 all green (daemon)
2026-09-29 12:08:05 sim_daemon: process gone — task 'MyQuant Sim Daemon' Disabled; intentionally off, not restarting
2026-09-29 12:08:05 all green
2026-09-29 12:13:05 sim_daemon: process gone — task 'MyQuant Sim Daemon' Disabled; intentionally off, not restarting
2026-09-29 12:13:05 all green
2026-09-29 12:16:18 all green (daemon)
2026-09-29 12:18:07 sim_daemon: process gone — task 'MyQuant Sim Daemon' Disabled; intentionally off, not restarting
2026-09-29 12:18:08 all green
2026-09-29 12:23:05 sim_daemon: process gone — task 'MyQuant Sim Daemon' Disabled; intentionally off, not restarting
2026-09-29 12:23:06 all green
2026-09-29 12:26:24 all green (daemon)
2026-09-29 12:28:05 sim_daemon: process gone — task 'MyQuant Sim Daemon' Disabled; intentionally off, not restarting
2026-09-29 12:28:05 all green
2026-09-29 12:33:05 sim_daemon: process gone — task 'MyQuant Sim Daemon' Disabled; intentionally off, not restarting
2026-09-29 12:33:05 all green
2026-09-29 12:36:27 all green (daemon)
2026-09-29 12:38:07 sim_daemon: process gone — task 'MyQuant Sim Daemon' Disabled; intentionally off, not restarting
2026-09-29 12:38:11 all green
2026-09-29 12:43:06 sim_daemon: process gone — task 'MyQuant Sim Daemon' Disabled; intentionally off, not restarting
2026-09-29 12:43:06 all green
2026-09-29 12:46:37 all green (daemon)
2026-09-29 12:48:05 sim_daemon: process gone — task 'MyQuant Sim Daemon' Disabled; intentionally off, not restarting
2026-09-29 12:48:05 all green
2026-09-29 12:53:05 sim_daemon: process gone — task 'MyQuant Sim Daemon' Disabled; intentionally off, not restarting
2026-09-29 12:53:05 all green
2026-09-29 12:56:42 all green (daemon)
2026-09-29 12:58:05 sim_daemon: process gone — task 'MyQuant Sim Daemon' Disabled; intentionally off, not restarting
2026-09-29 12:58:06 all green
2026-09-29 13:03:05 sim_daemon: process gone — task 'MyQuant Sim Daemon' Disabled; intentionally off, not restarting
2026-09-29 13:03:06 all green
2026-09-29 13:06:49 all green (daemon)
2026-09-29 13:08:05 sim_daemon: process gone — task 'MyQuant Sim Daemon' Disabled; intentionally off, not restarting
2026-09-29 13:08:06 all green
2026-09-29 13:13:05 sim_daemon: process gone — task 'MyQuant Sim Daemon' Disabled; intentionally off, not restarting
2026-09-29 13:13:06 all green
2026-09-29 13:16:55 all green (daemon)
2026-09-29 13:18:05 sim_daemon: process gone — task 'MyQuant Sim Daemon' Disabled; intentionally off, not restarting
2026-09-29 13:18:06 all green
2026-09-29 13:23:05 sim_daemon: process gone — task 'MyQuant Sim Daemon' Disabled; intentionally off, not restarting
2026-09-29 13:23:06 all green
2026-09-29 13:27:02 all green (daemon)
2026-09-29 13:28:05 sim_daemon: process gone — task 'MyQuant Sim Daemon' Disabled; intentionally off, not restarting
2026-09-29 13:28:05 all green
2026-09-29 13:33:05 sim_daemon: process gone — task 'MyQuant Sim Daemon' Disabled; intentionally off, not restarting
2026-09-29 13:33:06 all green
2026-09-29 13:37:08 all green (daemon)
2026-09-29 13:38:05 sim_daemon: process gone — task 'MyQuant Sim Daemon' Disabled; intentionally off, not restarting
2026-09-29 13:38:06 all green
2026-09-29 13:43:05 sim_daemon: process gone — task 'MyQuant Sim Daemon' Disabled; intentionally off, not restarting
2026-09-29 13:43:05 all green
2026-09-29 13:47:16 all green (daemon)
2026-09-29 13:48:05 sim_daemon: process gone — task 'MyQuant Sim Daemon' Disabled; intentionally off, not restarting
2026-09-29 13:48:06 all green
2026-09-29 13:53:05 sim_daemon: process gone — task 'MyQuant Sim Daemon' Disabled; intentionally off, not restarting
2026-09-29 13:53:05 all green
2026-09-29 13:57:23 all green (daemon)
2026-09-29 13:58:05 sim_daemon: process gone — task 'MyQuant Sim Daemon' Disabled; intentionally off, not restarting
2026-09-29 13:58:05 all green
2026-09-29 14:03:05 sim_daemon: process gone — task 'MyQuant Sim Daemon' Disabled; intentionally off, not restarting
2026-09-29 14:03:05 all green
2026-09-29 14:07:28 all green (daemon)
2026-09-29 14:08:05 sim_daemon: process gone — task 'MyQuant Sim Daemon' Disabled; intentionally off, not restarting
2026-09-29 14:08:06 all green
2026-09-29 14:13:05 sim_daemon: process gone — task 'MyQuant Sim Daemon' Disabled; intentionally off, not restarting
2026-09-29 14:13:06 all green
2026-09-29 14:17:33 all green (daemon)
2026-09-29 14:18:05 sim_daemon: process gone — task 'MyQuant Sim Daemon' Disabled; intentionally off, not restarting
2026-09-29 14:18:05 all green
2026-09-29 14:23:05 sim_daemon: process gone — task 'MyQuant Sim Daemon' Disabled; intentionally off, not restarting
2026-09-29 14:23:05 all green
2026-09-29 14:27:39 all green (daemon)
2026-09-29 14:28:05 sim_daemon: process gone — task 'MyQuant Sim Daemon' Disabled; intentionally off, not restarting
2026-09-29 14:28:05 all green
2026-09-29 14:33:05 sim_daemon: process gone — task 'MyQuant Sim Daemon' Disabled; intentionally off, not restarting
2026-09-29 14:33:06 all green
2026-09-29 14:37:43 all green (daemon)
2026-09-29 14:38:05 sim_daemon: process gone — task 'MyQuant Sim Daemon' Disabled; intentionally off, not restarting
2026-09-29 14:38:06 all green
2026-09-29 14:43:05 sim_daemon: process gone — task 'MyQuant Sim Daemon' Disabled; intentionally off, not restarting
2026-09-29 14:43:06 all green
2026-09-29 14:47:47 all green (daemon)
2026-09-29 14:48:05 sim_daemon: process gone — task 'MyQuant Sim Daemon' Disabled; intentionally off, not restarting
2026-09-29 14:48:06 all green
2026-09-29 14:53:03 all green
2026-09-29 14:57:52 all green (daemon)
2026-09-29 14:58:03 all green
2026-09-29 15:03:03 all green
2026-09-29 15:07:56 all green (daemon)
2026-09-29 15:08:04 all green
2026-09-29 15:13:03 all green
2026-09-29 15:18:04 resident watchdog heartbeat 185s stale — restarting Live task
2026-09-29 15:18:04 all green
2026-09-29 15:18:05 daemon mode: 10s cadence, fast thresholds
2026-09-29 15:18:05 all green (daemon)
2026-09-29 15:20:06 daemon: market window closed, exiting
2026-09-30 07:15:02 daemon: before 08:15 CT window (now 07:15 CT) — waiting for open
2026-09-30 08:15:02 daemon mode: 10s cadence, fast thresholds
2026-09-30 08:15:02 all green (daemon)
2026-09-30 08:18:02 all green
2026-09-30 08:23:02 all green
2026-09-30 08:25:03 all green (daemon)
2026-09-30 08:28:02 all green
2026-09-30 08:33:02 all green
2026-09-30 08:35:04 all green (daemon)
2026-09-30 08:38:02 all green
2026-09-30 08:40:06 sim_daemon: process gone — task 'MyQuant Sim Daemon' Disabled; intentionally off, not restarting
2026-09-30 08:43:04 sim_daemon: process gone — task 'MyQuant Sim Daemon' Disabled; intentionally off, not restarting
2026-09-30 08:43:05 all green
2026-09-30 08:45:06 all green (daemon)
2026-09-30 08:48:04 sim_daemon: process gone — task 'MyQuant Sim Daemon' Disabled; intentionally off, not restarting
2026-09-30 08:48:05 all green
2026-09-30 08:53:04 sim_daemon: process gone — task 'MyQuant Sim Daemon' Disabled; intentionally off, not restarting
2026-09-30 08:53:05 all green
2026-09-30 08:55:15 all green (daemon)
2026-09-30 08:58:04 sim_daemon: process gone — task 'MyQuant Sim Daemon' Disabled; intentionally off, not restarting
2026-09-30 08:58:05 all green
2026-09-30 09:03:04 sim_daemon: process gone — task 'MyQuant Sim Daemon' Disabled; intentionally off, not restarting
2026-09-30 09:03:05 all green
2026-09-30 09:05:24 all green (daemon)
2026-09-30 09:08:04 sim_daemon: process gone — task 'MyQuant Sim Daemon' Disabled; intentionally off, not restarting
2026-09-30 09:08:05 all green
2026-09-30 09:13:04 sim_daemon: process gone — task 'MyQuant Sim Daemon' Disabled; intentionally off, not restarting
2026-09-30 09:13:05 all green
2026-09-30 09:15:33 all green (daemon)
2026-09-30 09:18:04 sim_daemon: process gone — task 'MyQuant Sim Daemon' Disabled; intentionally off, not restarting
2026-09-30 09:18:05 all green
2026-09-30 09:23:04 sim_daemon: process gone — task 'MyQuant Sim Daemon' Disabled; intentionally off, not restarting
2026-09-30 09:23:05 all green
2026-09-30 09:25:42 all green (daemon)
2026-09-30 09:28:04 sim_daemon: process gone — task 'MyQuant Sim Daemon' Disabled; intentionally off, not restarting
2026-09-30 09:28:05 all green
2026-09-30 09:33:04 sim_daemon: process gone — task 'MyQuant Sim Daemon' Disabled; intentionally off, not restarting
2026-09-30 09:33:05 all green
2026-09-30 09:35:52 all green (daemon)
2026-09-30 09:38:04 sim_daemon: process gone — task 'MyQuant Sim Daemon' Disabled; intentionally off, not restarting
2026-09-30 09:38:05 all green
2026-09-30 09:43:04 sim_daemon: process gone — task 'MyQuant Sim Daemon' Disabled; intentionally off, not restarting
2026-09-30 09:43:05 all green
2026-09-30 09:46:03 all green (daemon)
2026-09-30 09:48:04 sim_daemon: process gone — task 'MyQuant Sim Daemon' Disabled; intentionally off, not restarting
2026-09-30 09:48:05 all green
2026-09-30 09:53:04 sim_daemon: process gone — task 'MyQuant Sim Daemon' Disabled; intentionally off, not restarting
2026-09-30 09:53:05 all green
2026-09-30 09:56:13 all green (daemon)
2026-09-30 09:58:04 sim_daemon: process gone — task 'MyQuant Sim Daemon' Disabled; intentionally off, not restarting
2026-09-30 09:58:05 all green
2026-09-30 10:03:04 sim_daemon: process gone — task 'MyQuant Sim Daemon' Disabled; intentionally off, not restarting
2026-09-30 10:03:05 all green
2026-09-30 10:06:23 all green (daemon)
2026-09-30 10:08:04 sim_daemon: process gone — task 'MyQuant Sim Daemon' Disabled; intentionally off, not restarting
2026-09-30 10:08:05 all green
2026-09-30 10:13:04 sim_daemon: process gone — task 'MyQuant Sim Daemon' Disabled; intentionally off, not restarting
2026-09-30 10:13:05 all green
2026-09-30 10:16:33 all green (daemon)
2026-09-30 10:18:04 sim_daemon: process gone — task 'MyQuant Sim Daemon' Disabled; intentionally off, not restarting
2026-09-30 10:18:05 all green
2026-09-30 10:23:04 sim_daemon: process gone — task 'MyQuant Sim Daemon' Disabled; intentionally off, not restarting
2026-09-30 10:23:05 all green
2026-09-30 10:26:33 all green (daemon)
2026-09-30 10:28:04 sim_daemon: process gone — task 'MyQuant Sim Daemon' Disabled; intentionally off, not restarting
2026-09-30 10:28:05 all green
2026-09-30 10:33:04 sim_daemon: process gone — task 'MyQuant Sim Daemon' Disabled; intentionally off, not restarting
2026-09-30 10:33:05 all green
2026-09-30 10:36:43 all green (daemon)
2026-09-30 10:38:04 sim_daemon: process gone — task 'MyQuant Sim Daemon' Disabled; intentionally off, not restarting
2026-09-30 10:38:05 all green
2026-09-30 10:43:04 sim_daemon: process gone — task 'MyQuant Sim Daemon' Disabled; intentionally off, not restarting
2026-09-30 10:43:05 all green
2026-09-30 10:46:54 all green (daemon)
2026-09-30 10:48:04 sim_daemon: process gone — task 'MyQuant Sim Daemon' Disabled; intentionally off, not restarting
2026-09-30 10:48:05 all green
2026-09-30 10:53:04 sim_daemon: process gone — task 'MyQuant Sim Daemon' Disabled; intentionally off, not restarting
2026-09-30 10:53:05 all green
2026-09-30 10:56:55 all green (daemon)
2026-09-30 10:58:04 sim_daemon: process gone — task 'MyQuant Sim Daemon' Disabled; intentionally off, not restarting
2026-09-30 10:58:05 all green
2026-09-30 11:03:04 sim_daemon: process gone — task 'MyQuant Sim Daemon' Disabled; intentionally off, not restarting
2026-09-30 11:03:05 all green
2026-09-30 11:07:06 all green (daemon)
2026-09-30 11:08:04 sim_daemon: process gone — task 'MyQuant Sim Daemon' Disabled; intentionally off, not restarting
2026-09-30 11:08:05 all green
2026-09-30 11:13:04 sim_daemon: process gone — task 'MyQuant Sim Daemon' Disabled; intentionally off, not restarting
2026-09-30 11:13:05 all green
2026-09-30 11:17:15 all green (daemon)
2026-09-30 11:18:04 sim_daemon: process gone — task 'MyQuant Sim Daemon' Disabled; intentionally off, not restarting
2026-09-30 11:18:05 all green
2026-09-30 11:23:04 sim_daemon: process gone — task 'MyQuant Sim Daemon' Disabled; intentionally off, not restarting
2026-09-30 11:23:05 all green
2026-09-30 11:27:25 all green (daemon)
2026-09-30 11:28:04 sim_daemon: process gone — task 'MyQuant Sim Daemon' Disabled; intentionally off, not restarting
2026-09-30 11:28:05 all green
2026-09-30 11:33:04 sim_daemon: process gone — task 'MyQuant Sim Daemon' Disabled; intentionally off, not restarting
2026-09-30 11:33:05 all green
2026-09-30 11:37:36 all green (daemon)
2026-09-30 11:38:04 sim_daemon: process gone — task 'MyQuant Sim Daemon' Disabled; intentionally off, not restarting
2026-09-30 11:38:05 all green
2026-09-30 11:43:04 sim_daemon: process gone — task 'MyQuant Sim Daemon' Disabled; intentionally off, not restarting
2026-09-30 11:43:05 all green
2026-09-30 11:47:46 all green (daemon)
2026-09-30 11:48:04 sim_daemon: process gone — task 'MyQuant Sim Daemon' Disabled; intentionally off, not restarting
2026-09-30 11:48:05 all green
2026-09-30 11:53:04 sim_daemon: process gone — task 'MyQuant Sim Daemon' Disabled; intentionally off, not restarting
2026-09-30 11:53:05 all green
2026-09-30 11:57:56 all green (daemon)
2026-09-30 11:58:04 sim_daemon: process gone — task 'MyQuant Sim Daemon' Disabled; intentionally off, not restarting
2026-09-30 11:58:05 all green
2026-09-30 12:03:04 sim_daemon: process gone — task 'MyQuant Sim Daemon' Disabled; intentionally off, not restarting
2026-09-30 12:03:05 all green
2026-09-30 12:07:56 all green (daemon)
2026-09-30 12:08:04 sim_daemon: process gone — task 'MyQuant Sim Daemon' Disabled; intentionally off, not restarting
2026-09-30 12:08:05 all green
2026-09-30 12:13:05 sim_daemon: process gone — task 'MyQuant Sim Daemon' Disabled; intentionally off, not restarting
2026-09-30 12:13:05 all green
2026-09-30 12:17:57 all green (daemon)
2026-09-30 12:18:05 sim_daemon: process gone — task 'MyQuant Sim Daemon' Disabled; intentionally off, not restarting
2026-09-30 12:18:05 all green
2026-09-30 12:23:04 sim_daemon: process gone — task 'MyQuant Sim Daemon' Disabled; intentionally off, not restarting
2026-09-30 12:23:05 all green
2026-09-30 12:28:05 sim_daemon: process gone — task 'MyQuant Sim Daemon' Disabled; intentionally off, not restarting
2026-09-30 12:28:05 all green
2026-09-30 12:28:06 all green (daemon)
2026-09-30 12:33:04 sim_daemon: process gone — task 'MyQuant Sim Daemon' Disabled; intentionally off, not restarting
2026-09-30 12:33:05 all green
2026-09-30 12:38:04 sim_daemon: process gone — task 'MyQuant Sim Daemon' Disabled; intentionally off, not restarting
2026-09-30 12:38:05 all green
2026-09-30 12:38:10 all green (daemon)
2026-09-30 12:43:04 sim_daemon: process gone — task 'MyQuant Sim Daemon' Disabled; intentionally off, not restarting
2026-09-30 12:43:05 all green
2026-09-30 12:48:05 sim_daemon: process gone — task 'MyQuant Sim Daemon' Disabled; intentionally off, not restarting
2026-09-30 12:48:06 all green
2026-09-30 12:48:14 all green (daemon)
2026-09-30 12:53:05 sim_daemon: process gone — task 'MyQuant Sim Daemon' Disabled; intentionally off, not restarting
2026-09-30 12:53:05 all green
2026-09-30 12:58:04 sim_daemon: process gone — task 'MyQuant Sim Daemon' Disabled; intentionally off, not restarting
2026-09-30 12:58:05 all green
2026-09-30 12:58:22 all green (daemon)
2026-09-30 13:03:05 sim_daemon: process gone — task 'MyQuant Sim Daemon' Disabled; intentionally off, not restarting
2026-09-30 13:03:05 all green
2026-09-30 13:08:04 sim_daemon: process gone — task 'MyQuant Sim Daemon' Disabled; intentionally off, not restarting
2026-09-30 13:08:05 all green
2026-09-30 13:08:23 all green (daemon)
2026-09-30 13:13:04 sim_daemon: process gone — task 'MyQuant Sim Daemon' Disabled; intentionally off, not restarting
2026-09-30 13:13:05 all green
2026-09-30 13:18:04 sim_daemon: process gone — task 'MyQuant Sim Daemon' Disabled; intentionally off, not restarting
2026-09-30 13:18:05 all green
2026-09-30 13:18:27 all green (daemon)
2026-09-30 13:23:04 sim_daemon: process gone — task 'MyQuant Sim Daemon' Disabled; intentionally off, not restarting
2026-09-30 13:23:05 all green
2026-09-30 13:28:04 sim_daemon: process gone — task 'MyQuant Sim Daemon' Disabled; intentionally off, not restarting
2026-09-30 13:28:05 all green
2026-09-30 13:28:31 all green (daemon)
2026-09-30 13:33:04 sim_daemon: process gone — task 'MyQuant Sim Daemon' Disabled; intentionally off, not restarting
2026-09-30 13:33:05 all green
2026-09-30 13:38:04 sim_daemon: process gone — task 'MyQuant Sim Daemon' Disabled; intentionally off, not restarting
2026-09-30 13:38:05 all green
2026-09-30 13:38:36 all green (daemon)
2026-09-30 13:43:04 sim_daemon: process gone — task 'MyQuant Sim Daemon' Disabled; intentionally off, not restarting
2026-09-30 13:43:05 all green
2026-09-30 13:48:05 sim_daemon: process gone — task 'MyQuant Sim Daemon' Disabled; intentionally off, not restarting
2026-09-30 13:48:06 all green
2026-09-30 13:48:38 all green (daemon)
2026-09-30 13:53:04 sim_daemon: process gone — task 'MyQuant Sim Daemon' Disabled; intentionally off, not restarting
2026-09-30 13:53:05 all green
2026-09-30 13:58:04 sim_daemon: process gone — task 'MyQuant Sim Daemon' Disabled; intentionally off, not restarting
2026-09-30 13:58:05 all green
2026-09-30 13:58:46 all green (daemon)
2026-09-30 14:03:04 sim_daemon: process gone — task 'MyQuant Sim Daemon' Disabled; intentionally off, not restarting
2026-09-30 14:03:05 all green
2026-09-30 14:08:04 sim_daemon: process gone — task 'MyQuant Sim Daemon' Disabled; intentionally off, not restarting
2026-09-30 14:08:05 all green
2026-09-30 14:08:53 all green (daemon)
2026-09-30 14:13:04 sim_daemon: process gone — task 'MyQuant Sim Daemon' Disabled; intentionally off, not restarting
2026-09-30 14:13:05 all green
2026-09-30 14:18:04 sim_daemon: process gone — task 'MyQuant Sim Daemon' Disabled; intentionally off, not restarting
2026-09-30 14:18:05 all green
2026-09-30 14:18:58 all green (daemon)
2026-09-30 14:23:04 sim_daemon: process gone — task 'MyQuant Sim Daemon' Disabled; intentionally off, not restarting
2026-09-30 14:23:05 all green
2026-09-30 14:23:37 marks: killing hung pair [17888, 14436]
2026-09-30 14:23:38 ACTION marks: marks.csv 300s — restarting via 'MyQuant Marks Watch'
2026-09-30 14:23:51 marks: marks.csv 315s — in cooldown (14s), waiting
2026-09-30 14:24:05 marks: marks.csv 328s — in cooldown (27s), waiting
2026-09-30 14:24:17 marks: marks.csv 341s — in cooldown (40s), waiting
2026-09-30 14:24:30 marks: marks.csv 353s — in cooldown (52s), waiting
2026-09-30 14:24:43 marks: marks.csv 366s — in cooldown (65s), waiting
2026-09-30 14:24:56 marks: marks.csv 379s — in cooldown (78s), waiting
2026-09-30 14:25:09 marks: marks.csv 392s — in cooldown (91s), waiting
2026-09-30 14:25:22 marks: marks.csv 405s — in cooldown (104s), waiting
2026-09-30 14:25:34 marks: marks.csv 418s — in cooldown (117s), waiting
2026-09-30 14:25:47 marks: marks.csv 430s — in cooldown (129s), waiting
2026-09-30 14:26:00 marks: marks.csv 443s — in cooldown (142s), waiting
2026-09-30 14:26:13 marks: marks.csv 457s — in cooldown (156s), waiting
2026-09-30 14:26:26 marks: marks.csv 469s — in cooldown (168s), waiting
2026-09-30 14:26:38 marks: marks.csv 482s — in cooldown (181s), waiting
2026-09-30 14:26:51 marks: marks.csv 495s — in cooldown (194s), waiting
2026-09-30 14:27:04 marks: marks.csv 508s — in cooldown (207s), waiting
2026-09-30 14:27:17 marks: marks.csv 521s — in cooldown (220s), waiting
2026-09-30 14:27:30 marks: marks.csv 534s — in cooldown (232s), waiting
2026-09-30 14:27:43 marks: marks.csv 546s — in cooldown (245s), waiting
2026-09-30 14:27:55 marks: marks.csv 559s — in cooldown (258s), waiting
2026-09-30 14:28:04 sim_daemon: process gone — task 'MyQuant Sim Daemon' Disabled; intentionally off, not restarting
2026-09-30 14:28:05 marks: marks.csv 569s — in cooldown (268s), waiting
2026-09-30 14:28:06 all green
2026-09-30 14:28:08 marks: marks.csv 572s — in cooldown (271s), waiting
2026-09-30 14:28:22 marks: marks.csv 585s — in cooldown (284s), waiting
2026-09-30 14:28:34 marks: marks.csv 598s — in cooldown (297s), waiting
2026-09-30 14:28:47 marks: marks.csv 610s — in cooldown (309s), waiting
2026-09-30 14:28:59 marks: marks.csv 623s — in cooldown (322s), waiting
2026-09-30 14:28:59 all green (daemon)
2026-09-30 14:29:13 marks: marks.csv 636s — in cooldown (335s), waiting
2026-09-30 14:29:26 marks: marks.csv 650s — in cooldown (349s), waiting
2026-09-30 14:29:39 marks: marks.csv 662s — in cooldown (361s), waiting
2026-09-30 14:29:51 marks: marks.csv 675s — in cooldown (374s), waiting
2026-09-30 14:30:04 marks: marks.csv 688s — in cooldown (387s), waiting
2026-09-30 14:30:17 marks: marks.csv 701s — in cooldown (400s), waiting
2026-09-30 14:30:31 marks: marks.csv 714s — in cooldown (413s), waiting
2026-09-30 14:30:43 marks: marks.csv 727s — in cooldown (426s), waiting
2026-09-30 14:30:56 marks: marks.csv 739s — in cooldown (438s), waiting
2026-09-30 14:31:08 marks: marks.csv 752s — in cooldown (451s), waiting
2026-09-30 14:31:22 marks: marks.csv 765s — in cooldown (464s), waiting
2026-09-30 14:31:35 marks: marks.csv 778s — in cooldown (477s), waiting
2026-09-30 14:31:47 marks: marks.csv 791s — in cooldown (490s), waiting
2026-09-30 14:32:00 marks: marks.csv 804s — in cooldown (503s), waiting
2026-09-30 14:32:13 marks: marks.csv 816s — in cooldown (515s), waiting
2026-09-30 14:32:26 marks: marks.csv 829s — in cooldown (528s), waiting
2026-09-30 14:32:39 marks: marks.csv 843s — in cooldown (542s), waiting
2026-09-30 14:32:52 marks: marks.csv 855s — in cooldown (554s), waiting
2026-09-30 14:33:04 sim_daemon: process gone — task 'MyQuant Sim Daemon' Disabled; intentionally off, not restarting
2026-09-30 14:33:04 marks: marks.csv 868s — in cooldown (567s), waiting
2026-09-30 14:33:06 marks: marks.csv 869s — in cooldown (568s), waiting
2026-09-30 14:33:06 all green
2026-09-30 14:33:17 marks: marks.csv 881s — in cooldown (580s), waiting
2026-09-30 14:33:30 marks: marks.csv 894s — in cooldown (593s), waiting
2026-09-30 14:33:44 ACTION marks: marks.csv 907s — restarting via 'MyQuant Marks Watch'
2026-09-30 14:33:57 marks: marks.csv 920s — in cooldown (13s), waiting
2026-09-30 14:38:04 sim_daemon: process gone — task 'MyQuant Sim Daemon' Disabled; intentionally off, not restarting
2026-09-30 14:38:05 all green
2026-09-30 14:39:08 all green (daemon)
2026-09-30 14:43:04 sim_daemon: process gone — task 'MyQuant Sim Daemon' Disabled; intentionally off, not restarting
2026-09-30 14:43:05 all green
2026-09-30 14:48:04 sim_daemon: process gone — task 'MyQuant Sim Daemon' Disabled; intentionally off, not restarting
2026-09-30 14:48:05 all green
2026-09-30 14:49:09 all green (daemon)
2026-09-30 14:53:03 all green
2026-09-30 14:58:02 all green
2026-09-30 14:59:10 all green (daemon)
2026-09-30 15:03:03 all green
2026-09-30 15:08:02 all green
2026-09-30 15:09:11 all green (daemon)
2026-09-30 15:13:02 all green
2026-09-30 15:18:02 resident watchdog heartbeat 180s stale — restarting Live task
2026-09-30 15:18:02 all green
2026-09-30 15:18:03 daemon mode: 10s cadence, fast thresholds
2026-09-30 15:18:03 all green (daemon)
2026-09-30 15:20:04 daemon: market window closed, exiting
2026-10-01 07:15:02 daemon: before 08:15 CT window (now 07:15 CT) — waiting for open
2026-10-01 08:15:02 daemon mode: 10s cadence, fast thresholds
2026-10-01 08:15:02 all green (daemon)
2026-10-01 08:18:02 all green
2026-10-01 08:23:02 all green
2026-10-01 08:25:03 all green (daemon)
2026-10-01 08:28:02 all green
2026-10-01 08:33:03 all green
2026-10-01 08:35:04 all green (daemon)
2026-10-01 08:38:02 all green
2026-10-01 08:40:10 sim_daemon: process gone — task 'MyQuant Sim Daemon' Disabled; intentionally off, not restarting
2026-10-01 08:43:05 sim_daemon: process gone — task 'MyQuant Sim Daemon' Disabled; intentionally off, not restarting
2026-10-01 08:43:05 all green
2026-10-01 08:45:12 all green (daemon)
2026-10-01 08:48:04 sim_daemon: process gone — task 'MyQuant Sim Daemon' Disabled; intentionally off, not restarting
2026-10-01 08:48:05 all green
2026-10-01 08:53:04 sim_daemon: process gone — task 'MyQuant Sim Daemon' Disabled; intentionally off, not restarting
2026-10-01 08:53:05 all green
2026-10-01 08:55:14 all green (daemon)
2026-10-01 08:58:04 sim_daemon: process gone — task 'MyQuant Sim Daemon' Disabled; intentionally off, not restarting
2026-10-01 08:58:05 all green
2026-10-01 09:03:04 sim_daemon: process gone — task 'MyQuant Sim Daemon' Disabled; intentionally off, not restarting
2026-10-01 09:03:05 all green
2026-10-01 09:05:19 all green (daemon)
2026-10-01 09:08:04 sim_daemon: process gone — task 'MyQuant Sim Daemon' Disabled; intentionally off, not restarting
2026-10-01 09:08:05 all green
2026-10-01 09:13:04 sim_daemon: process gone — task 'MyQuant Sim Daemon' Disabled; intentionally off, not restarting
2026-10-01 09:13:05 all green
2026-10-01 09:15:19 all green (daemon)
2026-10-01 09:18:04 sim_daemon: process gone — task 'MyQuant Sim Daemon' Disabled; intentionally off, not restarting
2026-10-01 09:18:05 all green
2026-10-01 09:23:04 sim_daemon: process gone — task 'MyQuant Sim Daemon' Disabled; intentionally off, not restarting
2026-10-01 09:23:05 all green
2026-10-01 09:25:20 all green (daemon)
2026-10-01 09:28:04 sim_daemon: process gone — task 'MyQuant Sim Daemon' Disabled; intentionally off, not restarting
2026-10-01 09:28:05 all green
2026-10-01 09:33:05 sim_daemon: process gone — task 'MyQuant Sim Daemon' Disabled; intentionally off, not restarting
2026-10-01 09:33:05 all green
2026-10-01 09:35:21 all green (daemon)
2026-10-01 09:38:04 sim_daemon: process gone — task 'MyQuant Sim Daemon' Disabled; intentionally off, not restarting
2026-10-01 09:38:05 all green
2026-10-01 09:43:04 sim_daemon: process gone — task 'MyQuant Sim Daemon' Disabled; intentionally off, not restarting
2026-10-01 09:43:05 all green
2026-10-01 09:45:30 all green (daemon)
2026-10-01 09:48:04 sim_daemon: process gone — task 'MyQuant Sim Daemon' Disabled; intentionally off, not restarting
2026-10-01 09:48:05 all green
2026-10-01 09:53:04 sim_daemon: process gone — task 'MyQuant Sim Daemon' Disabled; intentionally off, not restarting
2026-10-01 09:53:05 all green
2026-10-01 09:55:38 all green (daemon)
2026-10-01 09:58:04 sim_daemon: process gone — task 'MyQuant Sim Daemon' Disabled; intentionally off, not restarting
2026-10-01 09:58:05 all green
2026-10-01 10:03:04 sim_daemon: process gone — task 'MyQuant Sim Daemon' Disabled; intentionally off, not restarting
2026-10-01 10:03:05 all green
2026-10-01 10:05:46 all green (daemon)
2026-10-01 10:08:05 sim_daemon: process gone — task 'MyQuant Sim Daemon' Disabled; intentionally off, not restarting
2026-10-01 10:08:05 all green
2026-10-01 10:13:04 sim_daemon: process gone — task 'MyQuant Sim Daemon' Disabled; intentionally off, not restarting
2026-10-01 10:13:05 all green
2026-10-01 10:15:50 all green (daemon)
2026-10-01 10:18:04 sim_daemon: process gone — task 'MyQuant Sim Daemon' Disabled; intentionally off, not restarting
2026-10-01 10:18:05 all green
2026-10-01 10:23:04 sim_daemon: process gone — task 'MyQuant Sim Daemon' Disabled; intentionally off, not restarting
2026-10-01 10:23:05 all green
2026-10-01 10:25:53 all green (daemon)
2026-10-01 10:28:04 sim_daemon: process gone — task 'MyQuant Sim Daemon' Disabled; intentionally off, not restarting
2026-10-01 10:28:05 all green
2026-10-01 10:33:05 sim_daemon: process gone — task 'MyQuant Sim Daemon' Disabled; intentionally off, not restarting
2026-10-01 10:33:05 all green
2026-10-01 10:35:58 all green (daemon)
2026-10-01 10:38:05 sim_daemon: process gone — task 'MyQuant Sim Daemon' Disabled; intentionally off, not restarting
2026-10-01 10:38:05 all green
2026-10-01 10:43:04 sim_daemon: process gone — task 'MyQuant Sim Daemon' Disabled; intentionally off, not restarting
2026-10-01 10:43:05 all green
2026-10-01 10:46:04 all green (daemon)
2026-10-01 10:48:04 sim_daemon: process gone — task 'MyQuant Sim Daemon' Disabled; intentionally off, not restarting
2026-10-01 10:48:05 all green
2026-10-01 10:53:04 sim_daemon: process gone — task 'MyQuant Sim Daemon' Disabled; intentionally off, not restarting
2026-10-01 10:53:05 all green
2026-10-01 10:56:14 all green (daemon)
2026-10-01 10:58:04 sim_daemon: process gone — task 'MyQuant Sim Daemon' Disabled; intentionally off, not restarting
2026-10-01 10:58:05 all green
2026-10-01 11:03:04 sim_daemon: process gone — task 'MyQuant Sim Daemon' Disabled; intentionally off, not restarting
2026-10-01 11:03:05 all green
2026-10-01 11:06:23 all green (daemon)
2026-10-01 11:08:04 sim_daemon: process gone — task 'MyQuant Sim Daemon' Disabled; intentionally off, not restarting
2026-10-01 11:08:05 all green
2026-10-01 11:13:04 sim_daemon: process gone — task 'MyQuant Sim Daemon' Disabled; intentionally off, not restarting
2026-10-01 11:13:05 all green
2026-10-01 11:16:33 all green (daemon)
2026-10-01 11:18:04 sim_daemon: process gone — task 'MyQuant Sim Daemon' Disabled; intentionally off, not restarting
2026-10-01 11:18:05 all green
2026-10-01 11:23:04 sim_daemon: process gone — task 'MyQuant Sim Daemon' Disabled; intentionally off, not restarting
2026-10-01 11:23:05 all green
2026-10-01 11:26:41 all green (daemon)
2026-10-01 11:28:04 sim_daemon: process gone — task 'MyQuant Sim Daemon' Disabled; intentionally off, not restarting
2026-10-01 11:28:05 all green
2026-10-01 11:33:04 sim_daemon: process gone — task 'MyQuant Sim Daemon' Disabled; intentionally off, not restarting
2026-10-01 11:33:05 all green
2026-10-01 11:36:49 all green (daemon)
2026-10-01 11:38:04 sim_daemon: process gone — task 'MyQuant Sim Daemon' Disabled; intentionally off, not restarting
2026-10-01 11:38:05 all green
2026-10-01 11:43:04 sim_daemon: process gone — task 'MyQuant Sim Daemon' Disabled; intentionally off, not restarting
2026-10-01 11:43:05 all green
2026-10-01 11:46:52 all green (daemon)
2026-10-01 11:48:05 sim_daemon: process gone — task 'MyQuant Sim Daemon' Disabled; intentionally off, not restarting
2026-10-01 11:48:05 all green
2026-10-01 11:53:05 sim_daemon: process gone — task 'MyQuant Sim Daemon' Disabled; intentionally off, not restarting
2026-10-01 11:53:06 all green
2026-10-01 11:56:55 all green (daemon)
2026-10-01 11:58:05 sim_daemon: process gone — task 'MyQuant Sim Daemon' Disabled; intentionally off, not restarting
2026-10-01 11:58:05 all green
2026-10-01 11:59:43 ACTION gateway: API 4002 — restarting via 'MyQuant Gateway Ensure'
2026-10-01 11:59:57 gateway: API 4002 — in cooldown (16s), waiting
2026-10-01 12:03:05 sim_daemon: process gone — task 'MyQuant Sim Daemon' Disabled; intentionally off, not restarting
2026-10-01 12:03:05 all green
2026-10-01 12:04:30 ACTION marks: marks.csv 309s — restarting via 'MyQuant Marks Watch'
2026-10-01 12:04:43 marks: marks.csv 323s — in cooldown (14s), waiting
