ib_exec_time,trade_id,order_id,exec_id,underlying,symbol,expiry,strike,put_call,side,quantity,price,commission,currency,exchange,level
20260806;095411,,734178751,00020057.6a742816.03.01,SPX,SPXW  260806C07725000,20260806,7725,C,BUY,1,22,-1.63028,USD,CBOE,EXECUTION
20260806;094400,,734154893,00020057.6a741b25.03.01,SPX,SPXW  260806C07725000,20260806,7725,C,SELL,-1,19.4,-1.63028,USD,CBOE,EXECUTION
20260806;101731,,734222569,00020057.6a743c2e.02.01,SPX,SPXW  260806C07735000,20260806,7735,C,BUY,1,16.7,-1.63028,USD,CBOE,EXECUTION
20260806;162000,,10719692309,,SPX,SPXW  260806C07735000,20260806,7735,C,BUY,1,0,0,USD,--,EXECUTION
20260806;100631,,734201709,00020057.6a7432c3.02.01,SPX,SPXW  260806C07735000,20260806,7735,C,SELL,-1,13.7,-1.63028,USD,CBOE,EXECUTION
20260806;100633,,734201694,00020057.6a7432c8.02.01,SPX,SPXW  260806C07735000,20260806,7735,C,SELL,-1,14.1,-1.63028,USD,CBOE,EXECUTION
20260806;094400,,734154237,00020057.6a741b25.02.01,SPX,SPXW  260806C07750000,20260806,7750,C,BUY,1,7.8,-1.63028,USD,CBOE,EXECUTION
20260806;095411,,734179548,00020057.6a742816.02.01,SPX,SPXW  260806C07750000,20260806,7750,C,SELL,-1,9.2,-1.63028,USD,CBOE,EXECUTION
20260806;100631,,734202469,00020057.6a7432c3.03.01,SPX,SPXW  260806C07760000,20260806,7760,C,BUY,1,4.7,-1.63028,USD,CBOE,EXECUTION
20260806;100633,,734202389,00020057.6a7432c8.03.01,SPX,SPXW  260806C07760000,20260806,7760,C,BUY,1,4.9,-1.63028,USD,CBOE,EXECUTION
20260806;101731,,734223253,00020057.6a743c2e.03.01,SPX,SPXW  260806C07760000,20260806,7760,C,SELL,-1,5.7,-1.63028,USD,CBOE,EXECUTION
20260806;162000,,10719701403,,SPX,SPXW  260806C07760000,20260806,7760,C,SELL,-1,0,0,USD,--,EXECUTION
20260806;162000,,10719694033,,SPX,SPXW  260806C07800000,20260806,7800,C,BUY,2,0,0,USD,--,EXECUTION
20260806;094315,,734153700,00020057.6a741abb.03.01,SPX,SPXW  260806C07800000,20260806,7800,C,SELL,-1,0.75,-1.54028,USD,CBOE,EXECUTION
20260806;100717,,734204776,00020057.6a743328.03.01,SPX,SPXW  260806C07800000,20260806,7800,C,SELL,-1,0.85,-1.54028,USD,CBOE,EXECUTION
20260806;162000,,10719700125,,SPX,SPXW  260806C07815000,20260806,7815,C,BUY,1,0,0,USD,--,EXECUTION
20260806;100537,,734201764,00020057.6a743247.03.01,SPX,SPXW  260806C07815000,20260806,7815,C,SELL,-1,0.4,-1.54028,USD,CBOE,EXECUTION
20260806;094315,,734152698,00020057.6a741abb.02.01,SPX,SPXW  260806C07825000,20260806,7825,C,BUY,1,0.35,-1.54028,USD,CBOE,EXECUTION
20260806;100717,,734203635,00020057.6a743328.02.01,SPX,SPXW  260806C07825000,20260806,7825,C,BUY,1,0.4,-1.54028,USD,CBOE,EXECUTION
20260806;162000,,10719702330,,SPX,SPXW  260806C07825000,20260806,7825,C,SELL,-2,0,0,USD,--,EXECUTION
20260806;100537,,734201052,00020057.6a743247.02.01,SPX,SPXW  260806C07840000,20260806,7840,C,BUY,1,0.25,-1.54028,USD,CBOE,EXECUTION
20260806;162000,,10719697115,,SPX,SPXW  260806C07840000,20260806,7840,C,SELL,-1,0,0,USD,--,EXECUTION
20260806;094242,,734152564,00020057.6a741a7c.03.01,SPX,SPXW  260806P07620000,20260806,7620,P,BUY,1,0.8,-1.54028,USD,CBOE,EXECUTION
20260806;162000,,10719704360,,SPX,SPXW  260806P07620000,20260806,7620,P,SELL,-1,0,0,USD,--,EXECUTION
20260806;100516,,734199296,00020057.6a743205.02.01,SPX,SPXW  260806P07635000,20260806,7635,P,BUY,1,0.6,-1.54028,USD,CBOE,EXECUTION
20260806;162000,,10719706939,,SPX,SPXW  260806P07635000,20260806,7635,P,SELL,-1,0,0,USD,--,EXECUTION
20260806;162000,,10719697367,,SPX,SPXW  260806P07645000,20260806,7645,P,BUY,1,0,0,USD,--,EXECUTION
20260806;094242,,734151557,00020057.6a741a7c.02.01,SPX,SPXW  260806P07645000,20260806,7645,P,SELL,-1,1.45,-1.63028,USD,CBOE,EXECUTION
20260806;162000,,10719696450,,SPX,SPXW  260806P07660000,20260806,7660,P,BUY,1,0,0,USD,--,EXECUTION
20260806;100516,,734199719,00020057.6a743205.03.01,SPX,SPXW  260806P07660000,20260806,7660,P,SELL,-1,1.15,-1.63028,USD,CBOE,EXECUTION
20260806;100657,,734203725,00020057.6a7432ef.03.01,SPX,SPXW  260806P07675000,20260806,7675,P,BUY,1,1.85,-1.63028,USD,CBOE,EXECUTION
20260806;162000,,10719698317,,SPX,SPXW  260806P07675000,20260806,7675,P,SELL,-1,0,0,USD,--,EXECUTION
20260806;094343,,734154156,00020057.6a741afc.03.01,SPX,SPXW  260806P07700000,20260806,7700,P,BUY,1,6.5,-1.63028,USD,CBOE,EXECUTION
20260806;162000,,10719695148,,SPX,SPXW  260806P07700000,20260806,7700,P,BUY,2,0,0,USD,--,EXECUTION
20260806;100657,,734203016,00020057.6a7432ef.02.01,SPX,SPXW  260806P07700000,20260806,7700,P,SELL,-1,4.2,-1.63028,USD,CBOE,EXECUTION
20260806;112502,,734324282,00020057.6a7471d2.03.01,SPX,SPXW  260806P07700000,20260806,7700,P,SELL,-1,7.1,-1.63028,USD,CBOE,EXECUTION
20260806;112522,,734324375,00020057.6a747234.03.01,SPX,SPXW  260806P07700000,20260806,7700,P,SELL,-1,7.9,-1.63028,USD,CBOE,EXECUTION
20260806;100558,,734201492,00020057.6a743266.03.01,SPX,SPXW  260806P07710000,20260806,7710,P,BUY,1,6.6,-1.63028,USD,CBOE,EXECUTION
20260806;103544,,734252226,00020057.6a744be9.03.01,SPX,SPXW  260806P07710000,20260806,7710,P,SELL,-1,5.6,-1.63028,USD,CBOE,EXECUTION
20260806;112502,,734325126,00020057.6a7471d2.02.01,SPX,SPXW  260806P07725000,20260806,7725,P,BUY,1,18.3,-1.63028,USD,CBOE,EXECUTION
20260806;112522,,734325109,00020057.6a747234.02.01,SPX,SPXW  260806P07725000,20260806,7725,P,BUY,1,19.7,-1.63028,USD,CBOE,EXECUTION
20260806;094343,,734153575,00020057.6a741afc.02.01,SPX,SPXW  260806P07725000,20260806,7725,P,SELL,-1,13.6,-1.63028,USD,CBOE,EXECUTION
20260806;162000,,10719660813,,SPX,SPXW  260806P07725000,20260806,7725,P,SELL,-1,0,0,USD,--,EXECUTION
20260806;103544,,734252957,00020057.6a744be9.02.01,SPX,SPXW  260806P07735000,20260806,7735,P,BUY,1,14.4,-1.63028,USD,CBOE,EXECUTION
20260806;100558,,734201434,00020057.6a743266.02.01,SPX,SPXW  260806P07735000,20260806,7735,P,SELL,-1,15,-1.63028,USD,CBOE,EXECUTION
20260807;094327,,734723452,00020057.6a756dce.03.01,SPX,SPXW  260807C07710000,20260807,7710,C,BUY,1,35,-1.63028,USD,CBOE,EXECUTION
20260807;093135,,734679914,00020057.6a756245.03.01,SPX,SPXW  260807C07710000,20260807,7710,C,SELL,-1,33.2,-1.63028,USD,CBOE,EXECUTION
20260807;094340,,734723477,00020057.6a756e0c.03.01,SPX,SPXW  260807C07730000,20260807,7730,C,BUY,1,21.1,-1.63028,USD,CBOE,EXECUTION
20260807;093313,,734692892,00020057.6a75654a.03.01,SPX,SPXW  260807C07730000,20260807,7730,C,SELL,-1,22.4,-1.63028,USD,CBOE,EXECUTION
20260807;093135,,734679200,00020057.6a756245.02.01,SPX,SPXW  260807C07735000,20260807,7735,C,BUY,1,17.7,-1.63028,USD,CBOE,EXECUTION
20260807;094327,,734722626,00020057.6a756dce.02.01,SPX,SPXW  260807C07735000,20260807,7735,C,SELL,-1,17.6,-1.63028,USD,CBOE,EXECUTION
20260807;093313,,734690425,00020057.6a75654a.02.01,SPX,SPXW  260807C07755000,20260807,7755,C,BUY,1,10.1,-1.63028,USD,CBOE,EXECUTION
20260807;094340,,734723087,00020057.6a756e0c.02.01,SPX,SPXW  260807C07755000,20260807,7755,C,SELL,-1,8.6,-1.63028,USD,CBOE,EXECUTION
20260807;162000,,10724155452,,SPX,SPXW  260807C07785000,20260807,7785,C,BUY,1,0,0,USD,--,EXECUTION
20260807;093048,,734664479,00020057.6a75613d.02.01,SPX,SPXW  260807C07785000,20260807,7785,C,SELL,-1,2.55,-1.63028,USD,CBOE,EXECUTION
20260807;162000,,10724181172,,SPX,SPXW  260807C07805000,20260807,7805,C,BUY,1,0,0,USD,--,EXECUTION
20260807;093232,,734687012,00020057.6a7563c1.02.01,SPX,SPXW  260807C07805000,20260807,7805,C,SELL,-1,1.1,-1.63028,USD,CBOE,EXECUTION
20260807;093048,,734674339,00020057.6a75613d.03.01,SPX,SPXW  260807C07810000,20260807,7810,C,BUY,1,0.95,-1.54028,USD,CBOE,EXECUTION
20260807;162000,,10724164530,,SPX,SPXW  260807C07810000,20260807,7810,C,SELL,-1,0,0,USD,--,EXECUTION
20260807;093232,,734686276,00020057.6a7563c1.03.01,SPX,SPXW  260807C07830000,20260807,7830,C,BUY,1,0.5,-1.54028,USD,CBOE,EXECUTION
20260807;162000,,10724177645,,SPX,SPXW  260807C07830000,20260807,7830,C,SELL,-1,0,0,USD,--,EXECUTION
20260807;093031,,734675118,00020057.6a756030.03.01,SPX,SPXW  260807P07610000,20260807,7610,P,BUY,1,0.65,-1.54028,USD,CBOE,EXECUTION
20260807;162000,,10724177550,,SPX,SPXW  260807P07610000,20260807,7610,P,SELL,-1,0,0,USD,--,EXECUTION
20260807;093157,,734685432,00020057.6a7562af.03.01,SPX,SPXW  260807P07630000,20260807,7630,P,BUY,1,0.8,-1.54028,USD,CBOE,EXECUTION
20260807;162000,,10724179114,,SPX,SPXW  260807P07630000,20260807,7630,P,SELL,-1,0,0,USD,--,EXECUTION
20260807;162000,,10724161684,,SPX,SPXW  260807P07635000,20260807,7635,P,BUY,1,0,0,USD,--,EXECUTION
20260807;093031,,734674524,00020057.6a756030.02.01,SPX,SPXW  260807P07635000,20260807,7635,P,SELL,-1,1.1,-1.63028,USD,CBOE,EXECUTION
20260807;162000,,10724182226,,SPX,SPXW  260807P07655000,20260807,7655,P,BUY,1,0,0,USD,--,EXECUTION
20260807;093157,,734685074,00020057.6a7562af.02.01,SPX,SPXW  260807P07655000,20260807,7655,P,SELL,-1,1.5,-1.63028,USD,CBOE,EXECUTION
20260807;093110,,734680935,00020057.6a756195.02.01,SPX,SPXW  260807P07685000,20260807,7685,P,BUY,1,4.7,-1.63028,USD,CBOE,EXECUTION
20260807;162000,,10724174427,,SPX,SPXW  260807P07685000,20260807,7685,P,SELL,-1,0,0,USD,--,EXECUTION
20260807;093253,,734690156,00020057.6a7564ad.02.01,SPX,SPXW  260807P07705000,20260807,7705,P,BUY,1,7.2,-1.63028,USD,CBOE,EXECUTION
20260807;162000,,10724156242,,SPX,SPXW  260807P07705000,20260807,7705,P,SELL,-1,0,0,USD,--,EXECUTION
20260807;162000,,10724177800,,SPX,SPXW  260807P07710000,20260807,7710,P,BUY,1,0,0,USD,--,EXECUTION
20260807;093110,,734679020,00020057.6a756195.03.01,SPX,SPXW  260807P07710000,20260807,7710,P,SELL,-1,9.7,-1.63028,USD,CBOE,EXECUTION
20260807;162000,,10724151154,,SPX,SPXW  260807P07730000,20260807,7730,P,BUY,1,0,0,USD,--,EXECUTION
20260807;093253,,734690108,00020057.6a7564ad.03.01,SPX,SPXW  260807P07730000,20260807,7730,P,SELL,-1,15.1,-1.63028,USD,CBOE,EXECUTION
20260810;101657,,735404763,00020057.6a797931.03.01,SPX,SPXW  260810C07760000,20260810,7760,C,BUY,1,12.8,-1.63028,USD,CBOE,EXECUTION
20260810;101712,,735404770,00020057.6a79795a.03.01,SPX,SPXW  260810C07760000,20260810,7760,C,BUY,1,12.4,-1.63028,USD,CBOE,EXECUTION
20260810;100152,,735367113,00020057.6a796bd4.03.01,SPX,SPXW  260810C07760000,20260810,7760,C,SELL,-1,10,-1.63028,USD,CBOE,EXECUTION
20260810;100300,,735373274,00020057.6a796cc7.03.01,SPX,SPXW  260810C07760000,20260810,7760,C,SELL,-1,10,-1.63028,USD,CBOE,EXECUTION
20260810;162000,,10728820833,,SPX,SPXW  260810C07775000,20260810,7775,C,BUY,1,0,0,USD,--,EXECUTION
20260810;100343,,735374648,00020057.6a796d27.03.01,SPX,SPXW  260810C07775000,20260810,7775,C,SELL,-1,3.9,-1.63028,USD,CBOE,EXECUTION
20260810;100152,,735366185,00020057.6a796bd4.02.01,SPX,SPXW  260810C07785000,20260810,7785,C,BUY,1,2.1,-1.63028,USD,CBOE,EXECUTION
20260810;100300,,735372706,00020057.6a796cc7.02.01,SPX,SPXW  260810C07785000,20260810,7785,C,BUY,1,2.1,-1.63028,USD,CBOE,EXECUTION
20260810;101657,,735403910,00020057.6a797931.02.01,SPX,SPXW  260810C07785000,20260810,7785,C,SELL,-1,2.9,-1.63028,USD,CBOE,EXECUTION
20260810;101712,,735403922,00020057.6a79795a.02.01,SPX,SPXW  260810C07785000,20260810,7785,C,SELL,-1,2.75,-1.63028,USD,CBOE,EXECUTION
20260810;100343,,735373941,00020057.6a796d27.02.01,SPX,SPXW  260810C07800000,20260810,7800,C,BUY,1,0.8,-1.54028,USD,CBOE,EXECUTION
20260810;162000,,10728817091,,SPX,SPXW  260810C07800000,20260810,7800,C,SELL,-1,0,0,USD,--,EXECUTION
20260810;100103,,735364329,00020057.6a796b46.02.01,SPX,SPXW  260810P07655000,20260810,7655,P,BUY,1,0.35,-1.54028,USD,CBOE,EXECUTION
20260810;100212,,735371383,00020057.6a796c29.02.01,SPX,SPXW  260810P07655000,20260810,7655,P,BUY,1,0.3,-1.54028,USD,CBOE,EXECUTION
20260810;162000,,10728822902,,SPX,SPXW  260810P07655000,20260810,7655,P,SELL,-2,0,0,USD,--,EXECUTION
20260810;162000,,10728814160,,SPX,SPXW  260810P07680000,20260810,7680,P,BUY,2,0,0,USD,--,EXECUTION
20260810;100103,,735365884,00020057.6a796b46.03.01,SPX,SPXW  260810P07680000,20260810,7680,P,SELL,-1,0.45,-1.54028,USD,CBOE,EXECUTION
20260810;100212,,735369972,00020057.6a796c29.03.01,SPX,SPXW  260810P07680000,20260810,7680,P,SELL,-1,0.4,-1.54028,USD,CBOE,EXECUTION
20260810;100323,,735372816,00020057.6a796cf9.03.01,SPX,SPXW  260810P07705000,20260810,7705,P,BUY,1,1,-1.63028,USD,CBOE,EXECUTION
20260810;162000,,10728810194,,SPX,SPXW  260810P07705000,20260810,7705,P,SELL,-1,0,0,USD,--,EXECUTION
20260810;162000,,10728811965,,SPX,SPXW  260810P07730000,20260810,7730,P,BUY,1,0,0,USD,--,EXECUTION
20260810;100323,,735372861,00020057.6a796cf9.02.01,SPX,SPXW  260810P07730000,20260810,7730,P,SELL,-1,2.5,-1.63028,USD,CBOE,EXECUTION
20260810;100132,,735367212,00020057.6a796bad.03.01,SPX,SPXW  260810P07735000,20260810,7735,P,BUY,1,3.5,-1.63028,USD,CBOE,EXECUTION
20260810;100239,,735370814,00020057.6a796c9d.03.01,SPX,SPXW  260810P07735000,20260810,7735,P,BUY,1,3.2,-1.63028,USD,CBOE,EXECUTION
20260810;114145,,735508108,00020057.6a79ab16.03.01,SPX,SPXW  260810P07735000,20260810,7735,P,SELL,-1,1.8,-1.63028,USD,CBOE,EXECUTION
20260810;114159,,735508134,00020057.6a79ab23.03.01,SPX,SPXW  260810P07735000,20260810,7735,P,SELL,-1,1.75,-1.63028,USD,CBOE,EXECUTION
20260810;114145,,735508368,00020057.6a79ab16.02.01,SPX,SPXW  260810P07760000,20260810,7760,P,BUY,1,8.3,-1.63028,USD,CBOE,EXECUTION
20260810;114159,,735508497,00020057.6a79ab23.02.01,SPX,SPXW  260810P07760000,20260810,7760,P,BUY,1,8.1,-1.63028,USD,CBOE,EXECUTION
20260810;100132,,735366957,00020057.6a796bad.02.01,SPX,SPXW  260810P07760000,20260810,7760,P,SELL,-1,11.2,-1.63028,USD,CBOE,EXECUTION
20260810;100239,,735370571,00020057.6a796c9d.02.01,SPX,SPXW  260810P07760000,20260810,7760,P,SELL,-1,10.3,-1.63028,USD,CBOE,EXECUTION
20260811;100743,,735927269,00020057.6a7acb17.02.01,SPX,SPXW  260811C07755000,20260811,7755,C,BUY,1,12.3,-1.63028,USD,CBOE,EXECUTION
20260811;093158,,735834714,00020057.6a7aac85.02.01,SPX,SPXW  260811C07755000,20260811,7755,C,SELL,-1,14.9,-1.63028,USD,CBOE,EXECUTION
20260811;162000,,10733222155,,SPX,SPXW  260811C07765000,20260811,7765,C,BUY,1,0,0,USD,--,EXECUTION
20260811;093327,,735836117,00020057.6a7aae35.02.01,SPX,SPXW  260811C07765000,20260811,7765,C,SELL,-1,9.15,-1.63028,USD,CBOE,EXECUTION
20260811;162000,,10733224983,,SPX,SPXW  260811C07775000,20260811,7775,C,BUY,1,0,0,USD,--,EXECUTION
20260811;093406,,735837590,00020057.6a7aaea0.03.01,SPX,SPXW  260811C07775000,20260811,7775,C,SELL,-1,5,-1.63028,USD,CBOE,EXECUTION
20260811;093158,,735833236,00020057.6a7aac85.03.01,SPX,SPXW  260811C07780000,20260811,7780,C,BUY,1,4.5,-1.63028,USD,CBOE,EXECUTION
20260811;100743,,735926084,00020057.6a7acb17.03.01,SPX,SPXW  260811C07780000,20260811,7780,C,SELL,-1,2.5,-1.63028,USD,CBOE,EXECUTION
20260811;093327,,735836463,00020057.6a7aae35.03.01,SPX,SPXW  260811C07790000,20260811,7790,C,BUY,1,2.3,-1.63028,USD,CBOE,EXECUTION
20260811;162000,,10733233207,,SPX,SPXW  260811C07790000,20260811,7790,C,SELL,-1,0,0,USD,--,EXECUTION
20260811;093406,,735839677,00020057.6a7aaea0.02.01,SPX,SPXW  260811C07800000,20260811,7800,C,BUY,1,1.15,-1.63028,USD,CBOE,EXECUTION
20260811;162000,,10733228559,,SPX,SPXW  260811C07800000,20260811,7800,C,SELL,-1,0,0,USD,--,EXECUTION
20260811;162000,,10733232847,,SPX,SPXW  260811C07830000,20260811,7830,C,BUY,1,0,0,USD,--,EXECUTION
20260811;093059,,735831338,00020057.6a7aab52.03.01,SPX,SPXW  260811C07830000,20260811,7830,C,SELL,-1,0.35,-1.54028,USD,CBOE,EXECUTION
20260811;093059,,735825996,00020057.6a7aab52.02.01,SPX,SPXW  260811C07855000,20260811,7855,C,BUY,1,0.2,-1.54028,USD,CBOE,EXECUTION
20260811;162000,,10733225111,,SPX,SPXW  260811C07855000,20260811,7855,C,SELL,-1,0,0,USD,--,EXECUTION
20260811;093041,,735826496,00020057.6a7aab18.03.01,SPX,SPXW  260811P07650000,20260811,7650,P,BUY,1,0.35,-1.54028,USD,CBOE,EXECUTION
20260811;162000,,10733228514,,SPX,SPXW  260811P07650000,20260811,7650,P,SELL,-1,0,0,USD,--,EXECUTION
20260811;093219,,735833441,00020057.6a7aacf9.03.01,SPX,SPXW  260811P07660000,20260811,7660,P,BUY,1,0.45,-1.54028,USD,CBOE,EXECUTION
20260811;162000,,10733224187,,SPX,SPXW  260811P07660000,20260811,7660,P,SELL,-1,0,0,USD,--,EXECUTION
20260811;093344,,735838654,00020057.6a7aae68.03.01,SPX,SPXW  260811P07675000,20260811,7675,P,BUY,1,0.6,-1.54028,USD,CBOE,EXECUTION
20260811;093041,,735826371,00020057.6a7aab18.02.01,SPX,SPXW  260811P07675000,20260811,7675,P,SELL,-1,0.5,-1.54028,USD,CBOE,EXECUTION
20260811;162000,,10733234942,,SPX,SPXW  260811P07685000,20260811,7685,P,BUY,1,0,0,USD,--,EXECUTION
20260811;093219,,735834337,00020057.6a7aacf9.02.01,SPX,SPXW  260811P07685000,20260811,7685,P,SELL,-1,0.8,-1.54028,USD,CBOE,EXECUTION
20260811;162000,,10733233957,,SPX,SPXW  260811P07700000,20260811,7700,P,BUY,1,0,0,USD,--,EXECUTION
20260811;093344,,735838328,00020057.6a7aae68.02.01,SPX,SPXW  260811P07700000,20260811,7700,P,SELL,-1,1.25,-1.63028,USD,CBOE,EXECUTION
20260811;093135,,735831595,00020057.6a7aac2c.03.01,SPX,SPXW  260811P07730000,20260811,7730,P,BUY,1,3.9,-1.63028,USD,CBOE,EXECUTION
20260811;111659,,736063326,00020057.6a7af9a4.03.01,SPX,SPXW  260811P07730000,20260811,7730,P,SELL,-1,2.7,-1.63028,USD,CBOE,EXECUTION
20260811;093249,,735835031,00020057.6a7aadcc.03.01,SPX,SPXW  260811P07740000,20260811,7740,P,BUY,1,6.4,-1.63028,USD,CBOE,EXECUTION
20260811;094417,,735860855,00020057.6a7ab6f2.03.01,SPX,SPXW  260811P07740000,20260811,7740,P,SELL,-1,5.8,-1.63028,USD,CBOE,EXECUTION
20260811;111659,,736064718,00020057.6a7af9a4.02.01,SPX,SPXW  260811P07755000,20260811,7755,P,BUY,1,11.6,-1.63028,USD,CBOE,EXECUTION
20260811;093135,,735832894,00020057.6a7aac2c.02.01,SPX,SPXW  260811P07755000,20260811,7755,P,SELL,-1,10.5,-1.63028,USD,CBOE,EXECUTION
20260811;094417,,735862076,00020057.6a7ab6f2.02.01,SPX,SPXW  260811P07765000,20260811,7765,P,BUY,1,16.3,-1.63028,USD,CBOE,EXECUTION
20260811;093249,,735834551,00020057.6a7aadcc.02.01,SPX,SPXW  260811P07765000,20260811,7765,P,SELL,-1,16.5,-1.63028,USD,CBOE,EXECUTION
20260812;094158,,736451209,00020057.6a7c0346.03.01,SPX,SPXW  260812C07730000,20260812,7730,C,BUY,1,29.5,-1.63028,USD,CBOE,EXECUTION
20260812;093144,,736423624,00020057.6a7bf9f3.03.01,SPX,SPXW  260812C07730000,20260812,7730,C,SELL,-1,32,-1.63028,USD,CBOE,EXECUTION
20260812;101712,,736542163,00020057.6a7c1d1c.03.01,SPX,SPXW  260812C07740000,20260812,7740,C,BUY,1,16.6,-1.63028,USD,CBOE,EXECUTION
20260812;100619,,736516632,00020057.6a7c185d.03.01,SPX,SPXW  260812C07740000,20260812,7740,C,SELL,-1,16.6,-1.63028,USD,CBOE,EXECUTION
20260812;093144,,736422875,00020057.6a7bf9f3.02.01,SPX,SPXW  260812C07755000,20260812,7755,C,BUY,1,16.2,-1.63028,USD,CBOE,EXECUTION
20260812;094158,,736451499,00020057.6a7c0346.02.01,SPX,SPXW  260812C07755000,20260812,7755,C,SELL,-1,13.5,-1.63028,USD,CBOE,EXECUTION
20260812;100619,,736516624,00020057.6a7c185d.02.01,SPX,SPXW  260812C07765000,20260812,7765,C,BUY,1,5.6,-1.63028,USD,CBOE,EXECUTION
20260812;101712,,736542151,00020057.6a7c1d1c.02.01,SPX,SPXW  260812C07765000,20260812,7765,C,SELL,-1,5,-1.63028,USD,CBOE,EXECUTION
20260812;162000,,10737468591,,SPX,SPXW  260812C07800000,20260812,7800,C,BUY,1,0,0,USD,--,EXECUTION
20260812;100657,,736518358,00020057.6a7c18aa.03.01,SPX,SPXW  260812C07800000,20260812,7800,C,SELL,-1,0.75,-1.54028,USD,CBOE,EXECUTION
20260812;162000,,10737475577,,SPX,SPXW  260812C07805000,20260812,7805,C,BUY,1,0,0,USD,--,EXECUTION
20260812;093051,,736416388,00020057.6a7bf89f.03.01,SPX,SPXW  260812C07805000,20260812,7805,C,SELL,-1,2.55,-1.63028,USD,CBOE,EXECUTION
20260812;162000,,10737469590,,SPX,SPXW  260812C07815000,20260812,7815,C,BUY,1,0,0,USD,--,EXECUTION
20260812;100535,,736514778,00020057.6a7c17f3.03.01,SPX,SPXW  260812C07815000,20260812,7815,C,SELL,-1,0.35,-1.54028,USD,CBOE,EXECUTION
20260812;100657,,736518049,00020057.6a7c18aa.02.01,SPX,SPXW  260812C07825000,20260812,7825,C,BUY,1,0.3,-1.54028,USD,CBOE,EXECUTION
20260812;162000,,10737465673,,SPX,SPXW  260812C07825000,20260812,7825,C,SELL,-1,0,0,USD,--,EXECUTION
20260812;093051,,736406674,00020057.6a7bf89f.02.01,SPX,SPXW  260812C07830000,20260812,7830,C,BUY,1,0.75,-1.54028,USD,CBOE,EXECUTION
20260812;162000,,10737471812,,SPX,SPXW  260812C07830000,20260812,7830,C,SELL,-1,0,0,USD,--,EXECUTION
20260812;100535,,736514948,00020057.6a7c17f3.02.01,SPX,SPXW  260812C07840000,20260812,7840,C,BUY,1,0.2,-1.54028,USD,CBOE,EXECUTION
20260812;162000,,10737464539,,SPX,SPXW  260812C07840000,20260812,7840,C,SELL,-1,0,0,USD,--,EXECUTION
20260812;093025,,736406348,00020057.6a7bf7c6.03.01,SPX,SPXW  260812P07630000,20260812,7630,P,BUY,1,0.25,-1.54028,USD,CBOE,EXECUTION
20260812;162000,,10737464896,,SPX,SPXW  260812P07630000,20260812,7630,P,SELL,-1,0,0,USD,--,EXECUTION
20260812;100516,,736513696,00020057.6a7c1797.03.01,SPX,SPXW  260812P07640000,20260812,7640,P,BUY,1,0.3,-1.54028,USD,CBOE,EXECUTION
20260812;162000,,10737464720,,SPX,SPXW  260812P07640000,20260812,7640,P,SELL,-1,0,0,USD,--,EXECUTION
20260812;162000,,10737475953,,SPX,SPXW  260812P07655000,20260812,7655,P,BUY,1,0,0,USD,--,EXECUTION
20260812;093025,,736409644,00020057.6a7bf7c6.02.01,SPX,SPXW  260812P07655000,20260812,7655,P,SELL,-1,0.4,-1.54028,USD,CBOE,EXECUTION
20260812;162000,,10737471680,,SPX,SPXW  260812P07665000,20260812,7665,P,BUY,1,0,0,USD,--,EXECUTION
20260812;100516,,736515292,00020057.6a7c1797.02.01,SPX,SPXW  260812P07665000,20260812,7665,P,SELL,-1,0.6,-1.54028,USD,CBOE,EXECUTION
20260812;093116,,736424681,00020057.6a7bf929.03.01,SPX,SPXW  260812P07705000,20260812,7705,P,BUY,1,2.75,-1.63028,USD,CBOE,EXECUTION
20260812;093123,,736424555,00020057.6a7bf965.03.01,SPX,SPXW  260812P07705000,20260812,7705,P,BUY,1,2.85,-1.63028,USD,CBOE,EXECUTION
20260812;162000,,10737474586,,SPX,SPXW  260812P07705000,20260812,7705,P,SELL,-2,0,0,USD,--,EXECUTION
20260812;100558,,736516402,00020057.6a7c183b.03.01,SPX,SPXW  260812P07715000,20260812,7715,P,BUY,1,4,-1.63028,USD,CBOE,EXECUTION
20260812;155058,,736864619,00020057.6a7caf88.01.01,SPX,SPXW  260812P07715000,20260812,7715,P,SELL,-1,0.05,-1.54028,USD,CBOE,EXECUTION
20260812;162000,,10737467482,,SPX,SPXW  260812P07730000,20260812,7730,P,BUY,2,0,0,USD,--,EXECUTION
20260812;093116,,736421239,00020057.6a7bf929.02.01,SPX,SPXW  260812P07730000,20260812,7730,P,SELL,-1,6.7,-1.63028,USD,CBOE,EXECUTION
20260812;093123,,736421018,00020057.6a7bf965.02.01,SPX,SPXW  260812P07730000,20260812,7730,P,SELL,-1,7,-1.63028,USD,CBOE,EXECUTION
20260812;155030,,736864346,00020057.6a7caf0c.01.01,SPX,SPXW  260812P07740000,20260812,7740,P,BUY,1,0.25,-1.54028,USD,CBOE,EXECUTION
20260812;100558,,736517626,00020057.6a7c183b.02.01,SPX,SPXW  260812P07740000,20260812,7740,P,SELL,-1,10.5,-1.63028,USD,CBOE,EXECUTION
20260813;094416,,737008924,00020057.6a7d744d.03.01,SPX,SPXW  260813C07750000,20260813,7750,C,BUY,1,32.4,-1.63028,USD,CBOE,EXECUTION
20260813;094445,,737009043,00020057.6a7d7497.03.01,SPX,SPXW  260813C07750000,20260813,7750,C,BUY,1,32.3,-1.63028,USD,CBOE,EXECUTION
20260813;093212,,736979016,00020057.6a7d670b.03.01,SPX,SPXW  260813C07750000,20260813,7750,C,SELL,-1,23,-1.63028,USD,CBOE,EXECUTION
20260813;093401,,736984588,00020057.6a7d6912.03.01,SPX,SPXW  260813C07750000,20260813,7750,C,SELL,-1,27.1,-1.63028,USD,CBOE,EXECUTION
20260813;094430,,737009356,00020057.6a7d7474.02.01,SPX,SPXW  260813C07765000,20260813,7765,C,BUY,1,19.7,-1.63028,USD,CBOE,EXECUTION
20260813;093320,,736982200,00020057.6a7d6836.02.01,SPX,SPXW  260813C07765000,20260813,7765,C,SELL,-1,14.3,-1.63028,USD,CBOE,EXECUTION
20260813;093212,,736979946,00020057.6a7d670b.02.01,SPX,SPXW  260813C07775000,20260813,7775,C,BUY,1,8,-1.63028,USD,CBOE,EXECUTION
20260813;093401,,736985536,00020057.6a7d6912.02.01,SPX,SPXW  260813C07775000,20260813,7775,C,BUY,1,10.5,-1.63028,USD,CBOE,EXECUTION
20260813;094416,,737009666,00020057.6a7d744d.02.01,SPX,SPXW  260813C07775000,20260813,7775,C,SELL,-1,13.3,-1.63028,USD,CBOE,EXECUTION
20260813;094445,,737009772,00020057.6a7d7497.02.01,SPX,SPXW  260813C07775000,20260813,7775,C,SELL,-1,13.3,-1.63028,USD,CBOE,EXECUTION
20260813;093320,,736982206,00020057.6a7d6836.03.01,SPX,SPXW  260813C07790000,20260813,7790,C,BUY,1,3.8,-1.63028,USD,CBOE,EXECUTION
20260813;094430,,737009304,00020057.6a7d7474.03.01,SPX,SPXW  260813C07790000,20260813,7790,C,SELL,-1,6,-1.63028,USD,CBOE,EXECUTION
20260813;162000,,10741815129,,SPX,SPXW  260813C07820000,20260813,7820,C,BUY,1,0,0,USD,--,EXECUTION
20260813;093131,,736973428,00020057.6a7d657f.03.01,SPX,SPXW  260813C07820000,20260813,7820,C,SELL,-1,0.55,-1.54028,USD,CBOE,EXECUTION
20260813;093131,,736973321,00020057.6a7d657f.02.01,SPX,SPXW  260813C07845000,20260813,7845,C,BUY,1,0.2,-1.54028,USD,CBOE,EXECUTION
20260813;162000,,10741811520,,SPX,SPXW  260813C07845000,20260813,7845,C,SELL,-1,0,0,USD,--,EXECUTION
20260813;093110,,736977652,00020057.6a7d64fe.01.01,SPX,SPXW  260813P07650000,20260813,7650,P,BUY,1,0.25,-1.54028,USD,CBOE,EXECUTION
20260813;162000,,10741809847,,SPX,SPXW  260813P07650000,20260813,7650,P,SELL,-1,0,0,USD,--,EXECUTION
20260813;093232,,736980676,00020057.6a7d6776.03.01,SPX,SPXW  260813P07670000,20260813,7670,P,BUY,1,0.35,-1.54028,USD,CBOE,EXECUTION
20260813;162000,,10741807661,,SPX,SPXW  260813P07670000,20260813,7670,P,SELL,-1,0,0,USD,--,EXECUTION
20260813;162000,,10741807810,,SPX,SPXW  260813P07675000,20260813,7675,P,BUY,1,0,0,USD,--,EXECUTION
20260813;093113,,736969038,00020057.6a7d650c.01.01,SPX,SPXW  260813P07675000,20260813,7675,P,SELL,-1,0.35,-1.54028,USD,CBOE,EXECUTION
20260813;162000,,10741802869,,SPX,SPXW  260813P07695000,20260813,7695,P,BUY,1,0,0,USD,--,EXECUTION
20260813;093232,,736981775,00020057.6a7d6776.02.01,SPX,SPXW  260813P07695000,20260813,7695,P,SELL,-1,0.55,-1.54028,USD,CBOE,EXECUTION
20260813;093343,,736985113,00020057.6a7d68d2.03.01,SPX,SPXW  260813P07700000,20260813,7700,P,BUY,1,0.65,-1.54028,USD,CBOE,EXECUTION
20260813;162000,,10741809536,,SPX,SPXW  260813P07700000,20260813,7700,P,SELL,-1,0,0,USD,--,EXECUTION
20260813;093148,,736978672,00020057.6a7d6676.03.01,SPX,SPXW  260813P07725000,20260813,7725,P,BUY,1,1.85,-1.63028,USD,CBOE,EXECUTION
20260813;093343,,736984785,00020057.6a7d68d2.02.01,SPX,SPXW  260813P07725000,20260813,7725,P,SELL,-1,1.5,-1.63028,USD,CBOE,EXECUTION
20260813;093300,,736981040,00020057.6a7d67f2.03.01,SPX,SPXW  260813P07740000,20260813,7740,P,BUY,1,3.2,-1.63028,USD,CBOE,EXECUTION
20260813;162000,,10741808860,,SPX,SPXW  260813P07740000,20260813,7740,P,SELL,-1,0,0,USD,--,EXECUTION
20260813;162000,,10741811312,,SPX,SPXW  260813P07750000,20260813,7750,P,BUY,1,0,0,USD,--,EXECUTION
20260813;093148,,736978655,00020057.6a7d6676.02.01,SPX,SPXW  260813P07750000,20260813,7750,P,SELL,-1,5.3,-1.63028,USD,CBOE,EXECUTION
20260813;162000,,10741808800,,SPX,SPXW  260813P07765000,20260813,7765,P,BUY,1,0,0,USD,--,EXECUTION
20260813;093300,,736980986,00020057.6a7d67f2.02.01,SPX,SPXW  260813P07765000,20260813,7765,P,SELL,-1,9.4,-1.63028,USD,CBOE,EXECUTION
20260814;094857,,737573469,00020057.6a7ea9c1.03.01,SPX,SPXW  260814C07800000,20260814,7800,C,BUY,1,12.2,-1.63028,USD,CBOE,EXECUTION
20260814;101726,,737638129,00020057.6a7ebf0d.03.01,SPX,SPXW  260814C07800000,20260814,7800,C,BUY,1,11.5,-1.63028,USD,CBOE,EXECUTION
20260814;093143,,737531572,00020057.6a7e9a2e.03.01,SPX,SPXW  260814C07800000,20260814,7800,C,SELL,-1,12.7,-1.63028,USD,CBOE,EXECUTION
20260814;100657,,737615130,00020057.6a7eb6aa.03.01,SPX,SPXW  260814C07800000,20260814,7800,C,SELL,-1,14.7,-1.63028,USD,CBOE,EXECUTION
20260814;162000,,10746515133,,SPX,SPXW  260814C07810000,20260814,7810,C,BUY,1,0,0,USD,--,EXECUTION
20260814;100618,,737613748,00020057.6a7eb62f.03.01,SPX,SPXW  260814C07810000,20260814,7810,C,SELL,-1,8.9,-1.63028,USD,CBOE,EXECUTION
20260814;093143,,737533894,00020057.6a7e9a2e.02.01,SPX,SPXW  260814C07825000,20260814,7825,C,BUY,1,3.4,-1.63028,USD,CBOE,EXECUTION
20260814;100657,,737614922,00020057.6a7eb6aa.02.01,SPX,SPXW  260814C07825000,20260814,7825,C,BUY,1,3.4,-1.63028,USD,CBOE,EXECUTION
20260814;094857,,737573000,00020057.6a7ea9c1.02.01,SPX,SPXW  260814C07825000,20260814,7825,C,SELL,-1,2.8,-1.63028,USD,CBOE,EXECUTION
20260814;101726,,737638541,00020057.6a7ebf0d.02.01,SPX,SPXW  260814C07825000,20260814,7825,C,SELL,-1,1.95,-1.63028,USD,CBOE,EXECUTION
20260814;100618,,737613739,00020057.6a7eb62f.02.01,SPX,SPXW  260814C07835000,20260814,7835,C,BUY,1,1.7,-1.63028,USD,CBOE,EXECUTION
20260814;162000,,10746517880,,SPX,SPXW  260814C07835000,20260814,7835,C,SELL,-1,0,0,USD,--,EXECUTION
20260814;162000,,10746515334,,SPX,SPXW  260814C07870000,20260814,7870,C,BUY,1,0,0,USD,--,EXECUTION
20260814;093046,,737529728,00020057.6a7e991a.03.01,SPX,SPXW  260814C07870000,20260814,7870,C,SELL,-1,0.35,-1.54028,USD,CBOE,EXECUTION
20260814;093046,,737528899,00020057.6a7e991a.02.01,SPX,SPXW  260814C07895000,20260814,7895,C,BUY,1,0.2,-1.54028,USD,CBOE,EXECUTION
20260814;162000,,10746490452,,SPX,SPXW  260814C07895000,20260814,7895,C,SELL,-1,0,0,USD,--,EXECUTION
20260814;093028,,737524633,00020057.6a7e98bb.03.01,SPX,SPXW  260814P07700000,20260814,7700,P,BUY,1,0.35,-1.54028,USD,CBOE,EXECUTION
20260814;162000,,10746517454,,SPX,SPXW  260814P07700000,20260814,7700,P,SELL,-1,0,0,USD,--,EXECUTION
20260814;100523,,737611823,00020057.6a7eb4df.03.01,SPX,SPXW  260814P07710000,20260814,7710,P,BUY,1,0.3,-1.54028,USD,CBOE,EXECUTION
20260814;162000,,10746500769,,SPX,SPXW  260814P07710000,20260814,7710,P,SELL,-1,0,0,USD,--,EXECUTION
20260814;162000,,10746516608,,SPX,SPXW  260814P07725000,20260814,7725,P,BUY,1,0,0,USD,--,EXECUTION
20260814;093028,,737524394,00020057.6a7e98bb.02.01,SPX,SPXW  260814P07725000,20260814,7725,P,SELL,-1,0.55,-1.54028,USD,CBOE,EXECUTION
20260814;162000,,10746509134,,SPX,SPXW  260814P07735000,20260814,7735,P,BUY,1,0,0,USD,--,EXECUTION
20260814;100523,,737612112,00020057.6a7eb4df.02.01,SPX,SPXW  260814P07735000,20260814,7735,P,SELL,-1,0.4,-1.54028,USD,CBOE,EXECUTION
20260814;093124,,737530382,00020057.6a7e99dc.02.01,SPX,SPXW  260814P07775000,20260814,7775,P,BUY,1,3.5,-1.63028,USD,CBOE,EXECUTION
20260814;103041,,737666026,00020057.6a7ed8eb.02.01,SPX,SPXW  260814P07775000,20260814,7775,P,SELL,-1,3.3,-1.63028,USD,CBOE,EXECUTION
20260814;100557,,737612949,00020057.6a7eb5bd.02.01,SPX,SPXW  260814P07785000,20260814,7785,P,BUY,1,2.55,-1.63028,USD,CBOE,EXECUTION
20260814;101712,,737639365,00020057.6a7ebed4.02.01,SPX,SPXW  260814P07785000,20260814,7785,P,SELL,-1,3.1,-1.63028,USD,CBOE,EXECUTION
20260814;103041,,737667098,00020057.6a7ed8eb.03.01,SPX,SPXW  260814P07800000,20260814,7800,P,BUY,1,12.5,-1.63028,USD,CBOE,EXECUTION
20260814;093124,,737533431,00020057.6a7e99dc.03.01,SPX,SPXW  260814P07800000,20260814,7800,P,SELL,-1,10.3,-1.63028,USD,CBOE,EXECUTION
20260814;101712,,737638981,00020057.6a7ebed4.03.01,SPX,SPXW  260814P07810000,20260814,7810,P,BUY,1,12.4,-1.63028,USD,CBOE,EXECUTION
20260814;100557,,737612365,00020057.6a7eb5bd.03.01,SPX,SPXW  260814P07810000,20260814,7810,P,SELL,-1,9.6,-1.63028,USD,CBOE,EXECUTION
20260817;162000,,10751392893,,SPX,SPXW  260817C07785000,20260817,7785,C,BUY,2,0,0,USD,--,EXECUTION
20260817;093155,,738138083,00020057.6a828fff.02.01,SPX,SPXW  260817C07785000,20260817,7785,C,SELL,-1,10.8,-1.63028,USD,CBOE,EXECUTION
20260817;093317,,738148942,00020057.6a829221.02.01,SPX,SPXW  260817C07785000,20260817,7785,C,SELL,-1,8.3,-1.63028,USD,CBOE,EXECUTION
20260817;093155,,738145263,00020057.6a828fff.03.01,SPX,SPXW  260817C07810000,20260817,7810,C,BUY,1,2.3,-1.63028,USD,CBOE,EXECUTION
20260817;093317,,738149185,00020057.6a829221.03.01,SPX,SPXW  260817C07810000,20260817,7810,C,BUY,1,1.65,-1.63028,USD,CBOE,EXECUTION
20260817;162000,,10751386736,,SPX,SPXW  260817C07810000,20260817,7810,C,SELL,-2,0,0,USD,--,EXECUTION
20260817;093038,,738133522,00020057.6a828e74.03.01,SPX,SPXW  260817P07685000,20260817,7685,P,BUY,1,0.35,-1.54028,USD,CBOE,EXECUTION
20260817;162000,,10751388434,,SPX,SPXW  260817P07685000,20260817,7685,P,SELL,-1,0,0,USD,--,EXECUTION
20260817;093218,,738146744,00020057.6a8290d7.03.01,SPX,SPXW  260817P07690000,20260817,7690,P,BUY,1,0.35,-1.54028,USD,CBOE,EXECUTION
20260817;162000,,10751395903,,SPX,SPXW  260817P07690000,20260817,7690,P,SELL,-1,0,0,USD,--,EXECUTION
20260817;162000,,10751385606,,SPX,SPXW  260817P07710000,20260817,7710,P,BUY,1,0,0,USD,--,EXECUTION
20260817;093038,,738124369,00020057.6a828e74.02.01,SPX,SPXW  260817P07710000,20260817,7710,P,SELL,-1,0.55,-1.54028,USD,CBOE,EXECUTION
20260817;162000,,10751385815,,SPX,SPXW  260817P07715000,20260817,7715,P,BUY,1,0,0,USD,--,EXECUTION
20260817;093218,,738144700,00020057.6a8290d7.02.01,SPX,SPXW  260817P07715000,20260817,7715,P,SELL,-1,0.6,-1.54028,USD,CBOE,EXECUTION
20260817;093339,,738148777,00020057.6a8292b9.03.01,SPX,SPXW  260817P07750000,20260817,7750,P,BUY,1,2.45,-1.63028,USD,CBOE,EXECUTION
20260817;105211,,738313302,00020057.6a82cd16.03.01,SPX,SPXW  260817P07750000,20260817,7750,P,SELL,-1,1.15,-1.63028,USD,CBOE,EXECUTION
20260817;093121,,738141738,00020057.6a828f65.03.01,SPX,SPXW  260817P07760000,20260817,7760,P,BUY,1,2.95,-1.63028,USD,CBOE,EXECUTION
20260817;093256,,738147149,00020057.6a8291a6.03.01,SPX,SPXW  260817P07760000,20260817,7760,P,BUY,1,4.2,-1.63028,USD,CBOE,EXECUTION
20260817;094511,,738176355,00020057.6a829bfd.03.01,SPX,SPXW  260817P07760000,20260817,7760,P,SELL,-1,3.7,-1.63028,USD,CBOE,EXECUTION
20260817;094525,,738176332,00020057.6a829c4b.03.01,SPX,SPXW  260817P07760000,20260817,7760,P,SELL,-1,3.6,-1.63028,USD,CBOE,EXECUTION
20260817;105211,,738313620,00020057.6a82cd16.02.01,SPX,SPXW  260817P07775000,20260817,7775,P,BUY,1,6.9,-1.63028,USD,CBOE,EXECUTION
20260817;093339,,738149724,00020057.6a8292b9.02.01,SPX,SPXW  260817P07775000,20260817,7775,P,SELL,-1,7.4,-1.63028,USD,CBOE,EXECUTION
20260817;094511,,738175572,00020057.6a829bfd.02.01,SPX,SPXW  260817P07785000,20260817,7785,P,BUY,1,13.1,-1.63028,USD,CBOE,EXECUTION
20260817;094525,,738178088,00020057.6a829c4b.02.01,SPX,SPXW  260817P07785000,20260817,7785,P,BUY,1,13,-1.63028,USD,CBOE,EXECUTION
20260817;093121,,738136117,00020057.6a828f65.02.01,SPX,SPXW  260817P07785000,20260817,7785,P,SELL,-1,9,-1.63028,USD,CBOE,EXECUTION
20260817;093256,,738144848,00020057.6a8291a6.02.01,SPX,SPXW  260817P07785000,20260817,7785,P,SELL,-1,12.6,-1.63028,USD,CBOE,EXECUTION
20260818;162000,,10757113961,,SPX,SPXW  260818C07710000,20260818,7710,C,BUY,1,0,0,USD,--,EXECUTION
20260818;093628,,738730241,00020057.6a83eed6.01.01,SPX,SPXW  260818C07710000,20260818,7710,C,SELL,-1,13.7,-1.63028,USD,CBOE,EXECUTION
20260818;093557,,738728533,00020057.6a83ee68.01.01,SPX,SPXW  260818C07735000,20260818,7735,C,BUY,1,3.6,-1.63028,USD,CBOE,EXECUTION
20260818;162000,,10757117781,,SPX,SPXW  260818C07735000,20260818,7735,C,SELL,-1,0,0,USD,--,EXECUTION
20260818;162000,,10757117867,,SPX,SPXW  260818C07745000,20260818,7745,C,BUY,1,0,0,USD,--,EXECUTION
20260818;093345,,738721232,00020057.6a83eb58.01.01,SPX,SPXW  260818C07745000,20260818,7745,C,SELL,-1,1.8,-1.63028,USD,CBOE,EXECUTION
20260818;093342,,738721265,00020057.6a83eb44.01.01,SPX,SPXW  260818C07770000,20260818,7770,C,BUY,1,0.45,-1.54028,USD,CBOE,EXECUTION
20260818;162000,,10757114155,,SPX,SPXW  260818C07770000,20260818,7770,C,SELL,-1,0,0,USD,--,EXECUTION
20260818;162000,,10757122135,,SPX,SPXW  260818C07825000,20260818,7825,C,BUY,1,0,0,USD,--,EXECUTION
20260818;093218,,738719167,00020057.6a83e886.01.01,SPX,SPXW  260818C07825000,20260818,7825,C,SELL,-1,0.1,-1.54028,USD,CBOE,EXECUTION
20260818;093205,,738715166,00020057.6a83e7d7.01.01,SPX,SPXW  260818C07850000,20260818,7850,C,BUY,1,0.1,-1.54028,USD,CBOE,EXECUTION
20260818;162000,,10757112212,,SPX,SPXW  260818C07850000,20260818,7850,C,SELL,-1,0,0,USD,--,EXECUTION
20260818;093401,,738721593,00020057.6a83ebac.02.01,SPX,SPXW  260818P07605000,20260818,7605,P,BUY,1,0.5,-1.54028,USD,CBOE,EXECUTION
20260818;162000,,10757125724,,SPX,SPXW  260818P07605000,20260818,7605,P,SELL,-1,0,0,USD,--,EXECUTION
20260818;162000,,10757125177,,SPX,SPXW  260818P07630000,20260818,7630,P,BUY,1,0,0,USD,--,EXECUTION
20260818;093401,,738722585,00020057.6a83ebac.03.01,SPX,SPXW  260818P07630000,20260818,7630,P,SELL,-1,1,-1.63028,USD,CBOE,EXECUTION
20260818;093109,,738710172,00020057.6a83e58a.01.01,SPX,SPXW  260818P07640000,20260818,7640,P,BUY,1,0.95,-1.54028,USD,CBOE,EXECUTION
20260818;162000,,10757115823,,SPX,SPXW  260818P07640000,20260818,7640,P,SELL,-1,0,0,USD,--,EXECUTION
20260818;162000,,10757120404,,SPX,SPXW  260818P07665000,20260818,7665,P,BUY,1,0,0,USD,--,EXECUTION
20260818;093112,,738709414,00020057.6a83e5a3.01.01,SPX,SPXW  260818P07665000,20260818,7665,P,SELL,-1,2.55,-1.63028,USD,CBOE,EXECUTION
20260818;093432,,738723997,00020057.6a83ecb6.02.01,SPX,SPXW  260818P07685000,20260818,7685,P,BUY,1,7.9,-1.63028,USD,CBOE,EXECUTION
20260818;095551,,738773783,00020057.6a83fdbc.02.01,SPX,SPXW  260818P07685000,20260818,7685,P,SELL,-1,5.6,-1.63028,USD,CBOE,EXECUTION
20260818;093831,,738734348,00020057.6a83f0af.03.01,SPX,SPXW  260818P07700000,20260818,7700,P,BUY,1,10,-1.63028,USD,CBOE,EXECUTION
20260818;094938,,738760520,00020057.6a83f9a3.03.01,SPX,SPXW  260818P07700000,20260818,7700,P,SELL,-1,9.7,-1.63028,USD,CBOE,EXECUTION
20260818;095551,,738774565,00020057.6a83fdbc.03.01,SPX,SPXW  260818P07710000,20260818,7710,P,BUY,1,15.4,-1.63028,USD,CBOE,EXECUTION
20260818;093432,,738723010,00020057.6a83ecb6.03.01,SPX,SPXW  260818P07710000,20260818,7710,P,SELL,-1,17.6,-1.63028,USD,CBOE,EXECUTION
20260818;093247,,738720133,00020057.6a83e9c7.03.01,SPX,SPXW  260818P07720000,20260818,7720,P,BUY,1,21.4,-1.63028,USD,CBOE,EXECUTION
20260818;094822,,738758054,00020057.6a83f8d3.03.01,SPX,SPXW  260818P07720000,20260818,7720,P,SELL,-1,17.6,-1.63028,USD,CBOE,EXECUTION
20260818;094938,,738760962,00020057.6a83f9a3.02.01,SPX,SPXW  260818P07725000,20260818,7725,P,BUY,1,23.4,-1.63028,USD,CBOE,EXECUTION
20260818;093831,,738734670,00020057.6a83f0af.02.01,SPX,SPXW  260818P07725000,20260818,7725,P,SELL,-1,22.7,-1.63028,USD,CBOE,EXECUTION
20260818;094822,,738757451,00020057.6a83f8d3.02.01,SPX,SPXW  260818P07745000,20260818,7745,P,BUY,1,36.9,-1.63028,USD,CBOE,EXECUTION
20260818;093247,,738718917,00020057.6a83e9c7.02.01,SPX,SPXW  260818P07745000,20260818,7745,P,SELL,-1,40.3,-1.63028,USD,CBOE,EXECUTION
20260819;094159,,739305411,00020057.6a855376.03.01,SPX,SPXW  260819C07690000,20260819,7690,C,BUY,1,28.1,-1.63028,USD,CBOE,EXECUTION
20260819;093144,,739276456,00020057.6a854980.03.01,SPX,SPXW  260819C07690000,20260819,7690,C,SELL,-1,36.4,-1.63028,USD,CBOE,EXECUTION
20260819;093144,,739278341,00020057.6a854980.02.01,SPX,SPXW  260819C07715000,20260819,7715,C,BUY,1,17.4,-1.63028,USD,CBOE,EXECUTION
20260819;162000,,10763606236,,SPX,SPXW  260819C07715000,20260819,7715,C,BUY,2,0,0,USD,--,EXECUTION
20260819;094159,,739306956,00020057.6a855376.02.01,SPX,SPXW  260819C07715000,20260819,7715,C,SELL,-1,11.3,-1.63028,USD,CBOE,EXECUTION
20260819;100812,,739378974,00020057.6a8571dd.02.01,SPX,SPXW  260819C07715000,20260819,7715,C,SELL,-1,12.6,-1.63028,USD,CBOE,EXECUTION
20260819;100827,,739379042,00020057.6a857219.01.01,SPX,SPXW  260819C07715000,20260819,7715,C,SELL,-1,12.6,-1.63028,USD,CBOE,EXECUTION
20260819;162000,,10763602016,,SPX,SPXW  260819C07725000,20260819,7725,C,BUY,1,0,0,USD,--,EXECUTION
20260819;100934,,739382717,00020057.6a8572f5.03.01,SPX,SPXW  260819C07725000,20260819,7725,C,SELL,-1,7.3,-1.63028,USD,CBOE,EXECUTION
20260819;100812,,739378420,00020057.6a8571dd.03.01,SPX,SPXW  260819C07740000,20260819,7740,C,BUY,1,3.1,-1.63028,USD,CBOE,EXECUTION
20260819;100826,,739378418,00020057.6a85720b.01.01,SPX,SPXW  260819C07740000,20260819,7740,C,BUY,1,3.1,-1.63028,USD,CBOE,EXECUTION
20260819;162000,,10763605576,,SPX,SPXW  260819C07740000,20260819,7740,C,SELL,-2,0,0,USD,--,EXECUTION
20260819;100934,,739382001,00020057.6a8572f5.02.01,SPX,SPXW  260819C07750000,20260819,7750,C,BUY,1,1.45,-1.63028,USD,CBOE,EXECUTION
20260819;162000,,10763615793,,SPX,SPXW  260819C07750000,20260819,7750,C,SELL,-1,0,0,USD,--,EXECUTION
20260819;162000,,10763611279,,SPX,SPXW  260819C07770000,20260819,7770,C,BUY,1,0,0,USD,--,EXECUTION
20260819;093051,,739269408,00020057.6a8547e6.03.01,SPX,SPXW  260819C07770000,20260819,7770,C,SELL,-1,1.15,-1.63028,USD,CBOE,EXECUTION
20260819;093051,,739267345,00020057.6a8547e6.02.01,SPX,SPXW  260819C07795000,20260819,7795,C,BUY,1,0.4,-1.54028,USD,CBOE,EXECUTION
20260819;100657,,739374422,00020057.6a8570e7.01.01,SPX,SPXW  260819C07795000,20260819,7795,C,SELL,-1,0.15,-1.54028,USD,CBOE,EXECUTION
20260819;100656,,739375198,00020057.6a8570e2.01.01,SPX,SPXW  260819C07820000,20260819,7820,C,BUY,1,0.15,-1.54028,USD,CBOE,EXECUTION
20260819;162000,,10763606449,,SPX,SPXW  260819C07820000,20260819,7820,C,SELL,-1,0,0,USD,--,EXECUTION
20260819;100844,,739380126,00020057.6a857252.02.01,SPX,SPXW  260819P07605000,20260819,7605,P,BUY,1,0.25,-1.54028,USD,CBOE,EXECUTION
20260819;100857,,739380085,00020057.6a857274.02.01,SPX,SPXW  260819P07605000,20260819,7605,P,BUY,1,0.25,-1.54028,USD,CBOE,EXECUTION
20260819;162000,,10763608921,,SPX,SPXW  260819P07605000,20260819,7605,P,SELL,-2,0,0,USD,--,EXECUTION
20260819;100553,,739372138,00020057.6a856fab.01.01,SPX,SPXW  260819P07615000,20260819,7615,P,BUY,1,0.3,-1.54028,USD,CBOE,EXECUTION
20260819;162000,,10763606340,,SPX,SPXW  260819P07615000,20260819,7615,P,SELL,-1,0,0,USD,--,EXECUTION
20260819;162000,,10763617378,,SPX,SPXW  260819P07630000,20260819,7630,P,BUY,2,0,0,USD,--,EXECUTION
20260819;100844,,739380584,00020057.6a857252.03.01,SPX,SPXW  260819P07630000,20260819,7630,P,SELL,-1,0.35,-1.54028,USD,CBOE,EXECUTION
20260819;100857,,739380616,00020057.6a857274.03.01,SPX,SPXW  260819P07630000,20260819,7630,P,SELL,-1,0.35,-1.54028,USD,CBOE,EXECUTION
20260819;162000,,10763615639,,SPX,SPXW  260819P07640000,20260819,7640,P,BUY,1,0,0,USD,--,EXECUTION
20260819;100604,,739370726,00020057.6a856ffe.01.01,SPX,SPXW  260819P07640000,20260819,7640,P,SELL,-1,0.5,-1.54028,USD,CBOE,EXECUTION
20260819;093126,,739277586,00020057.6a8548ff.02.01,SPX,SPXW  260819P07665000,20260819,7665,P,BUY,1,1.05,-1.63028,USD,CBOE,EXECUTION
20260819;162000,,10763605945,,SPX,SPXW  260819P07665000,20260819,7665,P,SELL,-1,0,0,USD,--,EXECUTION
20260819;100731,,739375660,00020057.6a857140.03.01,SPX,SPXW  260819P07690000,20260819,7690,P,BUY,1,4.1,-1.63028,USD,CBOE,EXECUTION
20260819;093126,,739277428,00020057.6a8548ff.03.01,SPX,SPXW  260819P07690000,20260819,7690,P,SELL,-1,2.95,-1.63028,USD,CBOE,EXECUTION
20260819;162000,,10763597869,,SPX,SPXW  260819P07715000,20260819,7715,P,BUY,1,0,0,USD,--,EXECUTION
20260819;100731,,739375904,00020057.6a857140.02.01,SPX,SPXW  260819P07715000,20260819,7715,P,SELL,-1,11.2,-1.63028,USD,CBOE,EXECUTION
20260820;094453,,739880810,00020057.6a86b3fa.03.01,SPX,SPXW  260820C07680000,20260820,7680,C,BUY,1,21.7,-1.63028,USD,CBOE,EXECUTION
20260820;093329,,739856780,00020057.6a86a782.03.01,SPX,SPXW  260820C07680000,20260820,7680,C,SELL,-1,16,-1.63028,USD,CBOE,EXECUTION
20260820;093329,,739857542,00020057.6a86a782.02.01,SPX,SPXW  260820C07705000,20260820,7705,C,BUY,1,5.1,-1.63028,USD,CBOE,EXECUTION
20260820;094453,,739880921,00020057.6a86b3fa.02.01,SPX,SPXW  260820C07705000,20260820,7705,C,SELL,-1,7.6,-1.63028,USD,CBOE,EXECUTION
20260820;162000,,10769707055,,SPX,SPXW  260820C07710000,20260820,7710,C,BUY,1,0,0,USD,--,EXECUTION
20260820;093206,,739854156,00020057.6a86a63b.03.01,SPX,SPXW  260820C07710000,20260820,7710,C,SELL,-1,4.2,-1.63028,USD,CBOE,EXECUTION
20260820;093206,,739854424,00020057.6a86a63b.02.01,SPX,SPXW  260820C07735000,20260820,7735,C,BUY,1,1.05,-1.63028,USD,CBOE,EXECUTION
20260820;162000,,10769717459,,SPX,SPXW  260820C07735000,20260820,7735,C,SELL,-1,0,0,USD,--,EXECUTION
20260820;162000,,10769716397,,SPX,SPXW  260820C07755000,20260820,7755,C,BUY,2,0,0,USD,--,EXECUTION
20260820;093252,,739857282,00020057.6a86a6f6.02.01,SPX,SPXW  260820C07755000,20260820,7755,C,SELL,-1,0.3,-1.54028,USD,CBOE,EXECUTION
20260820;093425,,739859843,00020057.6a86a8c2.02.01,SPX,SPXW  260820C07755000,20260820,7755,C,SELL,-1,0.3,-1.54028,USD,CBOE,EXECUTION
20260820;093252,,739856817,00020057.6a86a6f6.03.01,SPX,SPXW  260820C07780000,20260820,7780,C,BUY,1,0.15,-1.54028,USD,CBOE,EXECUTION
20260820;093425,,739859551,00020057.6a86a8c2.03.01,SPX,SPXW  260820C07780000,20260820,7780,C,BUY,1,0.15,-1.54028,USD,CBOE,EXECUTION
20260820;162000,,10769705598,,SPX,SPXW  260820C07780000,20260820,7780,C,SELL,-2,0,0,USD,--,EXECUTION
20260820;093225,,739854062,00020057.6a86a68e.02.01,SPX,SPXW  260820P07585000,20260820,7585,P,BUY,1,0.6,-1.54028,USD,CBOE,EXECUTION
20260820;162000,,10769709314,,SPX,SPXW  260820P07585000,20260820,7585,P,SELL,-1,0,0,USD,--,EXECUTION
20260820;093033,,739843083,00020057.6a86a3dd.03.01,SPX,SPXW  260820P07610000,20260820,7610,P,BUY,1,1.55,-1.63028,USD,CBOE,EXECUTION
20260820;093225,,739855468,00020057.6a86a68e.03.01,SPX,SPXW  260820P07610000,20260820,7610,P,SELL,-1,1.1,-1.63028,USD,CBOE,EXECUTION
20260820;154656,,740311263,00020057.6a879dae.01.01,SPX,SPXW  260820P07635000,20260820,7635,P,BUY,1,0.3,-1.54028,USD,CBOE,EXECUTION
20260820;093033,,739846852,00020057.6a86a3dd.02.01,SPX,SPXW  260820P07635000,20260820,7635,P,SELL,-1,3.2,-1.63028,USD,CBOE,EXECUTION
20260820;093308,,739856945,00020057.6a86a740.02.01,SPX,SPXW  260820P07655000,20260820,7655,P,BUY,1,5.7,-1.63028,USD,CBOE,EXECUTION
20260820;114518,,740077067,00020057.6a873c31.02.01,SPX,SPXW  260820P07655000,20260820,7655,P,SELL,-1,4,-1.63028,USD,CBOE,EXECUTION
20260820;093349,,739857863,00020057.6a86a7f7.03.01,SPX,SPXW  260820P07675000,20260820,7675,P,BUY,1,10,-1.63028,USD,CBOE,EXECUTION
20260820;094511,,739881141,00020057.6a86b41c.03.01,SPX,SPXW  260820P07675000,20260820,7675,P,SELL,-1,6.9,-1.63028,USD,CBOE,EXECUTION
20260820;114518,,740076457,00020057.6a873c31.03.01,SPX,SPXW  260820P07680000,20260820,7680,P,BUY,1,13.8,-1.63028,USD,CBOE,EXECUTION
20260820;093308,,739857473,00020057.6a86a740.03.01,SPX,SPXW  260820P07680000,20260820,7680,P,SELL,-1,12.8,-1.63028,USD,CBOE,EXECUTION
20260820;093147,,739850992,00020057.6a86a5b3.01.01,SPX,SPXW  260820P07685000,20260820,7685,P,BUY,1,13.9,-1.63028,USD,CBOE,EXECUTION
20260820;094441,,739880864,00020057.6a86b3e7.02.01,SPX,SPXW  260820P07685000,20260820,7685,P,SELL,-1,9.5,-1.63028,USD,CBOE,EXECUTION
20260820;094511,,739882407,00020057.6a86b41c.02.01,SPX,SPXW  260820P07700000,20260820,7700,P,BUY,1,16.5,-1.63028,USD,CBOE,EXECUTION
20260820;093349,,739858768,00020057.6a86a7f7.02.01,SPX,SPXW  260820P07700000,20260820,7700,P,SELL,-1,22,-1.63028,USD,CBOE,EXECUTION
20260820;094441,,739880517,00020057.6a86b3e7.03.01,SPX,SPXW  260820P07710000,20260820,7710,P,BUY,1,21.9,-1.63028,USD,CBOE,EXECUTION
20260820;093148,,739853786,00020057.6a86a5c2.01.01,SPX,SPXW  260820P07710000,20260820,7710,P,SELL,-1,28.9,-1.63028,USD,CBOE,EXECUTION
20260821;094517,,740459559,00020057.6a87e192.03.01,SPX,SPXW  260821C07640000,20260821,7640,C,BUY,1,35.1,-1.63028,USD,CBOE,EXECUTION
20260821;093136,,740427069,00020057.6a87d783.03.01,SPX,SPXW  260821C07640000,20260821,7640,C,SELL,-1,36,-1.63028,USD,CBOE,EXECUTION
20260821;093136,,740426512,00020057.6a87d783.02.01,SPX,SPXW  260821C07665000,20260821,7665,C,BUY,1,17.4,-1.63028,USD,CBOE,EXECUTION
20260821;094517,,740461279,00020057.6a87e192.02.01,SPX,SPXW  260821C07665000,20260821,7665,C,SELL,-1,15.8,-1.63028,USD,CBOE,EXECUTION
20260821;110947,,740625243,00020057.6a8822bb.02.01,SPX,SPXW  260821C07675000,20260821,7675,C,BUY,1,10,-1.63028,USD,CBOE,EXECUTION
20260821;093354,,740435665,00020057.6a87da0e.01.01,SPX,SPXW  260821C07675000,20260821,7675,C,SELL,-1,10.1,-1.63028,USD,CBOE,EXECUTION
20260821;093351,,740434724,00020057.6a87d9e4.01.01,SPX,SPXW  260821C07700000,20260821,7700,C,BUY,1,3,-1.63028,USD,CBOE,EXECUTION
20260821;162000,,10775714559,,SPX,SPXW  260821C07700000,20260821,7700,C,BUY,1,0,0,USD,--,EXECUTION
20260821;093446,,740437069,00020057.6a87daa8.03.01,SPX,SPXW  260821C07700000,20260821,7700,C,SELL,-1,2.95,-1.63028,USD,CBOE,EXECUTION
20260821;110947,,740625854,00020057.6a8822bb.03.01,SPX,SPXW  260821C07700000,20260821,7700,C,SELL,-1,1.6,-1.63028,USD,CBOE,EXECUTION
20260821;162000,,10775696531,,SPX,SPXW  260821C07715000,20260821,7715,C,BUY,1,0,0,USD,--,EXECUTION
20260821;093053,,740424373,00020057.6a87d6ae.02.01,SPX,SPXW  260821C07715000,20260821,7715,C,SELL,-1,2,-1.63028,USD,CBOE,EXECUTION
20260821;093446,,740435619,00020057.6a87daa8.02.01,SPX,SPXW  260821C07725000,20260821,7725,C,BUY,1,0.9,-1.54028,USD,CBOE,EXECUTION
20260821;162000,,10775677800,,SPX,SPXW  260821C07725000,20260821,7725,C,SELL,-1,0,0,USD,--,EXECUTION
20260821;093053,,740422963,00020057.6a87d6ae.03.01,SPX,SPXW  260821C07740000,20260821,7740,C,BUY,1,0.8,-1.54028,USD,CBOE,EXECUTION
20260821;162000,,10775687741,,SPX,SPXW  260821C07740000,20260821,7740,C,SELL,-1,0,0,USD,--,EXECUTION
20260821;162000,,10775725540,,SPX,SPXW  260821C07750000,20260821,7750,C,BUY,1,0,0,USD,--,EXECUTION
20260821;093232,,740429822,00020057.6a87d884.03.01,SPX,SPXW  260821C07750000,20260821,7750,C,SELL,-1,0.4,-1.54028,USD,CBOE,EXECUTION
20260821;093232,,740429819,00020057.6a87d884.02.01,SPX,SPXW  260821C07775000,20260821,7775,C,BUY,1,0.25,-1.54028,USD,CBOE,EXECUTION
20260821;162000,,10775721038,,SPX,SPXW  260821C07775000,20260821,7775,C,SELL,-1,0,0,USD,--,EXECUTION
20260821;093033,,740421074,00020057.6a87d66b.03.01,SPX,SPXW  260821P07540000,20260821,7540,P,BUY,1,0.25,-1.54028,USD,CBOE,EXECUTION
20260821;162000,,10775677959,,SPX,SPXW  260821P07540000,20260821,7540,P,SELL,-1,0,0,USD,--,EXECUTION
20260821;162000,,10775678389,,SPX,SPXW  260821P07565000,20260821,7565,P,BUY,1,0,0,USD,--,EXECUTION
20260821;093033,,740420938,00020057.6a87d66b.02.01,SPX,SPXW  260821P07565000,20260821,7565,P,SELL,-1,0.35,-1.54028,USD,CBOE,EXECUTION
20260821;093156,,740429067,00020057.6a87d7e4.02.01,SPX,SPXW  260821P07575000,20260821,7575,P,BUY,1,0.55,-1.54028,USD,CBOE,EXECUTION
20260821;162000,,10775704165,,SPX,SPXW  260821P07575000,20260821,7575,P,SELL,-1,0,0,USD,--,EXECUTION
20260821;162000,,10775714731,,SPX,SPXW  260821P07600000,20260821,7600,P,BUY,1,0,0,USD,--,EXECUTION
20260821;093156,,740428595,00020057.6a87d7e4.03.01,SPX,SPXW  260821P07600000,20260821,7600,P,SELL,-1,1.1,-1.63028,USD,CBOE,EXECUTION
20260821;093114,,740425250,00020057.6a87d722.02.01,SPX,SPXW  260821P07615000,20260821,7615,P,BUY,1,2,-1.63028,USD,CBOE,EXECUTION
20260821;093426,,740435538,00020057.6a87da77.02.01,SPX,SPXW  260821P07615000,20260821,7615,P,BUY,1,1.85,-1.63028,USD,CBOE,EXECUTION
20260821;162000,,10775685320,,SPX,SPXW  260821P07615000,20260821,7615,P,SELL,-2,0,0,USD,--,EXECUTION
20260821;162000,,10775691477,,SPX,SPXW  260821P07640000,20260821,7640,P,BUY,2,0,0,USD,--,EXECUTION
20260821;093114,,740422862,00020057.6a87d722.03.01,SPX,SPXW  260821P07640000,20260821,7640,P,SELL,-1,4.5,-1.63028,USD,CBOE,EXECUTION
20260821;093426,,740434867,00020057.6a87da77.03.01,SPX,SPXW  260821P07640000,20260821,7640,P,SELL,-1,4.6,-1.63028,USD,CBOE,EXECUTION
20260821;093255,,740432115,00020057.6a87d8d9.03.01,SPX,SPXW  260821P07650000,20260821,7650,P,BUY,1,6.5,-1.63028,USD,CBOE,EXECUTION
20260821;094531,,740460468,00020057.6a87e1ec.03.01,SPX,SPXW  260821P07650000,20260821,7650,P,SELL,-1,5.1,-1.63028,USD,CBOE,EXECUTION
20260821;094531,,740460692,00020057.6a87e1ec.02.01,SPX,SPXW  260821P07675000,20260821,7675,P,BUY,1,13.7,-1.63028,USD,CBOE,EXECUTION
20260821;093255,,740431869,00020057.6a87d8d9.02.01,SPX,SPXW  260821P07675000,20260821,7675,P,SELL,-1,15.6,-1.63028,USD,CBOE,EXECUTION
20260824;122537,,741261609,00020057.6a8c459a.03.01,SPX,SPXW  260824C07665000,20260824,7665,C,BUY,1,7.7,-1.63028,USD,CBOE,EXECUTION
20260824;093413,,741016441,00020057.6a8bcccf.03.01,SPX,SPXW  260824C07665000,20260824,7665,C,SELL,-1,6.3,-1.63028,USD,CBOE,EXECUTION
20260824;162000,,10781621379,,SPX,SPXW  260824C07675000,20260824,7675,C,BUY,1,0,0,USD,--,EXECUTION
20260824;093506,,741017146,00020057.6a8bcd62.03.01,SPX,SPXW  260824C07675000,20260824,7675,C,SELL,-1,3.2,-1.63028,USD,CBOE,EXECUTION
20260824;093413,,741016073,00020057.6a8bcccf.02.01,SPX,SPXW  260824C07690000,20260824,7690,C,BUY,1,1.35,-1.63028,USD,CBOE,EXECUTION
20260824;122537,,741261917,00020057.6a8c459a.02.01,SPX,SPXW  260824C07690000,20260824,7690,C,SELL,-1,0.8,-1.54028,USD,CBOE,EXECUTION
20260824;093201,,741006251,00020057.6a8bca12.01.01,SPX,SPXW  260824C07700000,20260824,7700,C,BUY,1,1.15,-1.63028,USD,CBOE,EXECUTION
20260824;093506,,741016869,00020057.6a8bcd62.02.01,SPX,SPXW  260824C07700000,20260824,7700,C,BUY,1,0.7,-1.54028,USD,CBOE,EXECUTION
20260824;162000,,10781635207,,SPX,SPXW  260824C07700000,20260824,7700,C,SELL,-2,0,0,USD,--,EXECUTION
20260824;093309,,741011301,00020057.6a8bcb30.03.01,SPX,SPXW  260824P07560000,20260824,7560,P,BUY,1,0.4,-1.54028,USD,CBOE,EXECUTION
20260824;162000,,10781623661,,SPX,SPXW  260824P07560000,20260824,7560,P,SELL,-1,0,0,USD,--,EXECUTION
20260824;093026,,740999266,00020057.6a8bc823.03.01,SPX,SPXW  260824P07570000,20260824,7570,P,BUY,1,0.65,-1.54028,USD,CBOE,EXECUTION
20260824;162000,,10781629529,,SPX,SPXW  260824P07570000,20260824,7570,P,SELL,-1,0,0,USD,--,EXECUTION
20260824;162000,,10781622914,,SPX,SPXW  260824P07585000,20260824,7585,P,BUY,1,0,0,USD,--,EXECUTION
20260824;093309,,741012150,00020057.6a8bcb30.02.01,SPX,SPXW  260824P07585000,20260824,7585,P,SELL,-1,0.7,-1.54028,USD,CBOE,EXECUTION
20260824;162000,,10781630441,,SPX,SPXW  260824P07595000,20260824,7595,P,BUY,1,0,0,USD,--,EXECUTION
20260824;093026,,740992612,00020057.6a8bc823.02.01,SPX,SPXW  260824P07595000,20260824,7595,P,SELL,-1,1.25,-1.63028,USD,CBOE,EXECUTION
20260824;093435,,741016551,00020057.6a8bcd07.02.01,SPX,SPXW  260824P07605000,20260824,7605,P,BUY,1,1.45,-1.63028,USD,CBOE,EXECUTION
20260824;162000,,10781623546,,SPX,SPXW  260824P07605000,20260824,7605,P,SELL,-1,0,0,USD,--,EXECUTION
20260824;162000,,10781630096,,SPX,SPXW  260824P07630000,20260824,7630,P,BUY,1,0,0,USD,--,EXECUTION
20260824;093435,,741015890,00020057.6a8bcd07.03.01,SPX,SPXW  260824P07630000,20260824,7630,P,SELL,-1,4.3,-1.63028,USD,CBOE,EXECUTION
20260824;093350,,741013781,00020057.6a8bcca2.03.01,SPX,SPXW  260824P07640000,20260824,7640,P,BUY,1,7.2,-1.63028,USD,CBOE,EXECUTION
20260824;162000,,10781631868,,SPX,SPXW  260824P07640000,20260824,7640,P,BUY,1,0,0,USD,--,EXECUTION
20260824;094526,,741043220,00020057.6a8bd925.03.01,SPX,SPXW  260824P07640000,20260824,7640,P,SELL,-1,10.8,-1.63028,USD,CBOE,EXECUTION
20260824;094526,,741043294,00020057.6a8bd926.03.01,SPX,SPXW  260824P07640000,20260824,7640,P,SELL,-1,10.7,-1.63028,USD,CBOE,EXECUTION
20260824;093052,,740995306,00020057.6a8bc88b.03.01,SPX,SPXW  260824P07650000,20260824,7650,P,BUY,1,10,-1.63028,USD,CBOE,EXECUTION
20260824;094456,,741043554,00020057.6a8bd833.03.01,SPX,SPXW  260824P07650000,20260824,7650,P,SELL,-1,16.3,-1.63028,USD,CBOE,EXECUTION
20260824;094526,,741045205,00020057.6a8bd925.02.01,SPX,SPXW  260824P07665000,20260824,7665,P,BUY,1,25.9,-1.63028,USD,CBOE,EXECUTION
20260824;094526,,741045334,00020057.6a8bd926.02.01,SPX,SPXW  260824P07665000,20260824,7665,P,BUY,1,25.9,-1.63028,USD,CBOE,EXECUTION
20260824;093350,,741015237,00020057.6a8bcca2.02.01,SPX,SPXW  260824P07665000,20260824,7665,P,SELL,-1,18.3,-1.63028,USD,CBOE,EXECUTION
20260824;162000,,10781615802,,SPX,SPXW  260824P07665000,20260824,7665,P,SELL,-1,0,0,USD,--,EXECUTION
20260824;094456,,741042879,00020057.6a8bd833.02.01,SPX,SPXW  260824P07675000,20260824,7675,P,BUY,1,34.9,-1.63028,USD,CBOE,EXECUTION
20260824;093052,,741003895,00020057.6a8bc88b.02.01,SPX,SPXW  260824P07675000,20260824,7675,P,SELL,-1,23.6,-1.63028,USD,CBOE,EXECUTION
20260825;095320,,741582364,00020057.6a8d4adc.02.01,SPX,SPXW  260825C07655000,20260825,7655,C,BUY,1,26.9,-1.63028,USD,CBOE,EXECUTION
20260825;094307,,741560028,00020057.6a8d4281.02.01,SPX,SPXW  260825C07655000,20260825,7655,C,SELL,-1,28.5,-1.63028,USD,CBOE,EXECUTION
20260825;101811,,741643182,00020057.6a8d6701.02.01,SPX,SPXW  260825C07665000,20260825,7665,C,BUY,1,12.7,-1.63028,USD,CBOE,EXECUTION
20260825;100758,,741619447,00020057.6a8d5990.02.01,SPX,SPXW  260825C07665000,20260825,7665,C,SELL,-1,12.6,-1.63028,USD,CBOE,EXECUTION
20260825;120443,,741818647,00020057.6a8dc193.03.01,SPX,SPXW  260825C07670000,20260825,7670,C,BUY,1,8.6,-1.63028,USD,CBOE,EXECUTION
20260825;100713,,741618236,00020057.6a8d58f6.03.01,SPX,SPXW  260825C07670000,20260825,7670,C,SELL,-1,10.1,-1.63028,USD,CBOE,EXECUTION
20260825;094307,,741560423,00020057.6a8d4281.03.01,SPX,SPXW  260825C07680000,20260825,7680,C,BUY,1,10.7,-1.63028,USD,CBOE,EXECUTION
20260825;095320,,741582938,00020057.6a8d4adc.03.01,SPX,SPXW  260825C07680000,20260825,7680,C,SELL,-1,9,-1.63028,USD,CBOE,EXECUTION
20260825;100758,,741619695,00020057.6a8d5990.03.01,SPX,SPXW  260825C07690000,20260825,7690,C,BUY,1,2.5,-1.63028,USD,CBOE,EXECUTION
20260825;101811,,741643499,00020057.6a8d6701.03.01,SPX,SPXW  260825C07690000,20260825,7690,C,SELL,-1,2.4,-1.63028,USD,CBOE,EXECUTION
20260825;100713,,741616620,00020057.6a8d58f6.02.01,SPX,SPXW  260825C07695000,20260825,7695,C,BUY,1,1.8,-1.63028,USD,CBOE,EXECUTION
20260825;120443,,741818214,00020057.6a8dc193.02.01,SPX,SPXW  260825C07695000,20260825,7695,C,SELL,-1,0.9,-1.54028,USD,CBOE,EXECUTION
20260825;162000,,10787692389,,SPX,SPXW  260825C07730000,20260825,7730,C,BUY,1,0,0,USD,--,EXECUTION
20260825;094226,,741558992,00020057.6a8d421a.03.01,SPX,SPXW  260825C07730000,20260825,7730,C,SELL,-1,0.5,-1.54028,USD,CBOE,EXECUTION
20260825;162000,,10787699499,,SPX,SPXW  260825C07750000,20260825,7750,C,BUY,1,0,0,USD,--,EXECUTION
20260825;100603,,741613453,00020057.6a8d5804.01.01,SPX,SPXW  260825C07750000,20260825,7750,C,SELL,-1,0.1,-1.54028,USD,CBOE,EXECUTION
20260825;094226,,741560316,00020057.6a8d421a.02.01,SPX,SPXW  260825C07755000,20260825,7755,C,BUY,1,0.25,-1.54028,USD,CBOE,EXECUTION
20260825;162000,,10787700094,,SPX,SPXW  260825C07755000,20260825,7755,C,SELL,-1,0,0,USD,--,EXECUTION
20260825;100602,,741614479,00020057.6a8d57ff.01.01,SPX,SPXW  260825C07775000,20260825,7775,C,BUY,1,0.1,-1.54028,USD,CBOE,EXECUTION
20260825;162000,,10787690150,,SPX,SPXW  260825C07775000,20260825,7775,C,SELL,-1,0,0,USD,--,EXECUTION
20260825;100734,,741619212,00020057.6a8d5931.03.01,SPX,SPXW  260825P07625000,20260825,7625,P,BUY,1,1.05,-1.63028,USD,CBOE,EXECUTION
20260825;162000,,10787710491,,SPX,SPXW  260825P07625000,20260825,7625,P,SELL,-1,0,0,USD,--,EXECUTION
20260825;094246,,741560544,00020057.6a8d4247.03.01,SPX,SPXW  260825P07630000,20260825,7630,P,BUY,1,1.15,-1.63028,USD,CBOE,EXECUTION
20260825;162000,,10787706663,,SPX,SPXW  260825P07630000,20260825,7630,P,SELL,-1,0,0,USD,--,EXECUTION
20260825;100635,,741615393,00020057.6a8d585d.02.01,SPX,SPXW  260825P07645000,20260825,7645,P,BUY,1,2.35,-1.63028,USD,CBOE,EXECUTION
20260825;103225,,741676099,00020057.6a8d7d2e.02.01,SPX,SPXW  260825P07645000,20260825,7645,P,SELL,-1,2.9,-1.63028,USD,CBOE,EXECUTION
20260825;162000,,10787696556,,SPX,SPXW  260825P07650000,20260825,7650,P,BUY,1,0,0,USD,--,EXECUTION
20260825;100734,,741618510,00020057.6a8d5931.02.01,SPX,SPXW  260825P07650000,20260825,7650,P,SELL,-1,3.3,-1.63028,USD,CBOE,EXECUTION
20260825;162000,,10787693367,,SPX,SPXW  260825P07655000,20260825,7655,P,BUY,1,0,0,USD,--,EXECUTION
20260825;094246,,741560537,00020057.6a8d4247.02.01,SPX,SPXW  260825P07655000,20260825,7655,P,SELL,-1,3.1,-1.63028,USD,CBOE,EXECUTION
20260825;103225,,741677059,00020057.6a8d7d2e.03.01,SPX,SPXW  260825P07670000,20260825,7670,P,BUY,1,11,-1.63028,USD,CBOE,EXECUTION
20260825;100635,,741616248,00020057.6a8d585d.03.01,SPX,SPXW  260825P07670000,20260825,7670,P,SELL,-1,8.4,-1.63028,USD,CBOE,EXECUTION
20260826;100224,,742214986,00020057.6a8e88c3.03.01,SPX,SPXW  260826C07675000,20260826,7675,C,BUY,1,16.4,-1.63028,USD,CBOE,EXECUTION
20260826;093309,,742145783,00020057.6a8e70e5.03.01,SPX,SPXW  260826C07675000,20260826,7675,C,SELL,-1,8.2,-1.63028,USD,CBOE,EXECUTION
20260826;151135,,742556582,00020057.6a8f1dda.02.01,SPX,SPXW  260826C07685000,20260826,7685,C,BUY,1,5.4,-1.63028,USD,CBOE,EXECUTION
20260826;100605,,742223383,00020057.6a8e8b45.02.01,SPX,SPXW  260826C07685000,20260826,7685,C,SELL,-1,9.3,-1.63028,USD,CBOE,EXECUTION
20260826;093309,,742144352,00020057.6a8e70e5.02.01,SPX,SPXW  260826C07700000,20260826,7700,C,BUY,1,1.75,-1.63028,USD,CBOE,EXECUTION
20260826;162000,,10793764426,,SPX,SPXW  260826C07700000,20260826,7700,C,BUY,1,0,0,USD,--,EXECUTION
20260826;100224,,742216036,00020057.6a8e88c3.02.01,SPX,SPXW  260826C07700000,20260826,7700,C,SELL,-1,3.8,-1.63028,USD,CBOE,EXECUTION
20260826;100639,,742225839,00020057.6a8e8ba6.03.01,SPX,SPXW  260826C07700000,20260826,7700,C,SELL,-1,3.3,-1.63028,USD,CBOE,EXECUTION
20260826;100605,,742222806,00020057.6a8e8b45.03.01,SPX,SPXW  260826C07710000,20260826,7710,C,BUY,1,1.7,-1.63028,USD,CBOE,EXECUTION
20260826;151135,,742556952,00020057.6a8f1dda.03.01,SPX,SPXW  260826C07710000,20260826,7710,C,SELL,-1,0.2,-1.54028,USD,CBOE,EXECUTION
20260826;100639,,742225566,00020057.6a8e8ba6.02.01,SPX,SPXW  260826C07725000,20260826,7725,C,BUY,1,0.65,-1.54028,USD,CBOE,EXECUTION
20260826;162000,,10793771478,,SPX,SPXW  260826C07725000,20260826,7725,C,SELL,-1,0,0,USD,--,EXECUTION
20260826;093028,,742123011,00020057.6a8e6e0d.03.01,SPX,SPXW  260826P07575000,20260826,7575,P,BUY,1,0.4,-1.54028,USD,CBOE,EXECUTION
20260826;162000,,10793763353,,SPX,SPXW  260826P07575000,20260826,7575,P,SELL,-1,0,0,USD,--,EXECUTION
20260826;162000,,10793755087,,SPX,SPXW  260826P07600000,20260826,7600,P,BUY,1,0,0,USD,--,EXECUTION
20260826;093028,,742133737,00020057.6a8e6e0d.02.01,SPX,SPXW  260826P07600000,20260826,7600,P,SELL,-1,0.75,-1.54028,USD,CBOE,EXECUTION
20260826;093148,,742139810,00020057.6a8e6f5f.01.01,SPX,SPXW  260826P07650000,20260826,7650,P,BUY,1,4.5,-1.63028,USD,CBOE,EXECUTION
20260826;093332,,742146720,00020057.6a8e7120.03.01,SPX,SPXW  260826P07650000,20260826,7650,P,BUY,1,3.9,-1.63028,USD,CBOE,EXECUTION
20260826;103312,,742283448,00020057.6a8ea066.03.01,SPX,SPXW  260826P07650000,20260826,7650,P,SELL,-1,3.1,-1.63028,USD,CBOE,EXECUTION
20260826;162000,,10793765097,,SPX,SPXW  260826P07650000,20260826,7650,P,SELL,-1,0,0,USD,--,EXECUTION
20260826;100545,,742222107,00020057.6a8e8aed.03.01,SPX,SPXW  260826P07660000,20260826,7660,P,BUY,1,2.5,-1.63028,USD,CBOE,EXECUTION
20260826;101855,,742253542,00020057.6a8e9413.03.01,SPX,SPXW  260826P07660000,20260826,7660,P,SELL,-1,3.1,-1.63028,USD,CBOE,EXECUTION
20260826;103312,,742282982,00020057.6a8ea066.02.01,SPX,SPXW  260826P07675000,20260826,7675,P,BUY,1,12.3,-1.63028,USD,CBOE,EXECUTION
20260826;093332,,742144863,00020057.6a8e7120.02.01,SPX,SPXW  260826P07675000,20260826,7675,P,SELL,-1,12.3,-1.63028,USD,CBOE,EXECUTION
20260826;101855,,742252519,00020057.6a8e9413.02.01,SPX,SPXW  260826P07685000,20260826,7685,P,BUY,1,12.2,-1.63028,USD,CBOE,EXECUTION
20260826;100545,,742221289,00020057.6a8e8aed.02.01,SPX,SPXW  260826P07685000,20260826,7685,P,SELL,-1,9,-1.63028,USD,CBOE,EXECUTION
20260827;094253,,742728598,00020057.6a8fcfcb.03.01,SPX,SPXW  260827C07675000,20260827,7675,C,BUY,1,32.7,-1.63028,USD,CBOE,EXECUTION
20260827;093232,,742704293,00020057.6a8fc6bd.01.01,SPX,SPXW  260827C07675000,20260827,7675,C,SELL,-1,26.3,-1.63028,USD,CBOE,EXECUTION
20260827;093219,,742706346,00020057.6a8fc64a.01.01,SPX,SPXW  260827C07700000,20260827,7700,C,BUY,1,11.7,-1.63028,USD,CBOE,EXECUTION
20260827;094253,,742729175,00020057.6a8fcfcb.02.01,SPX,SPXW  260827C07700000,20260827,7700,C,SELL,-1,15.3,-1.63028,USD,CBOE,EXECUTION
20260827;102627,,742797976,00020057.6a8ff4b8.02.01,SPX,SPXW  260827C07705000,20260827,7705,C,BUY,1,15.6,-1.63028,USD,CBOE,EXECUTION
20260827;101109,,742779146,00020057.6a8feb05.01.01,SPX,SPXW  260827C07705000,20260827,7705,C,SELL,-1,13.3,-1.63028,USD,CBOE,EXECUTION
20260827;112437,,742865657,00020057.6a901ea8.03.01,SPX,SPXW  260827C07725000,20260827,7725,C,BUY,1,9.6,-1.63028,USD,CBOE,EXECUTION
20260827;101011,,742777622,00020057.6a8fe9bc.01.01,SPX,SPXW  260827C07725000,20260827,7725,C,SELL,-1,4.3,-1.63028,USD,CBOE,EXECUTION
20260827;100647,,742773463,00020057.6a8fe6c1.01.01,SPX,SPXW  260827C07730000,20260827,7730,C,BUY,1,3.2,-1.63028,USD,CBOE,EXECUTION
20260827;101108,,742779655,00020057.6a8feaf3.01.01,SPX,SPXW  260827C07730000,20260827,7730,C,BUY,1,3.6,-1.63028,USD,CBOE,EXECUTION
20260827;102627,,742798427,00020057.6a8ff4b8.03.01,SPX,SPXW  260827C07730000,20260827,7730,C,SELL,-1,4,-1.63028,USD,CBOE,EXECUTION
20260827;162000,,10800131369,,SPX,SPXW  260827C07730000,20260827,7730,C,SELL,-1,0,0,USD,--,EXECUTION
20260827;100959,,742778322,00020057.6a8fe993.01.01,SPX,SPXW  260827C07750000,20260827,7750,C,BUY,1,0.85,-1.54028,USD,CBOE,EXECUTION
20260827;162000,,10800141368,,SPX,SPXW  260827C07750000,20260827,7750,C,BUY,1,0,0,USD,--,EXECUTION
20260827;093040,,742699196,00020057.6a8fc3f9.03.01,SPX,SPXW  260827C07750000,20260827,7750,C,SELL,-1,1.35,-1.63028,USD,CBOE,EXECUTION
20260827;112437,,742866258,00020057.6a901ea8.02.01,SPX,SPXW  260827C07750000,20260827,7750,C,SELL,-1,1.3,-1.63028,USD,CBOE,EXECUTION
20260827;093040,,742696680,00020057.6a8fc3f9.02.01,SPX,SPXW  260827C07775000,20260827,7775,C,BUY,1,0.4,-1.54028,USD,CBOE,EXECUTION
20260827;162000,,10800140342,,SPX,SPXW  260827C07775000,20260827,7775,C,SELL,-1,0,0,USD,--,EXECUTION
20260827;100518,,742771053,00020057.6a8fe58f.03.01,SPX,SPXW  260827P07610000,20260827,7610,P,BUY,1,0.45,-1.54028,USD,CBOE,EXECUTION
20260827;162000,,10800141213,,SPX,SPXW  260827P07610000,20260827,7610,P,SELL,-1,0,0,USD,--,EXECUTION
20260827;162000,,10800134803,,SPX,SPXW  260827P07635000,20260827,7635,P,BUY,1,0,0,USD,--,EXECUTION
20260827;100518,,742771887,00020057.6a8fe58f.02.01,SPX,SPXW  260827P07635000,20260827,7635,P,SELL,-1,0.75,-1.54028,USD,CBOE,EXECUTION
20260827;093121,,742696164,00020057.6a8fc4b5.03.01,SPX,SPXW  260827P07650000,20260827,7650,P,BUY,1,1.65,-1.63028,USD,CBOE,EXECUTION
20260827;100848,,742775800,00020057.6a8fe8c3.01.01,SPX,SPXW  260827P07650000,20260827,7650,P,BUY,1,1.7,-1.63028,USD,CBOE,EXECUTION
20260827;162000,,10800137722,,SPX,SPXW  260827P07650000,20260827,7650,P,SELL,-2,0,0,USD,--,EXECUTION
20260827;154802,,743122671,00020057.6a90aa9f.01.01,SPX,SPXW  260827P07675000,20260827,7675,P,BUY,1,0.05,-1.54028,USD,CBOE,EXECUTION
20260827;162000,,10800135786,,SPX,SPXW  260827P07675000,20260827,7675,P,BUY,1,0,0,USD,--,EXECUTION
20260827;093121,,742698514,00020057.6a8fc4b5.02.01,SPX,SPXW  260827P07675000,20260827,7675,P,SELL,-1,4.8,-1.63028,USD,CBOE,EXECUTION
20260827;100855,,742776082,00020057.6a8fe8cb.01.01,SPX,SPXW  260827P07675000,20260827,7675,P,SELL,-1,4.9,-1.63028,USD,CBOE,EXECUTION
20260827;100550,,742771638,00020057.6a8fe60f.03.01,SPX,SPXW  260827P07680000,20260827,7680,P,BUY,1,4.5,-1.63028,USD,CBOE,EXECUTION
20260827;162000,,10800140689,,SPX,SPXW  260827P07680000,20260827,7680,P,SELL,-1,0,0,USD,--,EXECUTION
20260827;162000,,10800145028,,SPX,SPXW  260827P07705000,20260827,7705,P,BUY,1,0,0,USD,--,EXECUTION
20260827;100550,,742771954,00020057.6a8fe60f.02.01,SPX,SPXW  260827P07705000,20260827,7705,P,SELL,-1,11.6,-1.63028,USD,CBOE,EXECUTION
20260828;094237,,743267807,00020057.6a9122e5.03.01,SPX,SPXW  260828C07730000,20260828,7730,C,BUY,1,25.3,-1.63028,USD,CBOE,EXECUTION
20260828;093224,,743245890,00020057.6a911844.03.01,SPX,SPXW  260828C07730000,20260828,7730,C,SELL,-1,20.3,-1.63028,USD,CBOE,EXECUTION
20260828;104357,,743390457,00020057.6a91689a.02.01,SPX,SPXW  260828C07735000,20260828,7735,C,BUY,1,19.6,-1.63028,USD,CBOE,EXECUTION
20260828;162000,,10806162192,,SPX,SPXW  260828C07735000,20260828,7735,C,BUY,1,0,0,USD,--,EXECUTION
20260828;100659,,743316858,00020057.6a913f07.02.01,SPX,SPXW  260828C07735000,20260828,7735,C,SELL,-1,12.3,-1.63028,USD,CBOE,EXECUTION
20260828;100733,,743316918,00020057.6a913fcd.01.01,SPX,SPXW  260828C07735000,20260828,7735,C,SELL,-1,12.4,-1.63028,USD,CBOE,EXECUTION
20260828;105512,,743410972,00020057.6a9175a0.03.01,SPX,SPXW  260828C07750000,20260828,7750,C,BUY,1,19.6,-1.63028,USD,CBOE,EXECUTION
20260828;100811,,743318537,00020057.6a914072.03.01,SPX,SPXW  260828C07750000,20260828,7750,C,SELL,-1,6.4,-1.63028,USD,CBOE,EXECUTION
20260828;093224,,743246231,00020057.6a911844.02.01,SPX,SPXW  260828C07755000,20260828,7755,C,BUY,1,8.3,-1.63028,USD,CBOE,EXECUTION
20260828;094237,,743268125,00020057.6a9122e5.02.01,SPX,SPXW  260828C07755000,20260828,7755,C,SELL,-1,11.1,-1.63028,USD,CBOE,EXECUTION
20260828;100659,,743315834,00020057.6a913f07.03.01,SPX,SPXW  260828C07760000,20260828,7760,C,BUY,1,3.9,-1.63028,USD,CBOE,EXECUTION
20260828;100732,,743317718,00020057.6a913fc8.01.01,SPX,SPXW  260828C07760000,20260828,7760,C,BUY,1,3.8,-1.63028,USD,CBOE,EXECUTION
20260828;104357,,743390599,00020057.6a91689a.03.01,SPX,SPXW  260828C07760000,20260828,7760,C,SELL,-1,5.5,-1.63028,USD,CBOE,EXECUTION
20260828;162000,,10806155526,,SPX,SPXW  260828C07760000,20260828,7760,C,SELL,-1,0,0,USD,--,EXECUTION
20260828;100811,,743317687,00020057.6a914072.02.01,SPX,SPXW  260828C07775000,20260828,7775,C,BUY,1,1.65,-1.63028,USD,CBOE,EXECUTION
20260828;105512,,743412248,00020057.6a9175a0.02.01,SPX,SPXW  260828C07775000,20260828,7775,C,SELL,-1,5.4,-1.63028,USD,CBOE,EXECUTION
20260828;162000,,10806160145,,SPX,SPXW  260828C07800000,20260828,7800,C,BUY,2,0,0,USD,--,EXECUTION
20260828;093105,,743240290,00020057.6a911690.03.01,SPX,SPXW  260828C07800000,20260828,7800,C,SELL,-1,1.05,-1.63028,USD,CBOE,EXECUTION
20260828;093141,,743245093,00020057.6a91176f.01.01,SPX,SPXW  260828C07800000,20260828,7800,C,SELL,-1,0.8,-1.54028,USD,CBOE,EXECUTION
20260828;162000,,10806140535,,SPX,SPXW  260828C07805000,20260828,7805,C,BUY,1,0,0,USD,--,EXECUTION
20260828;100556,,743312162,00020057.6a913d03.02.01,SPX,SPXW  260828C07805000,20260828,7805,C,SELL,-1,0.35,-1.54028,USD,CBOE,EXECUTION
20260828;093105,,743239207,00020057.6a911690.02.01,SPX,SPXW  260828C07825000,20260828,7825,C,BUY,1,0.3,-1.54028,USD,CBOE,EXECUTION
20260828;093139,,743244453,00020057.6a911763.01.01,SPX,SPXW  260828C07825000,20260828,7825,C,BUY,1,0.25,-1.54028,USD,CBOE,EXECUTION
20260828;162000,,10806164063,,SPX,SPXW  260828C07825000,20260828,7825,C,SELL,-2,0,0,USD,--,EXECUTION
20260828;100556,,743312702,00020057.6a913d03.03.01,SPX,SPXW  260828C07830000,20260828,7830,C,BUY,1,0.15,-1.54028,USD,CBOE,EXECUTION
20260828;162000,,10806150504,,SPX,SPXW  260828C07830000,20260828,7830,C,SELL,-1,0,0,USD,--,EXECUTION
20260828;093039,,743237486,00020057.6a9115df.02.01,SPX,SPXW  260828P07635000,20260828,7635,P,BUY,1,0.9,-1.54028,USD,CBOE,EXECUTION
20260828;162000,,10806131935,,SPX,SPXW  260828P07635000,20260828,7635,P,SELL,-1,0,0,USD,--,EXECUTION
20260828;100521,,743311566,00020057.6a913c6a.03.01,SPX,SPXW  260828P07640000,20260828,7640,P,BUY,1,0.95,-1.54028,USD,CBOE,EXECUTION
20260828;162000,,10806136748,,SPX,SPXW  260828P07640000,20260828,7640,P,SELL,-1,0,0,USD,--,EXECUTION
20260828;162000,,10806155054,,SPX,SPXW  260828P07660000,20260828,7660,P,BUY,1,0,0,USD,--,EXECUTION
20260828;093039,,743242146,00020057.6a9115df.03.01,SPX,SPXW  260828P07660000,20260828,7660,P,SELL,-1,1.85,-1.63028,USD,CBOE,EXECUTION
20260828;162000,,10806155383,,SPX,SPXW  260828P07665000,20260828,7665,P,BUY,1,0,0,USD,--,EXECUTION
20260828;100521,,743312826,00020057.6a913c6a.02.01,SPX,SPXW  260828P07665000,20260828,7665,P,SELL,-1,1.95,-1.63028,USD,CBOE,EXECUTION
20260828;100749,,743317117,00020057.6a914026.02.01,SPX,SPXW  260828P07675000,20260828,7675,P,BUY,1,3.3,-1.63028,USD,CBOE,EXECUTION
20260828;162000,,10806131620,,SPX,SPXW  260828P07675000,20260828,7675,P,SELL,-1,0,0,USD,--,EXECUTION
20260828;162000,,10806149845,,SPX,SPXW  260828P07700000,20260828,7700,P,BUY,1,0,0,USD,--,EXECUTION
20260828;100749,,743318259,00020057.6a914026.03.01,SPX,SPXW  260828P07700000,20260828,7700,P,SELL,-1,7.2,-1.63028,USD,CBOE,EXECUTION
20260828;093200,,743246647,00020057.6a9117e7.02.01,SPX,SPXW  260828P07705000,20260828,7705,P,BUY,1,7.7,-1.63028,USD,CBOE,EXECUTION
20260828;122329,,743524121,00020057.6a91b363.02.01,SPX,SPXW  260828P07705000,20260828,7705,P,SELL,-1,9.7,-1.63028,USD,CBOE,EXECUTION
20260828;100636,,743314795,00020057.6a913e5b.03.01,SPX,SPXW  260828P07710000,20260828,7710,P,BUY,1,10.9,-1.63028,USD,CBOE,EXECUTION
20260828;101942,,743337831,00020057.6a914f47.03.01,SPX,SPXW  260828P07710000,20260828,7710,P,SELL,-1,6.3,-1.63028,USD,CBOE,EXECUTION
20260828;122329,,743523868,00020057.6a91b363.03.01,SPX,SPXW  260828P07730000,20260828,7730,P,BUY,1,22.1,-1.63028,USD,CBOE,EXECUTION
20260828;093200,,743243955,00020057.6a9117e7.03.01,SPX,SPXW  260828P07730000,20260828,7730,P,SELL,-1,15.3,-1.63028,USD,CBOE,EXECUTION
20260828;101942,,743338084,00020057.6a914f47.02.01,SPX,SPXW  260828P07735000,20260828,7735,P,BUY,1,14.7,-1.63028,USD,CBOE,EXECUTION
20260828;100636,,743314588,00020057.6a913e5b.02.01,SPX,SPXW  260828P07735000,20260828,7735,P,SELL,-1,21.5,-1.63028,USD,CBOE,EXECUTION
20260831;162000,,10812588050,,SPX,SPXW  260831C07690000,20260831,7690,C,BUY,1,0,0,USD,--,EXECUTION
20260831;093523,,743816743,00020057.6a950d83.03.01,SPX,SPXW  260831C07690000,20260831,7690,C,SELL,-1,7.7,-1.63028,USD,CBOE,EXECUTION
20260831;162000,,10812595115,,SPX,SPXW  260831C07710000,20260831,7710,C,BUY,2,0,0,USD,--,EXECUTION
20260831;093240,,743810977,00020057.6a950a36.03.01,SPX,SPXW  260831C07710000,20260831,7710,C,SELL,-1,4.3,-1.63028,USD,CBOE,EXECUTION
20260831;093341,,743811245,00020057.6a950b80.01.01,SPX,SPXW  260831C07710000,20260831,7710,C,SELL,-1,3.6,-1.63028,USD,CBOE,EXECUTION
20260831;093523,,743818285,00020057.6a950d83.02.01,SPX,SPXW  260831C07715000,20260831,7715,C,BUY,1,2,-1.63028,USD,CBOE,EXECUTION
20260831;162000,,10812597654,,SPX,SPXW  260831C07715000,20260831,7715,C,SELL,-1,0,0,USD,--,EXECUTION
20260831;093240,,743811179,00020057.6a950a36.02.01,SPX,SPXW  260831C07735000,20260831,7735,C,BUY,1,1.05,-1.63028,USD,CBOE,EXECUTION
20260831;093310,,743811477,00020057.6a950aab.01.01,SPX,SPXW  260831C07735000,20260831,7735,C,BUY,1,0.9,-1.54028,USD,CBOE,EXECUTION
20260831;162000,,10812585308,,SPX,SPXW  260831C07735000,20260831,7735,C,SELL,-2,0,0,USD,--,EXECUTION
20260831;162000,,10812593527,,SPX,SPXW  260831C07750000,20260831,7750,C,BUY,1,0,0,USD,--,EXECUTION
20260831;093609,,743820465,00020057.6a950e65.03.01,SPX,SPXW  260831C07750000,20260831,7750,C,SELL,-1,0.3,-1.54028,USD,CBOE,EXECUTION
20260831;162000,,10812597886,,SPX,SPXW  260831C07765000,20260831,7765,C,BUY,1,0,0,USD,--,EXECUTION
20260831;093418,,743813117,00020057.6a950c10.03.01,SPX,SPXW  260831C07765000,20260831,7765,C,SELL,-1,0.2,-1.54028,USD,CBOE,EXECUTION
20260831;093609,,743821252,00020057.6a950e65.02.01,SPX,SPXW  260831C07775000,20260831,7775,C,BUY,1,0.15,-1.54028,USD,CBOE,EXECUTION
20260831;162000,,10812590974,,SPX,SPXW  260831C07775000,20260831,7775,C,SELL,-1,0,0,USD,--,EXECUTION
20260831;093418,,743814385,00020057.6a950c10.02.01,SPX,SPXW  260831C07790000,20260831,7790,C,BUY,1,0.1,-1.54028,USD,CBOE,EXECUTION
20260831;162000,,10812587242,,SPX,SPXW  260831C07790000,20260831,7790,C,SELL,-1,0,0,USD,--,EXECUTION
20260831;093359,,743814270,00020057.6a950bac.03.01,SPX,SPXW  260831P07590000,20260831,7590,P,BUY,1,0.55,-1.54028,USD,CBOE,EXECUTION
20260831;162000,,10812594624,,SPX,SPXW  260831P07590000,20260831,7590,P,SELL,-1,0,0,USD,--,EXECUTION
20260831;093101,,743799761,00020057.6a95087d.01.01,SPX,SPXW  260831P07615000,20260831,7615,P,BUY,1,0.9,-1.54028,USD,CBOE,EXECUTION
20260831;093359,,743813658,00020057.6a950bac.02.01,SPX,SPXW  260831P07615000,20260831,7615,P,SELL,-1,1,-1.63028,USD,CBOE,EXECUTION
20260831;162000,,10812584915,,SPX,SPXW  260831P07640000,20260831,7640,P,BUY,1,0,0,USD,--,EXECUTION
20260831;093122,,743800449,00020057.6a9508e8.01.01,SPX,SPXW  260831P07640000,20260831,7640,P,SELL,-1,1.9,-1.63028,USD,CBOE,EXECUTION
20260831;093444,,743814790,00020057.6a950c50.02.01,SPX,SPXW  260831P07665000,20260831,7665,P,BUY,1,7.2,-1.63028,USD,CBOE,EXECUTION
20260831;162000,,10812591355,,SPX,SPXW  260831P07665000,20260831,7665,P,BUY,1,0,0,USD,--,EXECUTION
20260831;094807,,743848689,00020057.6a951a9e.02.01,SPX,SPXW  260831P07665000,20260831,7665,P,SELL,-1,6.2,-1.63028,USD,CBOE,EXECUTION
20260831;095022,,743853652,00020057.6a951cbd.02.01,SPX,SPXW  260831P07665000,20260831,7665,P,SELL,-1,6.9,-1.63028,USD,CBOE,EXECUTION
20260831;093543,,743818731,00020057.6a950de8.02.01,SPX,SPXW  260831P07675000,20260831,7675,P,BUY,1,12.3,-1.63028,USD,CBOE,EXECUTION
20260831;094632,,743843113,00020057.6a95186f.02.01,SPX,SPXW  260831P07675000,20260831,7675,P,SELL,-1,12,-1.63028,USD,CBOE,EXECUTION
20260831;093159,,743807193,00020057.6a95098c.02.01,SPX,SPXW  260831P07685000,20260831,7685,P,BUY,1,10.2,-1.63028,USD,CBOE,EXECUTION
20260831;094617,,743844185,00020057.6a951837.02.01,SPX,SPXW  260831P07685000,20260831,7685,P,SELL,-1,16.7,-1.63028,USD,CBOE,EXECUTION
20260831;094807,,743847922,00020057.6a951a9e.03.01,SPX,SPXW  260831P07690000,20260831,7690,P,BUY,1,16.1,-1.63028,USD,CBOE,EXECUTION
20260831;094917,,743850298,00020057.6a951be3.01.01,SPX,SPXW  260831P07690000,20260831,7690,P,BUY,1,16.8,-1.63028,USD,CBOE,EXECUTION
20260831;095022,,743852511,00020057.6a951cbd.03.01,SPX,SPXW  260831P07690000,20260831,7690,P,BUY,1,18.1,-1.63028,USD,CBOE,EXECUTION
20260831;093444,,743814485,00020057.6a950c50.03.01,SPX,SPXW  260831P07690000,20260831,7690,P,SELL,-1,17.6,-1.63028,USD,CBOE,EXECUTION
20260831;162000,,10812574363,,SPX,SPXW  260831P07690000,20260831,7690,P,SELL,-2,0,0,USD,--,EXECUTION
20260831;094632,,743843835,00020057.6a95186f.03.01,SPX,SPXW  260831P07700000,20260831,7700,P,BUY,1,27.6,-1.63028,USD,CBOE,EXECUTION
20260831;093543,,743819714,00020057.6a950de8.03.01,SPX,SPXW  260831P07700000,20260831,7700,P,SELL,-1,26.9,-1.63028,USD,CBOE,EXECUTION
20260831;094617,,743842407,00020057.6a951837.03.01,SPX,SPXW  260831P07710000,20260831,7710,P,BUY,1,35.4,-1.63028,USD,CBOE,EXECUTION
20260831;093159,,743807661,00020057.6a95098c.03.01,SPX,SPXW  260831P07710000,20260831,7710,P,SELL,-1,23.9,-1.63028,USD,CBOE,EXECUTION
20260901;101839,,744532423,00020057.6a96d30e.03.01,SPX,SPXW  260901C07640000,20260901,7640,C,BUY,1,15.5,-1.63028,USD,CBOE,EXECUTION
20260901;100606,,744499667,00020057.6a96c4c0.03.01,SPX,SPXW  260901C07640000,20260901,7640,C,SELL,-1,11.3,-1.63028,USD,CBOE,EXECUTION
20260901;100606,,744499657,00020057.6a96c4c0.02.01,SPX,SPXW  260901C07665000,20260901,7665,C,BUY,1,2.55,-1.63028,USD,CBOE,EXECUTION
20260901;101839,,744532444,00020057.6a96d30e.02.01,SPX,SPXW  260901C07665000,20260901,7665,C,SELL,-1,3.7,-1.63028,USD,CBOE,EXECUTION
20260901;162000,,10818647884,,SPX,SPXW  260901C07685000,20260901,7685,C,BUY,1,0,0,USD,--,EXECUTION
20260901;093138,,744408197,00020057.6a96aa77.02.01,SPX,SPXW  260901C07685000,20260901,7685,C,SELL,-1,1.25,-1.63028,USD,CBOE,EXECUTION
20260901;093138,,744408791,00020057.6a96aa77.03.01,SPX,SPXW  260901C07710000,20260901,7710,C,BUY,1,0.5,-1.54028,USD,CBOE,EXECUTION
20260901;162000,,10818645270,,SPX,SPXW  260901C07710000,20260901,7710,C,SELL,-1,0,0,USD,--,EXECUTION
20260901;162000,,10818659334,,SPX,SPXW  260901C07715000,20260901,7715,C,BUY,1,0,0,USD,--,EXECUTION
20260901;100652,,744502654,00020057.6a96c5b0.02.01,SPX,SPXW  260901C07715000,20260901,7715,C,SELL,-1,0.25,-1.54028,USD,CBOE,EXECUTION
20260901;100652,,744502404,00020057.6a96c5b0.03.01,SPX,SPXW  260901C07740000,20260901,7740,C,BUY,1,0.15,-1.54028,USD,CBOE,EXECUTION
20260901;162000,,10818653777,,SPX,SPXW  260901C07740000,20260901,7740,C,SELL,-1,0,0,USD,--,EXECUTION
20260901;100515,,744498362,00020057.6a96c424.02.01,SPX,SPXW  260901P07535000,20260901,7535,P,BUY,1,0.2,-1.54028,USD,CBOE,EXECUTION
20260901;162000,,10818656099,,SPX,SPXW  260901P07535000,20260901,7535,P,SELL,-1,0,0,USD,--,EXECUTION
20260901;162000,,10818662048,,SPX,SPXW  260901P07560000,20260901,7560,P,BUY,1,0,0,USD,--,EXECUTION
20260901;100515,,744497362,00020057.6a96c424.03.01,SPX,SPXW  260901P07560000,20260901,7560,P,SELL,-1,0.25,-1.54028,USD,CBOE,EXECUTION
20260901;093033,,744401135,00020057.6a96a898.02.01,SPX,SPXW  260901P07585000,20260901,7585,P,BUY,1,2.8,-1.63028,USD,CBOE,EXECUTION
20260901;162000,,10818662336,,SPX,SPXW  260901P07585000,20260901,7585,P,SELL,-1,0,0,USD,--,EXECUTION
20260901;162000,,10818661613,,SPX,SPXW  260901P07610000,20260901,7610,P,BUY,1,0,0,USD,--,EXECUTION
20260901;093033,,744399581,00020057.6a96a898.03.01,SPX,SPXW  260901P07610000,20260901,7610,P,SELL,-1,7,-1.63028,USD,CBOE,EXECUTION
20260901;100545,,744499246,00020057.6a96c47b.02.01,SPX,SPXW  260901P07615000,20260901,7615,P,BUY,1,3.1,-1.63028,USD,CBOE,EXECUTION
20260901;124100,,744724563,00020057.6a9725dc.02.01,SPX,SPXW  260901P07615000,20260901,7615,P,SELL,-1,2.35,-1.63028,USD,CBOE,EXECUTION
20260901;124100,,744724936,00020057.6a9725dc.03.01,SPX,SPXW  260901P07640000,20260901,7640,P,BUY,1,9.8,-1.63028,USD,CBOE,EXECUTION
20260901;100545,,744497556,00020057.6a96c47b.03.01,SPX,SPXW  260901P07640000,20260901,7640,P,SELL,-1,10.2,-1.63028,USD,CBOE,EXECUTION
20260901;100630,,744499202,00020057.6a96c51b.03.01,SPX,SPXW  260901P07650000,20260901,7650,P,BUY,1,14.1,-1.63028,USD,CBOE,EXECUTION
20260901;101706,,744529060,00020057.6a96d174.03.01,SPX,SPXW  260901P07650000,20260901,7650,P,SELL,-1,9.7,-1.63028,USD,CBOE,EXECUTION
20260901;093116,,744411323,00020057.6a96a9df.03.01,SPX,SPXW  260901P07660000,20260901,7660,P,BUY,1,30.4,-1.63028,USD,CBOE,EXECUTION
20260901;094154,,744441860,00020057.6a96b3e1.03.01,SPX,SPXW  260901P07660000,20260901,7660,P,SELL,-1,30.3,-1.63028,USD,CBOE,EXECUTION
20260901;101706,,744528423,00020057.6a96d174.02.01,SPX,SPXW  260901P07675000,20260901,7675,P,BUY,1,26.4,-1.63028,USD,CBOE,EXECUTION
20260901;100630,,744501229,00020057.6a96c51b.02.01,SPX,SPXW  260901P07675000,20260901,7675,P,SELL,-1,33.2,-1.63028,USD,CBOE,EXECUTION
20260901;094154,,744440059,00020057.6a96b3e1.02.01,SPX,SPXW  260901P07685000,20260901,7685,P,BUY,1,53,-1.63028,USD,CBOE,EXECUTION
20260901;093116,,744411272,00020057.6a96a9df.02.01,SPX,SPXW  260901P07685000,20260901,7685,P,SELL,-1,51.7,-1.63028,USD,CBOE,EXECUTION
20260902;094143,,745017916,00020057.6a97b7cb.03.01,SPX,SPXW  260902C07630000,20260902,7630,C,BUY,1,19.4,-1.63028,USD,CBOE,EXECUTION
20260902;093127,,744995337,00020057.6a97a74e.03.01,SPX,SPXW  260902C07630000,20260902,7630,C,SELL,-1,16.6,-1.63028,USD,CBOE,EXECUTION
20260902;093127,,744993876,00020057.6a97a74e.02.01,SPX,SPXW  260902C07655000,20260902,7655,C,BUY,1,5.4,-1.63028,USD,CBOE,EXECUTION
20260902;102406,,745119871,00020057.6a97eec6.02.01,SPX,SPXW  260902C07655000,20260902,7655,C,BUY,1,20,-1.63028,USD,CBOE,EXECUTION
20260902;094143,,745019179,00020057.6a97b7cb.02.01,SPX,SPXW  260902C07655000,20260902,7655,C,SELL,-1,6,-1.63028,USD,CBOE,EXECUTION
20260902;100620,,745077525,00020057.6a97d6f0.02.01,SPX,SPXW  260902C07655000,20260902,7655,C,SELL,-1,10.2,-1.63028,USD,CBOE,EXECUTION
20260902;100620,,745079288,00020057.6a97d6f0.03.01,SPX,SPXW  260902C07680000,20260902,7680,C,BUY,1,2.1,-1.63028,USD,CBOE,EXECUTION
20260902;102406,,745119132,00020057.6a97eec6.03.01,SPX,SPXW  260902C07680000,20260902,7680,C,SELL,-1,5.9,-1.63028,USD,CBOE,EXECUTION
20260902;162000,,10824818300,,SPX,SPXW  260902C07700000,20260902,7700,C,BUY,1,0,0,USD,--,EXECUTION
20260902;100654,,745079681,00020057.6a97d7f1.03.01,SPX,SPXW  260902C07700000,20260902,7700,C,SELL,-1,0.6,-1.54028,USD,CBOE,EXECUTION
20260902;162000,,10824820657,,SPX,SPXW  260902C07710000,20260902,7710,C,BUY,1,0,0,USD,--,EXECUTION
20260902;093044,,744983484,00020057.6a97a6c4.03.01,SPX,SPXW  260902C07710000,20260902,7710,C,SELL,-1,0.3,-1.54028,USD,CBOE,EXECUTION
20260902;100654,,745080486,00020057.6a97d7f1.02.01,SPX,SPXW  260902C07725000,20260902,7725,C,BUY,1,0.25,-1.54028,USD,CBOE,EXECUTION
20260902;162000,,10824807512,,SPX,SPXW  260902C07725000,20260902,7725,C,SELL,-1,0,0,USD,--,EXECUTION
20260902;093044,,744982941,00020057.6a97a6c4.02.01,SPX,SPXW  260902C07735000,20260902,7735,C,BUY,1,0.15,-1.54028,USD,CBOE,EXECUTION
20260902;162000,,10824808798,,SPX,SPXW  260902C07735000,20260902,7735,C,SELL,-1,0,0,USD,--,EXECUTION
20260902;093022,,744981463,00020057.6a97a63d.03.01,SPX,SPXW  260902P07525000,20260902,7525,P,BUY,1,0.35,-1.54028,USD,CBOE,EXECUTION
20260902;162000,,10824820720,,SPX,SPXW  260902P07525000,20260902,7525,P,SELL,-1,0,0,USD,--,EXECUTION
20260902;100518,,745077010,00020057.6a97d525.03.01,SPX,SPXW  260902P07550000,20260902,7550,P,BUY,1,0.25,-1.54028,USD,CBOE,EXECUTION
20260902;093022,,744984699,00020057.6a97a63d.02.01,SPX,SPXW  260902P07550000,20260902,7550,P,SELL,-1,0.55,-1.54028,USD,CBOE,EXECUTION
20260819;161503,,739754840,00020057.6a868455.01.01,SPX,SPXW  260902P07575000,20260902,7575,P,BUY,1,25.9,-1.63028,USD,CBOE,EXECUTION
20260902;162000,,10824808949,,SPX,SPXW  260902P07575000,20260902,7575,P,BUY,1,0,0,USD,--,EXECUTION
20260826;094047,,742163286,00020057.6a8e7631.01.01,SPX,SPXW  260902P07575000,20260902,7575,P,SELL,-1,19.1,-1.63028,USD,CBOE,EXECUTION
20260902;100518,,745076627,00020057.6a97d525.02.01,SPX,SPXW  260902P07575000,20260902,7575,P,SELL,-1,0.35,-1.54028,USD,CBOE,EXECUTION
20260902;093109,,744991409,00020057.6a97a715.02.01,SPX,SPXW  260902P07605000,20260902,7605,P,BUY,1,3.9,-1.63028,USD,CBOE,EXECUTION
20260902;162000,,10824815695,,SPX,SPXW  260902P07605000,20260902,7605,P,SELL,-1,0,0,USD,--,EXECUTION
20260902;100559,,745078519,00020057.6a97d68d.03.01,SPX,SPXW  260902P07630000,20260902,7630,P,BUY,1,3.2,-1.63028,USD,CBOE,EXECUTION
20260902;093109,,744989786,00020057.6a97a715.03.01,SPX,SPXW  260902P07630000,20260902,7630,P,SELL,-1,10.3,-1.63028,USD,CBOE,EXECUTION
20260826;094044,,742162179,00020057.6a8e762c.01.01,SPX,SPXW  260902P07635000,20260902,7635,P,BUY,1,33.7,-1.63028,USD,CBOE,EXECUTION
20260819;161514,,739754856,00020057.6a868456.01.01,SPX,SPXW  260902P07635000,20260902,7635,P,SELL,-1,37.6,-1.63028,USD,CBOE,EXECUTION
20260902;162000,,10824809089,,SPX,SPXW  260902P07655000,20260902,7655,P,BUY,1,0,0,USD,--,EXECUTION
20260902;100559,,745077453,00020057.6a97d68d.02.01,SPX,SPXW  260902P07655000,20260902,7655,P,SELL,-1,10.4,-1.63028,USD,CBOE,EXECUTION
20260903;094916,,745570406,00020057.6a993921.02.01,SPX,SPXW  260903C07665000,20260903,7665,C,BUY,1,50,-1.63028,USD,CBOE,EXECUTION
20260903;162000,,10832793127,,SPX,SPXW  260903C07665000,20260903,7665,C,BUY,1,0,0,USD,--,EXECUTION
20260903;093145,,745528900,00020057.6a992840.02.01,SPX,SPXW  260903C07665000,20260903,7665,C,SELL,-1,38.9,-1.63028,USD,CBOE,EXECUTION
20260903;093750,,745545659,00020057.6a992efd.02.01,SPX,SPXW  260903C07665000,20260903,7665,C,SELL,-1,44.4,-1.63028,USD,CBOE,EXECUTION
20260903;094644,,745563042,00020057.6a9937af.03.01,SPX,SPXW  260903C07675000,20260903,7675,C,BUY,1,41.4,-1.63028,USD,CBOE,EXECUTION
20260903;093542,,745538181,00020057.6a992d8f.03.01,SPX,SPXW  260903C07675000,20260903,7675,C,SELL,-1,33.9,-1.63028,USD,CBOE,EXECUTION
20260903;093145,,745525790,00020057.6a992840.03.01,SPX,SPXW  260903C07690000,20260903,7690,C,BUY,1,19.2,-1.63028,USD,CBOE,EXECUTION
20260903;093750,,745544150,00020057.6a992efd.03.01,SPX,SPXW  260903C07690000,20260903,7690,C,BUY,1,23.6,-1.63028,USD,CBOE,EXECUTION
20260903;094916,,745569561,00020057.6a993921.03.01,SPX,SPXW  260903C07690000,20260903,7690,C,SELL,-1,27.6,-1.63028,USD,CBOE,EXECUTION
20260903;162000,,10832794824,,SPX,SPXW  260903C07690000,20260903,7690,C,SELL,-1,0,0,USD,--,EXECUTION
20260903;093542,,745538477,00020057.6a992d8f.02.01,SPX,SPXW  260903C07700000,20260903,7700,C,BUY,1,15.5,-1.63028,USD,CBOE,EXECUTION
20260903;094800,,745566555,00020057.6a993857.03.01,SPX,SPXW  260903C07700000,20260903,7700,C,BUY,1,20.9,-1.63028,USD,CBOE,EXECUTION
20260903;093441,,745535335,00020057.6a992cb0.03.01,SPX,SPXW  260903C07700000,20260903,7700,C,SELL,-1,16.5,-1.63028,USD,CBOE,EXECUTION
20260903;094644,,745564179,00020057.6a9937af.02.01,SPX,SPXW  260903C07700000,20260903,7700,C,SELL,-1,20.3,-1.63028,USD,CBOE,EXECUTION
20260903;093441,,745536268,00020057.6a992cb0.02.01,SPX,SPXW  260903C07725000,20260903,7725,C,BUY,1,5,-1.63028,USD,CBOE,EXECUTION
20260903;094800,,745565477,00020057.6a993857.02.01,SPX,SPXW  260903C07725000,20260903,7725,C,SELL,-1,6.5,-1.63028,USD,CBOE,EXECUTION
20260903;113751,,745768157,00020057.6a99be26.03.01,SPX,SPXW  260903C07740000,20260903,7740,C,BUY,1,10.9,-1.63028,USD,CBOE,EXECUTION
20260903;093040,,745522528,00020057.6a9926eb.03.01,SPX,SPXW  260903C07740000,20260903,7740,C,SELL,-1,1.15,-1.63028,USD,CBOE,EXECUTION
20260903;093040,,745523807,00020057.6a9926eb.02.01,SPX,SPXW  260903C07765000,20260903,7765,C,BUY,1,0.3,-1.54028,USD,CBOE,EXECUTION
20260903;113751,,745768419,00020057.6a99be26.02.01,SPX,SPXW  260903C07765000,20260903,7765,C,SELL,-1,2.05,-1.63028,USD,CBOE,EXECUTION
20260903;162000,,10832803832,,SPX,SPXW  260903C07775000,20260903,7775,C,BUY,1,0,0,USD,--,EXECUTION
20260903;093359,,745534616,00020057.6a992bfc.02.01,SPX,SPXW  260903C07775000,20260903,7775,C,SELL,-1,0.2,-1.54028,USD,CBOE,EXECUTION
20260903;093359,,745534136,00020057.6a992bfc.03.01,SPX,SPXW  260903C07800000,20260903,7800,C,BUY,1,0.1,-1.54028,USD,CBOE,EXECUTION
20260903;162000,,10832815573,,SPX,SPXW  260903C07800000,20260903,7800,C,SELL,-1,0,0,USD,--,EXECUTION
20260903;093318,,745532410,00020057.6a992a70.03.01,SPX,SPXW  260903P07600000,20260903,7600,P,BUY,1,0.4,-1.54028,USD,CBOE,EXECUTION
20260903;162000,,10832809857,,SPX,SPXW  260903P07600000,20260903,7600,P,SELL,-1,0,0,USD,--,EXECUTION
20260903;093521,,745536621,00020057.6a992d42.03.01,SPX,SPXW  260903P07625000,20260903,7625,P,BUY,1,0.65,-1.54028,USD,CBOE,EXECUTION
20260903;093318,,745531819,00020057.6a992a70.02.01,SPX,SPXW  260903P07625000,20260903,7625,P,SELL,-1,0.65,-1.54028,USD,CBOE,EXECUTION
20260903;093120,,745526509,00020057.6a9927be.03.01,SPX,SPXW  260903P07640000,20260903,7640,P,BUY,1,1.35,-1.63028,USD,CBOE,EXECUTION
20260903;162000,,10832800115,,SPX,SPXW  260903P07640000,20260903,7640,P,SELL,-1,0,0,USD,--,EXECUTION
20260903;162000,,10832812992,,SPX,SPXW  260903P07650000,20260903,7650,P,BUY,1,0,0,USD,--,EXECUTION
20260903;093521,,745537467,00020057.6a992d42.02.01,SPX,SPXW  260903P07650000,20260903,7650,P,SELL,-1,1.45,-1.63028,USD,CBOE,EXECUTION
20260903;162000,,10832802225,,SPX,SPXW  260903P07665000,20260903,7665,P,BUY,1,0,0,USD,--,EXECUTION
20260903;093120,,745525331,00020057.6a9927be.02.01,SPX,SPXW  260903P07665000,20260903,7665,P,SELL,-1,3.4,-1.63028,USD,CBOE,EXECUTION
20260903;093421,,745534204,00020057.6a992c69.03.01,SPX,SPXW  260903P07675000,20260903,7675,P,BUY,1,3.8,-1.63028,USD,CBOE,EXECUTION
20260903;101430,,745632751,00020057.6a9954d5.03.01,SPX,SPXW  260903P07675000,20260903,7675,P,SELL,-1,3.8,-1.63028,USD,CBOE,EXECUTION
20260903;101430,,745632163,00020057.6a9954d5.02.01,SPX,SPXW  260903P07700000,20260903,7700,P,BUY,1,11.6,-1.63028,USD,CBOE,EXECUTION
20260903;093421,,745533553,00020057.6a992c69.02.01,SPX,SPXW  260903P07700000,20260903,7700,P,SELL,-1,9.7,-1.63028,USD,CBOE,EXECUTION
20260904;162000,,10838687244,,SPX,SPXW  260904C07735000,20260904,7735,C,BUY,1,0,0,USD,--,EXECUTION
20260904;100637,,746136298,00020057.6a9ab43d.02.01,SPX,SPXW  260904C07735000,20260904,7735,C,SELL,-1,10.5,-1.63028,USD,CBOE,EXECUTION
20260904;162000,,10838672244,,SPX,SPXW  260904C07750000,20260904,7750,C,BUY,2,0,0,USD,--,EXECUTION
20260904;093248,,746075428,00020057.6a9a8062.03.01,SPX,SPXW  260904C07750000,20260904,7750,C,SELL,-1,9,-1.63028,USD,CBOE,EXECUTION
20260904;100737,,746137907,00020057.6a9ab4b9.03.01,SPX,SPXW  260904C07750000,20260904,7750,C,SELL,-1,4.1,-1.63028,USD,CBOE,EXECUTION
20260904;100637,,746136442,00020057.6a9ab43d.03.01,SPX,SPXW  260904C07760000,20260904,7760,C,BUY,1,2.2,-1.63028,USD,CBOE,EXECUTION
20260904;162000,,10838661231,,SPX,SPXW  260904C07760000,20260904,7760,C,SELL,-1,0,0,USD,--,EXECUTION
20260904;093248,,746074556,00020057.6a9a8062.02.01,SPX,SPXW  260904C07775000,20260904,7775,C,BUY,1,2.35,-1.63028,USD,CBOE,EXECUTION
20260904;100737,,746138787,00020057.6a9ab4b9.02.01,SPX,SPXW  260904C07775000,20260904,7775,C,BUY,1,0.85,-1.54028,USD,CBOE,EXECUTION
20260904;162000,,10838681768,,SPX,SPXW  260904C07775000,20260904,7775,C,SELL,-2,0,0,USD,--,EXECUTION
20260904;162000,,10838662366,,SPX,SPXW  260904C07805000,20260904,7805,C,BUY,1,0,0,USD,--,EXECUTION
20260904;100554,,746134824,00020057.6a9ab402.02.01,SPX,SPXW  260904C07805000,20260904,7805,C,SELL,-1,0.3,-1.54028,USD,CBOE,EXECUTION
20260904;162000,,10838680247,,SPX,SPXW  260904C07815000,20260904,7815,C,BUY,1,0,0,USD,--,EXECUTION
20260904;093154,,746073134,00020057.6a9a7fb0.01.01,SPX,SPXW  260904C07815000,20260904,7815,C,SELL,-1,0.35,-1.54028,USD,CBOE,EXECUTION
20260904;100554,,746134998,00020057.6a9ab402.03.01,SPX,SPXW  260904C07830000,20260904,7830,C,BUY,1,0.2,-1.54028,USD,CBOE,EXECUTION
20260904;162000,,10838677608,,SPX,SPXW  260904C07830000,20260904,7830,C,SELL,-1,0,0,USD,--,EXECUTION
20260904;093143,,746072537,00020057.6a9a7f8b.01.01,SPX,SPXW  260904C07840000,20260904,7840,C,BUY,1,0.2,-1.54028,USD,CBOE,EXECUTION
20260904;162000,,10838659642,,SPX,SPXW  260904C07840000,20260904,7840,C,SELL,-1,0,0,USD,--,EXECUTION
20260904;100517,,746134618,00020057.6a9ab3a0.03.01,SPX,SPXW  260904P07640000,20260904,7640,P,BUY,1,0.35,-1.54028,USD,CBOE,EXECUTION
20260904;162000,,10838659888,,SPX,SPXW  260904P07640000,20260904,7640,P,SELL,-1,0,0,USD,--,EXECUTION
20260904;100705,,746136176,00020057.6a9ab482.03.01,SPX,SPXW  260904P07650000,20260904,7650,P,BUY,1,0.45,-1.54028,USD,CBOE,EXECUTION
20260904;162000,,10838685126,,SPX,SPXW  260904P07650000,20260904,7650,P,SELL,-1,0,0,USD,--,EXECUTION
20260904;093030,,746057329,00020057.6a9a7e51.02.01,SPX,SPXW  260904P07655000,20260904,7655,P,BUY,1,0.75,-1.54028,USD,CBOE,EXECUTION
20260904;093040,,746057049,00020057.6a9a7e94.02.01,SPX,SPXW  260904P07655000,20260904,7655,P,BUY,1,0.75,-1.54028,USD,CBOE,EXECUTION
20260904;162000,,10838661448,,SPX,SPXW  260904P07655000,20260904,7655,P,SELL,-2,0,0,USD,--,EXECUTION
20260904;162000,,10838659429,,SPX,SPXW  260904P07665000,20260904,7665,P,BUY,1,0,0,USD,--,EXECUTION
20260904;100517,,746134516,00020057.6a9ab3a0.02.01,SPX,SPXW  260904P07665000,20260904,7665,P,SELL,-1,0.6,-1.54028,USD,CBOE,EXECUTION
20260904;162000,,10838682825,,SPX,SPXW  260904P07675000,20260904,7675,P,BUY,1,0,0,USD,--,EXECUTION
20260904;100705,,746136503,00020057.6a9ab482.02.01,SPX,SPXW  260904P07675000,20260904,7675,P,SELL,-1,0.8,-1.54028,USD,CBOE,EXECUTION
20260904;162000,,10838677195,,SPX,SPXW  260904P07680000,20260904,7680,P,BUY,2,0,0,USD,--,EXECUTION
20260904;093030,,746063444,00020057.6a9a7e51.03.01,SPX,SPXW  260904P07680000,20260904,7680,P,SELL,-1,1.7,-1.63028,USD,CBOE,EXECUTION
20260904;093040,,746063534,00020057.6a9a7e94.03.01,SPX,SPXW  260904P07680000,20260904,7680,P,SELL,-1,1.7,-1.63028,USD,CBOE,EXECUTION
20260904;100614,,746134842,00020057.6a9ab41e.03.01,SPX,SPXW  260904P07710000,20260904,7710,P,BUY,1,3.3,-1.63028,USD,CBOE,EXECUTION
20260904;101807,,746154578,00020057.6a9ac3d6.03.01,SPX,SPXW  260904P07710000,20260904,7710,P,SELL,-1,4.9,-1.63028,USD,CBOE,EXECUTION
20260904;093225,,746072235,00020057.6a9a8014.03.01,SPX,SPXW  260904P07725000,20260904,7725,P,BUY,1,7.5,-1.63028,USD,CBOE,EXECUTION
20260904;094302,,746095992,00020057.6a9a8c24.03.01,SPX,SPXW  260904P07725000,20260904,7725,P,SELL,-1,7.4,-1.63028,USD,CBOE,EXECUTION
20260904;101807,,746153831,00020057.6a9ac3d6.02.01,SPX,SPXW  260904P07735000,20260904,7735,P,BUY,1,14.5,-1.63028,USD,CBOE,EXECUTION
20260904;100614,,746136052,00020057.6a9ab41e.02.01,SPX,SPXW  260904P07735000,20260904,7735,P,SELL,-1,10.1,-1.63028,USD,CBOE,EXECUTION
20260904;094302,,746095389,00020057.6a9a8c24.02.01,SPX,SPXW  260904P07750000,20260904,7750,P,BUY,1,19,-1.63028,USD,CBOE,EXECUTION
20260904;093225,,746073558,00020057.6a9a8014.02.01,SPX,SPXW  260904P07750000,20260904,7750,P,SELL,-1,17.8,-1.63028,USD,CBOE,EXECUTION
20260824;122714,,741262871,0001938d.6a8bc98a.03.01,XSP,XSP   260824C00766000,20260824,766,C,BUY,1,1.11,-1.22028,USD,CBOE,EXECUTION
20260824;093449,,741016249,0001938d.6a8bc2c4.03.01,XSP,XSP   260824C00766000,20260824,766,C,SELL,-1,0.84,-1.22028,USD,CBOE,EXECUTION
20260824;162000,,10781623425,,XSP,XSP   260824C00768000,20260824,768,C,BUY,1,0,0,USD,--,EXECUTION
20260824;093550,,741018490,0001938d.6a8bc2ce.02.01,XSP,XSP   260824C00768000,20260824,768,C,SELL,-1,0.26,-1.22028,USD,CBOE,EXECUTION
20260824;093449,,741017558,0001938d.6a8bc2c4.02.01,XSP,XSP   260824C00769000,20260824,769,C,BUY,1,0.14,-1.22028,USD,CBOE,EXECUTION
20260824;122714,,741263209,0001938d.6a8bc98a.02.01,XSP,XSP   260824C00769000,20260824,769,C,SELL,-1,0.08,-1.22028,USD,CBOE,EXECUTION
20260824;093550,,741019305,0001938d.6a8bc2ce.03.01,XSP,XSP   260824C00770000,20260824,770,C,BUY,1,0.08,-1.22028,USD,CBOE,EXECUTION
20260824;162000,,10781629773,,XSP,XSP   260824C00770000,20260824,770,C,SELL,-1,0,0,USD,--,EXECUTION
20260824;093347,,741013099,0001938d.6a8bc2af.03.01,XSP,XSP   260824P00756000,20260824,756,P,BUY,1,0.04,-1.22028,USD,CBOE,EXECUTION
20260824;162000,,10781629940,,XSP,XSP   260824P00756000,20260824,756,P,SELL,-1,0,0,USD,--,EXECUTION
20260824;093057,,741003953,0001938d.6a8bc256.02.01,XSP,XSP   260824P00757000,20260824,757,P,BUY,1,0.06,-1.22028,USD,CBOE,EXECUTION
20260824;162000,,10781633117,,XSP,XSP   260824P00757000,20260824,757,P,SELL,-1,0,0,USD,--,EXECUTION
20260824;162000,,10781621494,,XSP,XSP   260824P00758000,20260824,758,P,BUY,1,0,0,USD,--,EXECUTION
20260824;093347,,741014428,0001938d.6a8bc2af.02.01,XSP,XSP   260824P00758000,20260824,758,P,SELL,-1,0.06,-1.22028,USD,CBOE,EXECUTION
20260824;093537,,741018151,0001938d.6a8bc2cb.03.01,XSP,XSP   260824P00760000,20260824,760,P,BUY,1,0.12,-1.22028,USD,CBOE,EXECUTION
20260824;093057,,741000533,0001938d.6a8bc256.03.01,XSP,XSP   260824P00760000,20260824,760,P,SELL,-1,0.14,-1.22028,USD,CBOE,EXECUTION
20260824;162000,,10781632979,,XSP,XSP   260824P00763000,20260824,763,P,BUY,1,0,0,USD,--,EXECUTION
20260824;093537,,741017536,0001938d.6a8bc2cb.02.01,XSP,XSP   260824P00763000,20260824,763,P,SELL,-1,0.43,-1.22028,USD,CBOE,EXECUTION
20260824;093430,,741016307,0001938d.6a8bc2c0.03.01,XSP,XSP   260824P00764000,20260824,764,P,BUY,1,0.69,-1.22028,USD,CBOE,EXECUTION
20260824;094633,,741047129,0001938d.6a8bc343.03.01,XSP,XSP   260824P00764000,20260824,764,P,SELL,-1,0.87,-1.22028,USD,CBOE,EXECUTION
20260824;093213,,741009631,0001938d.6a8bc26b.03.01,XSP,XSP   260824P00765000,20260824,765,P,BUY,1,0.86,-1.22028,USD,CBOE,EXECUTION
20260824;094542,,741044725,0001938d.6a8bc335.03.01,XSP,XSP   260824P00765000,20260824,765,P,SELL,-1,1.56,-1.22028,USD,CBOE,EXECUTION
20260824;094633,,741049582,0001938d.6a8bc343.02.01,XSP,XSP   260824P00766000,20260824,766,P,BUY,1,1.92,-1.22028,USD,CBOE,EXECUTION
20260824;093430,,741015600,0001938d.6a8bc2c0.02.01,XSP,XSP   260824P00766000,20260824,766,P,SELL,-1,1.5,-1.22028,USD,CBOE,EXECUTION
20260824;094542,,741045506,0001938d.6a8bc335.02.01,XSP,XSP   260824P00768000,20260824,768,P,BUY,1,4,-1.22028,USD,CBOE,EXECUTION
20260824;093213,,741007993,0001938d.6a8bc26b.02.01,XSP,XSP   260824P00768000,20260824,768,P,SELL,-1,2.28,-1.22028,USD,CBOE,EXECUTION
20260825;095350,,741584971,0001938d.6a8d1616.03.01,XSP,XSP   260825C00766000,20260825,766,C,BUY,1,2.39,-1.22028,USD,CBOE,EXECUTION
20260825;101940,,741647650,0001938d.6a8d1765.03.01,XSP,XSP   260825C00766000,20260825,766,C,BUY,1,1.8,-1.22028,USD,CBOE,EXECUTION
20260825;094409,,741562826,0001938d.6a8d159a.03.01,XSP,XSP   260825C00766000,20260825,766,C,SELL,-1,2.13,-1.22028,USD,CBOE,EXECUTION
20260825;100930,,741622279,0001938d.6a8d1703.03.01,XSP,XSP   260825C00766000,20260825,766,C,SELL,-1,1.48,-1.22028,USD,CBOE,EXECUTION
20260825;120548,,741819614,0001938d.6a8d1c06.02.01,XSP,XSP   260825C00767000,20260825,767,C,BUY,1,0.82,-1.22028,USD,CBOE,EXECUTION
20260825;100848,,741621219,0001938d.6a8d1700.02.01,XSP,XSP   260825C00767000,20260825,767,C,SELL,-1,0.94,-1.22028,USD,CBOE,EXECUTION
20260825;094409,,741562822,0001938d.6a8d159a.02.01,XSP,XSP   260825C00768000,20260825,768,C,BUY,1,0.98,-1.22028,USD,CBOE,EXECUTION
20260825;095350,,741584966,0001938d.6a8d1616.02.01,XSP,XSP   260825C00768000,20260825,768,C,SELL,-1,0.91,-1.22028,USD,CBOE,EXECUTION
20260825;100930,,741622520,0001938d.6a8d1703.02.01,XSP,XSP   260825C00769000,20260825,769,C,BUY,1,0.24,-1.22028,USD,CBOE,EXECUTION
20260825;101940,,741647880,0001938d.6a8d1765.02.01,XSP,XSP   260825C00769000,20260825,769,C,SELL,-1,0.26,-1.22028,USD,CBOE,EXECUTION
20260825;100848,,741621450,0001938d.6a8d1700.03.01,XSP,XSP   260825C00770000,20260825,770,C,BUY,1,0.12,-1.22028,USD,CBOE,EXECUTION
20260825;120548,,741819172,0001938d.6a8d1c06.03.01,XSP,XSP   260825C00770000,20260825,770,C,SELL,-1,0.05,-1.22028,USD,CBOE,EXECUTION
20260825;162000,,10787707678,,XSP,XSP   260825C00773000,20260825,773,C,BUY,1,0,0,USD,--,EXECUTION
20260825;094301,,741560694,0001938d.6a8d1575.03.01,XSP,XSP   260825C00773000,20260825,773,C,SELL,-1,0.04,-1.22028,USD,CBOE,EXECUTION
20260825;094301,,741561028,0001938d.6a8d1575.02.01,XSP,XSP   260825C00776000,20260825,776,C,BUY,1,0.02,-1.22028,USD,CBOE,EXECUTION
20260825;162000,,10787706796,,XSP,XSP   260825C00776000,20260825,776,C,SELL,-1,0,0,USD,--,EXECUTION
20260825;100908,,741622159,0001938d.6a8d1701.02.01,XSP,XSP   260825P00762000,20260825,762,P,BUY,1,0.09,-1.22028,USD,CBOE,EXECUTION
20260825;162000,,10787681282,,XSP,XSP   260825P00762000,20260825,762,P,SELL,-1,0,0,USD,--,EXECUTION
20260825;094452,,741565626,0001938d.6a8d159f.03.01,XSP,XSP   260825P00763000,20260825,763,P,BUY,1,0.12,-1.22028,USD,CBOE,EXECUTION
20260825;162000,,10787692478,,XSP,XSP   260825P00763000,20260825,763,P,SELL,-1,0,0,USD,--,EXECUTION
20260825;100734,,741618037,0001938d.6a8d16df.03.01,XSP,XSP   260825P00764000,20260825,764,P,BUY,1,0.21,-1.22028,USD,CBOE,EXECUTION
20260825;103305,,741678953,0001938d.6a8d1865.03.01,XSP,XSP   260825P00764000,20260825,764,P,SELL,-1,0.26,-1.22028,USD,CBOE,EXECUTION
20260825;162000,,10787689461,,XSP,XSP   260825P00765000,20260825,765,P,BUY,1,0,0,USD,--,EXECUTION
20260825;100908,,741622165,0001938d.6a8d1701.03.01,XSP,XSP   260825P00765000,20260825,765,P,SELL,-1,0.32,-1.22028,USD,CBOE,EXECUTION
20260825;162000,,10787702946,,XSP,XSP   260825P00766000,20260825,766,P,BUY,1,0,0,USD,--,EXECUTION
20260825;094452,,741565687,0001938d.6a8d159f.02.01,XSP,XSP   260825P00766000,20260825,766,P,SELL,-1,0.4,-1.22028,USD,CBOE,EXECUTION
20260825;103305,,741679154,0001938d.6a8d1865.02.01,XSP,XSP   260825P00767000,20260825,767,P,BUY,1,1.21,-1.22028,USD,CBOE,EXECUTION
20260825;100734,,741619027,0001938d.6a8d16df.02.01,XSP,XSP   260825P00767000,20260825,767,P,SELL,-1,0.91,-1.22028,USD,CBOE,EXECUTION
20260826;100250,,742215554,0001938d.6a8e671e.02.01,XSP,XSP   260826C00768000,20260826,768,C,BUY,1,1.28,-1.22028,USD,CBOE,EXECUTION
20260826;151208,,742556988,0001938d.6a8e6eb7.03.01,XSP,XSP   260826C00768000,20260826,768,C,BUY,1,0.98,-1.22028,USD,CBOE,EXECUTION
20260826;093419,,742147982,0001938d.6a8e6585.02.01,XSP,XSP   260826C00768000,20260826,768,C,SELL,-1,0.7,-1.22028,USD,CBOE,EXECUTION
20260826;100824,,742229375,0001938d.6a8e6746.03.01,XSP,XSP   260826C00768000,20260826,768,C,SELL,-1,1.18,-1.22028,USD,CBOE,EXECUTION
20260826;093419,,742148586,0001938d.6a8e6585.03.01,XSP,XSP   260826C00770000,20260826,770,C,BUY,1,0.19,-1.22028,USD,CBOE,EXECUTION
20260826;162000,,10793764708,,XSP,XSP   260826C00770000,20260826,770,C,BUY,1,0,0,USD,--,EXECUTION
20260826;100250,,742216408,0001938d.6a8e671e.03.01,XSP,XSP   260826C00770000,20260826,770,C,SELL,-1,0.38,-1.22028,USD,CBOE,EXECUTION
20260826;100731,,742226477,0001938d.6a8e673f.03.01,XSP,XSP   260826C00770000,20260826,770,C,SELL,-1,0.35,-1.22028,USD,CBOE,EXECUTION
20260826;100824,,742228236,0001938d.6a8e6746.02.01,XSP,XSP   260826C00771000,20260826,771,C,BUY,1,0.17,-1.22028,USD,CBOE,EXECUTION
20260826;151208,,742557082,0001938d.6a8e6eb7.02.01,XSP,XSP   260826C00771000,20260826,771,C,SELL,-1,0.02,-1.22028,USD,CBOE,EXECUTION
20260826;100731,,742227840,0001938d.6a8e673f.02.01,XSP,XSP   260826C00772000,20260826,772,C,BUY,1,0.09,-1.22028,USD,CBOE,EXECUTION
20260826;162000,,10793759267,,XSP,XSP   260826C00772000,20260826,772,C,SELL,-1,0,0,USD,--,EXECUTION
20260826;093144,,742140631,0001938d.6a8e656c.02.01,XSP,XSP   260826P00758000,20260826,758,P,BUY,1,0.03,-1.22028,USD,CBOE,EXECUTION
20260826;162000,,10793767433,,XSP,XSP   260826P00758000,20260826,758,P,SELL,-1,0,0,USD,--,EXECUTION
20260826;162000,,10793756429,,XSP,XSP   260826P00760000,20260826,760,P,BUY,1,0,0,USD,--,EXECUTION
20260826;093144,,742139459,0001938d.6a8e656c.03.01,XSP,XSP   260826P00760000,20260826,760,P,SELL,-1,0.06,-1.22028,USD,CBOE,EXECUTION
20260826;093535,,742151088,0001938d.6a8e65b9.03.01,XSP,XSP   260826P00765000,20260826,765,P,BUY,1,0.46,-1.22028,USD,CBOE,EXECUTION
20260826;103335,,742283617,0001938d.6a8e680d.03.01,XSP,XSP   260826P00765000,20260826,765,P,SELL,-1,0.31,-1.22028,USD,CBOE,EXECUTION
20260826;100617,,742224834,0001938d.6a8e672f.03.01,XSP,XSP   260826P00766000,20260826,766,P,BUY,1,0.26,-1.22028,USD,CBOE,EXECUTION
20260826;102032,,742255682,0001938d.6a8e67a1.03.01,XSP,XSP   260826P00766000,20260826,766,P,SELL,-1,0.31,-1.22028,USD,CBOE,EXECUTION
20260826;102032,,742257092,0001938d.6a8e67a1.02.01,XSP,XSP   260826P00768000,20260826,768,P,BUY,1,0.98,-1.22028,USD,CBOE,EXECUTION
20260826;103335,,742284380,0001938d.6a8e680d.02.01,XSP,XSP   260826P00768000,20260826,768,P,BUY,1,1.57,-1.22028,USD,CBOE,EXECUTION
20260826;093535,,742151555,0001938d.6a8e65b9.02.01,XSP,XSP   260826P00768000,20260826,768,P,SELL,-1,1.49,-1.22028,USD,CBOE,EXECUTION
20260826;100617,,742224092,0001938d.6a8e672f.02.01,XSP,XSP   260826P00768000,20260826,768,P,SELL,-1,0.71,-1.22028,USD,CBOE,EXECUTION
20260827;094307,,742729623,0001938d.6a8fb7de.02.01,XSP,XSP   260827C00768000,20260827,768,C,BUY,1,2.96,-1.22028,USD,CBOE,EXECUTION
20260827;093542,,742714949,0001938d.6a8fb772.02.01,XSP,XSP   260827C00768000,20260827,768,C,SELL,-1,2.21,-1.22028,USD,CBOE,EXECUTION
20260827;093542,,742713203,0001938d.6a8fb772.03.01,XSP,XSP   260827C00770000,20260827,770,C,BUY,1,1.17,-1.22028,USD,CBOE,EXECUTION
20260827;102714,,742798901,0001938d.6a8fb9ab.03.01,XSP,XSP   260827C00770000,20260827,770,C,BUY,1,2.14,-1.22028,USD,CBOE,EXECUTION
20260827;094307,,742728672,0001938d.6a8fb7de.03.01,XSP,XSP   260827C00770000,20260827,770,C,SELL,-1,1.56,-1.22028,USD,CBOE,EXECUTION
20260827;101300,,742781739,0001938d.6a8fb936.03.01,XSP,XSP   260827C00770000,20260827,770,C,SELL,-1,1.59,-1.22028,USD,CBOE,EXECUTION
20260827;112510,,742866164,0001938d.6a8fbc50.02.01,XSP,XSP   260827C00772000,20260827,772,C,BUY,1,1.24,-1.22028,USD,CBOE,EXECUTION
20260827;101356,,742783629,0001938d.6a8fb947.02.01,XSP,XSP   260827C00772000,20260827,772,C,SELL,-1,0.62,-1.22028,USD,CBOE,EXECUTION
20260827;101300,,742782279,0001938d.6a8fb936.02.01,XSP,XSP   260827C00773000,20260827,773,C,BUY,1,0.35,-1.22028,USD,CBOE,EXECUTION
20260827;102714,,742799908,0001938d.6a8fb9ab.02.01,XSP,XSP   260827C00773000,20260827,773,C,SELL,-1,0.48,-1.22028,USD,CBOE,EXECUTION
20260827;101356,,742783635,0001938d.6a8fb947.03.01,XSP,XSP   260827C00775000,20260827,775,C,BUY,1,0.1,-1.22028,USD,CBOE,EXECUTION
20260827;162000,,10800137650,,XSP,XSP   260827C00775000,20260827,775,C,BUY,1,0,0,USD,--,EXECUTION
20260827;093353,,742708247,0001938d.6a8fb761.03.01,XSP,XSP   260827C00775000,20260827,775,C,SELL,-1,0.1,-1.22028,USD,CBOE,EXECUTION
20260827;112510,,742866171,0001938d.6a8fbc50.03.01,XSP,XSP   260827C00775000,20260827,775,C,SELL,-1,0.12,-1.22028,USD,CBOE,EXECUTION
20260827;093353,,742709697,0001938d.6a8fb761.02.01,XSP,XSP   260827C00778000,20260827,778,C,BUY,1,0.03,-1.22028,USD,CBOE,EXECUTION
20260827;162000,,10800142808,,XSP,XSP   260827C00778000,20260827,778,C,SELL,-1,0,0,USD,--,EXECUTION
20260827;101151,,742780194,0001938d.6a8fb92b.03.01,XSP,XSP   260827P00761000,20260827,761,P,BUY,1,0.05,-1.22028,USD,CBOE,EXECUTION
20260827;162000,,10800146520,,XSP,XSP   260827P00761000,20260827,761,P,SELL,-1,0,0,USD,--,EXECUTION
20260827;162000,,10800148664,,XSP,XSP   260827P00764000,20260827,764,P,BUY,1,0,0,USD,--,EXECUTION
20260827;101151,,742780193,0001938d.6a8fb92b.02.01,XSP,XSP   260827P00764000,20260827,764,P,SELL,-1,0.08,-1.22028,USD,CBOE,EXECUTION
20260827;093805,,742719118,0001938d.6a8fb783.03.01,XSP,XSP   260827P00765000,20260827,765,P,BUY,1,0.29,-1.22028,USD,CBOE,EXECUTION
20260827;101059,,742779558,0001938d.6a8fb927.03.01,XSP,XSP   260827P00765000,20260827,765,P,BUY,1,0.14,-1.22028,USD,CBOE,EXECUTION
20260827;162000,,10800142832,,XSP,XSP   260827P00765000,20260827,765,P,SELL,-2,0,0,USD,--,EXECUTION
20260827;101213,,742781773,0001938d.6a8fb933.02.01,XSP,XSP   260827P00768000,20260827,768,P,BUY,1,0.45,-1.22028,USD,CBOE,EXECUTION
20260827;162000,,10800146403,,XSP,XSP   260827P00768000,20260827,768,P,BUY,1,0,0,USD,--,EXECUTION
20260827;093805,,742719330,0001938d.6a8fb783.02.01,XSP,XSP   260827P00768000,20260827,768,P,SELL,-1,0.87,-1.22028,USD,CBOE,EXECUTION
20260827;101059,,742779135,0001938d.6a8fb927.02.01,XSP,XSP   260827P00768000,20260827,768,P,SELL,-1,0.44,-1.22028,USD,CBOE,EXECUTION
20260827;162000,,10800143290,,XSP,XSP   260827P00770000,20260827,770,P,BUY,1,0,0,USD,--,EXECUTION
20260827;101213,,742780955,0001938d.6a8fb933.03.01,XSP,XSP   260827P00770000,20260827,770,P,SELL,-1,0.99,-1.22028,USD,CBOE,EXECUTION
20260828;094320,,743269025,0001938d.6a910939.03.01,XSP,XSP   260828C00773000,20260828,773,C,BUY,1,2.57,-1.22028,USD,CBOE,EXECUTION
20260828;093330,,743249438,0001938d.6a9108b3.03.01,XSP,XSP   260828C00773000,20260828,773,C,SELL,-1,1.96,-1.22028,USD,CBOE,EXECUTION
20260828;104420,,743390979,0001938d.6a910bfb.03.01,XSP,XSP   260828C00774000,20260828,774,C,BUY,1,1.83,-1.22028,USD,CBOE,EXECUTION
20260828;100855,,743319768,0001938d.6a910a58.03.01,XSP,XSP   260828C00774000,20260828,774,C,SELL,-1,1.09,-1.22028,USD,CBOE,EXECUTION
20260828;105532,,743411901,0001938d.6a910c71.03.01,XSP,XSP   260828C00775000,20260828,775,C,BUY,1,1.91,-1.22028,USD,CBOE,EXECUTION
20260828;101039,,743321723,0001938d.6a910a66.03.01,XSP,XSP   260828C00775000,20260828,775,C,SELL,-1,0.59,-1.22028,USD,CBOE,EXECUTION
20260828;093330,,743247904,0001938d.6a9108b3.02.01,XSP,XSP   260828C00776000,20260828,776,C,BUY,1,0.66,-1.22028,USD,CBOE,EXECUTION
20260828;100855,,743319128,0001938d.6a910a58.02.01,XSP,XSP   260828C00776000,20260828,776,C,BUY,1,0.43,-1.22028,USD,CBOE,EXECUTION
20260828;094320,,743269327,0001938d.6a910939.02.01,XSP,XSP   260828C00776000,20260828,776,C,SELL,-1,0.92,-1.22028,USD,CBOE,EXECUTION
20260828;104420,,743392789,0001938d.6a910bfb.02.01,XSP,XSP   260828C00776000,20260828,776,C,SELL,-1,0.66,-1.22028,USD,CBOE,EXECUTION
20260828;101039,,743322415,0001938d.6a910a66.02.01,XSP,XSP   260828C00778000,20260828,778,C,BUY,1,0.11,-1.22028,USD,CBOE,EXECUTION
20260828;105532,,743412504,0001938d.6a910c71.02.01,XSP,XSP   260828C00778000,20260828,778,C,SELL,-1,0.35,-1.22028,USD,CBOE,EXECUTION
20260828;162000,,10806164732,,XSP,XSP   260828C00780000,20260828,780,C,BUY,2,0,0,USD,--,EXECUTION
20260828;093247,,743246819,0001938d.6a9108a6.03.01,XSP,XSP   260828C00780000,20260828,780,C,SELL,-1,0.08,-1.22028,USD,CBOE,EXECUTION
20260828;100658,,743314724,0001938d.6a910a35.03.01,XSP,XSP   260828C00780000,20260828,780,C,SELL,-1,0.03,-1.22028,USD,CBOE,EXECUTION
20260828;093247,,743247681,0001938d.6a9108a6.02.01,XSP,XSP   260828C00782000,20260828,782,C,BUY,1,0.04,-1.22028,USD,CBOE,EXECUTION
20260828;162000,,10806147892,,XSP,XSP   260828C00782000,20260828,782,C,SELL,-1,0,0,USD,--,EXECUTION
20260828;100658,,743315161,0001938d.6a910a35.02.01,XSP,XSP   260828C00783000,20260828,783,C,BUY,1,0.02,-1.22028,USD,CBOE,EXECUTION
20260828;162000,,10806162298,,XSP,XSP   260828C00783000,20260828,783,C,SELL,-1,0,0,USD,--,EXECUTION
20260828;093121,,743241839,0001938d.6a910875.03.01,XSP,XSP   260828P00764000,20260828,764,P,BUY,1,0.09,-1.22028,USD,CBOE,EXECUTION
20260828;100559,,743313401,0001938d.6a910a29.03.01,XSP,XSP   260828P00764000,20260828,764,P,BUY,1,0.11,-1.22028,USD,CBOE,EXECUTION
20260828;162000,,10806148420,,XSP,XSP   260828P00764000,20260828,764,P,SELL,-2,0,0,USD,--,EXECUTION
20260828;162000,,10806152830,,XSP,XSP   260828P00766000,20260828,766,P,BUY,2,0,0,USD,--,EXECUTION
20260828;093121,,743243722,0001938d.6a910875.02.01,XSP,XSP   260828P00766000,20260828,766,P,SELL,-1,0.17,-1.22028,USD,CBOE,EXECUTION
20260828;100559,,743312178,0001938d.6a910a29.02.01,XSP,XSP   260828P00766000,20260828,766,P,SELL,-1,0.18,-1.22028,USD,CBOE,EXECUTION
20260828;100914,,743319157,0001938d.6a910a5c.02.01,XSP,XSP   260828P00768000,20260828,768,P,BUY,1,0.33,-1.22028,USD,CBOE,EXECUTION
20260828;162000,,10806135867,,XSP,XSP   260828P00768000,20260828,768,P,SELL,-1,0,0,USD,--,EXECUTION
20260828;093310,,743248524,0001938d.6a9108af.03.01,XSP,XSP   260828P00770000,20260828,770,P,BUY,1,0.63,-1.22028,USD,CBOE,EXECUTION
20260828;162000,,10806161895,,XSP,XSP   260828P00770000,20260828,770,P,BUY,1,0,0,USD,--,EXECUTION
20260828;100914,,743319627,0001938d.6a910a5c.03.01,XSP,XSP   260828P00770000,20260828,770,P,SELL,-1,0.6,-1.22028,USD,CBOE,EXECUTION
20260828;122457,,743525604,0001938d.6a910f50.03.01,XSP,XSP   260828P00770000,20260828,770,P,SELL,-1,0.85,-1.22028,USD,CBOE,EXECUTION
20260828;100751,,743316382,0001938d.6a910a45.03.01,XSP,XSP   260828P00771000,20260828,771,P,BUY,1,0.99,-1.22028,USD,CBOE,EXECUTION
20260828;102118,,743340788,0001938d.6a910aff.03.01,XSP,XSP   260828P00771000,20260828,771,P,SELL,-1,0.56,-1.22028,USD,CBOE,EXECUTION
20260828;122457,,743524925,0001938d.6a910f50.02.01,XSP,XSP   260828P00773000,20260828,773,P,BUY,1,2.31,-1.22028,USD,CBOE,EXECUTION
20260828;093310,,743248879,0001938d.6a9108af.02.01,XSP,XSP   260828P00773000,20260828,773,P,SELL,-1,1.46,-1.22028,USD,CBOE,EXECUTION
20260828;102118,,743340673,0001938d.6a910aff.02.01,XSP,XSP   260828P00774000,20260828,774,P,BUY,1,1.61,-1.22028,USD,CBOE,EXECUTION
20260828;100751,,743317493,0001938d.6a910a45.02.01,XSP,XSP   260828P00774000,20260828,774,P,SELL,-1,2.25,-1.22028,USD,CBOE,EXECUTION
20260831;162000,,10812583337,,XSP,XSP   260831C00769000,20260831,769,C,BUY,1,0,0,USD,--,EXECUTION
20260831;093652,,743822379,0001938d.6a94fd6c.03.01,XSP,XSP   260831C00769000,20260831,769,C,SELL,-1,0.83,-1.22028,USD,CBOE,EXECUTION
20260831;162000,,10812585983,,XSP,XSP   260831C00771000,20260831,771,C,BUY,1,0,0,USD,--,EXECUTION
20260831;093454,,743816417,0001938d.6a94fd47.03.01,XSP,XSP   260831C00771000,20260831,771,C,SELL,-1,0.3,-1.22028,USD,CBOE,EXECUTION
20260831;093652,,743821114,0001938d.6a94fd6c.02.01,XSP,XSP   260831C00772000,20260831,772,C,BUY,1,0.16,-1.22028,USD,CBOE,EXECUTION
20260831;162000,,10812590252,,XSP,XSP   260831C00772000,20260831,772,C,SELL,-1,0,0,USD,--,EXECUTION
20260831;093454,,743815654,0001938d.6a94fd47.02.01,XSP,XSP   260831C00774000,20260831,774,C,BUY,1,0.06,-1.22028,USD,CBOE,EXECUTION
20260831;162000,,10812583655,,XSP,XSP   260831C00774000,20260831,774,C,SELL,-1,0,0,USD,--,EXECUTION
20260831;162000,,10812585814,,XSP,XSP   260831C00775000,20260831,775,C,BUY,1,0,0,USD,--,EXECUTION
20260831;094825,,743849431,0001938d.6a94fde1.02.01,XSP,XSP   260831C00775000,20260831,775,C,SELL,-1,0.03,-1.22028,USD,CBOE,EXECUTION
20260831;094825,,743849020,0001938d.6a94fde1.03.01,XSP,XSP   260831C00778000,20260831,778,C,BUY,1,0.02,-1.22028,USD,CBOE,EXECUTION
20260831;162000,,10812587258,,XSP,XSP   260831C00778000,20260831,778,C,SELL,-1,0,0,USD,--,EXECUTION
20260831;093518,,743815329,0001938d.6a94fd52.03.01,XSP,XSP   260831P00759000,20260831,759,P,BUY,1,0.08,-1.22028,USD,CBOE,EXECUTION
20260831;162000,,10812594333,,XSP,XSP   260831P00759000,20260831,759,P,SELL,-1,0,0,USD,--,EXECUTION
20260831;093432,,743815982,0001938d.6a94fd45.03.01,XSP,XSP   260831P00762000,20260831,762,P,BUY,1,0.13,-1.22028,USD,CBOE,EXECUTION
20260831;093518,,743816234,0001938d.6a94fd52.02.01,XSP,XSP   260831P00762000,20260831,762,P,SELL,-1,0.16,-1.22028,USD,CBOE,EXECUTION
20260831;162000,,10812585925,,XSP,XSP   260831P00764000,20260831,764,P,BUY,1,0,0,USD,--,EXECUTION
20260831;093432,,743813795,0001938d.6a94fd45.02.01,XSP,XSP   260831P00764000,20260831,764,P,SELL,-1,0.26,-1.22028,USD,CBOE,EXECUTION
20260831;093629,,743821999,0001938d.6a94fd65.03.01,XSP,XSP   260831P00766000,20260831,766,P,BUY,1,0.72,-1.22028,USD,CBOE,EXECUTION
20260831;095103,,743856128,0001938d.6a94fdf3.03.01,XSP,XSP   260831P00766000,20260831,766,P,SELL,-1,0.57,-1.22028,USD,CBOE,EXECUTION
20260831;093349,,743812435,0001938d.6a94fd40.03.01,XSP,XSP   260831P00768000,20260831,768,P,BUY,1,1.15,-1.22028,USD,CBOE,EXECUTION
20260831;093715,,743822182,0001938d.6a94fd74.02.01,XSP,XSP   260831P00768000,20260831,768,P,BUY,1,1.43,-1.22028,USD,CBOE,EXECUTION
20260831;094837,,743849052,0001938d.6a94fde2.03.01,XSP,XSP   260831P00768000,20260831,768,P,SELL,-1,1.2,-1.22028,USD,CBOE,EXECUTION
20260831;094851,,743849138,0001938d.6a94fde4.02.01,XSP,XSP   260831P00768000,20260831,768,P,SELL,-1,1.19,-1.22028,USD,CBOE,EXECUTION
20260831;095103,,743854138,0001938d.6a94fdf3.02.01,XSP,XSP   260831P00769000,20260831,769,P,BUY,1,1.89,-1.22028,USD,CBOE,EXECUTION
20260831;093629,,743819406,0001938d.6a94fd65.02.01,XSP,XSP   260831P00769000,20260831,769,P,SELL,-1,1.99,-1.22028,USD,CBOE,EXECUTION
20260831;094851,,743849469,0001938d.6a94fde4.03.01,XSP,XSP   260831P00770000,20260831,770,P,BUY,1,2.44,-1.22028,USD,CBOE,EXECUTION
20260831;093715,,743822577,0001938d.6a94fd74.03.01,XSP,XSP   260831P00770000,20260831,770,P,SELL,-1,2.6,-1.22028,USD,CBOE,EXECUTION
20260831;094837,,743849037,0001938d.6a94fde2.02.01,XSP,XSP   260831P00771000,20260831,771,P,BUY,1,3.25,-1.22028,USD,CBOE,EXECUTION
20260831;093349,,743812354,0001938d.6a94fd40.02.01,XSP,XSP   260831P00771000,20260831,771,P,SELL,-1,2.92,-1.22028,USD,CBOE,EXECUTION
20260901;102000,,744535468,0001938d.6a964ff7.03.01,XSP,XSP   260901C00764000,20260901,764,C,BUY,1,1.61,-1.22028,USD,CBOE,EXECUTION
20260901;100836,,744507228,0001938d.6a964f87.03.01,XSP,XSP   260901C00764000,20260901,764,C,SELL,-1,1.27,-1.22028,USD,CBOE,EXECUTION
20260901;100836,,744507009,0001938d.6a964f87.02.01,XSP,XSP   260901C00766000,20260901,766,C,BUY,1,0.42,-1.22028,USD,CBOE,EXECUTION
20260901;102000,,744535780,0001938d.6a964ff7.02.01,XSP,XSP   260901C00766000,20260901,766,C,SELL,-1,0.55,-1.22028,USD,CBOE,EXECUTION
20260901;162000,,10818645070,,XSP,XSP   260901C00768000,20260901,768,C,BUY,1,0,0,USD,--,EXECUTION
20260901;093339,,744420400,0001938d.6a964e90.03.01,XSP,XSP   260901C00768000,20260901,768,C,SELL,-1,0.13,-1.22028,USD,CBOE,EXECUTION
20260901;093339,,744421023,0001938d.6a964e90.02.01,XSP,XSP   260901C00771000,20260901,771,C,BUY,1,0.04,-1.22028,USD,CBOE,EXECUTION
20260901;162000,,10818665799,,XSP,XSP   260901C00771000,20260901,771,C,SELL,-1,0,0,USD,--,EXECUTION
20260901;162000,,10818650407,,XSP,XSP   260901C00772000,20260901,772,C,BUY,1,0,0,USD,--,EXECUTION
20260901;101039,,744512595,0001938d.6a964f90.03.01,XSP,XSP   260901C00772000,20260901,772,C,SELL,-1,0.02,-1.22028,USD,CBOE,EXECUTION
20260901;101039,,744512378,0001938d.6a964f90.02.01,XSP,XSP   260901C00774000,20260901,774,C,BUY,1,0.01,-1.22028,USD,CBOE,EXECUTION
20260901;162000,,10818653694,,XSP,XSP   260901C00774000,20260901,774,C,SELL,-1,0,0,USD,--,EXECUTION
20260901;093100,,744405675,0001938d.6a964e3e.03.01,XSP,XSP   260901P00758000,20260901,758,P,BUY,1,0.22,-1.22028,USD,CBOE,EXECUTION
20260901;162000,,10818658953,,XSP,XSP   260901P00758000,20260901,758,P,SELL,-1,0,0,USD,--,EXECUTION
20260901;162000,,10818662106,,XSP,XSP   260901P00761000,20260901,761,P,BUY,1,0,0,USD,--,EXECUTION
20260901;093100,,744405490,0001938d.6a964e3e.02.01,XSP,XSP   260901P00761000,20260901,761,P,SELL,-1,0.65,-1.22028,USD,CBOE,EXECUTION
20260901;100703,,744501967,0001938d.6a964f77.03.01,XSP,XSP   260901P00762000,20260901,762,P,BUY,1,0.32,-1.22028,USD,CBOE,EXECUTION
20260901;124202,,744725553,0001938d.6a9652ed.03.01,XSP,XSP   260901P00762000,20260901,762,P,SELL,-1,0.25,-1.22028,USD,CBOE,EXECUTION
20260901;124202,,744725548,0001938d.6a9652ed.02.01,XSP,XSP   260901P00764000,20260901,764,P,BUY,1,0.85,-1.22028,USD,CBOE,EXECUTION
20260901;100703,,744501879,0001938d.6a964f77.02.01,XSP,XSP   260901P00764000,20260901,764,P,SELL,-1,0.86,-1.22028,USD,CBOE,EXECUTION
20260901;100858,,744507573,0001938d.6a964f89.03.01,XSP,XSP   260901P00765000,20260901,765,P,BUY,1,1.37,-1.22028,USD,CBOE,EXECUTION
20260901;101753,,744531153,0001938d.6a964fe1.03.01,XSP,XSP   260901P00765000,20260901,765,P,SELL,-1,1.01,-1.22028,USD,CBOE,EXECUTION
20260901;093230,,744413839,0001938d.6a964e7c.03.01,XSP,XSP   260901P00766000,20260901,766,P,BUY,1,3.18,-1.22028,USD,CBOE,EXECUTION
20260901;100131,,744489183,0001938d.6a964f54.03.01,XSP,XSP   260901P00766000,20260901,766,P,SELL,-1,2.22,-1.22028,USD,CBOE,EXECUTION
20260901;100131,,744488021,0001938d.6a964f54.02.01,XSP,XSP   260901P00768000,20260901,768,P,BUY,1,4.22,-1.22028,USD,CBOE,EXECUTION
20260901;101753,,744530769,0001938d.6a964fe1.02.01,XSP,XSP   260901P00768000,20260901,768,P,BUY,1,3.37,-1.22028,USD,CBOE,EXECUTION
20260901;093230,,744413370,0001938d.6a964e7c.02.01,XSP,XSP   260901P00768000,20260901,768,P,SELL,-1,4.34,-1.22028,USD,CBOE,EXECUTION
20260901;100858,,744507320,0001938d.6a964f89.02.01,XSP,XSP   260901P00768000,20260901,768,P,SELL,-1,3.5,-1.22028,USD,CBOE,EXECUTION
20260902;094230,,745020018,0001938d.6a97a204.03.01,XSP,XSP   260902C00763000,20260902,763,C,BUY,1,1.95,-1.22028,USD,CBOE,EXECUTION
20260902;093447,,745001227,0001938d.6a97a0b6.03.01,XSP,XSP   260902C00763000,20260902,763,C,SELL,-1,1.76,-1.22028,USD,CBOE,EXECUTION
20260902;093447,,745001739,0001938d.6a97a0b6.02.01,XSP,XSP   260902C00766000,20260902,766,C,BUY,1,0.43,-1.22028,USD,CBOE,EXECUTION
20260902;102439,,745120753,0001938d.6a97a548.03.01,XSP,XSP   260902C00766000,20260902,766,C,BUY,1,1.62,-1.22028,USD,CBOE,EXECUTION
20260902;094230,,745020389,0001938d.6a97a204.02.01,XSP,XSP   260902C00766000,20260902,766,C,SELL,-1,0.43,-1.22028,USD,CBOE,EXECUTION
20260902;100700,,745079469,0001938d.6a97a3d5.03.01,XSP,XSP   260902C00766000,20260902,766,C,SELL,-1,0.85,-1.22028,USD,CBOE,EXECUTION
20260902;100700,,745080082,0001938d.6a97a3d5.02.01,XSP,XSP   260902C00768000,20260902,768,C,BUY,1,0.24,-1.22028,USD,CBOE,EXECUTION
20260902;102439,,745119746,0001938d.6a97a548.02.01,XSP,XSP   260902C00768000,20260902,768,C,SELL,-1,0.56,-1.22028,USD,CBOE,EXECUTION
20260902;162000,,10824811519,,XSP,XSP   260902C00770000,20260902,770,C,BUY,1,0,0,USD,--,EXECUTION
20260902;100800,,745083493,0001938d.6a97a3df.03.01,XSP,XSP   260902C00770000,20260902,770,C,SELL,-1,0.06,-1.22028,USD,CBOE,EXECUTION
20260902;162000,,10824806736,,XSP,XSP   260902C00771000,20260902,771,C,BUY,1,0,0,USD,--,EXECUTION
20260902;100436,,745073102,0001938d.6a97a3be.03.01,XSP,XSP   260902C00771000,20260902,771,C,SELL,-1,0.03,-1.22028,USD,CBOE,EXECUTION
20260902;100800,,745083489,0001938d.6a97a3df.02.01,XSP,XSP   260902C00772000,20260902,772,C,BUY,1,0.03,-1.22028,USD,CBOE,EXECUTION
20260902;162000,,10824814609,,XSP,XSP   260902C00772000,20260902,772,C,SELL,-1,0,0,USD,--,EXECUTION
20260902;100436,,745073094,0001938d.6a97a3be.02.01,XSP,XSP   260902C00774000,20260902,774,C,BUY,1,0.02,-1.22028,USD,CBOE,EXECUTION
20260902;162000,,10824814810,,XSP,XSP   260902C00774000,20260902,774,C,SELL,-1,0,0,USD,--,EXECUTION
20260902;093145,,744992303,0001938d.6a979fad.02.01,XSP,XSP   260902P00752000,20260902,752,P,BUY,1,0.03,-1.22028,USD,CBOE,EXECUTION
20260902;162000,,10824802342,,XSP,XSP   260902P00752000,20260902,752,P,SELL,-1,0,0,USD,--,EXECUTION
20260902;100558,,745076801,0001938d.6a97a3c9.03.01,XSP,XSP   260902P00755000,20260902,755,P,BUY,1,0.03,-1.22028,USD,CBOE,EXECUTION
20260902;093145,,744992978,0001938d.6a979fad.03.01,XSP,XSP   260902P00755000,20260902,755,P,SELL,-1,0.04,-1.22028,USD,CBOE,EXECUTION
20260902;162000,,10824806840,,XSP,XSP   260902P00758000,20260902,758,P,BUY,1,0,0,USD,--,EXECUTION
20260902;100558,,745078976,0001938d.6a97a3c9.02.01,XSP,XSP   260902P00758000,20260902,758,P,SELL,-1,0.04,-1.22028,USD,CBOE,EXECUTION
20260902;093229,,744997981,0001938d.6a979fcb.03.01,XSP,XSP   260902P00760000,20260902,760,P,BUY,1,0.27,-1.22028,USD,CBOE,EXECUTION
20260902;162000,,10824802569,,XSP,XSP   260902P00760000,20260902,760,P,SELL,-1,0,0,USD,--,EXECUTION
20260902;162000,,10824817700,,XSP,XSP   260902P00763000,20260902,763,P,BUY,1,0,0,USD,--,EXECUTION
20260902;093229,,744995738,0001938d.6a979fcb.02.01,XSP,XSP   260902P00763000,20260902,763,P,SELL,-1,0.92,-1.22028,USD,CBOE,EXECUTION
20260903;113823,,745768024,0001938d.6a98f678.03.01,XSP,XSP   260903C00774000,20260903,774,C,BUY,1,1.07,-1.22028,USD,CBOE,EXECUTION
20260903;093123,,745523394,0001938d.6a98f162.03.01,XSP,XSP   260903C00774000,20260903,774,C,SELL,-1,0.09,-1.22028,USD,CBOE,EXECUTION
20260903;093123,,745525259,0001938d.6a98f162.02.01,XSP,XSP   260903C00776000,20260903,776,C,BUY,1,0.04,-1.22028,USD,CBOE,EXECUTION
20260903;113823,,745767791,0001938d.6a98f678.02.01,XSP,XSP   260903C00776000,20260903,776,C,SELL,-1,0.28,-1.22028,USD,CBOE,EXECUTION
20260903;162000,,10832815784,,XSP,XSP   260903C00778000,20260903,778,C,BUY,1,0,0,USD,--,EXECUTION
20260903;111555,,745740805,0001938d.6a98f5d2.02.01,XSP,XSP   260903C00778000,20260903,778,C,SELL,-1,0.03,-1.22028,USD,CBOE,EXECUTION
20260903;111555,,745740813,0001938d.6a98f5d2.03.01,XSP,XSP   260903C00780000,20260903,780,C,BUY,1,0.02,-1.22028,USD,CBOE,EXECUTION
20260903;162000,,10832799801,,XSP,XSP   260903C00780000,20260903,780,C,SELL,-1,0,0,USD,--,EXECUTION
20260903;093427,,745534830,0001938d.6a98f18a.03.01,XSP,XSP   260903P00760000,20260903,760,P,BUY,1,0.03,-1.22028,USD,CBOE,EXECUTION
20260903;162000,,10832807121,,XSP,XSP   260903P00760000,20260903,760,P,SELL,-1,0,0,USD,--,EXECUTION
20260903;093840,,745545951,0001938d.6a98f1d3.02.01,XSP,XSP   260903P00762000,20260903,762,P,BUY,1,0.06,-1.22028,USD,CBOE,EXECUTION
20260903;093427,,745535310,0001938d.6a98f18a.02.01,XSP,XSP   260903P00762000,20260903,762,P,SELL,-1,0.05,-1.22028,USD,CBOE,EXECUTION
20260903;093206,,745529526,0001938d.6a98f169.03.01,XSP,XSP   260903P00764000,20260903,764,P,BUY,1,0.13,-1.22028,USD,CBOE,EXECUTION
20260903;162000,,10832815542,,XSP,XSP   260903P00764000,20260903,764,P,SELL,-1,0,0,USD,--,EXECUTION
20260903;162000,,10832807112,,XSP,XSP   260903P00765000,20260903,765,P,BUY,1,0,0,USD,--,EXECUTION
20260903;093840,,745546005,0001938d.6a98f1d3.03.01,XSP,XSP   260903P00765000,20260903,765,P,SELL,-1,0.11,-1.22028,USD,CBOE,EXECUTION
20260903;162000,,10832803274,,XSP,XSP   260903P00766000,20260903,766,P,BUY,1,0,0,USD,--,EXECUTION
20260903;093206,,745528341,0001938d.6a98f169.02.01,XSP,XSP   260903P00766000,20260903,766,P,SELL,-1,0.26,-1.22028,USD,CBOE,EXECUTION
20260903;094002,,745548718,0001938d.6a98f1e8.02.01,XSP,XSP   260903P00768000,20260903,768,P,BUY,1,0.35,-1.22028,USD,CBOE,EXECUTION
20260903;101530,,745634890,0001938d.6a98f391.02.01,XSP,XSP   260903P00768000,20260903,768,P,SELL,-1,0.39,-1.22028,USD,CBOE,EXECUTION
20260903;101530,,745634329,0001938d.6a98f391.03.01,XSP,XSP   260903P00770000,20260903,770,P,BUY,1,0.97,-1.22028,USD,CBOE,EXECUTION
20260903;094002,,745549868,0001938d.6a98f1e8.03.01,XSP,XSP   260903P00770000,20260903,770,P,SELL,-1,0.75,-1.22028,USD,CBOE,EXECUTION
20260904;162000,,10838668869,,XSP,XSP   260904C00774000,20260904,774,C,BUY,1,0,0,USD,--,EXECUTION
20260904;100858,,746139629,0001938d.6a9a44cd.03.01,XSP,XSP   260904C00774000,20260904,774,C,SELL,-1,0.72,-1.22028,USD,CBOE,EXECUTION
20260904;162000,,10838687846,,XSP,XSP   260904C00775000,20260904,775,C,BUY,2,0,0,USD,--,EXECUTION
20260904;093521,,746080052,0001938d.6a9a4349.03.01,XSP,XSP   260904C00775000,20260904,775,C,SELL,-1,0.91,-1.22028,USD,CBOE,EXECUTION
20260904;101039,,746143088,0001938d.6a9a44e2.03.01,XSP,XSP   260904C00775000,20260904,775,C,SELL,-1,0.3,-1.22028,USD,CBOE,EXECUTION
20260904;100858,,746140202,0001938d.6a9a44cd.02.01,XSP,XSP   260904C00776000,20260904,776,C,BUY,1,0.19,-1.22028,USD,CBOE,EXECUTION
20260904;162000,,10838668909,,XSP,XSP   260904C00776000,20260904,776,C,SELL,-1,0,0,USD,--,EXECUTION
20260904;093521,,746081566,0001938d.6a9a4349.02.01,XSP,XSP   260904C00778000,20260904,778,C,BUY,1,0.17,-1.22028,USD,CBOE,EXECUTION
20260904;101039,,746142035,0001938d.6a9a44e2.02.01,XSP,XSP   260904C00778000,20260904,778,C,BUY,1,0.05,-1.22028,USD,CBOE,EXECUTION
20260904;162000,,10838679573,,XSP,XSP   260904C00778000,20260904,778,C,SELL,-2,0,0,USD,--,EXECUTION
20260904;162000,,10838677417,,XSP,XSP   260904C00782000,20260904,782,C,BUY,2,0,0,USD,--,EXECUTION
20260904;093251,,746074590,0001938d.6a9a4315.03.01,XSP,XSP   260904C00782000,20260904,782,C,SELL,-1,0.02,-1.22028,USD,CBOE,EXECUTION
20260904;093458,,746081471,0001938d.6a9a433f.03.01,XSP,XSP   260904C00782000,20260904,782,C,SELL,-1,0.02,-1.22028,USD,CBOE,EXECUTION
20260904;093251,,746076064,0001938d.6a9a4315.02.01,XSP,XSP   260904C00784000,20260904,784,C,BUY,1,0.01,-1.22028,USD,CBOE,EXECUTION
20260904;093458,,746080559,0001938d.6a9a433f.02.01,XSP,XSP   260904C00784000,20260904,784,C,BUY,1,0.01,-1.22028,USD,CBOE,EXECUTION
20260904;162000,,10838682281,,XSP,XSP   260904C00784000,20260904,784,C,SELL,-2,0,0,USD,--,EXECUTION
20260904;100643,,746136812,0001938d.6a9a44b7.03.01,XSP,XSP   260904P00764000,20260904,764,P,BUY,1,0.04,-1.22028,USD,CBOE,EXECUTION
20260904;100748,,746138442,0001938d.6a9a44c0.03.01,XSP,XSP   260904P00764000,20260904,764,P,BUY,1,0.04,-1.22028,USD,CBOE,EXECUTION
20260904;162000,,10838668841,,XSP,XSP   260904P00764000,20260904,764,P,SELL,-2,0,0,USD,--,EXECUTION
20260904;100917,,746141233,0001938d.6a9a44cf.03.01,XSP,XSP   260904P00765000,20260904,765,P,BUY,1,0.05,-1.22028,USD,CBOE,EXECUTION
20260904;162000,,10838667765,,XSP,XSP   260904P00765000,20260904,765,P,SELL,-1,0,0,USD,--,EXECUTION
20260904;093204,,746073249,0001938d.6a9a4300.03.01,XSP,XSP   260904P00766000,20260904,766,P,BUY,1,0.08,-1.22028,USD,CBOE,EXECUTION
20260904;162000,,10838667779,,XSP,XSP   260904P00766000,20260904,766,P,BUY,1,0,0,USD,--,EXECUTION
20260904;100643,,746136806,0001938d.6a9a44b7.02.01,XSP,XSP   260904P00766000,20260904,766,P,SELL,-1,0.05,-1.22028,USD,CBOE,EXECUTION
20260904;100748,,746138434,0001938d.6a9a44c0.02.01,XSP,XSP   260904P00766000,20260904,766,P,SELL,-1,0.05,-1.22028,USD,CBOE,EXECUTION
20260904;162000,,10838679517,,XSP,XSP   260904P00768000,20260904,768,P,BUY,2,0,0,USD,--,EXECUTION
20260904;093204,,746074191,0001938d.6a9a4300.02.01,XSP,XSP   260904P00768000,20260904,768,P,SELL,-1,0.13,-1.22028,USD,CBOE,EXECUTION
20260904;100917,,746140613,0001938d.6a9a44cf.02.01,XSP,XSP   260904P00768000,20260904,768,P,SELL,-1,0.1,-1.22028,USD,CBOE,EXECUTION
20260904;100835,,746139555,0001938d.6a9a44ca.03.01,XSP,XSP   260904P00771000,20260904,771,P,BUY,1,0.39,-1.22028,USD,CBOE,EXECUTION
20260904;102334,,746161507,0001938d.6a9a45b4.03.01,XSP,XSP   260904P00771000,20260904,771,P,SELL,-1,0.49,-1.22028,USD,CBOE,EXECUTION
20260904;093351,,746077341,0001938d.6a9a432f.02.01,XSP,XSP   260904P00772000,20260904,772,P,BUY,1,0.62,-1.22028,USD,CBOE,EXECUTION
20260904;094333,,746097156,0001938d.6a9a439a.02.01,XSP,XSP   260904P00772000,20260904,772,P,SELL,-1,0.58,-1.22028,USD,CBOE,EXECUTION
20260904;102334,,746161704,0001938d.6a9a45b4.02.01,XSP,XSP   260904P00774000,20260904,774,P,BUY,1,1.84,-1.22028,USD,CBOE,EXECUTION
20260904;100835,,746138937,0001938d.6a9a44ca.02.01,XSP,XSP   260904P00774000,20260904,774,P,SELL,-1,1.4,-1.22028,USD,CBOE,EXECUTION
20260904;094333,,746096372,0001938d.6a9a439a.03.01,XSP,XSP   260904P00775000,20260904,775,P,BUY,1,1.88,-1.22028,USD,CBOE,EXECUTION
20260904;093351,,746078646,0001938d.6a9a432f.03.01,XSP,XSP   260904P00775000,20260904,775,P,SELL,-1,1.76,-1.22028,USD,CBOE,EXECUTION
