2026-07-15 18:12:05	TRADE OPENED · sell_0dte_gamma	P-spread 25pt x1 07/15 · net credit 0.65 · collateral $2,435 · paper_20260715_1212
2026-07-15 19:20:24	TRADE OPENED · cr0_fade (D)	CR0 first-touch fade (short call spread): vertical 25pt, net credit 6.40, coll $1,860 — touched 7550 below
2026-07-16 08:19:33	⚠ OPTIONS DESK — GATEWAY, FEED, GAMEPLAN, DAEMON DOWN	GATEWAY: NO CONNECT (ConnectionRefusedError) · FEED: state=closed · GAMEPLAN: no gameplan_20260716.json · DAEMON: NOT running
2026-07-16 08:53:43	⚠ OPTIONS DESK — FEED, GAMEPLAN, DAEMON DOWN	FEED: state=closed · GAMEPLAN: no gameplan_20260716.json · DAEMON: NOT running
2026-07-16 15:30:19	⚠ OPTIONS DESK — DAEMON DOWN	DAEMON: NOT running
2026-07-16 15:40:01	✓ Options desk healthy	FEED spx 7542.45 @ 08:39:57 (4s old) · LEVELS CR 7600.0 PS0 7555.0 · src 2026-07-15T20:00 · GAMEPLAN 7 triggers armed
2026-07-16 15:47:16	✓ Options desk healthy	FEED spx 7540.05 @ 08:47:16 (0s old) · LEVELS CR 7600.0 PS0 7555.0 · src 2026-07-15T20:00 · GAMEPLAN 7 triggers armed
2026-07-16 15:48:37	TRADE OPENED · straddle_0dte (B)	Long ATM Straddle (0DTE): straddle, net debit 31.70, coll $3,170 — broke below 7535 (regime flip)
2026-07-16 15:59:53	⚠ Options desk — attention needed	6/8 steps green · 0 fired · 2 NEED ATTENTION
2026-07-16 16:00:19	TRADE OPENED · sell_0dte_gamma (D)	0DTE Put Credit Spread @ PS0: vertical 25pt, net credit 9.90, coll $1,510 — reached 09:00 (no tag), regime positive_gamma
2026-07-16 16:00:44	TRADE OPENED · sell_0dte_gamma (B-)	0DTE Call Credit Spread @ CR0: vertical 25pt, net credit 0.35, coll $2,465 — reached 09:00 (no tag), regime positive_gamma
2026-07-16 16:01:06	✓ Options desk healthy	FEED spx 7549.6 @ 09:01:04 (2s old) · LEVELS CR 7600.0 PS0 7555.0 · src 2026-07-15T20:00 · GAMEPLAN 7 triggers armed
2026-07-16 16:01:22	TRADE OPENED · fly_gw_0dte (B)	0DTE Call Butterfly @ GW0: butterfly 50pt, net debit 2.55, coll $255 — reached 09:00, regime positive_gamma
2026-07-16 16:06:26	TRADE OPENED · ps0_fade (B)	PS0 first-touch fade (short put spread): vertical 25pt, net credit 7.90, coll $1,710 — touched 7555 above
2026-07-16 22:20:02	⚠ Options desk — attention needed	7/8 steps green · 5 fired · 1 NEED ATTENTION
2026-07-17 11:07:26	⚠ Options desk — attention needed	0/8 steps green · 0 fired · 7 NEED ATTENTION
2026-07-17 11:23:06	⚠ OPTIONS DESK — DAEMON DOWN	DAEMON: NOT running
2026-07-17 15:40:02	✓ Options desk healthy	FEED spx 7441.4 @ 08:39:59 (3s old) · LEVELS CR 7600.0 PS0 7520.0 · src 2026-07-16T20:00 · GAMEPLAN 7 triggers armed
2026-07-17 22:20:04	⚠ Options desk — attention needed	7/8 steps green · 0 fired · 1 NEED ATTENTION
2026-07-19 17:58:58	⚠ Options desk — attention needed	2/8 steps green · 0 fired · 6 NEED ATTENTION
2026-07-19 18:00:26	⚠ Options desk — attention needed	3/8 steps green · 0 fired · 5 NEED ATTENTION
2026-07-19 18:23:57	⚠ OPTIONS DESK — FEED, DAEMON DOWN	FEED: state=closed · DAEMON: NOT running
2026-07-19 18:24:00	⚠ Options desk — attention needed	7/8 steps green · 0 fired · 1 NEED ATTENTION
2026-07-19 18:55:47	⚠ OPTIONS DESK — FEED, LEVELS, DAEMON DOWN	FEED: state=closed · LEVELS: CR 7700.0 PS0 7490.0 · src 2026-07-17T20:00 STALE-SOURCE · DAEMON: NOT running
2026-07-20 15:40:02	⚠ OPTIONS DESK — LEVELS DOWN	LEVELS: CR 7700.0 PS0 7490.0 · src 2026-07-17T20:00
2026-07-20 15:48:55	⚠ OPTIONS DESK — LEVELS DOWN	LEVELS: CR 7700.0 PS0 7490.0 · src 2026-07-17T20:00
2026-07-20 15:49:17	✓ Options desk healthy	FEED spx 7502.5 @ 08:49:16 (1s old) · LEVELS CR 7700.0 PS0 7490.0 · src 2026-07-17T20:00 · GAMEPLAN 7 triggers armed
2026-07-20 15:49:30	✓ Options desk healthy	FEED spx 7501.3 @ 08:49:26 (4s old) · LEVELS CR 7700.0 PS0 7490.0 · src 2026-07-17T20:00 · GAMEPLAN 7 triggers armed
2026-07-20 15:53:34	TRADE OPENED · ps0_fade (D)	PS0 first-touch fade (short put spread): vertical 25pt, net credit 7.80, coll $1,720 — touched 7490 above
2026-07-20 15:53:49	TRADE CLOSED · ps0_fade ($-31)	PS0 first-touch fade (short put spread): regime flip: spot 7489 crossed BELOW HVL 7540 — this structure needs the pin and the pin is gone
2026-07-20 16:02:12	TRADE OPENED · straddle_0dte (B)	Long ATM Straddle (0DTE) — gap-armed: straddle, net debit 31.00, coll $3,100 — reached 09:00, regime negative_gamma
2026-07-20 21:45:48	TRADE CLOSED · straddle_0dte ($-636)	Long ATM Straddle (0DTE) — gap-armed: time stop 14:45 CT — flat before the 0DTE gamma cliff
2026-07-20 22:20:02	⚠ Options desk — attention needed	7/8 steps green · 2 fired · 1 NEED ATTENTION
2026-07-21 15:40:03	✓ Options desk healthy	FEED spx 7477.35 @ 08:39:57 (5s old) · LEVELS CR 7600.0 PS0 7410.0 · src 2026-07-20T20:00 · GAMEPLAN 7 triggers armed
2026-07-21 16:00:14	TRADE OPENED · straddle_0dte (B)	Long ATM Straddle (0DTE) — gap-armed: straddle, net debit 28.00, coll $2,800 — reached 09:00, regime negative_gamma
2026-07-21 22:20:04	⚠ Options desk — attention needed	7/8 steps green · 1 fired · 1 NEED ATTENTION
2026-07-22 15:40:03	✓ Options desk healthy	FEED spx 7498.4 @ 08:40:01 (1s old) · LEVELS CR 7600.0 PS0 7450.0 · src 2026-07-21T20:00 · GAMEPLAN 7 triggers armed
2026-07-22 16:01:19	TRADE OPENED · straddle_0dte (B)	Long ATM Straddle (0DTE) — gap-armed: straddle, net debit 23.00, coll $2,300 — reached 09:00, regime negative_gamma
2026-07-22 16:05:14	STOOD DOWN · sell_0dte_gamma [thin_credit]	0DTE Call Credit Spread @ CR0: credit 0.70 < playbook minimum 0.80 — would risk $2,430 to make $70
2026-07-22 17:21:27	TRADE OPENED · fly_gw_0dte (B)	0DTE Call Butterfly @ GW0: butterfly 50pt, net debit 3.45, coll $345 — reached 09:00, regime positive_gamma
2026-07-22 17:21:55	TRADE CLOSED · straddle_0dte ($-641)	Long ATM Straddle (0DTE) — gap-armed: regime reclaim since entry: spot 7515 back ABOVE HVL 7515 — long vol wanted negative gamma; thesis over
2026-07-22 17:23:33	TRADE CLOSED · fly_gw_0dte ($-31)	0DTE Call Butterfly @ GW0: regime flip since entry: spot 7515 crossed BELOW HVL 7515 — this structure needed the pin and the pin is gone
2026-07-22 22:20:05	⚠ Options desk — attention needed	7/8 steps green · 3 fired · 1 NEED ATTENTION
2026-07-23 15:40:02	✓ Options desk healthy	FEED spx 7440.35 @ 08:40:01 (1s old) · LEVELS CR 7600.0 PS0 7525.0 · src 2026-07-22T20:00 · GAMEPLAN 7 triggers armed
2026-07-23 16:01:31	TRADE OPENED · straddle_0dte (B)	Long ATM Straddle (0DTE) — gap-armed: straddle, net debit 38.10, coll $3,810 — reached 09:00, regime negative_gamma
2026-07-23 21:47:14	TRADE CLOSED · straddle_0dte ($804)	Long ATM Straddle (0DTE) — gap-armed: time stop 14:45 CT — flat before the 0DTE gamma cliff
2026-07-23 22:20:05	⚠ Options desk — attention needed	7/8 steps green · 1 fired · 1 NEED ATTENTION
2026-07-24 15:40:02	✓ Options desk healthy	FEED spx 7414.8 @ 08:39:58 (4s old) · LEVELS CR 7600.0 PS0 7400.0 · src 2026-07-23T20:00 · GAMEPLAN 7 triggers armed
2026-07-24 15:55:40	TRADE OPENED · ps0_fade (D)	PS0 first-touch fade (short put spread): vertical 25pt, net credit 8.80, coll $1,620 — touched 7400 above
2026-07-24 16:02:00	TRADE OPENED · straddle_0dte (B)	Long ATM Straddle (0DTE) — gap-armed: straddle, net debit 31.30, coll $3,130 — reached 09:00, regime negative_gamma
2026-07-24 21:45:29	TRADE CLOSED · ps0_fade ($719)	PS0 first-touch fade (short put spread): time stop 14:45 CT — flat before the 0DTE gamma cliff
2026-07-24 21:53:02	TRADE CLOSED · straddle_0dte ($-2,466)	Long ATM Straddle (0DTE) — gap-armed: time stop 14:45 CT — flat before the 0DTE gamma cliff
2026-07-24 22:20:05	✓ Options desk ran clean	8/8 steps green · 2 fired
2026-07-27 15:40:02	✓ Options desk healthy	FEED spx 7473.55 @ 08:40:00 (2s old) · LEVELS CR 7600.0 PS0 7450.0 · src 2026-07-24T20:00 · GAMEPLAN 7 triggers armed
2026-07-27 16:00:28	TRADE OPENED · straddle_0dte (B)	Long ATM Straddle (0DTE) — gap-armed: straddle, net debit 33.20, coll $3,320 — reached 09:00, regime negative_gamma
2026-07-27 22:20:05	⚠ Options desk — attention needed	7/8 steps green · 1 fired · 1 NEED ATTENTION
2026-07-28 15:40:02	✓ Options desk healthy	FEED spx 7402.05 @ 08:39:59 (3s old) · LEVELS CR 7600.0 PS0 7400.0 · src 2026-07-27T20:00 · GAMEPLAN 7 triggers armed
2026-07-28 15:51:29	TRADE OPENED · ps0_fade (D)	PS0 first-touch fade (short put spread): vertical 25pt, net credit 9.70, coll $1,530 — touched 7400 above
2026-07-28 16:00:33	TRADE OPENED · straddle_0dte (B)	Long ATM Straddle (0DTE) — gap-armed: straddle, net debit 36.60, coll $3,660 — reached 09:00, regime negative_gamma
2026-07-28 16:21:14	TRADE CLOSED · ps0_fade ($-1)	PS0 first-touch fade (short put spread): level ACCEPTED: spot 7393 held below the 7400 short strike for 12min (>10) — the wall we sold did not hold
2026-07-28 22:20:05	⚠ Options desk — attention needed	7/8 steps green · 2 fired · 1 NEED ATTENTION
2026-07-29 15:40:02	✓ Options desk healthy	FEED spx 7423.0 @ 08:40:00 (2s old) · LEVELS CR 7600.0 PS0 7300.0 · src 2026-07-28T20:00 · GAMEPLAN 7 triggers armed
2026-07-29 16:00:24	TRADE OPENED · straddle_0dte (B)	Long ATM Straddle (0DTE) — gap-armed: straddle, net debit 55.80, coll $5,580 — reached 09:00, regime negative_gamma
2026-07-29 22:20:05	✓ Options desk ran clean	8/8 steps green · 1 fired
2026-07-30 15:40:03	✓ Options desk healthy	FEED spx 7376.2 @ 08:39:58 (5s old) · LEVELS CR 7700.0 PS0 7300.0 · src 2026-07-29T20:00 · GAMEPLAN 7 triggers armed
2026-07-30 16:00:16	TRADE OPENED · straddle_0dte (B)	Long ATM Straddle (0DTE) — gap-armed: straddle, net debit 36.20, coll $3,620 — reached 09:00, regime negative_gamma
2026-07-30 21:45:39	TRADE CLOSED · straddle_0dte ($-326)	Long ATM Straddle (0DTE) — gap-armed: time stop 14:45 CT — flat before the 0DTE gamma cliff
2026-07-30 22:20:04	✓ Options desk ran clean	8/8 steps green · 1 fired
2026-07-31 15:40:02	✓ Options desk healthy	FEED spx 7464.7 @ 08:39:59 (3s old) · LEVELS CR 7700.0 PS0 7400.0 · src 2026-07-30T20:00 · GAMEPLAN 7 triggers armed
2026-07-31 16:35:10	TRADE OPENED · straddle_0dte (B)	Long ATM Straddle (0DTE) — gap-armed: straddle, net debit 36.70, coll $3,670 — reached 09:00, regime negative_gamma
2026-07-31 19:24:29	TRADE CLOSED · straddle_0dte ($1,684)	Long ATM Straddle (0DTE) — gap-armed: regime reclaim since entry: spot 7481 back ABOVE HVL 7480 — long vol wanted negative gamma; thesis over
2026-07-31 21:21:30	TRADE OPENED · cr0_fade (B)	CR0 first-touch fade (short call spread): vertical 25pt, net credit 5.70, coll $1,930 — touched 7500 below
2026-07-31 21:45:46	TRADE CLOSED · cr0_fade ($-286)	CR0 first-touch fade (short call spread): time stop 14:45 CT — flat before the 0DTE gamma cliff
2026-07-31 22:20:06	✓ Options desk ran clean	8/8 steps green · 2 fired
2026-08-03 15:40:02	✓ Options desk healthy	FEED spx 7540.4 @ 08:40:00 (2s old) · LEVELS CR 7550.0 PS0 7425.0 · src 2026-07-31T20:00 · GAMEPLAN 7 triggers armed
2026-08-03 16:00:14	STOOD DOWN · sell_0dte_gamma [thin_credit]	0DTE Put Credit Spread @ PS0: credit 0.05 < playbook minimum 0.80 — would risk $2,495 to make $5
2026-08-03 16:00:54	TRADE OPENED · fly_gw_0dte (B)	0DTE Call Butterfly @ GW0: butterfly 50pt, net debit 2.50, coll $250 — reached 09:00, regime positive_gamma
2026-08-03 21:46:12	TRADE CLOSED · fly_gw_0dte ($-341)	0DTE Call Butterfly @ GW0: time stop 14:45 CT — flat before the 0DTE gamma cliff
2026-08-03 22:20:05	✓ Options desk ran clean	8/8 steps green · 2 fired
2026-08-04 11:29:15	⚠ OPTIONS DESK — FEED, LEVELS, DAEMON DOWN	FEED: state=closed · LEVELS: CR 7550.0 PS0 7425.0 · src 2026-07-31T20:00 · DAEMON: NOT running
2026-08-04 11:30:45	⚠ OPTIONS DESK — FEED, DAEMON DOWN	FEED: state=closed · DAEMON: NOT running
2026-08-04 12:29:48	⚠ Options desk — attention needed	5/8 steps green · 0 fired · 3 NEED ATTENTION
2026-08-04 15:33:20	STOOD DOWN · eodic_p [thin_credit]	[EOD] Bull Put @ 7525: credit 0.10 < playbook minimum 0.10 — would risk $2,490 to make $10
2026-08-04 15:33:37	TRADE OPENED · eodic_c (C)	[EOD] Bear Call @ 7675: vertical 25pt, net credit 1.95, coll $2,305 — reached 08:30, regime unknown
2026-08-04 15:33:52	TRADE OPENED · eodfly_p (C)	[EOD] Bull Put @ 7600 (ATM): vertical 25pt, net credit 1.65, coll $2,335 — reached 08:30, regime unknown
2026-08-04 15:34:06	TRADE OPENED · eodfly_c (C)	[EOD] Bear Call @ 7600 (ATM): vertical 25pt, net credit 20.60, coll $440 — reached 08:30, regime unknown
2026-08-04 15:40:06	✓ Options desk healthy	FEED spx 7642.75 @ 08:40:03 (2s old) · LEVELS GexLog CAUTION · EM 7526.0–7675.0 · src 2026-08-04 07:03 · GAMEPLAN 11 triggers armed
2026-08-04 15:49:43	TRADE CLOSED · eodfly_c ($-101)	[EOD] Bear Call @ 7600 (ATM): level ACCEPTED: spot 7647 held above the 7600 short strike for 15min (>10) — the wall we sold did not hold
2026-08-04 16:05:16	TRADE OPENED · openic_p (C)	[Open] Bull Put @ open-75: vertical 25pt, net credit 0.35, coll $2,465 — reached 09:05, regime unknown
2026-08-04 16:05:32	TRADE OPENED · openic_c (C)	[Open] Bear Call @ open+75: vertical 25pt, net credit 0.35, coll $2,465 — reached 09:05, regime unknown
2026-08-04 16:07:13	TRADE OPENED · openfly_c (C)	[Open] Bear Call @ ATM(open): vertical 25pt, net credit 11.20, coll $1,380 — reached 09:05, regime unknown
2026-08-04 16:07:25	STOOD DOWN · gx_bps [broken]	[GexLog] Bull Put @ putWall 7525: zero/negative credit (0.00) — wall already blown through
2026-08-04 16:09:18	TRADE OPENED · openfly_p (C)	[Open] Bull Put @ ATM(open): vertical 25pt, net credit 5.70, coll $1,930 — reached 09:05, regime unknown
2026-08-04 16:09:40	TRADE OPENED · gx_bcs (C)	[GexLog] Bear Call @ callWall 7630: vertical 25pt, net credit 20.10, coll $490 — reached 09:05, regime unknown
2026-08-04 16:18:58	TRADE CLOSED · openfly_c ($-271)	[Open] Bear Call @ ATM(open): level ACCEPTED: spot 7676 held above the 7660 short strike for 10min (>10) — the wall we sold did not hold
2026-08-04 16:21:45	TRADE CLOSED · gx_bcs ($-71)	[GexLog] Bear Call @ callWall 7630: level ACCEPTED: spot 7671 held above the 7630 short strike for 12min (>10) — the wall we sold did not hold
2026-08-04 16:51:01	TRADE CLOSED · eodic_c ($-866)	[EOD] Bear Call @ 7675: level ACCEPTED: spot 7682 held above the 7675 short strike for 10min (>10) — the wall we sold did not hold
2026-08-04 19:22:20	TRADE CLOSED · openic_c ($-786)	[Open] Bear Call @ open+75: level ACCEPTED: spot 7736 held above the 7735 short strike for 10min (>10) — the wall we sold did not hold
2026-08-04 22:20:03	⚠ Options desk — attention needed	7/8 steps green · 10 fired · 1 NEED ATTENTION
2026-08-05 15:40:03	⚠ OPTIONS DESK — DAEMON DOWN	DAEMON: NOT running
2026-08-05 16:26:40	TRADE OPENED · eodic_p (C)	[EOD] Bull Put @ 7655: vertical 25pt, net credit 0.20, coll $2,480 — reached 08:30, regime unknown
2026-08-05 16:28:13	TRADE OPENED · eodfly_p (C)	[EOD] Bull Put @ 7735 (ATM): vertical 25pt, net credit 2.60, coll $2,240 — reached 08:30, regime unknown
2026-08-05 16:29:30	TRADE OPENED · openic_p (C)	[Open] Bull Put @ open-80: vertical 25pt, net credit 0.80, coll $2,420 — reached 09:05, regime unknown
2026-08-05 16:29:45	TRADE OPENED · openic_c (C)	[Open] Bear Call @ open+80: vertical 25pt, net credit 0.30, coll $2,470 — reached 09:05, regime unknown
2026-08-05 16:32:27	STOOD DOWN · gx_bps [broken]	[GexLog] Bull Put @ putWall 7565: zero/negative credit (0.00) — wall already blown through
2026-08-05 16:34:32	TRADE OPENED · openfly_c (C)	[Open] Bear Call @ ATM(open): vertical 25pt, net credit 8.20, coll $1,680 — reached 09:05, regime unknown
2026-08-05 16:34:47	TRADE OPENED · gx_bcs (C)	[GexLog] Bear Call @ callWall 7750: vertical 25pt, net credit 15.00, coll $1,000 — reached 09:05, regime unknown
2026-08-05 16:35:05	TRADE OPENED · openfly_p (C)	[Open] Bull Put @ ATM(open): vertical 25pt, net credit 11.10, coll $1,390 — reached 09:05, regime unknown
2026-08-05 16:45:13	TRADE CLOSED · gx_bcs ($109)	[GexLog] Bear Call @ callWall 7750: level ACCEPTED: spot 7764 held above the 7750 short strike for 10min (>10) — the wall we sold did not hold
2026-08-05 16:47:13	TRADE CLOSED · openfly_p ($-131)	[Open] Bull Put @ ATM(open): level ACCEPTED: spot 7765 held below the 7780 short strike for 10min (>10) — the wall we sold did not hold
2026-08-05 18:08:29	TRADE CLOSED · eodfly_p ($-781)	[EOD] Bull Put @ 7735 (ATM): level ACCEPTED: spot 7728 held below the 7735 short strike for 12min (>10) — the wall we sold did not hold
2026-08-05 22:20:03	⚠ Options desk — attention needed	7/8 steps green · 8 fired · 1 NEED ATTENTION
2026-08-06 15:40:03	⚠ OPTIONS DESK — DAEMON DOWN	DAEMON: NOT running
2026-08-06 15:42:46	TRADE OPENED · eodic_p (C)	[EOD] Bull Put @ 7645: vertical 25pt, net credit 0.65, coll $2,435 — reached 08:30, regime unknown
2026-08-06 15:43:23	TRADE OPENED · eodic_c (D)	[EOD] Bear Call @ 7800: vertical 25pt, net credit 0.40, coll $2,460 — reached 08:30, regime unknown
2026-08-06 15:43:44	TRADE OPENED · eodfly_p (C)	[EOD] Bull Put @ 7725 (ATM): vertical 25pt, net credit 7.10, coll $1,790 — reached 08:30, regime unknown
2026-08-06 15:44:04	TRADE OPENED · eodfly_c (C)	[EOD] Bear Call @ 7725 (ATM): vertical 25pt, net credit 11.50, coll $1,350 — reached 08:30, regime unknown
2026-08-06 15:54:19	TRADE CLOSED · eodfly_c ($-131)	[EOD] Bear Call @ 7725 (ATM): level ACCEPTED: spot 7736 held above the 7725 short strike for 10min (>10) — the wall we sold did not hold
2026-08-06 16:05:22	TRADE OPENED · openic_p (C)	[Open] Bull Put @ open-78: vertical 25pt, net credit 0.55, coll $2,445 — reached 09:05, regime unknown
2026-08-06 16:05:43	TRADE OPENED · openic_c (D)	[Open] Bear Call @ open+78: vertical 25pt, net credit 0.15, coll $2,485 — reached 09:05, regime unknown
2026-08-06 16:06:04	TRADE OPENED · openfly_p (C)	[Open] Bull Put @ ATM(open): vertical 25pt, net credit 8.40, coll $1,660 — reached 09:05, regime unknown
2026-08-06 16:06:41	TRADE OPENED · openfly_c (C)	[Open] Bear Call @ ATM(open): vertical 25pt, net credit 9.20, coll $1,580 — reached 09:05, regime unknown
2026-08-06 16:07:01	TRADE OPENED · gx_bps (B)	[GexLog] Bull Put @ putWall 7700: vertical 25pt, net credit 2.35, coll $2,265 — reached 09:05, regime unknown
2026-08-06 16:07:22	TRADE OPENED · gx_bcs (D)	[GexLog] Bear Call @ callWall 7800: vertical 25pt, net credit 0.45, coll $2,455 — reached 09:05, regime unknown
2026-08-06 16:17:37	TRADE CLOSED · openfly_c ($-181)	[Open] Bear Call @ ATM(open): level ACCEPTED: spot 7740 held above the 7735 short strike for 10min (>10) — the wall we sold did not hold
2026-08-06 16:35:52	TRADE CLOSED · openfly_p ($-41)	[Open] Bull Put @ ATM(open): level ACCEPTED: spot 7732 held below the 7735 short strike for 10min (>10) — the wall we sold did not hold
2026-08-06 17:25:23	TRADE CLOSED · eodfly_p ($-471)	[EOD] Bull Put @ 7725 (ATM): level ACCEPTED: spot 7714 held below the 7725 short strike for 10min (>10) — the wall we sold did not hold
2026-08-06 22:20:04	⚠ Options desk — attention needed	6/8 steps green · 10 fired · 2 NEED ATTENTION
2026-08-07 15:30:34	TRADE OPENED · eodic_p (D)	[EOD] Bull Put @ 7635: vertical 25pt, net credit 0.45, coll $2,455 — reached 08:30, regime unknown
2026-08-07 15:30:55	TRADE OPENED · eodic_c (B)	[EOD] Bear Call @ 7785: vertical 25pt, net credit 1.60, coll $2,340 — reached 08:30, regime unknown
2026-08-07 15:31:17	TRADE OPENED · eodfly_p (B)	[EOD] Bull Put @ 7710 (ATM): vertical 25pt, net credit 5.00, coll $2,000 — reached 08:30, regime unknown
2026-08-07 15:31:38	TRADE OPENED · eodfly_c (B)	[EOD] Bear Call @ 7710 (ATM): vertical 25pt, net credit 15.30, coll $970 — reached 08:30, regime unknown
2026-08-07 15:31:59	TRADE OPENED · openic_p (C)	[Open] Bull Put @ open-74: vertical 25pt, net credit 0.70, coll $2,430 — reached 08:30, regime unknown
2026-08-07 15:32:36	TRADE OPENED · openic_c (C)	[Open] Bear Call @ open+74: vertical 25pt, net credit 0.60, coll $2,440 — reached 08:30, regime unknown
2026-08-07 15:32:57	TRADE OPENED · openfly_p (C)	[Open] Bull Put @ ATM(open): vertical 25pt, net credit 7.90, coll $1,710 — reached 08:30, regime unknown
2026-08-07 15:33:18	TRADE OPENED · openfly_c (C)	[Open] Bear Call @ ATM(open): vertical 25pt, net credit 12.20, coll $1,280 — reached 08:30, regime unknown
2026-08-07 15:40:02	✓ Options desk healthy	FEED spx 7735.45 @ 08:39:57 (5s old) · LEVELS GexLog unknown · EM 7636.1–7783.2 · src ? (brief STALE — computed-VIX fallback) · GAMEPLAN 9 triggers armed
2026-08-07 15:43:33	TRADE CLOSED · eodfly_c ($-211)	[EOD] Bear Call @ 7710 (ATM): level ACCEPTED: spot 7737 held above the 7710 short strike for 10min (>10) — the wall we sold did not hold
2026-08-07 15:43:48	TRADE CLOSED · openfly_c ($-31)	[Open] Bear Call @ ATM(open): level ACCEPTED: spot 7737 held above the 7730 short strike for 10min (>10) — the wall we sold did not hold
2026-08-07 22:20:03	⚠ Options desk — attention needed	6/8 steps green · 8 fired · 2 NEED ATTENTION
2026-08-10 15:43:38	⚠ OPTIONS DESK — GATEWAY, FEED, DAEMON DOWN	GATEWAY: NO CONNECT (ConnectionRefusedError) · FEED: state=reconnecting · DAEMON: NOT running
2026-08-10 16:01:09	TRADE OPENED · eodic_p (D)	[EOD] Bull Put @ 7680: vertical 25pt, net credit 0.10, coll $2,490 — reached 08:30, regime unknown
2026-08-10 16:01:16	STOOD DOWN · eodic_c [thin_credit]	[EOD] Bear Call @ 7835: credit 0.05 < playbook minimum 0.10 — would risk $2,495 to make $5
2026-08-10 16:01:37	TRADE OPENED · eodfly_p (C)	[EOD] Bull Put @ 7760 (ATM): vertical 25pt, net credit 7.70, coll $1,730 — reached 08:30, regime unknown
2026-08-10 16:01:58	TRADE OPENED · eodfly_c (C)	[EOD] Bear Call @ 7760 (ATM): vertical 25pt, net credit 7.90, coll $1,710 — reached 08:30, regime unknown
2026-08-10 16:02:19	TRADE OPENED · openic_p (D)	[Open] Bull Put @ open-76: vertical 25pt, net credit 0.10, coll $2,490 — reached 08:30, regime unknown
2026-08-10 16:02:26	STOOD DOWN · openic_c [thin_credit]	[Open] Bear Call @ open+76: credit 0.05 < playbook minimum 0.10 — would risk $2,495 to make $5
2026-08-10 16:02:47	TRADE OPENED · openfly_p (C)	[Open] Bull Put @ ATM(open): vertical 25pt, net credit 7.10, coll $1,790 — reached 08:30, regime unknown
2026-08-10 16:03:08	TRADE OPENED · openfly_c (C)	[Open] Bear Call @ ATM(open): vertical 25pt, net credit 7.90, coll $1,710 — reached 08:30, regime unknown
2026-08-10 16:03:29	TRADE OPENED · gx_bps (B)	[GexLog] Bull Put @ putWall 7730: vertical 25pt, net credit 1.50, coll $2,350 — reached 08:30, regime unknown
2026-08-10 16:03:50	TRADE OPENED · gx_bcs (B)	[GexLog] Bear Call @ callWall 7775: vertical 25pt, net credit 3.10, coll $2,190 — reached 08:30, regime unknown
2026-08-10 16:17:05	TRADE CLOSED · eodfly_c ($-201)	[EOD] Bear Call @ 7760 (ATM): level ACCEPTED: spot 7765 held above the 7760 short strike for 10min (>10) — the wall we sold did not hold
2026-08-10 16:17:19	TRADE CLOSED · openfly_c ($-176)	[Open] Bear Call @ ATM(open): level ACCEPTED: spot 7765 held above the 7760 short strike for 10min (>10) — the wall we sold did not hold
2026-08-10 17:41:52	TRADE CLOSED · eodfly_p ($119)	[EOD] Bull Put @ 7760 (ATM): level ACCEPTED: spot 7758 held below the 7760 short strike for 10min (>10) — the wall we sold did not hold
2026-08-10 17:42:07	TRADE CLOSED · openfly_p ($74)	[Open] Bull Put @ ATM(open): level ACCEPTED: spot 7758 held below the 7760 short strike for 11min (>10) — the wall we sold did not hold
2026-08-10 22:20:03	⚠ Options desk — attention needed	6/8 steps green · 10 fired · 2 NEED ATTENTION
2026-08-11 12:42:57	⚠ Gateway force-restarted	cold-auth hang cleared (no connect (ConnectionRefusedError), stuck 9min); relaunched, attempt 1/6. 05:30-08:25 CT pre-open watchdog.
2026-08-11 12:56:51	⚠ Gateway force-restarted	cold-auth hang cleared (no connect (ConnectionRefusedError), stuck 9min); relaunched, attempt 2/6. 05:30-08:25 CT pre-open watchdog.
2026-08-11 13:10:46	⚠ Gateway force-restarted	cold-auth hang cleared (no connect (ConnectionRefusedError), stuck 9min); relaunched, attempt 3/6. 05:30-08:25 CT pre-open watchdog.
2026-08-11 13:24:40	⚠ Gateway force-restarted	cold-auth hang cleared (no connect (ConnectionRefusedError), stuck 9min); relaunched, attempt 4/6. 05:30-08:25 CT pre-open watchdog.
2026-08-11 13:38:34	⚠ Gateway force-restarted	cold-auth hang cleared (no connect (ConnectionRefusedError), stuck 9min); relaunched, attempt 5/6. 05:30-08:25 CT pre-open watchdog.
2026-08-11 13:52:29	⚠ Gateway force-restarted	cold-auth hang cleared (no connect (ConnectionRefusedError), stuck 9min); relaunched, attempt 6/6. 05:30-08:25 CT pre-open watchdog.
2026-08-11 15:30:44	TRADE OPENED · eodic_p (D)	[EOD] Bull Put @ 7675: vertical 25pt, net credit 0.15, coll $2,485 — reached 08:30, regime unknown
2026-08-11 15:31:05	TRADE OPENED · eodic_c (D)	[EOD] Bear Call @ 7830: vertical 25pt, net credit 0.15, coll $2,485 — reached 08:30, regime unknown
2026-08-11 15:31:42	TRADE OPENED · eodfly_p (C)	[EOD] Bull Put @ 7755 (ATM): vertical 25pt, net credit 6.60, coll $1,840 — reached 08:30, regime unknown
2026-08-11 15:32:03	TRADE OPENED · eodfly_c (C)	[EOD] Bear Call @ 7755 (ATM): vertical 25pt, net credit 10.40, coll $1,460 — reached 08:30, regime unknown
2026-08-11 15:32:24	TRADE OPENED · openic_p (D)	[Open] Bull Put @ open-76: vertical 25pt, net credit 0.35, coll $2,465 — reached 08:30, regime unknown
2026-08-11 15:32:33	STOOD DOWN · openic_c [thin_credit]	[Open] Bear Call @ open+76: credit 0.05 < playbook minimum 0.10 — would risk $2,495 to make $5
2026-08-11 15:32:54	TRADE OPENED · openfly_p (C)	[Open] Bull Put @ ATM(open): vertical 25pt, net credit 10.10, coll $1,490 — reached 08:30, regime unknown
2026-08-11 15:33:27	TRADE OPENED · openfly_c (C)	[Open] Bear Call @ ATM(open): vertical 25pt, net credit 6.85, coll $1,815 — reached 08:30, regime unknown
2026-08-11 15:33:48	TRADE OPENED · gx_bps (C)	[GexLog] Bull Put @ putWall 7700: vertical 25pt, net credit 0.65, coll $2,435 — reached 08:30, regime unknown
2026-08-11 15:34:09	TRADE OPENED · gx_bcs (C)	[GexLog] Bear Call @ callWall 7775: vertical 25pt, net credit 3.85, coll $2,115 — reached 08:30, regime unknown
2026-08-11 15:40:03	✓ Options desk healthy	FEED spx 7754.25 @ 08:39:59 (4s old) · LEVELS GexLog CAUTION · EM 7677.0–7829.0 · src 2026-08-11 06:20 · GAMEPLAN 11 triggers armed
2026-08-11 15:44:25	TRADE CLOSED · openfly_p ($-41)	[Open] Bull Put @ ATM(open): level ACCEPTED: spot 7756 held below the 7765 short strike for 10min (>10) — the wall we sold did not hold
2026-08-11 16:07:51	TRADE CLOSED · eodfly_c ($59)	[EOD] Bear Call @ 7755 (ATM): level ACCEPTED: spot 7760 held above the 7755 short strike for 10min (>10) — the wall we sold did not hold
2026-08-11 17:17:07	TRADE CLOSED · eodfly_p ($-231)	[EOD] Bull Put @ 7755 (ATM): level ACCEPTED: spot 7749 held below the 7755 short strike for 10min (>10) — the wall we sold did not hold
2026-08-11 22:20:05	⚠ Options desk — attention needed	6/8 steps green · 10 fired · 2 NEED ATTENTION
2026-08-12 15:30:31	TRADE OPENED · eodic_p (D)	[EOD] Bull Put @ 7655: vertical 25pt, net credit 0.15, coll $2,485 — reached 08:30, regime unknown
2026-08-12 15:30:53	TRADE OPENED · eodic_c (B)	[EOD] Bear Call @ 7805: vertical 25pt, net credit 1.80, coll $2,320 — reached 08:30, regime unknown
2026-08-12 15:31:30	TRADE OPENED · eodfly_p (A)	[EOD] Bull Put @ 7730 (ATM): vertical 25pt, net credit 4.15, coll $2,085 — reached 08:30, regime unknown
2026-08-12 15:31:51	TRADE OPENED · eodfly_c (B)	[EOD] Bear Call @ 7730 (ATM): vertical 25pt, net credit 15.80, coll $920 — reached 08:30, regime unknown
2026-08-12 15:40:03	✓ Options desk healthy	FEED spx 7751.7 @ 08:40:01 (2s old) · LEVELS GexLog WAIT · EM 7653.0–7803.0 · src 2026-08-12 06:20 · GAMEPLAN 11 triggers armed
2026-08-12 15:42:05	TRADE CLOSED · eodfly_c ($-21)	[EOD] Bear Call @ 7730 (ATM): level ACCEPTED: spot 7752 held above the 7730 short strike for 10min (>10) — the wall we sold did not hold
2026-08-12 16:05:21	TRADE OPENED · openic_p (D)	[Open] Bull Put @ open-75: vertical 25pt, net credit 0.30, coll $2,470 — reached 09:05, regime unknown
2026-08-12 16:05:42	TRADE OPENED · openic_c (D)	[Open] Bear Call @ open+75: vertical 25pt, net credit 0.15, coll $2,485 — reached 09:05, regime unknown
2026-08-12 16:06:03	TRADE OPENED · openfly_p (C)	[Open] Bull Put @ ATM(open): vertical 25pt, net credit 6.50, coll $1,850 — reached 09:05, regime unknown
2026-08-12 16:06:24	TRADE OPENED · openfly_c (C)	[Open] Bear Call @ ATM(open): vertical 25pt, net credit 11.00, coll $1,400 — reached 09:05, regime unknown
2026-08-12 16:06:42	STOOD DOWN · gx_bps [thin_credit]	[GexLog] Bull Put @ putWall 7650: credit 0.05 < playbook minimum 0.10 — would risk $2,495 to make $5
2026-08-12 16:07:03	TRADE OPENED · gx_bcs (D)	[GexLog] Bear Call @ callWall 7800: vertical 25pt, net credit 0.45, coll $2,455 — reached 09:05, regime unknown
2026-08-12 16:17:18	TRADE CLOSED · openfly_c ($-61)	[Open] Bear Call @ ATM(open): level ACCEPTED: spot 7748 held above the 7740 short strike for 10min (>10) — the wall we sold did not hold
2026-08-12 21:51:09	TRADE CLOSED · openfly_p ($629)	[Open] Bull Put @ ATM(open): time stop 14:45 CT — flat before the 0DTE gamma cliff
2026-08-12 22:20:07	⚠ Options desk — attention needed	6/8 steps green · 10 fired · 2 NEED ATTENTION
2026-08-13 15:31:13	TRADE OPENED · eodic_p (D)	[EOD] Bull Put @ 7675: vertical 25pt, net credit 0.10, coll $2,490 — reached 08:30, regime unknown
2026-08-13 15:31:34	TRADE OPENED · eodic_c (D)	[EOD] Bear Call @ 7820: vertical 25pt, net credit 0.35, coll $2,465 — reached 08:30, regime unknown
2026-08-13 15:31:55	TRADE OPENED · eodfly_p (B)	[EOD] Bull Put @ 7750 (ATM): vertical 25pt, net credit 3.45, coll $2,155 — reached 08:30, regime unknown
2026-08-13 15:32:16	TRADE OPENED · eodfly_c (B)	[EOD] Bear Call @ 7750 (ATM): vertical 25pt, net credit 15.00, coll $1,000 — reached 08:30, regime unknown
2026-08-13 15:32:38	TRADE OPENED · openic_p (D)	[Open] Bull Put @ open-71: vertical 25pt, net credit 0.20, coll $2,480 — reached 08:30, regime unknown
2026-08-13 15:32:45	STOOD DOWN · openic_c [thin_credit]	[Open] Bear Call @ open+71: credit 0.05 < playbook minimum 0.10 — would risk $2,495 to make $5
2026-08-13 15:33:05	TRADE OPENED · openfly_p (C)	[Open] Bull Put @ ATM(open): vertical 25pt, net credit 6.20, coll $1,880 — reached 08:30, regime unknown
2026-08-13 15:33:27	TRADE OPENED · openfly_c (C)	[Open] Bear Call @ ATM(open): vertical 25pt, net credit 10.50, coll $1,450 — reached 08:30, regime unknown
2026-08-13 15:33:48	TRADE OPENED · gx_bps (C)	[GexLog] Bull Put @ putWall 7725: vertical 25pt, net credit 0.85, coll $2,415 — reached 08:30, regime unknown
2026-08-13 15:34:08	TRADE OPENED · gx_bcs (B)	[GexLog] Bear Call @ callWall 7750: vertical 25pt, net credit 16.60, coll $840 — reached 08:30, regime unknown
2026-08-13 15:40:02	✓ Options desk healthy	FEED spx 7786.6 @ 08:39:59 (3s old) · LEVELS GexLog CAUTION · EM 7677.0–7820.0 · src 2026-08-13 06:20 · GAMEPLAN 11 triggers armed
2026-08-13 15:44:23	TRADE CLOSED · eodfly_c ($-411)	[EOD] Bear Call @ 7750 (ATM): level ACCEPTED: spot 7781 held above the 7750 short strike for 10min (>10) — the wall we sold did not hold
2026-08-13 15:44:38	TRADE CLOSED · openfly_c ($-321)	[Open] Bear Call @ ATM(open): level ACCEPTED: spot 7781 held above the 7765 short strike for 10min (>10) — the wall we sold did not hold
2026-08-13 15:44:52	TRADE CLOSED · gx_bcs ($-241)	[GexLog] Bear Call @ callWall 7750: level ACCEPTED: spot 7781 held above the 7750 short strike for 10min (>10) — the wall we sold did not hold
2026-08-13 22:20:03	⚠ Options desk — attention needed	7/8 steps green · 10 fired · 1 NEED ATTENTION
2026-08-14 15:30:31	TRADE OPENED · eodic_p (D)	[EOD] Bull Put @ 7725: vertical 25pt, net credit 0.20, coll $2,480 — reached 08:30, regime unknown
2026-08-14 15:30:52	TRADE OPENED · eodic_c (D)	[EOD] Bear Call @ 7870: vertical 25pt, net credit 0.15, coll $2,485 — reached 08:30, regime unknown
2026-08-14 15:31:29	TRADE OPENED · eodfly_p (C)	[EOD] Bull Put @ 7800 (ATM): vertical 25pt, net credit 6.70, coll $1,830 — reached 08:30, regime unknown
2026-08-14 15:31:50	TRADE OPENED · eodfly_c (C)	[EOD] Bear Call @ 7800 (ATM): vertical 25pt, net credit 9.30, coll $1,570 — reached 08:30, regime unknown
2026-08-14 15:40:02	✓ Options desk healthy	FEED spx 7802.25 @ 08:39:59 (3s old) · LEVELS GexLog CAUTION · EM 7727.0–7871.0 · src 2026-08-14 06:20 · GAMEPLAN 11 triggers armed
2026-08-14 15:49:05	TRADE CLOSED · eodfly_c ($-11)	[EOD] Bear Call @ 7800 (ATM): level ACCEPTED: spot 7803 held above the 7800 short strike for 10min (>10) — the wall we sold did not hold
2026-08-14 16:05:23	TRADE OPENED · openic_p (D)	[Open] Bull Put @ open-72: vertical 25pt, net credit 0.10, coll $2,490 — reached 09:05, regime unknown
2026-08-14 16:05:43	STOOD DOWN · openic_c [broken]	[Open] Bear Call @ open+72: zero/negative credit (0.00) — wall already blown through
2026-08-14 16:06:04	TRADE OPENED · openfly_p (C)	[Open] Bull Put @ ATM(open): vertical 25pt, net credit 7.05, coll $1,795 — reached 09:05, regime unknown
2026-08-14 16:06:25	TRADE OPENED · openfly_c (C)	[Open] Bear Call @ ATM(open): vertical 25pt, net credit 7.15, coll $1,785 — reached 09:05, regime unknown
2026-08-14 16:06:44	STOOD DOWN · gx_bps [broken]	[GexLog] Bull Put @ putWall 7700: zero/negative credit (0.00) — wall already blown through
2026-08-14 16:07:05	TRADE OPENED · gx_bcs (C)	[GexLog] Bear Call @ callWall 7800: vertical 25pt, net credit 11.30, coll $1,370 — reached 09:05, regime unknown
2026-08-14 16:17:20	TRADE CLOSED · openfly_p ($-226)	[Open] Bull Put @ ATM(open): level ACCEPTED: spot 7804 held below the 7810 short strike for 10min (>10) — the wall we sold did not hold
2026-08-14 16:17:34	TRADE CLOSED · gx_bcs ($174)	[GexLog] Bear Call @ callWall 7800: level ACCEPTED: spot 7804 held above the 7800 short strike for 10min (>10) — the wall we sold did not hold
2026-08-14 16:30:49	TRADE CLOSED · eodfly_p ($-251)	[EOD] Bull Put @ 7800 (ATM): level ACCEPTED: spot 7794 held below the 7800 short strike for 10min (>10) — the wall we sold did not hold
2026-08-14 22:20:03	⚠ Options desk — attention needed	6/8 steps green · 10 fired · 2 NEED ATTENTION
2026-08-17 15:30:46	TRADE OPENED · eodic_p (D)	[EOD] Bull Put @ 7710: vertical 25pt, net credit 0.20, coll $2,480 — reached 08:30, regime unknown
2026-08-17 15:31:05	STOOD DOWN · eodic_c [broken]	[EOD] Bear Call @ 7860: zero/negative credit (0.00) — wall already blown through
2026-08-17 15:31:25	TRADE OPENED · eodfly_p (C)	[EOD] Bull Put @ 7785 (ATM): vertical 25pt, net credit 6.05, coll $1,895 — reached 08:30, regime unknown
2026-08-17 15:32:02	TRADE OPENED · eodfly_c (C)	[EOD] Bear Call @ 7785 (ATM): vertical 25pt, net credit 8.50, coll $1,650 — reached 08:30, regime unknown
2026-08-17 15:32:23	TRADE OPENED · openic_p (D)	[Open] Bull Put @ open-73: vertical 25pt, net credit 0.25, coll $2,475 — reached 08:30, regime unknown
2026-08-17 15:32:43	STOOD DOWN · openic_c [broken]	[Open] Bear Call @ open+73: zero/negative credit (0.00) — wall already blown through
2026-08-17 15:33:04	TRADE OPENED · openfly_p (C)	[Open] Bull Put @ ATM(open): vertical 25pt, net credit 8.40, coll $1,660 — reached 08:30, regime unknown
2026-08-17 15:33:25	TRADE OPENED · openfly_c (C)	[Open] Bear Call @ ATM(open): vertical 25pt, net credit 6.65, coll $1,835 — reached 08:30, regime unknown
2026-08-17 15:33:45	TRADE OPENED · gx_bps (C)	[GexLog] Bull Put @ putWall 7775: vertical 25pt, net credit 4.95, coll $2,005 — reached 08:30, regime unknown
2026-08-17 15:34:04	STOOD DOWN · gx_bcs [thin_credit]	[GexLog] Bear Call @ callWall 7850: credit 0.05 < playbook minimum 0.10 — would risk $2,495 to make $5
2026-08-17 15:40:02	✓ Options desk healthy	FEED spx 7775.25 @ 08:39:59 (3s old) · LEVELS GexLog CAUTION · EM 7712.0–7859.0 · src 2026-08-17 06:20 · GAMEPLAN 11 triggers armed
2026-08-17 15:45:19	TRADE CLOSED · eodfly_p ($-336)	[EOD] Bull Put @ 7785 (ATM): level ACCEPTED: spot 7776 held below the 7785 short strike for 10min (>10) — the wall we sold did not hold
2026-08-17 15:45:33	TRADE CLOSED · openfly_p ($-101)	[Open] Bull Put @ ATM(open): level ACCEPTED: spot 7776 held below the 7785 short strike for 10min (>10) — the wall we sold did not hold
2026-08-17 16:52:19	TRADE CLOSED · gx_bps ($-81)	[GexLog] Bull Put @ putWall 7775: level ACCEPTED: spot 7774 held below the 7775 short strike for 53min (>10) — the wall we sold did not hold
2026-08-17 22:20:02	⚠ Options desk — attention needed	7/8 steps green · 10 fired · 1 NEED ATTENTION
2026-08-18 15:31:13	TRADE OPENED · eodic_p (B)	[EOD] Bull Put @ 7665: vertical 25pt, net credit 1.60, coll $2,340 — reached 08:30, regime unknown
2026-08-18 15:32:29	TRADE OPENED · eodic_c (D)	[EOD] Bear Call @ 7825: vertical 25pt, net debit 0.00, coll $0 — reached 08:30, regime unknown
2026-08-18 15:32:50	TRADE OPENED · eodfly_p (B)	[EOD] Bull Put @ 7745 (ATM): vertical 25pt, net credit 18.90, coll $610 — reached 08:30, regime unknown
2026-08-18 15:33:46	TRADE OPENED · eodfly_c (B)	[EOD] Bear Call @ 7745 (ATM): vertical 25pt, net credit 1.35, coll $2,365 — reached 08:30, regime unknown
2026-08-18 15:34:07	TRADE OPENED · openic_p (C)	[Open] Bull Put @ open-78: vertical 25pt, net credit 0.50, coll $2,450 — reached 08:30, regime unknown
2026-08-18 15:34:13	STOOD DOWN · openic_c [thin_credit]	[Open] Bear Call @ open+78: credit 0.05 < playbook minimum 0.10 — would risk $2,495 to make $5
2026-08-18 15:34:34	TRADE OPENED · openfly_p (C)	[Open] Bull Put @ ATM(open): vertical 25pt, net credit 9.50, coll $1,550 — reached 08:30, regime unknown
2026-08-18 15:36:29	TRADE OPENED · openfly_c (C)	[Open] Bear Call @ ATM(open): vertical 25pt, net credit 10.10, coll $1,490 — reached 08:30, regime unknown
2026-08-18 15:38:14	STOOD DOWN · gx_bcs [thin_credit]	[GexLog] Bear Call @ callWall 7800: credit 0.05 < playbook minimum 0.10 — would risk $2,495 to make $5
2026-08-18 15:38:39	TRADE OPENED · gx_bps (B)	[GexLog] Bull Put @ putWall 7725: vertical 25pt, net credit 12.70, coll $1,230 — reached 08:30, regime unknown
2026-08-18 15:40:02	✓ Options desk healthy	FEED spx 7712.1 @ 08:40:01 (1s old) · LEVELS GexLog CAUTION · EM 7667.0–7823.0 · src 2026-08-18 06:20 · GAMEPLAN 11 triggers armed
2026-08-18 15:48:30	TRADE CLOSED · eodfly_p ($-41)	[EOD] Bull Put @ 7745 (ATM): level ACCEPTED: spot 7710 held below the 7745 short strike for 10min (>10) — the wall we sold did not hold
2026-08-18 15:49:44	TRADE CLOSED · gx_bps ($-101)	[GexLog] Bull Put @ putWall 7725: level ACCEPTED: spot 7707 held below the 7725 short strike for 10min (>10) — the wall we sold did not hold
2026-08-18 15:55:59	TRADE CLOSED · openfly_p ($-31)	[Open] Bull Put @ ATM(open): level ACCEPTED: spot 7702 held below the 7710 short strike for 10min (>10) — the wall we sold did not hold
2026-08-18 22:20:02	⚠ Options desk — attention needed	7/8 steps green · 10 fired · 1 NEED ATTENTION
2026-08-19 15:30:33	STOOD DOWN · eodic_p [broken]	[EOD] Bull Put @ 7615: zero/negative credit (0.00) — wall already blown through
2026-08-19 15:30:54	TRADE OPENED · eodic_c (C)	[EOD] Bear Call @ 7770: vertical 25pt, net credit 0.75, coll $2,425 — reached 08:30, regime unknown
2026-08-19 15:31:31	TRADE OPENED · eodfly_p (B)	[EOD] Bull Put @ 7690 (ATM): vertical 25pt, net credit 1.90, coll $2,310 — reached 08:30, regime unknown
2026-08-19 15:31:51	TRADE OPENED · eodfly_c (B)	[EOD] Bear Call @ 7690 (ATM): vertical 25pt, net credit 19.00, coll $600 — reached 08:30, regime unknown
2026-08-19 15:40:02	✓ Options desk healthy	FEED spx 7715.15 @ 08:40:00 (2s old) · LEVELS GexLog CAUTION · EM 7615.0–7769.0 · src 2026-08-19 06:20 · GAMEPLAN 11 triggers armed
2026-08-19 15:42:06	TRADE CLOSED · eodfly_c ($219)	[EOD] Bear Call @ 7690 (ATM): level ACCEPTED: spot 7716 held above the 7690 short strike for 10min (>10) — the wall we sold did not hold
2026-08-19 16:06:05	TRADE OPENED · openic_p (D)	[Open] Bull Put @ open-77: vertical 25pt, net credit 0.20, coll $2,480 — reached 09:05, regime unknown
2026-08-19 16:06:58	TRADE OPENED · openic_c (D)	[Open] Bear Call @ open+77: vertical 25pt, net debit 0.00, coll $0 — reached 09:05, regime unknown
2026-08-19 16:07:35	TRADE OPENED · openfly_p (C)	[Open] Bull Put @ ATM(open): vertical 25pt, net credit 7.00, coll $1,800 — reached 09:05, regime unknown
2026-08-19 16:08:28	TRADE OPENED · openfly_c (C)	[Open] Bear Call @ ATM(open): vertical 25pt, net credit 9.50, coll $1,550 — reached 09:05, regime unknown
2026-08-19 16:09:05	TRADE OPENED · gx_bps (D)	[GexLog] Bull Put @ putWall 7630: vertical 25pt, net credit 0.10, coll $2,490 — reached 09:05, regime unknown
2026-08-19 16:09:42	TRADE OPENED · gx_bcs (C)	[GexLog] Bear Call @ callWall 7725: vertical 25pt, net credit 5.85, coll $1,915 — reached 09:05, regime unknown
2026-08-19 22:20:02	⚠ Options desk — attention needed	6/8 steps green · 10 fired · 2 NEED ATTENTION
2026-08-20 15:30:36	TRADE OPENED · eodic_p (B)	[EOD] Bull Put @ 7635: vertical 25pt, net credit 1.65, coll $2,335 — reached 08:30, regime unknown
2026-08-20 15:30:56	STOOD DOWN · eodic_c [broken]	[EOD] Bear Call @ 7780: zero/negative credit (0.00) — wall already blown through
2026-08-20 15:31:49	TRADE OPENED · eodfly_p (B)	[EOD] Bull Put @ 7710 (ATM): vertical 25pt, net credit 15.00, coll $1,000 — reached 08:30, regime unknown
2026-08-20 15:32:10	TRADE OPENED · eodfly_c (B)	[EOD] Bear Call @ 7710 (ATM): vertical 25pt, net credit 3.15, coll $2,185 — reached 08:30, regime unknown
2026-08-20 15:32:32	TRADE OPENED · openic_p (C)	[Open] Bull Put @ open-74: vertical 25pt, net credit 0.50, coll $2,450 — reached 08:30, regime unknown
2026-08-20 15:32:52	TRADE OPENED · openic_c (D)	[Open] Bear Call @ open+74: vertical 25pt, net credit 0.15, coll $2,485 — reached 08:30, regime unknown
2026-08-20 15:33:13	TRADE OPENED · openfly_p (C)	[Open] Bull Put @ ATM(open): vertical 25pt, net credit 7.10, coll $1,790 — reached 08:30, regime unknown
2026-08-20 15:33:34	TRADE OPENED · openfly_c (C)	[Open] Bear Call @ ATM(open): vertical 25pt, net credit 10.90, coll $1,410 — reached 08:30, regime unknown
2026-08-20 15:33:55	TRADE OPENED · gx_bps (C)	[GexLog] Bull Put @ putWall 7700: vertical 25pt, net credit 12.00, coll $1,300 — reached 08:30, regime unknown
2026-08-20 15:34:32	TRADE OPENED · gx_bcs (D)	[GexLog] Bear Call @ callWall 7755: vertical 25pt, net credit 0.15, coll $2,485 — reached 08:30, regime unknown
2026-08-20 15:40:02	✓ Options desk healthy	FEED spx 7691.7 @ 08:39:59 (3s old) · LEVELS GexLog CAUTION · EM 7634.0–7782.0 · src 2026-08-20 06:20 · GAMEPLAN 11 triggers armed
2026-08-20 15:44:47	TRADE CLOSED · eodfly_p ($259)	[EOD] Bull Put @ 7710 (ATM): level ACCEPTED: spot 7695 held below the 7710 short strike for 10min (>10) — the wall we sold did not hold
2026-08-20 15:45:01	TRADE CLOSED · openfly_c ($-321)	[Open] Bear Call @ ATM(open): level ACCEPTED: spot 7695 held above the 7680 short strike for 10min (>10) — the wall we sold did not hold
2026-08-20 15:45:16	TRADE CLOSED · gx_bps ($239)	[GexLog] Bull Put @ putWall 7700: level ACCEPTED: spot 7695 held below the 7700 short strike for 10min (>10) — the wall we sold did not hold
2026-08-20 17:45:24	TRADE CLOSED · openfly_p ($-271)	[Open] Bull Put @ ATM(open): level ACCEPTED: spot 7673 held below the 7680 short strike for 11min (>10) — the wall we sold did not hold
2026-08-20 22:20:03	⚠ Options desk — attention needed	7/8 steps green · 10 fired · 1 NEED ATTENTION
2026-08-21 15:30:37	TRADE OPENED · eodic_p (D)	[EOD] Bull Put @ 7565: vertical 25pt, net credit 0.10, coll $2,490 — reached 08:30, regime unknown
2026-08-21 15:30:58	TRADE OPENED · eodic_c (C)	[EOD] Bear Call @ 7715: vertical 25pt, net credit 1.20, coll $2,380 — reached 08:30, regime unknown
2026-08-21 15:31:20	TRADE OPENED · eodfly_p (A)	[EOD] Bull Put @ 7640 (ATM): vertical 25pt, net credit 2.50, coll $2,250 — reached 08:30, regime unknown
2026-08-21 15:31:41	TRADE OPENED · eodfly_c (B)	[EOD] Bear Call @ 7640 (ATM): vertical 25pt, net credit 18.60, coll $640 — reached 08:30, regime unknown
2026-08-21 15:32:02	TRADE OPENED · openic_p (C)	[Open] Bull Put @ open-76: vertical 25pt, net credit 0.55, coll $2,445 — reached 08:30, regime unknown
2026-08-21 15:32:39	TRADE OPENED · openic_c (D)	[Open] Bear Call @ open+76: vertical 25pt, net credit 0.15, coll $2,485 — reached 08:30, regime unknown
2026-08-21 15:33:00	TRADE OPENED · openfly_p (C)	[Open] Bull Put @ ATM(open): vertical 25pt, net credit 9.00, coll $1,600 — reached 08:30, regime unknown
2026-08-21 15:33:54	TRADE OPENED · openfly_c (C)	[Open] Bear Call @ ATM(open): vertical 25pt, net credit 7.10, coll $1,790 — reached 08:30, regime unknown
2026-08-21 15:34:33	TRADE OPENED · gx_bps (A)	[GexLog] Bull Put @ putWall 7640: vertical 25pt, net credit 2.75, coll $2,225 — reached 08:30, regime unknown
2026-08-21 15:34:54	TRADE OPENED · gx_bcs (B)	[GexLog] Bear Call @ callWall 7700: vertical 25pt, net credit 2.05, coll $2,295 — reached 08:30, regime unknown
2026-08-21 15:40:03	✓ Options desk healthy	FEED spx 7669.65 @ 08:40:00 (3s old) · LEVELS GexLog CAUTION · EM 7565.0–7717.0 · src 2026-08-21 06:20 · GAMEPLAN 11 triggers armed
2026-08-21 15:45:24	TRADE CLOSED · eodfly_c ($-71)	[EOD] Bear Call @ 7640 (ATM): level ACCEPTED: spot 7670 held above the 7640 short strike for 10min (>10) — the wall we sold did not hold
2026-08-21 15:45:39	TRADE CLOSED · openfly_p ($39)	[Open] Bull Put @ ATM(open): level ACCEPTED: spot 7670 held below the 7675 short strike for 11min (>10) — the wall we sold did not hold
2026-08-21 17:09:55	TRADE CLOSED · openfly_c ($-131)	[Open] Bear Call @ ATM(open): level ACCEPTED: spot 7677 held above the 7675 short strike for 10min (>10) — the wall we sold did not hold
2026-08-21 22:20:06	⚠ Options desk — attention needed	6/8 steps green · 10 fired · 2 NEED ATTENTION
2026-08-24 15:30:27	TRADE OPENED · eodic_p (C)	[EOD] Bull Put @ 7595: vertical 25pt, net credit 0.60, coll $2,440 — reached 08:30, regime unknown
2026-08-24 15:30:34	STOOD DOWN · eodic_c [thin_credit]	[EOD] Bear Call @ 7750: credit 0.05 < playbook minimum 0.10 — would risk $2,495 to make $5
2026-08-24 15:30:58	TRADE OPENED · eodfly_p (B)	[EOD] Bull Put @ 7675 (ATM): vertical 25pt, net credit 13.60, coll $1,140 — reached 08:30, regime unknown
2026-08-24 15:33:12	TRADE OPENED · openic_p (D)	[Open] Bull Put @ open-77: vertical 25pt, net credit 0.30, coll $2,470 — reached 08:30, regime unknown
2026-08-24 15:33:32	STOOD DOWN · openic_c [broken]	[Open] Bear Call @ open+77: zero/negative credit (0.00) — wall already blown through
2026-08-24 15:33:55	TRADE OPENED · openfly_p (C)	[Open] Bull Put @ ATM(open): vertical 25pt, net credit 11.10, coll $1,390 — reached 08:30, regime unknown
2026-08-24 15:34:18	TRADE OPENED · openfly_c (C)	[Open] Bear Call @ ATM(open): vertical 25pt, net credit 4.95, coll $2,005 — reached 08:30, regime unknown
2026-08-24 15:34:40	TRADE OPENED · gx_bps (A)	[GexLog] Bull Put @ putWall 7630: vertical 25pt, net credit 2.80, coll $2,220 — reached 08:30, regime unknown
2026-08-24 15:34:47	STOOD DOWN · gx_bcs [thin_credit]	[GexLog] Bear Call @ callWall 7725: credit 0.05 < playbook minimum 0.10 — would risk $2,495 to make $5
2026-08-24 15:35:12	TRADE OPENED · eodfly_c (B)	[EOD] Bear Call @ 7675 (ATM): vertical 25pt, net credit 2.50, coll $2,250 — reached 08:30, regime unknown
2026-08-24 15:40:02	✓ Options desk healthy	FEED spx 7652.0 @ 08:39:58 (4s old) · LEVELS GexLog CAUTION · EM 7597.0–7751.0 · src 2026-08-24 06:20 · GAMEPLAN 11 triggers armed
2026-08-24 15:45:02	TRADE CLOSED · eodfly_p ($-501)	[EOD] Bull Put @ 7675 (ATM): level ACCEPTED: spot 7644 held below the 7675 short strike for 10min (>10) — the wall we sold did not hold
2026-08-24 15:45:34	TRADE CLOSED · openfly_p ($-411)	[Open] Bull Put @ ATM(open): level ACCEPTED: spot 7644 held below the 7665 short strike for 10min (>10) — the wall we sold did not hold
2026-08-24 18:25:45	TRADE CLOSED · openfly_c ($-196)	[Open] Bear Call @ ATM(open): level ACCEPTED: spot 7667 held above the 7665 short strike for 10min (>10) — the wall we sold did not hold
2026-08-24 22:20:02	⚠ Options desk — attention needed	7/8 steps green · 10 fired · 1 NEED ATTENTION
2026-08-25 15:40:02	⚠ OPTIONS DESK — FEED DOWN	FEED: state=no-quotes
2026-08-25 15:42:07	STOOD DOWN · eodic_p [thin_credit]	[EOD] Bull Put @ 7575: credit 0.05 < playbook minimum 0.10 — would risk $2,495 to make $5
2026-08-25 15:42:30	TRADE OPENED · eodic_c (D)	[EOD] Bear Call @ 7730: vertical 25pt, net credit 0.25, coll $2,475 — reached 08:30, regime unknown
2026-08-25 15:42:52	TRADE OPENED · eodfly_p (B)	[EOD] Bull Put @ 7655 (ATM): vertical 25pt, net credit 1.95, coll $2,305 — reached 08:30, regime unknown
2026-08-25 15:43:13	TRADE OPENED · eodfly_c (B)	[EOD] Bear Call @ 7655 (ATM): vertical 25pt, net credit 17.80, coll $720 — reached 08:30, regime unknown
2026-08-25 15:53:28	TRADE CLOSED · eodfly_c ($-11)	[EOD] Bear Call @ 7655 (ATM): level ACCEPTED: spot 7678 held above the 7655 short strike for 10min (>10) — the wall we sold did not hold
2026-08-25 16:05:08	STOOD DOWN · openic_p [thin_credit]	[Open] Bull Put @ open-76: credit 0.05 < playbook minimum 0.10 — would risk $2,495 to make $5
2026-08-25 16:06:04	TRADE OPENED · openic_c (D)	[Open] Bear Call @ open+76: vertical 25pt, net debit 0.00, coll $0 — reached 09:05, regime unknown
2026-08-25 16:06:42	TRADE OPENED · openfly_p (C)	[Open] Bull Put @ ATM(open): vertical 25pt, net credit 6.05, coll $1,895 — reached 09:05, regime unknown
2026-08-25 16:07:20	TRADE OPENED · openfly_c (C)	[Open] Bear Call @ ATM(open): vertical 25pt, net credit 8.30, coll $1,670 — reached 09:05, regime unknown
2026-08-25 16:07:42	TRADE OPENED · gx_bps (B)	[GexLog] Bull Put @ putWall 7650: vertical 25pt, net credit 2.25, coll $2,275 — reached 09:05, regime unknown
2026-08-25 16:08:03	TRADE OPENED · gx_bcs (C)	[GexLog] Bear Call @ callWall 7665: vertical 25pt, net credit 10.10, coll $1,490 — reached 09:05, regime unknown
2026-08-25 16:18:19	TRADE CLOSED · gx_bcs ($-21)	[GexLog] Bear Call @ callWall 7665: level ACCEPTED: spot 7671 held above the 7665 short strike for 10min (>10) — the wall we sold did not hold
2026-08-25 16:32:33	TRADE CLOSED · openfly_p ($-206)	[Open] Bull Put @ ATM(open): level ACCEPTED: spot 7665 held below the 7670 short strike for 10min (>10) — the wall we sold did not hold
2026-08-25 18:04:50	TRADE CLOSED · openfly_c ($59)	[Open] Bear Call @ ATM(open): level ACCEPTED: spot 7674 held above the 7670 short strike for 10min (>10) — the wall we sold did not hold
2026-08-25 22:20:32	⚠ Options desk — attention needed	5/8 steps green · 10 fired · 3 NEED ATTENTION
2026-08-26 15:30:28	TRADE OPENED · eodic_p (D)	[EOD] Bull Put @ 7600: vertical 25pt, net credit 0.35, coll $2,465 — reached 08:30, regime unknown
2026-08-26 15:30:48	STOOD DOWN · eodic_c [broken]	[EOD] Bear Call @ 7755: zero/negative credit (0.00) — wall already blown through
2026-08-26 15:33:15	TRADE OPENED · eodfly_c (C)	[EOD] Bear Call @ 7675 (ATM): vertical 25pt, net credit 6.45, coll $1,855 — reached 08:30, regime unknown
2026-08-26 15:33:39	TRADE OPENED · eodfly_p (C)	[EOD] Bull Put @ 7675 (ATM): vertical 25pt, net credit 8.40, coll $1,660 — reached 08:30, regime unknown
2026-08-26 15:40:03	✓ Options desk healthy	FEED spx 7673.8 @ 08:39:58 (5s old) · LEVELS GexLog WAIT · EM 7601.0–7753.0 · src 2026-08-26 06:20 · GAMEPLAN 11 triggers armed
2026-08-26 16:02:30	TRADE CLOSED · eodfly_c ($-616)	[EOD] Bear Call @ 7675 (ATM): level ACCEPTED: spot 7686 held above the 7675 short strike for 10min (>10) — the wall we sold did not hold
2026-08-26 16:05:08	STOOD DOWN · openic_p [thin_credit]	[Open] Bull Put @ open-76: credit 0.05 < playbook minimum 0.10 — would risk $2,495 to make $5
2026-08-26 16:05:28	STOOD DOWN · openic_c [broken]	[Open] Bear Call @ open+76: zero/negative credit (0.00) — wall already blown through
2026-08-26 16:05:49	TRADE OPENED · openfly_p (C)	[Open] Bull Put @ ATM(open): vertical 25pt, net credit 6.50, coll $1,850 — reached 09:05, regime unknown
2026-08-26 16:06:13	TRADE OPENED · openfly_c (C)	[Open] Bear Call @ ATM(open): vertical 25pt, net credit 7.60, coll $1,740 — reached 09:05, regime unknown
2026-08-26 16:06:20	STOOD DOWN · gx_bps [thin_credit]	[GexLog] Bull Put @ putWall 7600: credit 0.05 < playbook minimum 0.10 — would risk $2,495 to make $5
2026-08-26 16:06:46	TRADE OPENED · gx_bcs (C)	[GexLog] Bear Call @ callWall 7700: vertical 25pt, net credit 2.65, coll $2,235 — reached 09:05, regime unknown
2026-08-26 16:19:03	TRADE CLOSED · openfly_p ($-261)	[Open] Bull Put @ ATM(open): level ACCEPTED: spot 7679 held below the 7685 short strike for 10min (>10) — the wall we sold did not hold
2026-08-26 16:33:19	TRADE CLOSED · eodfly_p ($-81)	[EOD] Bull Put @ 7675 (ATM): level ACCEPTED: spot 7669 held below the 7675 short strike for 10min (>10) — the wall we sold did not hold
2026-08-26 21:11:43	TRADE CLOSED · openfly_c ($239)	[Open] Bear Call @ ATM(open): level ACCEPTED: spot 7688 held above the 7685 short strike for 10min (>10) — the wall we sold did not hold
2026-08-26 22:20:09	⚠ Options desk — attention needed	6/8 steps green · 10 fired · 2 NEED ATTENTION
2026-08-27 15:30:19	STOOD DOWN · eodic_p [thin_credit]	[EOD] Bull Put @ 7605: credit 0.05 < playbook minimum 0.10 — would risk $2,495 to make $5
2026-08-27 15:30:41	TRADE OPENED · eodic_c (C)	[EOD] Bear Call @ 7750: vertical 25pt, net credit 0.95, coll $2,405 — reached 08:30, regime unknown
2026-08-27 15:31:22	TRADE OPENED · eodfly_p (B)	[EOD] Bull Put @ 7675 (ATM): vertical 25pt, net credit 3.15, coll $2,185 — reached 08:30, regime unknown
2026-08-27 15:32:42	TRADE OPENED · eodfly_c (B)	[EOD] Bear Call @ 7675 (ATM): vertical 25pt, net credit 14.60, coll $1,040 — reached 08:30, regime unknown
2026-08-27 15:40:02	✓ Options desk healthy	FEED spx 7700.25 @ 08:39:59 (3s old) · LEVELS GexLog WAIT · EM 7603.0–7748.0 · src 2026-08-27 06:20 · GAMEPLAN 11 triggers armed
2026-08-27 15:42:56	TRADE CLOSED · eodfly_c ($-281)	[EOD] Bear Call @ 7675 (ATM): level ACCEPTED: spot 7700 held above the 7675 short strike for 10min (>10) — the wall we sold did not hold
2026-08-27 16:05:22	TRADE OPENED · openic_p (D)	[Open] Bull Put @ open-72: vertical 25pt, net credit 0.30, coll $2,470 — reached 09:05, regime unknown
2026-08-27 16:05:30	STOOD DOWN · openic_c [thin_credit]	[Open] Bear Call @ open+72: credit 0.05 < playbook minimum 0.10 — would risk $2,495 to make $5
2026-08-27 16:05:52	TRADE OPENED · openfly_p (C)	[Open] Bull Put @ ATM(open): vertical 25pt, net credit 7.10, coll $1,790 — reached 09:05, regime unknown
2026-08-27 16:09:05	TRADE OPENED · gx_bps (A)	[GexLog] Bull Put @ putWall 7675: vertical 25pt, net credit 3.20, coll $2,180 — reached 09:05, regime unknown
2026-08-27 16:10:12	TRADE OPENED · gx_bcs (B)	[GexLog] Bear Call @ callWall 7725: vertical 25pt, net credit 3.45, coll $2,155 — reached 09:05, regime unknown
2026-08-27 16:11:09	TRADE OPENED · openfly_c (C)	[Open] Bear Call @ ATM(open): vertical 25pt, net credit 9.70, coll $1,530 — reached 09:05, regime unknown
2026-08-27 16:26:28	TRADE CLOSED · openfly_c ($-191)	[Open] Bear Call @ ATM(open): level ACCEPTED: spot 7713 held above the 7705 short strike for 10min (>10) — the wall we sold did not hold
2026-08-27 17:24:44	TRADE CLOSED · gx_bcs ($-486)	[GexLog] Bear Call @ callWall 7725: level ACCEPTED: spot 7727 held above the 7725 short strike for 10min (>10) — the wall we sold did not hold
2026-08-27 22:20:03	⚠ Options desk — attention needed	6/8 steps green · 10 fired · 2 NEED ATTENTION
2026-08-28 15:30:44	TRADE OPENED · eodic_p (C)	[EOD] Bull Put @ 7660: vertical 25pt, net credit 0.95, coll $2,405 — reached 08:30, regime unknown
2026-08-28 15:31:42	TRADE OPENED · eodic_c (C)	[EOD] Bear Call @ 7800: vertical 25pt, net credit 0.55, coll $2,445 — reached 08:30, regime unknown
2026-08-28 15:32:05	TRADE OPENED · eodfly_p (C)	[EOD] Bull Put @ 7730 (ATM): vertical 25pt, net credit 7.60, coll $1,740 — reached 08:30, regime unknown
2026-08-28 15:32:27	TRADE OPENED · eodfly_c (C)	[EOD] Bear Call @ 7730 (ATM): vertical 25pt, net credit 11.90, coll $1,310 — reached 08:30, regime unknown
2026-08-28 15:40:02	✓ Options desk healthy	FEED spx 7740.6 @ 08:39:57 (5s old) · LEVELS GexLog CAUTION · EM 7660.0–7802.0 · src 2026-08-28 06:20 · GAMEPLAN 11 triggers armed
2026-08-28 15:42:42	TRADE CLOSED · eodfly_c ($-231)	[EOD] Bear Call @ 7730 (ATM): level ACCEPTED: spot 7744 held above the 7730 short strike for 10min (>10) — the wall we sold did not hold
2026-08-28 16:05:22	TRADE OPENED · openic_p (C)	[Open] Bull Put @ open-71: vertical 25pt, net credit 1.00, coll $2,400 — reached 09:05, regime unknown
2026-08-28 16:06:01	TRADE OPENED · openic_c (D)	[Open] Bear Call @ open+71: vertical 25pt, net credit 0.20, coll $2,480 — reached 09:05, regime unknown
2026-08-28 16:06:38	TRADE OPENED · openfly_p (C)	[Open] Bull Put @ ATM(open): vertical 25pt, net credit 10.60, coll $1,440 — reached 09:05, regime unknown
2026-08-28 16:07:35	TRADE OPENED · openfly_c (C)	[Open] Bear Call @ ATM(open): vertical 25pt, net credit 8.60, coll $1,640 — reached 09:05, regime unknown
2026-08-28 16:07:56	TRADE OPENED · gx_bps (A)	[GexLog] Bull Put @ putWall 7700: vertical 25pt, net credit 3.90, coll $2,110 — reached 09:05, regime unknown
2026-08-28 16:08:18	TRADE OPENED · gx_bcs (C)	[GexLog] Bear Call @ callWall 7750: vertical 25pt, net credit 4.75, coll $2,025 — reached 09:05, regime unknown
2026-08-28 16:19:49	TRADE CLOSED · openfly_p ($219)	[Open] Bull Put @ ATM(open): level ACCEPTED: spot 7734 held below the 7735 short strike for 10min (>10) — the wall we sold did not hold
2026-08-28 16:44:05	TRADE CLOSED · openfly_c ($-551)	[Open] Bear Call @ ATM(open): level ACCEPTED: spot 7747 held above the 7735 short strike for 10min (>10) — the wall we sold did not hold
2026-08-28 16:55:20	TRADE CLOSED · gx_bcs ($-946)	[GexLog] Bear Call @ callWall 7750: level ACCEPTED: spot 7763 held above the 7750 short strike for 10min (>10) — the wall we sold did not hold
2026-08-28 18:23:36	TRADE CLOSED · eodfly_p ($-481)	[EOD] Bull Put @ 7730 (ATM): level ACCEPTED: spot 7714 held below the 7730 short strike for 10min (>10) — the wall we sold did not hold
2026-08-28 22:20:03	⚠ Options desk — attention needed	6/8 steps green · 10 fired · 2 NEED ATTENTION
2026-08-31 15:31:22	TRADE OPENED · eodic_p (C)	[EOD] Bull Put @ 7640: vertical 25pt, net credit 1.00, coll $2,400 — reached 08:30, regime unknown
2026-08-31 15:31:29	STOOD DOWN · eodic_c [thin_credit]	[EOD] Bear Call @ 7785: credit 0.05 < playbook minimum 0.10 — would risk $2,495 to make $5
2026-08-31 15:32:06	TRADE OPENED · eodfly_p (B)	[EOD] Bull Put @ 7710 (ATM): vertical 25pt, net credit 13.70, coll $1,130 — reached 08:30, regime unknown
2026-08-31 15:33:42	TRADE OPENED · eodfly_c (B)	[EOD] Bear Call @ 7710 (ATM): vertical 25pt, net credit 2.70, coll $2,230 — reached 08:30, regime unknown
2026-08-31 15:34:03	TRADE OPENED · openic_p (D)	[Open] Bull Put @ open-74: vertical 25pt, net credit 0.45, coll $2,455 — reached 08:30, regime unknown
2026-08-31 15:34:24	TRADE OPENED · openic_c (D)	[Open] Bear Call @ open+74: vertical 25pt, net credit 0.10, coll $2,490 — reached 08:30, regime unknown
2026-08-31 15:34:47	TRADE OPENED · openfly_p (C)	[Open] Bull Put @ ATM(open): vertical 25pt, net credit 10.40, coll $1,460 — reached 08:30, regime unknown
2026-08-31 15:35:26	TRADE OPENED · openfly_c (C)	[Open] Bear Call @ ATM(open): vertical 25pt, net credit 5.70, coll $1,930 — reached 08:30, regime unknown
2026-08-31 15:35:47	TRADE OPENED · gx_bps (B)	[GexLog] Bull Put @ putWall 7700: vertical 25pt, net credit 14.50, coll $1,050 — reached 08:30, regime unknown
2026-08-31 15:36:10	TRADE OPENED · gx_bcs (D)	[GexLog] Bear Call @ callWall 7750: vertical 25pt, net credit 0.15, coll $2,485 — reached 08:30, regime unknown
2026-08-31 15:40:03	✓ Options desk healthy	FEED spx 7680.55 @ 08:39:59 (5s old) · LEVELS GexLog CAUTION · EM 7638.0–7786.0 · src 2026-08-31 06:20 · GAMEPLAN 11 triggers armed
2026-08-31 15:46:25	TRADE CLOSED · eodfly_p ($-501)	[EOD] Bull Put @ 7710 (ATM): level ACCEPTED: spot 7678 held below the 7710 short strike for 10min (>10) — the wall we sold did not hold
2026-08-31 15:46:40	TRADE CLOSED · gx_bps ($-111)	[GexLog] Bull Put @ putWall 7700: level ACCEPTED: spot 7678 held below the 7700 short strike for 10min (>10) — the wall we sold did not hold
2026-08-31 15:50:27	TRADE CLOSED · openfly_p ($-81)	[Open] Bull Put @ ATM(open): level ACCEPTED: spot 7680 held below the 7690 short strike for 13min (>10) — the wall we sold did not hold
2026-08-31 22:20:03	⚠ Options desk — attention needed	6/8 steps green · 10 fired · 2 NEED ATTENTION
2026-09-01 15:30:38	TRADE OPENED · eodic_p (B)	[EOD] Bull Put @ 7610: vertical 25pt, net credit 4.20, coll $2,080 — reached 08:30, regime unknown
2026-09-01 15:30:58	STOOD DOWN · eodic_c [broken]	[EOD] Bear Call @ 7765: zero/negative credit (-0.05) — wall already blown through
2026-09-01 15:31:20	TRADE OPENED · eodfly_p (B)	[EOD] Bull Put @ 7685 (ATM): vertical 25pt, net credit 21.30, coll $370 — reached 08:30, regime unknown
2026-09-01 15:31:43	TRADE OPENED · eodfly_c (C)	[EOD] Bear Call @ 7685 (ATM): vertical 25pt, net credit 0.75, coll $2,425 — reached 08:30, regime unknown
2026-09-01 15:40:02	✓ Options desk healthy	FEED spx 7635.3 @ 08:40:00 (2s old) · LEVELS GexLog CAUTION · EM 7609.0–7763.0 · src 2026-09-01 06:20 · GAMEPLAN 11 triggers armed
2026-09-01 15:41:59	TRADE CLOSED · eodfly_p ($-141)	[EOD] Bull Put @ 7685 (ATM): level ACCEPTED: spot 7632 held below the 7685 short strike for 10min (>10) — the wall we sold did not hold
2026-09-01 16:05:21	TRADE OPENED · openic_p (D)	[Open] Bull Put @ open-77: vertical 25pt, net credit 0.05, coll $2,495 — reached 09:05, regime unknown
2026-09-01 16:05:28	STOOD DOWN · openic_c [thin_credit]	[Open] Bear Call @ open+77: credit 0.05 < playbook minimum 0.10 — would risk $2,495 to make $5
2026-09-01 16:05:50	TRADE OPENED · openfly_p (C)	[Open] Bull Put @ ATM(open): vertical 25pt, net credit 7.10, coll $1,790 — reached 09:05, regime unknown
2026-09-01 16:06:14	TRADE OPENED · openfly_c (C)	[Open] Bear Call @ ATM(open): vertical 25pt, net credit 8.75, coll $1,625 — reached 09:05, regime unknown
2026-09-01 16:06:36	TRADE OPENED · gx_bps (B)	[GexLog] Bull Put @ putWall 7675: vertical 25pt, net credit 19.10, coll $590 — reached 09:05, regime unknown
2026-09-01 16:06:58	TRADE OPENED · gx_bcs (D)	[GexLog] Bear Call @ callWall 7715: vertical 25pt, net credit 0.10, coll $2,490 — reached 09:05, regime unknown
2026-09-01 16:17:13	TRADE CLOSED · gx_bps ($239)	[GexLog] Bull Put @ putWall 7675: level ACCEPTED: spot 7651 held below the 7675 short strike for 10min (>10) — the wall we sold did not hold
2026-09-01 16:18:44	TRADE CLOSED · openfly_c ($-306)	[Open] Bear Call @ ATM(open): level ACCEPTED: spot 7649 held above the 7640 short strike for 10min (>10) — the wall we sold did not hold
2026-09-01 18:41:03	TRADE CLOSED · openfly_p ($-36)	[Open] Bull Put @ ATM(open): level ACCEPTED: spot 7639 held below the 7640 short strike for 10min (>10) — the wall we sold did not hold
2026-09-01 22:20:03	⚠ Options desk — attention needed	6/8 steps green · 10 fired · 2 NEED ATTENTION
2026-09-02 15:30:26	TRADE OPENED · eodic_p (D)	[EOD] Bull Put @ 7550: vertical 25pt, net credit 0.20, coll $2,480 — reached 08:30, regime unknown
2026-09-02 15:30:49	TRADE OPENED · eodic_c (D)	[EOD] Bear Call @ 7710: vertical 25pt, net credit 0.15, coll $2,485 — reached 08:30, regime unknown
2026-09-02 15:31:10	TRADE OPENED · eodfly_p (C)	[EOD] Bull Put @ 7630 (ATM): vertical 25pt, net credit 6.40, coll $1,860 — reached 08:30, regime unknown
2026-09-02 15:31:33	TRADE OPENED · eodfly_c (C)	[EOD] Bear Call @ 7630 (ATM): vertical 25pt, net credit 11.10, coll $1,390 — reached 08:30, regime unknown
2026-09-02 15:40:03	✓ Options desk healthy	FEED spx 7641.4 @ 08:40:00 (3s old) · LEVELS GexLog CAUTION · EM 7551.0–7712.0 · src 2026-09-02 06:20 · GAMEPLAN 11 triggers armed
2026-09-02 15:41:49	TRADE CLOSED · eodfly_c ($-231)	[EOD] Bear Call @ 7630 (ATM): level ACCEPTED: spot 7643 held above the 7630 short strike for 10min (>10) — the wall we sold did not hold
2026-09-02 16:05:24	TRADE OPENED · openic_p (D)	[Open] Bull Put @ open-80: vertical 25pt, net credit 0.10, coll $2,490 — reached 09:05, regime unknown
2026-09-02 16:05:43	STOOD DOWN · openic_c [broken]	[Open] Bear Call @ open+80: zero/negative credit (0.00) — wall already blown through
2026-09-02 16:06:04	TRADE OPENED · openfly_p (C)	[Open] Bull Put @ ATM(open): vertical 25pt, net credit 7.20, coll $1,780 — reached 09:05, regime unknown
2026-09-02 16:06:28	TRADE OPENED · openfly_c (C)	[Open] Bear Call @ ATM(open): vertical 25pt, net credit 8.10, coll $1,690 — reached 09:05, regime unknown
2026-09-02 16:06:36	STOOD DOWN · gx_bps [thin_credit]	[GexLog] Bull Put @ putWall 7550: credit 0.05 < playbook minimum 0.10 — would risk $2,495 to make $5
2026-09-02 16:06:58	TRADE OPENED · gx_bcs (D)	[GexLog] Bear Call @ callWall 7700: vertical 25pt, net credit 0.35, coll $2,465 — reached 09:05, regime unknown
2026-09-02 16:24:14	TRADE CLOSED · openfly_c ($-601)	[Open] Bear Call @ ATM(open): level ACCEPTED: spot 7668 held above the 7655 short strike for 10min (>10) — the wall we sold did not hold
2026-09-02 22:20:32	⚠ Options desk — attention needed	5/8 steps green · 10 fired · 3 NEED ATTENTION
2026-09-03 15:30:23	STOOD DOWN · eodic_p [thin_credit]	[EOD] Bull Put @ 7590: credit 0.05 < playbook minimum 0.10 — would risk $2,495 to make $5
2026-09-03 15:30:44	TRADE OPENED · eodic_c (C)	[EOD] Bear Call @ 7740: vertical 25pt, net credit 0.85, coll $2,415 — reached 08:30, regime unknown
2026-09-03 15:31:23	TRADE OPENED · eodfly_p (B)	[EOD] Bull Put @ 7665 (ATM): vertical 25pt, net credit 2.05, coll $2,295 — reached 08:30, regime unknown
2026-09-03 15:33:24	TRADE OPENED · openic_p (D)	[Open] Bull Put @ open-74: vertical 25pt, net credit 0.25, coll $2,475 — reached 08:30, regime unknown
2026-09-03 15:34:03	TRADE OPENED · openic_c (D)	[Open] Bear Call @ open+74: vertical 25pt, net credit 0.10, coll $2,490 — reached 08:30, regime unknown
2026-09-03 15:34:24	TRADE OPENED · openfly_p (C)	[Open] Bull Put @ ATM(open): vertical 25pt, net credit 5.90, coll $1,910 — reached 08:30, regime unknown
2026-09-03 15:34:47	TRADE OPENED · openfly_c (C)	[Open] Bear Call @ ATM(open): vertical 25pt, net credit 11.50, coll $1,350 — reached 08:30, regime unknown
2026-09-03 15:35:25	TRADE OPENED · gx_bps (C)	[GexLog] Bull Put @ putWall 7650: vertical 25pt, net credit 0.80, coll $2,420 — reached 08:30, regime unknown
2026-09-03 15:35:47	TRADE OPENED · gx_bcs (B)	[GexLog] Bear Call @ callWall 7675: vertical 25pt, net credit 18.40, coll $660 — reached 08:30, regime unknown
2026-09-03 15:37:57	TRADE OPENED · eodfly_c (B)	[EOD] Bear Call @ 7665 (ATM): vertical 25pt, net credit 20.80, coll $420 — reached 08:30, regime unknown
2026-09-03 15:40:03	✓ Options desk healthy	FEED spx 7713.3 @ 08:40:00 (4s old) · LEVELS GexLog CAUTION · EM 7592.0–7741.0 · src 2026-09-03 06:20 · GAMEPLAN 11 triggers armed
2026-09-03 15:46:51	TRADE CLOSED · gx_bcs ($-271)	[GexLog] Bear Call @ callWall 7675: level ACCEPTED: spot 7714 held above the 7675 short strike for 11min (>10) — the wall we sold did not hold
2026-09-03 15:48:07	TRADE CLOSED · openfly_c ($-291)	[Open] Bear Call @ ATM(open): level ACCEPTED: spot 7715 held above the 7700 short strike for 10min (>10) — the wall we sold did not hold
2026-09-03 15:49:22	TRADE CLOSED · eodfly_c ($-161)	[EOD] Bear Call @ 7665 (ATM): level ACCEPTED: spot 7712 held above the 7665 short strike for 11min (>10) — the wall we sold did not hold
2026-09-03 16:14:37	TRADE CLOSED · openfly_p ($-191)	[Open] Bull Put @ ATM(open): level ACCEPTED: spot 7699 held below the 7700 short strike for 10min (>10) — the wall we sold did not hold
2026-09-03 17:37:57	TRADE CLOSED · eodic_c ($-801)	[EOD] Bear Call @ 7740: level ACCEPTED: spot 7742 held above the 7740 short strike for 10min (>10) — the wall we sold did not hold
2026-09-03 22:20:04	⚠ Options desk — attention needed	6/8 steps green · 10 fired · 2 NEED ATTENTION
2026-09-04 15:30:46	TRADE OPENED · eodic_p (C)	[EOD] Bull Put @ 7680: vertical 25pt, net credit 0.95, coll $2,405 — reached 08:30, regime unknown
2026-09-04 15:31:55	TRADE OPENED · eodic_c (D)	[EOD] Bear Call @ 7815: vertical 25pt, net credit 0.15, coll $2,485 — reached 08:30, regime unknown
2026-09-04 15:32:32	TRADE OPENED · eodfly_p (C)	[EOD] Bull Put @ 7750 (ATM): vertical 25pt, net credit 10.30, coll $1,470 — reached 08:30, regime unknown
2026-09-04 15:32:53	TRADE OPENED · eodfly_c (C)	[EOD] Bear Call @ 7750 (ATM): vertical 25pt, net credit 6.65, coll $1,835 — reached 08:30, regime unknown
2026-09-04 15:40:02	✓ Options desk healthy	FEED spx 7740.1 @ 08:39:58 (5s old) · LEVELS GexLog WAIT · EM 7678.0–7817.0 · src 2026-09-04 06:20 · GAMEPLAN 11 triggers armed
2026-09-04 15:43:09	TRADE CLOSED · eodfly_p ($-131)	[EOD] Bull Put @ 7750 (ATM): level ACCEPTED: spot 7737 held below the 7750 short strike for 10min (>10) — the wall we sold did not hold
2026-09-04 16:05:22	TRADE OPENED · openic_p (D)	[Open] Bull Put @ open-69: vertical 25pt, net credit 0.25, coll $2,475 — reached 09:05, regime unknown
2026-09-04 16:05:59	TRADE OPENED · openic_c (D)	[Open] Bear Call @ open+69: vertical 25pt, net credit 0.10, coll $2,490 — reached 09:05, regime unknown
2026-09-04 16:06:20	TRADE OPENED · openfly_p (C)	[Open] Bull Put @ ATM(open): vertical 25pt, net credit 6.80, coll $1,820 — reached 09:05, regime unknown
2026-09-04 16:06:42	TRADE OPENED · openfly_c (C)	[Open] Bear Call @ ATM(open): vertical 25pt, net credit 8.30, coll $1,670 — reached 09:05, regime unknown
2026-09-04 16:07:06	TRADE OPENED · gx_bps (D)	[GexLog] Bull Put @ putWall 7675: vertical 25pt, net credit 0.35, coll $2,465 — reached 09:05, regime unknown
2026-09-04 16:07:44	TRADE OPENED · gx_bcs (B)	[GexLog] Bear Call @ callWall 7750: vertical 25pt, net credit 3.25, coll $2,175 — reached 09:05, regime unknown
2026-09-04 16:18:15	TRADE CLOSED · openfly_p ($-281)	[Open] Bull Put @ ATM(open): level ACCEPTED: spot 7728 held below the 7735 short strike for 10min (>10) — the wall we sold did not hold
2026-09-04 22:20:32	⚠ Options desk — attention needed	5/8 steps green · 10 fired · 3 NEED ATTENTION
2026-09-07 15:40:02	⚠ OPTIONS DESK — FEED DOWN	FEED: state=closed
2026-09-07 22:20:02	⚠ Options desk — attention needed	5/8 steps green · 0 fired · 2 NEED ATTENTION
2026-09-08 15:31:18	TRADE OPENED · eodic_p (C)	[EOD] Bull Put @ 7645: vertical 25pt, net credit 0.55, coll $2,445 — reached 08:30, regime unknown
2026-09-08 15:31:39	STOOD DOWN · eodic_c [broken]	[EOD] Bear Call @ 7795: zero/negative credit (0.00) — wall already blown through
2026-09-08 15:32:01	TRADE OPENED · eodfly_p (B)	[EOD] Bull Put @ 7720 (ATM): vertical 25pt, net credit 12.90, coll $1,210 — reached 08:30, regime unknown
2026-09-08 15:33:17	TRADE OPENED · eodfly_c (C)	[EOD] Bear Call @ 7720 (ATM): vertical 25pt, net credit 3.40, coll $2,160 — reached 08:30, regime unknown
2026-09-08 15:33:54	TRADE OPENED · openic_p (D)	[Open] Bull Put @ open-76: vertical 25pt, net credit 0.25, coll $2,475 — reached 08:30, regime unknown
2026-09-08 15:34:13	STOOD DOWN · openic_c [broken]	[Open] Bear Call @ open+76: zero/negative credit (0.00) — wall already blown through
2026-09-08 15:34:51	TRADE OPENED · openfly_p (C)	[Open] Bull Put @ ATM(open): vertical 25pt, net credit 7.60, coll $1,740 — reached 08:30, regime unknown
2026-09-08 15:35:49	TRADE OPENED · openfly_c (C)	[Open] Bear Call @ ATM(open): vertical 25pt, net credit 6.90, coll $1,810 — reached 08:30, regime unknown
2026-09-08 15:36:45	TRADE OPENED · gx_bps (A)	[GexLog] Bull Put @ putWall 7675: vertical 25pt, net credit 2.50, coll $2,250 — reached 08:30, regime unknown
2026-09-08 15:37:05	TRADE OPENED · gx_bcs (D)	[GexLog] Bear Call @ callWall 7750: vertical 25pt, net credit 0.25, coll $2,475 — reached 08:30, regime unknown
2026-09-08 15:40:02	✓ Options desk healthy	FEED spx 7696.3 @ 08:39:58 (4s old) · LEVELS GexLog GO · EM 7643.0–7795.0 · src 2026-09-08 06:20 · GAMEPLAN 10 triggers armed
2026-09-08 15:47:37	TRADE CLOSED · eodfly_p ($-567)	[EOD] Bull Put @ 7720 (ATM): level ACCEPTED: spot 7689 held below the 7720 short strike for 10min (>10) — the wall we sold did not hold
2026-09-08 15:48:51	TRADE CLOSED · openfly_p ($-487)	[Open] Bull Put @ ATM(open): level ACCEPTED: spot 7691 held below the 7705 short strike for 11min (>10) — the wall we sold did not hold
2026-09-08 22:20:03	⚠ Options desk — attention needed	6/8 steps green · 10 fired · 2 NEED ATTENTION
2026-09-09 15:30:37	TRADE OPENED · eodic_p (C)	[EOD] Bull Put @ 7595: vertical 25pt, net credit 1.10, coll $2,390 — reached 08:30, regime unknown
2026-09-09 15:30:44	STOOD DOWN · eodic_c [thin_credit]	[EOD] Bear Call @ 7750: credit 0.05 < playbook minimum 0.10 — would risk $2,495 to make $5
2026-09-09 15:31:05	TRADE OPENED · eodfly_p (B)	[EOD] Bull Put @ 7675 (ATM): vertical 25pt, net credit 14.00, coll $1,100 — reached 08:30, regime unknown
2026-09-09 15:31:27	TRADE OPENED · eodfly_c (B)	[EOD] Bear Call @ 7675 (ATM): vertical 25pt, net credit 3.30, coll $2,170 — reached 08:30, regime unknown
2026-09-09 15:32:04	TRADE OPENED · openic_p (D)	[Open] Bull Put @ open-78: vertical 25pt, net credit 0.25, coll $2,475 — reached 08:30, regime unknown
2026-09-09 15:32:25	TRADE OPENED · openic_c (D)	[Open] Bear Call @ open+78: vertical 25pt, net credit 0.10, coll $2,490 — reached 08:30, regime unknown
2026-09-09 15:32:45	TRADE OPENED · openfly_p (C)	[Open] Bull Put @ ATM(open): vertical 25pt, net credit 8.50, coll $1,650 — reached 08:30, regime unknown
2026-09-09 15:33:08	TRADE OPENED · openfly_c (C)	[Open] Bear Call @ ATM(open): vertical 25pt, net credit 7.25, coll $1,775 — reached 08:30, regime unknown
2026-09-09 15:33:28	TRADE OPENED · gx_bps (B)	[GexLog] Bull Put @ putWall 7625: vertical 25pt, net credit 3.10, coll $2,190 — reached 08:30, regime unknown
2026-09-09 15:33:50	TRADE OPENED · gx_bcs (C)	[GexLog] Bear Call @ callWall 7700: vertical 25pt, net credit 0.50, coll $2,450 — reached 08:30, regime unknown
2026-09-09 15:40:03	✓ Options desk healthy	FEED spx 7653.1 @ 08:39:59 (4s old) · LEVELS GexLog GO · EM 7596.0–7751.0 · src 2026-09-09 06:20 · GAMEPLAN 10 triggers armed
2026-09-09 15:44:05	TRADE CLOSED · eodfly_p ($-257)	[EOD] Bull Put @ 7675 (ATM): level ACCEPTED: spot 7649 held below the 7675 short strike for 10min (>10) — the wall we sold did not hold
2026-09-09 15:46:19	TRADE CLOSED · openfly_p ($-97)	[Open] Bull Put @ ATM(open): level ACCEPTED: spot 7650 held below the 7655 short strike for 10min (>10) — the wall we sold did not hold
2026-09-09 22:20:34	⚠ Options desk — attention needed	5/8 steps green · 10 fired · 3 NEED ATTENTION
2026-09-10 15:30:38	TRADE OPENED · eodic_p (A)	[EOD] Bull Put @ 7555: vertical 25pt, net credit 2.60, coll $2,240 — reached 08:30, regime unknown
2026-09-10 15:30:57	STOOD DOWN · eodic_c [broken]	[EOD] Bear Call @ 7715: zero/negative credit (-0.05) — wall already blown through
2026-09-10 15:31:35	TRADE OPENED · eodfly_p (B)	[EOD] Bull Put @ 7635 (ATM): vertical 25pt, net credit 19.40, coll $560 — reached 08:30, regime unknown
2026-09-10 15:31:56	TRADE OPENED · eodfly_c (B)	[EOD] Bear Call @ 7635 (ATM): vertical 25pt, net credit 1.50, coll $2,350 — reached 08:30, regime unknown
2026-09-10 15:32:18	TRADE OPENED · openic_p (C)	[Open] Bull Put @ open-79: vertical 25pt, net credit 0.70, coll $2,430 — reached 08:30, regime unknown
2026-09-10 15:32:39	TRADE OPENED · openic_c (D)	[Open] Bear Call @ open+79: vertical 25pt, net credit 0.10, coll $2,490 — reached 08:30, regime unknown
2026-09-10 15:32:59	TRADE OPENED · openfly_p (C)	[Open] Bull Put @ ATM(open): vertical 25pt, net credit 8.30, coll $1,670 — reached 08:30, regime unknown
2026-09-10 15:33:22	TRADE OPENED · openfly_c (C)	[Open] Bear Call @ ATM(open): vertical 25pt, net credit 8.70, coll $1,630 — reached 08:30, regime unknown
2026-09-10 15:33:45	TRADE OPENED · gx_bps (C)	[GexLog] Bull Put @ putWall 7600: vertical 25pt, net credit 10.20, coll $1,480 — reached 08:30, regime unknown
2026-09-10 15:34:04	STOOD DOWN · gx_bcs [broken]	[GexLog] Bear Call @ callWall 7725: zero/negative credit (-0.05) — wall already blown through
2026-09-10 15:40:02	✓ Options desk healthy	FEED spx 7597.45 @ 08:39:59 (3s old) · LEVELS GexLog CAUTION · EM 7557.0–7716.0 · src 2026-09-10 06:20 · GAMEPLAN 10 triggers armed
2026-09-10 15:44:19	TRADE CLOSED · eodfly_p ($33)	[EOD] Bull Put @ 7635 (ATM): level ACCEPTED: spot 7599 held below the 7635 short strike for 10min (>10) — the wall we sold did not hold
2026-09-10 15:44:34	TRADE CLOSED · gx_bps ($163)	[GexLog] Bull Put @ putWall 7600: level ACCEPTED: spot 7599 held below the 7600 short strike for 10min (>10) — the wall we sold did not hold
2026-09-10 15:49:49	TRADE CLOSED · openfly_c ($-317)	[Open] Bear Call @ ATM(open): level ACCEPTED: spot 7602 held above the 7595 short strike for 11min (>10) — the wall we sold did not hold
2026-09-10 16:01:04	TRADE CLOSED · openfly_p ($-307)	[Open] Bull Put @ ATM(open): level ACCEPTED: spot 7585 held below the 7595 short strike for 10min (>10) — the wall we sold did not hold
2026-09-10 22:20:03	⚠ Options desk — attention needed	7/8 steps green · 10 fired · 1 NEED ATTENTION
2026-09-11 15:30:34	TRADE OPENED · eodic_p (D)	[EOD] Bull Put @ 7510: vertical 25pt, net credit 0.10, coll $2,490 — reached 08:30, regime unknown
2026-09-11 15:30:56	TRADE OPENED · eodic_c (B)	[EOD] Bear Call @ 7675: vertical 25pt, net credit 6.25, coll $1,875 — reached 08:30, regime unknown
2026-09-11 15:31:19	TRADE OPENED · eodfly_p (C)	[EOD] Bull Put @ 7590 (ATM): vertical 25pt, net credit 1.00, coll $2,400 — reached 08:30, regime unknown
2026-09-11 15:31:40	TRADE OPENED · eodfly_c (B)	[EOD] Bear Call @ 7590 (ATM): vertical 25pt, net credit 22.30, coll $270 — reached 08:30, regime unknown
2026-09-11 15:40:01	✓ Options desk healthy	FEED spx 7668.15 @ 08:39:59 (3s old) · LEVELS GexLog WAIT · EM 7510.0–7674.0 · src 2026-09-11 06:20 · GAMEPLAN 10 triggers armed
2026-09-11 15:41:55	TRADE CLOSED · eodfly_c ($-167)	[EOD] Bear Call @ 7590 (ATM): level ACCEPTED: spot 7670 held above the 7590 short strike for 10min (>10) — the wall we sold did not hold
2026-09-11 16:05:23	TRADE OPENED · openic_p (D)	[Open] Bull Put @ open-82: vertical 25pt, net credit 0.30, coll $2,470 — reached 09:05, regime unknown
2026-09-11 16:05:30	STOOD DOWN · openic_c [thin_credit]	[Open] Bear Call @ open+82: credit 0.05 < playbook minimum 0.10 — would risk $2,495 to make $5
2026-09-11 16:06:08	TRADE OPENED · openfly_p (C)	[Open] Bull Put @ ATM(open): vertical 25pt, net credit 8.80, coll $1,620 — reached 09:05, regime unknown
2026-09-11 16:06:29	TRADE OPENED · openfly_c (C)	[Open] Bear Call @ ATM(open): vertical 25pt, net credit 7.75, coll $1,725 — reached 09:05, regime unknown
2026-09-11 16:06:37	STOOD DOWN · gx_bps [thin_credit]	[GexLog] Bull Put @ putWall 7500: credit 0.05 < playbook minimum 0.10 — would risk $2,495 to make $5
2026-09-11 16:06:44	STOOD DOWN · gx_bcs [thin_credit]	[GexLog] Bear Call @ callWall 7750: credit 0.05 < playbook minimum 0.10 — would risk $2,495 to make $5
2026-09-11 16:16:59	TRADE CLOSED · openfly_p ($-97)	[Open] Bull Put @ ATM(open): level ACCEPTED: spot 7663 held below the 7670 short strike for 10min (>10) — the wall we sold did not hold
2026-09-11 16:30:14	TRADE CLOSED · openfly_c ($-152)	[Open] Bear Call @ ATM(open): level ACCEPTED: spot 7671 held above the 7670 short strike for 10min (>10) — the wall we sold did not hold
2026-09-11 22:20:03	⚠ Options desk — attention needed	6/8 steps green · 10 fired · 2 NEED ATTENTION
2026-09-14 15:31:07	TRADE OPENED · eodic_p (A)	[EOD] Bull Put @ 7570: vertical 25pt, net credit 2.70, coll $2,230 — reached 08:30, regime unknown
2026-09-14 15:31:28	STOOD DOWN · eodic_c [broken]	[EOD] Bear Call @ 7745: zero/negative credit (-0.05) — wall already blown through
2026-09-14 15:32:05	TRADE OPENED · eodfly_p (B)	[EOD] Bull Put @ 7655 (ATM): vertical 25pt, net credit 22.30, coll $270 — reached 08:30, regime unknown
2026-09-14 15:33:00	TRADE OPENED · eodfly_c (D)	[EOD] Bear Call @ 7655 (ATM): vertical 25pt, net credit 0.40, coll $2,460 — reached 08:30, regime unknown
2026-09-14 15:33:22	TRADE OPENED · openic_p (D)	[Open] Bull Put @ open-87: vertical 25pt, net credit 0.25, coll $2,475 — reached 08:30, regime unknown
2026-09-14 15:33:41	STOOD DOWN · openic_c [broken]	[Open] Bear Call @ open+87: zero/negative credit (0.00) — wall already blown through
2026-09-14 15:34:02	TRADE OPENED · openfly_p (C)	[Open] Bull Put @ ATM(open): vertical 25pt, net credit 8.50, coll $1,650 — reached 08:30, regime unknown
2026-09-14 15:34:23	TRADE OPENED · openfly_c (C)	[Open] Bear Call @ ATM(open): vertical 25pt, net credit 8.30, coll $1,670 — reached 08:30, regime unknown
2026-09-14 15:35:22	TRADE OPENED · gx_bps (D)	[GexLog] Bull Put @ putWall 7500: vertical 25pt, net credit 0.10, coll $2,490 — reached 08:30, regime unknown
2026-09-14 15:36:27	TRADE OPENED · gx_bcs (D)	[GexLog] Bear Call @ callWall 7675: vertical 25pt, net credit 0.05, coll $2,495 — reached 08:30, regime unknown
2026-09-14 15:40:01	✓ Options desk healthy	FEED spx 7598.9 @ 08:39:58 (4s old) · LEVELS GexLog CAUTION · EM 7570.0–7744.0 · src 2026-09-14 06:20 · GAMEPLAN 10 triggers armed
2026-09-14 15:46:43	TRADE CLOSED · eodfly_p ($3)	[EOD] Bull Put @ 7655 (ATM): level ACCEPTED: spot 7610 held below the 7655 short strike for 10min (>10) — the wall we sold did not hold
2026-09-14 15:53:57	TRADE CLOSED · openfly_c ($-537)	[Open] Bear Call @ ATM(open): level ACCEPTED: spot 7617 held above the 7605 short strike for 10min (>10) — the wall we sold did not hold
2026-09-14 16:35:14	TRADE CLOSED · openfly_p ($73)	[Open] Bull Put @ ATM(open): level ACCEPTED: spot 7604 held below the 7605 short strike for 10min (>10) — the wall we sold did not hold
2026-09-14 22:20:04	⚠ Options desk — attention needed	6/8 steps green · 10 fired · 2 NEED ATTENTION
2026-09-15 15:30:27	TRADE OPENED · eodic_p (D)	[EOD] Bull Put @ 7535: vertical 25pt, net credit 0.20, coll $2,480 — reached 08:30, regime unknown
2026-09-15 15:30:48	STOOD DOWN · eodic_c [broken]	[EOD] Bear Call @ 7705: zero/negative credit (0.00) — wall already blown through
2026-09-15 15:31:45	TRADE OPENED · eodfly_p (C)	[EOD] Bull Put @ 7620 (ATM): vertical 25pt, net credit 12.10, coll $1,290 — reached 08:30, regime unknown
2026-09-15 15:32:39	TRADE OPENED · eodfly_c (C)	[EOD] Bear Call @ 7620 (ATM): vertical 25pt, net credit 4.45, coll $2,055 — reached 08:30, regime unknown
2026-09-15 15:40:02	✓ Options desk healthy	FEED spx 7609.5 @ 08:39:58 (4s old) · LEVELS GexLog CAUTION · EM 7536.0–7704.0 · src 2026-09-15 06:20 · GAMEPLAN 10 triggers armed
2026-09-15 15:42:56	TRADE CLOSED · eodfly_p ($3)	[EOD] Bull Put @ 7620 (ATM): level ACCEPTED: spot 7608 held below the 7620 short strike for 10min (>10) — the wall we sold did not hold
2026-09-15 16:05:22	TRADE OPENED · openic_p (D)	[Open] Bull Put @ open-84: vertical 25pt, net credit 0.10, coll $2,490 — reached 09:05, regime unknown
2026-09-15 16:05:41	STOOD DOWN · openic_c [broken]	[Open] Bear Call @ open+84: zero/negative credit (0.00) — wall already blown through
2026-09-15 16:06:02	TRADE OPENED · openfly_p (C)	[Open] Bull Put @ ATM(open): vertical 25pt, net credit 6.90, coll $1,810 — reached 09:05, regime unknown
2026-09-15 16:06:22	TRADE OPENED · openfly_c (C)	[Open] Bear Call @ ATM(open): vertical 25pt, net credit 8.90, coll $1,610 — reached 09:05, regime unknown
2026-09-15 16:06:45	TRADE OPENED · gx_bps (C)	[GexLog] Bull Put @ putWall 7595: vertical 25pt, net credit 5.80, coll $1,920 — reached 09:05, regime unknown
2026-09-15 16:06:51	STOOD DOWN · gx_bcs [thin_credit]	[GexLog] Bear Call @ callWall 7675: credit 0.05 < playbook minimum 0.10 — would risk $2,495 to make $5
2026-09-15 16:18:06	TRADE CLOSED · openfly_p ($-257)	[Open] Bull Put @ ATM(open): level ACCEPTED: spot 7594 held below the 7600 short strike for 10min (>10) — the wall we sold did not hold
2026-09-15 16:22:38	TRADE CLOSED · gx_bps ($-457)	[GexLog] Bull Put @ putWall 7595: level ACCEPTED: spot 7588 held below the 7595 short strike for 10min (>10) — the wall we sold did not hold
2026-09-15 22:20:03	⚠ Options desk — attention needed	7/8 steps green · 10 fired · 1 NEED ATTENTION
2026-09-16 15:40:02	✓ Options desk healthy	FEED spx 7599.75 @ 08:40:00 (3s old) · LEVELS GexLog WAIT · EM 7504.0–7667.0 · src 2026-09-16 06:20 · GAMEPLAN 10 triggers armed
2026-09-16 16:53:26	TRADE OPENED · openic_p (B)	[Open] Bull Put @ open-81: vertical 25pt, net credit 1.65, coll $2,335 — reached 09:05, regime unknown
2026-09-16 16:53:48	TRADE OPENED · openic_c (C)	[Open] Bear Call @ open+81: vertical 25pt, net credit 0.95, coll $2,405 — reached 09:05, regime unknown
2026-09-16 16:54:09	TRADE OPENED · openfly_p (C)	[Open] Bull Put @ ATM(open): vertical 25pt, net credit 9.40, coll $1,560 — reached 09:05, regime unknown
2026-09-16 16:54:30	TRADE OPENED · openfly_c (C)	[Open] Bear Call @ ATM(open): vertical 25pt, net credit 11.10, coll $1,390 — reached 09:05, regime unknown
2026-09-16 16:54:52	TRADE OPENED · gx_bps (B)	[GexLog] Bull Put @ putWall 7525: vertical 25pt, net credit 1.55, coll $2,345 — reached 09:05, regime unknown
2026-09-16 16:55:13	TRADE OPENED · gx_bcs (B)	[GexLog] Bear Call @ callWall 7675: vertical 25pt, net credit 1.70, coll $2,330 — reached 09:05, regime unknown
2026-09-16 17:09:28	TRADE CLOSED · openfly_c ($-237)	[Open] Bear Call @ ATM(open): level ACCEPTED: spot 7620 held above the 7610 short strike for 10min (>10) — the wall we sold did not hold
2026-09-16 19:09:47	TRADE CLOSED · openfly_p ($-87)	[Open] Bull Put @ ATM(open): level ACCEPTED: spot 7607 held below the 7610 short strike for 10min (>10) — the wall we sold did not hold
2026-09-16 21:46:43	TRADE CLOSED · openic_p ($-102)	[Open] Bull Put @ open-81: time stop 14:45 CT — flat before the 0DTE gamma cliff
2026-09-16 21:48:22	TRADE CLOSED · gx_bps ($53)	[GexLog] Bull Put @ putWall 7525: time stop 14:45 CT — flat before the 0DTE gamma cliff
2026-09-16 22:20:02	⚠ Options desk — attention needed	6/8 steps green · 6 fired · 2 NEED ATTENTION
2026-09-17 15:30:18	STOOD DOWN · eodic_p [thin_credit]	[EOD] Bull Put @ 7475: credit 0.05 < playbook minimum 0.10 — would risk $2,495 to make $5
2026-09-17 15:30:40	TRADE OPENED · eodic_c (C)	[EOD] Bear Call @ 7630: vertical 25pt, net credit 12.00, coll $1,300 — reached 08:30, regime unknown
2026-09-17 15:31:01	TRADE OPENED · eodfly_p (D)	[EOD] Bull Put @ 7550 (ATM): vertical 25pt, net credit 0.25, coll $2,475 — reached 08:30, regime unknown
2026-09-17 15:31:38	TRADE OPENED · eodfly_c (B)	[EOD] Bear Call @ 7550 (ATM): vertical 25pt, net credit 23.70, coll $130 — reached 08:30, regime unknown
2026-09-17 15:32:00	TRADE OPENED · openic_p (C)	[Open] Bull Put @ open-76: vertical 25pt, net credit 0.65, coll $2,435 — reached 08:30, regime unknown
2026-09-17 15:32:07	STOOD DOWN · openic_c [thin_credit]	[Open] Bear Call @ open+76: credit 0.05 < playbook minimum 0.10 — would risk $2,495 to make $5
2026-09-17 15:32:28	TRADE OPENED · openfly_p (C)	[Open] Bull Put @ ATM(open): vertical 25pt, net credit 9.20, coll $1,580 — reached 08:30, regime unknown
2026-09-17 15:32:50	TRADE OPENED · openfly_c (C)	[Open] Bear Call @ ATM(open): vertical 25pt, net credit 7.35, coll $1,765 — reached 08:30, regime unknown
2026-09-17 15:32:57	STOOD DOWN · gx_bps [thin_credit]	[GexLog] Bull Put @ putWall 7500: credit 0.05 < playbook minimum 0.10 — would risk $2,495 to make $5
2026-09-17 15:33:18	TRADE OPENED · gx_bcs (C)	[GexLog] Bear Call @ callWall 7675: vertical 25pt, net credit 0.85, coll $2,415 — reached 08:30, regime unknown
2026-09-17 15:40:01	✓ Options desk healthy	FEED spx 7622.7 @ 08:39:58 (4s old) · LEVELS GexLog CAUTION · EM 7475.0–7628.0 · src 2026-09-17 06:20 · GAMEPLAN 10 triggers armed
2026-09-17 15:40:06	Desk watchdog	sim_daemon: process gone — restarting via 'MyQuant Sim Daemon'
2026-09-17 15:43:33	TRADE CLOSED · eodfly_c ($-17)	[EOD] Bear Call @ 7550 (ATM): level ACCEPTED: spot 7620 held above the 7550 short strike for 10min (>10) — the wall we sold did not hold
2026-09-17 15:45:03	TRADE CLOSED · openfly_p ($-467)	[Open] Bull Put @ ATM(open): level ACCEPTED: spot 7622 held below the 7640 short strike for 10min (>10) — the wall we sold did not hold
2026-09-17 15:50:08	Desk watchdog	sim_daemon: process gone — restarting via 'MyQuant Sim Daemon'
2026-09-17 16:00:11	Desk watchdog	sim_daemon: process gone — restarting via 'MyQuant Sim Daemon'
2026-09-17 16:10:13	Desk watchdog	sim_daemon: process gone — restarting via 'MyQuant Sim Daemon'
2026-09-17 16:20:18	Desk watchdog	sim_daemon: process gone — restarting via 'MyQuant Sim Daemon'
2026-09-17 16:20:29	Desk watchdog	sim_daemon: process gone — RESTART CAP HIT (5/day), manual fix needed
2026-09-17 16:20:39	Desk watchdog	sim_daemon: process gone — RESTART CAP HIT (5/day), manual fix needed
2026-09-17 16:20:49	Desk watchdog	sim_daemon: process gone — RESTART CAP HIT (5/day), manual fix needed
2026-09-17 16:21:00	Desk watchdog	sim_daemon: process gone — RESTART CAP HIT (5/day), manual fix needed
2026-09-17 16:21:10	Desk watchdog	sim_daemon: process gone — RESTART CAP HIT (5/day), manual fix needed
2026-09-17 16:21:20	Desk watchdog	sim_daemon: process gone — RESTART CAP HIT (5/day), manual fix needed
2026-09-17 16:21:30	Desk watchdog	sim_daemon: process gone — RESTART CAP HIT (5/day), manual fix needed
2026-09-17 16:21:41	Desk watchdog	sim_daemon: process gone — RESTART CAP HIT (5/day), manual fix needed
2026-09-17 16:21:51	Desk watchdog	sim_daemon: process gone — RESTART CAP HIT (5/day), manual fix needed
2026-09-17 16:22:02	Desk watchdog	sim_daemon: process gone — RESTART CAP HIT (5/day), manual fix needed
2026-09-17 16:22:12	Desk watchdog	sim_daemon: process gone — RESTART CAP HIT (5/day), manual fix needed
2026-09-17 16:22:22	Desk watchdog	sim_daemon: process gone — RESTART CAP HIT (5/day), manual fix needed
2026-09-17 16:22:33	Desk watchdog	sim_daemon: process gone — RESTART CAP HIT (5/day), manual fix needed
2026-09-17 16:22:43	Desk watchdog	sim_daemon: process gone — RESTART CAP HIT (5/day), manual fix needed
2026-09-17 16:22:53	Desk watchdog	sim_daemon: process gone — RESTART CAP HIT (5/day), manual fix needed
2026-09-17 16:23:04	Desk watchdog	sim_daemon: process gone — RESTART CAP HIT (5/day), manual fix needed
2026-09-17 16:23:14	Desk watchdog	sim_daemon: process gone — RESTART CAP HIT (5/day), manual fix needed
2026-09-17 17:47:25	TRADE CLOSED · eodic_c ($283)	[EOD] Bear Call @ 7630: level ACCEPTED: spot 7634 held above the 7630 short strike for 10min (>10) — the wall we sold did not hold
2026-09-17 21:48:50	Desk watchdog	triggers: alive but heartbeat 191s stale (HUNG — open positions unmanaged) — restarting via 'MyQuant Trigger Daemon'
2026-09-17 22:20:03	⚠ Options desk — attention needed	6/8 steps green · 10 fired · 2 NEED ATTENTION
2026-09-18 15:30:27	TRADE OPENED · eodic_p (D)	[EOD] Bull Put @ 7565: vertical 25pt, net credit 0.45, coll $2,455 — reached 08:30, regime unknown
2026-09-18 15:31:05	TRADE OPENED · eodic_c (D)	[EOD] Bear Call @ 7710: vertical 25pt, net credit 0.15, coll $2,485 — reached 08:30, regime unknown
2026-09-18 15:31:25	TRADE OPENED · eodfly_p (C)	[EOD] Bull Put @ 7640 (ATM): vertical 25pt, net credit 6.70, coll $1,830 — reached 08:30, regime unknown
2026-09-18 15:32:04	TRADE OPENED · eodfly_c (C)	[EOD] Bear Call @ 7640 (ATM): vertical 25pt, net credit 11.00, coll $1,400 — reached 08:30, regime unknown
2026-09-18 15:32:25	TRADE OPENED · openic_p (D)	[Open] Bull Put @ open-74: vertical 25pt, net credit 0.45, coll $2,455 — reached 08:30, regime unknown
2026-09-18 15:32:47	TRADE OPENED · openic_c (D)	[Open] Bear Call @ open+74: vertical 25pt, net credit 0.10, coll $2,490 — reached 08:30, regime unknown
2026-09-18 15:33:08	TRADE OPENED · openfly_p (C)	[Open] Bull Put @ ATM(open): vertical 25pt, net credit 6.30, coll $1,870 — reached 08:30, regime unknown
2026-09-18 15:33:29	TRADE OPENED · openfly_c (C)	[Open] Bear Call @ ATM(open): vertical 25pt, net credit 10.60, coll $1,440 — reached 08:30, regime unknown
2026-09-18 15:33:51	TRADE OPENED · gx_bps (B)	[GexLog] Bull Put @ putWall 7600: vertical 25pt, net credit 1.40, coll $2,360 — reached 08:30, regime unknown
2026-09-18 15:34:15	TRADE OPENED · gx_bcs (C)	[GexLog] Bear Call @ callWall 7650: vertical 25pt, net credit 6.85, coll $1,815 — reached 08:30, regime unknown
2026-09-18 15:40:01	✓ Options desk healthy	FEED spx 7638.8 @ 08:39:58 (4s old) · LEVELS GexLog CAUTION · EM 7564.0–7712.0 · src 2026-09-18 06:20 · GAMEPLAN 10 triggers armed
2026-09-18 15:57:31	TRADE CLOSED · eodfly_p ($-497)	[EOD] Bull Put @ 7640 (ATM): level ACCEPTED: spot 7628 held below the 7640 short strike for 10min (>10) — the wall we sold did not hold
2026-09-18 15:57:46	TRADE CLOSED · openfly_p ($-527)	[Open] Bull Put @ ATM(open): level ACCEPTED: spot 7628 held below the 7640 short strike for 10min (>10) — the wall we sold did not hold
2026-09-18 20:19:54	Desk watchdog	marks: marks.csv 310s — restarting via 'MyQuant Marks Watch'
2026-09-18 20:57:12	TRADE CLOSED · eodfly_c ($463)	[EOD] Bear Call @ 7640 (ATM): level ACCEPTED: spot 7644 held above the 7640 short strike for 10min (>10) — the wall we sold did not hold
2026-09-18 20:57:27	TRADE CLOSED · openfly_c ($433)	[Open] Bear Call @ ATM(open): level ACCEPTED: spot 7644 held above the 7640 short strike for 10min (>10) — the wall we sold did not hold
2026-09-18 22:20:02	⚠ Options desk — attention needed	7/8 steps green · 10 fired · 1 NEED ATTENTION
2026-09-21 22:20:04	⚠ Options desk — attention needed	6/8 steps green · 0 fired · 1 NEED ATTENTION
2026-09-22 15:15:06	Desk watchdog	gateway: API 4002 — restarting via 'MyQuant Gateway Ensure'
2026-09-22 15:30:13	STOOD DOWN · eodic_p [thin_credit]	[EOD] Bull Put @ 7690: credit 0.05 < playbook minimum 0.10 — would risk $2,495 to make $5
2026-09-22 15:30:51	TRADE OPENED · eodic_c (D)	[EOD] Bear Call @ 7835: vertical 25pt, net credit 0.20, coll $2,480 — reached 08:30, regime unknown
2026-09-22 15:31:29	TRADE OPENED · eodfly_p (C)	[EOD] Bull Put @ 7765 (ATM): vertical 25pt, net credit 4.70, coll $2,030 — reached 08:30, regime unknown
2026-09-22 15:31:50	TRADE OPENED · eodfly_c (C)	[EOD] Bear Call @ 7765 (ATM): vertical 25pt, net credit 12.40, coll $1,260 — reached 08:30, regime unknown
2026-09-22 15:31:59	STOOD DOWN · openic_p [thin_credit]	[Open] Bull Put @ open-73: credit 0.05 < playbook minimum 0.10 — would risk $2,495 to make $5
2026-09-22 15:32:20	TRADE OPENED · openic_c (D)	[Open] Bear Call @ open+73: vertical 25pt, net credit 0.25, coll $2,475 — reached 08:30, regime unknown
2026-09-22 15:32:41	TRADE OPENED · openfly_p (C)	[Open] Bull Put @ ATM(open): vertical 25pt, net credit 5.40, coll $1,960 — reached 08:30, regime unknown
2026-09-22 15:33:03	TRADE OPENED · openfly_c (C)	[Open] Bear Call @ ATM(open): vertical 25pt, net credit 10.60, coll $1,440 — reached 08:30, regime unknown
2026-09-22 15:33:21	STOOD DOWN · gx_bps [broken]	[GexLog] Bull Put @ putWall 7640: zero/negative credit (-0.05) — wall already blown through
2026-09-22 15:33:43	TRADE OPENED · gx_bcs (C)	[GexLog] Bear Call @ callWall 7775: vertical 25pt, net credit 9.00, coll $1,600 — reached 08:30, regime unknown
2026-09-22 15:40:02	✓ Options desk healthy	FEED spx 7780.1 @ 08:39:58 (5s old) · LEVELS GexLog CAUTION · EM 7692.0–7837.0 · src 2026-09-22 06:20 · GAMEPLAN 10 triggers armed
2026-09-22 15:43:58	TRADE CLOSED · eodfly_c ($-17)	[EOD] Bear Call @ 7765 (ATM): level ACCEPTED: spot 7777 held above the 7765 short strike for 10min (>10) — the wall we sold did not hold
2026-09-22 15:46:03	TRADE CLOSED · openfly_c ($153)	[Open] Bear Call @ ATM(open): level ACCEPTED: spot 7777 held above the 7770 short strike for 10min (>10) — the wall we sold did not hold
2026-09-22 16:29:20	TRADE CLOSED · openfly_p ($-277)	[Open] Bull Put @ ATM(open): level ACCEPTED: spot 7766 held below the 7770 short strike for 10min (>10) — the wall we sold did not hold
2026-09-22 17:39:37	TRADE CLOSED · eodfly_p ($-502)	[EOD] Bull Put @ 7765 (ATM): level ACCEPTED: spot 7757 held below the 7765 short strike for 10min (>10) — the wall we sold did not hold
2026-09-22 22:20:04	⚠ Options desk — attention needed	7/8 steps green · 10 fired · 1 NEED ATTENTION
2026-09-23 15:31:01	TRADE OPENED · eodic_p (D)	[EOD] Bull Put @ 7695: vertical 25pt, net credit 0.25, coll $2,475 — reached 08:30, regime unknown
2026-09-23 15:31:21	STOOD DOWN · eodic_c [broken]	[EOD] Bear Call @ 7835: zero/negative credit (0.00) — wall already blown through
2026-09-23 15:31:59	TRADE OPENED · eodfly_p (C)	[EOD] Bull Put @ 7765 (ATM): vertical 25pt, net credit 9.50, coll $1,550 — reached 08:30, regime unknown
2026-09-23 15:32:36	TRADE OPENED · eodfly_c (C)	[EOD] Bear Call @ 7765 (ATM): vertical 25pt, net credit 4.50, coll $2,050 — reached 08:30, regime unknown
2026-09-23 15:33:40	TRADE OPENED · openic_p (D)	[Open] Bull Put @ open-69: vertical 25pt, net credit 0.10, coll $2,490 — reached 08:30, regime unknown
2026-09-23 15:33:48	STOOD DOWN · openic_c [thin_credit]	[Open] Bear Call @ open+69: credit 0.05 < playbook minimum 0.10 — would risk $2,495 to make $5
2026-09-23 15:34:09	TRADE OPENED · openfly_p (C)	[Open] Bull Put @ ATM(open): vertical 25pt, net credit 7.35, coll $1,765 — reached 08:30, regime unknown
2026-09-23 15:34:30	TRADE OPENED · openfly_c (C)	[Open] Bear Call @ ATM(open): vertical 25pt, net credit 6.50, coll $1,850 — reached 08:30, regime unknown
2026-09-23 15:34:53	TRADE OPENED · gx_bps (D)	[GexLog] Bull Put @ putWall 7700: vertical 25pt, net credit 0.25, coll $2,475 — reached 08:30, regime unknown
2026-09-23 15:35:16	TRADE OPENED · gx_bcs (B)	[GexLog] Bear Call @ callWall 7775: vertical 25pt, net credit 1.75, coll $2,325 — reached 08:30, regime unknown
2026-09-23 15:40:02	✓ Options desk healthy	FEED spx 7751.75 @ 08:39:58 (5s old) · LEVELS GexLog CAUTION · EM 7695.0–7834.0 · src 2026-09-23 06:20 · GAMEPLAN 10 triggers armed
2026-09-23 15:45:31	TRADE CLOSED · eodfly_p ($-407)	[EOD] Bull Put @ 7765 (ATM): level ACCEPTED: spot 7750 held below the 7765 short strike for 10min (>10) — the wall we sold did not hold
2026-09-23 15:45:46	TRADE CLOSED · openfly_p ($-442)	[Open] Bull Put @ ATM(open): level ACCEPTED: spot 7750 held below the 7760 short strike for 10min (>10) — the wall we sold did not hold
2026-09-23 20:42:14	Desk watchdog	marks: marks.csv 303s — restarting via 'MyQuant Marks Watch'
2026-09-23 22:20:03	⚠ Options desk — attention needed	7/8 steps green · 10 fired · 1 NEED ATTENTION
2026-09-24 15:30:49	TRADE OPENED · eodic_p (B)	[EOD] Bull Put @ 7625: vertical 25pt, net credit 1.65, coll $2,335 — reached 08:30, regime unknown
2026-09-24 15:30:56	STOOD DOWN · eodic_c [thin_credit]	[EOD] Bear Call @ 7785: credit 0.05 < playbook minimum 0.10 — would risk $2,495 to make $5
2026-09-24 15:31:33	TRADE OPENED · eodfly_p (B)	[EOD] Bull Put @ 7705 (ATM): vertical 25pt, net credit 18.30, coll $670 — reached 08:30, regime unknown
2026-09-24 15:32:30	TRADE OPENED · eodfly_c (B)	[EOD] Bear Call @ 7705 (ATM): vertical 25pt, net credit 2.25, coll $2,275 — reached 08:30, regime unknown
2026-09-24 15:40:02	✓ Options desk healthy	FEED spx 7680.05 @ 08:39:59 (4s old) · LEVELS GexLog CAUTION · EM 7627.0–7785.0 · src 2026-09-24 06:20 · GAMEPLAN 10 triggers armed
2026-09-24 15:42:45	TRADE CLOSED · eodfly_p ($103)	[EOD] Bull Put @ 7705 (ATM): level ACCEPTED: spot 7677 held below the 7705 short strike for 10min (>10) — the wall we sold did not hold
2026-09-24 16:05:22	TRADE OPENED · openic_p (D)	[Open] Bull Put @ open-79: vertical 25pt, net credit 0.15, coll $2,485 — reached 09:05, regime unknown
2026-09-24 16:05:43	TRADE OPENED · openic_c (D)	[Open] Bear Call @ open+79: vertical 25pt, net credit 0.10, coll $2,490 — reached 09:05, regime unknown
2026-09-24 16:06:06	TRADE OPENED · openfly_p (C)	[Open] Bull Put @ ATM(open): vertical 25pt, net credit 7.80, coll $1,720 — reached 09:05, regime unknown
2026-09-24 16:06:28	TRADE OPENED · openfly_c (C)	[Open] Bear Call @ ATM(open): vertical 25pt, net credit 8.60, coll $1,640 — reached 09:05, regime unknown
2026-09-24 16:06:49	TRADE OPENED · gx_bps (D)	[GexLog] Bull Put @ putWall 7620: vertical 25pt, net credit 0.30, coll $2,470 — reached 09:05, regime unknown
2026-09-24 16:07:09	TRADE OPENED · gx_bcs (B)	[GexLog] Bear Call @ callWall 7720: vertical 25pt, net credit 1.85, coll $2,315 — reached 09:05, regime unknown
2026-09-24 16:40:42	TRADE CLOSED · openfly_p ($-47)	[Open] Bull Put @ ATM(open): level ACCEPTED: spot 7689 held below the 7690 short strike for 10min (>10) — the wall we sold did not hold
2026-09-24 18:27:03	TRADE CLOSED · openfly_c ($-167)	[Open] Bear Call @ ATM(open): level ACCEPTED: spot 7696 held above the 7690 short strike for 10min (>10) — the wall we sold did not hold
2026-09-24 18:58:05	TRADE CLOSED · eodfly_c ($-1,022)	[EOD] Bear Call @ 7705 (ATM): level ACCEPTED: spot 7716 held above the 7705 short strike for 10min (>10) — the wall we sold did not hold
2026-09-24 21:04:12	Desk watchdog	marks: marks.csv 310s — restarting via 'MyQuant Marks Watch'
2026-09-24 22:20:03	⚠ Options desk — attention needed	6/8 steps green · 10 fired · 2 NEED ATTENTION
2026-09-25 15:30:28	TRADE OPENED · eodic_p (D)	[EOD] Bull Put @ 7630: vertical 25pt, net credit 0.25, coll $2,475 — reached 08:30, regime unknown
2026-09-25 15:30:50	TRADE OPENED · eodic_c (D)	[EOD] Bear Call @ 7780: vertical 25pt, net credit 0.15, coll $2,485 — reached 08:30, regime unknown
2026-09-25 15:31:11	TRADE OPENED · eodfly_p (C)	[EOD] Bull Put @ 7705 (ATM): vertical 25pt, net credit 6.00, coll $1,900 — reached 08:30, regime unknown
2026-09-25 15:33:13	TRADE OPENED · eodfly_c (B)	[EOD] Bear Call @ 7705 (ATM): vertical 25pt, net credit 14.40, coll $1,060 — reached 08:30, regime unknown
2026-09-25 15:40:03	✓ Options desk healthy	FEED spx 7726.95 @ 08:39:59 (4s old) · LEVELS GexLog WAIT · EM 7630.0–7778.0 · src 2026-09-25 06:20 · GAMEPLAN 10 triggers armed
2026-09-25 15:43:28	TRADE CLOSED · eodfly_c ($-277)	[EOD] Bear Call @ 7705 (ATM): level ACCEPTED: spot 7729 held above the 7705 short strike for 10min (>10) — the wall we sold did not hold
2026-09-25 16:09:58	TRADE OPENED · openfly_p (C)	[Open] Bull Put @ ATM(open): vertical 25pt, net credit 8.30, coll $1,670 — reached 09:05, regime unknown
2026-09-25 16:10:35	TRADE OPENED · openfly_c (C)	[Open] Bear Call @ ATM(open): vertical 25pt, net credit 10.20, coll $1,480 — reached 09:05, regime unknown
2026-09-25 16:11:02	Desk watchdog	triggers: alive but heartbeat 357s stale (HUNG — open positions unmanaged) — restarting via 'MyQuant Trigger Daemon'
2026-09-25 16:21:12	Desk watchdog	triggers: process gone — restarting via 'MyQuant Trigger Daemon'
2026-09-25 16:31:24	Desk watchdog	triggers: process gone — restarting via 'MyQuant Trigger Daemon'
2026-09-25 16:41:34	Desk watchdog	triggers: process gone — restarting via 'MyQuant Trigger Daemon'
2026-09-25 16:51:44	Desk watchdog	triggers: process gone — restarting via 'MyQuant Trigger Daemon'
2026-09-25 16:51:57	Desk watchdog	triggers: process gone — RESTART CAP HIT (5/day), manual fix needed
2026-09-25 16:52:10	Desk watchdog	triggers: process gone — RESTART CAP HIT (5/day), manual fix needed
2026-09-25 16:52:23	Desk watchdog	triggers: process gone — RESTART CAP HIT (5/day), manual fix needed
2026-09-25 16:52:36	Desk watchdog	triggers: process gone — RESTART CAP HIT (5/day), manual fix needed
2026-09-25 16:52:49	Desk watchdog	triggers: process gone — RESTART CAP HIT (5/day), manual fix needed
2026-09-25 16:53:02	Desk watchdog	triggers: process gone — RESTART CAP HIT (5/day), manual fix needed
2026-09-25 16:53:07	Desk watchdog	triggers: process gone — RESTART CAP HIT (5/day), manual fix needed
2026-09-25 16:53:14	Desk watchdog	triggers: process gone — RESTART CAP HIT (5/day), manual fix needed
2026-09-25 16:53:28	Desk watchdog	triggers: process gone — RESTART CAP HIT (5/day), manual fix needed
2026-09-25 16:53:40	Desk watchdog	triggers: process gone — RESTART CAP HIT (5/day), manual fix needed
2026-09-25 16:53:53	Desk watchdog	triggers: process gone — RESTART CAP HIT (5/day), manual fix needed
2026-09-25 16:54:06	Desk watchdog	triggers: process gone — RESTART CAP HIT (5/day), manual fix needed
2026-09-25 16:54:19	Desk watchdog	triggers: process gone — RESTART CAP HIT (5/day), manual fix needed
2026-09-25 16:54:32	Desk watchdog	triggers: process gone — RESTART CAP HIT (5/day), manual fix needed
2026-09-25 16:54:45	Desk watchdog	triggers: process gone — RESTART CAP HIT (5/day), manual fix needed
2026-09-25 16:54:57	Desk watchdog	triggers: process gone — RESTART CAP HIT (5/day), manual fix needed
2026-09-25 16:55:10	Desk watchdog	triggers: process gone — RESTART CAP HIT (5/day), manual fix needed
2026-09-25 16:55:23	Desk watchdog	triggers: process gone — RESTART CAP HIT (5/day), manual fix needed
2026-09-25 16:55:36	Desk watchdog	triggers: process gone — RESTART CAP HIT (5/day), manual fix needed
2026-09-25 16:55:49	Desk watchdog	triggers: process gone — RESTART CAP HIT (5/day), manual fix needed
2026-09-25 16:56:01	Desk watchdog	triggers: process gone — RESTART CAP HIT (5/day), manual fix needed
2026-09-25 16:56:15	Desk watchdog	triggers: process gone — RESTART CAP HIT (5/day), manual fix needed
2026-09-25 16:56:27	Desk watchdog	triggers: process gone — RESTART CAP HIT (5/day), manual fix needed
2026-09-25 16:56:40	Desk watchdog	triggers: process gone — RESTART CAP HIT (5/day), manual fix needed
2026-09-25 16:56:53	Desk watchdog	triggers: process gone — RESTART CAP HIT (5/day), manual fix needed
2026-09-25 16:57:06	Desk watchdog	triggers: process gone — RESTART CAP HIT (5/day), manual fix needed
2026-09-25 16:57:19	Desk watchdog	triggers: process gone — RESTART CAP HIT (5/day), manual fix needed
2026-09-25 16:57:31	Desk watchdog	triggers: process gone — RESTART CAP HIT (5/day), manual fix needed
2026-09-25 16:57:45	Desk watchdog	triggers: process gone — RESTART CAP HIT (5/day), manual fix needed
2026-09-25 16:57:57	Desk watchdog	triggers: process gone — RESTART CAP HIT (5/day), manual fix needed
2026-09-25 16:58:07	Desk watchdog	triggers: process gone — RESTART CAP HIT (5/day), manual fix needed
2026-09-25 16:58:10	Desk watchdog	triggers: process gone — RESTART CAP HIT (5/day), manual fix needed
2026-09-25 16:58:23	Desk watchdog	triggers: process gone — RESTART CAP HIT (5/day), manual fix needed
2026-09-25 16:58:36	Desk watchdog	triggers: process gone — RESTART CAP HIT (5/day), manual fix needed
2026-09-25 16:58:49	Desk watchdog	triggers: process gone — RESTART CAP HIT (5/day), manual fix needed
2026-09-25 16:59:02	Desk watchdog	triggers: process gone — RESTART CAP HIT (5/day), manual fix needed
2026-09-25 16:59:15	Desk watchdog	triggers: process gone — RESTART CAP HIT (5/day), manual fix needed
2026-09-25 16:59:28	Desk watchdog	triggers: process gone — RESTART CAP HIT (5/day), manual fix needed
2026-09-25 16:59:40	Desk watchdog	triggers: process gone — RESTART CAP HIT (5/day), manual fix needed
2026-09-25 16:59:54	Desk watchdog	triggers: process gone — RESTART CAP HIT (5/day), manual fix needed
2026-09-25 17:00:06	Desk watchdog	triggers: process gone — RESTART CAP HIT (5/day), manual fix needed
2026-09-25 17:00:19	Desk watchdog	triggers: process gone — RESTART CAP HIT (5/day), manual fix needed
2026-09-25 17:00:32	Desk watchdog	triggers: process gone — RESTART CAP HIT (5/day), manual fix needed
2026-09-25 17:00:45	Desk watchdog	triggers: process gone — RESTART CAP HIT (5/day), manual fix needed
2026-09-25 17:00:58	Desk watchdog	triggers: process gone — RESTART CAP HIT (5/day), manual fix needed
2026-09-25 17:01:11	Desk watchdog	triggers: process gone — RESTART CAP HIT (5/day), manual fix needed
2026-09-25 17:01:24	Desk watchdog	triggers: process gone — RESTART CAP HIT (5/day), manual fix needed
2026-09-25 17:01:37	Desk watchdog	triggers: process gone — RESTART CAP HIT (5/day), manual fix needed
2026-09-25 17:01:49	Desk watchdog	triggers: process gone — RESTART CAP HIT (5/day), manual fix needed
2026-09-25 17:02:03	Desk watchdog	triggers: process gone — RESTART CAP HIT (5/day), manual fix needed
2026-09-25 17:02:15	Desk watchdog	triggers: process gone — RESTART CAP HIT (5/day), manual fix needed
2026-09-25 17:02:28	Desk watchdog	triggers: process gone — RESTART CAP HIT (5/day), manual fix needed
2026-09-25 17:02:41	Desk watchdog	triggers: process gone — RESTART CAP HIT (5/day), manual fix needed
2026-09-25 17:02:54	Desk watchdog	triggers: process gone — RESTART CAP HIT (5/day), manual fix needed
2026-09-25 17:03:07	Desk watchdog	triggers: process gone — RESTART CAP HIT (5/day), manual fix needed
2026-09-25 17:03:07	Desk watchdog	triggers: process gone — RESTART CAP HIT (5/day), manual fix needed
2026-09-25 17:03:20	Desk watchdog	triggers: process gone — RESTART CAP HIT (5/day), manual fix needed
2026-09-25 17:03:32	Desk watchdog	triggers: process gone — RESTART CAP HIT (5/day), manual fix needed
2026-09-25 17:03:46	Desk watchdog	triggers: process gone — RESTART CAP HIT (5/day), manual fix needed
2026-09-25 17:03:58	Desk watchdog	triggers: process gone — RESTART CAP HIT (5/day), manual fix needed
2026-09-25 17:04:11	Desk watchdog	triggers: process gone — RESTART CAP HIT (5/day), manual fix needed
2026-09-25 17:04:24	Desk watchdog	triggers: process gone — RESTART CAP HIT (5/day), manual fix needed
2026-09-25 17:04:37	Desk watchdog	triggers: process gone — RESTART CAP HIT (5/day), manual fix needed
2026-09-25 17:04:50	Desk watchdog	triggers: process gone — RESTART CAP HIT (5/day), manual fix needed
2026-09-25 17:05:03	Desk watchdog	triggers: process gone — RESTART CAP HIT (5/day), manual fix needed
2026-09-25 17:05:16	Desk watchdog	triggers: process gone — RESTART CAP HIT (5/day), manual fix needed
2026-09-25 17:05:28	Desk watchdog	triggers: process gone — RESTART CAP HIT (5/day), manual fix needed
2026-09-25 17:05:41	Desk watchdog	triggers: process gone — RESTART CAP HIT (5/day), manual fix needed
2026-09-25 17:05:54	Desk watchdog	triggers: process gone — RESTART CAP HIT (5/day), manual fix needed
2026-09-25 17:06:07	Desk watchdog	triggers: process gone — RESTART CAP HIT (5/day), manual fix needed
2026-09-25 17:06:20	Desk watchdog	triggers: process gone — RESTART CAP HIT (5/day), manual fix needed
2026-09-25 17:06:33	Desk watchdog	triggers: process gone — RESTART CAP HIT (5/day), manual fix needed
2026-09-25 17:06:46	Desk watchdog	triggers: process gone — RESTART CAP HIT (5/day), manual fix needed
2026-09-25 17:06:59	Desk watchdog	triggers: process gone — RESTART CAP HIT (5/day), manual fix needed
2026-09-25 17:07:11	Desk watchdog	triggers: process gone — RESTART CAP HIT (5/day), manual fix needed
2026-09-25 17:07:24	Desk watchdog	triggers: process gone — RESTART CAP HIT (5/day), manual fix needed
2026-09-25 17:07:37	Desk watchdog	triggers: process gone — RESTART CAP HIT (5/day), manual fix needed
2026-09-25 17:07:50	Desk watchdog	triggers: process gone — RESTART CAP HIT (5/day), manual fix needed
2026-09-25 17:08:03	Desk watchdog	triggers: process gone — RESTART CAP HIT (5/day), manual fix needed
2026-09-25 17:08:07	Desk watchdog	triggers: process gone — RESTART CAP HIT (5/day), manual fix needed
2026-09-25 17:08:15	Desk watchdog	triggers: process gone — RESTART CAP HIT (5/day), manual fix needed
2026-09-25 17:08:29	Desk watchdog	triggers: process gone — RESTART CAP HIT (5/day), manual fix needed
2026-09-25 17:08:41	Desk watchdog	triggers: process gone — RESTART CAP HIT (5/day), manual fix needed
2026-09-25 17:08:54	Desk watchdog	triggers: process gone — RESTART CAP HIT (5/day), manual fix needed
2026-09-25 17:09:07	Desk watchdog	triggers: process gone — RESTART CAP HIT (5/day), manual fix needed
2026-09-25 17:09:20	Desk watchdog	triggers: process gone — RESTART CAP HIT (5/day), manual fix needed
2026-09-25 17:09:33	Desk watchdog	triggers: process gone — RESTART CAP HIT (5/day), manual fix needed
2026-09-25 17:09:46	Desk watchdog	triggers: process gone — RESTART CAP HIT (5/day), manual fix needed
2026-09-25 17:09:58	Desk watchdog	triggers: process gone — RESTART CAP HIT (5/day), manual fix needed
2026-09-25 17:10:11	Desk watchdog	triggers: process gone — RESTART CAP HIT (5/day), manual fix needed
2026-09-25 17:10:24	Desk watchdog	triggers: process gone — RESTART CAP HIT (5/day), manual fix needed
2026-09-25 17:10:37	Desk watchdog	triggers: process gone — RESTART CAP HIT (5/day), manual fix needed
2026-09-25 17:10:50	Desk watchdog	triggers: process gone — RESTART CAP HIT (5/day), manual fix needed
2026-09-25 17:11:02	Desk watchdog	triggers: process gone — RESTART CAP HIT (5/day), manual fix needed
2026-09-25 17:11:15	Desk watchdog	triggers: process gone — RESTART CAP HIT (5/day), manual fix needed
2026-09-25 17:11:28	Desk watchdog	triggers: process gone — RESTART CAP HIT (5/day), manual fix needed
2026-09-25 17:11:41	Desk watchdog	triggers: process gone — RESTART CAP HIT (5/day), manual fix needed
2026-09-25 17:11:54	Desk watchdog	triggers: process gone — RESTART CAP HIT (5/day), manual fix needed
2026-09-25 17:12:07	Desk watchdog	triggers: process gone — RESTART CAP HIT (5/day), manual fix needed
2026-09-25 17:12:21	Desk watchdog	triggers: process gone — RESTART CAP HIT (5/day), manual fix needed
2026-09-25 17:12:34	Desk watchdog	triggers: process gone — RESTART CAP HIT (5/day), manual fix needed
2026-09-25 17:12:47	Desk watchdog	triggers: process gone — RESTART CAP HIT (5/day), manual fix needed
2026-09-25 17:12:59	Desk watchdog	triggers: process gone — RESTART CAP HIT (5/day), manual fix needed
2026-09-25 17:13:07	Desk watchdog	triggers: process gone — RESTART CAP HIT (5/day), manual fix needed
2026-09-25 17:13:12	Desk watchdog	triggers: process gone — RESTART CAP HIT (5/day), manual fix needed
2026-09-25 17:13:25	Desk watchdog	triggers: process gone — RESTART CAP HIT (5/day), manual fix needed
2026-09-25 17:13:38	Desk watchdog	triggers: process gone — RESTART CAP HIT (5/day), manual fix needed
2026-09-25 17:13:51	Desk watchdog	triggers: process gone — RESTART CAP HIT (5/day), manual fix needed
2026-09-25 17:14:04	Desk watchdog	triggers: process gone — RESTART CAP HIT (5/day), manual fix needed
2026-09-25 17:14:16	Desk watchdog	triggers: process gone — RESTART CAP HIT (5/day), manual fix needed
2026-09-25 17:14:29	Desk watchdog	triggers: process gone — RESTART CAP HIT (5/day), manual fix needed
2026-09-25 17:14:42	Desk watchdog	triggers: process gone — RESTART CAP HIT (5/day), manual fix needed
2026-09-25 17:14:55	Desk watchdog	triggers: process gone — RESTART CAP HIT (5/day), manual fix needed
2026-09-25 17:15:08	Desk watchdog	triggers: process gone — RESTART CAP HIT (5/day), manual fix needed
2026-09-25 17:15:21	Desk watchdog	triggers: process gone — RESTART CAP HIT (5/day), manual fix needed
2026-09-25 17:15:34	Desk watchdog	triggers: process gone — RESTART CAP HIT (5/day), manual fix needed
2026-09-25 17:15:47	Desk watchdog	triggers: process gone — RESTART CAP HIT (5/day), manual fix needed
2026-09-25 17:16:00	Desk watchdog	triggers: process gone — RESTART CAP HIT (5/day), manual fix needed
2026-09-25 17:16:13	Desk watchdog	triggers: process gone — RESTART CAP HIT (5/day), manual fix needed
2026-09-25 17:16:25	Desk watchdog	triggers: process gone — RESTART CAP HIT (5/day), manual fix needed
2026-09-25 17:16:39	Desk watchdog	triggers: process gone — RESTART CAP HIT (5/day), manual fix needed
2026-09-25 17:16:51	Desk watchdog	triggers: process gone — RESTART CAP HIT (5/day), manual fix needed
2026-09-25 17:17:04	Desk watchdog	triggers: process gone — RESTART CAP HIT (5/day), manual fix needed
2026-09-25 17:17:17	Desk watchdog	triggers: process gone — RESTART CAP HIT (5/day), manual fix needed
2026-09-25 17:17:30	Desk watchdog	triggers: process gone — RESTART CAP HIT (5/day), manual fix needed
2026-09-25 17:17:43	Desk watchdog	triggers: process gone — RESTART CAP HIT (5/day), manual fix needed
2026-09-25 17:17:55	Desk watchdog	triggers: process gone — RESTART CAP HIT (5/day), manual fix needed
2026-09-25 17:18:07	Desk watchdog	triggers: process gone — RESTART CAP HIT (5/day), manual fix needed
2026-09-25 17:18:09	Desk watchdog	triggers: process gone — RESTART CAP HIT (5/day), manual fix needed
2026-09-25 17:18:21	Desk watchdog	triggers: process gone — RESTART CAP HIT (5/day), manual fix needed
2026-09-25 17:18:34	Desk watchdog	triggers: process gone — RESTART CAP HIT (5/day), manual fix needed
2026-09-25 17:18:47	Desk watchdog	triggers: process gone — RESTART CAP HIT (5/day), manual fix needed
2026-09-25 17:19:00	Desk watchdog	triggers: process gone — RESTART CAP HIT (5/day), manual fix needed
2026-09-25 17:19:13	Desk watchdog	triggers: process gone — RESTART CAP HIT (5/day), manual fix needed
2026-09-25 17:19:26	Desk watchdog	triggers: process gone — RESTART CAP HIT (5/day), manual fix needed
2026-09-25 17:19:38	Desk watchdog	triggers: process gone — RESTART CAP HIT (5/day), manual fix needed
2026-09-25 17:19:51	Desk watchdog	triggers: process gone — RESTART CAP HIT (5/day), manual fix needed
2026-09-25 17:20:04	Desk watchdog	triggers: process gone — RESTART CAP HIT (5/day), manual fix needed
2026-09-25 17:20:17	Desk watchdog	triggers: process gone — RESTART CAP HIT (5/day), manual fix needed
2026-09-25 17:20:30	Desk watchdog	triggers: process gone — RESTART CAP HIT (5/day), manual fix needed
2026-09-25 17:20:43	Desk watchdog	triggers: process gone — RESTART CAP HIT (5/day), manual fix needed
2026-09-25 17:20:56	Desk watchdog	triggers: process gone — RESTART CAP HIT (5/day), manual fix needed
2026-09-25 17:21:09	Desk watchdog	triggers: process gone — RESTART CAP HIT (5/day), manual fix needed
2026-09-25 17:21:22	Desk watchdog	triggers: process gone — RESTART CAP HIT (5/day), manual fix needed
2026-09-25 17:21:35	Desk watchdog	triggers: process gone — RESTART CAP HIT (5/day), manual fix needed
2026-09-25 17:21:47	Desk watchdog	triggers: process gone — RESTART CAP HIT (5/day), manual fix needed
2026-09-25 17:22:01	Desk watchdog	triggers: process gone — RESTART CAP HIT (5/day), manual fix needed
2026-09-25 17:22:13	Desk watchdog	triggers: process gone — RESTART CAP HIT (5/day), manual fix needed
2026-09-25 17:22:27	Desk watchdog	triggers: process gone — RESTART CAP HIT (5/day), manual fix needed
2026-09-25 17:22:39	Desk watchdog	triggers: process gone — RESTART CAP HIT (5/day), manual fix needed
2026-09-25 17:22:52	Desk watchdog	triggers: process gone — RESTART CAP HIT (5/day), manual fix needed
2026-09-25 17:23:05	Desk watchdog	triggers: process gone — RESTART CAP HIT (5/day), manual fix needed
2026-09-25 17:23:07	Desk watchdog	triggers: process gone — RESTART CAP HIT (5/day), manual fix needed
2026-09-25 17:23:18	Desk watchdog	triggers: process gone — RESTART CAP HIT (5/day), manual fix needed
2026-09-25 17:23:31	Desk watchdog	triggers: process gone — RESTART CAP HIT (5/day), manual fix needed
2026-09-25 17:23:44	Desk watchdog	triggers: process gone — RESTART CAP HIT (5/day), manual fix needed
2026-09-25 17:23:56	Desk watchdog	triggers: process gone — RESTART CAP HIT (5/day), manual fix needed
2026-09-25 17:24:09	Desk watchdog	triggers: process gone — RESTART CAP HIT (5/day), manual fix needed
2026-09-25 17:24:22	Desk watchdog	triggers: process gone — RESTART CAP HIT (5/day), manual fix needed
2026-09-25 17:24:35	Desk watchdog	triggers: process gone — RESTART CAP HIT (5/day), manual fix needed
2026-09-25 17:24:48	Desk watchdog	triggers: process gone — RESTART CAP HIT (5/day), manual fix needed
2026-09-25 17:25:00	Desk watchdog	triggers: process gone — RESTART CAP HIT (5/day), manual fix needed
2026-09-25 17:25:14	Desk watchdog	triggers: process gone — RESTART CAP HIT (5/day), manual fix needed
2026-09-25 17:25:26	Desk watchdog	triggers: process gone — RESTART CAP HIT (5/day), manual fix needed
2026-09-25 17:25:39	Desk watchdog	triggers: process gone — RESTART CAP HIT (5/day), manual fix needed
2026-09-25 17:25:52	Desk watchdog	triggers: process gone — RESTART CAP HIT (5/day), manual fix needed
2026-09-25 17:26:05	Desk watchdog	triggers: process gone — RESTART CAP HIT (5/day), manual fix needed
2026-09-25 17:26:18	Desk watchdog	triggers: process gone — RESTART CAP HIT (5/day), manual fix needed
2026-09-25 17:26:31	Desk watchdog	triggers: process gone — RESTART CAP HIT (5/day), manual fix needed
2026-09-25 17:26:44	Desk watchdog	triggers: process gone — RESTART CAP HIT (5/day), manual fix needed
2026-09-25 17:26:56	Desk watchdog	triggers: process gone — RESTART CAP HIT (5/day), manual fix needed
2026-09-25 17:27:09	Desk watchdog	triggers: process gone — RESTART CAP HIT (5/day), manual fix needed
2026-09-25 17:27:22	Desk watchdog	triggers: process gone — RESTART CAP HIT (5/day), manual fix needed
2026-09-25 17:27:35	Desk watchdog	triggers: process gone — RESTART CAP HIT (5/day), manual fix needed
2026-09-25 17:27:48	Desk watchdog	triggers: process gone — RESTART CAP HIT (5/day), manual fix needed
2026-09-25 17:28:01	Desk watchdog	triggers: process gone — RESTART CAP HIT (5/day), manual fix needed
2026-09-25 17:28:07	Desk watchdog	triggers: process gone — RESTART CAP HIT (5/day), manual fix needed
2026-09-25 17:28:13	Desk watchdog	triggers: process gone — RESTART CAP HIT (5/day), manual fix needed
2026-09-25 17:28:26	Desk watchdog	triggers: process gone — RESTART CAP HIT (5/day), manual fix needed
2026-09-25 17:28:39	Desk watchdog	triggers: process gone — RESTART CAP HIT (5/day), manual fix needed
2026-09-25 17:28:52	Desk watchdog	triggers: process gone — RESTART CAP HIT (5/day), manual fix needed
2026-09-25 17:29:05	Desk watchdog	triggers: process gone — RESTART CAP HIT (5/day), manual fix needed
2026-09-25 17:29:18	Desk watchdog	triggers: process gone — RESTART CAP HIT (5/day), manual fix needed
2026-09-25 17:29:31	Desk watchdog	triggers: process gone — RESTART CAP HIT (5/day), manual fix needed
2026-09-25 17:29:43	Desk watchdog	triggers: process gone — RESTART CAP HIT (5/day), manual fix needed
2026-09-25 17:29:56	Desk watchdog	triggers: process gone — RESTART CAP HIT (5/day), manual fix needed
2026-09-25 17:30:09	Desk watchdog	triggers: process gone — RESTART CAP HIT (5/day), manual fix needed
2026-09-25 17:30:22	Desk watchdog	triggers: process gone — RESTART CAP HIT (5/day), manual fix needed
2026-09-25 17:30:35	Desk watchdog	triggers: process gone — RESTART CAP HIT (5/day), manual fix needed
2026-09-25 17:30:48	Desk watchdog	triggers: process gone — RESTART CAP HIT (5/day), manual fix needed
2026-09-25 17:31:01	Desk watchdog	triggers: process gone — RESTART CAP HIT (5/day), manual fix needed
2026-09-25 17:31:13	Desk watchdog	triggers: process gone — RESTART CAP HIT (5/day), manual fix needed
2026-09-25 17:31:26	Desk watchdog	triggers: process gone — RESTART CAP HIT (5/day), manual fix needed
2026-09-25 17:31:40	Desk watchdog	triggers: process gone — RESTART CAP HIT (5/day), manual fix needed
2026-09-25 17:31:52	Desk watchdog	triggers: process gone — RESTART CAP HIT (5/day), manual fix needed
2026-09-25 17:32:05	Desk watchdog	triggers: process gone — RESTART CAP HIT (5/day), manual fix needed
2026-09-25 17:32:18	Desk watchdog	triggers: process gone — RESTART CAP HIT (5/day), manual fix needed
2026-09-25 17:32:31	Desk watchdog	triggers: process gone — RESTART CAP HIT (5/day), manual fix needed
2026-09-25 17:32:44	Desk watchdog	triggers: process gone — RESTART CAP HIT (5/day), manual fix needed
2026-09-25 17:32:57	Desk watchdog	triggers: process gone — RESTART CAP HIT (5/day), manual fix needed
2026-09-25 17:33:07	Desk watchdog	triggers: process gone — RESTART CAP HIT (5/day), manual fix needed
2026-09-25 17:33:10	Desk watchdog	triggers: process gone — RESTART CAP HIT (5/day), manual fix needed
2026-09-25 17:33:22	Desk watchdog	triggers: process gone — RESTART CAP HIT (5/day), manual fix needed
2026-09-25 17:33:35	Desk watchdog	triggers: process gone — RESTART CAP HIT (5/day), manual fix needed
2026-09-25 17:33:48	Desk watchdog	triggers: process gone — RESTART CAP HIT (5/day), manual fix needed
2026-09-25 17:34:01	Desk watchdog	triggers: process gone — RESTART CAP HIT (5/day), manual fix needed
2026-09-25 17:34:14	Desk watchdog	triggers: process gone — RESTART CAP HIT (5/day), manual fix needed
2026-09-25 17:34:27	Desk watchdog	triggers: process gone — RESTART CAP HIT (5/day), manual fix needed
2026-09-25 17:34:39	Desk watchdog	triggers: process gone — RESTART CAP HIT (5/day), manual fix needed
2026-09-25 17:34:52	Desk watchdog	triggers: process gone — RESTART CAP HIT (5/day), manual fix needed
2026-09-25 17:35:05	Desk watchdog	triggers: process gone — RESTART CAP HIT (5/day), manual fix needed
2026-09-25 17:35:18	Desk watchdog	triggers: process gone — RESTART CAP HIT (5/day), manual fix needed
2026-09-25 17:35:31	Desk watchdog	triggers: process gone — RESTART CAP HIT (5/day), manual fix needed
2026-09-25 17:35:44	Desk watchdog	triggers: process gone — RESTART CAP HIT (5/day), manual fix needed
2026-09-25 17:35:57	Desk watchdog	triggers: process gone — RESTART CAP HIT (5/day), manual fix needed
2026-09-25 17:36:09	Desk watchdog	triggers: process gone — RESTART CAP HIT (5/day), manual fix needed
2026-09-25 17:36:23	Desk watchdog	triggers: process gone — RESTART CAP HIT (5/day), manual fix needed
2026-09-25 17:36:35	Desk watchdog	triggers: process gone — RESTART CAP HIT (5/day), manual fix needed
2026-09-25 17:36:48	Desk watchdog	triggers: process gone — RESTART CAP HIT (5/day), manual fix needed
2026-09-25 17:37:01	Desk watchdog	triggers: process gone — RESTART CAP HIT (5/day), manual fix needed
2026-09-25 17:37:14	Desk watchdog	triggers: process gone — RESTART CAP HIT (5/day), manual fix needed
2026-09-25 17:37:27	Desk watchdog	triggers: process gone — RESTART CAP HIT (5/day), manual fix needed
2026-09-25 17:37:39	Desk watchdog	triggers: process gone — RESTART CAP HIT (5/day), manual fix needed
2026-09-25 17:37:52	Desk watchdog	triggers: process gone — RESTART CAP HIT (5/day), manual fix needed
2026-09-25 17:38:05	Desk watchdog	triggers: process gone — RESTART CAP HIT (5/day), manual fix needed
2026-09-25 17:38:07	Desk watchdog	triggers: process gone — RESTART CAP HIT (5/day), manual fix needed
2026-09-25 17:38:18	Desk watchdog	triggers: process gone — RESTART CAP HIT (5/day), manual fix needed
2026-09-25 17:38:31	Desk watchdog	triggers: process gone — RESTART CAP HIT (5/day), manual fix needed
2026-09-25 17:38:44	Desk watchdog	triggers: process gone — RESTART CAP HIT (5/day), manual fix needed
2026-09-25 17:38:57	Desk watchdog	triggers: process gone — RESTART CAP HIT (5/day), manual fix needed
2026-09-25 17:39:10	Desk watchdog	triggers: process gone — RESTART CAP HIT (5/day), manual fix needed
2026-09-25 17:39:22	Desk watchdog	triggers: process gone — RESTART CAP HIT (5/day), manual fix needed
2026-09-25 17:39:36	Desk watchdog	triggers: process gone — RESTART CAP HIT (5/day), manual fix needed
2026-09-25 17:39:48	Desk watchdog	triggers: process gone — RESTART CAP HIT (5/day), manual fix needed
2026-09-25 17:40:01	Desk watchdog	triggers: process gone — RESTART CAP HIT (5/day), manual fix needed
2026-09-25 17:40:14	Desk watchdog	triggers: process gone — RESTART CAP HIT (5/day), manual fix needed
2026-09-25 17:40:27	Desk watchdog	triggers: process gone — RESTART CAP HIT (5/day), manual fix needed
2026-09-25 17:40:40	Desk watchdog	triggers: process gone — RESTART CAP HIT (5/day), manual fix needed
2026-09-25 17:40:53	Desk watchdog	triggers: process gone — RESTART CAP HIT (5/day), manual fix needed
2026-09-25 17:41:05	Desk watchdog	triggers: process gone — RESTART CAP HIT (5/day), manual fix needed
2026-09-25 17:41:19	Desk watchdog	triggers: process gone — RESTART CAP HIT (5/day), manual fix needed
2026-09-25 17:41:31	Desk watchdog	triggers: process gone — RESTART CAP HIT (5/day), manual fix needed
2026-09-25 17:41:44	Desk watchdog	triggers: process gone — RESTART CAP HIT (5/day), manual fix needed
2026-09-25 17:41:57	Desk watchdog	triggers: process gone — RESTART CAP HIT (5/day), manual fix needed
2026-09-25 17:42:10	Desk watchdog	triggers: process gone — RESTART CAP HIT (5/day), manual fix needed
2026-09-25 17:42:23	Desk watchdog	triggers: process gone — RESTART CAP HIT (5/day), manual fix needed
2026-09-25 17:42:35	Desk watchdog	triggers: process gone — RESTART CAP HIT (5/day), manual fix needed
2026-09-25 17:42:49	Desk watchdog	triggers: process gone — RESTART CAP HIT (5/day), manual fix needed
2026-09-25 17:43:01	Desk watchdog	triggers: process gone — RESTART CAP HIT (5/day), manual fix needed
2026-09-25 17:43:07	Desk watchdog	triggers: process gone — RESTART CAP HIT (5/day), manual fix needed
2026-09-25 17:43:14	Desk watchdog	triggers: process gone — RESTART CAP HIT (5/day), manual fix needed
2026-09-25 17:43:27	Desk watchdog	triggers: process gone — RESTART CAP HIT (5/day), manual fix needed
2026-09-25 17:43:40	Desk watchdog	triggers: process gone — RESTART CAP HIT (5/day), manual fix needed
2026-09-25 17:43:56	Desk watchdog	triggers: process gone — RESTART CAP HIT (5/day), manual fix needed
2026-09-25 17:44:09	Desk watchdog	triggers: process gone — RESTART CAP HIT (5/day), manual fix needed
2026-09-25 17:44:21	Desk watchdog	triggers: process gone — RESTART CAP HIT (5/day), manual fix needed
2026-09-25 17:44:35	Desk watchdog	triggers: process gone — RESTART CAP HIT (5/day), manual fix needed
2026-09-25 17:44:48	Desk watchdog	triggers: process gone — RESTART CAP HIT (5/day), manual fix needed
2026-09-25 17:45:01	Desk watchdog	triggers: process gone — RESTART CAP HIT (5/day), manual fix needed
2026-09-25 17:45:13	Desk watchdog	triggers: process gone — RESTART CAP HIT (5/day), manual fix needed
2026-09-25 17:45:26	Desk watchdog	triggers: process gone — RESTART CAP HIT (5/day), manual fix needed
2026-09-25 17:45:39	Desk watchdog	triggers: process gone — RESTART CAP HIT (5/day), manual fix needed
2026-09-25 17:45:52	Desk watchdog	triggers: process gone — RESTART CAP HIT (5/day), manual fix needed
2026-09-25 17:46:05	Desk watchdog	triggers: process gone — RESTART CAP HIT (5/day), manual fix needed
2026-09-25 17:46:18	Desk watchdog	triggers: process gone — RESTART CAP HIT (5/day), manual fix needed
2026-09-25 17:46:30	Desk watchdog	triggers: process gone — RESTART CAP HIT (5/day), manual fix needed
2026-09-25 17:46:43	Desk watchdog	triggers: process gone — RESTART CAP HIT (5/day), manual fix needed
2026-09-25 17:46:56	Desk watchdog	triggers: process gone — RESTART CAP HIT (5/day), manual fix needed
2026-09-25 17:47:09	Desk watchdog	triggers: process gone — RESTART CAP HIT (5/day), manual fix needed
2026-09-25 17:47:22	Desk watchdog	triggers: process gone — RESTART CAP HIT (5/day), manual fix needed
2026-09-25 17:47:35	Desk watchdog	triggers: process gone — RESTART CAP HIT (5/day), manual fix needed
2026-09-25 17:47:48	Desk watchdog	triggers: process gone — RESTART CAP HIT (5/day), manual fix needed
2026-09-25 17:48:01	Desk watchdog	triggers: process gone — RESTART CAP HIT (5/day), manual fix needed
2026-09-25 17:48:07	Desk watchdog	triggers: process gone — RESTART CAP HIT (5/day), manual fix needed
2026-09-25 17:48:14	Desk watchdog	triggers: process gone — RESTART CAP HIT (5/day), manual fix needed
2026-09-25 17:48:26	Desk watchdog	triggers: process gone — RESTART CAP HIT (5/day), manual fix needed
2026-09-25 17:48:39	Desk watchdog	triggers: process gone — RESTART CAP HIT (5/day), manual fix needed
2026-09-25 17:48:52	Desk watchdog	triggers: process gone — RESTART CAP HIT (5/day), manual fix needed
2026-09-25 17:49:05	Desk watchdog	triggers: process gone — RESTART CAP HIT (5/day), manual fix needed
2026-09-25 17:49:18	Desk watchdog	triggers: process gone — RESTART CAP HIT (5/day), manual fix needed
2026-09-25 17:49:31	Desk watchdog	triggers: process gone — RESTART CAP HIT (5/day), manual fix needed
2026-09-25 17:49:43	Desk watchdog	triggers: process gone — RESTART CAP HIT (5/day), manual fix needed
2026-09-25 17:49:56	Desk watchdog	triggers: process gone — RESTART CAP HIT (5/day), manual fix needed
2026-09-25 17:50:09	Desk watchdog	triggers: process gone — RESTART CAP HIT (5/day), manual fix needed
2026-09-25 17:50:22	Desk watchdog	triggers: process gone — RESTART CAP HIT (5/day), manual fix needed
2026-09-25 17:50:35	Desk watchdog	triggers: process gone — RESTART CAP HIT (5/day), manual fix needed
2026-09-25 17:50:48	Desk watchdog	triggers: process gone — RESTART CAP HIT (5/day), manual fix needed
2026-09-25 17:51:01	Desk watchdog	triggers: process gone — RESTART CAP HIT (5/day), manual fix needed
2026-09-25 17:51:14	Desk watchdog	triggers: process gone — RESTART CAP HIT (5/day), manual fix needed
2026-09-25 17:51:27	Desk watchdog	triggers: process gone — RESTART CAP HIT (5/day), manual fix needed
2026-09-25 17:51:40	Desk watchdog	triggers: process gone — RESTART CAP HIT (5/day), manual fix needed
2026-09-25 17:51:52	Desk watchdog	triggers: process gone — RESTART CAP HIT (5/day), manual fix needed
2026-09-25 17:52:05	Desk watchdog	triggers: process gone — RESTART CAP HIT (5/day), manual fix needed
2026-09-25 17:52:18	Desk watchdog	triggers: process gone — RESTART CAP HIT (5/day), manual fix needed
2026-09-25 17:52:31	Desk watchdog	triggers: process gone — RESTART CAP HIT (5/day), manual fix needed
2026-09-25 17:52:44	Desk watchdog	triggers: process gone — RESTART CAP HIT (5/day), manual fix needed
2026-09-25 17:52:56	Desk watchdog	triggers: process gone — RESTART CAP HIT (5/day), manual fix needed
2026-09-25 17:53:07	Desk watchdog	triggers: process gone — RESTART CAP HIT (5/day), manual fix needed
2026-09-25 17:53:10	Desk watchdog	triggers: process gone — RESTART CAP HIT (5/day), manual fix needed
2026-09-25 17:53:22	Desk watchdog	triggers: process gone — RESTART CAP HIT (5/day), manual fix needed
2026-09-25 17:53:35	Desk watchdog	triggers: process gone — RESTART CAP HIT (5/day), manual fix needed
2026-09-25 17:53:48	Desk watchdog	triggers: process gone — RESTART CAP HIT (5/day), manual fix needed
2026-09-25 17:54:01	Desk watchdog	triggers: process gone — RESTART CAP HIT (5/day), manual fix needed
2026-09-25 17:54:14	Desk watchdog	triggers: process gone — RESTART CAP HIT (5/day), manual fix needed
2026-09-25 17:54:27	Desk watchdog	triggers: process gone — RESTART CAP HIT (5/day), manual fix needed
2026-09-25 17:54:40	Desk watchdog	triggers: process gone — RESTART CAP HIT (5/day), manual fix needed
2026-09-25 17:54:53	Desk watchdog	triggers: process gone — RESTART CAP HIT (5/day), manual fix needed
2026-09-25 17:55:05	Desk watchdog	triggers: process gone — RESTART CAP HIT (5/day), manual fix needed
2026-09-25 17:55:19	Desk watchdog	triggers: process gone — RESTART CAP HIT (5/day), manual fix needed
2026-09-25 17:55:31	Desk watchdog	triggers: process gone — RESTART CAP HIT (5/day), manual fix needed
2026-09-25 17:55:44	Desk watchdog	triggers: process gone — RESTART CAP HIT (5/day), manual fix needed
2026-09-25 17:55:57	Desk watchdog	triggers: process gone — RESTART CAP HIT (5/day), manual fix needed
2026-09-25 17:56:10	Desk watchdog	triggers: process gone — RESTART CAP HIT (5/day), manual fix needed
2026-09-25 17:56:23	Desk watchdog	triggers: process gone — RESTART CAP HIT (5/day), manual fix needed
2026-09-25 17:56:35	Desk watchdog	triggers: process gone — RESTART CAP HIT (5/day), manual fix needed
2026-09-25 17:56:49	Desk watchdog	triggers: process gone — RESTART CAP HIT (5/day), manual fix needed
2026-09-25 17:57:01	Desk watchdog	triggers: process gone — RESTART CAP HIT (5/day), manual fix needed
2026-09-25 17:57:14	Desk watchdog	triggers: process gone — RESTART CAP HIT (5/day), manual fix needed
2026-09-25 17:57:27	Desk watchdog	triggers: process gone — RESTART CAP HIT (5/day), manual fix needed
2026-09-25 17:57:40	Desk watchdog	triggers: process gone — RESTART CAP HIT (5/day), manual fix needed
2026-09-25 17:57:53	Desk watchdog	triggers: process gone — RESTART CAP HIT (5/day), manual fix needed
2026-09-25 17:58:06	Desk watchdog	triggers: process gone — RESTART CAP HIT (5/day), manual fix needed
2026-09-25 17:58:07	Desk watchdog	triggers: process gone — RESTART CAP HIT (5/day), manual fix needed
2026-09-25 17:58:19	Desk watchdog	triggers: process gone — RESTART CAP HIT (5/day), manual fix needed
2026-09-25 17:58:32	Desk watchdog	triggers: process gone — RESTART CAP HIT (5/day), manual fix needed
2026-09-25 17:58:45	Desk watchdog	triggers: process gone — RESTART CAP HIT (5/day), manual fix needed
2026-09-25 17:58:58	Desk watchdog	triggers: process gone — RESTART CAP HIT (5/day), manual fix needed
2026-09-25 17:59:11	Desk watchdog	triggers: process gone — RESTART CAP HIT (5/day), manual fix needed
2026-09-25 17:59:23	Desk watchdog	triggers: process gone — RESTART CAP HIT (5/day), manual fix needed
2026-09-25 17:59:36	Desk watchdog	triggers: process gone — RESTART CAP HIT (5/day), manual fix needed
2026-09-25 17:59:49	Desk watchdog	triggers: process gone — RESTART CAP HIT (5/day), manual fix needed
2026-09-25 18:00:02	Desk watchdog	triggers: process gone — RESTART CAP HIT (5/day), manual fix needed
2026-09-25 18:00:15	Desk watchdog	triggers: process gone — RESTART CAP HIT (5/day), manual fix needed
2026-09-25 18:00:28	Desk watchdog	triggers: process gone — RESTART CAP HIT (5/day), manual fix needed
2026-09-25 18:00:41	Desk watchdog	triggers: process gone — RESTART CAP HIT (5/day), manual fix needed
2026-09-25 18:00:54	Desk watchdog	triggers: process gone — RESTART CAP HIT (5/day), manual fix needed
2026-09-25 18:01:07	Desk watchdog	triggers: process gone — RESTART CAP HIT (5/day), manual fix needed
2026-09-25 18:01:20	Desk watchdog	triggers: process gone — RESTART CAP HIT (5/day), manual fix needed
2026-09-25 18:01:32	Desk watchdog	triggers: process gone — RESTART CAP HIT (5/day), manual fix needed
2026-09-25 18:01:46	Desk watchdog	triggers: process gone — RESTART CAP HIT (5/day), manual fix needed
2026-09-25 18:01:58	Desk watchdog	triggers: process gone — RESTART CAP HIT (5/day), manual fix needed
2026-09-25 18:02:12	Desk watchdog	triggers: process gone — RESTART CAP HIT (5/day), manual fix needed
2026-09-25 18:02:24	Desk watchdog	triggers: process gone — RESTART CAP HIT (5/day), manual fix needed
2026-09-25 18:02:37	Desk watchdog	triggers: process gone — RESTART CAP HIT (5/day), manual fix needed
2026-09-25 18:02:50	Desk watchdog	triggers: process gone — RESTART CAP HIT (5/day), manual fix needed
2026-09-25 18:03:03	Desk watchdog	triggers: process gone — RESTART CAP HIT (5/day), manual fix needed
2026-09-25 18:03:07	Desk watchdog	triggers: process gone — RESTART CAP HIT (5/day), manual fix needed
2026-09-25 18:03:16	Desk watchdog	triggers: process gone — RESTART CAP HIT (5/day), manual fix needed
2026-09-25 18:03:29	Desk watchdog	triggers: process gone — RESTART CAP HIT (5/day), manual fix needed
2026-09-25 18:03:41	Desk watchdog	triggers: process gone — RESTART CAP HIT (5/day), manual fix needed
2026-09-25 18:03:55	Desk watchdog	triggers: process gone — RESTART CAP HIT (5/day), manual fix needed
2026-09-25 18:04:07	Desk watchdog	triggers: process gone — RESTART CAP HIT (5/day), manual fix needed
2026-09-25 18:04:20	Desk watchdog	triggers: process gone — RESTART CAP HIT (5/day), manual fix needed
2026-09-25 18:04:33	Desk watchdog	triggers: process gone — RESTART CAP HIT (5/day), manual fix needed
2026-09-25 18:04:46	Desk watchdog	triggers: process gone — RESTART CAP HIT (5/day), manual fix needed
2026-09-25 18:04:59	Desk watchdog	triggers: process gone — RESTART CAP HIT (5/day), manual fix needed
2026-09-25 18:05:12	Desk watchdog	triggers: process gone — RESTART CAP HIT (5/day), manual fix needed
2026-09-25 18:05:25	Desk watchdog	triggers: process gone — RESTART CAP HIT (5/day), manual fix needed
2026-09-25 18:05:38	Desk watchdog	triggers: process gone — RESTART CAP HIT (5/day), manual fix needed
2026-09-25 18:05:50	Desk watchdog	triggers: process gone — RESTART CAP HIT (5/day), manual fix needed
2026-09-25 18:06:03	Desk watchdog	triggers: process gone — RESTART CAP HIT (5/day), manual fix needed
2026-09-25 18:06:16	Desk watchdog	triggers: process gone — RESTART CAP HIT (5/day), manual fix needed
2026-09-25 18:06:29	Desk watchdog	triggers: process gone — RESTART CAP HIT (5/day), manual fix needed
2026-09-25 18:06:42	Desk watchdog	triggers: process gone — RESTART CAP HIT (5/day), manual fix needed
2026-09-25 18:06:54	Desk watchdog	triggers: process gone — RESTART CAP HIT (5/day), manual fix needed
2026-09-25 18:07:08	Desk watchdog	triggers: process gone — RESTART CAP HIT (5/day), manual fix needed
2026-09-25 18:07:20	Desk watchdog	triggers: process gone — RESTART CAP HIT (5/day), manual fix needed
2026-09-25 18:07:34	Desk watchdog	triggers: process gone — RESTART CAP HIT (5/day), manual fix needed
2026-09-25 18:07:46	Desk watchdog	triggers: process gone — RESTART CAP HIT (5/day), manual fix needed
2026-09-25 18:07:59	Desk watchdog	triggers: process gone — RESTART CAP HIT (5/day), manual fix needed
2026-09-25 18:08:07	Desk watchdog	triggers: process gone — RESTART CAP HIT (5/day), manual fix needed
2026-09-25 18:08:12	Desk watchdog	triggers: process gone — RESTART CAP HIT (5/day), manual fix needed
2026-09-25 18:08:25	Desk watchdog	triggers: process gone — RESTART CAP HIT (5/day), manual fix needed
2026-09-25 18:08:38	Desk watchdog	triggers: process gone — RESTART CAP HIT (5/day), manual fix needed
2026-09-25 18:08:51	Desk watchdog	triggers: process gone — RESTART CAP HIT (5/day), manual fix needed
2026-09-25 18:09:03	Desk watchdog	triggers: process gone — RESTART CAP HIT (5/day), manual fix needed
2026-09-25 18:09:17	Desk watchdog	triggers: process gone — RESTART CAP HIT (5/day), manual fix needed
2026-09-25 18:09:29	Desk watchdog	triggers: process gone — RESTART CAP HIT (5/day), manual fix needed
2026-09-25 18:09:42	Desk watchdog	triggers: process gone — RESTART CAP HIT (5/day), manual fix needed
2026-09-25 18:09:55	Desk watchdog	triggers: process gone — RESTART CAP HIT (5/day), manual fix needed
2026-09-25 18:10:08	Desk watchdog	triggers: process gone — RESTART CAP HIT (5/day), manual fix needed
2026-09-25 18:10:21	Desk watchdog	triggers: process gone — RESTART CAP HIT (5/day), manual fix needed
2026-09-25 18:10:34	Desk watchdog	triggers: process gone — RESTART CAP HIT (5/day), manual fix needed
2026-09-25 18:10:47	Desk watchdog	triggers: process gone — RESTART CAP HIT (5/day), manual fix needed
2026-09-25 18:11:00	Desk watchdog	triggers: process gone — RESTART CAP HIT (5/day), manual fix needed
2026-09-25 18:11:12	Desk watchdog	triggers: process gone — RESTART CAP HIT (5/day), manual fix needed
2026-09-25 18:11:25	Desk watchdog	triggers: process gone — RESTART CAP HIT (5/day), manual fix needed
2026-09-25 18:11:38	Desk watchdog	triggers: process gone — RESTART CAP HIT (5/day), manual fix needed
2026-09-25 18:11:51	Desk watchdog	triggers: process gone — RESTART CAP HIT (5/day), manual fix needed
2026-09-25 18:12:04	Desk watchdog	triggers: process gone — RESTART CAP HIT (5/day), manual fix needed
2026-09-25 18:12:17	Desk watchdog	triggers: process gone — RESTART CAP HIT (5/day), manual fix needed
2026-09-25 18:12:30	Desk watchdog	triggers: process gone — RESTART CAP HIT (5/day), manual fix needed
2026-09-25 18:12:43	Desk watchdog	triggers: process gone — RESTART CAP HIT (5/day), manual fix needed
2026-09-25 18:12:56	Desk watchdog	triggers: process gone — RESTART CAP HIT (5/day), manual fix needed
2026-09-25 18:13:07	Desk watchdog	triggers: process gone — RESTART CAP HIT (5/day), manual fix needed
2026-09-25 18:13:08	Desk watchdog	triggers: process gone — RESTART CAP HIT (5/day), manual fix needed
2026-09-25 18:13:21	Desk watchdog	triggers: process gone — RESTART CAP HIT (5/day), manual fix needed
2026-09-25 18:13:34	Desk watchdog	triggers: process gone — RESTART CAP HIT (5/day), manual fix needed
2026-09-25 18:13:47	Desk watchdog	triggers: process gone — RESTART CAP HIT (5/day), manual fix needed
2026-09-25 18:14:00	Desk watchdog	triggers: process gone — RESTART CAP HIT (5/day), manual fix needed
2026-09-25 18:14:13	Desk watchdog	triggers: process gone — RESTART CAP HIT (5/day), manual fix needed
2026-09-25 18:14:26	Desk watchdog	triggers: process gone — RESTART CAP HIT (5/day), manual fix needed
2026-09-25 18:14:39	Desk watchdog	triggers: process gone — RESTART CAP HIT (5/day), manual fix needed
2026-09-25 18:14:52	Desk watchdog	triggers: process gone — RESTART CAP HIT (5/day), manual fix needed
2026-09-25 18:15:05	Desk watchdog	triggers: process gone — RESTART CAP HIT (5/day), manual fix needed
2026-09-25 18:15:18	Desk watchdog	triggers: process gone — RESTART CAP HIT (5/day), manual fix needed
2026-09-25 18:15:31	Desk watchdog	triggers: process gone — RESTART CAP HIT (5/day), manual fix needed
2026-09-25 18:15:44	Desk watchdog	triggers: process gone — RESTART CAP HIT (5/day), manual fix needed
2026-09-25 18:15:57	Desk watchdog	triggers: process gone — RESTART CAP HIT (5/day), manual fix needed
2026-09-25 18:16:10	Desk watchdog	triggers: process gone — RESTART CAP HIT (5/day), manual fix needed
2026-09-25 18:16:23	Desk watchdog	triggers: process gone — RESTART CAP HIT (5/day), manual fix needed
2026-09-25 18:16:36	Desk watchdog	triggers: process gone — RESTART CAP HIT (5/day), manual fix needed
2026-09-25 18:16:49	Desk watchdog	triggers: process gone — RESTART CAP HIT (5/day), manual fix needed
2026-09-25 18:17:02	Desk watchdog	triggers: process gone — RESTART CAP HIT (5/day), manual fix needed
2026-09-25 18:17:15	Desk watchdog	triggers: process gone — RESTART CAP HIT (5/day), manual fix needed
2026-09-25 18:17:28	Desk watchdog	triggers: process gone — RESTART CAP HIT (5/day), manual fix needed
2026-09-25 18:17:40	Desk watchdog	triggers: process gone — RESTART CAP HIT (5/day), manual fix needed
2026-09-25 18:17:54	Desk watchdog	triggers: process gone — RESTART CAP HIT (5/day), manual fix needed
2026-09-25 18:18:06	Desk watchdog	triggers: process gone — RESTART CAP HIT (5/day), manual fix needed
2026-09-25 18:18:07	Desk watchdog	triggers: process gone — RESTART CAP HIT (5/day), manual fix needed
2026-09-25 18:18:20	Desk watchdog	triggers: process gone — RESTART CAP HIT (5/day), manual fix needed
2026-09-25 18:18:32	Desk watchdog	triggers: process gone — RESTART CAP HIT (5/day), manual fix needed
2026-09-25 18:18:45	Desk watchdog	triggers: process gone — RESTART CAP HIT (5/day), manual fix needed
2026-09-25 18:18:58	Desk watchdog	triggers: process gone — RESTART CAP HIT (5/day), manual fix needed
2026-09-25 18:19:11	Desk watchdog	triggers: process gone — RESTART CAP HIT (5/day), manual fix needed
2026-09-25 18:19:24	Desk watchdog	triggers: process gone — RESTART CAP HIT (5/day), manual fix needed
2026-09-25 18:19:37	Desk watchdog	triggers: process gone — RESTART CAP HIT (5/day), manual fix needed
2026-09-25 18:19:50	Desk watchdog	triggers: process gone — RESTART CAP HIT (5/day), manual fix needed
2026-09-25 18:20:03	Desk watchdog	triggers: process gone — RESTART CAP HIT (5/day), manual fix needed
2026-09-25 18:20:16	Desk watchdog	triggers: process gone — RESTART CAP HIT (5/day), manual fix needed
2026-09-25 18:20:29	Desk watchdog	triggers: process gone — RESTART CAP HIT (5/day), manual fix needed
2026-09-25 18:20:42	Desk watchdog	triggers: process gone — RESTART CAP HIT (5/day), manual fix needed
2026-09-25 18:20:55	Desk watchdog	triggers: process gone — RESTART CAP HIT (5/day), manual fix needed
2026-09-25 18:21:08	Desk watchdog	triggers: process gone — RESTART CAP HIT (5/day), manual fix needed
2026-09-25 18:21:20	Desk watchdog	triggers: process gone — RESTART CAP HIT (5/day), manual fix needed
2026-09-25 18:21:34	Desk watchdog	triggers: process gone — RESTART CAP HIT (5/day), manual fix needed
2026-09-25 18:21:46	Desk watchdog	triggers: process gone — RESTART CAP HIT (5/day), manual fix needed
2026-09-25 18:21:59	Desk watchdog	triggers: process gone — RESTART CAP HIT (5/day), manual fix needed
2026-09-25 18:22:12	Desk watchdog	triggers: process gone — RESTART CAP HIT (5/day), manual fix needed
2026-09-25 18:22:25	Desk watchdog	triggers: process gone — RESTART CAP HIT (5/day), manual fix needed
2026-09-25 18:22:38	Desk watchdog	triggers: process gone — RESTART CAP HIT (5/day), manual fix needed
2026-09-25 18:22:51	Desk watchdog	triggers: process gone — RESTART CAP HIT (5/day), manual fix needed
2026-09-25 18:23:04	Desk watchdog	triggers: process gone — RESTART CAP HIT (5/day), manual fix needed
2026-09-25 18:23:08	Desk watchdog	triggers: process gone — RESTART CAP HIT (5/day), manual fix needed
2026-09-25 18:23:17	Desk watchdog	triggers: process gone — RESTART CAP HIT (5/day), manual fix needed
2026-09-25 18:23:30	Desk watchdog	triggers: process gone — RESTART CAP HIT (5/day), manual fix needed
2026-09-25 18:23:43	Desk watchdog	triggers: process gone — RESTART CAP HIT (5/day), manual fix needed
2026-09-25 18:23:56	Desk watchdog	triggers: process gone — RESTART CAP HIT (5/day), manual fix needed
2026-09-25 18:24:09	Desk watchdog	triggers: process gone — RESTART CAP HIT (5/day), manual fix needed
2026-09-25 18:24:22	Desk watchdog	triggers: process gone — RESTART CAP HIT (5/day), manual fix needed
2026-09-25 18:24:35	Desk watchdog	triggers: process gone — RESTART CAP HIT (5/day), manual fix needed
2026-09-25 18:24:48	Desk watchdog	triggers: process gone — RESTART CAP HIT (5/day), manual fix needed
2026-09-25 18:25:00	Desk watchdog	triggers: process gone — RESTART CAP HIT (5/day), manual fix needed
2026-09-25 18:25:13	Desk watchdog	triggers: process gone — RESTART CAP HIT (5/day), manual fix needed
2026-09-25 18:25:26	Desk watchdog	triggers: process gone — RESTART CAP HIT (5/day), manual fix needed
2026-09-25 18:25:39	Desk watchdog	triggers: process gone — RESTART CAP HIT (5/day), manual fix needed
2026-09-25 18:25:52	Desk watchdog	triggers: process gone — RESTART CAP HIT (5/day), manual fix needed
2026-09-25 18:26:05	Desk watchdog	triggers: process gone — RESTART CAP HIT (5/day), manual fix needed
2026-09-25 18:26:17	Desk watchdog	triggers: process gone — RESTART CAP HIT (5/day), manual fix needed
2026-09-25 18:26:31	Desk watchdog	triggers: process gone — RESTART CAP HIT (5/day), manual fix needed
2026-09-25 18:26:43	Desk watchdog	triggers: process gone — RESTART CAP HIT (5/day), manual fix needed
2026-09-25 18:26:56	Desk watchdog	triggers: process gone — RESTART CAP HIT (5/day), manual fix needed
2026-09-25 18:27:09	Desk watchdog	triggers: process gone — RESTART CAP HIT (5/day), manual fix needed
2026-09-25 18:27:22	Desk watchdog	triggers: process gone — RESTART CAP HIT (5/day), manual fix needed
2026-09-25 18:27:35	Desk watchdog	triggers: process gone — RESTART CAP HIT (5/day), manual fix needed
2026-09-25 18:27:48	Desk watchdog	triggers: process gone — RESTART CAP HIT (5/day), manual fix needed
2026-09-25 18:28:01	Desk watchdog	triggers: process gone — RESTART CAP HIT (5/day), manual fix needed
2026-09-25 18:28:07	Desk watchdog	triggers: process gone — RESTART CAP HIT (5/day), manual fix needed
2026-09-25 18:28:13	Desk watchdog	triggers: process gone — RESTART CAP HIT (5/day), manual fix needed
2026-09-25 18:28:26	Desk watchdog	triggers: process gone — RESTART CAP HIT (5/day), manual fix needed
2026-09-25 18:28:39	Desk watchdog	triggers: process gone — RESTART CAP HIT (5/day), manual fix needed
2026-09-25 18:28:52	Desk watchdog	triggers: process gone — RESTART CAP HIT (5/day), manual fix needed
2026-09-25 18:29:05	Desk watchdog	triggers: process gone — RESTART CAP HIT (5/day), manual fix needed
2026-09-25 18:29:18	Desk watchdog	triggers: process gone — RESTART CAP HIT (5/day), manual fix needed
2026-09-25 18:29:31	Desk watchdog	triggers: process gone — RESTART CAP HIT (5/day), manual fix needed
2026-09-25 18:29:44	Desk watchdog	triggers: process gone — RESTART CAP HIT (5/day), manual fix needed
2026-09-25 18:29:57	Desk watchdog	triggers: process gone — RESTART CAP HIT (5/day), manual fix needed
2026-09-25 18:30:10	Desk watchdog	triggers: process gone — RESTART CAP HIT (5/day), manual fix needed
2026-09-25 18:30:22	Desk watchdog	triggers: process gone — RESTART CAP HIT (5/day), manual fix needed
2026-09-25 18:30:35	Desk watchdog	triggers: process gone — RESTART CAP HIT (5/day), manual fix needed
2026-09-25 18:30:48	Desk watchdog	triggers: process gone — RESTART CAP HIT (5/day), manual fix needed
2026-09-25 18:31:01	Desk watchdog	triggers: process gone — RESTART CAP HIT (5/day), manual fix needed
2026-09-25 18:31:14	Desk watchdog	triggers: process gone — RESTART CAP HIT (5/day), manual fix needed
2026-09-25 18:31:27	Desk watchdog	triggers: process gone — RESTART CAP HIT (5/day), manual fix needed
2026-09-25 18:31:39	Desk watchdog	triggers: process gone — RESTART CAP HIT (5/day), manual fix needed
2026-09-25 18:31:53	Desk watchdog	triggers: process gone — RESTART CAP HIT (5/day), manual fix needed
2026-09-25 18:32:05	Desk watchdog	triggers: process gone — RESTART CAP HIT (5/day), manual fix needed
2026-09-25 18:32:18	Desk watchdog	triggers: process gone — RESTART CAP HIT (5/day), manual fix needed
2026-09-25 18:32:31	Desk watchdog	triggers: process gone — RESTART CAP HIT (5/day), manual fix needed
2026-09-25 18:32:44	Desk watchdog	triggers: process gone — RESTART CAP HIT (5/day), manual fix needed
2026-09-25 18:32:57	Desk watchdog	triggers: process gone — RESTART CAP HIT (5/day), manual fix needed
2026-09-25 18:33:07	Desk watchdog	triggers: process gone — RESTART CAP HIT (5/day), manual fix needed
2026-09-25 18:33:10	Desk watchdog	triggers: process gone — RESTART CAP HIT (5/day), manual fix needed
2026-09-25 18:33:23	Desk watchdog	triggers: process gone — RESTART CAP HIT (5/day), manual fix needed
2026-09-25 18:33:35	Desk watchdog	triggers: process gone — RESTART CAP HIT (5/day), manual fix needed
2026-09-25 18:33:48	Desk watchdog	triggers: process gone — RESTART CAP HIT (5/day), manual fix needed
2026-09-25 18:34:01	Desk watchdog	triggers: process gone — RESTART CAP HIT (5/day), manual fix needed
2026-09-25 18:34:14	Desk watchdog	triggers: process gone — RESTART CAP HIT (5/day), manual fix needed
2026-09-25 18:34:27	Desk watchdog	triggers: process gone — RESTART CAP HIT (5/day), manual fix needed
2026-09-25 18:34:40	Desk watchdog	triggers: process gone — RESTART CAP HIT (5/day), manual fix needed
2026-09-25 18:34:52	Desk watchdog	triggers: process gone — RESTART CAP HIT (5/day), manual fix needed
2026-09-25 18:35:06	Desk watchdog	triggers: process gone — RESTART CAP HIT (5/day), manual fix needed
2026-09-25 18:35:19	Desk watchdog	triggers: process gone — RESTART CAP HIT (5/day), manual fix needed
2026-09-25 18:35:32	Desk watchdog	triggers: process gone — RESTART CAP HIT (5/day), manual fix needed
2026-09-25 18:35:44	Desk watchdog	triggers: process gone — RESTART CAP HIT (5/day), manual fix needed
2026-09-25 18:35:57	Desk watchdog	triggers: process gone — RESTART CAP HIT (5/day), manual fix needed
2026-09-25 18:36:10	Desk watchdog	triggers: process gone — RESTART CAP HIT (5/day), manual fix needed
2026-09-25 18:36:23	Desk watchdog	triggers: process gone — RESTART CAP HIT (5/day), manual fix needed
2026-09-25 18:36:36	Desk watchdog	triggers: process gone — RESTART CAP HIT (5/day), manual fix needed
2026-09-25 18:36:49	Desk watchdog	triggers: process gone — RESTART CAP HIT (5/day), manual fix needed
2026-09-25 18:37:02	Desk watchdog	triggers: process gone — RESTART CAP HIT (5/day), manual fix needed
2026-09-25 18:37:15	Desk watchdog	triggers: process gone — RESTART CAP HIT (5/day), manual fix needed
2026-09-25 18:37:27	Desk watchdog	triggers: process gone — RESTART CAP HIT (5/day), manual fix needed
2026-09-25 18:37:40	Desk watchdog	triggers: process gone — RESTART CAP HIT (5/day), manual fix needed
2026-09-25 18:37:53	Desk watchdog	triggers: process gone — RESTART CAP HIT (5/day), manual fix needed
2026-09-25 18:38:06	Desk watchdog	triggers: process gone — RESTART CAP HIT (5/day), manual fix needed
2026-09-25 18:38:07	Desk watchdog	triggers: process gone — RESTART CAP HIT (5/day), manual fix needed
2026-09-25 18:38:19	Desk watchdog	triggers: process gone — RESTART CAP HIT (5/day), manual fix needed
2026-09-25 18:38:32	Desk watchdog	triggers: process gone — RESTART CAP HIT (5/day), manual fix needed
2026-09-25 18:38:45	Desk watchdog	triggers: process gone — RESTART CAP HIT (5/day), manual fix needed
2026-09-25 18:38:58	Desk watchdog	triggers: process gone — RESTART CAP HIT (5/day), manual fix needed
2026-09-25 18:39:10	Desk watchdog	triggers: process gone — RESTART CAP HIT (5/day), manual fix needed
2026-09-25 18:39:24	Desk watchdog	triggers: process gone — RESTART CAP HIT (5/day), manual fix needed
2026-09-25 18:39:36	Desk watchdog	triggers: process gone — RESTART CAP HIT (5/day), manual fix needed
2026-09-25 18:39:49	Desk watchdog	triggers: process gone — RESTART CAP HIT (5/day), manual fix needed
2026-09-25 18:40:02	Desk watchdog	triggers: process gone — RESTART CAP HIT (5/day), manual fix needed
2026-09-25 18:40:15	Desk watchdog	triggers: process gone — RESTART CAP HIT (5/day), manual fix needed
2026-09-25 18:40:28	Desk watchdog	triggers: process gone — RESTART CAP HIT (5/day), manual fix needed
2026-09-25 18:40:41	Desk watchdog	triggers: process gone — RESTART CAP HIT (5/day), manual fix needed
2026-09-25 18:40:54	Desk watchdog	triggers: process gone — RESTART CAP HIT (5/day), manual fix needed
2026-09-25 18:41:06	Desk watchdog	triggers: process gone — RESTART CAP HIT (5/day), manual fix needed
2026-09-25 18:41:19	Desk watchdog	triggers: process gone — RESTART CAP HIT (5/day), manual fix needed
2026-09-25 18:41:32	Desk watchdog	triggers: process gone — RESTART CAP HIT (5/day), manual fix needed
2026-09-25 18:41:45	Desk watchdog	triggers: process gone — RESTART CAP HIT (5/day), manual fix needed
2026-09-25 18:41:58	Desk watchdog	triggers: process gone — RESTART CAP HIT (5/day), manual fix needed
2026-09-25 18:42:11	Desk watchdog	triggers: process gone — RESTART CAP HIT (5/day), manual fix needed
2026-09-25 18:42:24	Desk watchdog	triggers: process gone — RESTART CAP HIT (5/day), manual fix needed
2026-09-25 18:42:37	Desk watchdog	triggers: process gone — RESTART CAP HIT (5/day), manual fix needed
2026-09-25 18:42:49	Desk watchdog	triggers: process gone — RESTART CAP HIT (5/day), manual fix needed
2026-09-25 18:43:03	Desk watchdog	triggers: process gone — RESTART CAP HIT (5/day), manual fix needed
2026-09-25 18:43:07	Desk watchdog	triggers: process gone — RESTART CAP HIT (5/day), manual fix needed
2026-09-25 18:43:15	Desk watchdog	triggers: process gone — RESTART CAP HIT (5/day), manual fix needed
2026-09-25 18:43:28	Desk watchdog	triggers: process gone — RESTART CAP HIT (5/day), manual fix needed
2026-09-25 18:43:41	Desk watchdog	triggers: process gone — RESTART CAP HIT (5/day), manual fix needed
2026-09-25 18:43:54	Desk watchdog	triggers: process gone — RESTART CAP HIT (5/day), manual fix needed
2026-09-25 18:44:07	Desk watchdog	triggers: process gone — RESTART CAP HIT (5/day), manual fix needed
2026-09-25 18:44:20	Desk watchdog	triggers: process gone — RESTART CAP HIT (5/day), manual fix needed
2026-09-25 18:44:32	Desk watchdog	triggers: process gone — RESTART CAP HIT (5/day), manual fix needed
2026-09-25 18:44:45	Desk watchdog	triggers: process gone — RESTART CAP HIT (5/day), manual fix needed
2026-09-25 18:44:58	Desk watchdog	triggers: process gone — RESTART CAP HIT (5/day), manual fix needed
2026-09-25 18:45:11	Desk watchdog	triggers: process gone — RESTART CAP HIT (5/day), manual fix needed
2026-09-25 18:45:24	Desk watchdog	triggers: process gone — RESTART CAP HIT (5/day), manual fix needed
2026-09-25 18:45:37	Desk watchdog	triggers: process gone — RESTART CAP HIT (5/day), manual fix needed
2026-09-25 18:45:50	Desk watchdog	triggers: process gone — RESTART CAP HIT (5/day), manual fix needed
2026-09-25 18:46:03	Desk watchdog	triggers: process gone — RESTART CAP HIT (5/day), manual fix needed
2026-09-25 18:46:16	Desk watchdog	triggers: process gone — RESTART CAP HIT (5/day), manual fix needed
2026-09-25 18:46:29	Desk watchdog	triggers: process gone — RESTART CAP HIT (5/day), manual fix needed
2026-09-25 18:46:41	Desk watchdog	triggers: process gone — RESTART CAP HIT (5/day), manual fix needed
2026-09-25 18:46:54	Desk watchdog	triggers: process gone — RESTART CAP HIT (5/day), manual fix needed
2026-09-25 18:47:07	Desk watchdog	triggers: process gone — RESTART CAP HIT (5/day), manual fix needed
2026-09-25 18:47:20	Desk watchdog	triggers: process gone — RESTART CAP HIT (5/day), manual fix needed
2026-09-25 18:47:33	Desk watchdog	triggers: process gone — RESTART CAP HIT (5/day), manual fix needed
2026-09-25 18:47:46	Desk watchdog	triggers: process gone — RESTART CAP HIT (5/day), manual fix needed
2026-09-25 18:47:59	Desk watchdog	triggers: process gone — RESTART CAP HIT (5/day), manual fix needed
2026-09-25 18:48:07	Desk watchdog	triggers: process gone — RESTART CAP HIT (5/day), manual fix needed
2026-09-25 18:48:11	Desk watchdog	triggers: process gone — RESTART CAP HIT (5/day), manual fix needed
2026-09-25 18:48:25	Desk watchdog	triggers: process gone — RESTART CAP HIT (5/day), manual fix needed
2026-09-25 18:48:37	Desk watchdog	triggers: process gone — RESTART CAP HIT (5/day), manual fix needed
2026-09-25 18:48:50	Desk watchdog	triggers: process gone — RESTART CAP HIT (5/day), manual fix needed
2026-09-25 18:49:03	Desk watchdog	triggers: process gone — RESTART CAP HIT (5/day), manual fix needed
2026-09-25 18:49:16	Desk watchdog	triggers: process gone — RESTART CAP HIT (5/day), manual fix needed
2026-09-25 18:49:29	Desk watchdog	triggers: process gone — RESTART CAP HIT (5/day), manual fix needed
2026-09-25 18:49:42	Desk watchdog	triggers: process gone — RESTART CAP HIT (5/day), manual fix needed
2026-09-25 18:49:54	Desk watchdog	triggers: process gone — RESTART CAP HIT (5/day), manual fix needed
2026-09-25 18:50:08	Desk watchdog	triggers: process gone — RESTART CAP HIT (5/day), manual fix needed
2026-09-25 18:50:20	Desk watchdog	triggers: process gone — RESTART CAP HIT (5/day), manual fix needed
2026-09-25 18:50:34	Desk watchdog	triggers: process gone — RESTART CAP HIT (5/day), manual fix needed
2026-09-25 18:50:46	Desk watchdog	triggers: process gone — RESTART CAP HIT (5/day), manual fix needed
2026-09-25 18:50:59	Desk watchdog	triggers: process gone — RESTART CAP HIT (5/day), manual fix needed
2026-09-25 18:51:12	Desk watchdog	triggers: process gone — RESTART CAP HIT (5/day), manual fix needed
2026-09-25 18:51:25	Desk watchdog	triggers: process gone — RESTART CAP HIT (5/day), manual fix needed
2026-09-25 18:51:38	Desk watchdog	triggers: process gone — RESTART CAP HIT (5/day), manual fix needed
2026-09-25 18:51:50	Desk watchdog	triggers: process gone — RESTART CAP HIT (5/day), manual fix needed
2026-09-25 18:52:03	Desk watchdog	triggers: process gone — RESTART CAP HIT (5/day), manual fix needed
2026-09-25 18:52:16	Desk watchdog	triggers: process gone — RESTART CAP HIT (5/day), manual fix needed
2026-09-25 18:52:29	Desk watchdog	triggers: process gone — RESTART CAP HIT (5/day), manual fix needed
2026-09-25 18:52:42	Desk watchdog	triggers: process gone — RESTART CAP HIT (5/day), manual fix needed
2026-09-25 18:52:55	Desk watchdog	triggers: process gone — RESTART CAP HIT (5/day), manual fix needed
2026-09-25 18:53:07	Desk watchdog	triggers: process gone — RESTART CAP HIT (5/day), manual fix needed
2026-09-25 18:53:08	Desk watchdog	triggers: process gone — RESTART CAP HIT (5/day), manual fix needed
2026-09-25 18:53:21	Desk watchdog	triggers: process gone — RESTART CAP HIT (5/day), manual fix needed
2026-09-25 18:53:34	Desk watchdog	triggers: process gone — RESTART CAP HIT (5/day), manual fix needed
2026-09-25 18:53:47	Desk watchdog	triggers: process gone — RESTART CAP HIT (5/day), manual fix needed
2026-09-25 18:54:00	Desk watchdog	triggers: process gone — RESTART CAP HIT (5/day), manual fix needed
2026-09-25 18:54:12	Desk watchdog	triggers: process gone — RESTART CAP HIT (5/day), manual fix needed
2026-09-25 18:54:25	Desk watchdog	triggers: process gone — RESTART CAP HIT (5/day), manual fix needed
2026-09-25 18:54:38	Desk watchdog	triggers: process gone — RESTART CAP HIT (5/day), manual fix needed
2026-09-25 18:54:51	Desk watchdog	triggers: process gone — RESTART CAP HIT (5/day), manual fix needed
2026-09-25 18:55:04	Desk watchdog	triggers: process gone — RESTART CAP HIT (5/day), manual fix needed
2026-09-25 18:55:17	Desk watchdog	triggers: process gone — RESTART CAP HIT (5/day), manual fix needed
2026-09-25 18:55:30	Desk watchdog	triggers: process gone — RESTART CAP HIT (5/day), manual fix needed
2026-09-25 18:55:43	Desk watchdog	triggers: process gone — RESTART CAP HIT (5/day), manual fix needed
2026-09-25 18:55:56	Desk watchdog	triggers: process gone — RESTART CAP HIT (5/day), manual fix needed
2026-09-25 18:56:09	Desk watchdog	triggers: process gone — RESTART CAP HIT (5/day), manual fix needed
2026-09-25 18:56:21	Desk watchdog	triggers: process gone — RESTART CAP HIT (5/day), manual fix needed
2026-09-25 18:56:34	Desk watchdog	triggers: process gone — RESTART CAP HIT (5/day), manual fix needed
2026-09-25 18:56:47	Desk watchdog	triggers: process gone — RESTART CAP HIT (5/day), manual fix needed
2026-09-25 18:57:00	Desk watchdog	triggers: process gone — RESTART CAP HIT (5/day), manual fix needed
2026-09-25 18:57:13	Desk watchdog	triggers: process gone — RESTART CAP HIT (5/day), manual fix needed
2026-09-25 18:57:26	Desk watchdog	triggers: process gone — RESTART CAP HIT (5/day), manual fix needed
2026-09-25 18:57:39	Desk watchdog	triggers: process gone — RESTART CAP HIT (5/day), manual fix needed
2026-09-25 18:57:51	Desk watchdog	triggers: process gone — RESTART CAP HIT (5/day), manual fix needed
2026-09-25 18:58:05	Desk watchdog	triggers: process gone — RESTART CAP HIT (5/day), manual fix needed
2026-09-25 18:58:07	Desk watchdog	triggers: process gone — RESTART CAP HIT (5/day), manual fix needed
2026-09-25 18:58:17	Desk watchdog	triggers: process gone — RESTART CAP HIT (5/day), manual fix needed
2026-09-25 18:58:30	Desk watchdog	triggers: process gone — RESTART CAP HIT (5/day), manual fix needed
2026-09-25 18:58:43	Desk watchdog	triggers: process gone — RESTART CAP HIT (5/day), manual fix needed
2026-09-25 18:58:56	Desk watchdog	triggers: process gone — RESTART CAP HIT (5/day), manual fix needed
2026-09-25 18:59:09	Desk watchdog	triggers: process gone — RESTART CAP HIT (5/day), manual fix needed
2026-09-25 18:59:22	Desk watchdog	triggers: process gone — RESTART CAP HIT (5/day), manual fix needed
2026-09-25 18:59:34	Desk watchdog	triggers: process gone — RESTART CAP HIT (5/day), manual fix needed
2026-09-25 18:59:48	Desk watchdog	triggers: process gone — RESTART CAP HIT (5/day), manual fix needed
2026-09-25 19:00:00	Desk watchdog	triggers: process gone — RESTART CAP HIT (5/day), manual fix needed
2026-09-25 19:00:13	Desk watchdog	triggers: process gone — RESTART CAP HIT (5/day), manual fix needed
2026-09-25 19:00:26	Desk watchdog	triggers: process gone — RESTART CAP HIT (5/day), manual fix needed
2026-09-25 19:00:39	Desk watchdog	triggers: process gone — RESTART CAP HIT (5/day), manual fix needed
2026-09-25 19:00:52	Desk watchdog	triggers: process gone — RESTART CAP HIT (5/day), manual fix needed
2026-09-25 19:01:05	Desk watchdog	triggers: process gone — RESTART CAP HIT (5/day), manual fix needed
2026-09-25 19:01:18	Desk watchdog	triggers: process gone — RESTART CAP HIT (5/day), manual fix needed
2026-09-25 19:01:31	Desk watchdog	triggers: process gone — RESTART CAP HIT (5/day), manual fix needed
2026-09-25 19:01:44	Desk watchdog	triggers: process gone — RESTART CAP HIT (5/day), manual fix needed
2026-09-25 19:01:57	Desk watchdog	triggers: process gone — RESTART CAP HIT (5/day), manual fix needed
2026-09-25 19:02:09	Desk watchdog	triggers: process gone — RESTART CAP HIT (5/day), manual fix needed
2026-09-25 19:02:23	Desk watchdog	triggers: process gone — RESTART CAP HIT (5/day), manual fix needed
2026-09-25 19:02:35	Desk watchdog	triggers: process gone — RESTART CAP HIT (5/day), manual fix needed
2026-09-25 19:02:48	Desk watchdog	triggers: process gone — RESTART CAP HIT (5/day), manual fix needed
2026-09-25 19:03:01	Desk watchdog	triggers: process gone — RESTART CAP HIT (5/day), manual fix needed
2026-09-25 19:03:08	Desk watchdog	triggers: process gone — RESTART CAP HIT (5/day), manual fix needed
2026-09-25 19:03:14	Desk watchdog	triggers: process gone — RESTART CAP HIT (5/day), manual fix needed
2026-09-25 19:03:27	Desk watchdog	triggers: process gone — RESTART CAP HIT (5/day), manual fix needed
2026-09-25 19:03:40	Desk watchdog	triggers: process gone — RESTART CAP HIT (5/day), manual fix needed
2026-09-25 19:03:53	Desk watchdog	triggers: process gone — RESTART CAP HIT (5/day), manual fix needed
2026-09-25 19:04:08	Desk watchdog	triggers: process gone — RESTART CAP HIT (5/day), manual fix needed
2026-09-25 19:04:21	Desk watchdog	triggers: process gone — RESTART CAP HIT (5/day), manual fix needed
2026-09-25 19:04:34	Desk watchdog	triggers: process gone — RESTART CAP HIT (5/day), manual fix needed
2026-09-25 19:04:47	Desk watchdog	triggers: process gone — RESTART CAP HIT (5/day), manual fix needed
2026-09-25 19:05:00	Desk watchdog	triggers: process gone — RESTART CAP HIT (5/day), manual fix needed
2026-09-25 19:05:14	Desk watchdog	triggers: process gone — RESTART CAP HIT (5/day), manual fix needed
2026-09-25 19:05:26	Desk watchdog	triggers: process gone — RESTART CAP HIT (5/day), manual fix needed
2026-09-25 19:05:40	Desk watchdog	triggers: process gone — RESTART CAP HIT (5/day), manual fix needed
2026-09-25 19:05:52	Desk watchdog	triggers: process gone — RESTART CAP HIT (5/day), manual fix needed
2026-09-25 19:06:05	Desk watchdog	triggers: process gone — RESTART CAP HIT (5/day), manual fix needed
2026-09-25 19:06:18	Desk watchdog	triggers: process gone — RESTART CAP HIT (5/day), manual fix needed
2026-09-25 19:06:31	Desk watchdog	triggers: process gone — RESTART CAP HIT (5/day), manual fix needed
2026-09-25 19:06:44	Desk watchdog	triggers: process gone — RESTART CAP HIT (5/day), manual fix needed
2026-09-25 19:06:57	Desk watchdog	triggers: process gone — RESTART CAP HIT (5/day), manual fix needed
2026-09-25 19:07:09	Desk watchdog	triggers: process gone — RESTART CAP HIT (5/day), manual fix needed
2026-09-25 19:07:22	Desk watchdog	triggers: process gone — RESTART CAP HIT (5/day), manual fix needed
2026-09-25 19:07:35	Desk watchdog	triggers: process gone — RESTART CAP HIT (5/day), manual fix needed
2026-09-25 19:07:48	Desk watchdog	triggers: process gone — RESTART CAP HIT (5/day), manual fix needed
2026-09-25 19:08:01	Desk watchdog	triggers: process gone — RESTART CAP HIT (5/day), manual fix needed
2026-09-25 19:08:07	Desk watchdog	triggers: process gone — RESTART CAP HIT (5/day), manual fix needed
2026-09-25 19:08:14	Desk watchdog	triggers: process gone — RESTART CAP HIT (5/day), manual fix needed
2026-09-25 19:08:27	Desk watchdog	triggers: process gone — RESTART CAP HIT (5/day), manual fix needed
2026-09-25 19:08:40	Desk watchdog	triggers: process gone — RESTART CAP HIT (5/day), manual fix needed
2026-09-25 19:08:53	Desk watchdog	triggers: process gone — RESTART CAP HIT (5/day), manual fix needed
2026-09-25 19:09:06	Desk watchdog	triggers: process gone — RESTART CAP HIT (5/day), manual fix needed
2026-09-25 19:09:18	Desk watchdog	triggers: process gone — RESTART CAP HIT (5/day), manual fix needed
2026-09-25 19:09:32	Desk watchdog	triggers: process gone — RESTART CAP HIT (5/day), manual fix needed
2026-09-25 19:09:44	Desk watchdog	triggers: process gone — RESTART CAP HIT (5/day), manual fix needed
2026-09-25 19:09:58	Desk watchdog	triggers: process gone — RESTART CAP HIT (5/day), manual fix needed
2026-09-25 19:10:10	Desk watchdog	triggers: process gone — RESTART CAP HIT (5/day), manual fix needed
2026-09-25 19:10:23	Desk watchdog	triggers: process gone — RESTART CAP HIT (5/day), manual fix needed
2026-09-25 19:10:36	Desk watchdog	triggers: process gone — RESTART CAP HIT (5/day), manual fix needed
2026-09-25 19:10:49	Desk watchdog	triggers: process gone — RESTART CAP HIT (5/day), manual fix needed
2026-09-25 19:11:02	Desk watchdog	triggers: process gone — RESTART CAP HIT (5/day), manual fix needed
2026-09-25 19:11:15	Desk watchdog	triggers: process gone — RESTART CAP HIT (5/day), manual fix needed
2026-09-25 19:11:27	Desk watchdog	triggers: process gone — RESTART CAP HIT (5/day), manual fix needed
2026-09-25 19:11:41	Desk watchdog	triggers: process gone — RESTART CAP HIT (5/day), manual fix needed
2026-09-25 19:11:53	Desk watchdog	triggers: process gone — RESTART CAP HIT (5/day), manual fix needed
2026-09-25 19:12:07	Desk watchdog	triggers: process gone — RESTART CAP HIT (5/day), manual fix needed
2026-09-25 19:12:19	Desk watchdog	triggers: process gone — RESTART CAP HIT (5/day), manual fix needed
2026-09-25 19:12:32	Desk watchdog	triggers: process gone — RESTART CAP HIT (5/day), manual fix needed
2026-09-25 19:12:45	Desk watchdog	triggers: process gone — RESTART CAP HIT (5/day), manual fix needed
2026-09-25 19:12:58	Desk watchdog	triggers: process gone — RESTART CAP HIT (5/day), manual fix needed
2026-09-25 19:13:07	Desk watchdog	triggers: process gone — RESTART CAP HIT (5/day), manual fix needed
2026-09-25 19:13:11	Desk watchdog	triggers: process gone — RESTART CAP HIT (5/day), manual fix needed
2026-09-25 19:13:24	Desk watchdog	triggers: process gone — RESTART CAP HIT (5/day), manual fix needed
2026-09-25 19:13:36	Desk watchdog	triggers: process gone — RESTART CAP HIT (5/day), manual fix needed
2026-09-25 19:13:50	Desk watchdog	triggers: process gone — RESTART CAP HIT (5/day), manual fix needed
2026-09-25 19:14:02	Desk watchdog	triggers: process gone — RESTART CAP HIT (5/day), manual fix needed
2026-09-25 19:14:16	Desk watchdog	triggers: process gone — RESTART CAP HIT (5/day), manual fix needed
2026-09-25 19:14:28	Desk watchdog	triggers: process gone — RESTART CAP HIT (5/day), manual fix needed
2026-09-25 19:14:41	Desk watchdog	triggers: process gone — RESTART CAP HIT (5/day), manual fix needed
2026-09-25 19:14:54	Desk watchdog	triggers: process gone — RESTART CAP HIT (5/day), manual fix needed
2026-09-25 19:15:07	Desk watchdog	triggers: process gone — RESTART CAP HIT (5/day), manual fix needed
2026-09-25 19:15:20	Desk watchdog	triggers: process gone — RESTART CAP HIT (5/day), manual fix needed
2026-09-25 19:15:33	Desk watchdog	triggers: process gone — RESTART CAP HIT (5/day), manual fix needed
2026-09-25 19:15:46	Desk watchdog	triggers: process gone — RESTART CAP HIT (5/day), manual fix needed
2026-09-25 19:15:59	Desk watchdog	triggers: process gone — RESTART CAP HIT (5/day), manual fix needed
2026-09-25 19:16:11	Desk watchdog	triggers: process gone — RESTART CAP HIT (5/day), manual fix needed
2026-09-25 19:16:25	Desk watchdog	triggers: process gone — RESTART CAP HIT (5/day), manual fix needed
2026-09-25 19:16:37	Desk watchdog	triggers: process gone — RESTART CAP HIT (5/day), manual fix needed
2026-09-25 19:16:50	Desk watchdog	triggers: process gone — RESTART CAP HIT (5/day), manual fix needed
2026-09-25 19:17:03	Desk watchdog	triggers: process gone — RESTART CAP HIT (5/day), manual fix needed
2026-09-25 19:17:16	Desk watchdog	triggers: process gone — RESTART CAP HIT (5/day), manual fix needed
2026-09-25 19:17:29	Desk watchdog	triggers: process gone — RESTART CAP HIT (5/day), manual fix needed
2026-09-25 19:17:42	Desk watchdog	triggers: process gone — RESTART CAP HIT (5/day), manual fix needed
2026-09-25 19:17:55	Desk watchdog	triggers: process gone — RESTART CAP HIT (5/day), manual fix needed
2026-09-25 19:18:07	Desk watchdog	triggers: process gone — RESTART CAP HIT (5/day), manual fix needed
2026-09-25 19:18:08	Desk watchdog	triggers: process gone — RESTART CAP HIT (5/day), manual fix needed
2026-09-25 19:18:21	Desk watchdog	triggers: process gone — RESTART CAP HIT (5/day), manual fix needed
2026-09-25 19:18:34	Desk watchdog	triggers: process gone — RESTART CAP HIT (5/day), manual fix needed
2026-09-25 19:18:47	Desk watchdog	triggers: process gone — RESTART CAP HIT (5/day), manual fix needed
2026-09-25 19:18:59	Desk watchdog	triggers: process gone — RESTART CAP HIT (5/day), manual fix needed
2026-09-25 19:19:12	Desk watchdog	triggers: process gone — RESTART CAP HIT (5/day), manual fix needed
2026-09-25 19:19:25	Desk watchdog	triggers: process gone — RESTART CAP HIT (5/day), manual fix needed
2026-09-25 19:19:38	Desk watchdog	triggers: process gone — RESTART CAP HIT (5/day), manual fix needed
2026-09-25 19:19:51	Desk watchdog	triggers: process gone — RESTART CAP HIT (5/day), manual fix needed
2026-09-25 19:20:04	Desk watchdog	triggers: process gone — RESTART CAP HIT (5/day), manual fix needed
2026-09-25 19:20:17	Desk watchdog	triggers: process gone — RESTART CAP HIT (5/day), manual fix needed
2026-09-25 19:20:30	Desk watchdog	triggers: process gone — RESTART CAP HIT (5/day), manual fix needed
2026-09-25 19:20:43	Desk watchdog	triggers: process gone — RESTART CAP HIT (5/day), manual fix needed
2026-09-25 19:20:56	Desk watchdog	triggers: process gone — RESTART CAP HIT (5/day), manual fix needed
2026-09-25 19:21:09	Desk watchdog	triggers: process gone — RESTART CAP HIT (5/day), manual fix needed
2026-09-25 19:21:23	Desk watchdog	triggers: process gone — RESTART CAP HIT (5/day), manual fix needed
2026-09-25 19:21:35	Desk watchdog	triggers: process gone — RESTART CAP HIT (5/day), manual fix needed
2026-09-25 19:21:49	Desk watchdog	triggers: process gone — RESTART CAP HIT (5/day), manual fix needed
2026-09-25 19:22:01	Desk watchdog	triggers: process gone — RESTART CAP HIT (5/day), manual fix needed
2026-09-25 19:22:14	Desk watchdog	triggers: process gone — RESTART CAP HIT (5/day), manual fix needed
2026-09-25 19:22:27	Desk watchdog	triggers: process gone — RESTART CAP HIT (5/day), manual fix needed
2026-09-25 19:22:40	Desk watchdog	triggers: process gone — RESTART CAP HIT (5/day), manual fix needed
2026-09-25 19:22:53	Desk watchdog	triggers: process gone — RESTART CAP HIT (5/day), manual fix needed
2026-09-25 19:23:06	Desk watchdog	triggers: process gone — RESTART CAP HIT (5/day), manual fix needed
2026-09-25 19:23:07	Desk watchdog	triggers: process gone — RESTART CAP HIT (5/day), manual fix needed
2026-09-25 19:23:19	Desk watchdog	triggers: process gone — RESTART CAP HIT (5/day), manual fix needed
2026-09-25 19:23:32	Desk watchdog	triggers: process gone — RESTART CAP HIT (5/day), manual fix needed
2026-09-25 19:23:45	Desk watchdog	triggers: process gone — RESTART CAP HIT (5/day), manual fix needed
2026-09-25 19:23:58	Desk watchdog	triggers: process gone — RESTART CAP HIT (5/day), manual fix needed
2026-09-25 19:24:11	Desk watchdog	triggers: process gone — RESTART CAP HIT (5/day), manual fix needed
2026-09-25 19:24:23	Desk watchdog	triggers: process gone — RESTART CAP HIT (5/day), manual fix needed
2026-09-25 19:24:37	Desk watchdog	triggers: process gone — RESTART CAP HIT (5/day), manual fix needed
2026-09-25 19:24:49	Desk watchdog	triggers: process gone — RESTART CAP HIT (5/day), manual fix needed
2026-09-25 19:25:02	Desk watchdog	triggers: process gone — RESTART CAP HIT (5/day), manual fix needed
2026-09-25 19:25:15	Desk watchdog	triggers: process gone — RESTART CAP HIT (5/day), manual fix needed
2026-09-25 19:25:28	Desk watchdog	triggers: process gone — RESTART CAP HIT (5/day), manual fix needed
2026-09-25 19:25:41	Desk watchdog	triggers: process gone — RESTART CAP HIT (5/day), manual fix needed
2026-09-25 19:25:54	Desk watchdog	triggers: process gone — RESTART CAP HIT (5/day), manual fix needed
2026-09-25 19:26:07	Desk watchdog	triggers: process gone — RESTART CAP HIT (5/day), manual fix needed
2026-09-25 19:26:20	Desk watchdog	triggers: process gone — RESTART CAP HIT (5/day), manual fix needed
2026-09-25 19:26:32	Desk watchdog	triggers: process gone — RESTART CAP HIT (5/day), manual fix needed
2026-09-25 19:26:46	Desk watchdog	triggers: process gone — RESTART CAP HIT (5/day), manual fix needed
2026-09-25 19:26:58	Desk watchdog	triggers: process gone — RESTART CAP HIT (5/day), manual fix needed
2026-09-25 19:27:12	Desk watchdog	triggers: process gone — RESTART CAP HIT (5/day), manual fix needed
2026-09-25 19:27:24	Desk watchdog	triggers: process gone — RESTART CAP HIT (5/day), manual fix needed
2026-09-25 19:27:37	Desk watchdog	triggers: process gone — RESTART CAP HIT (5/day), manual fix needed
2026-09-25 19:27:50	Desk watchdog	triggers: process gone — RESTART CAP HIT (5/day), manual fix needed
2026-09-25 19:28:03	Desk watchdog	triggers: process gone — RESTART CAP HIT (5/day), manual fix needed
2026-09-25 19:28:07	Desk watchdog	triggers: process gone — RESTART CAP HIT (5/day), manual fix needed
2026-09-25 19:28:16	Desk watchdog	triggers: process gone — RESTART CAP HIT (5/day), manual fix needed
2026-09-25 19:28:29	Desk watchdog	triggers: process gone — RESTART CAP HIT (5/day), manual fix needed
2026-09-25 19:28:41	Desk watchdog	triggers: process gone — RESTART CAP HIT (5/day), manual fix needed
2026-09-25 19:28:55	Desk watchdog	triggers: process gone — RESTART CAP HIT (5/day), manual fix needed
2026-09-25 19:29:07	Desk watchdog	triggers: process gone — RESTART CAP HIT (5/day), manual fix needed
2026-09-25 19:29:21	Desk watchdog	triggers: process gone — RESTART CAP HIT (5/day), manual fix needed
2026-09-25 19:29:33	Desk watchdog	triggers: process gone — RESTART CAP HIT (5/day), manual fix needed
2026-09-25 19:29:46	Desk watchdog	triggers: process gone — RESTART CAP HIT (5/day), manual fix needed
2026-09-25 19:29:59	Desk watchdog	triggers: process gone — RESTART CAP HIT (5/day), manual fix needed
2026-09-25 19:30:12	Desk watchdog	triggers: process gone — RESTART CAP HIT (5/day), manual fix needed
2026-09-25 19:30:25	Desk watchdog	triggers: process gone — RESTART CAP HIT (5/day), manual fix needed
2026-09-25 19:30:37	Desk watchdog	triggers: process gone — RESTART CAP HIT (5/day), manual fix needed
2026-09-25 19:30:50	Desk watchdog	triggers: process gone — RESTART CAP HIT (5/day), manual fix needed
2026-09-25 19:31:03	Desk watchdog	triggers: process gone — RESTART CAP HIT (5/day), manual fix needed
2026-09-25 19:31:16	Desk watchdog	triggers: process gone — RESTART CAP HIT (5/day), manual fix needed
2026-09-25 19:31:29	Desk watchdog	triggers: process gone — RESTART CAP HIT (5/day), manual fix needed
2026-09-25 19:31:42	Desk watchdog	triggers: process gone — RESTART CAP HIT (5/day), manual fix needed
2026-09-25 19:31:55	Desk watchdog	triggers: process gone — RESTART CAP HIT (5/day), manual fix needed
2026-09-25 19:32:08	Desk watchdog	triggers: process gone — RESTART CAP HIT (5/day), manual fix needed
2026-09-25 19:32:20	Desk watchdog	triggers: process gone — RESTART CAP HIT (5/day), manual fix needed
2026-09-25 19:32:34	Desk watchdog	triggers: process gone — RESTART CAP HIT (5/day), manual fix needed
2026-09-25 19:32:46	Desk watchdog	triggers: process gone — RESTART CAP HIT (5/day), manual fix needed
2026-09-25 19:32:59	Desk watchdog	triggers: process gone — RESTART CAP HIT (5/day), manual fix needed
2026-09-25 19:33:06	Desk watchdog	triggers: process gone — RESTART CAP HIT (5/day), manual fix needed
2026-09-25 19:33:12	Desk watchdog	triggers: process gone — RESTART CAP HIT (5/day), manual fix needed
2026-09-25 19:33:25	Desk watchdog	triggers: process gone — RESTART CAP HIT (5/day), manual fix needed
2026-09-25 19:33:38	Desk watchdog	triggers: process gone — RESTART CAP HIT (5/day), manual fix needed
2026-09-25 19:33:51	Desk watchdog	triggers: process gone — RESTART CAP HIT (5/day), manual fix needed
2026-09-25 19:34:03	Desk watchdog	triggers: process gone — RESTART CAP HIT (5/day), manual fix needed
2026-09-25 19:34:17	Desk watchdog	triggers: process gone — RESTART CAP HIT (5/day), manual fix needed
2026-09-25 19:34:29	Desk watchdog	triggers: process gone — RESTART CAP HIT (5/day), manual fix needed
2026-09-25 19:34:42	Desk watchdog	triggers: process gone — RESTART CAP HIT (5/day), manual fix needed
2026-09-25 19:34:55	Desk watchdog	triggers: process gone — RESTART CAP HIT (5/day), manual fix needed
2026-09-25 19:35:08	Desk watchdog	triggers: process gone — RESTART CAP HIT (5/day), manual fix needed
2026-09-25 19:35:21	Desk watchdog	triggers: process gone — RESTART CAP HIT (5/day), manual fix needed
2026-09-25 19:35:34	Desk watchdog	triggers: process gone — RESTART CAP HIT (5/day), manual fix needed
2026-09-25 19:35:47	Desk watchdog	triggers: process gone — RESTART CAP HIT (5/day), manual fix needed
2026-09-25 19:36:00	Desk watchdog	triggers: process gone — RESTART CAP HIT (5/day), manual fix needed
2026-09-25 19:36:12	Desk watchdog	triggers: process gone — RESTART CAP HIT (5/day), manual fix needed
2026-09-25 19:36:25	Desk watchdog	triggers: process gone — RESTART CAP HIT (5/day), manual fix needed
2026-09-25 19:36:38	Desk watchdog	triggers: process gone — RESTART CAP HIT (5/day), manual fix needed
2026-09-25 19:36:51	Desk watchdog	triggers: process gone — RESTART CAP HIT (5/day), manual fix needed
2026-09-25 19:37:04	Desk watchdog	triggers: process gone — RESTART CAP HIT (5/day), manual fix needed
2026-09-25 19:37:17	Desk watchdog	triggers: process gone — RESTART CAP HIT (5/day), manual fix needed
2026-09-25 19:37:30	Desk watchdog	triggers: process gone — RESTART CAP HIT (5/day), manual fix needed
2026-09-25 19:37:43	Desk watchdog	triggers: process gone — RESTART CAP HIT (5/day), manual fix needed
2026-09-25 19:37:56	Desk watchdog	triggers: process gone — RESTART CAP HIT (5/day), manual fix needed
2026-09-25 19:38:07	Desk watchdog	triggers: process gone — RESTART CAP HIT (5/day), manual fix needed
2026-09-25 19:38:09	Desk watchdog	triggers: process gone — RESTART CAP HIT (5/day), manual fix needed
2026-09-25 19:38:21	Desk watchdog	triggers: process gone — RESTART CAP HIT (5/day), manual fix needed
2026-09-25 19:38:35	Desk watchdog	triggers: process gone — RESTART CAP HIT (5/day), manual fix needed
2026-09-25 19:38:47	Desk watchdog	triggers: process gone — RESTART CAP HIT (5/day), manual fix needed
2026-09-25 19:39:01	Desk watchdog	triggers: process gone — RESTART CAP HIT (5/day), manual fix needed
2026-09-25 19:39:13	Desk watchdog	triggers: process gone — RESTART CAP HIT (5/day), manual fix needed
2026-09-25 19:39:26	Desk watchdog	triggers: process gone — RESTART CAP HIT (5/day), manual fix needed
2026-09-25 19:39:39	Desk watchdog	triggers: process gone — RESTART CAP HIT (5/day), manual fix needed
2026-09-25 19:39:52	Desk watchdog	triggers: process gone — RESTART CAP HIT (5/day), manual fix needed
2026-09-25 19:40:05	Desk watchdog	triggers: process gone — RESTART CAP HIT (5/day), manual fix needed
2026-09-25 19:40:18	Desk watchdog	triggers: process gone — RESTART CAP HIT (5/day), manual fix needed
2026-09-25 19:40:31	Desk watchdog	triggers: process gone — RESTART CAP HIT (5/day), manual fix needed
2026-09-25 19:40:44	Desk watchdog	triggers: process gone — RESTART CAP HIT (5/day), manual fix needed
2026-09-25 19:40:57	Desk watchdog	triggers: process gone — RESTART CAP HIT (5/day), manual fix needed
2026-09-25 19:41:10	Desk watchdog	triggers: process gone — RESTART CAP HIT (5/day), manual fix needed
2026-09-25 19:41:23	Desk watchdog	triggers: process gone — RESTART CAP HIT (5/day), manual fix needed
2026-09-25 19:41:35	Desk watchdog	triggers: process gone — RESTART CAP HIT (5/day), manual fix needed
2026-09-25 19:41:49	Desk watchdog	triggers: process gone — RESTART CAP HIT (5/day), manual fix needed
2026-09-25 19:42:01	Desk watchdog	triggers: process gone — RESTART CAP HIT (5/day), manual fix needed
2026-09-25 19:42:15	Desk watchdog	triggers: process gone — RESTART CAP HIT (5/day), manual fix needed
2026-09-25 19:42:28	Desk watchdog	triggers: process gone — RESTART CAP HIT (5/day), manual fix needed
2026-09-25 19:42:40	Desk watchdog	triggers: process gone — RESTART CAP HIT (5/day), manual fix needed
2026-09-25 19:42:53	Desk watchdog	triggers: process gone — RESTART CAP HIT (5/day), manual fix needed
2026-09-25 19:43:06	Desk watchdog	triggers: process gone — RESTART CAP HIT (5/day), manual fix needed
2026-09-25 19:43:07	Desk watchdog	triggers: process gone — RESTART CAP HIT (5/day), manual fix needed
2026-09-25 19:43:19	Desk watchdog	triggers: process gone — RESTART CAP HIT (5/day), manual fix needed
2026-09-25 19:43:32	Desk watchdog	triggers: process gone — RESTART CAP HIT (5/day), manual fix needed
2026-09-25 19:43:45	Desk watchdog	triggers: process gone — RESTART CAP HIT (5/day), manual fix needed
2026-09-25 19:43:58	Desk watchdog	triggers: process gone — RESTART CAP HIT (5/day), manual fix needed
2026-09-25 19:44:11	Desk watchdog	triggers: process gone — RESTART CAP HIT (5/day), manual fix needed
2026-09-25 19:44:24	Desk watchdog	triggers: process gone — RESTART CAP HIT (5/day), manual fix needed
2026-09-25 19:44:37	Desk watchdog	triggers: process gone — RESTART CAP HIT (5/day), manual fix needed
2026-09-25 19:44:49	Desk watchdog	triggers: process gone — RESTART CAP HIT (5/day), manual fix needed
2026-09-25 19:45:03	Desk watchdog	triggers: process gone — RESTART CAP HIT (5/day), manual fix needed
2026-09-25 19:45:15	Desk watchdog	triggers: process gone — RESTART CAP HIT (5/day), manual fix needed
2026-09-25 19:45:28	Desk watchdog	triggers: process gone — RESTART CAP HIT (5/day), manual fix needed
2026-09-25 19:45:41	Desk watchdog	triggers: process gone — RESTART CAP HIT (5/day), manual fix needed
2026-09-25 19:45:54	Desk watchdog	triggers: process gone — RESTART CAP HIT (5/day), manual fix needed
2026-09-25 19:46:07	Desk watchdog	triggers: process gone — RESTART CAP HIT (5/day), manual fix needed
2026-09-25 19:46:20	Desk watchdog	triggers: process gone — RESTART CAP HIT (5/day), manual fix needed
2026-09-25 19:46:33	Desk watchdog	triggers: process gone — RESTART CAP HIT (5/day), manual fix needed
2026-09-25 19:46:46	Desk watchdog	triggers: process gone — RESTART CAP HIT (5/day), manual fix needed
2026-09-25 19:46:59	Desk watchdog	triggers: process gone — RESTART CAP HIT (5/day), manual fix needed
2026-09-25 19:47:12	Desk watchdog	triggers: process gone — RESTART CAP HIT (5/day), manual fix needed
2026-09-25 19:47:24	Desk watchdog	triggers: process gone — RESTART CAP HIT (5/day), manual fix needed
2026-09-25 19:47:38	Desk watchdog	triggers: process gone — RESTART CAP HIT (5/day), manual fix needed
2026-09-25 19:47:50	Desk watchdog	triggers: process gone — RESTART CAP HIT (5/day), manual fix needed
2026-09-25 19:48:03	Desk watchdog	triggers: process gone — RESTART CAP HIT (5/day), manual fix needed
2026-09-25 19:48:07	Desk watchdog	triggers: process gone — RESTART CAP HIT (5/day), manual fix needed
2026-09-25 19:48:16	Desk watchdog	triggers: process gone — RESTART CAP HIT (5/day), manual fix needed
2026-09-25 19:48:29	Desk watchdog	triggers: process gone — RESTART CAP HIT (5/day), manual fix needed
2026-09-25 19:48:42	Desk watchdog	triggers: process gone — RESTART CAP HIT (5/day), manual fix needed
2026-09-25 19:48:55	Desk watchdog	triggers: process gone — RESTART CAP HIT (5/day), manual fix needed
2026-09-25 19:49:07	Desk watchdog	triggers: process gone — RESTART CAP HIT (5/day), manual fix needed
2026-09-25 19:49:21	Desk watchdog	triggers: process gone — RESTART CAP HIT (5/day), manual fix needed
2026-09-25 19:49:33	Desk watchdog	triggers: process gone — RESTART CAP HIT (5/day), manual fix needed
2026-09-25 19:49:46	Desk watchdog	triggers: process gone — RESTART CAP HIT (5/day), manual fix needed
2026-09-25 19:49:59	Desk watchdog	triggers: process gone — RESTART CAP HIT (5/day), manual fix needed
2026-09-25 19:50:12	Desk watchdog	triggers: process gone — RESTART CAP HIT (5/day), manual fix needed
2026-09-25 19:50:25	Desk watchdog	triggers: process gone — RESTART CAP HIT (5/day), manual fix needed
2026-09-25 19:50:38	Desk watchdog	triggers: process gone — RESTART CAP HIT (5/day), manual fix needed
2026-09-25 19:50:51	Desk watchdog	triggers: process gone — RESTART CAP HIT (5/day), manual fix needed
2026-09-25 19:51:04	Desk watchdog	triggers: process gone — RESTART CAP HIT (5/day), manual fix needed
2026-09-25 19:51:16	Desk watchdog	triggers: process gone — RESTART CAP HIT (5/day), manual fix needed
2026-09-25 19:51:30	Desk watchdog	triggers: process gone — RESTART CAP HIT (5/day), manual fix needed
2026-09-25 19:51:42	Desk watchdog	triggers: process gone — RESTART CAP HIT (5/day), manual fix needed
2026-09-25 19:51:55	Desk watchdog	triggers: process gone — RESTART CAP HIT (5/day), manual fix needed
2026-09-25 19:52:08	Desk watchdog	triggers: process gone — RESTART CAP HIT (5/day), manual fix needed
2026-09-25 19:52:21	Desk watchdog	triggers: process gone — RESTART CAP HIT (5/day), manual fix needed
2026-09-25 19:52:34	Desk watchdog	triggers: process gone — RESTART CAP HIT (5/day), manual fix needed
2026-09-25 19:52:47	Desk watchdog	triggers: process gone — RESTART CAP HIT (5/day), manual fix needed
2026-09-25 19:53:00	Desk watchdog	triggers: process gone — RESTART CAP HIT (5/day), manual fix needed
2026-09-25 19:53:07	Desk watchdog	triggers: process gone — RESTART CAP HIT (5/day), manual fix needed
2026-09-25 19:53:13	Desk watchdog	triggers: process gone — RESTART CAP HIT (5/day), manual fix needed
2026-09-25 19:53:25	Desk watchdog	triggers: process gone — RESTART CAP HIT (5/day), manual fix needed
2026-09-25 19:53:39	Desk watchdog	triggers: process gone — RESTART CAP HIT (5/day), manual fix needed
2026-09-25 19:53:51	Desk watchdog	triggers: process gone — RESTART CAP HIT (5/day), manual fix needed
2026-09-25 19:54:04	Desk watchdog	triggers: process gone — RESTART CAP HIT (5/day), manual fix needed
2026-09-25 19:54:17	Desk watchdog	triggers: process gone — RESTART CAP HIT (5/day), manual fix needed
2026-09-25 19:54:30	Desk watchdog	triggers: process gone — RESTART CAP HIT (5/day), manual fix needed
2026-09-25 19:54:43	Desk watchdog	triggers: process gone — RESTART CAP HIT (5/day), manual fix needed
2026-09-25 19:54:56	Desk watchdog	triggers: process gone — RESTART CAP HIT (5/day), manual fix needed
2026-09-25 19:55:09	Desk watchdog	triggers: process gone — RESTART CAP HIT (5/day), manual fix needed
2026-09-25 19:55:21	Desk watchdog	triggers: process gone — RESTART CAP HIT (5/day), manual fix needed
2026-09-25 19:55:34	Desk watchdog	triggers: process gone — RESTART CAP HIT (5/day), manual fix needed
2026-09-25 19:55:47	Desk watchdog	triggers: process gone — RESTART CAP HIT (5/day), manual fix needed
2026-09-25 19:56:00	Desk watchdog	triggers: process gone — RESTART CAP HIT (5/day), manual fix needed
2026-09-25 19:56:13	Desk watchdog	triggers: process gone — RESTART CAP HIT (5/day), manual fix needed
2026-09-25 19:56:26	Desk watchdog	triggers: process gone — RESTART CAP HIT (5/day), manual fix needed
2026-09-25 19:56:39	Desk watchdog	triggers: process gone — RESTART CAP HIT (5/day), manual fix needed
2026-09-25 19:56:52	Desk watchdog	triggers: process gone — RESTART CAP HIT (5/day), manual fix needed
2026-09-25 19:57:04	Desk watchdog	triggers: process gone — RESTART CAP HIT (5/day), manual fix needed
2026-09-25 19:57:18	Desk watchdog	triggers: process gone — RESTART CAP HIT (5/day), manual fix needed
2026-09-25 19:57:30	Desk watchdog	triggers: process gone — RESTART CAP HIT (5/day), manual fix needed
2026-09-25 19:57:43	Desk watchdog	triggers: process gone — RESTART CAP HIT (5/day), manual fix needed
2026-09-25 19:57:56	Desk watchdog	triggers: process gone — RESTART CAP HIT (5/day), manual fix needed
2026-09-25 19:58:07	Desk watchdog	triggers: process gone — RESTART CAP HIT (5/day), manual fix needed
2026-09-25 19:58:09	Desk watchdog	triggers: process gone — RESTART CAP HIT (5/day), manual fix needed
2026-09-25 19:58:22	Desk watchdog	triggers: process gone — RESTART CAP HIT (5/day), manual fix needed
2026-09-25 19:58:35	Desk watchdog	triggers: process gone — RESTART CAP HIT (5/day), manual fix needed
2026-09-25 19:58:47	Desk watchdog	triggers: process gone — RESTART CAP HIT (5/day), manual fix needed
2026-09-25 19:59:01	Desk watchdog	triggers: process gone — RESTART CAP HIT (5/day), manual fix needed
2026-09-25 19:59:13	Desk watchdog	triggers: process gone — RESTART CAP HIT (5/day), manual fix needed
2026-09-25 19:59:26	Desk watchdog	triggers: process gone — RESTART CAP HIT (5/day), manual fix needed
2026-09-25 19:59:39	Desk watchdog	triggers: process gone — RESTART CAP HIT (5/day), manual fix needed
2026-09-25 19:59:52	Desk watchdog	triggers: process gone — RESTART CAP HIT (5/day), manual fix needed
2026-09-25 20:00:06	Desk watchdog	triggers: process gone — RESTART CAP HIT (5/day), manual fix needed
2026-09-25 20:00:18	Desk watchdog	triggers: process gone — RESTART CAP HIT (5/day), manual fix needed
2026-09-25 20:00:31	Desk watchdog	triggers: process gone — RESTART CAP HIT (5/day), manual fix needed
2026-09-25 20:00:44	Desk watchdog	triggers: process gone — RESTART CAP HIT (5/day), manual fix needed
2026-09-25 20:00:57	Desk watchdog	triggers: process gone — RESTART CAP HIT (5/day), manual fix needed
2026-09-25 20:01:10	Desk watchdog	triggers: process gone — RESTART CAP HIT (5/day), manual fix needed
2026-09-25 20:01:23	Desk watchdog	triggers: process gone — RESTART CAP HIT (5/day), manual fix needed
2026-09-25 20:01:36	Desk watchdog	triggers: process gone — RESTART CAP HIT (5/day), manual fix needed
2026-09-25 20:01:48	Desk watchdog	triggers: process gone — RESTART CAP HIT (5/day), manual fix needed
2026-09-25 20:02:01	Desk watchdog	triggers: process gone — RESTART CAP HIT (5/day), manual fix needed
2026-09-25 20:02:14	Desk watchdog	triggers: process gone — RESTART CAP HIT (5/day), manual fix needed
2026-09-25 20:02:27	Desk watchdog	triggers: process gone — RESTART CAP HIT (5/day), manual fix needed
2026-09-25 20:02:40	Desk watchdog	triggers: process gone — RESTART CAP HIT (5/day), manual fix needed
2026-09-25 20:02:53	Desk watchdog	triggers: process gone — RESTART CAP HIT (5/day), manual fix needed
2026-09-25 20:03:06	Desk watchdog	triggers: process gone — RESTART CAP HIT (5/day), manual fix needed
2026-09-25 20:03:07	Desk watchdog	triggers: process gone — RESTART CAP HIT (5/day), manual fix needed
2026-09-25 20:03:19	Desk watchdog	triggers: process gone — RESTART CAP HIT (5/day), manual fix needed
2026-09-25 20:03:32	Desk watchdog	triggers: process gone — RESTART CAP HIT (5/day), manual fix needed
2026-09-25 20:03:45	Desk watchdog	triggers: process gone — RESTART CAP HIT (5/day), manual fix needed
2026-09-25 20:03:58	Desk watchdog	triggers: process gone — RESTART CAP HIT (5/day), manual fix needed
2026-09-25 20:04:11	Desk watchdog	triggers: process gone — RESTART CAP HIT (5/day), manual fix needed
2026-09-25 20:04:24	Desk watchdog	triggers: process gone — RESTART CAP HIT (5/day), manual fix needed
2026-09-25 20:04:36	Desk watchdog	triggers: process gone — RESTART CAP HIT (5/day), manual fix needed
2026-09-25 20:04:50	Desk watchdog	triggers: process gone — RESTART CAP HIT (5/day), manual fix needed
2026-09-25 20:05:02	Desk watchdog	triggers: process gone — RESTART CAP HIT (5/day), manual fix needed
2026-09-25 20:05:15	Desk watchdog	triggers: process gone — RESTART CAP HIT (5/day), manual fix needed
2026-09-25 20:05:28	Desk watchdog	triggers: process gone — RESTART CAP HIT (5/day), manual fix needed
2026-09-25 20:05:41	Desk watchdog	triggers: process gone — RESTART CAP HIT (5/day), manual fix needed
2026-09-25 20:05:54	Desk watchdog	triggers: process gone — RESTART CAP HIT (5/day), manual fix needed
2026-09-25 20:06:07	Desk watchdog	triggers: process gone — RESTART CAP HIT (5/day), manual fix needed
2026-09-25 20:06:20	Desk watchdog	triggers: process gone — RESTART CAP HIT (5/day), manual fix needed
2026-09-25 20:06:33	Desk watchdog	triggers: process gone — RESTART CAP HIT (5/day), manual fix needed
2026-09-25 20:06:45	Desk watchdog	triggers: process gone — RESTART CAP HIT (5/day), manual fix needed
2026-09-25 20:06:59	Desk watchdog	triggers: process gone — RESTART CAP HIT (5/day), manual fix needed
2026-09-25 20:07:11	Desk watchdog	triggers: process gone — RESTART CAP HIT (5/day), manual fix needed
2026-09-25 20:07:24	Desk watchdog	triggers: process gone — RESTART CAP HIT (5/day), manual fix needed
2026-09-25 20:07:37	Desk watchdog	triggers: process gone — RESTART CAP HIT (5/day), manual fix needed
2026-09-25 20:07:50	Desk watchdog	triggers: process gone — RESTART CAP HIT (5/day), manual fix needed
2026-09-25 20:08:03	Desk watchdog	triggers: process gone — RESTART CAP HIT (5/day), manual fix needed
2026-09-25 20:08:07	Desk watchdog	triggers: process gone — RESTART CAP HIT (5/day), manual fix needed
2026-09-25 20:08:16	Desk watchdog	triggers: process gone — RESTART CAP HIT (5/day), manual fix needed
2026-09-25 20:08:28	Desk watchdog	triggers: process gone — RESTART CAP HIT (5/day), manual fix needed
2026-09-25 20:08:42	Desk watchdog	triggers: process gone — RESTART CAP HIT (5/day), manual fix needed
2026-09-25 20:08:54	Desk watchdog	triggers: process gone — RESTART CAP HIT (5/day), manual fix needed
2026-09-25 20:09:07	Desk watchdog	triggers: process gone — RESTART CAP HIT (5/day), manual fix needed
2026-09-25 20:09:20	Desk watchdog	triggers: process gone — RESTART CAP HIT (5/day), manual fix needed
2026-09-25 20:09:33	Desk watchdog	triggers: process gone — RESTART CAP HIT (5/day), manual fix needed
2026-09-25 20:09:46	Desk watchdog	triggers: process gone — RESTART CAP HIT (5/day), manual fix needed
2026-09-25 20:09:59	Desk watchdog	triggers: process gone — RESTART CAP HIT (5/day), manual fix needed
2026-09-25 20:10:12	Desk watchdog	triggers: process gone — RESTART CAP HIT (5/day), manual fix needed
2026-09-25 20:10:25	Desk watchdog	triggers: process gone — RESTART CAP HIT (5/day), manual fix needed
2026-09-25 20:10:37	Desk watchdog	triggers: process gone — RESTART CAP HIT (5/day), manual fix needed
2026-09-25 20:10:51	Desk watchdog	triggers: process gone — RESTART CAP HIT (5/day), manual fix needed
2026-09-25 20:11:03	Desk watchdog	triggers: process gone — RESTART CAP HIT (5/day), manual fix needed
2026-09-25 20:11:16	Desk watchdog	triggers: process gone — RESTART CAP HIT (5/day), manual fix needed
2026-09-25 20:11:29	Desk watchdog	triggers: process gone — RESTART CAP HIT (5/day), manual fix needed
2026-09-25 20:11:42	Desk watchdog	triggers: process gone — RESTART CAP HIT (5/day), manual fix needed
2026-09-25 20:11:55	Desk watchdog	triggers: process gone — RESTART CAP HIT (5/day), manual fix needed
2026-09-25 20:12:08	Desk watchdog	triggers: process gone — RESTART CAP HIT (5/day), manual fix needed
2026-09-25 20:12:21	Desk watchdog	triggers: process gone — RESTART CAP HIT (5/day), manual fix needed
2026-09-25 20:12:34	Desk watchdog	triggers: process gone — RESTART CAP HIT (5/day), manual fix needed
2026-09-25 20:12:47	Desk watchdog	triggers: process gone — RESTART CAP HIT (5/day), manual fix needed
2026-09-25 20:13:00	Desk watchdog	triggers: process gone — RESTART CAP HIT (5/day), manual fix needed
2026-09-25 20:13:07	Desk watchdog	triggers: process gone — RESTART CAP HIT (5/day), manual fix needed
2026-09-25 20:13:12	Desk watchdog	triggers: process gone — RESTART CAP HIT (5/day), manual fix needed
2026-09-25 20:13:26	Desk watchdog	triggers: process gone — RESTART CAP HIT (5/day), manual fix needed
2026-09-25 20:13:38	Desk watchdog	triggers: process gone — RESTART CAP HIT (5/day), manual fix needed
2026-09-25 20:13:51	Desk watchdog	triggers: process gone — RESTART CAP HIT (5/day), manual fix needed
2026-09-25 20:14:04	Desk watchdog	triggers: process gone — RESTART CAP HIT (5/day), manual fix needed
2026-09-25 20:14:17	Desk watchdog	triggers: process gone — RESTART CAP HIT (5/day), manual fix needed
2026-09-25 20:14:30	Desk watchdog	triggers: process gone — RESTART CAP HIT (5/day), manual fix needed
2026-09-25 20:14:43	Desk watchdog	triggers: process gone — RESTART CAP HIT (5/day), manual fix needed
2026-09-25 20:14:55	Desk watchdog	triggers: process gone — RESTART CAP HIT (5/day), manual fix needed
2026-09-25 20:15:09	Desk watchdog	triggers: process gone — RESTART CAP HIT (5/day), manual fix needed
2026-09-25 20:15:22	Desk watchdog	triggers: process gone — RESTART CAP HIT (5/day), manual fix needed
2026-09-25 20:15:35	Desk watchdog	triggers: process gone — RESTART CAP HIT (5/day), manual fix needed
2026-09-25 20:15:48	Desk watchdog	triggers: process gone — RESTART CAP HIT (5/day), manual fix needed
2026-09-25 20:16:00	Desk watchdog	triggers: process gone — RESTART CAP HIT (5/day), manual fix needed
2026-09-25 20:16:13	Desk watchdog	triggers: process gone — RESTART CAP HIT (5/day), manual fix needed
2026-09-25 20:16:26	Desk watchdog	triggers: process gone — RESTART CAP HIT (5/day), manual fix needed
2026-09-25 20:16:39	Desk watchdog	triggers: process gone — RESTART CAP HIT (5/day), manual fix needed
2026-09-25 20:16:52	Desk watchdog	triggers: process gone — RESTART CAP HIT (5/day), manual fix needed
2026-09-25 20:17:05	Desk watchdog	triggers: process gone — RESTART CAP HIT (5/day), manual fix needed
2026-09-25 20:17:18	Desk watchdog	triggers: process gone — RESTART CAP HIT (5/day), manual fix needed
2026-09-25 20:17:30	Desk watchdog	triggers: process gone — RESTART CAP HIT (5/day), manual fix needed
2026-09-25 20:17:44	Desk watchdog	triggers: process gone — RESTART CAP HIT (5/day), manual fix needed
2026-09-25 20:17:56	Desk watchdog	triggers: process gone — RESTART CAP HIT (5/day), manual fix needed
2026-09-25 20:18:07	Desk watchdog	triggers: process gone — RESTART CAP HIT (5/day), manual fix needed
2026-09-25 20:18:09	Desk watchdog	triggers: process gone — RESTART CAP HIT (5/day), manual fix needed
2026-09-25 20:18:22	Desk watchdog	triggers: process gone — RESTART CAP HIT (5/day), manual fix needed
2026-09-25 20:18:35	Desk watchdog	triggers: process gone — RESTART CAP HIT (5/day), manual fix needed
2026-09-25 20:18:48	Desk watchdog	triggers: process gone — RESTART CAP HIT (5/day), manual fix needed
2026-09-25 20:19:01	Desk watchdog	triggers: process gone — RESTART CAP HIT (5/day), manual fix needed
2026-09-25 20:19:14	Desk watchdog	triggers: process gone — RESTART CAP HIT (5/day), manual fix needed
2026-09-25 20:19:27	Desk watchdog	triggers: process gone — RESTART CAP HIT (5/day), manual fix needed
2026-09-25 20:19:40	Desk watchdog	triggers: process gone — RESTART CAP HIT (5/day), manual fix needed
2026-09-25 20:19:53	Desk watchdog	triggers: process gone — RESTART CAP HIT (5/day), manual fix needed
2026-09-25 20:20:06	Desk watchdog	triggers: process gone — RESTART CAP HIT (5/day), manual fix needed
2026-09-25 20:20:18	Desk watchdog	triggers: process gone — RESTART CAP HIT (5/day), manual fix needed
2026-09-25 20:20:31	Desk watchdog	triggers: process gone — RESTART CAP HIT (5/day), manual fix needed
2026-09-25 20:20:44	Desk watchdog	triggers: process gone — RESTART CAP HIT (5/day), manual fix needed
2026-09-25 20:20:57	Desk watchdog	triggers: process gone — RESTART CAP HIT (5/day), manual fix needed
2026-09-25 20:21:10	Desk watchdog	triggers: process gone — RESTART CAP HIT (5/day), manual fix needed
2026-09-25 20:21:23	Desk watchdog	triggers: process gone — RESTART CAP HIT (5/day), manual fix needed
2026-09-25 20:21:36	Desk watchdog	triggers: process gone — RESTART CAP HIT (5/day), manual fix needed
2026-09-25 20:21:49	Desk watchdog	triggers: process gone — RESTART CAP HIT (5/day), manual fix needed
2026-09-25 20:22:02	Desk watchdog	triggers: process gone — RESTART CAP HIT (5/day), manual fix needed
2026-09-25 20:22:15	Desk watchdog	triggers: process gone — RESTART CAP HIT (5/day), manual fix needed
2026-09-25 20:22:27	Desk watchdog	triggers: process gone — RESTART CAP HIT (5/day), manual fix needed
2026-09-25 20:22:40	Desk watchdog	triggers: process gone — RESTART CAP HIT (5/day), manual fix needed
2026-09-25 20:22:53	Desk watchdog	triggers: process gone — RESTART CAP HIT (5/day), manual fix needed
2026-09-25 20:23:07	Desk watchdog	triggers: process gone — RESTART CAP HIT (5/day), manual fix needed
2026-09-25 20:23:07	Desk watchdog	triggers: process gone — RESTART CAP HIT (5/day), manual fix needed
2026-09-25 20:23:19	Desk watchdog	triggers: process gone — RESTART CAP HIT (5/day), manual fix needed
2026-09-25 20:23:32	Desk watchdog	triggers: process gone — RESTART CAP HIT (5/day), manual fix needed
2026-09-25 20:23:45	Desk watchdog	triggers: process gone — RESTART CAP HIT (5/day), manual fix needed
2026-09-25 20:23:58	Desk watchdog	triggers: process gone — RESTART CAP HIT (5/day), manual fix needed
2026-09-25 20:24:12	Desk watchdog	triggers: process gone — RESTART CAP HIT (5/day), manual fix needed
2026-09-25 20:24:24	Desk watchdog	triggers: process gone — RESTART CAP HIT (5/day), manual fix needed
2026-09-25 20:24:37	Desk watchdog	triggers: process gone — RESTART CAP HIT (5/day), manual fix needed
2026-09-25 20:24:50	Desk watchdog	triggers: process gone — RESTART CAP HIT (5/day), manual fix needed
2026-09-25 20:25:03	Desk watchdog	triggers: process gone — RESTART CAP HIT (5/day), manual fix needed
2026-09-25 20:25:16	Desk watchdog	triggers: process gone — RESTART CAP HIT (5/day), manual fix needed
2026-09-25 20:25:29	Desk watchdog	triggers: process gone — RESTART CAP HIT (5/day), manual fix needed
2026-09-25 20:25:42	Desk watchdog	triggers: process gone — RESTART CAP HIT (5/day), manual fix needed
2026-09-25 20:25:55	Desk watchdog	triggers: process gone — RESTART CAP HIT (5/day), manual fix needed
2026-09-25 20:26:08	Desk watchdog	triggers: process gone — RESTART CAP HIT (5/day), manual fix needed
2026-09-25 20:26:21	Desk watchdog	triggers: process gone — RESTART CAP HIT (5/day), manual fix needed
2026-09-25 20:26:33	Desk watchdog	triggers: process gone — RESTART CAP HIT (5/day), manual fix needed
2026-09-25 20:26:46	Desk watchdog	triggers: process gone — RESTART CAP HIT (5/day), manual fix needed
2026-09-25 20:26:59	Desk watchdog	triggers: process gone — RESTART CAP HIT (5/day), manual fix needed
2026-09-25 20:27:12	Desk watchdog	triggers: process gone — RESTART CAP HIT (5/day), manual fix needed
2026-09-25 20:27:25	Desk watchdog	triggers: process gone — RESTART CAP HIT (5/day), manual fix needed
2026-09-25 20:27:38	Desk watchdog	triggers: process gone — RESTART CAP HIT (5/day), manual fix needed
2026-09-25 20:27:51	Desk watchdog	triggers: process gone — RESTART CAP HIT (5/day), manual fix needed
2026-09-25 20:28:04	Desk watchdog	triggers: process gone — RESTART CAP HIT (5/day), manual fix needed
2026-09-25 20:28:07	Desk watchdog	triggers: process gone — RESTART CAP HIT (5/day), manual fix needed
2026-09-25 20:28:17	Desk watchdog	triggers: process gone — RESTART CAP HIT (5/day), manual fix needed
2026-09-25 20:28:30	Desk watchdog	triggers: process gone — RESTART CAP HIT (5/day), manual fix needed
2026-09-25 20:28:43	Desk watchdog	triggers: process gone — RESTART CAP HIT (5/day), manual fix needed
2026-09-25 20:28:55	Desk watchdog	triggers: process gone — RESTART CAP HIT (5/day), manual fix needed
2026-09-25 20:29:09	Desk watchdog	triggers: process gone — RESTART CAP HIT (5/day), manual fix needed
2026-09-25 20:29:21	Desk watchdog	triggers: process gone — RESTART CAP HIT (5/day), manual fix needed
2026-09-25 20:29:35	Desk watchdog	triggers: process gone — RESTART CAP HIT (5/day), manual fix needed
2026-09-25 20:29:47	Desk watchdog	triggers: process gone — RESTART CAP HIT (5/day), manual fix needed
2026-09-25 20:30:00	Desk watchdog	triggers: process gone — RESTART CAP HIT (5/day), manual fix needed
2026-09-25 20:30:13	Desk watchdog	triggers: process gone — RESTART CAP HIT (5/day), manual fix needed
2026-09-25 20:30:26	Desk watchdog	triggers: process gone — RESTART CAP HIT (5/day), manual fix needed
2026-09-25 20:30:39	Desk watchdog	triggers: process gone — RESTART CAP HIT (5/day), manual fix needed
2026-09-25 20:30:52	Desk watchdog	triggers: process gone — RESTART CAP HIT (5/day), manual fix needed
2026-09-25 20:31:04	Desk watchdog	triggers: process gone — RESTART CAP HIT (5/day), manual fix needed
2026-09-25 20:31:18	Desk watchdog	triggers: process gone — RESTART CAP HIT (5/day), manual fix needed
2026-09-25 20:31:30	Desk watchdog	triggers: process gone — RESTART CAP HIT (5/day), manual fix needed
2026-09-25 20:31:44	Desk watchdog	triggers: process gone — RESTART CAP HIT (5/day), manual fix needed
2026-09-25 20:31:56	Desk watchdog	triggers: process gone — RESTART CAP HIT (5/day), manual fix needed
2026-09-25 20:32:09	Desk watchdog	triggers: process gone — RESTART CAP HIT (5/day), manual fix needed
2026-09-25 20:32:22	Desk watchdog	triggers: process gone — RESTART CAP HIT (5/day), manual fix needed
2026-09-25 20:32:35	Desk watchdog	triggers: process gone — RESTART CAP HIT (5/day), manual fix needed
2026-09-25 20:32:48	Desk watchdog	triggers: process gone — RESTART CAP HIT (5/day), manual fix needed
2026-09-25 20:33:01	Desk watchdog	triggers: process gone — RESTART CAP HIT (5/day), manual fix needed
2026-09-25 20:33:07	Desk watchdog	triggers: process gone — RESTART CAP HIT (5/day), manual fix needed
2026-09-25 20:33:14	Desk watchdog	triggers: process gone — RESTART CAP HIT (5/day), manual fix needed
2026-09-25 20:33:27	Desk watchdog	triggers: process gone — RESTART CAP HIT (5/day), manual fix needed
2026-09-25 20:33:40	Desk watchdog	triggers: process gone — RESTART CAP HIT (5/day), manual fix needed
2026-09-25 20:33:53	Desk watchdog	triggers: process gone — RESTART CAP HIT (5/day), manual fix needed
2026-09-25 20:34:05	Desk watchdog	triggers: process gone — RESTART CAP HIT (5/day), manual fix needed
2026-09-25 20:34:18	Desk watchdog	triggers: process gone — RESTART CAP HIT (5/day), manual fix needed
2026-09-25 20:34:31	Desk watchdog	triggers: process gone — RESTART CAP HIT (5/day), manual fix needed
2026-09-25 20:34:44	Desk watchdog	triggers: process gone — RESTART CAP HIT (5/day), manual fix needed
2026-09-25 20:34:57	Desk watchdog	triggers: process gone — RESTART CAP HIT (5/day), manual fix needed
2026-09-25 20:35:10	Desk watchdog	triggers: process gone — RESTART CAP HIT (5/day), manual fix needed
2026-09-25 20:35:23	Desk watchdog	triggers: process gone — RESTART CAP HIT (5/day), manual fix needed
2026-09-25 20:35:36	Desk watchdog	triggers: process gone — RESTART CAP HIT (5/day), manual fix needed
2026-09-25 20:35:48	Desk watchdog	triggers: process gone — RESTART CAP HIT (5/day), manual fix needed
2026-09-25 20:36:02	Desk watchdog	triggers: process gone — RESTART CAP HIT (5/day), manual fix needed
2026-09-25 20:36:14	Desk watchdog	triggers: process gone — RESTART CAP HIT (5/day), manual fix needed
2026-09-25 20:36:27	Desk watchdog	triggers: process gone — RESTART CAP HIT (5/day), manual fix needed
2026-09-25 20:36:40	Desk watchdog	triggers: process gone — RESTART CAP HIT (5/day), manual fix needed
2026-09-25 20:36:53	Desk watchdog	triggers: process gone — RESTART CAP HIT (5/day), manual fix needed
2026-09-25 20:37:06	Desk watchdog	triggers: process gone — RESTART CAP HIT (5/day), manual fix needed
2026-09-25 20:37:19	Desk watchdog	triggers: process gone — RESTART CAP HIT (5/day), manual fix needed
2026-09-25 20:37:31	Desk watchdog	triggers: process gone — RESTART CAP HIT (5/day), manual fix needed
2026-09-25 20:37:44	Desk watchdog	triggers: process gone — RESTART CAP HIT (5/day), manual fix needed
2026-09-25 20:37:57	Desk watchdog	triggers: process gone — RESTART CAP HIT (5/day), manual fix needed
2026-09-25 20:38:07	Desk watchdog	triggers: process gone — RESTART CAP HIT (5/day), manual fix needed
2026-09-25 20:38:10	Desk watchdog	triggers: process gone — RESTART CAP HIT (5/day), manual fix needed
2026-09-25 20:38:23	Desk watchdog	triggers: process gone — RESTART CAP HIT (5/day), manual fix needed
2026-09-25 20:38:36	Desk watchdog	triggers: process gone — RESTART CAP HIT (5/day), manual fix needed
2026-09-25 20:38:49	Desk watchdog	triggers: process gone — RESTART CAP HIT (5/day), manual fix needed
2026-09-25 20:39:02	Desk watchdog	triggers: process gone — RESTART CAP HIT (5/day), manual fix needed
2026-09-25 20:39:15	Desk watchdog	triggers: process gone — RESTART CAP HIT (5/day), manual fix needed
2026-09-25 20:39:28	Desk watchdog	triggers: process gone — RESTART CAP HIT (5/day), manual fix needed
2026-09-25 20:39:40	Desk watchdog	triggers: process gone — RESTART CAP HIT (5/day), manual fix needed
2026-09-25 20:39:53	Desk watchdog	triggers: process gone — RESTART CAP HIT (5/day), manual fix needed
2026-09-25 20:40:06	Desk watchdog	triggers: process gone — RESTART CAP HIT (5/day), manual fix needed
2026-09-25 20:40:19	Desk watchdog	triggers: process gone — RESTART CAP HIT (5/day), manual fix needed
2026-09-25 20:40:32	Desk watchdog	triggers: process gone — RESTART CAP HIT (5/day), manual fix needed
2026-09-25 20:40:45	Desk watchdog	triggers: process gone — RESTART CAP HIT (5/day), manual fix needed
2026-09-25 20:40:58	Desk watchdog	triggers: process gone — RESTART CAP HIT (5/day), manual fix needed
2026-09-25 20:41:11	Desk watchdog	triggers: process gone — RESTART CAP HIT (5/day), manual fix needed
2026-09-25 20:41:24	Desk watchdog	triggers: process gone — RESTART CAP HIT (5/day), manual fix needed
2026-09-25 20:41:37	Desk watchdog	triggers: process gone — RESTART CAP HIT (5/day), manual fix needed
2026-09-25 20:41:49	Desk watchdog	triggers: process gone — RESTART CAP HIT (5/day), manual fix needed
2026-09-25 20:42:02	Desk watchdog	triggers: process gone — RESTART CAP HIT (5/day), manual fix needed
2026-09-25 20:42:15	Desk watchdog	triggers: process gone — RESTART CAP HIT (5/day), manual fix needed
2026-09-25 20:42:28	Desk watchdog	triggers: process gone — RESTART CAP HIT (5/day), manual fix needed
2026-09-25 20:42:41	Desk watchdog	triggers: process gone — RESTART CAP HIT (5/day), manual fix needed
2026-09-25 20:42:54	Desk watchdog	triggers: process gone — RESTART CAP HIT (5/day), manual fix needed
2026-09-25 20:43:07	Desk watchdog	triggers: process gone — RESTART CAP HIT (5/day), manual fix needed
2026-09-25 20:43:07	Desk watchdog	triggers: process gone — RESTART CAP HIT (5/day), manual fix needed
2026-09-25 20:43:20	Desk watchdog	triggers: process gone — RESTART CAP HIT (5/day), manual fix needed
2026-09-25 20:43:33	Desk watchdog	triggers: process gone — RESTART CAP HIT (5/day), manual fix needed
2026-09-25 20:43:46	Desk watchdog	triggers: process gone — RESTART CAP HIT (5/day), manual fix needed
2026-09-25 20:43:58	Desk watchdog	triggers: process gone — RESTART CAP HIT (5/day), manual fix needed
2026-09-25 20:44:11	Desk watchdog	triggers: process gone — RESTART CAP HIT (5/day), manual fix needed
2026-09-25 20:44:24	Desk watchdog	triggers: process gone — RESTART CAP HIT (5/day), manual fix needed
2026-09-25 20:44:38	Desk watchdog	triggers: process gone — RESTART CAP HIT (5/day), manual fix needed
2026-09-25 20:44:50	Desk watchdog	triggers: process gone — RESTART CAP HIT (5/day), manual fix needed
2026-09-25 20:45:03	Desk watchdog	triggers: process gone — RESTART CAP HIT (5/day), manual fix needed
2026-09-25 20:45:16	Desk watchdog	triggers: process gone — RESTART CAP HIT (5/day), manual fix needed
2026-09-25 20:45:29	Desk watchdog	triggers: process gone — RESTART CAP HIT (5/day), manual fix needed
2026-09-25 20:45:42	Desk watchdog	triggers: process gone — RESTART CAP HIT (5/day), manual fix needed
2026-09-25 20:45:55	Desk watchdog	triggers: process gone — RESTART CAP HIT (5/day), manual fix needed
2026-09-25 20:46:08	Desk watchdog	triggers: process gone — RESTART CAP HIT (5/day), manual fix needed
2026-09-25 20:46:21	Desk watchdog	triggers: process gone — RESTART CAP HIT (5/day), manual fix needed
2026-09-25 20:46:34	Desk watchdog	triggers: process gone — RESTART CAP HIT (5/day), manual fix needed
2026-09-25 20:46:47	Desk watchdog	triggers: process gone — RESTART CAP HIT (5/day), manual fix needed
2026-09-25 20:46:59	Desk watchdog	triggers: process gone — RESTART CAP HIT (5/day), manual fix needed
2026-09-25 20:47:12	Desk watchdog	triggers: process gone — RESTART CAP HIT (5/day), manual fix needed
2026-09-25 20:47:25	Desk watchdog	triggers: process gone — RESTART CAP HIT (5/day), manual fix needed
2026-09-25 20:47:38	Desk watchdog	triggers: process gone — RESTART CAP HIT (5/day), manual fix needed
2026-09-25 20:47:51	Desk watchdog	triggers: process gone — RESTART CAP HIT (5/day), manual fix needed
2026-09-25 20:48:04	Desk watchdog	triggers: process gone — RESTART CAP HIT (5/day), manual fix needed
2026-09-25 20:48:07	Desk watchdog	triggers: process gone — RESTART CAP HIT (5/day), manual fix needed
2026-09-25 20:48:17	Desk watchdog	triggers: process gone — RESTART CAP HIT (5/day), manual fix needed
2026-09-25 20:48:30	Desk watchdog	triggers: process gone — RESTART CAP HIT (5/day), manual fix needed
2026-09-25 20:48:43	Desk watchdog	triggers: process gone — RESTART CAP HIT (5/day), manual fix needed
2026-09-25 20:48:56	Desk watchdog	triggers: process gone — RESTART CAP HIT (5/day), manual fix needed
2026-09-25 20:49:09	Desk watchdog	triggers: process gone — RESTART CAP HIT (5/day), manual fix needed
2026-09-25 20:49:21	Desk watchdog	triggers: process gone — RESTART CAP HIT (5/day), manual fix needed
2026-09-25 20:49:35	Desk watchdog	triggers: process gone — RESTART CAP HIT (5/day), manual fix needed
2026-09-25 20:49:47	Desk watchdog	triggers: process gone — RESTART CAP HIT (5/day), manual fix needed
2026-09-25 20:50:01	Desk watchdog	triggers: process gone — RESTART CAP HIT (5/day), manual fix needed
2026-09-25 20:50:13	Desk watchdog	triggers: process gone — RESTART CAP HIT (5/day), manual fix needed
2026-09-25 20:50:26	Desk watchdog	triggers: process gone — RESTART CAP HIT (5/day), manual fix needed
2026-09-25 20:50:39	Desk watchdog	triggers: process gone — RESTART CAP HIT (5/day), manual fix needed
2026-09-25 20:50:52	Desk watchdog	triggers: process gone — RESTART CAP HIT (5/day), manual fix needed
2026-09-25 20:51:05	Desk watchdog	triggers: process gone — RESTART CAP HIT (5/day), manual fix needed
2026-09-25 20:51:18	Desk watchdog	triggers: process gone — RESTART CAP HIT (5/day), manual fix needed
2026-09-25 20:51:30	Desk watchdog	triggers: process gone — RESTART CAP HIT (5/day), manual fix needed
2026-09-25 20:51:44	Desk watchdog	triggers: process gone — RESTART CAP HIT (5/day), manual fix needed
2026-09-25 20:51:56	Desk watchdog	triggers: process gone — RESTART CAP HIT (5/day), manual fix needed
2026-09-25 20:52:10	Desk watchdog	triggers: process gone — RESTART CAP HIT (5/day), manual fix needed
2026-09-25 20:52:22	Desk watchdog	triggers: process gone — RESTART CAP HIT (5/day), manual fix needed
2026-09-25 20:52:35	Desk watchdog	triggers: process gone — RESTART CAP HIT (5/day), manual fix needed
2026-09-25 20:52:48	Desk watchdog	triggers: process gone — RESTART CAP HIT (5/day), manual fix needed
2026-09-25 20:53:01	Desk watchdog	triggers: process gone — RESTART CAP HIT (5/day), manual fix needed
2026-09-25 20:53:07	Desk watchdog	triggers: process gone — RESTART CAP HIT (5/day), manual fix needed
2026-09-25 20:53:14	Desk watchdog	triggers: process gone — RESTART CAP HIT (5/day), manual fix needed
2026-09-25 20:53:27	Desk watchdog	triggers: process gone — RESTART CAP HIT (5/day), manual fix needed
2026-09-25 20:53:39	Desk watchdog	triggers: process gone — RESTART CAP HIT (5/day), manual fix needed
2026-09-25 20:53:53	Desk watchdog	triggers: process gone — RESTART CAP HIT (5/day), manual fix needed
2026-09-25 20:54:05	Desk watchdog	triggers: process gone — RESTART CAP HIT (5/day), manual fix needed
2026-09-25 20:54:19	Desk watchdog	triggers: process gone — RESTART CAP HIT (5/day), manual fix needed
2026-09-25 20:54:32	Desk watchdog	triggers: process gone — RESTART CAP HIT (5/day), manual fix needed
2026-09-25 20:54:44	Desk watchdog	triggers: process gone — RESTART CAP HIT (5/day), manual fix needed
2026-09-25 20:54:58	Desk watchdog	triggers: process gone — RESTART CAP HIT (5/day), manual fix needed
2026-09-25 20:55:10	Desk watchdog	triggers: process gone — RESTART CAP HIT (5/day), manual fix needed
2026-09-25 20:55:23	Desk watchdog	triggers: process gone — RESTART CAP HIT (5/day), manual fix needed
2026-09-25 20:55:36	Desk watchdog	triggers: process gone — RESTART CAP HIT (5/day), manual fix needed
2026-09-25 20:55:49	Desk watchdog	triggers: process gone — RESTART CAP HIT (5/day), manual fix needed
2026-09-25 20:56:02	Desk watchdog	triggers: process gone — RESTART CAP HIT (5/day), manual fix needed
2026-09-25 20:56:15	Desk watchdog	triggers: process gone — RESTART CAP HIT (5/day), manual fix needed
2026-09-25 20:56:28	Desk watchdog	triggers: process gone — RESTART CAP HIT (5/day), manual fix needed
2026-09-25 20:56:41	Desk watchdog	triggers: process gone — RESTART CAP HIT (5/day), manual fix needed
2026-09-25 20:56:53	Desk watchdog	triggers: process gone — RESTART CAP HIT (5/day), manual fix needed
2026-09-25 20:57:07	Desk watchdog	triggers: process gone — RESTART CAP HIT (5/day), manual fix needed
2026-09-25 20:57:19	Desk watchdog	triggers: process gone — RESTART CAP HIT (5/day), manual fix needed
2026-09-25 20:57:33	Desk watchdog	triggers: process gone — RESTART CAP HIT (5/day), manual fix needed
2026-09-25 20:57:46	Desk watchdog	triggers: process gone — RESTART CAP HIT (5/day), manual fix needed
2026-09-25 20:57:58	Desk watchdog	triggers: process gone — RESTART CAP HIT (5/day), manual fix needed
2026-09-25 20:58:07	Desk watchdog	triggers: process gone — RESTART CAP HIT (5/day), manual fix needed
2026-09-25 20:58:11	Desk watchdog	triggers: process gone — RESTART CAP HIT (5/day), manual fix needed
2026-09-25 20:58:24	Desk watchdog	triggers: process gone — RESTART CAP HIT (5/day), manual fix needed
2026-09-25 20:58:37	Desk watchdog	triggers: process gone — RESTART CAP HIT (5/day), manual fix needed
2026-09-25 20:58:50	Desk watchdog	triggers: process gone — RESTART CAP HIT (5/day), manual fix needed
2026-09-25 20:59:02	Desk watchdog	triggers: process gone — RESTART CAP HIT (5/day), manual fix needed
2026-09-25 20:59:16	Desk watchdog	triggers: process gone — RESTART CAP HIT (5/day), manual fix needed
2026-09-25 20:59:28	Desk watchdog	triggers: process gone — RESTART CAP HIT (5/day), manual fix needed
2026-09-25 20:59:42	Desk watchdog	triggers: process gone — RESTART CAP HIT (5/day), manual fix needed
2026-09-25 20:59:54	Desk watchdog	triggers: process gone — RESTART CAP HIT (5/day), manual fix needed
2026-09-25 21:00:07	Desk watchdog	triggers: process gone — RESTART CAP HIT (5/day), manual fix needed
2026-09-25 21:00:20	Desk watchdog	triggers: process gone — RESTART CAP HIT (5/day), manual fix needed
2026-09-25 21:00:33	Desk watchdog	triggers: process gone — RESTART CAP HIT (5/day), manual fix needed
2026-09-25 21:00:47	Desk watchdog	triggers: process gone — RESTART CAP HIT (5/day), manual fix needed
2026-09-25 21:00:59	Desk watchdog	triggers: process gone — RESTART CAP HIT (5/day), manual fix needed
2026-09-25 21:01:12	Desk watchdog	triggers: process gone — RESTART CAP HIT (5/day), manual fix needed
2026-09-25 21:01:25	Desk watchdog	triggers: process gone — RESTART CAP HIT (5/day), manual fix needed
2026-09-25 21:01:38	Desk watchdog	triggers: process gone — RESTART CAP HIT (5/day), manual fix needed
2026-09-25 21:01:51	Desk watchdog	triggers: process gone — RESTART CAP HIT (5/day), manual fix needed
2026-09-25 21:02:04	Desk watchdog	triggers: process gone — RESTART CAP HIT (5/day), manual fix needed
2026-09-25 21:02:17	Desk watchdog	triggers: process gone — RESTART CAP HIT (5/day), manual fix needed
2026-09-25 21:02:30	Desk watchdog	triggers: process gone — RESTART CAP HIT (5/day), manual fix needed
2026-09-25 21:02:42	Desk watchdog	triggers: process gone — RESTART CAP HIT (5/day), manual fix needed
2026-09-25 21:02:56	Desk watchdog	triggers: process gone — RESTART CAP HIT (5/day), manual fix needed
2026-09-25 21:03:07	Desk watchdog	triggers: process gone — RESTART CAP HIT (5/day), manual fix needed
2026-09-25 21:03:09	Desk watchdog	triggers: process gone — RESTART CAP HIT (5/day), manual fix needed
2026-09-25 21:03:22	Desk watchdog	triggers: process gone — RESTART CAP HIT (5/day), manual fix needed
2026-09-25 21:03:35	Desk watchdog	triggers: process gone — RESTART CAP HIT (5/day), manual fix needed
2026-09-25 21:03:48	Desk watchdog	triggers: process gone — RESTART CAP HIT (5/day), manual fix needed
2026-09-25 21:04:01	Desk watchdog	triggers: process gone — RESTART CAP HIT (5/day), manual fix needed
2026-09-25 21:04:14	Desk watchdog	triggers: process gone — RESTART CAP HIT (5/day), manual fix needed
2026-09-25 21:04:26	Desk watchdog	triggers: process gone — RESTART CAP HIT (5/day), manual fix needed
2026-09-25 21:04:40	Desk watchdog	triggers: process gone — RESTART CAP HIT (5/day), manual fix needed
2026-09-25 21:04:52	Desk watchdog	triggers: process gone — RESTART CAP HIT (5/day), manual fix needed
2026-09-25 21:05:06	Desk watchdog	triggers: process gone — RESTART CAP HIT (5/day), manual fix needed
2026-09-25 21:05:18	Desk watchdog	triggers: process gone — RESTART CAP HIT (5/day), manual fix needed
2026-09-25 21:05:31	Desk watchdog	triggers: process gone — RESTART CAP HIT (5/day), manual fix needed
2026-09-25 21:05:44	Desk watchdog	triggers: process gone — RESTART CAP HIT (5/day), manual fix needed
2026-09-25 21:05:57	Desk watchdog	triggers: process gone — RESTART CAP HIT (5/day), manual fix needed
2026-09-25 21:06:10	Desk watchdog	triggers: process gone — RESTART CAP HIT (5/day), manual fix needed
2026-09-25 21:06:23	Desk watchdog	triggers: process gone — RESTART CAP HIT (5/day), manual fix needed
2026-09-25 21:06:35	Desk watchdog	triggers: process gone — RESTART CAP HIT (5/day), manual fix needed
2026-09-25 21:06:48	Desk watchdog	triggers: process gone — RESTART CAP HIT (5/day), manual fix needed
2026-09-25 21:07:01	Desk watchdog	triggers: process gone — RESTART CAP HIT (5/day), manual fix needed
2026-09-25 21:07:15	Desk watchdog	triggers: process gone — RESTART CAP HIT (5/day), manual fix needed
2026-09-25 21:07:27	Desk watchdog	triggers: process gone — RESTART CAP HIT (5/day), manual fix needed
2026-09-25 21:07:40	Desk watchdog	triggers: process gone — RESTART CAP HIT (5/day), manual fix needed
2026-09-25 21:07:53	Desk watchdog	triggers: process gone — RESTART CAP HIT (5/day), manual fix needed
2026-09-25 21:08:06	Desk watchdog	triggers: process gone — RESTART CAP HIT (5/day), manual fix needed
2026-09-25 21:08:07	Desk watchdog	triggers: process gone — RESTART CAP HIT (5/day), manual fix needed
2026-09-25 21:08:19	Desk watchdog	triggers: process gone — RESTART CAP HIT (5/day), manual fix needed
2026-09-25 21:08:32	Desk watchdog	triggers: process gone — RESTART CAP HIT (5/day), manual fix needed
2026-09-25 21:08:44	Desk watchdog	triggers: process gone — RESTART CAP HIT (5/day), manual fix needed
2026-09-25 21:08:58	Desk watchdog	triggers: process gone — RESTART CAP HIT (5/day), manual fix needed
2026-09-25 21:09:10	Desk watchdog	triggers: process gone — RESTART CAP HIT (5/day), manual fix needed
2026-09-25 21:09:24	Desk watchdog	triggers: process gone — RESTART CAP HIT (5/day), manual fix needed
2026-09-25 21:09:36	Desk watchdog	triggers: process gone — RESTART CAP HIT (5/day), manual fix needed
2026-09-25 21:09:49	Desk watchdog	triggers: process gone — RESTART CAP HIT (5/day), manual fix needed
2026-09-25 21:10:02	Desk watchdog	triggers: process gone — RESTART CAP HIT (5/day), manual fix needed
2026-09-25 21:10:15	Desk watchdog	triggers: process gone — RESTART CAP HIT (5/day), manual fix needed
2026-09-25 21:10:28	Desk watchdog	triggers: process gone — RESTART CAP HIT (5/day), manual fix needed
2026-09-25 21:10:41	Desk watchdog	triggers: process gone — RESTART CAP HIT (5/day), manual fix needed
2026-09-25 21:10:54	Desk watchdog	triggers: process gone — RESTART CAP HIT (5/day), manual fix needed
2026-09-25 21:11:07	Desk watchdog	triggers: process gone — RESTART CAP HIT (5/day), manual fix needed
2026-09-25 21:11:20	Desk watchdog	triggers: process gone — RESTART CAP HIT (5/day), manual fix needed
2026-09-25 21:11:33	Desk watchdog	triggers: process gone — RESTART CAP HIT (5/day), manual fix needed
2026-09-25 21:11:45	Desk watchdog	triggers: process gone — RESTART CAP HIT (5/day), manual fix needed
2026-09-25 21:11:58	Desk watchdog	triggers: process gone — RESTART CAP HIT (5/day), manual fix needed
2026-09-25 21:12:11	Desk watchdog	triggers: process gone — RESTART CAP HIT (5/day), manual fix needed
2026-09-25 21:12:24	Desk watchdog	triggers: process gone — RESTART CAP HIT (5/day), manual fix needed
2026-09-25 21:12:37	Desk watchdog	triggers: process gone — RESTART CAP HIT (5/day), manual fix needed
2026-09-25 21:12:50	Desk watchdog	triggers: process gone — RESTART CAP HIT (5/day), manual fix needed
2026-09-25 21:13:03	Desk watchdog	triggers: process gone — RESTART CAP HIT (5/day), manual fix needed
2026-09-25 21:13:07	Desk watchdog	triggers: process gone — RESTART CAP HIT (5/day), manual fix needed
2026-09-25 21:13:16	Desk watchdog	triggers: process gone — RESTART CAP HIT (5/day), manual fix needed
2026-09-25 21:13:29	Desk watchdog	triggers: process gone — RESTART CAP HIT (5/day), manual fix needed
2026-09-25 21:13:42	Desk watchdog	triggers: process gone — RESTART CAP HIT (5/day), manual fix needed
2026-09-25 21:13:55	Desk watchdog	triggers: process gone — RESTART CAP HIT (5/day), manual fix needed
2026-09-25 21:14:07	Desk watchdog	triggers: process gone — RESTART CAP HIT (5/day), manual fix needed
2026-09-25 21:14:21	Desk watchdog	triggers: process gone — RESTART CAP HIT (5/day), manual fix needed
2026-09-25 21:14:33	Desk watchdog	triggers: process gone — RESTART CAP HIT (5/day), manual fix needed
2026-09-25 21:14:46	Desk watchdog	triggers: process gone — RESTART CAP HIT (5/day), manual fix needed
2026-09-25 21:14:59	Desk watchdog	triggers: process gone — RESTART CAP HIT (5/day), manual fix needed
2026-09-25 21:15:12	Desk watchdog	triggers: process gone — RESTART CAP HIT (5/day), manual fix needed
2026-09-25 21:15:25	Desk watchdog	triggers: process gone — RESTART CAP HIT (5/day), manual fix needed
2026-09-25 21:15:38	Desk watchdog	triggers: process gone — RESTART CAP HIT (5/day), manual fix needed
2026-09-25 21:15:51	Desk watchdog	triggers: process gone — RESTART CAP HIT (5/day), manual fix needed
2026-09-25 21:16:03	Desk watchdog	triggers: process gone — RESTART CAP HIT (5/day), manual fix needed
2026-09-25 21:16:16	Desk watchdog	triggers: process gone — RESTART CAP HIT (5/day), manual fix needed
2026-09-25 21:16:29	Desk watchdog	triggers: process gone — RESTART CAP HIT (5/day), manual fix needed
2026-09-25 21:16:42	Desk watchdog	triggers: process gone — RESTART CAP HIT (5/day), manual fix needed
2026-09-25 21:16:55	Desk watchdog	triggers: process gone — RESTART CAP HIT (5/day), manual fix needed
2026-09-25 21:17:08	Desk watchdog	triggers: process gone — RESTART CAP HIT (5/day), manual fix needed
2026-09-25 21:17:21	Desk watchdog	triggers: process gone — RESTART CAP HIT (5/day), manual fix needed
2026-09-25 21:17:34	Desk watchdog	triggers: process gone — RESTART CAP HIT (5/day), manual fix needed
2026-09-25 21:17:47	Desk watchdog	triggers: process gone — RESTART CAP HIT (5/day), manual fix needed
2026-09-25 21:18:00	Desk watchdog	triggers: process gone — RESTART CAP HIT (5/day), manual fix needed
2026-09-25 21:18:07	Desk watchdog	triggers: process gone — RESTART CAP HIT (5/day), manual fix needed
2026-09-25 21:18:13	Desk watchdog	triggers: process gone — RESTART CAP HIT (5/day), manual fix needed
2026-09-25 21:18:25	Desk watchdog	triggers: process gone — RESTART CAP HIT (5/day), manual fix needed
2026-09-25 21:18:39	Desk watchdog	triggers: process gone — RESTART CAP HIT (5/day), manual fix needed
2026-09-25 21:18:51	Desk watchdog	triggers: process gone — RESTART CAP HIT (5/day), manual fix needed
2026-09-25 21:19:04	Desk watchdog	triggers: process gone — RESTART CAP HIT (5/day), manual fix needed
2026-09-25 21:19:17	Desk watchdog	triggers: process gone — RESTART CAP HIT (5/day), manual fix needed
2026-09-25 21:19:30	Desk watchdog	triggers: process gone — RESTART CAP HIT (5/day), manual fix needed
2026-09-25 21:19:43	Desk watchdog	triggers: process gone — RESTART CAP HIT (5/day), manual fix needed
2026-09-25 21:19:56	Desk watchdog	triggers: process gone — RESTART CAP HIT (5/day), manual fix needed
2026-09-25 21:20:09	Desk watchdog	triggers: process gone — RESTART CAP HIT (5/day), manual fix needed
2026-09-25 21:20:22	Desk watchdog	triggers: process gone — RESTART CAP HIT (5/day), manual fix needed
2026-09-25 21:20:35	Desk watchdog	triggers: process gone — RESTART CAP HIT (5/day), manual fix needed
2026-09-25 21:20:48	Desk watchdog	triggers: process gone — RESTART CAP HIT (5/day), manual fix needed
2026-09-25 21:21:01	Desk watchdog	triggers: process gone — RESTART CAP HIT (5/day), manual fix needed
2026-09-25 21:21:14	Desk watchdog	triggers: process gone — RESTART CAP HIT (5/day), manual fix needed
2026-09-25 21:21:27	Desk watchdog	triggers: process gone — RESTART CAP HIT (5/day), manual fix needed
2026-09-25 21:21:39	Desk watchdog	triggers: process gone — RESTART CAP HIT (5/day), manual fix needed
2026-09-25 21:21:52	Desk watchdog	triggers: process gone — RESTART CAP HIT (5/day), manual fix needed
2026-09-25 21:22:05	Desk watchdog	triggers: process gone — RESTART CAP HIT (5/day), manual fix needed
2026-09-25 21:22:19	Desk watchdog	triggers: process gone — RESTART CAP HIT (5/day), manual fix needed
2026-09-25 21:22:31	Desk watchdog	triggers: process gone — RESTART CAP HIT (5/day), manual fix needed
2026-09-25 21:22:44	Desk watchdog	triggers: process gone — RESTART CAP HIT (5/day), manual fix needed
2026-09-25 21:22:57	Desk watchdog	triggers: process gone — RESTART CAP HIT (5/day), manual fix needed
2026-09-25 21:23:07	Desk watchdog	triggers: process gone — RESTART CAP HIT (5/day), manual fix needed
2026-09-25 21:23:10	Desk watchdog	triggers: process gone — RESTART CAP HIT (5/day), manual fix needed
2026-09-25 21:23:23	Desk watchdog	triggers: process gone — RESTART CAP HIT (5/day), manual fix needed
2026-09-25 21:23:36	Desk watchdog	triggers: process gone — RESTART CAP HIT (5/day), manual fix needed
2026-09-25 21:23:49	Desk watchdog	triggers: process gone — RESTART CAP HIT (5/day), manual fix needed
2026-09-25 21:24:02	Desk watchdog	triggers: process gone — RESTART CAP HIT (5/day), manual fix needed
2026-09-25 21:24:14	Desk watchdog	triggers: process gone — RESTART CAP HIT (5/day), manual fix needed
2026-09-25 21:24:28	Desk watchdog	triggers: process gone — RESTART CAP HIT (5/day), manual fix needed
2026-09-25 21:24:40	Desk watchdog	triggers: process gone — RESTART CAP HIT (5/day), manual fix needed
2026-09-25 21:24:53	Desk watchdog	triggers: process gone — RESTART CAP HIT (5/day), manual fix needed
2026-09-25 21:25:06	Desk watchdog	triggers: process gone — RESTART CAP HIT (5/day), manual fix needed
2026-09-25 21:25:19	Desk watchdog	triggers: process gone — RESTART CAP HIT (5/day), manual fix needed
2026-09-25 21:25:32	Desk watchdog	triggers: process gone — RESTART CAP HIT (5/day), manual fix needed
2026-09-25 21:25:45	Desk watchdog	triggers: process gone — RESTART CAP HIT (5/day), manual fix needed
2026-09-25 21:25:58	Desk watchdog	triggers: process gone — RESTART CAP HIT (5/day), manual fix needed
2026-09-25 21:26:11	Desk watchdog	triggers: process gone — RESTART CAP HIT (5/day), manual fix needed
2026-09-25 21:26:24	Desk watchdog	triggers: process gone — RESTART CAP HIT (5/day), manual fix needed
2026-09-25 21:26:37	Desk watchdog	triggers: process gone — RESTART CAP HIT (5/day), manual fix needed
2026-09-25 21:26:50	Desk watchdog	triggers: process gone — RESTART CAP HIT (5/day), manual fix needed
2026-09-25 21:27:02	Desk watchdog	triggers: process gone — RESTART CAP HIT (5/day), manual fix needed
2026-09-25 21:27:16	Desk watchdog	triggers: process gone — RESTART CAP HIT (5/day), manual fix needed
2026-09-25 21:27:28	Desk watchdog	triggers: process gone — RESTART CAP HIT (5/day), manual fix needed
2026-09-25 21:27:41	Desk watchdog	triggers: process gone — RESTART CAP HIT (5/day), manual fix needed
2026-09-25 21:27:54	Desk watchdog	triggers: process gone — RESTART CAP HIT (5/day), manual fix needed
2026-09-25 21:28:07	Desk watchdog	triggers: process gone — RESTART CAP HIT (5/day), manual fix needed
2026-09-25 21:28:07	Desk watchdog	triggers: process gone — RESTART CAP HIT (5/day), manual fix needed
2026-09-25 21:28:20	Desk watchdog	triggers: process gone — RESTART CAP HIT (5/day), manual fix needed
2026-09-25 21:28:33	Desk watchdog	triggers: process gone — RESTART CAP HIT (5/day), manual fix needed
2026-09-25 21:28:46	Desk watchdog	triggers: process gone — RESTART CAP HIT (5/day), manual fix needed
2026-09-25 21:28:59	Desk watchdog	triggers: process gone — RESTART CAP HIT (5/day), manual fix needed
2026-09-25 21:29:11	Desk watchdog	triggers: process gone — RESTART CAP HIT (5/day), manual fix needed
2026-09-25 21:29:25	Desk watchdog	triggers: process gone — RESTART CAP HIT (5/day), manual fix needed
2026-09-25 21:29:37	Desk watchdog	triggers: process gone — RESTART CAP HIT (5/day), manual fix needed
2026-09-25 21:29:51	Desk watchdog	triggers: process gone — RESTART CAP HIT (5/day), manual fix needed
2026-09-25 21:30:04	Desk watchdog	triggers: process gone — RESTART CAP HIT (5/day), manual fix needed
2026-09-25 21:30:16	Desk watchdog	triggers: process gone — RESTART CAP HIT (5/day), manual fix needed
2026-09-25 21:30:30	Desk watchdog	triggers: process gone — RESTART CAP HIT (5/day), manual fix needed
2026-09-25 21:30:42	Desk watchdog	triggers: process gone — RESTART CAP HIT (5/day), manual fix needed
2026-09-25 21:30:55	Desk watchdog	triggers: process gone — RESTART CAP HIT (5/day), manual fix needed
2026-09-25 21:31:08	Desk watchdog	triggers: process gone — RESTART CAP HIT (5/day), manual fix needed
2026-09-25 21:31:21	Desk watchdog	triggers: process gone — RESTART CAP HIT (5/day), manual fix needed
2026-09-25 21:31:34	Desk watchdog	triggers: process gone — RESTART CAP HIT (5/day), manual fix needed
2026-09-25 21:31:47	Desk watchdog	triggers: process gone — RESTART CAP HIT (5/day), manual fix needed
2026-09-25 21:32:00	Desk watchdog	triggers: process gone — RESTART CAP HIT (5/day), manual fix needed
2026-09-25 21:32:13	Desk watchdog	triggers: process gone — RESTART CAP HIT (5/day), manual fix needed
2026-09-25 21:32:25	Desk watchdog	triggers: process gone — RESTART CAP HIT (5/day), manual fix needed
2026-09-25 21:32:39	Desk watchdog	triggers: process gone — RESTART CAP HIT (5/day), manual fix needed
2026-09-25 21:32:52	Desk watchdog	triggers: process gone — RESTART CAP HIT (5/day), manual fix needed
2026-09-25 21:33:05	Desk watchdog	triggers: process gone — RESTART CAP HIT (5/day), manual fix needed
2026-09-25 21:33:07	Desk watchdog	triggers: process gone — RESTART CAP HIT (5/day), manual fix needed
2026-09-25 21:33:18	Desk watchdog	triggers: process gone — RESTART CAP HIT (5/day), manual fix needed
2026-09-25 21:33:30	Desk watchdog	triggers: process gone — RESTART CAP HIT (5/day), manual fix needed
2026-09-25 21:33:44	Desk watchdog	triggers: process gone — RESTART CAP HIT (5/day), manual fix needed
2026-09-25 21:33:56	Desk watchdog	triggers: process gone — RESTART CAP HIT (5/day), manual fix needed
2026-09-25 21:34:09	Desk watchdog	triggers: process gone — RESTART CAP HIT (5/day), manual fix needed
2026-09-25 21:34:22	Desk watchdog	triggers: process gone — RESTART CAP HIT (5/day), manual fix needed
2026-09-25 21:34:35	Desk watchdog	triggers: process gone — RESTART CAP HIT (5/day), manual fix needed
2026-09-25 21:34:48	Desk watchdog	triggers: process gone — RESTART CAP HIT (5/day), manual fix needed
2026-09-25 21:35:01	Desk watchdog	triggers: process gone — RESTART CAP HIT (5/day), manual fix needed
2026-09-25 21:35:14	Desk watchdog	triggers: process gone — RESTART CAP HIT (5/day), manual fix needed
2026-09-25 21:35:26	Desk watchdog	triggers: process gone — RESTART CAP HIT (5/day), manual fix needed
2026-09-25 21:35:39	Desk watchdog	triggers: process gone — RESTART CAP HIT (5/day), manual fix needed
2026-09-25 21:35:52	Desk watchdog	triggers: process gone — RESTART CAP HIT (5/day), manual fix needed
2026-09-25 21:36:05	Desk watchdog	triggers: process gone — RESTART CAP HIT (5/day), manual fix needed
2026-09-25 21:36:19	Desk watchdog	triggers: process gone — RESTART CAP HIT (5/day), manual fix needed
2026-09-25 21:36:31	Desk watchdog	triggers: process gone — RESTART CAP HIT (5/day), manual fix needed
2026-09-25 21:36:44	Desk watchdog	triggers: process gone — RESTART CAP HIT (5/day), manual fix needed
2026-09-25 21:36:57	Desk watchdog	triggers: process gone — RESTART CAP HIT (5/day), manual fix needed
2026-09-25 21:37:10	Desk watchdog	triggers: process gone — RESTART CAP HIT (5/day), manual fix needed
2026-09-25 21:37:23	Desk watchdog	triggers: process gone — RESTART CAP HIT (5/day), manual fix needed
2026-09-25 21:37:36	Desk watchdog	triggers: process gone — RESTART CAP HIT (5/day), manual fix needed
2026-09-25 21:37:48	Desk watchdog	triggers: process gone — RESTART CAP HIT (5/day), manual fix needed
2026-09-25 21:38:02	Desk watchdog	triggers: process gone — RESTART CAP HIT (5/day), manual fix needed
2026-09-25 21:38:07	Desk watchdog	triggers: process gone — RESTART CAP HIT (5/day), manual fix needed
2026-09-25 21:38:14	Desk watchdog	triggers: process gone — RESTART CAP HIT (5/day), manual fix needed
2026-09-25 21:38:28	Desk watchdog	triggers: process gone — RESTART CAP HIT (5/day), manual fix needed
2026-09-25 21:38:40	Desk watchdog	triggers: process gone — RESTART CAP HIT (5/day), manual fix needed
2026-09-25 21:38:53	Desk watchdog	triggers: process gone — RESTART CAP HIT (5/day), manual fix needed
2026-09-25 21:39:06	Desk watchdog	triggers: process gone — RESTART CAP HIT (5/day), manual fix needed
2026-09-25 21:39:19	Desk watchdog	triggers: process gone — RESTART CAP HIT (5/day), manual fix needed
2026-09-25 21:39:32	Desk watchdog	triggers: process gone — RESTART CAP HIT (5/day), manual fix needed
2026-09-25 21:39:45	Desk watchdog	triggers: process gone — RESTART CAP HIT (5/day), manual fix needed
2026-09-25 21:39:57	Desk watchdog	triggers: process gone — RESTART CAP HIT (5/day), manual fix needed
2026-09-25 21:40:11	Desk watchdog	triggers: process gone — RESTART CAP HIT (5/day), manual fix needed
2026-09-25 21:40:23	Desk watchdog	triggers: process gone — RESTART CAP HIT (5/day), manual fix needed
2026-09-25 21:40:37	Desk watchdog	triggers: process gone — RESTART CAP HIT (5/day), manual fix needed
2026-09-25 21:40:49	Desk watchdog	triggers: process gone — RESTART CAP HIT (5/day), manual fix needed
2026-09-25 21:41:02	Desk watchdog	triggers: process gone — RESTART CAP HIT (5/day), manual fix needed
2026-09-25 21:41:15	Desk watchdog	triggers: process gone — RESTART CAP HIT (5/day), manual fix needed
2026-09-25 21:41:28	Desk watchdog	triggers: process gone — RESTART CAP HIT (5/day), manual fix needed
2026-09-25 21:41:41	Desk watchdog	triggers: process gone — RESTART CAP HIT (5/day), manual fix needed
2026-09-25 21:41:54	Desk watchdog	triggers: process gone — RESTART CAP HIT (5/day), manual fix needed
2026-09-25 21:42:07	Desk watchdog	triggers: process gone — RESTART CAP HIT (5/day), manual fix needed
2026-09-25 21:42:20	Desk watchdog	triggers: process gone — RESTART CAP HIT (5/day), manual fix needed
2026-09-25 21:42:33	Desk watchdog	triggers: process gone — RESTART CAP HIT (5/day), manual fix needed
2026-09-25 21:42:46	Desk watchdog	triggers: process gone — RESTART CAP HIT (5/day), manual fix needed
2026-09-25 21:42:59	Desk watchdog	triggers: process gone — RESTART CAP HIT (5/day), manual fix needed
2026-09-25 21:43:07	Desk watchdog	triggers: process gone — RESTART CAP HIT (5/day), manual fix needed
2026-09-25 21:43:11	Desk watchdog	triggers: process gone — RESTART CAP HIT (5/day), manual fix needed
2026-09-25 21:43:25	Desk watchdog	triggers: process gone — RESTART CAP HIT (5/day), manual fix needed
2026-09-25 21:43:37	Desk watchdog	triggers: process gone — RESTART CAP HIT (5/day), manual fix needed
2026-09-25 21:43:50	Desk watchdog	triggers: process gone — RESTART CAP HIT (5/day), manual fix needed
2026-09-25 21:44:03	Desk watchdog	triggers: process gone — RESTART CAP HIT (5/day), manual fix needed
2026-09-25 21:44:16	Desk watchdog	triggers: process gone — RESTART CAP HIT (5/day), manual fix needed
2026-09-25 21:44:29	Desk watchdog	triggers: process gone — RESTART CAP HIT (5/day), manual fix needed
2026-09-25 21:44:42	Desk watchdog	triggers: process gone — RESTART CAP HIT (5/day), manual fix needed
2026-09-25 21:44:55	Desk watchdog	triggers: process gone — RESTART CAP HIT (5/day), manual fix needed
2026-09-25 21:45:08	Desk watchdog	triggers: process gone — RESTART CAP HIT (5/day), manual fix needed
2026-09-25 21:45:20	Desk watchdog	triggers: process gone — RESTART CAP HIT (5/day), manual fix needed
2026-09-25 21:45:34	Desk watchdog	triggers: process gone — RESTART CAP HIT (5/day), manual fix needed
2026-09-25 21:45:47	Desk watchdog	triggers: process gone — RESTART CAP HIT (5/day), manual fix needed
2026-09-25 21:46:00	Desk watchdog	triggers: process gone — RESTART CAP HIT (5/day), manual fix needed
2026-09-25 21:46:12	Desk watchdog	triggers: process gone — RESTART CAP HIT (5/day), manual fix needed
2026-09-25 21:46:25	Desk watchdog	triggers: process gone — RESTART CAP HIT (5/day), manual fix needed
2026-09-25 21:46:38	Desk watchdog	triggers: process gone — RESTART CAP HIT (5/day), manual fix needed
2026-09-25 21:46:51	Desk watchdog	triggers: process gone — RESTART CAP HIT (5/day), manual fix needed
2026-09-25 21:47:04	Desk watchdog	triggers: process gone — RESTART CAP HIT (5/day), manual fix needed
2026-09-25 21:47:17	Desk watchdog	triggers: process gone — RESTART CAP HIT (5/day), manual fix needed
2026-09-25 21:47:30	Desk watchdog	triggers: process gone — RESTART CAP HIT (5/day), manual fix needed
2026-09-25 21:47:43	Desk watchdog	triggers: process gone — RESTART CAP HIT (5/day), manual fix needed
2026-09-25 21:47:56	Desk watchdog	triggers: process gone — RESTART CAP HIT (5/day), manual fix needed
2026-09-25 21:48:07	Desk watchdog	triggers: process gone — RESTART CAP HIT (5/day), manual fix needed
2026-09-25 21:48:09	Desk watchdog	triggers: process gone — RESTART CAP HIT (5/day), manual fix needed
2026-09-25 21:48:22	Desk watchdog	triggers: process gone — RESTART CAP HIT (5/day), manual fix needed
2026-09-25 21:48:35	Desk watchdog	triggers: process gone — RESTART CAP HIT (5/day), manual fix needed
2026-09-25 21:48:48	Desk watchdog	triggers: process gone — RESTART CAP HIT (5/day), manual fix needed
2026-09-25 21:49:01	Desk watchdog	triggers: process gone — RESTART CAP HIT (5/day), manual fix needed
2026-09-25 21:49:14	Desk watchdog	triggers: process gone — RESTART CAP HIT (5/day), manual fix needed
2026-09-25 21:49:27	Desk watchdog	triggers: process gone — RESTART CAP HIT (5/day), manual fix needed
2026-09-25 21:49:40	Desk watchdog	triggers: process gone — RESTART CAP HIT (5/day), manual fix needed
2026-09-25 21:49:53	Desk watchdog	triggers: process gone — RESTART CAP HIT (5/day), manual fix needed
2026-09-25 21:50:04	Desk watchdog	triggers: process gone — RESTART CAP HIT (5/day), manual fix needed
2026-09-25 21:50:16	Desk watchdog	triggers: process gone — RESTART CAP HIT (5/day), manual fix needed
2026-09-25 21:50:27	Desk watchdog	triggers: process gone — RESTART CAP HIT (5/day), manual fix needed
2026-09-25 21:50:39	Desk watchdog	triggers: process gone — RESTART CAP HIT (5/day), manual fix needed
2026-09-25 21:50:50	Desk watchdog	triggers: process gone — RESTART CAP HIT (5/day), manual fix needed
2026-09-25 21:51:02	Desk watchdog	triggers: process gone — RESTART CAP HIT (5/day), manual fix needed
2026-09-25 21:51:14	Desk watchdog	triggers: process gone — RESTART CAP HIT (5/day), manual fix needed
2026-09-25 21:51:25	Desk watchdog	triggers: process gone — RESTART CAP HIT (5/day), manual fix needed
2026-09-25 21:51:37	Desk watchdog	triggers: process gone — RESTART CAP HIT (5/day), manual fix needed
2026-09-25 21:51:48	Desk watchdog	triggers: process gone — RESTART CAP HIT (5/day), manual fix needed
2026-09-25 21:51:59	Desk watchdog	triggers: process gone — RESTART CAP HIT (5/day), manual fix needed
2026-09-25 21:52:11	Desk watchdog	triggers: process gone — RESTART CAP HIT (5/day), manual fix needed
2026-09-25 21:52:23	Desk watchdog	triggers: process gone — RESTART CAP HIT (5/day), manual fix needed
2026-09-25 21:52:34	Desk watchdog	triggers: process gone — RESTART CAP HIT (5/day), manual fix needed
2026-09-25 21:52:46	Desk watchdog	triggers: process gone — RESTART CAP HIT (5/day), manual fix needed
2026-09-25 21:52:57	Desk watchdog	triggers: process gone — RESTART CAP HIT (5/day), manual fix needed
2026-09-25 21:53:05	Desk watchdog	triggers: process gone — RESTART CAP HIT (5/day), manual fix needed
2026-09-25 21:53:08	Desk watchdog	triggers: process gone — RESTART CAP HIT (5/day), manual fix needed
2026-09-25 21:53:20	Desk watchdog	triggers: process gone — RESTART CAP HIT (5/day), manual fix needed
2026-09-25 21:53:32	Desk watchdog	triggers: process gone — RESTART CAP HIT (5/day), manual fix needed
2026-09-25 21:53:43	Desk watchdog	triggers: process gone — RESTART CAP HIT (5/day), manual fix needed
2026-09-25 21:53:55	Desk watchdog	triggers: process gone — RESTART CAP HIT (5/day), manual fix needed
2026-09-25 21:54:06	Desk watchdog	triggers: process gone — RESTART CAP HIT (5/day), manual fix needed
2026-09-25 21:54:18	Desk watchdog	triggers: process gone — RESTART CAP HIT (5/day), manual fix needed
2026-09-25 21:54:30	Desk watchdog	triggers: process gone — RESTART CAP HIT (5/day), manual fix needed
2026-09-25 21:54:41	Desk watchdog	triggers: process gone — RESTART CAP HIT (5/day), manual fix needed
2026-09-25 21:54:53	Desk watchdog	triggers: process gone — RESTART CAP HIT (5/day), manual fix needed
2026-09-25 21:55:55	Desk watchdog	marks: marks.csv 302s — restarting via 'MyQuant Marks Watch'
2026-09-25 22:20:03	⚠ Options desk — attention needed	7/8 steps green · 4 fired · 1 NEED ATTENTION
2026-09-28 15:15:06	Desk watchdog	gateway: API 4002 — restarting via 'MyQuant Gateway Ensure'
2026-09-28 15:32:24	STOOD DOWN · eodic_c [broken]	[EOD] Bear Call @ 7825: zero/negative credit (0.00) — wall already blown through
2026-09-28 15:35:00	TRADE OPENED · eodfly_c (B)	[EOD] Bear Call @ 7745 (ATM): vertical 25pt, net credit 1.60, coll $2,340 — reached 08:30, regime unknown
2026-09-28 15:35:04	Desk watchdog	marks: marks.csv 235231s — restarting via 'MyQuant Marks Watch'
2026-09-28 15:36:18	TRADE OPENED · openic_p (C)	[Open] Bull Put @ open-80: vertical 25pt, net credit 0.60, coll $2,440 — reached 08:30, regime unknown
2026-09-28 15:36:24	STOOD DOWN · openic_c [thin_credit]	[Open] Bear Call @ open+80: credit 0.05 < playbook minimum 0.10 — would risk $2,495 to make $5
2026-09-28 15:37:21	TRADE OPENED · openfly_p (C)	[Open] Bull Put @ ATM(open): vertical 25pt, net credit 10.30, coll $1,470 — reached 08:30, regime unknown
2026-09-28 15:37:42	TRADE OPENED · openfly_c (C)	[Open] Bear Call @ ATM(open): vertical 25pt, net credit 7.90, coll $1,710 — reached 08:30, regime unknown
2026-09-28 15:38:03	TRADE OPENED · gx_bps (C)	[GexLog] Bull Put @ putWall 7700: vertical 25pt, net credit 7.10, coll $1,790 — reached 08:30, regime unknown
2026-09-28 15:38:40	TRADE OPENED · gx_bcs (D)	[GexLog] Bear Call @ callWall 7775: vertical 25pt, net credit 0.20, coll $2,480 — reached 08:30, regime unknown
2026-09-28 15:39:06	TRADE OPENED · eodic_p (B)	[EOD] Bull Put @ 7665: vertical 25pt, net credit 1.95, coll $2,305 — reached 08:30, regime unknown
2026-09-28 15:39:28	TRADE OPENED · eodfly_p (B)	[EOD] Bull Put @ 7745 (ATM): vertical 25pt, net credit 19.60, coll $540 — reached 08:30, regime unknown
2026-09-28 15:40:02	✓ Options desk healthy	FEED spx 7705.0 @ 08:39:59 (3s old) · LEVELS GexLog CAUTION · EM 7663.0–7823.0 · src 2026-09-28 06:20 · GAMEPLAN 10 triggers armed
2026-09-28 15:50:14	TRADE CLOSED · openfly_p ($293)	[Open] Bull Put @ ATM(open): level ACCEPTED: spot 7710 held below the 7710 short strike for 10min (>10) — the wall we sold did not hold
2026-09-28 15:52:02	TRADE CLOSED · eodfly_p ($-37)	[EOD] Bull Put @ 7745 (ATM): level ACCEPTED: spot 7708 held below the 7745 short strike for 12min (>10) — the wall we sold did not hold
2026-09-28 16:49:38	TRADE CLOSED · gx_bps ($-937)	[GexLog] Bull Put @ putWall 7700: level ACCEPTED: spot 7671 held below the 7700 short strike for 10min (>10) — the wall we sold did not hold
2026-09-28 22:20:05	⚠ Options desk — attention needed	6/8 steps green · 10 fired · 2 NEED ATTENTION
2026-09-29 15:30:28	TRADE OPENED · eodic_p (D)	[EOD] Bull Put @ 7605: vertical 25pt, net credit 0.25, coll $2,475 — reached 08:30, regime unknown
2026-09-29 15:30:50	TRADE OPENED · eodic_c (D)	[EOD] Bear Call @ 7760: vertical 25pt, net credit 0.30, coll $2,470 — reached 08:30, regime unknown
2026-09-29 15:31:11	TRADE OPENED · eodfly_p (C)	[EOD] Bull Put @ 7685 (ATM): vertical 25pt, net credit 7.00, coll $1,800 — reached 08:30, regime unknown
2026-09-29 15:32:36	TRADE OPENED · eodfly_c (C)	[EOD] Bear Call @ 7685 (ATM): vertical 25pt, net credit 11.40, coll $1,360 — reached 08:30, regime unknown
2026-09-29 15:40:02	✓ Options desk healthy	FEED spx 7687.7 @ 08:39:58 (4s old) · LEVELS GexLog CAUTION · EM 7606.0–7762.0 · src 2026-09-29 06:20 · GAMEPLAN 10 triggers armed
2026-09-29 15:54:08	TRADE CLOSED · eodfly_p ($-197)	[EOD] Bull Put @ 7685 (ATM): level ACCEPTED: spot 7684 held below the 7685 short strike for 10min (>10) — the wall we sold did not hold
2026-09-29 16:06:06	TRADE OPENED · openic_p (D)	[Open] Bull Put @ open-78: vertical 25pt, net credit 0.30, coll $2,470 — reached 09:05, regime unknown
2026-09-29 16:06:27	TRADE OPENED · openic_c (D)	[Open] Bear Call @ open+78: vertical 25pt, net credit 0.20, coll $2,480 — reached 09:05, regime unknown
2026-09-29 16:06:49	TRADE OPENED · openfly_p (C)	[Open] Bull Put @ ATM(open): vertical 25pt, net credit 8.80, coll $1,620 — reached 09:05, regime unknown
2026-09-29 16:07:10	TRADE OPENED · openfly_c (C)	[Open] Bear Call @ ATM(open): vertical 25pt, net credit 8.80, coll $1,620 — reached 09:05, regime unknown
2026-09-29 16:07:48	TRADE OPENED · gx_bps (B)	[GexLog] Bull Put @ putWall 7660: vertical 25pt, net credit 4.80, coll $2,020 — reached 09:05, regime unknown
2026-09-29 16:08:09	TRADE OPENED · gx_bcs (B)	[GexLog] Bear Call @ callWall 7720: vertical 25pt, net credit 1.35, coll $2,365 — reached 09:05, regime unknown
2026-09-29 16:36:42	TRADE CLOSED · openfly_c ($-117)	[Open] Bear Call @ ATM(open): level ACCEPTED: spot 7683 held above the 7680 short strike for 10min (>10) — the wall we sold did not hold
2026-09-29 17:09:59	TRADE CLOSED · openfly_p ($-257)	[Open] Bull Put @ ATM(open): level ACCEPTED: spot 7669 held below the 7680 short strike for 10min (>10) — the wall we sold did not hold
2026-09-29 19:02:20	TRADE CLOSED · gx_bps ($-382)	[GexLog] Bull Put @ putWall 7660: level ACCEPTED: spot 7656 held below the 7660 short strike for 10min (>10) — the wall we sold did not hold
2026-09-29 22:20:06	⚠ Options desk — attention needed	6/8 steps green · 10 fired · 2 NEED ATTENTION
2026-09-30 15:31:18	TRADE OPENED · eodic_p (D)	[EOD] Bull Put @ 7595: vertical 25pt, net credit 0.25, coll $2,475 — reached 08:30, regime unknown
2026-09-30 15:31:56	TRADE OPENED · eodic_c (C)	[EOD] Bear Call @ 7750: vertical 25pt, net credit 0.80, coll $2,420 — reached 08:30, regime unknown
2026-09-30 15:33:56	TRADE OPENED · eodfly_c (B)	[EOD] Bear Call @ 7670 (ATM): vertical 25pt, net credit 16.80, coll $820 — reached 08:30, regime unknown
2026-09-30 15:34:20	TRADE OPENED · eodfly_p (B)	[EOD] Bull Put @ 7670 (ATM): vertical 25pt, net credit 3.65, coll $2,135 — reached 08:30, regime unknown
2026-09-30 15:40:01	✓ Options desk healthy	FEED spx 7697.25 @ 08:39:59 (3s old) · LEVELS GexLog WAIT · EM 7593.0–7748.0 · src 2026-09-30 06:20 · GAMEPLAN 10 triggers armed
2026-09-30 15:44:14	TRADE CLOSED · eodfly_c ($-87)	[EOD] Bear Call @ 7670 (ATM): level ACCEPTED: spot 7698 held above the 7670 short strike for 10min (>10) — the wall we sold did not hold
2026-09-30 16:05:21	TRADE OPENED · openic_p (D)	[Open] Bull Put @ open-77: vertical 25pt, net credit 0.30, coll $2,470 — reached 09:05, regime unknown
2026-09-30 16:05:43	TRADE OPENED · openic_c (D)	[Open] Bear Call @ open+77: vertical 25pt, net credit 0.20, coll $2,480 — reached 09:05, regime unknown
2026-09-30 16:06:05	TRADE OPENED · openfly_p (C)	[Open] Bull Put @ ATM(open): vertical 25pt, net credit 7.20, coll $1,780 — reached 09:05, regime unknown
2026-09-30 16:06:26	TRADE OPENED · openfly_c (C)	[Open] Bear Call @ ATM(open): vertical 25pt, net credit 10.50, coll $1,450 — reached 09:05, regime unknown
2026-09-30 16:06:33	STOOD DOWN · gx_bps [thin_credit]	[GexLog] Bull Put @ putWall 7600: credit 0.05 < playbook minimum 0.10 — would risk $2,495 to make $5
2026-09-30 16:06:55	TRADE OPENED · gx_bcs (B)	[GexLog] Bear Call @ callWall 7750: vertical 25pt, net credit 1.95, coll $2,305 — reached 09:05, regime unknown
2026-09-30 16:35:27	TRADE CLOSED · openfly_p ($-397)	[Open] Bull Put @ ATM(open): level ACCEPTED: spot 7705 held below the 7715 short strike for 10min (>10) — the wall we sold did not hold
2026-09-30 18:10:45	TRADE CLOSED · openfly_c ($228)	[Open] Bear Call @ ATM(open): level ACCEPTED: spot 7716 held above the 7715 short strike for 10min (>10) — the wall we sold did not hold
2026-09-30 21:23:38	Desk watchdog	marks: marks.csv 300s — restarting via 'MyQuant Marks Watch'
2026-09-30 21:33:44	Desk watchdog	marks: marks.csv 907s — restarting via 'MyQuant Marks Watch'
2026-09-30 21:47:44	TRADE CLOSED · eodfly_p ($293)	[EOD] Bull Put @ 7670 (ATM): time stop 14:45 CT — flat before the 0DTE gamma cliff
2026-09-30 22:20:02	⚠ Options desk — attention needed	6/8 steps green · 10 fired · 2 NEED ATTENTION
2026-10-01 15:30:33	TRADE OPENED · eodic_p (D)	[EOD] Bull Put @ 7570: vertical 25pt, net credit 0.25, coll $2,475 — reached 08:30, regime unknown
2026-10-01 15:33:23	TRADE OPENED · eodfly_p (B)	[EOD] Bull Put @ 7650 (ATM): vertical 25pt, net credit 4.70, coll $2,030 — reached 08:30, regime unknown
2026-10-01 15:33:45	TRADE OPENED · eodfly_c (B)	[EOD] Bear Call @ 7650 (ATM): vertical 25pt, net credit 17.00, coll $800 — reached 08:30, regime unknown
2026-10-01 15:34:41	TRADE OPENED · openic_p (C)	[Open] Bull Put @ open-80: vertical 25pt, net credit 0.90, coll $2,410 — reached 08:30, regime unknown
2026-10-01 15:35:02	TRADE OPENED · openic_c (D)	[Open] Bear Call @ open+80: vertical 25pt, net credit 0.20, coll $2,480 — reached 08:30, regime unknown
2026-10-01 15:36:09	TRADE OPENED · openfly_p (C)	[Open] Bull Put @ ATM(open): vertical 25pt, net credit 9.30, coll $1,570 — reached 08:30, regime unknown
2026-10-01 15:37:06	TRADE OPENED · openfly_c (C)	[Open] Bear Call @ ATM(open): vertical 25pt, net credit 9.60, coll $1,540 — reached 08:30, regime unknown
2026-10-01 15:37:28	TRADE OPENED · gx_bps (B)	[GexLog] Bull Put @ putWall 7650: vertical 25pt, net credit 4.00, coll $2,100 — reached 08:30, regime unknown
2026-10-01 15:37:48	TRADE OPENED · gx_bcs (D)	[GexLog] Bear Call @ callWall 7750: vertical 25pt, net credit 0.40, coll $2,460 — reached 08:30, regime unknown
2026-10-01 15:38:14	TRADE OPENED · eodic_c (B)	[EOD] Bear Call @ 7730: vertical 25pt, net credit 1.25, coll $2,375 — reached 08:30, regime unknown
2026-10-01 15:40:02	✓ Options desk healthy	FEED spx 7674.75 @ 08:39:58 (4s old) · LEVELS GexLog CAUTION · EM 7572.0–7731.0 · src 2026-10-01 06:20 · GAMEPLAN 10 triggers armed
2026-10-01 15:48:22	TRADE CLOSED · eodfly_c ($433)	[EOD] Bear Call @ 7650 (ATM): level ACCEPTED: spot 7664 held above the 7650 short strike for 10min (>10) — the wall we sold did not hold
2026-10-01 15:48:38	TRADE CLOSED · openfly_p ($-427)	[Open] Bull Put @ ATM(open): level ACCEPTED: spot 7664 held below the 7680 short strike for 11min (>10) — the wall we sold did not hold
2026-10-01 16:13:19	TRADE CLOSED · gx_bps ($-787)	[GexLog] Bull Put @ putWall 7650: level ACCEPTED: spot 7640 held below the 7650 short strike for 12min (>10) — the wall we sold did not hold
2026-10-01 16:15:09	TRADE CLOSED · eodfly_p ($-717)	[EOD] Bull Put @ 7650 (ATM): level ACCEPTED: spot 7636 held below the 7650 short strike for 14min (>10) — the wall we sold did not hold
2026-10-01 18:59:43	Desk watchdog	gateway: API 4002 — restarting via 'MyQuant Gateway Ensure'
2026-10-01 19:04:30	Desk watchdog	marks: marks.csv 309s — restarting via 'MyQuant Marks Watch'
