eod_date,kind,strike,dist,mod25,reldist,our_rank
2021-09-27,FP,4420.0,-27.3701171875,False,0.006154225186189133,
2021-09-27,FP,4425.0,-22.3701171875,True,0.005029965259929159,
2021-09-27,FP,4525.0,77.6298828125,True,0.01745523326527021,
2021-09-27,FP,4430.0,-17.3701171875,False,0.003905705333669185,
2021-09-27,FP,4440.0,-7.3701171875,False,0.001657185481149237,
2021-09-27,FP,4475.0,27.6298828125,True,0.00621263400267047,
2021-09-27,FP,4445.0,-2.3701171875,False,0.0005329255548892631,
2021-09-27,FN,4550.0,102.6298828125,True,0.023076534271240234,13.0
2021-09-27,FN,4650.0,202.6298828125,True,0.045561790466308594,53.0
2021-09-27,FN,4150.0,-297.3701171875,True,0.0668642520904541,41.0
2021-09-27,FN,4600.0,152.6298828125,True,0.034319162368774414,23.0
2021-09-27,FN,4250.0,-197.3701171875,True,0.04437905550003052,16.0
2021-09-27,FN,4700.0,252.6298828125,True,0.05680429935455322,68.0
2021-09-27,FN,4575.0,127.6298828125,True,0.028697848320007324,17.0
2021-09-28,FP,4420.0,59.6298828125,False,0.013675417730585337,
2021-09-28,FP,4425.0,64.6298828125,True,0.014822109379601711,
2021-09-28,FP,4430.0,69.6298828125,False,0.015968801028618307,
2021-09-28,FP,4375.0,14.6298828125,True,0.0033551928894366423,
2021-09-28,FP,4250.0,-110.3701171875,True,0.025312098335975697,
2021-09-28,FP,4475.0,114.6298828125,True,0.02628902586976678,
2021-09-28,FP,4350.0,-10.3701171875,True,0.002378265355645781,
2021-09-28,FN,4000.0,-360.3701171875,True,0.08264666795730591,11.0
2021-09-28,FN,4100.0,-260.3701171875,True,0.05971282720565796,15.0
2021-09-28,FN,4650.0,289.6298828125,True,0.06642317771911621,107.0
2021-09-28,FN,4525.0,164.6298828125,True,0.03775596618652344,13.0
2021-09-28,FN,4150.0,-210.3701171875,True,0.048245906829833984,20.0
2021-09-28,FN,4600.0,239.6298828125,True,0.05495631694793701,66.0
2021-09-28,FN,4700.0,339.6298828125,True,0.07789015769958496,129.0
2021-09-29,FP,4420.0,53.85009765625,False,0.01233354302089884,
2021-09-29,FP,4360.0,-6.14990234375,False,0.0014085412735024283,
2021-09-29,FP,4425.0,58.85009765625,True,0.013478716712098882,
2021-09-29,FP,4430.0,63.85009765625,False,0.014623890403299145,
2021-09-29,FP,4375.0,8.85009765625,True,0.0020269798000978057,
2021-09-29,FP,4250.0,-116.14990234375,True,0.026602362479904995,
2021-09-29,FN,4100.0,-266.14990234375,True,0.06095755100250244,23.0
2021-09-29,FN,4550.0,183.85009765625,True,0.04210805892944336,24.0
2021-09-29,FN,4525.0,158.85009765625,True,0.036382198333740234,19.0
2021-09-29,FN,4150.0,-216.14990234375,True,0.04950582981109619,29.0
2021-09-29,FN,4600.0,233.85009765625,True,0.05355978012084961,59.0
2021-09-29,FN,4700.0,333.85009765625,True,0.07646322250366211,108.0
2021-09-30,FP,4000.0,-324.02978515625,True,0.07493699193946257,
2021-09-30,FP,4375.0,50.97021484375,True,0.01178766506621276,
2021-09-30,FP,4325.0,0.97021484375,True,0.0002243774654560049,
2021-09-30,FP,4335.0,10.97021484375,False,0.0025370349856075336,
2021-09-30,FN,4475.0,150.97021484375,True,0.034914255142211914,17.0
2021-09-30,FN,4100.0,-224.02978515625,True,0.05181044340133667,16.0
2021-09-30,FN,4525.0,200.97021484375,True,0.046477556228637695,25.0
2021-09-30,FN,4150.0,-174.02978515625,True,0.04024714231491089,18.0
2021-10-01,FP,4360.0,0.56982421875,False,0.0001307107112107353,
2021-10-01,FP,4425.0,65.56982421875,True,0.015040916260804504,
2021-10-01,FP,4365.0,5.56982421875,False,0.0012776495996409398,
2021-10-01,FP,4375.0,15.56982421875,True,0.003571527376501571,
2021-10-01,FP,4250.0,-109.43017578125,True,0.02510194483425554,
2021-10-01,FN,4100.0,-259.43017578125,True,0.059510111808776855,21.0
2021-10-01,FN,4550.0,190.56982421875,True,0.04371440410614014,18.0
2021-10-01,FN,4525.0,165.56982421875,True,0.037979722023010254,14.0
2021-10-01,FN,4150.0,-209.43017578125,True,0.04804074764251709,24.0
2021-10-01,FN,4600.0,240.56982421875,True,0.0551837682723999,56.0
2021-10-04,FP,4000.0,-304.490234375,True,0.07073781511766197,
2021-10-04,FP,4225.0,-79.490234375,True,0.01846681721803045,
2021-10-04,FP,4350.0,45.509765625,True,0.010572626059542678,
2021-10-04,FP,4375.0,70.509765625,True,0.016380514715057304,
2021-10-04,FN,4360.0,55.509765625,False,0.012895822525024414,17.0
2021-10-04,FN,4475.0,170.509765625,True,0.0396120548248291,14.0
2021-10-04,FN,4340.0,35.509765625,False,0.008249521255493164,24.0
2021-10-04,FN,4175.0,-129.490234375,True,0.0300825834274292,15.0
2021-10-05,FP,4360.0,2.43017578125,False,0.000557690611804551,
2021-10-05,FP,4300.0,-57.56982421875,True,0.013211451919550421,
2021-10-05,FP,4325.0,-32.56982421875,True,0.007474309198152507,
2021-10-05,FP,4375.0,17.43017578125,True,0.003999976244643433,
2021-10-05,FN,4100.0,-257.56982421875,True,0.059108614921569824,17.0
2021-10-05,FN,4525.0,167.43017578125,True,0.03842282295227051,16.0
2021-10-05,FN,4150.0,-207.56982421875,True,0.0476343035697937,19.0
2021-10-05,FN,4175.0,-182.56982421875,True,0.04189717769622803,24.0
2021-10-06,FP,4355.0,1.35009765625,False,0.000310107079469768,
2021-10-06,FP,4325.0,-28.64990234375,True,0.006580662888930666,
2021-10-06,FP,4360.0,6.35009765625,False,0.0014585687408699144,
2021-10-06,FP,4425.0,71.35009765625,True,0.01638857033907093,
2021-10-06,FP,4200.0,-153.64990234375,True,0.03529220442393266,
2021-10-06,FP,4375.0,21.35009765625,True,0.0049039537250701315,
2021-10-06,FP,4250.0,-103.64990234375,True,0.023807587809931863,
2021-10-06,FN,4550.0,196.35009765625,True,0.04510009288787842,26.0
2021-10-06,FN,4525.0,171.35009765625,True,0.039357781410217285,24.0
2021-10-06,FN,4175.0,-178.64990234375,True,0.0410345196723938,25.0
2021-10-06,FN,4340.0,-13.64990234375,False,0.0031352639198303223,13.0
2021-10-06,FN,4150.0,-203.64990234375,True,0.04677683115005493,22.0
2021-10-06,FN,4600.0,246.35009765625,True,0.056584715843200684,67.0
2021-10-06,FN,4475.0,121.35009765625,True,0.02787315845489502,12.0
2021-10-08,FP,4390.0,-4.919921875,False,0.0011194565458433337,
2021-10-08,FP,4200.0,-194.919921875,True,0.044351188494884175,
2021-10-08,FP,4425.0,30.080078125,True,0.006844283550032637,
2021-10-08,FP,4395.0,0.080078125,False,1.82206107104399e-05,
2021-10-08,FP,4375.0,-19.919921875,True,0.004532488015504432,
2021-10-08,FP,4380.0,-14.919921875,False,0.0033948108589506587,
2021-10-08,FN,4225.0,-169.919921875,True,0.03866279125213623,29.0
2021-10-08,FN,4550.0,155.080078125,True,0.03528618812561035,22.0
2021-10-08,FN,4525.0,130.080078125,True,0.029597878456115723,19.0
2021-10-08,FN,4240.0,-154.919921875,False,0.03524976968765259,54.0
2021-10-08,FN,4340.0,-54.919921875,False,0.012496232986450195,21.0
2021-10-08,FN,4250.0,-144.919921875,True,0.032974421977996826,13.0
2021-10-11,FP,4325.0,-44.39990234375,True,0.010161556125804383,
2021-10-11,FP,4375.0,5.60009765625,True,0.0012816628785217166,
2021-10-11,FN,4225.0,-144.39990234375,True,0.03304797410964966,22.0
2021-10-11,FN,4525.0,155.60009765625,True,0.03561127185821533,28.0
2021-10-12,FP,4200.0,-144.580078125,True,0.03327826292187874,
2021-10-12,FP,4425.0,80.419921875,True,0.018510401564449275,
2021-10-12,FP,4380.0,35.419921875,False,0.00815266866718356,
2021-10-12,FP,4375.0,30.419921875,True,0.007001809456376407,
2021-10-12,FN,4225.0,-119.580078125,True,0.02752399444580078,16.0
2021-10-12,FN,4275.0,-69.580078125,True,0.016015350818634033,11.0
2021-10-12,FN,4340.0,-4.580078125,False,0.001054227352142334,12.0
2021-10-12,FN,4475.0,130.419921875,True,0.030019044876098633,17.0
2021-10-13,FP,4425.0,63.169921875,True,0.014482435295176455,
2021-10-13,FP,4365.0,3.169921875,False,0.000726741257275787,
2021-10-13,FP,4370.0,8.169921875,False,0.0018730490937675093,
2021-10-13,FP,4375.0,13.169921875,True,0.0030193569302592316,
2021-10-13,FP,4380.0,18.169921875,False,0.004165664766750954,
2021-10-13,FP,4350.0,-11.830078125,True,0.00271218225219938,
2021-10-13,FN,4385.0,23.169921875,False,0.0053119659423828125,34.0
2021-10-13,FN,4340.0,-21.830078125,False,0.005004823207855225,14.0
2021-10-13,FN,4440.0,78.169921875,False,0.0179213285446167,22.0
2021-10-13,FN,4250.0,-111.830078125,True,0.025638341903686523,11.0
2021-10-13,FN,4475.0,113.169921875,True,0.025945544242858887,21.0
2021-10-13,FN,4445.0,83.169921875,False,0.01906764507293701,44.0
2021-10-14,FP,4450.0,17.02001953125,True,0.0038394081647645795,
2021-10-14,FP,4435.0,2.02001953125,False,0.00045567982263627904,
2021-10-14,FP,4430.0,-2.97998046875,False,0.0006722296247398951,
2021-10-14,FP,4375.0,-57.97998046875,True,0.013079233545877478,
2021-10-14,FN,4465.0,32.02001953125,False,0.0072231292724609375,13.0
2021-10-14,FN,4485.0,52.02001953125,False,0.011734724044799805,30.0
2021-10-14,FN,4470.0,37.02001953125,False,0.00835108757019043,15.0
2021-10-14,FN,4455.0,22.02001953125,False,0.004967331886291504,14.0
2021-10-15,FP,4460.0,-9.85009765625,False,0.0022036751660675646,
2021-10-15,FP,4525.0,55.14990234375,True,0.012338199523216131,
2021-10-15,FP,4400.0,-69.85009765625,True,0.015626944110021856,
2021-10-15,FP,4465.0,-4.85009765625,False,0.0010850694207380496,
2021-10-15,FP,4470.0,0.14990234375,False,3.353632459135447e-05,
2021-10-15,FP,4475.0,5.14990234375,True,0.0011521420699209806,
2021-10-15,FN,4675.0,205.14990234375,True,0.04589641094207764,124.0
2021-10-15,FN,4650.0,180.14990234375,True,0.04030334949493408,33.0
2021-10-15,FN,4625.0,155.14990234375,True,0.03471028804779053,64.0
2021-10-15,FN,4375.0,-94.85009765625,True,0.021219968795776367,14.0
2021-10-15,FN,4600.0,130.14990234375,True,0.029117226600646973,15.0
2021-10-15,FN,4575.0,105.14990234375,True,0.02352428436279297,39.0
2021-10-18,FP,4480.0,-6.27001953125,False,0.0013976019062501566,
2021-10-18,FP,4485.0,-1.27001953125,False,0.00028309030123485623,
2021-10-18,FP,4490.0,3.72998046875,False,0.0008314213037805551,
2021-10-18,FP,4525.0,38.72998046875,True,0.00863300253888788,
2021-10-18,FP,4530.0,43.72998046875,False,0.00974751414390318,
2021-10-18,FP,4475.0,-11.27001953125,True,0.002512113511265568,
2021-10-18,FN,4385.0,-101.27001953125,False,0.022573351860046387,55.0
2021-10-18,FN,4650.0,163.72998046875,True,0.03649580478668213,29.0
2021-10-18,FN,4375.0,-111.27001953125,True,0.024802327156066895,18.0
2021-10-18,FN,4600.0,113.72998046875,True,0.02535068988800049,16.0
2021-10-18,FN,4350.0,-136.27001953125,True,0.030374884605407715,12.0
2021-10-18,FN,4575.0,88.72998046875,True,0.019778132438659668,33.0
2021-10-19,FP,4450.0,-64.1201171875,True,0.014204344484180398,
2021-10-19,FP,4550.0,35.8798828125,True,0.007948366875725643,
2021-10-19,FP,4490.0,-24.1201171875,False,0.005343259940218004,
2021-10-19,FP,4475.0,-39.1201171875,True,0.008666166644203832,
2021-10-19,FP,4510.0,-4.1201171875,False,0.000912717668236751,
2021-10-19,FN,4545.0,30.8798828125,False,0.006840705871582031,35.0
2021-10-19,FN,4650.0,135.8798828125,True,0.03010106086730957,27.0
2021-10-19,FN,4625.0,110.8798828125,True,0.024562954902648926,46.0
2021-10-19,FN,4375.0,-139.1201171875,True,0.0308188796043396,29.0
2021-10-19,FN,4575.0,60.8798828125,True,0.013486504554748535,26.0
2021-10-20,FP,4545.0,10.97021484375,False,0.0024195286232271407,
2021-10-20,FP,4450.0,-84.02978515625,True,0.018533134791339778,
2021-10-20,FP,4520.0,-14.02978515625,False,0.003094330170079873,
2021-10-20,FP,4530.0,-4.02978515625,False,0.0008887866527570454,
2021-10-20,FP,4535.0,0.97021484375,False,0.000213985105904424,
2021-10-20,FP,4475.0,-59.02978515625,True,0.013019275998032653,
2021-10-20,FP,4540.0,5.97021484375,False,0.0013167568645657823,
2021-10-20,FP,4510.0,-24.02978515625,False,0.005299873687402812,
2021-10-20,FN,4800.0,265.97021484375,True,0.05866086483001709,145.0
2021-10-20,FN,4650.0,115.97021484375,True,0.025577783584594727,25.0
2021-10-20,FN,4750.0,215.97021484375,True,0.04763317108154297,102.0
2021-10-20,FN,4600.0,65.97021484375,True,0.014549970626831055,12.0
2021-10-20,FN,4250.0,-284.02978515625,True,0.06264400482177734,39.0
2021-10-20,FN,4700.0,165.97021484375,True,0.03660547733306885,23.0
2021-10-20,FN,4350.0,-184.02978515625,True,0.040588557720184326,26.0
2021-10-20,FN,4575.0,40.97021484375,True,0.00903618335723877,17.0
2021-10-21,FP,4545.0,0.9599609375,False,0.00021125714765890535,
2021-10-21,FP,4450.0,-94.0400390625,True,0.020695248777319653,
2021-10-21,FP,4560.0,15.9599609375,False,0.0035122843989712216,
2021-10-21,FP,4530.0,-14.0400390625,False,0.003089770103653522,
2021-10-21,FP,4535.0,-9.0400390625,False,0.0019894276865494165,
2021-10-21,FP,4475.0,-69.0400390625,True,0.015193536691799014,
2021-10-21,FP,4540.0,-4.0400390625,False,0.0008890852694453111,
2021-10-21,FN,4800.0,255.9599609375,True,0.056328773498535156,96.0
2021-10-21,FN,4650.0,105.9599609375,True,0.02331840991973877,20.0
2021-10-21,FN,4750.0,205.9599609375,True,0.045325279235839844,59.0
2021-10-21,FN,4400.0,-144.0400390625,True,0.031698644161224365,11.0
2021-10-21,FN,4700.0,155.9599609375,True,0.03432190418243408,16.0
2021-10-21,FN,4350.0,-194.0400390625,True,0.0427020788192749,21.0
2021-10-21,FN,4575.0,30.9599609375,True,0.0068132877349853516,14.0
2021-10-22,FP,4545.0,0.0400390625,False,8.809552304978041e-06,
2021-10-22,FP,4450.0,-94.9599609375,True,0.02089346479477283,
2021-10-22,FP,4530.0,-14.9599609375,False,0.003291549555128337,
2021-10-22,FP,4500.0,-44.9599609375,True,0.009892267769995078,
2021-10-22,FP,4535.0,-9.9599609375,False,0.0021914298526505283,
2021-10-22,FP,4475.0,-69.9599609375,True,0.01539286628238401,
2021-10-22,FP,4540.0,-4.9599609375,False,0.0010913101501728306,
2021-10-22,FN,4800.0,255.0400390625,True,0.056114912033081055,100.0
2021-10-22,FN,4650.0,105.0400390625,True,0.023111343383789062,17.0
2021-10-22,FN,4750.0,205.0400390625,True,0.04511368274688721,57.0
2021-10-22,FN,4850.0,305.0400390625,True,0.0671161413192749,165.0
2021-10-22,FN,4250.0,-294.9599609375,True,0.06489825248718262,37.0
2021-10-22,FN,4700.0,155.0400390625,True,0.03411257266998291,15.0
2021-10-22,FN,4350.0,-194.9599609375,True,0.0428958535194397,19.0
2021-10-25,FP,4450.0,-116.43017578125,True,0.02549697932506556,
2021-10-25,FP,4560.0,-6.43017578125,False,0.0014081406117525397,
2021-10-25,FP,4500.0,-66.43017578125,True,0.014547507182650521,
2021-10-25,FP,4565.0,-1.43017578125,False,0.0003131933975111245,
2021-10-25,FP,4570.0,3.56982421875,False,0.0007817538167305127,
2021-10-25,FP,4475.0,-91.43017578125,True,0.02002224325385804,
2021-10-25,FN,4800.0,233.56982421875,True,0.05114936828613281,89.0
2021-10-25,FN,4750.0,183.56982421875,True,0.040199875831604004,54.0
2021-10-25,FN,4400.0,-166.43017578125,True,0.036446452140808105,14.0
2021-10-25,FN,4850.0,283.56982421875,True,0.06209874153137207,156.0
2021-10-25,FN,4700.0,133.56982421875,True,0.029250383377075195,12.0
2021-10-25,FN,4350.0,-216.43017578125,True,0.047395944595336914,19.0
2021-10-26,FP,4450.0,-135.68994140625,True,0.02958986393324259,
2021-10-26,FP,4530.0,-55.68994140625,False,0.012144288453390772,
2021-10-26,FP,4570.0,-15.68994140625,False,0.003421500713464809,
2021-10-26,FP,4475.0,-110.68994140625,True,0.024138121595788875,
2021-10-26,FP,4575.0,-10.68994140625,True,0.002331152245974133,
2021-10-26,FN,4800.0,214.31005859375,True,0.04673457145690918,86.0
2021-10-26,FN,4750.0,164.31005859375,True,0.03583109378814697,53.0
2021-10-26,FN,4400.0,-185.68994140625,True,0.04049336910247803,15.0
2021-10-26,FN,4850.0,264.31005859375,True,0.05763804912567139,137.0
2021-10-26,FN,4350.0,-235.68994140625,True,0.051396846771240234,26.0
2021-10-27,FP,4450.0,-114.35009765625,True,0.025052876140015612,
2021-10-27,FP,4555.0,-9.35009765625,False,0.0020485058017463142,
2021-10-27,FP,4525.0,-39.35009765625,True,0.008621183041251812,
2021-10-27,FP,4560.0,-4.35009765625,False,0.0009530595951620091,
2021-10-27,FP,4565.0,0.64990234375,False,0.00014238661142229603,
2021-10-27,FP,4570.0,5.64990234375,False,0.0012378328180064901,
2021-10-27,FP,4575.0,10.64990234375,True,0.0023332790245906843,
2021-10-27,FN,4800.0,235.64990234375,True,0.05162835121154785,94.0
2021-10-27,FN,4750.0,185.64990234375,True,0.04067385196685791,58.0
2021-10-27,FN,4400.0,-164.35009765625,True,0.0360073447227478,18.0
2021-10-27,FN,4850.0,285.64990234375,True,0.06258285045623779,162.0
2021-10-27,FN,4375.0,-189.35009765625,True,0.04148459434509277,33.0
2021-10-27,FN,4250.0,-314.35009765625,True,0.06887072324752808,44.0
2021-10-27,FN,4700.0,135.64990234375,True,0.02971947193145752,13.0
2021-10-28,FP,4585.0,-0.259765625,False,5.665232468343717e-05,
2021-10-28,FP,4590.0,4.740234375,False,0.0010337984361401542,
2021-10-28,FP,4570.0,-15.259765625,False,0.0033280046071544334,
2021-10-28,FP,4700.0,114.740234375,True,0.025023715174261163,
2021-10-28,FP,4575.0,-10.259765625,True,0.002237553846330731,
2021-10-28,FN,4800.0,214.740234375,True,0.04683268070220947,89.0
2021-10-28,FN,4750.0,164.740234375,True,0.03592824935913086,53.0
2021-10-28,FN,4400.0,-185.259765625,True,0.04040330648422241,22.0
2021-10-28,FN,4625.0,39.740234375,True,0.0086669921875,12.0
2021-10-28,FN,4850.0,264.740234375,True,0.05773723125457764,146.0
2021-10-29,FP,4585.0,-14.89013671875,False,0.0032370635550377225,
2021-10-29,FP,4525.0,-74.89013671875,True,0.016280853344939117,
2021-10-29,FP,4590.0,-9.89013671875,False,0.002150081072545995,
2021-10-29,FP,4595.0,-4.89013671875,False,0.0010630985900542678,
2021-10-29,FP,4605.0,5.10986328125,False,0.001110866374929298,
2021-10-29,FP,4575.0,-24.89013671875,True,0.005411028520021288,
2021-10-29,FN,4800.0,200.10986328125,True,0.04350316524505615,83.0
2021-10-29,FN,4450.0,-149.89013671875,True,0.03258556127548218,12.0
2021-10-29,FN,4750.0,150.10986328125,True,0.032633304595947266,47.0
2021-10-29,FN,4400.0,-199.89013671875,True,0.043455421924591064,17.0
2021-10-29,FN,4850.0,250.10986328125,True,0.05437302589416504,137.0
2021-10-29,FN,4375.0,-224.89013671875,True,0.04889035224914551,35.0
2021-11-01,FP,4610.0,0.43994140625,False,9.54410834566044e-05,
2021-11-01,FP,4615.0,5.43994140625,False,0.0011801432972129433,
2021-11-01,FP,4525.0,-84.56005859375,True,0.018344496550403377,
2021-11-01,FP,4605.0,-4.56005859375,False,0.0009892611302999565,
2021-11-01,FP,4575.0,-34.56005859375,True,0.007497474412838767,
2021-11-01,FN,4800.0,190.43994140625,True,0.041314125061035156,68.0
2021-11-01,FN,4750.0,140.43994140625,True,0.03046715259552002,43.0
2021-11-01,FN,4400.0,-209.56005859375,True,0.045462071895599365,14.0
2021-11-01,FN,4850.0,240.43994140625,True,0.05216109752655029,141.0
2021-11-01,FN,4375.0,-234.56005859375,True,0.050885558128356934,33.0
2021-11-02,FP,4675.0,43.02978515625,True,0.00928973701479241,
2021-11-02,FP,4525.0,-106.97021484375,True,0.02309389091081593,
2021-11-02,FP,4660.0,28.02978515625,False,0.006051374222231676,
2021-11-02,FP,3960.0,-671.97021484375,False,0.1450722227639405,
2021-11-02,FP,4575.0,-56.97021484375,True,0.012299348268946408,
2021-11-02,FN,4800.0,168.02978515625,True,0.03627610206604004,61.0
2021-11-02,FN,4750.0,118.02978515625,True,0.025481581687927246,38.0
2021-11-02,FN,4400.0,-231.97021484375,True,0.05008023977279663,17.0
2021-11-02,FN,4850.0,218.02978515625,True,0.04707062244415283,129.0
2021-11-02,FN,4375.0,-256.97021484375,True,0.05547749996185303,42.0
2021-11-03,FP,4655.0,-5.740234375,False,0.0012316143115342904,
2021-11-03,FP,4625.0,-35.740234375,True,0.007668360083962655,
2021-11-03,FP,4660.0,-0.740234375,False,0.0001588233494629332,
2021-11-03,FP,4665.0,4.259765625,False,0.000913967612608424,
2021-11-03,FP,4575.0,-85.740234375,True,0.01839626970467656,
2021-11-03,FN,4800.0,139.259765625,True,0.029879331588745117,47.0
2021-11-03,FN,4425.0,-235.740234375,True,0.05058002471923828,38.0
2021-11-03,FN,4525.0,-135.740234375,True,0.029124200344085693,12.0
2021-11-03,FN,4750.0,89.259765625,True,0.01915144920349121,22.0
2021-11-03,FN,4850.0,189.259765625,True,0.04060721397399902,95.0
2021-11-04,FP,4680.0,8.669921875,False,0.0018559857107078859,
2021-11-04,FP,4660.0,-11.330078125,False,0.0024254501256626426,
2021-11-04,FP,4670.0,-1.330078125,False,0.0002847322074773784,
2021-11-04,FP,4575.0,-96.330078125,True,0.020621552430237444,
2021-11-04,FN,4800.0,128.669921875,True,0.027544617652893066,38.0
2021-11-04,FN,4850.0,178.669921875,True,0.03824818134307861,77.0
2021-11-04,FN,4900.0,228.669921875,True,0.04895174503326416,64.0
2021-11-04,FN,4750.0,78.669921875,True,0.01684105396270752,16.0
2021-11-05,FP,4705.0,6.33984375,False,0.0013492875711742514,
2021-11-05,FP,4675.0,-23.66015625,True,0.005035511286877847,
2021-11-05,FP,4710.0,11.33984375,False,0.0024134207141830455,
2021-11-05,FP,4690.0,-8.66015625,False,0.001843111857851798,
2021-11-05,FP,4725.0,26.33984375,True,0.005605820143208984,
2021-11-05,FP,4695.0,-3.66015625,False,0.0007789787148431149,
2021-11-05,FN,4800.0,101.33984375,True,0.021567821502685547,25.0
2021-11-05,FN,4900.0,201.33984375,True,0.042850494384765625,55.0
2021-11-05,FN,4550.0,-148.66015625,True,0.03163886070251465,13.0
2021-11-05,FN,4525.0,-173.66015625,True,0.03695952892303467,19.0
2021-11-05,FN,4625.0,-73.66015625,True,0.01567685604095459,12.0
2021-11-05,FN,4850.0,151.33984375,True,0.032209157943725586,72.0
2021-11-09,FP,4680.0,-4.02001953125,False,0.0008582413214477391,
2021-11-09,FP,4675.0,-9.02001953125,True,0.001925700465335023,
2021-11-09,FP,4660.0,-24.02001953125,False,0.005128077896997096,
2021-11-09,FN,4800.0,115.97998046875,True,0.024760723114013672,26.0
2021-11-09,FN,4825.0,140.97998046875,True,0.0300980806350708,67.0
2021-11-09,FN,4850.0,165.97998046875,True,0.03543531894683838,75.0
2021-11-10,FP,4640.0,-1.14013671875,False,0.0002456587573664848,
2021-11-10,FP,4675.0,33.85986328125,True,0.007295591661489631,
2021-11-10,FP,4645.0,3.85986328125,False,0.0008316627310416269,
2021-11-10,FP,4630.0,-11.14013671875,False,0.002400301734182486,
2021-11-10,FP,4575.0,-66.14013671875,True,0.014250838106670605,
2021-11-10,FN,4800.0,158.85986328125,True,0.03422868251800537,44.0
2021-11-10,FN,4450.0,-191.14013671875,True,0.04118388891220093,20.0
2021-11-10,FN,4775.0,133.85986328125,True,0.02884197235107422,46.0
2021-11-10,FN,4750.0,108.85986328125,True,0.023455381393432617,18.0
2021-11-10,FN,4850.0,208.85986328125,True,0.045001864433288574,103.0
2021-11-11,FP,4680.0,27.990234375,False,0.006016804732833503,
2021-11-11,FP,4660.0,7.990234375,False,0.0017175876185906436,
2021-11-11,FP,4630.0,-22.009765625,False,0.004731238052773756,
2021-11-11,FP,4575.0,-77.009765625,True,0.016554085116941675,
2021-11-11,FN,4800.0,147.990234375,True,0.031812071800231934,42.0
2021-11-11,FN,4525.0,-127.009765625,True,0.027302145957946777,17.0
2021-11-11,FN,4750.0,97.990234375,True,0.021064043045043945,16.0
2021-11-11,FN,4725.0,72.990234375,True,0.015690088272094727,13.0
2021-11-12,FP,4675.0,-6.89013671875,True,0.0014716570695908482,
2021-11-12,FP,4680.0,-1.89013671875,False,0.0004037123177936808,
2021-11-12,FP,4685.0,3.10986328125,False,0.0006642324340035977,
2021-11-12,FP,4690.0,8.10986328125,False,0.001732177185800765,
2021-11-12,FP,4660.0,-21.89013671875,False,0.0046754913249825725,
2021-11-12,FP,4670.0,-11.89013671875,False,0.0025396018213881266,
2021-11-12,FN,4800.0,118.10986328125,True,0.025226950645446777,26.0
2021-11-12,FN,4550.0,-131.89013671875,True,0.028170287609100342,12.0
2021-11-12,FN,4775.0,93.10986328125,True,0.019887208938598633,21.0
2021-11-12,FN,4525.0,-156.89013671875,True,0.033510029315948486,18.0
2021-11-12,FN,4625.0,-56.89013671875,True,0.012151122093200684,11.0
2021-11-12,FN,4825.0,143.10986328125,True,0.030566692352294922,59.0
2021-11-15,FP,4680.0,1.35986328125,False,0.00029065353211876754,
2021-11-15,FP,4660.0,-18.64013671875,False,0.003984092850497056,
2021-11-15,FP,4685.0,6.35986328125,False,0.0013593401277727235,
2021-11-15,FP,4670.0,-8.64013671875,False,0.0018467196591891444,
2021-11-15,FN,4800.0,121.35986328125,True,0.025939106941223145,33.0
2021-11-15,FN,4825.0,146.35986328125,True,0.03128254413604736,62.0
2021-11-15,FN,4550.0,-128.64013671875,True,0.027495205402374268,11.0
2021-11-15,FN,4775.0,96.35986328125,True,0.020595669746398926,24.0
2021-11-16,FP,4680.0,-27.25,False,0.00578894258856022,
2021-11-16,FP,4650.0,-57.25,True,0.01216209039247973,
2021-11-16,FP,4690.0,-17.25,False,0.0036645599872536794,
2021-11-16,FP,4710.0,2.75,False,0.0005842052153592903,
2021-11-16,FN,4800.0,92.75,True,0.01970362663269043,25.0
2021-11-16,FN,4825.0,117.75,True,0.025014638900756836,52.0
2021-11-16,FN,4760.0,52.75,False,0.01120615005493164,12.0
2021-11-16,FN,4775.0,67.75,True,0.014392733573913574,18.0
2021-11-17,FP,4680.0,-15.740234375,False,0.0033520240876558915,
2021-11-17,FP,4650.0,-45.740234375,True,0.009740793164017103,
2021-11-17,FP,4685.0,-10.740234375,False,0.002287229241595745,
2021-11-17,FP,4690.0,-5.740234375,False,0.0012224343955354877,
2021-11-17,FP,4695.0,-0.740234375,False,0.0001576395494753413,
2021-11-17,FN,4775.0,79.259765625,True,0.01687908172607422,18.0
2021-11-17,FN,4720.0,24.259765625,False,0.005166292190551758,17.0
2021-11-17,FN,4625.0,-70.740234375,True,0.015064775943756104,13.0
2021-11-17,FN,4790.0,94.259765625,False,0.020073413848876953,44.0
2021-11-17,FN,4760.0,64.259765625,False,0.013684749603271484,16.0
2021-11-18,FP,4680.0,-26.31005859375,False,0.0055903793558411685,
2021-11-18,FP,4705.0,-1.31005859375,False,0.0002783621515454193,
2021-11-18,FP,4690.0,-16.31005859375,False,0.0034655724741228244,
2021-11-18,FP,4600.0,-106.31005859375,True,0.022588834409587477,
2021-11-18,FN,4760.0,53.68994140625,False,0.011408090591430664,25.0
2021-11-18,FN,4770.0,63.68994140625,False,0.013532876968383789,41.0
2021-11-18,FN,4685.0,-21.31005859375,False,0.0045279860496521,14.0
2021-11-18,FN,4775.0,68.68994140625,True,0.014595270156860352,22.0
2021-11-19,FP,4705.0,7.830078125,False,0.0016669778303175509,
2021-11-19,FP,4675.0,-22.169921875,True,0.004719846682947004,
2021-11-19,FP,4650.0,-47.169921875,True,0.010042200444000726,
2021-11-19,FP,4685.0,-12.169921875,False,0.002590905178525449,
2021-11-19,FP,4690.0,-7.169921875,False,0.0015264344263147267,
2021-11-19,FP,4695.0,-2.169921875,False,0.0004619636741040045,
2021-11-19,FN,4450.0,-247.169921875,True,0.05262100696563721,22.0
2021-11-19,FN,4900.0,202.830078125,True,0.04318130016326904,55.0
2021-11-19,FN,5000.0,302.830078125,True,0.06447076797485352,120.0
2021-11-19,FN,4400.0,-297.169921875,True,0.06326574087142944,17.0
2021-11-19,FN,4850.0,152.830078125,True,0.03253662586212158,51.0
2021-11-19,FN,4500.0,-197.169921875,True,0.041976332664489746,11.0
2021-11-22,FP,4705.0,-4.81982421875,False,0.0010233563912499521,
2021-11-22,FP,4675.0,-34.81982421875,True,0.007393026807458791,
2021-11-22,FP,4710.0,0.18017578125,False,3.825534478485437e-05,
2021-11-22,FP,4650.0,-59.81982421875,True,0.012701085487632824,
2021-11-22,FP,4690.0,-19.81982421875,False,0.004208191599354372,
2021-11-22,FN,4900.0,190.18017578125,True,0.04037952423095703,52.0
2021-11-22,FN,5000.0,290.18017578125,True,0.06161177158355713,120.0
2021-11-22,FN,4400.0,-309.81982421875,True,0.06578165292739868,19.0
2021-11-22,FN,4850.0,140.18017578125,True,0.029763340950012207,44.0
2021-11-22,FN,4350.0,-359.81982421875,True,0.07639777660369873,27.0
2021-11-23,FP,4705.0,18.31982421875,False,0.003908912819231558,
2021-11-23,FP,4675.0,-11.68017578125,True,0.002492206709902689,
2021-11-23,FP,4710.0,23.31982421875,False,0.004975766074087229,
2021-11-23,FP,4650.0,-36.68017578125,True,0.007826472984181265,
2021-11-23,FP,4690.0,3.31982421875,False,0.0007083530546645456,
2021-11-23,FN,4450.0,-236.68017578125,True,0.05050063133239746,23.0
2021-11-23,FN,4900.0,213.31982421875,True,0.045516133308410645,72.0
2021-11-23,FN,5000.0,313.31982421875,True,0.06685328483581543,121.0
2021-11-23,FN,4850.0,163.31982421875,True,0.03484761714935303,48.0
2021-11-23,FN,4375.0,-311.68017578125,True,0.06650340557098389,49.0
2021-11-24,FP,4705.0,6.93994140625,False,0.0014771929944903395,
2021-11-24,FP,4650.0,-48.06005859375,True,0.010229766753585445,
2021-11-24,FP,4690.0,-8.06005859375,False,0.0017156142095302584,
2021-11-24,FP,4725.0,26.93994140625,True,0.005734269266518099,
2021-11-24,FP,4695.0,-3.06005859375,False,0.0006513451415233185,
2021-11-24,FN,4450.0,-248.06005859375,True,0.052800536155700684,22.0
2021-11-24,FN,4900.0,201.93994140625,True,0.04298365116119385,63.0
2021-11-24,FN,5000.0,301.93994140625,True,0.0642690658569336,119.0
2021-11-24,FN,4850.0,151.93994140625,True,0.03234100341796875,40.0
2021-11-24,FN,4350.0,-348.06005859375,True,0.07408589124679565,24.0
2021-11-26,FP,4675.0,62.31005859375,True,0.013508399520726133,
2021-11-26,FP,4550.0,-62.68994140625,True,0.013590755546673106,
2021-11-26,FP,4650.0,37.31005859375,True,0.008088568507246263,
2021-11-26,FP,4620.0,7.31005859375,False,0.0015847712910703748,
2021-11-26,FP,4625.0,12.31005859375,True,0.0026687374937663932,
2021-11-26,FP,4575.0,-37.68994140625,True,0.008170924533193236,
2021-11-26,FN,4450.0,-162.68994140625,True,0.035270094871520996,16.0
2021-11-26,FN,4900.0,287.31005859375,True,0.0622868537902832,112.0
2021-11-26,FN,5000.0,387.31005859375,True,0.08396625518798828,144.0
2021-11-26,FN,4200.0,-412.68994140625,True,0.08946835994720459,42.0
2021-11-26,FN,4850.0,237.31005859375,True,0.051447272300720215,86.0
2021-11-26,FN,4350.0,-262.68994140625,True,0.05694937705993652,15.0
2021-11-29,FP,4650.0,-10.490234375,True,0.0022508864620347513,
2021-11-29,FP,4750.0,89.509765625,True,0.019206083721577283,
2021-11-29,FP,4625.0,-35.490234375,True,0.007615129007937815,
2021-11-29,FP,4660.0,-0.490234375,False,0.00010518944367354788,
2021-11-29,FP,4700.0,39.509765625,True,0.008477598629771377,
2021-11-29,FP,4670.0,9.509765625,False,0.0020405075746876555,
2021-11-29,FP,4575.0,-85.490234375,True,0.018343614099743943,
2021-11-29,FN,4450.0,-210.490234375,True,0.04516482353210449,20.0
2021-11-29,FN,4900.0,239.509765625,True,0.05139148235321045,98.0
2021-11-29,FN,4775.0,114.509765625,True,0.024570345878601074,33.0
2021-11-29,FN,5000.0,339.509765625,True,0.07284855842590332,138.0
2021-11-29,FN,4850.0,189.509765625,True,0.04066300392150879,82.0
2021-11-29,FN,4725.0,64.509765625,True,0.013841867446899414,13.0
2021-11-29,FN,4350.0,-310.490234375,True,0.06662178039550781,21.0
2021-11-30,FP,4675.0,94.830078125,True,0.020704489078470445,
2021-11-30,FP,4550.0,-30.169921875,True,0.00658707480063303,
2021-11-30,FP,4650.0,69.830078125,True,0.015246176302649905,
2021-11-30,FP,4600.0,19.830078125,True,0.004329550751008382,
2021-11-30,FP,4575.0,-5.169921875,True,0.0011287620248122687,
2021-11-30,FN,4800.0,219.830078125,True,0.04799604415893555,50.0
2021-11-30,FN,4200.0,-380.169921875,True,0.0830034613609314,34.0
2021-11-30,FN,5000.0,419.830078125,True,0.09166252613067627,164.0
2021-11-30,FN,4850.0,269.830078125,True,0.05891263484954834,112.0
2021-11-30,FN,4375.0,-205.169921875,True,0.04479527473449707,24.0
2021-12-01,FP,4450.0,-102.3798828125,True,0.022489310085705982,
2021-12-01,FP,4675.0,122.6201171875,True,0.026935387718949322,
2021-12-01,FP,4550.0,-2.3798828125,True,0.0005227777280814028,
2021-12-01,FP,4525.0,-27.3798828125,True,0.006014410817487548,
2021-12-01,FP,4575.0,22.6201171875,True,0.004968855361324742,
2021-12-01,FN,4800.0,247.6201171875,True,0.05439352989196777,56.0
2021-12-01,FN,4100.0,-452.3798828125,True,0.09937214851379395,27.0
2021-12-01,FN,4900.0,347.6201171875,True,0.07636010646820068,122.0
2021-12-01,FN,4200.0,-352.3798828125,True,0.07740563154220581,31.0
2021-12-01,FN,4850.0,297.6201171875,True,0.065376877784729,112.0
2021-12-02,FP,4675.0,87.43017578125,True,0.0190580588702296,
2021-12-02,FP,4550.0,-37.56982421875,True,0.00818948281079257,
2021-12-02,FP,4650.0,62.43017578125,True,0.013608550534025099,
2021-12-02,FP,4525.0,-62.56982421875,True,0.01363899114699696,
2021-12-02,FP,4625.0,37.43017578125,True,0.00815904219782082,
2021-12-02,FP,4575.0,-12.56982421875,True,0.0027399744745880694,
2021-12-02,FN,4800.0,212.43017578125,True,0.04630565643310547,24.0
2021-12-02,FN,4900.0,312.43017578125,True,0.06810367107391357,108.0
2021-12-02,FN,4200.0,-387.56982421875,True,0.08448261022567749,25.0
2021-12-02,FN,4425.0,-162.56982421875,True,0.035437047481536865,18.0
2021-12-02,FN,4850.0,262.43017578125,True,0.057204604148864746,107.0
2021-12-02,FN,4350.0,-237.56982421875,True,0.05178552865982056,11.0
2021-12-03,FP,4000.0,-510.2099609375,True,0.1131233280393551,
2021-12-03,FP,4550.0,39.7900390625,True,0.008822214355233449,
2021-12-03,FP,4525.0,14.7900390625,True,0.003279235155479565,
2021-12-03,FP,4600.0,89.7900390625,True,0.01990817275474166,
2021-12-03,FP,4700.0,189.7900390625,True,0.04208008955375764,
2021-12-03,FN,4800.0,289.7900390625,True,0.06425201892852783,44.0
2021-12-03,FN,4900.0,389.7900390625,True,0.08642387390136719,123.0
2021-12-03,FN,4200.0,-310.2099609375,True,0.06877946853637695,15.0
2021-12-03,FN,4850.0,339.7900390625,True,0.07533800601959229,121.0
2021-12-03,FN,4150.0,-360.2099609375,True,0.0798654556274414,51.0
2021-12-06,FP,4675.0,83.7099609375,True,0.018232339979678658,
2021-12-06,FP,4650.0,58.7099609375,True,0.012787247252514788,
2021-12-06,FP,2000.0,-2591.2900390625,True,0.5643925818268754,
2021-12-06,FP,4625.0,33.7099609375,True,0.007342154525350697,
2021-12-06,FP,4500.0,-91.2900390625,True,0.01988330911046965,
2021-12-06,FP,4575.0,-16.2900390625,True,0.003548030928977486,
2021-12-06,FN,4800.0,208.7099609375,True,0.04545783996582031,33.0
2021-12-06,FN,4900.0,308.7099609375,True,0.0672382116317749,113.0
2021-12-06,FN,4425.0,-166.2900390625,True,0.03621858358383179,29.0
2021-12-06,FN,4750.0,158.7099609375,True,0.03456759452819824,22.0
2021-12-06,FN,4850.0,258.7099609375,True,0.05634796619415283,108.0
2021-12-06,FN,4350.0,-241.2900390625,True,0.05255389213562012,13.0
2021-12-07,FP,4705.0,29.4501953125,False,0.006298766250543375,
2021-12-07,FP,4625.0,-50.5498046875,True,0.010811520954566833,
2021-12-07,FP,4725.0,49.4501953125,True,0.0105763380518209,
2021-12-07,FP,4550.0,-125.5498046875,True,0.02685241520935766,
2021-12-07,FN,4800.0,124.4501953125,True,0.02661728858947754,13.0
2021-12-07,FN,4425.0,-250.5498046875,True,0.053587257862091064,41.0
2021-12-07,FN,4850.0,174.4501953125,True,0.03731119632720947,67.0
2021-12-07,FN,4900.0,224.4501953125,True,0.048005104064941406,77.0
2021-12-08,FP,4705.0,6.2001953125,False,0.0013195274474802066,
2021-12-08,FP,4650.0,-48.7998046875,True,0.01038558923894084,
2021-12-08,FP,4625.0,-73.7998046875,True,0.01570609682367774,
2021-12-08,FP,4690.0,-8.7998046875,False,0.0018727771033618668,
2021-12-08,FP,4695.0,-3.7998046875,False,0.000808675586414509,
2021-12-08,FN,4800.0,101.2001953125,True,0.021537423133850098,11.0
2021-12-08,FN,4900.0,201.2001953125,True,0.04281949996948242,69.0
2021-12-08,FN,4525.0,-173.7998046875,True,0.036988139152526855,20.0
2021-12-08,FN,4850.0,151.2001953125,True,0.032178521156311035,53.0
2021-12-08,FN,4825.0,126.2001953125,True,0.026857972145080566,47.0
2021-12-09,FP,4705.0,26.7099609375,False,0.005709342668897888,
2021-12-09,FP,4550.0,-128.2900390625,True,0.027422421010948828,
2021-12-09,FP,4650.0,-28.2900390625,True,0.00604708960459599,
2021-12-09,FP,4690.0,11.7099609375,False,0.002503042957945123,
2021-12-09,FP,4700.0,21.7099609375,True,0.0046405760985803735,
2021-12-09,FN,4800.0,121.7099609375,True,0.026015877723693848,16.0
2021-12-09,FN,4450.0,-228.2900390625,True,0.04879772663116455,11.0
2021-12-09,FN,4775.0,96.7099609375,True,0.020672082901000977,25.0
2021-12-09,FN,4525.0,-153.2900390625,True,0.03276628255844116,19.0
2021-12-09,FN,4850.0,171.7099609375,True,0.03670358657836914,63.0
2021-12-10,FP,4705.0,-0.97998046875,False,0.00020824152946197216,
2021-12-10,FP,4710.0,4.02001953125,False,0.0008542364285302195,
2021-12-10,FP,4680.0,-25.97998046875,False,0.0055206313194222645,
2021-12-10,FP,4650.0,-55.97998046875,True,0.011895499067374748,
2021-12-10,FP,4685.0,-20.97998046875,False,0.004458153361430184,
2021-12-10,FP,4690.0,-15.97998046875,False,0.003395675403438103,
2021-12-10,FN,4800.0,94.02001953125,True,0.019978880882263184,14.0
2021-12-10,FN,4900.0,194.02001953125,True,0.041228413581848145,73.0
2021-12-10,FN,4525.0,-180.97998046875,True,0.03845745325088501,22.0
2021-12-10,FN,4850.0,144.02001953125,True,0.030603647232055664,50.0
2021-12-10,FN,4725.0,19.02001953125,True,0.0040416717529296875,12.0
2021-12-10,FN,4825.0,119.02001953125,True,0.02529120445251465,47.0
2021-12-13,FP,4705.0,18.18994140625,False,0.0038810920815741667,
2021-12-13,FP,4680.0,-6.81005859375,False,0.0014530263673184773,
2021-12-13,FP,4650.0,-36.81005859375,True,0.007853968505989517,
2021-12-13,FP,4685.0,-1.81005859375,False,0.00038620267753997073,
2021-12-13,FP,4690.0,3.18994140625,False,0.0006806210122385359,
2021-12-13,FP,4695.0,8.18994140625,False,0.0017474447020171535,
2021-12-13,FN,4800.0,113.18994140625,True,0.024150729179382324,16.0
2021-12-13,FN,4775.0,88.18994140625,True,0.018816590309143066,21.0
2021-12-13,FN,4525.0,-161.81005859375,True,0.03452455997467041,20.0
2021-12-13,FN,4850.0,163.18994140625,True,0.03481900691986084,60.0
2021-12-13,FN,4725.0,38.18994140625,True,0.008148431777954102,11.0
2021-12-13,FN,4825.0,138.18994140625,True,0.029484868049621582,50.0
2021-12-14,FP,4450.0,-183.5400390625,True,0.039611190906992944,
2021-12-14,FP,4675.0,41.4599609375,True,0.008947793822428718,
2021-12-14,FP,4550.0,-83.5400390625,True,0.018029419916138822,
2021-12-14,FP,4680.0,46.4599609375,False,0.01002688237197158,
2021-12-14,FP,4700.0,66.4599609375,True,0.01434323657014236,
2021-12-14,FN,4800.0,166.4599609375,True,0.03592503070831299,30.0
2021-12-14,FN,4705.0,71.4599609375,False,0.015422344207763672,15.0
2021-12-14,FN,4775.0,141.4599609375,True,0.03052961826324463,38.0
2021-12-14,FN,4525.0,-108.5400390625,True,0.023424863815307617,11.0
2021-12-14,FN,4475.0,-158.5400390625,True,0.03421574831008911,32.0
2021-12-15,FP,4705.0,13.1298828125,False,0.0027984327111703067,
2021-12-15,FP,4680.0,-11.8701171875,False,0.002529933031184428,
2021-12-15,FP,4685.0,-6.8701171875,False,0.0014642598827134812,
2021-12-15,FP,4625.0,-66.8701171875,True,0.014252337664364956,
2021-12-15,FP,4690.0,-1.8701171875,False,0.0003985867342425342,
2021-12-15,FP,4695.0,3.1298828125,False,0.0006670864142284127,
2021-12-15,FP,4600.0,-91.8701171875,True,0.0195807034067198,
2021-12-15,FN,4800.0,108.1298828125,True,0.023046255111694336,15.0
2021-12-15,FN,4710.0,18.1298828125,False,0.0038640499114990234,14.0
2021-12-15,FN,4775.0,83.1298828125,True,0.017717838287353516,19.0
2021-12-15,FN,4620.0,-71.8701171875,False,0.015318036079406738,22.0
2021-12-15,FN,4720.0,28.1298828125,False,0.005995392799377441,21.0
2021-12-15,FN,4725.0,33.1298828125,True,0.007061123847961426,12.0
2021-12-15,FN,4760.0,68.1298828125,False,0.014520883560180664,34.0
2021-12-16,FP,4680.0,8.18994140625,False,0.001753055304803075,
2021-12-16,FP,4650.0,-21.81005859375,True,0.004668438639458539,
2021-12-16,FP,4685.0,13.18994140625,False,0.0028233042955132515,
2021-12-16,FP,4690.0,18.18994140625,False,0.00389355328622365,
2021-12-16,FP,4670.0,-1.81005859375,False,0.00038744267661749987,
2021-12-16,FN,4710.0,38.18994140625,False,0.008174538612365723,22.0
2021-12-16,FN,4590.0,-81.81005859375,False,0.017511427402496338,25.0
2021-12-16,FN,4660.0,-11.81005859375,False,0.002527952194213867,13.0
2021-12-16,FN,4725.0,53.18994140625,True,0.011385321617126465,15.0
2021-12-16,FN,4575.0,-96.81005859375,True,0.020722150802612305,16.0
2021-12-17,FP,4675.0,44.2099609375,True,0.009546958632235869,
2021-12-17,FP,4550.0,-80.7900390625,True,0.0174462755557917,
2021-12-17,FP,4650.0,19.2099609375,True,0.004148311794630377,
2021-12-17,FP,4620.0,-10.7900390625,False,0.002330064410496213,
2021-12-17,FP,4625.0,-5.7900390625,True,0.0012503350429751148,
2021-12-17,FP,4630.0,-0.7900390625,False,0.0001706056754540164,
2021-12-17,FP,4600.0,-30.7900390625,True,0.006648981880580718,
2021-12-17,FP,4700.0,69.2099609375,True,0.014945605469841583,
2021-12-17,FN,4900.0,269.2099609375,True,0.05813479423522949,79.0
2021-12-17,FN,5000.0,369.2099609375,True,0.07972931861877441,157.0
2021-12-17,FN,4200.0,-430.7900390625,True,0.09302735328674316,52.0
2021-12-17,FN,4300.0,-330.7900390625,True,0.07143276929855347,39.0
2021-12-17,FN,4850.0,219.2099609375,True,0.04733753204345703,55.0
2021-12-17,FN,4500.0,-130.7900390625,True,0.028243541717529297,11.0
2021-12-17,FN,4150.0,-480.7900390625,True,0.10382461547851562,84.0
2021-12-17,FN,4825.0,194.2099609375,True,0.04193878173828125,54.0
2021-12-20,FP,4450.0,-109.2001953125,True,0.023951612264092592,
2021-12-20,FP,4675.0,115.7998046875,True,0.02539914891356565,
2021-12-20,FP,4550.0,-9.2001953125,True,0.002017940629577719,
2021-12-20,FP,4650.0,90.7998046875,True,0.019915731004936932,
2021-12-20,FP,4625.0,65.7998046875,True,0.014432313096308214,
2021-12-20,FP,4600.0,40.7998046875,True,0.008948895187679717,
2021-12-20,FP,4570.0,10.7998046875,False,0.0023687936973251222,
2021-12-20,FP,4575.0,15.7998046875,True,0.003465477279050999,
2021-12-20,FN,4800.0,240.7998046875,True,0.05281627178192139,25.0
2021-12-20,FN,4000.0,-559.2001953125,True,0.12265312671661377,53.0
2021-12-20,FN,4900.0,340.7998046875,True,0.07474994659423828,107.0
2021-12-20,FN,4200.0,-359.2001953125,True,0.07878577709197998,32.0
2021-12-20,FN,4300.0,-259.2001953125,True,0.056852102279663086,24.0
2021-12-20,FN,5100.0,540.7998046875,True,0.11861729621887207,269.0
2021-12-20,FN,4850.0,290.7998046875,True,0.06378304958343506,88.0
2021-12-20,FN,4150.0,-409.2001953125,True,0.08975261449813843,78.0
2021-12-21,FP,4675.0,40.68017578125,True,0.008778025109241971,
2021-12-21,FP,4550.0,-84.31982421875,True,0.018194649358919568,
2021-12-21,FP,4650.0,15.68017578125,True,0.0033834902156095747,
2021-12-21,FP,4620.0,-14.31982421875,False,0.0030899516567490792,
2021-12-21,FP,4630.0,-4.31982421875,False,0.0009321376992962316,
2021-12-21,FP,4600.0,-34.31982421875,True,0.007405579571654997,
2021-12-21,FP,4700.0,65.68017578125,True,0.014172560002874368,
2021-12-21,FN,4900.0,265.68017578125,True,0.05732882022857666,79.0
2021-12-21,FN,4200.0,-434.31982421875,True,0.09371811151504517,49.0
2021-12-21,FN,5100.0,465.68017578125,True,0.10048508644104004,245.0
2021-12-21,FN,4300.0,-334.31982421875,True,0.07213997840881348,45.0
2021-12-21,FN,4750.0,115.68017578125,True,0.02496159076690674,11.0
2021-12-21,FN,4850.0,215.68017578125,True,0.0465397834777832,54.0
2021-12-21,FN,4350.0,-284.31982421875,True,0.06135094165802002,27.0
2021-12-22,FP,4675.0,-12.52001953125,True,0.0026709260929198564,
2021-12-22,FP,4680.0,-7.52001953125,False,0.0016042639817892557,
2021-12-22,FP,4650.0,-37.52001953125,True,0.008004236648572638,
2021-12-22,FP,4685.0,-2.52001953125,False,0.0005376018706586549,
2021-12-22,FP,4690.0,2.47998046875,False,0.0005290602404719458,
2021-12-22,FP,4725.0,37.47998046875,True,0.007995695018385929,
2021-12-22,FP,4600.0,-87.52001953125,True,0.018670857759878312,
2021-12-22,FP,4700.0,12.47998046875,True,0.002662384462732925,
2021-12-22,FN,4450.0,-237.52001953125,True,0.050670742988586426,14.0
2021-12-22,FN,4900.0,212.47998046875,True,0.04532885551452637,61.0
2021-12-22,FN,5000.0,312.47998046875,True,0.06666207313537598,132.0
2021-12-22,FN,4300.0,-387.52001953125,True,0.08267056941986084,60.0
2021-12-22,FN,4850.0,162.47998046875,True,0.03466224670410156,41.0
2021-12-22,FN,4500.0,-187.52001953125,True,0.040004074573516846,16.0
2021-12-22,FN,4825.0,137.47998046875,True,0.02932894229888916,37.0
2021-12-22,FN,4350.0,-337.52001953125,True,0.07200396060943604,48.0
2021-12-23,FP,4675.0,-63.08984375,True,0.013315459569265387,
2021-12-23,FP,4740.0,1.91015625,False,0.00040314901426352634,
2021-12-23,FP,4775.0,36.91015625,True,0.007790092097702317,
2021-12-23,FP,4745.0,6.91015625,False,0.0014584265976118616,
2021-12-23,FP,4650.0,-88.08984375,True,0.018591847486007285,
2021-12-23,FP,4725.0,-13.08984375,True,0.0027626837357815903,
2021-12-23,FP,4600.0,-138.08984375,True,0.02914462331949108,
2021-12-23,FN,4450.0,-288.08984375,True,0.06080293655395508,20.0
2021-12-23,FN,4900.0,161.91015625,True,0.03417205810546875,32.0
2021-12-23,FN,5000.0,261.91015625,True,0.05527758598327637,33.0
2021-12-23,FN,4850.0,111.91015625,True,0.02361929416656494,17.0
2021-12-23,FN,4500.0,-238.08984375,True,0.05025017261505127,13.0
2021-12-23,FN,4950.0,211.91015625,True,0.04472482204437256,63.0
2021-12-23,FN,5050.0,311.91015625,True,0.06583034992218018,189.0
2021-12-27,FP,4775.0,-9.66015625,True,0.002018984825365555,
2021-12-27,FP,4650.0,-134.66015625,True,0.028144142290670082,
2021-12-27,FP,4780.0,-4.66015625,False,0.0009739785267534051,
2021-12-27,FP,4785.0,0.33984375,False,7.102777185874487e-05,
2021-12-27,FP,4725.0,-59.66015625,True,0.012469047811487388,
2021-12-27,FP,4790.0,5.33984375,False,0.0011160340704710059,
2021-12-27,FN,4450.0,-334.66015625,True,0.06994438171386719,37.0
2021-12-27,FN,4900.0,115.33984375,True,0.024106144905090332,17.0
2021-12-27,FN,5000.0,215.33984375,True,0.04500627517700195,20.0
2021-12-27,FN,5100.0,315.33984375,True,0.06590640544891357,126.0
2021-12-27,FN,4500.0,-284.66015625,True,0.05949431657791138,16.0
2021-12-27,FN,4825.0,40.33984375,True,0.008431077003479004,13.0
2021-12-28,FP,4775.0,-19.3798828125,True,0.004042208437002537,
2021-12-28,FP,4650.0,-144.3798828125,True,0.03011440193341608,
2021-12-28,FP,4780.0,-14.3798828125,False,0.002999320697146035,
2021-12-28,FP,4725.0,-69.3798828125,True,0.014471085835567998,
2021-12-28,FP,4790.0,-4.3798828125,False,0.0009135452174329206,
2021-12-28,FN,4450.0,-344.3798828125,True,0.0718299150466919,41.0
2021-12-28,FN,4900.0,105.6201171875,True,0.022029995918273926,21.0
2021-12-28,FN,5000.0,205.6201171875,True,0.04288768768310547,25.0
2021-12-28,FN,5100.0,305.6201171875,True,0.06374549865722656,114.0
2021-12-28,FN,4500.0,-294.3798828125,True,0.06140100955963135,26.0
2021-12-29,FP,4800.0,-0.35986328125,True,7.496589662014941e-05,
2021-12-29,FP,4805.0,4.64013671875,False,0.0009666226805709055,
2021-12-29,FP,4775.0,-25.35986328125,True,0.005282908782575202,
2021-12-29,FP,4780.0,-20.35986328125,False,0.004241320205384147,
2021-12-29,FP,4725.0,-75.35986328125,True,0.015698794554485418,
2021-12-29,FP,4790.0,-10.35986328125,False,0.002158143051002148,
2021-12-29,FP,4795.0,-5.35986328125,False,0.0011165544738110933,
2021-12-29,FN,4900.0,99.64013671875,True,0.020756840705871582,20.0
2021-12-29,FN,5000.0,199.64013671875,True,0.041588544845581055,24.0
2021-12-29,FN,5100.0,299.64013671875,True,0.06242036819458008,115.0
2021-12-29,FN,4625.0,-175.35986328125,True,0.03653055429458618,17.0
2021-12-29,FN,4500.0,-300.35986328125,True,0.06257027387619019,25.0
2021-12-29,FN,4950.0,149.64013671875,True,0.031172633171081543,43.0
2021-12-29,FN,4600.0,-200.35986328125,True,0.04173851013183594,11.0
2021-12-30,FP,4775.0,-11.10986328125,True,0.0023212720975095413,
2021-12-30,FP,4650.0,-136.10986328125,True,0.02843851628343863,
2021-12-30,FP,4780.0,-6.10986328125,False,0.00127658233007244,
2021-12-30,FP,4850.0,63.89013671875,True,0.013349074414047868,
2021-12-30,FP,4725.0,-61.10986328125,True,0.012768169771881221,
2021-12-30,FP,4790.0,3.89013671875,False,0.0008127972048019849,
2021-12-30,FP,4600.0,-186.10986328125,True,0.0388854139578102,
2021-12-30,FN,4900.0,113.89013671875,True,0.0237959623336792,21.0
2021-12-30,FN,4550.0,-236.10986328125,True,0.04933232069015503,24.0
2021-12-30,FN,5000.0,213.89013671875,True,0.04468977451324463,25.0
2021-12-30,FN,5100.0,313.89013671875,True,0.06558358669281006,114.0
2021-12-30,FN,4625.0,-161.10986328125,True,0.03366196155548096,16.0
2021-12-30,FN,4500.0,-286.10986328125,True,0.059779226779937744,20.0
2021-12-30,FN,4950.0,163.89013671875,True,0.034242868423461914,48.0
2021-12-31,FP,4770.0,-13.10009765625,False,0.0027388299196726695,
2021-12-31,FP,4775.0,-8.10009765625,True,0.0016934827812236097,
2021-12-31,FP,4780.0,-3.10009765625,False,0.000648135642774661,
2021-12-31,FP,4785.0,1.89990234375,False,0.0003972114956742878,
2021-12-31,FP,4790.0,6.89990234375,False,0.0014425586341233476,
2021-12-31,FP,2200.0,-2583.10009765625,True,0.5400472590824485,
2021-12-31,FP,4795.0,11.89990234375,False,0.0024879057725721854,
2021-12-31,FN,4450.0,-333.10009765625,True,0.06964105367660522,43.0
2021-12-31,FN,4900.0,116.89990234375,True,0.02444016933441162,21.0
2021-12-31,FN,4550.0,-233.10009765625,True,0.04873412847518921,25.0
2021-12-31,FN,5000.0,216.89990234375,True,0.04534709453582764,26.0
2021-12-31,FN,4500.0,-283.10009765625,True,0.05918759107589722,23.0
2021-12-31,FN,4950.0,166.89990234375,True,0.03489363193511963,46.0
2021-12-31,FN,4825.0,41.89990234375,True,0.00875997543334961,15.0
2022-01-03,FP,4775.0,-15.35986328125,True,0.0032064111506497905,
2022-01-03,FP,4650.0,-140.35986328125,True,0.02930048415717723,
2022-01-03,FP,4780.0,-10.35986328125,False,0.0021626482303886974,
2022-01-03,FP,4790.0,-0.35986328125,False,7.512238986639996e-05,
2022-01-03,FP,4600.0,-190.35986328125,True,0.039738113359788274,
2022-01-03,FP,4795.0,4.64013671875,False,0.0009686405303945822,
2022-01-03,FN,4900.0,109.64013671875,True,0.022887706756591797,15.0
2022-01-03,FN,4550.0,-240.35986328125,True,0.05017572641372681,22.0
2022-01-03,FN,5000.0,209.64013671875,True,0.043762922286987305,24.0
2022-01-03,FN,4525.0,-265.35986328125,True,0.055394530296325684,33.0
2022-01-03,FN,4625.0,-165.35986328125,True,0.034519314765930176,14.0
2022-01-03,FN,4950.0,159.64013671875,True,0.03332531452178955,42.0
2022-01-04,FP,4775.0,-27.89990234375,True,0.005808970186977125,
2022-01-04,FP,4650.0,-152.89990234375,True,0.03183491337579969,
2022-01-04,FP,3630.0,-1172.89990234375,False,0.24420660979659203,
2022-01-04,FP,4790.0,-12.89990234375,False,0.002685857004318337,
2022-01-04,FP,4600.0,-202.89990234375,True,0.04224529065132876,
2022-01-04,FP,4700.0,-102.89990234375,True,0.02142453610027062,
2022-01-04,FN,4550.0,-252.89990234375,True,0.052655696868896484,29.0
2022-01-04,FN,5000.0,197.10009765625,True,0.041037678718566895,30.0
2022-01-04,FN,4875.0,72.10009765625,True,0.015011787414550781,14.0
2022-01-04,FN,4525.0,-277.89990234375,True,0.0578608512878418,38.0
2022-01-04,FN,4625.0,-177.89990234375,True,0.037040114402770996,18.0
2022-01-04,FN,4950.0,147.10009765625,True,0.03062736988067627,40.0
2022-01-05,FP,4800.0,80.10986328125,True,0.01697282372274489,
2022-01-05,FP,4710.0,-9.89013671875,False,0.0020954167220564868,
2022-01-05,FP,4775.0,55.10986328125,True,0.011676090265855699,
2022-01-05,FP,4720.0,0.10986328125,False,2.3276660699123042e-05,
2022-01-05,FP,4725.0,5.10986328125,True,0.0010826233520770945,
2022-01-05,FP,4600.0,-119.89013671875,True,0.025401043932369416,
2022-01-05,FP,4730.0,10.10986328125,False,0.002141970043454844,
2022-01-05,FP,4700.0,-19.89013671875,True,0.004214110104812208,
2022-01-05,FN,4450.0,-269.89013671875,True,0.05718141794204712,29.0
2022-01-05,FN,4550.0,-169.89013671875,True,0.035994529724121094,17.0
2022-01-05,FN,5000.0,280.10986328125,True,0.059346675872802734,74.0
2022-01-05,FN,4525.0,-194.89013671875,True,0.041291236877441406,23.0
2022-01-05,FN,4850.0,130.10986328125,True,0.02756631374359131,18.0
2022-01-05,FN,4500.0,-219.89013671875,True,0.046588003635406494,14.0
2022-01-05,FN,4950.0,230.10986328125,True,0.04875326156616211,78.0
2022-01-05,FN,4825.0,105.10986328125,True,0.022269606590270996,20.0
2022-01-06,FP,4675.0,-23.9599609375,True,0.005098992359304888,
2022-01-06,FP,4775.0,76.0400390625,True,0.016182312616966676,
2022-01-06,FP,4625.0,-73.9599609375,True,0.015739644847440726,
2022-01-06,FP,4690.0,-8.9599609375,False,0.0019067966128641922,
2022-01-06,FP,4725.0,26.0400390625,True,0.00554166012883095,
2022-01-06,FP,4600.0,-98.9599609375,True,0.02105997109150859,
2022-01-06,FN,4450.0,-248.9599609375,True,0.0529819130897522,21.0
2022-01-06,FN,4900.0,201.0400390625,True,0.04278397560119629,50.0
2022-01-06,FN,4400.0,-298.9599609375,True,0.06362259387969971,20.0
2022-01-06,FN,4850.0,151.0400390625,True,0.032143235206604004,28.0
2022-01-06,FN,4950.0,251.0400390625,True,0.05342459678649902,73.0
2022-01-06,FN,4825.0,126.0400390625,True,0.026822924613952637,26.0
2022-01-07,FP,4800.0,115.5498046875,True,0.024666673754611512,
2022-01-07,FP,4675.0,-9.4501953125,True,0.0020173542077480677,
2022-01-07,FP,4680.0,-4.4501953125,False,0.0009499930892536979,
2022-01-07,FP,4685.0,0.5498046875,False,0.00011736802924078304,
2022-01-07,FP,4690.0,5.5498046875,False,0.001184729147735153,
2022-01-07,FP,4600.0,-84.4501953125,True,0.018027770985163838,
2022-01-07,FN,4450.0,-234.4501953125,True,0.0500485897064209,20.0
2022-01-07,FN,4900.0,215.5498046875,True,0.04601395130157471,56.0
2022-01-07,FN,4550.0,-134.4501953125,True,0.028701364994049072,16.0
2022-01-07,FN,4850.0,165.5498046875,True,0.035340309143066406,26.0
2022-01-07,FN,4500.0,-184.4501953125,True,0.03937500715255737,14.0
2022-01-07,FN,4950.0,265.5498046875,True,0.05668747425079346,88.0
2022-01-10,FP,4625.0,-28.72998046875,True,0.006173538342217344,
2022-01-10,FP,4660.0,6.27001953125,False,0.0013473105568144739,
2022-01-10,FP,4725.0,71.27001953125,True,0.015314601369302405,
2022-01-10,FP,4750.0,96.27001953125,True,0.02068663629718226,
2022-01-10,FN,4825.0,171.27001953125,True,0.03680276870727539,44.0
2022-01-10,FN,4450.0,-203.72998046875,True,0.04377776384353638,16.0
2022-01-10,FN,4900.0,246.27001953125,True,0.05291879177093506,78.0
2022-01-10,FN,4850.0,196.27001953125,True,0.0421748161315918,48.0
2022-01-11,FP,4625.0,-82.2900390625,True,0.017481404030691206,
2022-01-11,FP,4730.0,22.7099609375,False,0.0048244235534768976,
2022-01-11,FP,4725.0,17.7099609375,True,0.003762241287563972,
2022-01-11,FP,4710.0,2.7099609375,False,0.000575694489825862,
2022-01-11,FN,4825.0,117.7099609375,True,0.02500593662261963,22.0
2022-01-11,FN,4850.0,142.7099609375,True,0.030316829681396484,21.0
2022-01-11,FN,4900.0,192.7099609375,True,0.040938615798950195,48.0
2022-01-11,FN,4950.0,242.7099609375,True,0.051560401916503906,74.0
2022-01-12,FP,4740.0,11.080078125,False,0.002343046257507142,
2022-01-12,FP,4720.0,-8.919921875,False,0.0018862492963220845,
2022-01-12,FP,4625.0,-103.919921875,True,0.021975403177010522,
2022-01-12,FP,4725.0,-3.919921875,True,0.0008289254078647224,
2022-01-12,FP,4730.0,1.080078125,False,0.00022839848059263979,
2022-01-12,FP,4700.0,-28.919921875,True,0.0061155448501512,
2022-01-12,FN,4900.0,171.080078125,True,0.03617739677429199,40.0
2022-01-12,FN,4550.0,-178.919921875,True,0.03783524036407471,15.0
2022-01-12,FN,4875.0,146.080078125,True,0.030890822410583496,37.0
2022-01-12,FN,4525.0,-203.919921875,True,0.04312187433242798,33.0
2022-01-12,FN,4850.0,121.080078125,True,0.02560412883758545,19.0
2022-01-12,FN,4825.0,96.080078125,True,0.020317554473876953,17.0
2022-01-13,FP,4800.0,132.509765625,True,0.02838993955447311,
2022-01-13,FP,4625.0,-42.490234375,True,0.009103443658450394,
2022-01-13,FP,4725.0,57.509765625,True,0.01232134674893448,
2022-01-13,FP,4750.0,82.509765625,True,0.01767754435078084,
2022-01-13,FN,4825.0,157.509765625,True,0.03374612331390381,31.0
2022-01-13,FN,4450.0,-217.490234375,True,0.04659682512283325,21.0
2022-01-13,FN,4525.0,-142.490234375,True,0.030528247356414795,14.0
2022-01-13,FN,4850.0,182.509765625,True,0.03910231590270996,38.0
2022-01-14,FP,4670.0,7.0400390625,False,0.0015097790076423756,
2022-01-14,FP,4660.0,-2.9599609375,False,0.0006347815469779361,
2022-01-14,FP,4750.0,87.0400390625,True,0.01866626344460398,
2022-01-14,FN,4825.0,162.0400390625,True,0.03475046157836914,37.0
2022-01-14,FN,4850.0,187.0400390625,True,0.04011189937591553,46.0
2022-01-14,FN,4775.0,112.0400390625,True,0.024027705192565918,11.0
2022-01-18,FP,4675.0,101.43994140625,True,0.022179645638553236,
2022-01-18,FP,4580.0,6.43994140625,False,0.0014080806469676244,
2022-01-18,FN,4725.0,151.43994140625,True,0.0331120491027832,16.0
2022-01-18,FN,4750.0,176.43994140625,True,0.03857827186584473,20.0
2022-01-19,FP,4560.0,5.02978515625,False,0.0011042410639390265,
2022-01-19,FP,4580.0,25.02978515625,False,0.00549504913878085,
2022-01-19,FP,4550.0,-4.97021484375,True,0.001091162973481774,
2022-01-19,FP,4700.0,145.02978515625,True,0.03183989758783201,
2022-01-19,FN,4425.0,-129.97021484375,True,0.0285336971282959,22.0
2022-01-19,FN,4675.0,120.02978515625,True,0.026351332664489746,13.0
2022-01-19,FN,4475.0,-79.97021484375,True,0.01755666732788086,16.0
2022-01-19,FN,4590.0,35.02978515625,False,0.0076904296875,15.0
2022-01-20,FP,4530.0,25.77001953125,False,0.005721293016341056,
2022-01-20,FP,4650.0,145.77001953125,True,0.0323629166724031,
2022-01-20,FP,4700.0,195.77001953125,True,0.04346359319576232,
2022-01-20,FP,4600.0,95.77001953125,True,0.021262240149043876,
2022-01-20,FN,4560.0,55.77001953125,False,0.012381672859191895,24.0
2022-01-20,FN,4425.0,-79.22998046875,True,0.017590105533599854,11.0
2022-01-20,FN,4460.0,-44.22998046875,False,0.009819626808166504,17.0
2022-01-20,FN,4590.0,85.77001953125,False,0.019042134284973145,32.0
2022-01-21,FP,4420.0,9.1201171875,False,0.002067641248413299,
2022-01-21,FP,4550.0,139.1201171875,True,0.03154021893219028,
2022-01-21,FP,4425.0,14.1201171875,True,0.0032012019285587723,
2022-01-21,FP,4400.0,-10.8798828125,True,0.0024666014721677065,
2022-01-21,FP,4410.0,-0.8798828125,False,0.0001994801118770928,
2022-01-21,FP,4700.0,289.1201171875,True,0.06554703933654826,
2022-01-21,FP,4350.0,-60.8798828125,True,0.013802208273620331,
2022-01-21,FN,4000.0,-410.8798828125,True,0.09315145015716553,14.0
2022-01-21,FN,4800.0,389.1201171875,True,0.08821821212768555,24.0
2022-01-21,FN,4675.0,264.1201171875,True,0.059879183769226074,37.0
2022-01-21,FN,4100.0,-310.8798828125,True,0.07048022747039795,30.0
2022-01-21,FN,4200.0,-210.8798828125,True,0.04780900478363037,18.0
2022-01-21,FN,4250.0,-160.8798828125,True,0.03647339344024658,16.0
2022-01-21,FN,3900.0,-510.8798828125,True,0.1158226728439331,33.0
2022-01-24,FP,4400.0,22.31982421875,True,0.005098550675819213,
2022-01-24,FP,4450.0,72.31982421875,True,0.016520125115317086,
2022-01-24,FP,4600.0,222.31982421875,True,0.050784848433810925,
2022-01-24,FP,4375.0,-2.68017578125,True,0.0006122365439297228,
2022-01-24,FN,4800.0,422.31982421875,True,0.09647119045257568,20.0
2022-01-24,FN,4250.0,-127.68017578125,True,0.02916616201400757,12.0
2022-01-24,FN,4100.0,-277.68017578125,True,0.06343090534210205,17.0
2022-01-24,FN,3900.0,-477.68017578125,True,0.10911720991134644,21.0
2022-01-25,FP,4400.0,22.240234375,True,0.0050802774856753,
2022-01-25,FP,4450.0,72.240234375,True,0.01650164427528522,
2022-01-25,FP,4600.0,222.240234375,True,0.05076574464411521,
2022-01-25,FP,4550.0,172.240234375,True,0.039344377854505064,
2022-01-25,FN,4800.0,422.240234375,True,0.09645116329193115,22.0
2022-01-25,FN,4650.0,272.240234375,True,0.0621870756149292,12.0
2022-01-25,FN,4100.0,-277.759765625,True,0.06344795227050781,13.0
2022-01-25,FN,3900.0,-477.759765625,True,0.10913336277008057,25.0
2022-01-26,FP,4450.0,113.25,True,0.026114025479910152,
2022-01-26,FP,4360.0,23.25,False,0.005361157548855688,
2022-01-26,FP,4330.0,-6.75,False,0.001556465094829096,
2022-01-26,FP,4340.0,3.25,False,0.0007494091197324249,
2022-01-26,FP,4600.0,263.25,True,0.06070213869833396,
2022-01-26,FP,4350.0,13.25,True,0.0030552833342940566,
2022-01-26,FN,4000.0,-336.75,True,0.07765030860900879,11.0
2022-01-26,FN,4800.0,463.25,True,0.10681962966918945,35.0
2022-01-26,FN,4100.0,-236.75,True,0.054591596126556396,17.0
2022-01-26,FN,4650.0,313.25,True,0.07223153114318848,21.0
2022-01-26,FN,3950.0,-386.75,True,0.08917969465255737,43.0
2022-01-26,FN,3900.0,-436.75,True,0.10070908069610596,23.0
2022-01-27,FP,4450.0,103.31005859375,True,0.023767524250953853,
2022-01-27,FP,4325.0,-21.68994140625,True,0.0049899904751965485,
2022-01-27,FP,4550.0,203.31005859375,True,0.046773536031874174,
2022-01-27,FP,4500.0,153.31005859375,True,0.035270530141414014,
2022-01-27,FP,4600.0,253.31005859375,True,0.058276541922334335,
2022-01-27,FN,4800.0,453.31005859375,True,0.10428857803344727,36.0
2022-01-27,FN,4100.0,-246.68994140625,True,0.05675351619720459,14.0
2022-01-27,FN,4650.0,303.31005859375,True,0.06977951526641846,19.0
2022-01-27,FN,3800.0,-546.68994140625,True,0.12577158212661743,13.0
2022-01-27,FN,3900.0,-446.68994140625,True,0.10276556015014648,20.0
2022-01-28,FP,4450.0,50.22998046875,True,0.011416501372974341,
2022-01-28,FP,4390.0,-9.77001953125,False,0.0022205750500320365,
2022-01-28,FP,4550.0,150.22998046875,True,0.03414496207798501,
2022-01-28,FP,4425.0,25.22998046875,True,0.005734386196721619,
2022-01-28,FP,4400.0,0.22998046875,True,5.227102046911902e-05,
2022-01-28,FP,4500.0,100.22998046875,True,0.022780731725479786,
2022-01-28,FP,4410.0,10.22998046875,False,0.0023251170909701635,
2022-01-28,FN,4000.0,-399.77001953125,True,0.09086155891418457,17.0
2022-01-28,FN,4800.0,400.22998046875,True,0.0909661054611206,35.0
2022-01-28,FN,4675.0,275.22998046875,True,0.06255555152893066,44.0
2022-01-28,FN,4100.0,-299.77001953125,True,0.06813311576843262,24.0
2022-01-28,FN,4650.0,250.22998046875,True,0.056873440742492676,21.0
2022-01-28,FN,4725.0,325.22998046875,True,0.07391977310180664,49.0
2022-01-28,FN,4250.0,-149.77001953125,True,0.03404039144515991,13.0
2022-01-31,FP,4450.0,-46.08984375,True,0.01025109491841436,
2022-01-31,FP,4550.0,53.91015625,True,0.011990453510385413,
2022-01-31,FP,4490.0,-6.08984375,False,0.0013544755468944958,
2022-01-31,FP,4495.0,-1.08984375,False,0.00024239812545445716,
2022-01-31,FP,4500.0,3.91015625,True,0.0008696792959854704,
2022-01-31,FP,4475.0,-21.08984375,True,0.00469070781121439,
2022-01-31,FN,4800.0,303.91015625,True,0.06759428977966309,21.0
2022-01-31,FN,4675.0,178.91015625,True,0.039792418479919434,26.0
2022-01-31,FN,4850.0,353.91015625,True,0.07871508598327637,64.0
2022-01-31,FN,4725.0,228.91015625,True,0.050913214683532715,30.0
2022-01-31,FN,4250.0,-246.08984375,True,0.05473417043685913,25.0
2022-01-31,FN,4350.0,-146.08984375,True,0.032492637634277344,11.0
2022-02-01,FP,4480.0,-63.66015625,False,0.014010765343537623,
2022-02-01,FP,4550.0,6.33984375,True,0.0013953164479696412,
2022-02-01,FP,4400.0,-143.66015625,True,0.031617715962402926,
2022-02-01,FP,4500.0,-43.66015625,True,0.009609027688821214,
2022-02-01,FP,4470.0,-73.66015625,False,0.016211634170895772,
2022-02-01,FP,4475.0,-68.66015625,True,0.015111199757216642,
2022-02-01,FP,4575.0,31.33984375,True,0.006897488516365069,
2022-02-01,FN,4800.0,256.33984375,True,0.056416988372802734,18.0
2022-02-01,FN,4900.0,356.33984375,True,0.07842576503753662,95.0
2022-02-01,FN,4300.0,-243.66015625,True,0.053626418113708496,14.0
2022-02-01,FN,4625.0,81.33984375,True,0.01790177822113037,11.0
2022-02-01,FN,4725.0,181.33984375,True,0.03991055488586426,24.0
2022-02-01,FN,4250.0,-293.66015625,True,0.06463074684143066,31.0
2022-02-01,FN,4350.0,-193.66015625,True,0.04262208938598633,13.0
2022-02-02,FP,4610.0,20.43017578125,False,0.0044514358782477,
2022-02-02,FP,4580.0,-9.56982421875,False,0.0020851244420012627,
2022-02-02,FP,4550.0,-39.56982421875,True,0.008621684762250226,
2022-02-02,FP,4650.0,60.43017578125,True,0.013166849638579503,
2022-02-02,FP,4400.0,-189.56982421875,True,0.04130448636349471,
2022-02-02,FP,4575.0,-14.56982421875,True,0.0031745511620427935,
2022-02-02,FN,4800.0,210.43017578125,True,0.04584968090057373,13.0
2022-02-02,FN,4300.0,-289.56982421875,True,0.06309300661087036,21.0
2022-02-02,FN,4750.0,160.43017578125,True,0.034955382347106934,25.0
2022-02-02,FN,4850.0,260.43017578125,True,0.05674386024475098,56.0
2022-02-02,FN,4725.0,135.43017578125,True,0.029508233070373535,19.0
2022-02-02,FN,4350.0,-239.56982421875,True,0.05219876766204834,20.0
2022-02-03,FP,4450.0,-32.259765625,True,0.007197210182328995,
2022-02-03,FP,4550.0,67.740234375,True,0.015112964869753442,
2022-02-03,FP,4425.0,-57.259765625,True,0.01277475394534966,
2022-02-03,FP,4400.0,-82.259765625,True,0.018352297708370324,
2022-02-03,FP,4475.0,-7.259765625,True,0.001619666419308441,
2022-02-03,FP,4350.0,-132.259765625,True,0.029507385234411543,
2022-02-03,FN,4800.0,317.740234375,True,0.07088840007781982,36.0
2022-02-03,FN,4675.0,192.740234375,True,0.04300069808959961,26.0
2022-02-03,FN,4100.0,-382.259765625,True,0.08528280258178711,23.0
2022-02-03,FN,4775.0,292.740234375,True,0.06531083583831787,81.0
2022-02-03,FN,4725.0,242.740234375,True,0.054155826568603516,38.0
2022-02-03,FN,4250.0,-232.259765625,True,0.05181753635406494,15.0
2022-02-04,FP,4450.0,-67.9599609375,True,0.015042178665832573,
2022-02-04,FP,4515.0,-2.9599609375,False,0.0006551543092661039,
2022-02-04,FP,4550.0,32.0400390625,True,0.007091704959654388,
2022-02-04,FP,4520.0,2.0400390625,False,0.0004515398720081887,
2022-02-04,FP,4525.0,7.0400390625,True,0.0015582340532824812,
2022-02-04,FP,4400.0,-117.9599609375,True,0.026109120478576053,
2022-02-04,FP,4475.0,-42.9599609375,True,0.009508707759460888,
2022-02-04,FN,4800.0,282.0400390625,True,0.06242644786834717,44.0
2022-02-04,FN,4675.0,157.0400390625,True,0.0347590446472168,23.0
2022-02-04,FN,4300.0,-217.9599609375,True,0.04824298620223999,14.0
2022-02-04,FN,4725.0,207.0400390625,True,0.045825958251953125,34.0
2022-02-04,FN,4250.0,-267.9599609375,True,0.059309959411621094,26.0
2022-02-04,FN,4350.0,-167.9599609375,True,0.03717607259750366,13.0
2022-02-04,FN,4575.0,57.0400390625,True,0.01262521743774414,11.0
2022-02-07,FP,4450.0,-35.83984375,True,0.007989550451725225,
2022-02-07,FP,4490.0,4.16015625,False,0.0009273974093828574,
2022-02-07,FP,4525.0,39.16015625,True,0.008729726787852332,
2022-02-07,FP,4400.0,-85.83984375,True,0.01913573527811041,
2022-02-07,FP,4475.0,-10.83984375,True,0.0024164580385327428,
2022-02-07,FP,4350.0,-135.83984375,True,0.030281920104495486,
2022-02-07,FN,4800.0,314.16015625,True,0.07003378868103027,66.0
2022-02-07,FN,4650.0,164.16015625,True,0.03659522533416748,12.0
2022-02-07,FN,4625.0,139.16015625,True,0.031022071838378906,22.0
2022-02-07,FN,4725.0,239.16015625,True,0.0533144474029541,55.0
2022-02-07,FN,4250.0,-235.83984375,True,0.0525742769241333,19.0
2022-02-07,FN,4575.0,89.16015625,True,0.01987588405609131,11.0
2022-02-08,FP,4540.0,25.0,False,0.005537098560354448,
2022-02-08,FP,4475.0,-40.0,True,0.008859357696566983,
2022-02-08,FP,4500.0,-15.0,True,0.0033222591362126463,
2022-02-08,FP,4525.0,10.0,True,0.00221483942414169,
2022-02-08,FN,4800.0,285.0,True,0.06312286853790283,63.0
2022-02-08,FN,4425.0,-90.0,True,0.019933581352233887,12.0
2022-02-08,FN,4250.0,-265.0,True,0.05869323015213013,23.0
2022-02-08,FN,4725.0,210.0,True,0.04651165008544922,50.0
2022-02-09,FP,4580.0,-0.66015625,False,0.00014411814618009444,
2022-02-09,FP,4585.0,4.33984375,False,0.0009474275763676765,
2022-02-09,FP,4595.0,14.33984375,False,0.0031305190214634404,
2022-02-09,FP,4570.0,-10.66015625,False,0.0023272095912758584,
2022-02-09,FP,4575.0,-5.66015625,True,0.0012356638687279764,
2022-02-09,FN,4800.0,219.33984375,True,0.04788386821746826,32.0
2022-02-09,FN,4775.0,194.33984375,True,0.042426109313964844,51.0
2022-02-09,FN,4750.0,169.33984375,True,0.03696846961975098,34.0
2022-02-09,FN,4625.0,44.33984375,True,0.009679794311523438,12.0
2022-02-09,FN,4350.0,-230.66015625,True,0.05035519599914551,18.0
2022-02-10,FP,4425.0,-67.35986328125,True,0.014994315978962947,
2022-02-10,FP,4475.0,-17.35986328125,True,0.0038643082499116854,
2022-02-10,FP,4525.0,32.64013671875,True,0.007265699479139576,
2022-02-10,FP,4350.0,-142.35986328125,True,0.03168932757253984,
2022-02-10,FN,4625.0,132.64013671875,True,0.0295257568359375,17.0
2022-02-10,FN,4250.0,-242.35986328125,True,0.05394935607910156,20.0
2022-02-10,FN,4675.0,182.64013671875,True,0.04065573215484619,26.0
2022-02-10,FN,4725.0,232.64013671875,True,0.05178570747375488,56.0
2022-02-11,FP,4440.0,22.66015625,False,0.005129819541066505,
2022-02-11,FP,4475.0,57.66015625,True,0.013053140190601775,
2022-02-11,FP,4550.0,132.66015625,True,0.030031684439606243,
2022-02-11,FP,4375.0,-42.33984375,True,0.009584918808070775,
2022-02-11,FN,4200.0,-217.33984375,True,0.04920154809951782,12.0
2022-02-11,FN,4650.0,232.66015625,True,0.05266976356506348,37.0
2022-02-11,FN,4675.0,257.66015625,True,0.058329224586486816,71.0
2022-02-11,FN,4250.0,-167.33984375,True,0.03788250684738159,14.0
2022-02-14,FP,4400.0,2.60986328125,True,0.0005935027823564809,
2022-02-14,FP,4475.0,77.60986328125,True,0.017649073852510355,
2022-02-14,FP,4325.0,-72.39013671875,True,0.01646206828779717,
2022-02-14,FP,4550.0,152.60986328125,True,0.03470464492266423,
2022-02-14,FN,4600.0,202.60986328125,True,0.04607498645782471,11.0
2022-02-14,FN,4625.0,227.60986328125,True,0.051760196685791016,58.0
2022-02-14,FN,4650.0,252.60986328125,True,0.057445406913757324,36.0
2022-02-14,FN,4275.0,-122.39013671875,True,0.027832448482513428,25.0
2022-02-15,FP,4480.0,24.240234375,False,0.005440202266290717,
2022-02-15,FP,4425.0,-30.759765625,True,0.006903371645460621,
2022-02-15,FP,4475.0,19.240234375,True,0.0043180591834042215,
2022-02-15,FP,4525.0,69.240234375,True,0.015539490012268953,
2022-02-15,FN,4625.0,169.240234375,True,0.03798234462738037,38.0
2022-02-15,FN,4410.0,-45.759765625,False,0.01026982069015503,23.0
2022-02-15,FN,4405.0,-50.759765625,False,0.011391937732696533,14.0
2022-02-15,FN,4375.0,-80.759765625,True,0.018124818801879883,15.0
2022-02-16,FP,4480.0,-2.43994140625,False,0.000544333318046486,
2022-02-16,FP,4490.0,7.56005859375,False,0.0016865945093684775,
2022-02-16,FP,4485.0,2.56005859375,False,0.0005711305956610513,
2022-02-16,FP,4525.0,42.56005859375,True,0.00949484190532135,
2022-02-16,FN,4560.0,77.56005859375,False,0.017303109169006348,40.0
2022-02-16,FN,4405.0,-77.43994140625,False,0.017276287078857422,23.0
2022-02-16,FN,4350.0,-132.43994140625,True,0.029546380043029785,11.0
2022-02-16,FN,4575.0,92.56005859375,True,0.020649433135986328,12.0
2022-02-17,FP,4000.0,-394.18017578125,True,0.08970505532608664,
2022-02-17,FP,4325.0,-69.18017578125,True,0.015743591071331164,
2022-02-17,FP,4550.0,155.81982421875,True,0.035460499566576376,
2022-02-17,FP,4600.0,205.81982421875,True,0.0468391863750004,
2022-02-17,FP,4475.0,80.81982421875,True,0.018392469353940566,
2022-02-17,FN,4460.0,65.81982421875,False,0.014978885650634766,32.0
2022-02-17,FN,4275.0,-119.18017578125,True,0.02712225914001465,27.0
2022-02-17,FN,4405.0,10.81982421875,False,0.0024622678756713867,11.0
2022-02-17,FN,4380.0,-14.18017578125,False,0.003227055072784424,28.0
2022-02-17,FN,4445.0,50.81982421875,False,0.011565208435058594,35.0
2022-02-18,FP,4450.0,88.35009765625,True,0.020256118586861938,
2022-02-18,FP,4550.0,188.35009765625,True,0.04318322237533079,
2022-02-18,FP,4360.0,-1.64990234375,False,0.00037827482275998303,
2022-02-18,FP,4300.0,-61.64990234375,True,0.014134537095841226,
2022-02-18,FP,4500.0,138.35009765625,True,0.031719670481096474,
2022-02-18,FP,4375.0,13.35009765625,True,0.0030607907455104666,
2022-02-18,FN,4800.0,438.35009765625,True,0.10050094127655029,83.0
2022-02-18,FN,4100.0,-261.64990234375,True,0.05998873710632324,11.0
2022-02-18,FN,4650.0,288.35009765625,True,0.06611037254333496,16.0
2022-02-18,FN,3800.0,-561.64990234375,True,0.12877005338668823,46.0
2022-02-18,FN,3900.0,-461.64990234375,True,0.1058429479598999,41.0
2022-02-18,FN,4700.0,338.35009765625,True,0.07757389545440674,21.0
2022-02-22,FP,4450.0,139.7900390625,True,0.03243230383888185,
2022-02-22,FP,4500.0,189.7900390625,True,0.04403266680336371,
2022-02-22,FP,4550.0,239.7900390625,True,0.055633029767845565,
2022-02-22,FP,4375.0,64.7900390625,True,0.015031759392159172,
2022-02-22,FN,4800.0,489.7900390625,True,0.11363482475280762,87.0
2022-02-22,FN,4700.0,389.7900390625,True,0.09043407440185547,30.0
2022-02-22,FN,3900.0,-410.2099609375,True,0.09517168998718262,26.0
2022-02-22,FN,3800.0,-510.2099609375,True,0.11837244033813477,47.0
2022-02-23,FP,4225.0,-5.60986328125,True,0.0013260176339916496,
2022-02-23,FP,4450.0,219.39013671875,True,0.05185780391212713,
2022-02-23,FP,4400.0,169.39013671875,True,0.040039176901878415,
2022-02-23,FP,4500.0,269.39013671875,True,0.06367643092237585,
2022-02-23,FP,4375.0,144.39013671875,True,0.03412986339675417,
2022-02-23,FN,3950.0,-280.60986328125,True,0.06632846593856812,20.0
2022-02-23,FN,3700.0,-530.60986328125,True,0.12542158365249634,76.0
2022-02-23,FN,3800.0,-430.60986328125,True,0.101784348487854,23.0
2022-02-23,FN,3900.0,-330.60986328125,True,0.07814711332321167,18.0
2022-02-23,FN,4700.0,469.39013671875,True,0.11095094680786133,70.0
2022-02-24,FP,4450.0,174.47021484375,True,0.04080668913814467,
2022-02-24,FP,4325.0,49.47021484375,True,0.011570546184826114,
2022-02-24,FP,4400.0,124.47021484375,True,0.029112231956817336,
2022-02-24,FP,4210.0,-65.52978515625,False,0.01532670533222713,
2022-02-24,FP,4375.0,99.47021484375,True,0.02326500336615367,
2022-02-24,FN,4650.0,374.47021484375,True,0.0875844955444336,18.0
2022-02-24,FN,3950.0,-325.52978515625,True,0.07613790035247803,42.0
2022-02-24,FN,4150.0,-125.52978515625,True,0.029360055923461914,15.0
2022-02-24,FN,3900.0,-375.52978515625,True,0.08783233165740967,20.0
2022-02-24,FN,4700.0,424.47021484375,True,0.09927892684936523,58.0
2022-02-25,FP,4390.0,12.27978515625,False,0.0028050639496357554,
2022-02-25,FP,4300.0,-77.72021484375,True,0.017753582008329438,
2022-02-25,FP,4400.0,22.27978515625,True,0.005089357944965345,
2022-02-25,FP,4500.0,122.27978515625,True,0.027932297898259906,
2022-02-25,FP,4375.0,-2.72021484375,True,0.0006213770433584065,
2022-02-25,FP,4380.0,2.27978515625,False,0.0005207699543063882,
2022-02-25,FN,4800.0,422.27978515625,True,0.09646117687225342,85.0
2022-02-25,FN,4100.0,-277.72021484375,True,0.06343948841094971,17.0
2022-02-25,FN,4650.0,272.27978515625,True,0.06219673156738281,16.0
2022-02-25,FN,4625.0,247.27978515625,True,0.05648601055145264,21.0
2022-02-25,FN,4250.0,-127.72021484375,True,0.0291750431060791,11.0
2022-02-25,FN,4700.0,322.27978515625,True,0.07361817359924316,26.0
2022-02-28,FP,4450.0,98.60986328125,True,0.02266169205310753,
2022-02-28,FP,4325.0,-26.39013671875,True,0.006064759970856093,
2022-02-28,FP,4300.0,-51.39013671875,True,0.011810050375648862,
2022-02-28,FP,4400.0,48.60986328125,True,0.011171111243521992,
2022-02-28,FP,4375.0,23.60986328125,True,0.005425820838729445,
2022-02-28,FN,4800.0,448.60986328125,True,0.10309576988220215,96.0
2022-02-28,FN,4100.0,-251.39013671875,True,0.05777239799499512,14.0
2022-02-28,FN,4650.0,298.60986328125,True,0.06862401962280273,15.0
2022-02-28,FN,4625.0,273.60986328125,True,0.06287872791290283,21.0
2022-02-28,FN,4700.0,348.60986328125,True,0.08011460304260254,34.0
2022-03-01,FP,4450.0,156.52978515625,True,0.03645763853562611,
2022-03-01,FP,4550.0,256.52978515625,True,0.05974882142406712,
2022-03-01,FP,4300.0,6.52978515625,True,0.0015208642029644892,
2022-03-01,FP,4400.0,106.52978515625,True,0.024812047091405498,
2022-03-01,FP,4375.0,81.52978515625,True,0.0189892513692953,
2022-03-01,FN,4800.0,506.52978515625,True,0.11797678470611572,129.0
2022-03-01,FN,3900.0,-393.47021484375,True,0.09164386987686157,16.0
2022-03-01,FN,4650.0,356.52978515625,True,0.08303999900817871,17.0
2022-03-01,FN,3800.0,-493.47021484375,True,0.11493504047393799,45.0
2022-03-01,FN,4700.0,406.52978515625,True,0.09468555450439453,65.0
2022-03-02,FP,4450.0,54.22021484375,True,0.012334606712292917,
2022-03-02,FP,4200.0,-195.77978515625,True,0.04453812400188084,
2022-03-02,FP,4425.0,29.22021484375,True,0.006647333640875663,
2022-03-02,FP,4375.0,-20.77978515625,True,0.004727212501959177,
2022-03-02,FP,4350.0,-45.77978515625,True,0.010414485573376542,
2022-03-02,FP,4510.0,114.22021484375,False,0.025984062083694637,
2022-03-02,FN,4800.0,404.22021484375,True,0.09195637702941895,82.0
2022-03-02,FN,4100.0,-295.77978515625,True,0.06728720664978027,12.0
2022-03-02,FN,4650.0,254.22021484375,True,0.05783283710479736,11.0
2022-03-02,FN,4625.0,229.22021484375,True,0.05214548110961914,15.0
2022-03-02,FN,4250.0,-145.77978515625,True,0.033163607120513916,13.0
2022-03-02,FN,4700.0,304.22021484375,True,0.06920731067657471,25.0
2022-03-03,FP,4450.0,101.33984375,True,0.023303693576595563,
2022-03-03,FP,4425.0,76.33984375,True,0.017554796421670904,
2022-03-03,FP,4300.0,-48.66015625,True,0.011189689352952614,
2022-03-03,FP,4400.0,51.33984375,True,0.011805899266746023,
2022-03-03,FP,4375.0,26.33984375,True,0.0060570021118213635,
2022-03-03,FP,4350.0,1.33984375,True,0.00030810495689670425,
2022-03-03,FN,4800.0,451.33984375,True,0.10378825664520264,116.0
2022-03-03,FN,4225.0,-123.66015625,True,0.028436362743377686,21.0
2022-03-03,FN,4100.0,-248.66015625,True,0.05718088150024414,12.0
2022-03-03,FN,4650.0,301.33984375,True,0.06929492950439453,19.0
2022-03-03,FN,4625.0,276.33984375,True,0.06354594230651855,25.0
2022-03-03,FN,4700.0,351.33984375,True,0.08079266548156738,52.0
2022-03-04,FP,4320.0,6.02001953125,False,0.0013954676559708723,
2022-03-04,FP,4450.0,136.02001953125,True,0.03153005348821081,
2022-03-04,FP,4325.0,11.02001953125,True,0.002554490187980152,
2022-03-04,FP,4300.0,-13.97998046875,True,0.0032406224720660237,
2022-03-04,FP,4400.0,86.02001953125,True,0.019939828168118456,
2022-03-04,FP,4510.0,196.02001953125,False,0.045438323872321496,
2022-03-04,FN,4225.0,-88.97998046875,True,0.020625948905944824,24.0
2022-03-04,FN,4550.0,236.02001953125,True,0.0547105073928833,13.0
2022-03-04,FN,4650.0,336.02001953125,True,0.07789099216461182,38.0
2022-03-04,FN,4050.0,-263.97998046875,True,0.06119173765182495,41.0
2022-03-04,FN,4250.0,-63.97998046875,True,0.014830827713012695,14.0
2022-03-04,FN,4700.0,386.02001953125,True,0.08948123455047607,68.0
2022-03-07,FP,4225.0,12.18994140625,True,0.002893541659060528,
2022-03-07,FP,4450.0,237.18994140625,True,0.056302073463389224,
2022-03-07,FP,4100.0,-112.81005859375,True,0.026777864898899884,
2022-03-07,FP,4375.0,162.18994140625,True,0.038499229528612844,
2022-03-07,FN,3800.0,-412.81005859375,True,0.09798926115036011,15.0
2022-03-07,FN,4650.0,437.18994140625,True,0.10377633571624756,82.0
2022-03-07,FN,3900.0,-312.81005859375,True,0.07425212860107422,12.0
2022-03-07,FN,4600.0,387.18994140625,True,0.09190773963928223,19.0
2022-03-08,FP,4225.0,42.64013671875,True,0.010195233818377503,
2022-03-08,FP,4450.0,267.64013671875,True,0.06399261313414906,
2022-03-08,FP,4375.0,192.64013671875,True,0.04606015336222535,
2022-03-08,FN,3850.0,-332.35986328125,True,0.0794670581817627,38.0
2022-03-08,FN,4500.0,317.64013671875,True,0.07594764232635498,11.0
2022-03-08,FN,3950.0,-232.35986328125,True,0.05555713176727295,26.0
2022-03-09,FP,4290.0,-1.77001953125,False,0.0004124218034039506,
2022-03-09,FP,4450.0,158.22998046875,True,0.03686823379367188,
2022-03-09,FP,4300.0,8.22998046875,True,0.0019176191714134205,
2022-03-09,FP,4275.0,-16.77001953125,True,0.003907483265629841,
2022-03-09,FP,4375.0,83.22998046875,True,0.01939292648254254,
2022-03-09,FN,4550.0,258.22998046875,True,0.06016862392425537,21.0
2022-03-09,FN,3950.0,-341.77001953125,True,0.07963383197784424,70.0
2022-03-09,FN,4050.0,-241.77001953125,True,0.05633342266082764,35.0
2022-03-09,FN,4150.0,-141.77001953125,True,0.033033013343811035,13.0
2022-03-09,FN,4600.0,308.22998046875,True,0.07181882858276367,19.0
2022-03-10,FP,4200.0,-53.06982421875,True,0.012478004456110359,
2022-03-10,FP,4450.0,196.93017578125,True,0.0463030667072164,
2022-03-10,FP,4275.0,21.93017578125,True,0.005156316892887647,
2022-03-10,FP,4375.0,121.93017578125,True,0.028668745358218395,
2022-03-10,FN,4225.0,-28.06982421875,True,0.006599903106689453,11.0
2022-03-10,FN,3950.0,-303.06982421875,True,0.07125908136367798,62.0
2022-03-10,FN,4550.0,296.93017578125,True,0.06981551647186279,40.0
2022-03-10,FN,4050.0,-203.06982421875,True,0.04774665832519531,29.0
2022-03-11,FP,4400.0,186.080078125,True,0.044158427681322276,
2022-03-11,FP,4225.0,11.080078125,True,0.0026293993076331734,
2022-03-11,FP,4210.0,-3.919921875,False,0.000930231695825845,
2022-03-11,FP,4220.0,6.080078125,False,0.0014428556398136116,
2022-03-11,FN,4050.0,-163.919921875,True,0.03889960050582886,23.0
2022-03-11,FN,3900.0,-313.919921875,True,0.07449591159820557,20.0
2022-03-11,FN,4500.0,286.080078125,True,0.06788933277130127,17.0
2022-03-11,FN,3950.0,-263.919921875,True,0.06263047456741333,53.0
2022-03-14,FP,4400.0,228.35986328125,True,0.05474102650207713,
2022-03-14,FP,4225.0,53.35986328125,True,0.012791099311653564,
2022-03-14,FP,4170.0,-1.64013671875,False,0.0003931635196222638,
2022-03-14,FP,4175.0,3.35986328125,True,0.0008054058286754984,
2022-03-14,FN,4050.0,-121.64013671875,True,0.029158830642700195,12.0
2022-03-14,FN,3900.0,-271.64013671875,True,0.06511592864990234,13.0
2022-03-14,FN,3950.0,-221.64013671875,True,0.05313020944595337,34.0
2022-03-14,FN,3975.0,-196.64013671875,True,0.04713737964630127,51.0
2022-03-15,FP,4000.0,-258.43017578125,True,0.06068672377229678,
2022-03-15,FP,4400.0,141.56982421875,True,0.03324460385047345,
2022-03-15,FP,4300.0,41.56982421875,True,0.009761771944780895,
2022-03-15,FP,4375.0,116.56982421875,True,0.02737389587405037,
2022-03-15,FN,4050.0,-208.43017578125,True,0.04894530773162842,42.0
2022-03-15,FN,4450.0,191.56982421875,True,0.04498600959777832,11.0
2022-03-15,FN,4475.0,216.56982421875,True,0.050856709480285645,57.0
2022-03-15,FN,4125.0,-133.43017578125,True,0.031333208084106445,36.0
2022-03-16,FP,4330.0,-2.5,False,0.0005770340450086398,
2022-03-16,FP,4340.0,7.5,False,0.0017311021350259193,
2022-03-16,FP,4325.0,-7.5,True,0.0017311021350259193,
2022-03-16,FP,4350.0,17.5,True,0.004039238315060478,
2022-03-16,FN,4275.0,-57.5,True,0.013271808624267578,11.0
2022-03-16,FN,4475.0,142.5,True,0.032890915870666504,34.0
2022-03-16,FN,4365.0,32.5,False,0.007501482963562012,14.0
2022-03-16,FN,4380.0,47.5,False,0.010963678359985352,19.0
2022-03-17,FP,4420.0,13.85986328125,False,0.003145579316860214,
2022-03-17,FP,4390.0,-16.14013671875,False,0.0036631010857429702,
2022-03-17,FP,4395.0,-11.14013671875,False,0.002528321018642421,
2022-03-17,FP,4300.0,-106.14013671875,True,0.0240891422935523,
2022-03-17,FP,4410.0,3.85986328125,False,0.0008760191826591157,
2022-03-17,FN,4360.0,-46.14013671875,False,0.010471761226654053,20.0
2022-03-17,FN,4330.0,-76.14013671875,False,0.0172804594039917,31.0
2022-03-17,FN,4365.0,-41.14013671875,False,0.009337007999420166,12.0
2022-03-17,FN,4470.0,63.85986328125,False,0.014493346214294434,26.0
2022-03-17,FN,4475.0,68.85986328125,True,0.01562821865081787,16.0
2022-03-18,FP,4450.0,-11.18994140625,True,0.002508286253941172,
2022-03-18,FP,4510.0,48.81005859375,False,0.010941040223533705,
2022-03-18,FP,4520.0,58.81005859375,False,0.013182594636446332,
2022-03-18,FP,4425.0,-36.18994140625,True,0.008112172286222408,
2022-03-18,FP,4460.0,-1.18994140625,False,0.00026673184102865566,
2022-03-18,FP,4500.0,38.81005859375,True,0.008699485810621299,
2022-03-18,FP,4475.0,13.81005859375,True,0.0030955997783399525,
2022-03-18,FP,4350.0,-111.18994140625,True,0.024923830383066115,
2022-03-18,FN,4900.0,438.81005859375,True,0.09836161136627197,135.0
2022-03-18,FN,4550.0,88.81005859375,True,0.019907236099243164,12.0
2022-03-18,FN,4200.0,-261.18994140625,True,0.058547139167785645,14.0
2022-03-18,FN,4650.0,188.81005859375,True,0.042322754859924316,22.0
2022-03-18,FN,4750.0,288.81005859375,True,0.06473839282989502,38.0
2022-03-18,FN,4625.0,163.81005859375,True,0.03671896457672119,29.0
2022-03-18,FN,4050.0,-411.18994140625,True,0.09217047691345215,53.0
2022-03-18,FN,4850.0,388.81005859375,True,0.08715391159057617,111.0
2022-03-21,FP,4450.0,5.669921875,True,0.0012757652504047368,
2022-03-21,FP,4510.0,65.669921875,False,0.014776112647039374,
2022-03-21,FP,4520.0,75.669921875,False,0.01702617054647848,
2022-03-21,FP,4425.0,-19.330078125,True,0.00434937949819314,
2022-03-21,FP,4400.0,-44.330078125,True,0.009974524246790906,
2022-03-21,FP,4350.0,-94.330078125,True,0.021224813743986437,
2022-03-21,FN,4900.0,455.669921875,True,0.10252833366394043,162.0
2022-03-21,FN,4650.0,205.669921875,True,0.04627692699432373,22.0
2022-03-21,FN,4750.0,305.669921875,True,0.06877756118774414,50.0
2022-03-21,FN,4625.0,180.669921875,True,0.040651798248291016,29.0
2022-03-21,FN,4050.0,-394.330078125,True,0.08872658014297485,56.0
2022-03-21,FN,4700.0,255.669921875,True,0.05752718448638916,27.0
2022-03-22,FP,4450.0,-64.81982421875,True,0.014357123150527173,
2022-03-22,FP,4510.0,-4.81982421875,False,0.001067556271657888,
2022-03-22,FP,4520.0,5.18017578125,False,0.001147371541486919,
2022-03-22,FP,4525.0,10.18017578125,True,0.002254835448059378,
2022-03-22,FP,4400.0,-114.81982421875,True,0.02543176221625154,
2022-03-22,FP,4350.0,-164.81982421875,True,0.03650640128197602,
2022-03-22,FN,4800.0,285.18017578125,True,0.06316530704498291,59.0
2022-03-22,FN,4900.0,385.18017578125,True,0.08531463146209717,133.0
2022-03-22,FN,4200.0,-314.81982421875,True,0.06973034143447876,15.0
2022-03-22,FN,4650.0,135.18017578125,True,0.029941439628601074,12.0
2022-03-22,FN,4750.0,235.18017578125,True,0.05209076404571533,32.0
2022-03-22,FN,4625.0,110.18017578125,True,0.024404168128967285,16.0
2022-03-23,FP,4450.0,-22.5400390625,True,0.005039650593541611,
2022-03-23,FP,4510.0,37.4599609375,False,0.008375545128792572,
2022-03-23,FP,4520.0,47.4599609375,False,0.010611411082515065,
2022-03-23,FP,4400.0,-72.5400390625,True,0.016218980362153523,
2022-03-23,FP,4500.0,27.4599609375,True,0.006139679175070301,
2022-03-23,FP,4470.0,-2.5400390625,False,0.0005679186860968466,
2022-03-23,FP,4350.0,-122.5400390625,True,0.027398310130765435,
2022-03-23,FN,4100.0,-372.5400390625,True,0.08329498767852783,25.0
2022-03-23,FN,4650.0,177.4599609375,True,0.03967761993408203,20.0
2022-03-23,FN,4750.0,277.4599609375,True,0.06203627586364746,54.0
2022-03-23,FN,4625.0,152.4599609375,True,0.03408801555633545,28.0
2022-03-23,FN,4050.0,-422.5400390625,True,0.09447431564331055,67.0
2022-03-23,FN,4850.0,377.4599609375,True,0.08439493179321289,141.0
2022-03-23,FN,4700.0,227.4599609375,True,0.050856947898864746,26.0
2022-03-24,FP,4450.0,-60.16015625,True,0.01333880708573787,
2022-03-24,FP,4520.0,9.83984375,False,0.002181706061228139,
2022-03-24,FP,4425.0,-85.16015625,True,0.018881847495368476,
2022-03-24,FP,4525.0,14.83984375,True,0.0032903141431541716,
2022-03-24,FP,4400.0,-110.16015625,True,0.024424887904999193,
2022-03-24,FP,4475.0,-35.16015625,True,0.007795766676107152,
2022-03-24,FP,4510.0,-0.16015625,False,3.551010262414778e-05,
2022-03-24,FN,4800.0,289.83984375,True,0.06426370143890381,73.0
2022-03-24,FN,4900.0,389.83984375,True,0.08643591403961182,144.0
2022-03-24,FN,4200.0,-310.16015625,True,0.06876921653747559,16.0
2022-03-24,FN,4650.0,139.83984375,True,0.031005501747131348,13.0
2022-03-24,FN,4750.0,239.83984375,True,0.053177714347839355,48.0
2022-03-24,FN,4625.0,114.83984375,True,0.02546250820159912,18.0
2022-03-24,FN,4350.0,-160.16015625,True,0.03551095724105835,11.0
2022-03-25,FP,4450.0,-77.2001953125,True,0.017052525177135736,
2022-03-25,FP,4520.0,-7.2001953125,False,0.0015904300675625427,
2022-03-25,FP,4300.0,-227.2001953125,True,0.05018558612622104,
2022-03-25,FP,4525.0,-2.2001953125,True,0.0004859947025930289,
2022-03-25,FP,4400.0,-127.2001953125,True,0.028096878826830762,
2022-03-25,FP,4530.0,2.7998046875,False,0.0006184406623763739,
2022-03-25,FP,4510.0,-17.2001953125,False,0.0037993007975015702,
2022-03-25,FP,4575.0,47.7998046875,True,0.010558358947102109,
2022-03-25,FN,4800.0,272.7998046875,True,0.060257911682128906,71.0
2022-03-25,FN,4900.0,372.7998046875,True,0.08234667778015137,153.0
2022-03-25,FN,4200.0,-327.2001953125,True,0.07227426767349243,21.0
2022-03-25,FN,4650.0,122.7998046875,True,0.027124881744384766,15.0
2022-03-25,FN,4750.0,222.7998046875,True,0.04921364784240723,39.0
2022-03-25,FN,4625.0,97.7998046875,True,0.021602749824523926,19.0
2022-03-25,FN,4850.0,322.7998046875,True,0.07130229473114014,130.0
2022-03-25,FN,4700.0,172.7998046875,True,0.038169264793395996,18.0
2022-03-28,FP,4450.0,-114.7001953125,True,0.025127651412963692,
2022-03-28,FP,4520.0,-44.7001953125,False,0.009792580761032843,
2022-03-28,FP,4525.0,-39.7001953125,True,0.008697218571609211,
2022-03-28,FP,4400.0,-164.7001953125,True,0.036081273307200123,
2022-03-28,FP,4565.0,0.2998046875,False,6.567894377984551e-05,
2022-03-28,FP,4510.0,-54.7001953125,False,0.011983305139880107,
2022-03-28,FP,4575.0,10.2998046875,True,0.0022564033226271096,
2022-03-28,FN,4800.0,235.2998046875,True,0.05154764652252197,60.0
2022-03-28,FN,4900.0,335.2998046875,True,0.07345497608184814,140.0
2022-03-28,FN,4750.0,185.2998046875,True,0.04059410095214844,28.0
2022-03-28,FN,4625.0,60.2998046875,True,0.013210058212280273,12.0
2022-03-28,FN,4850.0,285.2998046875,True,0.06250131130218506,113.0
2022-03-28,FN,4700.0,135.2998046875,True,0.02964043617248535,14.0
2022-03-28,FN,4350.0,-214.7001953125,True,0.04703491926193237,17.0
2022-03-29,FP,4450.0,-183.0,True,0.03949924454996767,
2022-03-29,FP,4675.0,42.0,True,0.009065400388517109,
2022-03-29,FP,4520.0,-113.0,False,0.024390243902439046,
2022-03-29,FP,4650.0,17.0,True,0.003669328728685528,
2022-03-29,FP,4500.0,-133.0,True,0.02870710123030429,
2022-03-29,FP,4510.0,-123.0,False,0.026548672566371723,
2022-03-29,FP,4575.0,-58.0,True,0.012518886250809436,
2022-03-29,FN,4800.0,167.0,True,0.03604578971862793,29.0
2022-03-29,FN,4900.0,267.0,True,0.057630062103271484,83.0
2022-03-29,FN,4750.0,117.0,True,0.025253653526306152,13.0
2022-03-29,FN,4400.0,-233.0,True,0.050291359424591064,14.0
2022-03-29,FN,4850.0,217.0,True,0.04683792591094971,68.0
2022-03-29,FN,4725.0,92.0,True,0.01985752582550049,31.0
2022-03-29,FN,4350.0,-283.0,True,0.06108355522155762,18.0
2022-03-30,FP,4520.0,-72.7900390625,False,0.01584876261344581,
2022-03-30,FP,4585.0,-7.7900390625,False,0.0016961452616479633,
2022-03-30,FP,4590.0,-2.7900390625,False,0.0006074823884327785,
2022-03-30,FP,4500.0,-92.7900390625,True,0.02020341410630666,
2022-03-30,FP,4600.0,7.2099609375,True,0.0015698433579975912,
2022-03-30,FP,4605.0,12.2099609375,False,0.002658506231212776,
2022-03-30,FP,4510.0,-82.7900390625,False,0.01802608835987618,
2022-03-30,FP,4575.0,-17.7900390625,True,0.003873471008078444,
2022-03-30,FN,4800.0,207.2099609375,True,0.045116305351257324,49.0
2022-03-30,FN,4900.0,307.2099609375,True,0.06688964366912842,102.0
2022-03-30,FN,4750.0,157.2099609375,True,0.03422975540161133,27.0
2022-03-30,FN,4400.0,-192.7900390625,True,0.0419766902923584,17.0
2022-03-30,FN,4850.0,257.2099609375,True,0.05600297451019287,78.0
2022-03-30,FN,4725.0,132.2099609375,True,0.028786420822143555,40.0
2022-03-30,FN,4700.0,107.2099609375,True,0.02334308624267578,14.0
2022-03-30,FN,4350.0,-242.7900390625,True,0.05286329984664917,25.0
2022-03-31,FP,4520.0,-41.14013671875,False,0.00901970461016044,
2022-03-31,FP,4525.0,-36.14013671875,True,0.00792348746924254,
2022-03-31,FP,3570.0,-991.14013671875,False,0.21730096138457367,
2022-03-31,FP,4530.0,-31.14013671875,False,0.006827270328324531,
2022-03-31,FP,4500.0,-61.14013671875,True,0.013404573173832257,
2022-03-31,FP,4510.0,-51.14013671875,False,0.011212138891996348,
2022-03-31,FP,4575.0,13.85986328125,True,0.0030386839399372256,
2022-03-31,FN,4800.0,238.85986328125,True,0.0523684024810791,61.0
2022-03-31,FN,4300.0,-261.14013671875,True,0.057253241539001465,21.0
2022-03-31,FN,4750.0,188.85986328125,True,0.04140627384185791,29.0
2022-03-31,FN,4400.0,-161.14013671875,True,0.03532892465591431,14.0
2022-03-31,FN,4625.0,63.85986328125,True,0.014000892639160156,16.0
2022-03-31,FN,4700.0,138.85986328125,True,0.03044414520263672,18.0
2022-03-31,FN,4350.0,-211.14013671875,True,0.04629111289978027,22.0
2022-04-01,FP,4520.0,-1.56005859375,False,0.0003450266221245446,
2022-04-01,FP,4525.0,3.43994140625,True,0.0007607864015235499,
2022-04-01,FP,4530.0,8.43994140625,False,0.0018665994251716445,
2022-04-01,FP,4500.0,-21.56005859375,True,0.004768278716716923,
2022-04-01,FP,4540.0,18.43994140625,False,0.0040782254724678335,
2022-04-01,FP,4575.0,53.43994140625,True,0.011818916638004495,
2022-04-01,FN,4800.0,278.43994140625,True,0.061580538749694824,75.0
2022-04-01,FN,4300.0,-221.56005859375,True,0.04900079965591431,13.0
2022-04-01,FN,4750.0,228.43994140625,True,0.0505223274230957,45.0
2022-04-01,FN,4625.0,103.43994140625,True,0.022877097129821777,17.0
2022-04-01,FN,4475.0,-46.56005859375,True,0.01029735803604126,11.0
2022-04-01,FN,4700.0,178.43994140625,True,0.03946423530578613,19.0
2022-04-04,FP,4525.0,-50.72021484375,True,0.01108464076960225,
2022-04-04,FP,4500.0,-75.72021484375,True,0.016548261538830933,
2022-04-04,FP,4600.0,24.27978515625,True,0.005306221538083911,
2022-04-04,FP,4570.0,-5.72021484375,False,0.0012501233849905313,
2022-04-04,FP,4575.0,-0.72021484375,True,0.0001573992311447725,
2022-04-04,FN,4800.0,224.27978515625,True,0.049015164375305176,65.0
2022-04-04,FN,4675.0,99.27978515625,True,0.021697044372558594,18.0
2022-04-04,FN,4750.0,174.27978515625,True,0.03808796405792236,29.0
2022-04-04,FN,4700.0,124.27978515625,True,0.02716076374053955,11.0
2022-04-04,FN,4350.0,-225.72021484375,True,0.04932999610900879,19.0
2022-04-05,FP,4600.0,77.4599609375,True,0.017127534586417248,
2022-04-05,FP,4475.0,-47.5400390625,True,0.010511800592561404,
2022-04-05,FP,4500.0,-22.5400390625,True,0.004983933556765741,
2022-04-05,FP,4525.0,2.4599609375,True,0.0005439334790300343,
2022-04-05,FN,4610.0,87.4599609375,False,0.01933872699737549,11.0
2022-04-05,FN,4700.0,177.4599609375,True,0.03923904895782471,19.0
2022-04-05,FN,4725.0,202.4599609375,True,0.044766902923583984,56.0
2022-04-05,FN,4750.0,227.4599609375,True,0.05029475688934326,59.0
2022-04-06,FP,4480.0,-2.7900390625,False,0.0006223889671806981,
2022-04-06,FP,4490.0,7.2099609375,False,0.0016083646288747033,
2022-04-06,FP,4525.0,42.2099609375,True,0.009416002215068664,
2022-04-06,FP,4500.0,17.2099609375,True,0.003839118224930216,
2022-04-06,FP,4475.0,-7.7900390625,True,0.0017377657652083434,
2022-04-06,FN,4650.0,167.2099609375,True,0.0373004674911499,20.0
2022-04-06,FN,4625.0,142.2099609375,True,0.0317234992980957,24.0
2022-04-06,FN,4375.0,-107.7900390625,True,0.024045288562774658,14.0
2022-04-06,FN,4250.0,-232.7900390625,True,0.05192971229553223,38.0
2022-04-06,FN,4700.0,217.2099609375,True,0.0484541654586792,50.0
2022-04-07,FP,4480.0,-36.7099609375,False,0.008127588721654422,
2022-04-07,FP,4500.0,-16.7099609375,True,0.0036995868855904668,
2022-04-07,FP,4525.0,8.2900390625,True,0.0018354154094897268,
2022-04-07,FN,4650.0,133.2900390625,True,0.02951037883758545,11.0
2022-04-07,FN,4700.0,183.2900390625,True,0.0405803918838501,26.0
2022-04-07,FN,4415.0,-101.7099609375,False,0.022518575191497803,35.0
2022-04-08,FP,4490.0,-11.2099609375,False,0.002490432802464748,
2022-04-08,FP,4525.0,23.7900390625,True,0.005285254246959248,
2022-04-08,FP,4500.0,-1.2099609375,True,0.0002688079312007652,
2022-04-08,FP,4505.0,3.7900390625,False,0.0008420045044312818,
2022-04-08,FP,4475.0,-26.2099609375,True,0.005822870109360778,
2022-04-08,FP,4510.0,8.7900390625,False,0.0019528169400631068,
2022-04-08,FN,4610.0,108.7900390625,False,0.024169087409973145,20.0
2022-04-08,FN,4650.0,148.7900390625,True,0.03305554389953613,22.0
2022-04-08,FN,4625.0,123.7900390625,True,0.027501463890075684,21.0
2022-04-08,FN,4375.0,-126.2099609375,True,0.028039097785949707,24.0
2022-04-08,FN,4350.0,-151.2099609375,True,0.033593177795410156,13.0
2022-04-08,FN,4415.0,-86.2099609375,False,0.01915264129638672,30.0
2022-04-11,FP,4500.0,84.14990234375,True,0.019056331279998284,
2022-04-11,FP,4475.0,59.14990234375,True,0.013394907217331609,
2022-04-11,FP,4420.0,4.14990234375,False,0.000939774279465011,
2022-04-11,FP,4415.0,-0.85009765625,False,0.00019251053306845733,
2022-04-11,FN,4600.0,184.14990234375,True,0.0417020320892334,19.0
2022-04-11,FN,4250.0,-165.85009765625,True,0.037557899951934814,17.0
2022-04-11,FN,4275.0,-140.85009765625,True,0.03189647197723389,13.0
2022-04-11,FN,4525.0,109.14990234375,True,0.02471780776977539,14.0
2022-04-12,FP,4475.0,83.10986328125,True,0.018923484125070278,
2022-04-12,FP,4325.0,-66.89013671875,True,0.01523037567800467,
2022-04-12,FP,4415.0,23.10986328125,False,0.0052619402038402985,
2022-04-12,FN,4480.0,88.10986328125,False,0.020061969757080078,19.0
2022-04-12,FN,4525.0,133.10986328125,True,0.030308127403259277,28.0
2022-04-12,FN,4550.0,158.10986328125,True,0.03600037097930908,17.0
2022-04-13,FP,4480.0,27.27978515625,False,0.006126543739557011,
2022-04-13,FP,4455.0,2.27978515625,False,0.0005119982945818169,
2022-04-13,FP,4460.0,7.27978515625,False,0.0016349073835768557,
2022-04-13,FP,4440.0,-12.72021484375,False,0.0028567289724032996,
2022-04-13,FP,4445.0,-7.72021484375,False,0.0017338198834082608,
2022-04-13,FN,4525.0,72.27978515625,True,0.016232728958129883,18.0
2022-04-13,FN,4495.0,42.27978515625,False,0.009495258331298828,24.0
2022-04-13,FN,4375.0,-77.72021484375,True,0.017454564571380615,20.0
2022-04-13,FN,4380.0,-72.72021484375,False,0.016331613063812256,40.0
2022-04-13,FN,4415.0,-37.72021484375,False,0.008471250534057617,11.0
2022-04-14,FP,4450.0,47.259765625,True,0.010734170791184328,
2022-04-14,FP,4420.0,17.259765625,False,0.003920232561131387,
2022-04-14,FP,4390.0,-12.740234375,False,0.0028937056689215535,
2022-04-14,FP,4425.0,22.259765625,True,0.005055888932806951,
2022-04-14,FP,4395.0,-7.740234375,False,0.0017580492972461004,
2022-04-14,FP,4300.0,-102.740234375,True,0.023335520359080375,
2022-04-14,FP,4405.0,2.259765625,False,0.0005132634461049168,
2022-04-14,FP,4410.0,7.259765625,False,0.001648919817780481,
2022-04-14,FP,4350.0,-52.740234375,True,0.011978956642325511,
2022-04-14,FN,4100.0,-302.740234375,True,0.06876176595687866,21.0
2022-04-14,FN,4750.0,347.259765625,True,0.07887351512908936,107.0
2022-04-14,FN,3950.0,-452.740234375,True,0.10283148288726807,81.0
2022-04-14,FN,4625.0,222.259765625,True,0.05048215389251709,64.0
2022-04-14,FN,4050.0,-352.740234375,True,0.08011835813522339,78.0
2022-04-14,FN,4150.0,-252.740234375,True,0.05740523338317871,48.0
2022-04-14,FN,4600.0,197.259765625,True,0.04480385780334473,25.0
2022-04-14,FN,4250.0,-152.740234375,True,0.03469210863113403,24.0
2022-04-14,FN,3900.0,-502.740234375,True,0.11418801546096802,73.0
2022-04-18,FP,4450.0,75.25,True,0.017200982913309293,
2022-04-18,FP,4325.0,-49.75,True,0.01137207840448029,
2022-04-18,FP,4360.0,-14.75,False,0.003371621235499167,
2022-04-18,FP,4300.0,-74.75,True,0.01708669066803814,
2022-04-18,FP,4365.0,-9.75,False,0.0022286987827876414,
2022-04-18,FP,4270.0,-104.75,False,0.023944225384307627,
2022-04-18,FP,4375.0,0.25,True,5.714612263552077e-05,
2022-04-18,FP,4380.0,5.25,False,0.0012000685753472684,
2022-04-18,FN,4100.0,-274.75,True,0.06280356645584106,14.0
2022-04-18,FN,3950.0,-424.75,True,0.09709125757217407,79.0
2022-04-18,FN,4050.0,-324.75,True,0.07423281669616699,77.0
2022-04-18,FN,4150.0,-224.75,True,0.05137437582015991,32.0
2022-04-18,FN,4600.0,225.25,True,0.051488637924194336,30.0
2022-04-18,FN,4250.0,-124.75,True,0.028515934944152832,18.0
2022-04-18,FN,3900.0,-474.75,True,0.1085205078125,74.0
2022-04-18,FN,4700.0,325.25,True,0.07434713840484619,86.0
2022-04-19,FP,4450.0,-9.75,True,0.0021862212007399684,
2022-04-19,FP,4550.0,90.25,True,0.02023656034531074,
2022-04-19,FP,4425.0,-34.75,True,0.007791916587252645,
2022-04-19,FP,4300.0,-159.75,True,0.03582039351981614,
2022-04-19,FP,4525.0,65.25,True,0.014630864958798062,
2022-04-19,FP,4495.0,35.25,False,0.007904030494982894,
2022-04-19,FP,4500.0,40.25,True,0.009025169572285385,
2022-04-19,FP,4475.0,15.25,True,0.0034194741857727085,
2022-04-19,FN,4800.0,340.25,True,0.0762934684753418,113.0
2022-04-19,FN,4100.0,-359.75,True,0.0806659460067749,33.0
2022-04-19,FN,4200.0,-259.75,True,0.05824315547943115,30.0
2022-04-19,FN,4650.0,190.25,True,0.04265928268432617,51.0
2022-04-19,FN,4750.0,290.25,True,0.06508207321166992,93.0
2022-04-19,FN,4625.0,165.25,True,0.037053704261779785,53.0
2022-04-19,FN,4850.0,390.25,True,0.08750486373901367,155.0
2022-04-19,FN,4600.0,140.25,True,0.03144800662994385,12.0
2022-04-20,FP,4480.0,10.18017578125,False,0.0022775360487889973,
2022-04-20,FP,4450.0,-19.81982421875,True,0.004434143880109098,
2022-04-20,FP,4550.0,80.18017578125,True,0.017938122549551405,
2022-04-20,FP,4460.0,-9.81982421875,False,0.0021969172371431034,
2022-04-20,FP,4495.0,25.18017578125,False,0.0056333760132381006,
2022-04-20,FP,4465.0,-4.81982421875,False,0.001078303915660106,
2022-04-20,FP,4500.0,30.18017578125,True,0.006751989334721209,
2022-04-20,FP,4470.0,0.18017578125,False,4.0309405823002464e-05,
2022-04-20,FP,4475.0,5.18017578125,True,0.0011589227273058889,
2022-04-20,FN,4000.0,-469.81982421875,True,0.1051093339920044,62.0
2022-04-20,FN,4675.0,205.18017578125,True,0.04590344429016113,68.0
2022-04-20,FN,4100.0,-369.81982421875,True,0.08273708820343018,33.0
2022-04-20,FN,4900.0,430.18017578125,True,0.09624099731445312,202.0
2022-04-20,FN,4200.0,-269.81982421875,True,0.06036478281021118,30.0
2022-04-20,FN,4650.0,180.18017578125,True,0.04031038284301758,50.0
2022-04-20,FN,4625.0,155.18017578125,True,0.03471732139587402,45.0
2022-04-20,FN,4850.0,380.18017578125,True,0.08505487442016602,160.0
2022-04-20,FN,4600.0,130.18017578125,True,0.02912425994873047,11.0
2022-04-21,FP,4450.0,55.740234375,True,0.012684783637744834,
2022-04-21,FP,4550.0,155.740234375,True,0.035441745067806396,
2022-04-21,FP,4200.0,-194.259765625,True,0.044207619937409515,
2022-04-21,FP,4300.0,-94.259765625,True,0.021450658507347842,
2022-04-21,FP,4500.0,105.740234375,True,0.024063264352775615,
2022-04-21,FP,4375.0,-19.259765625,True,0.004382937434801559,
2022-04-21,FN,4225.0,-169.259765625,True,0.03851836919784546,33.0
2022-04-21,FN,4100.0,-294.259765625,True,0.06696456670761108,13.0
2022-04-21,FN,4750.0,355.740234375,True,0.0809556245803833,116.0
2022-04-21,FN,3950.0,-444.259765625,True,0.10110002756118774,71.0
2022-04-21,FN,4050.0,-344.259765625,True,0.07834303379058838,50.0
2022-04-21,FN,4700.0,305.740234375,True,0.06957721710205078,61.0
2022-04-22,FP,4450.0,151.080078125,True,0.03514372932518017,
2022-04-22,FP,4325.0,26.080078125,True,0.006066658276720149,
2022-04-22,FP,4300.0,1.080078125,True,0.0002512440670281446,
2022-04-22,FP,4275.0,-23.919921875,True,0.005564170142663971,
2022-04-22,FP,4310.0,11.080078125,False,0.0025774097509048133,
2022-04-22,FP,4250.0,-48.919921875,True,0.011379584352355976,
2022-04-22,FP,4350.0,51.080078125,True,0.011882072486412154,
2022-04-22,FN,3950.0,-348.919921875,True,0.08116453886032104,47.0
2022-04-22,FN,3800.0,-498.919921875,True,0.11605703830718994,38.0
2022-04-22,FN,4050.0,-248.919921875,True,0.05790287256240845,28.0
2022-04-22,FN,4150.0,-148.919921875,True,0.034641265869140625,18.0
2022-04-22,FN,4600.0,301.080078125,True,0.07003617286682129,30.0
2022-04-22,FN,3900.0,-398.919921875,True,0.09279537200927734,24.0
2022-04-22,FN,4700.0,401.080078125,True,0.09329783916473389,80.0
2022-04-25,FP,4450.0,157.41015625,True,0.03667020656054265,
2022-04-25,FP,4325.0,32.41015625,True,0.007550256938055444,
2022-04-25,FP,4300.0,7.41015625,True,0.0017262670135580471,
2022-04-25,FP,4270.0,-22.58984375,False,0.005262520895838896,
2022-04-25,FP,4275.0,-17.58984375,True,0.00409772291093935,
2022-04-25,FP,4500.0,207.41015625,True,0.048318186409537445,
2022-04-25,FP,4350.0,57.41015625,True,0.013374246862552841,
2022-04-25,FN,3950.0,-342.58984375,True,0.07980960607528687,49.0
2022-04-25,FN,3800.0,-492.58984375,True,0.11475354433059692,44.0
2022-04-25,FN,4050.0,-242.58984375,True,0.05651360750198364,24.0
2022-04-25,FN,4150.0,-142.58984375,True,0.033217668533325195,12.0
2022-04-25,FN,4600.0,307.41015625,True,0.07161414623260498,30.0
2022-04-25,FN,3900.0,-392.58984375,True,0.0914575457572937,22.0
2022-04-25,FN,4700.0,407.41015625,True,0.0949101448059082,96.0
2022-04-26,FP,4200.0,7.35986328125,True,0.001755424515639481,
2022-04-26,FP,4175.0,-17.64013671875,True,0.0042074053921917764,
2022-04-26,FP,4400.0,207.35986328125,True,0.049458063778288874,
2022-04-26,FP,4275.0,82.35986328125,True,0.01964391423913292,
2022-04-26,FP,4190.0,-2.64013671875,False,0.000629707447493022,
2022-04-26,FP,4350.0,157.35986328125,True,0.03753240396262658,
2022-04-26,FN,3850.0,-342.64013671875,True,0.08172416687011719,38.0
2022-04-26,FN,3800.0,-392.64013671875,True,0.09364986419677734,31.0
2022-04-26,FN,4050.0,-142.64013671875,True,0.03402155637741089,14.0
2022-04-26,FN,3700.0,-492.64013671875,True,0.11750119924545288,19.0
2022-04-26,FN,4600.0,407.35986328125,True,0.0971606969833374,59.0
2022-04-26,FN,3900.0,-292.64013671875,True,0.0697985291481018,16.0
2022-04-27,FP,4100.0,-92.7099609375,True,0.022112180857072672,
2022-04-27,FP,4270.0,77.2900390625,False,0.018434387253731588,
2022-04-27,FP,4175.0,-17.7099609375,True,0.0042239890434825345,
2022-04-27,FP,4400.0,207.2900390625,True,0.04944058639728799,
2022-04-27,FP,4275.0,82.2900390625,True,0.019626933374637723,
2022-04-27,FP,4250.0,57.2900390625,True,0.013664202770107714,
2022-04-27,FP,4350.0,157.2900390625,True,0.03751512518822775,
2022-04-27,FN,4550.0,357.2900390625,True,0.08521699905395508,44.0
2022-04-27,FN,3950.0,-242.7099609375,True,0.057888567447662354,23.0
2022-04-27,FN,3800.0,-392.7099609375,True,0.09366494417190552,34.0
2022-04-27,FN,3600.0,-592.7099609375,True,0.14136677980422974,29.0
2022-04-27,FN,3700.0,-492.7099609375,True,0.11751586198806763,26.0
2022-04-27,FN,4600.0,407.2900390625,True,0.09714245796203613,70.0
2022-04-27,FN,3900.0,-292.7099609375,True,0.06981402635574341,15.0
2022-04-28,FP,4450.0,157.1201171875,True,0.03660016619998285,
2022-04-28,FP,4325.0,32.1201171875,True,0.007482184003354098,
2022-04-28,FP,4300.0,7.1201171875,True,0.0016585875640282577,
2022-04-28,FP,4270.0,-22.8798828125,False,0.005329728163162573,
2022-04-28,FP,4400.0,107.1201171875,True,0.024952973321331173,
2022-04-28,FP,4275.0,-17.8798828125,True,0.004165008875297471,
2022-04-28,FP,4500.0,207.1201171875,True,0.04824735907863431,
2022-04-28,FN,4100.0,-192.8798828125,True,0.04493016004562378,11.0
2022-04-28,FN,3850.0,-442.8798828125,True,0.10316616296768188,69.0
2022-04-28,FN,3950.0,-342.8798828125,True,0.0798717737197876,48.0
2022-04-28,FN,4050.0,-242.8798828125,True,0.05657738447189331,20.0
2022-04-28,FN,4150.0,-142.8798828125,True,0.03328299522399902,12.0
2022-04-28,FN,4600.0,307.1201171875,True,0.07154178619384766,33.0
2022-04-28,FN,3900.0,-392.8798828125,True,0.09151893854141235,23.0
2022-04-29,FP,4160.0,10.27001953125,False,0.002474864528436038,
2022-04-29,FP,4140.0,-9.72998046875,False,0.0023447261664121255,
2022-04-29,FP,4175.0,25.27001953125,True,0.0060895575495723,
2022-04-29,FP,4400.0,250.27001953125,True,0.06030995286661511,
2022-04-29,FP,4250.0,100.27001953125,True,0.024163022655253164,
2022-04-29,FP,4125.0,-24.72998046875,True,0.005959419187548276,
2022-04-29,FN,3850.0,-299.72998046875,True,0.07222878932952881,36.0
2022-04-29,FN,3800.0,-349.72998046875,True,0.08427774906158447,21.0
2022-04-29,FN,3600.0,-549.72998046875,True,0.1324736475944519,25.0
2022-04-29,FN,3700.0,-449.72998046875,True,0.10837572813034058,30.0
2022-04-29,FN,4600.0,450.27001953125,True,0.10850584506988525,85.0
2022-04-29,FN,3900.0,-249.72998046875,True,0.060179829597473145,14.0
2022-05-02,FP,4100.0,-36.47998046875,True,0.00881908788172503,
2022-05-02,FP,4400.0,263.52001953125,True,0.0637063447122952,
2022-05-02,FP,4250.0,113.52001953125,True,0.027443628415285026,
2022-05-02,FP,4125.0,-11.47998046875,True,0.002775301832223298,
2022-05-02,FP,4350.0,213.52001953125,True,0.05161877261329173,
2022-05-02,FN,3850.0,-286.47998046875,True,0.06925696134567261,25.0
2022-05-02,FN,3950.0,-186.47998046875,True,0.04508179426193237,18.0
2022-05-02,FN,3800.0,-336.47998046875,True,0.08134454488754272,14.0
2022-05-02,FN,3700.0,-436.47998046875,True,0.10551965236663818,12.0
2022-05-02,FN,4600.0,463.52001953125,True,0.11205661296844482,74.0
2022-05-03,FP,4160.0,-3.39013671875,False,0.0008142731301712391,
2022-05-03,FP,4225.0,61.60986328125,True,0.014798003852169783,
2022-05-03,FP,4150.0,-13.39013671875,True,0.0032161618966852767,
2022-05-03,FP,4250.0,86.60986328125,True,0.020802725768454877,
2022-05-03,FP,4125.0,-38.39013671875,True,0.00922088381297026,
2022-05-03,FP,4350.0,186.60986328125,True,0.04482161343359503,
2022-05-03,FN,4550.0,386.60986328125,True,0.09285938739776611,57.0
2022-05-03,FN,3850.0,-313.39013671875,True,0.07527279853820801,27.0
2022-05-03,FN,3950.0,-213.39013671875,True,0.05125391483306885,19.0
2022-05-03,FN,3800.0,-363.39013671875,True,0.08728224039077759,17.0
2022-05-03,FN,4600.0,436.60986328125,True,0.10486888885498047,92.0
2022-05-03,FN,3900.0,-263.39013671875,True,0.06326335668563843,13.0
2022-05-04,FP,4450.0,154.47998046875,True,0.035963045164810525,
2022-05-04,FP,4325.0,29.47998046875,True,0.006862959626473097,
2022-05-04,FP,4300.0,4.47998046875,True,0.0010429425188056562,
2022-05-04,FP,4400.0,104.47998046875,True,0.024323010949475643,
2022-05-04,FP,4350.0,54.47998046875,True,0.012682976734140539,
2022-05-04,FN,4100.0,-195.52001953125,True,0.0455172061920166,11.0
2022-05-04,FN,3950.0,-345.52001953125,True,0.0804373025894165,38.0
2022-05-04,FN,4050.0,-245.52001953125,True,0.05715721845626831,22.0
2022-05-04,FN,4600.0,304.47998046875,True,0.07088315486907959,46.0
2022-05-04,FN,4125.0,-170.52001953125,True,0.03969717025756836,18.0
2022-05-05,FP,4225.0,92.64990234375,True,0.022420632365176107,
2022-05-05,FP,4250.0,117.64990234375,True,0.028470458592188885,
2022-05-05,FP,3900.0,-232.35009765625,True,0.05622710858599134,
2022-05-05,FN,4275.0,142.64990234375,True,0.03452026844024658,15.0
2022-05-05,FN,3950.0,-182.35009765625,True,0.044127464294433594,13.0
2022-05-05,FN,3975.0,-157.35009765625,True,0.03807765245437622,21.0
2022-05-06,FP,4225.0,104.7099609375,True,0.025413250024827194,
2022-05-06,FP,4130.0,9.7099609375,False,0.0023566207343279633,
2022-05-06,FP,4050.0,-70.2900390625,True,0.01705948814188174,
2022-05-06,FP,4250.0,129.7099609375,True,0.03148078404864263,
2022-05-06,FP,4125.0,4.7099609375,True,0.0011431139295650095,
2022-05-06,FN,3750.0,-370.2900390625,True,0.0898699164390564,36.0
2022-05-06,FN,3850.0,-270.2900390625,True,0.06559973955154419,25.0
2022-05-06,FN,3950.0,-170.2900390625,True,0.04132962226867676,13.0
2022-05-06,FN,4500.0,379.7099609375,True,0.09215617179870605,44.0
2022-05-06,FN,3800.0,-320.2900390625,True,0.07773482799530029,18.0
2022-05-09,FP,4050.0,55.10009765625,True,0.013792610328965615,
2022-05-09,FP,3850.0,-144.89990234375,True,0.03627122227987223,
2022-05-09,FP,4150.0,155.10009765625,True,0.038824526633384426,
2022-05-09,FP,3975.0,-19.89990234375,True,0.004981326899348604,
2022-05-09,FN,3600.0,-394.89990234375,True,0.0988510251045227,14.0
2022-05-09,FN,4250.0,255.10009765625,True,0.06385648250579834,15.0
2022-05-09,FN,4300.0,305.10009765625,True,0.07637238502502441,12.0
2022-05-09,FN,3750.0,-244.89990234375,True,0.061303138732910156,16.0
2022-05-10,FP,3850.0,-144.8701171875,True,0.03626403686172719,
2022-05-10,FP,3975.0,-19.8701171875,True,0.004973908188406706,
2022-05-10,FN,4250.0,255.1298828125,True,0.06386435031890869,14.0
2022-05-10,FN,4300.0,305.1298828125,True,0.07638037204742432,13.0
2022-05-11,FP,3900.0,-37.75,True,0.009586692908386762,
2022-05-11,FP,3925.0,-12.75,True,0.0032378896577994754,
2022-05-11,FN,3600.0,-337.75,True,0.08577233552932739,13.0
2022-05-11,FN,4300.0,362.25,True,0.09199416637420654,20.0
2022-05-12,FP,3600.0,-305.280029296875,True,0.07817109836086178,
2022-05-12,FP,3900.0,-5.280029296875,True,0.0013520232242668628,
2022-05-12,FN,4200.0,294.719970703125,True,0.07546710968017578,14.0
2022-05-12,FN,4150.0,244.719970703125,True,0.06266391277313232,11.0
2022-05-13,FP,4040.0,14.719970703125,False,0.0036568811600659057,
2022-05-13,FP,4025.0,-0.280029296875,True,6.956765612253779e-05,
2022-05-13,FP,3700.0,-325.280029296875,True,0.08080929200687037,
2022-05-13,FP,3900.0,-125.280029296875,True,0.031123307791025567,
2022-05-13,FN,3800.0,-225.280029296875,True,0.055966317653656006,11.0
2022-05-13,FN,4250.0,224.719970703125,True,0.05582714080810547,21.0
2022-05-13,FN,4300.0,274.719970703125,True,0.06824862957000732,25.0
2022-05-13,FN,3750.0,-275.280029296875,True,0.06838780641555786,26.0
2022-05-16,FP,4200.0,193.68994140625,True,0.04834621848370779,
2022-05-16,FP,3800.0,-206.31005859375,True,0.05149627851474048,
2022-05-16,FP,4150.0,143.68994140625,True,0.035865906358901745,
2022-05-16,FP,3975.0,-31.31005859375,True,0.007815186077919312,
2022-05-16,FN,3970.0,-36.31005859375,False,0.009063243865966797,26.0
2022-05-16,FN,4075.0,68.68994140625,True,0.017145395278930664,15.0
2022-05-16,FN,3925.0,-81.31005859375,True,0.02029550075531006,16.0
2022-05-16,FN,4125.0,118.68994140625,True,0.029625773429870605,13.0
2022-05-17,FP,4050.0,-29.550048828125,True,0.007243457850606205,
2022-05-17,FP,3900.0,-179.550048828125,True,0.04401221867095417,
2022-05-17,FP,4125.0,45.449951171875,True,0.011140922559567779,
2022-05-17,FP,3950.0,-129.550048828125,True,0.03175596506417144,
2022-05-17,FN,4160.0,80.449951171875,False,0.01972031593322754,21.0
2022-05-17,FN,4120.0,40.449951171875,False,0.009915351867675781,26.0
2022-05-17,FN,4040.0,-39.550048828125,False,0.009694695472717285,19.0
2022-05-17,FN,4135.0,55.449951171875,False,0.013592123985290527,16.0
2022-05-18,FP,3920.0,-0.72998046875,False,0.00018618483608578984,
2022-05-18,FP,4050.0,129.27001953125,True,0.032970905972921516,
2022-05-18,FP,3700.0,-220.72998046875,True,0.05629818466671355,
2022-05-18,FP,3925.0,4.27001953125,True,0.0010890878873375254,
2022-05-18,FN,4025.0,104.27001953125,True,0.02659451961517334,22.0
2022-05-18,FN,3825.0,-95.72998046875,True,0.02441638708114624,21.0
2022-05-18,FN,3930.0,9.27001953125,False,0.0023643970489501953,14.0
2022-05-18,FN,3875.0,-45.72998046875,True,0.011663615703582764,13.0
2022-05-19,FP,4200.0,284.10009765625,True,0.0725503983097755,
2022-05-19,FP,4050.0,134.10009765625,True,0.03424502694156928,
2022-05-19,FP,4100.0,184.10009765625,True,0.04701348406430461,
2022-05-19,FP,3700.0,-215.89990234375,True,0.055134172917578717,
2022-05-19,FN,3990.0,74.10009765625,False,0.018922924995422363,22.0
2022-05-19,FN,3825.0,-90.89990234375,True,0.02321302890777588,21.0
2022-05-19,FN,3875.0,-40.89990234375,True,0.010444581508636475,11.0
2022-05-19,FN,3910.0,-5.89990234375,False,0.0015066266059875488,15.0
2022-05-20,FP,4000.0,118.139892578125,True,0.030433835663538966,
2022-05-20,FP,3875.0,-6.860107421875,True,0.001767221700946675,
2022-05-20,FP,4100.0,218.139892578125,True,0.056194681555127524,
2022-05-20,FP,4200.0,318.139892578125,True,0.08195552744671586,
2022-05-20,FP,4050.0,168.139892578125,True,0.043314258609333134,
2022-05-20,FP,4150.0,268.139892578125,True,0.06907510450092169,
2022-05-20,FN,3970.0,88.139892578125,False,0.022705554962158203,31.0
2022-05-20,FN,3910.0,28.139892578125,False,0.007249116897583008,12.0
2022-05-20,FN,3975.0,93.139892578125,True,0.023993611335754395,16.0
2022-05-20,FN,3825.0,-56.860107421875,True,0.01464766263961792,21.0
2022-05-20,FN,3925.0,43.139892578125,True,0.011113166809082031,14.0
2022-05-20,FN,4025.0,143.139892578125,True,0.03687405586242676,15.0
2022-05-23,FP,4000.0,40.3701171875,True,0.010195426941981056,
2022-05-23,FP,3975.0,15.3701171875,True,0.0038817055235937925,
2022-05-23,FP,4200.0,240.3701171875,True,0.06070519828908005,
2022-05-23,FP,4150.0,190.3701171875,True,0.048077755452305304,
2022-05-23,FP,3800.0,-159.6298828125,True,0.04031434440511794,
2022-05-23,FN,3970.0,10.3701171875,False,0.0026189088821411133,15.0
2022-05-23,FN,3875.0,-84.6298828125,True,0.02137315273284912,19.0
2022-05-23,FN,3910.0,-49.6298828125,False,0.012533962726593018,24.0
2022-05-23,FN,3850.0,-109.6298828125,True,0.027686893939971924,11.0
2022-05-23,FN,3925.0,-34.6298828125,True,0.008745729923248291,13.0
2022-05-24,FP,4100.0,147.889892578125,True,0.03742048894346217,
2022-05-24,FP,4200.0,247.889892578125,True,0.06272342769818073,
2022-05-24,FP,4050.0,97.889892578125,True,0.02476901956610278,
2022-05-24,FP,4150.0,197.889892578125,True,0.05007195832082134,
2022-05-24,FP,3800.0,-152.110107421875,True,0.03848832732069374,
2022-05-24,FN,3875.0,-77.110107421875,True,0.019511103630065918,18.0
2022-05-24,FN,3910.0,-42.110107421875,False,0.010655105113983154,24.0
2022-05-24,FN,4075.0,122.889892578125,True,0.031094789505004883,25.0
2022-05-24,FN,3825.0,-127.110107421875,True,0.032162606716156006,20.0
2022-05-24,FN,4025.0,72.889892578125,True,0.01844322681427002,12.0
2022-05-25,FP,4200.0,218.820068359375,True,0.05496362187006221,
2022-05-25,FP,4150.0,168.820068359375,True,0.04240453113351372,
2022-05-25,FP,3800.0,-181.179931640625,True,0.045509104022324776,
2022-05-25,FN,3875.0,-106.179931640625,True,0.026670455932617188,28.0
2022-05-25,FN,3925.0,-56.179931640625,True,0.01411139965057373,12.0
2022-05-25,FN,3910.0,-71.179931640625,False,0.017879128456115723,25.0
2022-05-26,FP,3900.0,-166.52001953125,True,0.040949022439694005,
2022-05-26,FP,4200.0,133.47998046875,True,0.03282412968032955,
2022-05-26,FP,4300.0,233.47998046875,True,0.057415180387003995,
2022-05-26,FP,4050.0,-16.52001953125,True,0.0040624463796822274,
2022-05-26,FP,4025.0,-41.52001953125,True,0.010210209056350839,
2022-05-26,FP,4060.0,-6.52001953125,False,0.0016033413090147386,
2022-05-26,FN,4135.0,68.47998046875,False,0.016839981079101562,16.0
2022-05-26,FN,3975.0,-91.52001953125,True,0.022505760192871094,15.0
2022-05-26,FN,4045.0,-21.52001953125,False,0.005291998386383057,39.0
2022-05-26,FN,4015.0,-51.52001953125,False,0.01266932487487793,25.0
2022-05-26,FN,3985.0,-81.52001953125,False,0.020046651363372803,60.0
2022-05-26,FN,4085.0,18.47998046875,False,0.004544377326965332,47.0
2022-05-27,FP,4145.0,-1.68994140625,False,0.00040753985229891043,
2022-05-27,FP,4140.0,-6.68994140625,False,0.0016133208657460596,
2022-05-27,FP,4125.0,-21.68994140625,True,0.005230663906087507,
2022-05-27,FP,3900.0,-246.68994140625,True,0.05949080951121011,
2022-05-27,FN,4225.0,78.31005859375,True,0.018884897232055664,12.0
2022-05-27,FN,4130.0,-16.68994140625,False,0.004024863243103027,14.0
2022-05-27,FN,4325.0,178.31005859375,True,0.04300057888031006,43.0
2022-05-27,FN,4285.0,138.31005859375,False,0.03335428237915039,111.0
2022-05-31,FP,4130.0,-14.89013671875,False,0.003592408056088403,
2022-05-31,FP,4135.0,-9.89013671875,False,0.002386103465357281,
2022-05-31,FP,4300.0,155.10986328125,True,0.03742194802876986,
2022-05-31,FP,4140.0,-4.89013671875,False,0.001179798874626159,
2022-05-31,FP,3900.0,-244.89013671875,True,0.05908241922972035,
2022-05-31,FP,4125.0,-19.89013671875,True,0.004798712646819525,
2022-05-31,FN,4175.0,30.10986328125,True,0.007264375686645508,11.0
2022-05-31,FN,4240.0,95.10986328125,False,0.02294623851776123,21.0
2022-05-31,FN,4115.0,-29.89013671875,False,0.00721132755279541,34.0
2022-05-31,FN,4085.0,-59.89013671875,False,0.01444917917251587,47.0
2022-05-31,FN,4120.0,-24.89013671875,False,0.006004989147186279,20.0
2022-05-31,FN,4025.0,-119.89013671875,True,0.02892482280731201,15.0
2022-06-01,FP,4225.0,105.16015625,True,0.02552530201132286,
2022-06-01,FP,4130.0,10.16015625,False,0.0024661532087013605,
2022-06-01,FP,4100.0,-19.83984375,True,0.004815683255284364,
2022-06-01,FP,4300.0,180.16015625,True,0.04372989317128728,
2022-06-01,FP,4120.0,0.16015625,False,3.887438737293358e-05,
2022-06-01,FP,4250.0,130.16015625,True,0.03159349906464426,
2022-06-01,FP,3900.0,-219.83984375,True,0.05336125968185579,
2022-06-01,FP,4125.0,5.16015625,True,0.001252513798037036,
2022-06-01,FN,4160.0,40.16015625,False,0.009747982025146484,22.0
2022-06-01,FN,4010.0,-109.83984375,False,0.026661217212677002,37.0
2022-06-01,FN,4075.0,-44.83984375,True,0.010883867740631104,26.0
2022-06-01,FN,4140.0,20.16015625,False,0.0048934221267700195,21.0
2022-06-01,FN,4145.0,25.16015625,False,0.0061070919036865234,24.0
2022-06-01,FN,4210.0,90.16015625,False,0.021884441375732422,25.0
2022-06-01,FN,4180.0,60.16015625,False,0.01460254192352295,31.0
2022-06-01,FN,4025.0,-94.83984375,True,0.023020267486572266,13.0
2022-06-02,FP,4160.0,-5.5498046875,False,0.0013323102465980785,
2022-06-02,FP,4300.0,134.4501953125,True,0.032276698543179716,
2022-06-02,FP,4050.0,-115.5498046875,True,0.027739388581423663,
2022-06-02,FP,3900.0,-265.5498046875,True,0.06374904085618571,
2022-06-02,FP,4125.0,-40.5498046875,True,0.009734562444042583,
2022-06-02,FN,4235.0,69.4501953125,False,0.016672492027282715,26.0
2022-06-02,FN,4145.0,-20.5498046875,False,0.004933297634124756,27.0
2022-06-02,FN,4275.0,109.4501953125,True,0.026275038719177246,14.0
2022-06-02,FN,4180.0,14.4501953125,False,0.0034689903259277344,17.0
2022-06-02,FN,4285.0,119.4501953125,False,0.02867567539215088,15.0
2022-06-03,FP,4225.0,121.5498046875,True,0.029621367118419117,
2022-06-03,FP,4300.0,196.5498046875,True,0.04789866949330235,
2022-06-03,FP,3950.0,-153.4501953125,True,0.03739540825615262,
2022-06-03,FP,4110.0,6.5498046875,False,0.0015961701435982523,
2022-06-03,FP,4050.0,-53.4501953125,True,0.01302567175630831,
2022-06-03,FP,4150.0,46.5498046875,True,0.011344064743535887,
2022-06-03,FP,4250.0,146.5498046875,True,0.035713801243380194,
2022-06-03,FP,3900.0,-203.4501953125,True,0.04958027650607466,
2022-06-03,FP,4125.0,21.5498046875,True,0.00525163061857481,
2022-06-03,FN,4160.0,56.5498046875,False,0.013781070709228516,28.0
2022-06-03,FN,4010.0,-93.4501953125,False,0.022773563861846924,39.0
2022-06-03,FN,4075.0,-28.4501953125,True,0.0069332122802734375,17.0
2022-06-03,FN,4140.0,36.5498046875,False,0.008907079696655273,47.0
2022-06-03,FN,4175.0,71.5498046875,True,0.017436504364013672,18.0
2022-06-03,FN,4210.0,106.5498046875,False,0.02596592903137207,26.0
2022-06-03,FN,4025.0,-78.4501953125,True,0.019118130207061768,12.0
2022-06-03,FN,4155.0,51.5498046875,False,0.01256251335144043,21.0
2022-06-03,FN,4220.0,116.5498046875,False,0.02840292453765869,48.0
2022-06-06,FP,4100.0,-20.22021484375,True,0.004907556826915127,
2022-06-06,FP,4300.0,179.77978515625,True,0.043633537962015856,
2022-06-06,FP,3950.0,-170.22021484375,True,0.041313377918613337,
2022-06-06,FP,4050.0,-70.22021484375,True,0.01704283052414779,
2022-06-06,FP,4120.0,-0.22021484375,False,5.3447348022039876e-05,
2022-06-06,FP,4250.0,129.77978515625,True,0.03149826426478319,
2022-06-06,FP,3900.0,-220.22021484375,True,0.05344865161584611,
2022-06-06,FN,4160.0,39.77978515625,False,0.009654760360717773,23.0
2022-06-06,FN,4230.0,109.77978515625,False,0.026644110679626465,29.0
2022-06-06,FN,4075.0,-45.22021484375,True,0.010975182056427002,22.0
2022-06-06,FN,4175.0,54.77978515625,True,0.013295412063598633,14.0
2022-06-06,FN,4210.0,89.77978515625,False,0.021790027618408203,21.0
2022-06-06,FN,4025.0,-95.22021484375,True,0.02311044931411743,13.0
2022-06-06,FN,4220.0,99.77978515625,False,0.02421712875366211,33.0
2022-06-07,FP,4300.0,140.39990234375,True,0.033753221234622766,
2022-06-07,FP,4175.0,15.39990234375,True,0.0037022555010581826,
2022-06-07,FP,4050.0,-109.60009765625,True,0.0263487102325064,
2022-06-07,FP,4275.0,115.39990234375,True,0.02774302808790985,
2022-06-07,FP,3900.0,-259.60009765625,True,0.06240986911278401,
2022-06-07,FN,4130.0,-29.60009765625,False,0.007116079330444336,17.0
2022-06-07,FN,4230.0,70.39990234375,False,0.016924738883972168,28.0
2022-06-07,FN,4240.0,80.39990234375,False,0.019328713417053223,23.0
2022-06-07,FN,4210.0,50.39990234375,False,0.012116551399230957,20.0
2022-06-07,FN,4155.0,-4.60009765625,False,0.0011059045791625977,11.0
2022-06-08,FP,4300.0,181.169921875,True,0.043985772279655055,
2022-06-08,FP,3950.0,-168.830078125,True,0.04098981383613087,
2022-06-08,FP,4110.0,-8.830078125,False,0.002143831611771563,
2022-06-08,FP,4050.0,-68.830078125,True,0.01671107494590629,
2022-06-08,FP,4120.0,1.169921875,False,0.00028404227725076225,
2022-06-08,FP,4250.0,131.169921875,True,0.031846402834542875,
2022-06-08,FP,3900.0,-218.830078125,True,0.053129183281243164,
2022-06-08,FN,4160.0,41.169921875,False,0.009995579719543457,21.0
2022-06-08,FN,4075.0,-43.830078125,True,0.010641396045684814,20.0
2022-06-08,FN,4140.0,21.169921875,False,0.005139827728271484,24.0
2022-06-08,FN,4175.0,56.169921875,True,0.013637304306030273,15.0
2022-06-08,FN,4210.0,91.169921875,False,0.022134900093078613,22.0
2022-06-08,FN,4025.0,-93.830078125,True,0.022780776023864746,12.0
2022-06-08,FN,4220.0,101.169921875,False,0.024562835693359375,32.0
2022-06-09,FP,4030.0,-5.239990234375,False,0.001298557272195966,
2022-06-09,FP,4300.0,264.760009765625,True,0.06561196122321511,
2022-06-09,FP,4125.0,89.760009765625,True,0.022244032568782046,
2022-06-09,FP,4150.0,114.760009765625,True,0.028439450947986833,
2022-06-09,FN,4075.0,39.760009765625,True,0.009853243827819824,16.0
2022-06-09,FN,3925.0,-110.239990234375,True,0.02731931209564209,25.0
2022-06-09,FN,3910.0,-125.239990234375,False,0.031036555767059326,48.0
2022-06-09,FN,3975.0,-60.239990234375,True,0.014928460121154785,13.0
2022-06-10,FP,4100.0,181.800048828125,True,0.04639886965792828,
2022-06-10,FP,3910.0,-8.199951171875,False,0.0020927852774390576,
2022-06-10,FP,3915.0,-3.199951171875,False,0.0008166890949293792,
2022-06-10,FP,4050.0,131.800048828125,True,0.033637907832831715,
2022-06-10,FP,3700.0,-218.199951171875,True,0.055688824942845105,
2022-06-10,FN,3875.0,-43.199951171875,True,0.011025428771972656,18.0
2022-06-10,FN,3975.0,56.800048828125,True,0.014496445655822754,15.0
2022-06-10,FN,3825.0,-93.199951171875,True,0.023786425590515137,21.0
2022-06-10,FN,4025.0,106.800048828125,True,0.027257442474365234,16.0
2022-06-10,FN,3775.0,-143.199951171875,True,0.03654736280441284,75.0
2022-06-13,FP,4000.0,254.949951171875,True,0.0680765137575805,
2022-06-13,FP,3500.0,-245.050048828125,True,0.06543305046211711,
2022-06-13,FP,3950.0,204.949951171875,True,0.054725557335610686,
2022-06-13,FP,3600.0,-145.050048828125,True,0.03873113761817759,
2022-06-13,FP,3800.0,54.949951171875,True,0.014672688069701456,
2022-06-13,FP,3900.0,154.949951171875,True,0.04137460091364087,
2022-06-13,FN,3875.0,129.949951171875,True,0.034699082374572754,17.0
2022-06-13,FN,3620.0,-125.050048828125,False,0.03339076042175293,11.0
2022-06-13,FN,3820.0,74.949951171875,False,0.020013093948364258,28.0
2022-06-13,FN,3760.0,14.949951171875,False,0.003991961479187012,14.0
2022-06-13,FN,3825.0,79.949951171875,True,0.021348118782043457,13.0
2022-06-13,FN,3775.0,29.949951171875,True,0.00799715518951416,21.0
2022-06-14,FP,4000.0,262.27001953125,True,0.07016826279632937,
2022-06-14,FP,3500.0,-237.72998046875,True,0.06360277005321191,
2022-06-14,FP,3950.0,212.27001953125,True,0.056791159511375255,
2022-06-14,FP,3600.0,-137.72998046875,True,0.036848563483303676,
2022-06-14,FP,3900.0,162.27001953125,True,0.04341405622642114,
2022-06-14,FN,3625.0,-112.72998046875,True,0.03016000986099243,19.0
2022-06-14,FN,3725.0,-12.72998046875,True,0.0034058094024658203,11.0
2022-06-14,FN,3825.0,87.27001953125,True,0.023348450660705566,12.0
2022-06-14,FN,3675.0,-62.72998046875,True,0.01678287982940674,22.0
2022-06-14,FN,3775.0,37.27001953125,True,0.009971261024475098,17.0
2022-06-15,FP,4000.0,202.4599609375,True,0.0533134499847121,
2022-06-15,FP,3750.0,-47.5400390625,True,0.012518640639332501,
2022-06-15,FP,3785.0,-12.5400390625,False,0.003302147951966261,
2022-06-15,FP,3820.0,22.4599609375,False,0.005914344735399979,
2022-06-15,FP,3950.0,152.4599609375,True,0.04014703185990309,
2022-06-15,FP,3600.0,-197.5400390625,True,0.0520178950137592,
2022-06-15,FN,3875.0,77.4599609375,True,0.020397424697875977,11.0
2022-06-15,FN,3720.0,-77.5400390625,False,0.02041846513748169,48.0
2022-06-15,FN,3725.0,-72.5400390625,True,0.019101858139038086,16.0
2022-06-15,FN,3790.0,-7.5400390625,False,0.001985490322113037,19.0
2022-06-15,FN,3760.0,-37.5400390625,False,0.00988537073135376,39.0
2022-06-15,FN,3775.0,-22.5400390625,True,0.0059354305267333984,18.0
2022-06-16,FP,4000.0,341.179931640625,True,0.09324862257946753,
2022-06-16,FP,3400.0,-258.820068359375,True,0.07073867080745255,
2022-06-16,FP,3500.0,-158.820068359375,True,0.04340745524296585,
2022-06-16,FN,3625.0,-33.820068359375,True,0.009243428707122803,13.0
2022-06-16,FN,3675.0,16.179931640625,True,0.004422187805175781,11.0
2022-06-16,FN,3775.0,116.179931640625,True,0.03175342082977295,18.0
2022-06-17,FP,4000.0,321.0400390625,True,0.08726380348556173,
2022-06-17,FP,3675.0,-3.9599609375,True,0.0010763805476401433,
2022-06-17,FP,3900.0,221.0400390625,True,0.06008220839842271,
2022-06-17,FP,3685.0,6.0400390625,False,0.0016417789610738698,
2022-06-17,FN,3850.0,171.0400390625,True,0.046491384506225586,11.0
2022-06-17,FN,3725.0,46.0400390625,True,0.012514472007751465,23.0
2022-06-17,FN,3550.0,-128.9599609375,True,0.035053372383117676,15.0
2022-06-17,FN,3775.0,96.0400390625,True,0.026105165481567383,30.0
2022-06-21,FP,4000.0,229.580078125,True,0.060889790230800545,
2022-06-21,FP,3650.0,-120.419921875,True,0.03193806641439456,
2022-06-21,FP,3620.0,-150.419921875,False,0.03989473984112557,
2022-06-21,FP,3950.0,179.580078125,True,0.04762866785291542,
2022-06-21,FP,3800.0,29.580078125,True,0.007845300719260484,
2022-06-21,FP,3900.0,129.580078125,True,0.034367545475030514,
2022-06-21,FN,3875.0,104.580078125,True,0.027737021446228027,17.0
2022-06-21,FN,3660.0,-110.419921875,False,0.029285848140716553,28.0
2022-06-21,FN,3725.0,-45.419921875,True,0.012046396732330322,20.0
2022-06-21,FN,3790.0,19.580078125,False,0.005193114280700684,25.0
2022-06-21,FN,3825.0,54.580078125,True,0.014475822448730469,11.0
2022-06-21,FN,3675.0,-95.419921875,True,0.02530747652053833,27.0
2022-06-22,FP,4000.0,235.780029296875,True,0.0626371548772251,
2022-06-22,FP,3620.0,-144.219970703125,False,0.038313374836111413,
2022-06-22,FP,3950.0,185.780029296875,True,0.04935419044125977,
2022-06-22,FP,3800.0,35.780029296875,True,0.009505297133363788,
2022-06-22,FP,3900.0,135.780029296875,True,0.03607122600529444,
2022-06-22,FN,3875.0,110.780029296875,True,0.02942979335784912,15.0
2022-06-22,FN,3725.0,-39.219970703125,True,0.010419130325317383,18.0
2022-06-22,FN,3760.0,-4.219970703125,False,0.0011211037635803223,12.0
2022-06-22,FN,3825.0,60.780029296875,True,0.01614677906036377,11.0
2022-06-22,FN,3675.0,-89.219970703125,True,0.02370208501815796,23.0
2022-06-23,FP,4000.0,205.050048828125,True,0.05403234600361606,
2022-06-23,FP,3650.0,-144.949951171875,True,0.038195484271700275,
2022-06-23,FP,3790.0,-4.949951171875,False,0.001304352161573652,
2022-06-23,FP,3950.0,155.050048828125,True,0.0408569416785709,
2022-06-23,FN,3905.0,110.050048828125,False,0.02899909019470215,78.0
2022-06-23,FN,3875.0,80.050048828125,True,0.02109384536743164,14.0
2022-06-23,FN,3725.0,-69.949951171875,True,0.0184323787689209,19.0
2022-06-23,FN,3910.0,115.050048828125,False,0.030316591262817383,44.0
2022-06-24,FP,3900.0,-0.4599609375,True,0.00011792479402594758,
2022-06-24,FP,4100.0,199.5400390625,True,0.05115807906269065,
2022-06-24,FP,3925.0,24.5400390625,True,0.006291575688063711,
2022-06-24,FP,3750.0,-150.4599609375,True,0.038574927686563454,
2022-06-24,FN,4025.0,124.5400390625,True,0.031929612159729004,22.0
2022-06-24,FN,3955.0,54.5400390625,False,0.013983011245727539,34.0
2022-06-24,FN,3860.0,-40.4599609375,False,0.010373115539550781,23.0
2022-06-24,FN,3975.0,74.5400390625,True,0.019110560417175293,11.0
2022-06-27,FP,4100.0,195.56005859375,True,0.050086583870801116,
2022-06-27,FP,3750.0,-154.43994140625,True,0.03955495377670626,
2022-06-27,FP,3975.0,70.56005859375,True,0.018071748996691284,
2022-06-27,FP,3925.0,20.56005859375,True,0.005265815047047484,
2022-06-27,FP,3900.0,-4.43994140625,True,0.0011371519277745268,
2022-06-27,FN,4010.0,105.56005859375,False,0.027035951614379883,25.0
2022-06-27,FN,3790.0,-114.43994140625,False,0.029310226440429688,38.0
2022-06-27,FN,3985.0,80.56005859375,False,0.02063298225402832,46.0
2022-06-27,FN,3860.0,-44.43994140625,False,0.011381924152374268,22.0
2022-06-27,FN,3935.0,30.56005859375,False,0.007827043533325195,44.0
2022-06-28,FP,3800.0,-25.830078125,True,0.006751496432810478,
2022-06-28,FP,3650.0,-175.830078125,True,0.0459586742051995,
2022-06-28,FP,3900.0,74.169921875,True,0.0193866220821155,
2022-06-28,FP,3950.0,124.169921875,True,0.03245568133957866,
2022-06-28,FN,3760.0,-65.830078125,False,0.01720672845840454,23.0
2022-06-28,FN,3725.0,-100.830078125,True,0.026355087757110596,17.0
2022-06-28,FN,3910.0,84.169921875,False,0.022000432014465332,28.0
2022-06-28,FN,3815.0,-10.830078125,False,0.002830803394317627,13.0
2022-06-29,FP,3800.0,-17.050048828125,True,0.004466813012671822,
2022-06-29,FP,3810.0,-7.050048828125,False,0.0018469888363893405,
2022-06-29,FP,3900.0,82.949951171875,True,0.02173142875015266,
2022-06-29,FP,3950.0,132.949951171875,True,0.034830549631564844,
2022-06-29,FN,3760.0,-57.050048828125,False,0.0149461030960083,24.0
2022-06-29,FN,3905.0,87.949951171875,False,0.023041367530822754,59.0
2022-06-29,FN,3725.0,-92.050048828125,True,0.02411550283432007,18.0
2022-06-29,FN,3910.0,92.949951171875,False,0.02435123920440674,34.0
2022-06-30,FP,3790.0,5.7900390625,False,0.0015300522757109025,
2022-06-30,FP,3950.0,165.7900390625,True,0.043811004350674976,
2022-06-30,FP,3600.0,-184.2099609375,True,0.04867857831330902,
2022-06-30,FP,3825.0,40.7900390625,True,0.01077901054210928,
2022-06-30,FP,3925.0,140.7900390625,True,0.03720460558896166,
2022-06-30,FN,3810.0,25.7900390625,False,0.006815195083618164,24.0
2022-06-30,FN,3875.0,90.7900390625,True,0.023991823196411133,12.0
2022-06-30,FN,3885.0,100.7900390625,False,0.0266343355178833,51.0
2022-06-30,FN,3725.0,-59.2099609375,True,0.01564657688140869,18.0
2022-06-30,FN,3760.0,-24.2099609375,False,0.006397604942321777,19.0
2022-07-01,FP,4000.0,173.5,True,0.04534169606690197,
2022-07-01,FP,3750.0,-76.5,True,0.01999215993727954,
2022-07-01,FP,3815.0,-11.5,False,0.0030053573761923413,
2022-07-01,FP,3820.0,-6.5,False,0.0016986802561087533,
2022-07-01,FP,3830.0,3.5,False,0.0009146739840586449,
2022-07-01,FP,3900.0,73.5,True,0.01920815366522932,
2022-07-01,FN,3875.0,48.5,True,0.012674808502197266,14.0
2022-07-01,FN,3910.0,83.5,False,0.02182149887084961,17.0
2022-07-01,FN,3975.0,148.5,True,0.038808345794677734,20.0
2022-07-01,FN,3725.0,-101.5,True,0.026525557041168213,22.0
2022-07-01,FN,3675.0,-151.5,True,0.03959232568740845,36.0
2022-07-01,FN,3775.0,-51.5,True,0.013458788394927979,18.0
2022-07-05,FP,4000.0,175.85009765625,True,0.045984101603463445,
2022-07-05,FP,3830.0,5.85009765625,False,0.001529777285316225,
2022-07-05,FP,3820.0,-4.14990234375,False,0.001085182968692311,
2022-07-05,FP,3950.0,125.85009765625,True,0.03290930033342021,
2022-07-05,FN,3760.0,-64.14990234375,False,0.01677495241165161,25.0
2022-07-05,FN,3875.0,50.85009765625,True,0.013297080993652344,12.0
2022-07-05,FN,3725.0,-99.14990234375,True,0.025927305221557617,21.0
2022-07-05,FN,3775.0,-49.14990234375,True,0.012852489948272705,16.0
2022-07-06,FP,4000.0,142.8701171875,True,0.03704052534609592,
2022-07-06,FP,3900.0,42.8701171875,True,0.011114512212443417,
2022-07-06,FP,3860.0,2.8701171875,False,0.0007441069589824156,
2022-07-06,FP,3750.0,-107.1298828125,True,0.027774507488035116,
2022-07-06,FN,3760.0,-97.1298828125,False,0.025181889533996582,35.0
2022-07-06,FN,3825.0,-32.1298828125,True,0.008329987525939941,12.0
2022-07-06,FN,3770.0,-87.1298828125,False,0.02258932590484619,27.0
2022-07-06,FN,3775.0,-82.1298828125,True,0.02129298448562622,14.0
2022-07-07,FP,3875.0,-25.6298828125,True,0.006570703599804273,
2022-07-07,FP,4100.0,199.3701171875,True,0.05111228780407817,
2022-07-07,FP,3750.0,-150.6298828125,True,0.03861680993529437,
2022-07-07,FP,3910.0,9.3701171875,False,0.0024022061741331147,
2022-07-07,FP,3900.0,-0.6298828125,True,0.0001614823327061865,
2022-07-07,FN,3915.0,14.3701171875,False,0.0036840438842773438,21.0
2022-07-07,FN,3920.0,19.3701171875,False,0.0049659013748168945,15.0
2022-07-07,FN,3825.0,-75.6298828125,True,0.01938915252685547,12.0
2022-07-07,FN,3955.0,54.3701171875,False,0.0139387845993042,24.0
2022-07-07,FN,3965.0,64.3701171875,False,0.0165024995803833,45.0
2022-07-08,FP,3905.0,-0.110107421875,False,2.81957278658318e-05,
2022-07-08,FP,3875.0,-30.110107421875,True,0.007710437502043588,
2022-07-08,FP,3750.0,-155.110107421875,True,0.03971977822778405,
2022-07-08,FP,3800.0,-105.110107421875,True,0.026916041937487867,
2022-07-08,FP,3900.0,-5.110107421875,True,0.0013085693568954948,
2022-07-08,FN,3810.0,-95.110107421875,False,0.024355292320251465,34.0
2022-07-08,FN,3945.0,39.889892578125,False,0.010214805603027344,43.0
2022-07-08,FN,3915.0,9.889892578125,False,0.0025326013565063477,13.0
2022-07-08,FN,3825.0,-80.110107421875,True,0.020514190196990967,14.0
2022-07-08,FN,3965.0,59.889892578125,False,0.015336275100708008,40.0
2022-07-11,FP,4000.0,149.1201171875,True,0.03872364802991202,
2022-07-11,FP,3875.0,24.1201171875,True,0.006263534028977169,
2022-07-11,FP,3750.0,-100.8798828125,True,0.026196579971957457,
2022-07-11,FP,3850.0,-0.8798828125,True,0.00022848877120973388,
2022-07-11,FP,3860.0,9.1201171875,False,0.0023683203488651383,
2022-07-11,FP,3800.0,-50.8798828125,True,0.01321253437158365,
2022-07-11,FN,3840.0,-10.8798828125,False,0.002825319766998291,12.0
2022-07-11,FN,3905.0,54.1201171875,False,0.014053940773010254,38.0
2022-07-11,FN,3780.0,-70.8798828125,False,0.018406152725219727,28.0
2022-07-11,FN,3880.0,29.1201171875,False,0.007561922073364258,18.0
2022-07-11,FN,3770.0,-80.8798828125,False,0.02100294828414917,34.0
2022-07-11,FN,3775.0,-75.8798828125,True,0.019704580307006836,11.0
2022-07-12,FP,4000.0,189.219970703125,True,0.04965386856455156,
2022-07-12,FP,3950.0,139.219970703125,True,0.03653319520749476,
2022-07-12,FP,3800.0,-10.780029296875,True,0.0028288248636759716,
2022-07-12,FN,3840.0,29.219970703125,False,0.007667660713195801,18.0
2022-07-12,FN,3725.0,-85.780029296875,True,0.02250981330871582,17.0
2022-07-12,FN,3760.0,-50.780029296875,False,0.013325393199920654,19.0
2022-07-13,FP,3810.0,4.159912109375,False,0.0010930338672427986,
2022-07-13,FP,3805.0,-0.840087890625,False,0.0002207365184097032,
2022-07-13,FP,3950.0,144.159912109375,True,0.03787860466551418,
2022-07-13,FN,3905.0,99.159912109375,False,0.02605462074279785,61.0
2022-07-13,FN,3860.0,54.159912109375,False,0.014230728149414062,21.0
2022-07-13,FN,3725.0,-80.840087890625,True,0.021241068840026855,17.0
2022-07-14,FP,3820.0,30.39990234375,False,0.00802192884746633,
2022-07-14,FP,3825.0,35.39990234375,True,0.009341329277894994,
2022-07-14,FP,3780.0,-9.60009765625,False,0.0025332745959626424,
2022-07-14,FP,3790.0,0.39990234375,False,0.00010552626489457317,
2022-07-14,FN,3840.0,50.39990234375,False,0.01329958438873291,13.0
2022-07-14,FN,3875.0,85.39990234375,True,0.022535324096679688,20.0
2022-07-14,FN,3725.0,-64.60009765625,True,0.017046689987182617,15.0
2022-07-14,FN,3760.0,-29.60009765625,False,0.0078108906745910645,16.0
2022-07-15,FP,3840.0,-15.090087890625,False,0.003914328211946372,
2022-07-15,FP,4000.0,144.909912109375,True,0.037589241445889154,
2022-07-15,FP,3845.0,-10.090087890625,False,0.0026173416601389388,
2022-07-15,FP,3855.0,-0.090087890625,False,2.3368556524294704e-05,
2022-07-15,FP,3860.0,4.909912109375,False,0.0012736179952830273,
2022-07-15,FP,3800.0,-55.090087890625,True,0.014290220626405281,
2022-07-15,FP,3865.0,9.909912109375,False,0.0025706045470903494,
2022-07-15,FN,3905.0,49.909912109375,False,0.012946486473083496,41.0
2022-07-15,FN,3780.0,-75.090087890625,False,0.019478142261505127,44.0
2022-07-15,FN,3950.0,94.909912109375,True,0.024619340896606445,13.0
2022-07-15,FN,3825.0,-30.090087890625,True,0.007805287837982178,16.0
2022-07-15,FN,3770.0,-85.090087890625,False,0.022072136402130127,28.0
2022-07-15,FN,3965.0,109.909912109375,False,0.028510332107543945,55.0
2022-07-15,FN,3775.0,-80.090087890625,True,0.020775139331817627,14.0
2022-07-18,FP,4000.0,176.89990234375,True,0.04627132374906906,
2022-07-18,FP,3850.0,26.89990234375,True,0.00703614910847894,
2022-07-18,FP,3820.0,-3.10009765625,False,0.0008108858196390623,
2022-07-18,FP,3950.0,126.89990234375,True,0.03319293220220576,
2022-07-18,FP,3825.0,1.89990234375,True,0.0004969533350474009,
2022-07-18,FP,3830.0,6.89990234375,False,0.001804792489733753,
2022-07-18,FN,3905.0,81.89990234375,False,0.021422386169433594,46.0
2022-07-18,FN,3875.0,51.89990234375,True,0.013575315475463867,12.0
2022-07-18,FN,3780.0,-43.10009765625,False,0.011273622512817383,36.0
2022-07-18,FN,3785.0,-38.10009765625,False,0.009965777397155762,44.0
2022-07-18,FN,3725.0,-98.10009765625,True,0.02565985918045044,16.0
2022-07-18,FN,3925.0,101.89990234375,True,0.026653766632080078,21.0
2022-07-19,FP,3800.0,-136.409912109375,True,0.034653380911816134,
2022-07-19,FP,4100.0,163.590087890625,True,0.04155819427935614,
2022-07-19,FP,3900.0,-36.409912109375,True,0.009249522514758746,
2022-07-19,FP,3935.0,-1.409912109375,False,0.00035817207578858756,
2022-07-19,FN,4025.0,88.590087890625,True,0.02250528335571289,21.0
2022-07-19,FN,3965.0,28.590087890625,False,0.0072629451751708984,28.0
2022-07-19,FN,4005.0,68.590087890625,False,0.017424583435058594,51.0
2022-07-19,FN,4015.0,78.590087890625,False,0.019964933395385742,56.0
2022-07-20,FP,3960.0,-4.280029296875,False,0.0010796485781137122,
2022-07-20,FP,3970.0,5.719970703125,False,0.0014428775618404721,
2022-07-20,FP,3850.0,-114.280029296875,True,0.028827436117610516,
2022-07-20,FP,3965.0,0.719970703125,False,0.00018161449186337997,
2022-07-20,FN,4025.0,60.719970703125,True,0.01531672477722168,16.0
2022-07-20,FN,3875.0,-89.280029296875,True,0.022521138191223145,18.0
2022-07-20,FN,4005.0,40.719970703125,False,0.010271668434143066,37.0
2022-07-20,FN,4015.0,50.719970703125,False,0.012794256210327148,43.0
2022-07-21,FP,4100.0,111.4599609375,True,0.027945052536992643,
2022-07-21,FP,3850.0,-138.5400390625,True,0.034734523837214315,
2022-07-21,FP,3980.0,-8.5400390625,False,0.0021411441226266703,
2022-07-21,FP,3990.0,1.4599609375,False,0.0003660389323416613,
2022-07-21,FP,3800.0,-188.5400390625,True,0.04727043911205564,
2022-07-21,FP,3900.0,-88.5400390625,True,0.02219860856237288,
2022-07-21,FN,3940.0,-48.5400390625,False,0.012169897556304932,18.0
2022-07-21,FN,4005.0,16.4599609375,False,0.004126787185668945,30.0
2022-07-21,FN,4010.0,21.4599609375,False,0.005380392074584961,17.0
2022-07-21,FN,4075.0,86.4599609375,True,0.021677136421203613,20.0
2022-07-21,FN,4020.0,31.4599609375,False,0.007887601852416992,24.0
2022-07-21,FN,4025.0,36.4599609375,True,0.009141206741333008,11.0
2022-07-22,FP,4000.0,46.510009765625,True,0.011764291772714985,
2022-07-22,FP,3850.0,-103.489990234375,True,0.02617686916876194,
2022-07-22,FP,3800.0,-153.489990234375,True,0.03882392281592084,
2022-07-22,FP,3955.0,1.510009765625,False,0.00038194349027187435,
2022-07-22,FP,3960.0,6.510009765625,False,0.0016466488549877756,
2022-07-22,FP,3900.0,-53.489990234375,True,0.013529815521602928,
2022-07-22,FP,3965.0,11.510009765625,False,0.002911354219703677,
2022-07-22,FN,3875.0,-78.489990234375,True,0.01985335350036621,21.0
2022-07-22,FN,4005.0,51.510009765625,False,0.013028979301452637,54.0
2022-07-22,FN,4010.0,56.510009765625,False,0.014293670654296875,29.0
2022-07-22,FN,4015.0,61.510009765625,False,0.015558362007141113,34.0
2022-07-22,FN,4020.0,66.510009765625,False,0.016823172569274902,30.0
2022-07-22,FN,3925.0,-28.489990234375,True,0.007206261157989502,11.0
2022-07-22,FN,4025.0,71.510009765625,True,0.01808786392211914,18.0
2022-07-25,FP,4000.0,45.75,True,0.011569829929822362,
2022-07-25,FP,3910.0,-44.25,False,0.01119049124359861,
2022-07-25,FP,3850.0,-104.25,True,0.026364038692546,
2022-07-25,FP,3800.0,-154.25,True,0.03900866156666882,
2022-07-25,FP,3955.0,0.75,False,0.00018966934311182015,
2022-07-25,FP,3925.0,-29.25,True,0.007397104381361874,
2022-07-25,FP,3960.0,5.75,False,0.0014541316305241025,
2022-07-25,FN,3875.0,-79.25,True,0.020041704177856445,19.0
2022-07-25,FN,3940.0,-14.25,False,0.003603696823120117,13.0
2022-07-25,FN,4005.0,50.75,False,0.012834310531616211,51.0
2022-07-25,FN,4010.0,55.75,False,0.014098763465881348,35.0
2022-07-25,FN,4015.0,60.75,False,0.015363216400146484,32.0
2022-07-25,FN,4020.0,65.75,False,0.01662766933441162,29.0
2022-07-25,FN,4025.0,70.75,True,0.017892122268676758,17.0
2022-07-26,FP,3750.0,-168.199951171875,True,0.04292786311774843,
2022-07-26,FP,3910.0,-8.199951171875,False,0.0020927852774390576,
2022-07-26,FP,3850.0,-68.199951171875,True,0.017405939467555087,
2022-07-26,FP,4050.0,131.800048828125,True,0.033637907832831715,
2022-07-26,FP,3800.0,-118.199951171875,True,0.03016690129265176,
2022-07-26,FN,3875.0,-43.199951171875,True,0.011025428771972656,14.0
2022-07-26,FN,3940.0,21.800048828125,False,0.0055637359619140625,16.0
2022-07-26,FN,4005.0,86.800048828125,False,0.022153019905090332,69.0
2022-07-26,FN,3890.0,-28.199951171875,False,0.007197141647338867,22.0
2022-07-26,FN,3860.0,-58.199951171875,False,0.01485377550125122,18.0
2022-07-27,FP,4040.0,7.030029296875,False,0.001743139509578162,
2022-07-27,FP,3050.0,-982.969970703125,True,0.2437335209147986,
2022-07-27,FP,3850.0,-182.969970703125,True,0.04536854279409008,
2022-07-27,FP,3950.0,-82.969970703125,True,0.020572920529001504,
2022-07-27,FP,4025.0,-7.969970703125,True,0.0019762038301851526,
2022-07-27,FP,3900.0,-132.969970703125,True,0.03297073166154585,
2022-07-27,FN,3970.0,-62.969970703125,False,0.015613794326782227,36.0
2022-07-27,FN,4005.0,-27.969970703125,False,0.0069353580474853516,51.0
2022-07-27,FN,3975.0,-57.969970703125,True,0.014374017715454102,13.0
2022-07-27,FN,4080.0,47.030029296875,False,0.011661410331726074,45.0
2022-07-27,FN,3925.0,-107.969970703125,True,0.026771843433380127,19.0
2022-07-27,FN,4085.0,52.030029296875,False,0.0129011869430542,52.0
2022-07-28,FP,4200.0,132.409912109375,True,0.03255242274868464,
2022-07-28,FP,4075.0,7.409912109375,True,0.0018216958811643202,
2022-07-28,FP,3900.0,-167.590087890625,True,0.041201321733364216,
2022-07-28,FP,3950.0,-117.590087890625,True,0.02890903098635611,
2022-07-28,FN,4025.0,-42.590087890625,True,0.010470569133758545,11.0
2022-07-28,FN,4010.0,-57.590087890625,False,0.014158308506011963,28.0
2022-07-28,FN,4005.0,-62.590087890625,False,0.015387535095214844,48.0
2022-07-28,FN,4015.0,-52.590087890625,False,0.012929081916809082,26.0
2022-07-29,FP,4000.0,-137.97998046875,True,0.03334476752425464,
2022-07-29,FP,4130.0,-7.97998046875,False,0.0019284724687929078,
2022-07-29,FP,4135.0,-2.97998046875,False,0.0007201534281982003,
2022-07-29,FP,4140.0,2.02001953125,False,0.00048816561239650724,
2022-07-29,FP,4145.0,7.02001953125,False,0.0016964846529912148,
2022-07-29,FP,4150.0,12.02001953125,True,0.0029048036935859223,
2022-07-29,FN,4070.0,-67.97998046875,False,0.01642829179763794,31.0
2022-07-29,FN,4075.0,-62.97998046875,True,0.01521998643875122,14.0
2022-07-29,FN,4110.0,-27.97998046875,False,0.006761729717254639,23.0
2022-07-29,FN,4175.0,37.02001953125,True,0.008946418762207031,18.0
2022-07-29,FN,4080.0,-57.97998046875,False,0.014011681079864502,38.0
2022-07-29,FN,4215.0,77.02001953125,False,0.018612980842590332,100.0
2022-08-01,FP,3900.0,-220.18017578125,True,0.05343945322476107,
2022-08-01,FP,4100.0,-20.18017578125,True,0.004897886723466804,
2022-08-01,FP,4125.0,4.81982421875,True,0.0011698090891949509,
2022-08-01,FP,3950.0,-170.18017578125,True,0.04130406159943756,
2022-08-01,FN,4080.0,-40.18017578125,False,0.009752035140991211,20.0
2022-08-01,FN,4025.0,-95.18017578125,True,0.023100972175598145,14.0
2022-08-01,FN,4170.0,49.81982421875,False,0.012091636657714844,43.0
2022-08-01,FN,4215.0,94.81982421875,False,0.02301347255706787,102.0
2022-08-02,FP,4090.0,-14.2900390625,False,0.003481732267090032,
2022-08-02,FP,4075.0,-29.2900390625,True,0.007136444740438064,
2022-08-02,FP,3900.0,-204.2900390625,True,0.049774756929499064,
2022-08-02,FP,3950.0,-154.2900390625,True,0.03759238201833881,
2022-08-02,FN,4025.0,-79.2900390625,True,0.019318819046020508,13.0
2022-08-02,FN,4170.0,65.7099609375,False,0.016010046005249023,36.0
2022-08-02,FN,4005.0,-99.2900390625,False,0.02419179677963257,65.0
2022-08-02,FN,4175.0,70.7099609375,True,0.017228245735168457,15.0
2022-08-03,FP,4160.0,-4.919921875,False,0.0011812764632422867,
2022-08-03,FP,4100.0,-64.919921875,True,0.015587315745022479,
2022-08-03,FP,4165.0,0.080078125,False,1.9226810239247882e-05,
2022-08-03,FP,4300.0,135.080078125,True,0.03243281519424479,
2022-08-03,FP,4050.0,-114.919921875,True,0.027592348479839268,
2022-08-03,FP,4250.0,85.080078125,True,0.02042778245942789,
2022-08-03,FN,4225.0,60.080078125,True,0.014425277709960938,12.0
2022-08-03,FN,4110.0,-54.919921875,False,0.013186335563659668,25.0
2022-08-03,FN,4240.0,75.080078125,False,0.01802682876586914,39.0
2022-08-03,FN,4210.0,45.080078125,False,0.010823726654052734,26.0
2022-08-03,FN,4215.0,50.080078125,False,0.012024283409118652,38.0
2022-08-03,FN,4220.0,55.080078125,False,0.01322472095489502,35.0
2022-08-04,FP,4000.0,-148.66015625,True,0.03583329331664875,
2022-08-04,FP,4160.0,11.33984375,False,0.0027333749506852634,
2022-08-04,FP,4140.0,-8.66015625,False,0.002087458582731405,
2022-08-04,FP,4050.0,-98.66015625,True,0.023781209483106802,
2022-08-04,FP,4250.0,101.33984375,True,0.02442712585106066,
2022-08-04,FP,4155.0,6.33984375,False,0.001528166567331235,
2022-08-04,FN,4225.0,76.33984375,True,0.018401026725769043,14.0
2022-08-04,FN,4170.0,21.33984375,False,0.00514376163482666,18.0
2022-08-04,FN,4210.0,61.33984375,False,0.014785408973693848,30.0
2022-08-04,FN,4215.0,66.33984375,False,0.015990614891052246,40.0
2022-08-04,FN,4220.0,71.33984375,False,0.017195820808410645,37.0
2022-08-04,FN,4190.0,41.33984375,False,0.009964585304260254,22.0
2022-08-05,FP,4000.0,-141.5400390625,True,0.03417570220920518,
2022-08-05,FP,4130.0,-11.5400390625,False,0.002786412531004312,
2022-08-05,FP,4135.0,-6.5400390625,False,0.001579132158765817,
2022-08-05,FP,4140.0,-1.5400390625,False,0.00037185178652732187,
2022-08-05,FP,3950.0,-191.5400390625,True,0.046248505931590134,
2022-08-05,FP,4145.0,3.4599609375,False,0.0008354285857110622,
2022-08-05,FP,4050.0,-91.5400390625,True,0.022102898486820233,
2022-08-05,FP,4125.0,-16.5400390625,True,0.003993692903242807,
2022-08-05,FN,4225.0,83.4599609375,True,0.020151972770690918,14.0
2022-08-05,FN,4170.0,28.4599609375,False,0.006871819496154785,28.0
2022-08-05,FN,4205.0,63.4599609375,False,0.01532280445098877,53.0
2022-08-05,FN,4175.0,33.4599609375,True,0.008079051971435547,12.0
2022-08-05,FN,4210.0,68.4599609375,False,0.01653003692626953,39.0
2022-08-05,FN,4215.0,73.4599609375,False,0.017737388610839844,32.0
2022-08-05,FN,4220.0,78.4599609375,False,0.018944621086120605,56.0
2022-08-05,FN,4190.0,48.4599609375,False,0.011700987815856934,24.0
2022-08-08,FP,4000.0,-142.89013671875,True,0.03449044797309586,
2022-08-08,FP,4140.0,-2.89013671875,False,0.0006976136521541498,
2022-08-08,FP,3950.0,-192.89013671875,True,0.04655931737343211,
2022-08-08,FP,4175.0,32.10986328125,True,0.007750594928081167,
2022-08-08,FP,4145.0,2.10986328125,False,0.0005092732878795303,
2022-08-08,FP,4250.0,107.10986328125,True,0.025853899028585703,
2022-08-08,FP,4125.0,-17.89013671875,True,0.004318274472255079,
2022-08-08,FN,4225.0,82.10986328125,True,0.01981949806213379,11.0
2022-08-08,FN,4165.0,22.10986328125,False,0.005336761474609375,15.0
2022-08-08,FN,4170.0,27.10986328125,False,0.006543755531311035,26.0
2022-08-08,FN,4205.0,62.10986328125,False,0.0149918794631958,21.0
2022-08-08,FN,4110.0,-32.89013671875,False,0.007938921451568604,25.0
2022-08-08,FN,4215.0,72.10986328125,False,0.01740574836730957,30.0
2022-08-08,FN,4190.0,47.10986328125,False,0.011371254920959473,37.0
2022-08-09,FP,3950.0,-169.6298828125,True,0.041176000669432056,
2022-08-09,FP,4050.0,-69.6298828125,True,0.016901975369924105,
2022-08-09,FP,4120.0,0.3701171875,False,8.984233973152733e-05,
2022-08-09,FP,4250.0,130.3701171875,True,0.03164607522909213,
2022-08-09,FP,3900.0,-219.6298828125,True,0.05331301331918614,
2022-08-09,FN,4170.0,50.3701171875,False,0.01222681999206543,29.0
2022-08-09,FN,4205.0,85.3701171875,False,0.02072274684906006,23.0
2022-08-09,FN,4215.0,95.3701171875,False,0.023150205612182617,39.0
2022-08-09,FN,4025.0,-94.6298828125,True,0.022970497608184814,11.0
2022-08-09,FN,4190.0,70.3701171875,False,0.017081618309020996,43.0
2022-08-10,FP,4050.0,-158.72998046875,True,0.037714460467970334,
2022-08-10,FP,4210.0,1.27001953125,False,0.0003017583777396027,
2022-08-10,FP,4100.0,-108.72998046875,True,0.025834392078685986,
2022-08-10,FP,4250.0,41.27001953125,True,0.009805813089166948,
2022-08-10,FN,4240.0,31.27001953125,False,0.007429838180541992,26.0
2022-08-10,FN,4275.0,66.27001953125,True,0.015745878219604492,15.0
2022-08-10,FN,4260.0,51.27001953125,False,0.012181878089904785,19.0
2022-08-10,FN,4215.0,6.27001953125,False,0.0014897584915161133,11.0
2022-08-11,FP,4100.0,-102.06982421875,True,0.024290368434733645,
2022-08-11,FP,4205.0,2.93017578125,False,0.0006973172516939741,
2022-08-11,FP,4050.0,-152.06982421875,True,0.036189266380651564,
2022-08-11,FP,4125.0,-77.06982421875,True,0.01834091946177474,
2022-08-11,FP,4190.0,-12.06982421875,False,0.0028723521320814793,
2022-08-11,FN,4260.0,57.93017578125,False,0.013786077499389648,21.0
2022-08-11,FN,4270.0,67.93017578125,False,0.016165852546691895,36.0
2022-08-11,FN,4240.0,37.93017578125,False,0.009026527404785156,22.0
2022-08-11,FN,4275.0,72.93017578125,True,0.017355799674987793,16.0
2022-08-11,FN,4185.0,-17.06982421875,False,0.004062235355377197,11.0
2022-08-12,FP,4100.0,-172.60986328125,True,0.04039916322916748,
2022-08-12,FP,4265.0,-7.60986328125,False,0.0017810807737559387,
2022-08-12,FP,4275.0,2.39013671875,True,0.0005594090720266731,
2022-08-12,FP,4150.0,-122.60986328125,True,0.028696714000254864,
2022-08-12,FP,4280.0,7.39013671875,False,0.001729653994917868,
2022-08-12,FN,4225.0,-47.60986328125,True,0.011143028736114502,11.0
2022-08-12,FN,4325.0,52.39013671875,True,0.01226186752319336,13.0
2022-08-12,FN,4205.0,-67.60986328125,False,0.01582401990890503,19.0
2022-08-12,FN,4240.0,-32.60986328125,False,0.007632315158843994,17.0
2022-08-12,FN,4340.0,67.39013671875,False,0.015772581100463867,18.0
2022-08-15,FP,4100.0,-198.97021484375,True,0.046283227121865944,
2022-08-15,FP,4200.0,-98.97021484375,True,0.023021842417521143,
2022-08-15,FP,4400.0,101.02978515625,True,0.023500926991168347,
2022-08-15,FP,4305.0,6.02978515625,False,0.0014026115220406865,
2022-08-15,FP,4150.0,-148.97021484375,True,0.034652534769693544,
2022-08-15,FN,4260.0,-38.97021484375,False,0.009065032005310059,13.0
2022-08-15,FN,4205.0,-93.97021484375,False,0.02185875177383423,27.0
2022-08-15,FN,4340.0,41.02978515625,False,0.009544134140014648,14.0
2022-08-15,FN,4215.0,-83.97021484375,False,0.019532620906829834,26.0
2022-08-15,FN,4375.0,76.02978515625,True,0.017685532569885254,15.0
2022-08-16,FP,4320.0,9.580078125,False,0.0022225394041963664,
2022-08-16,FP,4200.0,-110.419921875,True,0.025616975579253576,
2022-08-16,FP,4325.0,14.580078125,True,0.0033825191951732947,
2022-08-16,FN,4215.0,-95.419921875,False,0.022137045860290527,31.0
2022-08-16,FN,4260.0,-50.419921875,False,0.011697232723236084,16.0
2022-08-16,FN,4375.0,64.580078125,True,0.014982342720031738,15.0
2022-08-17,FP,4400.0,125.9599609375,True,0.029470936113441093,
2022-08-17,FP,4100.0,-174.0400390625,True,0.040720264076111734,
2022-08-17,FP,4150.0,-124.0400390625,True,0.0290217307111863,
2022-08-17,FP,4270.0,-4.0400390625,False,0.0009452506353652135,
2022-08-17,FN,4340.0,65.9599609375,False,0.01543271541595459,13.0
2022-08-17,FN,4260.0,-14.0400390625,False,0.003284931182861328,11.0
2022-08-17,FN,4310.0,35.9599609375,False,0.008413553237915039,16.0
2022-08-17,FN,4175.0,-99.0400390625,True,0.023172438144683838,15.0
2022-08-18,FP,4290.0,1.740234375,False,0.00040581365638114875,
2022-08-18,FP,4100.0,-188.259765625,True,0.04390120373166384,
2022-08-18,FP,4400.0,111.740234375,True,0.026057244775775423,
2022-08-18,FP,4150.0,-138.259765625,True,0.03224146231375724,
2022-08-18,FP,4280.0,-8.259765625,False,0.00192613462720026,
2022-08-18,FP,4250.0,-38.259765625,True,0.008921979477944153,
2022-08-18,FN,4320.0,31.740234375,False,0.007401704788208008,17.0
2022-08-18,FN,4225.0,-63.259765625,True,0.014751851558685303,13.0
2022-08-18,FN,4260.0,-28.259765625,False,0.006590008735656738,15.0
2022-08-18,FN,4340.0,51.740234375,False,0.012065529823303223,25.0
2022-08-18,FN,4310.0,21.740234375,False,0.005069732666015625,14.0
2022-08-18,FN,4375.0,86.740234375,True,0.020227432250976562,30.0
2022-08-19,FP,4100.0,-127.10009765625,True,0.030067917655113408,
2022-08-19,FP,4230.0,2.89990234375,False,0.0006860264192365406,
2022-08-19,FP,4235.0,7.89990234375,False,0.0018688704220961583,
2022-08-19,FP,4250.0,22.89990234375,True,0.005417402430675011,
2022-08-19,FP,4220.0,-7.10009765625,False,0.0016796615864825837,
2022-08-19,FP,4350.0,122.89990234375,True,0.029074282487867364,
2022-08-19,FN,4325.0,97.89990234375,True,0.023160099983215332,22.0
2022-08-19,FN,4140.0,-87.10009765625,False,0.020605146884918213,30.0
2022-08-19,FN,4205.0,-22.10009765625,False,0.005228221416473389,23.0
2022-08-19,FN,4175.0,-52.10009765625,True,0.012325286865234375,16.0
2022-08-19,FN,4310.0,82.89990234375,False,0.019611477851867676,32.0
2022-08-19,FN,4215.0,-12.10009765625,False,0.0028625130653381348,12.0
2022-08-22,FP,4130.0,-3.02001953125,False,0.0007307052753140475,
2022-08-22,FP,4135.0,1.97998046875,False,0.0004790638466287689,
2022-08-22,FP,4150.0,16.97998046875,True,0.004108371212456774,
2022-08-22,FP,4250.0,116.97998046875,True,0.028303753651311325,
2022-08-22,FP,3900.0,-233.02001953125,True,0.05638008488467916,
2022-08-22,FN,4075.0,-58.02001953125,True,0.014038145542144775,12.0
2022-08-22,FN,4175.0,41.97998046875,True,0.010157227516174316,16.0
2022-08-22,FN,4080.0,-53.02001953125,False,0.012828409671783447,25.0
2022-08-22,FN,4030.0,-103.02001953125,False,0.024926066398620605,53.0
2022-08-22,FN,4190.0,56.97998046875,False,0.013786554336547852,36.0
2022-08-23,FP,4130.0,-1.02001953125,False,0.00024691711161584085,
2022-08-23,FP,4135.0,3.97998046875,False,0.000963437710282955,
2022-08-23,FP,4300.0,168.97998046875,True,0.04090514683294222,
2022-08-23,FP,4150.0,18.97998046875,True,0.0045945021759792315,
2022-08-23,FP,4250.0,118.97998046875,True,0.028801598613954704,
2022-08-23,FP,3900.0,-231.02001953125,True,0.05592323891895934,
2022-08-23,FP,4125.0,-6.02001953125,True,0.0014572719335146367,
2022-08-23,FN,4225.0,93.97998046875,True,0.022749781608581543,20.0
2022-08-23,FN,4075.0,-56.02001953125,True,0.013560831546783447,16.0
2022-08-23,FN,4140.0,8.97998046875,False,0.002173781394958496,11.0
2022-08-23,FN,4175.0,43.97998046875,True,0.010646224021911621,15.0
2022-08-23,FN,4080.0,-51.02001953125,False,0.01235044002532959,24.0
2022-08-23,FN,4025.0,-106.02001953125,True,0.02566438913345337,29.0
2022-08-23,FN,4060.0,-71.02001953125,False,0.01719188690185547,30.0
2022-08-24,FP,4100.0,-48.22998046875,True,0.011626640927777099,
2022-08-24,FP,4200.0,51.77001953125,True,0.01248002636666734,
2022-08-24,FP,4300.0,151.77001953125,True,0.03658669366111189,
2022-08-24,FP,4145.0,-3.22998046875,False,0.0007786406452771066,
2022-08-24,FP,4150.0,1.77001953125,True,0.0004266927194451764,
2022-08-24,FP,4250.0,101.77001953125,True,0.024533360013889505,
2022-08-24,FP,3900.0,-248.22998046875,True,0.05983997551666598,
2022-08-24,FN,4225.0,76.77001953125,True,0.018506646156311035,18.0
2022-08-24,FN,4230.0,81.77001953125,False,0.019711971282958984,14.0
2022-08-24,FN,4040.0,-108.22998046875,False,0.026090621948242188,83.0
2022-08-24,FN,4075.0,-73.22998046875,True,0.017653286457061768,16.0
2022-08-24,FN,4110.0,-38.22998046875,False,0.009215950965881348,25.0
2022-08-24,FN,4120.0,-28.22998046875,False,0.006805300712585449,17.0
2022-08-24,FN,4090.0,-58.22998046875,False,0.01403731107711792,46.0
2022-08-25,FP,4195.0,3.47998046875,False,0.0008302430747162415,
2022-08-25,FP,4100.0,-91.52001953125,True,0.02183456576726195,
2022-08-25,FP,4250.0,58.47998046875,True,0.01395197450954555,
2022-08-25,FP,3900.0,-291.52001953125,True,0.06954995280300524,
2022-08-25,FP,4125.0,-66.52001953125,True,0.01587014238779394,
2022-08-25,FP,4190.0,-1.52001953125,False,0.00036264160117738253,
2022-08-25,FN,4225.0,33.47998046875,True,0.007987499237060547,13.0
2022-08-25,FN,4135.0,-56.52001953125,False,0.013484358787536621,19.0
2022-08-25,FN,4235.0,43.47998046875,False,0.010373353958129883,32.0
2022-08-25,FN,4140.0,-51.52001953125,False,0.012291491031646729,12.0
2022-08-25,FN,4215.0,23.47998046875,False,0.005601763725280762,24.0
2022-08-25,FN,4280.0,88.47998046875,False,0.02110922336578369,22.0
2022-08-26,FP,4070.0,6.31005859375,False,0.0015527903665717435,
2022-08-26,FP,4200.0,136.31005859375,True,0.03354342003430011,
2022-08-26,FP,4300.0,236.31005859375,True,0.05815159670178338,
2022-08-26,FP,4250.0,186.31005859375,True,0.045847508368041634,
2022-08-26,FP,3900.0,-163.68994140625,True,0.04028110996814993,
2022-08-26,FN,4130.0,66.31005859375,False,0.01631772518157959,27.0
2022-08-26,FN,4005.0,-58.68994140625,False,0.014442503452301025,102.0
2022-08-26,FN,3975.0,-88.68994140625,True,0.021824955940246582,24.0
2022-08-26,FN,4140.0,76.31005859375,False,0.018778562545776367,19.0
2022-08-26,FN,4090.0,26.31005859375,False,0.0064743757247924805,40.0
2022-08-29,FP,4200.0,156.85009765625,True,0.03879403471172971,
2022-08-29,FP,4300.0,256.85009765625,True,0.06352722601438998,
2022-08-29,FP,4045.0,1.85009765625,False,0.00045758819260632855,
2022-08-29,FP,4150.0,106.85009765625,True,0.02642743906039957,
2022-08-29,FP,3800.0,-243.14990234375,True,0.060138730498911275,
2022-08-29,FP,4250.0,206.85009765625,True,0.051160630363059845,
2022-08-29,FP,3900.0,-143.14990234375,True,0.035405539196251,
2022-08-29,FN,4005.0,-38.14990234375,False,0.009435713291168213,90.0
2022-08-29,FN,3975.0,-68.14990234375,True,0.01685565710067749,22.0
2022-08-29,FN,4040.0,-3.14990234375,False,0.0007790923118591309,11.0
2022-08-29,FN,4075.0,31.85009765625,True,0.007877588272094727,12.0
2022-08-29,FN,4140.0,96.85009765625,False,0.023954153060913086,19.0
2022-08-29,FN,3925.0,-118.14990234375,True,0.02922224998474121,21.0
2022-08-29,FN,4090.0,46.85009765625,False,0.01158750057220459,38.0
2022-08-30,FP,3750.0,-236.179931640625,True,0.05924969160722715,
2022-08-30,FP,3850.0,-136.179931640625,True,0.03416301671675326,
2022-08-30,FP,3980.0,-6.179931640625,False,0.0015503393591371761,
2022-08-30,FP,4150.0,163.820068359375,True,0.04109700795466864,
2022-08-30,FP,3990.0,3.820068359375,False,0.0009583281299103685,
2022-08-30,FP,3800.0,-186.179931640625,True,0.046706354161990205,
2022-08-30,FP,3900.0,-86.179931640625,True,0.021619679271516312,
2022-08-30,FN,3905.0,-81.179931640625,False,0.020365357398986816,17.0
2022-08-30,FN,3875.0,-111.179931640625,True,0.027891337871551514,18.0
2022-08-30,FN,4005.0,18.820068359375,False,0.004721283912658691,71.0
2022-08-30,FN,4010.0,23.820068359375,False,0.005975604057312012,24.0
2022-08-30,FN,4075.0,88.820068359375,True,0.022282004356384277,16.0
2022-08-30,FN,3925.0,-61.179931640625,True,0.01534801721572876,13.0
2022-08-30,FN,4025.0,38.820068359375,True,0.009738683700561523,14.0
2022-08-31,FP,3970.0,-7.449951171875,False,0.0018730471189662978,
2022-08-31,FP,3980.0,2.550048828125,False,0.0006411265658725629,
2022-08-31,FP,3950.0,-27.449951171875,True,0.006901394488644019,
2022-08-31,FP,3985.0,7.550048828125,False,0.0018982134082921043,
2022-08-31,FP,4150.0,172.550048828125,True,0.04338207920813342,
2022-08-31,FP,3800.0,-177.449951171875,True,0.04461399976122715,
2022-08-31,FN,3905.0,-72.449951171875,False,0.018215179443359375,34.0
2022-08-31,FN,3875.0,-102.449951171875,True,0.025757670402526855,20.0
2022-08-31,FN,4040.0,62.550048828125,False,0.015726208686828613,30.0
2022-08-31,FN,4010.0,32.550048828125,False,0.008183598518371582,26.0
2022-08-31,FN,3925.0,-52.449951171875,True,0.013186812400817871,12.0
2022-08-31,FN,4025.0,47.550048828125,True,0.011954903602600098,15.0
2022-09-01,FP,3940.0,-5.969970703125,False,0.0015129285695150152,
2022-09-01,FP,3750.0,-195.969970703125,True,0.049663320339005335,
2022-09-01,FP,3850.0,-95.969970703125,True,0.02432100888137889,
2022-09-01,FP,4050.0,104.030029296875,True,0.026363614033874105,
2022-09-01,FP,4150.0,204.030029296875,True,0.05170592549150066,
2022-09-01,FP,3800.0,-145.969970703125,True,0.03699216461019217,
2022-09-01,FN,3905.0,-40.969970703125,False,0.01038271188735962,34.0
2022-09-01,FN,3875.0,-70.969970703125,True,0.017985403537750244,12.0
2022-09-01,FN,4040.0,94.030029296875,False,0.023829340934753418,48.0
2022-09-01,FN,4075.0,129.030029296875,True,0.03269922733306885,21.0
2022-09-01,FN,3960.0,14.030029296875,False,0.0035555362701416016,11.0
2022-09-01,FN,4025.0,79.030029296875,True,0.020027995109558105,13.0
2022-09-02,FP,4100.0,188.02001953125,True,0.048062623139681904,
2022-09-02,FP,3910.0,-1.97998046875,False,0.0005061325667911065,
2022-09-02,FP,3750.0,-161.97998046875,True,0.04140613737224208,
2022-09-02,FP,3915.0,3.02001953125,False,0.000771992583379344,
2022-09-02,FP,3920.0,8.02001953125,False,0.0020501177335496834,
2022-09-02,FP,3925.0,13.02001953125,True,0.003328242883720023,
2022-09-02,FN,3905.0,-6.97998046875,False,0.0017842650413513184,13.0
2022-09-02,FN,3875.0,-36.97998046875,True,0.009452998638153076,12.0
2022-09-02,FN,3780.0,-131.97998046875,False,0.033737361431121826,29.0
2022-09-02,FN,3975.0,63.02001953125,True,0.016109466552734375,11.0
2022-09-02,FN,4075.0,163.02001953125,True,0.0416719913482666,32.0
2022-09-02,FN,3770.0,-141.97998046875,False,0.036293625831604004,27.0
2022-09-06,FP,4100.0,187.389892578125,True,0.04789383236082312,
2022-09-06,FP,3910.0,-2.610107421875,False,0.0006671013339468734,
2022-09-06,FP,3750.0,-162.610107421875,True,0.04156051918217407,
2022-09-06,FP,3920.0,7.389892578125,False,0.0018887372815674652,
2022-09-06,FP,4050.0,137.389892578125,True,0.03511463928325198,
2022-09-06,FN,3905.0,-7.610107421875,False,0.0019450187683105469,11.0
2022-09-06,FN,3875.0,-37.610107421875,True,0.009612560272216797,13.0
2022-09-06,FN,3980.0,67.389892578125,False,0.017223715782165527,27.0
2022-09-06,FN,3825.0,-87.610107421875,True,0.02239173650741577,23.0
2022-09-06,FN,3960.0,47.389892578125,False,0.012112140655517578,26.0
2022-09-07,FP,3970.0,-12.22998046875,False,0.0030711386657057416,
2022-09-07,FP,4100.0,117.77001953125,True,0.029573887020303946,
2022-09-07,FP,3850.0,-132.22998046875,True,0.03320500852971464,
2022-09-07,FP,3980.0,-2.22998046875,False,0.0005599828437049537,
2022-09-07,FP,4150.0,167.77001953125,True,0.042129666130307664,
2022-09-07,FP,3800.0,-182.22998046875,True,0.04576078763971825,
2022-09-07,FN,3905.0,-77.22998046875,False,0.019393622875213623,22.0
2022-09-07,FN,3875.0,-107.22998046875,True,0.02692711353302002,19.0
2022-09-07,FN,4075.0,92.77001953125,True,0.023295998573303223,16.0
2022-09-07,FN,3890.0,-92.22998046875,False,0.02316039800643921,32.0
2022-09-07,FN,4025.0,42.77001953125,True,0.010740160942077637,11.0
2022-09-07,FN,3930.0,-52.22998046875,False,0.013115763664245605,33.0
2022-09-08,FP,3975.0,-15.280029296875,True,0.003829312525609252,
2022-09-08,FP,3850.0,-140.280029296875,True,0.035155434773231575,
2022-09-08,FP,3980.0,-10.280029296875,False,0.002576267635704399,
2022-09-08,FP,3990.0,-0.280029296875,False,7.017785589458203e-05,
2022-09-08,FP,4150.0,159.719970703125,True,0.040027258621061934,
2022-09-08,FP,3800.0,-190.280029296875,True,0.04768588367228055,
2022-09-08,FP,4025.0,34.719970703125,True,0.008701136373439722,
2022-09-08,FN,3970.0,-20.280029296875,False,0.005082368850708008,13.0
2022-09-08,FN,4010.0,19.719970703125,False,0.004942059516906738,18.0
2022-09-08,FN,4075.0,84.719970703125,True,0.021231532096862793,17.0
2022-09-08,FN,4015.0,24.719970703125,False,0.006195068359375,29.0
2022-09-08,FN,3920.0,-70.280029296875,False,0.017612814903259277,20.0
2022-09-08,FN,3925.0,-65.280029296875,True,0.01635974645614624,12.0
2022-09-08,FN,3960.0,-30.280029296875,False,0.007588446140289307,21.0
2022-09-09,FP,4070.0,-3.52001953125,False,0.0008641223105256834,
2022-09-09,FP,4200.0,126.47998046875,True,0.031049308672184806,
2022-09-09,FP,4075.0,1.47998046875,True,0.0003633173426553782,
2022-09-09,FP,3950.0,-123.52001953125,True,0.030322673986873827,
2022-09-09,FP,4080.0,6.47998046875,False,0.0015907569958366619,
2022-09-09,FP,4050.0,-23.52001953125,True,0.005773880923250374,
2022-09-09,FN,4035.0,-38.52001953125,False,0.009456217288970947,19.0
2022-09-09,FN,3975.0,-98.52001953125,True,0.024185478687286377,14.0
2022-09-09,FN,3980.0,-93.52001953125,False,0.022958040237426758,30.0
2022-09-09,FN,4140.0,66.47998046875,False,0.016319990158081055,16.0
2022-09-09,FN,4110.0,36.47998046875,False,0.00895535945892334,22.0
2022-09-09,FN,4025.0,-48.52001953125,True,0.011911094188690186,13.0
2022-09-12,FP,4105.0,-1.85986328125,False,0.00045286748103545715,
2022-09-12,FP,4250.0,143.14013671875,True,0.0348539130829717,
2022-09-12,FP,4100.0,-6.85986328125,True,0.0016703426728977844,
2022-09-12,FP,3950.0,-156.85986328125,True,0.03819459842876738,
2022-09-12,FN,4035.0,-71.85986328125,False,0.017497539520263672,21.0
2022-09-12,FN,4180.0,73.14013671875,False,0.017809271812438965,38.0
2022-09-12,FN,4005.0,-101.85986328125,False,0.02480238676071167,11.0
2022-09-12,FN,4075.0,-31.85986328125,True,0.007757723331451416,13.0
2022-09-13,FP,3940.0,12.909912109375,False,0.0032873990207618053,
2022-09-13,FP,4100.0,172.909912109375,True,0.04403003451399079,
2022-09-13,FP,3750.0,-177.090087890625,True,0.045094480627447475,
2022-09-13,FP,3915.0,-12.090087890625,False,0.0030786377750552374,
2022-09-13,FP,3950.0,22.909912109375,True,0.005833813739088534,
2022-09-13,FP,4050.0,122.909912109375,True,0.031297960922356705,
2022-09-13,FP,3800.0,-127.090087890625,True,0.0323624070358135,
2022-09-13,FN,3905.0,-22.090087890625,False,0.0056250691413879395,13.0
2022-09-13,FN,3875.0,-52.090087890625,True,0.013264298439025879,11.0
2022-09-13,FN,4035.0,107.909912109375,False,0.027478337287902832,31.0
2022-09-13,FN,4040.0,112.909912109375,False,0.028751492500305176,45.0
2022-09-13,FN,3825.0,-102.090087890625,True,0.025996387004852295,15.0
2022-09-13,FN,3990.0,62.909912109375,False,0.016019463539123535,18.0
2022-09-13,FN,4030.0,102.909912109375,False,0.02620518207550049,54.0
2022-09-14,FP,3940.0,-6.010009765625,False,0.0015230599392174193,
2022-09-14,FP,3975.0,28.989990234375,True,0.007346659071474804,
2022-09-14,FP,3945.0,-1.010009765625,False,0.0002559572234042129,
2022-09-14,FP,3850.0,-96.010009765625,True,0.02433090882385458,
2022-09-14,FP,3800.0,-146.010009765625,True,0.03700193598198631,
2022-09-14,FP,3920.0,-26.010009765625,False,0.006591470802470134,
2022-09-14,FP,3960.0,13.989990234375,False,0.0035453509240352954,
2022-09-14,FN,3905.0,-41.010009765625,False,0.01039278507232666,11.0
2022-09-14,FN,3875.0,-71.010009765625,True,0.01799541711807251,17.0
2022-09-14,FN,4035.0,88.989990234375,False,0.022551894187927246,31.0
2022-09-14,FN,4040.0,93.989990234375,False,0.0238189697265625,37.0
2022-09-14,FN,3980.0,33.989990234375,False,0.0086137056350708,16.0
2022-09-14,FN,3990.0,43.989990234375,False,0.01114797592163086,15.0
2022-09-14,FN,4030.0,83.989990234375,False,0.021284818649291992,39.0
2022-09-15,FP,3940.0,38.64990234375,False,0.009906801844563828,
2022-09-15,FP,3910.0,8.64990234375,False,0.0022171561452397626,
2022-09-15,FP,3915.0,13.64990234375,False,0.0034987637617938105,
2022-09-15,FP,3920.0,18.64990234375,False,0.0047803713783476365,
2022-09-15,FP,3890.0,-11.35009765625,False,0.0029092743209764294,
2022-09-15,FN,3975.0,73.64990234375,True,0.01887810230255127,18.0
2022-09-15,FN,3980.0,78.64990234375,False,0.02015972137451172,31.0
2022-09-15,FN,3800.0,-101.35009765625,True,0.0259782075881958,11.0
2022-09-15,FN,3990.0,88.64990234375,False,0.022722840309143066,30.0
2022-09-15,FN,3960.0,58.64990234375,False,0.015033245086669922,19.0
2022-09-16,FP,3750.0,-118.340087890625,True,0.03059195551628835,
2022-09-16,FP,3880.0,11.659912109375,False,0.003014190025813601,
2022-09-16,FP,3850.0,-18.340087890625,True,0.004741074330055994,
2022-09-16,FP,3860.0,-8.340087890625,False,0.00215598621143287,
2022-09-16,FP,3700.0,-168.340087890625,True,0.04351739610940453,
2022-09-16,FP,3865.0,-3.340087890625,False,0.0008634421521211966,
2022-09-16,FP,3870.0,1.659912109375,False,0.0004291019071904767,
2022-09-16,FN,3905.0,36.659912109375,False,0.009476900100708008,39.0
2022-09-16,FN,3975.0,106.659912109375,True,0.02757251262664795,16.0
2022-09-16,FN,3980.0,111.659912109375,False,0.02886509895324707,34.0
2022-09-16,FN,3825.0,-43.340087890625,True,0.011203765869140625,22.0
2022-09-16,FN,3925.0,56.659912109375,True,0.014647126197814941,12.0
2022-09-16,FN,3990.0,121.659912109375,False,0.03145015239715576,26.0
2022-09-16,FN,3775.0,-93.340087890625,True,0.024129211902618408,23.0
2022-09-19,FP,4100.0,199.929931640625,True,0.05126316402944231,
2022-09-19,FP,3910.0,9.929931640625,False,0.0025460905744194573,
2022-09-19,FP,3750.0,-150.070068359375,True,0.0384788133877052,
2022-09-19,FP,3950.0,49.929931640625,True,0.012802316564950456,
2022-09-19,FP,4050.0,149.929931640625,True,0.038442881541278506,
2022-09-19,FP,3890.0,-10.070068359375,False,0.002582022420846153,
2022-09-19,FP,3895.0,-5.070068359375,False,0.0012999941720297503,
2022-09-19,FN,3840.0,-60.070068359375,False,0.01540231704711914,38.0
2022-09-19,FN,3875.0,-25.070068359375,True,0.006428122520446777,14.0
2022-09-19,FN,3975.0,74.929931640625,True,0.01921248435974121,11.0
2022-09-19,FN,3980.0,79.929931640625,False,0.020494461059570312,29.0
2022-09-19,FN,3825.0,-75.070068359375,True,0.019248366355895996,21.0
2022-09-19,FN,3925.0,24.929931640625,True,0.006392121315002441,12.0
2022-09-19,FN,3990.0,89.929931640625,False,0.023058533668518066,25.0
2022-09-20,FP,4050.0,181.699951171875,True,0.04697152466932342,
2022-09-20,FP,3700.0,-168.300048828125,True,0.04350749598111203,
2022-09-20,FP,3860.0,-8.300048828125,False,0.0021456579694844047,
2022-09-20,FP,3865.0,-3.300048828125,False,0.0008531005316210205,
2022-09-20,FP,3870.0,1.699951171875,False,0.00043945690624225264,
2022-09-20,FN,3905.0,36.699951171875,False,0.009487390518188477,61.0
2022-09-20,FN,3975.0,106.699951171875,True,0.02758312225341797,13.0
2022-09-20,FN,3825.0,-43.300048828125,True,0.011193573474884033,19.0
2022-09-20,FN,3740.0,-128.300048828125,False,0.03316706418991089,57.0
2022-09-20,FN,3775.0,-93.300048828125,True,0.024119138717651367,17.0
2022-09-21,FP,3580.0,-219.489990234375,False,0.057768277005208146,
2022-09-21,FP,3600.0,-199.489990234375,True,0.052504412630935526,
2022-09-21,FP,3780.0,-19.489990234375,False,0.0051296332624823915,
2022-09-21,FP,3950.0,150.510009765625,True,0.039613213918834544,
2022-09-21,FN,3840.0,40.510009765625,False,0.010661959648132324,22.0
2022-09-21,FN,3675.0,-124.489990234375,True,0.03276491165161133,38.0
2022-09-21,FN,3740.0,-59.489990234375,False,0.015657365322113037,39.0
2022-09-21,FN,3725.0,-74.489990234375,True,0.019605278968811035,14.0
2022-09-22,FP,3600.0,-180.93994140625,True,0.04785580945751622,
2022-09-22,FP,3900.0,119.06005859375,True,0.03148953975435753,
2022-09-22,FP,3580.0,-200.93994140625,False,0.05314549940497448,
2022-09-22,FP,3950.0,169.06005859375,True,0.04471376462300314,
2022-09-22,FN,3825.0,44.06005859375,True,0.01165318489074707,14.0
2022-09-22,FN,3675.0,-105.93994140625,True,0.028019487857818604,19.0
2022-09-22,FN,3875.0,94.06005859375,True,0.024877429008483887,13.0
2022-09-22,FN,3740.0,-40.93994140625,False,0.010827958583831787,34.0
2022-09-23,FP,3850.0,159.39990234375,True,0.04319078147886524,
2022-09-23,FP,3500.0,-190.60009765625,True,0.05164474411012243,
2022-09-23,FP,3685.0,-5.60009765625,False,0.0015173948702289497,
2022-09-23,FP,3900.0,209.39990234375,True,0.056738713705863475,
2022-09-23,FN,3625.0,-65.60009765625,True,0.01777493953704834,20.0
2022-09-23,FN,3740.0,49.39990234375,False,0.013385295867919922,34.0
2022-09-23,FN,3725.0,34.39990234375,True,0.009320974349975586,13.0
2022-09-23,FN,3775.0,84.39990234375,True,0.022868871688842773,15.0
2022-09-26,FP,3850.0,180.330078125,True,0.04914068075988176,
2022-09-26,FP,3500.0,-169.669921875,True,0.046235744763743813,
2022-09-26,FP,3800.0,130.330078125,True,0.03551547711364966,
2022-09-26,FP,3900.0,230.330078125,True,0.06276588440611408,
2022-09-26,FP,3550.0,-119.669921875,True,0.03261054111751149,
2022-09-26,FN,3625.0,-44.669921875,True,0.01217275857925415,18.0
2022-09-26,FN,3725.0,55.330078125,True,0.015077710151672363,11.0
2022-09-26,FN,3670.0,0.330078125,False,9.000301361083984e-05,14.0
2022-09-26,FN,3575.0,-94.669921875,True,0.02579796314239502,22.0
2022-09-26,FN,3775.0,105.330078125,True,0.028702855110168457,12.0
2022-09-27,FP,3800.0,155.72998046875,True,0.0427328325382379,
2022-09-27,FP,3850.0,205.72998046875,True,0.05645300138742537,
2022-09-27,FP,3900.0,255.72998046875,True,0.07017317023661263,
2022-09-27,FP,3500.0,-144.27001953125,True,0.039588180556886066,
2022-09-27,FN,3625.0,-19.27001953125,True,0.005287766456604004,11.0
2022-09-27,FN,3675.0,30.72998046875,True,0.008432388305664062,16.0
2022-09-27,FN,3620.0,-24.27001953125,False,0.006659746170043945,13.0
2022-09-27,FN,3775.0,130.72998046875,True,0.035872697830200195,14.0
2022-09-28,FP,3750.0,18.02001953125,True,0.004828541317358992,
2022-09-28,FP,3850.0,118.02001953125,True,0.03162396908582199,
2022-09-28,FP,3730.0,-1.97998046875,False,0.0005305442363335855,
2022-09-28,FP,3700.0,-31.97998046875,True,0.008569172566872396,
2022-09-28,FP,3735.0,3.02001953125,False,0.0008092271520896421,
2022-09-28,FP,3900.0,168.02001953125,True,0.04502168297005338,
2022-09-28,FN,3620.0,-111.97998046875,False,0.03000551462173462,18.0
2022-09-28,FN,3625.0,-106.97998046875,True,0.02866572141647339,24.0
2022-09-28,FN,3670.0,-61.97998046875,False,0.016607820987701416,39.0
2022-09-28,FN,3610.0,-121.97998046875,False,0.032685041427612305,81.0
2022-09-28,FN,3675.0,-56.97998046875,True,0.015268027782440186,17.0
2022-09-28,FN,3775.0,43.02001953125,True,0.011527419090270996,11.0
2022-09-29,FP,3500.0,-140.93994140625,True,0.038709768267096045,
2022-09-29,FP,3660.0,19.06005859375,False,0.005234928040693809,
2022-09-29,FP,3800.0,159.06005859375,True,0.043686537310010154,
2022-09-29,FP,3640.0,-0.93994140625,False,0.00025815899777981155,
2022-09-29,FP,3580.0,-60.93994140625,False,0.016737420113201007,
2022-09-29,FN,3520.0,-120.93994140625,False,0.033216655254364014,65.0
2022-09-29,FN,3525.0,-115.93994140625,True,0.03184342384338379,29.0
2022-09-29,FN,3575.0,-65.93994140625,True,0.018110692501068115,18.0
2022-09-29,FN,3675.0,34.06005859375,True,0.009354710578918457,12.0
2022-09-29,FN,3550.0,-90.93994140625,True,0.024977028369903564,15.0
2022-09-30,FP,3800.0,192.85009765625,True,0.05346328898916708,
2022-09-30,FP,3580.0,-27.14990234375,False,0.007526690899679389,
2022-09-30,FP,3750.0,142.85009765625,True,0.039601929923520185,
2022-09-30,FP,3590.0,-17.14990234375,False,0.004754419086549944,
2022-09-30,FN,3675.0,67.85009765625,True,0.018809914588928223,23.0
2022-09-30,FN,3475.0,-132.14990234375,True,0.036635518074035645,33.0
2022-09-30,FN,3525.0,-82.14990234375,True,0.022774159908294678,31.0
2022-09-30,FN,3550.0,-57.14990234375,True,0.015843510627746582,14.0
2022-10-03,FP,3680.0,-3.419921875,False,0.0009284637504102244,
2022-10-03,FP,3690.0,6.580078125,False,0.0017864045546158724,
2022-10-03,FP,3850.0,166.580078125,True,0.045224297435032756,
2022-10-03,FP,3500.0,-183.419921875,True,0.0497960932408793,
2022-10-03,FP,3700.0,16.580078125,True,0.004501272859641858,
2022-10-03,FP,3900.0,216.580078125,True,0.05879863896016313,
2022-10-03,FN,3620.0,-63.419921875,False,0.017217695713043213,11.0
2022-10-03,FN,3625.0,-58.419921875,True,0.015860259532928467,17.0
2022-10-03,FN,3725.0,41.580078125,True,0.01128840446472168,12.0
2022-10-03,FN,3575.0,-108.419921875,True,0.029434561729431152,56.0
2022-10-03,FN,3740.0,56.580078125,False,0.015360713005065918,47.0
2022-10-03,FN,3775.0,91.580078125,True,0.02486276626586914,13.0
2022-10-04,FP,4000.0,219.860107421875,True,0.05816189709104291,
2022-10-04,FP,3650.0,-130.139892578125,True,0.03442726890442327,
2022-10-04,FP,3780.0,-0.139892578125,False,3.7007248964382455e-05,
2022-10-04,FP,3950.0,169.860107421875,True,0.04493487337740487,
2022-10-04,FP,3775.0,-5.139892578125,True,0.0013597096203282755,
2022-10-04,FN,3905.0,124.860107421875,False,0.03303050994873047,21.0
2022-10-04,FN,3725.0,-55.139892578125,True,0.01458674669265747,12.0
2022-10-04,FN,3855.0,74.860107421875,False,0.019803524017333984,30.0
2022-10-04,FN,3825.0,44.860107421875,True,0.011867284774780273,18.0
2022-10-04,FN,3735.0,-45.139892578125,False,0.011941313743591309,51.0
2022-10-05,FP,4000.0,204.320068359375,True,0.053829635806794895,
2022-10-05,FP,3650.0,-145.679931640625,True,0.03838045732629969,
2022-10-05,FP,3750.0,-45.679931640625,True,0.012034716431129744,
2022-10-05,FP,3950.0,154.320068359375,True,0.040656765359210034,
2022-10-05,FP,3900.0,104.320068359375,True,0.02748389491162495,
2022-10-05,FP,3805.0,9.320068359375,False,0.002455441061213648,
2022-10-05,FP,3775.0,-20.679931640625,True,0.005448281207337313,
2022-10-05,FN,3810.0,14.320068359375,False,0.003772735595703125,15.0
2022-10-05,FN,3875.0,79.320068359375,True,0.020897507667541504,16.0
2022-10-05,FN,3820.0,24.320068359375,False,0.006407260894775391,32.0
2022-10-05,FN,3725.0,-70.679931640625,True,0.01862114667892456,14.0
2022-10-05,FN,3855.0,59.320068359375,False,0.015628337860107422,29.0
2022-10-05,FN,3825.0,29.320068359375,True,0.007724642753601074,13.0
2022-10-05,FN,3795.0,-0.679931640625,False,0.00017911195755004883,12.0
2022-10-06,FP,4000.0,251.919921875,True,0.06721305751851081,
2022-10-06,FP,3900.0,151.919921875,True,0.04053273108054811,
2022-10-06,FP,3950.0,201.919921875,True,0.05387289429952946,
2022-10-06,FN,3825.0,76.919921875,True,0.020522475242614746,12.0
2022-10-06,FN,3675.0,-73.080078125,True,0.019497990608215332,15.0
2022-10-06,FN,3855.0,106.919921875,False,0.02852654457092285,38.0
2022-10-07,FP,3400.0,-234.179931640625,True,0.06443817753814574,
2022-10-07,FP,3640.0,5.820068359375,False,0.0016014805179851432,
2022-10-07,FP,3635.0,0.820068359375,False,0.00022565430848242585,
2022-10-07,FP,3620.0,-14.179931640625,False,0.0039018243200257263,
2022-10-07,FN,3775.0,140.820068359375,True,0.038748741149902344,18.0
2022-10-07,FN,3525.0,-109.179931640625,True,0.030042529106140137,29.0
2022-10-07,FN,3725.0,90.820068359375,True,0.024990558624267578,20.0
2022-10-07,FN,3575.0,-59.179931640625,True,0.016284286975860596,22.0
2022-10-10,FP,3400.0,-222.81005859375,True,0.061501998445990025,
2022-10-10,FP,3620.0,-2.81005859375,False,0.000775657168965882,
2022-10-10,FP,3900.0,277.18994140625,True,0.07651241354724658,
2022-10-10,FP,3615.0,-7.81005859375,False,0.0021558012888982514,
2022-10-10,FN,3675.0,52.18994140625,True,0.014405965805053711,12.0
2022-10-10,FN,3525.0,-97.81005859375,True,0.026998400688171387,21.0
2022-10-10,FN,3725.0,102.18994140625,True,0.02820742130279541,18.0
2022-10-10,FN,3575.0,-47.81005859375,True,0.013196945190429688,20.0
2022-10-11,FP,3650.0,62.68994140625,True,0.01747547337205213,
2022-10-11,FP,3300.0,-287.31005859375,True,0.08009066791019936,
2022-10-11,FP,3750.0,162.68994140625,True,0.04535151373840973,
2022-10-11,FP,3400.0,-187.31005859375,True,0.05221462754384176,
2022-10-11,FP,2250.0,-1337.31005859375,True,0.3727890917569542,
2022-10-11,FP,3575.0,-12.31005859375,True,0.0034315569027160153,
2022-10-11,FN,3520.0,-67.31005859375,False,0.018763363361358643,44.0
2022-10-11,FN,3525.0,-62.31005859375,True,0.017369568347930908,17.0
2022-10-11,FN,3625.0,37.68994140625,True,0.010506510734558105,11.0
2022-10-11,FN,3725.0,137.68994140625,True,0.038382530212402344,20.0
2022-10-11,FN,3475.0,-112.31005859375,True,0.03130757808685303,28.0
2022-10-11,FN,3675.0,87.68994140625,True,0.02444446086883545,12.0
2022-10-12,FP,3585.0,-4.27001953125,False,0.0011896623848343113,
2022-10-12,FP,3750.0,160.72998046875,True,0.044780687881972536,
2022-10-12,FP,3590.0,0.72998046875,False,0.00020337853234164704,
2022-10-12,FP,3400.0,-189.27001953125,True,0.05273217632034499,
2022-10-12,FP,3700.0,110.72998046875,True,0.03085027871021273,
2022-10-12,FP,3575.0,-14.27001953125,True,0.003975744219186228,
2022-10-12,FN,3520.0,-69.27001953125,False,0.019299209117889404,33.0
2022-10-12,FN,3490.0,-99.27001953125,False,0.02765744924545288,46.0
2022-10-12,FN,3525.0,-64.27001953125,True,0.017906129360198975,21.0
2022-10-12,FN,3625.0,35.72998046875,True,0.009954690933227539,11.0
2022-10-12,FN,3475.0,-114.27001953125,True,0.03183656930923462,24.0
2022-10-12,FN,3675.0,85.72998046875,True,0.023885130882263184,14.0
2022-10-13,FP,3850.0,178.06005859375,True,0.04849209448822256,
2022-10-13,FP,3660.0,-11.93994140625,False,0.003251671213793661,
2022-10-13,FP,3900.0,228.06005859375,True,0.06210887493612138,
2022-10-13,FN,3625.0,-46.93994140625,True,0.012783408164978027,13.0
2022-10-13,FN,3740.0,68.06005859375,False,0.018535137176513672,18.0
2022-10-13,FN,3575.0,-96.93994140625,True,0.026400208473205566,19.0
2022-10-14,FP,3590.0,-1.5,False,0.00041765279131278366,
2022-10-14,FP,3400.0,-191.5,True,0.05332033969093697,
2022-10-14,FP,3595.0,3.5,False,0.0009745231797300136,
2022-10-14,FP,3700.0,108.5,True,0.030210218571627534,
2022-10-14,FP,3580.0,-11.5,False,0.003202004733398267,
2022-10-14,FP,3550.0,-41.5,True,0.011555060559654717,
2022-10-14,FN,3425.0,-166.5,True,0.046359479427337646,28.0
2022-10-14,FN,3525.0,-66.5,True,0.018515944480895996,20.0
2022-10-14,FN,3625.0,33.5,True,0.009327530860900879,12.0
2022-10-14,FN,3725.0,133.5,True,0.037171125411987305,22.0
2022-10-14,FN,3475.0,-116.5,True,0.032437682151794434,29.0
2022-10-14,FN,3450.0,-141.5,True,0.03939855098724365,14.0
2022-10-17,FP,3680.0,-4.949951171875,False,0.0013432885758193347,
2022-10-17,FP,3685.0,0.050048828125,False,1.3581956006980533e-05,
2022-10-17,FP,3850.0,165.050048828125,True,0.04479030950627605,
2022-10-17,FP,3700.0,15.050048828125,True,0.004084193551486148,
2022-10-17,FP,3775.0,90.050048828125,True,0.0244372515288811,
2022-10-17,FN,3720.0,35.050048828125,False,0.009511709213256836,24.0
2022-10-17,FN,3625.0,-59.949951171875,True,0.01626884937286377,13.0
2022-10-17,FN,3725.0,40.050048828125,True,0.010868549346923828,12.0
2022-10-17,FN,3640.0,-44.949951171875,False,0.012198269367218018,23.0
2022-10-17,FN,3740.0,55.050048828125,False,0.014939188957214355,21.0
2022-10-18,FP,3650.0,-67.3798828125,True,0.018125638201259564,
2022-10-18,FP,3720.0,2.6201171875,False,0.0007048290113189637,
2022-10-18,FP,3850.0,132.6201171875,True,0.035675696691822134,
2022-10-18,FP,3730.0,12.6201171875,False,0.003394895755973071,
2022-10-18,FP,3900.0,182.6201171875,True,0.04912603041509245,
2022-10-18,FN,3745.0,27.6201171875,False,0.007429957389831543,21.0
2022-10-18,FN,3625.0,-92.3798828125,True,0.024850785732269287,14.0
2022-10-18,FN,3660.0,-57.3798828125,False,0.015435576438903809,43.0
2022-10-18,FN,3790.0,72.6201171875,False,0.019535303115844727,18.0
2022-10-18,FN,3640.0,-77.3798828125,False,0.020815730094909668,37.0
2022-10-19,FP,3680.0,-6.719970703125,False,0.0018227505089960516,
2022-10-19,FP,3685.0,-1.719970703125,False,0.00046653142001373826,
2022-10-19,FP,3720.0,33.280029296875,False,0.009027002202862677,
2022-10-19,FP,3690.0,3.280029296875,False,0.0008896876689685751,
2022-10-19,FP,3775.0,88.280029296875,True,0.023945412181668457,
2022-10-19,FN,3625.0,-61.719970703125,True,0.016741156578063965,12.0
2022-10-19,FN,3825.0,138.280029296875,True,0.03750765323638916,17.0
2022-10-19,FN,3575.0,-111.719970703125,True,0.030303359031677246,20.0
2022-10-19,FN,3835.0,148.280029296875,False,0.040220022201538086,18.0
2022-10-19,FN,3550.0,-136.719970703125,True,0.03708446025848389,14.0
2022-10-20,FP,4000.0,337.659912109375,True,0.09219785820159987,
2022-10-20,FP,3650.0,-12.340087890625,True,0.003369454391040083,
2022-10-20,FP,3660.0,-2.340087890625,False,0.0006389597455360718,
2022-10-20,FP,3670.0,7.659912109375,False,0.0020915348999679395,
2022-10-20,FN,3775.0,112.659912109375,True,0.03076171875,20.0
2022-10-20,FN,3740.0,77.659912109375,False,0.02120494842529297,41.0
2022-10-20,FN,3550.0,-112.340087890625,True,0.030674397945404053,14.0
2022-10-20,FN,3575.0,-87.340087890625,True,0.02384817600250244,22.0
2022-10-21,FP,4000.0,244.969970703125,True,0.06523781934947537,
2022-10-21,FP,3745.0,-10.030029296875,False,0.0026710916340536572,
2022-10-21,FP,3650.0,-105.030029296875,True,0.02797048984360362,
2022-10-21,FP,3850.0,94.969970703125,True,0.025291401123870072,
2022-10-21,FP,3760.0,4.969970703125,False,0.001323550188506939,
2022-10-21,FP,3600.0,-155.030029296875,True,0.041285962585472125,
2022-10-21,FP,3765.0,9.969970703125,False,0.0026550974626937673,
2022-10-21,FN,3755.0,-0.030029296875,False,7.987022399902344e-06,11.0
2022-10-21,FN,3790.0,34.969970703125,False,0.009312868118286133,32.0
2022-10-21,FN,3825.0,69.969970703125,True,0.018633723258972168,15.0
2022-10-21,FN,3830.0,74.969970703125,False,0.019965171813964844,45.0
2022-10-21,FN,3770.0,14.969970703125,False,0.0039865970611572266,19.0
2022-10-21,FN,3835.0,79.969970703125,False,0.02129673957824707,20.0
2022-10-21,FN,3775.0,19.969970703125,True,0.005318164825439453,14.0
2022-10-24,FP,4000.0,198.949951171875,True,0.0523407870499395,
2022-10-24,FP,3650.0,-151.050048828125,True,0.03973903181693017,
2022-10-24,FP,3810.0,8.949951171875,False,0.0023545996650673473,
2022-10-24,FP,3850.0,48.949951171875,True,0.012878007535566782,
2022-10-24,FP,3950.0,148.949951171875,True,0.03918652721181526,
2022-10-24,FP,3700.0,-101.050048828125,True,0.026584771978805932,
2022-10-24,FP,3805.0,3.949951171875,False,0.0010391736812549457,
2022-10-24,FN,3905.0,103.949951171875,False,0.027347683906555176,19.0
2022-10-24,FN,3720.0,-81.050048828125,False,0.021323084831237793,43.0
2022-10-24,FN,3690.0,-111.050048828125,False,0.029215633869171143,35.0
2022-10-24,FN,3830.0,28.949951171875,False,0.007616281509399414,30.0
2022-10-24,FN,3835.0,33.949951171875,False,0.008931756019592285,18.0
2022-10-24,FN,3870.0,68.949951171875,False,0.01813971996307373,47.0
2022-10-24,FN,3775.0,-26.050048828125,True,0.0068534016609191895,11.0
2022-10-25,FP,4000.0,139.889892578125,True,0.036239871062008655,
2022-10-25,FP,3875.0,14.889892578125,True,0.0038573750913208915,
2022-10-25,FP,4100.0,239.889892578125,True,0.06214586783855891,
2022-10-25,FP,4050.0,189.889892578125,True,0.04919286945028367,
2022-10-25,FP,3700.0,-160.110107421875,True,0.041478119267642,
2022-10-25,FP,3860.0,-0.110107421875,False,2.8524425161657874e-05,
2022-10-25,FN,3905.0,44.889892578125,False,0.011629223823547363,12.0
2022-10-25,FN,3790.0,-70.110107421875,False,0.01816272735595703,24.0
2022-10-25,FN,3925.0,64.889892578125,True,0.01681041717529297,15.0
2022-10-25,FN,3835.0,-25.110107421875,False,0.006505012512207031,17.0
2022-10-25,FN,3870.0,9.889892578125,False,0.0025620460510253906,18.0
2022-10-25,FN,3775.0,-85.110107421875,True,0.022048592567443848,14.0
2022-10-26,FP,4000.0,160.85009765625,True,0.04189732147683345,
2022-10-26,FP,3840.0,0.85009765625,False,0.00022142861776019984,
2022-10-26,FP,3700.0,-139.14990234375,True,0.036244977633928976,
2022-10-26,FP,3830.0,-9.14990234375,False,0.002383314685931892,
2022-10-26,FP,3800.0,-39.14990234375,True,0.010197544597008168,
2022-10-26,FN,3905.0,65.85009765625,False,0.01715230941772461,16.0
2022-10-26,FN,3810.0,-29.14990234375,False,0.00759279727935791,24.0
2022-10-26,FN,3725.0,-114.14990234375,True,0.029733121395111084,15.0
2022-10-26,FN,3930.0,90.85009765625,False,0.023664116859436035,69.0
2022-10-26,FN,3870.0,30.85009765625,False,0.008035659790039062,34.0
2022-10-27,FP,4000.0,183.9599609375,True,0.048207031125043986,
2022-10-27,FP,3650.0,-166.0400390625,True,0.043511084098397323,
2022-10-27,FP,3820.0,3.9599609375,False,0.0010377147244169382,
2022-10-27,FN,3905.0,88.9599609375,False,0.023312091827392578,20.0
2022-10-27,FN,3675.0,-141.0400390625,True,0.03695976734161377,21.0
2022-10-27,FN,3725.0,-91.0400390625,True,0.023857176303863525,12.0
2022-10-28,FP,4000.0,101.070068359375,True,0.025922514672338748,
2022-10-28,FP,4100.0,201.070068359375,True,0.05157057753914729,
2022-10-28,FP,3750.0,-148.929931640625,True,0.03819764249468238,
2022-10-28,FP,3885.0,-13.929931640625,False,0.003572757624490941,
2022-10-28,FP,3700.0,-198.929931640625,True,0.05102167392808665,
2022-10-28,FP,3800.0,-98.929931640625,True,0.025373611061278112,
2022-10-28,FN,3840.0,-58.929931640625,False,0.015114367008209229,28.0
2022-10-28,FN,3940.0,41.070068359375,False,0.010533690452575684,34.0
2022-10-28,FN,3960.0,61.070068359375,False,0.0156632661819458,32.0
2022-10-28,FN,3930.0,31.070068359375,False,0.007968902587890625,55.0
2022-10-28,FN,3835.0,-63.929931640625,False,0.016396760940551758,60.0
2022-10-28,FN,3870.0,-28.929931640625,False,0.007419943809509277,24.0
2022-10-31,FP,4100.0,219.469970703125,True,0.05655669948336706,
2022-10-31,FP,3880.0,-0.530029296875,False,0.000136586830374541,
2022-10-31,FP,3850.0,-30.530029296875,True,0.007867489509521208,
2022-10-31,FP,3885.0,4.469970703125,False,0.0011518969494832554,
2022-10-31,FP,3890.0,9.469970703125,False,0.0024403807293409407,
2022-10-31,FP,3700.0,-180.530029296875,True,0.0465220029052541,
2022-10-31,FN,3750.0,-130.530029296875,True,0.033637166023254395,12.0
2022-10-31,FN,3975.0,94.469970703125,True,0.024344563484191895,28.0
2022-10-31,FN,3925.0,44.469970703125,True,0.011459708213806152,19.0
2022-10-31,FN,3835.0,-45.530029296875,False,0.011732935905456543,61.0
2022-10-31,FN,3870.0,-10.530029296875,False,0.0027135610580444336,11.0
2022-10-31,FN,3775.0,-105.530029296875,True,0.027194738388061523,20.0
2022-11-01,FP,4000.0,140.929931640625,True,0.03651914299149772,
2022-11-01,FP,4100.0,240.929931640625,True,0.06243212156628508,
2022-11-01,FP,3725.0,-134.070068359375,True,0.03474154808916774,
2022-11-01,FP,3700.0,-159.070068359375,True,0.04121979273286458,
2022-11-01,FP,3860.0,0.929931640625,False,0.0002409729867953736,
2022-11-01,FP,3800.0,-59.070068359375,True,0.015306814158077109,
2022-11-01,FN,3940.0,80.929931640625,False,0.020971298217773438,37.0
2022-11-01,FN,3880.0,20.929931640625,False,0.005423545837402344,18.0
2022-11-01,FN,3925.0,65.929931640625,True,0.017084360122680664,17.0
2022-11-01,FN,3930.0,70.929931640625,False,0.018380045890808105,51.0
2022-11-01,FN,3835.0,-24.070068359375,False,0.0062372684478759766,67.0
2022-11-01,FN,3775.0,-84.070068359375,True,0.021785080432891846,16.0
2022-11-02,FP,4000.0,223.489990234375,True,0.05917897467673994,
2022-11-02,FP,3900.0,123.489990234375,True,0.03269950030982138,
2022-11-02,FP,3950.0,173.489990234375,True,0.04593923749328077,
2022-11-02,FP,3775.0,-1.510009765625,True,0.00039984264882664267,
2022-11-02,FN,3740.0,-36.510009765625,False,0.009667634963989258,16.0
2022-11-02,FN,3675.0,-101.510009765625,True,0.026879310607910156,13.0
2022-11-02,FN,3780.0,3.489990234375,False,0.0009241104125976562,11.0
2022-11-02,FN,3835.0,58.489990234375,False,0.01548779010772705,74.0
2022-11-03,FP,4000.0,268.27001953125,True,0.07188891504351336,
2022-11-03,FP,3850.0,118.27001953125,True,0.031693080729381595,
2022-11-03,FP,3730.0,-1.72998046875,False,0.0004635867219237033,
2022-11-03,FP,3700.0,-31.72998046875,True,0.008502753584750056,
2022-11-03,FP,3900.0,168.27001953125,True,0.04509169216742559,
2022-11-03,FN,3780.0,48.27001953125,False,0.012935042381286621,17.0
2022-11-03,FN,3625.0,-106.72998046875,True,0.028600692749023438,13.0
2022-11-03,FN,3660.0,-71.72998046875,False,0.01922166347503662,43.0
2022-11-03,FN,3760.0,28.27001953125,False,0.007575631141662598,22.0
2022-11-03,FN,3675.0,-56.72998046875,True,0.015202045440673828,11.0
2022-11-04,FP,4000.0,232.820068359375,True,0.06180221613624415,
2022-11-04,FP,3650.0,-117.179931640625,True,0.031105477775677293,
2022-11-04,FP,3780.0,12.820068359375,False,0.0034030942487506266,
2022-11-04,FP,3760.0,-7.179931640625,False,0.001905916831930643,
2022-11-04,FP,3700.0,-67.179931640625,True,0.01783295007397423,
2022-11-04,FP,3765.0,-2.179931640625,False,0.0005786640617603256,
2022-11-04,FP,3900.0,132.820068359375,True,0.03525716073283802,
2022-11-04,FN,3875.0,107.820068359375,True,0.02862083911895752,20.0
2022-11-04,FN,3660.0,-107.179931640625,False,0.028450965881347656,64.0
2022-11-04,FN,3725.0,-42.179931640625,True,0.011196672916412354,11.0
2022-11-04,FN,3825.0,57.820068359375,True,0.015348315238952637,16.0
2022-11-04,FN,3675.0,-92.179931640625,True,0.024469196796417236,14.0
2022-11-04,FN,3740.0,-27.179931640625,False,0.007214903831481934,18.0
2022-11-04,FN,3835.0,67.820068359375,False,0.018002867698669434,67.0
2022-11-07,FP,4000.0,191.39990234375,True,0.0502546598319773,
2022-11-07,FP,3650.0,-158.60009765625,True,0.04164262290332077,
2022-11-07,FP,3750.0,-58.60009765625,True,0.015386256407521337,
2022-11-07,FP,3800.0,-8.60009765625,True,0.0022580731596216763,
2022-11-07,FP,3805.0,-3.60009765625,False,0.0009452548348316547,
2022-11-07,FN,3875.0,66.39990234375,True,0.017434239387512207,19.0
2022-11-07,FN,3725.0,-83.60009765625,True,0.021950364112854004,12.0
2022-11-07,FN,3790.0,-18.60009765625,False,0.004883706569671631,13.0
2022-11-07,FN,3835.0,26.39990234375,False,0.006931662559509277,38.0
2022-11-07,FN,3710.0,-98.60009765625,False,0.025888800621032715,43.0
2022-11-08,FP,3840.0,-0.85009765625,False,0.00022133059990259163,
2022-11-08,FP,4000.0,159.14990234375,True,0.04143611395843494,
2022-11-08,FP,3650.0,-190.85009765625,True,0.04968954601292819,
2022-11-08,FP,3950.0,109.14990234375,True,0.02841816253395435,
2022-11-08,FP,3700.0,-140.85009765625,True,0.03667159458844771,
2022-11-08,FP,3830.0,-10.85009765625,False,0.0028249208847985763,
2022-11-08,FN,3875.0,34.14990234375,True,0.00889122486114502,13.0
2022-11-08,FN,3730.0,-110.85009765625,False,0.028860807418823242,29.0
2022-11-08,FN,3925.0,84.14990234375,True,0.021909236907958984,20.0
2022-11-08,FN,3930.0,89.14990234375,False,0.023211002349853516,54.0
2022-11-08,FN,3835.0,-5.85009765625,False,0.001523137092590332,17.0
2022-11-08,FN,3870.0,29.14990234375,False,0.007589459419250488,26.0
2022-11-09,FP,4000.0,247.47998046875,True,0.06595034248469234,
2022-11-09,FP,3700.0,-52.52001953125,True,0.013995933201659705,
2022-11-09,FP,3760.0,7.47998046875,False,0.001993321935610748,
2022-11-09,FN,3675.0,-77.52001953125,True,0.020658135414123535,12.0
2022-11-09,FN,3660.0,-92.52001953125,False,0.024655461311340332,54.0
2022-11-09,FN,3835.0,82.47998046875,False,0.021979928016662598,58.0
2022-11-10,FP,3800.0,-146.919921875,True,0.03722394291830611,
2022-11-10,FP,3945.0,-1.919921875,False,0.00048643547703086654,
2022-11-10,FP,3940.0,-6.919921875,False,0.0017532460784541737,
2022-11-10,FN,3880.0,-66.919921875,False,0.01695495843887329,16.0
2022-11-10,FN,4025.0,78.080078125,True,0.019782543182373047,30.0
2022-11-10,FN,3875.0,-71.919921875,True,0.018221795558929443,13.0
2022-11-11,FP,4010.0,12.179931640625,False,0.003046643278676431,
2022-11-11,FP,3850.0,-147.820068359375,True,0.03697516792446276,
2022-11-11,FP,4150.0,152.179931640625,True,0.03806572808142339,
2022-11-11,FP,3990.0,-7.820068359375,False,0.0019560831217159125,
2022-11-11,FP,3800.0,-197.820068359375,True,0.049481983925443784,
2022-11-11,FN,4075.0,77.179931640625,True,0.01930546760559082,16.0
2022-11-11,FN,3925.0,-72.820068359375,True,0.018214941024780273,15.0
2022-11-11,FN,3960.0,-37.820068359375,False,0.009460151195526123,12.0
2022-11-11,FN,4025.0,27.179931640625,True,0.006798744201660156,20.0
2022-11-11,FN,3930.0,-67.820068359375,False,0.016964256763458252,45.0
2022-11-14,FP,3970.0,-7.64990234375,False,0.0019232216337697894,
2022-11-14,FP,3980.0,2.35009765625,False,0.0005908256669007184,
2022-11-14,FP,3965.0,-12.64990234375,False,0.0031802452841050988,
2022-11-14,FP,3950.0,-27.64990234375,True,0.006951316235111027,
2022-11-14,FN,3880.0,-97.64990234375,False,0.024549663066864014,23.0
2022-11-14,FN,4025.0,47.35009765625,True,0.011904001235961914,21.0
2022-11-14,FN,3930.0,-47.64990234375,False,0.011979401111602783,39.0
2022-11-14,FN,3925.0,-52.64990234375,True,0.013236463069915771,12.0
2022-11-15,FP,4000.0,7.60009765625,True,0.0019036413791584383,
2022-11-15,FP,3850.0,-142.39990234375,True,0.035667745172559884,
2022-11-15,FP,3990.0,-2.39990234375,False,0.0006011177242893906,
2022-11-15,FP,3800.0,-192.39990234375,True,0.04819154068979936,
2022-11-15,FP,3900.0,-92.39990234375,True,0.023143949655320406,
2022-11-15,FN,4075.0,82.60009765625,True,0.02068936824798584,11.0
2022-11-15,FN,4025.0,32.60009765625,True,0.008165597915649414,15.0
2022-11-15,FN,4090.0,97.60009765625,False,0.024446487426757812,14.0
2022-11-15,FN,4060.0,67.60009765625,False,0.016932249069213867,19.0
2022-11-15,FN,4030.0,37.60009765625,False,0.009417891502380371,32.0
2022-11-16,FP,3960.0,-1.699951171875,False,0.000429096396200368,
2022-11-16,FP,3850.0,-111.699951171875,True,0.028194954829639185,
2022-11-16,FP,3965.0,3.300048828125,False,0.0008329880780468812,
2022-11-16,FP,3950.0,-11.699951171875,True,0.0029532653446947554,
2022-11-16,FN,4025.0,63.300048828125,True,0.015977978706359863,16.0
2022-11-16,FN,3875.0,-86.699951171875,True,0.021884560585021973,12.0
2022-11-16,FN,3940.0,-21.699951171875,False,0.005477428436279297,13.0
2022-11-16,FN,3860.0,-101.699951171875,False,0.025670766830444336,36.0
2022-11-17,FP,3940.0,4.60009765625,False,0.0011689022133456461,
2022-11-17,FP,3950.0,14.60009765625,True,0.003709940036222159,
2022-11-17,FP,3700.0,-235.39990234375,True,0.05981600553569055,
2022-11-17,FP,3925.0,-10.39990234375,True,0.0026426545209691232,
2022-11-17,FP,3800.0,-135.39990234375,True,0.034405627306925535,
2022-11-17,FN,3970.0,34.60009765625,False,0.00879204273223877,14.0
2022-11-17,FN,3875.0,-60.39990234375,True,0.015347838401794434,11.0
2022-11-17,FN,3860.0,-75.39990234375,False,0.019159376621246338,27.0
2022-11-17,FN,3895.0,-40.39990234375,False,0.010265767574310303,36.0
2022-11-17,FN,4025.0,89.60009765625,True,0.02276778221130371,25.0
2022-11-18,FP,4000.0,32.5,True,0.008191556395715116,
2022-11-18,FP,3970.0,2.5,False,0.000630119722747402,
2022-11-18,FP,3850.0,-117.5,True,0.02961562696912412,
2022-11-18,FP,3800.0,-167.5,True,0.042218021424070606,
2022-11-18,FP,3700.0,-267.5,True,0.06742281033396347,
2022-11-18,FP,3960.0,-7.5,False,0.001890359168241984,
2022-11-18,FN,3875.0,-92.5,True,0.02331441640853882,18.0
2022-11-18,FN,3940.0,-27.5,False,0.006931304931640625,30.0
2022-11-18,FN,3925.0,-42.5,True,0.010712027549743652,14.0
2022-11-18,FN,4025.0,57.5,True,0.01449275016784668,19.0
2022-11-18,FN,3930.0,-37.5,False,0.009451806545257568,37.0
2022-11-18,FN,3870.0,-97.5,False,0.024574697017669678,32.0
2022-11-21,FP,3750.0,-198.590087890625,True,0.050293923519600825,
2022-11-21,FP,3850.0,-98.590087890625,True,0.024968428146790234,
2022-11-21,FP,4050.0,101.409912109375,True,0.02568256259883106,
2022-11-21,FP,3700.0,-248.590087890625,True,0.06295667120600612,
2022-11-21,FP,3925.0,-23.590087890625,True,0.0059743066171822345,
2022-11-21,FP,3800.0,-148.590087890625,True,0.03763117583319553,
2022-11-21,FN,3875.0,-73.590087890625,True,0.01863706111907959,16.0
2022-11-21,FN,3910.0,-38.590087890625,False,0.0097731351852417,26.0
2022-11-21,FN,3955.0,6.409912109375,False,0.001623392105102539,13.0
2022-11-21,FN,4025.0,76.409912109375,True,0.01935124397277832,19.0
2022-11-21,FN,3930.0,-18.590087890625,False,0.004708051681518555,31.0
2022-11-21,FN,3870.0,-78.590087890625,False,0.01990330219268799,30.0
2022-11-22,FP,4000.0,-2.4599609375,True,0.0006146122538409626,
2022-11-22,FP,4005.0,2.5400390625,False,0.0006346194808417582,
2022-11-22,FP,3850.0,-152.4599609375,True,0.03809156429432192,
2022-11-22,FP,3700.0,-302.4599609375,True,0.07556851633480288,
2022-11-22,FP,4150.0,147.5400390625,True,0.03686233978664011,
2022-11-22,FP,3800.0,-202.4599609375,True,0.05058388164114891,
2022-11-22,FP,3900.0,-102.4599609375,True,0.025599246947494936,
2022-11-22,FN,3970.0,-32.4599609375,False,0.008109986782073975,18.0
2022-11-22,FN,4075.0,72.5400390625,True,0.018123865127563477,15.0
2022-11-22,FN,4080.0,77.5400390625,False,0.019373059272766113,61.0
2022-11-22,FN,3955.0,-47.4599609375,False,0.011857688426971436,23.0
2022-11-22,FN,4020.0,17.5400390625,False,0.00438237190246582,25.0
2022-11-22,FN,4025.0,22.5400390625,True,0.005631566047668457,12.0
2022-11-22,FN,4060.0,57.5400390625,False,0.014376163482666016,45.0
2022-11-23,FP,3800.0,-224.10009765625,True,0.05568949385398547,
2022-11-23,FP,3850.0,-174.10009765625,True,0.04326435561522213,
2022-11-23,FP,3900.0,-124.10009765625,True,0.030839217376458783,
2022-11-23,FP,4030.0,5.89990234375,False,0.0014661420443260464,
2022-11-23,FN,3955.0,-69.10009765625,False,0.01717156171798706,27.0
2022-11-23,FN,4145.0,120.89990234375,False,0.030043959617614746,139.0
2022-11-23,FN,4075.0,50.89990234375,True,0.012648820877075195,14.0
2022-11-23,FN,4125.0,100.89990234375,True,0.025073885917663574,23.0
2022-11-25,FP,4035.0,5.239990234375,False,0.001300323151174343,
2022-11-25,FP,3850.0,-179.760009765625,True,0.04460811793506281,
2022-11-25,FP,4050.0,20.239990234375,True,0.005022629185193583,
2022-11-25,FP,4150.0,120.239990234375,True,0.02983800274532178,
2022-11-25,FP,3900.0,-129.760009765625,True,0.03220043115499871,
2022-11-25,FN,4075.0,45.239990234375,True,0.011226415634155273,15.0
2022-11-25,FN,4080.0,50.239990234375,False,0.012467265129089355,52.0
2022-11-25,FN,3955.0,-74.760009765625,False,0.018552005290985107,26.0
2022-11-25,FN,4090.0,60.239990234375,False,0.014948725700378418,54.0
2022-11-25,FN,4060.0,30.239990234375,False,0.00750422477722168,34.0
2022-11-28,FP,3850.0,-106.419921875,True,0.026898035086368233,
2022-11-28,FP,3950.0,-6.419921875,True,0.0016226593743258189,
2022-11-28,FP,4050.0,93.580078125,True,0.023652716337716484,
2022-11-28,FP,3700.0,-256.419921875,True,0.0648110986544318,
2022-11-28,FP,3800.0,-156.419921875,True,0.039535722942389384,
2022-11-28,FP,3965.0,8.580078125,False,0.0021686469824804266,
2022-11-28,FN,3970.0,13.580078125,False,0.0034323930740356445,13.0
2022-11-28,FN,3875.0,-81.419921875,True,0.020579218864440918,17.0
2022-11-28,FN,3880.0,-76.419921875,False,0.01931542158126831,27.0
2022-11-28,FN,4025.0,68.580078125,True,0.01733386516571045,14.0
2022-11-28,FN,3930.0,-26.419921875,False,0.006677746772766113,30.0
2022-11-28,FN,3870.0,-86.419921875,False,0.02184295654296875,31.0
2022-11-29,FP,3850.0,-103.7099609375,True,0.026231049308662047,
2022-11-29,FP,3955.0,1.2900390625,False,0.00032628571019266417,
2022-11-29,FP,3700.0,-253.7099609375,True,0.06417009933559736,
2022-11-29,FP,3925.0,-28.7099609375,True,0.007261524295194444,
2022-11-29,FP,3800.0,-153.7099609375,True,0.03887739931764045,
2022-11-29,FN,3875.0,-78.7099609375,True,0.019907891750335693,16.0
2022-11-29,FN,3940.0,-13.7099609375,False,0.0034676194190979004,19.0
2022-11-29,FN,3880.0,-73.7099609375,False,0.01864326000213623,30.0
2022-11-29,FN,3890.0,-63.7099609375,False,0.016113996505737305,29.0
2022-11-29,FN,3930.0,-23.7099609375,False,0.005996882915496826,24.0
2022-11-30,FP,3900.0,-157.68994140625,True,0.03886199874394547,
2022-11-30,FP,4200.0,142.31005859375,True,0.03507169366036633,
2022-11-30,FP,3850.0,-207.68994140625,True,0.05118428081133086,
2022-11-30,FP,3950.0,-107.68994140625,True,0.026539716676560188,
2022-11-30,FP,4055.0,-2.68994140625,False,0.0006629243350509961,
2022-11-30,FP,4060.0,2.31005859375,False,0.0005693038716874099,
2022-11-30,FN,4175.0,117.31005859375,True,0.028910517692565918,20.0
2022-11-30,FN,4080.0,22.31005859375,False,0.005498170852661133,36.0
2022-11-30,FN,4145.0,87.31005859375,False,0.021517157554626465,128.0
2022-11-30,FN,4025.0,-32.68994140625,True,0.008056282997131348,11.0
2022-11-30,FN,4090.0,32.31005859375,False,0.007962703704833984,46.0
2022-11-30,FN,4125.0,67.31005859375,True,0.016588211059570312,14.0
2022-12-01,FP,4200.0,121.93994140625,True,0.029901457961435396,
2022-12-01,FP,3950.0,-128.06005859375,True,0.031402200250554735,
2022-12-01,FP,4175.0,96.93994140625,True,0.02377109214023654,
2022-12-01,FP,4085.0,6.93994140625,False,0.0017017751839198958,
2022-12-01,FP,3900.0,-178.06005859375,True,0.04366293189295278,
2022-12-01,FN,4145.0,66.93994140625,False,0.016414642333984375,82.0
2022-12-01,FN,4025.0,-53.06005859375,True,0.01301109790802002,11.0
2022-12-01,FN,4090.0,11.93994140625,False,0.0029278993606567383,17.0
2022-12-01,FN,4060.0,-18.06005859375,False,0.004428565502166748,30.0
2022-12-01,FN,4125.0,46.93994140625,True,0.011510372161865234,12.0
2022-12-02,FP,4070.0,-1.139892578125,False,0.0002799934682183869,
2022-12-02,FP,4200.0,128.860107421875,True,0.031652095192501895,
2022-12-02,FP,4060.0,-11.139892578125,False,0.0027363079805814428,
2022-12-02,FP,3950.0,-121.139892578125,True,0.0297557676165755,
2022-12-02,FP,3900.0,-171.139892578125,True,0.042037340178391,
2022-12-02,FN,4110.0,38.860107421875,False,0.009545207023620605,51.0
2022-12-02,FN,4145.0,73.860107421875,False,0.018142342567443848,115.0
2022-12-02,FN,4025.0,-46.139892578125,True,0.0113334059715271,12.0
2022-12-02,FN,4090.0,18.860107421875,False,0.00463259220123291,27.0
2022-12-02,FN,4125.0,53.860107421875,True,0.013229727745056152,16.0
2022-12-05,FP,4000.0,10.909912109375,True,0.0027349375093066453,
2022-12-05,FP,3850.0,-139.090087890625,True,0.034867622647292484,
2022-12-05,FP,4150.0,160.909912109375,True,0.04033749766590544,
2022-12-05,FP,3990.0,0.909912109375,False,0.00022810016553331813,
2022-12-05,FP,4025.0,35.909912109375,True,0.009002030868739741,
2022-12-05,FP,3995.0,5.909912109375,False,0.0014815188374199817,
2022-12-05,FN,3910.0,-79.090087890625,False,0.01982659101486206,32.0
2022-12-05,FN,4075.0,85.909912109375,True,0.02153623104095459,11.0
2022-12-05,FN,3955.0,-34.090087890625,False,0.00854581594467163,17.0
2022-12-05,FN,3925.0,-64.090087890625,True,0.016066312789916992,16.0
2022-12-05,FN,3960.0,-29.090087890625,False,0.007292389869689941,23.0
2022-12-05,FN,3965.0,-24.090087890625,False,0.006038963794708252,26.0
2022-12-06,FP,3875.0,-48.800048828125,True,0.01243693567991555,
2022-12-06,FP,4050.0,126.199951171875,True,0.032162686579701116,
2022-12-06,FP,3700.0,-223.800048828125,True,0.05703655793953233,
2022-12-06,FP,3925.0,1.199951171875,True,0.0003058135371176718,
2022-12-06,FP,3800.0,-123.800048828125,True,0.03155105950546555,
2022-12-06,FP,3930.0,6.199951171875,False,0.0015800884588210717,
2022-12-06,FN,3840.0,-83.800048828125,False,0.02135688066482544,42.0
2022-12-06,FN,3940.0,16.199951171875,False,0.004128694534301758,11.0
2022-12-06,FN,3980.0,56.199951171875,False,0.014322876930236816,24.0
2022-12-06,FN,3860.0,-63.800048828125,False,0.01625978946685791,28.0
2022-12-06,FN,3960.0,36.199951171875,False,0.009225726127624512,19.0
2022-12-06,FN,3870.0,-53.800048828125,False,0.013711214065551758,23.0
2022-12-07,FP,3750.0,-180.8798828125,True,0.04601511320744878,
2022-12-07,FP,4050.0,119.1201171875,True,0.030303677735955326,
2022-12-07,FP,3700.0,-230.8798828125,True,0.058734911698016035,
2022-12-07,FP,3800.0,-130.8798828125,True,0.03329531471688141,
2022-12-07,FP,3930.0,-0.8798828125,False,0.00022383864140629317,
2022-12-07,FN,3940.0,9.1201171875,False,0.0023201704025268555,11.0
2022-12-07,FN,3855.0,-75.8798828125,False,0.019303560256958008,38.0
2022-12-07,FN,3960.0,29.1201171875,False,0.007408022880554199,22.0
2022-12-07,FN,4025.0,94.1201171875,True,0.023943781852722168,13.0
2022-12-07,FN,3835.0,-95.8798828125,False,0.024391472339630127,16.0
2022-12-08,FP,3850.0,-114.949951171875,True,0.028991526396922263,
2022-12-08,FP,3980.0,15.050048828125,False,0.0037957727117530204,
2022-12-08,FP,3700.0,-264.949951171875,True,0.06682302536847073,
2022-12-08,FP,3800.0,-164.949951171875,True,0.04160202605410512,
2022-12-08,FP,3965.0,0.050048828125,False,1.2622814598239884e-05,
2022-12-08,FN,3875.0,-89.949951171875,True,0.022686302661895752,21.0
2022-12-08,FN,3890.0,-74.949951171875,False,0.018903136253356934,31.0
2022-12-08,FN,3860.0,-104.949951171875,False,0.026469409465789795,36.0
2022-12-08,FN,3925.0,-39.949951171875,True,0.010075747966766357,11.0
2022-12-08,FN,3870.0,-94.949951171875,False,0.023947298526763916,27.0
2022-12-09,FP,3950.0,-6.27001953125,True,0.0015848310404235066,
2022-12-09,FP,4050.0,93.72998046875,True,0.023691502350958293,
2022-12-09,FP,3955.0,-1.27001953125,False,0.0003210143708544111,
2022-12-09,FP,3700.0,-256.27001953125,True,0.06477566451887773,
2022-12-09,FP,3960.0,3.72998046875,False,0.0009428022987145734,
2022-12-09,FP,3900.0,-56.27001953125,True,0.014222997736114351,
2022-12-09,FN,3875.0,-81.27001953125,True,0.02054208517074585,15.0
2022-12-09,FN,3940.0,-16.27001953125,False,0.0041124820709228516,17.0
2022-12-09,FN,3920.0,-36.27001953125,False,0.009167730808258057,26.0
2022-12-09,FN,4025.0,68.72998046875,True,0.01737236976623535,14.0
2022-12-09,FN,3835.0,-121.27001953125,False,0.030652642250061035,18.0
2022-12-09,FN,3870.0,-86.27001953125,False,0.021805882453918457,20.0
2022-12-12,FP,4000.0,17.8798828125,True,0.004490041055097205,
2022-12-12,FP,4200.0,217.8798828125,True,0.054714543107851954,
2022-12-12,FP,3850.0,-132.1201171875,True,0.033178335484469024,
2022-12-12,FP,3700.0,-282.1201171875,True,0.07084671202403514,
2022-12-12,FP,4150.0,167.8798828125,True,0.04215841759466321,
2022-12-12,FP,3990.0,7.8798828125,False,0.0019788159524594118,
2022-12-12,FN,3940.0,-42.1201171875,False,0.01057732105255127,33.0
2022-12-12,FN,4075.0,92.8798828125,True,0.023324251174926758,13.0
2022-12-12,FN,3920.0,-62.1201171875,False,0.01559978723526001,36.0
2022-12-12,FN,3960.0,-22.1201171875,False,0.005554854869842529,19.0
2022-12-12,FN,4025.0,42.8798828125,True,0.01076805591583252,11.0
2022-12-12,FN,3965.0,-17.1201171875,False,0.00429922342300415,18.0
2022-12-13,FP,4200.0,178.070068359375,True,0.044274781357699355,
2022-12-13,FP,3850.0,-171.929931640625,True,0.04274811708877568,
2022-12-13,FP,4075.0,53.070068359375,True,0.01319517476967258,
2022-12-13,FP,4175.0,153.070068359375,True,0.038058860040093956,
2022-12-13,FP,3955.0,-66.929931640625,False,0.016641247554833205,
2022-12-13,FP,4150.0,128.070068359375,True,0.031842938722488556,
2022-12-13,FN,4040.0,18.070068359375,False,0.0044928789138793945,22.0
2022-12-13,FN,4080.0,58.070068359375,False,0.014438390731811523,30.0
2022-12-13,FN,3960.0,-61.929931640625,False,0.015398085117340088,12.0
2022-12-13,FN,4090.0,68.070068359375,False,0.016924738883972168,39.0
2022-12-13,FN,4060.0,38.070068359375,False,0.009465575218200684,33.0
2022-12-13,FN,4030.0,8.070068359375,False,0.00200653076171875,11.0
2022-12-14,FP,3970.0,-11.280029296875,False,0.0028332669929944654,
2022-12-14,FP,3975.0,-6.280029296875,True,0.0015773894955045664,
2022-12-14,FP,4050.0,68.719970703125,True,0.017260772966844362,
2022-12-14,FP,3955.0,-26.280029296875,False,0.006600899485464273,
2022-12-14,FP,3995.0,13.719970703125,False,0.0034461204944551405,
2022-12-14,FP,3965.0,-16.280029296875,False,0.004089144490484475,
2022-12-14,FN,4035.0,53.719970703125,False,0.013493180274963379,25.0
2022-12-14,FN,3940.0,-41.280029296875,False,0.010368525981903076,23.0
2022-12-14,FN,4010.0,28.719970703125,False,0.007213711738586426,15.0
2022-12-14,FN,3925.0,-56.280029296875,True,0.014136135578155518,16.0
2022-12-14,FN,4060.0,78.719970703125,False,0.01977252960205078,35.0
2022-12-14,FN,4030.0,48.719970703125,False,0.012237310409545898,17.0
2022-12-15,FP,4000.0,94.72998046875,True,0.024256960464956734,
2022-12-15,FP,3910.0,4.72998046875,False,0.0012111788544950652,
2022-12-15,FP,3880.0,-25.27001953125,False,0.006470748348992084,
2022-12-15,FP,3885.0,-20.27001953125,False,0.005190427148410892,
2022-12-15,FP,3890.0,-15.27001953125,False,0.003910105947829701,
2022-12-15,FP,3895.0,-10.27001953125,False,0.002629784747248509,
2022-12-15,FN,3945.0,39.72998046875,False,0.010173439979553223,22.0
2022-12-15,FN,3850.0,-55.27001953125,True,0.0141526460647583,15.0
2022-12-15,FN,3860.0,-45.27001953125,False,0.01159203052520752,38.0
2022-12-15,FN,3960.0,54.72998046875,False,0.014014363288879395,21.0
2022-12-15,FN,3835.0,-70.27001953125,False,0.017993628978729248,18.0
2022-12-15,FN,3965.0,59.72998046875,False,0.015294671058654785,23.0
2022-12-16,FP,3750.0,-114.860107421875,True,0.02971908535610479,
2022-12-16,FP,3950.0,85.139892578125,True,0.02202923009156965,
2022-12-16,FP,3860.0,-4.860107421875,False,0.0012575118598838753,
2022-12-16,FP,3865.0,0.139892578125,False,3.6196026307999674e-05,
2022-12-16,FP,3870.0,5.139892578125,False,0.0013299039124998746,
2022-12-16,FN,3810.0,-54.860107421875,False,0.014194607734680176,26.0
2022-12-16,FN,3940.0,75.139892578125,False,0.019441843032836914,32.0
2022-12-16,FN,3790.0,-74.860107421875,False,0.019369423389434814,22.0
2022-12-16,FN,3925.0,60.139892578125,True,0.015560746192932129,13.0
2022-12-16,FN,3775.0,-89.860107421875,True,0.0232505202293396,15.0
2022-12-19,FP,4000.0,189.81005859375,True,0.04981642949897025,
2022-12-19,FP,3815.0,4.81005859375,False,0.0012624196346429084,
2022-12-19,FP,3950.0,139.81005859375,True,0.036693724130233196,
2022-12-19,FP,3825.0,14.81005859375,True,0.0038869607083902302,
2022-12-19,FP,3700.0,-110.18994140625,True,0.028919802713452514,
2022-12-19,FN,3875.0,64.81005859375,True,0.017009615898132324,11.0
2022-12-19,FN,3725.0,-85.18994140625,True,0.022358477115631104,22.0
2022-12-19,FN,3790.0,-20.18994140625,False,0.005298912525177002,15.0
2022-12-19,FN,3890.0,79.81005859375,False,0.020946502685546875,25.0
2022-12-19,FN,3830.0,19.81005859375,False,0.0051991939544677734,14.0
2022-12-20,FP,3875.0,47.9599609375,True,0.012531868088123899,
2022-12-20,FP,3825.0,-2.0400390625,True,0.0005330592420453861,
2022-12-20,FP,3830.0,2.9599609375,False,0.0007734334909714757,
2022-12-20,FP,3800.0,-27.0400390625,True,0.0070655229071300285,
2022-12-20,FP,3835.0,7.9599609375,False,0.0020799262239885596,
2022-12-20,FN,3400.0,-427.0400390625,True,0.11158496141433716,55.0
2022-12-20,FN,3500.0,-327.0400390625,True,0.08545506000518799,38.0
2022-12-20,FN,4150.0,322.9599609375,True,0.08438897132873535,63.0
2022-12-20,FN,3450.0,-377.0400390625,True,0.09852004051208496,69.0
2022-12-20,FN,3550.0,-277.0400390625,True,0.07239013910293579,47.0
2022-12-21,FP,4000.0,126.610107421875,True,0.03268715800195454,
2022-12-21,FP,3750.0,-123.389892578125,True,0.031855789373167576,
2022-12-21,FP,3880.0,6.610107421875,False,0.0017065432618958987,
2022-12-21,FP,3825.0,-48.389892578125,True,0.012492905160630952,
2022-12-21,FP,3865.0,-8.389892578125,False,0.002166033580611404,
2022-12-21,FN,3810.0,-63.389892578125,False,0.016365468502044678,27.0
2022-12-21,FN,3815.0,-58.389892578125,False,0.015074610710144043,30.0
2022-12-21,FN,3890.0,16.610107421875,False,0.004288315773010254,15.0
2022-12-21,FN,3925.0,51.610107421875,True,0.013324260711669922,13.0
2022-12-21,FN,3960.0,86.610107421875,False,0.02236032485961914,29.0
2022-12-22,FP,4000.0,180.89990234375,True,0.04736715396770208,
2022-12-22,FP,3850.0,30.89990234375,True,0.008090885693913252,
2022-12-22,FP,3950.0,130.89990234375,True,0.034275064543105804,
2022-12-22,FP,3700.0,-119.10009765625,True,0.031185382579875465,
2022-12-22,FP,3830.0,10.89990234375,False,0.0028540499240747863,
2022-12-22,FN,3815.0,-4.10009765625,False,0.001073598861694336,15.0
2022-12-22,FN,3755.0,-64.10009765625,False,0.016784071922302246,44.0
2022-12-22,FN,3725.0,-94.10009765625,True,0.0246393084526062,33.0
2022-12-22,FN,3770.0,-49.10009765625,False,0.012856483459472656,21.0
2022-12-22,FN,3740.0,-79.10009765625,False,0.02071171998977661,63.0
2022-12-23,FP,4000.0,162.860107421875,True,0.04244309876136709,
2022-12-23,FP,3840.0,2.860107421875,False,0.0007453748109125247,
2022-12-23,FP,3845.0,7.860107421875,False,0.0020484286843640565,
2022-12-23,FP,3750.0,-87.139892578125,True,0.022709594911218267,
2022-12-23,FP,3700.0,-137.139892578125,True,0.03574013364573536,
2022-12-23,FP,3830.0,-7.139892578125,False,0.001860732935990983,
2022-12-23,FN,3810.0,-27.139892578125,False,0.007072925567626953,21.0
2022-12-23,FN,3975.0,137.860107421875,True,0.035927772521972656,23.0
2022-12-23,FN,3815.0,-22.139892578125,False,0.005769908428192139,19.0
2022-12-23,FN,3725.0,-112.139892578125,True,0.029224872589111328,28.0
2022-12-23,FN,3960.0,122.860107421875,False,0.03201866149902344,45.0
2022-12-23,FN,3775.0,-62.139892578125,True,0.01619434356689453,11.0
2022-12-27,FP,4000.0,164.1201171875,True,0.042785520454609705,
2022-12-27,FP,3840.0,4.1201171875,False,0.0010740996364253519,
2022-12-27,FP,3850.0,14.1201171875,True,0.0036810634375619156,
2022-12-27,FP,3950.0,114.1201171875,True,0.029750701448927108,
2022-12-27,FP,3700.0,-135.8798828125,True,0.035423393579486095,
2022-12-27,FN,3810.0,-25.8798828125,False,0.006746768951416016,19.0
2022-12-27,FN,3815.0,-20.8798828125,False,0.0054433345794677734,20.0
2022-12-27,FN,3755.0,-80.8798828125,False,0.021085083484649658,38.0
2022-12-27,FN,3790.0,-45.8798828125,False,0.011960744857788086,27.0
2022-12-27,FN,3925.0,89.1201171875,True,0.02323329448699951,15.0
2022-12-28,FP,4000.0,212.139892578125,True,0.05600520783818319,
2022-12-28,FP,3790.0,2.139892578125,False,0.0005649344266784873,
2022-12-28,FP,3825.0,37.139892578125,True,0.009804979995262642,
2022-12-28,FP,3800.0,12.139892578125,True,0.003204947446274087,
2022-12-28,FP,3835.0,47.139892578125,False,0.012444993014858019,
2022-12-28,FP,3775.0,-12.860107421875,True,0.003395085102714579,
2022-12-28,FN,3650.0,-137.860107421875,True,0.036395251750946045,15.0
2022-12-28,FN,4100.0,312.139892578125,True,0.08240532875061035,24.0
2022-12-28,FN,3400.0,-387.860107421875,True,0.10239559412002563,34.0
2022-12-28,FN,4200.0,412.139892578125,True,0.10880541801452637,58.0
2022-12-28,FN,3500.0,-287.860107421875,True,0.07599544525146484,29.0
2022-12-28,FN,3550.0,-237.860107421875,True,0.06279540061950684,32.0
2022-12-29,FP,4000.0,149.360107421875,True,0.038788386239325456,
2022-12-29,FP,3845.0,-5.639892578125,False,0.0014646637274483565,
2022-12-29,FP,3750.0,-100.639892578125,True,0.02613588790063237,
2022-12-29,FP,3950.0,99.360107421875,True,0.025803531411333847,
2022-12-29,FP,3855.0,4.360107421875,False,0.0011323072381499433,
2022-12-29,FN,3755.0,-95.639892578125,False,0.024837374687194824,48.0
2022-12-29,FN,3760.0,-90.639892578125,False,0.02353888750076294,33.0
2022-12-29,FN,3925.0,74.360107421875,True,0.019311070442199707,17.0
2022-12-29,FN,3830.0,-20.639892578125,False,0.005360126495361328,11.0
2022-12-29,FN,3775.0,-75.639892578125,True,0.01964348554611206,14.0
2022-12-30,FP,4000.0,180.969970703125,True,0.04738637018165681,
2022-12-30,FP,3840.0,20.969970703125,False,0.005490915374390504,
2022-12-30,FP,3820.0,0.969970703125,False,0.0002539835234822707,
2022-12-30,FP,3825.0,5.969970703125,True,0.0015632164862091624,
2022-12-30,FP,3830.0,10.969970703125,False,0.002872449448936276,
2022-12-30,FP,3835.0,15.969970703125,False,0.00418168241166339,
2022-12-30,FN,3810.0,-9.030029296875,False,0.0023644566535949707,12.0
2022-12-30,FN,3725.0,-94.030029296875,True,0.024621427059173584,24.0
2022-12-30,FN,3855.0,35.969970703125,False,0.009418606758117676,23.0
2022-12-30,FN,3700.0,-119.030029296875,True,0.03116762638092041,11.0
2022-12-30,FN,3925.0,105.969970703125,True,0.02774786949157715,21.0
2022-12-30,FN,3775.0,-44.030029296875,True,0.011529088020324707,15.0
2023-01-03,FP,4000.0,179.139892578125,True,0.04688470332377581,
2023-01-03,FP,3750.0,-70.860107421875,True,0.018545590633960107,
2023-01-03,FP,3820.0,-0.860107421875,False,0.00022510832579403228,
2023-01-03,FP,3950.0,129.139892578125,True,0.033798644532228694,
2023-01-03,FP,3825.0,4.139892578125,True,0.0010834975533606794,
2023-01-03,FP,3700.0,-120.860107421875,True,0.031631649425507335,
2023-01-03,FP,3830.0,9.139892578125,False,0.002392103432515391,
2023-01-03,FN,3810.0,-10.860107421875,False,0.0028423070907592773,11.0
2023-01-03,FN,3780.0,-40.860107421875,False,0.010693967342376709,38.0
2023-01-03,FN,3815.0,-5.860107421875,False,0.0015336871147155762,14.0
2023-01-03,FN,3755.0,-65.860107421875,False,0.01723700761795044,31.0
2023-01-03,FN,3760.0,-60.860107421875,False,0.01592838764190674,26.0
2023-01-03,FN,3730.0,-90.860107421875,False,0.023779988288879395,46.0
2023-01-03,FN,3775.0,-45.860107421875,True,0.01200258731842041,13.0
2023-01-04,FP,3875.0,32.169921875,True,0.008371414093515162,
2023-01-04,FP,3750.0,-92.830078125,True,0.024156696038533654,
2023-01-04,FP,3825.0,-17.830078125,True,0.004639829959304231,
2023-01-04,FP,3700.0,-142.830078125,True,0.03716794009135316,
2023-01-04,FP,3860.0,17.169921875,False,0.004468040877669388,
2023-01-04,FP,3830.0,-12.830078125,False,0.003338705554022381,
2023-01-04,FP,3900.0,57.169921875,True,0.01487703611992508,
2023-01-04,FN,3940.0,97.169921875,False,0.025286078453063965,36.0
2023-01-04,FN,3815.0,-27.830078125,False,0.007242083549499512,27.0
2023-01-04,FN,3880.0,37.169921875,False,0.00967252254486084,32.0
2023-01-04,FN,3920.0,77.169921875,False,0.020081520080566406,48.0
2023-01-04,FN,3890.0,47.169921875,False,0.012274742126464844,33.0
2023-01-04,FN,3925.0,82.169921875,True,0.021382689476013184,17.0
2023-01-04,FN,3865.0,22.169921875,False,0.005769133567810059,24.0
2023-01-05,FP,4000.0,192.590087890625,True,0.0505829664618187,
2023-01-05,FP,3875.0,67.590087890625,True,0.0177522487598869,
2023-01-05,FP,3750.0,-57.409912109375,True,0.015078468942044898,
2023-01-05,FP,3950.0,142.590087890625,True,0.03745067938104607,
2023-01-05,FP,3700.0,-107.409912109375,True,0.02821075602281764,
2023-01-05,FP,3900.0,92.590087890625,True,0.02431839230027344,
2023-01-05,FN,3815.0,7.590087890625,False,0.001993536949157715,15.0
2023-01-05,FN,3755.0,-52.409912109375,False,0.013765215873718262,23.0
2023-01-05,FN,3725.0,-82.409912109375,True,0.02164459228515625,14.0
2023-01-05,FN,3730.0,-77.409912109375,False,0.020331382751464844,40.0
2023-01-05,FN,3740.0,-67.409912109375,False,0.017704904079437256,49.0
2023-01-05,FN,3710.0,-97.409912109375,False,0.025584280490875244,50.0
2023-01-06,FP,3905.0,4.14990234375,False,0.0010638456336078406,
2023-01-06,FP,4100.0,199.14990234375,True,0.05105294932081739,
2023-01-06,FP,3750.0,-150.85009765625,True,0.03867108293827681,
2023-01-06,FP,3825.0,-75.85009765625,True,0.01944450459704239,
2023-01-06,FP,4050.0,149.14990234375,True,0.038235230426661104,
2023-01-06,FP,3800.0,-100.85009765625,True,0.02585336404412053,
2023-01-06,FP,3900.0,-0.85009765625,True,0.0002179262558078543,
2023-01-06,FN,3840.0,-60.85009765625,False,0.015599191188812256,27.0
2023-01-06,FN,3970.0,69.14990234375,False,0.017726898193359375,42.0
2023-01-06,FN,3875.0,-25.85009765625,True,0.006626784801483154,11.0
2023-01-06,FN,3975.0,74.14990234375,True,0.019008636474609375,14.0
2023-01-06,FN,3880.0,-20.85009765625,False,0.005344986915588379,24.0
2023-01-06,FN,3815.0,-85.85009765625,False,0.022008061408996582,51.0
2023-01-06,FN,3925.0,24.14990234375,True,0.006190896034240723,12.0
2023-01-09,FP,4100.0,204.070068359375,True,0.05238032303970064,
2023-01-09,FP,3850.0,-45.929931640625,True,0.011789208852963973,
2023-01-09,FP,3890.0,-5.929931640625,False,0.001522083750137626,
2023-01-09,FP,4050.0,154.070068359375,True,0.03954641666116787,
2023-01-09,FP,3895.0,-0.929931640625,False,0.000238693112284305,
2023-01-09,FN,3875.0,-20.929931640625,True,0.005372226238250732,12.0
2023-01-09,FN,3940.0,44.070068359375,False,0.011311769485473633,19.0
2023-01-09,FN,3910.0,14.070068359375,False,0.003611445426940918,14.0
2023-01-09,FN,3815.0,-80.929931640625,False,0.020772933959960938,50.0
2023-01-09,FN,3975.0,79.070068359375,True,0.02029550075531006,16.0
2023-01-10,FP,3905.0,-3.760009765625,False,0.0009619443906074832,
2023-01-10,FP,4100.0,191.239990234375,True,0.04892599948745424,
2023-01-10,FP,3910.0,1.239990234375,False,0.00031723365754787736,
2023-01-10,FP,3850.0,-58.760009765625,True,0.015032902920317226,
2023-01-10,FP,3950.0,41.239990234375,True,0.010550658042791428,
2023-01-10,FP,3825.0,-83.760009765625,True,0.021428793161094473,
2023-01-10,FP,4050.0,141.239990234375,True,0.03613421900589997,
2023-01-10,FP,3700.0,-208.760009765625,True,0.05340824436498026,
2023-01-10,FN,3840.0,-68.760009765625,False,0.017591238021850586,31.0
2023-01-10,FN,3970.0,61.239990234375,False,0.015667319297790527,28.0
2023-01-10,FN,3940.0,31.239990234375,False,0.007992267608642578,15.0
2023-01-10,FN,3975.0,66.239990234375,True,0.01694655418395996,14.0
2023-01-10,FN,4010.0,101.239990234375,False,0.025900840759277344,43.0
2023-01-10,FN,3920.0,11.239990234375,False,0.0028755664825439453,13.0
2023-01-10,FN,3990.0,81.239990234375,False,0.02078413963317871,27.0
2023-01-10,FN,3930.0,21.239990234375,False,0.005433917045593262,22.0
2023-01-11,FP,4100.0,141.820068359375,True,0.03582961634101167,
2023-01-11,FP,3850.0,-108.179931640625,True,0.02733072611880616,
2023-01-11,FP,3955.0,-3.179931640625,False,0.0008033822856827744,
2023-01-11,FP,3960.0,1.820068359375,False,0.00045982456351367773,
2023-01-11,FP,3965.0,6.820068359375,False,0.0017230314127099078,
2023-01-11,FN,3970.0,11.820068359375,False,0.0029861927032470703,11.0
2023-01-11,FN,3875.0,-83.179931640625,True,0.021014690399169922,16.0
2023-01-11,FN,3990.0,31.820068359375,False,0.008039116859436035,21.0
2023-01-11,FN,4025.0,66.820068359375,True,0.016881465911865234,15.0
2023-01-11,FN,4030.0,71.820068359375,False,0.018144726753234863,29.0
2023-01-12,FP,3960.0,-20.580078125,False,0.005170120364641373,
2023-01-12,FP,3970.0,-10.580078125,False,0.0026579236988956145,
2023-01-12,FP,3850.0,-130.580078125,True,0.032804283687845825,
2023-01-12,FP,4100.0,119.419921875,True,0.030000632955800466,
2023-01-12,FN,4065.0,84.419921875,False,0.02120792865753174,68.0
2023-01-12,FN,4025.0,44.419921875,True,0.011159181594848633,12.0
2023-01-12,FN,4030.0,49.419921875,False,0.012415289878845215,21.0
2023-01-12,FN,3990.0,9.419921875,False,0.0023664236068725586,11.0
2023-01-13,FP,4010.0,13.909912109375,False,0.003480880511559592,
2023-01-13,FP,3850.0,-146.090087890625,True,0.036558256865460215,
2023-01-13,FP,3995.0,-1.090087890625,False,0.0002727886175359906,
2023-01-13,FP,3950.0,-46.090087890625,True,0.01153379600482285,
2023-01-13,FN,4025.0,28.909912109375,True,0.0072345733642578125,11.0
2023-01-13,FN,4065.0,68.909912109375,False,0.017244338989257812,64.0
2023-01-13,FN,4075.0,78.909912109375,True,0.019746780395507812,12.0
2023-01-13,FN,4030.0,33.909912109375,False,0.008485794067382812,19.0
2023-01-17,FP,4100.0,106.6201171875,True,0.026699217283683074,
2023-01-17,FP,3850.0,-143.3798828125,True,0.035904393526297596,
2023-01-17,FP,3980.0,-13.3798828125,False,0.0033505159051075983,
2023-01-17,FP,3950.0,-43.3798828125,True,0.010862949202305239,
2023-01-17,FP,3995.0,1.6201171875,False,0.00040570074349122187,
2023-01-17,FP,3900.0,-93.3798828125,True,0.023383671364301417,
2023-01-17,FN,4065.0,71.6201171875,False,0.017934679985046387,53.0
2023-01-17,FN,4040.0,46.6201171875,False,0.01167440414428711,20.0
2023-01-17,FN,4010.0,16.6201171875,False,0.004161953926086426,14.0
2023-01-17,FN,4025.0,31.6201171875,True,0.007918119430541992,11.0
2023-01-17,FN,4060.0,66.6201171875,False,0.01668262481689453,27.0
2023-01-17,FN,4030.0,36.6201171875,False,0.009170174598693848,17.0
2023-01-19,FP,4000.0,88.27001953125,True,0.022565468468422445,
2023-01-19,FP,3905.0,-6.72998046875,False,0.0017204614077026559,
2023-01-19,FP,3875.0,-36.72998046875,True,0.00938970242121584,
2023-01-19,FP,3910.0,-1.72998046875,False,0.0004422545721171067,
2023-01-19,FP,3850.0,-61.72998046875,True,0.015780736599143474,
2023-01-19,FP,3915.0,3.27001953125,False,0.0008359522634684424,
2023-01-19,FP,3950.0,38.27001953125,True,0.009783400112567175,
2023-01-19,FP,3800.0,-111.72998046875,True,0.028562804954998744,
2023-01-19,FP,3900.0,-11.72998046875,True,0.002998668243288205,
2023-01-19,FN,3970.0,58.27001953125,False,0.014896273612976074,31.0
2023-01-19,FN,3940.0,28.27001953125,False,0.0072269439697265625,15.0
2023-01-19,FN,3975.0,63.27001953125,True,0.01617443561553955,12.0
2023-01-19,FN,3945.0,33.27001953125,False,0.00850522518157959,36.0
2023-01-19,FN,3980.0,68.27001953125,False,0.017452597618103027,28.0
2023-01-19,FN,3920.0,8.27001953125,False,0.0021141767501831055,11.0
2023-01-19,FN,3930.0,18.27001953125,False,0.004670619964599609,14.0
2023-01-19,FN,3835.0,-76.72998046875,False,0.019615352153778076,47.0
2023-01-19,FN,3935.0,23.27001953125,False,0.005948781967163086,19.0
2023-01-23,FP,4000.0,-9.679931640625,True,0.0024141407308448937,
2023-01-23,FP,4100.0,90.320068359375,True,0.022525505750883967,
2023-01-23,FP,3975.0,-34.679931640625,True,0.008649052351277109,
2023-01-23,FP,4010.0,0.320068359375,False,7.982391732808125e-05,
2023-01-23,FP,4015.0,5.320068359375,False,0.0013268062414144577,
2023-01-23,FP,4020.0,10.320068359375,False,0.002573788565500834,
2023-01-23,FP,4025.0,15.320068359375,True,0.0038207708895874326,
2023-01-23,FN,3750.0,-259.679931640625,True,0.06476324796676636,31.0
2023-01-23,FN,4075.0,65.320068359375,True,0.01629054546356201,13.0
2023-01-23,FN,4300.0,290.320068359375,True,0.07240474224090576,47.0
2023-01-23,FN,4275.0,265.320068359375,True,0.0661698579788208,83.0
2023-01-23,FN,3700.0,-309.679931640625,True,0.07723307609558105,26.0
2023-01-23,FN,4150.0,140.320068359375,True,0.034995317459106445,14.0
2023-01-23,FN,4250.0,240.320068359375,True,0.05993497371673584,50.0
2023-01-24,FP,4000.0,-17.39990234375,True,0.004331135253326179,
2023-01-24,FP,4100.0,82.60009765625,True,0.02056058636534064,
2023-01-24,FP,3975.0,-42.39990234375,True,0.010554065657992884,
2023-01-24,FP,3850.0,-167.39990234375,True,0.041668717681326406,
2023-01-24,FP,3925.0,-92.39990234375,True,0.022999926467326293,
2023-01-24,FP,4025.0,7.60009765625,True,0.0018917951513406361,
2023-01-24,FN,3750.0,-267.39990234375,True,0.06656044721603394,30.0
2023-01-24,FN,4300.0,282.60009765625,True,0.0703439712524414,55.0
2023-01-24,FN,4275.0,257.60009765625,True,0.06412112712860107,84.0
2023-01-24,FN,3700.0,-317.39990234375,True,0.07900631427764893,29.0
2023-01-24,FN,4150.0,132.60009765625,True,0.03300642967224121,12.0
2023-01-24,FN,4250.0,232.60009765625,True,0.05789816379547119,52.0
2023-01-25,FP,4000.0,-12.8798828125,True,0.0032096357699780143,
2023-01-25,FP,4100.0,87.1201171875,True,0.021710123335772602,
2023-01-25,FP,3975.0,-37.8798828125,True,0.009439575546415613,
2023-01-25,FP,4010.0,-2.8798828125,False,0.0007176598594028638,
2023-01-25,FP,4015.0,2.1201171875,False,0.0005283280958845449,
2023-01-25,FP,4020.0,7.1201171875,False,0.0017743160511720646,
2023-01-25,FP,4025.0,12.1201171875,True,0.0030203040064595843,
2023-01-25,FN,3750.0,-262.8798828125,True,0.06550902128219604,32.0
2023-01-25,FN,4075.0,62.1201171875,True,0.0154801607131958,12.0
2023-01-25,FN,4300.0,287.1201171875,True,0.07154965400695801,57.0
2023-01-25,FN,4275.0,262.1201171875,True,0.06531965732574463,85.0
2023-01-25,FN,3700.0,-312.8798828125,True,0.07796889543533325,34.0
2023-01-25,FN,4150.0,137.1201171875,True,0.03417003154754639,15.0
2023-01-25,FN,4250.0,237.1201171875,True,0.0590897798538208,52.0
2023-01-26,FP,4100.0,48.429931640625,True,0.011953373833723635,
2023-01-26,FP,4045.0,-6.570068359375,False,0.00162161044941167,
2023-01-26,FP,4050.0,-1.570068359375,True,0.00038752096912664236,
2023-01-26,FP,4025.0,-26.570068359375,True,0.006557968370551781,
2023-01-26,FP,4060.0,8.429931640625,False,0.002080657991443413,
2023-01-26,FN,3750.0,-301.570068359375,True,0.07443290948867798,48.0
2023-01-26,FN,4300.0,248.429931640625,True,0.06131696701049805,47.0
2023-01-26,FN,4175.0,123.429931640625,True,0.030464768409729004,23.0
2023-01-26,FN,4275.0,223.429931640625,True,0.05514645576477051,72.0
2023-01-26,FN,4250.0,198.429931640625,True,0.04897606372833252,39.0
2023-01-27,FP,4100.0,12.139892578125,True,0.0029697426670947102,
2023-01-27,FP,4080.0,-7.860107421875,False,0.0019227926629886705,
2023-01-27,FP,4050.0,-37.860107421875,True,0.009261595658113797,
2023-01-27,FP,4085.0,-2.860107421875,False,0.000699658830467853,
2023-01-27,FP,4025.0,-62.860107421875,True,0.015377264820717995,
2023-01-27,FP,4090.0,2.139892578125,False,0.0005234750020530754,
2023-01-27,FN,4225.0,137.139892578125,True,0.03354811668395996,23.0
2023-01-27,FN,4300.0,212.139892578125,True,0.0518951416015625,37.0
2023-01-27,FN,4175.0,87.139892578125,True,0.0213167667388916,15.0
2023-01-27,FN,4275.0,187.139892578125,True,0.04577946662902832,60.0
2023-01-27,FN,4250.0,162.139892578125,True,0.03966379165649414,30.0
2023-01-27,FN,3900.0,-187.860107421875,True,0.0459555983543396,12.0
2023-01-30,FP,4100.0,82.02001953125,True,0.02041324743526496,
2023-01-30,FP,4010.0,-7.97998046875,False,0.0019860677523383385,
2023-01-30,FP,4075.0,57.02001953125,True,0.014191215438708493,
2023-01-30,FP,4015.0,-2.97998046875,False,0.0007416613530270011,
2023-01-30,FP,4050.0,32.02001953125,True,0.007969183442152028,
2023-01-30,FP,4020.0,2.02001953125,False,0.0005027450462842253,
2023-01-30,FP,4025.0,7.02001953125,True,0.0017471514455955628,
2023-01-30,FN,3750.0,-267.97998046875,True,0.0666952133178711,34.0
2023-01-30,FN,4300.0,282.02001953125,True,0.0701894760131836,53.0
2023-01-30,FN,4175.0,157.02001953125,True,0.03907930850982666,20.0
2023-01-30,FN,4275.0,257.02001953125,True,0.06396746635437012,83.0
2023-01-30,FN,3700.0,-317.97998046875,True,0.07913929224014282,32.0
2023-01-30,FN,4150.0,132.02001953125,True,0.032857298851013184,11.0
2023-01-30,FN,4250.0,232.02001953125,True,0.05774545669555664,42.0
2023-01-31,FP,4100.0,47.39990234375,True,0.01169617065625661,
2023-01-31,FP,4050.0,-2.60009765625,True,0.0006415875224781153,
2023-01-31,FP,4055.0,2.39990234375,False,0.0005921882953954238,
2023-01-31,FP,4025.0,-27.60009765625,True,0.006810466611845589,
2023-01-31,FP,4060.0,7.39990234375,False,0.001825964113268741,
2023-01-31,FN,3850.0,-202.60009765625,True,0.04999262094497681,13.0
2023-01-31,FN,4300.0,247.39990234375,True,0.06104719638824463,40.0
2023-01-31,FN,4175.0,122.39990234375,True,0.030202865600585938,15.0
2023-01-31,FN,4275.0,222.39990234375,True,0.0548783540725708,70.0
2023-01-31,FN,4250.0,197.39990234375,True,0.04870939254760742,30.0
2023-02-01,FP,4130.0,1.77001953125,False,0.00042875991396407187,
2023-02-01,FP,4100.0,-28.22998046875,True,0.006838277082989563,
2023-02-01,FP,4135.0,6.77001953125,False,0.0016399327467897518,
2023-02-01,FP,4140.0,11.77001953125,False,0.0028511055796154317,
2023-02-01,FP,4050.0,-78.22998046875,True,0.018950005411245807,
2023-02-01,FP,4125.0,-3.22998046875,True,0.000782412918861497,
2023-02-01,FN,3850.0,-278.22998046875,True,0.06739693880081177,20.0
2023-02-01,FN,4300.0,171.77001953125,True,0.04160869121551514,16.0
2023-02-01,FN,3950.0,-178.22998046875,True,0.04317343235015869,12.0
2023-02-01,FN,4400.0,271.77001953125,True,0.06583213806152344,63.0
2023-02-01,FN,4275.0,146.77001953125,True,0.0355527400970459,39.0
2023-02-01,FN,4250.0,121.77001953125,True,0.02949690818786621,15.0
2023-02-03,FP,4000.0,-139.22998046875,True,0.033636686322266796,
2023-02-03,FP,4050.0,-89.22998046875,True,0.021557144901295122,
2023-02-03,FP,4130.0,-9.22998046875,False,0.002229878627740489,
2023-02-03,FP,4110.0,-29.22998046875,False,0.007061695196129203,
2023-02-03,FN,4065.0,-74.22998046875,False,0.017933309078216553,44.0
2023-02-03,FN,4170.0,30.77001953125,False,0.007433772087097168,20.0
2023-02-03,FN,4060.0,-79.22998046875,False,0.01914125680923462,30.0
2023-02-03,FN,4210.0,70.77001953125,False,0.0170973539352417,38.0
2023-02-06,FP,4000.0,-102.52001953125,True,0.024989523279148718,
2023-02-06,FP,4105.0,2.47998046875,False,0.0006045017347735548,
2023-02-06,FP,4075.0,-27.52001953125,True,0.006708076840632793,
2023-02-06,FP,3950.0,-152.52001953125,True,0.03717715423815937,
2023-02-06,FP,4050.0,-52.52001953125,True,0.012801892320138175,
2023-02-06,FP,4125.0,22.47998046875,True,0.005479554118377861,
2023-02-06,FN,4065.0,-37.52001953125,False,0.009145617485046387,38.0
2023-02-06,FN,4130.0,27.47998046875,False,0.0066983699798583984,16.0
2023-02-06,FN,4170.0,67.47998046875,False,0.016448378562927246,23.0
2023-02-06,FN,4140.0,37.47998046875,False,0.009135842323303223,21.0
2023-02-06,FN,4045.0,-57.52001953125,False,0.014020681381225586,40.0
2023-02-06,FN,4030.0,-72.52001953125,False,0.017676949501037598,33.0
2023-02-07,FP,4000.0,-157.7998046875,True,0.037952718288551734,
2023-02-07,FP,4050.0,-107.7998046875,True,0.025927127267158623,
2023-02-07,FP,4125.0,-32.7998046875,True,0.007888740735068955,
2023-02-07,FP,4250.0,92.2001953125,True,0.022175236818413824,
2023-02-07,FN,4240.0,82.2001953125,False,0.019770145416259766,41.0
2023-02-07,FN,4210.0,52.2001953125,False,0.012554764747619629,24.0
2023-02-07,FN,4220.0,62.2001953125,False,0.014959931373596191,34.0
2023-02-07,FN,4190.0,32.2001953125,False,0.007744550704956055,18.0
2023-02-08,FP,4000.0,-118.7998046875,True,0.028843306380731848,
2023-02-08,FP,4075.0,-43.7998046875,True,0.010634118375370538,
2023-02-08,FP,4110.0,-8.7998046875,False,0.002136497306201912,
2023-02-08,FP,4115.0,-3.7998046875,False,0.0009225514391778544,
2023-02-08,FP,4120.0,1.2001953125,False,0.0002913944278462033,
2023-02-08,FN,4065.0,-53.7998046875,False,0.013062000274658203,34.0
2023-02-08,FN,4130.0,11.2001953125,False,0.002719283103942871,11.0
2023-02-08,FN,4140.0,21.2001953125,False,0.005147218704223633,16.0
2023-02-08,FN,4180.0,61.2001953125,False,0.014858722686767578,40.0
2023-02-08,FN,4185.0,66.2001953125,False,0.016072750091552734,44.0
2023-02-09,FP,3950.0,-127.93994140625,True,0.031373669854031894,
2023-02-09,FP,4080.0,2.06005859375,False,0.0005051713912784805,
2023-02-09,FP,4085.0,7.06005859375,False,0.001731280669944102,
2023-02-09,FP,4150.0,72.06005859375,True,0.0176707012925994,
2023-02-09,FP,4090.0,12.06005859375,False,0.0029573899486099453,
2023-02-09,FP,4125.0,47.06005859375,True,0.011540154899270405,
2023-02-09,FN,4065.0,-12.93994140625,False,0.0031731724739074707,23.0
2023-02-09,FN,4035.0,-42.93994140625,False,0.010529816150665283,39.0
2023-02-09,FN,4015.0,-62.93994140625,False,0.01543426513671875,43.0
2023-02-09,FN,4175.0,97.06005859375,True,0.023801207542419434,11.0
2023-02-09,FN,4025.0,-52.93994140625,True,0.012982010841369629,12.0
2023-02-09,FN,4030.0,-47.93994140625,False,0.011755943298339844,27.0
2023-02-10,FP,3950.0,-132.860107421875,True,0.032540940401156626,
2023-02-10,FP,4080.0,-2.860107421875,False,0.0007005156548655078,
2023-02-10,FP,4050.0,-32.860107421875,True,0.008048305980932646,
2023-02-10,FP,4085.0,2.139892578125,False,0.0005241160661455524,
2023-02-10,FP,4090.0,7.139892578125,False,0.0017487477871569457,
2023-02-10,FP,4125.0,42.139892578125,True,0.010321169834235144,
2023-02-10,FN,4065.0,-17.860107421875,False,0.004374384880065918,28.0
2023-02-10,FN,4045.0,-37.860107421875,False,0.009272933006286621,32.0
2023-02-10,FN,4110.0,27.139892578125,False,0.006647229194641113,14.0
2023-02-10,FN,4175.0,92.139892578125,True,0.0225675106048584,13.0
2023-02-10,FN,4025.0,-57.860107421875,True,0.014171481132507324,12.0
2023-02-10,FN,4030.0,-52.860107421875,False,0.012946844100952148,29.0
2023-02-13,FP,4000.0,-129.919921875,True,0.03145821815741545,
2023-02-13,FP,4130.0,0.080078125,False,1.938975246851271e-05,
2023-02-13,FP,4125.0,-4.919921875,True,0.001191287474834657,
2023-02-13,FP,4135.0,5.080078125,False,0.0012300669797717934,
2023-02-13,FN,4065.0,-64.919921875,False,0.01571941375732422,41.0
2023-02-13,FN,4225.0,95.080078125,True,0.02302229404449463,12.0
2023-02-13,FN,4220.0,90.080078125,False,0.021811604499816895,50.0
2023-02-13,FN,4170.0,40.080078125,False,0.009704828262329102,17.0
2023-02-14,FP,4000.0,-139.22021484375,True,0.03363440638999815,
2023-02-14,FP,4225.0,85.77978515625,True,0.020723658250564547,
2023-02-14,FP,4075.0,-64.22021484375,True,0.015515051509810585,
2023-02-14,FP,4050.0,-89.22021484375,True,0.021554836469873107,
2023-02-14,FP,4250.0,110.77978515625,True,0.026763443210626958,
2023-02-14,FN,4160.0,20.77978515625,False,0.005020260810852051,17.0
2023-02-14,FN,4065.0,-74.22021484375,False,0.017930984497070312,41.0
2023-02-14,FN,4210.0,70.77978515625,False,0.017099738121032715,31.0
2023-02-14,FN,4085.0,-54.22021484375,False,0.013099133968353271,25.0
2023-02-14,FN,4220.0,80.77978515625,False,0.0195157527923584,42.0
2023-02-15,FP,4000.0,-137.2998046875,True,0.0331858485411044,
2023-02-15,FP,4130.0,-7.2998046875,False,0.0017643886186902158,
2023-02-15,FP,4100.0,-37.2998046875,True,0.009015494754631925,
2023-02-15,FP,4135.0,-2.2998046875,False,0.0005558709293665975,
2023-02-15,FP,4175.0,37.7001953125,True,0.009112270585222237,
2023-02-15,FP,4050.0,-87.2998046875,True,0.021100671647868108,
2023-02-15,FN,4160.0,22.7001953125,False,0.005486726760864258,16.0
2023-02-15,FN,4065.0,-72.2998046875,False,0.017475128173828125,37.0
2023-02-15,FN,4225.0,87.7001953125,True,0.02119743824005127,12.0
2023-02-15,FN,4170.0,32.7001953125,False,0.007903695106506348,15.0
2023-02-15,FN,4085.0,-52.2998046875,False,0.012641072273254395,24.0
2023-02-15,FN,4220.0,82.7001953125,False,0.01998889446258545,39.0
2023-02-16,FP,4000.0,-100.259765625,True,0.02445205215180246,
2023-02-16,FP,4200.0,99.740234375,True,0.024325345240607366,
2023-02-16,FP,3950.0,-150.259765625,True,0.036646401499904946,
2023-02-16,FP,4110.0,9.740234375,False,0.0023755164140228935,
2023-02-16,FP,4080.0,-20.259765625,False,0.004941093194838597,
2023-02-16,FP,4050.0,-50.259765625,True,0.012257702803699977,
2023-02-16,FP,4125.0,24.740234375,True,0.006033821218453639,
2023-02-16,FN,4065.0,-35.259765625,False,0.008599400520324707,22.0
2023-02-16,FN,4010.0,-90.259765625,False,0.022013187408447266,31.0
2023-02-16,FN,4175.0,74.740234375,True,0.01822817325592041,11.0
2023-02-16,FN,4085.0,-15.259765625,False,0.0037216544151306152,16.0
2023-02-16,FN,4025.0,-75.259765625,True,0.01835489273071289,18.0
2023-02-16,FN,4060.0,-40.259765625,False,0.009818851947784424,12.0
2023-02-16,FN,4030.0,-70.259765625,False,0.017135441303253174,35.0
2023-02-17,FP,4100.0,27.679931640625,True,0.006797091381811837,
2023-02-17,FP,4070.0,-2.320068359375,False,0.0005697166039086987,
2023-02-17,FP,3850.0,-222.320068359375,True,0.05459297516585959,
2023-02-17,FP,4075.0,2.679931640625,True,0.000658084727044761,
2023-02-17,FP,3950.0,-122.320068359375,True,0.030036948546791065,
2023-02-17,FP,4080.0,7.679931640625,False,0.0018858860579982206,
2023-02-17,FP,4150.0,77.679931640625,True,0.019075104691346212,
2023-02-17,FP,3900.0,-172.320068359375,True,0.04231496185632533,
2023-02-17,FP,4125.0,52.679931640625,True,0.012936098036578914,
2023-02-17,FN,4065.0,-7.320068359375,False,0.001797497272491455,12.0
2023-02-17,FN,4130.0,57.679931640625,False,0.014163851737976074,17.0
2023-02-17,FN,3975.0,-97.320068359375,True,0.023897945880889893,24.0
2023-02-17,FN,4010.0,-62.320068359375,False,0.015303313732147217,26.0
2023-02-17,FN,3980.0,-92.320068359375,False,0.02267014980316162,39.0
2023-02-17,FN,4175.0,102.679931640625,True,0.025214076042175293,15.0
2023-02-17,FN,4030.0,-42.320068359375,False,0.01039212942123413,30.0
2023-02-17,FN,4025.0,-47.320068359375,True,0.011619925498962402,16.0
2023-02-17,FN,4190.0,117.679931640625,False,0.028897523880004883,23.0
2023-02-21,FP,4100.0,95.18994140625,True,0.02376890289765088,
2023-02-21,FP,4010.0,5.18994140625,False,0.0012959269803853868,
2023-02-21,FP,4075.0,70.18994140625,True,0.01752640958729934,
2023-02-21,FP,4050.0,45.18994140625,True,0.011283916276947803,
2023-02-21,FP,4025.0,20.18994140625,True,0.005041422966596265,
2023-02-21,FN,3600.0,-404.81005859375,True,0.10108095407485962,58.0
2023-02-21,FN,4400.0,395.18994140625,True,0.0986788272857666,92.0
2023-02-21,FN,4275.0,270.18994140625,True,0.0674663782119751,83.0
2023-02-21,FN,3700.0,-304.81005859375,True,0.07611101865768433,33.0
2023-02-21,FN,4250.0,245.18994140625,True,0.06122386455535889,52.0
2023-02-22,FP,4100.0,118.409912109375,True,0.029739352744899472,
2023-02-22,FP,3975.0,-6.590087890625,True,0.0016551397168351745,
2023-02-22,FP,3850.0,-131.590087890625,True,0.03304963217856993,
2023-02-22,FP,3980.0,-1.590087890625,False,0.00039936001836582413,
2023-02-22,FP,4050.0,68.409912109375,True,0.017181555760205747,
2023-02-22,FP,4150.0,168.409912109375,True,0.04229714972959342,
2023-02-22,FN,4065.0,83.409912109375,False,0.02094888687133789,32.0
2023-02-22,FN,4070.0,88.409912109375,False,0.02220463752746582,25.0
2023-02-22,FN,4080.0,98.409912109375,False,0.02471625804901123,23.0
2023-02-22,FN,4085.0,103.409912109375,False,0.02597200870513916,33.0
2023-02-22,FN,3990.0,8.409912109375,False,0.002112150192260742,14.0
2023-02-22,FN,4030.0,48.409912109375,False,0.012158393859863281,21.0
2023-02-23,FP,4100.0,81.22998046875,True,0.020212647171639953,
2023-02-23,FP,4010.0,-8.77001953125,False,0.0021822645955423825,
2023-02-23,FP,3850.0,-168.77001953125,True,0.04199544107053321,
2023-02-23,FP,4075.0,56.22998046875,True,0.01399183834742268,
2023-02-23,FP,4015.0,-3.77001953125,False,0.0009381028306988393,
2023-02-23,FP,4020.0,1.22998046875,False,0.00030605893414459295,
2023-02-23,FP,4150.0,131.22998046875,True,0.03265426482007472,
2023-02-23,FP,3900.0,-118.77001953125,True,0.029553823422098557,
2023-02-23,FN,4065.0,46.22998046875,False,0.011503458023071289,25.0
2023-02-23,FN,3940.0,-78.77001953125,False,0.019600510597229004,41.0
2023-02-23,FN,3975.0,-43.77001953125,True,0.010891377925872803,11.0
2023-02-23,FN,4085.0,66.22998046875,False,0.016480207443237305,24.0
2023-02-23,FN,3990.0,-28.77001953125,False,0.007158935070037842,20.0
2023-02-23,FN,4055.0,36.22998046875,False,0.009015202522277832,21.0
2023-02-23,FN,3930.0,-88.77001953125,False,0.022088825702667236,43.0
2023-02-23,FN,4030.0,11.22998046875,False,0.0027943849563598633,14.0
2023-02-24,FP,4000.0,31.1201171875,True,0.007841032761477074,
2023-02-24,FP,3970.0,1.1201171875,False,0.0002822250157659134,
2023-02-24,FP,4100.0,131.1201171875,True,0.03303705858051398,
2023-02-24,FP,3850.0,-118.8798828125,True,0.029953005967078394,
2023-02-24,FP,3950.0,-18.8798828125,True,0.004756980148041379,
2023-02-24,FP,3800.0,-168.8798828125,True,0.04255101887659685,
2023-02-24,FP,3965.0,-3.8798828125,False,0.0009775762751859096,
2023-02-24,FN,4010.0,41.1201171875,False,0.01036059856414795,17.0
2023-02-24,FN,4020.0,51.1201171875,False,0.012880206108093262,23.0
2023-02-24,FN,3990.0,21.1201171875,False,0.005321383476257324,16.0
2023-02-24,FN,4055.0,86.1201171875,False,0.021698832511901855,34.0
2023-02-24,FN,3960.0,-8.8798828125,False,0.002237379550933838,11.0
2023-02-24,FN,4060.0,91.1201171875,False,0.02295863628387451,15.0
2023-02-24,FN,4030.0,61.1201171875,False,0.015399813652038574,28.0
2023-02-27,FP,3980.0,1.010009765625,False,0.0002538357141144143,
2023-02-27,FP,3850.0,-128.989990234375,True,0.03241777198509044,
2023-02-27,FP,4100.0,121.010009765625,True,0.030412242821072466,
2023-02-27,FP,4150.0,171.010009765625,True,0.042978245782305136,
2023-02-27,FN,3960.0,-18.989990234375,False,0.004772543907165527,16.0
2023-02-27,FN,4065.0,86.010009765625,False,0.021615982055664062,30.0
2023-02-27,FN,4060.0,81.010009765625,False,0.020359396934509277,15.0
2023-02-27,FN,4030.0,51.010009765625,False,0.012819886207580566,24.0
2023-02-28,FP,4100.0,123.070068359375,True,0.03094599866601233,
2023-02-28,FP,3850.0,-126.929931640625,True,0.031916562228256784,
2023-02-28,FP,3980.0,3.070068359375,False,0.0007719694367631647,
2023-02-28,FP,3950.0,-26.929931640625,True,0.0067715378705491824,
2023-02-28,FP,4150.0,173.070068359375,True,0.04351851084486613,
2023-02-28,FP,4025.0,48.070068359375,True,0.012087230397731519,
2023-02-28,FN,3940.0,-36.929931640625,False,0.009286046028137207,28.0
2023-02-28,FN,4045.0,68.070068359375,False,0.017116189002990723,38.0
2023-02-28,FN,4015.0,38.070068359375,False,0.009572744369506836,17.0
2023-02-28,FN,3925.0,-51.929931640625,True,0.01305776834487915,12.0
2023-02-28,FN,3960.0,-16.929931640625,False,0.004257023334503174,16.0
2023-02-28,FN,4030.0,53.070068359375,False,0.013344526290893555,21.0
2023-03-01,FP,4100.0,153.22998046875,True,0.03882414726737715,
2023-03-01,FP,3975.0,28.22998046875,True,0.007152679362883996,
2023-03-01,FP,3850.0,-96.77001953125,True,0.02451878854160927,
2023-03-01,FP,4050.0,103.22998046875,True,0.026155560105579845,
2023-03-01,FP,4150.0,203.22998046875,True,0.05149273442917446,
2023-03-01,FP,3800.0,-146.77001953125,True,0.03718737570340658,
2023-03-01,FN,3970.0,23.22998046875,False,0.0058858394622802734,14.0
2023-03-01,FN,3875.0,-71.77001953125,True,0.01818448305130005,15.0
2023-03-01,FN,4015.0,68.22998046875,False,0.017287492752075195,21.0
2023-03-01,FN,3990.0,43.22998046875,False,0.010953307151794434,11.0
2023-03-01,FN,3995.0,48.22998046875,False,0.012220144271850586,27.0
2023-03-01,FN,4030.0,83.22998046875,False,0.021088123321533203,26.0
2023-03-02,FP,4100.0,119.89990234375,True,0.030124845959114133,
2023-03-02,FP,3975.0,-5.10009765625,True,0.00128139934451732,
2023-03-02,FP,3850.0,-130.10009765625,True,0.032687644648148884,
2023-03-02,FP,3980.0,-0.10009765625,False,2.5149532372092942e-05,
2023-03-02,FP,3950.0,-30.10009765625,True,0.007562648405243566,
2023-03-02,FP,3985.0,4.89990234375,False,0.001231100279773134,
2023-03-02,FN,3970.0,-10.10009765625,False,0.002537667751312256,21.0
2023-03-02,FN,4010.0,29.89990234375,False,0.007512331008911133,17.0
2023-03-02,FN,4015.0,34.89990234375,False,0.008768558502197266,19.0
2023-03-02,FN,4060.0,79.89990234375,False,0.020074844360351562,15.0
2023-03-02,FN,3965.0,-15.10009765625,False,0.0037938952445983887,24.0
2023-03-02,FN,4030.0,49.89990234375,False,0.012537360191345215,14.0
2023-03-03,FP,4035.0,-7.9599609375,False,0.001968844859807639,
2023-03-03,FP,4040.0,-2.9599609375,False,0.0007321271954455755,
2023-03-03,FP,4045.0,2.0400390625,False,0.0005045904689164882,
2023-03-03,FP,3950.0,-92.9599609375,True,0.022993045153962943,
2023-03-03,FP,4150.0,107.0400390625,True,0.026475661420519936,
2023-03-03,FP,4025.0,-17.9599609375,True,0.004442280188531766,
2023-03-03,FN,3970.0,-72.9599609375,False,0.018046200275421143,31.0
2023-03-03,FN,4075.0,32.0400390625,True,0.007924914360046387,14.0
2023-03-03,FN,4125.0,82.0400390625,True,0.020292043685913086,13.0
2023-03-03,FN,3990.0,-52.9599609375,False,0.013099312782287598,21.0
2023-03-03,FN,4060.0,17.0400390625,False,0.004214763641357422,12.0
2023-03-03,FN,3965.0,-77.9599609375,False,0.019282877445220947,30.0
2023-03-06,FP,4040.0,-10.780029296875,False,0.0026612230777552925,
2023-03-06,FP,4045.0,-5.780029296875,False,0.001426892908297006,
2023-03-06,FP,3950.0,-100.780029296875,True,0.024879166128003338,
2023-03-06,FP,4150.0,99.219970703125,True,0.024494040650325566,
2023-03-06,FP,4055.0,4.219970703125,False,0.0010417674306193447,
2023-03-06,FN,3970.0,-80.780029296875,False,0.019941866397857666,40.0
2023-03-06,FN,3975.0,-75.780029296875,True,0.0187075138092041,16.0
2023-03-06,FN,3990.0,-60.780029296875,False,0.015004515647888184,22.0
2023-03-06,FN,4120.0,69.219970703125,False,0.01708805561065674,28.0
2023-03-06,FN,4030.0,-20.780029296875,False,0.005129873752593994,14.0
2023-03-07,FP,3850.0,-136.780029296875,True,0.034308396322783374,
2023-03-07,FP,3995.0,8.219970703125,False,0.0020618069325923916,
2023-03-07,FP,4100.0,113.219970703125,True,0.028398850669243636,
2023-03-07,FP,3975.0,-11.780029296875,True,0.0029547728267698137,
2023-03-07,FN,4030.0,43.219970703125,False,0.010840773582458496,16.0
2023-03-07,FN,4075.0,88.219970703125,True,0.02212810516357422,20.0
2023-03-07,FN,4060.0,73.219970703125,False,0.01836574077606201,14.0
2023-03-07,FN,4070.0,83.219970703125,False,0.0208740234375,29.0
2023-03-08,FP,4100.0,123.68994140625,True,0.031106714412002745,
2023-03-08,FP,3850.0,-126.31005859375,True,0.031765646222875366,
2023-03-08,FP,3950.0,-26.31005859375,True,0.006616701968924055,
2023-03-08,FP,3985.0,8.68994140625,False,0.002185428519958954,
2023-03-08,FP,3990.0,13.68994140625,False,0.0034428757326563364,
2023-03-08,FP,4025.0,48.68994140625,True,0.012245006221539345,
2023-03-08,FN,3970.0,-6.31005859375,False,0.0015869140625,24.0
2023-03-08,FN,4075.0,98.68994140625,True,0.024819493293762207,19.0
2023-03-08,FN,3925.0,-51.31005859375,True,0.012903928756713867,17.0
2023-03-08,FN,4060.0,83.68994140625,False,0.021047115325927734,11.0
2023-03-08,FN,3965.0,-11.31005859375,False,0.0028443336486816406,22.0
2023-03-08,FN,4030.0,53.68994140625,False,0.01350247859954834,12.0
2023-03-09,FP,3800.0,-117.43994140625,True,0.029978747131498396,
2023-03-09,FP,4050.0,132.56005859375,True,0.03383844055721874,
2023-03-09,FP,4100.0,182.56005859375,True,0.04660187809496219,
2023-03-09,FP,3910.0,-7.43994140625,False,0.001899184548462829,
2023-03-09,FN,3880.0,-37.43994140625,False,0.009557247161865234,27.0
2023-03-09,FN,3980.0,62.56005859375,False,0.01596963405609131,19.0
2023-03-09,FN,3940.0,22.56005859375,False,0.005758881568908691,20.0
2023-03-09,FN,3825.0,-92.43994140625,True,0.023597002029418945,16.0
2023-03-10,FP,4000.0,132.280029296875,True,0.034201035829599435,
2023-03-10,FP,3750.0,-117.719970703125,True,0.03043652890975046,
2023-03-10,FP,3850.0,-17.719970703125,True,0.004581503014010502,
2023-03-10,FP,4050.0,182.280029296875,True,0.047128548777469526,
2023-03-10,FP,3700.0,-167.719970703125,True,0.04336404185762044,
2023-03-10,FN,3790.0,-77.719970703125,False,0.02009451389312744,53.0
2023-03-10,FN,3890.0,22.280029296875,False,0.005760550498962402,25.0
2023-03-10,FN,3930.0,62.280029296875,False,0.01610255241394043,15.0
2023-03-10,FN,3870.0,2.280029296875,False,0.0005894899368286133,17.0
2023-03-10,FN,3775.0,-92.719970703125,True,0.023972749710083008,21.0
2023-03-13,FP,4000.0,137.010009765625,True,0.03546734786059136,
2023-03-13,FP,3865.0,2.010009765625,False,0.0005203248702962959,
2023-03-13,FP,4050.0,187.010009765625,True,0.048410689708848764,
2023-03-13,FP,3860.0,-2.989990234375,False,0.0007740093145293114,
2023-03-13,FN,3825.0,-37.989990234375,True,0.009834349155426025,15.0
2023-03-13,FN,3790.0,-72.989990234375,False,0.018894672393798828,56.0
2023-03-13,FN,3750.0,-112.989990234375,True,0.029249370098114014,11.0
2023-03-13,FN,3775.0,-87.989990234375,True,0.022777676582336426,41.0
2023-03-14,FP,3875.0,-9.239990234375,True,0.0023788412295856487,
2023-03-14,FP,3975.0,90.760009765625,True,0.023366220932231396,
2023-03-14,FP,3880.0,-4.239990234375,False,0.001091588121494791,
2023-03-14,FP,3950.0,65.760009765625,True,0.01692995539177722,
2023-03-14,FP,3860.0,-24.239990234375,False,0.006240600553858222,
2023-03-14,FP,3900.0,15.760009765625,True,0.00405742431086864,
2023-03-14,FN,3940.0,55.760009765625,False,0.01435542106628418,26.0
2023-03-14,FN,3980.0,95.760009765625,False,0.02465343475341797,22.0
2023-03-14,FN,3825.0,-59.239990234375,True,0.015251398086547852,13.0
2023-03-14,FN,3990.0,105.760009765625,False,0.02722799777984619,18.0
2023-03-14,FN,3960.0,75.760009765625,False,0.019504427909851074,16.0
2023-03-14,FN,3930.0,45.760009765625,False,0.011780977249145508,11.0
2023-03-15,FP,3865.0,-26.070068359375,False,0.00669997401778144,
2023-03-15,FP,3875.0,-16.070068359375,True,0.004129986887167703,
2023-03-15,FP,3860.0,-31.070068359375,False,0.00798496758308831,
2023-03-15,FP,3950.0,58.929931640625,True,0.015144916592435553,
2023-03-15,FN,3960.0,68.929931640625,False,0.017714858055114746,25.0
2023-03-15,FN,3980.0,88.929931640625,False,0.022854924201965332,31.0
2023-03-15,FN,3965.0,73.929931640625,False,0.018999934196472168,30.0
2023-03-15,FN,3975.0,83.929931640625,True,0.02156984806060791,20.0
2023-03-16,FP,4000.0,40.419921875,True,0.010208133457965118,
2023-03-16,FP,3970.0,10.419921875,False,0.0026315724570304955,
2023-03-16,FP,3975.0,15.419921875,True,0.0038943326238527476,
2023-03-16,FP,3980.0,20.419921875,False,0.005157092790675222,
2023-03-16,FP,3955.0,-4.580078125,False,0.001156708043436927,
2023-03-16,FP,3960.0,0.419921875,False,0.00010605212338554715,
2023-03-16,FP,3965.0,5.419921875,False,0.0013688122902080213,
2023-03-16,FN,3875.0,-84.580078125,True,0.02136087417602539,31.0
2023-03-16,FN,3985.0,25.419921875,False,0.0064198970794677734,12.0
2023-03-16,FN,4050.0,90.419921875,True,0.022835731506347656,18.0
2023-03-16,FN,3890.0,-69.580078125,False,0.01757258176803589,28.0
2023-03-16,FN,4025.0,65.419921875,True,0.016521930694580078,20.0
2023-03-16,FN,3930.0,-29.580078125,False,0.007470488548278809,13.0
2023-03-16,FN,3995.0,35.419921875,False,0.008945345878601074,15.0
2023-03-17,FP,4000.0,80.43994140625,True,0.020522696477091262,
2023-03-17,FP,4100.0,180.43994140625,True,0.046035763889018755,
2023-03-17,FP,3910.0,-9.56005859375,False,0.002439064193643148,
2023-03-17,FP,3915.0,-4.56005859375,False,0.0011634108230468287,
2023-03-17,FP,3920.0,0.43994140625,False,0.00011224254754949037,
2023-03-17,FP,4050.0,130.43994140625,True,0.03327923018305512,
2023-03-17,FP,3925.0,5.43994140625,True,0.0013878959181459205,
2023-03-17,FP,3930.0,10.43994140625,False,0.0026635492887423506,
2023-03-17,FN,3840.0,-79.56005859375,False,0.02029818296432495,64.0
2023-03-17,FN,3875.0,-44.56005859375,True,0.011368632316589355,18.0
2023-03-17,FN,3940.0,20.43994140625,False,0.005214810371398926,17.0
2023-03-17,FN,3855.0,-64.56005859375,False,0.016471266746520996,48.0
2023-03-17,FN,3825.0,-94.56005859375,True,0.02412515878677368,22.0
2023-03-17,FN,3890.0,-29.56005859375,False,0.007541656494140625,27.0
2023-03-17,FN,3860.0,-59.56005859375,False,0.015195608139038086,42.0
2023-03-17,FN,3870.0,-49.56005859375,False,0.012644290924072266,28.0
2023-03-20,FP,3945.0,-0.320068359375,False,8.112608199828397e-05,
2023-03-20,FP,4100.0,154.679931640625,True,0.039205927265857365,
2023-03-20,FP,3900.0,-45.320068359375,True,0.011487044795891799,
2023-03-20,FN,3985.0,39.679931640625,False,0.010057449340820312,29.0
2023-03-20,FN,4025.0,79.679931640625,True,0.020196080207824707,14.0
2023-03-20,FN,3855.0,-90.320068359375,False,0.02289295196533203,65.0
2023-03-21,FP,4000.0,1.610107421875,True,0.0004026889485848617,
2023-03-21,FP,4100.0,101.610107421875,True,0.025412756172299655,
2023-03-21,FP,3850.0,-148.389892578125,True,0.037112411886986996,
2023-03-21,FP,3995.0,-3.389892578125,False,0.0008478144126007336,
2023-03-21,FP,3900.0,-98.389892578125,True,0.02460737827512971,
2023-03-21,FN,4070.0,71.610107421875,False,0.017909765243530273,29.0
2023-03-21,FN,4075.0,76.610107421875,True,0.01916027069091797,11.0
2023-03-21,FN,4015.0,16.610107421875,False,0.004154205322265625,23.0
2023-03-21,FN,4020.0,21.610107421875,False,0.00540471076965332,16.0
2023-03-21,FN,4060.0,61.610107421875,False,0.015408754348754883,19.0
2023-03-22,FP,4000.0,-2.800048828125,True,0.0006995225327192101,
2023-03-22,FP,4100.0,97.199951171875,True,0.024282989403962674,
2023-03-22,FP,3980.0,-22.800048828125,False,0.005696024920055609,
2023-03-22,FP,3950.0,-52.800048828125,True,0.013190778501060207,
2023-03-22,FP,4050.0,47.199951171875,True,0.011791733435621676,
2023-03-22,FN,3940.0,-62.800048828125,False,0.01568901538848877,26.0
2023-03-22,FN,3945.0,-57.800048828125,False,0.014439880847930908,39.0
2023-03-22,FN,3855.0,-147.800048828125,False,0.03692418336868286,64.0
2023-03-22,FN,3920.0,-82.800048828125,False,0.020685553550720215,33.0
2023-03-22,FN,3870.0,-132.800048828125,False,0.03317677974700928,44.0
2023-03-23,FP,4100.0,169.409912109375,True,0.04310037636112041,
2023-03-23,FP,3975.0,44.409912109375,True,0.011298535618403216,
2023-03-23,FP,3850.0,-80.590087890625,True,0.020503305124313864,
2023-03-23,FP,3950.0,19.409912109375,True,0.0049381674698598665,
2023-03-23,FP,4050.0,119.409912109375,True,0.030379640064033486,
2023-03-23,FP,4150.0,219.409912109375,True,0.055821112658207106,
2023-03-23,FP,4025.0,94.409912109375,True,0.024019271915490137,
2023-03-23,FN,3875.0,-55.590087890625,True,0.014142930507659912,17.0
2023-03-23,FN,3940.0,9.409912109375,False,0.002393960952758789,15.0
2023-03-23,FN,3855.0,-75.590087890625,False,0.01923125982284546,68.0
2023-03-23,FN,3920.0,-10.590087890625,False,0.002694249153137207,11.0
2023-03-23,FN,3860.0,-70.590087890625,False,0.017959177494049072,46.0
2023-03-23,FN,3930.0,-0.590087890625,False,0.00015014410018920898,20.0
2023-03-23,FN,4030.0,99.409912109375,False,0.0252913236618042,12.0
2023-03-24,FP,4100.0,129.47998046875,True,0.0326103331130001,
2023-03-24,FP,3975.0,4.47998046875,True,0.0011283107619941557,
2023-03-24,FP,3850.0,-120.52001953125,True,0.03035371158901201,
2023-03-24,FP,3980.0,9.47998046875,False,0.0023875916560343047,
2023-03-24,FP,3950.0,-20.52001953125,True,0.005168093708207144,
2023-03-24,FP,4050.0,79.47998046875,True,0.020017524172597723,
2023-03-24,FP,3965.0,-5.52001953125,False,0.0013902510260864753,
2023-03-24,FN,3875.0,-95.52001953125,True,0.024057328701019287,23.0
2023-03-24,FN,3940.0,-30.52001953125,False,0.00768667459487915,21.0
2023-03-24,FN,4075.0,104.47998046875,True,0.0263139009475708,15.0
2023-03-24,FN,3925.0,-45.52001953125,True,0.011464476585388184,11.0
2023-03-24,FN,4025.0,54.47998046875,True,0.013721108436584473,12.0
2023-03-24,FN,4060.0,89.47998046875,False,0.022536039352416992,24.0
2023-03-24,FN,4030.0,59.47998046875,False,0.014980435371398926,14.0
2023-03-27,FP,4100.0,109.14990234375,True,0.02735003813043524,
2023-03-27,FP,3975.0,-15.85009765625,True,0.003971609373541352,
2023-03-27,FP,3850.0,-140.85009765625,True,0.03529325687751805,
2023-03-27,FP,3980.0,-10.85009765625,False,0.0027187434733823013,
2023-03-27,FP,3990.0,-0.85009765625,False,0.00021301167306420066,
2023-03-27,FN,3875.0,-115.85009765625,True,0.02902895212173462,23.0
2023-03-27,FN,3940.0,-50.85009765625,False,0.012741684913635254,24.0
2023-03-27,FN,4075.0,84.14990234375,True,0.021085739135742188,11.0
2023-03-27,FN,3960.0,-30.85009765625,False,0.0077301859855651855,18.0
2023-03-27,FN,4060.0,69.14990234375,False,0.017327070236206055,17.0
2023-03-28,FP,4000.0,40.760009765625,True,0.01029490757472673,
2023-03-28,FP,4100.0,140.760009765625,True,0.03555228026409485,
2023-03-28,FP,3975.0,15.760009765625,True,0.003980564402384701,
2023-03-28,FP,3850.0,-109.239990234375,True,0.027591151459325447,
2023-03-28,FP,3925.0,-34.239990234375,True,0.008648121942299358,
2023-03-28,FN,3970.0,10.760009765625,False,0.002717733383178711,13.0
2023-03-28,FN,3940.0,-19.239990234375,False,0.004859507083892822,19.0
2023-03-28,FN,4075.0,115.760009765625,True,0.029237985610961914,16.0
2023-03-28,FN,3920.0,-39.239990234375,False,0.009911000728607178,18.0
2023-03-28,FN,4030.0,70.760009765625,False,0.017872095108032227,15.0
2023-03-29,FP,4050.0,24.64990234375,True,0.0061236666987307675,
2023-03-29,FP,3900.0,-125.35009765625,True,0.031140172808629685,
2023-03-29,FP,4100.0,74.64990234375,True,0.018544946534517548,
2023-03-29,FP,4020.0,-5.35009765625,False,0.001329101202741323,
2023-03-29,FN,4080.0,54.64990234375,False,0.013576388359069824,21.0
2023-03-29,FN,3980.0,-45.35009765625,False,0.011266112327575684,30.0
2023-03-29,FN,4070.0,44.64990234375,False,0.011092185974121094,22.0
2023-03-29,FN,3975.0,-50.35009765625,True,0.012508273124694824,13.0
2023-03-30,FP,4040.0,-9.419921875,False,0.00232623982119351,
2023-03-30,FP,4045.0,-4.419921875,False,0.0010914950684969282,
2023-03-30,FP,4055.0,5.580078125,False,0.0013779944368961239,
2023-03-30,FP,4025.0,-24.419921875,True,0.0060304740792831435,
2023-03-30,FP,4030.0,-19.419921875,False,0.004795729326586562,
2023-03-30,FN,4070.0,20.580078125,False,0.005082249641418457,16.0
2023-03-30,FN,4110.0,60.580078125,False,0.014960169792175293,29.0
2023-03-30,FN,4080.0,30.580078125,False,0.007551670074462891,14.0
2023-03-30,FN,4090.0,40.580078125,False,0.010021209716796875,22.0
2023-03-30,FN,3995.0,-54.419921875,False,0.013438940048217773,33.0
2023-03-31,FP,4065.0,-40.56005859375,False,0.009879299782462048,
2023-03-31,FP,4105.0,-0.56005859375,False,0.00013641466347025233,
2023-03-31,FP,4050.0,-55.56005859375,True,0.013532881702083888,
2023-03-31,FP,4115.0,9.43994140625,False,0.002299306616277752,
2023-03-31,FP,4150.0,44.43994140625,True,0.01082433109539549,
2023-03-31,FN,4130.0,24.43994140625,False,0.0059528350830078125,21.0
2023-03-31,FN,4135.0,29.43994140625,False,0.0071707963943481445,53.0
2023-03-31,FN,4140.0,34.43994140625,False,0.008388638496398926,28.0
2023-03-31,FN,4145.0,39.43994140625,False,0.009606480598449707,70.0
2023-03-31,FN,4120.0,14.43994140625,False,0.00351715087890625,16.0
2023-04-03,FP,4000.0,-122.06982421875,True,0.02961372063654588,
2023-04-03,FP,4200.0,77.93017578125,True,0.01890559333162689,
2023-04-03,FP,4075.0,-47.06982421875,True,0.01141897789848112,
2023-04-03,FP,4110.0,-12.06982421875,False,0.0029280979540509122,
2023-04-03,FP,4050.0,-72.06982421875,True,0.017483892144502744,
2023-04-03,FP,4125.0,2.93017578125,True,0.000710850593562018,
2023-04-03,FN,4160.0,37.93017578125,False,0.009201765060424805,19.0
2023-04-03,FN,4165.0,42.93017578125,False,0.010414719581604004,63.0
2023-04-03,FN,4135.0,12.93017578125,False,0.003136873245239258,23.0
2023-04-03,FN,4105.0,-17.06982421875,False,0.004141092300415039,24.0
2023-04-03,FN,4140.0,17.93017578125,False,0.004349827766418457,18.0
2023-04-03,FN,4155.0,32.93017578125,False,0.007988691329956055,27.0
2023-04-04,FP,4200.0,106.830078125,True,0.026099595219360783,
2023-04-04,FP,4050.0,-43.169921875,True,0.010546818895616372,
2023-04-04,FP,4085.0,-8.169921875,False,0.001995988935455051,
2023-04-04,FP,4150.0,56.830078125,True,0.013884123847701657,
2023-04-04,FP,4090.0,-3.169921875,False,0.0007744417982891161,
2023-04-04,FP,4095.0,1.830078125,False,0.0004471053388768187,
2023-04-04,FN,4135.0,41.830078125,False,0.010219454765319824,30.0
2023-04-04,FN,4140.0,46.830078125,False,0.01144099235534668,26.0
2023-04-04,FN,4110.0,16.830078125,False,0.004111766815185547,14.0
2023-04-04,FN,4080.0,-13.169921875,False,0.0032175183296203613,11.0
2023-04-04,FN,4115.0,21.830078125,False,0.005333304405212402,27.0
2023-04-04,FN,4120.0,26.830078125,False,0.006554841995239258,15.0
2023-04-05,FP,4000.0,-86.550048828125,True,0.02117924601289156,
2023-04-05,FP,4100.0,13.449951171875,True,0.0032912728367862076,
2023-04-05,FP,4200.0,113.449951171875,True,0.027761791686463866,
2023-04-05,FP,4085.0,-1.550048828125,False,0.0003793049906655188,
2023-04-05,FP,4150.0,63.449951171875,True,0.015526532261624926,
2023-04-05,FP,4090.0,3.449951171875,False,0.000844220951818242,
2023-04-05,FN,4135.0,48.449951171875,False,0.01185595989227295,30.0
2023-04-05,FN,4105.0,18.449951171875,False,0.004514813423156738,23.0
2023-04-05,FN,4140.0,53.449951171875,False,0.013079524040222168,28.0
2023-04-05,FN,4110.0,23.449951171875,False,0.005738377571105957,16.0
2023-04-05,FN,4115.0,28.449951171875,False,0.006961822509765625,24.0
2023-04-05,FN,4120.0,33.449951171875,False,0.008185386657714844,14.0
2023-04-06,FP,4200.0,97.43994140625,True,0.02375100912956518,
2023-04-06,FP,4105.0,2.43994140625,False,0.0005947363040155196,
2023-04-06,FP,4150.0,47.43994140625,True,0.011563497116118038,
2023-04-06,FP,4090.0,-12.56005859375,False,0.003061517300018579,
2023-04-06,FP,4095.0,-7.56005859375,False,0.0018427660986738426,
2023-04-06,FN,4160.0,57.43994140625,False,0.014001011848449707,18.0
2023-04-06,FN,4130.0,27.43994140625,False,0.006688475608825684,16.0
2023-04-06,FN,4165.0,62.43994140625,False,0.015219807624816895,49.0
2023-04-06,FN,4140.0,37.43994140625,False,0.009125947952270508,26.0
2023-04-06,FN,4145.0,42.43994140625,False,0.010344743728637695,38.0
2023-04-10,FP,4000.0,-100.25,True,0.024449728675080773,
2023-04-10,FP,4200.0,99.75,True,0.02432778489116516,
2023-04-10,FP,4105.0,4.75,False,0.0011584659471983727,
2023-04-10,FP,4050.0,-50.25,True,0.012255350283519317,
2023-04-10,FP,4120.0,19.75,False,0.004816779464666743,
2023-04-10,FP,4095.0,-5.25,False,0.001280409731113985,
2023-04-10,FN,4130.0,29.75,False,0.007255673408508301,20.0
2023-04-10,FN,4135.0,34.75,False,0.008475065231323242,33.0
2023-04-10,FN,4110.0,9.75,False,0.0023778676986694336,14.0
2023-04-10,FN,4080.0,-20.25,False,0.004938721656799316,23.0
2023-04-10,FN,4145.0,44.75,False,0.010913968086242676,27.0
2023-04-10,FN,4115.0,14.75,False,0.0035973787307739258,21.0
2023-04-11,FP,4000.0,-122.18994140625,True,0.029641996885899413,
2023-04-11,FP,4050.0,-72.18994140625,True,0.01751252184697316,
2023-04-11,FP,4150.0,27.81005859375,True,0.006746428230879342,
2023-04-11,FN,4170.0,47.81005859375,False,0.01159822940826416,22.0
2023-04-11,FN,4155.0,32.81005859375,False,0.007959365844726562,20.0
2023-04-11,FN,4190.0,67.81005859375,False,0.016450047492980957,30.0
2023-04-12,FP,4000.0,-91.699951171875,True,0.022411211053149693,
2023-04-12,FP,4100.0,8.300048828125,True,0.0020285086705216226,
2023-04-12,FP,4175.0,83.300048828125,True,0.020358298463275082,
2023-04-12,FP,4120.0,28.300048828125,False,0.006916452615255864,
2023-04-12,FP,4090.0,-1.699951171875,False,0.00041546330184549785,
2023-04-12,FP,4095.0,3.300048828125,False,0.0008065226843381179,
2023-04-12,FN,4160.0,68.300048828125,False,0.016692399978637695,20.0
2023-04-12,FN,4130.0,38.300048828125,False,0.009360432624816895,16.0
2023-04-12,FN,4140.0,48.300048828125,False,0.011804342269897461,18.0
2023-04-12,FN,4110.0,18.300048828125,False,0.004472494125366211,13.0
2023-04-12,FN,4115.0,23.300048828125,False,0.0056945085525512695,19.0
2023-04-12,FN,4025.0,-66.699951171875,True,0.016301274299621582,15.0
2023-04-13,FP,4000.0,-146.89013671875,True,0.035421757479926264,
2023-04-13,FP,4140.0,-6.89013671875,False,0.0016615189917237316,
2023-04-13,FP,4145.0,-1.89013671875,False,0.0004557961885736095,
2023-04-13,FP,4050.0,-96.89013671875,True,0.023364529448425375,
2023-04-13,FP,4150.0,3.10986328125,True,0.0007499266145765127,
2023-04-13,FN,4170.0,23.10986328125,False,0.005572795867919922,15.0
2023-04-13,FN,4075.0,-71.89013671875,True,0.017335891723632812,14.0
2023-04-13,FN,4210.0,63.10986328125,False,0.015218615531921387,23.0
2023-04-13,FN,4220.0,73.10986328125,False,0.01763010025024414,35.0
2023-04-13,FN,4190.0,43.10986328125,False,0.01039576530456543,17.0
2023-04-14,FP,4000.0,-130.25,True,0.031535621330427976,
2023-04-14,FP,4135.0,4.75,False,0.0011500514496700642,
2023-04-14,FP,4140.0,9.75,False,0.0023606319230071726,
2023-04-14,FP,4050.0,-80.25,True,0.019429816597058336,
2023-04-14,FP,4120.0,-10.25,False,0.002481689970340817,
2023-04-14,FP,4125.0,-5.25,True,0.0012711094970038195,
2023-04-14,FN,4170.0,39.75,False,0.009624123573303223,17.0
2023-04-14,FN,4075.0,-55.25,True,0.013376891613006592,12.0
2023-04-14,FN,4205.0,74.75,False,0.01809823513031006,48.0
2023-04-14,FN,4210.0,79.75,False,0.019308805465698242,21.0
2023-04-14,FN,4180.0,49.75,False,0.01204526424407959,24.0
2023-04-14,FN,4190.0,59.75,False,0.014466404914855957,19.0
2023-04-17,FP,4000.0,-145.68017578125,True,0.03514023504087527,
2023-04-17,FP,4100.0,-45.68017578125,True,0.01101874091689714,
2023-04-17,FP,4075.0,-70.68017578125,True,0.01704911444789159,
2023-04-17,FP,4145.0,-0.68017578125,False,0.0001640685611069559,
2023-04-17,FP,4050.0,-95.68017578125,True,0.02307948797888615,
2023-04-17,FP,4150.0,4.31982421875,True,0.0010420061450919782,
2023-04-17,FN,4160.0,14.31982421875,False,0.0034542083740234375,11.0
2023-04-17,FN,4225.0,79.31982421875,True,0.01913309097290039,22.0
2023-04-17,FN,4205.0,59.31982421875,False,0.014308810234069824,47.0
2023-04-17,FN,4210.0,64.31982421875,False,0.015514850616455078,20.0
2023-04-17,FN,4220.0,74.31982421875,False,0.017927050590515137,31.0
2023-04-17,FN,4190.0,44.31982421875,False,0.010690569877624512,21.0
2023-04-18,FP,4130.0,-21.759765625,False,0.005241094584798156,
2023-04-18,FP,4175.0,23.240234375,True,0.005597682834980189,
2023-04-18,FP,4145.0,-6.759765625,False,0.0016281687782053744,
2023-04-18,FP,4050.0,-101.759765625,True,0.0245100322199594,
2023-04-18,FP,4155.0,3.240234375,False,0.0007804484261897393,
2023-04-18,FN,4170.0,18.240234375,False,0.004393339157104492,12.0
2023-04-18,FN,4205.0,53.240234375,False,0.01282358169555664,39.0
2023-04-18,FN,4210.0,58.240234375,False,0.014027833938598633,18.0
2023-04-18,FN,4220.0,68.240234375,False,0.016436457633972168,25.0
2023-04-18,FN,4190.0,38.240234375,False,0.009210586547851562,19.0
2023-04-19,FP,4130.0,-27.08984375,False,0.006516540360735346,
2023-04-19,FP,4165.0,7.91015625,False,0.0019028109921397363,
2023-04-19,FP,4140.0,-17.08984375,False,0.0041110114027710365,
2023-04-19,FP,4175.0,17.91015625,True,0.004308339950104045,
2023-04-19,FP,4155.0,-2.08984375,False,0.0005027179658245728,
2023-04-19,FN,4205.0,47.91015625,False,0.01152491569519043,30.0
2023-04-19,FN,4210.0,52.91015625,False,0.012727737426757812,20.0
2023-04-19,FN,4180.0,22.91015625,False,0.005511045455932617,14.0
2023-04-19,FN,4120.0,-37.08984375,False,0.008922040462493896,12.0
2023-04-19,FN,4190.0,32.91015625,False,0.007916688919067383,18.0
2023-04-20,FP,4105.0,-13.14990234375,False,0.0031931577663713018,
2023-04-20,FP,4050.0,-68.14990234375,True,0.01654866965987911,
2023-04-20,FP,4115.0,-3.14990234375,False,0.0007648828766425586,
2023-04-20,FP,4150.0,31.85009765625,True,0.007734079237407876,
2023-04-20,FP,4120.0,1.85009765625,False,0.00044925456822175747,
2023-04-20,FP,4125.0,6.85009765625,True,0.0016633920130861846,
2023-04-20,FN,4160.0,41.85009765625,False,0.010162353515625,13.0
2023-04-20,FN,4170.0,51.85009765625,False,0.012590646743774414,23.0
2023-04-20,FN,4175.0,56.85009765625,True,0.013804793357849121,11.0
2023-04-20,FN,4080.0,-38.14990234375,False,0.009263873100280762,20.0
2023-04-20,FN,4145.0,26.85009765625,False,0.006519913673400879,14.0
2023-04-20,FN,4190.0,71.85009765625,False,0.017447233200073242,39.0
2023-04-21,FP,4135.0,5.16015625,False,0.0012494809593668332,
2023-04-21,FP,4140.0,10.16015625,False,0.0024601816618570194,
2023-04-21,FP,4050.0,-79.83984375,True,0.019332430982965998,
2023-04-21,FP,4150.0,20.16015625,True,0.004881583066837392,
2023-04-21,FP,4120.0,-9.83984375,False,0.002382621148103725,
2023-04-21,FN,4160.0,30.16015625,False,0.007302999496459961,12.0
2023-04-21,FN,4170.0,40.16015625,False,0.00972437858581543,21.0
2023-04-21,FN,4145.0,15.16015625,False,0.003670930862426758,13.0
2023-04-21,FN,4180.0,50.16015625,False,0.012145757675170898,22.0
2023-04-21,FN,4190.0,60.16015625,False,0.014567136764526367,37.0
2023-04-24,FP,4100.0,-34.68994140625,True,0.008389974072506079,
2023-04-24,FP,4135.0,0.31005859375,False,7.498956346041474e-05,
2023-04-24,FP,4050.0,-84.68994140625,True,0.0204827792667438,
2023-04-24,FP,4150.0,15.31005859375,True,0.0037028311217317533,
2023-04-24,FP,4120.0,-14.68994140625,False,0.003552851994810924,
2023-04-24,FN,4160.0,25.31005859375,False,0.006121397018432617,11.0
2023-04-24,FN,4170.0,35.31005859375,False,0.008539915084838867,16.0
2023-04-24,FN,4205.0,70.31005859375,False,0.017004966735839844,53.0
2023-04-24,FN,4180.0,45.31005859375,False,0.010958552360534668,21.0
2023-04-24,FN,4190.0,55.31005859375,False,0.013377070426940918,27.0
2023-04-25,FP,4070.0,-10.72998046875,False,0.002629426725146211,
2023-04-25,FP,4200.0,119.27001953125,True,0.029227618612871265,
2023-04-25,FP,4050.0,-30.72998046875,True,0.0075305106233027885,
2023-04-25,FP,4085.0,4.27001953125,False,0.0010463861984710832,
2023-04-25,FP,4125.0,44.27001953125,True,0.010848553994784238,
2023-04-25,FN,4015.0,-65.72998046875,False,0.016107380390167236,36.0
2023-04-25,FN,4020.0,-60.72998046875,False,0.014882147312164307,22.0
2023-04-25,FN,4120.0,39.27001953125,False,0.009623289108276367,17.0
2023-04-25,FN,4025.0,-55.72998046875,True,0.013656854629516602,14.0
2023-04-25,FN,4060.0,-20.72998046875,False,0.005079984664916992,15.0
2023-04-26,FP,4045.0,-9.989990234375,False,0.002463628827305109,
2023-04-26,FP,3950.0,-104.989990234375,True,0.025891553490199004,
2023-04-26,FP,4150.0,95.010009765625,True,0.023430393168525132,
2023-04-26,FP,4055.0,0.010009765625,False,2.46850563101475e-06,
2023-04-26,FP,3900.0,-154.989990234375,True,0.038222040154880066,
2023-04-26,FP,4125.0,70.010009765625,True,0.017265149836184657,
2023-04-26,FN,4130.0,75.010009765625,False,0.01849818229675293,16.0
2023-04-26,FN,3975.0,-79.989990234375,True,0.019726336002349854,19.0
2023-04-26,FN,3980.0,-74.989990234375,False,0.018493235111236572,37.0
2023-04-26,FN,4080.0,25.010009765625,False,0.006167769432067871,15.0
2023-04-26,FN,4120.0,65.010009765625,False,0.016032099723815918,20.0
2023-04-26,FN,4090.0,35.010009765625,False,0.008633852005004883,21.0
2023-04-27,FP,4000.0,-133.97998046875,True,0.03240944104754906,
2023-04-27,FP,4135.0,1.02001953125,False,0.0002467403170962612,
2023-04-27,FP,4200.0,66.02001953125,True,0.0159700869000734,
2023-04-27,FP,4150.0,16.02001953125,True,0.00387520491316784,
2023-04-27,FP,4120.0,-13.97998046875,False,0.0033817242789755397,
2023-04-27,FN,4170.0,36.02001953125,False,0.008713126182556152,21.0
2023-04-27,FN,4110.0,-23.97998046875,False,0.005800724029541016,20.0
2023-04-27,FN,4180.0,46.02001953125,False,0.011132121086120605,23.0
2023-04-27,FN,4185.0,51.02001953125,False,0.012341618537902832,31.0
2023-04-27,FN,4155.0,21.02001953125,False,0.005084633827209473,15.0
2023-04-28,FP,4160.0,-1.64990234375,False,0.00039645390229026134,
2023-04-28,FP,4100.0,-61.64990234375,True,0.014813812740237964,
2023-04-28,FP,4170.0,8.35009765625,False,0.002006439237367763,
2023-04-28,FP,4250.0,88.35009765625,True,0.021229584354631292,
2023-04-28,FP,4155.0,-6.64990234375,False,0.0015979004721192736,
2023-04-28,FP,4125.0,-36.64990234375,True,0.008806579891093125,
2023-04-28,FN,4225.0,63.35009765625,True,0.015222311019897461,14.0
2023-04-28,FN,4130.0,-31.64990234375,False,0.007605135440826416,11.0
2023-04-28,FN,4205.0,43.35009765625,False,0.010416507720947266,27.0
2023-04-28,FN,4210.0,48.35009765625,False,0.01161801815032959,28.0
2023-04-28,FN,4120.0,-41.64990234375,False,0.010008037090301514,15.0
2023-04-28,FN,4190.0,28.35009765625,False,0.0068122148513793945,23.0
2023-05-01,FP,4000.0,-170.56982421875,True,0.04089844587380864,
2023-05-01,FP,4100.0,-70.56982421875,True,0.016920907020653853,
2023-05-01,FP,4165.0,-5.56982421875,False,0.0013355067661031672,
2023-05-01,FP,4175.0,4.43017578125,True,0.0010622471192123228,
2023-05-01,FP,4250.0,79.43017578125,True,0.019045401259078387,
2023-05-01,FP,4125.0,-45.56982421875,True,0.010926522307365127,
2023-05-01,FN,4130.0,-40.56982421875,False,0.009727656841278076,13.0
2023-05-01,FN,4140.0,-30.56982421875,False,0.007329881191253662,11.0
2023-05-01,FN,4205.0,34.43017578125,False,0.008255481719970703,30.0
2023-05-01,FN,4215.0,44.43017578125,False,0.010653257369995117,21.0
2023-05-01,FN,4120.0,-50.56982421875,False,0.012125372886657715,14.0
2023-05-01,FN,4190.0,19.43017578125,False,0.004658937454223633,18.0
2023-05-02,FP,4120.0,-1.830078125,False,0.00044399649920368045,
2023-05-02,FP,4115.0,-6.830078125,False,0.001657049901510499,
2023-05-02,FP,4140.0,18.169921875,False,0.004408217110023482,
2023-05-02,FP,4125.0,3.169921875,True,0.000769056903103138,
2023-05-02,FN,4105.0,-16.830078125,False,0.004083156585693359,13.0
2023-05-02,FN,4090.0,-31.830078125,False,0.007722318172454834,17.0
2023-05-02,FN,4060.0,-61.830078125,False,0.015000641345977783,22.0
2023-05-02,FN,4190.0,68.169921875,False,0.01653873920440674,24.0
2023-05-03,FP,4200.0,100.669921875,True,0.024557652093496696,
2023-05-03,FP,4115.0,15.669921875,False,0.0038225567535090654,
2023-05-03,FP,4120.0,20.669921875,False,0.005042268244096704,
2023-05-03,FP,3900.0,-199.330078125,True,0.04862503734175316,
2023-05-03,FP,4125.0,25.669921875,True,0.00626197973468412,
2023-05-03,FP,4095.0,-4.330078125,False,0.0010562892088408216,
2023-05-03,FN,4165.0,65.669921875,False,0.016019701957702637,22.0
2023-05-03,FN,4105.0,5.669921875,False,0.0013831853866577148,11.0
2023-05-03,FN,4075.0,-24.330078125,True,0.0059351325035095215,12.0
2023-05-03,FN,4015.0,-84.330078125,False,0.020571649074554443,35.0
2023-05-03,FN,4025.0,-74.330078125,True,0.018132269382476807,14.0
2023-05-03,FN,4060.0,-39.330078125,False,0.009594261646270752,23.0
2023-05-04,FP,4065.0,0.06005859375,False,1.4774780098925078e-05,
2023-05-04,FP,4200.0,135.06005859375,True,0.033225597558773856,
2023-05-04,FP,4050.0,-14.93994140625,True,0.003675316639753734,
2023-05-04,FP,4150.0,85.06005859375,True,0.020925292825931363,
2023-05-04,FP,3900.0,-164.93994140625,True,0.040576230838281435,
2023-05-04,FN,4105.0,40.06005859375,False,0.009855031967163086,21.0
2023-05-04,FN,4010.0,-54.93994140625,False,0.01351553201675415,25.0
2023-05-04,FN,4140.0,75.06005859375,False,0.018465280532836914,22.0
2023-05-04,FN,4120.0,55.06005859375,False,0.01354515552520752,13.0
2023-05-04,FN,4090.0,25.06005859375,False,0.006164908409118652,19.0
2023-05-05,FP,4000.0,-141.81005859375,True,0.03423866777751228,
2023-05-05,FP,4100.0,-41.81005859375,True,0.010094634471950026,
2023-05-05,FP,4135.0,-6.81005859375,False,0.0016442228150033156,
2023-05-05,FP,4145.0,3.18994140625,False,0.0007701805155528874,
2023-05-05,FP,4150.0,8.18994140625,True,0.0019773821808311,
2023-05-05,FP,4155.0,13.18994140625,False,0.0031845838461090903,
2023-05-05,FN,4160.0,18.18994140625,False,0.004391789436340332,11.0
2023-05-05,FN,4075.0,-66.81005859375,True,0.01613062620162964,15.0
2023-05-05,FN,4205.0,63.18994140625,False,0.015256643295288086,34.0
2023-05-05,FN,4175.0,33.18994140625,True,0.008013367652893066,12.0
2023-05-05,FN,4180.0,38.18994140625,False,0.009220600128173828,20.0
2023-05-05,FN,4190.0,48.18994140625,False,0.0116349458694458,19.0
2023-05-08,FP,4000.0,-136.419921875,True,0.03298019167579147,
2023-05-08,FP,4130.0,-6.419921875,False,0.0015520479052547609,
2023-05-08,FP,4100.0,-36.419921875,True,0.008804696467686335,
2023-05-08,FP,4135.0,-1.419921875,False,0.00034327314484949856,
2023-05-08,FP,4050.0,-86.419921875,True,0.020892444071738847,
2023-05-08,FP,4150.0,13.580078125,True,0.0032830511363663994,
2023-05-08,FN,4160.0,23.580078125,False,0.005700588226318359,13.0
2023-05-08,FN,4075.0,-61.419921875,True,0.014848589897155762,12.0
2023-05-08,FN,4145.0,8.580078125,False,0.0020742416381835938,11.0
2023-05-08,FN,4210.0,73.580078125,False,0.017788290977478027,27.0
2023-05-08,FN,4180.0,43.580078125,False,0.010535717010498047,16.0
2023-05-08,FN,4190.0,53.580078125,False,0.01295328140258789,14.0
2023-05-09,FP,4160.0,34.5498046875,False,0.008374796216606084,
2023-05-09,FP,4050.0,-75.4501953125,True,0.018288960414121425,
2023-05-09,FP,4140.0,14.5498046875,False,0.003526840465564618,
2023-05-09,FP,4125.0,-0.4501953125,True,0.00010912634771631513,
2023-05-09,FN,4080.0,-45.4501953125,False,0.011017024517059326,28.0
2023-05-09,FN,4155.0,29.5498046875,False,0.007162809371948242,25.0
2023-05-09,FN,4180.0,54.5498046875,False,0.013222694396972656,13.0
2023-05-09,FN,4190.0,64.5498046875,False,0.015646696090698242,11.0
2023-05-10,FP,4000.0,-142.4501953125,True,0.03438790778310219,
2023-05-10,FP,4130.0,-12.4501953125,False,0.003005514786053043,
2023-05-10,FP,4100.0,-42.4501953125,True,0.010247605477679778,
2023-05-10,FP,4135.0,-7.4501953125,False,0.001798499670781939,
2023-05-10,FP,4140.0,-2.4501953125,False,0.000591484555510835,
2023-05-10,FN,4160.0,17.5498046875,False,0.004236578941345215,14.0
2023-05-10,FN,4075.0,-67.4501953125,True,0.01628267765045166,13.0
2023-05-10,FN,4205.0,62.5498046875,False,0.015099763870239258,30.0
2023-05-10,FN,4180.0,37.5498046875,False,0.009064674377441406,15.0
2023-05-10,FN,4155.0,12.5498046875,False,0.0030295848846435547,19.0
2023-05-11,FP,4100.0,-28.06005859375,True,0.0067973959185343436,
2023-05-11,FP,4135.0,6.93994140625,False,0.0016811628967952075,
2023-05-11,FP,4140.0,11.93994140625,False,0.0028923855846993973,
2023-05-11,FP,4050.0,-78.06005859375,True,0.018909622797576686,
2023-05-11,FP,4125.0,-3.06005859375,True,0.0007412824790132833,
2023-05-11,FN,4080.0,-48.06005859375,False,0.011642277240753174,23.0
2023-05-11,FN,4145.0,16.93994140625,False,0.004103660583496094,14.0
2023-05-11,FN,4180.0,51.93994140625,False,0.012582182884216309,12.0
2023-05-11,FN,4155.0,26.93994140625,False,0.0065261125564575195,20.0
2023-05-11,FN,4190.0,61.93994140625,False,0.015004634857177734,11.0
2023-05-12,FP,4105.0,-8.18017578125,False,0.0019887715664428374,
2023-05-12,FP,4075.0,-38.18017578125,True,0.009282398083618637,
2023-05-12,FP,4050.0,-63.18017578125,True,0.015360420181265155,
2023-05-12,FP,4115.0,1.81982421875,False,0.0004424372726157255,
2023-05-12,FP,4150.0,36.81982421875,True,0.008951668209320918,
2023-05-12,FP,4125.0,11.81982421875,True,0.0028736461116742884,
2023-05-12,FN,4135.0,21.81982421875,False,0.005304813385009766,16.0
2023-05-12,FN,4170.0,56.81982421875,False,0.013814091682434082,24.0
2023-05-12,FN,4080.0,-33.18017578125,False,0.008066773414611816,23.0
2023-05-12,FN,4145.0,31.81982421875,False,0.007736086845397949,18.0
2023-05-12,FN,4180.0,66.81982421875,False,0.016245245933532715,13.0
2023-05-12,FN,4190.0,76.81982421875,False,0.0186765193939209,12.0
2023-05-15,FP,4000.0,-134.64990234375,True,0.03256621613051758,
2023-05-15,FP,4135.0,0.35009765625,False,8.467407507750657e-05,
2023-05-15,FP,4140.0,5.35009765625,False,0.0012939663049142958,
2023-05-15,FP,4050.0,-84.64990234375,True,0.02047329383214902,
2023-05-15,FP,4115.0,-19.64990234375,False,0.004752494844269983,
2023-05-15,FN,4075.0,-59.64990234375,True,0.014426827430725098,12.0
2023-05-15,FN,4175.0,40.35009765625,True,0.009759068489074707,11.0
2023-05-15,FN,4180.0,45.35009765625,False,0.010968327522277832,13.0
2023-05-15,FN,4155.0,20.35009765625,False,0.0049217939376831055,19.0
2023-05-15,FN,4190.0,55.35009765625,False,0.013386845588684082,15.0
2023-05-16,FP,4000.0,-123.64990234375,True,0.02998554806349374,
2023-05-16,FP,4100.0,-23.64990234375,True,0.005735186765081113,
2023-05-16,FP,4105.0,-18.64990234375,False,0.004522668700160493,
2023-05-16,FP,4050.0,-73.64990234375,True,0.017860367414287426,
2023-05-16,FP,4115.0,-8.64990234375,False,0.002097632570319252,
2023-05-16,FN,4160.0,36.35009765625,False,0.00881505012512207,17.0
2023-05-16,FN,4110.0,-13.64990234375,False,0.0033101439476013184,11.0
2023-05-16,FN,4080.0,-43.64990234375,False,0.010585248470306396,24.0
2023-05-16,FN,4145.0,21.35009765625,False,0.005177497863769531,20.0
2023-05-16,FN,4095.0,-28.64990234375,False,0.006947696208953857,21.0
2023-05-17,FP,4170.0,15.169921875,False,0.0036511533780572147,
2023-05-17,FP,4165.0,10.169921875,False,0.0024477347289229012,
2023-05-17,FP,4150.0,-4.830078125,True,0.0011625212184801503,
2023-05-17,FN,4120.0,-34.830078125,False,0.008383035659790039,11.0
2023-05-17,FN,4210.0,55.169921875,False,0.013278484344482422,18.0
2023-05-17,FN,4220.0,65.169921875,False,0.015685319900512695,26.0
2023-05-18,FP,4000.0,-196.5,True,0.04682473489812944,
2023-05-18,FP,4185.0,-11.5,False,0.002740378887167827,
2023-05-18,FP,4195.0,-1.5,False,0.00035744072441323826,
2023-05-18,FP,4100.0,-96.5,True,0.022995353270582664,
2023-05-18,FN,4160.0,-36.5,False,0.008697748184204102,16.0
2023-05-18,FN,4225.0,28.5,True,0.006791353225708008,12.0
2023-05-18,FN,4155.0,-41.5,False,0.009889185428619385,19.0
2023-05-18,FN,4145.0,-51.5,False,0.012272119522094727,22.0
2023-05-19,FP,4000.0,-188.22998046875,True,0.044942608535475714,
2023-05-19,FP,4195.0,6.77001953125,False,0.001616439298419925,
2023-05-19,FP,4100.0,-88.22998046875,True,0.02106617374886255,
2023-05-19,FP,4150.0,-38.22998046875,True,0.009127956355556077,
2023-05-19,FP,4185.0,-3.22998046875,False,0.0007712041802414582,
2023-05-19,FP,4125.0,-63.22998046875,True,0.015097065052209313,
2023-05-19,FN,4225.0,36.77001953125,True,0.008779406547546387,12.0
2023-05-19,FN,4230.0,41.77001953125,False,0.00997316837310791,30.0
2023-05-19,FN,4240.0,51.77001953125,False,0.012360811233520508,29.0
2023-05-19,FN,4145.0,-43.22998046875,False,0.01032179594039917,19.0
2023-05-19,FN,4210.0,21.77001953125,False,0.005197882652282715,13.0
2023-05-19,FN,4220.0,31.77001953125,False,0.0075855255126953125,15.0
2023-05-22,FP,4000.0,-195.2001953125,True,0.04652941128545107,
2023-05-22,FP,4195.0,-0.2001953125,False,4.7720085616820285e-05,
2023-05-22,FP,4100.0,-95.2001953125,True,0.022692646567587405,
2023-05-22,FP,4200.0,4.7998046875,True,0.0011441181502762632,
2023-05-22,FP,4175.0,-20.2001953125,True,0.004815073029189598,
2023-05-22,FP,4180.0,-15.2001953125,False,0.0036232347932964037,
2023-05-22,FN,4260.0,64.7998046875,False,0.015446186065673828,33.0
2023-05-22,FN,4230.0,34.7998046875,False,0.008295178413391113,29.0
2023-05-22,FN,4205.0,9.7998046875,False,0.0023359060287475586,13.0
2023-05-22,FN,4240.0,44.7998046875,False,0.010678768157958984,28.0
2023-05-22,FN,4210.0,14.7998046875,False,0.0035277605056762695,11.0
2023-05-22,FN,4220.0,24.7998046875,False,0.005911469459533691,14.0
2023-05-23,FP,4000.0,-152.8798828125,True,0.036812979697588455,
2023-05-23,FP,4160.0,7.1201171875,False,0.0017145011145081046,
2023-05-23,FP,4140.0,-12.8798828125,False,0.003101433987004021,
2023-05-23,FP,4175.0,22.1201171875,True,0.005326452440642004,
2023-05-23,FP,4180.0,27.1201171875,False,0.006530436216020119,
2023-05-23,FP,4150.0,-2.8798828125,True,0.0006934664362480136,
2023-05-23,FP,4155.0,2.1201171875,False,0.00051051733912999,
2023-05-23,FN,4130.0,-22.8798828125,False,0.005509376525878906,18.0
2023-05-23,FN,4135.0,-17.8798828125,False,0.004305422306060791,16.0
2023-05-23,FN,4075.0,-77.8798828125,True,0.018753230571746826,22.0
2023-05-23,FN,4110.0,-42.8798828125,False,0.010325312614440918,26.0
2023-05-23,FN,4080.0,-72.8798828125,False,0.017549216747283936,27.0
2023-05-23,FN,4210.0,57.1201171875,False,0.01375436782836914,19.0
2023-05-23,FN,4115.0,-37.8798828125,False,0.009121358394622803,30.0
2023-05-24,FP,4135.0,7.89990234375,False,0.0019141533175404124,
2023-05-24,FP,4175.0,47.89990234375,True,0.011606188657976135,
2023-05-24,FP,4145.0,17.89990234375,False,0.004337162152649343,
2023-05-24,FP,4150.0,22.89990234375,True,0.0055486665702038085,
2023-05-24,FP,4250.0,122.89990234375,True,0.029778754921293116,
2023-05-24,FP,4125.0,-2.10009765625,True,0.0005088555175685183,
2023-05-24,FN,4075.0,-52.10009765625,True,0.012623906135559082,14.0
2023-05-24,FN,4110.0,-17.10009765625,False,0.004143357276916504,19.0
2023-05-24,FN,4180.0,52.89990234375,False,0.012817740440368652,11.0
2023-05-24,FN,4055.0,-72.10009765625,False,0.017469942569732666,39.0
2023-05-24,FN,4120.0,-7.10009765625,False,0.0017203688621520996,18.0
2023-05-24,FN,4190.0,62.89990234375,False,0.015240669250488281,12.0
2023-05-25,FP,4000.0,-157.31005859375,True,0.03783938565481004,
2023-05-25,FP,4160.0,2.68994140625,False,0.0006470389189974224,
2023-05-25,FP,4165.0,7.68994140625,False,0.0018497396869290306,
2023-05-25,FP,4200.0,42.68994140625,True,0.0102686450624494,
2023-05-25,FP,4250.0,92.68994140625,True,0.02229565274176437,
2023-05-25,FP,4155.0,-2.31005859375,False,0.0005556618489339638,
2023-05-25,FP,4125.0,-32.31005859375,True,0.007771866456522947,
2023-05-25,FN,4225.0,67.68994140625,True,0.016282200813293457,16.0
2023-05-25,FN,4130.0,-27.31005859375,False,0.0065691471099853516,18.0
2023-05-25,FN,4145.0,-12.31005859375,False,0.0029610395431518555,12.0
2023-05-25,FN,4210.0,52.68994140625,False,0.012674093246459961,19.0
2023-05-25,FN,4120.0,-37.31005859375,False,0.008974552154541016,20.0
2023-05-25,FN,4220.0,62.68994140625,False,0.015079498291015625,24.0
2023-05-25,FN,4190.0,32.68994140625,False,0.007863283157348633,11.0
2023-05-26,FP,4000.0,-206.4599609375,True,0.04908164177354635,
2023-05-26,FP,4100.0,-106.4599609375,True,0.02530868281788501,
2023-05-26,FP,4200.0,-6.4599609375,True,0.0015357238622236702,
2023-05-26,FP,4205.0,-1.4599609375,False,0.0003470759144406088,
2023-05-26,FP,4150.0,-56.4599609375,True,0.013422203340054284,
2023-05-26,FN,4260.0,53.5400390625,False,0.012728095054626465,28.0
2023-05-26,FN,4270.0,63.5400390625,False,0.015105366706848145,41.0
2023-05-26,FN,4175.0,-31.4599609375,True,0.007478952407836914,11.0
2023-05-26,FN,4275.0,68.5400390625,True,0.016294002532958984,15.0
2023-05-26,FN,4280.0,73.5400390625,False,0.017482638359069824,33.0
2023-05-30,FP,4000.0,-208.64990234375,True,0.04957644545999307,
2023-05-30,FP,4100.0,-108.64990234375,True,0.02581585659649288,
2023-05-30,FP,4205.0,-3.64990234375,False,0.0008672382898177178,
2023-05-30,FP,4175.0,-33.64990234375,True,0.007995414948867796,
2023-05-30,FP,4190.0,-18.64990234375,False,0.004431326619342757,
2023-05-30,FN,4260.0,51.35009765625,False,0.012201070785522461,29.0
2023-05-30,FN,4270.0,61.35009765625,False,0.014577150344848633,39.0
2023-05-30,FN,4240.0,31.35009765625,False,0.007448911666870117,26.0
2023-05-30,FN,4275.0,66.35009765625,True,0.01576519012451172,17.0
2023-05-30,FN,4220.0,11.35009765625,False,0.0026968717575073242,14.0
2023-05-31,FP,4200.0,14.81982421875,True,0.003541024184456676,
2023-05-31,FP,4195.0,9.81982421875,False,0.002346332488998959,
2023-05-31,FP,4100.0,-85.18017578125,True,0.020352809724697107,
2023-05-31,FP,4190.0,4.81982421875,False,0.001151640793541242,
2023-05-31,FN,4210.0,24.81982421875,False,0.005930423736572266,11.0
2023-05-31,FN,4155.0,-30.18017578125,False,0.007211208343505859,17.0
2023-05-31,FN,4140.0,-45.18017578125,False,0.010795295238494873,13.0
2023-05-31,FN,4230.0,44.81982421875,False,0.010709166526794434,22.0
2023-06-01,FP,4000.0,-221.60009765625,True,0.05249196809979184,
2023-06-01,FP,4100.0,-121.60009765625,True,0.02880426730228669,
2023-06-01,FP,4175.0,-46.60009765625,True,0.011038491704157716,
2023-06-01,FP,4150.0,-71.60009765625,True,0.016960416903534004,
2023-06-01,FP,4250.0,28.39990234375,True,0.006727283893971148,
2023-06-01,FN,4260.0,38.39990234375,False,0.009096026420593262,29.0
2023-06-01,FN,4265.0,43.39990234375,False,0.010280489921569824,43.0
2023-06-01,FN,4270.0,48.39990234375,False,0.011464834213256836,36.0
2023-06-01,FN,4275.0,53.39990234375,True,0.012649178504943848,16.0
2023-06-01,FN,4280.0,58.39990234375,False,0.01383364200592041,33.0
2023-06-02,FP,4000.0,-284.39990234375,True,0.06638033536229215,
2023-06-02,FP,4350.0,65.60009765625,True,0.015311385293507174,
2023-06-02,FP,4200.0,-84.39990234375,True,0.019699352130406744,
2023-06-02,FP,4150.0,-134.39990234375,True,0.031369597938378124,
2023-06-02,FN,4240.0,-44.39990234375,False,0.010363161563873291,37.0
2023-06-02,FN,4260.0,-24.39990234375,False,0.005695044994354248,18.0
2023-06-02,FN,4325.0,40.60009765625,True,0.009476304054260254,13.0
2023-06-02,FN,4270.0,-14.39990234375,False,0.0033609867095947266,15.0
2023-06-05,FP,4225.0,-50.75,True,0.011869262702449812,
2023-06-05,FP,4200.0,-75.75,True,0.017716190142080368,
2023-06-05,FP,4265.0,-10.75,False,0.0025141787990411446,
2023-06-05,FP,4150.0,-125.75,True,0.029410045021341258,
2023-06-05,FP,4350.0,74.25,True,0.017365374495702524,
2023-06-05,FN,4260.0,-15.75,False,0.0036835670471191406,12.0
2023-06-05,FN,4325.0,49.25,True,0.011518478393554688,13.0
2023-06-05,FN,4330.0,54.25,False,0.0126878023147583,36.0
2023-06-05,FN,4310.0,34.25,False,0.008010268211364746,23.0
2023-06-05,FN,4220.0,-55.75,False,0.01303863525390625,20.0
2023-06-06,FP,4290.0,5.91015625,False,0.0013795593616279245,
2023-06-06,FP,4200.0,-84.08984375,True,0.019628403422182528,
2023-06-06,FP,4150.0,-134.08984375,True,0.031299493857632754,
2023-06-06,FP,4280.0,-4.08984375,False,0.0009546587254621874,
2023-06-06,FP,4250.0,-34.08984375,True,0.007957312986732301,
2023-06-06,FP,4285.0,0.91015625,False,0.00021245031808270198,
2023-06-06,FP,4350.0,65.91015625,True,0.015384867884168152,
2023-06-06,FN,4260.0,-24.08984375,False,0.0056231021881103516,12.0
2023-06-06,FN,4325.0,40.91015625,True,0.009549379348754883,11.0
2023-06-06,FN,4330.0,45.91015625,False,0.010716438293457031,26.0
2023-06-06,FN,4270.0,-14.08984375,False,0.003288865089416504,15.0
2023-06-06,FN,4340.0,55.91015625,False,0.013050675392150879,38.0
2023-06-06,FN,4310.0,25.91015625,False,0.006047964096069336,19.0
2023-06-06,FN,4255.0,-29.08984375,False,0.006790220737457275,31.0
2023-06-07,FP,4200.0,-70.6298828125,True,0.016538516507074497,
2023-06-07,FP,4290.0,19.3701171875,False,0.004535658139202425,
2023-06-07,FP,4150.0,-120.6298828125,True,0.028246391310561614,
2023-06-07,FP,4250.0,-20.6298828125,True,0.004830641703587268,
2023-06-07,FN,4265.0,-5.6298828125,False,0.0013182759284973145,11.0
2023-06-07,FN,4210.0,-60.6298828125,False,0.014196932315826416,18.0
2023-06-07,FN,4325.0,54.3701171875,True,0.012731194496154785,16.0
2023-06-07,FN,4310.0,39.3701171875,False,0.009218811988830566,28.0
2023-06-08,FP,4295.0,3.22998046875,False,0.0007525986840046794,
2023-06-08,FP,4200.0,-91.77001953125,True,0.02138279057675907,
2023-06-08,FP,4150.0,-141.77001953125,True,0.03303299545084526,
2023-06-08,FP,4285.0,-6.77001953125,False,0.0015774422908125807,
2023-06-08,FP,4350.0,58.22998046875,True,0.0135678240454995,
2023-06-08,FN,4260.0,-31.77001953125,False,0.007402539253234863,18.0
2023-06-08,FN,4330.0,38.22998046875,False,0.008907794952392578,21.0
2023-06-08,FN,4340.0,48.22998046875,False,0.011237740516662598,29.0
2023-06-08,FN,4310.0,18.22998046875,False,0.0042476654052734375,14.0
2023-06-08,FN,4280.0,-11.77001953125,False,0.002742469310760498,11.0
2023-06-09,FP,4200.0,-103.14990234375,True,0.023970789929388392,
2023-06-09,FP,4305.0,1.85009765625,False,0.00042994032237686497,
2023-06-09,FP,4290.0,-13.14990234375,False,0.0030558782850180766,
2023-06-09,FP,4150.0,-153.14990234375,True,0.03559018528737179,
2023-06-09,FN,4340.0,36.85009765625,False,0.008563518524169922,29.0
2023-06-09,FN,4330.0,26.85009765625,False,0.006239652633666992,21.0
2023-06-09,FN,4315.0,11.85009765625,False,0.0027538537979125977,18.0
2023-06-09,FN,4260.0,-43.14990234375,False,0.010027527809143066,22.0
2023-06-12,FP,4320.0,-14.89990234375,False,0.0034371964011657985,
2023-06-12,FP,4200.0,-134.89990234375,True,0.031119496501133437,
2023-06-12,FP,4275.0,-59.89990234375,True,0.013818058938653621,
2023-06-12,FP,4340.0,5.10009765625,False,0.0011765202821620857,
2023-06-12,FP,4250.0,-84.89990234375,True,0.01958520479281356,
2023-06-12,FN,4290.0,-44.89990234375,False,0.010357797145843506,13.0
2023-06-12,FN,4390.0,55.10009765625,False,0.012710809707641602,43.0
2023-06-12,FN,4360.0,25.10009765625,False,0.005790233612060547,23.0
2023-06-12,FN,4370.0,35.10009765625,False,0.008097052574157715,21.0
2023-06-12,FN,4310.0,-24.89990234375,False,0.005744040012359619,16.0
2023-06-13,FP,4200.0,-166.56982421875,True,0.03814660727394914,
2023-06-13,FP,4300.0,-66.56982421875,True,0.015245336018567035,
2023-06-13,FP,4275.0,-91.56982421875,True,0.02097065383241259,
2023-06-13,FP,4375.0,8.43017578125,True,0.0019306174229696271,
2023-06-13,FP,4250.0,-116.56982421875,True,0.026695971646258143,
2023-06-13,FN,4360.0,-6.56982421875,False,0.0015046000480651855,14.0
2023-06-13,FN,4425.0,58.43017578125,True,0.013381242752075195,26.0
2023-06-13,FN,4330.0,-36.56982421875,False,0.008374929428100586,16.0
2023-06-13,FN,4310.0,-56.56982421875,False,0.012955188751220703,15.0
2023-06-13,FN,4345.0,-21.56982421875,False,0.004939734935760498,20.0
2023-06-14,FP,4250.0,-114.759765625,True,0.02629234408931258,
2023-06-14,FP,4275.0,-89.759765625,True,0.02056465199572033,
2023-06-14,FP,4300.0,-64.759765625,True,0.014836959902128077,
2023-06-14,FP,4350.0,-14.759765625,True,0.0033815757149434633,
2023-06-14,FN,4425.0,60.240234375,True,0.0138014554977417,20.0
2023-06-14,FN,4410.0,45.240234375,False,0.010364890098571777,24.0
2023-06-14,FN,4345.0,-19.759765625,False,0.004527091979980469,14.0
2023-06-14,FN,4310.0,-54.759765625,False,0.012545883655548096,16.0
2023-06-15,FP,4320.0,-111.64990234375,False,0.025193755103421478,
2023-06-15,FP,4430.0,-1.64990234375,False,0.00037229979355490883,
2023-06-15,FP,4435.0,3.35009765625,False,0.0007559481750754049,
2023-06-15,FP,4500.0,68.35009765625,True,0.015423171767269261,
2023-06-15,FP,4350.0,-81.64990234375,True,0.018424267291639596,
2023-06-15,FN,4390.0,-41.64990234375,False,0.009398281574249268,21.0
2023-06-15,FN,4365.0,-66.64990234375,False,0.015039503574371338,26.0
2023-06-15,FN,4370.0,-61.64990234375,False,0.013911247253417969,15.0
2023-06-15,FN,4410.0,-21.64990234375,False,0.004885315895080566,13.0
2023-06-15,FN,4475.0,43.35009765625,True,0.009781956672668457,14.0
2023-06-16,FP,4300.0,-114.27001953125,True,0.02588650422961314,
2023-06-16,FP,4420.0,5.72998046875,False,0.0012980584430488662,
2023-06-16,FP,4405.0,-9.27001953125,False,0.002100011891033926,
2023-06-16,FP,4415.0,0.72998046875,False,0.00016536833168800946,
2023-06-16,FN,4365.0,-49.27001953125,False,0.011161506175994873,20.0
2023-06-16,FN,4475.0,60.72998046875,True,0.013757705688476562,15.0
2023-06-16,FN,4500.0,85.72998046875,True,0.019421100616455078,14.0
2023-06-16,FN,4325.0,-89.27001953125,True,0.02022308111190796,13.0
2023-06-20,FP,4320.0,-71.89990234375,False,0.01637102482808872,
2023-06-20,FP,4385.0,-6.89990234375,False,0.0015710518220298786,
2023-06-20,FP,4390.0,-1.89990234375,False,0.0004325923600253523,
2023-06-20,FP,4395.0,3.10009765625,False,0.000705867101979063,
2023-06-20,FP,4300.0,-91.89990234375,True,0.020924862676106826,
2023-06-20,FP,4375.0,-16.89990234375,True,0.003847970746038931,
2023-06-20,FN,4360.0,-31.89990234375,False,0.007263362407684326,14.0
2023-06-20,FN,4425.0,33.10009765625,True,0.007536649703979492,12.0
2023-06-20,FN,4330.0,-61.89990234375,False,0.014094114303588867,18.0
2023-06-20,FN,4365.0,-26.89990234375,False,0.006124913692474365,16.0
2023-06-20,FN,4440.0,48.10009765625,False,0.010951995849609375,25.0
2023-06-20,FN,4410.0,18.10009765625,False,0.004121303558349609,15.0
2023-06-21,FP,4400.0,26.72998046875,True,0.006112126703673226,
2023-06-21,FP,4450.0,76.72998046875,True,0.017545219052578442,
2023-06-21,FP,4300.0,-73.27001953125,True,0.01675405799413765,
2023-06-21,FP,4350.0,-23.27001953125,True,0.005320965645232212,
2023-06-21,FN,4425.0,51.72998046875,True,0.01182866096496582,13.0
2023-06-21,FN,4410.0,36.72998046875,False,0.008398771286010742,17.0
2023-06-21,FN,4315.0,-58.27001953125,False,0.013324141502380371,27.0
2023-06-21,FN,4420.0,46.72998046875,False,0.010685324668884277,26.0
2023-06-22,FP,4320.0,-50.56005859375,False,0.011568324863614365,
2023-06-22,FP,4450.0,79.43994140625,True,0.018176146841878627,
2023-06-22,FP,4300.0,-70.56005859375,True,0.016144397433690227,
2023-06-22,FP,4375.0,4.43994140625,True,0.001015874704094255,
2023-06-22,FP,4380.0,9.43994140625,False,0.0021598928466131095,
2023-06-22,FP,4350.0,-20.56005859375,True,0.004704216008500572,
2023-06-22,FN,4425.0,54.43994140625,True,0.012456059455871582,12.0
2023-06-22,FN,4365.0,-5.56005859375,False,0.0012721419334411621,11.0
2023-06-22,FN,4430.0,59.43994140625,False,0.01360011100769043,23.0
2023-06-22,FN,4340.0,-30.56005859375,False,0.00699228048324585,14.0
2023-06-22,FN,4440.0,69.43994140625,False,0.015888094902038574,34.0
2023-06-22,FN,4410.0,39.43994140625,False,0.00902402400970459,18.0
2023-06-23,FP,4450.0,101.41015625,True,0.023320239409506893,
2023-06-23,FP,4355.0,6.41015625,False,0.0014740769951466781,
2023-06-23,FP,4370.0,21.41015625,False,0.004923471060571893,
2023-06-23,FP,4350.0,1.41015625,True,0.000324278973338199,
2023-06-23,FN,4290.0,-58.58984375,False,0.013473272323608398,35.0
2023-06-23,FN,4365.0,16.41015625,False,0.0037736892700195312,17.0
2023-06-23,FN,4390.0,41.41015625,False,0.009522676467895508,22.0
2023-06-23,FN,4310.0,-38.58984375,False,0.008874118328094482,15.0
2023-07-17,FP,4450.0,-78.1298828125,True,0.017254337846857926,
2023-07-17,FP,4515.0,-13.1298828125,False,0.0028996259277670466,
2023-07-17,FP,4520.0,-8.1298828125,False,0.0017954173186062183,
2023-07-17,FP,4525.0,-3.1298828125,True,0.00069120870944539,
2023-07-17,FP,4400.0,-128.1298828125,True,0.02829642393846621,
2023-07-17,FN,4490.0,-38.1298828125,False,0.00842064619064331,15.0
2023-07-17,FN,4560.0,31.8701171875,False,0.007038235664367676,14.0
2023-07-17,FN,4570.0,41.8701171875,False,0.00924670696258545,17.0
2023-07-17,FN,4510.0,-18.1298828125,False,0.0040038228034973145,12.0
2023-07-17,FN,4575.0,46.8701171875,True,0.010350823402404785,13.0
2023-07-18,FP,4450.0,-108.740234375,True,0.023853132397202326,
2023-07-18,FP,4555.0,-3.740234375,False,0.0008204534987092948,
2023-07-18,FP,4565.0,6.259765625,False,0.0013731349678138827,
2023-07-18,FP,4550.0,-8.740234375,True,0.0019172477319708836,
2023-07-18,FN,4520.0,-38.740234375,False,0.008498013019561768,17.0
2023-07-18,FN,4515.0,-43.740234375,False,0.00959479808807373,23.0
2023-07-18,FN,4510.0,-48.740234375,False,0.010691583156585693,16.0
2023-07-18,FN,4535.0,-23.740234375,False,0.005207657814025879,14.0
2023-07-19,FP,4500.0,-69.4501953125,True,0.015198807809251202,
2023-07-19,FP,4580.0,10.5498046875,False,0.0023087689408065604,
2023-07-19,FP,4565.0,-4.4501953125,False,0.0009739016998292493,
2023-07-19,FP,4550.0,-19.4501953125,True,0.004256572340465059,
2023-07-19,FN,4520.0,-49.4501953125,False,0.010821938514709473,16.0
2023-07-19,FN,4625.0,55.5498046875,True,0.01215672492980957,15.0
2023-07-19,FN,4610.0,40.5498046875,False,0.008874058723449707,28.0
2023-07-19,FN,4530.0,-39.4501953125,False,0.00863349437713623,20.0
2023-07-20,FP,4530.0,-1.72998046875,False,0.00038174835575066624,
2023-07-20,FP,4450.0,-81.72998046875,True,0.01803505081304424,
2023-07-20,FP,4540.0,8.27001953125,False,0.001824914451411086,
2023-07-20,FN,4570.0,38.27001953125,False,0.008444905281066895,14.0
2023-07-20,FN,4475.0,-56.72998046875,True,0.01251840591430664,11.0
2023-07-20,FN,4580.0,48.27001953125,False,0.010651588439941406,25.0
2023-07-21,FP,4450.0,-88.669921875,True,0.019536543392952632,
2023-07-21,FP,4525.0,-13.669921875,True,0.0030118783939574456,
2023-07-21,FP,4535.0,-3.669921875,False,0.0008085897274248133,
2023-07-21,FP,4475.0,-63.669921875,True,0.01402832172662094,
2023-07-21,FP,4540.0,1.330078125,False,0.0002930546058415029,
2023-07-21,FN,4580.0,41.330078125,False,0.009106159210205078,21.0
2023-07-21,FN,4485.0,-53.669921875,False,0.011825025081634521,32.0
2023-07-21,FN,4555.0,16.330078125,False,0.0035979747772216797,27.0
2023-07-21,FN,4590.0,51.330078125,False,0.011309504508972168,23.0
2023-07-21,FN,4570.0,31.330078125,False,0.006902933120727539,12.0
2023-07-24,FP,4450.0,-99.83984375,True,0.0219435951986634,
2023-07-24,FP,4555.0,5.16015625,False,0.0011341401955253794,
2023-07-24,FP,4560.0,10.16015625,False,0.0022330799762011466,
2023-07-24,FP,4500.0,-49.83984375,True,0.01095419739190684,
2023-07-24,FP,4540.0,-9.83984375,False,0.0021626791465015893,
2023-07-24,FN,4610.0,60.16015625,False,0.013222455978393555,27.0
2023-07-24,FN,4590.0,40.16015625,False,0.008826732635498047,21.0
2023-07-24,FN,4595.0,45.16015625,False,0.009925603866577148,35.0
2023-07-24,FN,4505.0,-44.83984375,False,0.009855270385742188,31.0
2023-07-24,FN,4510.0,-39.83984375,False,0.00875633955001831,20.0
2023-07-25,FP,4500.0,-72.4501953125,True,0.015844939194039398,
2023-07-25,FP,4450.0,-122.4501953125,True,0.026779995425216696,
2023-07-25,FP,4650.0,77.5498046875,True,0.016960229499492607,
2023-07-25,FP,4550.0,-22.4501953125,True,0.004909882962861989,
2023-07-25,FN,4545.0,-27.4501953125,False,0.006003379821777344,17.0
2023-07-25,FN,4610.0,37.5498046875,False,0.00821220874786377,20.0
2023-07-25,FN,4620.0,47.5498046875,False,0.010399222373962402,15.0
2023-07-25,FN,4630.0,57.5498046875,False,0.012586236000061035,29.0
2023-07-26,FP,4450.0,-107.14013671875,True,0.023510388863286824,
2023-07-26,FP,4550.0,-7.14013671875,True,0.0015668020961696616,
2023-07-26,FP,4500.0,-57.14013671875,True,0.012538595479728243,
2023-07-26,FP,4565.0,7.85986328125,False,0.0017247359188978795,
2023-07-26,FP,4540.0,-17.14013671875,False,0.0037611607728814667,
2023-07-26,FP,4575.0,17.85986328125,True,0.0039190945956095735,
2023-07-26,FN,4545.0,-12.14013671875,False,0.0026639699935913086,14.0
2023-07-26,FN,4610.0,52.85986328125,False,0.011599302291870117,17.0
2023-07-26,FN,4580.0,22.85986328125,False,0.005016326904296875,13.0
2023-07-26,FN,4615.0,57.85986328125,False,0.012696504592895508,24.0
2023-07-26,FN,4620.0,62.85986328125,False,0.013793706893920898,18.0
2023-07-26,FN,4590.0,32.85986328125,False,0.0072106122970581055,22.0
2023-07-27,FP,4450.0,-91.3701171875,True,0.020119504649422026,
2023-07-27,FP,4525.0,-16.3701171875,True,0.0036046648401425463,
2023-07-27,FP,4560.0,18.6298828125,False,0.0041022604041878186,
2023-07-27,FP,4400.0,-141.3701171875,True,0.03112939785560831,
2023-07-27,FP,4530.0,-11.3701171875,False,0.002503675519523907,
2023-07-27,FN,4580.0,38.6298828125,False,0.008506178855895996,19.0
2023-07-27,FN,4485.0,-56.3701171875,False,0.012412607669830322,47.0
2023-07-27,FN,4490.0,-51.3701171875,False,0.011311590671539307,18.0
2023-07-27,FN,4570.0,28.6298828125,False,0.006304264068603516,13.0
2023-07-27,FN,4510.0,-31.3701171875,False,0.006907641887664795,12.0
2023-07-28,FP,4585.0,4.85986328125,False,0.0010610730537017332,
2023-07-28,FP,4650.0,69.85986328125,True,0.015252778560460811,
2023-07-28,FP,4570.0,-10.14013671875,False,0.0022139359093965583,
2023-07-28,FP,4565.0,-15.14013671875,False,0.0033056055637625814,
2023-07-28,FN,4610.0,29.85986328125,False,0.006519436836242676,12.0
2023-07-28,FN,4620.0,39.85986328125,False,0.008702754974365234,16.0
2023-07-28,FN,4590.0,9.85986328125,False,0.0021528005599975586,11.0
2023-07-28,FN,4630.0,49.85986328125,False,0.010886073112487793,20.0
2023-07-31,FP,4580.0,-0.580078125,False,0.00012663857308603532,
2023-07-31,FP,4585.0,4.419921875,False,0.0009649262319650909,
2023-07-31,FP,4560.0,-20.580078125,False,0.004492897793290873,
2023-07-31,FP,4565.0,-15.580078125,False,0.003401332988239636,
2023-07-31,FP,4600.0,19.419921875,True,0.0042396206471189135,
2023-07-31,FP,4570.0,-10.580078125,False,0.0023097681831883987,
2023-07-31,FP,4575.0,-5.580078125,True,0.0012182033781372725,
2023-07-31,FN,4640.0,59.419921875,False,0.012972116470336914,22.0
2023-07-31,FN,4545.0,-35.580078125,False,0.007767617702484131,23.0
2023-07-31,FN,4610.0,29.419921875,False,0.006422758102416992,13.0
2023-07-31,FN,4615.0,34.419921875,False,0.007514357566833496,14.0
2023-07-31,FN,4620.0,39.419921875,False,0.00860583782196045,17.0
2023-07-31,FN,4625.0,44.419921875,True,0.009697437286376953,11.0
2023-07-31,FN,4630.0,49.419921875,False,0.010789036750793457,18.0
2023-08-01,FP,4580.0,0.490234375,False,0.00010704953151963181,
2023-08-01,FP,4585.0,5.490234375,False,0.0011988694545890244,
2023-08-01,FP,4560.0,-19.509765625,False,0.004260230160757716,
2023-08-01,FP,4565.0,-14.509765625,False,0.003168410237688324,
2023-08-01,FP,4600.0,20.490234375,True,0.00447432922379698,
2023-08-01,FN,4610.0,30.490234375,False,0.006657958030700684,14.0
2023-08-01,FN,4615.0,35.490234375,False,0.007749795913696289,11.0
2023-08-01,FN,4555.0,-24.509765625,False,0.00535207986831665,23.0
2023-08-01,FN,4595.0,15.490234375,False,0.003382563591003418,21.0
2023-08-01,FN,4630.0,50.490234375,False,0.011025190353393555,22.0
2023-08-02,FP,4515.0,9.240234375,False,0.0020507605499731074,
2023-08-02,FP,4520.0,14.240234375,False,0.0031604513147018842,
2023-08-02,FP,4400.0,-105.759765625,True,0.023472127038785873,
2023-08-02,FP,4505.0,-0.759765625,False,0.00016862097948411314,
2023-08-02,FP,4510.0,4.240234375,False,0.0009410697852445526,
2023-08-02,FP,4575.0,69.240234375,True,0.015367049726716875,
2023-08-02,FN,4480.0,-25.759765625,False,0.005717098712921143,23.0
2023-08-02,FN,4490.0,-15.759765625,False,0.0034977197647094727,11.0
2023-08-02,FN,4460.0,-45.759765625,False,0.010155856609344482,26.0
2023-08-02,FN,4560.0,54.240234375,False,0.012037992477416992,12.0
2023-08-02,FN,4530.0,24.240234375,False,0.005379796028137207,13.0
2023-08-02,FN,4540.0,34.240234375,False,0.007599234580993652,14.0
2023-08-03,FP,4550.0,45.39990234375,True,0.010078564436246218,
2023-08-03,FP,4490.0,-14.60009765625,False,0.003241152896978905,
2023-08-03,FP,4400.0,-104.60009765625,True,0.0232207288968167,
2023-08-03,FP,4530.0,25.39990234375,False,0.005638658658504658,
2023-08-03,FP,4505.0,0.39990234375,False,8.877643632732024e-05,
2023-08-03,FP,4510.0,5.39990234375,False,0.0011987528807628767,
2023-08-03,FP,4575.0,70.39990234375,True,0.015628446658423556,
2023-08-03,FN,4480.0,-24.60009765625,False,0.00546109676361084,19.0
2023-08-03,FN,4515.0,10.39990234375,False,0.0023087263107299805,14.0
2023-08-03,FN,4455.0,-49.60009765625,False,0.011011004447937012,47.0
2023-08-03,FN,4460.0,-44.60009765625,False,0.009900987148284912,24.0
2023-08-03,FN,4495.0,-9.60009765625,False,0.002131164073944092,29.0
2023-08-03,FN,4435.0,-69.60009765625,False,0.015450894832611084,35.0
2023-08-03,FN,4440.0,-64.60009765625,False,0.01434093713760376,33.0
2023-08-04,FP,4480.0,-4.240234375,False,0.0009455859082873053,
2023-08-04,FP,4485.0,0.759765625,False,0.00016943017886861256,
2023-08-04,FP,4550.0,65.759765625,True,0.014664639311895655,
2023-08-04,FP,4300.0,-184.240234375,True,0.04108616504590079,
2023-08-04,FP,4400.0,-84.240234375,True,0.018785843302782212,
2023-08-04,FP,4350.0,-134.240234375,True,0.029936004174341502,
2023-08-04,FN,4515.0,30.759765625,False,0.006859540939331055,30.0
2023-08-04,FN,4420.0,-64.240234375,False,0.01432579755783081,42.0
2023-08-04,FN,4425.0,-59.240234375,True,0.013210773468017578,14.0
2023-08-04,FN,4495.0,10.759765625,False,0.002399444580078125,15.0
2023-08-04,FN,4530.0,45.759765625,False,0.010204553604125977,17.0
2023-08-04,FN,4410.0,-74.240234375,False,0.0165557861328125,31.0
2023-08-07,FP,4400.0,-108.740234375,True,0.024117653429211905,
2023-08-07,FP,4505.0,-3.740234375,False,0.0008295519769544457,
2023-08-07,FP,4515.0,6.259765625,False,0.0013883624470700795,
2023-08-07,FP,4550.0,41.259765625,True,0.009151062931155751,
2023-08-07,FN,4480.0,-28.740234375,False,0.006374359130859375,20.0
2023-08-07,FN,4545.0,36.259765625,False,0.008042097091674805,15.0
2023-08-07,FN,4460.0,-48.740234375,False,0.01081019639968872,21.0
2023-08-07,FN,4485.0,-23.740234375,False,0.005265355110168457,22.0
2023-08-08,FP,4550.0,54.56005859375,True,0.012136756202927534,
2023-08-08,FP,4490.0,-5.43994140625,False,0.0012101021206276652,
2023-08-08,FP,4400.0,-95.43994140625,True,0.021230389605960243,
2023-08-08,FP,4510.0,14.56005859375,False,0.0032388506538907347,
2023-08-08,FP,4575.0,79.56005859375,True,0.017697947171075423,
2023-08-08,FN,4560.0,64.56005859375,False,0.014361262321472168,16.0
2023-08-08,FN,4465.0,-30.43994140625,False,0.006771266460418701,17.0
2023-08-08,FN,4435.0,-60.43994140625,False,0.013444721698760986,39.0
2023-08-08,FN,4440.0,-55.43994140625,False,0.012332499027252197,29.0
2023-08-08,FN,4540.0,44.56005859375,False,0.009912252426147461,13.0
2023-08-09,FP,4450.0,-38.77978515625,True,0.008639271029621254,
2023-08-09,FP,4485.0,-3.77978515625,False,0.000842051813000344,
2023-08-09,FP,4550.0,61.22021484375,True,0.013638498160724266,
2023-08-09,FP,4490.0,1.22021484375,False,0.00027183664651686534,
2023-08-09,FP,4500.0,11.22021484375,True,0.002499613565551506,
2023-08-09,FP,4350.0,-138.77978515625,True,0.030917040219966885,
2023-08-09,FN,4420.0,-68.77978515625,False,0.015322625637054443,40.0
2023-08-09,FN,4425.0,-63.77978515625,True,0.014208734035491943,11.0
2023-08-09,FN,4460.0,-28.77978515625,False,0.006411492824554443,16.0
2023-08-09,FN,4495.0,6.22021484375,False,0.0013856887817382812,13.0
2023-08-09,FN,4410.0,-78.77978515625,False,0.017550349235534668,41.0
2023-08-09,FN,4415.0,-73.77978515625,False,0.016436517238616943,46.0
2023-08-10,FP,4480.0,9.60009765625,False,0.002147480732365148,
2023-08-10,FP,4475.0,4.60009765625,True,0.0010290125619047963,
2023-08-10,FP,4525.0,54.60009765625,True,0.012213694266507202,
2023-08-10,FP,4550.0,79.60009765625,True,0.017806035118808294,
2023-08-10,FN,4410.0,-60.39990234375,False,0.013511061668395996,37.0
2023-08-10,FN,4420.0,-50.39990234375,False,0.011274158954620361,27.0
2023-08-10,FN,4415.0,-55.39990234375,False,0.012392580509185791,42.0
2023-08-10,FN,4540.0,69.60009765625,False,0.015569090843200684,24.0
2023-08-11,FP,4480.0,12.10009765625,False,0.002708229351759295,
2023-08-11,FP,4550.0,82.10009765625,True,0.01837554543538067,
2023-08-11,FP,4425.0,-42.89990234375,True,0.009601804713943118,
2023-08-11,FP,4460.0,-7.89990234375,False,0.0017681466721324313,
2023-08-11,FP,4465.0,-2.89990234375,False,0.0006490526661595553,
2023-08-11,FP,4500.0,32.10009765625,True,0.007184605375651021,
2023-08-11,FP,4475.0,7.10009765625,True,0.0015891353457864188,
2023-08-11,FN,4420.0,-47.89990234375,False,0.010720908641815186,25.0
2023-08-11,FN,4485.0,17.10009765625,False,0.003827333450317383,17.0
2023-08-11,FN,4455.0,-12.89990234375,False,0.002887248992919922,12.0
2023-08-11,FN,4495.0,27.10009765625,False,0.006065487861633301,30.0
2023-08-11,FN,4530.0,62.10009765625,False,0.01389920711517334,15.0
2023-08-11,FN,4410.0,-57.89990234375,False,0.012959063053131104,32.0
2023-08-11,FN,4415.0,-52.89990234375,False,0.011839985847473145,41.0
2023-08-14,FP,4475.0,-3.02001953125,True,0.0006744095645124792,
2023-08-14,FP,4470.0,-8.02001953125,False,0.0017909744700269625,
2023-08-14,FP,4455.0,-23.02001953125,False,0.005140669186570523,
2023-08-14,FN,4425.0,-53.02001953125,True,0.01184004545211792,11.0
2023-08-14,FN,4545.0,66.97998046875,False,0.014957547187805176,19.0
2023-08-14,FN,4465.0,-13.02001953125,False,0.0029075145721435547,14.0
2023-08-15,FP,4550.0,115.16015625,True,0.025967151082647355,
2023-08-15,FP,4455.0,20.16015625,False,0.004545858917185397,
2023-08-15,FP,4425.0,-9.83984375,True,0.0022187596613815197,
2023-08-15,FP,4435.0,0.16015625,False,3.611319814078584e-05,
2023-08-15,FP,4440.0,5.16015625,False,0.001163549627901883,
2023-08-15,FP,4475.0,40.16015625,True,0.009055604636230008,
2023-08-15,FP,4350.0,-84.83984375,True,0.019130306107798756,
2023-08-15,FN,4485.0,50.16015625,False,0.011310458183288574,21.0
2023-08-15,FN,4390.0,-44.83984375,False,0.010110795497894287,16.0
2023-08-15,FN,4460.0,25.16015625,False,0.0056732892990112305,12.0
2023-08-15,FN,4465.0,30.16015625,False,0.0068007707595825195,24.0
2023-08-15,FN,4375.0,-59.83984375,True,0.013493120670318604,11.0
2023-08-15,FN,4380.0,-54.83984375,False,0.01236569881439209,17.0
2023-08-15,FN,4510.0,75.16015625,False,0.016947627067565918,25.0
2023-08-16,FP,4425.0,17.580078125,True,0.003988745895925794,
2023-08-16,FP,4300.0,-107.419921875,True,0.024372518112433794,
2023-08-16,FP,4405.0,-2.419921875,False,0.0005490563454118025,
2023-08-16,FP,4475.0,67.580078125,True,0.015333251499269451,
2023-08-16,FP,4350.0,-57.419921875,True,0.013028012509090026,
2023-08-16,FP,4415.0,7.580078125,False,0.0017198447752568846,
2023-08-16,FN,4460.0,52.580078125,False,0.011929869651794434,11.0
2023-08-16,FN,4430.0,22.580078125,False,0.005123138427734375,15.0
2023-08-16,FN,4465.0,57.580078125,False,0.013064384460449219,25.0
2023-08-16,FN,4340.0,-67.419921875,False,0.01529693603515625,23.0
2023-08-16,FN,4470.0,62.580078125,False,0.014198780059814453,17.0
2023-08-16,FN,4440.0,32.580078125,False,0.0073920488357543945,16.0
2023-08-17,FP,4000.0,-376.2001953125,True,0.08596503325315441,
2023-08-17,FP,4360.0,-16.2001953125,False,0.0037018862459383683,
2023-08-17,FP,4370.0,-6.2001953125,False,0.0014167988290711975,
2023-08-17,FP,4550.0,173.7998046875,True,0.03971477467453677,
2023-08-17,FN,4425.0,48.7998046875,True,0.01115119457244873,11.0
2023-08-17,FN,4410.0,33.7998046875,False,0.007723569869995117,16.0
2023-08-17,FN,4340.0,-36.2001953125,False,0.008272051811218262,17.0
2023-08-17,FN,4325.0,-51.2001953125,True,0.011699676513671875,29.0
2023-08-18,FP,4000.0,-367.1298828125,True,0.08406662789155761,
2023-08-18,FP,4450.0,82.8701171875,True,0.01897587647064225,
2023-08-18,FP,4390.0,22.8701171875,False,0.0052368758890155576,
2023-08-18,FP,4550.0,182.8701171875,True,0.04187421077335318,
2023-08-18,FP,4500.0,132.8701171875,True,0.030425043621997716,
2023-08-18,FP,4375.0,7.8701171875,True,0.00180212574360894,
2023-08-18,FN,4320.0,-47.1298828125,False,0.010791957378387451,41.0
2023-08-18,FN,4325.0,-42.1298828125,True,0.009647011756896973,14.0
2023-08-18,FN,4360.0,-7.1298828125,False,0.0016326308250427246,32.0
2023-08-18,FN,4425.0,57.8701171875,True,0.013251304626464844,12.0
2023-08-18,FN,4305.0,-62.1298828125,False,0.014226734638214111,53.0
2023-08-18,FN,4340.0,-27.1298828125,False,0.006212294101715088,46.0
2023-08-21,FP,4550.0,149.830078125,True,0.03405097548168201,
2023-08-21,FP,4425.0,24.830078125,True,0.00564298164976762,
2023-08-21,FP,4400.0,-0.169921875,True,3.8617116615236036e-05,
2023-08-21,FP,4500.0,99.830078125,True,0.0226877779489163,
2023-08-21,FP,4405.0,4.830078125,False,0.001097702636661424,
2023-08-21,FP,4350.0,-50.169921875,True,0.011401814649380948,
2023-08-21,FN,4325.0,-75.169921875,True,0.017083406448364258,14.0
2023-08-21,FN,4360.0,-40.169921875,False,0.009129166603088379,26.0
2023-08-21,FN,4430.0,29.830078125,False,0.006779313087463379,16.0
2023-08-21,FN,4435.0,34.830078125,False,0.007915616035461426,25.0
2023-08-21,FN,4340.0,-60.169921875,False,0.013674437999725342,50.0
2023-08-21,FN,4380.0,-20.169921875,False,0.004583895206451416,21.0
2023-08-22,FP,4550.0,161.8798828125,True,0.03689048578648624,
2023-08-22,FP,4390.0,1.8798828125,False,0.0004284027698187032,
2023-08-22,FP,4425.0,36.8798828125,True,0.008404483429714782,
2023-08-22,FP,4500.0,111.8798828125,True,0.025496084843777744,
2023-08-22,FP,4475.0,86.8798828125,True,0.019798884372423275,
2023-08-22,FP,4350.0,-38.1201171875,True,0.008687117984348292,
2023-08-22,FN,4320.0,-68.1201171875,False,0.015523731708526611,42.0
2023-08-22,FN,4325.0,-63.1201171875,True,0.014384329319000244,15.0
2023-08-22,FN,4360.0,-28.1201171875,False,0.006408214569091797,16.0
2023-08-22,FN,4460.0,71.8798828125,False,0.01638054847717285,25.0
2023-08-22,FN,4340.0,-48.1201171875,False,0.010966002941131592,43.0
2023-08-22,FN,4410.0,21.8798828125,False,0.004986166954040527,14.0
2023-08-23,FP,4550.0,111.83984375,True,0.025199596186834983,
2023-08-23,FP,4425.0,-13.16015625,True,0.0029652278842320356,
2023-08-23,FP,4430.0,-8.16015625,False,0.0018386349213893594,
2023-08-23,FP,4435.0,-3.16015625,False,0.0007120419585466831,
2023-08-23,FP,4440.0,1.83984375,False,0.00041455100429610425,
2023-08-23,FN,4480.0,41.83984375,False,0.009427309036254883,13.0
2023-08-23,FN,4420.0,-18.16015625,False,0.004091799259185791,12.0
2023-08-23,FN,4490.0,51.83984375,False,0.0116804838180542,16.0
2023-08-23,FN,4495.0,56.83984375,False,0.012807130813598633,22.0
2023-08-23,FN,4380.0,-58.16015625,False,0.013104557991027832,31.0
2023-08-24,FP,4390.0,-3.31982421875,False,0.0007556527527199375,
2023-08-24,FP,4500.0,106.68017578125,True,0.02428236050404564,
2023-08-24,FP,4410.0,16.68017578125,False,0.003796713293964693,
2023-08-24,FP,4350.0,-43.31982421875,True,0.009860384846089199,
2023-08-24,FP,4415.0,21.68017578125,False,0.004934804805635906,
2023-08-24,FN,4320.0,-73.31982421875,False,0.016688942909240723,54.0
2023-08-24,FN,4325.0,-68.31982421875,True,0.015550851821899414,20.0
2023-08-24,FN,4305.0,-88.31982421875,False,0.02010321617126465,50.0
2023-08-24,FN,4370.0,-23.31982421875,False,0.005308032035827637,22.0
2023-08-24,FN,4340.0,-53.31982421875,False,0.012136578559875488,28.0
2023-08-25,FP,4420.0,5.56005859375,False,0.0012595161940245347,
2023-08-25,FP,4550.0,135.56005859375,True,0.03070832549384872,
2023-08-25,FP,4425.0,10.56005859375,True,0.002392162705556311,
2023-08-25,FP,4500.0,85.56005859375,True,0.019381860378531846,
2023-08-25,FP,4405.0,-9.43994140625,False,0.002138423340570572,
2023-08-25,FP,4350.0,-64.43994140625,True,0.014597534967419223,
2023-08-25,FN,4385.0,-29.43994140625,False,0.006668984889984131,33.0
2023-08-25,FN,4360.0,-54.43994140625,False,0.012332260608673096,21.0
2023-08-25,FN,4460.0,45.56005859375,False,0.010320663452148438,14.0
2023-08-25,FN,4340.0,-74.43994140625,False,0.016862809658050537,50.0
2023-08-25,FN,4375.0,-39.43994140625,True,0.008934319019317627,12.0
2023-08-25,FN,4475.0,60.56005859375,True,0.013718605041503906,11.0
2023-08-28,FP,4420.0,-2.89013671875,False,0.000653449809832729,
2023-08-28,FP,4550.0,127.10986328125,True,0.028739095783995694,
2023-08-28,FP,4430.0,7.10986328125,False,0.0016075152358463463,
2023-08-28,FP,4400.0,-22.89013671875,True,0.005175379901190991,
2023-08-28,FP,4440.0,17.10986328125,False,0.0038684802815254216,
2023-08-28,FP,4350.0,-72.89013671875,True,0.016480205129586478,
2023-08-28,FN,4480.0,57.10986328125,False,0.012912392616271973,12.0
2023-08-28,FN,4490.0,67.10986328125,False,0.01517331600189209,20.0
2023-08-28,FN,4495.0,72.10986328125,False,0.01630377769470215,25.0
2023-08-28,FN,4405.0,-17.89013671875,False,0.004044890403747559,18.0
2023-08-28,FN,4375.0,-47.89013671875,True,0.010827779769897461,13.0
2023-08-28,FN,4410.0,-12.89013671875,False,0.0029144287109375,11.0
2023-08-29,FP,4480.0,-17.759765625,False,0.003948580304517946,
2023-08-29,FP,4495.0,-2.759765625,False,0.0006135867117874616,
2023-08-29,FP,4400.0,-97.759765625,True,0.021735212799080084,
2023-08-29,FP,4600.0,102.240234375,True,0.022731368437325372,
2023-08-29,FP,4505.0,7.240234375,False,0.0016097423500327501,
2023-08-29,FN,4485.0,-12.759765625,False,0.002836942672729492,11.0
2023-08-29,FN,4455.0,-42.759765625,False,0.00950688123703003,29.0
2023-08-29,FN,4460.0,-37.759765625,False,0.008395254611968994,17.0
2023-08-29,FN,4470.0,-27.759765625,False,0.006171882152557373,18.0
2023-08-29,FN,4440.0,-57.759765625,False,0.012841880321502686,27.0
2023-08-30,FP,4400.0,-115.3798828125,True,0.02555264137391544,
2023-08-30,FP,4515.0,-0.3798828125,False,8.413086436998007e-05,
2023-08-30,FP,4500.0,-15.3798828125,True,0.0034061104960498856,
2023-08-30,FP,4525.0,9.6201171875,True,0.0021305222234164756,
2023-08-30,FN,4530.0,14.6201171875,False,0.0032378435134887695,12.0
2023-08-30,FN,4460.0,-55.3798828125,False,0.012264728546142578,21.0
2023-08-30,FN,4575.0,59.6201171875,True,0.013203740119934082,14.0
2023-08-30,FN,4540.0,24.6201171875,False,0.005452513694763184,11.0
2023-08-31,FP,4450.0,-67.93994140625,True,0.015037814200138055,
2023-08-31,FP,4515.0,-2.93994140625,False,0.0006507260929491387,
2023-08-31,FP,4400.0,-117.93994140625,True,0.02610480505182189,
2023-08-31,FP,4600.0,82.06005859375,True,0.018163158354913334,
2023-08-31,FP,4575.0,57.06005859375,True,0.012629662929071417,
2023-08-31,FN,4490.0,-27.93994140625,False,0.006184220314025879,15.0
2023-08-31,FN,4555.0,37.06005859375,False,0.008202910423278809,20.0
2023-08-31,FN,4465.0,-52.93994140625,False,0.011717736721038818,31.0
2023-08-31,FN,4530.0,12.06005859375,False,0.0026693344116210938,11.0
2023-08-31,FN,4565.0,47.06005859375,False,0.010416269302368164,25.0
2023-09-01,FP,4515.0,0.14013671875,False,3.103899633516427e-05,
2023-09-01,FP,4520.0,5.14013671875,False,0.0011384930816022987,
2023-09-01,FP,4400.0,-114.85986328125,True,0.025440404964811814,
2023-09-01,FP,4475.0,-39.85986328125,True,0.00882859368580291,
2023-09-01,FP,4510.0,-4.85986328125,False,0.0010764150889320812,
2023-09-01,FN,4580.0,65.14013671875,False,0.014427900314331055,22.0
2023-09-01,FN,4490.0,-24.85986328125,False,0.0055062174797058105,13.0
2023-09-01,FN,4590.0,75.14013671875,False,0.01664280891418457,25.0
2023-09-01,FN,4595.0,80.14013671875,False,0.017750263214111328,34.0
2023-09-01,FN,4575.0,60.14013671875,True,0.013320446014404297,12.0
2023-09-05,FP,4450.0,-52.580078125,True,0.011677766350109198,
2023-09-05,FP,4515.0,12.419921875,False,0.002758401107698205,
2023-09-05,FP,4490.0,-12.580078125,False,0.0027939709914585054,
2023-09-05,FP,4400.0,-102.580078125,True,0.022782510548422508,
2023-09-05,FP,4500.0,-2.580078125,True,0.0005730221517957768,
2023-09-05,FP,4505.0,2.419921875,False,0.0005374522680354765,
2023-09-05,FP,4510.0,7.419921875,False,0.0016479266878668408,
2023-09-05,FN,4480.0,-22.580078125,False,0.005014896392822266,14.0
2023-09-05,FN,4555.0,52.419921875,False,0.011642217636108398,20.0
2023-09-05,FN,4560.0,57.419921875,False,0.012752652168273926,28.0
2023-09-05,FN,4465.0,-37.580078125,False,0.008346319198608398,25.0
2023-09-05,FN,4530.0,27.419921875,False,0.00608980655670166,11.0
2023-09-05,FN,4470.0,-32.580078125,False,0.007235884666442871,19.0
2023-09-05,FN,4540.0,37.419921875,False,0.008310794830322266,16.0
2023-09-06,FP,4550.0,87.06982421875,True,0.019509564521364764,
2023-09-06,FP,4455.0,-7.93017578125,False,0.0017768989136967006,
2023-09-06,FP,4460.0,-2.93017578125,False,0.0006565587329040445,
2023-09-06,FP,4500.0,37.06982421875,True,0.00830616271343776,
2023-09-06,FP,4475.0,12.06982421875,True,0.0027044618094740347,
2023-09-06,FN,4485.0,22.06982421875,False,0.004945158958435059,13.0
2023-09-06,FN,4525.0,62.06982421875,True,0.013907909393310547,11.0
2023-09-06,FN,4530.0,67.06982421875,False,0.015028238296508789,19.0
2023-09-06,FN,4410.0,-52.93017578125,False,0.0118599534034729,24.0
2023-09-06,FN,4415.0,-47.93017578125,False,0.010739624500274658,14.0
2023-09-07,FP,4450.0,-2.830078125,True,0.0006355684082586244,
2023-09-07,FP,4550.0,97.169921875,True,0.021822059267960325,
2023-09-07,FP,4455.0,2.169921875,False,0.0004873129755522676,
2023-09-07,FP,4460.0,7.169921875,False,0.0016101943593633816,
2023-09-07,FP,4475.0,22.169921875,True,0.0049788385107960575,
2023-09-07,FP,4445.0,-7.830078125,False,0.0017584497920695163,
2023-09-07,FN,4420.0,-32.830078125,False,0.007372856140136719,16.0
2023-09-07,FN,4490.0,37.169921875,False,0.008347511291503906,12.0
2023-09-07,FN,4430.0,-22.830078125,False,0.005127072334289551,20.0
2023-09-07,FN,4465.0,12.169921875,False,0.0027331113815307617,15.0
2023-09-07,FN,4410.0,-42.830078125,False,0.009618639945983887,21.0
2023-09-07,FN,4415.0,-37.830078125,False,0.008495748043060303,18.0
2023-09-08,FP,4450.0,-3.27978515625,True,0.0007364875584916497,
2023-09-08,FP,4455.0,1.72021484375,False,0.0003862804330156955,
2023-09-08,FP,4460.0,6.72021484375,False,0.0015090484245230407,
2023-09-08,FP,4440.0,-13.27978515625,False,0.00298202354150634,
2023-09-08,FP,4445.0,-8.27978515625,False,0.001859255549998995,
2023-09-08,FN,4515.0,61.72021484375,False,0.01385951042175293,22.0
2023-09-08,FN,4420.0,-33.27978515625,False,0.007473111152648926,12.0
2023-09-08,FN,4430.0,-23.27978515625,False,0.005227565765380859,20.0
2023-09-08,FN,4465.0,11.72021484375,False,0.0026317834854125977,18.0
2023-09-08,FN,4435.0,-18.27978515625,False,0.004104793071746826,17.0
2023-09-11,FP,4480.0,-6.580078125,False,0.0014666133247196456,
2023-09-11,FP,4450.0,-36.580078125,True,0.008153220824777319,
2023-09-11,FP,4485.0,-1.580078125,False,0.00035217874137671856,
2023-09-11,FP,4490.0,3.419921875,False,0.0007622558419662084,
2023-09-11,FN,4465.0,-21.580078125,False,0.004809916019439697,16.0
2023-09-11,FN,4530.0,43.419921875,False,0.009677767753601074,11.0
2023-09-11,FN,4540.0,53.419921875,False,0.011906623840332031,20.0
2023-09-11,FN,4430.0,-56.580078125,False,0.012610971927642822,26.0
2023-09-12,FP,4485.0,22.330078125,False,0.005003748544238684,
2023-09-12,FP,4455.0,-7.669921875,False,0.0017186845563916808,
2023-09-12,FP,4460.0,-2.669921875,False,0.0005982790396199533,
2023-09-12,FP,4465.0,2.330078125,False,0.0005221264771517742,
2023-09-12,FP,4500.0,37.330078125,True,0.008364965094553867,
2023-09-12,FP,4470.0,7.330078125,False,0.0016425319939235017,
2023-09-12,FN,4515.0,52.330078125,False,0.011726140975952148,20.0
2023-09-12,FN,4420.0,-42.669921875,False,0.009561538696289062,12.0
2023-09-12,FN,4490.0,27.330078125,False,0.006124138832092285,11.0
2023-09-12,FN,4435.0,-27.669921875,False,0.006200313568115234,17.0
2023-09-12,FN,4410.0,-52.669921875,False,0.011802315711975098,23.0
2023-09-12,FN,4415.0,-47.669921875,False,0.01068192720413208,15.0
2023-09-13,FP,4480.0,15.08984375,False,0.003379652271138678,
2023-09-13,FP,4485.0,20.08984375,False,0.0044994956330484115,
2023-09-13,FP,4460.0,-4.91015625,False,0.0010997211765004788,
2023-09-13,FP,4465.0,0.08984375,False,2.012218540925481e-05,
2023-09-13,FP,4470.0,5.08984375,False,0.0011399655473189885,
2023-09-13,FP,4475.0,10.08984375,True,0.002259808909228722,
2023-09-13,FN,4515.0,50.08984375,False,0.011218547821044922,20.0
2023-09-13,FN,4420.0,-44.91015625,False,0.010058462619781494,13.0
2023-09-13,FN,4425.0,-39.91015625,True,0.008938610553741455,11.0
2023-09-13,FN,4440.0,-24.91015625,False,0.005579113960266113,12.0
2023-09-13,FN,4445.0,-19.91015625,False,0.004459261894226074,14.0
2023-09-13,FN,4415.0,-49.91015625,False,0.011178314685821533,18.0
2023-09-14,FP,4515.0,8.740234375,False,0.0019395762405161054,
2023-09-14,FP,4485.0,-21.259765625,False,0.004717829581679989,
2023-09-14,FP,4520.0,13.740234375,False,0.0030491438775488433,
2023-09-14,FP,4490.0,-16.259765625,False,0.003608261944647362,
2023-09-14,FP,4510.0,3.740234375,False,0.0008300086034833676,
2023-09-14,FN,4545.0,38.740234375,False,0.008597016334533691,17.0
2023-09-14,FN,4450.0,-56.259765625,True,0.01248478889465332,11.0
2023-09-14,FN,4460.0,-46.259765625,False,0.010265648365020752,20.0
2023-09-14,FN,4535.0,28.740234375,False,0.006377816200256348,13.0
2023-09-14,FN,4540.0,33.740234375,False,0.0074874162673950195,14.0
2023-09-15,FP,4550.0,101.0,True,0.022701730726005787,
2023-09-15,FP,4455.0,6.0,False,0.0013486176668915384,
2023-09-15,FP,4525.0,76.0,True,0.017082490447291487,
2023-09-15,FP,4440.0,-9.0,False,0.0020229265003371966,
2023-09-15,FP,4475.0,26.0,True,0.005844009889862889,
2023-09-15,FN,4480.0,31.0,False,0.006967902183532715,14.0
2023-09-15,FN,4390.0,-59.0,False,0.013261377811431885,19.0
2023-09-15,FN,4410.0,-39.0,False,0.008765995502471924,29.0
2023-09-15,FN,4510.0,61.0,False,0.013710975646972656,23.0
2023-09-15,FN,4415.0,-34.0,False,0.007642149925231934,18.0
2023-09-18,FP,4550.0,100.60986328125,True,0.022612056976295092,
2023-09-18,FP,4455.0,5.60986328125,False,0.0012608162262406353,
2023-09-18,FP,4425.0,-24.39013671875,True,0.005481680852723936,
2023-09-18,FP,4525.0,75.60986328125,True,0.016993309410491264,
2023-09-18,FP,4470.0,20.60986328125,False,0.004632064765722976,
2023-09-18,FN,4515.0,65.60986328125,False,0.014745831489562988,23.0
2023-09-18,FN,4390.0,-59.39013671875,False,0.013347923755645752,19.0
2023-09-18,FN,4460.0,10.60986328125,False,0.0023845434188842773,11.0
2023-09-18,FN,4410.0,-39.39013671875,False,0.008852958679199219,29.0
2023-09-18,FN,4415.0,-34.39013671875,False,0.007729172706604004,16.0
2023-09-19,FP,4550.0,103.47998046875,True,0.023272127419693645,
2023-09-19,FP,4455.0,8.47998046875,False,0.001907104979062657,
2023-09-19,FP,4425.0,-21.52001953125,True,0.004839744212715491,
2023-09-19,FP,4525.0,78.47998046875,True,0.017649753093211817,
2023-09-19,FP,4500.0,53.47998046875,True,0.01202737876672999,
2023-09-19,FP,4470.0,23.47998046875,False,0.005280529574951842,
2023-09-19,FP,4440.0,-6.52001953125,False,0.001466319616826417,
2023-09-19,FN,4385.0,-61.52001953125,False,0.013835549354553223,38.0
2023-09-19,FN,4390.0,-56.52001953125,False,0.012711048126220703,20.0
2023-09-19,FN,4490.0,43.47998046875,False,0.009778380393981934,17.0
2023-09-19,FN,4435.0,-11.52001953125,False,0.002590775489807129,12.0
2023-09-19,FN,4410.0,-36.52001953125,False,0.008213162422180176,29.0
2023-09-19,FN,4380.0,-66.52001953125,False,0.014959990978240967,33.0
2023-09-19,FN,4415.0,-31.52001953125,False,0.007088720798492432,16.0
2023-09-20,FP,4500.0,91.22998046875,True,0.020692841782309568,
2023-09-20,FP,4420.0,11.22998046875,False,0.0025471912617351933,
2023-09-20,FP,4405.0,-3.77001953125,False,0.0008551182108724742,
2023-09-20,FN,4360.0,-48.77001953125,False,0.011062026023864746,22.0
2023-09-20,FN,4440.0,31.22998046875,False,0.0070836544036865234,19.0
2023-09-20,FN,4340.0,-68.77001953125,False,0.015598475933074951,35.0
2023-09-21,FP,4000.0,-340.0,True,0.07834101382488479,
2023-09-21,FP,4450.0,110.0,True,0.025345622119815614,
2023-09-21,FP,4200.0,-140.0,True,0.032258064516129004,
2023-09-21,FP,4335.0,-5.0,False,0.0011520737327188613,
2023-09-21,FP,4500.0,160.0,True,0.03686635944700467,
2023-09-21,FP,4345.0,5.0,False,0.0011520737327188613,
2023-09-21,FP,4350.0,10.0,True,0.0023041474654377225,
2023-09-21,FN,4290.0,-50.0,False,0.011520743370056152,37.0
2023-09-21,FN,4325.0,-15.0,True,0.0034562349319458008,13.0
2023-09-21,FN,4390.0,50.0,False,0.011520743370056152,20.0
2023-09-21,FN,4360.0,20.0,False,0.004608273506164551,17.0
2023-09-21,FN,4270.0,-70.0,False,0.016129016876220703,39.0
2023-09-21,FN,4315.0,-25.0,False,0.005760371685028076,11.0
2023-09-21,FN,4380.0,40.0,False,0.009216547012329102,22.0
2023-09-22,FP,4320.0,-8.27978515625,False,0.001912950540915892,
2023-09-22,FP,4450.0,121.72021484375,True,0.0281220764103991,
2023-09-22,FP,4200.0,-128.27978515625,True,0.029637590803668235,
2023-09-22,FP,4330.0,1.72021484375,False,0.00039743614764686797,
2023-09-22,FP,4335.0,6.72021484375,False,0.001552629491928137,
2023-09-22,FP,4400.0,71.72021484375,True,0.016570142967585744,
2023-09-22,FP,4500.0,171.72021484375,True,0.03967400985321268,
2023-09-22,FN,4290.0,-38.27978515625,False,0.008844137191772461,23.0
2023-09-22,FN,4360.0,31.72021484375,False,0.007328629493713379,20.0
2023-09-22,FN,4270.0,-58.27978515625,False,0.013464868068695068,35.0
2023-09-22,FN,4275.0,-53.27978515625,True,0.012309670448303223,17.0
2023-09-22,FN,4340.0,11.72021484375,False,0.002707839012145996,15.0
2023-09-22,FN,4375.0,46.72021484375,True,0.01079416275024414,12.0
2023-09-22,FN,4250.0,-78.27978515625,True,0.01808565855026245,11.0
2023-09-25,FP,4450.0,120.43994140625,True,0.027818055362735628,
2023-09-25,FP,4200.0,-129.56005859375,True,0.02992453201719336,
2023-09-25,FP,4330.0,0.43994140625,False,0.00010161342036973942,
2023-09-25,FP,4335.0,5.43994140625,False,0.0012564651679682903,
2023-09-25,FP,4500.0,170.43994140625,True,0.03936657283872136,
2023-09-25,FP,4250.0,-79.56005859375,True,0.01837601454120752,
2023-09-25,FP,4350.0,20.43994140625,True,0.004721020410764165,
2023-09-25,FN,4290.0,-39.56005859375,False,0.009137213230133057,23.0
2023-09-25,FN,4270.0,-59.56005859375,False,0.013756632804870605,36.0
2023-09-25,FN,4275.0,-54.56005859375,True,0.012601733207702637,16.0
2023-09-25,FN,4340.0,10.43994140625,False,0.002411365509033203,13.0
2023-09-25,FN,4310.0,-19.56005859375,False,0.004517793655395508,20.0
2023-09-25,FN,4280.0,-49.56005859375,False,0.011446893215179443,35.0
2023-09-25,FN,4315.0,-14.56005859375,False,0.0033629536628723145,12.0
2023-09-26,FP,4000.0,-271.2099609375,True,0.06349722055760787,
2023-09-26,FP,4250.0,-21.2099609375,True,0.004965796842458348,
2023-09-26,FP,4450.0,178.7900390625,True,0.04185934212966136,
2023-09-26,FP,4400.0,128.7900390625,True,0.03015305738663132,
2023-09-26,FN,4280.0,8.7900390625,False,0.0020580291748046875,12.0
2023-09-26,FN,4225.0,-46.2099609375,True,0.010818958282470703,14.0
2023-09-26,FN,4290.0,18.7900390625,False,0.0043991804122924805,21.0
2023-09-26,FN,4315.0,43.7900390625,False,0.01025235652923584,17.0
2023-09-27,FP,4000.0,-266.490234375,True,0.06246123153591099,
2023-09-27,FP,4250.0,-16.490234375,True,0.003865058506905439,
2023-09-27,FP,4260.0,-6.490234375,False,0.0015212115857452524,
2023-09-27,FP,4100.0,-166.490234375,True,0.03902276232430879,
2023-09-27,FN,4360.0,93.509765625,False,0.021917223930358887,30.0
2023-09-27,FN,4225.0,-41.490234375,True,0.009724676609039307,11.0
2023-09-27,FN,4290.0,23.509765625,False,0.0055103302001953125,18.0
2023-09-27,FN,4315.0,48.509765625,False,0.011369943618774414,16.0
2023-09-28,FP,4000.0,-300.169921875,True,0.06980420014289046,
2023-09-28,FP,4290.0,-10.169921875,False,0.002365004653249958,
2023-09-28,FP,4450.0,149.830078125,True,0.03484282734103439,
2023-09-28,FP,4400.0,99.830078125,True,0.023215379842820516,
2023-09-28,FP,4210.0,-90.169921875,False,0.02096892065039213,
2023-09-28,FP,4275.0,-25.169921875,True,0.005853238902714164,
2023-09-28,FN,4225.0,-75.169921875,True,0.017480671405792236,16.0
2023-09-28,FN,4270.0,-30.169921875,False,0.007016003131866455,22.0
2023-09-28,FN,4240.0,-60.169921875,False,0.01399242877960205,25.0
2023-09-28,FN,4215.0,-85.169921875,False,0.0198061466217041,29.0
2023-09-28,FN,4280.0,-20.169921875,False,0.0046904683113098145,19.0
2023-09-28,FN,4315.0,14.830078125,False,0.0034487247467041016,11.0
2023-09-29,FP,4000.0,-284.89013671875,True,0.06648715080870449,
2023-09-29,FP,4450.0,165.10986328125,True,0.03853304472531627,
2023-09-29,FP,4400.0,115.10986328125,True,0.026864134110424986,
2023-09-29,FP,4280.0,-4.89013671875,False,0.0011412513653138445,
2023-09-29,FP,4250.0,-34.89013671875,True,0.008142597734248525,
2023-09-29,FP,4285.0,0.10986328125,False,2.5639696175305815e-05,
2023-09-29,FP,4350.0,65.10986328125,True,0.015195223495533927,
2023-09-29,FN,4225.0,-59.89013671875,True,0.01397705078125,16.0
2023-09-29,FN,4325.0,40.10986328125,True,0.009360790252685547,12.0
2023-09-29,FN,4360.0,75.10986328125,False,0.017529010772705078,26.0
2023-09-29,FN,4235.0,-49.89013671875,False,0.011643290519714355,38.0
2023-09-29,FN,4270.0,-14.89013671875,False,0.003475010395050049,11.0
2023-09-29,FN,4335.0,50.10986328125,False,0.011694550514221191,32.0
2023-09-29,FN,4340.0,55.10986328125,False,0.012861490249633789,24.0
2023-10-02,FP,4000.0,-277.60009765625,True,0.06489622482670843,
2023-10-02,FP,4300.0,22.39990234375,True,0.005236558311288331,
2023-10-02,FP,4400.0,122.39990234375,True,0.02861415269062073,
2023-10-02,FP,4280.0,2.39990234375,False,0.0005610394354220727,
2023-10-02,FP,4285.0,7.39990234375,False,0.0017299191543884707,
2023-10-02,FN,4225.0,-52.60009765625,True,0.012296617031097412,16.0
2023-10-02,FN,4325.0,47.39990234375,True,0.01108098030090332,11.0
2023-10-02,FN,4235.0,-42.60009765625,False,0.009958863258361816,32.0
2023-10-02,FN,4335.0,57.39990234375,False,0.01341867446899414,28.0
2023-10-02,FN,4340.0,62.39990234375,False,0.014587640762329102,17.0
2023-10-03,FP,4000.0,-224.9599609375,True,0.05324546576000744,
2023-10-03,FP,4100.0,-124.9599609375,True,0.029576602404007613,
2023-10-03,FP,4230.0,5.0400390625,False,0.0011929199587921158,
2023-10-03,FP,4400.0,175.0400390625,True,0.04142998766399186,
2023-10-03,FP,4215.0,-9.9599609375,False,0.002357409544607836,
2023-10-03,FP,4350.0,125.0400390625,True,0.02959555598599195,
2023-10-03,FN,4160.0,-64.9599609375,False,0.015375256538391113,24.0
2023-10-03,FN,4290.0,65.0400390625,False,0.015394210815429688,13.0
2023-10-03,FN,4235.0,10.0400390625,False,0.0023763179779052734,19.0
2023-10-03,FN,4270.0,45.0400390625,False,0.010660409927368164,16.0
2023-10-03,FN,4275.0,50.0400390625,True,0.01184391975402832,11.0
2023-10-03,FN,4315.0,90.0400390625,False,0.021311402320861816,25.0
2023-10-04,FP,4000.0,-262.91015625,True,0.06167386752557713,
2023-10-04,FP,4260.0,-2.91015625,False,0.0006826689147396703,
2023-10-04,FP,4265.0,2.08984375,False,0.0004902387508534112,
2023-10-04,FP,4300.0,37.08984375,True,0.008700592410004537,
2023-10-04,FP,4400.0,137.08984375,True,0.032158745721865056,
2023-10-04,FP,4350.0,87.08984375,True,0.020429669065934908,
2023-10-04,FN,4225.0,-37.91015625,True,0.008893013000488281,13.0
2023-10-04,FN,4210.0,-52.91015625,False,0.012411773204803467,32.0
2023-10-04,FN,4340.0,77.08984375,False,0.018083810806274414,19.0
2023-10-04,FN,4310.0,47.08984375,False,0.011046409606933594,22.0
2023-10-04,FN,4280.0,17.08984375,False,0.0040090084075927734,14.0
2023-10-04,FN,4315.0,52.08984375,False,0.01221930980682373,20.0
2023-10-05,FP,4000.0,-263.35986328125,True,0.06177284388997317,
2023-10-05,FP,4260.0,-3.35986328125,False,0.0007880787428213853,
2023-10-05,FP,4265.0,1.64013671875,False,0.000384705202316038,
2023-10-05,FP,4400.0,136.64013671875,True,0.03204987172102958,
2023-10-05,FP,4275.0,11.64013671875,True,0.0027302730925911067,
2023-10-05,FP,4250.0,-13.35986328125,True,0.003133646633096454,
2023-10-05,FP,4350.0,86.64013671875,True,0.020322032269654233,
2023-10-05,FN,4225.0,-38.35986328125,True,0.008997559547424316,13.0
2023-10-05,FN,4290.0,26.64013671875,False,0.006248593330383301,14.0
2023-10-05,FN,4325.0,61.64013671875,True,0.014458060264587402,11.0
2023-10-05,FN,4230.0,-33.35986328125,False,0.00782477855682373,23.0
2023-10-05,FN,4180.0,-83.35986328125,False,0.019552648067474365,47.0
2023-10-05,FN,4310.0,46.64013671875,False,0.010939717292785645,22.0
2023-10-05,FN,4190.0,-73.35986328125,False,0.017207026481628418,45.0
2023-10-06,FP,4320.0,2.2900390625,False,0.0005303827916229853,
2023-10-06,FP,4300.0,-17.7099609375,True,0.00410170231389384,
2023-10-06,FP,4400.0,82.2900390625,True,0.019058723213690065,
2023-10-06,FP,4500.0,182.2900390625,True,0.04221914874127375,
2023-10-06,FP,4310.0,-7.7099609375,False,0.0017856597611355385,
2023-10-06,FP,4250.0,-67.7099609375,True,0.015681915077685793,
2023-10-06,FN,4290.0,-27.7099609375,False,0.006417751312255859,16.0
2023-10-06,FN,4260.0,-57.7099609375,False,0.013365864753723145,27.0
2023-10-06,FN,4270.0,-47.7099609375,False,0.011049807071685791,21.0
2023-10-06,FN,4370.0,52.2900390625,False,0.012110590934753418,25.0
2023-10-06,FN,4280.0,-37.7099609375,False,0.008733808994293213,15.0
2023-10-06,FN,4380.0,62.2900390625,False,0.014426589012145996,26.0
2023-10-09,FP,4320.0,-10.35986328125,False,0.0023923792960246493,
2023-10-09,FP,4325.0,-5.35986328125,True,0.0012377408461357042,
2023-10-09,FP,4335.0,4.64013671875,False,0.0010715360536419638,
2023-10-09,FP,4500.0,169.64013671875,True,0.039174604899974375,
2023-10-09,FP,4250.0,-80.35986328125,True,0.01855731759446866,
2023-10-09,FP,4350.0,19.64013671875,True,0.004535451403308466,
2023-10-09,FN,4290.0,-40.35986328125,False,0.009320199489593506,15.0
2023-10-09,FN,4260.0,-70.35986328125,False,0.016248047351837158,30.0
2023-10-09,FN,4270.0,-60.35986328125,False,0.0139387845993042,19.0
2023-10-09,FN,4370.0,39.64013671875,False,0.009153962135314941,20.0
2023-10-09,FN,4275.0,-55.35986328125,True,0.012784123420715332,11.0
2023-10-09,FN,4345.0,14.64013671875,False,0.0033807754516601562,23.0
2023-10-10,FP,4450.0,88.16015625,True,0.02021169034354231,
2023-10-10,FP,4355.0,-6.83984375,False,0.0015681097873871952,
2023-10-10,FP,4325.0,-36.83984375,True,0.008445941407680735,
2023-10-10,FP,4360.0,-1.83984375,False,0.0004218045173383089,
2023-10-10,FP,4300.0,-61.83984375,True,0.014177467757925388,
2023-10-10,FP,4365.0,3.16015625,False,0.0007245007527105773,
2023-10-10,FP,4500.0,138.16015625,True,0.03167474304403162,
2023-10-10,FP,4375.0,13.16015625,True,0.00301711129280835,
2023-10-10,FN,4390.0,28.16015625,False,0.00645601749420166,18.0
2023-10-10,FN,4425.0,63.16015625,True,0.014480113983154297,11.0
2023-10-10,FN,4330.0,-31.83984375,False,0.007299661636352539,16.0
2023-10-10,FN,4430.0,68.16015625,False,0.01562643051147461,27.0
2023-10-10,FN,4405.0,43.16015625,False,0.009894967079162598,33.0
2023-10-10,FN,4310.0,-51.83984375,False,0.011884868144989014,24.0
2023-10-10,FN,4315.0,-46.83984375,False,0.010738551616668701,31.0
2023-10-10,FN,4380.0,18.16015625,False,0.004163384437561035,14.0
2023-10-11,FP,4360.0,-14.259765625,False,0.003259926567932725,
2023-10-11,FP,4300.0,-74.259765625,True,0.016976533083052914,
2023-10-11,FP,4400.0,25.740234375,True,0.005884477775480734,
2023-10-11,FP,4370.0,-4.259765625,False,0.0009738254820793601,
2023-10-11,FP,4500.0,125.740234375,True,0.028745488634014382,
2023-10-11,FN,4420.0,45.740234375,False,0.010456681251525879,14.0
2023-10-11,FN,4390.0,15.740234375,False,0.003598332405090332,16.0
2023-10-11,FN,4395.0,20.740234375,False,0.0047414302825927734,18.0
2023-10-11,FN,4430.0,55.740234375,False,0.012742757797241211,22.0
2023-10-11,FN,4310.0,-64.259765625,False,0.01469045877456665,30.0
2023-10-12,FP,4355.0,4.490234375,False,0.0010321168361646649,
2023-10-12,FP,4360.0,9.490234375,False,0.002181407441028238,
2023-10-12,FP,4425.0,74.490234375,True,0.017122185304254467,
2023-10-12,FP,4500.0,149.490234375,True,0.03436154437720784,
2023-10-12,FP,4345.0,-5.509765625,False,0.0012664643735625924,
2023-10-12,FP,4350.0,-0.509765625,True,0.0001171737686990193,
2023-10-12,FN,4320.0,-30.509765625,False,0.007012903690338135,17.0
2023-10-12,FN,4290.0,-60.509765625,False,0.013908684253692627,19.0
2023-10-12,FN,4330.0,-20.509765625,False,0.004714310169219971,14.0
2023-10-12,FN,4310.0,-40.509765625,False,0.009311497211456299,22.0
2023-10-12,FN,4280.0,-70.509765625,False,0.016207218170166016,18.0
2023-10-12,FN,4315.0,-35.509765625,False,0.008162200450897217,27.0
2023-10-13,FP,4320.0,-0.2900390625,False,6.713416457637678e-05,
2023-10-13,FP,4330.0,9.7099609375,False,0.002247525247079718,
2023-10-13,FP,4400.0,79.7099609375,True,0.01845014112867216,
2023-10-13,FP,4310.0,-10.2900390625,False,0.0023817935762324716,
2023-10-13,FP,4250.0,-70.2900390625,True,0.016269750046168818,
2023-10-13,FP,4315.0,-5.2900390625,False,0.0012244638704044242,
2023-10-13,FP,4350.0,29.7099609375,True,0.006876844070391908,
2023-10-13,FN,4290.0,-30.2900390625,False,0.007011115550994873,18.0
2023-10-13,FN,4395.0,74.7099609375,False,0.01729285717010498,33.0
2023-10-13,FN,4270.0,-50.2900390625,False,0.011640429496765137,19.0
2023-10-13,FN,4335.0,14.7099609375,False,0.003404855728149414,12.0
2023-10-13,FN,4340.0,19.7099609375,False,0.0045621395111083984,14.0
2023-10-13,FN,4280.0,-40.2900390625,False,0.009325742721557617,16.0
2023-10-13,FN,4380.0,59.7099609375,False,0.013820767402648926,25.0
2023-10-16,FP,4365.0,-10.2099609375,False,0.0023335933654969887,
2023-10-16,FP,4400.0,24.7900390625,True,0.005666022724355901,
2023-10-16,FP,4500.0,124.7900390625,True,0.028522068695364,
2023-10-16,FP,4380.0,4.7900390625,False,0.0010948135301542816,
2023-10-16,FP,4350.0,-25.2099609375,True,0.005762000261148148,
2023-10-16,FN,4320.0,-55.2099609375,False,0.012618839740753174,24.0
2023-10-16,FN,4360.0,-15.2099609375,False,0.003476381301879883,12.0
2023-10-16,FN,4430.0,54.7900390625,False,0.01252281665802002,23.0
2023-10-16,FN,4335.0,-40.2099609375,False,0.009190380573272705,17.0
2023-10-16,FN,4410.0,34.7900390625,False,0.007951617240905762,20.0
2023-10-17,FP,4370.0,7.93994140625,False,0.0018202274383194439,
2023-10-17,FP,4365.0,2.93994140625,False,0.0006739800385044958,
2023-10-17,FP,4250.0,-112.06005859375,True,0.025689710157240753,
2023-10-17,FN,4320.0,-42.06005859375,False,0.009642243385314941,19.0
2023-10-17,FN,4390.0,27.93994140625,False,0.006405234336853027,18.0
2023-10-17,FN,4415.0,52.93994140625,False,0.012136459350585938,30.0
2023-10-18,FP,4320.0,12.64990234375,False,0.002936817778204981,
2023-10-18,FP,4325.0,17.64990234375,True,0.004097624280263057,
2023-10-18,FP,4200.0,-107.35009765625,True,0.02492253827118951,
2023-10-18,FP,4400.0,92.64990234375,True,0.02150972181113464,
2023-10-18,FP,4310.0,2.64990234375,False,0.0006152047740888289,
2023-10-18,FP,4250.0,-57.35009765625,True,0.013314473250608527,
2023-10-18,FN,4260.0,-47.35009765625,False,0.010992884635925293,24.0
2023-10-18,FN,4230.0,-77.35009765625,False,0.017957687377929688,37.0
2023-10-18,FN,4390.0,82.64990234375,False,0.01918816566467285,31.0
2023-10-18,FN,4270.0,-37.35009765625,False,0.008671224117279053,19.0
2023-10-18,FN,4340.0,32.64990234375,False,0.0075800418853759766,17.0
2023-10-18,FN,4280.0,-27.35009765625,False,0.006349623203277588,14.0
2023-10-19,FP,4450.0,179.18994140625,True,0.04195689785961876,
2023-10-19,FP,4260.0,-10.81005859375,False,0.002531149464724547,
2023-10-19,FP,4350.0,79.18994140625,True,0.018542136109964247,
2023-10-19,FN,4290.0,19.18994140625,False,0.004493236541748047,11.0
2023-10-19,FN,4340.0,69.18994140625,False,0.016200661659240723,17.0
2023-10-19,FN,4335.0,64.18994140625,False,0.0150299072265625,32.0
2023-10-20,FP,4000.0,-228.080078125,True,0.05394412449873587,
2023-10-20,FP,4230.0,1.919921875,False,0.0004540883425867559,
2023-10-20,FP,4235.0,6.919921875,False,0.0016366581869633468,
2023-10-20,FP,4240.0,11.919921875,False,0.0028192280313399376,
2023-10-20,FP,4350.0,121.919921875,True,0.028835764607624714,
2023-10-20,FN,4290.0,61.919921875,False,0.014644980430603027,23.0
2023-10-20,FN,4260.0,31.919921875,False,0.0075495243072509766,21.0
2023-10-20,FN,4270.0,41.919921875,False,0.009914636611938477,19.0
2023-10-20,FN,4180.0,-48.080078125,False,0.011371612548828125,27.0
2023-10-20,FN,4280.0,51.919921875,False,0.012279748916625977,16.0
2023-10-23,FP,4000.0,-223.89013671875,True,0.053005672371174595,
2023-10-23,FP,4100.0,-123.89013671875,True,0.029330814180454023,
2023-10-23,FP,4325.0,101.10986328125,True,0.023937616748667345,
2023-10-23,FP,4230.0,6.10986328125,False,0.0014465014674829302,
2023-10-23,FP,4350.0,126.10986328125,True,0.02985633129634757,
2023-10-23,FN,4290.0,66.10986328125,False,0.015651464462280273,22.0
2023-10-23,FN,4270.0,46.10986328125,False,0.010916471481323242,18.0
2023-10-23,FN,4175.0,-48.89013671875,True,0.01157468557357788,11.0
2023-10-23,FN,4180.0,-43.89013671875,False,0.010390937328338623,26.0
2023-10-23,FN,4280.0,56.10986328125,False,0.013283967971801758,15.0
2023-10-24,FP,4000.0,-251.56982421875,True,0.059171043783804556,
2023-10-24,FP,4260.0,8.43017578125,False,0.001982838370248041,
2023-10-24,FP,4100.0,-151.56982421875,True,0.03565031987839973,
2023-10-24,FP,4150.0,-101.56982421875,True,0.02388995792569726,
2023-10-24,FP,4350.0,98.43017578125,True,0.02315148988511262,
2023-10-24,FP,4255.0,3.43017578125,False,0.0008068021749778609,
2023-10-24,FN,4290.0,38.43017578125,False,0.009039044380187988,13.0
2023-10-24,FN,4330.0,78.43017578125,False,0.018447399139404297,21.0
2023-10-24,FN,4270.0,18.43017578125,False,0.004334926605224609,12.0
2023-10-24,FN,4180.0,-71.56982421875,False,0.016833722591400146,30.0
2023-10-24,FN,4220.0,-31.56982421875,False,0.007425427436828613,19.0
2023-10-24,FN,4190.0,-61.56982421875,False,0.014481663703918457,32.0
2023-10-25,FP,4000.0,-190.259765625,True,0.04540524365238763,
2023-10-25,FP,4190.0,-0.259765625,False,6.199272587603666e-05,
2023-10-25,FP,4300.0,109.740234375,True,0.026189363073683358,
2023-10-25,FP,4185.0,-5.259765625,False,0.0012552361713106253,
2023-10-25,FP,4250.0,59.740234375,True,0.014256928619338138,
2023-10-25,FP,4350.0,159.740234375,True,0.038121797528028356,
2023-10-25,FN,4260.0,69.740234375,False,0.016643404960632324,21.0
2023-10-25,FN,4270.0,79.740234375,False,0.019029855728149414,26.0
2023-10-25,FN,4275.0,84.740234375,True,0.020223140716552734,13.0
2023-10-25,FN,4180.0,-10.259765625,False,0.0024484992027282715,19.0
2023-10-25,FN,4220.0,29.740234375,False,0.007097482681274414,15.0
2023-10-25,FN,4125.0,-65.259765625,True,0.015574157238006592,16.0
2023-10-26,FP,4000.0,-151.1298828125,True,0.03640692704852333,
2023-10-26,FP,4130.0,-21.1298828125,False,0.005090152177600338,
2023-10-26,FP,4300.0,148.8701171875,True,0.035862553422837395,
2023-10-26,FP,4140.0,-11.1298828125,False,0.0026811694952216802,
2023-10-26,FP,4250.0,98.8701171875,True,0.023817640010943997,
2023-10-26,FN,4225.0,73.8701171875,True,0.017795205116271973,17.0
2023-10-26,FN,4075.0,-76.1298828125,True,0.018339574337005615,27.0
2023-10-26,FN,4050.0,-101.1298828125,True,0.024362027645111084,14.0
2023-10-26,FN,4180.0,28.8701171875,False,0.006954789161682129,20.0
2023-10-26,FN,4055.0,-96.1298828125,False,0.02315753698348999,91.0
2023-10-27,FP,4000.0,-116.47021484375,True,0.028293710087775037,
2023-10-27,FP,4130.0,13.52978515625,False,0.00328674433437226,
2023-10-27,FP,4120.0,3.52978515625,False,0.000857478609591622,
2023-10-27,FP,4250.0,133.52978515625,True,0.03243793303173903,
2023-10-27,FP,4095.0,-21.47021484375,False,0.00521568570235964,
2023-10-27,FN,4160.0,43.52978515625,False,0.010574579238891602,21.0
2023-10-27,FN,4140.0,23.52978515625,False,0.00571596622467041,13.0
2023-10-27,FN,4175.0,58.52978515625,True,0.014218449592590332,12.0
2023-10-27,FN,4055.0,-61.47021484375,False,0.014932751655578613,41.0
2023-10-27,FN,4190.0,73.52978515625,False,0.017862319946289062,30.0
2023-10-30,FP,4000.0,-173.18994140625,True,0.04150061316113729,
2023-10-30,FP,4165.0,-8.18994140625,False,0.001962513454034198,
2023-10-30,FP,4170.0,-3.18994140625,False,0.0007643892204856062,
2023-10-30,FP,4180.0,6.81005859375,False,0.0016318592466115778,
2023-10-30,FP,4250.0,76.81005859375,True,0.018405598516291644,
2023-10-30,FN,4140.0,-33.18994140625,False,0.007953107357025146,16.0
2023-10-30,FN,4110.0,-63.18994140625,False,0.015141904354095459,32.0
2023-10-30,FN,4220.0,46.81005859375,False,0.011216878890991211,17.0
2023-10-30,FN,4125.0,-48.18994140625,True,0.011547505855560303,12.0
2023-10-30,FN,4190.0,16.81005859375,False,0.0040280818939208984,15.0
2023-10-31,FP,4000.0,-190.02978515625,True,0.045352848285102,
2023-10-31,FP,4195.0,4.97021484375,False,0.0011862003609992566,
2023-10-31,FP,4200.0,9.97021484375,True,0.0023795093006429013,
2023-10-31,FP,4300.0,109.97021484375,True,0.02624568809351535,
2023-10-31,FP,4175.0,-15.02978515625,True,0.003587035397575211,
2023-10-31,FP,4185.0,-5.02978515625,False,0.0012004175182880328,
2023-10-31,FP,4350.0,159.97021484375,True,0.038178777489951576,
2023-10-31,FN,4160.0,-30.02978515625,False,0.0071669816970825195,18.0
2023-10-31,FN,4225.0,34.97021484375,True,0.008346080780029297,11.0
2023-10-31,FN,4260.0,69.97021484375,False,0.01669919490814209,24.0
2023-10-31,FN,4230.0,39.97021484375,False,0.009539365768432617,17.0
2023-10-31,FN,4120.0,-70.02978515625,False,0.016713440418243408,31.0
2023-10-31,FN,4220.0,29.97021484375,False,0.0071527957916259766,23.0
2023-10-31,FN,4125.0,-65.02978515625,True,0.015520095825195312,13.0
2023-11-01,FP,4000.0,-240.009765625,True,0.05660594642277228,
2023-11-01,FP,4230.0,-10.009765625,False,0.0023607883420816433,
2023-11-01,FP,4235.0,-5.009765625,False,0.0011815457751102043,
2023-11-01,FP,4150.0,-90.009765625,True,0.021228669413626222,
2023-11-01,FP,4350.0,109.990234375,True,0.025941033265235225,
2023-11-01,FN,4270.0,29.990234375,False,0.007073163986206055,16.0
2023-11-01,FN,4175.0,-65.009765625,True,0.015332460403442383,13.0
2023-11-01,FN,4310.0,69.990234375,False,0.01650714874267578,25.0
2023-11-01,FN,4280.0,39.990234375,False,0.009431600570678711,19.0
2023-11-01,FN,4190.0,-50.009765625,False,0.011794745922088623,26.0
2023-11-02,FP,4320.0,5.2998046875,False,0.001228313543837345,
2023-11-02,FP,4450.0,135.2998046875,True,0.031357869275480565,
2023-11-02,FP,4315.0,0.2998046875,False,6.948447723575946e-05,
2023-11-02,FP,4300.0,-14.7001953125,True,0.00340700272256933,
2023-11-02,FN,4280.0,-34.7001953125,False,0.008042335510253906,13.0
2023-11-02,FN,4265.0,-49.7001953125,False,0.011518776416778564,25.0
2023-11-02,FN,4330.0,15.2998046875,False,0.003545999526977539,11.0
2023-11-02,FN,4305.0,-9.7001953125,False,0.0022481679916381836,14.0
2023-11-03,FP,4450.0,87.1201171875,True,0.019968488596421974,
2023-11-03,FP,4360.0,-2.8798828125,False,0.0006600875774382953,
2023-11-03,FP,4365.0,2.1201171875,False,0.00048594443222049755,
2023-11-03,FP,4370.0,7.1201171875,False,0.0016319764418795124,
2023-11-03,FP,4500.0,137.1201171875,True,0.03142880869301101,
2023-11-03,FP,4350.0,-12.8798828125,True,0.002952151596756103,
2023-11-03,FN,4425.0,62.1201171875,True,0.014238357543945312,14.0
2023-11-03,FN,4330.0,-32.8798828125,False,0.00753629207611084,18.0
2023-11-03,FN,4310.0,-52.8798828125,False,0.012120425701141357,25.0
2023-11-03,FN,4410.0,47.1201171875,False,0.01080024242401123,17.0
2023-11-03,FN,4315.0,-47.8798828125,False,0.010974347591400146,22.0
2023-11-03,FN,4380.0,17.1201171875,False,0.003924012184143066,12.0
2023-11-06,FP,4360.0,-0.89990234375,False,0.00020635702811389045,
2023-11-06,FP,4450.0,89.10009765625,True,0.020431585143324105,
2023-11-06,FP,4365.0,4.10009765625,False,0.0009401953147436526,
2023-11-06,FP,4250.0,-110.89990234375,True,0.025430508570982613,
2023-11-06,FN,4385.0,24.10009765625,False,0.005526423454284668,18.0
2023-11-06,FN,4410.0,49.10009765625,False,0.011259198188781738,17.0
2023-11-06,FN,4420.0,59.10009765625,False,0.013552308082580566,23.0
2023-11-06,FN,4405.0,44.10009765625,False,0.010112643241882324,26.0
2023-11-07,FP,4450.0,66.509765625,True,0.015172787452207626,
2023-11-07,FP,4300.0,-83.490234375,True,0.01904651999000151,
2023-11-07,FP,4370.0,-13.490234375,False,0.003077509850303861,
2023-11-07,FP,4500.0,116.509765625,True,0.026579223266277374,
2023-11-07,FP,4350.0,-33.490234375,True,0.007640084175931761,
2023-11-07,FN,4420.0,36.509765625,False,0.008328914642333984,19.0
2023-11-07,FN,4325.0,-58.490234375,True,0.013343274593353271,12.0
2023-11-07,FN,4335.0,-48.490234375,False,0.011062026023864746,28.0
2023-11-07,FN,4410.0,26.509765625,False,0.006047606468200684,11.0
2023-11-07,FN,4415.0,31.509765625,False,0.007188320159912109,21.0
2023-11-08,FP,4500.0,112.89990234375,True,0.025734517068362495,
2023-11-08,FP,4450.0,62.89990234375,True,0.014337466878714178,
2023-11-08,FP,4300.0,-87.10009765625,True,0.019853683690231327,
2023-11-08,FP,4375.0,-12.10009765625,True,0.0027581084057586303,
2023-11-08,FN,4405.0,17.89990234375,False,0.00408017635345459,18.0
2023-11-08,FN,4420.0,32.89990234375,False,0.007499217987060547,13.0
2023-11-08,FN,4325.0,-62.10009765625,True,0.014155149459838867,11.0
2023-11-08,FN,4415.0,27.89990234375,False,0.006359577178955078,22.0
2023-11-09,FP,4335.0,-9.93017578125,False,0.002285462683980777,
2023-11-09,FP,4275.0,-69.93017578125,True,0.016094660432299346,
2023-11-09,FP,4340.0,-4.93017578125,False,0.0011346962049542109,
2023-11-09,FP,4375.0,30.06982421875,True,0.006920669148231751,
2023-11-09,FP,4250.0,-94.93017578125,True,0.021848492827432064,
2023-11-09,FN,4320.0,-24.93017578125,False,0.005737781524658203,19.0
2023-11-09,FN,4365.0,20.06982421875,False,0.004619121551513672,16.0
2023-11-09,FN,4310.0,-34.93017578125,False,0.008039295673370361,18.0
2023-11-09,FN,4280.0,-64.93017578125,False,0.014943897724151611,25.0
2023-11-09,FN,4285.0,-59.93017578125,False,0.013793110847473145,36.0
2023-11-10,FP,4425.0,10.7900390625,True,0.0024443873667052696,
2023-11-10,FP,4300.0,-114.2099609375,True,0.025873250694501082,
2023-11-10,FP,4500.0,85.7900390625,True,0.019434970203429103,
2023-11-10,FP,4350.0,-64.2099609375,True,0.014546195470018564,
2023-11-10,FP,4415.0,0.7900390625,False,0.00017897632180874368,
2023-11-10,FN,4455.0,40.7900390625,False,0.00924062728881836,29.0
2023-11-10,FN,4360.0,-54.2099609375,False,0.012280762195587158,19.0
2023-11-10,FN,4460.0,45.7900390625,False,0.010373353958129883,15.0
2023-11-10,FN,4440.0,25.7900390625,False,0.005842447280883789,13.0
2023-11-10,FN,4475.0,60.7900390625,True,0.013771414756774902,11.0
2023-11-13,FP,4500.0,84.66015625,True,0.019174097407210544,
2023-11-13,FP,4300.0,-115.33984375,True,0.026122529144221085,
2023-11-13,FP,4350.0,-65.33984375,True,0.014798372506363178,
2023-11-13,FP,4415.0,-0.33984375,False,7.696887714792044e-05,
2023-11-13,FN,4440.0,24.66015625,False,0.005585074424743652,11.0
2023-11-13,FN,4460.0,44.66015625,False,0.010114789009094238,16.0
2023-11-13,FN,4470.0,54.66015625,False,0.012379646301269531,20.0
2023-11-13,FN,4455.0,39.66015625,False,0.008982300758361816,21.0
2023-11-14,FP,4425.0,-78.1201171875,True,0.017347997644862168,
2023-11-14,FP,4490.0,-13.1201171875,False,0.0029135614520747755,
2023-11-14,FP,4400.0,-103.1201171875,True,0.022899703872857224,
2023-11-14,FP,4600.0,96.8798828125,True,0.021513945951103786,
2023-11-14,FP,4505.0,1.8798828125,False,0.0004174622847223919,
2023-11-14,FP,4510.0,6.8798828125,False,0.0015278035303212256,
2023-11-14,FN,4480.0,-23.1201171875,False,0.005134224891662598,12.0
2023-11-14,FN,4515.0,11.8798828125,False,0.002638101577758789,25.0
2023-11-14,FN,4455.0,-48.1201171875,False,0.010685920715332031,22.0
2023-11-14,FN,4460.0,-43.1201171875,False,0.009575605392456055,11.0
2023-11-14,FN,4470.0,-33.1201171875,False,0.007354915142059326,13.0
2023-11-14,FN,4440.0,-63.1201171875,False,0.014016985893249512,18.0
2023-11-15,FP,4400.0,-106.0400390625,True,0.023532866584239698,
2023-11-15,FP,4425.0,-81.0400390625,True,0.017984757871650103,
2023-11-15,FP,4505.0,-1.0400390625,False,0.0002308099913636008,
2023-11-15,FP,4510.0,3.9599609375,False,0.0008788117511542293,
2023-11-15,FN,4480.0,-26.0400390625,False,0.005778908729553223,11.0
2023-11-15,FN,4460.0,-46.0400390625,False,0.010217428207397461,17.0
2023-11-15,FN,4470.0,-36.0400390625,False,0.007998168468475342,15.0
2023-11-15,FN,4455.0,-51.0400390625,False,0.011327028274536133,28.0
2023-11-16,FP,4525.0,19.35986328125,True,0.004296806379070706,
2023-11-16,FP,4400.0,-105.64013671875,True,0.023446199322008643,
2023-11-16,FP,4600.0,94.35986328125,True,0.020942609799718293,
2023-11-16,FP,4505.0,-0.64013671875,False,0.00014207453310199902,
2023-11-16,FP,4510.0,4.35986328125,False,0.0009676456949412326,
2023-11-16,FN,4480.0,-25.64013671875,False,0.0056906938552856445,14.0
2023-11-16,FN,4490.0,-15.64013671875,False,0.0034712553024291992,11.0
2023-11-16,FN,4465.0,-40.64013671875,False,0.009019851684570312,34.0
2023-11-16,FN,4530.0,24.35986328125,False,0.005406498908996582,16.0
2023-11-16,FN,4470.0,-35.64013671875,False,0.00791013240814209,18.0
2023-11-17,FP,4450.0,-59.89013671875,True,0.013279732965363111,
2023-11-17,FP,4400.0,-109.89013671875,True,0.024366477538785958,
2023-11-17,FP,4505.0,-4.89013671875,False,0.001084313934597958,
2023-11-17,FP,4475.0,-34.89013671875,True,0.007736360678651688,
2023-11-17,FP,4510.0,0.10986328125,False,2.4360522744348856e-05,
2023-11-17,FN,4460.0,-49.89013671875,False,0.011062383651733398,30.0
2023-11-17,FN,4560.0,50.10986328125,False,0.011111140251159668,41.0
2023-11-17,FN,4530.0,20.10986328125,False,0.004459023475646973,16.0
2023-11-17,FN,4470.0,-39.89013671875,False,0.008845031261444092,19.0
2023-11-17,FN,4570.0,60.10986328125,False,0.0133284330368042,60.0
2023-11-20,FP,4450.0,-104.1201171875,True,0.02286283947464296,
2023-11-20,FP,4520.0,-34.1201171875,False,0.007492142567502524,
2023-11-20,FP,4555.0,0.8798828125,False,0.00019320588606763778,
2023-11-20,FP,4560.0,5.8798828125,False,0.0012911128080064227,
2023-11-20,FP,4400.0,-154.1201171875,True,0.03384190869402903,
2023-11-20,FN,4495.0,-59.1201171875,False,0.012981653213500977,32.0
2023-11-20,FN,4530.0,-24.1201171875,False,0.00529634952545166,15.0
2023-11-20,FN,4505.0,-49.1201171875,False,0.010785877704620361,20.0
2023-11-20,FN,4570.0,15.8798828125,False,0.0034868717193603516,21.0
2023-11-20,FN,4510.0,-44.1201171875,False,0.009687960147857666,12.0
2023-11-21,FP,4450.0,-85.93017578125,True,0.018944333896508847,
2023-11-21,FP,4550.0,14.06982421875,True,0.003101860847389837,
2023-11-21,FP,4520.0,-15.93017578125,False,0.0035119975757798017,
2023-11-21,FP,4400.0,-135.93017578125,True,0.029967431268458133,
2023-11-21,FP,4530.0,-5.93017578125,False,0.0013073781013899222,
2023-11-21,FP,4535.0,-0.93017578125,False,0.00020506836419498242,
2023-11-21,FN,4515.0,-20.93017578125,False,0.004614293575286865,13.0
2023-11-21,FN,4580.0,44.06982421875,False,0.009715676307678223,37.0
2023-11-21,FN,4590.0,54.06982421875,False,0.011920332908630371,38.0
2023-11-21,FN,4565.0,29.06982421875,False,0.006408810615539551,29.0
2023-11-21,FN,4570.0,34.06982421875,False,0.007511138916015625,26.0
2023-11-21,FN,4510.0,-25.93017578125,False,0.0057166218757629395,12.0
2023-11-22,FP,4450.0,-107.7900390625,True,0.023649628029963288,
2023-11-22,FP,4555.0,-2.7900390625,False,0.0006121473430298341,
2023-11-22,FP,4560.0,2.2099609375,False,0.00048487554682408174,
2023-11-22,FP,4400.0,-157.7900390625,True,0.034619856928503,
2023-11-22,FP,4530.0,-27.7900390625,False,0.006097261792299746,
2023-11-22,FP,4500.0,-57.7900390625,True,0.012679399131423574,
2023-11-22,FP,4540.0,-17.7900390625,False,0.0039032160125918036,
2023-11-22,FP,4575.0,17.2099609375,True,0.0037759442163860513,
2023-11-22,FN,4610.0,52.2099609375,False,0.011455059051513672,37.0
2023-11-22,FN,4515.0,-42.7900390625,False,0.009388327598571777,19.0
2023-11-22,FN,4590.0,32.2099609375,False,0.007066965103149414,21.0
2023-11-22,FN,4625.0,67.2099609375,True,0.01474618911743164,15.0
2023-11-22,FN,4570.0,12.2099609375,False,0.0026788711547851562,20.0
2023-11-22,FN,4475.0,-82.7900390625,True,0.018164515495300293,14.0
2023-11-22,FN,4605.0,47.2099609375,False,0.010358095169067383,27.0
2023-11-22,FN,4510.0,-47.7900390625,False,0.010485351085662842,16.0
2023-11-24,FP,4450.0,-105.06982421875,True,0.023066567203889332,
2023-11-24,FP,4520.0,-35.06982421875,False,0.00769907500260214,
2023-11-24,FP,4555.0,-0.06982421875,False,1.5328901958544527e-05,
2023-11-24,FP,4400.0,-155.06982421875,True,0.03404334734766579,
2023-11-24,FP,4530.0,-25.06982421875,False,0.005503718973846827,
2023-11-24,FP,4500.0,-55.06982421875,True,0.012089787060112767,
2023-11-24,FP,4575.0,19.93017578125,True,0.004375383155551971,
2023-11-24,FN,4610.0,54.93017578125,False,0.01205909252166748,26.0
2023-11-24,FN,4515.0,-40.06982421875,False,0.008796751499176025,18.0
2023-11-24,FN,4580.0,24.93017578125,False,0.005473017692565918,27.0
2023-11-24,FN,4590.0,34.93017578125,False,0.0076683759689331055,21.0
2023-11-24,FN,4565.0,9.93017578125,False,0.0021799802780151367,17.0
2023-11-24,FN,4570.0,14.93017578125,False,0.0032776594161987305,14.0
2023-11-24,FN,4605.0,49.93017578125,False,0.010961413383483887,28.0
2023-11-27,FP,4450.0,-105.97021484375,True,0.02325963732126468,
2023-11-27,FP,4550.0,-5.97021484375,True,0.001310415688034694,
2023-11-27,FP,4555.0,-0.97021484375,False,0.00021295460637316133,
2023-11-27,FP,4400.0,-155.97021484375,True,0.034234248137879675,
2023-11-27,FP,4575.0,19.02978515625,True,0.004176889720272747,
2023-11-27,FN,4515.0,-40.97021484375,False,0.008992671966552734,18.0
2023-11-27,FN,4590.0,34.02978515625,False,0.007469296455383301,21.0
2023-11-27,FN,4530.0,-25.97021484375,False,0.005700230598449707,11.0
2023-11-27,FN,4570.0,14.02978515625,False,0.0030794143676757812,15.0
2023-11-27,FN,4605.0,49.02978515625,False,0.010761618614196777,27.0
2023-11-28,FP,4450.0,-101.64990234375,True,0.02233253974375493,
2023-11-28,FP,4550.0,-1.64990234375,True,0.0003624844570977448,
2023-11-28,FP,4520.0,-31.64990234375,False,0.00695350104309489,
2023-11-28,FP,4400.0,-151.64990234375,True,0.03331756738708347,
2023-11-28,FP,4575.0,23.35009765625,True,0.005130029364566635,
2023-11-28,FN,4610.0,58.35009765625,False,0.012819528579711914,24.0
2023-11-28,FN,4515.0,-36.64990234375,False,0.00805199146270752,19.0
2023-11-28,FN,4590.0,38.35009765625,False,0.008425593376159668,22.0
2023-11-28,FN,4565.0,13.35009765625,False,0.002933025360107422,13.0
2023-11-28,FN,4570.0,18.35009765625,False,0.004031538963317871,12.0
2023-11-29,FP,4545.0,-4.5,False,0.0009891196834816984,
2023-11-29,FP,4450.0,-99.5,True,0.0218705352236509,
2023-11-29,FP,4550.0,0.5,True,0.00010990218705342336,
2023-11-29,FP,4555.0,5.5,False,0.0012089240575887672,
2023-11-29,FP,4525.0,-24.5,True,0.00538520716562263,
2023-11-29,FP,4400.0,-149.5,True,0.03286075392900323,
2023-11-29,FP,4540.0,-9.5,False,0.0020881415540169312,
2023-11-29,FN,4610.0,60.5,False,0.0132981538772583,26.0
2023-11-29,FN,4515.0,-34.5,False,0.007583260536193848,19.0
2023-11-29,FN,4520.0,-29.5,False,0.00648421049118042,11.0
2023-11-29,FN,4590.0,40.5,False,0.00890207290649414,23.0
2023-11-29,FN,4530.0,-19.5,False,0.00428617000579834,12.0
2023-11-29,FN,4570.0,20.5,False,0.0045059919357299805,13.0
2023-11-29,FN,4605.0,55.5,False,0.012199163436889648,36.0
2023-11-30,FP,4450.0,-106.419921875,True,0.02335603910519457,
2023-11-30,FP,4555.0,-1.419921875,False,0.0003116310391373389,
2023-11-30,FP,4400.0,-156.419921875,True,0.03432956675569798,
2023-11-30,FP,4500.0,-56.419921875,True,0.012382511454691159,
2023-11-30,FP,4565.0,8.580078125,False,0.0018830744909632546,
2023-11-30,FN,4610.0,53.580078125,False,0.011759281158447266,27.0
2023-11-30,FN,4585.0,28.580078125,False,0.006272435188293457,29.0
2023-11-30,FN,4620.0,63.580078125,False,0.013953924179077148,48.0
2023-11-30,FN,4625.0,68.580078125,True,0.01505136489868164,16.0
2023-11-30,FN,4570.0,13.580078125,False,0.002980470657348633,12.0
2023-12-01,FP,4450.0,-141.3798828125,True,0.03079246031062366,
2023-12-01,FP,4515.0,-76.3798828125,False,0.016635496247745185,
2023-12-01,FP,4550.0,-41.3798828125,True,0.009012515598502913,
2023-12-01,FP,4525.0,-66.3798828125,True,0.014457501776533044,
2023-12-01,FP,4400.0,-191.3798828125,True,0.041682432666684144,
2023-12-01,FP,4595.0,3.6201171875,False,0.0007884595219513901,
2023-12-01,FP,4500.0,-91.3798828125,True,0.019902487954563286,
2023-12-01,FN,4640.0,48.6201171875,False,0.01058948040008545,33.0
2023-12-01,FN,4610.0,18.6201171875,False,0.004055500030517578,20.0
2023-12-01,FN,4620.0,28.6201171875,False,0.0062334537506103516,32.0
2023-12-01,FN,4560.0,-31.3798828125,False,0.006834506988525391,13.0
2023-12-01,FN,4625.0,33.6201171875,True,0.007322430610656738,11.0
2023-12-01,FN,4630.0,38.6201171875,False,0.008411407470703125,30.0
2023-12-01,FN,4540.0,-51.3798828125,False,0.011190533638000488,21.0
2023-12-04,FP,4400.0,-166.759765625,True,0.036515992560028465,
2023-12-04,FP,4570.0,3.240234375,False,0.0007095259092431139,
2023-12-04,FP,4450.0,-116.759765625,True,0.025567310657301556,
2023-12-04,FP,4525.0,-41.759765625,True,0.009144287803211082,
2023-12-04,FN,4610.0,43.240234375,False,0.009468436241149902,26.0
2023-12-04,FN,4620.0,53.240234375,False,0.011658191680908203,38.0
2023-12-04,FN,4630.0,63.240234375,False,0.013847947120666504,34.0
2023-12-04,FN,4540.0,-26.759765625,False,0.005859673023223877,14.0
2023-12-05,FP,4450.0,-114.9599609375,True,0.025183125793263428,
2023-12-05,FP,4555.0,-9.9599609375,False,0.0021818287614190357,
2023-12-05,FP,4525.0,-39.9599609375,True,0.00875362791337464,
2023-12-05,FP,4500.0,-64.9599609375,True,0.01423012720667094,
2023-12-05,FP,4565.0,0.0400390625,False,8.770955899350952e-06,
2023-12-05,FP,4575.0,10.0400390625,True,0.0021993706732179596,
2023-12-05,FN,4610.0,45.0400390625,False,0.009866476058959961,24.0
2023-12-05,FN,4590.0,25.0400390625,False,0.0054852962493896484,17.0
2023-12-05,FN,4625.0,60.0400390625,True,0.013152360916137695,11.0
2023-12-05,FN,4530.0,-34.9599609375,False,0.0076583027839660645,15.0
2023-12-05,FN,4630.0,65.0400390625,False,0.014247655868530273,32.0
2023-12-05,FN,4540.0,-24.9599609375,False,0.005467712879180908,14.0
2023-12-06,FP,4450.0,-101.8701171875,True,0.022379838300492505,
2023-12-06,FP,4555.0,3.1298828125,False,0.0006876037171363869,
2023-12-06,FP,4560.0,8.1298828125,False,0.0017860533370235299,
2023-12-06,FP,4565.0,13.1298828125,False,0.0028845029569104508,
2023-12-06,FP,4540.0,-11.8701171875,False,0.002607745142524931,
2023-12-06,FN,4610.0,58.1298828125,False,0.012770533561706543,26.0
2023-12-06,FN,4520.0,-31.8701171875,False,0.007001519203186035,13.0
2023-12-06,FN,4490.0,-61.8701171875,False,0.013592243194580078,33.0
2023-12-06,FN,4495.0,-56.8701171875,False,0.012493789196014404,27.0
2023-12-06,FN,4530.0,-21.8701171875,False,0.004804670810699463,14.0
2023-12-07,FP,4450.0,-133.5,True,0.029126213592232997,
2023-12-07,FP,4515.0,-68.5,False,0.014944911094141977,
2023-12-07,FP,4580.0,-3.5,False,0.0007636085960510686,
2023-12-07,FP,4585.0,1.5,False,0.0003272608268789501,
2023-12-07,FP,4500.0,-83.5,True,0.018217519362932255,
2023-12-07,FN,4640.0,56.5,False,0.012326836585998535,23.0
2023-12-07,FN,4610.0,26.5,False,0.005781650543212891,24.0
2023-12-07,FN,4620.0,36.5,False,0.007963299751281738,29.0
2023-12-07,FN,4625.0,41.5,True,0.009054183959960938,11.0
2023-12-07,FN,4565.0,-18.5,False,0.0040361881256103516,13.0
2023-12-08,FP,4515.0,-91.9599609375,False,0.019961094022355352,
2023-12-08,FP,4525.0,-81.9599609375,True,0.01779046521620331,
2023-12-08,FP,4590.0,-16.9599609375,False,0.003681377976215039,
2023-12-08,FP,4625.0,18.0400390625,True,0.003915822845317107,
2023-12-08,FP,4700.0,93.0400390625,True,0.02019553889145742,
2023-12-08,FN,4640.0,33.0400390625,False,0.007171750068664551,20.0
2023-12-08,FN,4620.0,13.0400390625,False,0.00283050537109375,27.0
2023-12-08,FN,4660.0,53.0400390625,False,0.011512994766235352,39.0
2023-12-08,FN,4630.0,23.0400390625,False,0.005001187324523926,28.0
2023-12-08,FN,4570.0,-36.9599609375,False,0.008022606372833252,12.0
2023-12-11,FP,4515.0,-103.7900390625,False,0.022471261560866873,
2023-12-11,FP,4550.0,-68.7900390625,True,0.014893519402424005,
2023-12-11,FP,4615.0,-3.7900390625,False,0.0008205696796014239,
2023-12-11,FP,4650.0,31.2099609375,True,0.006757172478841333,
2023-12-11,FP,4525.0,-93.7900390625,True,0.02030619237274034,
2023-12-11,FN,4640.0,21.2099609375,False,0.0045920610427856445,19.0
2023-12-11,FN,4675.0,56.2099609375,True,0.012169837951660156,18.0
2023-12-11,FN,4680.0,61.2099609375,False,0.0132523775100708,26.0
2023-12-11,FN,4660.0,41.2099609375,False,0.008922219276428223,37.0
2023-12-11,FN,4570.0,-48.7900390625,False,0.010563373565673828,15.0
2023-12-12,FP,4640.0,-0.1201171875,False,2.588665475600216e-05,
2023-12-12,FP,4515.0,-125.1201171875,False,0.02696484444961711,
2023-12-12,FP,4550.0,-90.1201171875,True,0.019421936267056017,
2023-12-12,FP,4575.0,-65.1201171875,True,0.014034144708083729,
2023-12-12,FN,4680.0,39.8798828125,False,0.008594632148742676,16.0
2023-12-12,FN,4620.0,-20.1201171875,False,0.004336118698120117,20.0
2023-12-12,FN,4660.0,19.8798828125,False,0.004284381866455078,25.0
2023-12-12,FN,4630.0,-10.1201171875,False,0.0021809935569763184,15.0
2023-12-13,FP,4600.0,-100.2099609375,True,0.021320315851914073,
2023-12-13,FP,4725.0,24.7900390625,True,0.005274240782544792,
2023-12-13,FP,4695.0,-5.2099609375,False,0.0011084528097252688,
2023-12-13,FN,4720.0,19.7900390625,False,0.004210472106933594,12.0
2023-12-13,FN,4660.0,-40.2099609375,False,0.008554935455322266,19.0
2023-12-13,FN,4670.0,-30.2099609375,False,0.006427347660064697,15.0
2023-12-14,FP,4600.0,-114.47998046875,True,0.024282631582490555,
2023-12-14,FP,4650.0,-64.47998046875,True,0.013677008012735081,
2023-12-14,FP,4715.0,0.52001953125,False,0.0001103026279472008,
2023-12-14,FP,4750.0,35.52001953125,True,0.007534239126776088,
2023-12-14,FN,4680.0,-34.47998046875,False,0.0073136091232299805,11.0
2023-12-14,FN,4690.0,-24.47998046875,False,0.00519251823425293,15.0
2023-12-14,FN,4760.0,45.52001953125,False,0.009655356407165527,21.0
2023-12-14,FN,4775.0,60.52001953125,True,0.012837052345275879,14.0
2023-12-15,FP,4705.0,-6.10986328125,False,0.0012969052852854768,
2023-12-15,FP,4515.0,-196.10986328125,False,0.04162710464677233,
2023-12-15,FP,4650.0,-61.10986328125,True,0.01297143667940015,
2023-12-15,FP,4715.0,3.89013671875,False,0.0008257367863717668,
2023-12-15,FP,4725.0,13.89013671875,True,0.0029483788580288994,
2023-12-15,FP,4600.0,-111.10986328125,True,0.023584647037686146,
2023-12-15,FN,4675.0,-36.10986328125,True,0.007664859294891357,11.0
2023-12-15,FN,4740.0,28.89013671875,False,0.006132364273071289,12.0
2023-12-15,FN,4775.0,63.89013671875,True,0.013561606407165527,18.0
2023-12-15,FN,4680.0,-31.10986328125,False,0.006603538990020752,16.0
2023-12-15,FN,4760.0,48.89013671875,False,0.010377645492553711,20.0
2023-12-15,FN,4730.0,18.89013671875,False,0.004009723663330078,13.0
2023-12-18,FP,4740.0,-3.68994140625,False,0.00077786310906236,
2023-12-18,FP,4745.0,1.31005859375,False,0.000276168680906963,
2023-12-18,FP,4650.0,-93.68994140625,True,0.019750435328510507,
2023-12-18,FP,4730.0,-13.68994140625,False,0.002885926689001006,
2023-12-18,FP,4735.0,-8.68994140625,False,0.001831894899031683,
2023-12-18,FN,4770.0,26.31005859375,False,0.0055463314056396484,17.0
2023-12-18,FN,4680.0,-63.68994140625,False,0.013426244258880615,22.0
2023-12-18,FN,4780.0,36.31005859375,False,0.007654428482055664,23.0
2023-12-18,FN,4720.0,-23.68994140625,False,0.0049939751625061035,14.0
2023-12-18,FN,4785.0,41.31005859375,False,0.008708477020263672,27.0
2023-12-19,FP,4740.0,-22.2099609375,False,0.004663792886008711,
2023-12-19,FP,4650.0,-112.2099609375,True,0.023562581628679413,
2023-12-19,FP,4755.0,-7.2099609375,False,0.0015139947622302419,
2023-12-19,FP,4700.0,-62.2099609375,True,0.013063254549417924,
2023-12-19,FP,4765.0,2.7900390625,False,0.0005858706536221447,
2023-12-19,FN,4810.0,47.7900390625,False,0.010035276412963867,25.0
2023-12-19,FN,4780.0,17.7900390625,False,0.003735661506652832,11.0
2023-12-19,FN,4820.0,57.7900390625,False,0.012135148048400879,38.0
2023-12-19,FN,4825.0,62.7900390625,True,0.01318502426147461,16.0
2023-12-19,FN,4830.0,67.7900390625,False,0.01423501968383789,40.0
2023-12-20,FP,4705.0,-11.60009765625,False,0.0024594193732927483,
2023-12-20,FP,4740.0,23.39990234375,False,0.004961180057511783,
2023-12-20,FP,4720.0,3.39990234375,False,0.0007208375256235744,
2023-12-20,FP,4725.0,8.39990234375,True,0.00178092315859546,
2023-12-20,FP,4730.0,13.39990234375,False,0.0028410087915675675,
2023-12-20,FP,4700.0,-16.60009765625,True,0.003519505006264745,
2023-12-20,FN,4640.0,-76.60009765625,False,0.01624053716659546,22.0
2023-12-20,FN,4675.0,-41.60009765625,True,0.008819937705993652,12.0
2023-12-20,FN,4680.0,-36.60009765625,False,0.00775986909866333,16.0
2023-12-20,FN,4660.0,-56.60009765625,False,0.012000203132629395,21.0
2023-12-20,FN,4760.0,43.39990234375,False,0.009201526641845703,17.0
2023-12-20,FN,4670.0,-46.60009765625,False,0.009880006313323975,25.0
2023-12-21,FP,4740.0,-1.08984375,False,0.000229871988491559,
2023-12-21,FP,5000.0,258.91015625,True,0.05460983967458688,
2023-12-21,FP,4745.0,3.91015625,False,0.0008247378511829773,
2023-12-21,FP,4650.0,-91.08984375,True,0.0192128491026341,
2023-12-21,FP,4755.0,13.91015625,False,0.002933957530532272,
2023-12-21,FP,4730.0,-11.08984375,False,0.0023390916678407425,
2023-12-21,FP,4735.0,-6.08984375,False,0.0012844818281662063,
2023-12-21,FN,4770.0,28.91015625,False,0.0060977935791015625,19.0
2023-12-21,FN,4680.0,-61.08984375,False,0.012885212898254395,26.0
2023-12-21,FN,4810.0,68.91015625,False,0.014534711837768555,37.0
2023-12-21,FN,4780.0,38.91015625,False,0.008206963539123535,21.0
2023-12-21,FN,4785.0,43.91015625,False,0.009261608123779297,35.0
2023-12-21,FN,4790.0,48.91015625,False,0.010316252708435059,24.0
2023-12-21,FN,4760.0,18.91015625,False,0.00398862361907959,13.0
2023-12-22,FP,4740.0,-13.740234375,False,0.0028904049648406094,
2023-12-22,FP,5000.0,246.259765625,True,0.051803370290252504,
2023-12-22,FP,4745.0,-8.740234375,False,0.0018386015945502932,
2023-12-22,FP,4650.0,-103.740234375,True,0.02182286563006519,
2023-12-22,FP,4750.0,-3.740234375,True,0.0007867982242600879,
2023-12-22,FP,4755.0,1.259765625,False,0.0002650051460302283,
2023-12-22,FN,4770.0,16.259765625,False,0.0034204721450805664,12.0
2023-12-22,FN,4675.0,-78.740234375,True,0.016563832759857178,18.0
2023-12-22,FN,4810.0,56.259765625,False,0.011834859848022461,33.0
2023-12-22,FN,4790.0,36.259765625,False,0.007627606391906738,23.0
2023-12-22,FN,4825.0,71.259765625,True,0.01499021053314209,20.0
2023-12-22,FN,4830.0,76.259765625,False,0.016042113304138184,27.0
2023-12-26,FP,5000.0,221.2900390625,True,0.046307484838248314,
2023-12-26,FP,4650.0,-128.7099609375,True,0.02693403910042902,
2023-12-26,FP,4785.0,6.2900390625,False,0.0013162629902037093,
2023-12-26,FP,4850.0,71.2900390625,True,0.01491826029310106,
2023-12-26,FP,4700.0,-78.7099609375,True,0.016470964252046527,
2023-12-26,FN,4770.0,-8.7099609375,False,0.00182265043258667,11.0
2023-12-26,FN,4810.0,31.2900390625,False,0.006547808647155762,26.0
2023-12-26,FN,4820.0,41.2900390625,False,0.008640408515930176,23.0
2023-12-26,FN,4760.0,-18.7099609375,False,0.003915250301361084,13.0
2023-12-26,FN,4830.0,51.2900390625,False,0.01073300838470459,19.0
2023-12-27,FP,4770.0,-2.60986328125,False,0.0005468419493764864,
2023-12-27,FP,5000.0,227.39013671875,True,0.04764481975956336,
2023-12-27,FP,4850.0,77.39013671875,True,0.01621547516677646,
2023-12-27,FP,4760.0,-12.60986328125,False,0.002642131588895591,
2023-12-27,FP,4700.0,-72.60986328125,True,0.015213869426010329,
2023-12-27,FP,4765.0,-7.60986328125,False,0.0015944867691359832,
2023-12-27,FN,4840.0,67.39013671875,False,0.014120221138000488,33.0
2023-12-27,FN,4810.0,37.39013671875,False,0.007834315299987793,22.0
2023-12-27,FN,4820.0,47.39013671875,False,0.009929656982421875,30.0
2023-12-27,FN,4725.0,-47.60986328125,True,0.009975671768188477,11.0
2023-12-27,FN,4790.0,17.39013671875,False,0.0036437511444091797,13.0
2023-12-27,FN,4830.0,57.39013671875,False,0.012024879455566406,18.0
2023-12-28,FP,5000.0,209.919921875,True,0.043823885707808374,
2023-12-28,FP,4795.0,4.919921875,False,0.0010271063937883351,
2023-12-28,FP,4700.0,-90.080078125,True,0.01880554743466012,
2023-12-28,FN,4810.0,19.919921875,False,0.004158616065979004,18.0
2023-12-28,FN,4725.0,-65.080078125,True,0.01358640193939209,11.0
2023-12-28,FN,4830.0,39.919921875,False,0.008333921432495117,14.0
2023-12-29,FP,5000.0,227.31982421875,True,0.04762938555411145,
2023-12-29,FP,4780.0,7.31982421875,False,0.0015336925897306841,
2023-12-29,FP,4790.0,17.31982421875,False,0.003628951360838961,
2023-12-29,FP,4760.0,-12.68017578125,False,0.002656824952485759,
2023-12-29,FP,4765.0,-7.68017578125,False,0.0016091955669317315,
2023-12-29,FN,4810.0,37.31982421875,False,0.007819414138793945,27.0
2023-12-29,FN,4850.0,77.31982421875,True,0.016200542449951172,11.0
2023-12-29,FN,4725.0,-47.68017578125,True,0.009990215301513672,15.0
2023-12-29,FN,4825.0,52.31982421875,True,0.010962367057800293,13.0
2023-12-29,FN,4830.0,57.31982421875,False,0.012009978294372559,26.0
2024-01-02,FP,4600.0,-128.02001953125,True,0.027076877636389995,
2024-01-02,FP,4650.0,-78.02001953125,True,0.01650162630635077,
2024-01-02,FP,4675.0,-53.02001953125,True,0.011214000641331157,
2024-01-02,FP,4730.0,1.97998046875,False,0.0004187758217120141,
2024-01-02,FN,4680.0,-48.02001953125,False,0.010156452655792236,23.0
2024-01-02,FN,4705.0,-23.02001953125,False,0.004868865013122559,26.0
2024-01-02,FN,4745.0,16.97998046875,False,0.003591299057006836,22.0
2024-01-02,FN,4790.0,61.97998046875,False,0.013109087944030762,25.0
2024-01-03,FP,4800.0,90.4501953125,True,0.0192056988594691,
2024-01-03,FP,4705.0,-4.5498046875,False,0.0009660805971244413,
2024-01-03,FP,4710.0,0.4501953125,False,9.559200585407268e-05,
2024-01-03,FP,4775.0,65.4501953125,True,0.013897335844576197,
2024-01-03,FP,4700.0,-9.5498046875,True,0.0020277532001030663,
2024-01-03,FN,4770.0,60.4501953125,False,0.01283562183380127,21.0
2024-01-03,FN,4675.0,-34.5498046875,True,0.007336139678955078,11.0
2024-01-03,FN,4690.0,-19.5498046875,False,0.004151105880737305,19.0
2024-01-03,FN,4660.0,-49.5498046875,False,0.010521113872528076,23.0
2024-01-03,FN,4765.0,55.4501953125,False,0.011773943901062012,20.0
2024-01-04,FP,4800.0,99.72998046875,True,0.021217925790292247,
2024-01-04,FP,4705.0,4.72998046875,False,0.00100632100902609,
2024-01-04,FP,4750.0,49.72998046875,True,0.01058023906331007,
2024-01-04,FP,4775.0,74.72998046875,True,0.01589908242680127,
2024-01-04,FN,4625.0,-75.27001953125,True,0.0160139799118042,12.0
2024-01-04,FN,4620.0,-80.27001953125,False,0.017077744007110596,37.0
2024-01-04,FN,4645.0,-55.27001953125,False,0.011758923530578613,41.0
2024-01-04,FN,4660.0,-40.27001953125,False,0.008567571640014648,18.0
2024-01-05,FP,4800.0,106.1201171875,True,0.022608187647936706,
2024-01-05,FP,4775.0,81.1201171875,True,0.017282103337270316,
2024-01-05,FP,4680.0,-13.8798828125,False,0.0029570170432617893,
2024-01-05,FP,4690.0,-3.8798828125,False,0.000826583318995211,
2024-01-05,FP,4695.0,1.1201171875,False,0.00023863354313813367,
2024-01-05,FN,4685.0,-8.8798828125,False,0.001891791820526123,11.0
2024-01-05,FN,4660.0,-33.8798828125,False,0.007217884063720703,17.0
2024-01-05,FN,4760.0,66.1201171875,False,0.014086484909057617,16.0
2024-01-05,FN,4635.0,-58.8798828125,False,0.012543976306915283,29.0
2024-01-05,FN,4670.0,-23.8798828125,False,0.005087435245513916,21.0
2024-01-08,FP,4775.0,17.7998046875,True,0.003741655586628312,
2024-01-08,FP,4650.0,-107.2001953125,True,0.022534303983702375,
2024-01-08,FP,4850.0,92.7998046875,True,0.019507231328826702,
2024-01-08,FP,4755.0,-2.2001953125,False,0.0004624979446246069,
2024-01-08,FP,4600.0,-157.2001953125,True,0.03304468781183456,
2024-01-08,FP,4765.0,7.7998046875,False,0.0016395788210017415,
2024-01-08,FN,4770.0,12.7998046875,False,0.0026906728744506836,11.0
2024-01-08,FN,4740.0,-17.2001953125,False,0.0036156177520751953,13.0
2024-01-08,FN,4810.0,52.7998046875,False,0.011098980903625488,19.0
2024-01-08,FN,4780.0,22.7998046875,False,0.004792690277099609,15.0
2024-01-08,FN,4825.0,67.7998046875,True,0.014252066612243652,12.0
2024-01-08,FN,4730.0,-27.2001953125,False,0.0057176947593688965,18.0
2024-01-09,FP,4740.0,-10.3701171875,False,0.002183012466750678,
2024-01-09,FP,4745.0,-5.3701171875,False,0.0011304629018421553,
2024-01-09,FP,4650.0,-100.3701171875,True,0.021128904635103418,
2024-01-09,FP,4760.0,9.6298828125,False,0.0020271857928833015,
2024-01-09,FP,4755.0,4.6298828125,False,0.0009746362279747789,
2024-01-09,FP,4600.0,-150.3701171875,True,0.03165440028418842,
2024-01-09,FP,4700.0,-50.3701171875,True,0.010603408986018525,
2024-01-09,FN,4770.0,19.6298828125,False,0.004132270812988281,13.0
2024-01-09,FN,4710.0,-40.3701171875,False,0.008498311042785645,26.0
2024-01-09,FN,4810.0,59.6298828125,False,0.012552738189697266,21.0
2024-01-09,FN,4780.0,29.6298828125,False,0.006237387657165527,14.0
2024-01-09,FN,4790.0,39.6298828125,False,0.008342504501342773,22.0
2024-01-09,FN,4695.0,-55.3701171875,False,0.011655986309051514,41.0
2024-01-09,FN,4795.0,44.6298828125,False,0.009395003318786621,25.0
2024-01-10,FP,4770.0,-7.25,False,0.0015176095033754278,
2024-01-10,FP,4780.0,2.75,False,0.0005756449840388367,
2024-01-10,FP,4850.0,72.75,True,0.015228426395939021,
2024-01-10,FP,4700.0,-77.25,True,0.0161703909152755,
2024-01-10,FP,4765.0,-12.25,False,0.0025642367470825045,
2024-01-10,FN,4840.0,62.75,False,0.013135194778442383,27.0
2024-01-10,FN,4810.0,32.75,False,0.006855368614196777,15.0
2024-01-10,FN,4820.0,42.75,False,0.008948683738708496,23.0
2024-01-10,FN,4825.0,47.75,True,0.009995341300964355,12.0
2024-01-10,FN,4795.0,17.75,False,0.00371551513671875,16.0
2024-01-11,FP,4770.0,-5.2099609375,False,0.0010910433216798632,
2024-01-11,FP,4700.0,-75.2099609375,True,0.015750084614653104,
2024-01-11,FP,4765.0,-10.2099609375,False,0.0021381176997493645,
2024-01-11,FP,4850.0,74.7900390625,True,0.01566214672743249,
2024-01-11,FN,4840.0,64.7900390625,False,0.01356804370880127,27.0
2024-01-11,FN,4825.0,49.7900390625,True,0.010426759719848633,11.0
2024-01-11,FN,4810.0,34.7900390625,False,0.007285594940185547,16.0
2024-01-11,FN,4820.0,44.7900390625,False,0.009379744529724121,21.0
2024-01-12,FP,4760.0,-21.2998046875,False,0.00445481470679121,
2024-01-12,FP,4785.0,3.7001953125,False,0.0007738889974797658,
2024-01-12,FP,4770.0,-11.2998046875,False,0.0023633332250828643,
2024-01-12,FP,4790.0,8.7001953125,False,0.0018196297383339388,
2024-01-12,FN,4840.0,58.7001953125,False,0.012277007102966309,20.0
2024-01-12,FN,4810.0,28.7001953125,False,0.006002545356750488,14.0
2024-01-12,FN,4820.0,38.7001953125,False,0.008094072341918945,22.0
2024-01-12,FN,4725.0,-56.2998046875,True,0.011775016784667969,11.0
2024-01-16,FP,4770.0,11.66015625,False,0.0024504673127363485,
2024-01-16,FP,4650.0,-108.33984375,True,0.022768412368087243,
2024-01-16,FP,4750.0,-8.33984375,True,0.0017526793007343056,
2024-01-16,FP,4850.0,91.66015625,True,0.019263053766618743,
2024-01-16,FP,4755.0,-3.33984375,False,0.000701892647366642,
2024-01-16,FP,4725.0,-33.33984375,True,0.007006612567572512,
2024-01-16,FP,4760.0,1.66015625,False,0.0003488940060010215,
2024-01-16,FP,4700.0,-58.33984375,True,0.01226054583441083,
2024-01-16,FN,4740.0,-18.33984375,False,0.0038542747497558594,11.0
2024-01-16,FN,4810.0,51.66015625,False,0.0108567476272583,18.0
2024-01-16,FN,4780.0,21.66015625,False,0.004552006721496582,12.0
2024-01-16,FN,4720.0,-38.33984375,False,0.00805741548538208,13.0
2024-01-16,FN,4785.0,26.66015625,False,0.005602836608886719,15.0
2024-01-16,FN,4820.0,61.66015625,False,0.012958288192749023,27.0
2024-01-16,FN,4730.0,-28.33984375,False,0.005955815315246582,17.0
2024-01-16,FN,4735.0,-23.33984375,False,0.004905045032501221,24.0
2024-01-17,FP,4650.0,-83.81982421875,True,0.0177065936878118,
2024-01-17,FP,4750.0,16.18017578125,True,0.0034179956952460344,
2024-01-17,FP,4720.0,-13.81982421875,False,0.0029193811196712716,
2024-01-17,FP,4730.0,-3.81982421875,False,0.0008069221813655769,
2024-01-17,FP,4735.0,1.18017578125,False,0.0002493072877873814,
2024-01-17,FN,4770.0,36.18017578125,False,0.007642865180969238,16.0
2024-01-17,FN,4675.0,-58.81982421875,True,0.012425422668457031,15.0
2024-01-17,FN,4710.0,-23.81982421875,False,0.0050318241119384766,22.0
2024-01-17,FN,4680.0,-53.81982421875,False,0.01136922836303711,20.0
2024-01-17,FN,4745.0,11.18017578125,False,0.002361774444580078,14.0
2024-01-18,FP,4775.0,-3.759765625,True,0.0007867659830999019,
2024-01-18,FP,4785.0,6.240234375,False,0.0013058271771448915,
2024-01-18,FP,4850.0,71.240234375,True,0.014907682718736215,
2024-01-18,FP,4760.0,-18.759765625,False,0.003925655723467036,
2024-01-18,FP,4700.0,-78.759765625,True,0.01648121468493602,
2024-01-18,FN,4740.0,-38.759765625,False,0.00811082124710083,19.0
2024-01-18,FN,4810.0,31.240234375,False,0.006537318229675293,16.0
2024-01-18,FN,4820.0,41.240234375,False,0.008629918098449707,23.0
2024-01-18,FN,4725.0,-53.759765625,True,0.011249721050262451,13.0
2024-01-18,FN,4830.0,51.240234375,False,0.010722517967224121,27.0
2024-01-19,FP,4835.0,-1.77978515625,False,0.00036796902801161657,
2024-01-19,FP,5000.0,163.22021484375,True,0.03374563699274913,
2024-01-19,FP,4840.0,3.22021484375,False,0.0006657766089812611,
2024-01-19,FP,4750.0,-86.77978515625,True,0.017941644856888317,
2024-01-19,FP,4850.0,13.22021484375,True,0.0027332678829665724,
2024-01-19,FN,4810.0,-26.77978515625,False,0.005536675453186035,17.0
2024-01-19,FN,4880.0,43.22021484375,False,0.008935689926147461,27.0
2024-01-19,FN,4820.0,-16.77978515625,False,0.003469228744506836,16.0
2024-01-19,FN,4890.0,53.22021484375,False,0.011003255844116211,21.0
2024-01-19,FN,4860.0,23.22021484375,False,0.0048007965087890625,13.0
2024-01-22,FP,4800.0,-52.509765625,True,0.010821156094723894,
2024-01-22,FP,4865.0,12.490234375,False,0.002573974083160069,
2024-01-22,FP,4840.0,-12.509765625,False,0.0025779990621799254,
2024-01-22,FP,5000.0,147.490234375,True,0.03039462906799595,
2024-01-22,FP,4750.0,-102.509765625,True,0.02112510238540377,
2024-01-22,FP,4850.0,-2.509765625,True,0.0005172098040439055,
2024-01-22,FP,4855.0,2.490234375,False,0.00051318482502416,
2024-01-22,FN,4805.0,-47.509765625,False,0.009790778160095215,32.0
2024-01-22,FN,4870.0,17.490234375,False,0.003604412078857422,14.0
2024-01-22,FN,4810.0,-42.509765625,False,0.008760392665863037,18.0
2024-01-22,FN,4910.0,57.490234375,False,0.011847496032714844,21.0
2024-01-22,FN,4880.0,27.490234375,False,0.005665183067321777,15.0
2024-01-22,FN,4885.0,32.490234375,False,0.00669550895690918,28.0
2024-01-22,FN,4890.0,37.490234375,False,0.007725954055786133,19.0
2024-01-23,FP,4800.0,-61.83984375,True,0.012719432506501982,
2024-01-23,FP,4865.0,3.16015625,False,0.0006499918449724973,
2024-01-23,FP,4870.0,8.16015625,False,0.0016784091027781667,
2024-01-23,FP,5000.0,138.16015625,True,0.028417257805727125,
2024-01-23,FP,4750.0,-111.83984375,True,0.02300360508455923,
2024-01-23,FP,4855.0,-6.83984375,False,0.0014068426706389525,
2024-01-23,FN,4810.0,-51.83984375,False,0.010662615299224854,25.0
2024-01-23,FN,4910.0,48.16015625,False,0.009905695915222168,15.0
2024-01-23,FN,4815.0,-46.83984375,False,0.009634196758270264,23.0
2024-01-23,FN,4880.0,18.16015625,False,0.003735184669494629,13.0
2024-01-23,FN,4890.0,28.16015625,False,0.005792021751403809,17.0
2024-01-23,FN,4925.0,63.16015625,True,0.012990951538085938,18.0
2024-01-24,FP,4800.0,-77.58984375,True,0.015907414570624723,
2024-01-24,FP,4880.0,2.41015625,False,0.0004941285198647449,
2024-01-24,FP,5000.0,122.41015625,True,0.025096443155599335,
2024-01-24,FP,4950.0,72.41015625,True,0.014845478724043293,
2024-01-24,FN,4810.0,-67.58984375,False,0.013857245445251465,24.0
2024-01-24,FN,4925.0,47.41015625,True,0.00971996784210205,14.0
2024-01-24,FN,4910.0,32.41015625,False,0.006644725799560547,11.0
2024-01-24,FN,4815.0,-62.58984375,False,0.012832105159759521,23.0
2024-01-25,FP,4800.0,-85.10986328125,True,0.017422302806529566,
2024-01-25,FP,4870.0,-15.10986328125,False,0.0030930447224580826,
2024-01-25,FP,5000.0,114.89013671875,True,0.0235184345765318,
2024-01-25,FP,4885.0,-0.10986328125,False,2.2489418728510735e-05,
2024-01-25,FP,4895.0,9.89013671875,False,0.002024547450424574,
2024-01-25,FN,4930.0,44.89013671875,False,0.009189128875732422,26.0
2024-01-25,FN,4935.0,49.89013671875,False,0.01021265983581543,34.0
2024-01-25,FN,4940.0,54.89013671875,False,0.011236190795898438,27.0
2024-01-25,FN,4910.0,24.89013671875,False,0.005095124244689941,13.0
2024-01-25,FN,4925.0,39.89013671875,True,0.008165717124938965,12.0
2024-01-26,FP,4800.0,-87.27001953125,True,0.01785659871103673,
2024-01-26,FP,5000.0,112.72998046875,True,0.02306604300933679,
2024-01-26,FP,4850.0,-37.27001953125,True,0.0076259382809433784,
2024-01-26,FP,4885.0,-2.27001953125,False,0.0004644759798779763,
2024-01-26,FP,4895.0,7.72998046875,False,0.0015816561061408052,
2024-01-26,FN,4930.0,42.72998046875,False,0.00874316692352295,25.0
2024-01-26,FN,4935.0,47.72998046875,False,0.009766221046447754,37.0
2024-01-26,FN,4940.0,52.72998046875,False,0.010789275169372559,28.0
2024-01-26,FN,4910.0,22.72998046875,False,0.00465083122253418,12.0
2024-01-26,FN,4920.0,32.72998046875,False,0.006696939468383789,18.0
2024-01-29,FP,4800.0,-120.72998046875,True,0.024534973662027504,
2024-01-29,FP,5000.0,79.27001953125,True,0.016109402435388054,
2024-01-29,FP,4850.0,-70.72998046875,True,0.01437387963767367,
2024-01-29,FP,4915.0,-5.72998046875,False,0.0011644574060135637,
2024-01-29,FP,4920.0,-0.72998046875,False,0.00014834800357821365,
2024-01-29,FN,4870.0,-50.72998046875,False,0.010309457778930664,14.0
2024-01-29,FN,4970.0,49.27001953125,False,0.01001274585723877,24.0
2024-01-29,FN,4940.0,19.27001953125,False,0.003916144371032715,18.0
2024-01-29,FN,4975.0,54.27001953125,True,0.011028885841369629,12.0
2024-01-29,FN,4880.0,-40.72998046875,False,0.00827723741531372,21.0
2024-01-30,FP,4800.0,-126.009765625,True,0.025580494481421745,
2024-01-30,FP,4850.0,-76.009765625,True,0.015430291298936583,
2024-01-30,FP,4875.0,-51.009765625,True,0.010355189707694001,
2024-01-30,FP,4920.0,-6.009765625,False,0.0012200068434573552,
2024-01-30,FN,4960.0,33.990234375,False,0.006900191307067871,20.0
2024-01-30,FN,4880.0,-46.009765625,False,0.009340167045593262,22.0
2024-01-30,FN,4970.0,43.990234375,False,0.008930206298828125,23.0
2024-01-30,FN,4955.0,28.990234375,False,0.005885124206542969,32.0
2024-01-31,FP,4775.0,-76.77978515625,True,0.015825076272248273,
2024-01-31,FP,4845.0,-6.77978515625,False,0.0013973810552969645,
2024-01-31,FP,4850.0,-1.77978515625,True,0.00036683139694326794,
2024-01-31,FP,4950.0,98.22021484375,True,0.02024416177013011,
2024-01-31,FP,4855.0,3.22021484375,False,0.0006637182614104287,
2024-01-31,FP,4825.0,-26.77978515625,True,0.00551957968871164,
2024-01-31,FN,4810.0,-41.77978515625,False,0.008611202239990234,18.0
2024-01-31,FN,4815.0,-36.77978515625,False,0.007580697536468506,37.0
2024-01-31,FN,4785.0,-66.77978515625,False,0.013763964176177979,25.0
2024-01-31,FN,4820.0,-31.77978515625,False,0.006550133228302002,22.0
2024-01-31,FN,4890.0,38.22021484375,False,0.007877588272094727,14.0
2024-01-31,FN,4830.0,-21.77978515625,False,0.004489004611968994,23.0
2024-02-01,FP,4800.0,-102.02978515625,True,0.02081378319348537,
2024-02-01,FP,4905.0,2.97021484375,False,0.0006059152991571004,
2024-02-01,FP,4910.0,7.97021484375,False,0.001625900941663927,
2024-02-01,FP,4890.0,-12.02978515625,False,0.0024540416283632682,
2024-02-01,FP,4895.0,-7.02978515625,False,0.0014340559858564417,
2024-02-01,FN,4960.0,57.97021484375,False,0.011825799942016602,22.0
2024-02-01,FN,4870.0,-32.02978515625,False,0.006533980369567871,16.0
2024-02-01,FN,4970.0,67.97021484375,False,0.01386570930480957,24.0
2024-02-01,FN,4975.0,72.97021484375,True,0.014885663986206055,13.0
2024-02-01,FN,4880.0,-22.02978515625,False,0.004494011402130127,11.0
2024-02-02,FP,4800.0,-165.06982421875,True,0.03324622413436529,
2024-02-02,FP,4965.0,-0.06982421875,False,1.4063088983995442e-05,
2024-02-02,FP,4970.0,4.93017578125,False,0.0009929720942092324,
2024-02-02,FP,4850.0,-115.06982421875,True,0.023175872302431566,
2024-02-02,FP,4955.0,-10.06982421875,False,0.002028133455370784,
2024-02-02,FN,4935.0,-30.06982421875,False,0.006056249141693115,16.0
2024-02-02,FN,4910.0,-55.06982421875,False,0.011091470718383789,23.0
2024-02-02,FN,5010.0,44.93017578125,False,0.009049296379089355,27.0
2024-02-02,FN,5015.0,49.93017578125,False,0.010056257247924805,53.0
2024-02-02,FN,4990.0,24.93017578125,False,0.005021095275878906,15.0
2024-02-05,FP,4800.0,-145.5400390625,True,0.029428543275951125,
2024-02-05,FP,4930.0,-15.5400390625,False,0.0031422329896748646,
2024-02-05,FP,4940.0,-5.5400390625,False,0.0011202091214997933,
2024-02-05,FP,4945.0,-0.5400390625,False,0.00010919718741220219,
2024-02-05,FP,4850.0,-95.5400390625,True,0.019318423935075657,
2024-02-05,FP,4950.0,4.4599609375,True,0.0009018147466752779,
2024-02-05,FN,4960.0,14.4599609375,False,0.0029238462448120117,13.0
2024-02-05,FN,4970.0,24.4599609375,False,0.004945874214172363,14.0
2024-02-05,FN,4980.0,34.4599609375,False,0.006967902183532715,16.0
2024-02-05,FN,4985.0,39.4599609375,False,0.00797891616821289,19.0
2024-02-05,FN,4955.0,9.4599609375,False,0.001912832260131836,11.0
2024-02-05,FN,4990.0,44.4599609375,False,0.008989930152893066,24.0
2024-02-06,FP,4800.0,-143.8798828125,True,0.029102625108814117,
2024-02-06,FP,4935.0,-8.8798828125,False,0.0017961364399995405,
2024-02-06,FP,4940.0,-3.8798828125,False,0.0007847850078211982,
2024-02-06,FP,4945.0,1.1201171875,False,0.00022656642435703311,
2024-02-06,FP,4850.0,-93.8798828125,True,0.018989110787030916,
2024-02-06,FP,4955.0,11.1201171875,False,0.002249269288713718,
2024-02-06,FN,4960.0,16.1201171875,False,0.0032606124877929688,13.0
2024-02-06,FN,4970.0,26.1201171875,False,0.005283355712890625,14.0
2024-02-06,FN,5005.0,61.1201171875,False,0.012362837791442871,24.0
2024-02-06,FN,5010.0,66.1201171875,False,0.013374090194702148,32.0
2024-02-06,FN,5015.0,71.1201171875,False,0.014385461807250977,48.0
2024-02-06,FN,4990.0,46.1201171875,False,0.009328722953796387,22.0
2024-02-07,FP,4995.0,-1.0498046875,False,0.0002101269459954258,
2024-02-07,FP,4900.0,-96.0498046875,True,0.019225149556632126,
2024-02-07,FP,5005.0,8.9501953125,False,0.0017914543814401274,
2024-02-07,FP,5010.0,13.9501953125,False,0.0027922450451578484,
2024-02-07,FP,4990.0,-6.0498046875,False,0.0012109176097131469,
2024-02-07,FN,4960.0,-36.0498046875,False,0.007215678691864014,14.0
2024-02-07,FN,5030.0,33.9501953125,False,0.006795406341552734,18.0
2024-02-07,FN,4970.0,-26.0498046875,False,0.005214095115661621,13.0
2024-02-07,FN,5040.0,43.9501953125,False,0.008796930313110352,26.0
2024-02-07,FN,5015.0,18.9501953125,False,0.003793001174926758,24.0
2024-02-08,FP,4995.0,-1.93017578125,False,0.00038627231387078353,
2024-02-08,FP,4900.0,-96.93017578125,True,0.019397944812405865,
2024-02-08,FP,5005.0,8.06982421875,False,0.001614956370185494,
2024-02-08,FP,4950.0,-46.93017578125,True,0.009391801392124255,
2024-02-08,FP,4985.0,-11.93017578125,False,0.002387500997927172,
2024-02-08,FP,4990.0,-6.93017578125,False,0.0013868866558990334,
2024-02-08,FN,4960.0,-36.93017578125,False,0.00739055871963501,15.0
2024-02-08,FN,4970.0,-26.93017578125,False,0.0053893327713012695,13.0
2024-02-08,FN,5040.0,43.06982421875,False,0.008619308471679688,23.0
2024-02-08,FN,5045.0,48.06982421875,False,0.009619832038879395,21.0
2024-02-08,FN,5015.0,18.06982421875,False,0.0036162137985229492,22.0
2024-02-08,FN,4955.0,-41.93017578125,False,0.008391201496124268,17.0
2024-02-09,FP,4900.0,-121.75,True,0.02424453626723755,
2024-02-09,FP,5030.0,8.25,False,0.0016428535868970862,
2024-02-09,FP,5005.0,-16.75,False,0.0033354906158211683,
2024-02-09,FP,4950.0,-71.75,True,0.01428784786180115,
2024-02-09,FP,5020.0,-1.75,False,0.00034848409419030446,
2024-02-09,FN,5060.0,38.25,False,0.007616877555847168,26.0
2024-02-09,FN,4970.0,-51.75,False,0.010305166244506836,17.0
2024-02-09,FN,5040.0,18.25,False,0.003634214401245117,15.0
2024-02-09,FN,5075.0,53.25,True,0.010603904724121094,16.0
2024-02-09,FN,5080.0,58.25,False,0.011599540710449219,27.0
2024-02-12,FP,4900.0,-125.3798828125,True,0.02494933432621016,
2024-02-12,FP,5100.0,74.6201171875,True,0.014848652027822151,
2024-02-12,FP,5010.0,-15.3798828125,False,0.0030604418314924553,
2024-02-12,FP,4950.0,-75.3798828125,True,0.014999837737702082,
2024-02-12,FP,5020.0,-5.3798828125,False,0.0010705425137907953,
2024-02-12,FN,5060.0,34.6201171875,False,0.0068891048431396484,25.0
2024-02-12,FN,5070.0,44.6201171875,False,0.008878946304321289,27.0
2024-02-12,FN,5040.0,14.6201171875,False,0.0029093027114868164,11.0
2024-02-12,FN,5075.0,49.6201171875,True,0.00987386703491211,13.0
2024-02-12,FN,5080.0,54.6201171875,False,0.01086890697479248,16.0
2024-02-13,FP,4800.0,-141.240234375,True,0.028583964283385055,
2024-02-13,FP,4935.0,-6.240234375,False,0.0012628882788552342,
2024-02-13,FP,4940.0,-1.240234375,False,0.0002509965749837306,
2024-02-13,FP,4910.0,-31.240234375,False,0.006322346798212641,
2024-02-13,FP,5050.0,108.759765625,True,0.022010620910188683,
2024-02-13,FN,5010.0,68.759765625,False,0.013915538787841797,25.0
2024-02-13,FN,4885.0,-56.240234375,False,0.011381804943084717,22.0
2024-02-13,FN,4920.0,-21.240234375,False,0.004298567771911621,16.0
2024-02-13,FN,4890.0,-51.240234375,False,0.01036989688873291,19.0
2024-02-13,FN,4895.0,-46.240234375,False,0.009358048439025879,17.0
2024-02-14,FP,4995.0,-0.9501953125,False,0.00019019311149093276,
2024-02-14,FP,4900.0,-95.9501953125,True,0.019205594844105223,
2024-02-14,FP,4970.0,-25.9501953125,False,0.00519424619902098,
2024-02-14,FP,5005.0,9.0498046875,False,0.001811428123521086,
2024-02-14,FP,4985.0,-10.9501953125,False,0.0021918143465029516,
2024-02-14,FP,4990.0,-5.9501953125,False,0.0011910037289969422,
2024-02-14,FN,5060.0,64.0498046875,False,0.01282036304473877,27.0
2024-02-14,FN,5030.0,34.0498046875,False,0.006815433502197266,15.0
2024-02-14,FN,5070.0,74.0498046875,False,0.014822006225585938,38.0
2024-02-14,FN,5040.0,44.0498046875,False,0.008817076683044434,18.0
2024-02-14,FN,5010.0,14.0498046875,False,0.0028122663497924805,11.0
2024-02-14,FN,5015.0,19.0498046875,False,0.003813028335571289,20.0
2024-02-15,FP,4800.0,-225.02978515625,True,0.04478178135798905,
2024-02-15,FP,4900.0,-125.02978515625,True,0.02488140180294718,
2024-02-15,FP,5010.0,-15.02978515625,False,0.0029909842924010777,
2024-02-15,FP,4950.0,-75.02978515625,True,0.014931212025426244,
2024-02-15,FP,5020.0,-5.02978515625,False,0.0010009463368969573,
2024-02-15,FN,5070.0,44.97021484375,False,0.00894927978515625,35.0
2024-02-15,FN,5040.0,14.97021484375,False,0.0029791593551635742,11.0
2024-02-15,FN,5075.0,49.97021484375,True,0.009944319725036621,12.0
2024-02-15,FN,5015.0,-10.02978515625,False,0.001995980739593506,15.0
2024-02-15,FN,5080.0,54.97021484375,False,0.010939240455627441,27.0
2024-02-16,FP,4800.0,-207.97998046875,True,0.041529714831105013,
2024-02-16,FP,4995.0,-12.97998046875,False,0.0025918594961186203,
2024-02-16,FP,4900.0,-107.97998046875,True,0.021561583890086333,
2024-02-16,FP,5000.0,-7.97998046875,True,0.001593452949067764,
2024-02-16,FP,5005.0,-2.97998046875,False,0.0005950464020167967,
2024-02-16,FP,5010.0,2.02001953125,False,0.0004033601450341706,
2024-02-16,FN,5070.0,62.02001953125,False,0.012384295463562012,54.0
2024-02-16,FN,4975.0,-32.97998046875,True,0.006585478782653809,12.0
2024-02-16,FN,5040.0,32.02001953125,False,0.006393790245056152,17.0
2024-02-16,FN,5075.0,67.02001953125,True,0.013382673263549805,21.0
2024-02-16,FN,5080.0,72.02001953125,False,0.014381051063537598,31.0
2024-02-16,FN,4925.0,-82.97998046875,True,0.016569554805755615,18.0
2024-02-20,FP,4800.0,-169.60009765625,True,0.03412751415073345,
2024-02-20,FP,5025.0,55.39990234375,True,0.011147758623450965,
2024-02-20,FP,4900.0,-69.60009765625,True,0.014005170695540414,
2024-02-20,FP,4965.0,-4.60009765625,False,0.0009256474496649458,
2024-02-20,FP,4975.0,5.39990234375,True,0.0010865868958545022,
2024-02-20,FN,4940.0,-29.60009765625,False,0.00595623254776001,27.0
2024-02-20,FN,4910.0,-59.60009765625,False,0.011992931365966797,30.0
2024-02-20,FN,5015.0,45.39990234375,False,0.00913548469543457,23.0
2024-02-20,FN,4920.0,-49.60009765625,False,0.00998067855834961,25.0
2024-02-20,FN,4925.0,-44.60009765625,True,0.008974611759185791,12.0
2024-02-21,FP,4960.0,-8.68994140625,False,0.0017489401650589986,
2024-02-21,FP,5025.0,56.31005859375,True,0.01133297896584251,
2024-02-21,FP,4900.0,-68.68994140625,True,0.013824557824352657,
2024-02-21,FP,4970.0,1.31005859375,False,0.0002636627781567036,
2024-02-21,FP,4750.0,-218.68994140625,True,0.04401360197258675,
2024-02-21,FP,4980.0,11.31005859375,False,0.0022762657213721837,
2024-02-21,FN,4930.0,-38.68994140625,False,0.007786750793457031,27.0
2024-02-21,FN,4910.0,-58.68994140625,False,0.011811971664428711,25.0
2024-02-21,FN,4915.0,-53.68994140625,False,0.010805666446685791,30.0
2024-02-21,FN,5015.0,46.31005859375,False,0.009320378303527832,24.0
2024-02-21,FN,4925.0,-43.68994140625,True,0.008793056011199951,11.0
2024-02-21,FN,4990.0,21.31005859375,False,0.004288911819458008,21.0
2024-02-22,FP,4800.0,-287.740234375,True,0.056555606442109774,
2024-02-22,FP,4900.0,-187.740234375,True,0.03690051490965374,
2024-02-22,FP,5000.0,-87.740234375,True,0.0172454233771977,
2024-02-22,FP,4950.0,-137.740234375,True,0.027072969143425718,
2024-02-22,FN,5130.0,42.259765625,False,0.008306145668029785,25.0
2024-02-22,FN,5115.0,27.259765625,False,0.005357980728149414,53.0
2024-02-22,FN,5070.0,-17.740234375,False,0.0034868717193603516,14.0
2024-02-22,FN,5150.0,62.259765625,True,0.012237191200256348,16.0
2024-02-23,FP,4800.0,-291.60009765625,True,0.05727081704442549,
2024-02-23,FP,5090.0,-1.60009765625,False,0.0003142622408595086,
2024-02-23,FP,5095.0,3.39990234375,False,0.0006677473247191923,
2024-02-23,FP,5000.0,-91.60009765625,True,0.01799043442127657,
2024-02-23,FP,5085.0,-6.60009765625,False,0.0012962718064382095,
2024-02-23,FN,5130.0,38.39990234375,False,0.007541775703430176,29.0
2024-02-23,FN,5070.0,-21.60009765625,False,0.004242300987243652,18.0
2024-02-23,FN,5110.0,18.39990234375,False,0.0036138296127319336,23.0
2024-02-23,FN,5115.0,23.39990234375,False,0.004595756530761719,42.0
2024-02-23,FN,5150.0,58.39990234375,True,0.011469841003417969,12.0
2024-02-26,FP,5090.0,13.83984375,False,0.0027264395377595285,
2024-02-26,FP,4900.0,-176.16015625,True,0.03470342755697009,
2024-02-26,FP,5000.0,-76.16015625,True,0.015003497507112384,
2024-02-26,FP,4950.0,-126.16015625,True,0.024853462532041237,
2024-02-26,FP,5080.0,3.83984375,False,0.0007564465327738468,
2024-02-26,FP,5150.0,73.83984375,True,0.014546397567674285,
2024-02-26,FN,5060.0,-16.16015625,False,0.0031835436820983887,24.0
2024-02-26,FN,5125.0,48.83984375,True,0.009621381759643555,13.0
2024-02-26,FN,5130.0,53.83984375,False,0.01060640811920166,35.0
2024-02-26,FN,5040.0,-36.16015625,False,0.00712352991104126,12.0
2024-02-26,FN,5015.0,-61.16015625,False,0.012048482894897461,21.0
2024-02-26,FN,5115.0,38.83984375,False,0.0076514482498168945,40.0
2024-02-27,FP,4900.0,-176.35986328125,True,0.03474140290110461,
2024-02-27,FP,5000.0,-76.35986328125,True,0.01504224785827002,
2024-02-27,FP,5110.0,33.64013671875,False,0.006626822688848177,
2024-02-27,FP,4950.0,-126.35986328125,True,0.02489182537968726,
2024-02-27,FP,5150.0,73.64013671875,True,0.014506484705981926,
2024-02-27,FN,5090.0,13.64013671875,False,0.0026869773864746094,14.0
2024-02-27,FN,5125.0,48.64013671875,True,0.009581685066223145,11.0
2024-02-27,FN,5130.0,53.64013671875,False,0.01056671142578125,34.0
2024-02-27,FN,5015.0,-61.35986328125,False,0.012087345123291016,21.0
2024-02-27,FN,5115.0,38.64013671875,False,0.007611751556396484,33.0
2024-02-28,FP,5060.0,-5.97998046875,False,0.001180419285469969,
2024-02-28,FP,4900.0,-165.97998046875,True,0.0327636471341507,
2024-02-28,FP,5000.0,-65.97998046875,True,0.013024129728725242,
2024-02-28,FP,5065.0,-0.97998046875,False,0.0001934434151986686,
2024-02-28,FP,5050.0,-15.97998046875,True,0.003154371026012459,
2024-02-28,FN,5090.0,24.02001953125,False,0.0047414302825927734,22.0
2024-02-28,FN,5125.0,59.02001953125,True,0.011650323867797852,18.0
2024-02-28,FN,5130.0,64.02001953125,False,0.01263725757598877,36.0
2024-02-28,FN,5080.0,14.02001953125,False,0.0027674436569213867,12.0
2024-02-28,FN,5115.0,49.02001953125,False,0.009676337242126465,42.0
2024-02-29,FP,5025.0,-68.31982421875,True,0.013413613630522292,
2024-02-29,FP,5090.0,-3.31982421875,False,0.0006517996774842993,
2024-02-29,FP,5095.0,1.68017578125,False,0.0003298783189031873,
2024-02-29,FP,5000.0,-93.31982421875,True,0.018322003612459947,
2024-02-29,FP,5015.0,-78.31982421875,False,0.015376969623297376,
2024-02-29,FP,5085.0,-8.31982421875,False,0.001633477673871786,
2024-02-29,FN,5125.0,31.68017578125,True,0.006219983100891113,15.0
2024-02-29,FN,5160.0,66.68017578125,False,0.013091683387756348,42.0
2024-02-29,FN,5130.0,36.68017578125,False,0.007201671600341797,26.0
2024-02-29,FN,5135.0,41.68017578125,False,0.00818336009979248,49.0
2024-02-29,FN,5140.0,46.68017578125,False,0.009164929389953613,33.0
2024-02-29,FN,5115.0,21.68017578125,False,0.004256606101989746,29.0
2024-03-01,FP,5000.0,-137.06005859375,True,0.026680641656984916,
2024-03-01,FP,5135.0,-2.06005859375,False,0.000401018981723511,
2024-03-01,FP,5145.0,7.93994140625,False,0.0015456197349623668,
2024-03-01,FP,5050.0,-87.06005859375,True,0.01694744807355486,
2024-03-01,FP,5150.0,12.93994140625,True,0.0025189390933055833,
2024-03-01,FN,5170.0,32.93994140625,False,0.0064122676849365234,25.0
2024-03-01,FN,5175.0,37.93994140625,True,0.0073854923248291016,18.0
2024-03-01,FN,5080.0,-57.06005859375,False,0.01110750436782837,14.0
2024-03-01,FN,5115.0,-22.06005859375,False,0.004294276237487793,32.0
2024-03-01,FN,5180.0,42.93994140625,False,0.00835883617401123,34.0
2024-03-04,FP,5120.0,-14.25,False,0.0027754784048302783,
2024-03-04,FP,5000.0,-134.25,True,0.026147928129717113,
2024-03-04,FP,5135.0,0.75,False,0.000146077810780465,
2024-03-04,FP,5050.0,-84.25,True,0.016409407411014265,
2024-03-04,FP,5150.0,15.75,True,0.0030676340263913193,
2024-03-04,FN,5160.0,25.75,False,0.005015373229980469,27.0
2024-03-04,FN,5170.0,35.75,False,0.006963014602661133,22.0
2024-03-04,FN,5175.0,40.75,True,0.007936835289001465,15.0
2024-03-04,FN,5080.0,-54.25,False,0.010566294193267822,13.0
2024-03-04,FN,5180.0,45.75,False,0.008910775184631348,37.0
2024-03-05,FP,5000.0,-64.83984375,True,0.012801953418134726,
2024-03-05,FP,5065.0,0.16015625,False,3.1621187429609066e-05,
2024-03-05,FP,5060.0,-4.83984375,False,0.0009555768591522629,
2024-03-05,FP,4900.0,-164.83984375,True,0.03254591434977194,
2024-03-05,FN,5085.0,20.16015625,False,0.003980398178100586,15.0
2024-03-05,FN,5010.0,-54.83984375,False,0.01082754135131836,17.0
2024-03-05,FN,5020.0,-44.83984375,False,0.008853137493133545,12.0
2024-03-05,FN,5125.0,60.16015625,True,0.011878013610839844,20.0
2024-03-06,FP,5025.0,-80.72998046875,True,0.015811643149475474,
2024-03-06,FP,5000.0,-105.72998046875,True,0.020708102636293968,
2024-03-06,FP,5105.0,-0.72998046875,False,0.000142972791656093,
2024-03-06,FP,5110.0,4.27001953125,False,0.0008363191057074726,
2024-03-06,FP,5150.0,44.27001953125,True,0.00867065428461733,
2024-03-06,FN,5160.0,54.27001953125,False,0.01062929630279541,34.0
2024-03-06,FN,5130.0,24.27001953125,False,0.004753470420837402,19.0
2024-03-06,FN,5170.0,64.27001953125,False,0.012587785720825195,30.0
2024-03-06,FN,5175.0,69.27001953125,True,0.013567090034484863,20.0
2024-03-06,FN,5180.0,74.27001953125,False,0.014546394348144531,45.0
2024-03-07,FP,5155.0,-5.1298828125,False,0.0009941383122131775,
2024-03-07,FP,5000.0,-160.1298828125,True,0.031032141912912925,
2024-03-07,FP,5160.0,-0.1298828125,False,2.517045412608887e-05,
2024-03-07,FP,5165.0,4.8701171875,False,0.0009437974039609998,
2024-03-07,FP,5075.0,-85.1298828125,True,0.016497624041606596,
2024-03-07,FP,5050.0,-110.1298828125,True,0.02134246333204204,
2024-03-07,FN,5125.0,-35.1298828125,True,0.006807923316955566,11.0
2024-03-07,FN,5225.0,64.8701171875,True,0.012571454048156738,24.0
2024-03-07,FN,5195.0,34.8701171875,False,0.006757616996765137,39.0
2024-03-07,FN,5210.0,49.8701171875,False,0.009664535522460938,33.0
2024-03-07,FN,5115.0,-45.1298828125,False,0.008745908737182617,28.0
2024-03-07,FN,5180.0,19.8701171875,False,0.003850698471069336,29.0
2024-03-08,FP,5120.0,-9.1298828125,False,0.001780006165001513,
2024-03-08,FP,5000.0,-129.1298828125,True,0.025175787270509287,
2024-03-08,FP,5100.0,-29.1298828125,True,0.005679303015919568,
2024-03-08,FP,5135.0,5.8701171875,False,0.0011444664731870002,
2024-03-08,FP,5140.0,10.8701171875,False,0.0021192906859164307,
2024-03-08,FP,5150.0,20.8701171875,True,0.0040689391113752915,
2024-03-08,FN,5090.0,-39.1298828125,False,0.007628977298736572,19.0
2024-03-08,FN,5160.0,30.8701171875,False,0.006018638610839844,25.0
2024-03-08,FN,5170.0,40.8701171875,False,0.00796818733215332,23.0
2024-03-08,FN,5175.0,45.8701171875,True,0.00894308090209961,15.0
2024-03-08,FN,5080.0,-49.1298828125,False,0.009578585624694824,16.0
2024-03-08,FN,5115.0,-14.1298828125,False,0.002754807472229004,12.0
2024-03-11,FP,5120.0,-1.0498046875,False,0.0002049979452531936,
2024-03-11,FP,5115.0,-6.0498046875,False,0.001181360251947261,
2024-03-11,FP,5000.0,-121.0498046875,True,0.023637693305911256,
2024-03-11,FP,5110.0,-11.0498046875,False,0.0021577225586413284,
2024-03-11,FN,5040.0,-81.0498046875,False,0.015826821327209473,25.0
2024-03-11,FN,5080.0,-41.0498046875,False,0.008015871047973633,14.0
2024-03-11,FN,5170.0,48.9501953125,False,0.009558677673339844,23.0
2024-03-11,FN,5175.0,53.9501953125,True,0.010535001754760742,13.0
2024-03-12,FP,5000.0,-174.35986328125,True,0.03369689543987031,
2024-03-12,FP,5100.0,-74.35986328125,True,0.014370833348667733,
2024-03-12,FP,5165.0,-9.35986328125,False,0.001808892989386024,
2024-03-12,FP,5170.0,-4.35986328125,False,0.0008425898848258839,
2024-03-12,FP,5075.0,-99.35986328125,True,0.019202348871468433,
2024-03-12,FP,5140.0,-34.35986328125,False,0.006640408512186724,
2024-03-12,FN,5220.0,45.64013671875,False,0.008820414543151855,35.0
2024-03-12,FN,5160.0,-14.35986328125,False,0.0027751922607421875,11.0
2024-03-12,FN,5225.0,50.64013671875,True,0.009786725044250488,14.0
2024-03-12,FN,5130.0,-44.35986328125,False,0.008572995662689209,13.0
2024-03-12,FN,5230.0,55.64013671875,False,0.010753035545349121,34.0
2024-03-12,FN,5210.0,35.64013671875,False,0.00688779354095459,26.0
2024-03-13,FP,5155.0,-9.27001953125,False,0.0017950299841392736,
2024-03-13,FP,5165.0,0.72998046875,False,0.00014135211094479239,
2024-03-13,FP,5170.0,5.72998046875,False,0.001109543158486881,
2024-03-13,FP,5140.0,-24.27001953125,False,0.004699603126765428,
2024-03-13,FP,5145.0,-19.27001953125,False,0.0037314120792233396,
2024-03-13,FN,5225.0,60.72998046875,True,0.011759638786315918,19.0
2024-03-13,FN,5195.0,30.72998046875,False,0.005950450897216797,31.0
2024-03-13,FN,5205.0,40.72998046875,False,0.007886886596679688,26.0
2024-03-13,FN,5210.0,45.72998046875,False,0.008855104446411133,28.0
2024-03-13,FN,5180.0,15.72998046875,False,0.0030459165573120117,13.0
2024-03-14,FP,5120.0,-17.72998046875,False,0.003450936607441668,
2024-03-14,FP,5000.0,-137.72998046875,True,0.026807555280704776,
2024-03-14,FP,5165.0,27.27001953125,False,0.005307795395032011,
2024-03-14,FP,5135.0,-2.72998046875,False,0.000531359273283738,
2024-03-14,FP,5145.0,7.27001953125,False,0.001415025616154919,
2024-03-14,FP,5150.0,12.27001953125,True,0.002388218060874081,
2024-03-14,FN,5090.0,-47.72998046875,False,0.009290099143981934,21.0
2024-03-14,FN,5160.0,22.27001953125,False,0.004334568977355957,12.0
2024-03-14,FN,5225.0,87.27001953125,True,0.01698613166809082,29.0
2024-03-14,FN,5170.0,32.27001953125,False,0.006281018257141113,16.0
2024-03-14,FN,5080.0,-57.72998046875,False,0.011236488819122314,19.0
2024-03-14,FN,5210.0,72.27001953125,False,0.014066576957702637,34.0
2024-03-15,FP,5120.0,4.2001953125,False,0.0008210241746855473,
2024-03-15,FP,5130.0,14.2001953125,False,0.0027757527375267266,
2024-03-15,FP,5100.0,-15.7998046875,True,0.003088432950996811,
2024-03-15,FP,5015.0,-100.7998046875,False,0.019703625735146835,
2024-03-15,FP,5110.0,-5.7998046875,False,0.001133704388155632,
2024-03-15,FP,5175.0,59.2001953125,True,0.011572031270312033,
2024-03-15,FP,5150.0,34.2001953125,True,0.006685209863209085,
2024-03-15,FN,5090.0,-25.7998046875,False,0.005043148994445801,19.0
2024-03-15,FN,5160.0,44.2001953125,False,0.008639931678771973,18.0
2024-03-15,FN,5195.0,79.2001953125,False,0.01548147201538086,29.0
2024-03-15,FN,5105.0,-10.7998046875,False,0.002111077308654785,12.0
2024-03-15,FN,5170.0,54.2001953125,False,0.010594725608825684,16.0
2024-03-15,FN,5050.0,-65.7998046875,True,0.012862086296081543,11.0
2024-03-15,FN,5085.0,-30.7998046875,False,0.006020545959472656,34.0
2024-03-18,FP,5250.0,90.89013671875,True,0.017617406709176553,
2024-03-18,FP,5155.0,-4.10986328125,False,0.000796622555084725,
2024-03-18,FP,5125.0,-34.10986328125,True,0.006611579164851444,
2024-03-18,FP,5000.0,-159.10986328125,True,0.03084056503887944,
2024-03-18,FP,5100.0,-59.10986328125,True,0.011457376339657044,
2024-03-18,FP,5165.0,5.89013671875,False,0.0011416963148374037,
2024-03-18,FP,5175.0,15.89013671875,True,0.0030800151847596435,
2024-03-18,FP,5015.0,-144.10986328125,False,0.027933086733996082,
2024-03-18,FP,5150.0,-9.10986328125,True,0.001765781990045845,
2024-03-18,FN,5190.0,30.89013671875,False,0.00598752498626709,20.0
2024-03-18,FN,5225.0,65.89013671875,True,0.0127716064453125,16.0
2024-03-18,FN,5195.0,35.89013671875,False,0.006956696510314941,22.0
2024-03-18,FN,5135.0,-24.10986328125,False,0.0046732425689697266,30.0
2024-03-18,FN,5170.0,10.89013671875,False,0.0021108388900756836,12.0
2024-03-18,FN,5075.0,-84.10986328125,True,0.016303181648254395,13.0
2024-03-18,FN,5210.0,50.89013671875,False,0.009864091873168945,25.0
2024-03-18,FN,5115.0,-44.10986328125,False,0.008549869060516357,29.0
2024-03-18,FN,5180.0,20.89013671875,False,0.004049181938171387,19.0
2024-03-19,FP,5185.0,13.009765625,False,0.0025154273375329605,
2024-03-19,FP,5000.0,-171.990234375,True,0.03325416843053719,
2024-03-19,FP,5160.0,-11.990234375,False,0.00231830182031445,
2024-03-19,FP,5100.0,-71.990234375,True,0.013919251799147991,
2024-03-19,FP,5165.0,-6.990234375,False,0.0013515559887449236,
2024-03-19,FP,5180.0,8.009765625,False,0.001548681505963323,
2024-03-19,FN,5220.0,48.009765625,False,0.009282588958740234,20.0
2024-03-19,FN,5125.0,-46.990234375,True,0.009085536003112793,12.0
2024-03-19,FN,5190.0,18.009765625,False,0.003482222557067871,18.0
2024-03-19,FN,5230.0,58.009765625,False,0.011216163635253906,31.0
2024-03-19,FN,5240.0,68.009765625,False,0.013149619102478027,36.0
2024-03-19,FN,5210.0,38.009765625,False,0.007349133491516113,25.0
2024-03-20,FP,5100.0,-116.7099609375,True,0.022372330800719098,
2024-03-20,FP,5230.0,13.2900390625,False,0.002547590178870518,
2024-03-20,FP,5200.0,-16.7099609375,True,0.0032031608164194703,
2024-03-20,FP,5150.0,-66.7099609375,True,0.012787745808569229,
2024-03-20,FP,5215.0,-1.7099609375,False,0.00032778531877453165,
2024-03-20,FN,5195.0,-21.7099609375,False,0.0041615962982177734,15.0
2024-03-20,FN,5170.0,-46.7099609375,False,0.00895392894744873,13.0
2024-03-20,FN,5300.0,83.2900390625,True,0.015966057777404785,12.0
2024-03-20,FN,5205.0,-11.7099609375,False,0.002244710922241211,11.0
2024-03-20,FN,5180.0,-36.7099609375,False,0.007036983966827393,14.0
2024-03-21,FP,5255.0,6.4501953125,False,0.0012289481004332803,
2024-03-21,FP,5000.0,-248.5498046875,True,0.04735590095106257,
2024-03-21,FP,5100.0,-148.5498046875,True,0.028303018970083804,
2024-03-21,FP,5245.0,-3.5498046875,False,0.0006763400976645961,
2024-03-21,FP,5150.0,-98.5498046875,True,0.018776577979594422,
2024-03-21,FN,5280.0,31.4501953125,False,0.00599217414855957,18.0
2024-03-21,FN,5260.0,11.4501953125,False,0.0021816492080688477,11.0
2024-03-21,FN,5230.0,-18.5498046875,False,0.003534257411956787,15.0
2024-03-21,FN,5170.0,-78.5498046875,False,0.014966011047363281,23.0
2024-03-21,FN,5175.0,-73.5498046875,True,0.014013350009918213,12.0
2024-03-22,FP,5250.0,11.85009765625,True,0.002262267761933945,
2024-03-22,FP,5000.0,-238.14990234375,True,0.045464506893396206,
2024-03-22,FP,5100.0,-138.14990234375,True,0.02637379703126408,
2024-03-22,FP,5230.0,-8.14990234375,False,0.001555874210492414,
2024-03-22,FP,5235.0,-3.14990234375,False,0.0006013387173857687,
2024-03-22,FP,5240.0,1.85009765625,False,0.0003531967757208765,
2024-03-22,FP,5245.0,6.85009765625,False,0.0013077322688272996,
2024-03-22,FP,5150.0,-88.14990234375,True,0.01682844210019807,
2024-03-22,FN,5280.0,41.85009765625,False,0.00798952579498291,21.0
2024-03-22,FN,5220.0,-18.14990234375,False,0.003464937210083008,13.0
2024-03-22,FN,5290.0,51.85009765625,False,0.009898543357849121,29.0
2024-03-22,FN,5170.0,-68.14990234375,False,0.01301032304763794,24.0
2024-03-22,FN,5270.0,31.85009765625,False,0.0060803890228271484,16.0
2024-03-22,FN,5175.0,-63.14990234375,True,0.012055754661560059,12.0
2024-03-22,FN,5210.0,-28.14990234375,False,0.005374014377593994,18.0
2024-03-22,FN,5275.0,36.85009765625,True,0.007034897804260254,11.0
2024-03-25,FP,5220.0,-5.18994140625,False,0.000993254114098896,
2024-03-25,FP,5000.0,-225.18994140625,True,0.04309698669932849,
2024-03-25,FP,5225.0,-0.18994140625,True,3.635110079824866e-05,
2024-03-25,FP,5100.0,-125.18994140625,True,0.023958926433314987,
2024-03-25,FP,5200.0,-25.18994140625,True,0.004820866167301596,
2024-03-25,FN,5195.0,-30.18994140625,False,0.00577777624130249,16.0
2024-03-25,FN,5270.0,44.81005859375,False,0.008575797080993652,22.0
2024-03-25,FN,5210.0,-15.18994140625,False,0.0029070377349853516,13.0
2024-03-25,FN,5180.0,-45.18994140625,False,0.008648455142974854,15.0
2024-03-25,FN,5245.0,19.81005859375,False,0.003791213035583496,12.0
2024-03-26,FP,5250.0,36.47021484375,True,0.0069953019061264055,
2024-03-26,FP,5220.0,6.47021484375,False,0.0012410430380913606,
2024-03-26,FP,5000.0,-213.52978515625,True,0.04095685532749871,
2024-03-26,FP,5225.0,11.47021484375,True,0.002200086182763794,
2024-03-26,FP,5100.0,-113.52978515625,True,0.021775992434048708,
2024-03-26,FP,5175.0,-38.52978515625,True,0.007390345263961207,
2024-03-26,FP,5210.0,-3.52978515625,False,0.0006770432512536173,
2024-03-26,FP,5215.0,1.47021484375,False,0.00028199989341892717,
2024-03-26,FN,5185.0,-28.52978515625,False,0.005472242832183838,27.0
2024-03-26,FN,5125.0,-88.52978515625,True,0.016980767250061035,19.0
2024-03-26,FN,5160.0,-53.52978515625,False,0.010267496109008789,22.0
2024-03-26,FN,5195.0,-18.52978515625,False,0.0035541653633117676,14.0
2024-03-26,FN,5230.0,16.47021484375,False,0.003159165382385254,15.0
2024-03-26,FN,5240.0,26.47021484375,False,0.005077242851257324,11.0
2024-03-26,FN,5275.0,61.47021484375,True,0.01179051399230957,12.0
2024-03-26,FN,5245.0,31.47021484375,False,0.006036281585693359,17.0
2024-03-27,FP,5000.0,-243.81005859375,True,0.04649483026071566,
2024-03-27,FP,5235.0,-8.81005859375,False,0.0016800872829693114,
2024-03-27,FP,5240.0,-3.81005859375,False,0.0007265821132300676,
2024-03-27,FP,5275.0,31.18994140625,True,0.005947954074944972,
2024-03-27,FP,5245.0,1.18994140625,False,0.00022692305650928724,
2024-03-27,FP,5150.0,-93.81005859375,True,0.017889675168537122,
2024-03-27,FN,5320.0,76.18994140625,False,0.01452946662902832,43.0
2024-03-27,FN,5290.0,46.18994140625,False,0.008808493614196777,24.0
2024-03-27,FN,5195.0,-48.81005859375,False,0.009308099746704102,23.0
2024-03-27,FN,5260.0,16.18994140625,False,0.0030874013900756836,11.0
2024-03-27,FN,5270.0,26.18994140625,False,0.004994392395019531,17.0
2024-03-27,FN,5210.0,-33.81005859375,False,0.00644761323928833,18.0
2024-03-28,FP,5255.0,-3.3798828125,False,0.0006427612473468569,
2024-03-28,FP,5000.0,-258.3798828125,True,0.049136785202042677,
2024-03-28,FP,5260.0,1.6201171875,False,0.0003081019674511243,
2024-03-28,FP,5265.0,6.6201171875,False,0.0012589651822489945,
2024-03-28,FP,5240.0,-18.3798828125,False,0.0034953508917406895,
2024-03-28,FP,5245.0,-13.3798828125,False,0.0025444876769427083,
2024-03-28,FN,5280.0,21.6201171875,False,0.004111528396606445,15.0
2024-03-28,FN,5350.0,91.6201171875,True,0.017423629760742188,14.0
2024-03-28,FN,5320.0,61.6201171875,False,0.011718511581420898,37.0
2024-03-28,FN,5290.0,31.6201171875,False,0.006013274192810059,20.0
2024-03-28,FN,5325.0,66.6201171875,True,0.01266932487487793,22.0
2024-03-28,FN,5330.0,71.6201171875,False,0.013620138168334961,28.0
2024-04-01,FP,5250.0,9.27001953125,True,0.0017688412808516407,
2024-04-01,FP,5100.0,-140.72998046875,True,0.026853125612886997,
2024-04-01,FP,5235.0,-5.72998046875,False,0.0010933554085221786,
2024-04-01,FP,5240.0,-0.72998046875,False,0.00013928984539757217,
2024-04-01,FP,5245.0,4.27001953125,False,0.0008147757177270343,
2024-04-01,FP,5150.0,-90.72998046875,True,0.01731246998164071,
2024-04-01,FN,5280.0,39.27001953125,False,0.007493257522583008,19.0
2024-04-01,FN,5290.0,49.27001953125,False,0.009401321411132812,23.0
2024-04-01,FN,5260.0,19.27001953125,False,0.0036770105361938477,13.0
2024-04-01,FN,5270.0,29.27001953125,False,0.005585074424743652,20.0
2024-04-01,FN,5175.0,-65.72998046875,True,0.012542128562927246,11.0
2024-04-01,FN,5310.0,69.27001953125,False,0.013217687606811523,22.0
2024-04-02,FP,5100.0,-104.5400390625,True,0.02008631661547,
2024-04-02,FP,5200.0,-4.5400390625,True,0.0008723228236164893,
2024-04-02,FP,5205.0,0.4599609375,False,8.83768659762918e-05,
2024-04-02,FP,5210.0,5.4599609375,False,0.0010490765555688508,
2024-04-02,FP,5215.0,10.4599609375,False,0.002009776245161632,
2024-04-02,FN,5185.0,-19.5400390625,False,0.00375443696975708,26.0
2024-04-02,FN,5125.0,-79.5400390625,True,0.015282809734344482,11.0
2024-04-02,FN,5190.0,-14.5400390625,False,0.002793729305267334,12.0
2024-04-02,FN,5140.0,-64.5400390625,False,0.01240074634552002,23.0
2024-04-02,FN,5180.0,-24.5400390625,False,0.004715144634246826,20.0
2024-04-03,FP,5225.0,11.81982421875,True,0.0022672963182168715,
2024-04-03,FP,5100.0,-113.18017578125,True,0.02171039019657306,
2024-04-03,FP,5205.0,-8.18017578125,False,0.0015691335241495574,
2024-04-03,FP,5210.0,-3.18017578125,False,0.0006100260635578669,
2024-04-03,FP,5215.0,1.81982421875,False,0.00034908139703371255,
2024-04-03,FN,5285.0,71.81982421875,False,0.013776540756225586,36.0
2024-04-03,FN,5190.0,-23.18017578125,False,0.004446446895599365,18.0
2024-04-03,FN,5160.0,-53.18017578125,False,0.010201096534729004,24.0
2024-04-03,FN,5140.0,-73.18017578125,False,0.014037549495697021,25.0
2024-04-03,FN,5180.0,-33.18017578125,False,0.006364643573760986,17.0
2024-04-04,FP,5250.0,94.39990234375,True,0.018310167692537682,
2024-04-04,FP,5155.0,-0.60009765625,False,0.00011639724666057116,
2024-04-04,FP,5100.0,-55.60009765625,True,0.010784408527249045,
2024-04-04,FP,5170.0,14.39990234375,False,0.002793060375318124,
2024-04-04,FP,5140.0,-15.60009765625,False,0.003025854868639266,
2024-04-04,FP,5175.0,19.39990234375,True,0.0037628795826443184,
2024-04-04,FN,5120.0,-35.60009765625,False,0.0069051384925842285,16.0
2024-04-04,FN,5090.0,-65.60009765625,False,0.012724041938781738,30.0
2024-04-04,FN,5065.0,-90.60009765625,False,0.017573118209838867,43.0
2024-04-04,FN,5225.0,69.39990234375,True,0.013461112976074219,14.0
2024-04-04,FN,5105.0,-50.60009765625,False,0.009814560413360596,24.0
2024-04-04,FN,5075.0,-80.60009765625,True,0.01563352346420288,22.0
2024-04-05,FP,5190.0,-12.080078125,False,0.0023221630470082744,
2024-04-05,FP,5100.0,-102.080078125,True,0.019622934786077573,
2024-04-05,FP,5200.0,-2.080078125,True,0.0003998550760005992,
2024-04-05,FP,5205.0,2.919921875,False,0.0005612989095031828,
2024-04-05,FP,5180.0,-22.080078125,False,0.0042444710180160605,
2024-04-05,FN,5125.0,-77.080078125,True,0.01481717824935913,15.0
2024-04-05,FN,5170.0,-32.080078125,False,0.0061667561531066895,18.0
2024-04-05,FN,5235.0,32.919921875,False,0.006328225135803223,31.0
2024-04-05,FN,5270.0,67.919921875,False,0.013056278228759766,29.0
2024-04-05,FN,5275.0,72.919921875,True,0.014017462730407715,17.0
2024-04-08,FP,5220.0,15.2001953125,False,0.0029204188216442883,
2024-04-08,FP,5100.0,-104.7998046875,True,0.020135222990347534,
2024-04-08,FP,5200.0,-4.7998046875,True,0.0009221881470209414,
2024-04-08,FP,5205.0,0.2001953125,False,3.8463595145366014e-05,
2024-04-08,FP,5175.0,-29.7998046875,True,0.00572544685785259,
2024-04-08,FP,5215.0,10.2001953125,False,0.001959767079477981,
2024-04-08,FN,5125.0,-79.7998046875,True,0.01533198356628418,12.0
2024-04-08,FN,5190.0,-14.7998046875,False,0.002843499183654785,15.0
2024-04-08,FN,5235.0,30.2001953125,False,0.0058023929595947266,25.0
2024-04-08,FN,5140.0,-64.7998046875,False,0.012449979782104492,21.0
2024-04-08,FN,5275.0,70.2001953125,True,0.013487577438354492,11.0
2024-04-08,FN,5180.0,-24.7998046875,False,0.0047647953033447266,18.0
2024-04-09,FP,5185.0,-9.91015625,False,0.0019076665335736598,
2024-04-09,FP,5100.0,-94.91015625,True,0.01826983593466258,
2024-04-09,FP,5205.0,10.08984375,False,0.0019422556784471912,
2024-04-09,FP,5175.0,-19.91015625,True,0.0038326276395841408,
2024-04-09,FP,5210.0,15.08984375,False,0.002904736231452487,
2024-04-09,FN,5125.0,-69.91015625,True,0.013457417488098145,11.0
2024-04-09,FN,5260.0,65.08984375,False,0.012529492378234863,16.0
2024-04-09,FN,5270.0,75.08984375,False,0.014454483985900879,25.0
2024-04-09,FN,5240.0,45.08984375,False,0.008679628372192383,19.0
2024-04-09,FN,5275.0,80.08984375,True,0.015416979789733887,14.0
2024-04-10,FP,5160.0,-1.4501953125,False,0.0002809666387592058,
2024-04-10,FP,5250.0,88.5498046875,True,0.017155993245448586,
2024-04-10,FP,5170.0,8.5498046875,False,0.0016564733483750427,
2024-04-10,FP,5050.0,-111.4501953125,True,0.021592806497235273,
2024-04-10,FN,5240.0,78.5498046875,False,0.015218496322631836,29.0
2024-04-10,FN,5225.0,63.5498046875,True,0.01231241226196289,12.0
2024-04-10,FN,5090.0,-71.4501953125,False,0.013843059539794922,26.0
2024-04-10,FN,5230.0,68.5498046875,False,0.013281106948852539,35.0
2024-04-11,FP,5250.0,39.830078125,True,0.007644679294963597,
2024-04-11,FP,5220.0,9.830078125,False,0.001886709698992295,
2024-04-11,FP,5100.0,-110.169921875,True,0.021145168684892468,
2024-04-11,FP,5205.0,-5.169921875,False,0.000992275098993245,
2024-04-11,FP,5175.0,-35.169921875,True,0.006750244694964436,
2024-04-11,FP,5210.0,-0.169921875,False,3.261349966465765e-05,
2024-04-11,FP,5215.0,4.830078125,False,0.0009270480996639296,
2024-04-11,FN,5125.0,-85.169921875,True,0.016346871852874756,12.0
2024-04-11,FN,5190.0,-20.169921875,False,0.0038712620735168457,13.0
2024-04-11,FN,5160.0,-50.169921875,False,0.009629249572753906,22.0
2024-04-11,FN,5165.0,-45.169921875,False,0.008669555187225342,31.0
2024-04-11,FN,5140.0,-70.169921875,False,0.013467848300933838,20.0
2024-04-11,FN,5270.0,59.830078125,False,0.011483311653137207,25.0
2024-04-11,FN,5275.0,64.830078125,True,0.012442946434020996,11.0
2024-04-12,FP,5120.0,-2.9501953125,False,0.00057587819518512,
2024-04-12,FP,5250.0,127.0498046875,True,0.024800124897515152,
2024-04-12,FP,5130.0,7.0498046875,False,0.0013761220427148668,
2024-04-12,FP,5115.0,-7.9501953125,False,0.0015518783141351689,
2024-04-12,FN,5040.0,-82.9501953125,False,0.01619189977645874,46.0
2024-04-12,FN,5075.0,-47.9501953125,True,0.009359896183013916,15.0
2024-04-12,FN,5060.0,-62.9501953125,False,0.01228785514831543,31.0
2024-04-12,FN,5165.0,42.0498046875,False,0.008208155632019043,36.0
2024-04-15,FP,5200.0,139.259765625,True,0.027517667213796226,
2024-04-15,FP,5025.0,-35.740234375,True,0.007062254278975777,
2024-04-15,FP,5065.0,4.259765625,False,0.0008417277765149223,
2024-04-15,FP,5070.0,9.259765625,False,0.0018297255334511764,
2024-04-15,FN,5120.0,59.259765625,False,0.01170969009399414,21.0
2024-04-15,FN,5090.0,29.259765625,False,0.005781769752502441,25.0
2024-04-15,FN,5140.0,79.259765625,False,0.01566171646118164,23.0
2024-04-15,FN,4975.0,-85.740234375,True,0.016942203044891357,19.0
2024-04-16,FP,5060.0,-3.81005859375,False,0.0007524094603991172,
2024-04-16,FP,5065.0,1.18994140625,False,0.00023498934448196174,
2024-04-16,FP,5070.0,6.18994140625,False,0.0012223881493629296,
2024-04-16,FP,5200.0,136.18994140625,True,0.02689475707626965,
2024-04-16,FP,5150.0,86.18994140625,True,0.017020769027459526,
2024-04-16,FN,4970.0,-93.81005859375,False,0.01852560043334961,53.0
2024-04-16,FN,4975.0,-88.81005859375,True,0.01753818988800049,22.0
2024-04-16,FN,5140.0,76.18994140625,False,0.015046000480651855,18.0
2024-04-16,FN,5020.0,-43.81005859375,False,0.00865161418914795,13.0
2024-04-16,FN,4990.0,-73.81005859375,False,0.0145760178565979,37.0
2024-04-17,FP,4900.0,-128.81005859375,True,0.02561442112406409,
2024-04-17,FP,5030.0,1.18994140625,False,0.0002366248461136422,
2024-04-17,FP,5100.0,71.18994140625,True,0.014156418830055584,
2024-04-17,FP,5020.0,-8.81005859375,False,0.001751917151592286,
2024-04-17,FP,5150.0,121.18994140625,True,0.02409912881858567,
2024-04-17,FN,5090.0,61.18994140625,False,0.012167930603027344,30.0
2024-04-17,FN,5060.0,31.18994140625,False,0.006202220916748047,15.0
2024-04-17,FN,4970.0,-58.81005859375,False,0.011694610118865967,42.0
2024-04-17,FN,4975.0,-53.81005859375,True,0.010700345039367676,14.0
2024-04-17,FN,5085.0,56.18994140625,False,0.011173605918884277,34.0
2024-04-18,FP,5200.0,184.14013671875,True,0.036711579218301704,
2024-04-18,FP,5020.0,4.14013671875,False,0.0008254091684374298,
2024-04-18,FP,4900.0,-115.85986328125,True,0.023098704198138642,
2024-04-18,FP,5030.0,14.14013671875,False,0.0028190852823188894,
2024-04-18,FN,5040.0,24.14013671875,False,0.004812717437744141,14.0
2024-04-18,FN,5060.0,44.14013671875,False,0.008800148963928223,20.0
2024-04-18,FN,4925.0,-90.85986328125,True,0.01811450719833374,24.0
2024-04-18,FN,4990.0,-25.85986328125,False,0.005155622959136963,18.0
2024-04-19,FP,4960.0,3.419921875,False,0.0006899761168175367,
2024-04-19,FP,4800.0,-156.580078125,True,0.031590345693402355,
2024-04-19,FP,4965.0,8.419921875,False,0.0016987361733868944,
2024-04-19,FP,5100.0,143.419921875,True,0.028935257700759998,
2024-04-19,FP,4975.0,18.419921875,True,0.00371625628652561,
2024-04-19,FP,4850.0,-106.580078125,True,0.021502745127708667,
2024-04-19,FP,4955.0,-1.580078125,False,0.00031878393975182107,
2024-04-19,FN,5025.0,68.419921875,True,0.013803839683532715,11.0
2024-04-19,FN,5030.0,73.419921875,False,0.014812588691711426,36.0
2024-04-19,FN,4970.0,13.419921875,False,0.0027074813842773438,14.0
2024-04-19,FN,4875.0,-81.580078125,True,0.01645892858505249,13.0
2024-04-19,FN,5040.0,83.419921875,False,0.016830086708068848,20.0
2024-04-19,FN,4925.0,-31.580078125,True,0.00637131929397583,17.0
2024-04-19,FN,4990.0,33.419921875,False,0.0067424774169921875,29.0
2024-04-22,FP,5025.0,11.97998046875,True,0.0023897731152229262,
2024-04-22,FP,5005.0,-8.02001953125,False,0.00159983792205165,
2024-04-22,FP,5200.0,186.97998046875,True,0.03729886969137497,
2024-04-22,FP,5010.0,-3.02001953125,False,0.0006024351627329505,
2024-04-22,FP,5015.0,1.97998046875,False,0.0003949675965857491,
2024-04-22,FP,5020.0,6.97998046875,False,0.0013923703559042266,
2024-04-22,FP,5150.0,136.97998046875,True,0.02732484209818864,
2024-04-22,FN,4960.0,-53.02001953125,False,0.010576486587524414,22.0
2024-04-22,FN,5065.0,51.97998046875,False,0.010368943214416504,29.0
2024-04-22,FN,4940.0,-73.02001953125,False,0.01456606388092041,48.0
2024-04-22,FN,4975.0,-38.02001953125,True,0.007584273815155029,14.0
2024-04-22,FN,5040.0,26.97998046875,False,0.005381941795349121,17.0
2024-04-22,FN,5075.0,61.97998046875,True,0.012363791465759277,15.0
2024-04-22,FN,4990.0,-23.02001953125,False,0.0045920610427856445,25.0
2024-04-23,FP,4900.0,-170.5,True,0.033625875160240626,
2024-04-23,FP,5065.0,-5.5,False,0.0010847056503303643,
2024-04-23,FP,5070.0,-0.5,False,9.860960457552803e-05,
2024-04-23,FP,5200.0,129.5,True,0.02553988758505077,
2024-04-23,FP,5075.0,4.5,True,0.0008874864411794192,
2024-04-23,FN,5090.0,19.5,False,0.003845810890197754,21.0
2024-04-23,FN,5005.0,-65.5,False,0.012917876243591309,37.0
2024-04-23,FN,5040.0,-30.5,False,0.006015181541442871,16.0
2024-04-23,FN,5105.0,34.5,False,0.006804108619689941,28.0
2024-04-23,FN,5115.0,44.5,False,0.008776307106018066,14.0
2024-04-24,FP,5025.0,-46.02001953125,True,0.009075101134288999,
2024-04-24,FP,5060.0,-11.02001953125,False,0.002173136664577524,
2024-04-24,FP,4900.0,-171.02001953125,True,0.03372497424040111,
2024-04-24,FP,5065.0,-6.02001953125,False,0.0011871417403330753,
2024-04-24,FP,5070.0,-1.02001953125,False,0.00020114681608851548,
2024-04-24,FP,5200.0,128.97998046875,True,0.025434721214268263,
2024-04-24,FP,5150.0,78.97998046875,True,0.015574771971823331,
2024-04-24,FN,5030.0,-41.02001953125,False,0.008089125156402588,26.0
2024-04-24,FN,5095.0,23.97998046875,False,0.004728794097900391,25.0
2024-04-24,FN,5130.0,58.97998046875,False,0.011630773544311523,29.0
2024-04-24,FN,5005.0,-66.02001953125,False,0.013019084930419922,37.0
2024-04-24,FN,5105.0,33.97998046875,False,0.006700873374938965,28.0
2024-04-24,FN,5140.0,68.97998046875,False,0.013602733612060547,27.0
2024-04-24,FN,5085.0,13.97998046875,False,0.002756834030151367,21.0
2024-04-25,FP,5200.0,155.39990234375,True,0.030805197505338278,
2024-04-25,FP,5035.0,-9.60009765625,False,0.001903044338581017,
2024-04-25,FP,4900.0,-144.60009765625,True,0.02866433311996963,
2024-04-25,FP,5045.0,0.39990234375,False,7.927334892920967e-05,
2024-04-25,FN,4970.0,-74.60009765625,False,0.01478809118270874,46.0
2024-04-25,FN,5020.0,-24.60009765625,False,0.004876494407653809,23.0
2024-04-25,FN,5005.0,-39.60009765625,False,0.00784999132156372,33.0
2024-04-25,FN,4975.0,-69.60009765625,True,0.01379692554473877,18.0
2024-04-26,FP,5200.0,96.43994140625,True,0.018896601646503086,
2024-04-26,FP,5250.0,146.43994140625,True,0.02869368435464259,
2024-04-26,FP,5125.0,21.43994140625,True,0.004200977584293941,
2024-04-26,FP,5095.0,-8.56005859375,False,0.0016772720405897612,
2024-04-26,FN,5080.0,-23.56005859375,False,0.004616379737854004,18.0
2024-04-26,FN,5025.0,-78.56005859375,True,0.015393197536468506,11.0
2024-04-26,FN,5170.0,66.43994140625,False,0.013018369674682617,30.0
2024-04-26,FN,5175.0,71.43994140625,True,0.013998031616210938,14.0
2024-04-29,FP,5200.0,95.33984375,True,0.018677020767635,
2024-04-29,FP,5025.0,-79.66015625,True,0.015605378969737349,
2024-04-29,FP,5250.0,145.33984375,True,0.02847199212117002,
2024-04-29,FP,5050.0,-54.66015625,True,0.010707893292969839,
2024-04-29,FN,5160.0,55.33984375,False,0.010841012001037598,20.0
2024-04-29,FN,5170.0,65.33984375,False,0.012800097465515137,27.0
2024-04-29,FN,5075.0,-29.66015625,True,0.005810379981994629,11.0
2024-04-29,FN,5060.0,-44.66015625,False,0.008748888969421387,30.0
2024-04-30,FP,5060.0,-0.169921875,False,3.358027054889412e-05,
2024-04-30,FP,4900.0,-160.169921875,True,0.03165307180349597,
2024-04-30,FP,5065.0,4.830078125,False,0.000954528839855584,
2024-04-30,FP,5070.0,9.830078125,False,0.0019426379502602842,
2024-04-30,FP,5075.0,14.830078125,True,0.0029307470606649844,
2024-04-30,FP,5150.0,89.830078125,True,0.01775238371673371,
2024-04-30,FP,5055.0,-5.169921875,False,0.0010216893809534833,
2024-04-30,FN,5090.0,29.830078125,False,0.005895018577575684,39.0
2024-04-30,FN,5030.0,-30.169921875,False,0.005962252616882324,18.0
2024-04-30,FN,4970.0,-90.169921875,False,0.017819523811340332,43.0
2024-04-30,FN,4975.0,-85.169921875,True,0.01683145761489868,20.0
2024-04-30,FN,5040.0,-20.169921875,False,0.003986001014709473,16.0
2024-04-30,FN,5015.0,-45.169921875,False,0.008926570415496826,22.0
2024-04-30,FN,4990.0,-70.169921875,False,0.013867080211639404,47.0
2024-05-01,FP,5060.0,10.77001953125,False,0.0021330023732153425,
2024-05-01,FP,4900.0,-149.22998046875,True,0.029554997701827013,
2024-05-01,FP,5065.0,15.77001953125,False,0.003123252375560437,
2024-05-01,FP,5100.0,50.77001953125,True,0.010055002391975876,
2024-05-01,FP,5040.0,-9.22998046875,False,0.0018279976361649242,
2024-05-01,FP,5150.0,100.77001953125,True,0.019957502415426598,
2024-05-01,FN,4960.0,-89.22998046875,False,0.01767200231552124,37.0
2024-05-01,FN,5030.0,-19.22998046875,False,0.0038084983825683594,14.0
2024-05-01,FN,4970.0,-79.22998046875,False,0.015691518783569336,40.0
2024-05-01,FN,4975.0,-74.22998046875,True,0.014701247215270996,21.0
2024-05-01,FN,5075.0,25.77001953125,True,0.005103707313537598,11.0
2024-05-01,FN,5015.0,-34.22998046875,False,0.0067792534828186035,18.0
2024-05-02,FP,5025.0,-31.72998046875,True,0.006274802212359543,
2024-05-02,FP,5060.0,3.27001953125,False,0.0006466668269573539,
2024-05-02,FP,4900.0,-156.72998046875,True,0.030994334495634157,
2024-05-02,FP,5125.0,68.27001953125,True,0.013500823614260193,
2024-05-02,FP,5075.0,18.27001953125,True,0.0036130107009504364,
2024-05-02,FP,4950.0,-106.72998046875,True,0.02110652158232429,
2024-05-02,FN,5030.0,-26.72998046875,False,0.005286037921905518,14.0
2024-05-02,FN,5005.0,-51.72998046875,False,0.010229945182800293,33.0
2024-05-02,FN,5010.0,-46.72998046875,False,0.009241163730621338,28.0
2024-05-02,FN,5140.0,83.27001953125,False,0.01646721363067627,25.0
2024-05-02,FN,5045.0,-11.72998046875,False,0.0023196935653686523,13.0
2024-05-02,FN,5015.0,-41.72998046875,False,0.008252382278442383,21.0
2024-05-03,FP,5250.0,119.77001953125,True,0.02334593575477606,
2024-05-03,FP,5140.0,9.77001953125,False,0.0019044018627714099,
2024-05-03,FP,5125.0,-5.22998046875,True,0.0010194436679565877,
2024-05-03,FP,5135.0,4.77001953125,False,0.0009297866858619663,
2024-05-03,FN,5160.0,29.77001953125,False,0.00580286979675293,18.0
2024-05-03,FN,5170.0,39.77001953125,False,0.007752060890197754,22.0
2024-05-03,FN,5060.0,-70.22998046875,False,0.01368945837020874,29.0
2024-05-03,FN,5190.0,59.77001953125,False,0.011650562286376953,21.0
2024-05-06,FP,5160.0,-9.16015625,False,0.001772078243488795,
2024-05-06,FP,5100.0,-69.16015625,True,0.01337937965926228,
2024-05-06,FP,5165.0,-4.16015625,False,0.0008048031255076804,
2024-05-06,FP,5300.0,130.83984375,True,0.0253116250599823,
2024-05-06,FP,5050.0,-119.16015625,True,0.023052130839073426,
2024-05-06,FN,5120.0,-49.16015625,False,0.009510278701782227,16.0
2024-05-06,FN,5190.0,20.83984375,False,0.004031538963317871,13.0
2024-05-06,FN,5225.0,55.83984375,True,0.010802507400512695,11.0
2024-05-06,FN,5130.0,-39.16015625,False,0.0075757503509521484,17.0
2024-05-06,FN,5140.0,-29.16015625,False,0.005641162395477295,12.0
2024-05-07,FP,5185.0,-1.02978515625,False,0.00019856907864235218,
2024-05-07,FP,5195.0,8.97021484375,False,0.0017296882616111287,
2024-05-07,FP,5100.0,-86.02978515625,True,0.016588756470795718,
2024-05-07,FP,5300.0,113.97021484375,True,0.021976390334271123,
2024-05-07,FP,5180.0,-6.02978515625,False,0.0011626977487689816,
2024-05-07,FN,5160.0,-26.02978515625,False,0.005019187927246094,20.0
2024-05-07,FN,5225.0,38.97021484375,True,0.007514476776123047,11.0
2024-05-07,FN,5170.0,-16.02978515625,False,0.003090977668762207,13.0
2024-05-07,FN,5140.0,-46.02978515625,False,0.008875727653503418,17.0
2024-05-07,FN,5210.0,23.97021484375,False,0.004622101783752441,21.0
2024-05-08,FP,5185.0,-3.72021484375,False,0.0007169811995465514,
2024-05-08,FP,5300.0,111.27978515625,True,0.021446480162469417,
2024-05-08,FP,5195.0,6.27978515625,False,0.0012102763101939917,
2024-05-08,FP,5100.0,-88.72021484375,True,0.01709867003234089,
2024-05-08,FN,5170.0,-18.72021484375,False,0.0036078691482543945,16.0
2024-05-08,FN,5125.0,-63.72021484375,True,0.012280523777008057,11.0
2024-05-08,FN,5230.0,41.27978515625,False,0.007955670356750488,19.0
2024-05-08,FN,5210.0,21.27978515625,False,0.004101157188415527,14.0
2024-05-09,FP,5225.0,14.14990234375,True,0.0027154690844233276,
2024-05-09,FP,5100.0,-110.85009765625,True,0.021272939266878677,
2024-05-09,FP,5300.0,89.14990234375,True,0.01710851409520453,
2024-05-09,FP,5205.0,-5.85009765625,False,0.0011226762517849709,
2024-05-09,FP,5215.0,4.14990234375,False,0.0007963964163191228,
2024-05-09,FN,5190.0,-20.85009765625,False,0.004001259803771973,11.0
2024-05-09,FN,5260.0,49.14990234375,False,0.009432196617126465,19.0
2024-05-09,FN,5230.0,19.14990234375,False,0.0036749839782714844,13.0
2024-05-09,FN,5170.0,-40.85009765625,False,0.007839441299438477,18.0
2024-05-09,FN,5275.0,64.14990234375,True,0.01231086254119873,12.0
2024-05-10,FP,5225.0,3.31005859375,True,0.000633905618850017,
2024-05-10,FP,5100.0,-121.68994140625,True,0.023304704563419154,
2024-05-10,FP,5150.0,-71.68994140625,True,0.013729260490511486,
2024-05-10,FP,5215.0,-6.68994140625,False,0.0012811831957315611,
2024-05-10,FN,5280.0,58.31005859375,False,0.011166930198669434,22.0
2024-05-10,FN,5160.0,-61.68994140625,False,0.0118141770362854,19.0
2024-05-10,FN,5260.0,38.31005859375,False,0.007336735725402832,16.0
2024-05-10,FN,5175.0,-46.68994140625,True,0.00894153118133545,11.0
2024-05-13,FP,5250.0,29.419921875,True,0.00563537412217352,
2024-05-13,FP,5220.0,-0.580078125,False,0.00011111372995320501,
2024-05-13,FP,5100.0,-120.580078125,True,0.023097065138460104,
2024-05-13,FP,5150.0,-70.580078125,True,0.013519585384915489,
2024-05-13,FP,5215.0,-5.580078125,False,0.0010688617053077332,
2024-05-13,FN,5280.0,59.419921875,False,0.011381864547729492,21.0
2024-05-13,FN,5160.0,-60.580078125,False,0.011604070663452148,16.0
2024-05-13,FN,5260.0,39.419921875,False,0.007550835609436035,17.0
2024-05-13,FN,5240.0,19.419921875,False,0.003719925880432129,15.0
2024-05-13,FN,5210.0,-10.580078125,False,0.0020266175270080566,11.0
2024-05-14,FP,5255.0,7.10009765625,False,0.0013529407550396666,
2024-05-14,FP,5100.0,-147.89990234375,True,0.02818268356789677,
2024-05-14,FP,5175.0,-72.89990234375,True,0.013891252443895219,
2024-05-14,FP,5240.0,-7.89990234375,False,0.001505345469760555,
2024-05-14,FP,5245.0,-2.89990234375,False,0.0005525833948271108,
2024-05-14,FP,5150.0,-97.89990234375,True,0.01865506281856233,
2024-05-14,FN,5285.0,37.10009765625,False,0.0070694684982299805,26.0
2024-05-14,FN,5290.0,42.10009765625,False,0.008022308349609375,20.0
2024-05-14,FN,5260.0,12.10009765625,False,0.002305746078491211,12.0
2024-05-14,FN,5270.0,22.10009765625,False,0.0042111873626708984,18.0
2024-05-14,FN,5210.0,-37.89990234375,False,0.00722193717956543,21.0
2024-05-14,FN,5310.0,62.10009765625,False,0.0118333101272583,32.0
2024-05-15,FP,5325.0,20.0400390625,True,0.0037776042062640514,
2024-05-15,FP,5295.0,-9.9599609375,False,0.0018774808878557758,
2024-05-15,FP,5200.0,-104.9599609375,True,0.019785250352568395,
2024-05-15,FP,5400.0,95.0400390625,True,0.017915316941563564,
2024-05-15,FP,5305.0,0.0400390625,False,7.547476850833235e-06,
2024-05-15,FN,5280.0,-24.9599609375,False,0.00470501184463501,17.0
2024-05-15,FN,5285.0,-19.9599609375,False,0.003762483596801758,15.0
2024-05-15,FN,5320.0,15.0400390625,False,0.0028350353240966797,13.0
2024-05-15,FN,5260.0,-44.9599609375,False,0.008475065231323242,18.0
2024-05-15,FN,5270.0,-34.9599609375,False,0.006590068340301514,16.0
2024-05-16,FP,5200.0,-100.93017578125,True,0.01904008776466759,
2024-05-16,FP,5305.0,4.06982421875,False,0.0007677566170074535,
2024-05-16,FP,5295.0,-5.93017578125,False,0.0011187047526759475,
2024-05-16,FN,5360.0,59.06982421875,False,0.011143326759338379,30.0
2024-05-16,FN,5265.0,-35.93017578125,False,0.006778061389923096,20.0
2024-05-16,FN,5260.0,-40.93017578125,False,0.007721304893493652,17.0
2024-05-17,FP,5325.0,24.2001953125,True,0.004565385640691311,
2024-05-17,FP,5295.0,-5.7998046875,False,0.0010941376586928175,
2024-05-17,FP,5200.0,-100.7998046875,True,0.019015961440076,
2024-05-17,FP,5305.0,4.2001953125,False,0.0007923701077685585,
2024-05-17,FP,5275.0,-25.7998046875,True,0.00486715319161557,
2024-05-17,FN,5280.0,-20.7998046875,False,0.003923892974853516,11.0
2024-05-17,FN,5320.0,19.2001953125,False,0.0036221742630004883,12.0
2024-05-17,FN,5360.0,59.2001953125,False,0.011168122291564941,30.0
2024-05-17,FN,5370.0,69.2001953125,False,0.013054728507995605,28.0
2024-05-17,FN,5340.0,39.2001953125,False,0.007395148277282715,22.0
2024-05-20,FP,5250.0,-58.080078125,True,0.010941824024914837,
2024-05-20,FP,5315.0,6.919921875,False,0.001303658153824383,
2024-05-20,FP,5290.0,-18.080078125,False,0.0034061426841522913,
2024-05-20,FP,5200.0,-108.080078125,True,0.020361425700868074,
2024-05-20,FP,5305.0,-3.080078125,False,0.0005802621813663089,
2024-05-20,FP,5310.0,1.919921875,False,0.00036169798622909255,
2024-05-20,FN,5280.0,-28.080078125,False,0.005290091037750244,12.0
2024-05-20,FN,5320.0,11.919921875,False,0.002245664596557617,11.0
2024-05-20,FN,5355.0,46.919921875,False,0.00883936882019043,42.0
2024-05-20,FN,5360.0,51.919921875,False,0.009781241416931152,19.0
2024-05-20,FN,5370.0,61.919921875,False,0.0116652250289917,25.0
2024-05-20,FN,5340.0,31.919921875,False,0.00601351261138916,15.0
2024-05-21,FP,5250.0,-69.1298828125,True,0.012996464522492035,
2024-05-21,FP,5315.0,-4.1298828125,False,0.0007764207499133535,
2024-05-21,FP,5200.0,-119.1298828125,True,0.02239649819370637,
2024-05-21,FP,5305.0,-14.1298828125,False,0.0026564274841562874,
2024-05-21,FP,5310.0,-9.1298828125,False,0.001716424117034876,
2024-05-21,FN,5380.0,60.8701171875,False,0.011443614959716797,24.0
2024-05-21,FN,5360.0,40.8701171875,False,0.0076836347579956055,15.0
2024-05-21,FN,5370.0,50.8701171875,False,0.009563565254211426,22.0
2024-05-21,FN,5275.0,-44.1298828125,True,0.008296430110931396,11.0
2024-05-21,FN,5375.0,55.8701171875,True,0.010503649711608887,16.0
2024-05-23,FP,5250.0,-15.52978515625,True,0.0029493300370323494,
2024-05-23,FP,5000.0,-265.52978515625,True,0.050427933368602296,
2024-05-23,FP,5260.0,-5.52978515625,False,0.001050185903769596,
2024-05-23,FP,5325.0,59.47021484375,True,0.011294250962438523,
2024-05-23,FP,5200.0,-65.52978515625,True,0.012445050703346339,
2024-05-23,FP,5265.0,-0.52978515625,False,0.00010061383713821925,
2024-05-23,FP,5270.0,4.47021484375,False,0.0008489582294932685,
2024-05-23,FP,5275.0,9.47021484375,True,0.0017985302961245342,
2024-05-23,FP,5150.0,-115.52978515625,True,0.021940771369660328,
2024-05-23,FN,5220.0,-45.52978515625,False,0.008646786212921143,23.0
2024-05-23,FN,5255.0,-10.52978515625,False,0.0019997358322143555,14.0
2024-05-23,FN,5225.0,-40.52978515625,True,0.007697165012359619,13.0
2024-05-23,FN,5290.0,24.47021484375,False,0.004647254943847656,15.0
2024-05-23,FN,5230.0,-35.52978515625,False,0.006747603416442871,21.0
2024-05-23,FN,5235.0,-30.52978515625,False,0.005798041820526123,20.0
2024-05-23,FN,5240.0,-25.52978515625,False,0.004848480224609375,16.0
2024-05-23,FN,5210.0,-55.52978515625,False,0.010545909404754639,24.0
2024-05-23,FN,5245.0,-20.52978515625,False,0.003898918628692627,19.0
2024-05-24,FP,5200.0,-100.31982421875,True,0.018927126578354492,
2024-05-24,FP,5290.0,-10.31982421875,False,0.0019470191537490633,
2024-05-24,FP,5325.0,24.68017578125,True,0.004656355955819702,
2024-05-24,FP,5150.0,-150.31982421875,True,0.028360519592024125,
2024-05-24,FN,5320.0,19.68017578125,False,0.0037130117416381836,11.0
2024-05-24,FN,5225.0,-75.31982421875,True,0.014210402965545654,14.0
2024-05-24,FN,5380.0,79.68017578125,False,0.015033125877380371,48.0
2024-05-24,FN,5375.0,74.68017578125,True,0.014089703559875488,32.0
2024-05-28,FP,5285.0,-11.89990234375,False,0.0022465786711364233,
2024-05-28,FP,5290.0,-6.89990234375,False,0.0013026303065868383,
2024-05-28,FP,5325.0,28.10009765625,True,0.005305008245259923,
2024-05-28,FP,5200.0,-96.89990234375,True,0.01829370086847859,
2024-05-28,FP,5150.0,-146.89990234375,True,0.027733184513973996,
2024-05-28,FP,5275.0,-21.89990234375,True,0.004134475400235482,
2024-05-28,FP,5310.0,13.10009765625,False,0.0024731631516112795,
2024-05-28,FN,5280.0,-16.89990234375,False,0.0031905174255371094,12.0
2024-05-28,FN,5320.0,23.10009765625,False,0.0043610334396362305,14.0
2024-05-28,FN,5360.0,63.10009765625,False,0.011912703514099121,42.0
2024-05-28,FN,5330.0,33.10009765625,False,0.006248950958251953,21.0
2024-05-28,FN,5305.0,8.10009765625,False,0.0015292167663574219,11.0
2024-05-28,FN,5370.0,73.10009765625,False,0.013800501823425293,48.0
2024-05-28,FN,5340.0,43.10009765625,False,0.008136868476867676,19.0
2024-05-29,FP,5280.0,3.5,False,0.0006633184876339016,
2024-05-29,FP,5350.0,73.5,True,0.013929688240310822,
2024-05-29,FP,5000.0,-276.5,True,0.052402160523074004,
2024-05-29,FP,5300.0,23.5,True,0.004453709845541498,
2024-05-29,FP,5270.0,-6.5,False,0.0012318771913200077,
2024-05-29,FP,5150.0,-126.5,True,0.023974225338766253,
2024-05-29,FN,5220.0,-56.5,False,0.010707855224609375,28.0
2024-05-29,FN,5225.0,-51.5,True,0.009760260581970215,12.0
2024-05-29,FN,5230.0,-46.5,False,0.008812665939331055,26.0
2024-05-29,FN,5235.0,-41.5,False,0.007865071296691895,29.0
2024-05-29,FN,5240.0,-36.5,False,0.006917476654052734,16.0
2024-05-29,FN,5210.0,-66.5,False,0.012603044509887695,25.0
2024-05-30,FP,5000.0,-232.25,True,0.0443881695255387,
2024-05-30,FP,5100.0,-132.25,True,0.02527593291604946,
2024-05-30,FP,5230.0,-2.25,False,0.000430025323713501,
2024-05-30,FP,5235.0,2.75,False,0.0005255865067610443,
2024-05-30,FP,5275.0,42.75,True,0.008170481150556741,
2024-05-30,FP,5150.0,-82.25,True,0.015719814611304894,
2024-05-30,FN,5190.0,-42.25,False,0.008074939250946045,20.0
2024-05-30,FN,5260.0,27.75,False,0.005303621292114258,24.0
2024-05-30,FN,5175.0,-57.25,True,0.010941743850708008,18.0
2024-05-30,FN,5305.0,72.75,False,0.013904094696044922,25.0
2024-05-30,FN,5210.0,-22.25,False,0.004252493381500244,15.0
2024-05-30,FN,5180.0,-52.25,False,0.009986162185668945,38.0
2024-05-31,FP,5250.0,2.77001953125,True,0.0005279013006025401,
2024-05-31,FP,5000.0,-247.22998046875,True,0.047116284475616665,
2024-05-31,FP,5100.0,-147.22998046875,True,0.028058610165129005,
2024-05-31,FP,5300.0,52.77001953125,True,0.010056738455846315,
2024-05-31,FP,5245.0,-2.22998046875,False,0.0004249824149218373,
2024-05-31,FP,5150.0,-97.22998046875,True,0.01852977300988512,
2024-05-31,FN,5280.0,32.77001953125,False,0.006245255470275879,21.0
2024-05-31,FN,5320.0,72.77001953125,False,0.013868331909179688,23.0
2024-05-31,FN,5290.0,42.77001953125,False,0.008150935173034668,17.0
2024-05-31,FN,5260.0,12.77001953125,False,0.0024336576461791992,12.0
2024-05-31,FN,5305.0,57.77001953125,False,0.011009573936462402,22.0
2024-05-31,FN,5210.0,-37.22998046875,False,0.007095158100128174,18.0
2024-06-03,FP,5350.0,81.52978515625,True,0.015475039590532758,
2024-06-03,FP,5255.0,-13.47021484375,False,0.0025567601778971882,
2024-06-03,FP,5000.0,-268.47021484375,True,0.050957906924735674,
2024-06-03,FP,5325.0,56.52978515625,True,0.01072982912515652,
2024-06-03,FP,5265.0,-3.47021484375,False,0.0006586759917466267,
2024-06-03,FP,5270.0,1.52978515625,False,0.0002903661013284875,
2024-06-03,FP,5150.0,-118.47021484375,True,0.022486644132477696,
2024-06-03,FN,5220.0,-48.47021484375,False,0.009200036525726318,30.0
2024-06-03,FN,5320.0,51.52978515625,False,0.00978076457977295,17.0
2024-06-03,FN,5225.0,-43.47021484375,True,0.008251011371612549,14.0
2024-06-03,FN,5290.0,21.52978515625,False,0.004086494445800781,15.0
2024-06-03,FN,5330.0,61.52978515625,False,0.011678814888000488,25.0
2024-06-03,FN,5210.0,-58.47021484375,False,0.011098146438598633,21.0
2024-06-03,FN,5215.0,-53.47021484375,False,0.010149121284484863,26.0
2024-06-04,FP,5280.0,-8.740234375,False,0.001652611772873902,
2024-06-04,FP,5250.0,-38.740234375,True,0.007325040115073511,
2024-06-04,FP,5000.0,-288.740234375,True,0.054595276300069995,
2024-06-04,FP,5290.0,1.259765625,False,0.00023819767452604168,
2024-06-04,FP,5325.0,36.259765625,True,0.006856030740425512,
2024-06-04,FP,5150.0,-138.740234375,True,0.02623313458907206,
2024-06-04,FN,5220.0,-68.740234375,False,0.012997448444366455,32.0
2024-06-04,FN,5320.0,31.259765625,False,0.005910634994506836,17.0
2024-06-04,FN,5225.0,-63.740234375,True,0.012052059173583984,16.0
2024-06-04,FN,5360.0,71.259765625,False,0.013473868370056152,38.0
2024-06-04,FN,5330.0,41.259765625,False,0.007801413536071777,21.0
2024-06-04,FN,5305.0,16.259765625,False,0.0030744075775146484,14.0
2024-06-05,FP,5345.0,-0.1201171875,False,2.2472308360943494e-05,
2024-06-05,FP,5250.0,-95.1201171875,True,0.017795693099886822,
2024-06-05,FP,5000.0,-345.1201171875,True,0.064567326761797,
2024-06-05,FP,5325.0,-20.1201171875,True,0.0037642030013138594,
2024-06-05,FP,5335.0,-10.1201171875,False,0.001893337654837457,
2024-06-05,FP,5340.0,-5.1201171875,False,0.0009579049815992002,
2024-06-05,FP,5150.0,-195.1201171875,True,0.03650434656465096,
2024-06-05,FN,5410.0,64.8798828125,False,0.012138128280639648,41.0
2024-06-05,FN,5380.0,34.8798828125,False,0.006525516510009766,28.0
2024-06-05,FN,5390.0,44.8798828125,False,0.008396387100219727,43.0
2024-06-05,FN,5305.0,-40.1201171875,False,0.007505953311920166,18.0
2024-06-05,FN,5370.0,24.8798828125,False,0.004654645919799805,27.0
2024-06-05,FN,5310.0,-35.1201171875,False,0.0065705180168151855,14.0
2024-06-05,FN,5375.0,29.8798828125,True,0.005590081214904785,12.0
2024-06-06,FP,5345.0,-3.259765625,False,0.0006095002426680374,
2024-06-06,FP,5250.0,-98.259765625,True,0.0183722874226393,
2024-06-06,FP,5320.0,-28.259765625,False,0.0052839179216078724,
2024-06-06,FP,5355.0,6.740234375,False,0.0012602668289078967,
2024-06-06,FP,5325.0,-23.259765625,True,0.004349034385819905,
2024-06-06,FP,5200.0,-148.259765625,True,0.02772112278051897,
2024-06-06,FP,5360.0,11.740234375,False,0.0021951503646959747,
2024-06-06,FN,5410.0,61.740234375,False,0.011543989181518555,28.0
2024-06-06,FN,5380.0,31.740234375,False,0.005934715270996094,30.0
2024-06-06,FN,5285.0,-63.259765625,False,0.011828124523162842,20.0
2024-06-06,FN,5420.0,71.740234375,False,0.013413786888122559,48.0
2024-06-06,FN,5390.0,41.740234375,False,0.007804393768310547,38.0
2024-06-06,FN,5305.0,-43.259765625,False,0.00808858871459961,19.0
2024-06-06,FN,5370.0,21.740234375,False,0.00406491756439209,29.0
2024-06-07,FP,5345.0,-4.77001953125,False,0.0008916307642824473,
2024-06-07,FP,5250.0,-99.77001953125,True,0.01864940346351407,
2024-06-07,FP,5350.0,0.22998046875,True,4.298885146658549e-05,
2024-06-07,FP,5000.0,-349.77001953125,True,0.06538038425096582,
2024-06-07,FP,5355.0,5.22998046875,False,0.0009776084672155072,
2024-06-07,FP,5325.0,-24.77001953125,True,0.004630109227278578,
2024-06-07,FP,5200.0,-149.77001953125,True,0.027995599621004397,
2024-06-07,FP,5360.0,10.22998046875,False,0.001912228082964651,
2024-06-07,FP,5150.0,-199.77001953125,True,0.037341795778494835,
2024-06-07,FN,5410.0,60.22998046875,False,0.011258482933044434,32.0
2024-06-07,FN,5380.0,30.22998046875,False,0.005650758743286133,30.0
2024-06-07,FN,5285.0,-64.77001953125,False,0.01210707426071167,21.0
2024-06-07,FN,5320.0,-29.77001953125,False,0.005564749240875244,12.0
2024-06-07,FN,5385.0,35.22998046875,False,0.006585359573364258,42.0
2024-06-07,FN,5390.0,40.22998046875,False,0.007519960403442383,37.0
2024-06-07,FN,5305.0,-44.77001953125,False,0.008368611335754395,20.0
2024-06-07,FN,5370.0,20.22998046875,False,0.003781437873840332,29.0
2024-06-07,FN,5375.0,25.22998046875,True,0.004716038703918457,15.0
2024-06-10,FP,5345.0,-10.58984375,False,0.0019773440571365652,
2024-06-10,FP,5250.0,-105.58984375,True,0.019715819700648618,
2024-06-10,FP,5320.0,-35.58984375,False,0.006645363963323936,
2024-06-10,FP,5355.0,-0.58984375,False,0.0001101360946615948,
2024-06-10,FP,5200.0,-155.58984375,True,0.02905185951302336,
2024-06-10,FP,5360.0,4.41015625,False,0.0008234678865759459,
2024-06-10,FP,5365.0,9.41015625,False,0.0017570718678132646,
2024-06-10,FP,5340.0,-15.58984375,False,0.002910948038373995,
2024-06-10,FN,5410.0,54.41015625,False,0.010159492492675781,31.0
2024-06-10,FN,5385.0,29.41015625,False,0.005491495132446289,40.0
2024-06-10,FN,5420.0,64.41015625,False,0.012026667594909668,39.0
2024-06-10,FN,5390.0,34.41015625,False,0.006425142288208008,34.0
2024-06-10,FN,5425.0,69.41015625,True,0.012960314750671387,24.0
2024-06-10,FN,5305.0,-50.58984375,False,0.009446203708648682,23.0
2024-06-10,FN,5370.0,14.41015625,False,0.0026906728744506836,18.0
2024-06-10,FN,5375.0,19.41015625,True,0.0036243200302124023,12.0
2024-06-11,FP,5250.0,-118.18017578125,True,0.022014942105412993,
2024-06-11,FP,5450.0,81.81982421875,True,0.015241631528666533,
2024-06-11,FP,5325.0,-43.18017578125,True,0.008043726992633227,
2024-06-11,FP,5200.0,-168.18017578125,True,0.031329085513932875,
2024-06-11,FP,5360.0,-8.18017578125,False,0.0015238266066692763,
2024-06-11,FP,5365.0,-3.18017578125,False,0.0005924122658172992,
2024-06-11,FP,5340.0,-28.18017578125,False,0.0052494839700771845,
2024-06-11,FN,5345.0,-23.18017578125,False,0.004318058490753174,23.0
2024-06-11,FN,5380.0,11.81982421875,False,0.0022017955780029297,18.0
2024-06-11,FN,5385.0,16.81982421875,False,0.0031332969665527344,36.0
2024-06-11,FN,5355.0,-13.18017578125,False,0.0024552345275878906,12.0
2024-06-11,FN,5390.0,21.81982421875,False,0.004064679145812988,35.0
2024-06-11,FN,5395.0,26.81982421875,False,0.004996061325073242,53.0
2024-06-11,FN,5405.0,36.81982421875,False,0.006858944892883301,50.0
2024-06-12,FP,5250.0,-162.9501953125,True,0.030103767711295637,
2024-06-12,FP,5350.0,-62.9501953125,True,0.011629553762939393,
2024-06-12,FP,5325.0,-87.9501953125,True,0.016248107250028454,
2024-06-12,FP,5200.0,-212.9501953125,True,0.03934087468547376,
2024-06-12,FP,5500.0,87.0498046875,True,0.016081767159594973,
2024-06-12,FN,5440.0,27.0498046875,False,0.00499725341796875,26.0
2024-06-12,FN,5475.0,62.0498046875,True,0.011463165283203125,21.0
2024-06-12,FN,5480.0,67.0498046875,False,0.012386918067932129,41.0
2024-06-12,FN,5460.0,47.0498046875,False,0.008692026138305664,25.0
2024-06-12,FN,5470.0,57.0498046875,False,0.010539531707763672,37.0
2024-06-13,FP,5445.0,11.1298828125,False,0.0020482423341874334,
2024-06-13,FP,5350.0,-83.8701171875,True,0.015434693023341883,
2024-06-13,FP,5450.0,16.1298828125,True,0.002968396826689146,
2024-06-13,FP,5430.0,-3.8701171875,False,0.0007122211433171488,
2024-06-13,FP,5435.0,1.1298828125,False,0.0002079333491844526,
2024-06-13,FN,5410.0,-23.8701171875,False,0.004392862319946289,12.0
2024-06-13,FN,5480.0,46.1298828125,False,0.008489370346069336,20.0
2024-06-13,FN,5460.0,26.1298828125,False,0.004808664321899414,15.0
2024-06-13,FN,5470.0,36.1298828125,False,0.006649017333984375,17.0
2024-06-13,FN,5375.0,-58.8701171875,True,0.010833919048309326,13.0
2024-06-14,FP,5350.0,-75.740234375,True,0.013959428778979266,
2024-06-14,FP,5415.0,-10.740234375,False,0.0019794966052658625,
2024-06-14,FP,5450.0,24.259765625,True,0.004471236103656739,
2024-06-14,FP,5300.0,-125.740234375,True,0.023174761220297158,
2024-06-14,FP,5430.0,4.259765625,False,0.0007851031271295383,
2024-06-14,FP,5435.0,9.259765625,False,0.0017066363712612276,
2024-06-14,FN,5440.0,14.259765625,False,0.0026282072067260742,11.0
2024-06-14,FN,5475.0,49.259765625,True,0.00907886028289795,14.0
2024-06-14,FN,5380.0,-45.740234375,False,0.008430242538452148,26.0
2024-06-14,FN,5480.0,54.259765625,False,0.010000467300415039,30.0
2024-06-14,FN,5460.0,34.259765625,False,0.006314277648925781,27.0
2024-06-14,FN,5470.0,44.259765625,False,0.00815737247467041,28.0
2024-06-17,FP,5440.0,-42.75,False,0.0077971820710409645,
2024-06-17,FP,5570.0,87.25,False,0.015913547033878928,
2024-06-17,FP,5350.0,-132.75,True,0.024212302220601,
2024-06-17,FP,5485.0,2.25,False,0.00041037800373899813,
2024-06-17,FP,5400.0,-82.75,True,0.015092791026400931,
2024-06-17,FN,5410.0,-72.75,False,0.013268887996673584,26.0
2024-06-17,FN,5420.0,-62.75,False,0.01144498586654663,15.0
2024-06-17,FN,5520.0,37.25,False,0.006794095039367676,17.0
2024-06-17,FN,5460.0,-22.75,False,0.004149377346038818,23.0
2024-06-17,FN,5525.0,42.25,True,0.007706046104431152,13.0
2024-06-18,FP,5350.0,-133.740234375,True,0.024388506504492202,
2024-06-18,FP,5450.0,-33.740234375,True,0.006152777654108821,
2024-06-18,FP,5485.0,1.259765625,False,0.00022972744352522945,
2024-06-18,FP,5490.0,6.259765625,False,0.001141513886044443,
2024-06-18,FP,5300.0,-183.740234375,True,0.03350637092968378,
2024-06-18,FN,5510.0,26.259765625,False,0.004788637161254883,19.0
2024-06-18,FN,5575.0,91.259765625,True,0.016641855239868164,23.0
2024-06-18,FN,5550.0,66.259765625,True,0.012082934379577637,11.0
2024-06-18,FN,5525.0,41.259765625,True,0.007524013519287109,12.0
2024-06-18,FN,5470.0,-13.740234375,False,0.002505660057067871,18.0
2024-06-20,FP,5475.0,-1.72021484375,True,0.00031409580483732213,
2024-06-20,FP,5350.0,-126.72021484375,True,0.023137974896051072,
2024-06-20,FP,5485.0,8.27978515625,False,0.0015118145224597423,
2024-06-20,FP,5425.0,-51.72021484375,True,0.009443647441322756,
2024-06-20,FP,5490.0,13.27978515625,False,0.0024247696861083856,
2024-06-20,FN,5540.0,63.27978515625,False,0.011554360389709473,31.0
2024-06-20,FN,5510.0,33.27978515625,False,0.0060765743255615234,17.0
2024-06-20,FN,5520.0,43.27978515625,False,0.00790250301361084,23.0
2024-06-20,FN,5460.0,-16.72021484375,False,0.003052949905395508,16.0
2024-06-20,FN,5525.0,48.27978515625,True,0.008815407752990723,15.0
2024-06-21,FP,5475.0,9.43994140625,True,0.001727168177652283,
2024-06-21,FP,5350.0,-115.56005859375,True,0.021143315114074968,
2024-06-21,FP,5480.0,14.43994140625,False,0.0026419875093213196,
2024-06-21,FP,5550.0,84.43994140625,True,0.0154494581526885,
2024-06-21,FP,5460.0,-5.56005859375,False,0.0010172898173550493,
2024-06-21,FP,5465.0,-0.56005859375,False,0.00010247048568601258,
2024-06-21,FN,5510.0,44.43994140625,False,0.008130908012390137,16.0
2024-06-21,FN,5455.0,-10.56005859375,False,0.0019320845603942871,11.0
2024-06-21,FN,5520.0,54.43994140625,False,0.009960532188415527,24.0
2024-06-21,FN,5490.0,24.43994140625,False,0.0044716596603393555,15.0
2024-06-21,FN,5525.0,59.43994140625,True,0.010875344276428223,17.0
2024-06-21,FN,5430.0,-35.56005859375,False,0.006506204605102539,18.0
2024-06-24,FP,5475.0,13.66015625,True,0.0025012463316365086,
2024-06-24,FP,5350.0,-111.33984375,True,0.020386909977304968,
2024-06-24,FP,5450.0,-11.33984375,True,0.002076384930151831,
2024-06-24,FP,5550.0,88.66015625,True,0.016234140117001417,
2024-06-24,FP,5455.0,-6.33984375,False,0.001160858677794141,
2024-06-24,FP,5300.0,-161.33984375,True,0.029542172500881536,
2024-06-24,FP,5400.0,-61.33984375,True,0.0112316474537284,
2024-06-24,FP,5465.0,3.66015625,False,0.0006701938269211283,
2024-06-24,FN,5410.0,-51.33984375,False,0.009400606155395508,18.0
2024-06-24,FN,5380.0,-81.33984375,False,0.014893770217895508,41.0
2024-06-24,FN,5510.0,48.66015625,False,0.008909940719604492,15.0
2024-06-24,FN,5480.0,18.66015625,False,0.003416776657104492,11.0
2024-06-24,FN,5420.0,-41.33984375,False,0.007569551467895508,23.0
2024-06-24,FN,5520.0,58.66015625,False,0.010740995407104492,26.0
2024-06-24,FN,5525.0,63.66015625,True,0.011656522750854492,14.0
2024-06-24,FN,5375.0,-86.33984375,True,0.015809297561645508,12.0
2024-06-25,FP,5465.0,-2.4599609375,False,0.0004499275632697808,
2024-06-25,FP,5450.0,-17.4599609375,True,0.003193431879198627,
2024-06-25,FP,5550.0,82.5400390625,True,0.015096596893660053,
2024-06-25,FP,5350.0,-117.4599609375,True,0.021483460652057418,
2024-06-25,FN,5440.0,-27.4599609375,False,0.005022406578063965,18.0
2024-06-25,FN,5525.0,57.5400390625,True,0.01052403450012207,11.0
2024-06-25,FN,5520.0,52.5400390625,False,0.009609580039978027,24.0
2024-06-25,FN,5510.0,42.5400390625,False,0.007780551910400391,12.0
2024-06-26,FP,5475.0,6.2900390625,True,0.0011501869924404051,
2024-06-26,FP,5350.0,-118.7099609375,True,0.021707123212866386,
2024-06-26,FP,5550.0,81.2900390625,True,0.014864573115624502,
2024-06-26,FP,5400.0,-68.7099609375,True,0.01256419913074358,
2024-06-26,FP,5465.0,-3.7099609375,False,0.0006783978239840449,
2024-06-26,FN,5540.0,71.2900390625,False,0.013036012649536133,31.0
2024-06-26,FN,5520.0,51.2900390625,False,0.009378790855407715,23.0
2024-06-26,FN,5490.0,21.2900390625,False,0.0038930177688598633,17.0
2024-06-26,FN,5525.0,56.2900390625,True,0.010293126106262207,11.0
2024-06-26,FN,5530.0,61.2900390625,False,0.0112074613571167,27.0
2024-06-27,FP,5475.0,-3.25,True,0.000593255145347471,
2024-06-27,FP,5350.0,-128.25,True,0.023410760735636416,
2024-06-27,FP,5485.0,6.75,False,0.0012321453018755424,
2024-06-27,FP,5460.0,-18.25,False,0.0033313558161821577,
2024-06-27,FP,5400.0,-78.25,True,0.014283758499520793,
2024-06-27,FN,5510.0,31.75,False,0.005795598030090332,14.0
2024-06-27,FN,5520.0,41.75,False,0.007621049880981445,16.0
2024-06-27,FN,5490.0,11.75,False,0.0021448135375976562,12.0
2024-06-27,FN,5525.0,46.75,True,0.008533716201782227,11.0
2024-06-27,FN,5530.0,51.75,False,0.009446501731872559,20.0
2024-06-28,FP,5480.0,12.2001953125,False,0.0022312805421369486,
2024-06-28,FP,5485.0,17.2001953125,False,0.003145725141171951,
2024-06-28,FP,5550.0,82.2001953125,True,0.015033504928624097,
2024-06-28,FP,5460.0,-7.7998046875,False,0.0014264978540021733,
2024-06-28,FP,5465.0,-2.7998046875,False,0.0005120532549672818,
2024-06-28,FP,5500.0,32.2001953125,True,0.0058890589382762926,
2024-06-28,FN,5510.0,42.2001953125,False,0.0077179670333862305,18.0
2024-06-28,FN,5520.0,52.2001953125,False,0.009546875953674316,27.0
2024-06-28,FN,5525.0,57.2001953125,True,0.01046133041381836,15.0
2024-06-28,FN,5430.0,-37.7998046875,False,0.006913185119628906,19.0
2024-06-28,FN,5530.0,62.2001953125,False,0.011375784873962402,28.0
2024-06-28,FN,5435.0,-32.7998046875,False,0.005998730659484863,25.0
2024-07-01,FP,5480.0,12.5400390625,False,0.0022935767526590656,
2024-07-01,FP,5450.0,-17.4599609375,True,0.003193431879198627,
2024-07-01,FP,5550.0,82.5400390625,True,0.015096596893660053,
2024-07-01,FP,5400.0,-67.4599609375,True,0.012338446265627967,
2024-07-01,FP,5470.0,2.5400390625,False,0.00046457387537302,
2024-07-01,FN,5440.0,-27.4599609375,False,0.005022406578063965,19.0
2024-07-01,FN,5540.0,72.5400390625,False,0.0132676362991333,36.0
2024-07-01,FN,5510.0,42.5400390625,False,0.007780551910400391,13.0
2024-07-01,FN,5520.0,52.5400390625,False,0.009609580039978027,24.0
2024-07-01,FN,5525.0,57.5400390625,True,0.01052403450012207,12.0
2024-07-02,FP,5505.0,2.7001953125,False,0.0004907394014044275,
2024-07-02,FP,5475.0,-27.2998046875,True,0.004961526208412503,
2024-07-02,FP,5490.0,-12.2998046875,False,0.0022353934035040934,
2024-07-02,FP,5525.0,22.7001953125,True,0.004125583141282307,
2024-07-02,FP,5495.0,-7.2998046875,False,0.0013266824685345124,
2024-07-02,FP,5400.0,-102.2998046875,True,0.018592190232954775,
2024-07-02,FN,5570.0,67.7001953125,False,0.012303948402404785,24.0
2024-07-02,FN,5540.0,37.7001953125,False,0.006851673126220703,21.0
2024-07-02,FN,5575.0,72.7001953125,True,0.01321268081665039,17.0
2024-07-02,FN,5520.0,17.7001953125,False,0.003216862678527832,14.0
2024-07-02,FN,5560.0,57.7001953125,False,0.010486602783203125,20.0
2024-07-02,FN,5530.0,27.7001953125,False,0.005034327507019043,16.0
2024-07-03,FP,5400.0,-127.47998046875,True,0.02306294747682458,
2024-07-03,FP,5530.0,2.52001953125,False,0.00045590749132595754,
2024-07-03,FP,5535.0,7.52001953125,False,0.001360478836254897,
2024-07-03,FP,5575.0,47.52001953125,True,0.008597049595685746,
2024-07-03,FN,5625.0,97.52001953125,True,0.017642736434936523,21.0
2024-07-03,FN,5470.0,-57.47998046875,False,0.010398924350738525,20.0
2024-07-03,FN,5460.0,-67.47998046875,False,0.012208104133605957,24.0
2024-07-03,FN,5510.0,-17.47998046875,False,0.003162384033203125,11.0
2024-07-05,FP,5450.0,-117.81005859375,True,0.021159137498218628,
2024-07-05,FP,5650.0,82.18994140625,True,0.014761628098177049,
2024-07-05,FP,5565.0,-2.81005859375,False,0.000504697280291122,
2024-07-05,FP,5575.0,7.18994140625,True,0.0012913409995285452,
2024-07-05,FN,5520.0,-47.81005859375,False,0.008586883544921875,19.0
2024-07-05,FN,5625.0,57.18994140625,True,0.010271549224853516,14.0
2024-07-05,FN,5540.0,-27.81005859375,False,0.004994809627532959,17.0
2024-07-05,FN,5525.0,-42.81005859375,True,0.00768887996673584,11.0
2024-07-08,FP,5585.0,17.14013671875,False,0.00307840663012815,
2024-07-08,FP,5650.0,82.14013671875,True,0.014752551022421567,
2024-07-08,FP,5500.0,-67.85986328125,True,0.012187782190563046,
2024-07-08,FP,5565.0,-2.85986328125,False,0.0005136377982697393,
2024-07-08,FN,5520.0,-47.85986328125,False,0.008595764636993408,18.0
2024-07-08,FN,5625.0,57.14013671875,True,0.010262489318847656,12.0
2024-07-08,FN,5530.0,-37.85986328125,False,0.0067996978759765625,24.0
2024-07-08,FN,5630.0,62.14013671875,False,0.011160492897033691,20.0
2024-07-09,FP,5585.0,8.2998046875,False,0.0014883003204073653,
2024-07-09,FP,5450.0,-126.7001953125,True,0.02271956369808048,
2024-07-09,FP,5650.0,73.2998046875,True,0.013143938551531287,
2024-07-09,FP,5500.0,-76.7001953125,True,0.013753688135677566,
2024-07-09,FN,5640.0,63.2998046875,False,0.011350750923156738,31.0
2024-07-09,FN,5620.0,43.2998046875,False,0.007764458656311035,24.0
2024-07-09,FN,5630.0,53.2998046875,False,0.009557604789733887,17.0
2024-07-09,FN,5560.0,-16.7001953125,False,0.0029946565628051758,11.0
2024-07-11,FP,5550.0,-38.47998046875,True,0.006885589749490717,
2024-07-11,FP,5585.0,-3.47998046875,False,0.000622706081244262,
2024-07-11,FP,5590.0,1.52001953125,False,0.000271991585647946,
2024-07-11,FP,5595.0,6.52001953125,False,0.001166689252540376,
2024-07-11,FP,5500.0,-88.47998046875,True,0.01583256641841424,
2024-07-11,FN,5525.0,-63.47998046875,True,0.011359095573425293,11.0
2024-07-11,FN,5560.0,-28.47998046875,False,0.0050961971282958984,12.0
2024-07-11,FN,5660.0,71.52001953125,False,0.012797713279724121,27.0
2024-07-11,FN,5565.0,-23.47998046875,False,0.00420147180557251,24.0
2024-07-11,FN,5630.0,41.52001953125,False,0.007429599761962891,18.0
2024-07-12,FP,5610.0,-15.06982421875,False,0.0026790466055847117,
2024-07-12,FP,5615.0,-10.06982421875,False,0.0017901687505094133,
2024-07-12,FP,5500.0,-125.06982421875,True,0.022234359417239835,
2024-07-12,FP,5575.0,-50.06982421875,True,0.008901191591111357,
2024-07-12,FN,5560.0,-65.06982421875,False,0.011567831039428711,22.0
2024-07-12,FN,5570.0,-55.06982421875,False,0.00979006290435791,21.0
2024-07-12,FN,5675.0,49.93017578125,True,0.008876323699951172,13.0
2024-07-12,FN,5660.0,34.93017578125,False,0.006209731101989746,16.0
2024-07-15,FP,5600.0,-26.0498046875,True,0.004630212243374676,
2024-07-15,FP,5635.0,8.9501953125,False,0.001590848930104194,
2024-07-15,FP,5640.0,13.9501953125,False,0.0024795719548869055,
2024-07-15,FP,5550.0,-76.0498046875,True,0.013517442491201681,
2024-07-15,FP,5615.0,-11.0498046875,False,0.0019640431690266524,
2024-07-15,FP,5500.0,-126.0498046875,True,0.022404672739028686,
2024-07-15,FN,5570.0,-56.0498046875,False,0.00996255874633789,22.0
2024-07-15,FN,5575.0,-51.0498046875,True,0.009073853492736816,12.0
2024-07-15,FN,5675.0,48.9501953125,True,0.00870060920715332,11.0
2024-07-15,FN,5560.0,-66.0498046875,False,0.011739969253540039,21.0
2024-07-15,FN,5690.0,63.9501953125,False,0.011366844177246094,27.0
2024-07-15,FN,5660.0,33.9501953125,False,0.006034493446350098,16.0
2024-07-16,FP,5665.0,4.68994140625,False,0.0008285661664646504,
2024-07-16,FP,5670.0,9.68994140625,False,0.001711910002445638,
2024-07-16,FP,5645.0,-15.31005859375,False,0.0027048091774594107,
2024-07-16,FP,5550.0,-110.31005859375,True,0.019488342061098285,
2024-07-16,FP,5655.0,-5.31005859375,False,0.0009381215054974357,
2024-07-16,FP,5625.0,-35.31005859375,True,0.006238184521383361,
2024-07-16,FN,5740.0,79.68994140625,False,0.014078736305236816,42.0
2024-07-16,FN,5710.0,49.68994140625,False,0.008778691291809082,24.0
2024-07-16,FN,5620.0,-40.31005859375,False,0.0071215033531188965,16.0
2024-07-16,FN,5690.0,29.68994140625,False,0.005245327949523926,17.0
2024-07-16,FN,5725.0,64.68994140625,True,0.01142871379852295,13.0
2024-07-16,FN,5630.0,-30.31005859375,False,0.005354821681976318,11.0
2024-07-17,FP,5700.0,108.35986328125,True,0.01937890504964379,
2024-07-17,FP,5580.0,-11.64013671875,False,0.0020817034777170784,
2024-07-17,FP,5550.0,-41.64013671875,True,0.007446855609557379,
2024-07-17,FP,5590.0,-1.64013671875,False,0.00029331943377031156,
2024-07-17,FP,5500.0,-91.64013671875,True,0.016388775829291102,
2024-07-17,FN,5540.0,-51.64013671875,False,0.009235262870788574,20.0
2024-07-17,FN,5605.0,13.35986328125,False,0.0023893117904663086,11.0
2024-07-17,FN,5545.0,-46.64013671875,False,0.008341073989868164,27.0
2024-07-17,FN,5515.0,-76.64013671875,False,0.013706207275390625,26.0
2024-07-17,FN,5525.0,-66.64013671875,True,0.011917829513549805,16.0
2024-07-18,FP,5540.0,-5.3701171875,False,0.0009683965315238074,
2024-07-18,FP,5575.0,29.6298828125,True,0.005343174970533271,
2024-07-18,FP,5450.0,-95.3701171875,True,0.01719815182252793,
2024-07-18,FP,5550.0,4.6298828125,True,0.0008349096119211197,
2024-07-18,FP,5650.0,104.6298828125,True,0.01886797104637017,
2024-07-18,FP,5555.0,9.6298828125,False,0.0017365626836436387,
2024-07-18,FP,5560.0,14.6298828125,False,0.0026382157553659358,
2024-07-18,FN,5475.0,-70.3701171875,True,0.01268988847732544,16.0
2024-07-18,FN,5485.0,-60.3701171875,False,0.010886609554290771,24.0
2024-07-18,FN,5520.0,-25.3701171875,False,0.004575014114379883,17.0
2024-07-18,FN,5585.0,39.6298828125,False,0.007146477699279785,22.0
2024-07-18,FN,5460.0,-85.3701171875,False,0.015394866466522217,39.0
2024-07-18,FN,5590.0,44.6298828125,False,0.008048176765441895,18.0
2024-07-18,FN,5625.0,79.6298828125,True,0.014359712600708008,21.0
2024-07-19,FP,5600.0,96.39013671875,True,0.017513984296350982,
2024-07-19,FP,5505.0,1.39013671875,False,0.00025258634846636596,
2024-07-19,FP,5510.0,6.39013671875,False,0.0011610809773023867,
2024-07-19,FP,5515.0,11.39013671875,False,0.0020695756061384074,
2024-07-19,FP,5550.0,46.39013671875,True,0.008429038007990775,
2024-07-19,FP,5490.0,-13.60986328125,False,0.002472897538041696,
2024-07-19,FP,5400.0,-103.60986328125,True,0.01882580085709018,
2024-07-19,FN,5440.0,-63.60986328125,False,0.011557817459106445,43.0
2024-07-19,FN,5480.0,-23.60986328125,False,0.004289865493774414,19.0
2024-07-19,FN,5545.0,41.39013671875,False,0.007520556449890137,23.0
2024-07-19,FN,5585.0,81.39013671875,False,0.014788508415222168,35.0
2024-07-19,FN,5425.0,-78.60986328125,True,0.014283299446105957,21.0
2024-07-19,FN,5590.0,86.39013671875,False,0.015697002410888672,28.0
2024-07-19,FN,5495.0,-8.60986328125,False,0.0015643835067749023,12.0
2024-07-22,FP,5570.0,2.2900390625,False,0.00041130717630166735,
2024-07-22,FP,5700.0,132.2900390625,True,0.023760224578980083,
2024-07-22,FP,5545.0,-22.7099609375,False,0.004078869247290284,
2024-07-22,FP,5580.0,12.2900390625,False,0.002207377745738537,
2024-07-22,FP,5560.0,-7.7099609375,False,0.0013847633931350911,
2024-07-22,FP,5500.0,-67.7099609375,True,0.012161186809755975,
2024-07-22,FP,5565.0,-2.7099609375,False,0.0004867281084167674,
2024-07-22,FN,5510.0,-57.7099609375,False,0.010365128517150879,28.0
2024-07-22,FN,5480.0,-87.7099609375,False,0.015753328800201416,35.0
2024-07-22,FN,5520.0,-47.7099609375,False,0.008569061756134033,25.0
2024-07-22,FN,5585.0,17.2900390625,False,0.0031054019927978516,13.0
2024-07-22,FN,5525.0,-42.7099609375,True,0.007670998573303223,16.0
2024-07-22,FN,5625.0,57.2900390625,True,0.010289669036865234,14.0
2024-07-22,FN,5530.0,-37.7099609375,False,0.0067729949951171875,19.0
2024-07-23,FP,5600.0,41.52978515625,True,0.007471441520968458,
2024-07-23,FP,5700.0,141.52978515625,True,0.025462002976700093,
2024-07-23,FP,5560.0,1.52978515625,False,0.0002752169386757153,
2024-07-23,FP,5650.0,91.52978515625,True,0.016466722248834165,
2024-07-23,FP,5400.0,-158.47021484375,True,0.0285096813904947,
2024-07-23,FP,5500.0,-58.47021484375,True,0.010519119934763177,
2024-07-23,FP,5565.0,6.52978515625,False,0.0011747450114623081,
2024-07-23,FP,5535.0,-23.47021484375,False,0.004222423425257027,
2024-07-23,FN,5475.0,-83.47021484375,True,0.015016734600067139,21.0
2024-07-23,FN,5510.0,-48.47021484375,False,0.008720040321350098,28.0
2024-07-23,FN,5480.0,-78.47021484375,False,0.014117240905761719,37.0
2024-07-23,FN,5640.0,81.52978515625,False,0.014667630195617676,31.0
2024-07-23,FN,5580.0,21.52978515625,False,0.0038733482360839844,20.0
2024-07-23,FN,5520.0,-38.47021484375,False,0.006920993328094482,26.0
2024-07-23,FN,5525.0,-33.47021484375,True,0.0060214996337890625,15.0
2024-07-23,FN,5625.0,66.52978515625,True,0.01196908950805664,14.0
2024-07-24,FP,5600.0,160.27001953125,True,0.029462863066125777,
2024-07-24,FP,5450.0,10.27001953125,True,0.0018879649482832495,
2024-07-24,FP,5550.0,110.27001953125,True,0.020271230360178194,
2024-07-24,FP,5300.0,-139.72998046875,True,0.0256869331695595,
2024-07-24,FP,5430.0,-9.72998046875,False,0.0017886881340958283,
2024-07-24,FP,5435.0,-4.72998046875,False,0.0008695248635011144,
2024-07-24,FP,5500.0,60.27001953125,True,0.01107959765423061,
2024-07-24,FN,5510.0,70.27001953125,False,0.012917876243591309,31.0
2024-07-24,FN,5350.0,-89.72998046875,True,0.01649528741836548,11.0
2024-07-24,FN,5480.0,40.27001953125,False,0.007402896881103516,25.0
2024-07-24,FN,5490.0,50.27001953125,False,0.009241223335266113,39.0
2024-07-24,FN,5525.0,85.27001953125,True,0.01567542552947998,20.0
2024-07-24,FN,5465.0,25.27001953125,False,0.0046454668045043945,16.0
2024-07-24,FN,5375.0,-64.72998046875,True,0.011899471282958984,12.0
2024-07-25,FP,5600.0,172.830078125,True,0.03184534123915728,
2024-07-25,FP,5550.0,122.830078125,True,0.02263243640666479,
2024-07-25,FP,5425.0,-2.169921875,True,0.00039982567456642304,
2024-07-25,FP,5430.0,2.830078125,False,0.0005214648086828699,
2024-07-25,FP,5435.0,7.830078125,False,0.0014427552919320519,
2024-07-25,FP,5500.0,72.830078125,True,0.013419531574172305,
2024-07-25,FN,5475.0,47.830078125,True,0.008813023567199707,14.0
2024-07-25,FN,5480.0,52.830078125,False,0.009734392166137695,26.0
2024-07-25,FN,5330.0,-97.169921875,False,0.017904341220855713,46.0
2024-07-25,FN,5465.0,37.830078125,False,0.006970524787902832,32.0
2024-07-25,FN,5340.0,-87.169921875,False,0.016061782836914062,36.0
2024-07-25,FN,5375.0,-52.169921875,True,0.009612739086151123,16.0
2024-07-26,FP,5600.0,141.31982421875,True,0.025889009736410173,
2024-07-26,FP,5475.0,16.31982421875,True,0.0029897014833653035,
2024-07-26,FP,5550.0,91.31982421875,True,0.016729286435192225,
2024-07-26,FP,5460.0,1.31982421875,False,0.0002417844929998303,
2024-07-26,FP,5500.0,41.31982421875,True,0.0075695631339742775,
2024-07-26,FP,5470.0,11.31982421875,False,0.002073729153243553,
2024-07-26,FN,5410.0,-48.68017578125,False,0.008917927742004395,41.0
2024-07-26,FN,5420.0,-38.68017578125,False,0.007085978984832764,20.0
2024-07-26,FN,5390.0,-68.68017578125,False,0.012581825256347656,30.0
2024-07-26,FN,5435.0,-23.68017578125,False,0.004338085651397705,16.0
2024-07-26,FN,5405.0,-53.68017578125,False,0.009833931922912598,40.0
2024-07-26,FN,5375.0,-83.68017578125,True,0.015329718589782715,25.0
2024-07-29,FP,5600.0,123.0498046875,True,0.022466847478878504,
2024-07-29,FP,5650.0,173.0498046875,True,0.03159601575993998,
2024-07-29,FP,5475.0,-1.9501953125,True,0.0003560732237749553,
2024-07-29,FP,5490.0,13.0498046875,False,0.002382677260543531,
2024-07-29,FN,5530.0,53.0498046875,False,0.009685993194580078,23.0
2024-07-29,FN,5435.0,-41.9501953125,False,0.007659435272216797,19.0
2024-07-29,FN,5390.0,-86.9501953125,False,0.015875637531280518,42.0
2024-07-29,FN,5375.0,-101.9501953125,True,0.01861441135406494,22.0
2024-07-30,FP,5440.0,3.43994140625,False,0.0006327422798930726,
2024-07-30,FP,5600.0,163.43994140625,True,0.030063117052831156,
2024-07-30,FP,5450.0,13.43994140625,True,0.002472140703201564,
2024-07-30,FP,5420.0,-16.56005859375,False,0.0030460545667242434,
2024-07-30,FP,5550.0,113.43994140625,True,0.020866124936288033,
2024-07-30,FP,5435.0,-1.56005859375,False,0.0002869569317612841,
2024-07-30,FP,5500.0,63.43994140625,True,0.011669132819744688,
2024-07-30,FN,5410.0,-26.56005859375,False,0.004885435104370117,17.0
2024-07-30,FN,5475.0,38.43994140625,True,0.007070660591125488,15.0
2024-07-30,FN,5480.0,43.43994140625,False,0.007990360260009766,30.0
2024-07-30,FN,5390.0,-46.56005859375,False,0.008564233779907227,39.0
2024-07-30,FN,5360.0,-76.56005859375,False,0.01408243179321289,33.0
2024-07-30,FN,5465.0,28.43994140625,False,0.005231261253356934,24.0
2024-07-30,FN,5375.0,-61.56005859375,True,0.011323332786560059,18.0
2024-07-31,FP,5540.0,5.52001953125,False,0.0009973872072408518,
2024-07-31,FP,5700.0,165.52001953125,True,0.029907059039940842,
2024-07-31,FP,5575.0,40.52001953125,True,0.007321377920644023,
2024-07-31,FP,5550.0,15.52001953125,True,0.002804241696784615,
2024-07-31,FP,5650.0,115.52001953125,True,0.020872786592222248,
2024-07-31,FP,5525.0,-9.47998046875,True,0.001712894527074793,
2024-07-31,FP,5400.0,-134.47998046875,True,0.024298575646371723,
2024-07-31,FP,5535.0,0.52001953125,False,9.39599624689702e-05,
2024-07-31,FN,5475.0,-59.47998046875,True,0.010747194290161133,21.0
2024-07-31,FN,5450.0,-84.47998046875,True,0.015264332294464111,11.0
2024-07-31,FN,5580.0,45.52001953125,False,0.008224844932556152,19.0
2024-07-31,FN,5425.0,-109.47998046875,True,0.019781410694122314,20.0
2024-07-31,FN,5590.0,55.52001953125,False,0.010031700134277344,27.0
2024-07-31,FN,5560.0,25.52001953125,False,0.0046111345291137695,14.0
2024-07-31,FN,5530.0,-4.47998046875,False,0.0008094906806945801,12.0
2024-07-31,FN,5565.0,30.52001953125,False,0.00551450252532959,18.0
2024-08-01,FP,5600.0,170.14013671875,True,0.031334167179764894,
2024-08-01,FP,5000.0,-429.85986328125,True,0.07916592216092422,
2024-08-01,FP,5550.0,120.14013671875,True,0.02212582640137417,
2024-08-01,FP,5200.0,-229.85986328125,True,0.04233255904736122,
2024-08-01,FP,5400.0,-29.85986328125,True,0.005499195933798107,
2024-08-01,FN,5475.0,45.14013671875,True,0.008313298225402832,13.0
2024-08-01,FN,5480.0,50.14013671875,False,0.009234189987182617,24.0
2024-08-01,FN,5390.0,-39.85986328125,False,0.007340848445892334,27.0
2024-08-01,FN,5360.0,-69.85986328125,False,0.012865841388702393,31.0
2024-08-01,FN,5375.0,-54.85986328125,True,0.010103344917297363,20.0
2024-08-02,FP,5350.0,17.3701171875,True,0.0032573266041742155,
2024-08-02,FP,5000.0,-332.6298828125,True,0.0623763302764726,
2024-08-02,FP,5200.0,-132.6298828125,True,0.024871383487531484,
2024-08-02,FP,5500.0,167.3701171875,True,0.031386036695880026,
2024-08-02,FP,5340.0,7.3701171875,False,0.0013820792647272206,
2024-08-02,FN,5415.0,82.3701171875,False,0.01544642448425293,23.0
2024-08-02,FN,5390.0,57.3701171875,False,0.010758280754089355,37.0
2024-08-02,FN,5425.0,92.3701171875,True,0.01732170581817627,22.0
2024-08-02,FN,5310.0,-22.6298828125,False,0.004243671894073486,12.0
2024-08-02,FN,5375.0,42.3701171875,True,0.007945418357849121,16.0
2024-08-05,FP,5185.0,14.22021484375,False,0.002750110318867627,
2024-08-05,FP,5000.0,-170.77978515625,True,0.03302785890176707,
2024-08-05,FP,5100.0,-70.77978515625,True,0.013688416079802423,
2024-08-05,FP,5170.0,-0.77978515625,False,0.00015080610442708142,
2024-08-05,FP,5400.0,229.22021484375,True,0.04432991238609163,
2024-08-05,FN,5025.0,-145.77978515625,True,0.028192996978759766,36.0
2024-08-05,FN,5325.0,154.22021484375,True,0.029825329780578613,25.0
2024-08-05,FN,5075.0,-95.77978515625,True,0.01852327585220337,32.0
2024-08-05,FN,5050.0,-120.77978515625,True,0.023358166217803955,13.0
2024-08-05,FN,5310.0,139.22021484375,False,0.02692437171936035,56.0
2024-08-06,FP,5285.0,11.259765625,False,0.0021350626167757625,
2024-08-06,FP,5000.0,-273.740234375,True,0.051906279454327575,
2024-08-06,FP,5100.0,-173.740234375,True,0.03294440504341423,
2024-08-06,FP,5200.0,-73.740234375,True,0.013982530632500767,
2024-08-06,FP,5400.0,126.259765625,True,0.023941218189326152,
2024-08-06,FP,5500.0,226.259765625,True,0.04290309260023961,
2024-08-06,FN,5225.0,-48.740234375,True,0.009242057800292969,24.0
2024-08-06,FN,5325.0,51.259765625,True,0.0097198486328125,14.0
2024-08-06,FN,5230.0,-43.740234375,False,0.008293986320495605,41.0
2024-08-06,FN,5170.0,-103.740234375,False,0.019671082496643066,53.0
2024-08-06,FN,5270.0,-3.740234375,False,0.000709235668182373,13.0
2024-08-06,FN,5150.0,-123.740234375,True,0.02346348762512207,11.0
2024-08-07,FP,5000.0,-224.68017578125,True,0.04300362284810155,
2024-08-07,FP,5400.0,175.31982421875,True,0.033556087324050354,
2024-08-07,FP,5500.0,275.31982421875,True,0.0526960148670883,
2024-08-07,FP,5350.0,125.31982421875,True,0.02398612355253138,
2024-08-07,FN,5225.0,0.31982421875,True,6.127357482910156e-05,11.0
2024-08-07,FN,5170.0,-54.68017578125,False,0.010465741157531738,36.0
2024-08-07,FN,5325.0,100.31982421875,True,0.019201159477233887,18.0
2024-08-07,FN,5270.0,45.31982421875,False,0.008674144744873047,15.0
2024-08-08,FP,5000.0,-316.2900390625,True,0.059494504012854055,
2024-08-08,FP,5450.0,133.7099609375,True,0.025150990625989023,
2024-08-08,FP,5500.0,183.7099609375,True,0.03455604558586045,
2024-08-08,FP,5320.0,3.7099609375,False,0.00069784773032322,
2024-08-08,FN,5225.0,-91.2900390625,True,0.017171740531921387,30.0
2024-08-08,FN,5375.0,58.7099609375,True,0.011043429374694824,12.0
2024-08-08,FN,5270.0,-46.2900390625,False,0.008707225322723389,20.0
2024-08-08,FN,5425.0,108.7099609375,True,0.02044844627380371,19.0
2024-08-09,FP,5350.0,8.0400390625,True,0.0015050728798591262,
2024-08-09,FP,5000.0,-341.9599609375,True,0.06401395057957093,
2024-08-09,FP,5450.0,108.0400390625,True,0.020224793868267588,
2024-08-09,FP,5200.0,-141.9599609375,True,0.026574508602753788,
2024-08-09,FP,5330.0,-11.9599609375,False,0.0022388713178226327,
2024-08-09,FP,5500.0,158.0400390625,True,0.02958465436247204,
2024-08-09,FP,5340.0,-1.9599609375,False,0.00036689921898180877,
2024-08-09,FN,5250.0,-91.9599609375,True,0.017214655876159668,11.0
2024-08-09,FN,5415.0,73.0400390625,False,0.013672947883605957,28.0
2024-08-09,FN,5390.0,48.0400390625,False,0.008992910385131836,27.0
2024-08-09,FN,5425.0,83.0400390625,True,0.015544891357421875,19.0
2024-08-09,FN,5365.0,23.0400390625,False,0.004312992095947266,34.0
2024-08-09,FN,5310.0,-31.9599609375,False,0.005982816219329834,24.0
2024-08-09,FN,5375.0,33.0400390625,True,0.006185054779052734,13.0
2024-08-12,FP,5000.0,-334.330078125,True,0.06267517630677177,
2024-08-12,FP,5450.0,115.669921875,True,0.021684057825618774,
2024-08-12,FP,5200.0,-134.330078125,True,0.025182183359042654,
2024-08-12,FP,5400.0,65.669921875,True,0.012310809588686578,
2024-08-12,FP,5340.0,5.669921875,False,0.001062911704367675,
2024-08-12,FP,5500.0,165.669921875,True,0.03105730606255097,
2024-08-12,FN,5440.0,105.669921875,False,0.019809365272521973,35.0
2024-08-12,FN,5415.0,80.669921875,False,0.015122771263122559,29.0
2024-08-12,FN,5425.0,90.669921875,True,0.016997456550598145,15.0
2024-08-12,FN,5365.0,30.669921875,False,0.0057495832443237305,39.0
2024-08-12,FN,5310.0,-24.330078125,False,0.004561066627502441,21.0
2024-08-12,FN,5375.0,40.669921875,True,0.007624149322509766,11.0
2024-08-13,FP,5475.0,48.6298828125,True,0.008961770347818643,
2024-08-13,FP,5420.0,-6.3701171875,False,0.0011739186693741077,
2024-08-13,FP,5550.0,123.6298828125,True,0.022783164462172323,
2024-08-13,FP,5425.0,-1.3701171875,True,0.0002524923950838476,
2024-08-13,FP,5430.0,3.6298828125,False,0.0006689338792065236,
2024-08-13,FN,5380.0,-46.3701171875,False,0.008545339107513428,26.0
2024-08-13,FN,5480.0,53.6298828125,False,0.00988316535949707,19.0
2024-08-13,FN,5460.0,33.6298828125,False,0.006197452545166016,18.0
2024-08-13,FN,5525.0,98.6298828125,True,0.01817607879638672,15.0
2024-08-13,FN,5530.0,103.6298828125,False,0.019097447395324707,20.0
2024-08-14,FP,5440.0,-9.27001953125,False,0.0017011488691190957,
2024-08-14,FP,5475.0,25.72998046875,True,0.004721729768671468,
2024-08-14,FP,5445.0,-4.27001953125,False,0.0007835947780061581,
2024-08-14,FP,5350.0,-99.27001953125,True,0.018217122509151973,
2024-08-14,FP,5450.0,0.72998046875,True,0.00013395931310689058,
2024-08-14,FP,5550.0,100.72998046875,True,0.018485041135365643,
2024-08-14,FN,5410.0,-39.27001953125,False,0.0072064995765686035,31.0
2024-08-14,FN,5540.0,90.72998046875,False,0.016649961471557617,35.0
2024-08-14,FN,5525.0,75.72998046875,True,0.013897299766540527,11.0
2024-08-14,FN,5530.0,80.72998046875,False,0.01481485366821289,19.0
2024-08-14,FN,5435.0,-14.27001953125,False,0.002618730068206787,12.0
2024-08-14,FN,5535.0,85.72998046875,False,0.015732407569885254,50.0
2024-08-15,FP,5545.0,-2.009765625,False,0.00036231514093498784,
2024-08-15,FP,5450.0,-97.009765625,True,0.017488659606509582,
2024-08-15,FP,5540.0,-7.009765625,False,0.001263701691754715,
2024-08-15,FP,5535.0,-12.009765625,False,0.002165088242574442,
2024-08-15,FN,5560.0,12.990234375,False,0.0023418664932250977,13.0
2024-08-15,FN,5625.0,77.990234375,True,0.014059901237487793,22.0
2024-08-15,FN,5475.0,-72.009765625,True,0.012981712818145752,16.0
2024-08-15,FN,5460.0,-87.009765625,False,0.01568591594696045,26.0
2024-08-16,FP,5570.0,17.759765625,False,0.0031986666418080123,
2024-08-16,FP,5540.0,-12.240234375,False,0.0022045577745750666,
2024-08-16,FP,5545.0,-7.240234375,False,0.0013040203718445165,
2024-08-16,FP,5555.0,2.759765625,False,0.0004970544336164728,
2024-08-16,FP,5565.0,12.759765625,False,0.002298129239077573,
2024-08-16,FN,5475.0,-77.240234375,True,0.013911545276641846,17.0
2024-08-16,FN,5605.0,52.759765625,False,0.009502410888671875,47.0
2024-08-16,FN,5510.0,-42.240234375,False,0.007607758045196533,20.0
2024-08-16,FN,5520.0,-32.240234375,False,0.005806684494018555,15.0
2024-08-16,FN,5625.0,72.759765625,True,0.013104557991027832,23.0
2024-08-19,FP,5585.0,-7.830078125,False,0.0014000207436348777,
2024-08-19,FP,5595.0,2.169921875,False,0.0003879828002439911,
2024-08-19,FP,5500.0,-92.830078125,True,0.016598050866605485,
2024-08-19,FP,5590.0,-2.830078125,False,0.0005060189716954433,
2024-08-19,FN,5610.0,17.169921875,False,0.0030699968338012695,15.0
2024-08-19,FN,5570.0,-22.830078125,False,0.004082024097442627,16.0
2024-08-19,FN,5675.0,82.169921875,True,0.014692068099975586,28.0
2024-08-19,FN,5565.0,-27.830078125,False,0.004976034164428711,19.0
2024-08-20,FP,5605.0,7.97021484375,False,0.0014240079380831716,
2024-08-20,FP,5580.0,-17.02978515625,False,0.003042646869847676,
2024-08-20,FP,5585.0,-12.02978515625,False,0.0021493159082615065,
2024-08-20,FP,5590.0,-7.02978515625,False,0.001255984946675337,
2024-08-20,FP,5595.0,-2.02978515625,False,0.0003626539850892785,
2024-08-20,FN,5675.0,77.97021484375,True,0.013930678367614746,27.0
2024-08-20,FN,5520.0,-77.02978515625,False,0.013762593269348145,21.0
2024-08-20,FN,5560.0,-37.02978515625,False,0.006615996360778809,11.0
2024-08-20,FN,5625.0,27.97021484375,True,0.004997372627258301,13.0
2024-08-20,FN,5535.0,-62.02978515625,False,0.011082649230957031,31.0
2024-08-21,FP,5605.0,-5.0400390625,False,0.0008983962730045869,
2024-08-21,FP,5550.0,-60.0400390625,True,0.010702247870682413,
2024-08-21,FP,5615.0,4.9599609375,False,0.0008841221993005632,
2024-08-21,FP,5620.0,9.9599609375,False,0.0017753814354530828,
2024-08-21,FP,5625.0,14.9599609375,True,0.0026666406716056024,
2024-08-21,FP,5500.0,-110.0400390625,True,0.01961484023220783,
2024-08-21,FN,5575.0,-35.0400390625,True,0.006245970726013184,11.0
2024-08-21,FN,5675.0,64.9599609375,True,0.011579275131225586,17.0
2024-08-21,FN,5580.0,-30.0400390625,False,0.005354702472686768,21.0
2024-08-21,FN,5560.0,-50.0400390625,False,0.008919715881347656,12.0
2024-08-21,FN,5565.0,-45.0400390625,False,0.00802844762802124,20.0
2024-08-21,FN,5630.0,19.9599609375,False,0.003557920455932617,13.0
2024-08-22,FP,5600.0,32.16015625,True,0.0057760562718234265,
2024-08-22,FP,5700.0,132.16015625,True,0.023736342990962944,
2024-08-22,FP,5450.0,-117.83984375,True,0.021164373806886183,
2024-08-22,FP,5550.0,-17.83984375,True,0.0032040870877465544,
2024-08-22,FP,5400.0,-167.83984375,True,0.030144517166456053,
2024-08-22,FN,5475.0,-92.83984375,True,0.016674280166625977,26.0
2024-08-22,FN,5480.0,-87.83984375,False,0.01577627658843994,35.0
2024-08-22,FN,5580.0,12.16015625,False,0.0021840333938598633,14.0
2024-08-22,FN,5520.0,-47.83984375,False,0.008592188358306885,24.0
2024-08-22,FN,5625.0,57.16015625,True,0.01026618480682373,15.0
2024-08-23,FP,5400.0,-217.509765625,True,0.038719962171850364,
2024-08-23,FP,5650.0,32.490234375,True,0.005783743283156673,
2024-08-23,FP,5630.0,12.490234375,False,0.0022234468467559054,
2024-08-23,FP,5615.0,-2.509765625,False,0.0004467754805443924,
2024-08-23,FN,5675.0,57.490234375,True,0.01023411750793457,24.0
2024-08-23,FN,5580.0,-37.509765625,False,0.00667726993560791,25.0
2024-08-23,FN,5565.0,-52.509765625,False,0.009347498416900635,19.0
2024-08-23,FN,5575.0,-42.509765625,True,0.007567346096038818,16.0
2024-08-26,FP,5700.0,84.1298828125,True,0.014980738702452978,
2024-08-26,FP,5605.0,-10.8701171875,False,0.0019356069425878752,
2024-08-26,FP,5400.0,-215.8701171875,True,0.03843930017662345,
2024-08-26,FP,5625.0,9.1298828125,True,0.0016257289826839827,
2024-08-26,FP,5500.0,-115.8701171875,True,0.020632620550264602,
2024-08-26,FN,5575.0,-40.8701171875,True,0.0072776079177856445,16.0
2024-08-26,FN,5675.0,59.1298828125,True,0.010529041290283203,27.0
2024-08-26,FN,5580.0,-35.8701171875,False,0.006387293338775635,25.0
2024-08-26,FN,5680.0,64.1298828125,False,0.011419415473937988,35.0
2024-08-26,FN,5565.0,-50.8701171875,False,0.00905829668045044,19.0
2024-08-27,FP,5600.0,-24.9501953125,True,0.004435629551581055,
2024-08-27,FP,5635.0,10.0498046875,False,0.001786647763721616,
2024-08-27,FP,5650.0,25.0498046875,True,0.004453338041708443,
2024-08-27,FP,5400.0,-224.9501953125,True,0.03999149992473894,
2024-08-27,FP,5500.0,-124.9501953125,True,0.022213564738160052,
2024-08-27,FP,5630.0,5.0498046875,False,0.0008977510043925996,
2024-08-27,FN,5665.0,40.0498046875,False,0.007120013236999512,39.0
2024-08-27,FN,5610.0,-14.9501953125,False,0.0026578307151794434,16.0
2024-08-27,FN,5675.0,50.0498046875,True,0.008897781372070312,19.0
2024-08-27,FN,5690.0,65.0498046875,False,0.011564493179321289,38.0
2024-08-27,FN,5660.0,35.0498046875,False,0.006231188774108887,40.0
2024-08-27,FN,5565.0,-59.9501953125,False,0.010657906532287598,17.0
2024-08-28,FP,5600.0,2.75,True,0.0004913126982000193,
2024-08-28,FP,5700.0,102.75,True,0.018357228996382258,
2024-08-28,FP,5610.0,12.75,False,0.002277904328018332,
2024-08-28,FP,5450.0,-147.25,True,0.026307561749073227,
2024-08-28,FP,5650.0,52.75,True,0.009424270847291139,
2024-08-28,FP,5590.0,-7.25,False,0.0012952789316181823,
2024-08-28,FP,5595.0,-2.25,False,0.000401983116709137,
2024-08-28,FP,5500.0,-97.25,True,0.017374603599982108,
2024-08-28,FN,5605.0,7.75,False,0.0013846158981323242,12.0
2024-08-28,FN,5670.0,72.75,False,0.01299750804901123,38.0
2024-08-28,FN,5575.0,-22.25,True,0.0039751529693603516,11.0
2024-08-28,FN,5675.0,77.75,True,0.013890743255615234,29.0
2024-08-28,FN,5580.0,-17.25,False,0.0030818581581115723,16.0
2024-08-28,FN,5520.0,-77.25,False,0.013801395893096924,26.0
2024-08-28,FN,5525.0,-72.25,True,0.012908101081848145,23.0
2024-08-28,FN,5565.0,-32.25,False,0.00576174259185791,17.0
2024-08-29,FP,5700.0,102.60986328125,True,0.018331733321236943,
2024-08-29,FP,5610.0,12.60986328125,False,0.0022528112161648295,
2024-08-29,FP,5450.0,-147.39013671875,True,0.02633193919285237,
2024-08-29,FP,5550.0,-47.39013671875,True,0.00846647018721669,
2024-08-29,FP,5650.0,52.60986328125,True,0.009398998818419102,
2024-08-29,FP,5590.0,-7.39013671875,False,0.0013202825849624178,
2024-08-29,FP,5400.0,-197.39013671875,True,0.03526467369567032,
2024-08-29,FN,5670.0,72.60986328125,False,0.012972116470336914,40.0
2024-08-29,FN,5675.0,77.60986328125,True,0.013865351676940918,31.0
2024-08-29,FN,5580.0,-17.39013671875,False,0.003106832504272461,20.0
2024-08-29,FN,5520.0,-77.39013671875,False,0.013826131820678711,29.0
2024-08-29,FN,5525.0,-72.39013671875,True,0.012932837009429932,25.0
2024-08-29,FN,5530.0,-67.39013671875,False,0.012039542198181152,28.0
2024-08-29,FN,5565.0,-32.39013671875,False,0.0057866573333740234,14.0
2024-08-30,FP,5635.0,9.7900390625,False,0.0017403864265483904,
2024-08-30,FP,5640.0,14.7900390625,False,0.0026292421376632458,
2024-08-30,FP,5610.0,-15.2099609375,False,0.0027038921290264417,
2024-08-30,FP,5620.0,-5.2099609375,False,0.0009261807067965089,
2024-08-30,FP,5630.0,4.7900390625,False,0.0008515307154333129,
2024-08-30,FN,5740.0,114.7900390625,False,0.020406365394592285,68.0
2024-08-30,FN,5710.0,84.7900390625,False,0.015073180198669434,44.0
2024-08-30,FN,5720.0,94.7900390625,False,0.016850948333740234,60.0
2024-08-30,FN,5690.0,64.7900390625,False,0.011517763137817383,38.0
2024-08-30,FN,5725.0,99.7900390625,True,0.01773977279663086,25.0
2024-09-03,FP,5700.0,183.169921875,True,0.03320202349557477,
2024-09-03,FP,5350.0,-166.830078125,True,0.030240206017311366,
2024-09-03,FP,5000.0,-516.830078125,True,0.0936824355301975,
2024-09-03,FP,5650.0,133.169921875,True,0.024138847850876832,
2024-09-03,FP,5400.0,-116.830078125,True,0.021177030372613315,
2024-09-03,FP,5530.0,13.169921875,False,0.002387226303601553,
2024-09-03,FN,5475.0,-41.830078125,True,0.007582247257232666,17.0
2024-09-03,FN,5545.0,28.169921875,False,0.005106210708618164,22.0
2024-09-03,FN,5515.0,-1.830078125,False,0.00033169984817504883,14.0
2024-09-03,FN,5620.0,103.169921875,False,0.01870095729827881,23.0
2024-09-03,FN,5560.0,43.169921875,False,0.007825136184692383,18.0
2024-09-03,FN,5625.0,108.169921875,True,0.0196073055267334,16.0
2024-09-04,FP,5600.0,80.77978515625,True,0.0146360866230697,
2024-09-04,FP,5350.0,-169.22021484375,True,0.030660167244031755,
2024-09-04,FP,5000.0,-519.22021484375,True,0.09407492265797357,
2024-09-04,FP,5650.0,130.77978515625,True,0.02369533739648988,
2024-09-04,FP,5525.0,5.77978515625,True,0.0010472104629393186,
2024-09-04,FP,5400.0,-119.22021484375,True,0.021600916470611464,
2024-09-04,FP,5530.0,10.77978515625,False,0.0019531355402813144,
2024-09-04,FN,5475.0,-44.22021484375,True,0.008012056350708008,16.0
2024-09-04,FN,5605.0,85.77978515625,False,0.015542030334472656,36.0
2024-09-04,FN,5545.0,25.77978515625,False,0.004670858383178711,37.0
2024-09-04,FN,5425.0,-94.22021484375,True,0.017071306705474854,34.0
2024-09-04,FN,5620.0,100.77978515625,False,0.018259763717651367,22.0
2024-09-04,FN,5590.0,70.77978515625,False,0.012824177742004395,23.0
2024-09-04,FN,5560.0,40.77978515625,False,0.007388710975646973,17.0
2024-09-05,FP,5600.0,101.06982421875,True,0.018379906816036407,
2024-09-05,FP,5350.0,-148.93017578125,True,0.027083481881108096,
2024-09-05,FP,5000.0,-498.93017578125,True,0.0907322260571104,
2024-09-05,FP,5450.0,-48.93017578125,True,0.008898126402250295,
2024-09-05,FP,5650.0,151.06982421875,True,0.027472584555465307,
2024-09-05,FP,5300.0,-198.93017578125,True,0.036176159620536996,
2024-09-05,FN,5605.0,106.06982421875,False,0.019289135932922363,42.0
2024-09-05,FN,5480.0,-18.93017578125,False,0.003442525863647461,17.0
2024-09-05,FN,5425.0,-73.93017578125,True,0.013444483280181885,25.0
2024-09-05,FN,5525.0,26.06982421875,True,0.0047408342361450195,11.0
2024-09-05,FN,5590.0,91.06982421875,False,0.016561388969421387,27.0
2024-09-05,FN,5595.0,96.06982421875,False,0.017470598220825195,37.0
2024-09-06,FP,5600.0,185.10986328125,True,0.03418534053461353,
2024-09-06,FP,5250.0,-164.89013671875,True,0.030451243248799886,
2024-09-06,FP,5350.0,-64.89013671875,True,0.011983647882110371,
2024-09-06,FP,5000.0,-414.89013671875,True,0.07662023166552367,
2024-09-06,FP,5425.0,10.10986328125,True,0.0018670486429068767,
2024-09-06,FP,5650.0,235.10986328125,True,0.043419138217958286,
2024-09-06,FP,5300.0,-114.89013671875,True,0.02121744556545513,
2024-09-06,FP,5500.0,85.10986328125,True,0.015717745167924013,
2024-09-06,FP,5405.0,-9.89013671875,False,0.0018264704304311596,
2024-09-06,FN,5470.0,55.10986328125,False,0.01017749309539795,29.0
2024-09-06,FN,5475.0,60.10986328125,True,0.0111008882522583,16.0
2024-09-06,FN,5480.0,65.10986328125,False,0.012024283409118652,30.0
2024-09-06,FN,5325.0,-89.89013671875,True,0.01660054922103882,32.0
2024-09-06,FN,5390.0,-24.89013671875,False,0.004596590995788574,26.0
2024-09-06,FN,5460.0,45.10986328125,False,0.008330702781677246,50.0
2024-09-06,FN,5430.0,15.10986328125,False,0.0027904510498046875,20.0
2024-09-06,FN,5310.0,-104.89013671875,False,0.019370675086975098,64.0
2024-09-06,FN,5375.0,-39.89013671875,True,0.007366776466369629,14.0
2024-09-09,FP,5600.0,139.330078125,True,0.025515198706088205,
2024-09-09,FP,5350.0,-110.669921875,True,0.020266729807576378,
2024-09-09,FP,5000.0,-460.669921875,True,0.0843614297267069,
2024-09-09,FP,5650.0,189.330078125,True,0.03467158440882123,
2024-09-09,FP,5300.0,-160.669921875,True,0.029423115510309295,
2024-09-09,FP,5460.0,-0.669921875,False,0.00012268126156400605,
2024-09-09,FP,5465.0,4.330078125,False,0.0007929573087093189,
2024-09-09,FN,5375.0,-85.669921875,True,0.015688538551330566,17.0
2024-09-09,FN,5575.0,114.330078125,True,0.020936965942382812,26.0
2024-09-09,FN,5480.0,19.330078125,False,0.0035399198532104492,23.0
2024-09-09,FN,5580.0,119.330078125,False,0.021852612495422363,40.0
2024-09-09,FN,5425.0,-35.669921875,True,0.006532132625579834,18.0
2024-09-09,FN,5430.0,-30.669921875,False,0.005616486072540283,46.0
2024-09-09,FN,5535.0,74.330078125,False,0.013611912727355957,14.0
2024-09-10,FP,5600.0,108.919921875,True,0.019835791925327806,
2024-09-10,FP,5505.0,13.919921875,False,0.00253500616945157,
2024-09-10,FP,5350.0,-141.080078125,True,0.02569259164276727,
2024-09-10,FP,5450.0,-41.080078125,True,0.007481238215529262,
2024-09-10,FP,5650.0,158.919921875,True,0.028941468638946866,
2024-09-10,FP,5490.0,-1.080078125,False,0.0001966968446340811,
2024-09-10,FP,5300.0,-191.080078125,True,0.03479826835638622,
2024-09-10,FN,5570.0,78.919921875,False,0.01437234878540039,42.0
2024-09-10,FN,5540.0,48.919921875,False,0.008908987045288086,18.0
2024-09-10,FN,5575.0,83.919921875,True,0.015282988548278809,22.0
2024-09-10,FN,5515.0,23.919921875,False,0.0043561458587646484,35.0
2024-09-10,FN,5585.0,93.919921875,False,0.017104029655456543,36.0
2024-09-10,FN,5560.0,68.919921875,False,0.012551307678222656,16.0
2024-09-10,FN,5535.0,43.919921875,False,0.007998466491699219,13.0
2024-09-11,FP,5600.0,66.02978515625,True,0.011931720373040466,
2024-09-11,FP,5350.0,-183.97021484375,True,0.03324380285789885,
2024-09-11,FP,5450.0,-83.97021484375,True,0.015173593565523169,
2024-09-11,FP,5530.0,-3.97021484375,False,0.0007174261316226227,
2024-09-11,FP,5535.0,1.02978515625,False,0.00018608433299616145,
2024-09-11,FN,5475.0,-58.97021484375,True,0.01065605878829956,15.0
2024-09-11,FN,5575.0,41.02978515625,True,0.00741422176361084,19.0
2024-09-11,FN,5640.0,106.02978515625,False,0.019159793853759766,28.0
2024-09-11,FN,5580.0,46.02978515625,False,0.008317708969116211,30.0
2024-09-11,FN,5620.0,86.02978515625,False,0.01554572582244873,17.0
2024-09-12,FP,5600.0,0.990234375,True,0.0001768588404826854,
2024-09-12,FP,5700.0,100.990234375,True,0.01803715989120569,
2024-09-12,FP,5450.0,-149.009765625,True,0.0266135927356016,
2024-09-12,FP,5585.0,-14.009765625,False,0.002502186317125732,
2024-09-12,FP,5590.0,-9.009765625,False,0.0016091712645895928,
2024-09-12,FP,5595.0,-4.009765625,False,0.0007161562120534537,
2024-09-12,FP,5500.0,-99.009765625,True,0.017683442210240208,
2024-09-12,FN,5540.0,-59.009765625,False,0.01053929328918457,23.0
2024-09-12,FN,5605.0,5.990234375,False,0.0010699033737182617,11.0
2024-09-12,FN,5575.0,-24.009765625,True,0.004288196563720703,14.0
2024-09-12,FN,5545.0,-54.009765625,False,0.009646296501159668,22.0
2024-09-12,FN,5675.0,75.990234375,True,0.013572096824645996,28.0
2024-09-12,FN,5580.0,-19.009765625,False,0.0033951997756958008,21.0
2024-09-12,FN,5560.0,-39.009765625,False,0.0069672465324401855,16.0
2024-09-13,FP,5640.0,15.72021484375,False,0.002795062735897247,
2024-09-13,FP,5635.0,10.72021484375,False,0.0019060600207057021,
2024-09-13,FP,5630.0,5.72021484375,False,0.0010170573055143795,
2024-09-13,FP,5615.0,-9.27978515625,False,0.0016499508400598106,
2024-09-13,FN,5675.0,50.72021484375,True,0.00901806354522705,14.0
2024-09-13,FN,5540.0,-84.27978515625,False,0.014984965324401855,26.0
2024-09-13,FN,5580.0,-44.27978515625,False,0.007872998714447021,30.0
2024-09-13,FN,5575.0,-49.27978515625,True,0.008762001991271973,21.0
2024-09-16,FP,5640.0,7.27001953125,False,0.001290674247915069,
2024-09-16,FP,5610.0,-22.72998046875,False,0.004035339976807939,
2024-09-16,FP,5620.0,-12.72998046875,False,0.0022600019019002326,
2024-09-16,FP,5630.0,-2.72998046875,False,0.0004846638269926373,
2024-09-16,FN,5720.0,87.27001953125,False,0.015493392944335938,54.0
2024-09-16,FN,5580.0,-52.72998046875,False,0.009361326694488525,28.0
2024-09-16,FN,5725.0,92.27001953125,True,0.016381025314331055,11.0
2024-09-16,FN,5560.0,-72.72998046875,False,0.01291203498840332,12.0
2024-09-17,FP,5635.0,9.6201171875,False,0.001710127562565722,
2024-09-17,FP,5640.0,14.6201171875,False,0.00259895642464425,
2024-09-17,FP,5610.0,-15.3798828125,False,0.0027340167478272503,
2024-09-17,FP,5620.0,-5.3798828125,False,0.0009563590236700836,
2024-09-17,FP,5630.0,4.6201171875,False,0.0008212987004869721,
2024-09-17,FN,5605.0,-20.3798828125,False,0.0036228299140930176,12.0
2024-09-17,FN,5580.0,-45.3798828125,False,0.008067011833190918,28.0
2024-09-17,FN,5710.0,84.6201171875,False,0.015042543411254883,39.0
2024-09-17,FN,5560.0,-65.3798828125,False,0.011622309684753418,13.0
2024-09-17,FN,5725.0,99.6201171875,True,0.017709016799926758,15.0
2024-09-18,FP,5635.0,10.830078125,False,0.0019256313865760877,
2024-09-18,FP,5700.0,75.830078125,True,0.01348289244072487,
2024-09-18,FP,5640.0,15.830078125,False,0.002814651467664575,
2024-09-18,FP,5610.0,-14.169921875,False,0.002519469018865683,
2024-09-18,FP,5620.0,-4.169921875,False,0.0007414288566889304,
2024-09-18,FP,5630.0,5.830078125,False,0.0010366113054878223,
2024-09-18,FN,5675.0,50.830078125,True,0.00903773307800293,12.0
2024-09-18,FN,5580.0,-44.169921875,False,0.007853567600250244,25.0
2024-09-18,FN,5585.0,-39.169921875,False,0.006964564323425293,17.0
2024-09-18,FN,5525.0,-99.169921875,True,0.017632782459259033,26.0
2024-09-18,FN,5560.0,-64.169921875,False,0.011409640312194824,15.0
2024-09-18,FN,5535.0,-89.169921875,False,0.01585477590560913,23.0
2024-09-19,FP,5720.0,2.4599609375,False,0.00043024813480863067,
2024-09-19,FP,5730.0,12.4599609375,False,0.0021792520651142677,
2024-09-19,FP,5715.0,-2.5400390625,False,0.00044425383034418786,
2024-09-19,FN,5625.0,-92.5400390625,True,0.016185283660888672,17.0
2024-09-19,FN,5770.0,52.4599609375,False,0.009175300598144531,25.0
2024-09-19,FN,5775.0,57.4599609375,True,0.010049819946289062,13.0
2024-09-20,FP,5600.0,-94.1298828125,True,0.016531038938298104,
2024-09-20,FP,5800.0,105.8701171875,True,0.018592852528191317,
2024-09-20,FP,5710.0,15.8701171875,False,0.0027871013682709833,
2024-09-20,FP,5550.0,-144.1298828125,True,0.025312011804920376,
2024-09-20,FP,5650.0,-44.1298828125,True,0.007750066071675721,
2024-09-20,FP,5715.0,20.8701171875,False,0.0036651986549334215,
2024-09-20,FP,5500.0,-194.1298828125,True,0.03409298467154276,
2024-09-20,FN,5760.0,65.8701171875,False,0.011568069458007812,35.0
2024-09-20,FN,5770.0,75.8701171875,False,0.013324260711669922,20.0
2024-09-20,FN,5675.0,-19.1298828125,True,0.003359556198120117,12.0
2024-09-20,FN,5740.0,45.8701171875,False,0.008055686950683594,14.0
2024-09-20,FN,5775.0,80.8701171875,True,0.014202356338500977,16.0
2024-09-20,FN,5780.0,85.8701171875,False,0.015080451965332031,30.0
2024-09-20,FN,5625.0,-69.1298828125,True,0.01214057207107544,17.0
2024-09-23,FP,5600.0,-113.08984375,True,0.01979486527307428,
2024-09-23,FP,5700.0,-13.08984375,True,0.0022912021529505333,
2024-09-23,FP,5550.0,-163.08984375,True,0.028546696833136043,
2024-09-23,FP,5720.0,6.91015625,False,0.0012095304710741939,
2024-09-23,FP,5500.0,-213.08984375,True,0.037298528393197916,
2024-09-23,FN,5770.0,56.91015625,False,0.009961366653442383,17.0
2024-09-23,FN,5740.0,26.91015625,False,0.0047103166580200195,14.0
2024-09-23,FN,5775.0,61.91015625,True,0.010836601257324219,12.0
2024-09-23,FN,5780.0,66.91015625,False,0.011711716651916504,23.0
2024-09-23,FN,5690.0,-23.08984375,False,0.004041552543640137,19.0
2024-09-24,FP,5600.0,-128.41015625,True,0.022416369070552222,
2024-09-24,FP,5730.0,1.58984375,False,0.0002775366474527807,
2024-09-24,FP,5735.0,6.58984375,False,0.001150379175068439,
2024-09-24,FP,5650.0,-78.41015625,True,0.013687943794396529,
2024-09-24,FP,5720.0,-8.41015625,False,0.0014681484077784246,
2024-09-24,FN,5770.0,41.58984375,False,0.007260322570800781,14.0
2024-09-24,FN,5675.0,-53.41015625,True,0.009323716163635254,16.0
2024-09-24,FN,5780.0,51.58984375,False,0.009005904197692871,22.0
2024-09-24,FN,5690.0,-38.41015625,False,0.006705224514007568,18.0
2024-09-24,FN,5790.0,61.58984375,False,0.010751605033874512,31.0
2024-09-25,FP,5600.0,-115.669921875,True,0.02023733411061901,
2024-09-25,FP,5730.0,14.330078125,False,0.002507156347527406,
2024-09-25,FP,5715.0,-0.669921875,False,0.00011720793610492386,
2024-09-25,FP,5720.0,4.330078125,False,0.0007575801584391861,
2024-09-25,FN,5825.0,109.330078125,True,0.019128084182739258,34.0
2024-09-25,FN,5770.0,54.330078125,False,0.009505510330200195,16.0
2024-09-25,FN,5780.0,64.330078125,False,0.011255025863647461,22.0
2024-09-25,FN,5775.0,59.330078125,True,0.010380268096923828,11.0
2024-09-26,FP,5600.0,-142.83984375,True,0.024872684531757283,
2024-09-26,FP,5745.0,2.16015625,False,0.00037614774375982485,
2024-09-26,FP,5850.0,107.16015625,True,0.01865978490878928,
2024-09-26,FP,5735.0,-7.83984375,False,0.0013651510338621442,
2024-09-26,FN,5825.0,82.16015625,True,0.01430654525756836,22.0
2024-09-26,FN,5770.0,27.16015625,False,0.0047293901443481445,11.0
2024-09-26,FN,5675.0,-67.83984375,True,0.011812925338745117,14.0
2024-09-26,FN,5835.0,92.16015625,False,0.01604783535003662,71.0
2024-09-27,FP,5600.0,-138.740234375,True,0.024176078496103925,
2024-09-27,FP,5730.0,-8.740234375,False,0.0015230231754778112,
2024-09-27,FP,5735.0,-3.740234375,False,0.0006517518169921743,
2024-09-27,FP,5740.0,1.259765625,False,0.0002195195414933515,
2024-09-27,FP,5745.0,6.259765625,False,0.0010907908999790994,
2024-09-27,FN,5825.0,86.259765625,True,0.015031099319458008,20.0
2024-09-27,FN,5770.0,31.259765625,False,0.0054471492767333984,12.0
2024-09-27,FN,5835.0,96.259765625,False,0.016773700714111328,72.0
2024-09-27,FN,5780.0,41.259765625,False,0.007189631462097168,22.0
2024-09-27,FN,5820.0,81.259765625,False,0.014159917831420898,31.0
2024-09-30,FP,5600.0,-145.89990234375,True,0.02539200209252468,
2024-09-30,FP,5735.0,-10.89990234375,False,0.001896987857255228,
2024-09-30,FP,5740.0,-5.89990234375,False,0.0010268021448378573,
2024-09-30,FP,5745.0,-0.89990234375,False,0.00015661643242048662,
2024-09-30,FP,5650.0,-95.89990234375,True,0.016690144968350862,
2024-09-30,FP,5750.0,4.10009765625,True,0.000713569279996884,
2024-09-30,FP,5755.0,9.10009765625,False,0.0015837549924142547,
2024-09-30,FP,5725.0,-20.89990234375,True,0.003637359282089969,
2024-09-30,FN,5760.0,14.10009765625,False,0.002453923225402832,15.0
2024-09-30,FN,5825.0,79.10009765625,True,0.01376640796661377,19.0
2024-09-30,FN,5770.0,24.10009765625,False,0.0041942596435546875,12.0
2024-09-30,FN,5835.0,89.10009765625,False,0.015506744384765625,70.0
2024-09-30,FN,5780.0,34.10009765625,False,0.005934715270996094,17.0
2024-09-30,FN,5850.0,104.10009765625,True,0.018117308616638184,11.0
2024-09-30,FN,5820.0,74.10009765625,False,0.012896180152893066,28.0
2024-09-30,FN,5790.0,44.10009765625,False,0.007675051689147949,29.0
2024-10-01,FP,5730.0,13.72021484375,False,0.002400200018091825,
2024-10-01,FP,5700.0,-16.27978515625,True,0.0028479685683903133,
2024-10-01,FP,5710.0,-6.27978515625,False,0.001098579039562897,
2024-10-01,FP,5715.0,-1.27978515625,False,0.00022388427514929976,
2024-10-01,FP,5720.0,3.72021484375,False,0.0006508104892644084,
2024-10-01,FN,5760.0,43.72021484375,False,0.007648348808288574,26.0
2024-10-01,FN,5825.0,108.72021484375,True,0.019019365310668945,20.0
2024-10-01,FN,5675.0,-41.27978515625,True,0.0072214603424072266,16.0
2024-10-01,FN,5775.0,58.72021484375,True,0.010272502899169922,15.0
2024-10-01,FN,5780.0,63.72021484375,False,0.011147141456604004,24.0
2024-10-02,FP,5710.0,-5.27978515625,False,0.0009238016955814832,
2024-10-02,FP,5715.0,-0.27978515625,False,4.895388620806962e-05,
2024-10-02,FP,5720.0,4.72021484375,False,0.0008258939231653439,
2024-10-02,FP,5850.0,134.72021484375,True,0.023571936966873652,
2024-10-02,FP,5725.0,9.72021484375,True,0.0017007417325387575,
2024-10-02,FN,5825.0,109.72021484375,True,0.019197702407836914,20.0
2024-10-02,FN,5675.0,-40.27978515625,True,0.007047712802886963,15.0
2024-10-02,FN,5740.0,24.72021484375,False,0.004325270652770996,21.0
2024-10-02,FN,5775.0,59.72021484375,True,0.01044917106628418,13.0
2024-10-02,FN,5755.0,39.72021484375,False,0.006949782371520996,25.0
2024-10-03,FP,5600.0,-87.06005859375,True,0.015308447193588703,
2024-10-03,FP,5675.0,-12.06005859375,True,0.002120613897074297,
2024-10-03,FP,5680.0,-7.06005859375,False,0.0012414250106399516,
2024-10-03,FP,5690.0,2.93994140625,False,0.0005169527622286285,
2024-10-03,FP,5500.0,-187.06005859375,True,0.032892224922274615,
2024-10-03,FN,5775.0,87.93994140625,True,0.015463113784790039,14.0
2024-10-03,FN,5780.0,92.93994140625,False,0.0163424015045166,19.0
2024-10-03,FN,5625.0,-62.06005859375,True,0.010912477970123291,16.0
2024-10-03,FN,5755.0,67.93994140625,False,0.011946439743041992,33.0
2024-10-03,FN,5790.0,102.93994140625,False,0.018100738525390625,39.0
2024-10-04,FP,5600.0,-145.81005859375,True,0.025376762737861158,
2024-10-04,FP,5700.0,-45.81005859375,True,0.007972776358180167,
2024-10-04,FP,5740.0,-5.81005859375,False,0.0010111818063077704,
2024-10-04,FP,5745.0,-0.81005859375,False,0.0001409824873236376,
2024-10-04,FP,5650.0,-95.81005859375,True,0.016674769548020718,
2024-10-04,FP,5755.0,9.18994140625,False,0.001599416150644517,
2024-10-04,FN,5825.0,79.18994140625,True,0.013782262802124023,16.0
2024-10-04,FN,5830.0,84.18994140625,False,0.014652371406555176,34.0
2024-10-04,FN,5835.0,89.18994140625,False,0.015522599220275879,27.0
2024-10-04,FN,5775.0,29.18994140625,True,0.005080223083496094,13.0
2024-10-04,FN,5840.0,94.18994140625,False,0.016392827033996582,45.0
2024-10-04,FN,5780.0,34.18994140625,False,0.005950450897216797,20.0
2024-10-07,FP,5700.0,7.75,True,0.0013615002854758806,
2024-10-07,FP,5705.0,12.75,False,0.0022398875664280116,
2024-10-07,FP,5685.0,-7.25,False,0.0012736615573806231,
2024-10-07,FP,5750.0,57.75,True,0.010145373094997634,
2024-10-07,FP,5690.0,-2.25,False,0.0003952742764284922,
2024-10-07,FN,5670.0,-22.25,False,0.003908812999725342,19.0
2024-10-07,FN,5575.0,-117.25,True,0.020598173141479492,25.0
2024-10-07,FN,5710.0,17.75,False,0.003118276596069336,13.0
2024-10-07,FN,5775.0,82.75,True,0.014537334442138672,15.0
2024-10-07,FN,5780.0,87.75,False,0.015415668487548828,32.0
2024-10-08,FP,5600.0,-152.1201171875,True,0.026445921519086646,
2024-10-08,FP,5765.0,12.8798828125,False,0.002239154007583233,
2024-10-08,FP,5750.0,-2.1201171875,True,0.00036858013120499855,
2024-10-08,FP,5755.0,2.8798828125,False,0.0005006645817242639,
2024-10-08,FP,5725.0,-27.1201171875,True,0.004714803695851977,
2024-10-08,FN,5825.0,72.8798828125,True,0.012670040130615234,12.0
2024-10-08,FN,5835.0,82.8798828125,False,0.014408588409423828,27.0
2024-10-08,FN,5780.0,27.8798828125,False,0.004846930503845215,18.0
2024-10-08,FN,5820.0,67.8798828125,False,0.011800885200500488,26.0
2024-10-08,FN,5790.0,37.8798828125,False,0.006585359573364258,20.0
2024-10-09,FP,5600.0,-189.56005859375,True,0.0327417034585169,
2024-10-09,FP,5795.0,5.43994140625,False,0.0009396122246241312,
2024-10-09,FP,5650.0,-139.56005859375,True,0.024105468667967922,
2024-10-09,FP,5785.0,-4.56005859375,False,0.0007876347334857536,
2024-10-09,FP,5790.0,0.43994140625,False,7.598874556924429e-05,
2024-10-09,FN,5825.0,35.43994140625,True,0.006121397018432617,13.0
2024-10-09,FN,5860.0,70.43994140625,False,0.012166738510131836,33.0
2024-10-09,FN,5835.0,45.43994140625,False,0.007848620414733887,21.0
2024-10-09,FN,5900.0,110.43994140625,True,0.019075751304626465,11.0
2024-10-09,FN,5875.0,85.43994140625,True,0.014757633209228516,16.0
2024-10-10,FP,5600.0,-176.89013671875,True,0.030620304788974706,
2024-10-10,FP,5770.0,-6.89013671875,False,0.001192706898640039,
2024-10-10,FP,5900.0,123.10986328125,True,0.02131075031161589,
2024-10-10,FP,5650.0,-126.89013671875,True,0.021965128938876255,
2024-10-10,FP,5725.0,-51.89013671875,True,0.008982365163728634,
2024-10-10,FN,5825.0,48.10986328125,True,0.008327960968017578,11.0
2024-10-10,FN,5835.0,58.10986328125,False,0.010058999061584473,18.0
2024-10-10,FN,5840.0,63.10986328125,False,0.010924577713012695,23.0
2024-10-10,FN,5875.0,98.10986328125,True,0.01698315143585205,17.0
2024-10-10,FN,5880.0,103.10986328125,False,0.017848730087280273,38.0
2024-10-11,FP,5825.0,4.81982421875,True,0.0008281228541353602,
2024-10-11,FP,5830.0,9.81982421875,False,0.001687202787915787,
2024-10-11,FP,5810.0,-10.18017578125,False,0.0017491169472058088,
2024-10-11,FP,5815.0,-5.18017578125,False,0.0008900370134253821,
2024-10-11,FP,5820.0,-0.18017578125,False,3.095707964506644e-05,
2024-10-11,FN,6050.0,229.81982421875,True,0.03948676586151123,71.0
2024-10-11,FN,6000.0,179.81982421875,True,0.03089594841003418,18.0
2024-10-11,FN,5650.0,-170.18017578125,True,0.029239654541015625,14.0
2024-10-11,FN,5625.0,-195.18017578125,True,0.03353506326675415,35.0
2024-10-11,FN,5950.0,129.81982421875,True,0.02230513095855713,19.0
2024-10-14,FP,5860.0,-5.7998046875,False,0.0009887491698685746,
2024-10-14,FP,5700.0,-165.7998046875,True,0.02826550687171514,
2024-10-14,FP,5865.0,-0.7998046875,False,0.0001363504916859215,
2024-10-14,FP,5870.0,4.2001953125,False,0.0007160481864967316,
2024-10-14,FP,6000.0,134.2001953125,True,0.022878413819247267,
2024-10-14,FN,5925.0,59.2001953125,True,0.010092377662658691,14.0
2024-10-14,FN,5835.0,-30.7998046875,False,0.005250751972198486,18.0
2024-10-14,FN,5780.0,-85.7998046875,False,0.01462709903717041,20.0
2024-10-14,FN,5940.0,74.2001953125,False,0.01264965534210205,27.0
2024-10-14,FN,5950.0,84.2001953125,True,0.014354467391967773,11.0
2024-10-15,FP,5800.0,-9.2099609375,True,0.0015854067935967553,
2024-10-15,FP,5810.0,0.7900390625,False,0.0001359976774488736,
2024-10-15,FP,5700.0,-109.2099609375,True,0.018799451504051934,
2024-10-15,FP,5815.0,5.7900390625,False,0.000996699912971577,
2024-10-15,FN,5890.0,80.7900390625,False,0.013907194137573242,29.0
2024-10-15,FN,5835.0,25.7900390625,False,0.0044394731521606445,15.0
2024-10-15,FN,5725.0,-84.2099609375,True,0.01449596881866455,12.0
2024-10-15,FN,5925.0,115.7900390625,True,0.019932150840759277,30.0
2024-10-16,FP,5825.0,-16.0400390625,True,0.002746092982624848,
2024-10-16,FP,5875.0,33.9599609375,True,0.005814026390914995,
2024-10-16,FP,5860.0,18.9599609375,False,0.0032459905788528864,
2024-10-16,FP,5845.0,3.9599609375,False,0.0006779547667910002,
2024-10-16,FN,5820.0,-21.0400390625,False,0.0036020874977111816,13.0
2024-10-16,FN,5940.0,98.9599609375,False,0.016942143440246582,37.0
2024-10-16,FN,5925.0,83.9599609375,True,0.014374136924743652,22.0
2024-10-16,FN,5775.0,-66.0400390625,True,0.011306226253509521,11.0
2024-10-17,FP,5840.0,-4.47998046875,False,0.000766531921355118,
2024-10-17,FP,5825.0,-19.47998046875,True,0.003333056240050203,
2024-10-17,FP,5860.0,15.52001953125,False,0.0026555005035717727,
2024-10-17,FP,5845.0,0.52001953125,False,8.897618487657688e-05,
2024-10-17,FN,5780.0,-64.47998046875,False,0.011032640933990479,27.0
2024-10-17,FN,5940.0,95.52001953125,False,0.01634359359741211,31.0
2024-10-17,FN,5925.0,80.52001953125,True,0.01377713680267334,23.0
2024-10-17,FN,5775.0,-69.47998046875,True,0.01188814640045166,18.0
2024-10-18,FP,5700.0,-159.830078125,True,0.027275548265751404,
2024-10-18,FP,5865.0,5.169921875,False,0.0008822648107662534,
2024-10-18,FP,5870.0,10.169921875,False,0.0017355318736911318,
2024-10-18,FP,6000.0,140.169921875,True,0.023920475509735306,
2024-10-18,FP,5855.0,-4.830078125,False,0.0008242693150831704,
2024-10-18,FN,5925.0,65.169921875,True,0.011121511459350586,13.0
2024-10-18,FN,5835.0,-24.830078125,False,0.004237353801727295,12.0
2024-10-18,FN,5775.0,-84.830078125,True,0.014476537704467773,22.0
2024-10-18,FN,5940.0,80.169921875,False,0.013681292533874512,26.0
2024-10-18,FN,5880.0,20.169921875,False,0.003442049026489258,21.0
2024-10-21,FP,5860.0,15.58984375,False,0.0026674794090775222,
2024-10-21,FP,5700.0,-144.41015625,True,0.024709107059429747,
2024-10-21,FP,5800.0,-44.41015625,True,0.007598740516612801,
2024-10-21,FP,6000.0,155.58984375,True,0.026621992569021202,
2024-10-21,FP,5840.0,-4.41015625,False,0.0007545938994859558,
2024-10-21,FP,5845.0,0.58984375,False,0.0001009244276548582,
2024-10-21,FP,5750.0,-94.41015625,True,0.016153923788021274,
2024-10-21,FN,5890.0,45.58984375,False,0.007800579071044922,28.0
2024-10-21,FN,5925.0,80.58984375,True,0.013789176940917969,16.0
2024-10-21,FN,5775.0,-69.41015625,True,0.011876344680786133,18.0
2024-10-21,FN,5940.0,95.58984375,False,0.01635575294494629,30.0
2024-10-21,FN,5910.0,65.58984375,False,0.0112227201461792,24.0
2024-10-21,FN,5950.0,105.58984375,True,0.018066763877868652,12.0
2024-10-21,FN,5855.0,10.58984375,False,0.001811981201171875,13.0
2024-10-22,FP,5860.0,4.419921875,False,0.0007548222065156818,
2024-10-22,FP,5700.0,-155.580078125,True,0.02656954153973723,
2024-10-22,FP,5800.0,-55.580078125,True,0.009491814198329118,
2024-10-22,FP,5865.0,9.419921875,False,0.0016087085735860818,
2024-10-22,FP,6000.0,144.419921875,True,0.024663640484487104,
2024-10-22,FP,5850.0,-5.580078125,True,0.0009529505276250072,
2024-10-22,FP,5855.0,-0.580078125,False,9.90641605546072e-05,
2024-10-22,FN,5920.0,64.419921875,False,0.01100146770477295,23.0
2024-10-22,FN,5890.0,34.419921875,False,0.005878090858459473,21.0
2024-10-22,FN,5925.0,69.419921875,True,0.011855363845825195,12.0
2024-10-22,FN,5810.0,-45.580078125,False,0.007784068584442139,17.0
2024-10-22,FN,5940.0,84.419921875,False,0.014417052268981934,28.0
2024-10-22,FN,5910.0,54.419921875,False,0.009293675422668457,20.0
2024-10-22,FN,5880.0,24.419921875,False,0.004170417785644531,19.0
2024-10-23,FP,5825.0,27.669921875,True,0.00477287328858611,
2024-10-23,FP,5795.0,-2.330078125,False,0.0004019226253464403,
2024-10-23,FP,5805.0,7.669921875,False,0.0013230093459644099,
2024-10-23,FP,5810.0,12.669921875,False,0.002185475331619946,
2024-10-23,FP,5850.0,52.669921875,True,0.009085203216863347,
2024-10-23,FP,5790.0,-7.330078125,False,0.0012643886110018654,
2024-10-23,FN,5740.0,-57.330078125,False,0.009889066219329834,41.0
2024-10-23,FN,5775.0,-22.330078125,True,0.003851771354675293,12.0
2024-10-23,FN,5875.0,77.669921875,True,0.013397574424743652,14.0
2024-10-23,FN,5780.0,-17.330078125,False,0.0029892921447753906,20.0
2024-10-23,FN,5815.0,17.669921875,False,0.003047943115234375,19.0
2024-10-23,FN,5725.0,-72.330078125,True,0.012476444244384766,16.0
2024-10-24,FP,5825.0,14.64013671875,True,0.0025196609269020342,
2024-10-24,FP,5700.0,-110.35986328125,True,0.01899363651788122,
2024-10-24,FP,5800.0,-10.35986328125,True,0.0017829985620545497,
2024-10-24,FP,5835.0,24.64013671875,False,0.004240724722484712,
2024-10-24,FP,5805.0,-5.35986328125,False,0.0009224666642632107,
2024-10-24,FP,5810.0,-0.35986328125,False,6.193476647187168e-05,
2024-10-24,FP,5815.0,4.64013671875,False,0.0007985971313193563,
2024-10-24,FP,5820.0,9.64013671875,False,0.0016591290291108063,
2024-10-24,FN,5760.0,-50.35986328125,False,0.008667230606079102,30.0
2024-10-24,FN,5770.0,-40.35986328125,False,0.006946206092834473,32.0
2024-10-24,FN,5740.0,-70.35986328125,False,0.01210939884185791,38.0
2024-10-24,FN,5775.0,-35.35986328125,True,0.006085634231567383,12.0
2024-10-24,FN,5875.0,64.64013671875,True,0.011124968528747559,11.0
2024-10-24,FN,5880.0,69.64013671875,False,0.011985540390014648,33.0
2024-10-24,FN,5725.0,-85.35986328125,True,0.014690995216369629,17.0
2024-10-24,FN,5790.0,-20.35986328125,False,0.003504037857055664,23.0
2024-10-25,FP,5600.0,-210.9599609375,True,0.03630380562860824,
2024-10-25,FP,5700.0,-110.9599609375,True,0.019094945014833442,
2024-10-25,FP,5805.0,-5.9599609375,False,0.0010256413703697564,
2024-10-25,FP,5810.0,-0.9599609375,False,0.0001651983396810941,
2024-10-25,FP,5815.0,4.0400390625,False,0.0006952446910077903,
2024-10-25,FP,5850.0,39.0400390625,True,0.006718345905828871,
2024-10-25,FN,5890.0,79.0400390625,False,0.013601899147033691,40.0
2024-10-25,FN,5740.0,-70.9599609375,False,0.012211382389068604,41.0
2024-10-25,FN,5775.0,-35.9599609375,True,0.0061882734298706055,15.0
2024-10-25,FN,5875.0,64.0400390625,True,0.011020541191101074,11.0
2024-10-25,FN,5725.0,-85.9599609375,True,0.01479274034500122,17.0
2024-10-25,FN,5855.0,44.0400390625,False,0.007578730583190918,24.0
2024-10-28,FP,5825.0,-6.68994140625,True,0.0011471702839943587,
2024-10-28,FP,5700.0,-131.68994140625,True,0.022581780363736925,
2024-10-28,FP,5830.0,-1.68994140625,False,0.0002897858808046383,
2024-10-28,FP,5840.0,8.31005859375,False,0.0014249829255748026,
2024-10-28,FP,5850.0,18.31005859375,True,0.0031397517319542434,
2024-10-28,FP,5950.0,118.31005859375,True,0.020287439795748208,
2024-10-28,FN,5760.0,-71.68994140625,False,0.01229315996170044,26.0
2024-10-28,FN,5890.0,58.31005859375,False,0.009998798370361328,28.0
2024-10-28,FN,5925.0,93.31005859375,True,0.01600050926208496,12.0
2024-10-28,FN,5780.0,-51.68994140625,False,0.008863627910614014,33.0
2024-10-28,FN,5725.0,-106.68994140625,True,0.018294870853424072,22.0
2024-10-28,FN,5855.0,23.31005859375,False,0.003997087478637695,13.0
2024-10-29,FP,5825.0,-15.259765625,True,0.0026128573449449854,
2024-10-29,FP,5700.0,-140.259765625,True,0.02401601491265004,
2024-10-29,FP,5800.0,-40.259765625,True,0.006893488858485952,
2024-10-29,FP,5835.0,-5.259765625,False,0.0009006047395285766,
2024-10-29,FP,5840.0,-0.259765625,False,4.4478436820427625e-05,
2024-10-29,FP,5845.0,4.740234375,False,0.0008116478658877213,
2024-10-29,FP,5950.0,109.740234375,True,0.01879030022276007,
2024-10-29,FN,5760.0,-80.259765625,False,0.013742506504058838,27.0
2024-10-29,FN,5890.0,49.740234375,False,0.008516788482666016,24.0
2024-10-29,FN,5925.0,84.740234375,True,0.01450967788696289,11.0
2024-10-29,FN,5780.0,-60.259765625,False,0.010317981243133545,31.0
2024-10-29,FN,5940.0,99.740234375,False,0.017078042030334473,28.0
2024-10-29,FN,5725.0,-115.259765625,True,0.019735395908355713,23.0
2024-10-29,FN,5855.0,14.740234375,False,0.0025238990783691406,13.0
2024-10-30,FP,5830.0,10.10986328125,False,0.001737122702276661,
2024-10-30,FP,5800.0,-19.89013671875,True,0.003417613778181061,
2024-10-30,FP,5835.0,15.10986328125,False,0.0025962454490195963,
2024-10-30,FP,5810.0,-9.89013671875,False,0.0016993682846951907,
2024-10-30,FP,5815.0,-4.89013671875,False,0.0008402455379522555,
2024-10-30,FN,5760.0,-59.89013671875,False,0.01029062271118164,24.0
2024-10-30,FN,5775.0,-44.89013671875,True,0.007713198661804199,13.0
2024-10-30,FN,5780.0,-39.89013671875,False,0.006854116916656494,29.0
2024-10-30,FN,5725.0,-94.89013671875,True,0.016304433345794678,16.0
2024-10-30,FN,5855.0,35.10986328125,False,0.006032705307006836,18.0
2024-10-31,FP,5730.0,4.93994140625,False,0.0008628628094189406,
2024-10-31,FP,5800.0,74.93994140625,True,0.013089808777422274,
2024-10-31,FP,5900.0,174.93994140625,True,0.030556874445998528,
2024-10-31,FP,5720.0,-5.06005859375,False,0.0008838437574387736,
2024-10-31,FP,5850.0,124.93994140625,True,0.0218233416117104,
2024-10-31,FP,5500.0,-225.06005859375,True,0.03931138822830649,
2024-10-31,FN,5760.0,34.93994140625,False,0.006103038787841797,15.0
2024-10-31,FN,5825.0,99.93994140625,True,0.017456531524658203,22.0
2024-10-31,FN,5675.0,-50.06005859375,True,0.008744001388549805,28.0
2024-10-31,FN,5780.0,54.93994140625,False,0.00959634780883789,33.0
2024-10-31,FN,5625.0,-100.06005859375,True,0.017477571964263916,26.0
2024-10-31,FN,5820.0,94.93994140625,False,0.01658320426940918,25.0
2024-11-01,FP,5600.0,-135.4501953125,True,0.02361631444785306,
2024-11-01,FP,5730.0,-5.4501953125,False,0.0009502646046781749,
2024-11-01,FP,5735.0,-0.4501953125,False,7.849345686372633e-05,
2024-11-01,FP,5740.0,4.5498046875,False,0.0007932776909507222,
2024-11-01,FP,5900.0,164.5498046875,True,0.028689954421011965,
2024-11-01,FP,5720.0,-15.4501953125,False,0.002693806900306961,
2024-11-01,FP,5850.0,114.5498046875,True,0.019972242942867924,
2024-11-01,FP,5725.0,-10.4501953125,True,0.0018220357524926234,
2024-11-01,FN,5630.0,-105.4501953125,False,0.018385708332061768,52.0
2024-11-01,FN,5640.0,-95.4501953125,False,0.01664215326309204,59.0
2024-11-01,FN,5675.0,-60.4501953125,True,0.010539770126342773,27.0
2024-11-01,FN,5775.0,39.5498046875,True,0.006895661354064941,16.0
2024-11-01,FN,5650.0,-85.4501953125,True,0.014898598194122314,11.0
2024-11-01,FN,5780.0,44.5498046875,False,0.007767438888549805,18.0
2024-11-01,FN,5690.0,-45.4501953125,False,0.007924437522888184,29.0
2024-11-01,FN,5790.0,54.5498046875,False,0.009510993957519531,39.0
2024-11-04,FP,5700.0,-16.259765625,True,0.0028444763344693813,
2024-11-04,FP,5900.0,183.740234375,True,0.03214343677660181,
2024-11-04,FP,5710.0,-6.259765625,False,0.0010950806789158385,
2024-11-04,FP,5715.0,-1.259765625,False,0.0002203828511391226,
2024-11-04,FP,5720.0,3.740234375,False,0.0006543149766378153,
2024-11-04,FP,5850.0,133.740234375,True,0.023396458498833983,
2024-11-04,FN,5675.0,-41.259765625,True,0.0072179436683654785,26.0
2024-11-04,FN,5650.0,-66.259765625,True,0.011591434478759766,11.0
2024-11-04,FN,5780.0,63.740234375,False,0.011150717735290527,28.0
2024-11-04,FN,5690.0,-26.259765625,False,0.004593849182128906,24.0
2024-11-04,FN,5820.0,103.740234375,False,0.018148303031921387,29.0
2024-11-04,FN,5660.0,-56.259765625,False,0.00984203815460205,49.0
2024-11-05,FP,5600.0,-168.72998046875,True,0.029249068866114558,
2024-11-05,FP,5770.0,1.27001953125,False,0.00022015582902135122,
2024-11-05,FP,5900.0,131.27001953125,True,0.022755445301772204,
2024-11-05,FP,5650.0,-118.72998046875,True,0.020581649838133376,
2024-11-05,FP,5780.0,11.27001953125,False,0.0019536396346175877,
2024-11-05,FP,5850.0,81.27001953125,True,0.014088026273791021,
2024-11-05,FN,5825.0,56.27001953125,True,0.009754300117492676,15.0
2024-11-05,FN,5675.0,-93.72998046875,True,0.016247928142547607,23.0
2024-11-05,FN,5875.0,106.27001953125,True,0.01842176914215088,12.0
2024-11-05,FN,5820.0,51.27001953125,False,0.008887529373168945,21.0
2024-11-05,FN,5725.0,-43.72998046875,True,0.00758051872253418,16.0
2024-11-05,FN,5855.0,86.27001953125,False,0.014954805374145508,25.0
2024-11-06,FP,5800.0,-129.759765625,True,0.021882803141068385,
2024-11-06,FP,5930.0,0.240234375,False,4.05133402523461e-05,
2024-11-06,FP,5900.0,-29.759765625,True,0.005018713540052344,
2024-11-06,FP,5940.0,10.240234375,False,0.0017269223003539835,
2024-11-06,FP,5750.0,-179.759765625,True,0.03031484794157646,
2024-11-06,FN,5860.0,-69.759765625,False,0.011764347553253174,21.0
2024-11-06,FN,6020.0,90.240234375,False,0.015218138694763184,57.0
2024-11-06,FN,5960.0,30.240234375,False,0.005099773406982422,13.0
2024-11-06,FN,5910.0,-19.759765625,False,0.0033323168754577637,14.0
2024-11-06,FN,5855.0,-74.759765625,False,0.012607574462890625,19.0
2024-11-07,FP,5800.0,-179.60009765625,True,0.030035469717556107,
2024-11-07,FP,5850.0,-129.60009765625,True,0.021673706525466074,
2024-11-07,FP,5970.0,-9.60009765625,False,0.0016054748644500627,
2024-11-07,FP,5980.0,0.39990234375,False,6.687777396807704e-05,
2024-11-07,FN,5960.0,-19.60009765625,False,0.0032778382301330566,12.0
2024-11-07,FN,6025.0,45.39990234375,True,0.007592439651489258,14.0
2024-11-07,FN,5940.0,-39.60009765625,False,0.0066225528717041016,11.0
2024-11-07,FN,6055.0,75.39990234375,False,0.012609481811523438,63.0
2024-11-08,FP,5995.0,0.0400390625,False,6.678787308089795e-06,
2024-11-08,FP,5900.0,-94.9599609375,True,0.015839965830672598,
2024-11-08,FP,6005.0,10.0400390625,False,0.0016747466418325363,
2024-11-08,FP,5850.0,-144.9599609375,True,0.024180305103293942,
2024-11-08,FP,5980.0,-14.9599609375,False,0.002495422994478247,
2024-11-08,FN,6020.0,25.0400390625,False,0.0041768550872802734,32.0
2024-11-08,FN,5925.0,-69.9599609375,True,0.011669814586639404,12.0
2024-11-08,FN,6055.0,60.0400390625,False,0.010015130043029785,51.0
2024-11-08,FN,5960.0,-34.9599609375,False,0.005831539630889893,15.0
2024-11-08,FN,6025.0,30.0400390625,True,0.005010843276977539,14.0
2024-11-12,FP,5985.0,-1.919921875,False,0.0003206860789944921,
2024-11-12,FP,5990.0,3.080078125,False,0.0005144679008894926,
2024-11-12,FP,5995.0,8.080078125,False,0.0013496218807733662,
2024-11-12,FP,5975.0,-11.919921875,True,0.0019909940387622393,
2024-11-12,FP,5850.0,-136.919921875,True,0.022869843535859302,
2024-11-12,FP,5980.0,-6.919921875,False,0.0011558400588783657,
2024-11-12,FN,5955.0,-31.919921875,False,0.005331635475158691,31.0
2024-11-12,FN,6020.0,33.080078125,False,0.005525350570678711,21.0
2024-11-12,FN,6055.0,68.080078125,False,0.011371493339538574,38.0
2024-11-12,FN,6025.0,38.080078125,True,0.006360530853271484,12.0
2024-11-12,FN,5940.0,-46.919921875,False,0.007837057113647461,14.0
2024-11-12,FN,6005.0,18.080078125,False,0.0030199289321899414,11.0
2024-11-13,FP,6025.0,28.080078125,True,0.004682416722386451,
2024-11-13,FP,5850.0,-146.919921875,True,0.02449923023635503,
2024-11-13,FP,5995.0,-1.919921875,False,0.0003201513276834822,
2024-11-13,FP,6005.0,8.080078125,False,0.0013473713556730882,
2024-11-13,FN,6040.0,43.080078125,False,0.007183670997619629,25.0
2024-11-13,FN,5915.0,-81.919921875,False,0.013660311698913574,39.0
2024-11-13,FN,6100.0,103.080078125,True,0.01718878746032715,18.0
2024-11-13,FN,6075.0,78.080078125,True,0.013020038604736328,21.0
2024-11-14,FP,5955.0,10.10986328125,False,0.0017005971597030545,
2024-11-14,FP,5960.0,15.10986328125,False,0.0025416555956052633,
2024-11-14,FP,5930.0,-14.89013671875,False,0.002504695019808767,
2024-11-14,FP,5935.0,-9.89013671875,False,0.001663636583906447,
2024-11-14,FP,5850.0,-94.89013671875,True,0.01596162999424644,
2024-11-14,FN,5920.0,-24.89013671875,False,0.004186809062957764,11.0
2024-11-14,FN,6020.0,75.10986328125,False,0.01263439655303955,36.0
2024-11-14,FN,6025.0,80.10986328125,True,0.013475418090820312,23.0
2024-11-14,FN,5875.0,-69.89013671875,True,0.011756360530853271,14.0
2024-11-14,FN,5915.0,-29.89013671875,False,0.005027890205383301,12.0
2024-11-15,FP,5865.0,0.75,False,0.0001278935925310698,
2024-11-15,FP,5900.0,35.75,True,0.006096261243978329,
2024-11-15,FP,5870.0,5.75,False,0.0009805175427377577,
2024-11-15,FP,5750.0,-114.25,True,0.01948245726222453,
2024-11-15,FP,5880.0,15.75,False,0.0026857654431513556,
2024-11-15,FP,5855.0,-9.25,False,0.001577354307882528,
2024-11-15,FN,5825.0,-39.25,True,0.006693124771118164,12.0
2024-11-15,FN,5815.0,-49.25,False,0.008398354053497314,22.0
2024-11-15,FN,5785.0,-79.25,False,0.013514101505279541,46.0
2024-11-15,FN,5915.0,50.75,False,0.008654117584228516,50.0
2024-11-15,FN,5885.0,20.75,False,0.003538370132446289,26.0
2024-11-15,FN,5790.0,-74.25,False,0.012661457061767578,40.0
2024-11-18,FP,5890.0,-3.47021484375,False,0.0005888236840511096,
2024-11-18,FP,5800.0,-93.47021484375,True,0.015859962201612343,
2024-11-18,FP,5905.0,11.52978515625,False,0.0019563660688757256,
2024-11-18,FP,5875.0,-18.47021484375,True,0.003134013436978056,
2024-11-18,FP,5885.0,-8.47021484375,False,0.0014372202683601287,
2024-11-18,FN,5825.0,-68.47021484375,True,0.011617958545684814,15.0
2024-11-18,FN,5865.0,-28.47021484375,False,0.004830777645111084,24.0
2024-11-18,FN,5805.0,-88.47021484375,False,0.01501154899597168,40.0
2024-11-18,FN,5815.0,-78.47021484375,False,0.013314783573150635,33.0
2024-11-18,FN,5880.0,-13.47021484375,False,0.002285599708557129,12.0
2024-11-19,FP,5920.0,8.43994140625,False,0.0014277012028289793,
2024-11-19,FP,5905.0,-6.56005859375,False,0.0011097000671106416,
2024-11-19,FP,5910.0,-1.56005859375,False,0.00026389964379747166,
2024-11-19,FP,5850.0,-61.56005859375,True,0.010413504723555844,
2024-11-19,FP,5915.0,3.43994140625,False,0.0005819007795158093,
2024-11-19,FN,5825.0,-86.56005859375,True,0.014642536640167236,23.0
2024-11-19,FN,5860.0,-51.56005859375,False,0.008721888065338135,12.0
2024-11-19,FN,5865.0,-46.56005859375,False,0.007876098155975342,26.0
2024-11-19,FN,5870.0,-41.56005859375,False,0.007030308246612549,20.0
2024-11-19,FN,5980.0,68.43994140625,False,0.011577248573303223,24.0
2024-11-20,FP,5920.0,9.83984375,False,0.0016649030635140782,
2024-11-20,FP,5900.0,-10.16015625,True,0.0017190999873760715,
2024-11-20,FP,5905.0,-5.16015625,False,0.0008730992246535063,
2024-11-20,FP,5910.0,-0.16015625,False,2.709846193094112e-05,
2024-11-20,FP,5915.0,4.83984375,False,0.0008189023007916241,
2024-11-20,FN,5825.0,-85.16015625,True,0.014409124851226807,22.0
2024-11-20,FN,5860.0,-50.16015625,False,0.008487105369567871,11.0
2024-11-20,FN,5870.0,-40.16015625,False,0.006795108318328857,23.0
2024-11-20,FN,5975.0,64.83984375,True,0.01097095012664795,15.0
2024-11-20,FN,5880.0,-30.16015625,False,0.005103111267089844,18.0
2024-11-21,FP,6050.0,95.509765625,True,0.016039956715963033,
2024-11-21,FP,5955.0,0.509765625,False,8.5610288191873e-05,
2024-11-21,FP,5700.0,-254.490234375,True,0.04273921433372074,
2024-11-21,FP,5960.0,5.509765625,False,0.0009253127317587762,
2024-11-21,FP,6100.0,145.509765625,True,0.024436981151632287,
2024-11-21,FP,5750.0,-204.490234375,True,0.0343421898980516,
2024-11-21,FP,5850.0,-104.490234375,True,0.017548141026713315,
2024-11-21,FP,5950.0,-4.490234375,True,0.0007540921553751412,
2024-11-21,FN,5920.0,-34.490234375,False,0.0057923197746276855,29.0
2024-11-21,FN,5860.0,-94.490234375,False,0.015868723392486572,21.0
2024-11-21,FN,6020.0,65.509765625,False,0.01100170612335205,25.0
2024-11-21,FN,5995.0,40.509765625,False,0.006803274154663086,33.0
2024-11-21,FN,5940.0,-14.490234375,False,0.002433478832244873,13.0
2024-11-21,FN,5975.0,20.509765625,True,0.0034444332122802734,12.0
2024-11-21,FN,5880.0,-74.490234375,False,0.012509942054748535,23.0
2024-11-21,FN,5945.0,-9.490234375,False,0.00159376859664917,14.0
2024-11-22,FP,5955.0,-4.93017578125,False,0.0008272203928301192,
2024-11-22,FP,5700.0,-259.93017578125,True,0.04361295654729336,
2024-11-22,FP,5960.0,0.06982421875,False,1.1715610198637094e-05,
2024-11-22,FP,5800.0,-159.93017578125,True,0.026834236486719565,
2024-11-22,FP,5965.0,5.06982421875,False,0.0008506516132271713,
2024-11-22,FP,5750.0,-209.93017578125,True,0.03522359651700646,
2024-11-22,FP,5850.0,-109.93017578125,True,0.01844487645643267,
2024-11-22,FN,6050.0,90.06982421875,True,0.015112519264221191,11.0
2024-11-22,FN,6020.0,60.06982421875,False,0.010078907012939453,21.0
2024-11-22,FN,5925.0,-34.93017578125,True,0.005860865116119385,15.0
2024-11-22,FN,5990.0,30.06982421875,False,0.005045294761657715,18.0
2024-11-22,FN,6025.0,65.06982421875,True,0.010917901992797852,14.0
2024-11-22,FN,5995.0,35.06982421875,False,0.005884289741516113,30.0
2024-11-22,FN,5940.0,-19.93017578125,False,0.0033439993858337402,16.0
2024-11-25,FP,5985.0,0.52001953125,False,8.689468975542347e-05,
2024-11-25,FP,5800.0,-184.47998046875,True,0.03082640113607671,
2024-11-25,FP,5900.0,-84.47998046875,True,0.014116511500491757,
2024-11-25,FP,5750.0,-234.47998046875,True,0.03918134595386913,
2024-11-25,FP,5850.0,-134.47998046875,True,0.02247145631828429,
2024-11-25,FP,5980.0,-4.47998046875,False,0.0007485997920239074,
2024-11-25,FN,6020.0,35.52001953125,False,0.005935311317443848,16.0
2024-11-25,FN,6055.0,70.52001953125,False,0.011783838272094727,85.0
2024-11-25,FN,6025.0,40.52001953125,True,0.0067708492279052734,12.0
2024-11-25,FN,5940.0,-44.47998046875,False,0.00743257999420166,19.0
2024-11-25,FN,6070.0,85.52001953125,False,0.014290332794189453,40.0
2024-11-25,FN,6040.0,55.52001953125,False,0.00927734375,39.0
2024-11-26,FP,6020.0,0.669921875,False,0.0001112950887067754,
2024-11-26,FP,5800.0,-219.330078125,True,0.03643762267201012,
2024-11-26,FP,5900.0,-119.330078125,True,0.01982447823532063,
2024-11-26,FP,5850.0,-169.330078125,True,0.028131050453665374,
2024-11-26,FP,6010.0,-9.330078125,False,0.0015500193549622399,
2024-11-26,FP,6015.0,-4.330078125,False,0.0007193621331277322,
2024-11-26,FN,6055.0,35.669921875,False,0.005925893783569336,51.0
2024-11-26,FN,6030.0,10.669921875,False,0.0017726421356201172,12.0
2024-11-26,FN,6065.0,45.669921875,False,0.0075871944427490234,38.0
2024-11-26,FN,6070.0,50.669921875,False,0.008417844772338867,23.0
2024-11-26,FN,5975.0,-44.330078125,True,0.007364630699157715,14.0
2024-11-26,FN,6075.0,55.669921875,True,0.009248495101928711,16.0
2024-11-27,FP,5990.0,-10.8798828125,False,0.0018130479237988828,
2024-11-27,FP,5800.0,-200.8798828125,True,0.03347507144541462,
2024-11-27,FP,5995.0,-5.8798828125,False,0.000979836778493226,
2024-11-27,FP,5750.0,-250.8798828125,True,0.04180718289847141,
2024-11-27,FP,5850.0,-150.8798828125,True,0.02514295999235794,
2024-11-27,FP,5950.0,-50.8798828125,True,0.008478737086244359,
2024-11-27,FN,6020.0,19.1201171875,False,0.0031862258911132812,14.0
2024-11-27,FN,6055.0,54.1201171875,False,0.009018659591674805,75.0
2024-11-27,FN,5940.0,-60.8798828125,False,0.010145187377929688,24.0
2024-11-27,FN,6040.0,39.1201171875,False,0.0065190792083740234,25.0
2024-11-27,FN,6010.0,9.1201171875,False,0.0015197992324829102,13.0
2024-11-27,FN,6075.0,74.1201171875,True,0.012351512908935547,23.0
2024-11-29,FP,5800.0,-242.1201171875,True,0.040072046316782406,
2024-11-29,FP,5900.0,-142.1201171875,True,0.02352156435672692,
2024-11-29,FP,6035.0,-7.1201171875,False,0.001178413710651971,
2024-11-29,FP,6040.0,-2.1201171875,False,0.0003508896126491745,
2024-11-29,FP,5850.0,-192.1201171875,True,0.03179680533675466,
2024-11-29,FP,6045.0,2.8798828125,False,0.00047663448535351094,
2024-11-29,FP,5950.0,-92.1201171875,True,0.015246323376699178,
2024-11-29,FN,6080.0,37.8798828125,False,0.006269335746765137,40.0
2024-11-29,FN,6020.0,-22.1201171875,False,0.0036609768867492676,13.0
2024-11-29,FN,6055.0,12.8798828125,False,0.0021317005157470703,23.0
2024-11-29,FN,6090.0,47.8798828125,False,0.007924318313598633,24.0
2024-11-29,FN,5975.0,-67.1201171875,True,0.011108696460723877,25.0
2024-11-29,FN,6105.0,62.8798828125,False,0.010406970977783203,59.0
2024-11-29,FN,6075.0,32.8798828125,True,0.005441784858703613,15.0
2024-12-02,FP,5900.0,-143.990234375,True,0.02382370400866307,
2024-12-02,FP,6040.0,-3.990234375,False,0.0006601986800550685,
2024-12-02,FP,5850.0,-193.990234375,True,0.032096384483165874,
2024-12-02,FP,6045.0,1.009765625,False,0.00016706936739518952,
2024-12-02,FP,5950.0,-93.990234375,True,0.015551023534160158,
2024-12-02,FN,6120.0,76.009765625,False,0.012576103210449219,45.0
2024-12-02,FN,6090.0,46.009765625,False,0.007612466812133789,26.0
2024-12-02,FN,6125.0,81.009765625,True,0.01340341567993164,29.0
2024-12-02,FN,6105.0,61.009765625,False,0.010094285011291504,37.0
2024-12-02,FN,6075.0,31.009765625,True,0.005130648612976074,11.0
2024-12-03,FP,6020.0,-27.4501953125,False,0.00453913540846973,
2024-12-03,FP,5900.0,-147.4501953125,True,0.02438220912125766,
2024-12-03,FP,6040.0,-7.4501953125,False,0.0012319564563383345,
2024-12-03,FP,6045.0,-2.4501953125,False,0.0004051617183055134,
2024-12-03,FP,5950.0,-97.4501953125,True,0.016114261740929336,
2024-12-03,FN,6080.0,32.5498046875,False,0.005382418632507324,26.0
2024-12-03,FN,6120.0,72.5498046875,False,0.011996746063232422,43.0
2024-12-03,FN,6125.0,77.5498046875,True,0.01282358169555664,28.0
2024-12-03,FN,5975.0,-72.4501953125,True,0.011980295181274414,22.0
2024-12-03,FN,6110.0,62.5498046875,False,0.010343194007873535,55.0
2024-12-04,FP,6085.0,-2.25,False,0.0003696250359357389,
2024-12-04,FP,6090.0,2.75,False,0.0004517639328103229,
2024-12-04,FP,5900.0,-187.25,True,0.030761016879543357,
2024-12-04,FP,6000.0,-87.25,True,0.014333237504620344,
2024-12-04,FP,5950.0,-137.25,True,0.02254712719208185,
2024-12-04,FN,6025.0,-62.25,True,0.010226309299468994,12.0
2024-12-04,FN,6125.0,37.75,True,0.006201505661010742,16.0
2024-12-04,FN,6130.0,42.75,False,0.007022857666015625,22.0
2024-12-04,FN,6040.0,-47.25,False,0.007762134075164795,25.0
2024-12-04,FN,6015.0,-72.25,False,0.011869072914123535,23.0
2024-12-05,FP,6025.0,-58.080078125,True,0.009547807587451995,
2024-12-05,FP,5900.0,-183.080078125,True,0.03009660825991145,
2024-12-05,FP,6085.0,1.919921875,False,0.00031561673532864987,
2024-12-05,FP,5950.0,-133.080078125,True,0.02187708799092769,
2024-12-05,FN,6120.0,36.919921875,False,0.006069302558898926,26.0
2024-12-05,FN,6030.0,-53.080078125,False,0.008725881576538086,18.0
2024-12-05,FN,6125.0,41.919921875,True,0.0068912506103515625,19.0
2024-12-05,FN,6150.0,66.919921875,True,0.011000990867614746,12.0
2024-12-06,FP,6080.0,-5.22021484375,False,0.0008578514268089421,
2024-12-06,FP,6050.0,-35.22021484375,True,0.005787829133584554,
2024-12-06,FP,6085.0,-0.22021484375,False,3.6188475679654886e-05,
2024-12-06,FP,5900.0,-185.22021484375,True,0.030437717667462616,
2024-12-06,FP,6000.0,-85.22021484375,True,0.014004458644877205,
2024-12-06,FP,6075.0,-10.22021484375,True,0.0016795143779381183,
2024-12-06,FP,5950.0,-135.22021484375,True,0.022221088156169855,
2024-12-06,FN,6145.0,59.77978515625,False,0.009823799133300781,49.0
2024-12-06,FN,6020.0,-65.22021484375,False,0.010717809200286865,17.0
2024-12-06,FN,6125.0,39.77978515625,True,0.006537079811096191,18.0
2024-12-06,FN,6160.0,74.77978515625,False,0.012288808822631836,44.0
2024-12-06,FN,6130.0,44.77978515625,False,0.0073587894439697266,35.0
2024-12-06,FN,6105.0,19.77978515625,False,0.0032504796981811523,23.0
2024-12-06,FN,6110.0,24.77978515625,False,0.004072070121765137,28.0
2024-12-09,FP,6050.0,-5.2001953125,True,0.0008587982469225874,
2024-12-09,FP,6150.0,94.7998046875,True,0.015655932360566283,
2024-12-09,FP,5900.0,-155.2001953125,True,0.025630894158156003,
2024-12-09,FP,6040.0,-15.2001953125,False,0.0025102713076715633,
2024-12-09,FP,6075.0,19.7998046875,True,0.0032698844049496856,
2024-12-09,FP,5950.0,-105.2001953125,True,0.01737352885441157,
2024-12-09,FN,6020.0,-35.2001953125,False,0.005813241004943848,14.0
2024-12-09,FN,5990.0,-65.2001953125,False,0.010767638683319092,21.0
2024-12-09,FN,6125.0,69.7998046875,True,0.011527299880981445,27.0
2024-12-09,FN,6030.0,-25.2001953125,False,0.004161715507507324,11.0
2024-12-09,FN,5975.0,-80.2001953125,True,0.013244867324829102,24.0
2024-12-09,FN,5980.0,-75.2001953125,False,0.01241910457611084,25.0
2024-12-10,FP,5900.0,-132.52978515625,True,0.021969188694659247,
2024-12-10,FP,6030.0,-2.52978515625,False,0.0004193572591179029,
2024-12-10,FP,6000.0,-32.52978515625,True,0.005392395282704299,
2024-12-10,FP,6035.0,2.47021484375,False,0.00040948241147997777,
2024-12-10,FP,6040.0,7.47021484375,False,0.0012383220820775254,
2024-12-10,FP,5950.0,-82.52978515625,True,0.013680791988681773,
2024-12-10,FN,5990.0,-42.52978515625,False,0.0070500969886779785,21.0
2024-12-10,FN,6090.0,57.47021484375,False,0.009526729583740234,16.0
2024-12-10,FN,6060.0,27.47021484375,False,0.004553675651550293,12.0
2024-12-10,FN,6095.0,62.47021484375,False,0.010355591773986816,18.0
2024-12-10,FN,5975.0,-57.52978515625,True,0.009536564350128174,19.0
2024-12-10,FN,5980.0,-52.52978515625,False,0.008707761764526367,24.0
2024-12-11,FP,6080.0,-5.169921875,False,0.0008495936746836241,
2024-12-11,FP,6085.0,-0.169921875,False,2.7923932639728477e-05,
2024-12-11,FP,6090.0,4.830078125,False,0.0007937458094040561,
2024-12-11,FP,6000.0,-85.169921875,True,0.013996309547385177,
2024-12-11,FP,6075.0,-10.169921875,True,0.0016712634167274087,
2024-12-11,FN,6020.0,-65.169921875,False,0.010709643363952637,18.0
2024-12-11,FN,6125.0,39.830078125,True,0.006545424461364746,17.0
2024-12-11,FN,6030.0,-55.169921875,False,0.009066283702850342,19.0
2024-12-11,FN,6105.0,19.830078125,False,0.0032587051391601562,16.0
2024-12-11,FN,6110.0,24.830078125,False,0.004080414772033691,25.0
2024-12-12,FP,6060.0,-1.4501953125,False,0.0002392489034425127,
2024-12-12,FP,5900.0,-161.4501953125,True,0.026635572364737792,
2024-12-12,FP,6000.0,-61.4501953125,True,0.0101378702014282,
2024-12-12,FP,6065.0,3.5498046875,False,0.0005856362047229613,
2024-12-12,FP,6070.0,8.5498046875,False,0.0014105213128883243,
2024-12-12,FP,5950.0,-111.4501953125,True,0.018386721283083052,
2024-12-12,FN,6020.0,-41.4501953125,False,0.006838321685791016,13.0
2024-12-12,FN,5990.0,-71.4501953125,False,0.011787652969360352,25.0
2024-12-12,FN,6125.0,63.5498046875,True,0.01048421859741211,23.0
2024-12-12,FN,5975.0,-86.4501953125,True,0.01426231861114502,21.0
2024-12-12,FN,6010.0,-51.4501953125,False,0.008488118648529053,20.0
2024-12-12,FN,5980.0,-81.4501953125,False,0.013437390327453613,27.0
2024-12-13,FP,6150.0,97.0498046875,True,0.016033471539656396,
2024-12-13,FP,6055.0,2.0498046875,False,0.0003386455565232982,
2024-12-13,FP,6060.0,7.0498046875,False,0.0011646890293197654,
2024-12-13,FP,5900.0,-152.9501953125,True,0.025268702100167184,
2024-12-13,FP,5950.0,-102.9501953125,True,0.0170082673722024,
2024-12-13,FN,6020.0,-32.9501953125,False,0.00544363260269165,11.0
2024-12-13,FN,5990.0,-62.9501953125,False,0.010399937629699707,20.0
2024-12-13,FN,6125.0,72.0498046875,True,0.01190328598022461,24.0
2024-12-13,FN,5975.0,-77.9501953125,True,0.012878060340881348,21.0
2024-12-13,FN,6010.0,-42.9501953125,False,0.007095754146575928,18.0
2024-12-16,FP,6080.0,2.669921875,False,0.0004393248088681023,
2024-12-16,FP,6085.0,7.669921875,False,0.0012620545167700836,
2024-12-16,FP,5950.0,-127.330078125,True,0.020951647596584744,
2024-12-16,FN,6115.0,37.669921875,False,0.006198406219482422,32.0
2024-12-16,FN,6020.0,-57.330078125,False,0.009433448314666748,17.0
2024-12-16,FN,6125.0,47.669921875,True,0.007843852043151855,19.0
2024-12-17,FP,6150.0,102.0498046875,True,0.016873453218347212,
2024-12-17,FP,6025.0,-22.9501953125,True,0.0037947063999117514,
2024-12-17,FP,6000.0,-47.9501953125,True,0.007928338323563544,
2024-12-17,FP,6040.0,-7.9501953125,False,0.0013145272457206758,
2024-12-17,FP,6075.0,27.0498046875,True,0.004472557447391834,
2024-12-17,FP,5950.0,-97.9501953125,True,0.01619560217086724,
2024-12-17,FN,6020.0,-27.9501953125,False,0.004621446132659912,13.0
2024-12-17,FN,5990.0,-57.9501953125,False,0.009581804275512695,23.0
2024-12-17,FN,5960.0,-87.9501953125,False,0.014542162418365479,31.0
2024-12-17,FN,5995.0,-52.9501953125,False,0.008755087852478027,22.0
2024-12-17,FN,6125.0,77.0498046875,True,0.012739777565002441,27.0
2024-12-17,FN,5975.0,-72.9501953125,True,0.0120619535446167,21.0
2024-12-18,FP,6000.0,119.81005859375,True,0.020375202125715308,
2024-12-18,FP,6050.0,169.81005859375,True,0.02887832881009622,
2024-12-18,FP,6100.0,219.81005859375,True,0.037381455494477134,
2024-12-18,FP,5700.0,-180.18994140625,True,0.0306435579805705,
2024-12-18,FN,5920.0,39.81005859375,False,0.0067702531814575195,11.0
2024-12-18,FN,5930.0,49.81005859375,False,0.008470773696899414,26.0
2024-12-18,FN,5970.0,89.81005859375,False,0.015273332595825195,46.0
2024-12-18,FN,5975.0,94.81005859375,True,0.016123652458190918,23.0
2024-12-19,FP,5890.0,0.41015625,False,6.964088516880906e-05,
2024-12-19,FP,5895.0,5.41015625,False,0.0009185964377029787,
2024-12-19,FP,6000.0,110.41015625,True,0.018746663040918987,
2024-12-19,FP,5905.0,15.41015625,False,0.002616507542771096,
2024-12-19,FP,5880.0,-9.58984375,False,0.0016282702198994192,
2024-12-19,FN,5925.0,35.41015625,True,0.006012320518493652,15.0
2024-12-19,FN,5870.0,-19.58984375,False,0.0033261775970458984,14.0
2024-12-19,FN,5775.0,-114.58984375,True,0.019456326961517334,30.0
2024-12-19,FN,5940.0,50.41015625,False,0.008559226989746094,31.0
2024-12-19,FN,5975.0,85.41015625,True,0.01450192928314209,27.0
2024-12-20,FP,6050.0,126.4599609375,True,0.02134871379336789,
2024-12-20,FP,6150.0,226.4599609375,True,0.03823051071557226,
2024-12-20,FP,5960.0,36.4599609375,False,0.006155096563383866,
2024-12-20,FP,5800.0,-123.5400390625,True,0.020855778512143264,
2024-12-20,FP,6000.0,76.4599609375,True,0.012907815332265482,
2024-12-20,FP,6100.0,176.4599609375,True,0.029789612254470077,
2024-12-20,FP,5940.0,16.4599609375,False,0.002778737178942947,
2024-12-20,FN,5895.0,-28.5400390625,False,0.004818081855773926,16.0
2024-12-20,FN,6025.0,101.4599609375,True,0.01712822914123535,19.0
2024-12-20,FN,5870.0,-53.5400390625,False,0.00903850793838501,56.0
2024-12-20,FN,5970.0,46.4599609375,False,0.007843255996704102,17.0
2024-12-20,FN,5875.0,-48.5400390625,True,0.008194446563720703,26.0
2024-12-20,FN,5975.0,51.4599609375,True,0.008687376976013184,12.0
2024-12-20,FN,6040.0,116.4599609375,False,0.019660592079162598,38.0
2024-12-23,FP,6150.0,184.14013671875,True,0.030865649032773668,
2024-12-23,FP,6000.0,34.14013671875,True,0.00572258442221818,
2024-12-23,FP,5970.0,4.14013671875,False,0.0006939715001070823,
2024-12-23,FP,6100.0,134.14013671875,True,0.02248462749592184,
2024-12-23,FP,5975.0,9.14013671875,True,0.0015320736537922652,
2024-12-23,FP,5850.0,-115.85986328125,True,0.019420480188337308,
2024-12-23,FP,5980.0,14.14013671875,False,0.002370175807477448,
2024-12-23,FP,5950.0,-15.85986328125,True,0.0026584371146336494,
2024-12-23,FN,5920.0,-45.85986328125,False,0.007687032222747803,46.0
2024-12-23,FN,6020.0,54.14013671875,False,0.009075045585632324,16.0
2024-12-23,FN,5925.0,-40.85986328125,True,0.006848931312561035,14.0
2024-12-23,FN,6025.0,59.14013671875,True,0.009913086891174316,13.0
2024-12-23,FN,5930.0,-35.85986328125,False,0.006010830402374268,23.0
2024-12-23,FN,5875.0,-90.85986328125,True,0.015229940414428711,27.0
2024-12-23,FN,6005.0,39.14013671875,False,0.006560683250427246,34.0
2024-12-23,FN,5910.0,-55.85986328125,False,0.009363234043121338,28.0
2024-12-24,FP,5950.0,-74.7998046875,True,0.0124153178715255,
2024-12-24,FP,6075.0,50.2001953125,True,0.008332259484114646,
2024-12-24,FP,6030.0,5.2001953125,False,0.0008631316360843133,
2024-12-24,FP,6015.0,-9.7998046875,False,0.0016265776465925752,
2024-12-24,FN,6125.0,100.2001953125,True,0.016631245613098145,20.0
2024-12-24,FN,5925.0,-99.7998046875,True,0.01656484603881836,21.0
2024-12-24,FN,6085.0,60.2001953125,False,0.009992122650146484,24.0
2024-12-24,FN,5975.0,-49.7998046875,True,0.008265793323516846,14.0
2024-12-26,FP,6050.0,5.240234375,True,0.0008669053160392792,
2024-12-26,FP,6150.0,105.240234375,True,0.017410159949362125,
2024-12-26,FP,6060.0,15.240234375,False,0.002521230779371386,
2024-12-26,FP,6040.0,-4.759765625,False,0.0007874201472931608,
2024-12-26,FP,6045.0,0.240234375,False,3.974258437300371e-05,
2024-12-26,FP,5950.0,-94.759765625,True,0.01567634931728379,
2024-12-26,FN,6080.0,35.240234375,False,0.005829930305480957,14.0
2024-12-26,FN,6020.0,-24.759765625,False,0.004096090793609619,15.0
2024-12-26,FN,6085.0,40.240234375,False,0.006657004356384277,18.0
2024-12-26,FN,6035.0,-9.759765625,False,0.0016145706176757812,12.0
2024-12-26,FN,5975.0,-69.759765625,True,0.011540532112121582,21.0
2024-12-26,FN,6110.0,65.240234375,False,0.010792851448059082,23.0
2024-12-27,FP,6050.0,98.4501953125,True,0.016541942610470928,
2024-12-27,FP,5955.0,3.4501953125,False,0.0005797137595626722,
2024-12-27,FP,5925.0,-26.5498046875,True,0.004460990088092531,
2024-12-27,FP,6150.0,198.4501953125,True,0.033344288769321606,
2024-12-27,FP,5960.0,8.4501953125,False,0.0014198310675053172,
2024-12-27,FP,5800.0,-151.5498046875,True,0.02546392278665599,
2024-12-27,FP,6100.0,148.4501953125,True,0.024943115689896267,
2024-12-27,FP,5850.0,-101.5498046875,True,0.01706274970723065,
2024-12-27,FN,5920.0,-31.5498046875,False,0.005301117897033691,33.0
2024-12-27,FN,6020.0,68.4501953125,False,0.011501193046569824,17.0
2024-12-27,FN,6025.0,73.4501953125,True,0.01234138011932373,12.0
2024-12-27,FN,6060.0,108.4501953125,False,0.01822221279144287,28.0
2024-12-27,FN,5940.0,-11.5498046875,False,0.0019406676292419434,15.0
2024-12-27,FN,5910.0,-41.5498046875,False,0.006981313228607178,25.0
2024-12-27,FN,5975.0,23.4501953125,True,0.003940224647521973,11.0
2024-12-27,FN,6040.0,88.4501953125,False,0.014861702919006348,22.0
2024-12-30,FP,6050.0,130.64013671875,True,0.02206997711511538,
2024-12-30,FP,6150.0,230.64013671875,True,0.03896369574511738,
2024-12-30,FP,5800.0,-119.35986328125,True,0.02016431945988939,
2024-12-30,FP,5930.0,10.64013671875,False,0.0017975147591131613,
2024-12-30,FP,6100.0,180.64013671875,True,0.03051683643011649,
2024-12-30,FP,5850.0,-69.35986328125,True,0.011717460144888392,
2024-12-30,FN,5825.0,-94.35986328125,True,0.01594090461730957,21.0
2024-12-30,FN,5830.0,-89.35986328125,False,0.015096187591552734,32.0
2024-12-30,FN,5875.0,-44.35986328125,True,0.007494032382965088,18.0
2024-12-30,FN,5940.0,20.64013671875,False,0.0034868717193603516,14.0
2024-12-30,FN,5975.0,55.64013671875,True,0.009399652481079102,11.0
2024-12-30,FN,5820.0,-99.35986328125,False,0.01678556203842163,53.0
2024-12-31,FP,6050.0,162.33984375,True,0.027572896437928707,
2024-12-31,FP,5890.0,2.33984375,False,0.0003974148792396104,
2024-12-31,FP,5860.0,-27.66015625,False,0.004697987913014567,
2024-12-31,FP,5880.0,-7.66015625,False,0.0013010527181784859,
2024-12-31,FP,5885.0,-2.66015625,False,0.00045181891946943775,
2024-12-31,FN,5825.0,-62.66015625,True,0.010642647743225098,19.0
2024-12-31,FN,6025.0,137.33984375,True,0.023326754570007324,23.0
2024-12-31,FN,5870.0,-17.66015625,False,0.002999544143676758,13.0
2024-12-31,FN,5750.0,-137.66015625,True,0.02338111400604248,18.0
2024-12-31,FN,5975.0,87.33984375,True,0.014834403991699219,20.0
2025-01-02,FP,6050.0,187.64013671875,True,0.032007611455930896,
2025-01-02,FP,5860.0,-2.35986328125,False,0.0004025449369000622,
2025-01-02,FP,5700.0,-162.35986328125,True,0.02769530821507349,
2025-01-02,FP,5870.0,7.64013671875,False,0.0013032527679857075,
2025-01-02,FP,6000.0,137.64013671875,True,0.023478622931501603,
2025-01-02,FP,5950.0,87.64013671875,True,0.014949634407072532,
2025-01-02,FN,5825.0,-37.35986328125,True,0.006372809410095215,14.0
2025-01-02,FN,5775.0,-87.35986328125,True,0.014901816844940186,17.0
2025-01-02,FN,5780.0,-82.35986328125,False,0.014048933982849121,41.0
2025-01-02,FN,5940.0,77.64013671875,False,0.013243794441223145,30.0
2025-01-02,FN,5820.0,-42.35986328125,False,0.007225751876831055,13.0
2025-01-02,FN,5790.0,-72.35986328125,False,0.012343108654022217,43.0
2025-01-03,FP,6050.0,111.7900390625,True,0.01882554503762468,
2025-01-03,FP,5800.0,-138.2099609375,True,0.023274684096161513,
2025-01-03,FP,5930.0,-8.2099609375,False,0.0013825649465927237,
2025-01-03,FP,5935.0,-3.2099609375,False,0.0005405603639170309,
2025-01-03,FP,6100.0,161.7900390625,True,0.02724559086438183,
2025-01-03,FP,5945.0,6.7900390625,False,0.0011434488014343547,
2025-01-03,FP,5850.0,-88.2099609375,True,0.014854638269404252,
2025-01-03,FN,6020.0,81.7900390625,False,0.013773560523986816,19.0
2025-01-03,FN,6025.0,86.7900390625,True,0.014615535736083984,12.0
2025-01-03,FN,5870.0,-68.2099609375,False,0.011486649513244629,38.0
2025-01-03,FN,5970.0,31.7900390625,False,0.005353450775146484,17.0
2025-01-03,FN,5875.0,-63.2099609375,True,0.010644614696502686,14.0
2025-01-03,FN,5910.0,-28.2099609375,False,0.004750609397888184,20.0
2025-01-03,FN,5975.0,36.7900390625,True,0.006195425987243652,15.0
2025-01-06,FP,6150.0,182.330078125,True,0.03055297637301524,
2025-01-06,FP,5960.0,-7.669921875,False,0.0012852456612730823,
2025-01-06,FP,5800.0,-167.669921875,True,0.02809638000593695,
2025-01-06,FP,5965.0,-2.669921875,False,0.0004473977130023954,
2025-01-06,FP,6000.0,32.330078125,True,0.005417537924892857,
2025-01-06,FP,6100.0,132.330078125,True,0.022174496890307704,
2025-01-06,FP,5975.0,7.330078125,True,0.0012282981835392004,
2025-01-06,FN,6020.0,52.330078125,False,0.008768916130065918,15.0
2025-01-06,FN,5925.0,-42.669921875,True,0.007150173187255859,11.0
2025-01-06,FN,5990.0,22.330078125,False,0.0037418603897094727,21.0
2025-01-06,FN,6030.0,62.330078125,False,0.01044464111328125,24.0
2025-01-06,FN,6040.0,72.330078125,False,0.012120366096496582,18.0
2025-01-06,FN,6010.0,42.330078125,False,0.007093191146850586,25.0
2025-01-06,FN,6075.0,107.330078125,True,0.017985224723815918,19.0
2025-01-07,FP,6050.0,152.39990234375,True,0.025841003089428716,
2025-01-07,FP,5890.0,-7.60009765625,False,0.001288676331118177,
2025-01-07,FP,5800.0,-97.60009765625,True,0.016549121005175804,
2025-01-07,FP,6100.0,202.39990234375,True,0.03431902790834962,
2025-01-07,FP,5880.0,-17.60009765625,False,0.002984281294902358,
2025-01-07,FN,5825.0,-72.60009765625,True,0.01231008768081665,18.0
2025-01-07,FN,5830.0,-67.60009765625,False,0.01146233081817627,45.0
2025-01-07,FN,5870.0,-27.60009765625,False,0.004679858684539795,27.0
2025-01-07,FN,5915.0,17.39990234375,False,0.002950310707092285,24.0
2025-01-07,FN,5820.0,-77.60009765625,False,0.013157904148101807,41.0
2025-01-08,FP,5920.0,8.16015625,False,0.0013803073942584287,
2025-01-08,FP,6050.0,138.16015625,True,0.023370077657983712,
2025-01-08,FP,5800.0,-111.83984375,True,0.018917942079949457,
2025-01-08,FP,5905.0,-6.83984375,False,0.001156973790017557,
2025-01-08,FP,5910.0,-1.83984375,False,0.00031121339525885805,
2025-01-08,FP,5915.0,3.16015625,False,0.0005345469994997298,
2025-01-08,FN,5825.0,-86.83984375,True,0.014689147472381592,23.0
2025-01-08,FN,5865.0,-46.83984375,False,0.00792306661605835,41.0
2025-01-08,FN,5870.0,-41.83984375,False,0.007077276706695557,28.0
2025-01-08,FN,5875.0,-36.83984375,True,0.006231546401977539,11.0
2025-01-08,FN,5975.0,63.16015625,True,0.010683655738830566,18.0
2025-01-08,FN,5880.0,-31.83984375,False,0.005385756492614746,19.0
2025-01-10,FP,5700.0,-126.18994140625,True,0.02165908469777622,
2025-01-10,FP,5830.0,3.81005859375,False,0.0006539537213972046,
2025-01-10,FP,6000.0,173.81005859375,True,0.029832542423393393,
2025-01-10,FP,5815.0,-11.18994140625,False,0.001920627634661165,
2025-01-10,FP,5820.0,-6.18994140625,False,0.0010624338493083751,
2025-01-10,FP,5950.0,123.81005859375,True,0.02125060456986505,
2025-01-10,FN,5925.0,98.81005859375,True,0.016959667205810547,11.0
2025-01-10,FN,5870.0,43.81005859375,False,0.00751948356628418,27.0
2025-01-10,FN,5775.0,-51.18994140625,True,0.008786201477050781,12.0
2025-01-10,FN,5875.0,48.81005859375,True,0.008377671241760254,16.0
2025-01-10,FN,5915.0,88.81005859375,False,0.015243291854858398,35.0
2025-01-10,FN,5725.0,-101.18994140625,True,0.0173681378364563,14.0
2025-01-13,FP,5700.0,-124.93017578125,True,0.02144749756841402,
2025-01-13,FP,5830.0,5.06982421875,False,0.0008703665221307944,
2025-01-13,FP,6000.0,175.06982421875,True,0.030055265717458868,
2025-01-13,FP,5840.0,15.06982421875,False,0.00258712529832672,
2025-01-13,FP,5820.0,-4.93017578125,False,0.0008463922540649094,
2025-01-13,FP,5950.0,125.06982421875,True,0.021471471836480127,
2025-01-13,FN,5770.0,-54.93017578125,False,0.009430170059204102,33.0
2025-01-13,FN,5870.0,45.06982421875,False,0.007737398147583008,22.0
2025-01-13,FN,5775.0,-49.93017578125,True,0.008571803569793701,12.0
2025-01-13,FN,5810.0,-14.93017578125,False,0.002563178539276123,13.0
2025-01-13,FN,5875.0,50.06982421875,True,0.008595824241638184,11.0
2025-01-13,FN,5780.0,-44.93017578125,False,0.007713437080383301,42.0
2025-01-14,FP,5700.0,-126.080078125,True,0.02164063597381516,
2025-01-14,FP,5830.0,3.919921875,False,0.000672823205729367,
2025-01-14,FP,5900.0,73.919921875,True,0.012687762763945676,
2025-01-14,FP,6000.0,173.919921875,True,0.02985196213282615,
2025-01-14,FP,5840.0,13.919921875,False,0.0023892431426173477,
2025-01-14,FP,5850.0,23.919921875,True,0.00410566307950555,
2025-01-14,FP,5820.0,-6.080078125,False,0.0010435967311587246,
2025-01-14,FN,5930.0,103.919921875,False,0.017837047576904297,17.0
2025-01-14,FN,5770.0,-56.080078125,False,0.009625673294067383,39.0
2025-01-14,FN,5870.0,43.919921875,False,0.007538557052612305,23.0
2025-01-14,FN,5810.0,-16.080078125,False,0.002759993076324463,18.0
2025-01-14,FN,5875.0,48.919921875,True,0.008396744728088379,11.0
2025-01-14,FN,5780.0,-46.080078125,False,0.007909297943115234,31.0
2025-01-14,FN,5790.0,-36.080078125,False,0.0061928629875183105,42.0
2025-01-15,FP,6050.0,92.47998046875,True,0.015523234528052265,
2025-01-15,FP,5955.0,-2.52001953125,False,0.0004229980802394895,
2025-01-15,FP,5960.0,2.47998046875,False,0.0004162773201970005,
2025-01-15,FP,5975.0,17.47998046875,True,0.0029341035215062483,
2025-01-15,FP,5850.0,-107.52001953125,True,0.018047781489404002,
2025-01-15,FP,5950.0,-7.52001953125,True,0.0012622734806758684,
2025-01-15,FN,6020.0,62.47998046875,False,0.010487556457519531,15.0
2025-01-15,FN,6025.0,67.47998046875,True,0.011326909065246582,11.0
2025-01-15,FN,5865.0,-92.52001953125,False,0.015529930591583252,47.0
2025-01-15,FN,5875.0,-82.52001953125,True,0.013851404190063477,19.0
2025-01-15,FN,5940.0,-17.52001953125,False,0.002940833568572998,13.0
2025-01-15,FN,5910.0,-47.52001953125,False,0.0079764723777771,17.0
2025-01-16,FP,5960.0,9.490234375,False,0.0015948607344236088,
2025-01-16,FP,5955.0,4.490234375,False,0.0007545965895121576,
2025-01-16,FP,5925.0,-25.509765625,True,0.0042869882799563275,
2025-01-16,FN,6025.0,74.490234375,True,0.01251828670501709,15.0
2025-01-16,FN,5875.0,-75.509765625,True,0.012689650058746338,17.0
2025-01-16,FN,6020.0,69.490234375,False,0.011677980422973633,16.0
2025-01-17,FP,5990.0,-14.97998046875,False,0.002494592907465565,
2025-01-17,FP,5995.0,-9.97998046875,False,0.0016619506644834914,
2025-01-17,FP,5900.0,-104.97998046875,True,0.017482153281142998,
2025-01-17,FP,6000.0,-4.97998046875,True,0.0008293084215014179,
2025-01-17,FP,6005.0,0.02001953125,False,3.33382148065553e-06,
2025-01-17,FP,6010.0,5.02001953125,False,0.000835976064462729,
2025-01-17,FP,5950.0,-54.97998046875,True,0.009155730851322263,
2025-01-17,FN,6080.0,75.02001953125,False,0.012493014335632324,26.0
2025-01-17,FN,6125.0,120.02001953125,True,0.019986748695373535,24.0
2025-01-17,FN,6030.0,25.02001953125,False,0.004166603088378906,16.0
2025-01-17,FN,5875.0,-129.97998046875,True,0.02164536714553833,31.0
2025-01-17,FN,6075.0,70.02001953125,True,0.011660337448120117,12.0
2025-01-17,FN,5980.0,-24.97998046875,False,0.004159867763519287,15.0
2025-01-17,FN,6110.0,105.02001953125,False,0.017488837242126465,37.0
2025-01-21,FP,6025.0,-20.6298828125,True,0.0034123628492623848,
2025-01-21,FP,6035.0,-10.6298828125,False,0.0017582754846968696,
2025-01-21,FP,6010.0,-35.6298828125,False,0.005893493896110713,
2025-01-21,FP,6045.0,-0.6298828125,False,0.00010418812013135437,
2025-01-21,FP,5950.0,-95.6298828125,True,0.015818018083503915,
2025-01-21,FN,5995.0,-50.6298828125,False,0.008374631404876709,22.0
2025-01-21,FN,6125.0,79.3701171875,True,0.013128519058227539,19.0
2025-01-21,FN,6030.0,-15.6298828125,False,0.002585291862487793,12.0
2025-01-21,FN,5980.0,-65.6298828125,False,0.01085573434829712,21.0
2025-01-21,FN,6110.0,64.3701171875,False,0.010647416114807129,26.0
2025-01-22,FP,6090.0,1.43994140625,False,0.0002364994994534797,
2025-01-22,FP,6085.0,-3.56005859375,False,0.0005847127333046265,
2025-01-22,FP,5950.0,-138.56005859375,True,0.02275744301777527,
2025-01-22,FP,6095.0,6.43994140625,False,0.001057711732211697,
2025-01-22,FN,6025.0,-63.56005859375,True,0.010439276695251465,17.0
2025-01-22,FN,6165.0,76.43994140625,False,0.012554645538330078,93.0
2025-01-22,FN,6030.0,-58.56005859375,False,0.009618043899536133,15.0
2025-01-22,FN,6110.0,21.43994140625,False,0.0035213232040405273,11.0
2025-01-23,FP,6090.0,-11.22021484375,False,0.001839011615488384,
2025-01-23,FP,6095.0,-6.22021484375,False,0.0010195034148442472,
2025-01-23,FP,6100.0,-1.22021484375,True,0.00019999521420011046,
2025-01-23,FP,6105.0,3.77978515625,False,0.0006195129864439153,
2025-01-23,FP,5950.0,-151.22021484375,True,0.024785241233523103,
2025-01-23,FN,6080.0,-21.22021484375,False,0.0034780502319335938,12.0
2025-01-23,FN,6120.0,18.77978515625,False,0.003077983856201172,13.0
2025-01-23,FN,6130.0,28.77978515625,False,0.004717111587524414,20.0
2025-01-23,FN,6165.0,63.77978515625,False,0.010453581809997559,35.0
2025-01-23,FN,6175.0,73.77978515625,True,0.01209259033203125,23.0
2025-01-24,FP,6050.0,-42.81982421875,True,0.007027915719506894,
2025-01-24,FP,6085.0,-7.81982421875,False,0.001283449116231239,
2025-01-24,FP,6090.0,-2.81982421875,False,0.00046281103004908175,
2025-01-24,FP,6095.0,2.18017578125,False,0.0003578270561330754,
2025-01-24,FP,6100.0,7.18017578125,True,0.0011784651423154546,
2025-01-24,FP,6105.0,12.18017578125,False,0.001999103228497612,
2025-01-24,FP,5950.0,-142.81982421875,True,0.02344067744315137,
2025-01-24,FN,6020.0,-72.81982421875,False,0.011951744556427002,16.0
2025-01-24,FN,6120.0,27.18017578125,False,0.004461050033569336,24.0
2025-01-24,FN,6125.0,32.18017578125,True,0.005281686782836914,11.0
2025-01-24,FN,6030.0,-62.81982421875,False,0.010310471057891846,14.0
2025-01-24,FN,6165.0,72.18017578125,False,0.011846780776977539,33.0
2025-01-24,FN,6110.0,17.18017578125,False,0.0028197765350341797,12.0
2025-01-24,FN,6175.0,82.18017578125,True,0.013488054275512695,22.0
2025-01-27,FP,6050.0,45.7998046875,True,0.007627960960271851,
2025-01-27,FP,6150.0,145.7998046875,True,0.024282968579449893,
2025-01-27,FP,6025.0,20.7998046875,True,0.0034642090554772853,
2025-01-27,FP,5900.0,-104.2001953125,True,0.017354550468495322,
2025-01-27,FP,5975.0,-29.2001953125,True,0.0048632947541117355,
2025-01-27,FP,6010.0,5.7998046875,False,0.000965957912600679,
2025-01-27,FN,6080.0,75.7998046875,False,0.012624502182006836,25.0
2025-01-27,FN,5925.0,-79.2001953125,True,0.013190805912017822,17.0
2025-01-27,FN,5960.0,-44.2001953125,False,0.0073615312576293945,23.0
2025-01-27,FN,6060.0,55.7998046875,False,0.009293437004089355,19.0
2025-01-27,FN,6005.0,0.7998046875,False,0.00013315677642822266,13.0
2025-01-27,FN,5980.0,-24.2001953125,False,0.0040305256843566895,24.0
2025-01-28,FP,6080.0,9.83984375,False,0.0016210188029170958,
2025-01-28,FP,6025.0,-45.16015625,True,0.007439697650069688,
2025-01-28,FP,6060.0,-10.16015625,False,0.0016737871799871185,
2025-01-28,FP,6000.0,-70.16015625,True,0.011558205128700094,
2025-01-28,FP,5950.0,-120.16015625,True,0.01979522008596102,
2025-01-28,FN,6020.0,-50.16015625,False,0.00826340913772583,13.0
2025-01-28,FN,6125.0,54.83984375,True,0.009034276008605957,14.0
2025-01-28,FN,6030.0,-40.16015625,False,0.006615996360778809,15.0
2025-01-28,FN,6005.0,-65.16015625,False,0.010734498500823975,29.0
2025-01-28,FN,5980.0,-90.16015625,False,0.01485300064086914,44.0
2025-01-29,FP,6150.0,107.7900390625,True,0.017839505703932224,
2025-01-29,FP,6025.0,-17.2099609375,True,0.002848289127448611,
2025-01-29,FP,5900.0,-142.2099609375,True,0.023536083958829335,
2025-01-29,FP,6100.0,57.7900390625,True,0.009564387771379801,
2025-01-29,FP,6040.0,-2.2099609375,False,0.00036575374768288427,
2025-01-29,FN,5960.0,-82.2099609375,False,0.013605952262878418,42.0
2025-01-29,FN,6125.0,82.7900390625,True,0.013701915740966797,18.0
2025-01-29,FN,5970.0,-72.2099609375,False,0.011950910091400146,30.0
2025-01-29,FN,5975.0,-67.2099609375,True,0.011123418807983398,14.0
2025-01-29,FN,6075.0,32.7900390625,True,0.005426883697509766,11.0
2025-01-30,FP,6020.0,-26.83984375,False,0.0044386562970973875,
2025-01-30,FP,6025.0,-21.83984375,True,0.003611778104653074,
2025-01-30,FP,6000.0,-46.83984375,True,0.00774616906687442,
2025-01-30,FP,6040.0,-6.83984375,False,0.0011311435273202441,
2025-01-30,FP,5950.0,-96.83984375,True,0.016014950991317112,
2025-01-30,FN,6090.0,43.16015625,False,0.007137656211853027,20.0
2025-01-30,FN,6125.0,78.16015625,True,0.01292574405670166,21.0
2025-01-30,FN,6160.0,113.16015625,False,0.018713951110839844,65.0
2025-01-30,FN,6010.0,-36.83984375,False,0.006092429161071777,22.0
2025-01-30,FN,5980.0,-66.83984375,False,0.011053681373596191,36.0
2025-01-31,FP,6050.0,14.9501953125,True,0.0024772281582312594,
2025-01-31,FP,6020.0,-15.0498046875,False,0.002493733303710388,
2025-01-31,FP,6150.0,114.9501953125,True,0.01904709969803675,
2025-01-31,FP,6035.0,-0.0498046875,False,8.252572739508857e-06,
2025-01-31,FP,6100.0,64.9501953125,True,0.010762163928134116,
2025-01-31,FN,5990.0,-45.0498046875,False,0.007464706897735596,23.0
2025-01-31,FN,6125.0,89.9501953125,True,0.014904618263244629,22.0
2025-01-31,FN,5970.0,-65.0498046875,False,0.010778665542602539,32.0
2025-01-31,FN,6005.0,-30.0498046875,False,0.004979193210601807,19.0
2025-01-31,FN,5975.0,-60.0498046875,True,0.00995016098022461,17.0
2025-02-03,FP,6025.0,20.7001953125,True,0.0034475619116054457,
2025-02-03,FP,6050.0,45.7001953125,True,0.007611244741114076,
2025-02-03,FP,5990.0,-14.2998046875,False,0.0023815940497068366,
2025-02-03,FP,6150.0,145.7001953125,True,0.02426597605914904,
2025-02-03,FN,6085.0,80.7001953125,False,0.013440370559692383,40.0
2025-02-03,FN,6075.0,70.7001953125,True,0.011774897575378418,15.0
2025-02-03,FN,5925.0,-79.2998046875,True,0.013207197189331055,12.0
2025-02-03,FN,6045.0,40.7001953125,False,0.0067784786224365234,37.0
2025-02-04,FP,6050.0,16.919921875,True,0.0028045246633388032,
2025-02-04,FP,6150.0,116.919921875,True,0.01937980606273282,
2025-02-04,FP,5900.0,-133.080078125,True,0.02205839743575222,
2025-02-04,FP,6030.0,-3.080078125,False,0.000510531616539911,
2025-02-04,FP,6000.0,-33.080078125,True,0.005483116036358093,
2025-02-04,FN,5955.0,-78.080078125,False,0.012942016124725342,46.0
2025-02-04,FN,5960.0,-73.080078125,False,0.012113213539123535,35.0
2025-02-04,FN,6005.0,-28.080078125,False,0.004654347896575928,19.0
2025-02-04,FN,5980.0,-53.080078125,False,0.008798182010650635,41.0
2025-02-04,FN,6045.0,11.919921875,False,0.0019757747650146484,15.0
2025-02-05,FP,6055.0,4.27978515625,False,0.0007073183033237118,
2025-02-05,FP,6060.0,9.27978515625,False,0.0015336662127400924,
2025-02-05,FP,6075.0,24.27978515625,True,0.004012709940989456,
2025-02-05,FP,6045.0,-5.72021484375,False,0.0009453775155091604,
2025-02-05,FP,5950.0,-100.72021484375,True,0.016645987794421724,
2025-02-05,FN,6025.0,-25.72021484375,True,0.004250764846801758,11.0
2025-02-05,FN,6125.0,74.27978515625,True,0.012276172637939453,13.0
2025-02-05,FN,6095.0,44.27978515625,False,0.00731813907623291,29.0
2025-02-05,FN,5975.0,-75.72021484375,True,0.012514233589172363,12.0
2025-02-05,FN,6110.0,59.27978515625,False,0.009797096252441406,17.0
2025-02-06,FP,6080.0,9.89013671875,False,0.0016293175809842797,
2025-02-06,FP,6060.0,-10.10986328125,False,0.0016655157005321941,
2025-02-06,FP,6000.0,-70.10986328125,True,0.011550015545081393,
2025-02-06,FP,6065.0,-5.10986328125,False,0.0008418073801530479,
2025-02-06,FP,6100.0,29.89013671875,True,0.0049241508625006425,
2025-02-06,FP,6070.0,-0.10986328125,False,1.8099059773901693e-05,
2025-02-06,FP,5950.0,-120.10986328125,True,0.0197870987488723,
2025-02-06,FN,6125.0,54.89013671875,True,0.009042739868164062,12.0
2025-02-06,FN,6095.0,24.89013671875,False,0.004100441932678223,22.0
2025-02-06,FN,6160.0,89.89013671875,False,0.01480865478515625,41.0
2025-02-06,FN,6165.0,94.89013671875,False,0.01563239097595215,38.0
2025-02-06,FN,6005.0,-65.10986328125,False,0.010726332664489746,23.0
2025-02-06,FN,6010.0,-60.10986328125,False,0.009902596473693848,19.0
2025-02-06,FN,6110.0,39.89013671875,False,0.006571531295776367,16.0
2025-02-07,FP,6050.0,22.52001953125,True,0.0037362246916161634,
2025-02-07,FP,6020.0,-7.47998046875,False,0.0012409797283421398,
2025-02-07,FP,6150.0,122.52001953125,True,0.020326906091477692,
2025-02-07,FP,6030.0,2.52001953125,False,0.0004180884116440353,
2025-02-07,FP,6035.0,7.52001953125,False,0.0012476224816371229,
2025-02-07,FP,6100.0,72.52001953125,True,0.012031565391547039,
2025-02-07,FP,6040.0,12.52001953125,False,0.0020771565516302104,
2025-02-07,FN,6090.0,62.52001953125,False,0.010372519493103027,19.0
2025-02-07,FN,5965.0,-62.47998046875,False,0.010365843772888184,57.0
2025-02-07,FN,6005.0,-22.47998046875,False,0.003729581832885742,15.0
2025-02-07,FN,5975.0,-52.47998046875,True,0.008706808090209961,14.0
2025-02-07,FN,6075.0,47.52001953125,True,0.007883906364440918,13.0
2025-02-07,FN,5980.0,-47.47998046875,False,0.007877230644226074,43.0
2025-02-07,FN,6045.0,17.52001953125,False,0.0029066801071166992,17.0
2025-02-10,FP,6060.0,-6.2099609375,False,0.0010236969998546064,
2025-02-10,FP,6000.0,-66.2099609375,True,0.010914551485004531,
2025-02-10,FP,6065.0,-1.2099609375,False,0.00019945912609209415,
2025-02-10,FP,6100.0,33.7900390625,True,0.0055702059902453804,
2025-02-10,FP,6070.0,3.7900390625,False,0.0006247787476703071,
2025-02-10,FP,5950.0,-116.2099609375,True,0.019156930222629542,
2025-02-10,FN,6125.0,58.7900390625,True,0.009691357612609863,12.0
2025-02-10,FN,6095.0,28.7900390625,False,0.004745960235595703,15.0
2025-02-10,FN,6005.0,-61.2099609375,False,0.010090291500091553,21.0
2025-02-10,FN,6010.0,-56.2099609375,False,0.009266078472137451,26.0
2025-02-10,FN,5980.0,-86.2099609375,False,0.014211475849151611,46.0
2025-02-10,FN,6110.0,43.7900390625,False,0.007218718528747559,17.0
2025-02-11,FP,6060.0,-7.240234375,False,0.001193332404077041,
2025-02-11,FP,6065.0,-2.240234375,False,0.0003692344935194436,
2025-02-11,FP,6070.0,2.759765625,False,0.00045486341703826483,
2025-02-11,FP,6075.0,7.759765625,True,0.0012789613275960843,
2025-02-11,FP,5950.0,-117.240234375,True,0.019323486436346293,
2025-02-11,FN,6120.0,52.759765625,False,0.008695840835571289,27.0
2025-02-11,FN,6125.0,57.759765625,True,0.00951993465423584,12.0
2025-02-11,FN,6095.0,27.759765625,False,0.004575371742248535,14.0
2025-02-11,FN,6005.0,-62.240234375,False,0.01025843620300293,19.0
2025-02-11,FN,6110.0,42.759765625,False,0.0070476531982421875,20.0
2025-02-12,FP,6040.0,-3.93994140625,False,0.0006518829512612845,
2025-02-12,FP,5950.0,-93.93994140625,True,0.01554283171523263,
2025-02-12,FP,6150.0,106.06005859375,True,0.017548165538036953,
2025-02-12,FP,6055.0,11.06005859375,False,0.0018299418427338843,
2025-02-12,FN,6110.0,66.06005859375,False,0.01092994213104248,14.0
2025-02-12,FN,6125.0,81.06005859375,True,0.013411760330200195,17.0
2025-02-12,FN,5975.0,-68.93994140625,True,0.011406481266021729,12.0
2025-02-12,FN,6005.0,-38.93994140625,False,0.0064427852630615234,18.0
2025-02-13,FP,6115.0,4.75,False,0.0007773822675012365,
2025-02-13,FP,6150.0,39.75,True,0.006505462133300499,
2025-02-13,FP,6000.0,-110.25,True,0.018043451577267722,
2025-02-13,FP,6105.0,-5.25,False,0.0008592119798699338,
2025-02-13,FP,6110.0,-0.25,False,4.0914856184293136e-05,
2025-02-13,FN,6160.0,49.75,False,0.00814211368560791,20.0
2025-02-13,FN,6130.0,19.75,False,0.003232240676879883,13.0
2025-02-13,FN,6165.0,54.75,False,0.008960366249084473,18.0
2025-02-13,FN,6170.0,59.75,False,0.009778618812561035,26.0
2025-02-13,FN,6175.0,64.75,True,0.010596990585327148,15.0
2025-02-14,FP,6115.0,-0.169921875,False,2.778694250049618e-05,
2025-02-14,FP,6150.0,34.830078125,True,0.005695684432317494,
2025-02-14,FP,6120.0,4.830078125,False,0.0007898518253306452,
2025-02-14,FP,6000.0,-115.169921875,True,0.01883347860261697,
2025-02-14,FP,6105.0,-10.169921875,False,0.001663064478162779,
2025-02-14,FP,6110.0,-5.169921875,False,0.0008454257103316376,
2025-02-14,FN,6180.0,64.830078125,False,0.010601520538330078,33.0
2025-02-14,FN,6025.0,-90.169921875,True,0.01474529504776001,17.0
2025-02-14,FN,6225.0,109.830078125,True,0.017960309982299805,34.0
2025-02-14,FN,6130.0,14.830078125,False,0.002425074577331543,12.0
2025-02-14,FN,6165.0,49.830078125,False,0.008148550987243652,15.0
2025-02-14,FN,6175.0,59.830078125,True,0.00978386402130127,11.0
2025-02-18,FP,6050.0,-65.43017578125,True,0.010699194316758143,
2025-02-18,FP,6115.0,-0.43017578125,False,7.03426854505862e-05,
2025-02-18,FP,6120.0,4.56982421875,False,0.0007472612861885164,
2025-02-18,FP,6000.0,-115.43017578125,True,0.018875234033148613,
2025-02-18,FP,6105.0,-10.43017578125,False,0.0017055506287286804,
2025-02-18,FP,6110.0,-5.43017578125,False,0.0008879466570895778,
2025-02-18,FN,6180.0,64.56982421875,False,0.010558485984802246,26.0
2025-02-18,FN,6190.0,74.56982421875,False,0.012193679809570312,34.0
2025-02-18,FN,6130.0,14.56982421875,False,0.002382516860961914,11.0
2025-02-18,FN,6165.0,49.56982421875,False,0.008105754852294922,14.0
2025-02-18,FN,6140.0,24.56982421875,False,0.0040177106857299805,15.0
2025-02-18,FN,6175.0,59.56982421875,True,0.009740948677062988,12.0
2025-02-19,FP,6145.0,7.10009765625,False,0.0011567633505296104,
2025-02-19,FP,6050.0,-87.89990234375,True,0.014320843243172732,
2025-02-19,FP,6120.0,-17.89990234375,False,0.0029162910162342515,
2025-02-19,FP,6135.0,-2.89990234375,False,0.0004724583961759343,
2025-02-19,FP,6140.0,2.10009765625,False,0.00034215247717672703,
2025-02-19,FN,6180.0,42.10009765625,False,0.0068590641021728516,17.0
2025-02-19,FN,6220.0,82.10009765625,False,0.01337587833404541,45.0
2025-02-19,FN,6190.0,52.10009765625,False,0.008488297462463379,20.0
2025-02-19,FN,6225.0,87.10009765625,True,0.01419055461883545,21.0
2025-02-19,FN,6165.0,27.10009765625,False,0.004415154457092285,11.0
2025-02-20,FP,6115.0,0.52001953125,False,8.504722117197439e-05,
2025-02-20,FP,6120.0,5.52001953125,False,0.0009027782491533021,
2025-02-20,FP,6000.0,-114.47998046875,True,0.018722766422398784,
2025-02-20,FP,6100.0,-14.47998046875,True,0.0023681458627721197,
2025-02-20,FP,6075.0,-39.47998046875,True,0.006456801002678758,
2025-02-20,FN,6190.0,75.52001953125,False,0.012351036071777344,44.0
2025-02-20,FN,6160.0,45.52001953125,False,0.007444620132446289,24.0
2025-02-20,FN,6165.0,50.52001953125,False,0.008262395858764648,27.0
2025-02-20,FN,6040.0,-74.47998046875,False,0.012180924415588379,19.0
2025-02-20,FN,6175.0,60.52001953125,True,0.009897828102111816,16.0
2025-02-21,FP,6010.0,-2.89013671875,False,0.00048065683108045043,
2025-02-21,FP,6020.0,7.10986328125,False,0.0011824369179527228,
2025-02-21,FP,6150.0,137.10986328125,True,0.02280265565538353,
2025-02-21,FN,5960.0,-52.89013671875,False,0.008796095848083496,22.0
2025-02-21,FN,5925.0,-87.89013671875,True,0.014616966247558594,43.0
2025-02-21,FN,6070.0,57.10986328125,False,0.009497880935668945,42.0
2025-02-24,FP,5985.0,-16.5,False,0.0027493126718320937,
2025-02-24,FP,5990.0,-11.5,False,0.0019161876197617556,
2025-02-24,FP,6150.0,148.5,True,0.0247438140464884,
2025-02-24,FP,6100.0,98.5,True,0.01641256352578524,
2025-02-24,FP,5975.0,-26.5,True,0.004415562775972659,
2025-02-24,FP,6010.0,8.5,False,0.001416312588519597,
2025-02-24,FN,5920.0,-81.5,False,0.013579964637756348,60.0
2025-02-24,FN,5960.0,-41.5,False,0.006914913654327393,21.0
2025-02-24,FN,6090.0,88.5,False,0.014746308326721191,28.0
2025-02-24,FN,6060.0,58.5,False,0.009747505187988281,35.0
2025-02-24,FN,5970.0,-31.5,False,0.005248665809631348,23.0
2025-02-24,FN,6045.0,43.5,False,0.0072481632232666016,42.0
2025-02-25,FP,6150.0,197.91015625,True,0.033250532408850564,
2025-02-25,FP,5800.0,-152.08984375,True,0.025552343419295354,
2025-02-25,FP,6100.0,147.91015625,True,0.024850121576258433,
2025-02-25,FP,5945.0,-7.08984375,False,0.0011911520047777069,
2025-02-25,FP,5950.0,-2.08984375,True,0.00035111092151851597,
2025-02-25,FN,6025.0,72.91015625,True,0.012249469757080078,14.0
2025-02-25,FN,5995.0,42.91015625,False,0.007209300994873047,15.0
2025-02-25,FN,6030.0,77.91015625,False,0.013089537620544434,22.0
2025-02-25,FN,5870.0,-82.08984375,False,0.01379173994064331,49.0
2025-02-25,FN,5910.0,-42.08984375,False,0.007071435451507568,37.0
2025-02-26,FP,5955.0,-9.56982421875,False,0.0016044449978425135,
2025-02-26,FP,6150.0,185.43017578125,True,0.03108860844051531,
2025-02-26,FP,5960.0,-4.56982421875,False,0.0007661615763461249,
2025-02-26,FP,5965.0,0.43017578125,False,7.212184515026365e-05,
2025-02-26,FP,5970.0,5.43017578125,False,0.0009104052666466522,
2025-02-26,FP,6100.0,135.43017578125,True,0.022705774225551867,
2025-02-26,FN,5995.0,30.43017578125,False,0.005101799964904785,15.0
2025-02-26,FN,6030.0,65.43017578125,False,0.010969758033752441,17.0
2025-02-26,FN,5870.0,-94.56982421875,False,0.015855252742767334,46.0
2025-02-26,FN,5875.0,-89.56982421875,True,0.01501697301864624,37.0
2025-02-26,FN,5910.0,-54.56982421875,False,0.009149014949798584,43.0
2025-02-26,FN,5850.0,-114.56982421875,True,0.01920837163925171,13.0
2025-02-27,FP,6050.0,177.08984375,True,0.030153678336376277,
2025-02-27,FP,6150.0,277.08984375,True,0.04718101186259749,
2025-02-27,FP,6000.0,127.08984375,True,0.021640011573265783,
2025-02-27,FP,6100.0,227.08984375,True,0.03866734509948677,
2025-02-27,FP,5850.0,-22.91015625,True,0.003900988716065923,
2025-02-27,FN,5825.0,-47.91015625,True,0.008157849311828613,22.0
2025-02-27,FN,5925.0,52.08984375,True,0.008869528770446777,25.0
2025-02-27,FN,5870.0,-2.91015625,False,0.0004954934120178223,11.0
2025-02-27,FN,5775.0,-97.91015625,True,0.016671478748321533,47.0
2025-02-27,FN,5975.0,102.08984375,True,0.017383217811584473,12.0
2025-02-28,FP,5920.0,10.0400390625,False,0.001698833685652712,
2025-02-28,FP,6150.0,240.0400390625,True,0.04061618702141301,
2025-02-28,FP,5800.0,-109.9599609375,True,0.018605872402569834,
2025-02-28,FP,6000.0,90.0400390625,True,0.015235304411134631,
2025-02-28,FP,6100.0,190.0400390625,True,0.03215589281798681,
2025-02-28,FP,5950.0,40.0400390625,True,0.006775010207708432,
2025-02-28,FN,5995.0,85.0400390625,False,0.014389276504516602,25.0
2025-02-28,FN,6030.0,120.0400390625,False,0.020311474800109863,36.0
2025-02-28,FN,5870.0,-39.9599609375,False,0.006761431694030762,33.0
2025-02-28,FN,5875.0,-34.9599609375,True,0.005915403366088867,19.0
2025-02-28,FN,5940.0,30.0400390625,False,0.005082964897155762,16.0
2025-02-28,FN,5975.0,65.0400390625,True,0.011005163192749023,11.0
2025-03-03,FP,5600.0,-224.6201171875,True,0.03856390848987434,
2025-03-03,FP,6050.0,225.3798828125,True,0.03869434886361778,
2025-03-03,FP,5700.0,-124.6201171875,True,0.02139540685576502,
2025-03-03,FP,6150.0,325.3798828125,True,0.05586285049772721,
2025-03-03,FP,5000.0,-824.6201171875,True,0.14157491829453073,
2025-03-03,FP,6100.0,275.3798828125,True,0.047278599680672606,
2025-03-03,FN,5825.0,0.3798828125,True,6.520748138427734e-05,12.0
2025-03-03,FN,5870.0,45.3798828125,False,0.007791042327880859,27.0
2025-03-03,FN,5775.0,-49.6201171875,True,0.00851905345916748,21.0
2025-03-03,FN,5875.0,50.3798828125,True,0.008649468421936035,16.0
2025-03-03,FN,5975.0,150.3798828125,True,0.02581799030303955,14.0
2025-03-03,FN,5725.0,-99.6201171875,True,0.017103254795074463,35.0
2025-03-04,FP,5600.0,-212.64013671875,True,0.03658236734379805,
2025-03-04,FP,6050.0,237.35986328125,True,0.0408351209946467,
2025-03-04,FP,6100.0,287.35986328125,True,0.0494370641433628,
2025-03-04,FP,5780.0,-32.64013671875,False,0.005615372008420105,
2025-03-04,FP,5750.0,-62.64013671875,True,0.010776537897649763,
2025-03-04,FP,5950.0,137.35986328125,True,0.02363123469721451,
2025-03-04,FN,5825.0,12.35986328125,True,0.002126336097717285,15.0
2025-03-04,FN,5675.0,-137.64013671875,True,0.02367943525314331,18.0
2025-03-04,FN,5650.0,-162.64013671875,True,0.027980446815490723,14.0
2025-03-04,FN,5875.0,62.35986328125,True,0.01072835922241211,20.0
2025-03-04,FN,5625.0,-187.64013671875,True,0.03228139877319336,38.0
2025-03-04,FN,5725.0,-87.64013671875,True,0.015077531337738037,33.0
2025-03-05,FP,5600.0,-241.9599609375,True,0.04141760001016359,
2025-03-05,FP,6050.0,208.0400390625,True,0.03561134284616263,
2025-03-05,FP,5700.0,-141.9599609375,True,0.02430005715320216,
2025-03-05,FP,6150.0,308.0400390625,True,0.05272888570312406,
2025-03-05,FP,5840.0,-1.9599609375,False,0.00033549715345626563,
2025-03-05,FP,5845.0,3.0400390625,False,0.000520379989391806,
2025-03-05,FN,5825.0,-16.9599609375,True,0.0029031038284301758,11.0
2025-03-05,FN,5870.0,28.0400390625,False,0.0047997236251831055,25.0
2025-03-05,FN,5775.0,-66.9599609375,True,0.011461913585662842,28.0
2025-03-05,FN,5875.0,33.0400390625,True,0.005655646324157715,17.0
2025-03-05,FN,5910.0,68.0400390625,False,0.011646747589111328,32.0
2025-03-05,FN,5725.0,-116.9599609375,True,0.020020663738250732,43.0
2025-03-06,FP,5770.0,37.5,False,0.0065416484954208265,
2025-03-06,FP,5900.0,167.5,True,0.02921936327954655,
2025-03-06,FP,6000.0,267.5,True,0.04666375926733535,
2025-03-06,FP,5650.0,-82.5,True,0.014391626689925885,
2025-03-06,FP,5500.0,-232.5,True,0.04055822067160919,
2025-03-06,FP,5950.0,217.5,True,0.03794156127344084,
2025-03-06,FN,5825.0,92.5,True,0.0161360502243042,20.0
2025-03-06,FN,5675.0,-57.5,True,0.010030508041381836,15.0
2025-03-06,FN,5875.0,142.5,True,0.02485823631286621,26.0
2025-03-06,FN,5625.0,-107.5,True,0.018752753734588623,18.0
2025-03-06,FN,5850.0,117.5,True,0.02049720287322998,13.0
2025-03-06,FN,5725.0,-7.5,True,0.0013083219528198242,14.0
2025-03-07,FP,5600.0,-160.66015625,True,0.027889191844738925,
2025-03-07,FP,6050.0,289.33984375,True,0.050226855239166035,
2025-03-07,FP,5500.0,-260.66015625,True,0.04524831341893998,
2025-03-07,FP,5950.0,189.33984375,True,0.03286773366496498,
2025-03-07,FN,5680.0,-80.66015625,False,0.014001905918121338,60.0
2025-03-07,FN,5825.0,64.33984375,True,0.011168837547302246,19.0
2025-03-07,FN,5675.0,-85.66015625,True,0.014869868755340576,16.0
2025-03-07,FN,5725.0,-35.66015625,True,0.006190299987792969,14.0
2025-03-10,FP,5000.0,-607.68994140625,True,0.10836725064258079,
2025-03-10,FP,5800.0,192.31005859375,True,0.03429398925460636,
2025-03-10,FP,5900.0,292.31005859375,True,0.05212664424175473,
2025-03-10,FP,6000.0,392.31005859375,True,0.0699592992289031,
2025-03-10,FP,5400.0,-207.68994140625,True,0.037036630693987216,
2025-03-10,FN,5475.0,-132.68994140625,True,0.023662149906158447,29.0
2025-03-10,FN,5525.0,-82.68994140625,True,0.014745831489562988,35.0
2025-03-10,FN,5625.0,17.31005859375,True,0.0030868053436279297,11.0
2025-03-10,FN,5725.0,117.31005859375,True,0.020919442176818848,21.0
2025-03-10,FN,5565.0,-42.68994140625,False,0.007612764835357666,16.0
2025-03-11,FP,5800.0,197.259765625,True,0.03520773003444533,
2025-03-11,FP,5000.0,-602.740234375,True,0.10757954307375406,
2025-03-11,FP,5900.0,297.259765625,True,0.05305613917297025,
2025-03-11,FP,6000.0,397.259765625,True,0.07090454831149517,
2025-03-11,FP,5750.0,147.259765625,True,0.026283525465182977,
2025-03-11,FN,5475.0,-127.740234375,True,0.02279961109161377,28.0
2025-03-11,FN,5450.0,-152.740234375,True,0.027261674404144287,16.0
2025-03-11,FN,5675.0,72.259765625,True,0.012897253036499023,13.0
2025-03-11,FN,5525.0,-77.740234375,True,0.013875424861907959,31.0
2025-03-11,FN,5565.0,-37.740234375,False,0.006736040115356445,12.0
2025-03-12,FP,5600.0,-7.85009765625,True,0.0013998408515825123,
2025-03-12,FP,5700.0,92.14990234375,True,0.01643230484749636,
2025-03-12,FP,5800.0,192.14990234375,True,0.03426445054657523,
2025-03-12,FP,5610.0,2.14990234375,False,0.00038337371832541933,
2025-03-12,FP,6000.0,392.14990234375,True,0.06992874194473297,
2025-03-12,FP,5750.0,142.14990234375,True,0.025348377697035795,
2025-03-12,FP,5400.0,-207.85009765625,True,0.037064132249740256,
2025-03-12,FN,5475.0,-132.85009765625,True,0.02369004487991333,29.0
2025-03-12,FN,5575.0,-32.85009765625,True,0.005857884883880615,15.0
2025-03-12,FN,5675.0,67.14990234375,True,0.011974215507507324,13.0
2025-03-12,FN,5680.0,72.14990234375,False,0.012865900993347168,32.0
2025-03-12,FN,5525.0,-82.85009765625,True,0.014773964881896973,31.0
2025-03-12,FN,5625.0,17.14990234375,True,0.003058195114135742,11.0
2025-03-12,FN,5725.0,117.14990234375,True,0.020890355110168457,21.0
2025-03-13,FP,5000.0,-519.4501953125,True,0.09411267009051971,
2025-03-13,FP,5700.0,180.5498046875,True,0.032711556096807426,
2025-03-13,FP,5520.0,0.5498046875,False,9.961222006626969e-05,
2025-03-13,FP,5750.0,230.5498046875,True,0.04177042939590225,
2025-03-13,FN,5425.0,-94.4501953125,True,0.017112255096435547,29.0
2025-03-13,FN,5525.0,5.5498046875,True,0.0010055303573608398,12.0
2025-03-13,FN,5565.0,45.5498046875,False,0.008252620697021484,11.0
2025-03-13,FN,5575.0,55.5498046875,True,0.010064363479614258,15.0
2025-03-14,FP,5800.0,174.33984375,True,0.030990112965908923,
2025-03-14,FP,5610.0,-15.66015625,False,0.0027837010795260797,
2025-03-14,FP,5620.0,-5.66015625,False,0.0010061319192400386,
2025-03-14,FP,5500.0,-125.66015625,True,0.022336961842672642,
2025-03-14,FP,5630.0,4.33984375,False,0.0007714372410461134,
2025-03-14,FN,5725.0,99.33984375,True,0.017658352851867676,17.0
2025-03-14,FN,5575.0,-50.66015625,True,0.009005188941955566,15.0
2025-03-14,FN,5675.0,49.33984375,True,0.008770465850830078,12.0
2025-03-14,FN,5680.0,54.33984375,False,0.009659290313720703,23.0
2025-03-14,FN,5565.0,-60.66015625,False,0.010782778263092041,11.0
2025-03-17,FP,5700.0,-0.35986328125,True,6.312992335244516e-05,
2025-03-17,FP,5680.0,-20.35986328125,False,0.003571680344673922,
2025-03-17,FP,5685.0,-15.35986328125,False,0.002694542739343553,
2025-03-17,FP,5625.0,-75.35986328125,True,0.013220194003308317,
2025-03-17,FP,5500.0,-200.35986328125,True,0.0351486341365681,
2025-03-17,FN,5725.0,24.64013671875,True,0.004322528839111328,12.0
2025-03-17,FN,5575.0,-125.35986328125,True,0.0219915509223938,20.0
2025-03-17,FN,5775.0,74.64013671875,True,0.013093948364257812,16.0
2025-03-17,FN,5715.0,14.64013671875,False,0.0025682449340820312,32.0
2025-03-17,FN,5565.0,-135.35986328125,False,0.023745834827423096,15.0
2025-03-18,FP,5600.0,-10.47998046875,True,0.0018679293937832187,
2025-03-18,FP,5700.0,89.52001953125,True,0.01595585758132767,
2025-03-18,FP,5800.0,189.52001953125,True,0.03377964455643889,
2025-03-18,FP,5615.0,4.52001953125,False,0.0008056386524835091,
2025-03-18,FP,5620.0,9.52001953125,False,0.001696828001239048,
2025-03-18,FP,5750.0,139.52001953125,True,0.02486775106888328,
2025-03-18,FN,5575.0,-35.47998046875,True,0.006323873996734619,13.0
2025-03-18,FN,5675.0,64.52001953125,True,0.011499881744384766,12.0
2025-03-18,FN,5710.0,99.52001953125,False,0.0177382230758667,29.0
2025-03-18,FN,5715.0,104.52001953125,False,0.01862943172454834,73.0
2025-03-18,FN,5525.0,-85.47998046875,True,0.0152357816696167,21.0
2025-03-18,FN,5725.0,114.52001953125,True,0.02041184902191162,18.0
2025-03-19,FP,5800.0,103.27001953125,True,0.018127947065300853,
2025-03-19,FP,5625.0,-71.72998046875,True,0.012591430647876267,
2025-03-19,FP,6000.0,303.27001953125,True,0.05323580730893185,
2025-03-19,FP,5500.0,-196.72998046875,True,0.03453384330014575,
2025-03-19,FN,5770.0,73.27001953125,False,0.01286172866821289,26.0
2025-03-19,FN,5780.0,83.27001953125,False,0.014617204666137695,43.0
2025-03-19,FN,5565.0,-131.72998046875,False,0.02312380075454712,17.0
2025-03-19,FN,5775.0,78.27001953125,True,0.013739466667175293,12.0
2025-03-20,FP,5800.0,135.52001953125,True,0.02392452970061254,
2025-03-20,FP,5500.0,-164.47998046875,True,0.029037083904591476,
2025-03-20,FP,5660.0,-4.47998046875,False,0.0007908899818159787,
2025-03-20,FP,5670.0,5.52001953125,False,0.0009744971383573997,
2025-03-20,FN,5550.0,-114.47998046875,True,0.0202101469039917,17.0
2025-03-20,FN,5565.0,-99.47998046875,False,0.01756209135055542,14.0
2025-03-20,FN,5710.0,45.52001953125,False,0.008036017417907715,19.0
2025-03-20,FN,5575.0,-89.47998046875,True,0.015796661376953125,24.0
2025-03-21,FP,5800.0,167.4501953125,True,0.02972902168981184,
2025-03-21,FP,5640.0,7.4501953125,False,0.0013227038500929211,
2025-03-21,FP,6000.0,367.4501953125,True,0.0652369189894606,
2025-03-21,FP,5500.0,-132.5498046875,True,0.02353282425966119,
2025-03-21,FN,5775.0,142.4501953125,True,0.025290489196777344,26.0
2025-03-21,FN,5570.0,-62.5498046875,False,0.011105060577392578,30.0
2025-03-21,FN,5725.0,92.4501953125,True,0.016413569450378418,20.0
2025-03-21,FN,5575.0,-57.5498046875,True,0.010217368602752686,21.0
2025-03-24,FP,5700.0,-70.8701171875,True,0.012280664050370205,
2025-03-24,FP,5800.0,29.1298828125,True,0.005047745352254829,
2025-03-24,FP,5770.0,-0.8701171875,False,0.00015077746853264795,
2025-03-24,FP,5900.0,129.1298828125,True,0.022376154754879973,
2025-03-24,FP,5775.0,4.1298828125,True,0.0007156430015986537,
2025-03-24,FP,5650.0,-120.8701171875,True,0.020944868751682666,
2025-03-24,FN,5825.0,54.1298828125,True,0.009379863739013672,14.0
2025-03-24,FN,5735.0,-35.8701171875,False,0.006215691566467285,53.0
2025-03-24,FN,5705.0,-65.8701171875,False,0.01141422986984253,67.0
2025-03-24,FN,5740.0,-30.8701171875,False,0.005349278450012207,21.0
2025-03-24,FN,5710.0,-60.8701171875,False,0.010547816753387451,33.0
2025-03-24,FN,5755.0,-15.8701171875,False,0.0027500391006469727,22.0
2025-03-25,FP,5765.0,-9.7001953125,False,0.0016797747042129885,
2025-03-25,FP,5800.0,25.2998046875,True,0.004381146004434511,
2025-03-25,FP,5770.0,-4.7001953125,False,0.0008139288886919172,
2025-03-25,FP,5900.0,125.2998046875,True,0.021698062314855715,
2025-03-25,FP,6000.0,225.2998046875,True,0.03901497862527692,
2025-03-25,FP,5650.0,-124.7001953125,True,0.021594228461197518,
2025-03-25,FP,5780.0,5.2998046875,False,0.0009177627423502255,
2025-03-25,FN,5825.0,50.2998046875,True,0.008710384368896484,14.0
2025-03-25,FN,5670.0,-104.7001953125,False,0.018130838871002197,42.0
2025-03-25,FN,5735.0,-39.7001953125,False,0.00687485933303833,47.0
2025-03-25,FN,5675.0,-99.7001953125,True,0.017265021800994873,11.0
2025-03-25,FN,5875.0,100.2998046875,True,0.017368793487548828,22.0
2025-03-25,FN,5715.0,-59.7001953125,False,0.010338246822357178,59.0
2025-03-25,FN,5725.0,-49.7001953125,True,0.008606553077697754,12.0
2025-03-26,FP,5600.0,-104.27001953125,True,0.01827929238521886,
2025-03-26,FP,5700.0,-4.27001953125,True,0.0007485654635264183,
2025-03-26,FP,5705.0,0.72998046875,False,0.000127970882558337,
2025-03-26,FP,5900.0,195.72998046875,True,0.034312888379858686,
2025-03-26,FP,5565.0,-139.27001953125,False,0.024415046807811258,
2025-03-26,FN,5635.0,-69.27001953125,False,0.012143552303314209,72.0
2025-03-26,FN,5640.0,-64.27001953125,False,0.011267006397247314,20.0
2025-03-26,FN,5775.0,70.72998046875,True,0.012399435043334961,17.0
2025-03-26,FN,5680.0,-24.27001953125,False,0.004254698753356934,22.0
2025-03-26,FN,5810.0,105.72998046875,False,0.018535256385803223,25.0
2025-03-27,FP,5730.0,15.2900390625,False,0.0026755581940316464,
2025-03-27,FP,5675.0,-39.7099609375,True,0.006948727268563881,
2025-03-27,FP,5710.0,-4.7099609375,False,0.0008241819741849898,
2025-03-27,FP,6000.0,285.2900390625,True,0.04992205046495446,
2025-03-27,FP,5750.0,35.2900390625,True,0.006175298362248061,
2025-03-27,FP,5720.0,5.2900390625,False,0.0009256881099233283,
2025-03-27,FP,5725.0,10.2900390625,True,0.0018006231519773763,
2025-03-27,FN,5640.0,-74.7099609375,False,0.013073265552520752,21.0
2025-03-27,FN,5580.0,-134.7099609375,False,0.02357250452041626,55.0
2025-03-27,FN,5775.0,60.2900390625,True,0.01055002212524414,17.0
2025-03-27,FN,5680.0,-34.7099609375,False,0.00607377290725708,33.0
2025-03-27,FN,5590.0,-124.7099609375,False,0.021822631359100342,48.0
2025-03-27,FN,5625.0,-89.7099609375,True,0.01569807529449463,11.0
2025-03-27,FN,5660.0,-54.7099609375,False,0.009573519229888916,36.0
2025-03-28,FP,5570.0,-6.14990234375,False,0.001102894013154998,
2025-03-28,FP,5700.0,123.85009765625,True,0.022210682966789186,
2025-03-28,FP,5580.0,3.85009765625,False,0.0006904580622253409,
2025-03-28,FP,5560.0,-16.14990234375,False,0.002896246088535337,
2025-03-28,FP,5565.0,-11.14990234375,False,0.0019995700508451675,
2025-03-28,FN,5475.0,-101.14990234375,True,0.01813971996307373,31.0
2025-03-28,FN,5675.0,98.85009765625,True,0.017727255821228027,16.0
2025-03-28,FN,5525.0,-51.14990234375,True,0.009172976016998291,21.0
2025-03-28,FN,5530.0,-46.14990234375,False,0.008276283740997314,24.0
2025-03-28,FN,5660.0,83.85009765625,False,0.015037298202514648,39.0
2025-03-31,FP,5600.0,-21.52001953125,True,0.0038281495852512393,
2025-03-31,FP,5700.0,78.47998046875,True,0.013960633457869243,
2025-03-31,FP,5620.0,-1.52001953125,False,0.0002703929766271207,
2025-03-31,FP,5750.0,128.47998046875,True,0.022855024979429484,
2025-03-31,FP,5565.0,-56.52001953125,False,0.010054223650343364,
2025-03-31,FN,5715.0,93.47998046875,False,0.01662898063659668,74.0
2025-03-31,FN,5525.0,-96.52001953125,True,0.017169713973999023,25.0
2025-03-31,FN,5590.0,-31.52001953125,False,0.005607008934020996,20.0
2025-03-31,FN,5530.0,-91.52001953125,False,0.016280293464660645,51.0
2025-03-31,FN,5725.0,103.47998046875,True,0.018407821655273438,19.0
2025-04-01,FP,5800.0,180.1201171875,True,0.032050527937148354,
2025-04-01,FP,5620.0,0.1201171875,False,2.1373621857501135e-05,
2025-04-01,FP,6000.0,380.1201171875,True,0.06763847717636029,
2025-04-01,FP,5630.0,10.1201171875,False,0.0018007710838181534,
2025-04-01,FN,5530.0,-89.8798828125,False,0.015993177890777588,46.0
2025-04-01,FN,5715.0,95.1201171875,False,0.016925692558288574,29.0
2025-04-01,FN,5525.0,-94.8798828125,True,0.016882896423339844,21.0
2025-04-01,FN,5575.0,-44.8798828125,True,0.007985889911651611,22.0
2025-04-02,FP,5600.0,-75.14013671875,True,0.013240225775674741,
2025-04-02,FP,5670.0,-5.14013671875,False,0.0009057285978707474,
2025-04-02,FP,5800.0,124.85986328125,True,0.02200119473233686,
2025-04-02,FP,5550.0,-125.14013671875,True,0.02205058090267764,
2025-04-02,FP,6000.0,324.85986328125,True,0.05724261524034846,
2025-04-02,FP,5750.0,74.85986328125,True,0.01319083960533396,
2025-04-02,FN,5730.0,54.85986328125,False,0.009666681289672852,48.0
2025-04-02,FN,5735.0,59.85986328125,False,0.010547757148742676,67.0
2025-04-02,FN,5640.0,-35.14013671875,False,0.00619196891784668,20.0
2025-04-02,FN,5740.0,64.85986328125,False,0.01142871379852295,26.0
2025-04-02,FN,5690.0,14.85986328125,False,0.00261843204498291,12.0
2025-04-02,FN,5725.0,49.85986328125,True,0.008785605430603027,16.0
2025-04-03,FP,5600.0,189.2099609375,True,0.034969008143269864,
2025-04-03,FP,5700.0,289.2099609375,True,0.05345059757439974,
2025-04-03,FP,5000.0,-410.7900390625,True,0.07592052844350905,
2025-04-03,FP,5200.0,-210.7900390625,True,0.03895734958124941,
2025-04-03,FP,5650.0,239.2099609375,True,0.04420980285883469,
2025-04-03,FN,5250.0,-160.7900390625,True,0.029716551303863525,19.0
2025-04-03,FN,5350.0,-60.7900390625,True,0.011234939098358154,11.0
2025-04-03,FN,5325.0,-85.7900390625,True,0.015855371952056885,41.0
2025-04-03,FN,5525.0,114.2099609375,True,0.021107792854309082,17.0
2025-04-03,FN,5375.0,-35.7900390625,True,0.006614565849304199,12.0
2025-04-04,FP,4800.0,-356.60986328125,True,0.06915587425385183,
2025-04-04,FP,4650.0,-506.60986328125,True,0.09824475318341896,
2025-04-04,FP,5100.0,-56.60986328125,True,0.010978116394717574,
2025-04-04,FP,4750.0,-406.60986328125,True,0.07885216723037414,
2025-04-04,FP,4850.0,-306.60986328125,True,0.05945958127732942,
2025-04-04,FP,5300.0,143.39013671875,True,0.02780705551137208,
2025-04-04,FP,4600.0,-556.60986328125,True,0.10794104615994127,
2025-04-04,FN,5025.0,-131.60986328125,True,0.02552253007888794,55.0
2025-04-04,FN,5250.0,93.39013671875,True,0.01811075210571289,18.0
2025-04-04,FN,5125.0,-31.60986328125,True,0.0061299800872802734,15.0
2025-04-04,FN,5225.0,68.39013671875,True,0.013262629508972168,27.0
2025-04-04,FN,5075.0,-81.60986328125,True,0.015826284885406494,38.0
2025-04-04,FN,4950.0,-206.60986328125,True,0.04006701707839966,19.0
2025-04-04,FN,5050.0,-106.60986328125,True,0.020674407482147217,16.0
2025-04-07,FP,4800.0,-242.75,True,0.048138416538594964,
2025-04-07,FP,5000.0,-42.75,True,0.00847751722770318,
2025-04-07,FP,4650.0,-392.75,True,0.07788409102176397,
2025-04-07,FP,5300.0,257.25,True,0.05101383173863461,
2025-04-07,FP,4600.0,-442.75,True,0.08779931584948686,
2025-04-07,FP,4700.0,-342.75,True,0.06796886619404097,
2025-04-07,FN,5250.0,207.25,True,0.041098594665527344,17.0
2025-04-07,FN,5125.0,82.25,True,0.016310572624206543,24.0
2025-04-07,FN,5225.0,182.25,True,0.036141037940979004,31.0
2025-04-07,FN,4850.0,-192.75,True,0.038223206996917725,11.0
2025-04-07,FN,4950.0,-92.75,True,0.018392741680145264,16.0
2025-04-07,FN,5150.0,107.25,True,0.021268129348754883,12.0
2025-04-08,FP,5000.0,71.740234375,True,0.01455691010352056,
2025-04-08,FP,4650.0,-278.259765625,True,0.056462073603726015,
2025-04-08,FP,4750.0,-178.259765625,True,0.0361709354016555,
2025-04-08,FP,4600.0,-328.259765625,True,0.06660764270476116,
2025-04-08,FP,4925.0,-3.259765625,True,0.0006614435480323255,
2025-04-08,FN,5025.0,96.740234375,True,0.019629716873168945,37.0
2025-04-08,FN,5125.0,196.740234375,True,0.039920806884765625,23.0
2025-04-08,FN,5075.0,146.740234375,True,0.029775261878967285,33.0
2025-04-08,FN,4950.0,21.740234375,True,0.00441133975982666,12.0
2025-04-08,FN,5150.0,221.740234375,True,0.04499363899230957,14.0
2025-04-09,FP,5700.0,265.39990234375,True,0.04883522201720192,
2025-04-09,FP,5000.0,-434.60009765625,True,0.07996910349368258,
2025-04-09,FP,5425.0,-9.60009765625,True,0.0017664772906456072,
2025-04-09,FP,5650.0,215.39990234375,True,0.03963491305213873,
2025-04-09,FP,5500.0,65.39990234375,True,0.012033986156949172,
2025-04-09,FN,5510.0,75.39990234375,False,0.013874053955078125,34.0
2025-04-09,FN,5525.0,90.39990234375,True,0.016634106636047363,19.0
2025-04-09,FN,5625.0,190.39990234375,True,0.035034775733947754,14.0
2025-04-09,FN,5310.0,-124.60009765625,False,0.022927165031433105,59.0
2025-04-09,FN,5375.0,-59.60009765625,True,0.010966777801513672,20.0
2025-04-10,FP,5000.0,-164.669921875,True,0.031883919856628085,
2025-04-10,FP,4750.0,-414.669921875,True,0.08028972386379662,
2025-04-10,FP,4600.0,-564.669921875,True,0.10933320626809784,
2025-04-10,FP,5500.0,335.330078125,True,0.06492768815770922,
2025-04-10,FP,4700.0,-464.669921875,True,0.0899708846652304,
2025-04-10,FN,5350.0,185.330078125,True,0.03588426113128662,11.0
2025-04-10,FN,5450.0,285.330078125,True,0.05524647235870361,15.0
2025-04-10,FN,5325.0,160.330078125,True,0.031043648719787598,31.0
2025-04-10,FN,5310.0,145.330078125,False,0.028139233589172363,45.0
2025-04-10,FN,5375.0,210.330078125,True,0.040724754333496094,25.0
2025-04-11,FP,5600.0,230.419921875,True,0.04291209340814239,
2025-04-11,FP,5000.0,-369.580078125,True,0.06882848802844443,
2025-04-11,FP,5100.0,-269.580078125,True,0.050205057789013297,
2025-04-11,FP,5360.0,-9.580078125,False,0.0017841391664923378,
2025-04-11,FP,5400.0,30.419921875,True,0.005665232929280117,
2025-04-11,FN,5250.0,-119.580078125,True,0.022269904613494873,19.0
2025-04-11,FN,5510.0,140.419921875,False,0.026151061058044434,47.0
2025-04-11,FN,5550.0,180.419921875,True,0.0336003303527832,11.0
2025-04-11,FN,5525.0,155.419921875,True,0.02894449234008789,28.0
2025-04-11,FN,5310.0,-59.580078125,False,0.011095881462097168,50.0
2025-04-14,FP,5600.0,159.2900390625,True,0.029277436254854683,
2025-04-14,FP,5000.0,-440.7099609375,True,0.08100228905816553,
2025-04-14,FP,5450.0,9.2900390625,True,0.0017075049265995457,
2025-04-14,FP,5425.0,-15.7099609375,True,0.002887483628109644,
2025-04-14,FP,5650.0,209.2900390625,True,0.03846741336427284,
2025-04-14,FN,5475.0,34.2900390625,True,0.006302475929260254,11.0
2025-04-14,FN,5325.0,-115.7099609375,True,0.021267414093017578,36.0
2025-04-14,FN,5525.0,84.2900390625,True,0.015492439270019531,15.0
2025-04-14,FN,5310.0,-130.7099609375,False,0.02402442693710327,48.0
2025-04-14,FN,5375.0,-65.7099609375,True,0.0120774507522583,13.0
2025-04-15,FP,5200.0,-193.1298828125,True,0.03581035261694521,
2025-04-15,FP,5425.0,31.8701171875,True,0.005909391740975378,
2025-04-15,FP,5250.0,-143.1298828125,True,0.02653929831518509,
2025-04-15,FP,5395.0,1.8701171875,False,0.0003467591599193298,
2025-04-15,FN,5310.0,-83.1298828125,False,0.015414059162139893,38.0
2025-04-15,FN,5525.0,131.8701171875,True,0.024451494216918945,17.0
2025-04-15,FN,5325.0,-68.1298828125,True,0.01263272762298584,22.0
2025-04-15,FN,5550.0,156.8701171875,True,0.029087066650390625,11.0
2025-04-16,FP,5250.0,-0.669921875,True,0.00012758788592082126,
2025-04-16,FP,5000.0,-250.669921875,True,0.047740559891353174,
2025-04-16,FP,5450.0,199.330078125,True,0.03796278971842515,
2025-04-16,FP,5100.0,-150.669921875,True,0.02869537108918019,
2025-04-16,FP,5275.0,24.330078125,True,0.004633709314622481,
2025-04-16,FN,5125.0,-125.669921875,True,0.02393406629562378,30.0
2025-04-16,FN,5325.0,74.330078125,True,0.014156341552734375,20.0
2025-04-16,FN,5425.0,174.330078125,True,0.03320145606994629,33.0
2025-04-16,FN,5310.0,59.330078125,False,0.011299490928649902,24.0
2025-04-16,FN,5375.0,124.330078125,True,0.023678898811340332,18.0
2025-04-17,FP,5000.0,-294.8701171875,True,0.05568977343378678,
2025-04-17,FP,5250.0,-44.8701171875,True,0.008474262105476082,
2025-04-17,FP,5275.0,-19.8701171875,True,0.003752710972645068,
2025-04-17,FP,5295.0,0.1298828125,False,2.4529933619676925e-05,
2025-04-17,FN,5475.0,180.1298828125,True,0.03401970863342285,28.0
2025-04-17,FN,5310.0,15.1298828125,False,0.0028574466705322266,20.0
2025-04-17,FN,5325.0,30.1298828125,True,0.005690336227416992,35.0
2025-04-17,FN,5150.0,-144.8701171875,True,0.02736043930053711,17.0
2025-04-21,FP,4800.0,-342.81005859375,True,0.06665812166655982,
2025-04-21,FP,4650.0,-492.81005859375,True,0.09582505536447983,
2025-04-21,FP,5100.0,-42.81005859375,True,0.00832425427071981,
2025-04-21,FP,4750.0,-392.81005859375,True,0.07638043289919982,
2025-04-21,FP,5400.0,257.18994140625,True,0.0500096131251202,
2025-04-21,FP,4700.0,-442.81005859375,True,0.08610274413183983,
2025-04-21,FN,5125.0,-17.81005859375,True,0.0034630894660949707,14.0
2025-04-21,FN,5225.0,82.18994140625,True,0.015981554985046387,26.0
2025-04-21,FN,5075.0,-67.81005859375,True,0.013185381889343262,28.0
2025-04-21,FN,5175.0,32.18994140625,True,0.00625920295715332,19.0
2025-04-21,FN,5050.0,-92.81005859375,True,0.018046557903289795,17.0
2025-04-21,FN,5310.0,167.18994140625,False,0.032509446144104004,39.0
2025-04-22,FP,5280.0,-7.7900390625,False,0.0014732126285182945,
2025-04-22,FP,5000.0,-287.7900390625,True,0.05442539074670294,
2025-04-22,FP,5100.0,-187.7900390625,True,0.035513898561637,
2025-04-22,FP,5275.0,-12.7900390625,True,0.002418787237771558,
2025-04-22,FP,5500.0,212.2099609375,True,0.040132070178626744,
2025-04-22,FN,5125.0,-162.7900390625,True,0.03078603744506836,36.0
2025-04-22,FN,5225.0,-62.7900390625,True,0.011874556541442871,34.0
2025-04-22,FN,5150.0,-137.7900390625,True,0.0260581374168396,12.0
2025-04-22,FN,5310.0,22.2099609375,False,0.0042002201080322266,27.0
2025-04-22,FN,5375.0,87.2099609375,True,0.016492724418640137,31.0
2025-04-23,FP,5600.0,233.91015625,True,0.043590428610218,
2025-04-23,FP,5700.0,333.91015625,True,0.06222597197825763,
2025-04-23,FP,5000.0,-366.08984375,True,0.06822283159801967,
2025-04-23,FP,5360.0,-6.08984375,False,0.0011348754730771127,
2025-04-23,FP,5365.0,-1.08984375,False,0.00020309830467513112,
2025-04-23,FP,5500.0,133.91015625,True,0.02495488524217837,
2025-04-23,FN,5475.0,108.91015625,True,0.02029597759246826,18.0
2025-04-23,FN,5225.0,-141.08984375,True,0.026292860507965088,43.0
2025-04-23,FN,5325.0,-41.08984375,True,0.007657289505004883,30.0
2025-04-23,FN,5525.0,158.91015625,True,0.029613733291625977,28.0
2025-04-23,FN,5270.0,-96.08984375,False,0.01790684461593628,31.0
2025-04-23,FN,5310.0,-56.08984375,False,0.010452628135681152,34.0
2025-04-24,FP,5475.0,-11.2998046875,True,0.002059640393302087,
2025-04-24,FP,5700.0,213.7001953125,True,0.03895160726176772,
2025-04-24,FP,5000.0,-486.2998046875,True,0.08863894099844949,
2025-04-24,FP,5800.0,313.7001953125,True,0.05717882844179867,
2025-04-24,FP,5650.0,163.7001953125,True,0.02983799667175213,
2025-04-24,FP,5300.0,-186.2998046875,True,0.033957277458356416,
2025-04-24,FP,5500.0,13.7001953125,True,0.0024971649017055952,
2025-04-24,FN,5635.0,148.7001953125,False,0.027103900909423828,152.0
2025-04-24,FN,5350.0,-136.2998046875,True,0.024843692779541016,12.0
2025-04-24,FN,5550.0,63.7001953125,True,0.011610746383666992,11.0
2025-04-24,FN,5525.0,38.7001953125,True,0.007053971290588379,16.0
2025-04-24,FN,5430.0,-56.2998046875,False,0.010261893272399902,32.0
2025-04-24,FN,5625.0,138.7001953125,True,0.025281190872192383,20.0
2025-04-24,FN,5435.0,-51.2998046875,False,0.00935053825378418,64.0
2025-04-25,FP,5700.0,187.64013671875,True,0.03403989241860872,
2025-04-25,FP,5000.0,-512.35986328125,True,0.09294746279069421,
2025-04-25,FP,5545.0,32.64013671875,False,0.005921263765120255,
2025-04-25,FP,5800.0,287.64013671875,True,0.05218094316279487,
2025-04-25,FP,5550.0,37.64013671875,True,0.006828316302329496,
2025-04-25,FN,5540.0,27.64013671875,False,0.005014181137084961,23.0
2025-04-25,FN,5510.0,-2.35986328125,False,0.00042808055877685547,16.0
2025-04-25,FN,5650.0,137.64013671875,True,0.02496933937072754,12.0
2025-04-25,FN,5430.0,-82.35986328125,False,0.014940917491912842,20.0
2025-04-25,FN,5530.0,17.64013671875,False,0.003200054168701172,14.0
2025-04-28,FP,5700.0,170.77978515625,True,0.030886775805704758,
2025-04-28,FP,5800.0,270.77978515625,True,0.04897250871457692,
2025-04-28,FP,5000.0,-529.22021484375,True,0.09571335455639929,
2025-04-28,FP,5450.0,-79.22021484375,True,0.01432755646647521,
2025-04-28,FP,5550.0,20.77978515625,True,0.0037581764423968433,
2025-04-28,FP,5520.0,-9.22021484375,False,0.0016675434302647618,
2025-04-28,FP,5300.0,-229.22021484375,True,0.04145615582978324,
2025-04-28,FP,5525.0,-4.22021484375,True,0.0007632567848211425,
2025-04-28,FP,5400.0,-129.22021484375,True,0.023370422920911182,
2025-04-28,FN,5475.0,-54.22021484375,True,0.00980609655380249,15.0
2025-04-28,FN,5540.0,10.77978515625,False,0.0019495487213134766,16.0
2025-04-28,FN,5510.0,-19.22021484375,False,0.0034761428833007812,17.0
2025-04-28,FN,5580.0,50.77978515625,False,0.009183883666992188,23.0
2025-04-28,FN,5425.0,-104.22021484375,True,0.01884901523590088,29.0
2025-04-28,FN,5620.0,90.77978515625,False,0.0164182186126709,22.0
2025-04-28,FN,5430.0,-99.22021484375,False,0.017944693565368652,24.0
2025-04-28,FN,5530.0,0.77978515625,False,0.00014102458953857422,11.0
2025-04-28,FN,5630.0,100.77978515625,False,0.0182267427444458,53.0
2025-04-29,FP,5570.0,8.330078125,False,0.0014977656426959918,
2025-04-29,FP,5700.0,138.330078125,True,0.024872040244769744,
2025-04-29,FP,5575.0,13.330078125,True,0.0023967762043142216,
2025-04-29,FP,5800.0,238.330078125,True,0.04285225147713412,
2025-04-29,FP,5000.0,-561.669921875,True,0.10098943838178098,
2025-04-29,FP,5550.0,-11.669921875,True,0.0020982766037769274,
2025-04-29,FP,5650.0,88.330078125,True,0.015881934628587446,
2025-04-29,FP,5300.0,-261.669921875,True,0.04704880468468786,
2025-04-29,FP,5400.0,-161.669921875,True,0.029068593452323488,
2025-04-29,FN,5475.0,-86.669921875,True,0.015583455562591553,18.0
2025-04-29,FN,5540.0,-21.669921875,False,0.0038962960243225098,19.0
2025-04-29,FN,5675.0,113.330078125,True,0.020377039909362793,24.0
2025-04-29,FN,5580.0,18.330078125,False,0.0032957792282104492,17.0
2025-04-29,FN,5425.0,-136.669921875,True,0.024573564529418945,35.0
2025-04-29,FN,5620.0,58.330078125,False,0.010487914085388184,22.0
2025-04-29,FN,5625.0,63.330078125,True,0.011386871337890625,12.0
2025-04-29,FN,5530.0,-31.669921875,False,0.005694329738616943,20.0
2025-04-29,FN,5630.0,68.330078125,False,0.012285947799682617,40.0
2025-04-30,FP,5800.0,266.06005859375,True,0.04807787244003592,
2025-04-30,FP,5000.0,-533.93994140625,True,0.09648459272410692,
2025-04-30,FP,5550.0,16.06005859375,True,0.0029021020762414196,
2025-04-30,FP,5520.0,-13.93994140625,False,0.002518990367413987,
2025-04-30,FP,5650.0,116.06005859375,True,0.02097241022175922,
2025-04-30,FP,5400.0,-133.93994140625,True,0.02420336014203539,
2025-04-30,FN,5475.0,-58.93994140625,True,0.010650634765625,22.0
2025-04-30,FN,5510.0,-23.93994140625,False,0.004326045513153076,15.0
2025-04-30,FN,5675.0,141.06005859375,True,0.02549004554748535,27.0
2025-04-30,FN,5580.0,46.06005859375,False,0.008323192596435547,24.0
2025-04-30,FN,5425.0,-108.93994140625,True,0.019685804843902588,35.0
2025-04-30,FN,5625.0,91.06005859375,True,0.01645481586456299,18.0
2025-05-01,FP,5800.0,160.740234375,True,0.028503782598350513,
2025-05-01,FP,5640.0,0.740234375,False,0.0001312644577062816,
2025-05-01,FP,5000.0,-639.259765625,True,0.11335880810487031,
2025-05-01,FP,5550.0,-89.259765625,True,0.015828276996405988,
2025-05-01,FP,6000.0,360.740234375,True,0.06396943027415558,
2025-05-01,FP,5750.0,110.740234375,True,0.019637370679399302,
2025-05-01,FN,5475.0,-164.259765625,True,0.029127895832061768,27.0
2025-05-01,FN,5610.0,-29.259765625,False,0.005188584327697754,15.0
2025-05-01,FN,5580.0,-59.259765625,False,0.010508418083190918,29.0
2025-05-01,FN,5680.0,40.740234375,False,0.007224440574645996,34.0
2025-05-01,FN,5620.0,-19.259765625,False,0.0034152865409851074,18.0
2025-05-01,FN,5530.0,-109.259765625,False,0.019374847412109375,36.0
2025-05-02,FP,5675.0,-12.72998046875,True,0.002238147822147596,
2025-05-02,FP,5550.0,-137.72998046875,True,0.02421528113002991,
2025-05-02,FP,6000.0,312.27001953125,True,0.05490239877834613,
2025-05-02,FP,5690.0,2.27001953125,False,0.0003991081747982683,
2025-05-02,FP,5500.0,-187.72998046875,True,0.03300613445318279,
2025-05-02,FN,5570.0,-117.72998046875,False,0.020698964595794678,52.0
2025-05-02,FN,5610.0,-77.72998046875,False,0.013666272163391113,48.0
2025-05-02,FN,5580.0,-107.72998046875,False,0.018940746784210205,44.0
2025-05-02,FN,5775.0,87.27001953125,True,0.015343546867370605,22.0
2025-05-02,FN,5625.0,-62.72998046875,True,0.01102900505065918,17.0
2025-05-05,FP,5600.0,-63.89013671875,True,0.01128025706299507,
2025-05-05,FP,5700.0,36.10986328125,True,0.0063754526323085425,
2025-05-05,FP,5670.0,6.10986328125,False,0.0010787397237175256,
2025-05-05,FP,6000.0,336.10986328125,True,0.0593425817182196,
2025-05-05,FP,5650.0,-13.89013671875,True,0.0024524022153432634,
2025-05-05,FP,5500.0,-163.89013671875,True,0.028935966758298792,
2025-05-05,FP,5660.0,-3.89013671875,False,0.0006868312458129244,
2025-05-05,FN,5635.0,-28.89013671875,False,0.0051007866859436035,21.0
2025-05-05,FN,5640.0,-23.89013671875,False,0.004217982292175293,24.0
2025-05-05,FN,5775.0,111.10986328125,True,0.019617199897766113,25.0
2025-05-05,FN,5620.0,-43.89013671875,False,0.00774914026260376,30.0
2025-05-05,FN,5525.0,-138.89013671875,True,0.024522066116333008,26.0
2025-05-05,FN,5625.0,-38.89013671875,True,0.006866335868835449,11.0
2025-05-05,FN,5725.0,61.10986328125,True,0.01078939437866211,12.0
2025-05-06,FP,5620.0,-8.22021484375,False,0.001460535396619722,
2025-05-06,FP,5750.0,121.77978515625,True,0.02163735257463273,
2025-05-06,FP,5400.0,-228.22021484375,True,0.04054926888643173,
2025-05-06,FP,5625.0,-3.22021484375,True,0.0005721550900330552,
2025-05-06,FP,5500.0,-128.22021484375,True,0.02278166275469906,
2025-05-06,FP,5630.0,1.77978515625,False,0.0003162252165536117,
2025-05-06,FN,5570.0,-58.22021484375,False,0.010344326496124268,36.0
2025-05-06,FN,5475.0,-153.22021484375,True,0.027223587036132812,25.0
2025-05-06,FN,5540.0,-88.22021484375,False,0.015674591064453125,27.0
2025-05-06,FN,5480.0,-148.22021484375,False,0.026335179805755615,47.0
2025-05-06,FN,5675.0,46.77978515625,True,0.008311629295349121,15.0
2025-05-06,FN,5530.0,-98.22021484375,False,0.01745140552520752,38.0
2025-05-07,FP,5640.0,-4.43994140625,False,0.0007866044199850153,
2025-05-07,FP,5400.0,-244.43994140625,True,0.04330632338083673,
2025-05-07,FP,5650.0,5.56005859375,True,0.000985050536717269,
2025-05-07,FP,5625.0,-19.43994140625,True,0.0034440868550382753,
2025-05-07,FN,5680.0,35.56005859375,False,0.0062999725341796875,27.0
2025-05-07,FN,5690.0,45.56005859375,False,0.008071660995483398,34.0
2025-05-07,FN,5525.0,-119.43994140625,True,0.021160662174224854,24.0
2025-05-07,FN,5575.0,-69.43994140625,True,0.01230233907699585,26.0
2025-05-08,FP,5600.0,-89.7900390625,True,0.0157809055248187,
2025-05-08,FP,5675.0,-14.7900390625,True,0.002599399795240376,
2025-05-08,FP,5900.0,210.2099609375,True,0.03694511739349449,
2025-05-08,FP,6000.0,310.2099609375,True,0.054520458366265734,
2025-05-08,FP,5690.0,0.2099609375,False,3.6901350675355715e-05,
2025-05-08,FP,5500.0,-189.7900390625,True,0.033356246497589837,
2025-05-08,FN,5540.0,-149.7900390625,False,0.026326119899749756,41.0
2025-05-08,FN,5670.0,-19.7900390625,False,0.0034781694412231445,19.0
2025-05-08,FN,5575.0,-114.7900390625,True,0.020174741744995117,31.0
2025-05-08,FN,5640.0,-49.7900390625,False,0.0087507963180542,26.0
2025-05-08,FN,5775.0,85.2099609375,True,0.014975905418395996,22.0
2025-05-08,FN,5725.0,35.2099609375,True,0.0061882734298706055,18.0
2025-05-09,FP,5665.0,8.18017578125,False,0.0014460732417582722,
2025-05-09,FP,5700.0,43.18017578125,True,0.00763329523001266,
2025-05-09,FP,5670.0,13.18017578125,False,0.002329962097223026,
2025-05-09,FP,5675.0,18.18017578125,True,0.003213850952688002,
2025-05-09,FP,5500.0,-156.81982421875,True,0.02772225898858427,
2025-05-09,FP,5660.0,3.18017578125,False,0.0005621843862932963,
2025-05-09,FN,5540.0,-116.81982421875,False,0.020651161670684814,33.0
2025-05-09,FN,5775.0,118.18017578125,True,0.020891666412353516,24.0
2025-05-09,FN,5720.0,63.18017578125,False,0.011168837547302246,47.0
2025-05-09,FN,5625.0,-31.81982421875,True,0.005625009536743164,12.0
2025-05-09,FN,5725.0,68.18017578125,True,0.012052774429321289,23.0
2025-05-09,FN,5630.0,-26.81982421875,False,0.0047411322593688965,26.0
2025-05-12,FP,5825.0,-1.2001953125,True,0.00020599966912659973,
2025-05-12,FP,5700.0,-126.2001953125,True,0.0216608065431797,
2025-05-12,FP,6000.0,173.7998046875,True,0.02983072995454772,
2025-05-12,FP,5650.0,-176.2001953125,True,0.03024272929280092,
2025-05-12,FP,5875.0,48.7998046875,True,0.008375923080494507,
2025-05-12,FP,5820.0,-6.2001953125,False,0.0010641919440887992,
2025-05-12,FN,5805.0,-21.2001953125,False,0.003638744354248047,29.0
2025-05-12,FN,5775.0,-51.2001953125,True,0.008787930011749268,14.0
2025-05-12,FN,5905.0,78.7998046875,False,0.013525128364562988,36.0
2025-05-12,FN,5810.0,-16.2001953125,False,0.0027805566787719727,11.0
2025-05-12,FN,5880.0,53.7998046875,False,0.009234070777893066,42.0
2025-05-12,FN,5950.0,123.7998046875,True,0.021248817443847656,13.0
2025-05-13,FP,5890.0,-9.02001953125,False,0.001529070845900704,
2025-05-13,FP,5700.0,-199.02001953125,True,0.03373781049603297,
2025-05-13,FP,6000.0,100.97998046875,True,0.01711809421470223,
2025-05-13,FP,5875.0,-24.02001953125,True,0.004071866081437503,
2025-05-13,FP,5750.0,-149.02001953125,True,0.025261826377577123,
2025-05-13,FN,5860.0,-39.02001953125,False,0.00661468505859375,18.0
2025-05-13,FN,5830.0,-69.02001953125,False,0.011700272560119629,19.0
2025-05-13,FN,5905.0,5.97998046875,False,0.0010137557983398438,16.0
2025-05-13,FN,5810.0,-89.02001953125,False,0.015090644359588623,20.0
2025-05-13,FN,5880.0,-19.02001953125,False,0.0032242536544799805,11.0
2025-05-14,FP,5890.0,5.0498046875,False,0.0008580879225659199,
2025-05-14,FP,5925.0,40.0498046875,True,0.006805461959457304,
2025-05-14,FP,5900.0,15.0498046875,True,0.0025573376473919662,
2025-05-14,FP,5875.0,-9.9501953125,True,0.0016907866646731495,
2025-05-14,FP,5750.0,-134.9501953125,True,0.022931408224999283,
2025-05-14,FN,5860.0,-24.9501953125,False,0.004239678382873535,13.0
2025-05-14,FN,5905.0,20.0498046875,False,0.003407001495361328,17.0
2025-05-14,FN,5940.0,55.0498046875,False,0.009354352951049805,31.0
2025-05-14,FN,5975.0,90.0498046875,True,0.015301704406738281,25.0
2025-05-14,FN,5790.0,-94.9501953125,False,0.01613438129425049,20.0
2025-05-15,FP,5825.0,-83.22021484375,True,0.01408549644691115,
2025-05-15,FP,5890.0,-18.22021484375,False,0.003083875377219991,
2025-05-15,FP,5800.0,-108.22021484375,True,0.01831688916602303,
2025-05-15,FP,5900.0,-8.22021484375,True,0.001391318289575172,
2025-05-15,FP,5875.0,-33.22021484375,True,0.0056227110086871646,
2025-05-15,FP,5910.0,1.77978515625,False,0.0003012387980696474,
2025-05-15,FN,5860.0,-48.22021484375,False,0.008161544799804688,20.0
2025-05-15,FN,5940.0,31.77978515625,False,0.0053789615631103516,14.0
2025-05-15,FN,5975.0,66.77978515625,True,0.011302828788757324,19.0
2025-05-15,FN,5880.0,-28.22021484375,False,0.004776418209075928,11.0
2025-05-15,FN,5820.0,-88.22021484375,False,0.014931797981262207,32.0
2025-05-15,FN,5855.0,-53.22021484375,False,0.009007811546325684,29.0
2025-05-16,FP,5955.0,8.91015625,False,0.001498490013460696,
2025-05-16,FP,5800.0,-146.08984375,True,0.02456906094406841,
2025-05-16,FP,5935.0,-11.08984375,False,0.0018650649488010096,
2025-05-16,FP,6100.0,153.91015625,True,0.02588426348985906,
2025-05-16,FP,5945.0,-1.08984375,False,0.0001832874676701568,
2025-05-16,FN,6050.0,103.91015625,True,0.017475366592407227,13.0
2025-05-16,FN,6025.0,78.91015625,True,0.013270974159240723,24.0
2025-05-16,FN,5905.0,-41.08984375,False,0.006910383701324463,39.0
2025-05-16,FN,5910.0,-36.08984375,False,0.006069481372833252,14.0
2025-05-16,FN,5975.0,28.91015625,True,0.004862070083618164,11.0
2025-05-19,FP,5955.0,-0.97021484375,False,0.0001628978669725445,
2025-05-19,FP,5925.0,-30.97021484375,True,0.005199860598121275,
2025-05-19,FP,5960.0,4.02978515625,False,0.0006765959215522255,
2025-05-19,FP,5800.0,-155.97021484375,True,0.02618720531124108,
2025-05-19,FP,6100.0,144.02978515625,True,0.02418242200024645,
2025-05-19,FP,5975.0,19.02978515625,True,0.0031950772871265354,
2025-05-19,FP,5850.0,-105.97021484375,True,0.017792267425993158,
2025-05-19,FN,5920.0,-35.97021484375,False,0.00603938102722168,26.0
2025-05-19,FN,6020.0,64.02978515625,False,0.010750532150268555,24.0
2025-05-19,FN,5990.0,34.02978515625,False,0.0057135820388793945,22.0
2025-05-19,FN,6025.0,69.02978515625,True,0.011590003967285156,18.0
2025-05-19,FN,5905.0,-50.97021484375,False,0.00855785608291626,46.0
2025-05-19,FN,5970.0,14.02978515625,False,0.0023555755615234375,17.0
2025-05-19,FN,5880.0,-75.97021484375,False,0.012755334377288818,20.0
2025-05-20,FP,5920.0,-12.919921875,False,0.0021776666540472833,
2025-05-20,FP,5800.0,-132.919921875,True,0.022403795032681417,
2025-05-20,FP,5930.0,-2.919921875,False,0.0004921559558277444,
2025-05-20,FP,5935.0,2.080078125,False,0.00035059939328196954,
2025-05-20,FP,6100.0,167.080078125,True,0.028161525913904084,
2025-05-20,FP,5910.0,-22.919921875,False,0.0038631773522668222,
2025-05-20,FN,6020.0,87.080078125,False,0.01467740535736084,31.0
2025-05-20,FN,6025.0,92.080078125,True,0.015520215034484863,22.0
2025-05-20,FN,5905.0,-27.919921875,False,0.004705905914306641,29.0
2025-05-20,FN,5975.0,42.080078125,True,0.007092595100402832,15.0
2025-05-20,FN,5880.0,-52.919921875,False,0.008919715881347656,17.0
2025-05-20,FN,6010.0,77.080078125,False,0.012991905212402344,28.0
2025-05-21,FP,5860.0,6.52001953125,False,0.0011138706466931048,
2025-05-21,FP,5845.0,-8.47998046875,False,0.0014487075204911992,
2025-05-21,FP,5850.0,-3.47998046875,True,0.0005945147980964682,
2025-05-21,FP,5950.0,96.52001953125,True,0.016489339649799373,
2025-05-21,FP,5855.0,1.52001953125,False,0.00025967792429826275,
2025-05-21,FN,5825.0,-28.47998046875,True,0.004865467548370361,15.0
2025-05-21,FN,5725.0,-128.47998046875,True,0.021949350833892822,24.0
2025-05-21,FN,5775.0,-78.47998046875,True,0.013407409191131592,19.0
2025-05-21,FN,5905.0,51.52001953125,False,0.008801579475402832,54.0
2025-05-21,FN,5885.0,31.52001953125,False,0.00538480281829834,20.0
2025-05-22,FP,5860.0,-1.759765625,False,0.00030021114739631205,
2025-05-22,FP,5700.0,-161.759765625,True,0.02759576852221146,
2025-05-22,FP,5000.0,-861.759765625,True,0.14701383203702756,
2025-05-22,FP,5650.0,-211.759765625,True,0.03612563020184123,
2025-05-22,FP,6100.0,238.240234375,True,0.040643124914826245,
2025-05-22,FN,5825.0,-36.759765625,True,0.0062711238861083984,14.0
2025-05-22,FN,5725.0,-136.759765625,True,0.023330867290496826,33.0
2025-05-22,FN,5830.0,-31.759765625,False,0.005418121814727783,24.0
2025-05-22,FN,5905.0,43.240234375,False,0.007376670837402344,37.0
2025-05-22,FN,5885.0,23.240234375,False,0.003964662551879883,28.0
2025-05-23,FP,5600.0,-216.35986328125,True,0.0371985001559364,
2025-05-23,FP,5000.0,-816.35986328125,True,0.14035580371065748,
2025-05-23,FP,5800.0,-16.35986328125,True,0.0028127323043627417,
2025-05-23,FP,5900.0,83.64013671875,True,0.014380151621424142,
2025-05-23,FP,5850.0,33.64013671875,True,0.0057837096585307,
2025-05-23,FP,5950.0,133.64013671875,True,0.022976593584317584,
2025-05-23,FN,5925.0,108.64013671875,True,0.01867842674255371,11.0
2025-05-23,FN,5830.0,13.64013671875,False,0.0023450851440429688,13.0
2025-05-23,FN,5905.0,88.64013671875,False,0.015239834785461426,46.0
2025-05-23,FN,5880.0,63.64013671875,False,0.010941624641418457,40.0
2025-05-23,FN,5625.0,-191.35986328125,True,0.03290027379989624,24.0
2025-05-23,FN,5725.0,-91.35986328125,True,0.01570737361907959,27.0
2025-05-27,FP,5700.0,-214.4501953125,True,0.03625868647646446,
2025-05-27,FP,5800.0,-114.4501953125,True,0.019350944133946335,
2025-05-27,FP,5900.0,-14.4501953125,True,0.0024432017914280957,
2025-05-27,FP,5650.0,-264.4501953125,True,0.04471255764772353,
2025-05-27,FP,6100.0,185.5498046875,True,0.03137228289360827,
2025-05-27,FP,5910.0,-4.4501953125,False,0.000752427557176305,
2025-05-27,FP,5950.0,35.5498046875,True,0.0060106693798309685,
2025-05-27,FN,5825.0,-89.4501953125,True,0.015124022960662842,21.0
2025-05-27,FN,6020.0,105.5498046875,False,0.017846107482910156,64.0
2025-05-27,FN,6025.0,110.5498046875,True,0.018691420555114746,23.0
2025-05-27,FN,5905.0,-9.4501953125,False,0.0015978217124938965,11.0
2025-05-27,FN,5975.0,60.5498046875,True,0.010237574577331543,20.0
2025-05-27,FN,5880.0,-34.4501953125,False,0.005824744701385498,32.0
2025-05-27,FN,6010.0,95.5498046875,False,0.016155362129211426,62.0
2025-05-28,FP,5890.0,-5.2998046875,False,0.0008989881537977418,
2025-05-28,FP,5700.0,-195.2998046875,True,0.033128053052062345,
2025-05-28,FP,5900.0,4.7001953125,True,0.0007972784197951555,
2025-05-28,FP,5650.0,-245.2998046875,True,0.04160938592002661,
2025-05-28,FP,6100.0,204.7001953125,True,0.034722609891652656,
2025-05-28,FP,5750.0,-145.2998046875,True,0.02464672018409797,
2025-05-28,FP,5850.0,-45.2998046875,True,0.00768405444816922,
2025-05-28,FP,5885.0,-10.2998046875,False,0.0017471214405941904,
2025-05-28,FN,5920.0,24.7001953125,False,0.004189848899841309,13.0
2025-05-28,FN,5825.0,-70.2998046875,True,0.01192474365234375,23.0
2025-05-28,FN,5775.0,-120.2998046875,True,0.020406067371368408,30.0
2025-05-28,FN,5905.0,9.7001953125,False,0.0016454458236694336,17.0
2025-05-28,FN,5875.0,-20.2998046875,True,0.0034433603286743164,14.0
2025-05-28,FN,5975.0,79.7001953125,True,0.013519287109375,22.0
2025-05-28,FN,5880.0,-15.2998046875,False,0.002595245838165283,11.0
2025-05-28,FN,6010.0,114.7001953125,False,0.01945626735687256,51.0
2025-05-29,FP,5700.0,-206.18017578125,True,0.03490922553069209,
2025-05-29,FP,5800.0,-106.18017578125,True,0.017977808434739284,
2025-05-29,FP,5650.0,-256.18017578125,True,0.04337493407866844,
2025-05-29,FP,6100.0,193.81982421875,True,0.03281644285311902,
2025-05-29,FP,5750.0,-156.18017578125,True,0.02644351698271563,
2025-05-29,FP,5915.0,8.81982421875,False,0.0014933212256065254,
2025-05-29,FN,5825.0,-81.18017578125,True,0.013744950294494629,22.0
2025-05-29,FN,6020.0,113.81982421875,False,0.019271254539489746,50.0
2025-05-29,FN,5905.0,-1.18017578125,False,0.00019979476928710938,12.0
2025-05-29,FN,5975.0,68.81982421875,True,0.011652112007141113,20.0
2025-05-29,FN,5880.0,-26.18017578125,False,0.00443267822265625,25.0
2025-05-29,FN,6010.0,103.81982421875,False,0.017578125,46.0
2025-05-30,FP,5700.0,-208.06005859375,True,0.035216307303970296,
2025-05-30,FP,5900.0,-8.06005859375,True,0.0013642479111271033,
2025-05-30,FP,5650.0,-258.06005859375,True,0.043679322152181066,
2025-05-30,FP,6100.0,191.93994140625,True,0.03248781148171598,
2025-05-30,FP,5910.0,1.93994140625,False,0.0003283550585151396,
2025-05-30,FP,5950.0,41.93994140625,True,0.007098766937083667,
2025-05-30,FN,5825.0,-83.06005859375,True,0.01405876874923706,27.0
2025-05-30,FN,5905.0,-3.06005859375,False,0.0005179643630981445,16.0
2025-05-30,FN,5940.0,31.93994140625,False,0.00540614128112793,13.0
2025-05-30,FN,5975.0,66.93994140625,True,0.011330246925354004,22.0
2025-05-30,FN,5880.0,-28.06005859375,False,0.004749476909637451,19.0
2025-05-30,FN,6010.0,101.93994140625,False,0.017254352569580078,54.0
2025-06-02,FP,5700.0,-236.77001953125,True,0.039881959171789605,
2025-06-02,FP,5800.0,-136.77001953125,True,0.02303778301690873,
2025-06-02,FP,5900.0,-36.77001953125,True,0.006193606862027856,
2025-06-02,FP,5650.0,-286.77001953125,True,0.0483040472492301,
2025-06-02,FP,5950.0,13.22998046875,True,0.0022284812154125255,
2025-06-02,FN,6050.0,113.22998046875,True,0.019072651863098145,12.0
2025-06-02,FN,6025.0,88.22998046875,True,0.014861583709716797,22.0
2025-06-02,FN,5940.0,3.22998046875,False,0.0005440711975097656,11.0
2025-06-02,FN,5910.0,-26.77001953125,False,0.0045092105865478516,17.0
2025-06-02,FN,5880.0,-56.77001953125,False,0.009562432765960693,25.0
2025-06-03,FP,5700.0,-268.39013671875,True,0.04496859799220554,
2025-06-03,FP,5800.0,-168.39013671875,True,0.028213661114875777,
2025-06-03,FP,5960.0,-8.39013671875,False,0.0014057621111481788,
2025-06-03,FP,5970.0,1.60986328125,False,0.0002697315765847197,
2025-06-03,FP,6100.0,131.60986328125,True,0.0220511495171134,
2025-06-03,FP,5850.0,-118.39013671875,True,0.01983619267621095,
2025-06-03,FP,5950.0,-18.39013671875,True,0.0030812557988811884,
2025-06-03,FN,5920.0,-48.39013671875,False,0.00810772180557251,17.0
2025-06-03,FN,6020.0,51.60986328125,False,0.00864720344543457,35.0
2025-06-03,FN,5925.0,-43.39013671875,True,0.0072699785232543945,11.0
2025-06-03,FN,6025.0,56.60986328125,True,0.009485006332397461,22.0
2025-06-03,FN,5905.0,-63.39013671875,False,0.010620951652526855,12.0
2025-06-03,FN,6010.0,41.60986328125,False,0.00697171688079834,39.0
2025-06-03,FN,6075.0,106.60986328125,True,0.017862439155578613,25.0
2025-06-04,FP,5700.0,-277.97998046875,True,0.04650065429743255,
2025-06-04,FP,5800.0,-177.97998046875,True,0.02977259560089629,
2025-06-04,FP,6100.0,122.02001953125,True,0.02041158048871261,
2025-06-04,FP,5975.0,-2.97998046875,True,0.0004984928819578016,
2025-06-04,FP,5850.0,-127.97998046875,True,0.021408566252628103,
2025-06-04,FP,5980.0,2.02001953125,False,0.0003379100528690948,
2025-06-04,FN,5920.0,-57.97998046875,False,0.009698927402496338,16.0
2025-06-04,FN,6020.0,42.02001953125,False,0.007029175758361816,30.0
2025-06-04,FN,6025.0,47.02001953125,True,0.007865548133850098,22.0
2025-06-04,FN,5970.0,-7.97998046875,False,0.0013349056243896484,12.0
2025-06-04,FN,6010.0,32.02001953125,False,0.005356311798095703,37.0
2025-06-04,FN,6075.0,97.02001953125,True,0.01622951030731201,26.0
2025-06-05,FP,6050.0,97.72998046875,True,0.0164189427139676,
2025-06-05,FP,5925.0,-27.27001953125,True,0.004581448664420229,
2025-06-05,FP,5800.0,-152.27001953125,True,0.025581840042807946,
2025-06-05,FP,5650.0,-302.27001953125,True,0.05078230969687325,
2025-06-05,FP,6100.0,147.72998046875,True,0.024819099265322553,
2025-06-05,FP,5950.0,-2.27001953125,True,0.0003813703887426412,
2025-06-05,FN,5920.0,-32.27001953125,False,0.005421459674835205,13.0
2025-06-05,FN,6020.0,67.72998046875,False,0.011378884315490723,29.0
2025-06-05,FN,6025.0,72.72998046875,True,0.012218832969665527,24.0
2025-06-05,FN,5970.0,17.72998046875,False,0.002978682518005371,17.0
2025-06-05,FN,5875.0,-77.27001953125,True,0.012981593608856201,19.0
2025-06-05,FN,5880.0,-72.27001953125,False,0.012141585350036621,34.0
2025-06-06,FP,5800.0,-204.10009765625,True,0.03399345352951766,
2025-06-06,FP,6010.0,5.89990234375,False,0.000982645566827367,
2025-06-06,FP,5995.0,-9.10009765625,False,0.0015156472257686904,
2025-06-06,FP,6005.0,0.89990234375,False,0.00014988130262882926,
2025-06-06,FN,5920.0,-84.10009765625,False,0.014007091522216797,21.0
2025-06-06,FN,6025.0,20.89990234375,True,0.0034809112548828125,19.0
2025-06-06,FN,6075.0,70.89990234375,True,0.011808633804321289,18.0
2025-06-06,FN,6080.0,75.89990234375,False,0.012641310691833496,47.0
2025-06-09,FP,5700.0,-310.580078125,True,0.05167223031522861,
2025-06-09,FP,5800.0,-210.580078125,True,0.03503490102251339,
2025-06-09,FP,5900.0,-110.580078125,True,0.018397571729798057,
2025-06-09,FP,6000.0,-10.580078125,True,0.0017602424370828373,
2025-06-09,FP,6005.0,-5.580078125,False,0.0009283759724469931,
2025-06-09,FP,5950.0,-60.580078125,True,0.010078907083440392,
2025-06-09,FN,5920.0,-90.580078125,False,0.015070080757141113,20.0
2025-06-09,FN,6080.0,69.419921875,False,0.011549592018127441,38.0
2025-06-09,FN,6025.0,14.419921875,True,0.0023990869522094727,17.0
2025-06-09,FN,6060.0,49.419921875,False,0.008222103118896484,43.0
2025-06-09,FN,6030.0,19.419921875,False,0.0032309293746948242,33.0
2025-06-09,FN,6075.0,64.419921875,True,0.01071774959564209,14.0
2025-06-10,FP,6050.0,19.580078125,True,0.003246884691060048,
2025-06-10,FP,6150.0,119.580078125,True,0.019829477826449615,
2025-06-10,FP,5800.0,-230.419921875,True,0.038209598147413426,
2025-06-10,FP,5900.0,-130.419921875,True,0.02162700501202397,
2025-06-10,FP,6030.0,-0.419921875,False,6.963393601777668e-05,
2025-06-10,FP,5905.0,-125.419921875,False,0.02079787535525457,
2025-06-10,FP,5950.0,-80.419921875,True,0.013335708444329297,
2025-06-10,FN,6120.0,89.580078125,False,0.014854669570922852,63.0
2025-06-10,FN,6090.0,59.580078125,False,0.0098799467086792,42.0
2025-06-10,FN,6125.0,94.580078125,True,0.015683770179748535,29.0
2025-06-10,FN,6130.0,99.580078125,False,0.01651298999786377,55.0
2025-06-10,FN,5940.0,-90.419921875,False,0.01499396562576294,23.0
2025-06-10,FN,6075.0,44.580078125,True,0.007392525672912598,11.0
2025-06-10,FN,6110.0,79.580078125,False,0.013196468353271484,51.0
2025-06-11,FP,6050.0,33.919921875,True,0.005638209836723362,
2025-06-11,FP,5700.0,-316.080078125,True,0.05253920726126882,
2025-06-11,FP,6025.0,8.919921875,True,0.0014826800440097543,
2025-06-11,FP,5900.0,-116.080078125,True,0.019294968919558952,
2025-06-11,FP,5905.0,-111.080078125,False,0.01846386296101621,
2025-06-11,FP,5975.0,-41.080078125,True,0.006828379541417795,
2025-06-11,FP,6015.0,-1.080078125,False,0.0001795318730758444,
2025-06-11,FN,5920.0,-96.080078125,False,0.01597052812576294,23.0
2025-06-11,FN,6080.0,63.919921875,False,0.010624885559082031,38.0
2025-06-11,FN,5925.0,-91.080078125,True,0.015139460563659668,15.0
2025-06-11,FN,6060.0,43.919921875,False,0.007300376892089844,43.0
2025-06-11,FN,6125.0,108.919921875,True,0.01810479164123535,35.0
2025-06-11,FN,6030.0,13.919921875,False,0.0023137331008911133,21.0
2025-06-11,FN,6075.0,58.919921875,True,0.009793758392333984,13.0
2025-06-12,FP,5900.0,-136.16015625,True,0.02255741277988066,
2025-06-12,FP,6030.0,-6.16015625,False,0.0010205422140135978,
2025-06-12,FP,6000.0,-36.16015625,True,0.0059905892676752615,
2025-06-12,FP,5905.0,-131.16015625,False,0.0217290716042704,
2025-06-12,FP,5975.0,-61.16015625,True,0.010132295145726555,
2025-06-12,FP,6040.0,3.83984375,False,0.0006361401372070308,
2025-06-12,FN,6080.0,43.83984375,False,0.007262825965881348,28.0
2025-06-12,FN,6125.0,88.83984375,True,0.014717936515808105,32.0
2025-06-12,FN,6130.0,93.83984375,False,0.015546321868896484,58.0
2025-06-12,FN,5970.0,-66.16015625,False,0.010960638523101807,21.0
2025-06-12,FN,6075.0,38.83984375,True,0.0064345598220825195,12.0
2025-06-12,FN,6110.0,73.83984375,False,0.01223289966583252,54.0
2025-06-13,FP,6050.0,84.5400390625,True,0.014171587709259192,
2025-06-13,FP,5700.0,-265.4599609375,True,0.04449949587722679,
2025-06-13,FP,5800.0,-165.4599609375,True,0.027736329138230764,
2025-06-13,FP,5960.0,-5.4599609375,False,0.0009152623558371653,
2025-06-13,FP,5970.0,4.5400390625,False,0.000761054318062504,
2025-06-13,FP,5850.0,-115.4599609375,True,0.01935474576873275,
2025-06-13,FN,5920.0,-45.4599609375,False,0.007620513439178467,18.0
2025-06-13,FN,6080.0,114.5400390625,False,0.019200563430786133,51.0
2025-06-13,FN,5925.0,-40.4599609375,True,0.006782352924346924,12.0
2025-06-13,FN,6090.0,124.5400390625,False,0.02087688446044922,83.0
2025-06-13,FN,5875.0,-90.4599609375,True,0.015163958072662354,23.0
2025-06-13,FN,6075.0,109.5400390625,True,0.01836240291595459,28.0
2025-06-16,FP,6050.0,18.56982421875,True,0.0030788426090573306,
2025-06-16,FP,5900.0,-131.43017578125,True,0.02179088076141511,
2025-06-16,FP,6030.0,-1.43017578125,False,0.00023712050700552822,
2025-06-16,FP,5905.0,-126.43017578125,False,0.02096188998239934,
2025-06-16,FP,6035.0,3.56982421875,False,0.000591870272010242,
2025-06-16,FP,6040.0,8.56982421875,False,0.0014208610510260122,
2025-06-16,FP,5950.0,-81.43017578125,True,0.01350097297125763,
2025-06-16,FN,6080.0,48.56982421875,False,0.008052825927734375,30.0
2025-06-16,FN,5925.0,-106.43017578125,True,0.017645955085754395,16.0
2025-06-16,FN,6090.0,58.56982421875,False,0.00971078872680664,50.0
2025-06-16,FN,6125.0,93.56982421875,True,0.01551365852355957,31.0
2025-06-16,FN,5940.0,-91.43017578125,False,0.01515895128250122,22.0
2025-06-16,FN,6075.0,43.56982421875,True,0.007223844528198242,11.0
2025-06-16,FN,6110.0,78.56982421875,False,0.013026714324951172,52.0
2025-06-17,FP,5985.0,-2.56005859375,False,0.00042756290854661927,
2025-06-17,FP,5700.0,-287.56005859375,True,0.04802625038909203,
2025-06-17,FP,5990.0,2.43994140625,False,0.00040750178409454385,
2025-06-17,FP,5900.0,-87.56005859375,True,0.01462366268344617,
2025-06-17,FP,5975.0,-12.56005859375,True,0.0020976922938289455,
2025-06-17,FN,5920.0,-67.56005859375,False,0.011283397674560547,18.0
2025-06-17,FN,5925.0,-62.56005859375,True,0.010448336601257324,15.0
2025-06-17,FN,5875.0,-112.56005859375,True,0.018799006938934326,27.0
2025-06-17,FN,5945.0,-42.56005859375,False,0.007108092308044434,16.0
2025-06-17,FN,6075.0,87.43994140625,True,0.014603614807128906,21.0
2025-06-18,FP,5990.0,-1.72998046875,False,0.00028872804255020146,
2025-06-18,FP,6025.0,33.27001953125,True,0.005552656685080981,
2025-06-18,FP,6000.0,8.27001953125,True,0.0013802390224872951,
2025-06-18,FP,5970.0,-21.72998046875,False,0.0036266621726251946,
2025-06-18,FP,5975.0,-16.72998046875,True,0.002792178640106391,
2025-06-18,FP,5980.0,-11.72998046875,False,0.001957695107587698,
2025-06-18,FN,5825.0,-166.72998046875,True,0.027826666831970215,47.0
2025-06-18,FN,5925.0,-66.72998046875,True,0.011137008666992188,11.0
2025-06-18,FN,5875.0,-116.72998046875,True,0.0194818377494812,33.0
2025-06-18,FN,5880.0,-111.72998046875,False,0.018647372722625732,35.0
2025-06-18,FN,5850.0,-141.72998046875,True,0.023654282093048096,17.0
2025-06-18,FN,6075.0,83.27001953125,True,0.013897538185119629,28.0
2025-06-20,FP,5900.0,-43.52978515625,True,0.007323894508775575,
2025-06-20,FP,5965.0,21.47021484375,False,0.003612367670364991,
2025-06-20,FP,6000.0,56.47021484375,True,0.0095011242283638,
2025-06-20,FP,5970.0,26.47021484375,False,0.004453618607221932,
2025-06-20,FP,5945.0,1.47021484375,False,0.0002473639229372271,
2025-06-20,FN,5925.0,-18.52978515625,True,0.0031176209449768066,11.0
2025-06-20,FN,5930.0,-13.52978515625,False,0.0022763609886169434,38.0
2025-06-20,FN,5880.0,-63.52978515625,False,0.0106889009475708,29.0
2025-06-20,FN,5850.0,-93.52978515625,True,0.015736401081085205,12.0
2025-06-20,FN,6075.0,131.47021484375,True,0.022119879722595215,21.0
2025-06-23,FP,5800.0,-215.93994140625,True,0.03589463051650299,
2025-06-23,FP,6025.0,9.06005859375,True,0.001506008816908544,
2025-06-23,FP,5905.0,-110.93994140625,False,0.01844099882757766,
2025-06-23,FP,6010.0,-5.93994140625,False,0.0009873671386522176,
2025-06-23,FP,6015.0,-0.93994140625,False,0.00015624182013196375,
2025-06-23,FN,6120.0,104.06005859375,False,0.01729738712310791,40.0
2025-06-23,FN,6090.0,74.06005859375,False,0.012310624122619629,38.0
2025-06-23,FN,6125.0,109.06005859375,True,0.018128514289855957,24.0
2025-06-23,FN,6070.0,54.06005859375,False,0.008986115455627441,18.0
2025-06-23,FN,6075.0,59.06005859375,True,0.009817242622375488,14.0
2025-06-24,FP,6090.0,-9.66015625,False,0.0015837204045051623,
2025-06-24,FP,5900.0,-199.66015625,True,0.032732996779405665,
2025-06-24,FP,6095.0,-4.66015625,False,0.0007640026051656257,
2025-06-24,FP,6000.0,-99.66015625,True,0.016338640792615933,
2025-06-24,FP,5905.0,-194.66015625,False,0.03191327898006613,
2025-06-24,FP,6200.0,100.33984375,True,0.016450071180963644,
2025-06-24,FP,5950.0,-149.66015625,True,0.024535818786010744,
2025-06-24,FN,6020.0,-79.66015625,False,0.013059794902801514,25.0
2025-06-24,FN,6060.0,-39.66015625,False,0.006502032279968262,21.0
2025-06-24,FN,6125.0,25.33984375,True,0.004154324531555176,12.0
2025-06-24,FN,6030.0,-69.66015625,False,0.01142030954360962,39.0
2025-06-24,FN,6160.0,60.33984375,False,0.00989234447479248,36.0
2025-06-24,FN,6070.0,-29.66015625,False,0.004862606525421143,17.0
2025-06-24,FN,6175.0,75.33984375,True,0.012351512908935547,15.0
2025-06-25,FP,6080.0,-11.77978515625,False,0.0019337181532651515,
2025-06-25,FP,6085.0,-6.77978515625,False,0.0011129399609569601,
2025-06-25,FP,6090.0,-1.77978515625,False,0.00029216176864876875,
2025-06-25,FP,6095.0,3.22021484375,False,0.0005286164236593116,
2025-06-25,FP,6200.0,108.22021484375,True,0.017764958462130886,
2025-06-25,FP,5950.0,-141.77978515625,True,0.023273951153277572,
2025-06-25,FN,6020.0,-71.77978515625,False,0.011783063411712646,25.0
2025-06-25,FN,6120.0,28.22021484375,False,0.004632472991943359,15.0
2025-06-25,FN,6125.0,33.22021484375,True,0.005453228950500488,12.0
2025-06-25,FN,6160.0,68.22021484375,False,0.011198759078979492,38.0
2025-06-25,FN,6070.0,-21.77978515625,False,0.003575265407562256,14.0
2025-06-25,FN,6175.0,83.22021484375,True,0.013661026954650879,16.0
2025-06-26,FP,6145.0,9.7900390625,False,0.0015957137774962327,
2025-06-26,FP,6000.0,-135.2099609375,True,0.022038359208303104,
2025-06-26,FP,6130.0,-5.2099609375,False,0.0008491903244830512,
2025-06-26,FP,6135.0,-0.2099609375,False,3.422229048999359e-05,
2025-06-26,FP,6140.0,4.7900390625,False,0.000780745743503175,
2025-06-26,FN,6210.0,74.7900390625,False,0.01219034194946289,41.0
2025-06-26,FN,6120.0,-15.2099609375,False,0.0024791359901428223,12.0
2025-06-26,FN,6225.0,89.7900390625,True,0.014635205268859863,17.0
2025-06-26,FN,6070.0,-65.2099609375,False,0.010628819465637207,22.0
2025-06-26,FN,6075.0,-60.2099609375,True,0.009813845157623291,14.0
2025-06-27,FP,6145.0,-9.97021484375,False,0.0016198640278883847,
2025-06-27,FP,6050.0,-104.97021484375,True,0.017054544730467858,
2025-06-27,FP,6155.0,0.02978515625,False,4.839203961992666e-06,
2025-06-27,FP,6000.0,-154.97021484375,True,0.02517806088972019,
2025-06-27,FP,6160.0,5.02978515625,False,0.0008171908198872924,
2025-06-27,FP,6165.0,10.02978515625,False,0.001629542435812592,
2025-06-27,FP,6140.0,-14.97021484375,False,0.0024322156438136844,
2025-06-27,FN,6210.0,55.02978515625,False,0.008940696716308594,31.0
2025-06-27,FN,6120.0,-34.97021484375,False,0.005681633949279785,15.0
2025-06-27,FN,6250.0,95.02978515625,True,0.015439510345458984,11.0
2025-06-27,FN,6125.0,-29.97021484375,True,0.004869282245635986,12.0
2025-06-27,FN,6190.0,35.02978515625,False,0.0056912899017333984,25.0
2025-06-27,FN,6225.0,70.02978515625,True,0.011377811431884766,16.0
2025-06-27,FN,6075.0,-79.97021484375,True,0.012992799282073975,17.0
2025-06-30,FP,6050.0,-152.89013671875,True,0.02464820968111281,
2025-06-30,FP,6190.0,-12.89013671875,False,0.0020780856076179077,
2025-06-30,FP,6000.0,-202.89013671875,True,0.03270896827878955,
2025-06-30,FP,6225.0,22.10986328125,True,0.0035644454107559564,
2025-06-30,FP,6100.0,-102.89013671875,True,0.016587451083436067,
2025-06-30,FP,6205.0,2.10986328125,False,0.00034014197168508176,
2025-06-30,FN,6275.0,72.10986328125,True,0.011625170707702637,14.0
2025-06-30,FN,6180.0,-22.89013671875,False,0.0036902427673339844,15.0
2025-06-30,FN,6125.0,-77.89013671875,True,0.01255708932876587,20.0
2025-06-30,FN,6260.0,57.10986328125,False,0.009207010269165039,27.0
2025-06-30,FN,6170.0,-32.89013671875,False,0.005302369594573975,18.0
2025-06-30,FN,6300.0,97.10986328125,True,0.01565563678741455,11.0
2025-07-01,FP,6000.0,-208.56982421875,True,0.03359385979765395,
2025-07-01,FP,6050.0,-158.56982421875,True,0.025540475295967813,
2025-07-01,FP,6205.0,-3.56982421875,False,0.0005749833407404648,
2025-07-01,FP,6150.0,-58.56982421875,True,0.009433706292595323,
2025-07-01,FN,6260.0,51.43017578125,False,0.008283734321594238,24.0
2025-07-01,FN,6275.0,66.43017578125,True,0.010699748992919922,12.0
2025-07-01,FN,6180.0,-28.56982421875,False,0.004601657390594482,14.0
2025-07-01,FN,6125.0,-83.56982421875,True,0.013460397720336914,18.0
2025-07-02,FP,6215.0,-5.08984375,False,0.00081829103402975,
2025-07-02,FP,6220.0,-0.08984375,False,1.4444124161738792e-05,
2025-07-02,FP,6000.0,-220.08984375,True,0.03538370815835534,
2025-07-02,FP,6100.0,-120.08984375,True,0.019306769960994563,
2025-07-02,FP,6230.0,9.91015625,False,0.0015932496955743947,
2025-07-02,FP,6200.0,-20.08984375,True,0.0032298317636338947,
2025-07-02,FN,6210.0,-10.08984375,False,0.0016221404075622559,12.0
2025-07-02,FN,6280.0,59.91015625,False,0.009631752967834473,22.0
2025-07-02,FN,6125.0,-95.08984375,True,0.015287518501281738,19.0
2025-07-02,FN,6290.0,69.91015625,False,0.011239409446716309,38.0
2025-07-02,FN,6325.0,104.91015625,True,0.016866326332092285,29.0
2025-07-02,FN,6175.0,-45.08984375,True,0.007249057292938232,13.0
2025-07-03,FP,6500.0,217.27978515625,True,0.03458371178823105,
2025-07-03,FP,6280.0,-2.72021484375,False,0.0004329676876781985,
2025-07-03,FP,6285.0,2.27978515625,False,0.00036286593677425927,
2025-07-03,FP,6000.0,-282.72021484375,True,0.04499965065701739,
2025-07-03,FP,6290.0,7.27978515625,False,0.001158699561226717,
2025-07-03,FP,6270.0,-12.72021484375,False,0.002024634936583225,
2025-07-03,FN,6400.0,117.27978515625,True,0.018666982650756836,14.0
2025-07-03,FN,6210.0,-72.72021484375,False,0.011574625968933105,18.0
2025-07-03,FN,6350.0,67.27978515625,True,0.01070868968963623,11.0
2025-07-03,FN,6190.0,-92.72021484375,False,0.014757990837097168,28.0
2025-07-03,FN,6225.0,-57.72021484375,True,0.009187161922454834,17.0
2025-07-03,FN,6175.0,-107.72021484375,True,0.01714545488357544,16.0
2025-07-07,FP,6275.0,52.080078125,True,0.008369074128999454,
2025-07-07,FP,6220.0,-2.919921875,False,0.0004692205446410469,
2025-07-07,FP,6000.0,-222.919921875,True,0.035822399239203606,
2025-07-07,FP,6100.0,-122.919921875,True,0.019752772559856968,
2025-07-07,FP,6230.0,7.080078125,False,0.0011377421232936502,
2025-07-07,FN,6210.0,-12.919921875,False,0.0020762085914611816,13.0
2025-07-07,FN,6125.0,-97.919921875,True,0.015735387802124023,18.0
2025-07-07,FN,6260.0,37.080078125,False,0.005958676338195801,30.0
2025-07-07,FN,6325.0,102.080078125,True,0.016403913497924805,27.0
2025-07-07,FN,6175.0,-47.919921875,True,0.007700562477111816,14.0
2025-07-08,FP,6050.0,-176.3701171875,True,0.028326314348169124,
2025-07-08,FP,6275.0,48.6298828125,True,0.007810310324832814,
2025-07-08,FP,6220.0,-6.3701171875,False,0.0010230868174565533,
2025-07-08,FP,6000.0,-226.3701171875,True,0.036356675386614024,
2025-07-08,FP,6100.0,-126.3701171875,True,0.020295953309724335,
2025-07-08,FP,6200.0,-26.3701171875,True,0.004235231232834535,
2025-07-08,FN,6310.0,83.6298828125,False,0.013431549072265625,27.0
2025-07-08,FN,6190.0,-36.3701171875,False,0.005841314792633057,19.0
2025-07-08,FN,6290.0,63.6298828125,False,0.010219454765319824,20.0
2025-07-08,FN,6325.0,98.6298828125,True,0.015840649604797363,26.0
2025-07-08,FN,6140.0,-86.3701171875,False,0.01387166976928711,40.0
2025-07-08,FN,6175.0,-51.3701171875,True,0.008250415325164795,12.0
2025-07-09,FP,6275.0,15.85986328125,True,0.0025338725343773127,
2025-07-09,FP,6150.0,-109.14013671875,True,0.01743692173921596,
2025-07-09,FP,6255.0,-4.14013671875,False,0.0006614545493975887,
2025-07-09,FP,6000.0,-259.14013671875,True,0.041401874867527666,
2025-07-09,FP,6260.0,0.85986328125,False,0.00013737722154605336,
2025-07-09,FP,6265.0,5.85986328125,False,0.0009362089924898065,
2025-07-09,FN,6310.0,50.85986328125,False,0.008125662803649902,18.0
2025-07-09,FN,6350.0,90.85986328125,True,0.014516353607177734,12.0
2025-07-09,FN,6320.0,60.85986328125,False,0.009723305702209473,30.0
2025-07-09,FN,6290.0,30.85986328125,False,0.004930377006530762,11.0
2025-07-09,FN,6325.0,65.85986328125,True,0.010522246360778809,22.0
2025-07-09,FN,6175.0,-84.14013671875,True,0.013442754745483398,16.0
2025-07-10,FP,6150.0,-137.25,True,0.021829893832756797,
2025-07-10,FP,6280.0,-7.25,False,0.001153127360928874,
2025-07-10,FP,6285.0,-2.25,False,0.00035786711201235555,
2025-07-10,FP,6000.0,-287.25,True,0.04568770130025046,
2025-07-10,FP,6200.0,-87.25,True,0.013877291343592169,
2025-07-10,FN,6210.0,-77.25,False,0.012286782264709473,24.0
2025-07-10,FN,6375.0,87.75,True,0.013956785202026367,23.0
2025-07-10,FN,6225.0,-62.25,True,0.009900987148284912,16.0
2025-07-10,FN,6325.0,37.75,True,0.006004214286804199,15.0
2025-07-10,FN,6330.0,42.75,False,0.006799459457397461,25.0
2025-07-11,FP,6275.0,10.10009765625,True,0.0016121722315900477,
2025-07-11,FP,6150.0,-114.89990234375,True,0.018340261478202557,
2025-07-11,FP,6255.0,-9.89990234375,False,0.0015802171619767602,
2025-07-11,FP,6225.0,-39.89990234375,True,0.006368801252326972,
2025-07-11,FP,6260.0,-4.89990234375,False,0.0007821198135850027,
2025-07-11,FP,6265.0,0.10009765625,False,1.597753480675479e-05,
2025-07-11,FN,6210.0,-54.89990234375,False,0.00876307487487793,22.0
2025-07-11,FN,6310.0,45.10009765625,False,0.007198810577392578,16.0
2025-07-11,FN,6320.0,55.10009765625,False,0.008795022964477539,25.0
2025-07-11,FN,6290.0,25.10009765625,False,0.004006505012512207,11.0
2025-07-11,FN,6325.0,60.10009765625,True,0.00959312915802002,24.0
2025-07-11,FN,6230.0,-34.89990234375,False,0.005570709705352783,19.0
2025-07-14,FP,6150.0,-117.3798828125,True,0.018728700829895417,
2025-07-14,FP,6000.0,-267.3798828125,True,0.04266214715111738,
2025-07-14,FP,6225.0,-42.3798828125,True,0.006761977669284325,
2025-07-14,FP,6260.0,-7.3798828125,False,0.0011775068609991557,
2025-07-14,FP,6265.0,-2.3798828125,False,0.0003797253169584014,
2025-07-14,FP,6270.0,2.6201171875,False,0.0004180562270823529,
2025-07-14,FN,6310.0,42.6201171875,False,0.006800293922424316,15.0
2025-07-14,FN,6375.0,107.6201171875,True,0.017171502113342285,26.0
2025-07-14,FN,6320.0,52.6201171875,False,0.008395910263061523,24.0
2025-07-14,FN,6290.0,22.6201171875,False,0.003609180450439453,12.0
2025-07-14,FN,6325.0,57.6201171875,True,0.009193658828735352,21.0
2025-07-14,FN,6330.0,62.6201171875,False,0.00999140739440918,25.0
2025-07-15,FP,6275.0,19.580078125,True,0.003130098118038216,
2025-07-15,FP,6255.0,-0.419921875,False,6.712928632202075e-05,
2025-07-15,FP,6000.0,-255.419921875,True,0.040831778691915566,
2025-07-15,FP,6260.0,4.580078125,False,0.0007321775647679551,
2025-07-15,FP,6265.0,9.580078125,False,0.001531484415858042,
2025-07-15,FP,6270.0,14.580078125,False,0.002330791266948129,
2025-07-15,FN,6310.0,54.580078125,False,0.008725285530090332,16.0
2025-07-15,FN,6320.0,64.580078125,False,0.010323882102966309,25.0
2025-07-15,FN,6290.0,34.580078125,False,0.005527973175048828,14.0
2025-07-15,FN,6325.0,69.580078125,True,0.011123180389404297,20.0
2025-07-15,FN,6230.0,-25.419921875,False,0.004063665866851807,15.0
2025-07-15,FN,6175.0,-80.419921875,True,0.012856066226959229,11.0
2025-07-16,FP,6280.0,12.4501953125,False,0.0019864533510669524,
2025-07-16,FP,6255.0,-12.5498046875,False,0.002002346224375229,
2025-07-16,FP,6260.0,-7.5498046875,False,0.0012045863092868814,
2025-07-16,FP,6200.0,-67.5498046875,True,0.010777705290347939,
2025-07-16,FP,6265.0,-2.5498046875,False,0.0004068263941984229,
2025-07-16,FP,6270.0,2.4501953125,False,0.0003909335208900355,
2025-07-16,FN,6310.0,42.4501953125,False,0.0067729949951171875,13.0
2025-07-16,FN,6190.0,-77.5498046875,False,0.012373208999633789,26.0
2025-07-16,FN,6320.0,52.4501953125,False,0.008368492126464844,22.0
2025-07-16,FN,6225.0,-42.5498046875,True,0.006788909435272217,11.0
2025-07-16,FN,6325.0,57.4501953125,True,0.009166240692138672,17.0
2025-07-16,FN,6175.0,-92.5498046875,True,0.014766514301300049,14.0
2025-07-17,FP,6000.0,-299.6201171875,True,0.047561616671144114,
2025-07-17,FP,6305.0,5.3798828125,False,0.0008540011480726584,
2025-07-17,FP,6310.0,10.3798828125,False,0.0016476998008467802,
2025-07-17,FP,6295.0,-4.6201171875,False,0.0007333961574753634,
2025-07-17,FN,6200.0,-99.6201171875,True,0.01581364870071411,12.0
2025-07-17,FN,6225.0,-74.6201171875,True,0.011845171451568604,24.0
2025-07-17,FN,6230.0,-69.6201171875,False,0.011051476001739502,25.0
2025-07-17,FN,6375.0,75.3798828125,True,0.011965751647949219,26.0
2025-07-18,FP,6500.0,212.3701171875,True,0.03377586167532254,
2025-07-18,FP,6280.0,-7.6298828125,False,0.0012134751813805966,
2025-07-18,FP,6250.0,-37.6298828125,True,0.005984748389112893,
2025-07-18,FP,6285.0,-2.6298828125,False,0.0004182629800918436,
2025-07-18,FP,6000.0,-287.6298828125,True,0.045745358453548324,
2025-07-18,FP,6295.0,7.3701171875,False,0.0011721614224855514,
2025-07-18,FP,6300.0,12.3701171875,True,0.0019673736237741934,
2025-07-18,FN,6375.0,87.3701171875,True,0.013895511627197266,21.0
2025-07-18,FN,6320.0,32.3701171875,False,0.005148172378540039,22.0
2025-07-18,FN,6225.0,-62.6298828125,True,0.009960830211639404,24.0
2025-07-18,FN,6325.0,37.3701171875,True,0.005943417549133301,14.0
2025-07-18,FN,6230.0,-57.6298828125,False,0.009165585041046143,17.0
2025-07-18,FN,6200.0,-87.6298828125,True,0.013936877250671387,11.0
2025-07-18,FN,6270.0,-17.6298828125,False,0.0028039216995239258,12.0
2025-07-21,FP,6305.0,-3.52978515625,False,0.0005595257970495426,
2025-07-21,FP,6275.0,-33.52978515625,True,0.005314991970893801,
2025-07-21,FP,6310.0,1.47021484375,False,0.00023305189859113007,
2025-07-21,FP,6250.0,-58.52978515625,True,0.009277880449097387,
2025-07-21,FP,6315.0,6.47021484375,False,0.0010256295942319138,
2025-07-21,FP,6000.0,-308.52978515625,True,0.048906765231133575,
2025-07-21,FP,6300.0,-8.52978515625,True,0.0013521034926902153,
2025-07-21,FN,6370.0,61.47021484375,False,0.009743928909301758,26.0
2025-07-21,FN,6340.0,31.47021484375,False,0.004988551139831543,17.0
2025-07-21,FN,6375.0,66.47021484375,True,0.010536551475524902,15.0
2025-07-21,FN,6325.0,16.47021484375,True,0.00261080265045166,14.0
2025-07-21,FN,6390.0,81.47021484375,False,0.012914299964904785,30.0
2025-07-21,FN,6360.0,51.47021484375,False,0.00815880298614502,27.0
2025-07-21,FN,6200.0,-108.52978515625,True,0.01720362901687622,11.0
2025-07-22,FP,6320.0,8.27978515625,False,0.00131181118212087,
2025-07-22,FP,6315.0,3.27978515625,False,0.0005196341163120621,
2025-07-22,FP,6000.0,-311.72021484375,True,0.049387521029632175,
2025-07-22,FP,6310.0,-1.72021484375,False,0.0002725429494965237,
2025-07-22,FN,6225.0,-86.72021484375,True,0.013739526271820068,21.0
2025-07-22,FN,6370.0,58.27978515625,False,0.009233593940734863,23.0
2025-07-22,FN,6340.0,28.27978515625,False,0.004480481147766113,15.0
2025-07-22,FN,6375.0,63.27978515625,True,0.010025739669799805,14.0
2025-07-23,FP,6500.0,148.240234375,True,0.023338451050566977,
2025-07-23,FP,6345.0,-6.759765625,False,0.0010642350898696362,
2025-07-23,FP,6250.0,-101.759765625,True,0.016020720143685607,
2025-07-23,FP,6000.0,-351.759765625,True,0.05537989133793819,
2025-07-23,FP,6355.0,3.240234375,False,0.0005101317579006004,
2025-07-23,FP,6360.0,8.240234375,False,0.0012973151817856632,
2025-07-23,FP,6300.0,-51.759765625,True,0.00814888590483509,
2025-07-23,FN,6370.0,18.240234375,False,0.0028716325759887695,17.0
2025-07-23,FN,6275.0,-76.759765625,True,0.012084782123565674,14.0
2025-07-23,FN,6450.0,98.240234375,True,0.015466570854187012,12.0
2025-07-23,FN,6325.0,-26.759765625,True,0.00421297550201416,11.0
2025-07-23,FN,6295.0,-56.759765625,False,0.008936047554016113,26.0
2025-07-23,FN,6425.0,73.240234375,True,0.011530756950378418,15.0
2025-07-23,FN,6430.0,78.240234375,False,0.012317895889282227,39.0
2025-07-24,FP,6500.0,135.580078125,True,0.02130281781989285,
2025-07-24,FP,6380.0,15.580078125,False,0.0024479965678332327,
2025-07-24,FP,6000.0,-364.419921875,True,0.057258937397021925,
2025-07-24,FP,6355.0,-9.419921875,False,0.0014800911930124006,
2025-07-24,FP,6365.0,0.580078125,False,9.114391132580835e-05,
2025-07-24,FN,6275.0,-89.419921875,True,0.014049947261810303,19.0
2025-07-24,FN,6450.0,85.580078125,True,0.013446688652038574,12.0
2025-07-24,FN,6325.0,-39.419921875,True,0.006193816661834717,13.0
2025-07-24,FN,6295.0,-69.419921875,False,0.010907530784606934,29.0
2025-07-24,FN,6425.0,60.580078125,True,0.00951850414276123,15.0
2025-07-25,FP,6380.0,-12.5400390625,False,0.001961667660409172,
2025-07-25,FP,6350.0,-42.5400390625,True,0.006654637875172176,
2025-07-25,FP,6000.0,-392.5400390625,True,0.06140595704740681,
2025-07-25,FP,6385.0,-7.5400390625,False,0.00117950595794869,
2025-07-25,FP,6395.0,2.4599609375,False,0.00038481744697227427,
2025-07-25,FN,6375.0,-17.5400390625,True,0.002743840217590332,11.0
2025-07-25,FN,6410.0,17.4599609375,False,0.0027313232421875,17.0
2025-07-25,FN,6475.0,82.4599609375,True,0.012899398803710938,18.0
2025-07-25,FN,6480.0,87.4599609375,False,0.013681530952453613,44.0
2025-07-25,FN,6325.0,-67.5400390625,True,0.010565459728240967,20.0
2025-07-28,FP,6400.0,20.58984375,True,0.0032275466298130606,
2025-07-28,FP,6370.0,-9.41015625,False,0.0014750824950141572,
2025-07-28,FP,6380.0,0.58984375,False,9.246054659484138e-05,
2025-07-28,FP,6000.0,-379.41015625,True,0.059474175034550214,
2025-07-28,FP,6385.0,5.58984375,False,0.0008762320673993962,
2025-07-28,FN,6410.0,30.58984375,False,0.004795074462890625,17.0
2025-07-28,FN,6475.0,95.58984375,True,0.014984130859375,18.0
2025-07-28,FN,6480.0,100.58984375,False,0.015767931938171387,50.0
2025-07-28,FN,6325.0,-54.41015625,True,0.00852900743484497,15.0
2025-07-28,FN,6425.0,45.58984375,True,0.007146358489990234,11.0
2025-07-29,FP,6370.0,1.0,False,0.0001570105197048477,
2025-07-29,FP,6380.0,11.0,False,0.0017271157167531026,
2025-07-29,FP,6000.0,-369.0,True,0.057936881771078697,
2025-07-29,FP,6360.0,-9.0,False,0.0014130946773434072,
2025-07-29,FP,6365.0,-4.0,False,0.0006280420788192798,
2025-07-29,FN,6410.0,41.0,False,0.006437420845031738,18.0
2025-07-29,FN,6420.0,51.0,False,0.008007526397705078,27.0
2025-07-29,FN,6325.0,-44.0,True,0.00690847635269165,16.0
2025-07-29,FN,6425.0,56.0,True,0.008792638778686523,14.0
2025-07-29,FN,6460.0,91.0,False,0.014287948608398438,42.0
2025-07-30,FP,6400.0,58.1201171875,True,0.009164493535271045,
2025-07-30,FP,6340.0,-1.8798828125,False,0.0002964235916221858,
2025-07-30,FP,6250.0,-91.8798828125,True,0.014487799281961977,
2025-07-30,FP,6000.0,-341.8798828125,True,0.053908287310683534,
2025-07-30,FP,6360.0,18.1201171875,False,0.00285721545067541,
2025-07-30,FP,6330.0,-11.8798828125,False,0.0018732431127710392,
2025-07-30,FP,6335.0,-6.8798828125,False,0.001084833352196668,
2025-07-30,FN,6375.0,33.1201171875,True,0.005222439765930176,12.0
2025-07-30,FN,6410.0,68.1201171875,False,0.010741353034973145,22.0
2025-07-30,FN,6420.0,78.1201171875,False,0.012318134307861328,34.0
2025-07-30,FN,6390.0,48.1201171875,False,0.0075876712799072266,16.0
2025-07-30,FN,6425.0,83.1201171875,True,0.013106584548950195,18.0
2025-07-30,FN,6460.0,118.1201171875,False,0.018625378608703613,50.0
2025-07-30,FN,6270.0,-71.8798828125,False,0.01133418083190918,23.0
2025-07-31,FP,6400.0,47.72998046875,True,0.0075138462820369956,
2025-07-31,FP,6370.0,17.72998046875,False,0.002791125127590055,
2025-07-31,FP,6340.0,-12.27001953125,False,0.0019315960268571075,
2025-07-31,FP,6380.0,27.72998046875,False,0.004365365512405628,
2025-07-31,FP,6000.0,-352.27001953125,True,0.05545576911059036,
2025-07-31,FP,6450.0,97.72998046875,True,0.015385048206115526,
2025-07-31,FP,6360.0,7.72998046875,False,0.0012168847427742602,
2025-07-31,FN,6275.0,-77.27001953125,True,0.012164175510406494,24.0
2025-07-31,FN,6310.0,-42.27001953125,False,0.006654322147369385,26.0
2025-07-31,FN,6410.0,57.72998046875,False,0.00908803939819336,29.0
2025-07-31,FN,6325.0,-27.27001953125,True,0.004292964935302734,12.0
2025-07-31,FN,6295.0,-57.27001953125,False,0.009015679359436035,31.0
2025-07-31,FN,6425.0,72.72998046875,True,0.011449456214904785,16.0
2025-07-31,FN,6270.0,-82.27001953125,False,0.012951254844665527,23.0
2025-08-01,FP,6240.0,3.509765625,False,0.0005627789819431239,
2025-08-01,FP,6400.0,163.509765625,True,0.026218234853275124,
2025-08-01,FP,6250.0,13.509765625,True,0.002166244973901499,
2025-08-01,FP,6000.0,-236.490234375,True,0.037920404825054654,
2025-08-01,FP,6225.0,-11.490234375,True,0.0018424200059942164,
2025-08-01,FP,6100.0,-136.490234375,True,0.021885744905472237,
2025-08-01,FN,6280.0,43.509765625,False,0.006976604461669922,26.0
2025-08-01,FN,6185.0,-51.490234375,False,0.008256256580352783,78.0
2025-08-01,FN,6125.0,-111.490234375,True,0.01787710189819336,24.0
2025-08-01,FN,6190.0,-46.490234375,False,0.007454574108123779,25.0
2025-08-01,FN,6165.0,-71.490234375,False,0.0114632248878479,32.0
2025-08-01,FN,6270.0,33.509765625,False,0.005373120307922363,15.0
2025-08-04,FP,6315.0,-9.7998046875,False,0.001549425276707872,
2025-08-04,FP,6350.0,25.2001953125,True,0.003984346713049147,
2025-08-04,FP,6320.0,-4.7998046875,False,0.000758886421028282,
2025-08-04,FP,6450.0,125.2001953125,True,0.019795123826640282,
2025-08-04,FP,6200.0,-124.7998046875,True,0.019731818957337888,
2025-08-04,FP,6330.0,5.2001953125,False,0.0008221912903307871,
2025-08-04,FN,6370.0,45.2001953125,False,0.007146477699279785,14.0
2025-08-04,FN,6275.0,-49.7998046875,True,0.007873713970184326,15.0
2025-08-04,FN,6375.0,50.2001953125,True,0.007937073707580566,11.0
2025-08-04,FN,6295.0,-29.7998046875,False,0.004711568355560303,21.0
2025-08-04,FN,6425.0,100.2001953125,True,0.015842437744140625,19.0
2025-08-04,FN,6270.0,-54.7998046875,False,0.008664250373840332,17.0
2025-08-05,FP,6305.0,1.93994140625,False,0.00030777771244694385,
2025-08-05,FP,6310.0,6.93994140625,False,0.001101043198341145,
2025-08-05,FP,6350.0,46.93994140625,True,0.0074471670854938665,
2025-08-05,FP,6000.0,-303.06005859375,True,0.048081416927092446,
2025-08-05,FP,6325.0,21.93994140625,True,0.0034808396560233046,
2025-08-05,FP,6300.0,-3.06005859375,True,0.00048548777344714633,
2025-08-05,FN,6275.0,-28.06005859375,True,0.00445181131362915,13.0
2025-08-05,FN,6375.0,71.93994140625,True,0.01141345500946045,16.0
2025-08-05,FN,6380.0,76.93994140625,False,0.012206792831420898,24.0
2025-08-05,FN,6220.0,-83.06005859375,False,0.013177752494812012,30.0
2025-08-05,FN,6225.0,-78.06005859375,True,0.012384474277496338,27.0
2025-08-05,FN,6260.0,-43.06005859375,False,0.0068315863609313965,20.0
2025-08-06,FP,6400.0,51.66015625,True,0.008137585183134233,
2025-08-06,FP,6340.0,-8.33984375,False,0.0013137046779577721,
2025-08-06,FP,6345.0,-3.33984375,False,0.0005260971895334476,
2025-08-06,FP,6450.0,101.66015625,True,0.016013660067377256,
2025-08-06,FP,6355.0,6.66015625,False,0.0010491177873153124,
2025-08-06,FP,6300.0,-48.33984375,True,0.007614564585352368,
2025-08-06,FN,6370.0,21.66015625,False,0.00341188907623291,12.0
2025-08-06,FN,6275.0,-73.33984375,True,0.011552572250366211,18.0
2025-08-06,FN,6260.0,-88.33984375,False,0.013915419578552246,30.0
2025-08-06,FN,6295.0,-53.33984375,False,0.00840216875076294,27.0
2025-08-06,FN,6425.0,76.66015625,True,0.012075662612915039,16.0
2025-08-06,FN,6270.0,-78.33984375,False,0.012340188026428223,22.0
2025-08-07,FP,6340.0,7.97998046875,False,0.0012602582499954273,
2025-08-07,FP,6345.0,12.97998046875,False,0.002049895677637359,
2025-08-07,FP,6350.0,17.97998046875,True,0.0028395331052792905,
2025-08-07,FP,6320.0,-12.02001953125,False,0.00189829146057241,
2025-08-07,FP,6450.0,117.97998046875,True,0.018632281658118366,
2025-08-07,FP,6330.0,-2.02001953125,False,0.0003190166052885468,
2025-08-07,FP,6300.0,-32.02001953125,True,0.005056841171140247,
2025-08-07,FP,6335.0,2.97998046875,False,0.0004706208223534958,
2025-08-07,FN,6370.0,37.97998046875,False,0.005998134613037109,14.0
2025-08-07,FN,6275.0,-57.02001953125,True,0.00900501012802124,17.0
2025-08-07,FN,6375.0,42.97998046875,True,0.006787776947021484,13.0
2025-08-07,FN,6260.0,-72.02001953125,False,0.011373937129974365,25.0
2025-08-07,FN,6295.0,-37.02001953125,False,0.005846500396728516,26.0
2025-08-07,FN,6360.0,27.97998046875,False,0.004418849945068359,24.0
2025-08-07,FN,6425.0,92.97998046875,True,0.014684081077575684,19.0
2025-08-07,FN,6270.0,-62.02001953125,False,0.009794652462005615,22.0
2025-08-08,FP,6500.0,118.490234375,True,0.018567743171571394,
2025-08-08,FP,6380.0,-1.509765625,False,0.00023658439467300063,
2025-08-08,FP,6385.0,3.490234375,False,0.0005469292539206361,
2025-08-08,FP,6390.0,8.490234375,False,0.0013304429025140507,
2025-08-08,FP,6300.0,-81.509765625,True,0.01277280277216919,
2025-08-08,FN,6470.0,88.490234375,False,0.013866662979125977,39.0
2025-08-08,FN,6480.0,98.490234375,False,0.015433669090270996,44.0
2025-08-08,FN,6420.0,38.490234375,False,0.006031513214111328,18.0
2025-08-08,FN,6295.0,-86.509765625,False,0.013556301593780518,30.0
2025-08-08,FN,6425.0,43.490234375,True,0.006815075874328613,11.0
2025-08-11,FP,6250.0,-127.02001953125,True,0.019918397486948236,
2025-08-11,FP,6380.0,2.97998046875,False,0.00046729984532323243,
2025-08-11,FP,6385.0,7.97998046875,False,0.0012513651273335924,
2025-08-11,FP,6390.0,12.97998046875,False,0.0020354304093441744,
2025-08-11,FP,6300.0,-77.02001953125,True,0.01207774466684386,
2025-08-11,FN,6470.0,92.97998046875,False,0.014580488204956055,26.0
2025-08-11,FN,6410.0,32.97998046875,False,0.005171656608581543,17.0
2025-08-11,FN,6325.0,-52.02001953125,True,0.008157432079315186,12.0
2025-08-11,FN,6425.0,47.97998046875,True,0.007523894309997559,14.0
2025-08-11,FN,6460.0,82.97998046875,False,0.013012290000915527,36.0
2025-08-12,FP,6435.0,-2.18994140625,False,0.00034020145842883487,
2025-08-12,FP,6440.0,2.81005859375,False,0.00043653498177431693,
2025-08-12,FP,6475.0,37.81005859375,True,0.005873690063197046,
2025-08-12,FP,6445.0,7.81005859375,False,0.0012132714219776908,
2025-08-12,FP,6350.0,-87.18994140625,True,0.01354472094188397,
2025-08-12,FP,6300.0,-137.18994140625,True,0.021312085343916376,
2025-08-12,FP,6430.0,-7.18994140625,False,0.0011169378986320977,
2025-08-12,FN,6470.0,32.81005859375,False,0.005096912384033203,13.0
2025-08-12,FN,6375.0,-62.18994140625,True,0.00966101884841919,12.0
2025-08-12,FN,6505.0,67.81005859375,False,0.010534167289733887,66.0
2025-08-12,FN,6410.0,-27.18994140625,False,0.004223883152008057,19.0
2025-08-12,FN,6510.0,72.81005859375,False,0.011310815811157227,28.0
2025-08-12,FN,6420.0,-17.18994140625,False,0.0026704072952270508,11.0
2025-08-12,FN,6525.0,87.81005859375,True,0.013640999794006348,20.0
2025-08-13,FP,6465.0,3.89990234375,False,0.0006035972643674281,
2025-08-13,FP,6470.0,8.89990234375,False,0.001377459288547156,
2025-08-13,FP,6350.0,-111.10009765625,True,0.017195229291765868,
2025-08-13,FP,6460.0,-1.10009765625,False,0.0001702647598121887,
2025-08-13,FP,6455.0,-6.10009765625,False,0.0009441267839919165,
2025-08-13,FP,6300.0,-161.10009765625,True,0.024933849533562924,
2025-08-13,FN,6505.0,43.89990234375,False,0.006794452667236328,40.0
2025-08-13,FN,6410.0,-51.10009765625,False,0.007908880710601807,20.0
2025-08-13,FN,6510.0,48.89990234375,False,0.007568359375,23.0
2025-08-13,FN,6480.0,18.89990234375,False,0.0029251575469970703,11.0
2025-08-13,FN,6550.0,88.89990234375,True,0.013759255409240723,13.0
2025-08-13,FN,6525.0,63.89990234375,True,0.009889960289001465,15.0
2025-08-14,FP,6400.0,-70.39013671875,True,0.010878808731994982,
2025-08-14,FP,6465.0,-5.39013671875,False,0.0008330466331792907,
2025-08-14,FP,6470.0,-0.39013671875,False,6.0295702501100834e-05,
2025-08-14,FP,6490.0,19.60986328125,False,0.0030307080202114367,
2025-08-14,FP,6460.0,-10.39013671875,False,0.0016057975638573696,
2025-08-14,FN,6530.0,59.60986328125,False,0.009212732315063477,20.0
2025-08-14,FN,6505.0,34.60986328125,False,0.005348920822143555,28.0
2025-08-14,FN,6410.0,-60.39013671875,False,0.009333312511444092,23.0
2025-08-14,FN,6540.0,69.60986328125,False,0.010758161544799805,29.0
2025-08-14,FN,6525.0,54.60986328125,True,0.008440017700195312,12.0
2025-08-15,FP,6400.0,-59.009765625,True,0.00913603907816507,
2025-08-15,FP,6440.0,-19.009765625,False,0.002943139322403643,
2025-08-15,FP,6445.0,-14.009765625,False,0.002169026852933409,
2025-08-15,FP,6450.0,-9.009765625,True,0.001394914383463286,
2025-08-15,FP,6455.0,-4.009765625,False,0.0006208019139930521,
2025-08-15,FP,6460.0,0.990234375,False,0.00015331055547718186,
2025-08-15,FN,6530.0,70.990234375,False,0.01099085807800293,27.0
2025-08-15,FN,6505.0,45.990234375,False,0.007120370864868164,45.0
2025-08-15,FN,6540.0,80.990234375,False,0.012539148330688477,28.0
2025-08-15,FN,6510.0,50.990234375,False,0.007894396781921387,21.0
2025-08-15,FN,6480.0,20.990234375,False,0.0032497644424438477,19.0
2025-08-15,FN,6525.0,65.990234375,True,0.010216832160949707,14.0
2025-08-18,FP,6465.0,13.2001953125,False,0.0020459710022169286,
2025-08-18,FP,6440.0,-11.7998046875,False,0.0018289167433445108,
2025-08-18,FP,6350.0,-101.7998046875,True,0.01577851262736607,
2025-08-18,FP,6550.0,98.2001953125,True,0.015220589337126222,
2025-08-18,FP,6455.0,3.2001953125,False,0.0004960159039923973,
2025-08-18,FP,6425.0,-26.7998046875,True,0.004153849390681419,
2025-08-18,FP,6460.0,8.2001953125,False,0.001270993453104774,
2025-08-18,FN,6470.0,18.2001953125,False,0.0028209686279296875,12.0
2025-08-18,FN,6375.0,-76.7998046875,True,0.011903643608093262,14.0
2025-08-18,FN,6505.0,53.2001953125,False,0.00824582576751709,35.0
2025-08-18,FN,6410.0,-41.7998046875,False,0.006478786468505859,20.0
2025-08-18,FN,6510.0,58.2001953125,False,0.009020805358886719,22.0
2025-08-18,FN,6480.0,28.2001953125,False,0.004370927810668945,19.0
2025-08-18,FN,6525.0,73.2001953125,True,0.011345744132995605,15.0
2025-08-19,FP,6400.0,-9.4501953125,True,0.0014744159053472483,
2025-08-19,FP,6405.0,-4.4501953125,False,0.0006943177927732913,
2025-08-19,FP,6410.0,0.5498046875,False,8.57803198006657e-05,
2025-08-19,FP,6415.0,5.5498046875,False,0.0008658784323745117,
2025-08-19,FP,6450.0,40.5498046875,True,0.0063265652203921,
2025-08-19,FP,6420.0,10.5498046875,False,0.0016459765449485797,
2025-08-19,FN,6370.0,-39.4501953125,False,0.0061550140380859375,23.0
2025-08-19,FN,6505.0,95.5498046875,False,0.014907598495483398,63.0
2025-08-19,FN,6325.0,-84.4501953125,True,0.013175904750823975,18.0
2025-08-19,FN,6455.0,45.5498046875,False,0.007106661796569824,28.0
2025-08-19,FN,6360.0,-49.4501953125,False,0.0077152252197265625,24.0
2025-08-19,FN,6430.0,20.5498046875,False,0.0032061338424682617,14.0
2025-08-20,FP,6400.0,-2.25,True,0.0003514389472450974,
2025-08-20,FP,6405.0,2.75,False,0.0004295364910773536,
2025-08-20,FP,6410.0,7.75,False,0.0012105119293999156,
2025-08-20,FP,6415.0,12.75,False,0.0019914873677222555,
2025-08-20,FP,6425.0,22.75,True,0.0035534382443671575,
2025-08-20,FN,6310.0,-92.25,False,0.014409005641937256,45.0
2025-08-20,FN,6375.0,-27.25,True,0.004256308078765869,11.0
2025-08-20,FN,6380.0,-22.25,False,0.003475368022918701,16.0
2025-08-20,FN,6325.0,-77.25,True,0.012066066265106201,19.0
2025-08-20,FN,6460.0,57.75,False,0.009020209312438965,14.0
2025-08-21,FP,6370.0,1.97998046875,False,0.0003109256036690766,
2025-08-21,FP,6250.0,-118.02001953125,True,0.018533236260136254,
2025-08-21,FP,6000.0,-368.02001953125,True,0.057791906809730786,
2025-08-21,FP,6200.0,-168.02001953125,True,0.02638497037005516,
2025-08-21,FP,6365.0,-3.02001953125,False,0.0004742478073227474,
2025-08-21,FP,6360.0,-8.02001953125,False,0.0012594212183146825,
2025-08-21,FN,6275.0,-93.02001953125,True,0.014607369899749756,25.0
2025-08-21,FN,6475.0,106.97998046875,True,0.016799569129943848,12.0
2025-08-21,FN,6325.0,-43.02001953125,True,0.006755650043487549,17.0
2025-08-21,FN,6390.0,21.97998046875,False,0.0034515857696533203,19.0
2025-08-21,FN,6425.0,56.97998046875,True,0.00894784927368164,14.0
2025-08-21,FN,6460.0,91.97998046875,False,0.01444399356842041,30.0
2025-08-22,FP,6465.0,0.91015625,False,0.00014080191829024535,
2025-08-22,FP,6470.0,5.91015625,False,0.0009143060187684071,
2025-08-22,FP,6410.0,-54.08984375,False,0.008367743186969867,
2025-08-22,FP,6475.0,10.91015625,True,0.0016878101192465689,
2025-08-22,FP,6350.0,-114.08984375,True,0.01764979239270803,
2025-08-22,FP,6460.0,-4.08984375,False,0.0006327021821880274,
2025-08-22,FP,6300.0,-164.08984375,True,0.02538483339748987,
2025-08-22,FN,6530.0,65.91015625,False,0.010196328163146973,38.0
2025-08-22,FN,6505.0,40.91015625,False,0.0063288211822509766,63.0
2025-08-22,FN,6540.0,75.91015625,False,0.011743307113647461,33.0
2025-08-22,FN,6480.0,15.91015625,False,0.0024613142013549805,14.0
2025-08-22,FN,6550.0,85.91015625,True,0.0132904052734375,12.0
2025-08-22,FN,6425.0,-39.08984375,True,0.006047248840332031,13.0
2025-08-22,FN,6525.0,60.91015625,True,0.009422898292541504,21.0
2025-08-25,FP,6440.0,-9.3701171875,False,0.001452873229050522,
2025-08-25,FP,6410.0,-39.3701171875,False,0.006104490279225772,
2025-08-25,FP,6000.0,-449.3701171875,True,0.06967658996495385,
2025-08-25,FP,6460.0,10.6298828125,False,0.0016482048043997555,
2025-08-25,FN,6505.0,55.6298828125,False,0.008625626564025879,76.0
2025-08-25,FN,6525.0,75.6298828125,True,0.011726737022399902,24.0
2025-08-25,FN,6510.0,60.6298828125,False,0.00940084457397461,43.0
2025-08-25,FN,6375.0,-74.3701171875,True,0.011531352996826172,15.0
2025-08-26,FP,6465.0,9.14013671875,False,0.001415789207373619,
2025-08-26,FP,6470.0,14.14013671875,False,0.0021902793769075224,
2025-08-26,FP,6410.0,-45.85986328125,False,0.0071036026574996525,
2025-08-26,FP,6350.0,-105.85986328125,True,0.016397484691906827,
2025-08-26,FP,6460.0,4.14013671875,False,0.0006412990378397154,
2025-08-26,FP,6455.0,-0.85986328125,False,0.00013319113169429908,
2025-08-26,FP,6300.0,-155.85986328125,True,0.024142386387246195,
2025-08-26,FN,6375.0,-80.85986328125,True,0.012525022029876709,16.0
2025-08-26,FN,6505.0,49.14013671875,False,0.007611751556396484,65.0
2025-08-26,FN,6540.0,84.14013671875,False,0.013033151626586914,33.0
2025-08-26,FN,6510.0,54.14013671875,False,0.00838625431060791,41.0
2025-08-26,FN,6480.0,24.14013671875,False,0.0037392377853393555,15.0
2025-08-26,FN,6550.0,94.14013671875,True,0.014582157135009766,13.0
2025-08-26,FN,6525.0,69.14013671875,True,0.010709643363952637,19.0
2025-08-27,FP,6400.0,-86.39013671875,True,0.013318677245407251,
2025-08-27,FP,6600.0,113.60986328125,True,0.017515114090673745,
2025-08-27,FP,6350.0,-136.39013671875,True,0.0210271250794275,
2025-08-27,FP,6480.0,-6.39013671875,False,0.000985160710974875,
2025-08-27,FP,6485.0,-1.39013671875,False,0.0002143159275728168,
2025-08-27,FP,6490.0,3.60986328125,False,0.0005565288558291304,
2025-08-27,FP,6300.0,-186.39013671875,True,0.02873557291344775,
2025-08-27,FN,6560.0,73.60986328125,False,0.011348366737365723,29.0
2025-08-27,FN,6530.0,43.60986328125,False,0.006723284721374512,31.0
2025-08-27,FN,6505.0,18.60986328125,False,0.0028690099716186523,53.0
2025-08-27,FN,6540.0,53.60986328125,False,0.008265018463134766,21.0
2025-08-27,FN,6510.0,23.60986328125,False,0.0036399364471435547,32.0
2025-08-27,FN,6425.0,-61.39013671875,True,0.009464442729949951,14.0
2025-08-27,FN,6525.0,38.60986328125,True,0.00595247745513916,13.0
2025-08-28,FP,6400.0,-106.759765625,True,0.01640751610179436,
2025-08-28,FP,6490.0,-16.759765625,False,0.0025757467969758086,
2025-08-28,FP,6000.0,-506.759765625,True,0.07788204634543228,
2025-08-28,FP,6600.0,93.240234375,True,0.014329749020024485,
2025-08-28,FN,6560.0,53.240234375,False,0.008182287216186523,27.0
2025-08-28,FN,6540.0,33.240234375,False,0.00510859489440918,14.0
2025-08-28,FN,6455.0,-51.759765625,False,0.007954776287078857,25.0
2025-08-28,FN,6575.0,68.240234375,True,0.010487556457519531,17.0
2025-08-29,FP,6465.0,5.02001953125,False,0.0007770952149119825,
2025-08-29,FP,6500.0,40.02001953125,True,0.006195068661551284,
2025-08-29,FP,6470.0,10.02001953125,False,0.001551091421574835,
2025-08-29,FP,6000.0,-459.97998046875,True,0.07120455200472198,
2025-08-29,FP,6480.0,20.02001953125,False,0.003099083834900318,
2025-08-29,FP,6450.0,-9.97998046875,True,0.001544893405076131,
2025-08-29,FP,6460.0,0.02001953125,False,3.0990082493520532e-06,
2025-08-29,FP,6455.0,-4.97998046875,False,0.0007708971984133894,
2025-08-29,FP,6300.0,-159.97998046875,True,0.024764779604958043,
2025-08-29,FN,6375.0,-84.97998046875,True,0.013154864311218262,18.0
2025-08-29,FN,6505.0,45.02001953125,False,0.006969094276428223,41.0
2025-08-29,FN,6540.0,80.02001953125,False,0.01238703727722168,39.0
2025-08-29,FN,6510.0,50.02001953125,False,0.007743120193481445,35.0
2025-08-29,FN,6575.0,115.02001953125,True,0.017804980278015137,23.0
2025-08-29,FN,6350.0,-109.97998046875,True,0.01702481508255005,11.0
2025-08-29,FN,6550.0,90.02001953125,True,0.013935089111328125,15.0
2025-08-29,FN,6425.0,-34.97998046875,True,0.005414903163909912,14.0
2025-08-29,FN,6525.0,65.02001953125,True,0.010065078735351562,25.0
2025-09-02,FP,6405.0,-0.77978515625,False,0.00012173149599314925,
2025-09-02,FP,6410.0,4.22021484375,False,0.0006588136004190837,
2025-09-02,FP,6475.0,69.22021484375,True,0.010805899853777445,
2025-09-02,FP,6415.0,9.22021484375,False,0.0014393586968310945,
2025-09-02,FP,6000.0,-405.77978515625,True,0.06334588430538002,
2025-09-02,FP,6200.0,-205.77978515625,True,0.0321240804488927,
2025-09-02,FN,6375.0,-30.77978515625,True,0.004805028438568115,11.0
2025-09-02,FN,6440.0,34.22021484375,False,0.00534212589263916,31.0
2025-09-02,FN,6505.0,99.22021484375,False,0.01548922061920166,13.0
2025-09-02,FN,6455.0,49.22021484375,False,0.007683753967285156,27.0
2025-09-02,FN,6525.0,119.22021484375,True,0.01861131191253662,32.0
2025-09-02,FN,6430.0,24.22021484375,False,0.003780961036682129,20.0
2025-09-03,FP,6400.0,-35.97998046875,True,0.005590443192480143,
2025-09-03,FP,6435.0,-0.97998046875,False,0.00015226592868899935,
2025-09-03,FP,6440.0,4.02001953125,False,0.0006246165375669577,
2025-09-03,FP,6000.0,-435.97998046875,True,0.06774104049295016,
2025-09-03,FP,6450.0,14.02001953125,True,0.0021783814700786497,
2025-09-03,FP,6430.0,-5.97998046875,False,0.0009291483949448454,
2025-09-03,FN,6505.0,69.02001953125,False,0.010724067687988281,12.0
2025-09-03,FN,6410.0,-25.97998046875,False,0.004036664962768555,11.0
2025-09-03,FN,6415.0,-20.97998046875,False,0.0032597780227661133,21.0
2025-09-03,FN,6550.0,114.02001953125,True,0.017716050148010254,18.0
2025-09-03,FN,6455.0,19.02001953125,False,0.002955317497253418,25.0
2025-09-03,FN,6525.0,89.02001953125,True,0.013831615447998047,28.0
2025-09-04,FP,6400.0,-92.22998046875,True,0.014206209691618343,
2025-09-04,FP,6500.0,7.77001953125,True,0.0011968182819501738,
2025-09-04,FP,6000.0,-492.22998046875,True,0.07581832158589219,
2025-09-04,FP,6480.0,-12.22998046875,False,0.0018837873127635074,
2025-09-04,FP,6485.0,-7.22998046875,False,0.0011136359140850871,
2025-09-04,FP,6490.0,-2.22998046875,False,0.0003434845154066668,
2025-09-04,FP,6495.0,2.77001953125,False,0.0004266668832717535,
2025-09-04,FN,6410.0,-82.22998046875,False,0.012665927410125732,13.0
2025-09-04,FN,6540.0,47.77001953125,False,0.007358074188232422,27.0
2025-09-04,FN,6575.0,82.77001953125,True,0.012749075889587402,18.0
2025-09-04,FN,6550.0,57.77001953125,True,0.008898377418518066,11.0
2025-09-04,FN,6425.0,-67.22998046875,True,0.010355472564697266,16.0
2025-09-04,FN,6555.0,62.77001953125,False,0.009668469429016113,63.0
2025-09-04,FN,6525.0,32.77001953125,True,0.00504755973815918,15.0
2025-09-05,FP,6400.0,-77.64013671875,True,0.011985867550536433,
2025-09-05,FP,6500.0,22.35986328125,True,0.003451853268986449,
2025-09-05,FP,6470.0,-7.64013671875,False,0.0011794629768704379,
2025-09-05,FP,6000.0,-477.64013671875,True,0.07373675082862796,
2025-09-05,FP,6480.0,2.35986328125,False,0.0003643091050817837,
2025-09-05,FP,6485.0,7.35986328125,False,0.0011361951460580055,
2025-09-05,FP,6490.0,12.35986328125,False,0.0019080811870340053,
2025-09-05,FP,6300.0,-177.64013671875,True,0.027423588370059315,
2025-09-05,FN,6505.0,27.35986328125,False,0.0042237043380737305,13.0
2025-09-05,FN,6410.0,-67.64013671875,False,0.010442078113555908,15.0
2025-09-05,FN,6540.0,62.35986328125,False,0.009626984596252441,29.0
2025-09-05,FN,6510.0,32.35986328125,False,0.004995584487915039,23.0
2025-09-05,FN,6575.0,97.35986328125,True,0.015030145645141602,22.0
2025-09-05,FN,6550.0,72.35986328125,True,0.011170744895935059,14.0
2025-09-05,FN,6425.0,-52.64013671875,True,0.008126437664031982,18.0
2025-09-05,FN,6525.0,47.35986328125,True,0.007311224937438965,19.0
2025-09-08,FP,6500.0,7.3798828125,True,0.0011366571090403177,
2025-09-08,FP,6000.0,-492.6201171875,True,0.07587385497627042,
2025-09-08,FP,6480.0,-12.6201171875,False,0.0019437633743719651,
2025-09-08,FP,6485.0,-7.6201171875,False,0.0011736582535188944,
2025-09-08,FP,6490.0,-2.6201171875,False,0.0004035531326658237,
2025-09-08,FP,6495.0,2.3798828125,False,0.000366551988187247,
2025-09-08,FN,6530.0,37.3798828125,False,0.005757331848144531,28.0
2025-09-08,FN,6410.0,-82.6201171875,False,0.012725234031677246,12.0
2025-09-08,FN,6540.0,47.3798828125,False,0.007297515869140625,21.0
2025-09-08,FN,6575.0,82.3798828125,True,0.012688279151916504,20.0
2025-09-08,FN,6425.0,-67.6201171875,True,0.01041489839553833,16.0
2025-09-08,FN,6525.0,32.3798828125,True,0.004987239837646484,15.0
2025-09-09,FP,6400.0,-106.66015625,True,0.01639245844852477,
2025-09-09,FP,6510.0,3.33984375,False,0.0005132961718912199,
2025-09-09,FP,6480.0,-26.66015625,False,0.004097364179131313,
2025-09-09,FP,6000.0,-506.66015625,True,0.07786792979549195,
2025-09-09,FP,6515.0,8.33984375,False,0.0012817395637283457,
2025-09-09,FN,6575.0,68.33984375,True,0.010503053665161133,15.0
2025-09-09,FN,6580.0,73.33984375,False,0.011271476745605469,48.0
2025-09-09,FN,6455.0,-51.66015625,False,0.007939577102661133,27.0
2025-09-09,FN,6425.0,-81.66015625,True,0.0125502347946167,20.0
2025-09-09,FN,6590.0,83.33984375,False,0.012808442115783691,43.0
2025-09-10,FP,6400.0,-126.6298828125,True,0.01940203214923719,
2025-09-10,FP,6530.0,3.3701171875,False,0.0005163640727314789,
2025-09-10,FP,6535.0,8.3701171875,False,0.0012824562351148039,
2025-09-10,FP,6550.0,23.3701171875,True,0.003580732722265001,
2025-09-10,FP,6520.0,-6.6298828125,False,0.0010158202520353932,
2025-09-10,FN,6625.0,98.3701171875,True,0.015072107315063477,33.0
2025-09-10,FN,6575.0,48.3701171875,True,0.00741124153137207,14.0
2025-09-10,FN,6480.0,-46.6298828125,False,0.007144570350646973,13.0
2025-09-10,FN,6455.0,-71.6298828125,False,0.010975003242492676,30.0
2025-09-10,FN,6590.0,63.3701171875,False,0.009709477424621582,34.0
2025-09-11,FP,6400.0,-189.330078125,True,0.028732826536271183,
2025-09-11,FP,6595.0,5.669921875,False,0.0008604701552017424,
2025-09-11,FP,6500.0,-89.330078125,True,0.013556776950900407,
2025-09-11,FP,6450.0,-139.330078125,True,0.021144801743585795,
2025-09-11,FP,6585.0,-4.330078125,False,0.0006571348033352908,
2025-09-11,FN,6625.0,35.669921875,True,0.0054132938385009766,12.0
2025-09-11,FN,6505.0,-84.330078125,False,0.012797951698303223,11.0
2025-09-11,FN,6640.0,50.669921875,False,0.007689714431762695,21.0
2025-09-11,FN,6675.0,85.669921875,True,0.013001322746276855,43.0
2025-09-11,FN,6525.0,-64.330078125,True,0.009762763977050781,14.0
2025-09-12,FP,6595.0,5.22998046875,False,0.0007936514405282313,
2025-09-12,FP,6575.0,-14.77001953125,True,0.002241355842081516,
2025-09-12,FP,6450.0,-139.77001953125,True,0.02121015135839177,
2025-09-12,FP,6580.0,-9.77001953125,False,0.0014826040214290792,
2025-09-12,FP,6550.0,-39.77001953125,True,0.006035114945343589,
2025-09-12,FP,6585.0,-4.77001953125,False,0.0007238522007767534,
2025-09-12,FN,6625.0,35.22998046875,True,0.005346179008483887,12.0
2025-09-12,FN,6630.0,40.22998046875,False,0.006104946136474609,35.0
2025-09-12,FN,6675.0,85.22998046875,True,0.012933731079101562,40.0
2025-09-12,FN,6615.0,25.22998046875,False,0.0038286447525024414,13.0
2025-09-12,FN,6620.0,30.22998046875,False,0.004587411880493164,27.0
2025-09-12,FN,6525.0,-64.77001953125,True,0.00982886552810669,14.0
2025-09-15,FP,6500.0,-112.1298828125,True,0.016958209351568998,
2025-09-15,FP,6605.0,-7.1298828125,False,0.001078303502632827,
2025-09-15,FP,6610.0,-2.1298828125,False,0.00032211750982635845,
2025-09-15,FP,6450.0,-162.1298828125,True,0.024520069279633905,
2025-09-15,FP,6615.0,2.8701171875,False,0.00043406848298022105,
2025-09-15,FN,6540.0,-72.1298828125,False,0.010908722877502441,23.0
2025-09-15,FN,6700.0,87.8701171875,True,0.013289213180541992,12.0
2025-09-15,FN,6640.0,27.8701171875,False,0.0042150020599365234,17.0
2025-09-15,FN,6675.0,62.8701171875,True,0.009508252143859863,28.0
2025-09-15,FN,6525.0,-87.1298828125,True,0.013177275657653809,16.0
2025-09-16,FP,6600.0,-8.47021484375,True,0.0012817209684511388,
2025-09-16,FP,6605.0,-3.47021484375,False,0.0005251162116090002,
2025-09-16,FP,6610.0,1.52978515625,False,0.0002314885452330273,
2025-09-16,FP,6450.0,-158.47021484375,True,0.02397986367371363,
2025-09-16,FP,6615.0,6.52978515625,False,0.0009880933020751659,
2025-09-16,FP,6650.0,41.52978515625,True,0.006284326599969692,
2025-09-16,FP,6590.0,-18.47021484375,False,0.002794930482135305,
2025-09-16,FN,6625.0,16.52978515625,True,0.002501249313354492,12.0
2025-09-16,FN,6630.0,21.52978515625,False,0.0032578706741333008,28.0
2025-09-16,FN,6505.0,-103.47021484375,False,0.01565718650817871,13.0
2025-09-16,FN,6575.0,-33.47021484375,True,0.005064725875854492,11.0
2025-09-16,FN,6640.0,31.52978515625,False,0.004771113395690918,17.0
2025-09-16,FN,6675.0,66.52978515625,True,0.010067343711853027,19.0
2025-09-16,FN,6525.0,-83.47021484375,True,0.012630820274353027,16.0
2025-09-17,FP,6595.0,-1.9501953125,False,0.000295620742124969,
2025-09-17,FP,6500.0,-96.9501953125,True,0.014696214529766882,
2025-09-17,FP,6700.0,103.0498046875,True,0.01562082502316331,
2025-09-17,FP,6610.0,13.0498046875,False,0.00197815722434469,
2025-09-17,FP,6450.0,-146.9501953125,True,0.022275474417999486,
2025-09-17,FP,6590.0,-6.9501953125,False,0.0010535467309482627,
2025-09-17,FN,6625.0,28.0498046875,True,0.004251956939697266,11.0
2025-09-17,FN,6660.0,63.0498046875,False,0.009557366371154785,42.0
2025-09-17,FN,6540.0,-56.9501953125,False,0.008632779121398926,23.0
2025-09-17,FN,6640.0,43.0498046875,False,0.006525754928588867,19.0
2025-09-17,FN,6675.0,78.0498046875,True,0.011831164360046387,26.0
2025-09-17,FN,6525.0,-71.9501953125,True,0.010906577110290527,17.0
2025-09-18,FP,6620.0,-12.18994140625,False,0.0018379964256067804,
2025-09-18,FP,6590.0,-42.18994140625,False,0.006361389191049671,
2025-09-18,FN,6540.0,-92.18994140625,False,0.013900399208068848,38.0
2025-09-18,FN,6725.0,92.81005859375,True,0.01399385929107666,28.0
2025-09-19,FP,6660.0,14.72021484375,False,0.002215138462135391,
2025-09-19,FP,6665.0,19.72021484375,False,0.002967552229749648,
2025-09-19,FP,6675.0,29.72021484375,True,0.004472379764977941,
2025-09-19,FP,6550.0,-95.27978515625,True,0.01433796442537738,
2025-09-19,FP,6655.0,9.72021484375,False,0.0014627246945211336,
2025-09-19,FN,6720.0,74.72021484375,False,0.011244058609008789,47.0
2025-09-19,FN,6725.0,79.72021484375,True,0.01199650764465332,17.0
2025-09-19,FN,6630.0,-15.27978515625,False,0.002299368381500244,18.0
2025-09-19,FN,6730.0,84.72021484375,False,0.012748956680297852,39.0
2025-09-19,FN,6640.0,-5.27978515625,False,0.000794529914855957,13.0
2025-09-22,FP,6625.0,-72.18994140625,True,0.01077913901768357,
2025-09-22,FP,6690.0,-7.18994140625,False,0.0010735758533287898,
2025-09-22,FP,6500.0,-197.18994140625,True,0.029443683564519763,
2025-09-22,FP,6695.0,-2.18994140625,False,0.000326994071455311,
2025-09-22,FP,6600.0,-97.18994140625,True,0.014512047927050742,
2025-09-22,FP,6550.0,-147.18994140625,True,0.021977865745785308,
2025-09-22,FN,6630.0,-67.18994140625,False,0.0100325345993042,31.0
2025-09-22,FN,6675.0,-22.18994140625,True,0.003313302993774414,11.0
2025-09-22,FN,6740.0,42.81005859375,False,0.006392240524291992,20.0
2025-09-22,FN,6710.0,12.81005859375,False,0.0019127130508422852,13.0
2025-09-22,FN,6775.0,77.81005859375,True,0.011618256568908691,26.0
2025-09-22,FN,6780.0,82.81005859375,False,0.012364864349365234,18.0
2025-09-23,FP,6660.0,3.68994140625,False,0.0005543523925071181,
2025-09-23,FP,6665.0,8.68994140625,False,0.0013055193237325735,
2025-09-23,FP,6505.0,-151.31005859375,False,0.022731822475486774,
2025-09-23,FP,6650.0,-6.31005859375,True,0.0009479814699442368,
2025-09-23,FP,6655.0,-1.31005859375,False,0.00019681453871855936,
2025-09-23,FN,6725.0,68.68994140625,True,0.01031947135925293,18.0
2025-09-23,FN,6575.0,-81.31005859375,True,0.012215495109558105,22.0
2025-09-23,FN,6740.0,83.68994140625,False,0.012573003768920898,26.0
2025-09-23,FN,6710.0,53.68994140625,False,0.008066058158874512,23.0
2025-09-23,FN,6750.0,93.68994140625,True,0.014075398445129395,11.0
2025-09-24,FP,6630.0,-0.419921875,False,6.333262145508112e-05,
2025-09-24,FP,6505.0,-125.419921875,False,0.018915833891789635,
2025-09-24,FP,6635.0,4.580078125,False,0.0006907674293583632,
2025-09-24,FP,6640.0,9.580078125,False,0.0014448674801716965,
2025-09-24,FP,6620.0,-10.419921875,False,0.0015715327230817477,
2025-09-24,FN,6725.0,94.580078125,True,0.014264583587646484,24.0
2025-09-24,FN,6670.0,39.580078125,False,0.005969524383544922,21.0
2025-09-24,FN,6575.0,-55.419921875,True,0.008358418941497803,14.0
2025-09-24,FN,6525.0,-105.419921875,True,0.0158994197845459,16.0
2025-09-24,FN,6750.0,119.580078125,True,0.018035054206848145,11.0
2025-09-25,FP,6625.0,25.18994140625,True,0.003816767631585005,
2025-09-25,FP,6595.0,-4.81005859375,False,0.0007288177312749777,
2025-09-25,FP,6600.0,0.18994140625,True,2.8779829201797114e-05,
2025-09-25,FP,6605.0,5.18994140625,False,0.0007863773896783499,
2025-09-25,FP,6590.0,-9.81005859375,False,0.0014864152917516416,
2025-09-25,FN,6540.0,-59.81005859375,False,0.009062409400939941,36.0
2025-09-25,FN,6510.0,-89.81005859375,False,0.013607978820800781,32.0
2025-09-25,FN,6675.0,75.18994140625,True,0.011392712593078613,16.0
2025-09-25,FN,6615.0,15.18994140625,False,0.0023015737533569336,20.0
2025-09-25,FN,6525.0,-74.81005859375,True,0.011335194110870361,13.0
2025-09-26,FP,6625.0,-13.9501953125,True,0.0021012652455729697,
2025-09-26,FP,6630.0,-8.9501953125,False,0.0013481341250035639,
2025-09-26,FP,6505.0,-133.9501953125,False,0.020176412139238042,
2025-09-26,FP,6635.0,-3.9501953125,False,0.0005950030044341581,
2025-09-26,FP,6640.0,1.0498046875,False,0.00015812811613513666,
2025-09-26,FP,6550.0,-88.9501953125,True,0.013398232054113612,
2025-09-26,FN,6725.0,86.0498046875,True,0.012961387634277344,22.0
2025-09-26,FN,6670.0,31.0498046875,False,0.004676938056945801,23.0
2025-09-26,FN,6575.0,-63.9501953125,True,0.009632587432861328,13.0
2025-09-26,FN,6580.0,-58.9501953125,False,0.008879423141479492,18.0
2025-09-26,FN,6740.0,101.0498046875,False,0.0152207612991333,29.0
2025-09-26,FN,6750.0,111.0498046875,True,0.016726970672607422,11.0
2025-09-29,FP,6500.0,-159.35986328125,True,0.023930207490353128,
2025-09-29,FP,6660.0,0.64013671875,False,9.612586373042298e-05,
2025-09-29,FP,6600.0,-59.35986328125,True,0.008913749144050853,
2025-09-29,FP,6665.0,5.64013671875,False,0.0008469487810456311,
2025-09-29,FP,6550.0,-109.35986328125,True,0.016421978317202046,
2025-09-29,FP,6655.0,-4.35986328125,False,0.0006546970535846741,
2025-09-29,FN,6725.0,65.64013671875,True,0.009856820106506348,16.0
2025-09-29,FN,6730.0,70.64013671875,False,0.010607600212097168,36.0
2025-09-29,FN,6575.0,-84.35986328125,True,0.012667834758758545,17.0
2025-09-29,FN,6740.0,80.64013671875,False,0.01210927963256836,30.0
2025-09-29,FN,6680.0,20.64013671875,False,0.0030994415283203125,18.0
2025-09-29,FN,6750.0,90.64013671875,True,0.01361095905303955,11.0
2025-09-30,FP,6690.0,13.02978515625,False,0.0019514517418819377,
2025-09-30,FP,6660.0,-16.97021484375,False,0.002541604095525729,
2025-09-30,FP,6665.0,-11.97021484375,False,0.0017927614559577476,
2025-09-30,FP,6670.0,-6.97021484375,False,0.0010439188163898772,
2025-09-30,FP,6680.0,3.02978515625,False,0.00045376646274597476,
2025-09-30,FP,6650.0,-26.97021484375,True,0.004039289374661581,
2025-09-30,FP,6685.0,8.02978515625,False,0.0012026091023138452,
2025-09-30,FN,6720.0,43.02978515625,False,0.006444454193115234,18.0
2025-09-30,FN,6725.0,48.02978515625,True,0.007193326950073242,15.0
2025-09-30,FN,6790.0,113.02978515625,False,0.01692831516265869,42.0
2025-09-30,FN,6730.0,53.02978515625,False,0.00794219970703125,30.0
2025-09-30,FN,6705.0,28.02978515625,False,0.004197955131530762,17.0
2025-09-30,FN,6740.0,63.02978515625,False,0.009439826011657715,28.0
2025-09-30,FN,6775.0,98.02978515625,True,0.014681816101074219,31.0
2025-10-01,FP,6600.0,-113.9599609375,True,0.016973583637753364,
2025-10-01,FP,6700.0,-13.9599609375,True,0.002079243995901092,
2025-10-01,FP,6705.0,-8.9599609375,False,0.0013345270138085397,
2025-10-01,FP,6675.0,-38.9599609375,True,0.005802828906364188,
2025-10-01,FP,6710.0,-3.9599609375,False,0.0005898100317158761,
2025-10-01,FP,6650.0,-63.9599609375,True,0.009526413816827284,
2025-10-01,FP,6715.0,1.0400390625,False,0.00015490695037678748,
2025-10-01,FN,6790.0,76.0400390625,False,0.011325716972351074,29.0
2025-10-01,FN,6730.0,16.0400390625,False,0.002389073371887207,12.0
2025-10-01,FN,6770.0,56.0400390625,False,0.008346796035766602,27.0
2025-10-01,FN,6740.0,26.0400390625,False,0.003878474235534668,16.0
2025-10-01,FN,6645.0,-68.9599609375,False,0.010271131992340088,31.0
2025-10-01,FN,6775.0,61.0400390625,True,0.009091496467590332,19.0
2025-10-01,FN,6780.0,66.0400390625,False,0.009836196899414062,30.0
2025-10-02,FP,6725.0,6.27001953125,True,0.0009332149899574649,
2025-10-02,FP,6600.0,-118.72998046875,True,0.017671491608368894,
2025-10-02,FP,6675.0,-43.72998046875,True,0.006508667649373079,
2025-10-02,FP,6710.0,-8.72998046875,False,0.0012993498018416538,
2025-10-02,FP,6650.0,-68.72998046875,True,0.01022960896903835,
2025-10-02,FP,6715.0,-3.72998046875,False,0.0005551615379086883,
2025-10-02,FN,6625.0,-93.72998046875,True,0.013950526714324951,15.0
2025-10-02,FN,6790.0,71.27001953125,False,0.010607719421386719,30.0
2025-10-02,FN,6825.0,106.27001953125,True,0.015816926956176758,25.0
2025-10-02,FN,6740.0,21.27001953125,False,0.003165721893310547,13.0
2025-10-02,FN,6775.0,56.27001953125,True,0.008375048637390137,17.0
2025-10-02,FN,6780.0,61.27001953125,False,0.009119272232055664,31.0
2025-10-03,FP,6720.0,-3.18017578125,False,0.000473016593056097,
2025-10-03,FP,6600.0,-123.18017578125,True,0.018321712725322903,
2025-10-03,FP,6675.0,-48.18017578125,True,0.007166277642656094,
2025-10-03,FP,6710.0,-13.18017578125,False,0.00196040793741159,
2025-10-03,FP,6715.0,-8.18017578125,False,0.001216712265233788,
2025-10-03,FN,6790.0,66.81982421875,False,0.009938716888427734,27.0
2025-10-03,FN,6760.0,36.81982421875,False,0.005476593971252441,14.0
2025-10-03,FN,6825.0,101.81982421875,True,0.015144586563110352,20.0
2025-10-03,FN,6775.0,51.81982421875,True,0.0077075958251953125,16.0
2025-10-03,FN,6780.0,56.81982421875,False,0.008451342582702637,29.0
2025-10-06,FP,6725.0,-17.47998046875,True,0.0025925149973577977,
2025-10-06,FP,6600.0,-142.47998046875,True,0.021131687581049996,
2025-10-06,FP,6730.0,-12.47998046875,False,0.0018509480940100964,
2025-10-06,FP,6735.0,-7.47998046875,False,0.0011093811906623952,
2025-10-06,FP,6740.0,-2.47998046875,False,0.0003678142873146939,
2025-10-06,FP,6745.0,2.52001953125,False,0.00037375261603300736,
2025-10-06,FN,6850.0,107.52001953125,True,0.015946626663208008,13.0
2025-10-06,FN,6790.0,47.52001953125,False,0.007047891616821289,14.0
2025-10-06,FN,6825.0,82.52001953125,True,0.012238860130310059,16.0
2025-10-06,FN,6645.0,-97.47998046875,False,0.0144575834274292,35.0
2025-10-06,FN,6775.0,32.52001953125,True,0.004823207855224609,11.0
2025-10-06,FN,6810.0,67.52001953125,False,0.010014176368713379,36.0
2025-10-07,FP,6720.0,3.2998046875,False,0.0004912836052743952,
2025-10-07,FP,6725.0,8.2998046875,True,0.0012356967627187299,
2025-10-07,FP,6700.0,-16.7001953125,True,0.0024863690245032766,
2025-10-07,FP,6705.0,-11.7001953125,False,0.0017419558670588309,
2025-10-07,FP,6710.0,-6.7001953125,False,0.0009975427096144962,
2025-10-07,FP,6715.0,-1.7001953125,False,0.0002531295521700505,
2025-10-07,FP,6750.0,33.2998046875,True,0.004957762549940847,
2025-10-07,FN,6755.0,38.2998046875,False,0.0057021379470825195,45.0
2025-10-07,FN,6790.0,73.2998046875,False,0.01091301441192627,19.0
2025-10-07,FN,6760.0,43.2998046875,False,0.0064465999603271484,12.0
2025-10-07,FN,6825.0,108.2998046875,True,0.01612401008605957,22.0
2025-10-07,FN,6770.0,53.2998046875,False,0.007935404777526855,28.0
2025-10-07,FN,6740.0,23.2998046875,False,0.0034689903259277344,15.0
2025-10-07,FN,6775.0,58.2998046875,True,0.008679866790771484,13.0
2025-10-08,FP,6755.0,3.97998046875,False,0.0005895376487161652,
2025-10-08,FP,6725.0,-26.02001953125,True,0.003854235279405427,
2025-10-08,FP,6600.0,-151.02001953125,True,0.022369955813245523,
2025-10-08,FP,6740.0,-11.02001953125,False,0.0016323488153446863,
2025-10-08,FP,6745.0,-6.02001953125,False,0.0008917199939910692,
2025-10-08,FN,6850.0,98.97998046875,True,0.014661431312561035,13.0
2025-10-08,FN,6825.0,73.97998046875,True,0.010958313941955566,15.0
2025-10-08,FN,6645.0,-106.02001953125,False,0.01570427417755127,40.0
2025-10-08,FN,6775.0,23.97998046875,True,0.003552079200744629,12.0
2025-10-08,FN,6810.0,58.97998046875,False,0.008736491203308105,37.0
2025-10-09,FP,6720.0,-11.75,False,0.001745459947264827,
2025-10-09,FP,6725.0,-6.75,True,0.0010027110335351086,
2025-10-09,FP,6600.0,-131.75,True,0.019571433876777955,
2025-10-09,FP,6730.0,-1.75,False,0.0002599621198053903,
2025-10-09,FP,6700.0,-31.75,True,0.0047164556021837,
2025-10-09,FP,6735.0,3.25,False,0.000482786793924328,
2025-10-09,FP,6740.0,8.25,False,0.0012255357076540463,
2025-10-09,FN,6785.0,53.25,False,0.00791025161743164,26.0
2025-10-09,FN,6790.0,58.25,False,0.008653044700622559,13.0
2025-10-09,FN,6825.0,93.25,True,0.013852238655090332,21.0
2025-10-09,FN,6770.0,38.25,False,0.0056819915771484375,19.0
2025-10-09,FN,6645.0,-86.75,False,0.01288670301437378,35.0
2025-10-09,FN,6775.0,43.25,True,0.0064247846603393555,15.0
2025-10-09,FN,6780.0,48.25,False,0.0071675777435302734,22.0
2025-10-10,FP,6750.0,167.02001953125,True,0.025371491334743146,
2025-10-10,FP,6570.0,-12.97998046875,False,0.0019717484341834624,
2025-10-10,FP,6700.0,117.02001953125,True,0.017776146954485705,
2025-10-10,FP,6575.0,-7.97998046875,True,0.0012122139961576739,
2025-10-10,FP,6550.0,-32.97998046875,True,0.005009886186286394,
2025-10-10,FP,6590.0,7.02001953125,False,0.0010663893179194694,
2025-10-10,FN,6625.0,42.02001953125,True,0.006383180618286133,12.0
2025-10-10,FN,6540.0,-42.97998046875,False,0.006528973579406738,33.0
2025-10-10,FN,6640.0,57.02001953125,False,0.008661746978759766,34.0
2025-10-10,FN,6450.0,-132.97998046875,True,0.02020055055618286,11.0
2025-10-10,FN,6680.0,97.02001953125,False,0.014737963676452637,28.0
2025-10-10,FN,6490.0,-92.97998046875,False,0.014124274253845215,40.0
2025-10-13,FP,6600.0,-54.259765625,True,0.008154139984930975,
2025-10-13,FP,6675.0,20.740234375,True,0.003116835697058562,
2025-10-13,FP,6660.0,5.740234375,False,0.0008626405606606546,
2025-10-13,FP,6655.0,0.740234375,False,0.00011124218186120416,
2025-10-13,FN,6680.0,25.740234375,False,0.0038682222366333008,16.0
2025-10-13,FN,6625.0,-29.259765625,True,0.004397153854370117,12.0
2025-10-13,FN,6580.0,-74.259765625,False,0.011159718036651611,18.0
2025-10-13,FN,6575.0,-79.259765625,True,0.011911153793334961,22.0
2025-10-14,FP,6600.0,-30.330078125,True,0.004574444675848888,
2025-10-14,FP,6625.0,-5.330078125,True,0.0008038933299241435,
2025-10-14,FP,6675.0,44.669921875,True,0.006737209361925567,
2025-10-14,FP,6800.0,169.669921875,True,0.02558996609154951,
2025-10-14,FN,6730.0,99.669921875,False,0.015032410621643066,13.0
2025-10-14,FN,6580.0,-50.330078125,False,0.007590889930725098,19.0
2025-10-14,FN,6645.0,14.669921875,False,0.0022125244140625,12.0
2025-10-14,FN,6575.0,-55.330078125,True,0.00834500789642334,22.0
2025-10-15,FP,6650.0,-19.39013671875,True,0.0029073328027395817,
2025-10-15,FP,6660.0,-9.39013671875,False,0.0014079453332699332,
2025-10-15,FP,6725.0,55.60986328125,True,0.008338073218282283,
2025-10-15,FP,6670.0,0.60986328125,False,9.144213619949326e-05,
2025-10-15,FN,6705.0,35.60986328125,False,0.005339264869689941,21.0
2025-10-15,FN,6645.0,-24.39013671875,False,0.003657042980194092,14.0
2025-10-15,FN,6550.0,-119.39013671875,True,0.017901182174682617,11.0
2025-10-15,FN,6775.0,105.60986328125,True,0.015835046768188477,28.0
2025-10-16,FP,6625.0,8.60009765625,True,0.0012998152746486191,
2025-10-16,FP,6630.0,13.60009765625,False,0.0020555132484407768,
2025-10-16,FP,6610.0,-6.39990234375,False,0.0009672786467279648,
2025-10-16,FP,6675.0,58.60009765625,True,0.008856795012570418,
2025-10-16,FP,6620.0,3.60009765625,False,0.0005441173008564615,
2025-10-16,FN,6660.0,43.60009765625,False,0.006589651107788086,22.0
2025-10-16,FN,6725.0,108.60009765625,True,0.01641380786895752,15.0
2025-10-16,FN,6730.0,113.60009765625,False,0.017169475555419922,17.0
2025-10-16,FN,6575.0,-41.39990234375,True,0.006257176399230957,13.0
2025-10-16,FN,6525.0,-91.39990234375,True,0.013814151287078857,26.0
2025-10-17,FP,6660.0,-7.7998046875,False,0.0011697718761767284,
2025-10-17,FP,6600.0,-67.7998046875,True,0.010168242399814731,
2025-10-17,FP,6665.0,-2.7998046875,False,0.00041989933254016343,
2025-10-17,FP,6800.0,132.2001953125,True,0.019826659345645314,
2025-10-17,FP,6750.0,82.2001953125,True,0.01232793390928033,
2025-10-17,FP,6655.0,-12.7998046875,False,0.0019196444198131823,
2025-10-17,FN,6625.0,-42.7998046875,True,0.006418883800506592,20.0
2025-10-17,FN,6755.0,87.2001953125,False,0.013077855110168457,62.0
2025-10-17,FN,6790.0,122.2001953125,False,0.018326878547668457,42.0
2025-10-17,FN,6575.0,-92.7998046875,True,0.013917624950408936,39.0
2025-10-17,FN,6550.0,-117.7998046875,True,0.017666995525360107,19.0
2025-10-17,FN,6775.0,107.2001953125,True,0.016077280044555664,16.0
2025-10-20,FP,6730.0,-7.72998046875,False,0.0011472677728489034,
2025-10-20,FP,6700.0,-37.72998046875,True,0.005599805955139425,
2025-10-20,FP,6735.0,-2.72998046875,False,0.00040517807580053855,
2025-10-20,FP,6740.0,2.27001953125,False,0.0003369116212479373,
2025-10-20,FP,6745.0,7.27001953125,False,0.001079001318296191,
2025-10-20,FP,6750.0,12.27001953125,True,0.0018210910153446669,
2025-10-20,FN,6850.0,112.27001953125,True,0.0166628360748291,13.0
2025-10-20,FN,6755.0,17.27001953125,False,0.0025632381439208984,23.0
2025-10-20,FN,6820.0,82.27001953125,False,0.012210369110107422,29.0
2025-10-20,FN,6790.0,52.27001953125,False,0.007757782936096191,21.0
2025-10-20,FN,6825.0,87.27001953125,True,0.012952446937561035,16.0
2025-10-20,FN,6675.0,-62.72998046875,True,0.009310245513916016,11.0
2025-10-21,FP,6730.0,-12.35009765625,False,0.0018317200200776984,
2025-10-21,FP,6700.0,-42.35009765625,True,0.006281207152231905,
2025-10-21,FP,6735.0,-7.35009765625,False,0.0010901388313853122,
2025-10-21,FP,6740.0,-2.35009765625,False,0.000348557642693037,
2025-10-21,FP,6745.0,2.64990234375,False,0.0003930235459994602,
2025-10-21,FP,6750.0,7.64990234375,True,0.0011346047346916244,
2025-10-21,FN,6755.0,12.64990234375,False,0.001876235008239746,22.0
2025-10-21,FN,6790.0,47.64990234375,False,0.007067203521728516,21.0
2025-10-21,FN,6760.0,17.64990234375,False,0.0026177167892456055,14.0
2025-10-21,FN,6825.0,82.64990234375,True,0.012258291244506836,16.0
2025-10-21,FN,6675.0,-67.35009765625,True,0.009989142417907715,11.0
2025-10-21,FN,6840.0,97.64990234375,False,0.014483094215393066,33.0
2025-10-22,FP,6680.0,-18.43017578125,False,0.0027514171675455668,
2025-10-22,FP,6690.0,-8.43017578125,False,0.001258530067496988,
2025-10-22,FP,6675.0,-23.43017578125,True,0.003497860717569856,
2025-10-22,FP,6695.0,-3.43017578125,False,0.0005120865174726985,
2025-10-22,FN,6625.0,-73.43017578125,True,0.010962307453155518,26.0
2025-10-22,FN,6810.0,111.56982421875,False,0.016656160354614258,42.0
2025-10-22,FN,6755.0,56.56982421875,False,0.008445262908935547,38.0
2025-10-22,FN,6790.0,91.56982421875,False,0.01367032527923584,36.0
2025-10-23,FP,6600.0,-143.240234375,True,0.02124204824333631,
2025-10-23,FP,6730.0,-13.240234375,False,0.0019634825269171374,
2025-10-23,FP,6735.0,-8.240234375,False,0.0012219992301317761,
2025-10-23,FP,6740.0,-3.240234375,False,0.00048051593334641485,
2025-10-23,FP,6745.0,1.759765625,False,0.0002609673634388354,
2025-10-23,FP,6650.0,-93.240234375,True,0.013827215275482807,
2025-10-23,FP,6750.0,6.759765625,True,0.0010024506602241967,
2025-10-23,FN,6850.0,106.759765625,True,0.015832066535949707,11.0
2025-10-23,FN,6755.0,11.759765625,False,0.001743912696838379,18.0
2025-10-23,FN,6790.0,46.759765625,False,0.0069342851638793945,20.0
2025-10-23,FN,6825.0,81.759765625,True,0.01212465763092041,19.0
2025-10-23,FN,6675.0,-68.240234375,True,0.010119795799255371,14.0
2025-10-23,FN,6775.0,31.759765625,True,0.004709839820861816,13.0
2025-10-23,FN,6840.0,96.759765625,False,0.014349102973937988,40.0
2025-10-24,FP,6795.0,-5.52978515625,False,0.000813140348024044,
2025-10-24,FP,6700.0,-100.52978515625,True,0.014782640225424748,
2025-10-24,FP,6800.0,-0.52978515625,True,7.790351237135784e-05,
2025-10-24,FP,6900.0,99.47021484375,True,0.014626833200682032,
2025-10-24,FP,6805.0,4.47021484375,False,0.0006573333232813283,
2025-10-24,FP,6810.0,9.47021484375,False,0.0013925701589339035,
2025-10-24,FP,6650.0,-150.52978515625,True,0.0221350085819515,
2025-10-24,FN,6825.0,24.47021484375,True,0.003598332405090332,13.0
2025-10-24,FN,6860.0,59.47021484375,False,0.008744955062866211,23.0
2025-10-24,FN,6735.0,-65.52978515625,False,0.009635984897613525,27.0
2025-10-24,FN,6870.0,69.47021484375,False,0.010215401649475098,32.0
2025-10-24,FN,6775.0,-25.52978515625,True,0.0037540793418884277,11.0
2025-10-24,FN,6840.0,39.47021484375,False,0.005803942680358887,19.0
2025-10-24,FN,6875.0,74.47021484375,True,0.010950684547424316,17.0
2025-10-27,FP,6880.0,14.2998046875,False,0.0020827889771917185,
2025-10-27,FP,6860.0,-5.7001953125,False,0.0008302423861140662,
2025-10-27,FP,6700.0,-165.7001953125,True,0.024134493292560344,
2025-10-27,FP,6865.0,-0.7001953125,False,0.00010198454528764778,
2025-10-27,FP,6870.0,4.2998046875,False,0.0006262732955388817,
2025-10-27,FP,6750.0,-115.7001953125,True,0.016851914884295938,
2025-10-27,FN,6790.0,-75.7001953125,False,0.011025846004486084,28.0
2025-10-27,FN,6950.0,84.2998046875,True,0.012278437614440918,11.0
2025-10-27,FN,6825.0,-40.7001953125,True,0.00592803955078125,15.0
2025-10-27,FN,6925.0,59.2998046875,True,0.008637070655822754,12.0
2025-10-27,FN,6775.0,-90.7001953125,True,0.013210654258728027,19.0
2025-10-27,FN,6975.0,109.2998046875,True,0.01591968536376953,26.0
2025-10-28,FP,6750.0,-149.64013671875,True,0.021688107459748474,
2025-10-28,FP,6890.0,-9.64013671875,False,0.001397194132987667,
2025-10-28,FP,6895.0,-4.64013671875,False,0.0006725186570319952,
2025-10-28,FP,6905.0,5.35986328125,False,0.0007768322948795703,
2025-10-28,FP,6910.0,10.35986328125,False,0.001501507770835353,
2025-10-28,FN,6825.0,-74.64013671875,True,0.010818004608154297,18.0
2025-10-28,FN,6925.0,25.35986328125,True,0.0036755800247192383,11.0
2025-10-28,FN,6830.0,-69.64013671875,False,0.010093271732330322,28.0
2025-10-28,FN,6775.0,-124.64013671875,True,0.01806473731994629,24.0
2025-10-28,FN,6975.0,75.35986328125,True,0.01092231273651123,21.0
2025-10-29,FP,6880.0,-1.759765625,False,0.00025571448073358205,
2025-10-29,FP,6885.0,3.240234375,False,0.00047084386630080743,
2025-10-29,FP,6890.0,8.240234375,False,0.001197402213335197,
2025-10-29,FP,6860.0,-21.759765625,False,0.003161947868871029,
2025-10-29,FP,6895.0,13.240234375,False,0.0019239605603695864,
2025-10-29,FP,6750.0,-131.759765625,True,0.01914623150362671,
2025-10-29,FN,6790.0,-91.759765625,False,0.013333737850189209,35.0
2025-10-29,FN,6950.0,68.240234375,True,0.009916067123413086,11.0
2025-10-29,FN,6960.0,78.240234375,False,0.01136922836303711,39.0
2025-10-29,FN,6775.0,-106.759765625,True,0.015513420104980469,30.0
2025-10-29,FN,6940.0,58.240234375,False,0.008463025093078613,23.0
2025-10-29,FN,6975.0,93.240234375,True,0.013548851013183594,25.0
2025-10-30,FP,6840.0,16.27001953125,False,0.0023843293298266843,
2025-10-30,FP,6900.0,76.27001953125,True,0.011177174323948158,
2025-10-30,FP,6860.0,36.27001953125,False,0.005315277661200657,
2025-10-30,FP,6830.0,6.27001953125,False,0.0009188551641399201,
2025-10-30,FN,6760.0,-63.72998046875,False,0.009339451789855957,22.0
2025-10-30,FN,6925.0,101.27001953125,True,0.014840841293334961,13.0
2025-10-30,FN,6725.0,-98.72998046875,True,0.014468610286712646,20.0
2025-10-30,FN,6775.0,-48.72998046875,True,0.007141232490539551,15.0
2025-10-31,FP,6855.0,-10.08984375,False,0.001469732221958564,
2025-10-31,FP,6860.0,-5.08984375,False,0.0007414096342284182,
2025-10-31,FP,6700.0,-165.08984375,True,0.024047732441593417,
2025-10-31,FP,6865.0,-0.08984375,False,1.3087046498272414e-05,
2025-10-31,FP,6900.0,34.91015625,True,0.005085171067612748,
2025-10-31,FP,6870.0,4.91015625,False,0.0007152355412318734,
2025-10-31,FN,6725.0,-140.08984375,True,0.020406126976013184,30.0
2025-10-31,FN,6950.0,84.91015625,True,0.012368440628051758,12.0
2025-10-31,FN,6925.0,59.91015625,True,0.008726835250854492,18.0
2025-10-31,FN,6830.0,-35.08984375,False,0.005111336708068848,17.0
2025-10-31,FN,6775.0,-90.08984375,True,0.013122916221618652,21.0
2025-10-31,FN,6840.0,-25.08984375,False,0.0036547183990478516,14.0
2025-11-03,FP,6860.0,9.169921875,False,0.0013385125262819209,
2025-11-03,FP,6845.0,-5.830078125,False,0.0008510031716617572,
2025-11-03,FP,6700.0,-150.830078125,True,0.022016321585118126,
2025-11-03,FP,6855.0,4.169921875,False,0.0006086739603008429,
2025-11-03,FN,6970.0,119.169921875,False,0.01739501953125,48.0
2025-11-03,FN,6875.0,24.169921875,True,0.003527998924255371,11.0
2025-11-03,FN,6925.0,74.169921875,True,0.010826468467712402,18.0
2025-11-03,FN,6975.0,124.169921875,True,0.018124818801879883,29.0
2025-11-04,FP,6800.0,16.6201171875,True,0.0024501233123639388,
2025-11-04,FP,6785.0,1.6201171875,False,0.00023883627564558196,
2025-11-04,FP,6780.0,-3.3798828125,False,0.000498259403260537,
2025-11-04,FP,6790.0,6.6201171875,False,0.0009759319545517009,
2025-11-04,FN,6675.0,-108.3798828125,True,0.01597726345062256,26.0
2025-11-04,FN,6825.0,41.6201171875,True,0.00613558292388916,13.0
2025-11-04,FN,6835.0,51.6201171875,False,0.007609844207763672,57.0
2025-11-04,FN,6725.0,-58.3798828125,True,0.008606314659118652,18.0
2025-11-05,FP,6850.0,36.1298828125,True,0.005302402627453295,
2025-11-05,FP,6820.0,6.1298828125,False,0.0008996183823695159,
2025-11-05,FP,6950.0,136.1298828125,True,0.019978350111065746,
2025-11-05,FP,6810.0,-3.8701171875,False,0.000567976365991707,
2025-11-05,FP,6815.0,1.1298828125,False,0.00016582100818895995,
2025-11-05,FN,6755.0,-58.8701171875,False,0.008639752864837646,33.0
2025-11-05,FN,6725.0,-88.8701171875,True,0.01304250955581665,24.0
2025-11-05,FN,6760.0,-53.8701171875,False,0.007905960083007812,19.0
2025-11-05,FN,6670.0,-143.8701171875,False,0.0211142897605896,47.0
2025-11-05,FN,6675.0,-138.8701171875,True,0.020380496978759766,31.0
2025-11-06,FP,6720.0,-11.7998046875,False,0.0017528454543884742,
2025-11-06,FP,6900.0,168.2001953125,True,0.024985917613797426,
2025-11-06,FP,6740.0,8.2001953125,False,0.001218128219854453,
2025-11-06,FP,6725.0,-6.7998046875,True,0.0010101020358277424,
2025-11-06,FN,6625.0,-106.7998046875,True,0.015864968299865723,34.0
2025-11-06,FN,6770.0,38.2001953125,False,0.005674600601196289,29.0
2025-11-06,FN,6675.0,-56.7998046875,True,0.008437514305114746,20.0
2025-11-06,FN,6670.0,-61.7998046875,False,0.009180307388305664,26.0
2025-11-07,FP,6720.0,4.490234375,False,0.000668636415061874,
2025-11-07,FP,6725.0,9.490234375,True,0.001413181531441987,
2025-11-07,FP,6900.0,184.490234375,True,0.027472260604751053,
2025-11-07,FP,6710.0,-5.509765625,False,0.0008204538176986853,
2025-11-07,FP,6650.0,-65.509765625,True,0.009754995214261708,
2025-11-07,FN,6625.0,-90.509765625,True,0.013477742671966553,35.0
2025-11-07,FN,6825.0,109.490234375,True,0.0163041353225708,18.0
2025-11-07,FN,6670.0,-45.509765625,False,0.0067768096923828125,29.0
2025-11-07,FN,6675.0,-40.509765625,True,0.006032288074493408,19.0
2025-11-07,FN,6620.0,-95.509765625,False,0.014222264289855957,25.0
2025-11-10,FP,6820.0,-15.60009765625,False,0.002282184070656612,
2025-11-10,FP,6700.0,-135.60009765625,True,0.019837336257096716,
2025-11-10,FP,6830.0,-5.60009765625,False,0.0008192547217866775,
2025-11-10,FP,6835.0,-0.60009765625,False,8.779004735159912e-05,
2025-11-10,FP,6840.0,4.39990234375,False,0.0006436746270834792,
2025-11-10,FN,6880.0,44.39990234375,False,0.006495356559753418,12.0
2025-11-10,FN,6755.0,-80.60009765625,False,0.011791229248046875,34.0
2025-11-10,FN,6725.0,-110.60009765625,True,0.016180038452148438,23.0
2025-11-10,FN,6925.0,89.39990234375,True,0.013078570365905762,18.0
2025-11-10,FN,6875.0,39.39990234375,True,0.005763888359069824,11.0
2025-11-11,FP,6855.0,6.1298828125,False,0.0008950210337785869,
2025-11-11,FP,6860.0,11.1298828125,False,0.0016250684597696186,
2025-11-11,FP,6700.0,-148.8701171875,True,0.02173644917194517,
2025-11-11,FP,6900.0,51.1298828125,True,0.007465447867698316,
2025-11-11,FP,6840.0,-8.8701171875,False,0.0012951212441947302,
2025-11-11,FN,6880.0,31.1298828125,False,0.0045452117919921875,11.0
2025-11-11,FN,6725.0,-123.8701171875,True,0.01808619499206543,32.0
2025-11-11,FN,6825.0,-23.8701171875,True,0.003485262393951416,13.0
2025-11-11,FN,6925.0,76.1298828125,True,0.011115670204162598,18.0
2025-11-11,FN,6910.0,61.1298828125,False,0.008925557136535645,25.0
2025-11-12,FP,6855.0,2.68017578125,False,0.00039113407575896986,
2025-11-12,FP,6860.0,7.68017578125,False,0.0011208139693226205,
2025-11-12,FP,6700.0,-152.31982421875,True,0.0222289426247142,
2025-11-12,FP,6875.0,22.68017578125,True,0.00330985365001335,
2025-11-12,FP,6845.0,-7.31982421875,False,0.0010682257113684424,
2025-11-12,FN,6880.0,27.68017578125,False,0.0040395259857177734,12.0
2025-11-12,FN,6955.0,102.68017578125,False,0.014984726905822754,69.0
2025-11-12,FN,6925.0,72.68017578125,True,0.010606646537780762,17.0
2025-11-12,FN,6830.0,-22.31982421875,False,0.003257274627685547,18.0
2025-11-12,FN,6970.0,117.68017578125,False,0.01717376708984375,76.0
2025-11-13,FP,6600.0,-140.83984375,True,0.020893515795451623,
2025-11-13,FP,6800.0,59.16015625,True,0.008776377665292268,
2025-11-13,FP,6900.0,159.16015625,True,0.023611324395664157,
2025-11-13,FP,6740.0,-0.83984375,False,0.00012459037293088837,
2025-11-13,FP,6775.0,34.16015625,True,0.005067640982699295,
2025-11-13,FN,6625.0,-115.83984375,True,0.017184793949127197,41.0
2025-11-13,FN,6860.0,119.16015625,False,0.01767730712890625,42.0
2025-11-13,FN,6670.0,-70.83984375,False,0.010509073734283447,24.0
2025-11-13,FN,6770.0,29.16015625,False,0.00432586669921875,16.0
2025-11-13,FN,6675.0,-65.83984375,True,0.009767293930053711,26.0
2025-11-14,FP,6850.0,109.5,True,0.016245085676136695,
2025-11-14,FP,6725.0,-15.5,True,0.002299532675617555,
2025-11-14,FP,6730.0,-10.5,False,0.0015577479415473938,
2025-11-14,FP,6900.0,159.5,True,0.023662933016838528,
2025-11-14,FP,6740.0,-0.5,False,7.417847340707162e-05,
2025-11-14,FP,6745.0,4.5,False,0.0006676062606632005,
2025-11-14,FN,6625.0,-115.5,True,0.017135202884674072,36.0
2025-11-14,FN,6660.0,-80.5,False,0.011942744255065918,19.0
2025-11-14,FN,6600.0,-140.5,True,0.02084416151046753,12.0
2025-11-14,FN,6670.0,-70.5,False,0.010459184646606445,18.0
2025-11-14,FN,6675.0,-65.5,True,0.009717404842376709,24.0
2025-11-14,FN,6870.0,129.5,False,0.01921224594116211,47.0
2025-11-17,FP,6850.0,193.16015625,True,0.029016794873224283,
2025-11-17,FP,6660.0,3.16015625,False,0.0004747231906092608,
2025-11-17,FP,6800.0,143.16015625,True,0.021505723377799324,
2025-11-17,FP,6675.0,18.16015625,True,0.002728044639236815,
2025-11-17,FP,6650.0,-6.83984375,True,0.0010274911084756644,
2025-11-17,FP,6655.0,-1.83984375,False,0.0002763839589332573,
2025-11-17,FN,6530.0,-126.83984375,False,0.019054055213928223,55.0
2025-11-17,FN,6730.0,73.16015625,False,0.010990262031555176,14.0
2025-11-17,FN,6770.0,113.16015625,False,0.016999125480651855,41.0
2025-11-17,FN,6710.0,53.16015625,False,0.007985830307006836,30.0
2025-11-17,FN,6550.0,-106.83984375,True,0.016049623489379883,11.0
2025-11-17,FN,6590.0,-66.83984375,False,0.010040760040283203,60.0
2025-11-18,FP,6630.0,-2.81982421875,False,0.0004251320393859892,
2025-11-18,FP,6640.0,7.18017578125,False,0.0010825223617612068,
2025-11-18,FP,6800.0,167.18017578125,True,0.025204992780117008,
2025-11-18,FP,6550.0,-82.81982421875,True,0.01248636724856389,
2025-11-18,FP,6620.0,-12.81982421875,False,0.0019327864405331852,
2025-11-18,FP,6750.0,117.18017578125,True,0.017666720774380806,
2025-11-18,FN,6530.0,-102.81982421875,False,0.015501677989959717,50.0
2025-11-18,FN,6730.0,97.18017578125,False,0.01465141773223877,19.0
2025-11-18,FN,6475.0,-157.81982421875,True,0.02379375696182251,38.0
2025-11-18,FN,6670.0,37.18017578125,False,0.005605459213256836,15.0
2025-11-18,FN,6575.0,-57.81982421875,True,0.008717238903045654,22.0
2025-11-18,FN,6710.0,77.18017578125,False,0.011636137962341309,28.0
2025-11-19,FP,6600.0,-44.990234375,True,0.006770549359465194,
2025-11-19,FP,6635.0,-9.990234375,False,0.0015034234848563255,
2025-11-19,FP,6640.0,-4.990234375,False,0.0007509769313407411,
2025-11-19,FP,6645.0,0.009765625,False,1.4696221748433658e-06,
2025-11-19,FP,6620.0,-24.990234375,False,0.0037607631454029677,
2025-11-19,FN,6530.0,-114.990234375,False,0.01730477809906006,53.0
2025-11-19,FN,6730.0,85.009765625,False,0.01279306411743164,19.0
2025-11-19,FN,6670.0,25.009765625,False,0.0037636756896972656,15.0
2025-11-19,FN,6550.0,-94.990234375,True,0.014295041561126709,11.0
2025-11-19,FN,6590.0,-54.990234375,False,0.008275449275970459,52.0
2025-11-20,FP,6700.0,148.85986328125,True,0.022722741412124492,
2025-11-20,FP,6000.0,-551.14013671875,True,0.08412888828764975,
2025-11-20,FP,6800.0,248.85986328125,True,0.037987259940663654,
2025-11-20,FP,6300.0,-251.14013671875,True,0.038335332702032154,
2025-11-20,FP,6750.0,198.85986328125,True,0.03035500067639396,
2025-11-20,FN,6625.0,73.85986328125,True,0.011274337768554688,14.0
2025-11-20,FN,6475.0,-76.14013671875,True,0.011622428894042969,38.0
2025-11-20,FN,6670.0,118.85986328125,False,0.018143415451049805,12.0
2025-11-20,FN,6575.0,23.85986328125,True,0.0036420822143554688,11.0
2025-11-20,FN,6525.0,-26.14013671875,True,0.00399017333984375,13.0
2025-11-21,FP,6700.0,83.8798828125,True,0.012678107610923695,
2025-11-21,FP,6000.0,-616.1201171875,True,0.09312408273648631,
2025-11-21,FP,6800.0,183.8798828125,True,0.027792706231982267,
2025-11-21,FP,6610.0,-6.1201171875,False,0.0009250311480289986,
2025-11-21,FP,6640.0,23.8798828125,False,0.0036093484382884178,
2025-11-21,FP,6620.0,3.8798828125,False,0.0005864287140768809,
2025-11-21,FN,6530.0,-86.1201171875,False,0.013016700744628906,72.0
2025-11-21,FN,6470.0,-146.1201171875,False,0.022085487842559814,123.0
2025-11-21,FN,6670.0,53.8798828125,False,0.008143782615661621,11.0
2025-11-21,FN,6450.0,-166.1201171875,True,0.025108397006988525,21.0
2025-11-21,FN,6710.0,93.8798828125,False,0.014189600944519043,27.0
2025-11-21,FN,6525.0,-91.1201171875,True,0.013772428035736084,49.0
2025-11-24,FP,6720.0,13.31005859375,False,0.0019845942946572492,
2025-11-24,FP,6000.0,-706.68994140625,True,0.10537089795119892,
2025-11-24,FP,6900.0,193.31005859375,True,0.02882346735612118,
2025-11-24,FP,6710.0,3.31005859375,False,0.0004935457912425001,
2025-11-24,FP,6750.0,43.31005859375,True,0.006457739804901275,
2025-11-24,FN,6755.0,48.31005859375,False,0.007203221321105957,19.0
2025-11-24,FN,6820.0,113.31005859375,False,0.016895055770874023,40.0
2025-11-24,FN,6725.0,18.31005859375,True,0.002730131149291992,14.0
2025-11-24,FN,6575.0,-131.68994140625,True,0.01963561773300171,44.0
2025-11-24,FN,6775.0,68.31005859375,True,0.0101853609085083,16.0
2025-11-25,FP,6600.0,-169.68994140625,True,0.02506613196098617,
2025-11-25,FP,6765.0,-4.68994140625,False,0.0006927852600108197,
2025-11-25,FP,6770.0,0.31005859375,False,4.58010036550327e-05,
2025-11-25,FP,6900.0,130.31005859375,True,0.019249043858968973,
2025-11-25,FP,6775.0,5.31005859375,True,0.0007843872673209962,
2025-11-25,FN,6690.0,-79.68994140625,False,0.011771559715270996,24.0
2025-11-25,FN,6755.0,-14.68994140625,False,0.002169966697692871,13.0
2025-11-25,FN,6790.0,20.31005859375,False,0.0030001401901245117,15.0
2025-11-25,FN,6670.0,-99.68994140625,False,0.014725923538208008,17.0
2025-11-25,FN,6780.0,10.31005859375,False,0.0015230178833007812,14.0
2025-11-26,FP,6820.0,-8.830078125,False,0.001293058697314109,
2025-11-26,FP,6700.0,-128.830078125,True,0.01886561484926752,
2025-11-26,FP,6830.0,1.169921875,False,0.00017132098201533275,
2025-11-26,FP,6835.0,6.169921875,False,0.0009035108216799426,
2025-11-26,FP,7000.0,171.169921875,True,0.025065775530616063,
2025-11-26,FP,6840.0,11.169921875,False,0.0016357006613447744,
2025-11-26,FN,6755.0,-73.830078125,False,0.01081150770187378,22.0
2025-11-26,FN,6950.0,121.169921875,True,0.017743825912475586,15.0
2025-11-26,FN,6790.0,-38.830078125,False,0.00568622350692749,16.0
2025-11-26,FN,6925.0,96.169921875,True,0.014082908630371094,35.0
2025-11-26,FN,6650.0,-178.830078125,True,0.026187539100646973,12.0
2025-11-26,FN,6975.0,146.169921875,True,0.02140486240386963,59.0
2025-11-28,FP,6700.0,-136.06005859375,True,0.01990328601965774,
2025-11-28,FP,6840.0,3.93994140625,False,0.0005763468097821356,
2025-11-28,FP,6830.0,-6.06005859375,False,0.0008864841066064111,
2025-11-28,FP,6835.0,-1.06005859375,False,0.00015506864841208223,
2025-11-28,FP,7000.0,163.93994140625,True,0.023981641471999326,
2025-11-28,FP,6845.0,8.93994140625,False,0.0013077622679764644,
2025-11-28,FN,6880.0,43.93994140625,False,0.006427645683288574,17.0
2025-11-28,FN,6790.0,-46.06005859375,False,0.006737828254699707,23.0
2025-11-28,FN,6950.0,113.93994140625,True,0.016667485237121582,14.0
2025-11-28,FN,6925.0,88.93994140625,True,0.013010382652282715,29.0
2025-11-28,FN,6775.0,-61.06005859375,True,0.008932054042816162,16.0
2025-11-28,FN,6875.0,38.93994140625,True,0.005696296691894531,18.0
2025-12-01,FP,6820.0,-3.6298828125,False,0.0005319577519353746,
2025-12-01,FP,6600.0,-223.6298828125,True,0.03277286234058263,
2025-12-01,FP,6700.0,-123.6298828125,True,0.018117905709379323,
2025-12-01,FP,6805.0,-18.6298828125,False,0.0027302012466158265,
2025-12-01,FP,6810.0,-13.6298828125,False,0.00199745341505575,
2025-12-01,FP,6650.0,-173.6298828125,True,0.025445384024980977,
2025-12-01,FN,6880.0,56.3701171875,False,0.008260965347290039,19.0
2025-12-01,FN,6790.0,-33.6298828125,False,0.004928469657897949,25.0
2025-12-01,FN,6925.0,101.3701171875,True,0.014855742454528809,32.0
2025-12-01,FN,6865.0,41.3701171875,False,0.006062746047973633,23.0
2025-12-01,FN,6840.0,16.3701171875,False,0.0023990869522094727,15.0
2025-12-01,FN,6875.0,51.3701171875,True,0.0075283050537109375,21.0
2025-12-02,FP,6600.0,-234.9599609375,True,0.03437620151110177,
2025-12-02,FP,6825.0,-9.9599609375,True,0.001457208380798436,
2025-12-02,FP,6700.0,-134.9599609375,True,0.01974553789763367,
2025-12-02,FP,6835.0,0.0400390625,False,5.85798054841824e-06,
2025-12-02,FP,6840.0,5.0400390625,False,0.0007373911612218453,
2025-12-02,FP,6650.0,-184.9599609375,True,0.027060869704367718,
2025-12-02,FN,6880.0,45.0400390625,False,0.006589651107788086,14.0
2025-12-02,FN,6725.0,-109.9599609375,True,0.016087889671325684,30.0
2025-12-02,FN,6730.0,-104.9599609375,False,0.015356361865997314,24.0
2025-12-02,FN,6925.0,90.0400390625,True,0.013173460960388184,20.0
2025-12-02,FN,6865.0,30.0400390625,False,0.004395008087158203,17.0
2025-12-02,FN,6875.0,40.0400390625,True,0.005858182907104492,16.0
2025-12-03,FP,6850.0,-9.93017578125,True,0.0014475622239287222,
2025-12-03,FP,6600.0,-259.93017578125,True,0.03789108185079271,
2025-12-03,FP,6860.0,0.06982421875,False,1.0178561145712806e-05,
2025-12-03,FP,6700.0,-159.93017578125,True,0.023313674000047135,
2025-12-03,FP,6800.0,-59.93017578125,True,0.008736266149301564,
2025-12-03,FP,6650.0,-209.93017578125,True,0.030602377925419866,
2025-12-03,FN,6880.0,20.06982421875,False,0.0029256343841552734,11.0
2025-12-03,FN,6790.0,-69.93017578125,False,0.010194003582000732,30.0
2025-12-03,FN,6925.0,65.06982421875,True,0.009485483169555664,18.0
2025-12-03,FN,6775.0,-84.93017578125,True,0.012380599975585938,17.0
2025-12-03,FN,6840.0,-19.93017578125,False,0.0029053092002868652,15.0
2025-12-03,FN,6875.0,15.06982421875,True,0.002196788787841797,14.0
2025-12-04,FP,6880.0,41.2001953125,False,0.0060244774652213895,
2025-12-04,FP,6600.0,-238.7998046875,True,0.03491837917580509,
2025-12-04,FP,6825.0,-13.7998046875,True,0.0020178693749802745,
2025-12-04,FP,6700.0,-138.7998046875,True,0.02029593037543853,
2025-12-04,FP,6650.0,-188.7998046875,True,0.02760715477562181,
2025-12-04,FP,6750.0,-88.7998046875,True,0.01298470597525525,
2025-12-04,FN,6950.0,111.2001953125,True,0.016260147094726562,14.0
2025-12-04,FN,6925.0,86.2001953125,True,0.012604594230651855,23.0
2025-12-04,FN,6865.0,26.2001953125,False,0.003831148147583008,11.0
2025-12-04,FN,6775.0,-63.7998046875,True,0.009329080581665039,16.0
2025-12-04,FN,6970.0,131.2001953125,False,0.01918470859527588,37.0
2025-12-04,FN,6875.0,36.2001953125,True,0.005293369293212891,18.0
2025-12-05,FP,6880.0,9.9599609375,False,0.0014497675240419117,
2025-12-05,FP,6850.0,-20.0400390625,True,0.002917019252952513,
2025-12-05,FP,6860.0,-10.0400390625,False,0.001461423660621075,
2025-12-05,FP,6700.0,-170.0400390625,True,0.024750953137924414,
2025-12-05,FP,6865.0,-5.0400390625,False,0.0007336258644553562,
2025-12-05,FP,6900.0,29.9599609375,True,0.004360958708704787,
2025-12-05,FP,6870.0,-0.0400390625,False,5.828068289637223e-06,
2025-12-05,FP,6750.0,-120.0400390625,True,0.017472975176267114,
2025-12-05,FN,6950.0,79.9599609375,True,0.011638879776000977,11.0
2025-12-05,FN,6825.0,-45.0400390625,True,0.006556034088134766,15.0
2025-12-05,FN,6925.0,54.9599609375,True,0.007999897003173828,18.0
2025-12-05,FN,6775.0,-95.0400390625,True,0.013833999633789062,17.0
2025-12-05,FN,6840.0,-30.0400390625,False,0.004372596740722656,16.0
2025-12-05,FN,6970.0,99.9599609375,False,0.014550089836120605,25.0
2025-12-05,FN,6910.0,39.9599609375,False,0.0058165788650512695,27.0
2025-12-05,FN,6975.0,104.9599609375,True,0.015277981758117676,31.0
2025-12-08,FP,6600.0,-239.240234375,True,0.034980527979196374,
2025-12-08,FP,6825.0,-14.240234375,True,0.002082136887578079,
2025-12-08,FP,6700.0,-139.240234375,True,0.02035902082736596,
2025-12-08,FP,6900.0,60.759765625,True,0.00888399347629476,
2025-12-08,FP,6840.0,0.759765625,False,0.00011108918519653344,
2025-12-08,FP,6650.0,-189.240234375,True,0.02766977440328111,
2025-12-08,FN,6950.0,110.759765625,True,0.016194701194763184,12.0
2025-12-08,FN,6730.0,-109.240234375,False,0.015972554683685303,31.0
2025-12-08,FN,6860.0,20.759765625,False,0.003035426139831543,18.0
2025-12-08,FN,6925.0,85.759765625,True,0.012539386749267578,17.0
2025-12-08,FN,6775.0,-64.240234375,True,0.009392917156219482,13.0
2025-12-08,FN,6875.0,35.759765625,True,0.005228638648986816,15.0
2025-12-09,FP,6850.0,5.89013671875,True,0.00086061399311399,
2025-12-09,FP,6600.0,-244.10986328125,True,0.03566714564167106,
2025-12-09,FP,6700.0,-144.10986328125,True,0.021056041787756996,
2025-12-09,FP,6900.0,55.89013671875,True,0.008166165920071133,
2025-12-09,FP,6840.0,-4.10986328125,False,0.0006004963922773277,
2025-12-09,FP,6650.0,-194.10986328125,True,0.02836159371471403,
2025-12-09,FN,6725.0,-119.10986328125,True,0.017403244972229004,39.0
2025-12-09,FN,6860.0,15.89013671875,False,0.0023217201232910156,14.0
2025-12-09,FN,6925.0,80.89013671875,True,0.011818885803222656,17.0
2025-12-09,FN,6830.0,-14.10986328125,False,0.002061605453491211,13.0
2025-12-09,FN,6775.0,-69.10986328125,True,0.010097742080688477,12.0
2025-12-09,FN,6875.0,30.89013671875,True,0.004513382911682129,16.0
2025-12-10,FP,6880.0,-15.990234375,False,0.0023187727696150073,
2025-12-10,FP,6600.0,-295.990234375,True,0.042922078528991214,
2025-12-10,FP,6700.0,-195.990234375,True,0.028420897900642506,
2025-12-10,FP,6650.0,-245.990234375,True,0.035671488214816915,
2025-12-10,FP,6750.0,-145.990234375,True,0.021170307586468207,
2025-12-10,FN,6825.0,-70.990234375,True,0.010294437408447266,15.0
2025-12-10,FN,6925.0,29.009765625,True,0.0042067766189575195,13.0
2025-12-10,FN,6970.0,74.009765625,False,0.010732293128967285,23.0
2025-12-10,FN,6940.0,44.009765625,False,0.006381988525390625,24.0
2025-12-10,FN,6975.0,79.009765625,True,0.011457324028015137,27.0
2025-12-11,FP,6850.0,-44.39013671875,True,0.006438587871947288,
2025-12-11,FP,6600.0,-294.39013671875,True,0.042699953278080516,
2025-12-11,FP,6700.0,-194.39013671875,True,0.02819540711562718,
2025-12-11,FP,6895.0,0.60986328125,False,8.845790115685759e-05,
2025-12-11,FP,6900.0,5.60986328125,True,0.0008136852092794911,
2025-12-11,FP,6750.0,-144.39013671875,True,0.020943134034400512,
2025-12-11,FN,6880.0,-14.39013671875,False,0.002087235450744629,12.0
2025-12-11,FN,6980.0,85.60986328125,False,0.012417316436767578,58.0
2025-12-11,FN,6960.0,65.60986328125,False,0.009516358375549316,36.0
2025-12-11,FN,6970.0,75.60986328125,False,0.010966897010803223,18.0
2025-12-11,FN,6875.0,-19.39013671875,True,0.0028124451637268066,11.0
2025-12-11,FN,6975.0,80.60986328125,True,0.011692047119140625,30.0
2025-12-12,FP,6850.0,29.60986328125,True,0.004341373834590545,
2025-12-12,FP,6820.0,-0.39013671875,False,5.7201525269001685e-05,
2025-12-12,FP,6600.0,-220.39013671875,True,0.03231342083090549,
2025-12-12,FP,6825.0,4.60986328125,True,0.0006758943680409413,
2025-12-12,FP,6700.0,-120.39013671875,True,0.017651502964707078,
2025-12-12,FP,6800.0,-20.39013671875,True,0.0029895850985086625,
2025-12-12,FP,6900.0,79.60986328125,True,0.011672332767689753,
2025-12-12,FP,6650.0,-170.39013671875,True,0.024982461897806285,
2025-12-12,FN,6725.0,-95.39013671875,True,0.013986051082611084,34.0
2025-12-12,FN,6760.0,-60.39013671875,False,0.008854329586029053,24.0
2025-12-12,FN,6730.0,-90.39013671875,False,0.01325291395187378,32.0
2025-12-12,FN,6860.0,39.60986328125,False,0.00580751895904541,19.0
2025-12-12,FN,6925.0,104.60986328125,True,0.015337824821472168,37.0
2025-12-12,FN,6835.0,14.60986328125,False,0.0021420717239379883,11.0
2025-12-12,FN,6775.0,-45.39013671875,True,0.0066550374031066895,13.0
2025-12-12,FN,6780.0,-40.39013671875,False,0.00592195987701416,16.0
2025-12-15,FP,6850.0,31.39990234375,True,0.004605036502220328,
2025-12-15,FP,6820.0,1.39990234375,False,0.0002053064153493267,
2025-12-15,FP,6600.0,-218.60009765625,True,0.03205938088837168,
2025-12-15,FP,6825.0,6.39990234375,True,0.0009385947631610492,
2025-12-15,FP,6700.0,-118.60009765625,True,0.0173936139321349,
2025-12-15,FP,6650.0,-168.60009765625,True,0.024726497410253234,
2025-12-15,FN,6725.0,-93.60009765625,True,0.013727188110351562,35.0
2025-12-15,FN,6730.0,-88.60009765625,False,0.012993872165679932,31.0
2025-12-15,FN,6860.0,41.39990234375,False,0.006071567535400391,19.0
2025-12-15,FN,6765.0,-53.60009765625,False,0.007860839366912842,27.0
2025-12-15,FN,6925.0,106.39990234375,True,0.015604376792907715,36.0
2025-12-15,FN,6780.0,-38.60009765625,False,0.0056610107421875,16.0
2025-12-16,FP,6820.0,12.7998046875,False,0.0018803332236818626,
2025-12-16,FP,6825.0,17.7998046875,True,0.0026148495970130803,
2025-12-16,FP,6830.0,22.7998046875,False,0.003349365970344298,
2025-12-16,FP,6800.0,-7.2001953125,True,0.001057732269642675,
2025-12-16,FP,6815.0,7.7998046875,False,0.001145816850350645,
2025-12-16,FN,6730.0,-77.2001953125,False,0.011340975761413574,29.0
2025-12-16,FN,6860.0,52.7998046875,False,0.007756471633911133,19.0
2025-12-16,FN,6705.0,-102.2001953125,False,0.015013515949249268,37.0
2025-12-16,FN,6840.0,32.7998046875,False,0.004818439483642578,14.0
2025-12-16,FN,6810.0,2.7998046875,False,0.0004112720489501953,12.0
2025-12-17,FP,6850.0,112.25,True,0.016659864197988927,
2025-12-17,FP,6725.0,-12.75,True,0.001892323104894067,
2025-12-17,FP,6900.0,162.25,True,0.024080739119142214,
2025-12-17,FP,6710.0,-27.75,False,0.0041185855812400085,
2025-12-17,FP,6775.0,37.25,True,0.0055285518162591085,
2025-12-17,FN,6720.0,-17.75,False,0.002634406089782715,18.0
2025-12-17,FN,6830.0,92.25,False,0.013691544532775879,34.0
2025-12-17,FN,6770.0,32.25,False,0.004786491394042969,22.0
2025-12-17,FN,6835.0,97.25,False,0.014433622360229492,30.0
2025-12-17,FN,6780.0,42.25,False,0.006270647048950195,16.0
2025-12-18,FP,6790.0,-1.31005859375,False,0.00019290219154288746,
2025-12-18,FP,6825.0,33.68994140625,True,0.004960742642521332,
2025-12-18,FP,6830.0,38.68994140625,False,0.005696977618816268,
2025-12-18,FP,6800.0,8.68994140625,True,0.0012795677610468736,
2025-12-18,FP,6900.0,108.68994140625,True,0.016004267286944707,
2025-12-18,FP,6775.0,-16.31005859375,True,0.0024016071204275846,
2025-12-18,FP,6780.0,-11.31005859375,False,0.0016653721441326486,
2025-12-18,FN,6720.0,-71.31005859375,False,0.010500192642211914,32.0
2025-12-18,FN,6820.0,28.68994140625,False,0.004224538803100586,13.0
2025-12-18,FN,6665.0,-126.31005859375,False,0.01859879493713379,57.0
2025-12-18,FN,6730.0,-61.31005859375,False,0.009027719497680664,21.0
2025-12-18,FN,6670.0,-121.31005859375,False,0.017862558364868164,47.0
2025-12-18,FN,6675.0,-116.31005859375,True,0.01712632179260254,43.0
2025-12-18,FN,6835.0,43.68994140625,False,0.006433248519897461,11.0
2025-12-19,FP,6850.0,39.490234375,True,0.005798425629505832,
2025-12-19,FP,6820.0,9.490234375,False,0.0013934690209094214,
2025-12-19,FP,6830.0,19.490234375,False,0.0028617878904415583,
2025-12-19,FP,6800.0,-10.509765625,True,0.0015431687181547415,
2025-12-19,FP,6840.0,29.490234375,False,0.004330106759973695,
2025-12-19,FP,6815.0,4.490234375,False,0.0006593095861433529,
2025-12-19,FN,6880.0,69.490234375,False,0.010203361511230469,21.0
2025-12-19,FN,6925.0,114.490234375,True,0.01681077480316162,13.0
2025-12-19,FN,6805.0,-5.509765625,False,0.000809013843536377,26.0
2025-12-19,FN,6775.0,-35.509765625,True,0.00521397590637207,20.0
2025-12-19,FN,6875.0,64.490234375,True,0.009469270706176758,14.0
2025-12-19,FN,6940.0,129.490234375,False,0.019013285636901855,34.0
2025-12-22,FP,6880.0,3.02001953125,False,0.0004391490944901655,
2025-12-22,FP,6885.0,8.02001953125,False,0.0011662124295879206,
2025-12-22,FP,6800.0,-76.97998046875,True,0.011193864267073694,
2025-12-22,FP,6865.0,-11.97998046875,False,0.0017420409108029888,
2025-12-22,FP,6870.0,-6.97998046875,False,0.0010149775757053447,
2025-12-22,FN,6920.0,43.02001953125,False,0.006255626678466797,16.0
2025-12-22,FN,6930.0,53.02001953125,False,0.0077097415924072266,23.0
2025-12-22,FN,6970.0,93.02001953125,False,0.013526320457458496,28.0
2025-12-22,FN,6940.0,63.02001953125,False,0.009163856506347656,30.0
2025-12-22,FN,6975.0,98.02001953125,True,0.014253377914428711,20.0
2025-12-23,FP,6920.0,10.56982421875,False,0.001529767860712905,
2025-12-23,FP,6800.0,-109.43017578125,True,0.015837800368085575,
2025-12-23,FP,6930.0,20.56982421875,False,0.002977065213112695,
2025-12-23,FP,6905.0,-4.43017578125,False,0.0006411781678868911,
2025-12-23,FP,6910.0,0.56982421875,False,8.247050831311498e-05,
2025-12-23,FN,6980.0,70.56982421875,False,0.010213494300842285,17.0
2025-12-23,FN,6825.0,-84.43017578125,True,0.012219548225402832,15.0
2025-12-23,FN,6970.0,60.56982421875,False,0.0087662935256958,21.0
2025-12-23,FN,6940.0,30.56982421875,False,0.004424333572387695,11.0
2025-12-23,FN,6975.0,65.56982421875,True,0.009489893913269043,12.0
2025-12-24,FP,6945.0,10.39990234375,False,0.0014997119080111254,
2025-12-24,FP,6850.0,-84.60009765625,True,0.01219970819728211,
2025-12-24,FP,6920.0,-14.60009765625,False,0.0021053986460134455,
2025-12-24,FP,6930.0,-4.60009765625,False,0.0006633544244035727,
2025-12-24,FP,6935.0,0.39990234375,False,5.766768640125264e-05,
2025-12-24,FP,6940.0,5.39990234375,False,0.000778689797206189,
2025-12-24,FN,6825.0,-109.60009765625,True,0.015804827213287354,20.0
2025-12-24,FN,7050.0,115.39990234375,True,0.01664113998413086,18.0
2025-12-24,FN,6800.0,-134.60009765625,True,0.01940995454788208,14.0
2025-12-24,FN,7025.0,90.39990234375,True,0.013036012649536133,30.0
2025-12-24,FN,6835.0,-99.60009765625,False,0.014362752437591553,19.0
2025-12-24,FN,6970.0,35.39990234375,False,0.005104780197143555,11.0
2025-12-26,FP,6920.0,-12.0498046875,False,0.0017382743960310254,
2025-12-26,FP,6930.0,-2.0498046875,False,0.00029569964804843085,
2025-12-26,FP,6935.0,2.9501953125,False,0.00042558772594292194,
2025-12-26,FP,6970.0,37.9501953125,False,0.005474599343882058,
2025-12-26,FP,6940.0,7.9501953125,False,0.0011468750999341637,
2025-12-26,FN,6980.0,47.9501953125,False,0.006917119026184082,13.0
2025-12-26,FN,6985.0,52.9501953125,False,0.007638454437255859,29.0
2025-12-26,FN,6990.0,57.9501953125,False,0.008359789848327637,28.0
2025-12-26,FN,7025.0,92.9501953125,True,0.013408780097961426,32.0
2025-12-26,FN,6835.0,-97.0498046875,False,0.014000177383422852,17.0
2025-12-29,FP,6850.0,-56.75,True,0.008216599703188887,
2025-12-29,FP,6915.0,8.25,False,0.0011944836572916895,
2025-12-29,FP,6925.0,18.25,True,0.0026423426358272994,
2025-12-29,FP,6800.0,-106.75,True,0.015455894595866382,
2025-12-29,FP,6930.0,23.25,False,0.0033662721250951044,
2025-12-29,FP,6900.0,-6.75,True,0.0009773048105115034,
2025-12-29,FP,6905.0,-1.75,False,0.00025337532124369844,
2025-12-29,FP,6910.0,3.25,False,0.00047055416802410654,
2025-12-29,FN,6820.0,-86.75,False,0.01256018877029419,32.0
2025-12-29,FN,6980.0,73.25,False,0.010605573654174805,17.0
2025-12-29,FN,6920.0,13.25,False,0.0019184350967407227,13.0
2025-12-29,FN,6825.0,-81.75,True,0.011836230754852295,14.0
2025-12-29,FN,6955.0,48.25,False,0.006985902786254883,20.0
2025-12-29,FN,6835.0,-71.75,False,0.010388374328613281,12.0
2025-12-29,FN,6940.0,33.25,False,0.00481414794921875,19.0
2025-12-29,FN,6975.0,68.25,True,0.00988161563873291,11.0
2025-12-30,FP,6905.0,1.8701171875,False,0.0002709085906316133,
2025-12-30,FP,6890.0,-13.1298828125,False,0.001902018799500027,
2025-12-30,FP,6900.0,-3.1298828125,True,0.0004534005394122298,
2025-12-30,FP,6910.0,6.8701171875,False,0.0009952177206755675,
2025-12-30,FN,6825.0,-78.1298828125,True,0.011318027973175049,13.0
2025-12-30,FN,6930.0,26.8701171875,False,0.0038924217224121094,11.0
2025-12-30,FN,6820.0,-83.1298828125,False,0.012042343616485596,31.0
2025-12-30,FN,6975.0,71.8701171875,True,0.010411262512207031,14.0
2025-12-31,FP,6855.0,-4.5,False,0.0006560244915809754,
2025-12-31,FP,6865.0,5.5,False,0.0008018077119322786,
2025-12-31,FP,6835.0,-24.5,False,0.0035716888986078166,
2025-12-31,FP,6900.0,40.5,True,0.005904220424229223,
2025-12-31,FP,6870.0,10.5,False,0.0015307238136890167,
2025-12-31,FP,6875.0,15.5,True,0.0022596399154457547,
2025-12-31,FN,6725.0,-134.5,True,0.019607841968536377,31.0
2025-12-31,FN,6825.0,-34.5,True,0.005029499530792236,13.0
2025-12-31,FN,6930.0,70.5,False,0.010277748107910156,26.0
2025-12-31,FN,6775.0,-84.5,True,0.012318670749664307,25.0
2025-12-31,FN,6750.0,-109.5,True,0.015963256359100342,12.0
2025-12-31,FN,6975.0,115.5,True,0.0168379545211792,23.0
2026-01-02,FP,6855.0,2.669921875,False,0.0003896370788563086,
2026-01-02,FP,6860.0,7.669921875,False,0.001119315880518501,
2026-01-02,FP,6700.0,-152.330078125,True,0.022230405772671435,
2026-01-02,FP,6840.0,-12.330078125,False,0.0017993993261302688,
2026-01-02,FP,6875.0,22.669921875,True,0.0033083522855050784,
2026-01-02,FP,6845.0,-7.330078125,False,0.0010697205244680763,
2026-01-02,FP,6750.0,-102.330078125,True,0.014933617756049511,
2026-01-02,FN,6820.0,-32.330078125,False,0.004718124866485596,17.0
2026-01-02,FN,6790.0,-62.330078125,False,0.009096205234527588,36.0
2026-01-02,FN,6825.0,-27.330078125,True,0.003988444805145264,11.0
2026-01-02,FN,6925.0,72.669921875,True,0.010605096817016602,13.0
2026-01-02,FN,6830.0,-22.330078125,False,0.0032587647438049316,14.0
2026-01-02,FN,6960.0,107.669921875,False,0.015712857246398926,42.0
2026-01-02,FN,6775.0,-77.330078125,True,0.011285245418548584,18.0
2026-01-05,FP,6950.0,43.33984375,True,0.0062750798170922995,
2026-01-05,FP,6910.0,3.33984375,False,0.0004835685663464595,
2026-01-05,FP,6900.0,-6.66015625,True,0.000964309246340056,
2026-01-05,FP,6875.0,-31.66015625,True,0.004584003778056123,
2026-01-05,FP,6750.0,-156.66015625,True,0.02268247643663701,
2026-01-05,FN,6820.0,-86.66015625,False,0.012547314167022705,25.0
2026-01-05,FN,6985.0,78.33984375,False,0.011342644691467285,46.0
2026-01-05,FN,6825.0,-81.66015625,True,0.011823415756225586,11.0
2026-01-05,FN,6930.0,23.33984375,False,0.003379344940185547,17.0
2026-01-05,FN,6975.0,68.33984375,True,0.009894728660583496,13.0
2026-01-06,FP,6945.0,-0.509765625,False,7.339499074965339e-05,
2026-01-06,FP,6955.0,9.490234375,False,0.0013663841381332809,
2026-01-06,FP,6800.0,-145.509765625,True,0.02095019235955331,
2026-01-06,FP,6900.0,-45.509765625,True,0.0065524010707231906,
2026-01-06,FP,6940.0,-5.509765625,False,0.0007932845551912315,
2026-01-06,FN,6980.0,34.490234375,False,0.004965782165527344,15.0
2026-01-06,FN,6985.0,39.490234375,False,0.005685687065124512,23.0
2026-01-06,FN,7020.0,74.490234375,False,0.010724902153015137,29.0
2026-01-06,FN,7025.0,79.490234375,True,0.011444807052612305,16.0
2026-01-06,FN,6875.0,-70.509765625,True,0.010151863098144531,22.0
2026-01-07,FP,6915.0,-6.6298828125,False,0.0009578499464357737,
2026-01-07,FP,6920.0,-1.6298828125,False,0.00023547673598489638,
2026-01-07,FP,6925.0,3.3701171875,True,0.00048689647446598094,
2026-01-07,FP,6800.0,-121.6298828125,True,0.017572433786805952,
2026-01-07,FP,6935.0,13.3701171875,False,0.0019316428953677356,
2026-01-07,FN,6980.0,58.3701171875,False,0.008432984352111816,22.0
2026-01-07,FN,6825.0,-96.6298828125,True,0.013960540294647217,16.0
2026-01-07,FN,7025.0,103.3701171875,True,0.014934301376342773,18.0
2026-01-07,FN,6970.0,48.3701171875,False,0.0069882869720458984,20.0
2026-01-07,FN,6875.0,-46.6298828125,True,0.006736814975738525,17.0
2026-01-08,FP,6915.0,-4.419921875,False,0.0006387705797457066,
2026-01-08,FP,6920.0,0.580078125,False,8.38333460824181e-05,
2026-01-08,FP,7050.0,130.580078125,True,0.018871535417612773,
2026-01-08,FP,6925.0,5.580078125,True,0.0008064372719105428,
2026-01-08,FP,6800.0,-119.419921875,True,0.01725866087379191,
2026-01-08,FP,6910.0,-9.419921875,False,0.0013613745055738313,
2026-01-08,FP,6975.0,55.580078125,True,0.008032476530191346,
2026-01-08,FN,6980.0,60.580078125,False,0.008755087852478027,22.0
2026-01-08,FN,6985.0,65.580078125,False,0.009477734565734863,36.0
2026-01-08,FN,6825.0,-94.419921875,True,0.013645648956298828,13.0
2026-01-08,FN,6955.0,35.580078125,False,0.005142092704772949,25.0
2026-01-08,FN,7025.0,105.580078125,True,0.015258550643920898,16.0
2026-01-08,FN,6965.0,45.580078125,False,0.00658726692199707,28.0
2026-01-08,FN,6875.0,-44.419921875,True,0.0064195990562438965,14.0
2026-01-09,FP,6800.0,-174.85986328125,True,0.025070018137825167,
2026-01-09,FP,6850.0,-124.85986328125,True,0.017901415330015102,
2026-01-09,FP,6970.0,-4.85986328125,False,0.0006967685912708799,
2026-01-09,FP,6925.0,-49.85986328125,True,0.0071485111182999495,
2026-01-09,FN,7030.0,55.14013671875,False,0.00790560245513916,16.0
2026-01-09,FN,6875.0,-99.85986328125,True,0.014317095279693604,26.0
2026-01-09,FN,7020.0,45.14013671875,False,0.006471872329711914,18.0
2026-01-09,FN,6990.0,15.14013671875,False,0.0021706819534301758,15.0
2026-01-12,FP,6985.0,6.06982421875,False,0.000869735627935242,
2026-01-12,FP,6850.0,-128.93017578125,True,0.018474203428581637,
2026-01-12,FP,6930.0,-48.93017578125,False,0.007011128432127145,
2026-01-12,FP,6970.0,-8.93017578125,False,0.0012795909338998435,
2026-01-12,FN,7060.0,81.06982421875,False,0.011616349220275879,18.0
2026-01-12,FN,7075.0,96.06982421875,True,0.013765692710876465,14.0
2026-01-12,FN,7020.0,41.06982421875,False,0.005884885787963867,16.0
2026-01-12,FN,7030.0,51.06982421875,False,0.007317662239074707,19.0
2026-01-13,FP,6850.0,-96.06005859375,True,0.013829431041976536,
2026-01-13,FP,6960.0,13.93994140625,False,0.00200688466391874,
2026-01-13,FP,6800.0,-146.06005859375,True,0.021027756362838046,
2026-01-13,FP,6930.0,-16.06005859375,False,0.0023121105285981436,
2026-01-13,FP,6900.0,-46.06005859375,True,0.006631105721115138,
2026-01-13,FP,6940.0,-6.06005859375,False,0.0008724454644258861,
2026-01-13,FN,6980.0,33.93994140625,False,0.004886269569396973,13.0
2026-01-13,FN,6985.0,38.93994140625,False,0.00560605525970459,31.0
2026-01-13,FN,7020.0,73.93994140625,False,0.010644912719726562,24.0
2026-01-13,FN,7025.0,78.93994140625,True,0.01136469841003418,12.0
2026-01-13,FN,7030.0,83.93994140625,False,0.012084484100341797,29.0
2026-01-13,FN,6875.0,-71.06005859375,True,0.01023024320602417,18.0
2026-01-14,FP,6915.0,-0.85986328125,False,0.00012433208570572507,
2026-01-14,FP,6930.0,14.14013671875,False,0.0020445956104206964,
2026-01-14,FP,6905.0,-10.85986328125,False,0.0015702838831233024,
2026-01-14,FP,6910.0,-5.85986328125,False,0.0008473079844144582,
2026-01-14,FP,6975.0,59.14013671875,True,0.008551378698800072,
2026-01-14,FN,7010.0,94.14013671875,False,0.013612151145935059,39.0
2026-01-14,FN,6985.0,69.14013671875,False,0.009997367858886719,41.0
2026-01-14,FN,6825.0,-90.85986328125,True,0.013137876987457275,21.0
2026-01-14,FN,7025.0,109.14013671875,True,0.015781164169311523,27.0
2026-01-14,FN,6875.0,-40.85986328125,True,0.0059081315994262695,13.0
2026-01-15,FP,6945.0,4.4501953125,False,0.000641187721107439,
2026-01-15,FP,6920.0,-20.5498046875,False,0.0029608323930794267,
2026-01-15,FP,6960.0,19.4501953125,False,0.002802399789619603,
2026-01-15,FP,6930.0,-10.5498046875,False,0.0015200243474047248,
2026-01-15,FP,6900.0,-40.5498046875,True,0.0058424484844289415,
2026-01-15,FP,6940.0,-0.5498046875,False,7.921630173002292e-05,
2026-01-15,FN,7010.0,69.4501953125,False,0.010006427764892578,29.0
2026-01-15,FN,6980.0,39.4501953125,False,0.005684018135070801,13.0
2026-01-15,FN,6985.0,44.4501953125,False,0.006404399871826172,24.0
2026-01-15,FN,7050.0,109.4501953125,True,0.01576972007751465,12.0
2026-01-15,FN,7025.0,84.4501953125,True,0.012167692184448242,20.0
2026-01-15,FN,6875.0,-65.5498046875,True,0.009444475173950195,19.0
2026-01-16,FP,6955.0,13.83984375,False,0.001993880480849919,
2026-01-16,FP,6925.0,-16.16015625,True,0.0023281635758611863,
2026-01-16,FP,6930.0,-11.16015625,False,0.0016078228997425947,
2026-01-16,FP,6935.0,-6.16015625,False,0.0008874822236241142,
2026-01-16,FP,6940.0,-1.16015625,False,0.0001671415475056337,
2026-01-16,FN,7075.0,133.83984375,True,0.019282102584838867,27.0
2026-01-16,FN,6920.0,-21.16015625,False,0.0030484795570373535,13.0
2026-01-16,FN,6800.0,-141.16015625,True,0.020336687564849854,12.0
2026-01-16,FN,7025.0,83.83984375,True,0.012078642845153809,16.0
2026-01-16,FN,6875.0,-66.16015625,True,0.009531557559967041,21.0
2026-01-20,FP,6950.0,156.3798828125,True,0.023018638092063393,
2026-01-20,FP,6790.0,-3.6201171875,False,0.0005328701230057353,
2026-01-20,FP,6795.0,1.3798828125,False,0.00020311450871512982,
2026-01-20,FP,6930.0,136.3798828125,False,0.02007469956517971,
2026-01-20,FP,6775.0,-18.6201171875,True,0.002740824018168442,
2026-01-20,FP,7000.0,206.3798828125,True,0.030378484409272488,
2026-01-20,FN,6725.0,-68.6201171875,True,0.01010066270828247,20.0
2026-01-20,FN,6825.0,31.3798828125,True,0.004619002342224121,15.0
2026-01-20,FN,6750.0,-43.6201171875,True,0.006420731544494629,11.0
2026-01-20,FN,6925.0,131.3798828125,True,0.01933872699737549,16.0
2026-01-20,FN,6840.0,46.3798828125,False,0.006826996803283691,14.0
2026-01-20,FN,6910.0,116.3798828125,False,0.017130732536315918,24.0
2026-01-21,FP,6880.0,4.89990234375,False,0.0007127026914734991,
2026-01-21,FP,6850.0,-25.10009765625,True,0.0036508701400299604,
2026-01-21,FP,6885.0,9.89990234375,False,0.001439964830057594,
2026-01-21,FP,6890.0,14.89990234375,False,0.002167226968641467,
2026-01-21,FP,6870.0,-5.10009765625,False,0.0007418215856942467,
2026-01-21,FP,7000.0,124.89990234375,True,0.01816699401748778,
2026-01-21,FP,6875.0,-0.10009765625,True,1.4559447110373824e-05,
2026-01-21,FN,6980.0,104.89990234375,False,0.015257954597473145,26.0
2026-01-21,FN,6790.0,-85.10009765625,False,0.012378036975860596,45.0
2026-01-21,FN,6920.0,44.89990234375,False,0.00653076171875,18.0
2026-01-21,FN,6840.0,-35.10009765625,False,0.005105376243591309,13.0
2026-01-21,FN,6810.0,-65.10009765625,False,0.00946897268295288,35.0
2026-01-21,FN,6910.0,34.89990234375,False,0.005076289176940918,14.0
2026-01-21,FN,6975.0,99.89990234375,True,0.014530658721923828,15.0
2026-01-22,FP,6850.0,-56.419921875,True,0.008169199456913856,
2026-01-22,FP,6950.0,43.580078125,True,0.006310082302839248,
2026-01-22,FP,6920.0,13.580078125,False,0.001966297774913306,
2026-01-22,FP,6895.0,-11.419921875,False,0.0016535226650249424,
2026-01-22,FP,6930.0,23.580078125,False,0.003414225950888694,
2026-01-22,FP,6905.0,-1.419921875,False,0.00020559448904966526,
2026-01-22,FP,6910.0,3.580078125,False,0.0005183695989381398,
2026-01-22,FN,6880.0,-26.419921875,False,0.0038254261016845703,16.0
2026-01-22,FN,6945.0,38.580078125,False,0.005586147308349609,21.0
2026-01-22,FN,6825.0,-81.419921875,True,0.011789023876190186,27.0
2026-01-22,FN,6985.0,78.580078125,False,0.011377811431884766,22.0
2026-01-22,FN,7020.0,113.580078125,False,0.016445636749267578,54.0
2026-01-22,FN,6840.0,-66.419921875,False,0.009617149829864502,24.0
2026-01-22,FN,6875.0,-31.419921875,True,0.004549384117126465,12.0
2026-01-23,FP,6915.0,-1.06005859375,False,0.00015327492600836212,
2026-01-23,FP,6950.0,33.93994140625,True,0.004907409871907742,
2026-01-23,FP,6920.0,3.93994140625,False,0.0005696800451224782,
2026-01-23,FP,7050.0,133.93994140625,True,0.019366509294525214,
2026-01-23,FP,6930.0,13.93994140625,False,0.0020155899873843808,
2026-01-23,FN,6945.0,28.93994140625,False,0.0041844844818115234,23.0
2026-01-23,FN,6985.0,68.93994140625,False,0.009968042373657227,21.0
2026-01-23,FN,6955.0,38.93994140625,False,0.005630373954772949,38.0
2026-01-23,FN,6840.0,-76.06005859375,False,0.010997593402862549,12.0
2026-01-23,FN,6875.0,-41.06005859375,True,0.005936920642852783,16.0
2026-01-26,FP,6850.0,-110.4599609375,True,0.015869635276606342,
2026-01-26,FP,6980.0,19.5400390625,False,0.0028072913531806964,
2026-01-26,FP,6955.0,-5.4599609375,False,0.0007844253063937767,
2026-01-26,FP,6930.0,-30.4599609375,False,0.00437614196596825,
2026-01-26,FP,6965.0,4.5400390625,False,0.0006522613574360125,
2026-01-26,FN,6985.0,24.5400390625,False,0.0035256147384643555,14.0
2026-01-26,FN,7020.0,59.5400390625,False,0.00855398178100586,30.0
2026-01-26,FN,7025.0,64.5400390625,True,0.009272336959838867,13.0
2026-01-26,FN,7030.0,69.5400390625,False,0.009990692138671875,18.0
2026-01-26,FN,6875.0,-85.4599609375,True,0.01227790117263794,23.0
2026-01-27,FP,6980.0,-2.02978515625,False,0.00029071562549976004,
2026-01-27,FP,6990.0,7.97021484375,False,0.0011415326329162756,
2026-01-27,FP,6930.0,-52.02978515625,False,0.0074519569175807154,
2026-01-27,FP,6900.0,-82.02978515625,True,0.011748701692829377,
2026-01-27,FP,6970.0,-12.02978515625,False,0.0017229638839160177,
2026-01-27,FP,7100.0,117.97021484375,True,0.016896263475494555,
2026-01-27,FN,7075.0,92.97021484375,True,0.013315677642822266,14.0
2026-01-27,FN,7025.0,42.97021484375,True,0.006154417991638184,12.0
2026-01-27,FN,7060.0,77.97021484375,False,0.011167287826538086,15.0
2026-01-27,FN,7030.0,47.97021484375,False,0.0068705081939697266,17.0
2026-01-27,FN,6875.0,-107.02978515625,True,0.015329301357269287,33.0
2026-01-27,FN,7070.0,87.97021484375,False,0.012599468231201172,23.0
2026-01-28,FP,6850.0,-126.08984375,True,0.018074572801404787,
2026-01-28,FP,6980.0,3.91015625,False,0.0005605082987145682,
2026-01-28,FP,6985.0,8.91015625,False,0.0012772421871807271,
2026-01-28,FP,6800.0,-176.08984375,True,0.025241911686066043,
2026-01-28,FP,6930.0,-46.08984375,False,0.006606830585946799,
2026-01-28,FP,6970.0,-6.08984375,False,0.0008729594782177497,
2026-01-28,FN,7075.0,98.91015625,True,0.01417839527130127,15.0
2026-01-28,FN,7025.0,48.91015625,True,0.007011055946350098,12.0
2026-01-28,FN,7060.0,83.91015625,False,0.012028217315673828,19.0
2026-01-28,FN,7030.0,53.91015625,False,0.007727861404418945,17.0
2026-01-28,FN,6875.0,-101.08984375,True,0.014490902423858643,21.0
2026-01-28,FN,7070.0,93.91015625,False,0.013461709022521973,31.0
2026-01-29,FP,6945.0,0.06005859375,False,8.647820464391387e-06,
2026-01-29,FP,6850.0,-94.93994140625,True,0.013670376159801045,
2026-01-29,FP,6950.0,5.06005859375,True,0.0007285964510048704,
2026-01-29,FP,6800.0,-144.93994140625,True,0.020869862465203948,
2026-01-29,FP,6960.0,15.06005859375,False,0.0021684937120853842,
2026-01-29,FN,7010.0,65.06005859375,False,0.009367942810058594,30.0
2026-01-29,FN,7075.0,130.06005859375,True,0.01872730255126953,19.0
2026-01-29,FN,7025.0,80.06005859375,True,0.011527776718139648,14.0
2026-01-29,FN,7060.0,115.06005859375,False,0.016567468643188477,34.0
2026-01-29,FN,6875.0,-69.93994140625,True,0.010070621967315674,17.0
2026-01-30,FP,6920.0,-17.7001953125,False,0.002551305881516641,
2026-01-30,FP,6925.0,-12.7001953125,True,0.001830605958020648,
2026-01-30,FP,6930.0,-7.7001953125,False,0.0011099060345246547,
2026-01-30,FP,6935.0,-2.7001953125,False,0.00038920611102866154,
2026-01-30,FP,7000.0,62.2998046875,True,0.008979892894419583,
2026-01-30,FN,6850.0,-87.7001953125,True,0.01264113187789917,12.0
2026-01-30,FN,6825.0,-112.7001953125,True,0.016244590282440186,33.0
2026-01-30,FN,6960.0,22.2998046875,False,0.003214240074157715,11.0
2026-01-30,FN,7025.0,87.2998046875,True,0.012583374977111816,16.0
2026-01-30,FN,6875.0,-62.7001953125,True,0.009037613868713379,15.0
2026-02-02,FP,6980.0,-5.080078125,False,0.0007272755742498971,
2026-02-02,FP,6950.0,-35.080078125,True,0.00502214401734058,
2026-02-02,FP,6985.0,-0.080078125,False,1.1464167068098163e-05,
2026-02-02,FP,6960.0,-25.080078125,False,0.0035905212029769817,
2026-02-02,FP,7000.0,14.919921875,True,0.0021359700544771876,
2026-02-02,FP,6970.0,-15.080078125,False,0.002158898388613495,
2026-02-02,FN,7075.0,89.919921875,True,0.012873172760009766,15.0
2026-02-02,FN,7020.0,34.919921875,False,0.0049991607666015625,22.0
2026-02-02,FN,6925.0,-60.080078125,True,0.008601188659667969,13.0
2026-02-02,FN,7060.0,74.919921875,False,0.010725736618041992,27.0
2026-02-02,FN,7030.0,44.919921875,False,0.006430864334106445,18.0
2026-02-02,FN,6875.0,-110.080078125,True,0.015759289264678955,16.0
2026-02-03,FP,6950.0,54.52001953125,True,0.007906631544965181,
2026-02-03,FP,6920.0,24.52001953125,False,0.0035559554375768077,
2026-02-03,FP,7050.0,154.52001953125,True,0.022408885236259612,
2026-02-03,FP,6875.0,-20.47998046875,True,0.002970058723505642,
2026-02-03,FP,6975.0,79.52001953125,True,0.011532194967788678,
2026-02-03,FN,6825.0,-70.47998046875,True,0.01022118330001831,25.0
2026-02-03,FN,6890.0,-5.47998046875,False,0.0007947087287902832,13.0
2026-02-03,FN,7020.0,124.52001953125,False,0.018058180809020996,29.0
2026-02-03,FN,7025.0,129.52001953125,True,0.0187833309173584,19.0
2026-02-03,FN,6930.0,34.52001953125,False,0.005006194114685059,14.0
2026-02-04,FP,6915.0,-5.31982421875,False,0.0007687251967940512,
2026-02-04,FP,6950.0,29.68017578125,True,0.004288844523829605,
2026-02-04,FP,6890.0,-30.31982421875,False,0.004381274997239393,
2026-02-04,FP,6905.0,-15.31982421875,False,0.0022137451169721434,
2026-02-04,FP,6875.0,-45.31982421875,True,0.006548804877506642,
2026-02-04,FN,6760.0,-160.31982421875,False,0.023166537284851074,52.0
2026-02-04,FN,6770.0,-150.31982421875,False,0.02172154188156128,33.0
2026-02-04,FN,6870.0,-50.31982421875,False,0.007271289825439453,28.0
2026-02-04,FN,6750.0,-170.31982421875,True,0.02461153268814087,15.0
2026-02-04,FN,6975.0,54.68017578125,True,0.007901430130004883,13.0
2026-02-05,FP,6790.0,29.85009765625,False,0.004415597004128635,
2026-02-05,FP,6950.0,189.85009765625,True,0.02808371121924802,
2026-02-05,FP,6600.0,-160.14990234375,True,0.023690288626325606,
2026-02-05,FP,7000.0,239.85009765625,True,0.035479996911472966,
2026-02-05,FP,6780.0,19.85009765625,False,0.002936339865683646,
2026-02-05,FP,6750.0,-10.14990234375,True,0.0015014315496511,
2026-02-05,FN,6725.0,-35.14990234375,True,0.005199551582336426,25.0
2026-02-05,FN,6760.0,-0.14990234375,False,2.2172927856445312e-05,12.0
2026-02-05,FN,6825.0,64.85009765625,True,0.009593009948730469,18.0
2026-02-05,FN,6875.0,114.85009765625,True,0.01698923110961914,22.0
2026-02-05,FN,6910.0,149.85009765625,False,0.022166728973388672,29.0
2026-02-05,FN,6815.0,54.85009765625,False,0.008113741874694824,23.0
2026-02-06,FP,6945.0,11.47021484375,False,0.0016543110362496893,
2026-02-06,FP,6950.0,16.47021484375,True,0.0023754444495227567,
2026-02-06,FP,6920.0,-13.52978515625,False,0.0019513560301155364,
2026-02-06,FP,7050.0,116.47021484375,True,0.016798112714983437,
2026-02-06,FP,6925.0,-8.52978515625,True,0.001230222616842469,
2026-02-06,FP,6930.0,-3.52978515625,False,0.0005090892035694017,
2026-02-06,FP,6935.0,1.47021484375,False,0.00021204420970355464,
2026-02-06,FN,6825.0,-108.52978515625,True,0.015652894973754883,24.0
2026-02-06,FN,6955.0,21.47021484375,False,0.0030965805053710938,27.0
2026-02-06,FN,7020.0,86.47021484375,False,0.012471318244934082,23.0
2026-02-06,FN,7025.0,91.47021484375,True,0.013192415237426758,22.0
2026-02-06,FN,6965.0,31.47021484375,False,0.004538893699645996,21.0
2026-02-06,FN,6875.0,-58.52978515625,True,0.008441567420959473,15.0
2026-02-06,FN,6910.0,-23.52978515625,False,0.0033936500549316406,11.0
2026-02-09,FP,6980.0,11.60009765625,False,0.0016646716346386814,
2026-02-09,FP,6960.0,-8.39990234375,False,0.0012054277110193912,
2026-02-09,FP,6965.0,-3.39990234375,False,0.000487902874604873,
2026-02-09,FP,7000.0,31.60009765625,True,0.004534770980296532,
2026-02-09,FP,6970.0,1.60009765625,False,0.00022962196180964511,
2026-02-09,FN,7010.0,41.60009765625,False,0.0059697628021240234,18.0
2026-02-09,FN,7075.0,106.60009765625,True,0.015297651290893555,19.0
2026-02-09,FN,7020.0,51.60009765625,False,0.007404923439025879,14.0
2026-02-09,FN,6990.0,21.60009765625,False,0.003099679946899414,11.0
2026-02-09,FN,7025.0,56.60009765625,True,0.008122444152832031,15.0
2026-02-10,FP,6955.0,-2.35986328125,False,0.0003391894810134133,
2026-02-10,FP,6960.0,2.64013671875,False,0.00037947393416915,
2026-02-10,FP,6900.0,-57.35986328125,True,0.008244487048021942,
2026-02-10,FP,7000.0,42.64013671875,True,0.006128781255629878,
2026-02-10,FP,6940.0,-17.35986328125,False,0.002495179726561214,
2026-02-10,FN,7010.0,52.64013671875,False,0.007566094398498535,18.0
2026-02-10,FN,7020.0,62.64013671875,False,0.009003400802612305,14.0
2026-02-10,FN,6990.0,32.64013671875,False,0.004691481590270996,17.0
2026-02-10,FN,7025.0,67.64013671875,True,0.009722113609313965,16.0
2026-02-10,FN,6970.0,12.64013671875,False,0.0018167495727539062,12.0
2026-02-11,FP,6945.0,10.9501953125,False,0.0015791919038563584,
2026-02-11,FP,6955.0,20.9501953125,False,0.0030213505675049657,
2026-02-11,FP,6900.0,-34.0498046875,True,0.004910522082561597,
2026-02-11,FP,7000.0,65.9501953125,True,0.009511064553922921,
2026-02-11,FP,6940.0,5.9501953125,False,0.0008581125720321658,
2026-02-11,FP,6975.0,40.9501953125,True,0.005905667894801958,
2026-02-11,FN,7010.0,75.9501953125,False,0.010953187942504883,11.0
2026-02-11,FN,7020.0,85.9501953125,False,0.012395381927490234,17.0
2026-02-11,FN,6990.0,55.9501953125,False,0.00806891918182373,18.0
2026-02-11,FN,7025.0,90.9501953125,True,0.01311647891998291,16.0
2026-02-11,FN,6965.0,30.9501953125,False,0.004463553428649902,19.0
2026-02-11,FN,6970.0,35.9501953125,False,0.005184531211853027,14.0
2026-02-12,FP,6950.0,109.68017578125,True,0.01603436368470934,
2026-02-12,FP,6855.0,14.68017578125,False,0.00214612418110538,
2026-02-12,FP,7000.0,159.68017578125,True,0.023343963423448244,
2026-02-12,FP,6840.0,-0.31982421875,False,4.675574051637987e-05,
2026-02-12,FP,6845.0,4.68017578125,False,0.000684204233357466,
2026-02-12,FN,6725.0,-115.31982421875,True,0.016858816146850586,37.0
2026-02-12,FN,6760.0,-80.31982421875,False,0.011742115020751953,39.0
2026-02-12,FN,6925.0,84.68017578125,True,0.01237952709197998,11.0
2026-02-12,FN,6770.0,-70.31982421875,False,0.010280191898345947,26.0
2026-02-12,FN,6810.0,-30.31982421875,False,0.004432499408721924,19.0
2026-02-13,FP,6840.0,58.83984375,False,0.008676958277673119,
2026-02-13,FP,6810.0,28.83984375,False,0.004252936530841245,
2026-02-13,FP,6820.0,38.83984375,False,0.0057276104464518696,
2026-02-13,FP,6830.0,48.83984375,False,0.007202284362062494,
2026-02-13,FN,6760.0,-21.16015625,False,0.00312042236328125,15.0
2026-02-13,FN,6865.0,83.83984375,False,0.012363672256469727,30.0
2026-02-13,FN,6650.0,-131.16015625,True,0.01934182643890381,17.0
2026-02-13,FN,6725.0,-56.16015625,True,0.00828176736831665,40.0
2026-02-17,FP,6850.0,0.39013671875,True,5.695750948397915e-05,
2026-02-17,FP,6700.0,-149.60986328125,True,0.021842099954227256,
2026-02-17,FP,6925.0,75.39013671875,True,0.011006486241339708,
2026-02-17,FP,7000.0,150.39013671875,True,0.021956014973195437,
2026-02-17,FP,6900.0,50.39013671875,True,0.00735664333072128,
2026-02-17,FP,6840.0,-9.60986328125,False,0.0014029796547633255,
2026-02-17,FP,6845.0,-4.60986328125,False,0.0006730110726396177,
2026-02-17,FP,6750.0,-99.60986328125,True,0.014542414132990178,
2026-02-17,FN,6880.0,30.39013671875,False,0.0044367313385009766,19.0
2026-02-17,FN,6945.0,95.39013671875,False,0.013926386833190918,22.0
2026-02-17,FN,6725.0,-124.60986328125,True,0.01819223165512085,36.0
2026-02-17,FN,6790.0,-59.60986328125,False,0.008702635765075684,23.0
2026-02-17,FN,6760.0,-89.60986328125,False,0.013082504272460938,30.0
2026-02-17,FN,6890.0,40.39013671875,False,0.0058966875076293945,20.0
2026-02-17,FN,6865.0,15.39013671875,False,0.002246856689453125,17.0
2026-02-17,FN,6975.0,125.39013671875,True,0.01830613613128662,25.0
2026-02-18,FP,6880.0,36.9501953125,False,0.005399667745686898,
2026-02-18,FP,6825.0,-18.0498046875,True,0.0026376842493731623,
2026-02-18,FP,6865.0,21.9501953125,False,0.003207662656125043,
2026-02-18,FP,6870.0,26.9501953125,False,0.003938331019312402,
2026-02-18,FN,6760.0,-83.0498046875,False,0.012136399745941162,41.0
2026-02-18,FN,6890.0,46.9501953125,False,0.006860971450805664,12.0
2026-02-18,FN,6750.0,-93.0498046875,True,0.013597726821899414,15.0
2026-02-18,FN,6975.0,131.9501953125,True,0.01928234100341797,19.0
2026-02-19,FP,6855.0,-13.33984375,False,0.0019422224370768681,
2026-02-19,FP,6700.0,-168.33984375,True,0.024509539070520003,
2026-02-19,FP,6000.0,-868.33984375,True,0.12642645289897314,
2026-02-19,FP,6900.0,31.66015625,True,0.004609579166180877,
2026-02-19,FP,7000.0,131.66015625,True,0.019169138284531373,
2026-02-19,FP,6875.0,6.66015625,True,0.0009696893865933642,
2026-02-19,FN,6790.0,-78.33984375,False,0.01140594482421875,23.0
2026-02-19,FN,6760.0,-108.33984375,False,0.01577383279800415,58.0
2026-02-19,FN,6890.0,21.66015625,False,0.003153681755065918,18.0
2026-02-19,FN,6840.0,-28.33984375,False,0.004126131534576416,11.0
2026-02-19,FN,6750.0,-118.33984375,True,0.017229735851287842,12.0
2026-02-19,FN,6975.0,106.66015625,True,0.015529274940490723,26.0
2026-02-20,FP,6850.0,-48.97021484375,True,0.007098191950211108,
2026-02-20,FP,6920.0,21.02978515625,False,0.003048249883874421,
2026-02-20,FP,6890.0,-8.97021484375,False,0.0013002251878765358,
2026-02-20,FP,6700.0,-198.97021484375,True,0.02884056730896556,
2026-02-20,FP,6000.0,-898.97021484375,True,0.13030498564981996,
2026-02-20,FP,7000.0,101.02978515625,True,0.014644183408543343,
2026-02-20,FP,6905.0,6.02978515625,False,0.000874012347998887,
2026-02-20,FP,6910.0,11.02978515625,False,0.0015987581932908057,
2026-02-20,FN,7010.0,111.02978515625,False,0.016093730926513672,12.0
2026-02-20,FN,6825.0,-73.97021484375,True,0.010721921920776367,24.0
2026-02-20,FN,7020.0,121.02978515625,False,0.01754319667816162,37.0
2026-02-20,FN,6960.0,61.02978515625,False,0.008846163749694824,17.0
2026-02-20,FN,7025.0,126.02978515625,True,0.01826786994934082,30.0
2026-02-20,FN,7030.0,131.02978515625,False,0.01899266242980957,40.0
2026-02-20,FN,6970.0,71.02978515625,False,0.010295748710632324,20.0
2026-02-20,FN,6875.0,-23.97021484375,True,0.0034744739532470703,14.0
2026-02-23,FP,6600.0,-229.97021484375,True,0.03367074930194425,
2026-02-23,FP,6830.0,0.02978515625,False,4.360949654724777e-06,
2026-02-23,FP,6000.0,-829.97021484375,True,0.12151886300176751,
2026-02-23,FP,6835.0,5.02978515625,False,0.0007364285638198353,
2026-02-23,FP,7000.0,170.02978515625,True,0.02489465983127137,
2026-02-23,FP,6750.0,-79.97021484375,True,0.011708720876988377,
2026-02-23,FN,6725.0,-104.97021484375,True,0.015369057655334473,57.0
2026-02-23,FN,6790.0,-39.97021484375,False,0.005852162837982178,27.0
2026-02-23,FN,6760.0,-69.97021484375,False,0.010244607925415039,39.0
2026-02-23,FN,6890.0,60.02978515625,False,0.00878918170928955,14.0
2026-02-23,FN,6870.0,40.02978515625,False,0.00586092472076416,25.0
2026-02-23,FN,6975.0,145.02978515625,True,0.02123427391052246,16.0
2026-02-24,FP,6880.0,21.27001953125,False,0.003101160067799702,
2026-02-24,FP,6885.0,26.27001953125,False,0.003830158003895523,
2026-02-24,FP,6700.0,-158.72998046875,True,0.023142765631648632,
2026-02-24,FP,6895.0,36.27001953125,False,0.005288153876086943,
2026-02-24,FP,6000.0,-858.72998046875,True,0.12520247668505846,
2026-02-24,FP,6875.0,16.27001953125,True,0.002372162131703881,
2026-02-24,FN,6790.0,-68.72998046875,False,0.010020792484283447,40.0
2026-02-24,FN,6760.0,-98.72998046875,False,0.014394819736480713,55.0
2026-02-24,FN,6825.0,-33.72998046875,True,0.004917800426483154,20.0
2026-02-24,FN,7020.0,161.27001953125,False,0.023513078689575195,51.0
2026-02-24,FN,6910.0,51.27001953125,False,0.007475137710571289,13.0
2026-02-24,FN,6975.0,116.27001953125,True,0.016952157020568848,12.0
2026-02-25,FP,6945.0,17.81982421875,False,0.002572449938728516,
2026-02-25,FP,6955.0,27.81982421875,False,0.004016038779532938,
2026-02-25,FP,6960.0,32.81982421875,False,0.00473783319993526,
2026-02-25,FP,6940.0,12.81982421875,False,0.0018506555183261941,
2026-02-25,FP,6975.0,47.81982421875,True,0.006903216461142003,
2026-02-25,FN,7040.0,112.81982421875,False,0.016286492347717285,34.0
2026-02-25,FN,7020.0,92.81982421875,False,0.013399362564086914,30.0
2026-02-25,FN,6925.0,-2.18017578125,True,0.0003147125244140625,12.0
2026-02-25,FN,7025.0,97.81982421875,True,0.014121174812316895,13.0
2026-02-25,FN,6910.0,-17.18017578125,False,0.0024800896644592285,21.0
2026-02-26,FP,6950.0,38.0400390625,True,0.005503509753742808,
2026-02-26,FP,6920.0,8.0400390625,False,0.0011632068339426649,
2026-02-26,FP,6700.0,-211.9599609375,True,0.030665681244593124,
2026-02-26,FP,6925.0,13.0400390625,True,0.0018865906539093924,
2026-02-26,FP,6930.0,18.0400390625,False,0.00260997447387612,
2026-02-26,FN,6980.0,68.0400390625,False,0.009843826293945312,21.0
2026-02-26,FN,6825.0,-86.9599609375,True,0.012581110000610352,26.0
2026-02-26,FN,7020.0,108.0400390625,False,0.01563084125518799,52.0
2026-02-26,FN,6960.0,48.0400390625,False,0.006950259208679199,17.0
2026-02-26,FN,6975.0,63.0400390625,True,0.009120464324951172,13.0
2026-02-27,FP,6880.0,-5.75,False,0.0008350579094507093,
2026-02-27,FP,6860.0,-25.75,False,0.003739607159713887,
2026-02-27,FP,6700.0,-185.75,True,0.02697600116181975,
2026-02-27,FP,6000.0,-885.75,True,0.12863522492103252,
2026-02-27,FP,6865.0,-20.75,False,0.0030134698471481203,
2026-02-27,FP,6870.0,-15.75,False,0.0022873325345822426,
2026-02-27,FN,6825.0,-60.75,True,0.00882256031036377,25.0
2026-02-27,FN,6890.0,4.25,False,0.0006172657012939453,11.0
2026-02-27,FN,6770.0,-115.75,False,0.016810059547424316,85.0
2026-02-27,FN,6775.0,-110.75,True,0.016083955764770508,34.0
2026-02-27,FN,6910.0,24.25,False,0.0035218000411987305,19.0
2026-02-27,FN,6975.0,89.25,True,0.012961506843566895,17.0
2026-03-02,FP,6880.0,64.89990234375,False,0.00952295658372937,
2026-03-02,FP,6000.0,-815.10009765625,True,0.11960207274674772,
2026-03-02,FP,6700.0,-115.10009765625,True,0.016888981233868283,
2026-03-02,FP,6870.0,54.89990234375,False,0.00805562670497384,
2026-03-02,FN,6825.0,9.89990234375,True,0.0014526844024658203,26.0
2026-03-02,FN,6770.0,-45.10009765625,False,0.0066176652908325195,57.0
2026-03-02,FN,6830.0,14.89990234375,False,0.002186298370361328,35.0
2026-03-02,FN,6775.0,-40.10009765625,True,0.005883991718292236,36.0
2026-03-03,FP,6820.0,5.43017578125,False,0.0007968479186979405,
2026-03-03,FP,6825.0,10.43017578125,True,0.0015305699479637447,
2026-03-03,FP,6700.0,-114.56982421875,True,0.016812480783683914,
2026-03-03,FP,6000.0,-814.56982421875,True,0.11953356488091094,
2026-03-03,FP,6900.0,85.43017578125,True,0.012536400386952362,
2026-03-03,FP,7000.0,185.43017578125,True,0.027210840972270445,
2026-03-03,FN,6720.0,-94.56982421875,False,0.013877570629119873,71.0
2026-03-03,FN,6725.0,-89.56982421875,True,0.01314389705657959,62.0
2026-03-03,FN,6770.0,-44.56982421875,False,0.006540358066558838,54.0
2026-03-03,FN,6675.0,-139.56982421875,True,0.020481109619140625,70.0
2026-03-03,FN,6710.0,-104.56982421875,False,0.01534503698348999,65.0
2026-03-03,FN,6775.0,-39.56982421875,True,0.005806624889373779,25.0
2026-03-04,FP,6880.0,-1.58984375,False,0.0002310285538804635,
2026-03-04,FP,6885.0,3.41015625,False,0.0004955477335077951,
2026-03-04,FP,6700.0,-181.58984375,True,0.026387774899854555,
2026-03-04,FP,6000.0,-881.58984375,True,0.1281084551341981,
2026-03-04,FP,6900.0,18.41015625,True,0.002675276595672127,
2026-03-04,FP,6870.0,-11.58984375,False,0.0016841811286567587,
2026-03-04,FP,6875.0,-6.58984375,True,0.0009576048412686111,
2026-03-04,FN,6825.0,-56.58984375,True,0.008223354816436768,24.0
2026-03-04,FN,6925.0,43.41015625,True,0.006308197975158691,11.0
2026-03-04,FN,6910.0,28.41015625,False,0.004128456115722656,13.0
2026-03-04,FN,6770.0,-111.58984375,False,0.01621568202972412,55.0
2026-03-04,FN,6840.0,-41.58984375,False,0.006043612957000732,36.0
2026-03-04,FN,6750.0,-131.58984375,True,0.019122004508972168,12.0
2026-03-04,FN,6975.0,93.41015625,True,0.013573884963989258,14.0
2026-03-05,FP,6820.0,32.31005859375,False,0.004760096420529214,
2026-03-05,FP,6600.0,-187.68994140625,True,0.027651519593036245,
2026-03-05,FP,6825.0,37.31005859375,True,0.005496724057201252,
2026-03-05,FP,6000.0,-787.68994140625,True,0.11604683599366927,
2026-03-05,FP,7000.0,212.31005859375,True,0.031278691340719034,
2026-03-05,FN,6725.0,-62.68994140625,True,0.009235799312591553,52.0
2026-03-05,FN,6760.0,-27.68994140625,False,0.004079461097717285,59.0
2026-03-05,FN,6770.0,-17.68994140625,False,0.0026061534881591797,56.0
2026-03-05,FN,6710.0,-77.68994140625,False,0.011445701122283936,69.0
2026-03-05,FN,6775.0,-12.68994140625,True,0.0018695592880249023,26.0
2026-03-06,FP,6000.0,-709.18994140625,True,0.1057042575333027,
2026-03-06,FP,7000.0,290.81005859375,True,0.04334503287781355,
2026-03-06,FP,6740.0,30.81005859375,False,0.004592217370923413,
2026-03-06,FP,6950.0,240.81005859375,True,0.03589256835725774,
2026-03-06,FN,6650.0,-59.18994140625,True,0.008822202682495117,16.0
2026-03-06,FN,6770.0,60.81005859375,False,0.009063720703125,35.0
2026-03-06,FN,6675.0,-34.18994140625,True,0.005095958709716797,62.0
2026-03-06,FN,6575.0,-134.18994140625,True,0.020000934600830078,65.0
2026-03-09,FP,6500.0,-268.080078125,True,0.039609471967014254,
2026-03-09,FP,6600.0,-168.080078125,True,0.024834233074199075,
2026-03-09,FP,6825.0,56.919921875,True,0.00841005443463505,
2026-03-09,FP,6000.0,-768.080078125,True,0.11348566643109015,
2026-03-09,FP,7000.0,231.919921875,True,0.03426672249706164,
2026-03-09,FP,6750.0,-18.080078125,True,0.0026713747349763617,
2026-03-09,FN,6725.0,-43.080078125,True,0.006365180015563965,55.0
2026-03-09,FN,6760.0,-8.080078125,False,0.0011938214302062988,15.0
2026-03-09,FN,6770.0,1.919921875,False,0.0002837181091308594,18.0
2026-03-09,FN,6675.0,-93.080078125,True,0.01375281810760498,72.0
2026-03-09,FN,6710.0,-58.080078125,False,0.008581459522247314,73.0
2026-03-09,FN,6650.0,-118.080078125,True,0.01744663715362549,22.0
2026-03-10,FP,6790.0,48.759765625,False,0.007233055629194629,
2026-03-10,FP,6950.0,208.759765625,True,0.030967560621929735,
2026-03-10,FP,6600.0,-141.240234375,True,0.020951669049678157,
2026-03-10,FP,6000.0,-741.240234375,True,0.10995606277243475,
2026-03-10,FP,6800.0,58.759765625,True,0.00871646219124056,
2026-03-10,FP,6775.0,33.759765625,True,0.005007945786125845,
2026-03-10,FP,7000.0,258.759765625,True,0.03838459343215961,
2026-03-10,FP,6780.0,38.759765625,False,0.005749649067148699,
2026-03-10,FN,6625.0,-116.240234375,True,0.017243146896362305,75.0
2026-03-10,FN,6725.0,-16.240234375,True,0.0024091005325317383,46.0
2026-03-10,FN,6760.0,18.759765625,False,0.0027828216552734375,37.0
2026-03-10,FN,6920.0,178.759765625,False,0.026517391204833984,20.0
2026-03-10,FN,6770.0,28.759765625,False,0.004266262054443359,19.0
2026-03-10,FN,6675.0,-66.240234375,True,0.009826123714447021,66.0
2026-03-10,FN,6710.0,-31.240234375,False,0.004634201526641846,64.0
2026-03-10,FN,6650.0,-91.240234375,True,0.01353466510772705,18.0
2026-03-11,FP,6950.0,179.22021484375,True,0.02646965645473487,
2026-03-11,FP,6600.0,-170.77978515625,True,0.02522306005737396,
2026-03-11,FP,6000.0,-770.77978515625,True,0.1138391455067036,
2026-03-11,FP,6775.0,4.22021484375,True,0.0006232981986804553,
2026-03-11,FP,7000.0,229.22021484375,True,0.03385433024217899,
2026-03-11,FP,6780.0,9.22021484375,False,0.001361765577424956,
2026-03-11,FN,6625.0,-145.77978515625,True,0.021530747413635254,69.0
2026-03-11,FN,6725.0,-45.77978515625,True,0.006761372089385986,38.0
2026-03-11,FN,6675.0,-95.77978515625,True,0.014146029949188232,50.0
2026-03-11,FN,6710.0,-60.77978515625,False,0.008976757526397705,54.0
2026-03-11,FN,6650.0,-120.77978515625,True,0.017838358879089355,18.0
2026-03-11,FN,6910.0,139.22021484375,False,0.020561933517456055,23.0
2026-03-12,FP,6950.0,275.52978515625,True,0.04128114686068751,
2026-03-12,FP,6800.0,125.52978515625,True,0.01880745304355047,
2026-03-12,FP,6000.0,-674.47021484375,True,0.10105224731451434,
2026-03-12,FP,6900.0,225.52978515625,True,0.03378991558830857,
2026-03-12,FP,7000.0,325.52978515625,True,0.048772378133066674,
2026-03-12,FP,6650.0,-24.47021484375,True,0.003666240773586682,
2026-03-12,FN,6625.0,-49.47021484375,True,0.007411837577819824,46.0
2026-03-12,FN,6725.0,50.52978515625,True,0.007570624351501465,26.0
2026-03-12,FN,6575.0,-99.47021484375,True,0.014903068542480469,20.0
2026-03-12,FN,6770.0,95.52978515625,False,0.014312744140625,23.0
2026-03-12,FN,6550.0,-124.47021484375,True,0.01864868402481079,14.0
2026-03-12,FN,6775.0,100.52978515625,True,0.01506185531616211,19.0
2026-03-13,FP,6000.0,-622.43017578125,True,0.09398818247378826,
2026-03-13,FP,6800.0,177.56982421875,True,0.026813393196373214,
2026-03-13,FP,6900.0,277.56982421875,True,0.04191359015514351,
2026-03-13,FP,7000.0,377.56982421875,True,0.05701378711391358,
2026-03-13,FP,6620.0,-2.43017578125,False,0.0003669613294130514,
2026-03-13,FN,6725.0,102.56982421875,True,0.015488266944885254,26.0
2026-03-13,FN,6475.0,-147.43017578125,True,0.022262275218963623,15.0
2026-03-13,FN,6575.0,-47.43017578125,True,0.007162034511566162,24.0
2026-03-13,FN,6770.0,147.56982421875,False,0.022283315658569336,28.0
2026-03-13,FN,6550.0,-72.43017578125,True,0.010937094688415527,17.0
2026-03-16,FP,6690.0,-14.93017578125,False,0.002226745900379301,
2026-03-16,FP,6695.0,-9.93017578125,False,0.0014810259795274838,
2026-03-16,FP,6900.0,195.06982421875,True,0.029093490775393693,
2026-03-16,FP,7000.0,295.06982421875,True,0.04400788919242826,
2026-03-16,FP,6750.0,45.06982421875,True,0.006721893149841618,
2026-03-16,FN,6625.0,-79.93017578125,True,0.011921107769012451,29.0
2026-03-16,FN,6725.0,20.06982421875,True,0.002993345260620117,14.0
2026-03-16,FN,6575.0,-129.93017578125,True,0.019378304481506348,37.0
2026-03-16,FN,6675.0,-29.93017578125,True,0.004463911056518555,20.0
2026-03-16,FN,6550.0,-154.93017578125,True,0.023106932640075684,19.0
2026-03-17,FP,6720.0,-17.47998046875,False,0.0025944389474139573,
2026-03-17,FP,6700.0,-37.47998046875,True,0.005562907879118062,
2026-03-17,FP,6900.0,162.52001953125,True,0.024121781437923095,
2026-03-17,FP,6710.0,-27.47998046875,False,0.004078673413266065,
2026-03-17,FP,6775.0,37.52001953125,True,0.005568850614772414,
2026-03-17,FP,6715.0,-22.47998046875,False,0.0033365561803400112,
2026-03-17,FN,6625.0,-112.47998046875,True,0.01669466495513916,37.0
2026-03-17,FN,6860.0,122.52001953125,False,0.018184900283813477,32.0
2026-03-17,FN,6830.0,92.52001953125,False,0.013732194900512695,22.0
2026-03-17,FN,6575.0,-162.47998046875,True,0.02411586046218872,49.0
2026-03-17,FN,6770.0,32.52001953125,False,0.004826784133911133,14.0
2026-03-17,FN,6675.0,-62.47998046875,True,0.0092734694480896,24.0
2026-03-18,FP,6640.0,16.56982421875,False,0.0025016983313779217,
2026-03-18,FP,6635.0,11.56982421875,False,0.0017468024742006705,
2026-03-18,FP,6620.0,-3.43017578125,False,0.0005178850973310833,
2026-03-18,FP,6630.0,6.56982421875,False,0.0009919066170234192,
2026-03-18,FN,6525.0,-98.43017578125,True,0.014860928058624268,41.0
2026-03-18,FN,6770.0,146.56982421875,False,0.022128939628601074,27.0
2026-03-18,FN,6475.0,-148.43017578125,True,0.02240985631942749,14.0
2026-03-18,FN,6725.0,101.56982421875,True,0.01533496379852295,16.0
2026-03-19,FP,6000.0,-614.3798828125,True,0.0928854849127988,
2026-03-19,FP,7000.0,385.6201171875,True,0.05830026760173479,
2026-03-19,FP,6630.0,15.6201171875,False,0.0023615391713573963,
2026-03-19,FN,6675.0,60.6201171875,True,0.009164929389953613,19.0
2026-03-19,FN,6450.0,-164.3798828125,True,0.02485191822052002,16.0
2026-03-19,FN,6475.0,-139.3798828125,True,0.02107226848602295,13.0
2026-03-20,FP,6400.0,-81.7900390625,True,0.012618433884712732,
2026-03-20,FP,6510.0,28.2099609375,False,0.00435218678289373,
2026-03-20,FP,6480.0,-1.7900390625,False,0.0002761643082717091,
2026-03-20,FP,6000.0,-481.7900390625,True,0.07432978176691818,
2026-03-20,FP,6485.0,3.2099609375,False,0.0004952275402558826,
2026-03-20,FP,7000.0,518.2099609375,True,0.0799485879385955,
2026-03-20,FP,6490.0,8.2099609375,False,0.0012666193887833632,
2026-03-20,FN,6625.0,143.2099609375,True,0.022094249725341797,39.0
2026-03-20,FN,6375.0,-106.7900390625,True,0.016475379467010498,24.0
2026-03-20,FN,6350.0,-131.7900390625,True,0.02033233642578125,22.0
2026-03-20,FN,6325.0,-156.7900390625,True,0.024189293384552002,34.0
2026-03-20,FN,6550.0,68.2099609375,True,0.010523319244384766,13.0
2026-03-20,FN,6425.0,-56.7900390625,True,0.008761465549468994,17.0
2026-03-20,FN,6650.0,168.2099609375,True,0.025951147079467773,18.0
2026-03-23,FP,6605.0,8.35986328125,False,0.0012672910918267721,
2026-03-23,FP,6000.0,-596.64013671875,True,0.09044606411037692,
2026-03-23,FP,6610.0,13.35986328125,False,0.002025252705067926,
2026-03-23,FP,7000.0,403.35986328125,True,0.06114625853789346,
2026-03-23,FP,6750.0,153.35986328125,True,0.023248177875826004,
2026-03-23,FN,6725.0,128.35986328125,True,0.019458413124084473,31.0
2026-03-23,FN,6575.0,-21.64013671875,True,0.003280460834503174,21.0
2026-03-23,FN,6450.0,-146.64013671875,True,0.022229492664337158,15.0
2026-03-23,FN,6425.0,-171.64013671875,True,0.02601933479309082,36.0
2026-03-23,FN,6525.0,-71.64013671875,True,0.010860085487365723,38.0
2026-03-24,FP,6000.0,-524.0498046875,True,0.08032584366706896,
2026-03-24,FP,7000.0,475.9501953125,True,0.07295318238841952,
2026-03-24,FP,6750.0,225.9501953125,True,0.03463342587454732,
2026-03-24,FN,6525.0,0.9501953125,True,0.0001456737518310547,28.0
2026-03-24,FN,6450.0,-74.0498046875,True,0.011350274085998535,12.0
2026-03-24,FN,6725.0,200.9501953125,True,0.03080141544342041,31.0
2026-03-25,FP,6700.0,74.41015625,True,0.011230721793047849,
2026-03-25,FP,6000.0,-625.58984375,True,0.09442024914055414,
2026-03-25,FP,6580.0,-45.58984375,False,0.006880873224140993,
2026-03-25,FP,7000.0,374.41015625,True,0.056509709336020286,
2026-03-25,FP,6585.0,-40.58984375,False,0.006126223431758171,
2026-03-25,FN,6725.0,99.41015625,True,0.01500391960144043,26.0
2026-03-25,FN,6450.0,-175.58984375,True,0.026501774787902832,14.0
2026-03-25,FN,6710.0,84.41015625,False,0.012740015983581543,22.0
2026-03-25,FN,6425.0,-200.58984375,True,0.03027498722076416,36.0
2026-03-25,FN,6525.0,-100.58984375,True,0.015182018280029297,37.0
2026-03-26,FP,6470.0,2.66015625,False,0.00041132155016887495,
2026-03-26,FP,6700.0,232.66015625,True,0.035974629735105346,
2026-03-26,FP,6000.0,-467.33984375,True,0.07226152561035348,
2026-03-26,FP,6480.0,12.66015625,False,0.0019575523408181805,
2026-03-26,FP,6485.0,17.66015625,False,0.0027306677361429443,
2026-03-26,FP,6490.0,22.66015625,False,0.003503783131467708,
2026-03-26,FN,6375.0,-92.33984375,True,0.014277875423431396,18.0
2026-03-26,FN,6350.0,-117.33984375,True,0.01814347505569458,14.0
2026-03-26,FN,6450.0,-17.33984375,True,0.002681136131286621,11.0
2026-03-26,FN,6425.0,-42.33984375,True,0.006546735763549805,21.0
2026-03-26,FN,6650.0,182.66015625,True,0.028243422508239746,16.0
2026-03-26,FN,6300.0,-167.33984375,True,0.025874614715576172,13.0
2026-03-27,FP,6370.0,17.77978515625,False,0.002798987527967478,
2026-03-27,FP,6600.0,247.77978515625,True,0.03900680026445591,
2026-03-27,FP,6000.0,-352.22021484375,True,0.05544836339594905,
2026-03-27,FP,6355.0,2.77978515625,False,0.00043760843645723746,
2026-03-27,FP,6360.0,7.77978515625,False,0.0012247348002940583,
2026-03-27,FN,6275.0,-77.22021484375,True,0.012156426906585693,22.0
2026-03-27,FN,6250.0,-102.22021484375,True,0.01609206199645996,11.0
2026-03-27,FN,6450.0,97.77978515625,True,0.01539301872253418,15.0
2026-03-27,FN,6550.0,197.77978515625,True,0.03113555908203125,13.0
2026-03-27,FN,6200.0,-152.22021484375,True,0.023963332176208496,14.0
2026-03-30,FP,6000.0,-344.4501953125,True,0.05429157526793915,
2026-03-30,FP,6475.0,130.5498046875,True,0.020577008356682303,
2026-03-30,FP,6340.0,-4.4501953125,False,0.0007014311997890488,
2026-03-30,FP,6325.0,-19.4501953125,True,0.0030657022616191743,
2026-03-30,FN,6225.0,-119.4501953125,True,0.018827497959136963,23.0
2026-03-30,FN,6450.0,105.5498046875,True,0.01663661003112793,13.0
2026-03-30,FN,6275.0,-69.4501953125,True,0.01094663143157959,15.0
2026-03-30,FN,6150.0,-194.4501953125,True,0.030648887157440186,20.0
2026-03-31,FP,6530.0,30.58984375,False,0.004706556905103687,
2026-03-31,FP,6535.0,35.58984375,False,0.0054758574846636154,
2026-03-31,FP,6700.0,200.58984375,True,0.030862776610137033,
2026-03-31,FP,6000.0,-499.41015625,True,0.0768393045282354,
2026-03-31,FP,6515.0,15.58984375,False,0.002398655166424346,
2026-03-31,FP,6520.0,20.58984375,False,0.0031679557459840524,
2026-03-31,FN,6375.0,-124.41015625,True,0.019141733646392822,25.0
2026-03-31,FN,6475.0,-24.41015625,True,0.0037557482719421387,24.0
2026-03-31,FN,6380.0,-119.41015625,False,0.01837247610092163,55.0
2026-03-31,FN,6605.0,105.58984375,False,0.01624608039855957,20.0
2026-03-31,FN,6425.0,-74.41015625,True,0.01144874095916748,33.0
2026-03-31,FN,6650.0,150.58984375,True,0.023169755935668945,14.0
2026-04-01,FP,6600.0,18.81005859375,True,0.002858154643950339,
2026-04-01,FP,6575.0,-6.18994140625,True,0.0009405504872767034,
2026-04-01,FP,6000.0,-581.18994140625,True,0.08831076850549968,
2026-04-01,FP,6800.0,218.81005859375,True,0.033247795693767124,
2026-04-01,FP,6580.0,-1.18994140625,False,0.0001808094610312727,
2026-04-01,FP,6585.0,3.81005859375,False,0.000578931565214269,
2026-04-01,FP,6590.0,8.81005859375,False,0.0013386725914594777,
2026-04-01,FN,6690.0,108.81005859375,False,0.016533493995666504,18.0
2026-04-01,FN,6570.0,-11.18994140625,False,0.001700282096862793,13.0
2026-04-01,FN,6475.0,-106.18994140625,True,0.01613539457321167,34.0
2026-04-01,FN,6605.0,23.81005859375,False,0.00361788272857666,16.0
2026-04-01,FN,6670.0,88.81005859375,False,0.013494491577148438,26.0
2026-04-01,FN,6545.0,-36.18994140625,False,0.005499005317687988,49.0
2026-04-01,FN,6425.0,-156.18994140625,True,0.023732781410217285,38.0
2026-04-02,FP,6560.0,-26.740234375,False,0.0040597068388165125,
2026-04-02,FP,6570.0,-16.740234375,False,0.0025415051724122506,
2026-04-02,FP,6575.0,-11.740234375,True,0.0017824043392101752,
2026-04-02,FP,6000.0,-586.740234375,True,0.08907900015745407,
2026-04-02,FP,6550.0,-36.740234375,True,0.005577908505220774,
2026-04-02,FP,6650.0,63.259765625,True,0.009604108158821623,
2026-04-02,FN,6375.0,-211.740234375,True,0.032146453857421875,50.0
2026-04-02,FN,6475.0,-111.740234375,True,0.016964435577392578,30.0
2026-04-02,FN,6605.0,18.259765625,False,0.002772212028503418,17.0
2026-04-02,FN,6670.0,83.259765625,False,0.01264047622680664,45.0
2026-04-02,FN,6525.0,-61.740234375,True,0.00937342643737793,23.0
2026-04-02,FN,6750.0,163.259765625,True,0.02478611469268799,12.0
2026-04-06,FP,6400.0,-198.4501953125,True,0.030075273653422108,
2026-04-06,FP,6600.0,1.5498046875,True,0.00023487404490851738,
2026-04-06,FP,6000.0,-598.4501953125,True,0.09069556905008325,
2026-04-06,FP,6800.0,201.5498046875,True,0.03054502174323903,
2026-04-06,FP,6550.0,-48.4501953125,True,0.007342662879674222,
2026-04-06,FP,7000.0,401.5498046875,True,0.060855169441569545,
2026-04-06,FN,6725.0,126.5498046875,True,0.01917874813079834,17.0
2026-04-06,FN,6475.0,-123.4501953125,True,0.01870894432067871,30.0
2026-04-06,FN,6670.0,71.5498046875,False,0.010843396186828613,35.0
2026-04-06,FN,6675.0,76.5498046875,True,0.01160120964050293,16.0
2026-04-06,FN,6460.0,-138.4501953125,False,0.020982205867767334,32.0
2026-04-06,FN,6525.0,-73.4501953125,True,0.0111314058303833,24.0
2026-04-07,FP,6595.0,49.14990234375,False,0.0075085591039349975,
2026-04-07,FP,6605.0,59.14990234375,False,0.009036244561257067,
2026-04-07,FP,6800.0,254.14990234375,True,0.03882611097903821,
2026-04-07,FP,6000.0,-545.85009765625,True,0.08338872560673094,
2026-04-07,FP,6610.0,64.14990234375,False,0.009800087289917991,
2026-04-07,FN,6730.0,184.14990234375,False,0.028132319450378418,25.0
2026-04-07,FN,6670.0,124.14990234375,False,0.018966197967529297,50.0
2026-04-07,FN,6575.0,29.14990234375,True,0.004453182220458984,20.0
2026-04-07,FN,6450.0,-95.85009765625,True,0.014642894268035889,11.0
2026-04-07,FN,6525.0,-20.85009765625,True,0.0031852126121520996,31.0
2026-04-08,FP,6785.0,7.10986328125,False,0.0010489788323260196,
2026-04-08,FP,6760.0,-17.89013671875,False,0.0026394846121555737,
2026-04-08,FP,6770.0,-7.89013671875,False,0.001164099234362892,
2026-04-08,FP,7000.0,222.10986328125,True,0.032769764454868566,
2026-04-08,FP,6780.0,2.10986328125,False,0.0003112861434297898,
2026-04-08,FP,6750.0,-27.89013671875,True,0.0041148699899482555,
2026-04-08,FN,6825.0,47.10986328125,True,0.006950497627258301,11.0
2026-04-08,FN,6670.0,-107.89013671875,False,0.015917956829071045,44.0
2026-04-08,FN,6740.0,-37.89013671875,False,0.005590260028839111,13.0
2026-04-08,FN,6810.0,32.10986328125,False,0.004737496376037598,14.0
2026-04-08,FN,6650.0,-127.89013671875,True,0.018868744373321533,12.0
2026-04-08,FN,6875.0,97.10986328125,True,0.014327406883239746,15.0
2026-04-09,FP,6820.0,3.64013671875,False,0.000534029422119886,
2026-04-09,FP,6830.0,13.64013671875,False,0.0020010881162872973,
2026-04-09,FP,6800.0,-16.35986328125,True,0.0024000879662147145,
2026-04-09,FP,7000.0,183.64013671875,True,0.026941085917131957,
2026-04-09,FP,6840.0,23.64013671875,False,0.0034681468104547086,
2026-04-09,FN,6950.0,133.64013671875,True,0.01960575580596924,13.0
2026-04-09,FN,6925.0,108.64013671875,True,0.015938162803649902,14.0
2026-04-09,FN,6740.0,-76.35986328125,False,0.011202454566955566,30.0
2026-04-09,FN,6775.0,-41.35986328125,True,0.006067752838134766,16.0
2026-04-09,FN,6875.0,58.64013671875,True,0.00860285758972168,11.0
2026-04-10,FP,6820.0,20.41015625,False,0.0030016746184713394,
2026-04-10,FP,6800.0,0.41015625,True,6.0320733959784434e-05,
2026-04-10,FP,7000.0,200.41015625,True,0.029473859579076223,
2026-04-10,FP,6810.0,10.41015625,False,0.001530997676215451,
2026-04-10,FP,6815.0,15.41015625,False,0.002266336147343395,
2026-04-10,FN,6925.0,125.41015625,True,0.018443822860717773,14.0
2026-04-10,FN,6895.0,95.41015625,False,0.014031767845153809,81.0
2026-04-10,FN,6775.0,-24.58984375,True,0.0036163926124572754,18.0
2026-04-10,FN,6840.0,40.41015625,False,0.0059430599212646484,16.0
2026-04-10,FN,6910.0,110.41015625,False,0.016237735748291016,39.0
2026-04-13,FP,6860.0,7.6201171875,False,0.001112039512960017,
2026-04-13,FP,6700.0,-152.3798828125,True,0.022237512429033157,
2026-04-13,FP,6900.0,47.6201171875,True,0.006949427498458283,
2026-04-13,FP,6870.0,17.6201171875,False,0.002571386509334639,
2026-04-13,FP,6750.0,-102.3798828125,True,0.01494077744716027,
2026-04-13,FN,7010.0,157.6201171875,False,0.023002266883850098,33.0
2026-04-13,FN,6825.0,-27.3798828125,True,0.003995656967163086,13.0
2026-04-13,FN,6775.0,-77.3798828125,True,0.01129239797592163,19.0
2026-04-13,FN,6910.0,57.6201171875,False,0.008408784866333008,24.0
2026-04-13,FN,6975.0,122.6201171875,True,0.017894506454467773,16.0
2026-04-14,FP,6960.0,-9.22998046875,False,0.0013243902833766086,
2026-04-14,FP,6970.0,0.77001953125,False,0.00011048846621619646,
2026-04-14,FP,6965.0,-4.22998046875,False,0.0006069509085802061,
2026-04-14,FP,6950.0,-19.22998046875,True,0.0027592690329695246,
2026-04-14,FN,7025.0,55.77001953125,True,0.008002281188964844,11.0
2026-04-14,FN,7010.0,40.77001953125,False,0.005849957466125488,15.0
2026-04-14,FN,7075.0,105.77001953125,True,0.015176773071289062,31.0
2026-04-14,FN,6875.0,-94.22998046875,True,0.01352083683013916,12.0
2026-04-15,FP,7015.0,5.83984375,False,0.0008331731077357851,
2026-04-15,FP,7020.0,10.83984375,False,0.0015465253337569873,
2026-04-15,FP,6900.0,-109.16015625,True,0.015573928090751754,
2026-04-15,FP,7030.0,20.83984375,False,0.0029732297857991696,
2026-04-15,FP,7005.0,-4.16015625,False,0.0005935313443067303,
2026-04-15,FN,7075.0,65.83984375,True,0.009393453598022461,18.0
2026-04-15,FN,6925.0,-84.16015625,True,0.012007176876068115,14.0
2026-04-15,FN,7090.0,80.83984375,False,0.011533498764038086,46.0
2026-04-15,FN,7125.0,115.83984375,True,0.01652693748474121,30.0
2026-04-15,FN,6975.0,-34.16015625,True,0.00487363338470459,11.0
2026-04-16,FP,7040.0,0.64013671875,False,9.093677993199378e-05,
2026-04-16,FP,7045.0,5.64013671875,False,0.0008012286384404543,
2026-04-16,FP,6950.0,-89.35986328125,True,0.012694316673220407,
2026-04-16,FP,6900.0,-139.35986328125,True,0.019797235258305235,
2026-04-16,FP,7030.0,-9.35986328125,False,0.0013296469370848163,
2026-04-16,FP,7035.0,-4.35986328125,False,0.0006193550785763557,
2026-04-16,FN,7075.0,35.64013671875,True,0.0050629377365112305,13.0
2026-04-16,FN,7110.0,70.64013671875,False,0.010035037994384766,36.0
2026-04-16,FN,6925.0,-114.35986328125,True,0.016245782375335693,19.0
2026-04-16,FN,7150.0,110.64013671875,True,0.015717387199401855,11.0
2026-04-16,FN,7125.0,85.64013671875,True,0.01216590404510498,28.0
2026-04-16,FN,6975.0,-64.35986328125,True,0.009142875671386719,14.0
2026-04-17,FP,6950.0,-192.7099609375,True,0.02697995046577617,
2026-04-17,FP,7115.0,-27.7099609375,False,0.0038794744696399874,
2026-04-17,FP,7120.0,-22.7099609375,False,0.003179460045514615,
2026-04-17,FP,7000.0,-142.7099609375,True,0.019979806224522778,
2026-04-17,FP,7130.0,-12.7099609375,False,0.001779431197263981,
2026-04-17,FP,7100.0,-42.7099609375,True,0.005979517742015994,
2026-04-17,FN,7010.0,-132.7099609375,False,0.01857978105545044,23.0
2026-04-17,FN,7075.0,-67.7099609375,True,0.0094795823097229,18.0
2026-04-17,FN,7175.0,32.2900390625,True,0.0045206546783447266,11.0
2026-04-17,FN,7025.0,-117.7099609375,True,0.0164797306060791,17.0
2026-04-17,FN,7060.0,-82.7099609375,False,0.011579632759094238,26.0
2026-04-17,FN,7225.0,82.2900390625,True,0.011520862579345703,20.0
2026-04-20,FP,7105.0,-0.0498046875,False,7.00975909662116e-06,
2026-04-20,FP,6950.0,-155.0498046875,True,0.021822479637680692,
2026-04-20,FP,7110.0,4.9501953125,False,0.0006967150756964635,
2026-04-20,FP,7150.0,44.9501953125,True,0.006326513754040697,
2026-04-20,FP,6900.0,-205.0498046875,True,0.028859727985610983,
2026-04-20,FP,7095.0,-10.0498046875,False,0.0014144594286826795,
2026-04-20,FN,7010.0,-95.0498046875,False,0.013377785682678223,23.0
2026-04-20,FN,7075.0,-30.0498046875,True,0.004229366779327393,15.0
2026-04-20,FN,7210.0,104.9501953125,False,0.014771223068237305,60.0
2026-04-20,FN,7025.0,-80.0498046875,True,0.011266589164733887,13.0
2026-04-20,FN,7125.0,19.9501953125,True,0.0028078556060791016,11.0
2026-04-20,FN,7225.0,119.9501953125,True,0.01688241958618164,27.0
2026-04-21,FP,7025.0,-39.8798828125,True,0.005644806914484102,
2026-04-21,FP,6900.0,-164.8798828125,True,0.023337959816361664,
2026-04-21,FP,7060.0,-4.8798828125,False,0.0006907241019584731,
2026-04-21,FP,7070.0,5.1201171875,False,0.0007247281301916431,
2026-04-21,FN,6975.0,-89.8798828125,True,0.01272207498550415,23.0
2026-04-21,FN,7125.0,60.1201171875,True,0.00850975513458252,20.0
2026-04-21,FN,7190.0,125.1201171875,False,0.017710208892822266,50.0
2026-04-21,FN,7175.0,110.1201171875,True,0.0155869722366333,30.0
2026-04-22,FP,7140.0,8.5400390625,False,0.0011975162321991029,
2026-04-22,FP,6950.0,-181.4599609375,True,0.025444994703951895,
2026-04-22,FP,7150.0,18.5400390625,True,0.002599753649891179,
2026-04-22,FP,7120.0,-11.4599609375,False,0.0016069586031852712,
2026-04-22,FP,6900.0,-231.4599609375,True,0.03245618179241272,
2026-04-22,FP,7000.0,-131.4599609375,True,0.018433807615491182,
2026-04-22,FN,7075.0,-56.4599609375,True,0.007917046546936035,17.0
2026-04-22,FN,7175.0,43.5400390625,True,0.006105303764343262,13.0
2026-04-22,FN,7025.0,-106.4599609375,True,0.014928221702575684,14.0
2026-04-22,FN,7250.0,118.5400390625,True,0.016622185707092285,12.0
2026-04-22,FN,7060.0,-71.4599609375,False,0.01002037525177002,24.0
2026-04-22,FN,7225.0,93.5400390625,True,0.01311647891998291,21.0
2026-04-23,FP,7105.0,6.06005859375,False,0.0008536568338046724,
2026-04-23,FP,7110.0,11.06005859375,False,0.0015579873452991055,
2026-04-23,FP,6950.0,-148.93994140625,True,0.02098058902252753,
2026-04-23,FP,7090.0,-8.93994140625,False,0.0012593347006791822,
2026-04-23,FP,6900.0,-198.93994140625,True,0.028023894137473304,
2026-04-23,FP,7130.0,31.06005859375,False,0.004375309391277504,
2026-04-23,FN,7010.0,-88.93994140625,False,0.012528598308563232,35.0
2026-04-23,FN,7175.0,76.06005859375,True,0.010714292526245117,19.0
2026-04-23,FN,7025.0,-73.93994140625,True,0.010415613651275635,14.0
2026-04-23,FN,7125.0,26.06005859375,True,0.003670930862426758,11.0
2026-04-23,FN,7225.0,126.06005859375,True,0.017757534980773926,32.0
2026-04-23,FN,6975.0,-123.93994140625,True,0.01745891571044922,30.0
2026-04-24,FP,7170.0,-0.740234375,False,0.00010322984110500144,
2026-04-24,FP,7155.0,-15.740234375,False,0.002195064088299392,
2026-04-24,FP,7000.0,-170.740234375,True,0.02381068464264091,
2026-04-24,FP,7165.0,-5.740234375,False,0.0008005079235031687,
2026-04-24,FP,7160.0,-10.740234375,False,0.001497786005901225,
2026-04-24,FN,7075.0,-95.740234375,True,0.013351500034332275,23.0
2026-04-24,FN,7275.0,104.259765625,True,0.014539599418640137,25.0
2026-04-24,FN,7090.0,-80.740234375,False,0.011259675025939941,27.0
2026-04-24,FN,7125.0,-45.740234375,True,0.0063787102699279785,15.0
2026-04-24,FN,7225.0,54.259765625,True,0.00756680965423584,16.0
2026-04-27,FP,7170.0,30.77978515625,False,0.004311365139326062,
2026-04-27,FP,7180.0,40.77978515625,False,0.005712078340357252,
2026-04-27,FP,7185.0,45.77978515625,False,0.0064124349408729575,
2026-04-27,FP,6900.0,-239.22021484375,True,0.03350789128851461,
2026-04-27,FP,7000.0,-139.22021484375,True,0.01950075927820316,
2026-04-27,FP,7100.0,-39.22021484375,True,0.005493627267891821,
2026-04-27,FN,7075.0,-64.22021484375,True,0.008995413780212402,22.0
2026-04-27,FN,7300.0,160.77978515625,True,0.02252066135406494,11.0
2026-04-27,FN,7210.0,70.77978515625,False,0.009914159774780273,45.0
2026-04-27,FN,7275.0,135.77978515625,True,0.019018888473510742,19.0
2026-04-27,FN,7125.0,-14.22021484375,True,0.001991868019104004,14.0
2026-04-27,FN,7225.0,85.77978515625,True,0.012015342712402344,15.0
2026-04-28,FP,7140.0,-4.7001953125,False,0.0006578575985013435,
2026-04-28,FP,7145.0,0.2998046875,False,4.1961828950665137e-05,
2026-04-28,FP,6900.0,-244.7001953125,True,0.03424919011619876,
2026-04-28,FP,7000.0,-144.7001953125,True,0.02025280156715814,
2026-04-28,FP,7100.0,-44.7001953125,True,0.006256413018117524,
2026-04-28,FP,7135.0,-9.7001953125,False,0.0013576770259533522,
2026-04-28,FN,7075.0,-69.7001953125,True,0.009755492210388184,17.0
2026-04-28,FN,7175.0,30.2998046875,True,0.004240870475769043,14.0
2026-04-28,FN,7210.0,65.2998046875,False,0.009139657020568848,38.0
2026-04-28,FN,7025.0,-119.7001953125,True,0.016753733158111572,16.0
2026-04-28,FN,7250.0,105.2998046875,True,0.014738202095031738,13.0
2026-04-28,FN,7225.0,80.2998046875,True,0.011239051818847656,15.0
2026-04-29,FP,7140.0,0.43017578125,False,6.025233898410143e-05,
2026-04-29,FP,7120.0,-19.56982421875,False,0.002741036883253889,
2026-04-29,FP,6900.0,-239.56982421875,True,0.03355521832787245,
2026-04-29,FP,7000.0,-139.56982421875,True,0.019548772216682164,
2026-04-29,FP,7130.0,-9.56982421875,False,0.0013403922721348938,
2026-04-29,FP,7135.0,-4.56982421875,False,0.0006400699665752851,
2026-04-29,FN,7075.0,-64.56982421875,True,0.00904393196105957,17.0
2026-04-29,FN,7270.0,130.43017578125,False,0.018268585205078125,66.0
2026-04-29,FN,7175.0,35.43017578125,True,0.004962563514709473,14.0
2026-04-29,FN,7210.0,70.43017578125,False,0.00986480712890625,44.0
2026-04-29,FN,7250.0,110.43017578125,True,0.015467286109924316,13.0
2026-04-29,FN,7220.0,80.43017578125,False,0.011265397071838379,52.0
2026-04-30,FP,7000.0,-189.5400390625,True,0.026363305306415064,
2026-04-30,FP,7050.0,-139.5400390625,True,0.019408757487175188,
2026-04-30,FP,7220.0,30.4599609375,False,0.0042367050982403676,
2026-04-30,FP,7205.0,15.4599609375,False,0.0021503407524685603,
2026-04-30,FN,7275.0,85.4599609375,True,0.01188671588897705,14.0
2026-04-30,FN,7325.0,135.4599609375,True,0.018841266632080078,21.0
2026-04-30,FN,7310.0,120.4599609375,False,0.016754865646362305,33.0
2026-04-30,FN,7175.0,-14.5400390625,True,0.002022385597229004,16.0
2026-05-01,FP,7235.0,-22.68994140625,False,0.003126331048781794,
2026-05-01,FP,7245.0,-12.68994140625,False,0.001748482162878262,
2026-05-01,FP,7250.0,-7.68994140625,True,0.001059557719926496,
2026-05-01,FP,7000.0,-257.68994140625,True,0.03550577986751524,
2026-05-01,FP,7100.0,-157.68994140625,True,0.02172729100847981,
2026-05-01,FP,7230.0,-27.68994140625,False,0.00381525549173356,
2026-05-01,FN,7175.0,-82.68994140625,True,0.011393427848815918,19.0
2026-05-01,FN,7275.0,17.31005859375,True,0.0023850202560424805,16.0
2026-05-01,FN,7310.0,52.31005859375,False,0.007207512855529785,21.0
2026-05-01,FN,7125.0,-132.68994140625,True,0.018282651901245117,18.0
2026-05-01,FN,7225.0,-32.68994140625,True,0.004504203796386719,12.0
2026-05-01,FN,7325.0,67.31005859375,True,0.00927436351776123,17.0
2026-05-04,FP,7200.0,11.419921875,True,0.0015886199709662652,
2026-05-04,FP,7050.0,-138.580078125,True,0.019277809611762176,
2026-05-04,FP,6900.0,-288.580078125,True,0.040144239194490616,
2026-05-04,FP,7190.0,1.419921875,False,0.0001975246654510876,
2026-05-04,FP,7000.0,-188.580078125,True,0.026233286139338285,
2026-05-04,FP,7195.0,6.419921875,False,0.0008930723182087874,
2026-05-04,FN,7175.0,-13.580078125,True,0.0018891096115112305,13.0
2026-05-04,FN,7275.0,86.419921875,True,0.012021780014038086,17.0
2026-05-04,FN,7310.0,121.419921875,False,0.016890645027160645,39.0
2026-05-04,FN,7220.0,31.419921875,False,0.0043708086013793945,20.0
2026-05-04,FN,7130.0,-58.580078125,False,0.008149027824401855,21.0
2026-05-04,FN,7325.0,136.419921875,True,0.01897728443145752,19.0
2026-05-05,FP,7265.0,-5.0,False,0.0006877579092159358,
2026-05-05,FP,7270.0,0.0,False,0.0,
2026-05-05,FP,7150.0,-120.0,True,0.016506189821182904,
2026-05-05,FP,7280.0,10.0,False,0.0013755158184318717,
2026-05-05,FP,7000.0,-270.0,True,0.037138927097661645,
2026-05-05,FP,7100.0,-170.0,True,0.023383768913342484,
2026-05-05,FN,7175.0,-95.0,True,0.013067424297332764,20.0
2026-05-05,FN,7340.0,70.0,False,0.009628653526306152,28.0
2026-05-05,FN,7310.0,40.0,False,0.005502104759216309,16.0
2026-05-05,FN,7375.0,105.0,True,0.014442920684814453,22.0
2026-05-05,FN,7225.0,-45.0,True,0.006189823150634766,13.0
2026-05-05,FN,7325.0,55.0,True,0.0075653791427612305,14.0
2026-05-06,FP,7360.0,0.47021484375,False,6.389196830181021e-05,
2026-05-06,FP,7200.0,-159.52978515625,True,0.021676627422313355,
2026-05-06,FP,7365.0,5.47021484375,False,0.0007432831992586486,
2026-05-06,FP,7370.0,10.47021484375,False,0.001422674430215265,
2026-05-06,FP,7150.0,-209.52978515625,True,0.02847053973188063,
2026-05-06,FP,7345.0,-14.52978515625,False,0.001974281724568261,
2026-05-06,FP,7000.0,-359.52978515625,True,0.04885227666058245,
2026-05-06,FN,7425.0,65.47021484375,True,0.00889599323272705,21.0
2026-05-06,FN,7275.0,-84.52978515625,True,0.011485755443572998,19.0
2026-05-06,FN,7450.0,90.47021484375,True,0.012292981147766113,13.0
2026-05-06,FN,7250.0,-109.52978515625,True,0.01488274335861206,11.0
2026-05-06,FN,7475.0,115.47021484375,True,0.015689849853515625,38.0
2026-05-06,FN,7290.0,-69.52978515625,False,0.009447574615478516,41.0
2026-05-06,FN,7325.0,-34.52978515625,True,0.0046918392181396484,17.0
2026-05-07,FP,7200.0,-148.10009765625,True,0.020154882988527634,
2026-05-07,FP,7330.0,-18.10009765625,False,0.002463235042487133,
2026-05-07,FP,7335.0,-13.10009765625,False,0.0017827870445624727,
2026-05-07,FP,7340.0,-8.10009765625,False,0.0011023390466378125,
2026-05-07,FP,7345.0,-3.10009765625,False,0.0004218910487132632,
2026-05-07,FP,7350.0,1.89990234375,True,0.00025855694921150807,
2026-05-07,FP,7000.0,-348.10009765625,True,0.047372802905512934,
2026-05-07,FN,7425.0,76.89990234375,True,0.010465264320373535,23.0
2026-05-07,FN,7430.0,81.89990234375,False,0.011145710945129395,42.0
2026-05-07,FN,7275.0,-73.10009765625,True,0.009948134422302246,17.0
2026-05-07,FN,7375.0,26.89990234375,True,0.0036607980728149414,16.0
2026-05-07,FN,7320.0,-28.10009765625,False,0.0038241147994995117,12.0
2026-05-07,FN,7225.0,-123.10009765625,True,0.016752660274505615,20.0
2026-05-07,FN,7450.0,101.89990234375,True,0.013867497444152832,14.0
2026-05-08,FP,7200.0,-205.91015625,True,0.0278034909829723,
2026-05-08,FP,7395.0,-10.91015625,False,0.0014731688637611429,
2026-05-08,FP,7150.0,-255.91015625,True,0.03455485562892391,
2026-05-08,FP,7250.0,-155.91015625,True,0.021052126337020693,
2026-05-08,FP,7000.0,-405.91015625,True,0.05480894956677862,
2026-05-08,FP,7390.0,-15.91015625,False,0.0021483053283563036,
2026-05-08,FN,7425.0,19.08984375,True,0.002577662467956543,15.0
2026-05-08,FN,7525.0,119.08984375,True,0.016080379486083984,33.0
2026-05-08,FN,7430.0,24.08984375,False,0.003252744674682617,28.0
2026-05-08,FN,7375.0,-30.91015625,True,0.004173696041107178,11.0
2026-05-08,FN,7475.0,69.08984375,True,0.009328961372375488,24.0
2026-05-08,FN,7325.0,-80.91015625,True,0.010925054550170898,18.0
2026-05-11,FP,7200.0,-216.419921875,True,0.02918118501308986,
2026-05-11,FP,7405.0,-11.419921875,False,0.0015398159752680884,
2026-05-11,FP,7250.0,-166.419921875,True,0.02243938768679188,
2026-05-11,FP,7410.0,-6.419921875,False,0.0008656362426383568,
2026-05-11,FP,7000.0,-416.419921875,True,0.05614837431828179,
2026-05-11,FP,7420.0,3.580078125,False,0.0004827232226212175,
2026-05-11,FN,7525.0,108.580078125,True,0.014640450477600098,29.0
2026-05-11,FN,7310.0,-106.419921875,False,0.014349222183227539,30.0
2026-05-11,FN,7375.0,-41.419921875,True,0.005584895610809326,13.0
2026-05-11,FN,7475.0,58.580078125,True,0.007898688316345215,22.0
2026-05-11,FN,7510.0,93.580078125,False,0.012617945671081543,36.0
2026-05-11,FN,7325.0,-91.419921875,True,0.012326717376708984,17.0
2026-05-12,FP,7200.0,-190.919921875,True,0.025831685892027,
2026-05-12,FP,7395.0,4.080078125,False,0.000552039281730643,
2026-05-12,FP,7405.0,14.080078125,False,0.0019050508291027501,
2026-05-12,FP,7250.0,-140.919921875,True,0.019066628155166132,
2026-05-12,FP,7410.0,19.080078125,False,0.0025815566027889147,
2026-05-12,FP,7350.0,-40.919921875,True,0.005536512681444283,
2026-05-12,FP,7450.0,59.080078125,True,0.007993602792277565,
2026-05-12,FN,7525.0,134.080078125,True,0.01814115047454834,30.0
2026-05-12,FN,7430.0,39.080078125,False,0.005287528038024902,24.0
2026-05-12,FN,7310.0,-80.919921875,False,0.010948538780212402,31.0
2026-05-12,FN,7375.0,-15.919921875,True,0.0021539926528930664,11.0
2026-05-12,FN,7475.0,84.080078125,True,0.011376142501831055,19.0
2026-05-12,FN,7420.0,29.080078125,False,0.003934621810913086,16.0
2026-05-12,FN,7325.0,-65.919921875,True,0.008919060230255127,14.0
2026-05-13,FP,7300.0,-165.2099609375,True,0.02213065162292538,
2026-05-13,FP,7460.0,-5.2099609375,False,0.0006978987817839455,
2026-05-13,FP,7465.0,-0.2099609375,False,2.8125255498334667e-05,
2026-05-13,FP,7445.0,-20.2099609375,False,0.002707219360641,
2026-05-13,FP,7455.0,-10.2099609375,False,0.0013676723080696673,
2026-05-13,FN,7525.0,59.7900390625,True,0.008009195327758789,15.0
2026-05-13,FN,7430.0,-35.2099609375,False,0.00471651554107666,25.0
2026-05-13,FN,7375.0,-90.2099609375,True,0.01208406686782837,11.0
2026-05-13,FN,7325.0,-140.2099609375,True,0.01878178119659424,21.0
2026-05-13,FN,7550.0,84.7900390625,True,0.011358022689819336,13.0
2026-05-14,FP,7520.0,-3.18017578125,False,0.0004227169504045225,
2026-05-14,FP,7495.0,-28.18017578125,False,0.0037457797265002535,
2026-05-14,FP,7560.0,36.81982421875,False,0.004894183491348736,
2026-05-14,FP,7505.0,-18.18017578125,False,0.002416554616061939,
2026-05-14,FP,7510.0,-13.18017578125,False,0.001751942060842837,
2026-05-14,FP,7515.0,-8.18017578125,False,0.0010873295056236243,
2026-05-14,FN,7425.0,-98.18017578125,True,0.013050377368927002,14.0
2026-05-14,FN,7430.0,-93.18017578125,False,0.012385725975036621,32.0
2026-05-14,FN,7600.0,76.81982421875,True,0.01021111011505127,13.0
2026-05-14,FN,7475.0,-48.18017578125,True,0.006404221057891846,11.0
2026-05-14,FN,7575.0,51.81982421875,True,0.006888031959533691,21.0
2026-05-14,FN,7480.0,-43.18017578125,False,0.00573962926864624,15.0
2026-05-15,FP,7200.0,-189.080078125,True,0.025589122884831395,
2026-05-15,FP,7300.0,-89.080078125,True,0.01205563848045399,
2026-05-15,FP,7430.0,40.919921875,False,0.005537891245236626,
2026-05-15,FP,7410.0,20.919921875,False,0.002831194364361078,
2026-05-15,FP,7415.0,25.919921875,False,0.003507868584579965,
2026-05-15,FP,7450.0,60.919921875,True,0.008244588126111951,
2026-05-15,FP,7420.0,30.919921875,False,0.004184542804798852,
2026-05-15,FN,7525.0,135.919921875,True,0.01839470863342285,19.0
2026-05-15,FN,7310.0,-79.080078125,False,0.010702311992645264,37.0
2026-05-15,FN,7375.0,-14.080078125,True,0.0019055008888244629,12.0
2026-05-15,FN,7475.0,85.919921875,True,0.011627912521362305,13.0
2026-05-15,FN,7540.0,150.919921875,False,0.020424723625183105,44.0
2026-05-15,FN,7510.0,120.919921875,False,0.016364693641662598,25.0
2026-05-15,FN,7325.0,-64.080078125,True,0.00867229700088501,17.0
2026-05-18,FP,7200.0,-204.419921875,True,0.027607823979712287,
2026-05-18,FP,7405.0,0.580078125,False,7.834214308766185e-05,
2026-05-18,FP,7410.0,5.580078125,False,0.0007536144875461837,
2026-05-18,FP,7450.0,45.580078125,True,0.006155793243214358,
2026-05-18,FP,7390.0,-14.419921875,False,0.0019474748902880146,
2026-05-18,FN,7525.0,120.580078125,True,0.016284823417663574,19.0
2026-05-18,FN,7430.0,25.580078125,False,0.0034546852111816406,25.0
2026-05-18,FN,7275.0,-129.419921875,True,0.017478764057159424,29.0
2026-05-18,FN,7475.0,70.580078125,True,0.00953221321105957,16.0
2026-05-18,FN,7325.0,-79.419921875,True,0.01072603464126587,15.0
2026-05-19,FP,7360.0,-56.14013671875,False,0.0075699940513245245,
2026-05-19,FP,7200.0,-216.14013671875,True,0.02914455939803484,
2026-05-19,FP,7340.0,-76.14013671875,False,0.010266814719663286,
2026-05-19,FP,7450.0,33.85986328125,True,0.0045656989561999595,
2026-05-19,FP,7355.0,-61.14013671875,False,0.008244199218409243,
2026-05-19,FN,7425.0,8.85986328125,True,0.0011947154998779297,14.0
2026-05-19,FN,7430.0,13.85986328125,False,0.0018688440322875977,38.0
2026-05-19,FN,7275.0,-141.14013671875,True,0.01903146505355835,22.0
2026-05-19,FN,7475.0,58.85986328125,True,0.007936716079711914,20.0
2026-05-19,FN,7325.0,-91.14013671875,True,0.01228940486907959,11.0
2026-05-20,FP,7200.0,-253.39990234375,True,0.03399789433867184,
2026-05-20,FP,7300.0,-153.39990234375,True,0.020581198426709024,
2026-05-20,FP,7435.0,-18.39990234375,False,0.0024686589455590324,
2026-05-20,FP,7440.0,-13.39990234375,False,0.0017978241499608805,
2026-05-20,FP,7000.0,-453.39990234375,True,0.0608312861625977,
2026-05-20,FP,7420.0,-33.39990234375,False,0.004481163332353488,
2026-05-20,FN,7460.0,6.60009765625,False,0.0008854866027832031,25.0
2026-05-20,FN,7525.0,71.60009765625,True,0.009606361389160156,19.0
2026-05-20,FN,7540.0,86.60009765625,False,0.011618852615356445,55.0
2026-05-20,FN,7510.0,56.60009765625,False,0.007593870162963867,26.0
2026-05-20,FN,7325.0,-128.39990234375,True,0.01722705364227295,23.0
2026-05-20,FN,7550.0,96.60009765625,True,0.012960553169250488,21.0
2026-05-21,FP,7200.0,-222.990234375,True,0.030040486021705726,
2026-05-21,FP,7300.0,-122.990234375,True,0.016568826105340495,
2026-05-21,FP,7435.0,12.009765625,False,0.0016179147817525497,
2026-05-21,FP,7440.0,17.009765625,False,0.0022914977775707612,
2026-05-21,FP,7445.0,22.009765625,False,0.002965080773388973,
2026-05-21,FP,7000.0,-422.990234375,True,0.056983805854436076,
2026-05-21,FN,7525.0,102.009765625,True,0.013742446899414062,18.0
2026-05-21,FN,7375.0,-47.990234375,True,0.0064650774002075195,15.0
2026-05-21,FN,7475.0,52.009765625,True,0.007006525993347168,17.0
2026-05-21,FN,7575.0,152.009765625,True,0.020478248596191406,33.0
2026-05-21,FN,7325.0,-97.990234375,True,0.013200938701629639,27.0
2026-05-21,FN,7550.0,127.009765625,True,0.017110347747802734,20.0
2026-05-22,FP,7200.0,-264.66015625,True,0.03545508445262646,
2026-05-22,FP,7300.0,-164.66015625,True,0.02205862729224628,
2026-05-22,FP,7460.0,-4.66015625,False,0.0006242958356380557,
2026-05-22,FP,7470.0,5.33984375,False,0.0007153498804000069,
2026-05-22,FP,7000.0,-464.66015625,True,0.06224799877338694,
2026-05-22,FP,7480.0,15.33984375,False,0.0020549955964379585,
2026-05-22,FN,7650.0,185.33984375,True,0.02482903003692627,21.0
2026-05-22,FN,7525.0,60.33984375,True,0.008083343505859375,18.0
2026-05-22,FN,7625.0,160.33984375,True,0.02147984504699707,50.0
2026-05-22,FN,7350.0,-114.66015625,True,0.015360414981842041,11.0
2026-05-22,FN,7575.0,110.33984375,True,0.014781594276428223,32.0
2026-05-22,FN,7550.0,85.33984375,True,0.011432528495788574,16.0
2026-05-26,FP,7520.0,-6.89990234375,False,0.0009166990970082001,
2026-05-26,FP,7300.0,-226.89990234375,True,0.030145199921297938,
2026-05-26,FP,7530.0,3.10009765625,False,0.0004118691222776416,
2026-05-26,FP,7510.0,-16.89990234375,False,0.0022452673162941528,
2026-05-26,FP,7000.0,-526.89990234375,True,0.07000224649987474,
2026-05-26,FP,7450.0,-76.89990234375,True,0.010216676632009536,
2026-05-26,FN,7650.0,123.10009765625,True,0.016354680061340332,15.0
2026-05-26,FN,7430.0,-96.89990234375,False,0.012873828411102295,29.0
2026-05-26,FN,7625.0,98.10009765625,True,0.013033270835876465,34.0
2026-05-26,FN,7475.0,-51.89990234375,True,0.006895244121551514,19.0
2026-05-26,FN,7575.0,48.10009765625,True,0.0063904523849487305,22.0
2026-05-26,FN,7420.0,-106.89990234375,False,0.014202356338500977,21.0
2026-05-27,FP,7520.0,1.3798828125,False,0.00018352873146842974,
2026-05-27,FP,7300.0,-218.6201171875,True,0.02907715960907986,
2026-05-27,FP,7530.0,11.3798828125,False,0.0015135600196751753,
2026-05-27,FP,7475.0,-43.6201171875,True,0.005801612065461925,
2026-05-27,FP,7000.0,-518.6201171875,True,0.06897809825528212,
2026-05-27,FN,7650.0,131.3798828125,True,0.017473936080932617,13.0
2026-05-27,FN,7430.0,-88.6201171875,False,0.01178675889968872,30.0
2026-05-27,FN,7625.0,106.3798828125,True,0.014148831367492676,34.0
2026-05-27,FN,7510.0,-8.6201171875,False,0.0011464953422546387,12.0
2026-05-27,FN,7575.0,56.3798828125,True,0.007498741149902344,18.0
2026-05-28,FP,7400.0,-169.52001953125,True,0.022395081734884914,
2026-05-28,FP,7560.0,-9.52001953125,False,0.0012576780967202827,
2026-05-28,FP,7565.0,-4.52001953125,False,0.0005971342330276519,
2026-05-28,FP,7570.0,0.47998046875,False,6.340963066508998e-05,
2026-05-28,FP,7000.0,-569.52001953125,True,0.07523859083029649,
2026-05-28,FN,7525.0,-44.52001953125,True,0.00588148832321167,11.0
2026-05-28,FN,7625.0,55.47998046875,True,0.007329344749450684,18.0
2026-05-28,FN,7475.0,-94.52001953125,True,0.012486934661865234,25.0
2026-05-28,FN,7640.0,70.47998046875,False,0.009311079978942871,42.0
2026-05-28,FN,7675.0,105.47998046875,True,0.013934850692749023,28.0
2026-05-29,FP,7585.0,19.35009765625,False,0.002557625307279432,
2026-05-29,FP,7400.0,-165.64990234375,True,0.021894999700215245,
2026-05-29,FP,7595.0,29.35009765625,False,0.003879388821198093,
2026-05-29,FP,7000.0,-565.64990234375,True,0.07476554025696036,
2026-05-29,FP,7580.0,14.35009765625,False,0.0018967435503201013,
2026-05-29,FN,7525.0,-40.64990234375,True,0.005372941493988037,14.0
2026-05-29,FN,7625.0,59.35009765625,True,0.007844686508178711,17.0
2026-05-29,FN,7700.0,134.35009765625,True,0.017757892608642578,12.0
2026-05-29,FN,7670.0,104.35009765625,False,0.013792634010314941,49.0
2026-05-29,FN,7675.0,109.35009765625,True,0.014453530311584473,25.0
2026-06-01,FP,7590.0,-17.330078125,False,0.002278076269469742,
2026-06-01,FP,7400.0,-207.330078125,True,0.02725398740369911,
2026-06-01,FP,7605.0,-2.330078125,False,0.0003062938115042657,
2026-06-01,FP,7000.0,-607.330078125,True,0.07983485294944503,
2026-06-01,FP,7610.0,2.669921875,False,0.0003509670078174487,
2026-06-01,FP,7550.0,-57.330078125,True,0.007536162824044346,
2026-06-01,FP,7615.0,7.669921875,False,0.0010082278271392742,
2026-06-01,FN,7525.0,-82.330078125,True,0.010822474956512451,12.0
2026-06-01,FN,7625.0,17.669921875,True,0.0023227930068969727,15.0
2026-06-01,FN,7725.0,117.669921875,True,0.015468001365661621,38.0
2026-06-01,FN,7630.0,22.669921875,False,0.0029799938201904297,21.0
2026-06-01,FN,7575.0,-32.330078125,True,0.004249870777130127,13.0
2026-06-01,FN,7675.0,67.669921875,True,0.008895397186279297,20.0
2026-06-01,FN,7580.0,-27.330078125,False,0.0035926103591918945,14.0
2026-06-02,FP,7400.0,-206.41015625,True,0.027136343164508192,
2026-06-02,FP,7605.0,-1.41015625,False,0.0001853905089302943,
2026-06-02,FP,7000.0,-606.41015625,True,0.07972356785831847,
2026-06-02,FP,7610.0,3.58984375,False,0.00047194979974229945,
2026-06-02,FP,7615.0,8.58984375,False,0.0011292901084150042,
2026-06-02,FN,7525.0,-81.41015625,True,0.010702848434448242,14.0
2026-06-02,FN,7725.0,118.58984375,True,0.015590786933898926,36.0
2026-06-02,FN,7575.0,-31.41015625,True,0.0041294097900390625,12.0
2026-06-02,FN,7675.0,68.58984375,True,0.009017348289489746,17.0
2026-06-02,FN,7710.0,103.58984375,False,0.013618707656860352,52.0
2026-06-03,FP,7400.0,-172.35009765625,True,0.022760450247749975,
2026-06-03,FP,7570.0,-2.35009765625,False,0.000310352483171239,
2026-06-03,FP,7560.0,-12.35009765625,False,0.0016309464693229359,
2026-06-03,FP,7565.0,-7.35009765625,False,0.0009706494762471429,
2026-06-03,FN,7475.0,-97.35009765625,True,0.012856006622314453,22.0
2026-06-03,FN,7525.0,-47.35009765625,True,0.00625300407409668,11.0
2026-06-03,FN,7430.0,-142.35009765625,False,0.018798649311065674,24.0
2026-06-03,FN,7675.0,102.64990234375,True,0.01355588436126709,27.0
2026-06-04,FP,7585.0,11.9501953125,False,0.0015779897954855127,
2026-06-04,FP,7590.0,16.9501953125,False,0.002238225780848424,
2026-06-04,FP,7400.0,-173.0498046875,True,0.022850741662940988,
2026-06-04,FP,7595.0,21.9501953125,False,0.0028984617662111134,
2026-06-04,FP,7000.0,-573.0498046875,True,0.07566962049197123,
2026-06-04,FP,7450.0,-123.0498046875,True,0.016248381809312207,
2026-06-04,FP,7550.0,-23.0498046875,True,0.003043662102054645,
2026-06-04,FN,7525.0,-48.0498046875,True,0.006344854831695557,14.0
2026-06-04,FN,7475.0,-98.0498046875,True,0.0129472017288208,30.0
2026-06-04,FN,7700.0,126.9501953125,True,0.01676344871520996,12.0
2026-06-04,FN,7540.0,-33.0498046875,False,0.004364132881164551,19.0
2026-06-04,FN,7640.0,66.9501953125,False,0.008840560913085938,36.0
2026-06-04,FN,7610.0,36.9501953125,False,0.004879117012023926,16.0
2026-06-04,FN,7675.0,101.9501953125,True,0.013462185859680176,18.0
2026-06-05,FP,7500.0,93.31982421875,True,0.012599413232920798,
2026-06-05,FP,7375.0,-31.68017578125,True,0.004277243654294605,
2026-06-05,FP,7600.0,193.31982421875,True,0.02610073874269303,
2026-06-05,FP,7410.0,3.31982421875,False,0.0004482202741256103,
2026-06-05,FP,7380.0,-26.68017578125,False,0.0036021773788059708,
2026-06-05,FP,7000.0,-406.68017578125,True,0.05490721431594059,
2026-06-05,FP,7450.0,43.31982421875,True,0.005848750478034681,
2026-06-05,FN,7490.0,83.31982421875,False,0.011249303817749023,47.0
2026-06-05,FN,7430.0,23.31982421875,False,0.0031484365463256836,21.0
2026-06-05,FN,7275.0,-131.68017578125,True,0.01777857542037964,32.0
2026-06-05,FN,7470.0,63.31982421875,False,0.008548974990844727,36.0
2026-06-05,FN,7250.0,-156.68017578125,True,0.021153926849365234,23.0
2026-06-05,FN,7350.0,-56.68017578125,True,0.007652580738067627,14.0
2026-06-05,FN,7480.0,73.31982421875,False,0.009899139404296875,57.0
2026-06-08,FP,7425.0,-11.47998046875,True,0.0015437385024771322,
2026-06-08,FP,7500.0,63.52001953125,True,0.008541678280326037,
2026-06-08,FP,7375.0,-61.47998046875,True,0.008267349691012615,
2026-06-08,FP,7000.0,-436.47998046875,True,0.058694433605028906,
2026-06-08,FP,7450.0,13.52001953125,True,0.001818067091790665,
2026-06-08,FP,7420.0,-16.47998046875,False,0.002216099621330736,
2026-06-08,FP,7550.0,113.52001953125,True,0.015265289468861631,
2026-06-08,FN,7490.0,53.52001953125,False,0.007196903228759766,35.0
2026-06-08,FN,7525.0,88.52001953125,True,0.011903524398803711,18.0
2026-06-08,FN,7280.0,-156.47998046875,False,0.021042227745056152,55.0
2026-06-08,FN,7505.0,68.52001953125,False,0.009214043617248535,37.0
2026-06-08,FN,7380.0,-56.47998046875,False,0.0075950026512146,24.0
2026-06-08,FN,7355.0,-81.47998046875,False,0.010956823825836182,34.0
2026-06-08,FN,7325.0,-111.47998046875,True,0.01499098539352417,33.0
2026-06-09,FP,7200.0,-130.75,True,0.017835828530505027,
2026-06-09,FP,7150.0,-180.75,True,0.024656413054598758,
2026-06-09,FP,7375.0,44.25,True,0.006036217303822866,
2026-06-09,FP,7350.0,19.25,True,0.002625925041776167,
2026-06-09,FP,7000.0,-330.75,True,0.04511816662687995,
2026-06-09,FP,7450.0,119.25,True,0.016267094089963408,
2026-06-09,FP,7355.0,24.25,False,0.0033079834941853736,
2026-06-09,FP,7550.0,219.25,True,0.02990826313815087,
2026-06-09,FN,7465.0,134.25,False,0.018313288688659668,68.0
2026-06-09,FN,7275.0,-55.75,True,0.00760495662689209,20.0
2026-06-09,FN,7470.0,139.25,False,0.018995285034179688,32.0
2026-06-09,FN,7345.0,14.25,False,0.001943826675415039,14.0
2026-06-09,FN,7410.0,79.25,False,0.010810613632202148,23.0
2026-06-09,FN,7250.0,-80.75,True,0.011015236377716064,12.0
2026-06-09,FN,7380.0,49.25,False,0.006718277931213379,21.0
2026-06-09,FN,7325.0,-5.75,True,0.0007843375205993652,19.0
2026-06-10,FP,7000.0,-302.669921875,True,0.04144647438717697,
2026-06-10,FP,7100.0,-202.669921875,True,0.0277528525927081,
2026-06-10,FP,7450.0,147.330078125,True,0.020174823687933108,
2026-06-10,FP,7500.0,197.330078125,True,0.027021634585167487,
2026-06-10,FN,7345.0,42.330078125,False,0.005796551704406738,53.0
2026-06-10,FN,7380.0,77.330078125,False,0.010589241981506348,33.0
2026-06-10,FN,7175.0,-127.669921875,True,0.017482638359069824,27.0
2026-06-10,FN,7335.0,32.330078125,False,0.004427194595336914,24.0
2026-06-11,FP,7200.0,-206.7099609375,True,0.02790847245641781,
2026-06-11,FP,7425.0,18.2900390625,True,0.0024693877793191543,
2026-06-11,FP,7400.0,-6.7099609375,True,0.0009059300246516688,
2026-06-11,FP,7375.0,-31.7099609375,True,0.004281247828622492,
2026-06-11,FP,7600.0,193.2900390625,True,0.026096612407114472,
2026-06-11,FP,7410.0,3.2900390625,False,0.00044419709693666043,
2026-06-11,FP,7000.0,-406.7099609375,True,0.05491101488818406,
2026-06-11,FP,7550.0,143.2900390625,True,0.019345976799173048,
2026-06-11,FN,7525.0,118.2900390625,True,0.015970706939697266,22.0
2026-06-11,FN,7335.0,-71.7099609375,False,0.009681761264801025,61.0
2026-06-11,FN,7530.0,123.2900390625,False,0.01664566993713379,24.0
2026-06-11,FN,7280.0,-126.7099609375,False,0.01710742712020874,38.0
2026-06-11,FN,7345.0,-61.7099609375,False,0.008331656455993652,46.0
2026-06-11,FN,7250.0,-156.7099609375,True,0.02115786075592041,14.0
2026-06-11,FN,7475.0,68.2900390625,True,0.009220004081726074,23.0
2026-06-11,FN,7325.0,-81.7099609375,True,0.011031866073608398,29.0
2026-06-12,FP,7600.0,177.06982421875,True,0.023854437536873885,
2026-06-12,FP,7000.0,-422.93017578125,True,0.05697617595287929,
2026-06-12,FP,7420.0,-2.93017578125,False,0.00039474651005211303,
2026-06-12,FN,7560.0,137.06982421875,False,0.018465757369995117,49.0
2026-06-12,FN,7530.0,107.06982421875,False,0.01442420482635498,24.0
2026-06-12,FN,7475.0,52.06982421875,True,0.007014751434326172,23.0
2026-06-15,FP,7555.0,-3.919921875,False,0.0005185822730646716,
2026-06-15,FP,7300.0,-258.919921875,True,0.03425356063446361,
2026-06-15,FP,7590.0,31.080078125,False,0.004111708874578346,
2026-06-15,FP,7400.0,-158.919921875,True,0.021024157355483575,
2026-06-15,FP,7530.0,-28.919921875,False,0.0038259330928096524,
2026-06-15,FP,7550.0,-8.919921875,True,0.00118005243701369,
2026-06-15,FN,7650.0,91.080078125,True,0.012049317359924316,14.0
2026-06-15,FN,7525.0,-33.919921875,True,0.004487395286560059,11.0
2026-06-15,FN,7430.0,-128.919921875,False,0.01705533266067505,27.0
2026-06-15,FN,7475.0,-83.919921875,True,0.011102080345153809,22.0
2026-06-15,FN,7540.0,-18.919921875,False,0.0025029778480529785,20.0
2026-06-15,FN,7675.0,116.080078125,True,0.015356659889221191,41.0
2026-06-16,FP,7520.0,-11.47021484375,False,0.0015229715469289307,
2026-06-16,FP,7525.0,-6.47021484375,True,0.0008590905439681551,
2026-06-16,FP,7530.0,-1.47021484375,False,0.00019520954100737953,
2026-06-16,FP,7510.0,-21.47021484375,False,0.002850733552850593,
2026-06-16,FP,7515.0,-16.47021484375,False,0.0021868525498898173,
2026-06-16,FN,7425.0,-106.47021484375,True,0.014136731624603271,16.0
2026-06-16,FN,7590.0,58.52978515625,False,0.0077713727951049805,15.0
2026-06-16,FN,7430.0,-101.47021484375,False,0.01347285509109497,20.0
2026-06-16,FN,7475.0,-56.47021484375,True,0.007497906684875488,11.0
2026-06-16,FN,7580.0,48.52978515625,False,0.006443619728088379,13.0
2026-06-17,FP,7425.0,18.0400390625,True,0.002435552393645901,
2026-06-17,FP,7430.0,23.0400390625,False,0.003110593169668441,
2026-06-17,FP,7415.0,8.0400390625,False,0.0010854708416005998,
2026-06-17,FP,7450.0,43.0400390625,True,0.0058107562737590435,
2026-06-17,FP,7420.0,13.0400390625,False,0.0017605116176231395,
2026-06-17,FN,7460.0,53.0400390625,False,0.007160782814025879,24.0
2026-06-17,FN,7345.0,-61.9599609375,False,0.008365094661712646,30.0
2026-06-17,FN,7480.0,73.0400390625,False,0.009860992431640625,38.0
2026-06-17,FN,7325.0,-81.9599609375,True,0.011065244674682617,35.0
2026-06-17,FN,7550.0,143.0400390625,True,0.01931154727935791,13.0
2026-06-18,FP,7500.0,5.1298828125,True,0.0006844525298357329,
2026-06-18,FP,7600.0,105.1298828125,True,0.014026911896900307,
2026-06-18,FP,7505.0,10.1298828125,False,0.0013515754981889838,
2026-06-18,FP,7475.0,-19.8701171875,True,0.0026511623119302996,
2026-06-18,FP,7510.0,15.1298828125,False,0.0020186984665422347,
2026-06-18,FP,7000.0,-494.8701171875,True,0.06602784430548658,
2026-06-18,FN,7425.0,-69.8701171875,True,0.009322404861450195,17.0
2026-06-18,FN,7650.0,155.1298828125,True,0.020698189735412598,16.0
2026-06-18,FN,7460.0,-34.8701171875,False,0.004652559757232666,27.0
2026-06-18,FN,7625.0,130.1298828125,True,0.017362475395202637,21.0
2026-06-18,FN,7350.0,-144.8701171875,True,0.0193292498588562,13.0
2026-06-18,FN,7675.0,180.1298828125,True,0.024033784866333008,36.0
2026-06-22,FP,7000.0,-460.81005859375,True,0.061764078561813096,
2026-06-22,FP,7465.0,4.18994140625,False,0.0005615933622948877,
2026-06-22,FP,7450.0,-10.81005859375,True,0.0014489121836439578,
2026-06-22,FP,7300.0,-160.81005859375,True,0.021553967643033745,
2026-06-22,FN,7575.0,114.18994140625,True,0.015305280685424805,13.0
2026-06-22,FN,7425.0,-35.81005859375,True,0.004799783229827881,14.0
2026-06-22,FN,7525.0,64.18994140625,True,0.008603572845458984,16.0
2026-06-22,FN,7375.0,-85.81005859375,True,0.011501431465148926,19.0
2026-06-23,FP,7400.0,8.85009765625,True,0.0011973911736580245,
2026-06-23,FP,7500.0,108.85009765625,True,0.014727085648977845,
2026-06-23,FP,7375.0,-16.14990234375,True,0.002185032445171875,
2026-06-23,FP,7600.0,208.85009765625,True,0.028256780124297443,
2026-06-23,FP,7350.0,-41.14990234375,True,0.0055674560640017745,
2026-06-23,FP,7000.0,-391.14990234375,True,0.05292138672762081,
2026-06-23,FP,7450.0,58.85009765625,True,0.007962238411317824,
2026-06-23,FP,7390.0,-1.14990234375,False,0.0001555782738739131,
2026-06-23,FP,7550.0,158.85009765625,True,0.021491932886637644,
2026-06-23,FN,7360.0,-31.14990234375,False,0.004214465618133545,20.0
2026-06-23,FN,7460.0,68.85009765625,False,0.009315252304077148,26.0
2026-06-23,FN,7465.0,73.85009765625,False,0.009991645812988281,45.0
2026-06-23,FN,7275.0,-116.14990234375,True,0.015714704990386963,23.0
2026-06-23,FN,7310.0,-81.14990234375,False,0.01097935438156128,18.0
2026-06-23,FN,7250.0,-141.14990234375,True,0.01909714937210083,14.0
2026-06-23,FN,7475.0,83.85009765625,True,0.011344671249389648,13.0
2026-06-23,FN,7320.0,-71.14990234375,False,0.009626388549804688,16.0
2026-06-23,FN,7325.0,-66.14990234375,True,0.008949875831604004,19.0
2026-06-24,FP,7600.0,237.4599609375,True,0.03225245087668638,
2026-06-24,FP,7000.0,-362.5400390625,True,0.0492411636662099,
2026-06-24,FP,7450.0,87.4599609375,True,0.011879047240962226,
2026-06-24,FP,7325.0,-37.5400390625,True,0.005098789122141123,
2026-06-24,FP,7550.0,187.4599609375,True,0.025461316331444994,
2026-06-24,FN,7460.0,97.4599609375,False,0.013237237930297852,32.0
2026-06-24,FN,7275.0,-87.5400390625,True,0.011889934539794922,18.0
2026-06-24,FN,7250.0,-112.5400390625,True,0.015285491943359375,11.0
2026-06-24,FN,7225.0,-137.5400390625,True,0.018681049346923828,28.0
2026-06-24,FN,7290.0,-72.5400390625,False,0.009852588176727295,25.0
2026-06-25,FP,7400.0,39.81005859375,True,0.005408835765200903,
2026-06-25,FP,7000.0,-360.18994140625,True,0.04893758778967483,
2026-06-25,FP,7325.0,-35.18994140625,True,0.004781118651338345,
2026-06-25,FP,7600.0,239.81005859375,True,0.032582047542638826,
2026-06-25,FN,7360.0,-0.18994140625,False,2.580881118774414e-05,16.0
2026-06-25,FN,7290.0,-70.18994140625,False,0.009536445140838623,15.0
2026-06-25,FN,7275.0,-85.18994140625,True,0.01157444715499878,20.0
2026-06-25,FN,7260.0,-100.18994140625,False,0.01361238956451416,22.0
2026-06-26,FP,7370.0,16.4501953125,False,0.0022370413948940016,
2026-06-26,FP,7500.0,146.4501953125,True,0.01991557808164246,
2026-06-26,FP,7375.0,21.4501953125,True,0.002916985113615045,
2026-06-26,FP,7600.0,246.4501953125,True,0.033514452456064214,
2026-06-26,FP,7000.0,-353.5498046875,True,0.04807879379046709,
2026-06-26,FN,7430.0,76.4501953125,False,0.010396361351013184,19.0
2026-06-26,FN,7275.0,-78.5498046875,True,0.010681867599487305,23.0
2026-06-26,FN,7250.0,-103.5498046875,True,0.014081597328186035,13.0
2026-06-26,FN,7475.0,121.4501953125,True,0.01651585102081299,16.0
2026-06-26,FN,7290.0,-63.5498046875,False,0.008642077445983887,17.0
2026-06-29,FP,7430.0,-16.0400390625,False,0.002154170401764244,
2026-06-29,FP,7400.0,-46.0400390625,True,0.0061831576006804445,
2026-06-29,FP,7440.0,-6.0400390625,False,0.0008111746687922139,
2026-06-29,FP,7600.0,153.9599609375,True,0.02067675705876071,
2026-06-29,FP,7000.0,-446.0400390625,True,0.05990298691956253,
2026-06-29,FP,7450.0,3.9599609375,True,0.000531821064179816,
2026-06-29,FN,7525.0,78.9599609375,True,0.010604262351989746,16.0
2026-06-29,FN,7470.0,23.9599609375,False,0.0032178163528442383,15.0
2026-06-29,FN,7375.0,-71.0400390625,True,0.0095406174659729,12.0
2026-06-29,FN,7575.0,128.9599609375,True,0.017319321632385254,20.0
2026-06-29,FN,7420.0,-26.0400390625,False,0.003497183322906494,13.0
2026-06-29,FN,7325.0,-121.0400390625,True,0.016255617141723633,33.0
2026-06-30,FP,7490.0,-8.169921875,False,0.0010895887876807286,
2026-06-30,FP,7495.0,-3.169921875,False,0.0004227594076992025,
2026-06-30,FP,7505.0,6.830078125,False,0.0009108993522637387,
2026-06-30,FP,7475.0,-23.169921875,True,0.003090076927625307,
2026-06-30,FP,7510.0,11.830078125,False,0.001577728732245376,
2026-06-30,FP,7000.0,-498.169921875,True,0.06643886802586985,
2026-06-30,FN,7520.0,21.830078125,False,0.0029113292694091797,14.0
2026-06-30,FN,7525.0,26.830078125,True,0.00357818603515625,11.0
2026-06-30,FN,7625.0,126.830078125,True,0.016914844512939453,32.0
2026-06-30,FN,7375.0,-123.169921875,True,0.016426682472229004,27.0
2026-06-30,FN,7575.0,76.830078125,True,0.010246515274047852,16.0
2026-06-30,FN,7545.0,46.830078125,False,0.0062454938888549805,26.0
2026-07-01,FP,7490.0,13.5,False,0.0018056577275462615,
2026-07-01,FP,7495.0,18.5,False,0.0024744198488597657,
2026-07-01,FP,7400.0,-76.5,True,0.010232060456095815,
2026-07-01,FP,7475.0,-1.5,True,0.00020062863639402906,
2026-07-01,FP,7350.0,-126.5,True,0.016919681669230302,
2026-07-01,FP,7000.0,-476.5,True,0.06373303016117171,
2026-07-01,FN,7520.0,43.5,False,0.0058182477951049805,17.0
2026-07-01,FN,7425.0,-51.5,True,0.006888270378112793,11.0
2026-07-01,FN,7560.0,83.5,False,0.011168360710144043,25.0
2026-07-01,FN,7375.0,-101.5,True,0.013575851917266846,26.0
2026-07-01,FN,7575.0,98.5,True,0.013174653053283691,14.0
2026-07-01,FN,7545.0,68.5,False,0.009162068367004395,35.0
2026-07-02,FP,7460.0,-0.89013671875,False,0.00011930704010354454,
2026-07-02,FP,7465.0,4.10986328125,False,0.0005508542822556528,
2026-07-02,FP,7475.0,14.10986328125,True,0.0018911769269740475,
2026-07-02,FP,7000.0,-460.89013671875,True,0.061774148697148146,
2026-07-02,FP,7455.0,-5.89013671875,False,0.0007894683624627419,
2026-07-02,FN,7650.0,189.10986328125,True,0.025346875190734863,23.0
2026-07-02,FN,7525.0,64.10986328125,True,0.008592844009399414,13.0
2026-07-02,FN,7575.0,114.10986328125,True,0.015294432640075684,17.0
2026-07-02,FN,7545.0,84.10986328125,False,0.011273384094238281,49.0
2026-07-02,FN,7325.0,-135.89013671875,True,0.01821368932723999,33.0
2026-07-06,FP,7400.0,-148.68017578125,True,0.019696181626328135,
2026-07-06,FP,7540.0,-8.68017578125,False,0.0011498931706099835,
2026-07-06,FP,7560.0,11.31982421875,False,0.001499576608778197,
2026-07-06,FN,7625.0,76.31982421875,True,0.01011037826538086,18.0
2026-07-06,FN,7650.0,101.31982421875,True,0.013422131538391113,13.0
2026-07-06,FN,7470.0,-78.68017578125,False,0.010423064231872559,26.0
2026-07-07,FP,7525.0,35.47021484375,True,0.004735973533885884,
2026-07-07,FP,7495.0,5.47021484375,False,0.0007303816128205742,
2026-07-07,FP,7505.0,15.47021484375,False,0.0020655789198422703,
2026-07-07,FP,7475.0,-14.52978515625,True,0.0019400130012230399,
2026-07-07,FP,7350.0,-139.52978515625,True,0.01862997933899524,
2026-07-07,FP,7000.0,-489.52978515625,True,0.06536188508475738,
2026-07-07,FN,7425.0,-64.52978515625,True,0.008615970611572266,12.0
2026-07-07,FN,7625.0,135.47021484375,True,0.01808798313140869,31.0
2026-07-07,FN,7470.0,-19.52978515625,False,0.002607583999633789,16.0
2026-07-07,FN,7575.0,85.47021484375,True,0.011411905288696289,11.0
2026-07-07,FN,7545.0,55.47021484375,False,0.007406353950500488,33.0
2026-07-07,FN,7455.0,-34.52978515625,False,0.004610419273376465,27.0
2026-07-08,FP,7480.0,28.43017578125,False,0.0038153270320098187,
2026-07-08,FP,7500.0,48.43017578125,True,0.006499325232630193,
2026-07-08,FP,7470.0,18.43017578125,False,0.0024733279316995205,
2026-07-08,FP,7475.0,23.43017578125,True,0.0031443274818547806,
2026-07-08,FP,7350.0,-101.56982421875,True,0.013630661272022504,
2026-07-08,FP,7000.0,-451.56982421875,True,0.06060062978287861,
2026-07-08,FN,7425.0,-26.56982421875,True,0.003565669059753418,13.0
2026-07-08,FN,7430.0,-21.56982421875,False,0.0028946399688720703,21.0
2026-07-08,FN,7375.0,-76.56982421875,True,0.010275661945343018,24.0
2026-07-08,FN,7575.0,123.43017578125,True,0.016564369201660156,14.0
2026-07-08,FN,7545.0,93.43017578125,False,0.012538313865661621,42.0
2026-07-08,FN,7455.0,3.43017578125,False,0.0004603862762451172,18.0
2026-07-09,FP,7400.0,-126.47021484375,True,0.01680339006647824,
2026-07-09,FP,7530.0,3.52978515625,False,0.0004689828107322658,
2026-07-09,FP,7535.0,8.52978515625,False,0.0011333048444710503,
2026-07-09,FP,7540.0,13.52978515625,False,0.0017976268782100568,
2026-07-09,FP,7450.0,-76.47021484375,True,0.010160169729089619,
2026-07-09,FN,7425.0,-101.47021484375,True,0.01348179578781128,20.0
2026-07-09,FN,7650.0,123.52978515625,True,0.016412734985351562,12.0
2026-07-09,FN,7620.0,93.52978515625,False,0.01242673397064209,15.0
2026-07-09,FN,7625.0,98.52978515625,True,0.013091087341308594,21.0
2026-07-09,FN,7475.0,-51.47021484375,True,0.006838560104370117,11.0
2026-07-10,FP,7585.0,8.43017578125,False,0.0011126639068648192,
2026-07-10,FP,7400.0,-176.56982421875,True,0.023304718139643965,
2026-07-10,FP,7500.0,-76.56982421875,True,0.01010613324963916,
2026-07-10,FP,7570.0,-6.56982421875,False,0.000867123826635785,
2026-07-10,FP,7450.0,-126.56982421875,True,0.016705425694641618,
2026-07-10,FP,7580.0,3.43017578125,False,0.0004527346623646178,
2026-07-10,FN,7620.0,43.43017578125,False,0.005732178688049316,13.0
2026-07-10,FN,7625.0,48.43017578125,True,0.006392121315002441,15.0
2026-07-10,FN,7475.0,-101.56982421875,True,0.013405799865722656,14.0
2026-07-10,FN,7670.0,93.43017578125,False,0.012331485748291016,25.0
2026-07-10,FN,7675.0,98.43017578125,True,0.01299142837524414,21.0
2026-07-10,FN,7645.0,68.43017578125,False,0.00903177261352539,44.0
2026-07-13,FP,7520.0,19.85009765625,False,0.002646626789425399,
2026-07-13,FP,7475.0,-25.14990234375,True,0.0033532532910963697,
2026-07-13,FP,7510.0,9.85009765625,False,0.0013133201048651788,
2026-07-13,FP,7515.0,14.85009765625,False,0.001979973447145289,
2026-07-13,FP,7550.0,49.85009765625,True,0.0066465468431067265,
2026-07-13,FN,7425.0,-75.14990234375,True,0.010019779205322266,16.0
2026-07-13,FN,7620.0,119.85009765625,False,0.015979647636413574,15.0
2026-07-13,FN,7625.0,124.85009765625,True,0.016646385192871094,25.0
2026-07-13,FN,7485.0,-15.14990234375,False,0.002019941806793213,27.0
2026-07-13,FN,7455.0,-45.14990234375,False,0.006019890308380127,36.0
2026-07-14,FP,7555.0,25.93017578125,False,0.003444007877021038,
2026-07-14,FP,7525.0,-4.06982421875,True,0.0005405480774873794,
2026-07-14,FP,7400.0,-129.06982421875,True,0.017142864554605564,
2026-07-14,FP,7560.0,30.93017578125,False,0.004108100536105663,
2026-07-14,FP,7540.0,10.93017578125,False,0.0014517298997667183,
2026-07-14,FP,7545.0,15.93017578125,False,0.0021158225588515656,
2026-07-14,FN,7425.0,-104.06982421875,True,0.013822376728057861,24.0
2026-07-14,FN,7650.0,120.93017578125,True,0.016061782836914062,11.0
2026-07-14,FN,7620.0,90.93017578125,False,0.0120772123336792,15.0
2026-07-14,FN,7590.0,60.93017578125,False,0.008092641830444336,20.0
2026-07-14,FN,7625.0,95.93017578125,True,0.012741327285766602,18.0
2026-07-14,FN,7580.0,50.93017578125,False,0.006764411926269531,13.0
2026-07-15,FP,7525.0,-44.68017578125,True,0.005902518302451143,
2026-07-15,FP,7560.0,-9.68017578125,False,0.0012788090852532408,
2026-07-15,FP,7565.0,-4.68017578125,False,0.0006182791970820167,
2026-07-15,FP,7570.0,0.31982421875,False,4.225069108909629e-05,
2026-07-15,FP,7450.0,-119.68017578125,True,0.01581046662501806,
2026-07-15,FN,7620.0,50.31982421875,False,0.006647586822509766,14.0
2026-07-15,FN,7625.0,55.31982421875,True,0.0073081254959106445,17.0
2026-07-15,FN,7475.0,-94.68017578125,True,0.012507796287536621,13.0
2026-07-15,FN,7675.0,105.31982421875,True,0.013913393020629883,30.0
2026-07-15,FN,7645.0,75.31982421875,False,0.00995016098022461,46.0
