BarIdx,BarTime,Price,BidVol,AskVol,BidVolLarge,AskVolLarge
0,2026-07-23 17:00:00,7450.5,71,62,0,19
0,2026-07-23 17:00:00,7451,13,23,0,0
0,2026-07-23 17:00:00,7451.25,17,13,0,0
0,2026-07-23 17:00:00,7452.75,47,66,0,10
0,2026-07-23 17:00:00,7453.5,34,39,0,0
0,2026-07-23 17:00:00,7452.5,56,56,0,0
0,2026-07-23 17:00:00,7452.25,68,53,0,0
0,2026-07-23 17:00:00,7451.75,31,17,0,0
0,2026-07-23 17:00:00,7451.5,19,4,0,0
0,2026-07-23 17:00:00,7452,34,51,10,0
0,2026-07-23 17:00:00,7453.25,29,45,0,0
0,2026-07-23 17:00:00,7453,50,52,10,0
0,2026-07-23 17:00:00,7453.75,10,31,0,0
0,2026-07-23 17:00:00,7454,0,22,0,0
0,2026-07-23 17:00:00,7450.75,53,34,0,0
0,2026-07-23 17:00:00,7450.25,52,32,0,0
0,2026-07-23 17:00:00,7450,89,65,30,0
0,2026-07-23 17:00:00,7449.75,61,95,0,0
0,2026-07-23 17:00:00,7449.5,100,107,0,0
0,2026-07-23 17:00:00,7449.25,76,89,0,0
0,2026-07-23 17:00:00,7449,119,79,0,0
0,2026-07-23 17:00:00,7448.75,102,104,0,0
0,2026-07-23 17:00:00,7448.25,171,174,0,29
0,2026-07-23 17:00:00,7448.5,127,155,0,0
0,2026-07-23 17:00:00,7448,158,133,0,0
0,2026-07-23 17:00:00,7447.75,91,99,18,0
0,2026-07-23 17:00:00,7447.5,124,96,0,0
0,2026-07-23 17:00:00,7447.25,117,128,0,12
0,2026-07-23 17:00:00,7447,174,270,0,39
0,2026-07-23 17:00:00,7446.75,133,163,0,0
0,2026-07-23 17:00:00,7446.5,166,136,0,17
0,2026-07-23 17:00:00,7446.25,112,86,22,0
0,2026-07-23 17:00:00,7446,92,33,0,0
0,2026-07-23 17:00:00,7445.75,13,11,0,0
0,2026-07-23 17:00:00,7445.5,12,29,0,0
0,2026-07-23 17:00:00,7445.25,25,63,0,0
0,2026-07-23 17:00:00,7445,54,46,0,0
0,2026-07-23 17:00:00,7444.75,64,50,0,0
0,2026-07-23 17:00:00,7444.5,79,112,0,18
0,2026-07-23 17:00:00,7444.25,109,58,0,0
0,2026-07-23 17:00:00,7444,66,85,0,22
0,2026-07-23 17:00:00,7443.75,124,101,24,0
0,2026-07-23 17:00:00,7443.5,111,14,44,0
0,2026-07-23 17:00:00,7443.25,30,11,0,0
0,2026-07-23 17:00:00,7443,22,0,0,0
0,2026-07-23 17:00:00,7442.75,3,0,0,0
1,2026-07-23 18:02:36,7452.75,25,41,0,0
1,2026-07-23 18:02:36,7452.5,52,42,0,0
1,2026-07-23 18:02:36,7453.25,20,39,0,0
1,2026-07-23 18:02:36,7453,70,61,27,0
1,2026-07-23 18:02:36,7452.25,36,19,0,0
1,2026-07-23 18:02:36,7452,29,61,0,0
1,2026-07-23 18:02:36,7451.75,22,20,0,0
1,2026-07-23 18:02:36,7451.5,29,24,0,0
1,2026-07-23 18:02:36,7451.25,40,44,0,0
1,2026-07-23 18:02:36,7451,60,121,0,0
1,2026-07-23 18:02:36,7450.75,96,127,0,0
1,2026-07-23 18:02:36,7450.5,95,140,0,0
1,2026-07-23 18:02:36,7450.25,147,131,0,0
1,2026-07-23 18:02:36,7450,247,188,10,0
1,2026-07-23 18:02:36,7449.75,149,173,0,0
1,2026-07-23 18:02:36,7449.5,200,285,0,0
1,2026-07-23 18:02:36,7449.25,228,180,0,0
1,2026-07-23 18:02:36,7449,249,162,0,0
1,2026-07-23 18:02:36,7448.75,208,123,0,0
1,2026-07-23 18:02:36,7448.5,170,138,0,0
1,2026-07-23 18:02:36,7448.25,134,168,0,23
1,2026-07-23 18:02:36,7448,88,39,19,0
1,2026-07-23 18:02:36,7447.75,32,39,0,0
1,2026-07-23 18:02:36,7447.5,63,83,0,0
1,2026-07-23 18:02:36,7447.25,97,91,0,0
1,2026-07-23 18:02:36,7447,64,35,0,0
1,2026-07-23 18:02:36,7446.75,71,52,0,0
1,2026-07-23 18:02:36,7446.5,83,84,0,15
1,2026-07-23 18:02:36,7446.25,81,49,0,0
1,2026-07-23 18:02:36,7446,85,69,0,22
1,2026-07-23 18:02:36,7445.75,65,31,0,0
1,2026-07-23 18:02:36,7445.5,64,63,0,17
1,2026-07-23 18:02:36,7445.25,47,88,0,53
1,2026-07-23 18:02:36,7445,19,0,0,0
1,2026-07-23 18:02:36,7444.75,10,0,0,0
1,2026-07-23 18:02:36,7444.5,5,2,0,0
1,2026-07-23 18:02:36,7453.5,29,49,0,0
1,2026-07-23 18:02:36,7453.75,29,31,0,0
1,2026-07-23 18:02:36,7454,40,31,26,0
1,2026-07-23 18:02:36,7454.25,47,6,21,0
1,2026-07-23 18:02:36,7454.5,13,17,0,0
1,2026-07-23 18:02:36,7454.75,2,14,0,0
2,2026-07-23 19:02:05,7453,27,14,0,0
2,2026-07-23 19:02:05,7453.25,63,34,18,0
2,2026-07-23 19:02:05,7453.5,47,38,0,0
2,2026-07-23 19:02:05,7453.75,40,42,0,0
2,2026-07-23 19:02:05,7454,40,50,0,0
2,2026-07-23 19:02:05,7454.25,43,58,24,0
2,2026-07-23 19:02:05,7454.75,39,23,0,0
2,2026-07-23 19:02:05,7454.5,17,6,0,0
2,2026-07-23 19:02:05,7455,37,43,0,18
2,2026-07-23 19:02:05,7455.25,6,15,0,0
2,2026-07-23 19:02:05,7452.75,5,1,0,0
2,2026-07-23 19:02:05,7452.5,6,9,0,0
2,2026-07-23 19:02:05,7452.25,19,10,0,0
2,2026-07-23 19:02:05,7452,21,16,0,0
2,2026-07-23 19:02:05,7451.75,21,22,0,0
2,2026-07-23 19:02:05,7451.5,19,27,0,0
2,2026-07-23 19:02:05,7451.25,22,11,0,0
2,2026-07-23 19:02:05,7451,42,8,16,0
2,2026-07-23 19:02:05,7450.75,20,124,0,68
2,2026-07-23 19:02:05,7450.5,21,24,0,0
2,2026-07-23 19:02:05,7450.25,26,32,0,0
2,2026-07-23 19:02:05,7450,67,54,0,0
2,2026-07-23 19:02:05,7449.75,51,39,0,0
2,2026-07-23 19:02:05,7449.5,27,25,0,0
2,2026-07-23 19:02:05,7449.25,38,41,0,0
2,2026-07-23 19:02:05,7449,70,37,0,0
2,2026-07-23 19:02:05,7448.75,62,49,0,0
2,2026-07-23 19:02:05,7448.5,65,318,0,266
2,2026-07-23 19:02:05,7448.25,94,81,0,0
2,2026-07-23 19:02:05,7448,125,195,0,77
2,2026-07-23 19:02:05,7447.75,161,116,0,0
2,2026-07-23 19:02:05,7447.5,168,82,22,0
2,2026-07-23 19:02:05,7447.25,136,81,0,0
2,2026-07-23 19:02:05,7447,185,106,0,0
2,2026-07-23 19:02:05,7446.75,107,87,0,0
2,2026-07-23 19:02:05,7446.5,118,171,0,0
2,2026-07-23 19:02:05,7446.25,240,150,37,0
2,2026-07-23 19:02:05,7446,385,324,274,225
2,2026-07-23 19:02:05,7445.75,119,172,0,0
2,2026-07-23 19:02:05,7445.5,76,45,0,0
2,2026-07-23 19:02:05,7445.25,109,70,13,0
2,2026-07-23 19:02:05,7445,127,80,33,0
2,2026-07-23 19:02:05,7444.75,108,82,34,31
2,2026-07-23 19:02:05,7444.5,38,34,0,0
2,2026-07-23 19:02:05,7444.25,25,15,0,0
2,2026-07-23 19:02:05,7444,83,29,28,0
2,2026-07-23 19:02:05,7443.75,19,8,0,0
2,2026-07-23 19:02:05,7443.5,3,0,0,0
3,2026-07-23 19:20:12,7446.75,62,3,50,0
3,2026-07-23 19:20:12,7446.5,18,4,10,0
3,2026-07-23 19:20:12,7446.25,5,0,0,0
3,2026-07-23 19:20:12,7447,54,12,0,0
3,2026-07-23 19:20:12,7447.25,31,13,0,0
3,2026-07-23 19:20:12,7447.5,20,13,0,0
3,2026-07-23 19:20:12,7447.75,31,25,0,0
3,2026-07-23 19:20:12,7448,67,49,10,0
3,2026-07-23 19:20:12,7448.5,95,39,24,0
3,2026-07-23 19:20:12,7448.75,111,58,0,0
3,2026-07-23 19:20:12,7449,96,108,0,0
3,2026-07-23 19:20:12,7449.25,83,79,0,0
3,2026-07-23 19:20:12,7449.5,41,39,0,0
3,2026-07-23 19:20:12,7449.75,40,43,0,0
3,2026-07-23 19:20:12,7450,162,65,30,0
3,2026-07-23 19:20:12,7450.25,153,84,0,0
3,2026-07-23 19:20:12,7450.5,117,78,16,0
3,2026-07-23 19:20:12,7450.75,106,120,0,0
3,2026-07-23 19:20:12,7451,104,71,10,0
3,2026-07-23 19:20:12,7451.25,100,98,0,0
3,2026-07-23 19:20:12,7451.5,118,81,0,0
3,2026-07-23 19:20:12,7451.75,102,75,0,0
3,2026-07-23 19:20:12,7452,153,109,41,0
3,2026-07-23 19:20:12,7452.25,62,76,0,0
3,2026-07-23 19:20:12,7452.5,63,73,0,0
3,2026-07-23 19:20:12,7452.75,69,57,0,0
3,2026-07-23 19:20:12,7453,84,89,0,0
3,2026-07-23 19:20:12,7453.25,172,111,26,0
3,2026-07-23 19:20:12,7453.5,120,98,0,0
3,2026-07-23 19:20:12,7453.75,98,150,11,0
3,2026-07-23 19:20:12,7454,90,99,0,0
3,2026-07-23 19:20:12,7454.25,163,132,0,0
3,2026-07-23 19:20:12,7454.5,178,184,20,11
3,2026-07-23 19:20:12,7454.75,127,121,16,0
3,2026-07-23 19:20:12,7455,126,145,0,18
3,2026-07-23 19:20:12,7455.25,45,43,0,0
3,2026-07-23 19:20:12,7448.25,39,37,0,0
3,2026-07-23 19:20:12,7455.5,68,59,0,0
3,2026-07-23 19:20:12,7455.75,33,49,0,0
3,2026-07-23 19:20:12,7456,70,49,0,0
3,2026-07-23 19:20:12,7456.25,53,35,16,0
3,2026-07-23 19:20:12,7456.5,29,45,0,0
3,2026-07-23 19:20:12,7456.75,10,28,0,0
3,2026-07-23 19:20:12,7457,0,1,0,0
4,2026-07-23 19:55:13,7448.75,5,13,0,0
4,2026-07-23 19:55:13,7448.5,3,0,0,0
4,2026-07-23 19:55:13,7449,0,5,0,0
4,2026-07-23 19:55:13,7449.25,12,3,0,0
4,2026-07-23 19:55:13,7449.5,7,8,0,0
4,2026-07-23 19:55:13,7449.75,0,6,0,0
4,2026-07-23 19:55:13,7450,21,12,0,0
4,2026-07-23 19:55:13,7450.25,13,16,0,0
4,2026-07-23 19:55:13,7450.5,19,23,0,0
4,2026-07-23 19:55:13,7450.75,24,31,0,0
4,2026-07-23 19:55:13,7451,22,22,0,0
4,2026-07-23 19:55:13,7451.25,26,27,0,0
4,2026-07-23 19:55:13,7451.5,6,13,0,0
4,2026-07-23 19:55:13,7451.75,68,25,0,0
4,2026-07-23 19:55:13,7452,79,81,10,0
4,2026-07-23 19:55:13,7452.25,75,84,0,0
4,2026-07-23 19:55:13,7452.5,145,111,10,0
4,2026-07-23 19:55:13,7452.75,151,145,0,0
4,2026-07-23 19:55:13,7453,216,140,10,0
4,2026-07-23 19:55:13,7453.25,196,125,18,0
4,2026-07-23 19:55:13,7453.5,143,130,0,0
4,2026-07-23 19:55:13,7453.75,135,136,0,0
4,2026-07-23 19:55:13,7454,179,104,0,0
4,2026-07-23 19:55:13,7454.25,146,115,0,0
4,2026-07-23 19:55:13,7454.5,137,138,0,0
4,2026-07-23 19:55:13,7454.75,161,177,0,0
4,2026-07-23 19:55:13,7455,142,197,0,18
4,2026-07-23 19:55:13,7455.25,148,85,0,0
4,2026-07-23 19:55:13,7455.5,185,140,10,10
4,2026-07-23 19:55:13,7455.75,165,126,0,0
4,2026-07-23 19:55:13,7456,159,204,0,0
4,2026-07-23 19:55:13,7456.25,159,111,0,0
4,2026-07-23 19:55:13,7456.5,125,146,0,0
4,2026-07-23 19:55:13,7456.75,104,87,0,0
4,2026-07-23 19:55:13,7457,83,110,0,10
4,2026-07-23 19:55:13,7457.25,48,81,0,0
4,2026-07-23 19:55:13,7457.5,49,90,0,0
4,2026-07-23 19:55:13,7457.75,14,50,0,0
4,2026-07-23 19:55:13,7458,0,13,0,0
5,2026-07-23 20:38:43,7457.75,45,36,0,0
5,2026-07-23 20:38:43,7457.5,28,23,0,0
5,2026-07-23 20:38:43,7458,28,58,0,0
5,2026-07-23 20:38:43,7457.25,79,37,21,0
5,2026-07-23 20:38:43,7457,56,73,0,0
5,2026-07-23 20:38:43,7456.75,65,46,0,0
5,2026-07-23 20:38:43,7456.5,89,64,0,0
5,2026-07-23 20:38:43,7456.25,64,41,0,0
5,2026-07-23 20:38:43,7456,46,18,0,0
5,2026-07-23 20:38:43,7455.75,27,31,0,0
5,2026-07-23 20:38:43,7455.5,36,30,0,0
5,2026-07-23 20:38:43,7455.25,29,27,0,0
5,2026-07-23 20:38:43,7455,40,27,0,0
5,2026-07-23 20:38:43,7454.75,47,66,0,0
5,2026-07-23 20:38:43,7454.5,53,61,0,0
5,2026-07-23 20:38:43,7454.25,45,29,0,0
5,2026-07-23 20:38:43,7454,66,30,0,0
5,2026-07-23 20:38:43,7453.75,37,28,0,0
5,2026-07-23 20:38:43,7458.25,15,31,0,0
5,2026-07-23 20:38:43,7458.5,12,40,0,0
5,2026-07-23 20:38:43,7458.75,11,14,0,0
5,2026-07-23 20:38:43,7459,13,94,0,62
5,2026-07-23 20:38:43,7459.25,0,17,0,0
5,2026-07-23 20:38:43,7453.5,16,20,0,0
5,2026-07-23 20:38:43,7453.25,41,36,0,0
5,2026-07-23 20:38:43,7453,38,67,0,0
5,2026-07-23 20:38:43,7452.75,98,91,0,0
5,2026-07-23 20:38:43,7452.5,124,106,0,0
5,2026-07-23 20:38:43,7452.25,106,96,0,0
5,2026-07-23 20:38:43,7452,200,218,0,0
5,2026-07-23 20:38:43,7451.75,149,82,0,0
5,2026-07-23 20:38:43,7451.5,133,99,0,0
5,2026-07-23 20:38:43,7451.25,171,160,0,0
5,2026-07-23 20:38:43,7451,179,151,0,0
5,2026-07-23 20:38:43,7450.75,128,84,0,0
5,2026-07-23 20:38:43,7450.5,119,114,0,0
5,2026-07-23 20:38:43,7450.25,128,101,0,0
5,2026-07-23 20:38:43,7450,151,147,0,0
5,2026-07-23 20:38:43,7449.75,134,158,0,0
5,2026-07-23 20:38:43,7449.5,89,129,0,0
5,2026-07-23 20:38:43,7449.25,111,107,10,0
5,2026-07-23 20:38:43,7449,146,101,0,0
5,2026-07-23 20:38:43,7448.75,84,105,0,0
5,2026-07-23 20:38:43,7448.5,61,28,0,0
5,2026-07-23 20:38:43,7448.25,19,14,0,0
5,2026-07-23 20:38:43,7448,9,0,0,0
6,2026-07-23 21:32:09,7448.25,2,3,0,0
6,2026-07-23 21:32:09,7448,15,18,0,0
6,2026-07-23 21:32:09,7447.75,6,6,0,0
6,2026-07-23 21:32:09,7447.5,7,6,0,0
6,2026-07-23 21:32:09,7447.25,41,12,0,0
6,2026-07-23 21:32:09,7447,21,11,0,0
6,2026-07-23 21:32:09,7446.75,19,7,0,0
6,2026-07-23 21:32:09,7446.5,18,21,0,0
6,2026-07-23 21:32:09,7446.25,26,30,0,0
6,2026-07-23 21:32:09,7446,47,51,0,0
6,2026-07-23 21:32:09,7445.75,48,41,0,0
6,2026-07-23 21:32:09,7445.5,32,17,0,0
6,2026-07-23 21:32:09,7445.25,28,33,0,0
6,2026-07-23 21:32:09,7445,29,5,0,0
6,2026-07-23 21:32:09,7444.75,25,27,0,0
6,2026-07-23 21:32:09,7444.5,19,28,0,0
6,2026-07-23 21:32:09,7444.25,36,51,0,0
6,2026-07-23 21:32:09,7444,50,81,0,0
6,2026-07-23 21:32:09,7443.75,83,116,0,0
6,2026-07-23 21:32:09,7443.5,139,137,0,0
6,2026-07-23 21:32:09,7443.25,142,122,0,0
6,2026-07-23 21:32:09,7443,174,117,0,0
6,2026-07-23 21:32:09,7442.75,100,78,0,0
6,2026-07-23 21:32:09,7442.5,108,130,0,0
6,2026-07-23 21:32:09,7442.25,178,179,0,0
6,2026-07-23 21:32:09,7442,231,240,0,0
6,2026-07-23 21:32:09,7441.75,233,224,0,36
6,2026-07-23 21:32:09,7441.5,183,157,11,0
6,2026-07-23 21:32:09,7441.25,196,246,0,0
6,2026-07-23 21:32:09,7441,280,154,23,0
6,2026-07-23 21:32:09,7440.75,148,158,0,0
6,2026-07-23 21:32:09,7440.5,156,110,0,0
6,2026-07-23 21:32:09,7440.25,151,100,0,0
6,2026-07-23 21:32:09,7440,154,188,0,0
6,2026-07-23 21:32:09,7439.75,151,107,0,0
6,2026-07-23 21:32:09,7439.5,142,38,0,0
6,2026-07-23 21:32:09,7439.25,32,1,0,0
7,2026-07-23 22:19:14,7442,85,84,0,0
7,2026-07-23 22:19:14,7441.75,58,42,0,0
7,2026-07-23 22:19:14,7441.5,41,41,0,0
7,2026-07-23 22:19:14,7441.25,76,65,0,0
7,2026-07-23 22:19:14,7441,93,146,0,0
7,2026-07-23 22:19:14,7440.75,137,183,0,28
7,2026-07-23 22:19:14,7440.5,163,182,0,13
7,2026-07-23 22:19:14,7440.25,141,146,0,0
7,2026-07-23 22:19:14,7440,190,145,0,0
7,2026-07-23 22:19:14,7442.25,63,90,0,0
7,2026-07-23 22:19:14,7442.5,41,32,0,0
7,2026-07-23 22:19:14,7442.75,34,22,0,0
7,2026-07-23 22:19:14,7443,12,14,0,0
7,2026-07-23 22:19:14,7443.25,7,18,0,0
7,2026-07-23 22:19:14,7443.5,14,22,0,0
7,2026-07-23 22:19:14,7443.75,10,17,0,0
7,2026-07-23 22:19:14,7444,0,14,0,0
7,2026-07-23 22:19:14,7439.75,163,131,0,0
7,2026-07-23 22:19:14,7439.5,222,237,0,0
7,2026-07-23 22:19:14,7439.25,175,187,0,12
7,2026-07-23 22:19:14,7439,288,152,30,0
7,2026-07-23 22:19:14,7438.75,135,107,0,0
7,2026-07-23 22:19:14,7438.5,120,91,0,0
7,2026-07-23 22:19:14,7438.25,135,87,0,0
7,2026-07-23 22:19:14,7438,148,165,10,100
7,2026-07-23 22:19:14,7437.75,80,108,0,0
7,2026-07-23 22:19:14,7437.5,121,149,0,0
7,2026-07-23 22:19:14,7437.25,163,118,0,0
7,2026-07-23 22:19:14,7437,113,73,0,0
7,2026-07-23 22:19:14,7436.75,51,18,0,0
7,2026-07-23 22:19:14,7436.5,37,29,0,0
7,2026-07-23 22:19:14,7436.25,46,42,0,0
7,2026-07-23 22:19:14,7436,50,94,0,0
7,2026-07-23 22:19:14,7435.75,91,51,0,0
7,2026-07-23 22:19:14,7435.5,65,26,0,0
7,2026-07-23 22:19:14,7435.25,4,0,0,0
8,2026-07-23 23:21:56,7438.5,59,46,0,0
8,2026-07-23 23:21:56,7438.75,65,41,0,0
8,2026-07-23 23:21:56,7439,58,50,14,0
8,2026-07-23 23:21:56,7439.25,34,28,0,0
8,2026-07-23 23:21:56,7439.5,44,31,0,0
8,2026-07-23 23:21:56,7439.75,72,50,0,0
8,2026-07-23 23:21:56,7440,58,64,0,0
8,2026-07-23 23:21:56,7440.25,53,45,0,0
8,2026-07-23 23:21:56,7440.5,58,49,0,0
8,2026-07-23 23:21:56,7440.75,50,57,0,17
8,2026-07-23 23:21:56,7441,20,29,0,0
8,2026-07-23 23:21:56,7441.25,74,35,0,0
8,2026-07-23 23:21:56,7441.5,89,77,0,0
8,2026-07-23 23:21:56,7441.75,88,81,0,0
8,2026-07-23 23:21:56,7442,102,76,0,0
8,2026-07-23 23:21:56,7442.25,129,123,0,0
8,2026-07-23 23:21:56,7442.5,128,137,18,0
8,2026-07-23 23:21:56,7442.75,84,74,0,0
8,2026-07-23 23:21:56,7443,62,54,0,0
8,2026-07-23 23:21:56,7443.25,76,34,0,0
8,2026-07-23 23:21:56,7443.5,98,83,15,0
8,2026-07-23 23:21:56,7443.75,114,117,0,0
8,2026-07-23 23:21:56,7444,140,116,0,0
8,2026-07-23 23:21:56,7444.25,118,139,0,18
8,2026-07-23 23:21:56,7444.5,90,117,0,14
8,2026-07-23 23:21:56,7444.75,31,42,0,0
8,2026-07-23 23:21:56,7438.25,33,8,0,0
8,2026-07-23 23:21:56,7438,19,7,0,0
8,2026-07-23 23:21:56,7437.75,6,2,0,0
8,2026-07-23 23:21:56,7437.5,4,0,0,0
8,2026-07-23 23:21:56,7445,42,53,0,0
8,2026-07-23 23:21:56,7445.25,57,48,0,0
8,2026-07-23 23:21:56,7445.5,45,67,0,0
8,2026-07-23 23:21:56,7445.75,72,59,0,0
8,2026-07-23 23:21:56,7446,101,77,0,0
8,2026-07-23 23:21:56,7446.25,94,101,0,0
8,2026-07-23 23:21:56,7446.5,107,135,0,0
8,2026-07-23 23:21:56,7446.75,212,164,31,0
8,2026-07-23 23:21:56,7447,145,165,0,0
8,2026-07-23 23:21:56,7447.25,142,133,43,0
8,2026-07-23 23:21:56,7447.5,137,105,12,0
8,2026-07-23 23:21:56,7447.75,58,69,0,0
8,2026-07-23 23:21:56,7448,37,34,0,0
8,2026-07-23 23:21:56,7448.25,28,38,0,0
8,2026-07-23 23:21:56,7448.5,25,37,0,0
8,2026-07-23 23:21:56,7448.75,7,14,0,0
8,2026-07-23 23:21:56,7449,0,21,0,0
8,2026-07-23 23:21:56,7449.25,0,3,0,0
9,2026-07-24 00:30:03,7446.75,101,72,0,0
9,2026-07-24 00:30:03,7447,159,106,40,0
9,2026-07-24 00:30:03,7447.25,67,105,0,0
9,2026-07-24 00:30:03,7446.5,73,135,0,60
9,2026-07-24 00:30:03,7446.25,81,103,0,32
9,2026-07-24 00:30:03,7447.5,52,57,0,0
9,2026-07-24 00:30:03,7447.75,48,40,0,0
9,2026-07-24 00:30:03,7448,33,63,0,0
9,2026-07-24 00:30:03,7448.25,14,29,0,0
9,2026-07-24 00:30:03,7446,96,74,0,0
9,2026-07-24 00:30:03,7445.75,80,78,0,0
9,2026-07-24 00:30:03,7445.5,89,145,0,45
9,2026-07-24 00:30:03,7445.25,164,142,26,31
9,2026-07-24 00:30:03,7445,102,100,0,35
9,2026-07-24 00:30:03,7444.75,31,5,0,0
9,2026-07-24 00:30:03,7448.5,14,37,0,0
9,2026-07-24 00:30:03,7448.75,5,19,0,0
9,2026-07-24 00:30:03,7449,19,23,0,0
9,2026-07-24 00:30:03,7449.25,23,10,0,0
9,2026-07-24 00:30:03,7449.5,22,27,0,0
9,2026-07-24 00:30:03,7449.75,16,37,0,0
9,2026-07-24 00:30:03,7450,6,25,0,0
9,2026-07-24 00:30:03,7450.25,1,16,0,0
9,2026-07-24 00:30:03,7450.5,0,14,0,0
9,2026-07-24 00:30:03,7444.5,6,3,0,0
9,2026-07-24 00:30:03,7444.25,14,7,0,0
9,2026-07-24 00:30:03,7444,20,22,0,10
9,2026-07-24 00:30:03,7443.75,5,14,0,0
9,2026-07-24 00:30:03,7443.5,28,26,0,0
9,2026-07-24 00:30:03,7443.25,26,19,0,0
9,2026-07-24 00:30:03,7443,25,26,0,0
9,2026-07-24 00:30:03,7442.75,50,40,0,0
9,2026-07-24 00:30:03,7442.5,27,49,0,0
9,2026-07-24 00:30:03,7442.25,84,79,0,0
9,2026-07-24 00:30:03,7442,56,31,0,0
9,2026-07-24 00:30:03,7441.75,32,33,0,0
9,2026-07-24 00:30:03,7441.5,48,40,0,10
9,2026-07-24 00:30:03,7441.25,43,57,0,0
9,2026-07-24 00:30:03,7441,103,39,30,0
9,2026-07-24 00:30:03,7440.75,23,14,0,0
9,2026-07-24 00:30:03,7440.5,9,2,0,0
9,2026-07-24 00:30:03,7440.25,10,11,0,0
9,2026-07-24 00:30:03,7440,26,47,0,0
9,2026-07-24 00:30:03,7439.75,77,171,0,33
9,2026-07-24 00:30:03,7439.5,91,105,0,10
9,2026-07-24 00:30:03,7439.25,132,210,0,14
9,2026-07-24 00:30:03,7439,140,149,0,14
9,2026-07-24 00:30:03,7438.75,113,138,0,0
9,2026-07-24 00:30:03,7438.5,97,113,0,0
9,2026-07-24 00:30:03,7438.25,73,70,0,0
9,2026-07-24 00:30:03,7438,96,54,10,0
9,2026-07-24 00:30:03,7437.75,117,117,20,13
9,2026-07-24 00:30:03,7437.5,98,89,0,25
9,2026-07-24 00:30:03,7437.25,56,103,0,35
9,2026-07-24 00:30:03,7437,59,35,0,0
9,2026-07-24 00:30:03,7436.75,24,20,0,0
9,2026-07-24 00:30:03,7436.5,1,0,0,0
10,2026-07-24 01:18:02,7439.25,54,55,0,10
10,2026-07-24 01:18:02,7439.5,32,55,0,0
10,2026-07-24 01:18:02,7439,77,30,20,0
10,2026-07-24 01:18:02,7439.75,24,57,0,0
10,2026-07-24 01:18:02,7440,28,31,0,0
10,2026-07-24 01:18:02,7440.25,63,70,0,0
10,2026-07-24 01:18:02,7440.5,67,66,0,0
10,2026-07-24 01:18:02,7440.75,106,107,0,0
10,2026-07-24 01:18:02,7441,109,111,0,0
10,2026-07-24 01:18:02,7441.25,79,151,0,46
10,2026-07-24 01:18:02,7441.5,46,120,0,44
10,2026-07-24 01:18:02,7441.75,71,82,0,0
10,2026-07-24 01:18:02,7442,71,92,0,0
10,2026-07-24 01:18:02,7442.25,91,102,0,0
10,2026-07-24 01:18:02,7442.5,50,83,0,0
10,2026-07-24 01:18:02,7442.75,143,124,26,0
10,2026-07-24 01:18:02,7443,56,94,0,0
10,2026-07-24 01:18:02,7443.25,124,96,0,0
10,2026-07-24 01:18:02,7443.5,69,134,0,0
10,2026-07-24 01:18:02,7443.75,48,51,0,0
10,2026-07-24 01:18:02,7444,49,39,0,0
10,2026-07-24 01:18:02,7444.25,75,69,0,0
10,2026-07-24 01:18:02,7444.5,78,93,0,0
10,2026-07-24 01:18:02,7444.75,109,77,12,0
10,2026-07-24 01:18:02,7445,186,93,25,0
10,2026-07-24 01:18:02,7445.25,128,146,0,0
10,2026-07-24 01:18:02,7445.5,70,71,0,0
10,2026-07-24 01:18:02,7445.75,28,35,10,0
10,2026-07-24 01:18:02,7446,18,11,0,0
10,2026-07-24 01:18:02,7446.25,16,20,0,0
10,2026-07-24 01:18:02,7446.5,28,26,0,0
10,2026-07-24 01:18:02,7446.75,23,32,13,0
10,2026-07-24 01:18:02,7447,11,23,0,0
10,2026-07-24 01:18:02,7447.25,4,4,0,0
10,2026-07-24 01:18:02,7438.75,22,27,0,0
10,2026-07-24 01:18:02,7438.5,34,54,0,0
10,2026-07-24 01:18:02,7438.25,46,43,0,0
10,2026-07-24 01:18:02,7438,23,35,0,10
10,2026-07-24 01:18:02,7437.75,55,50,0,0
10,2026-07-24 01:18:02,7437.5,63,64,0,0
10,2026-07-24 01:18:02,7437.25,64,65,0,0
10,2026-07-24 01:18:02,7437,89,82,0,0
10,2026-07-24 01:18:02,7436.75,54,38,0,0
10,2026-07-24 01:18:02,7436.5,44,84,0,0
10,2026-07-24 01:18:02,7436.25,57,31,0,0
10,2026-07-24 01:18:02,7436,16,12,0,0
10,2026-07-24 01:18:02,7435.75,35,48,0,0
10,2026-07-24 01:18:02,7435.5,49,44,0,0
10,2026-07-24 01:18:02,7435.25,47,52,0,0
10,2026-07-24 01:18:02,7435,73,55,0,0
10,2026-07-24 01:18:02,7434.75,49,30,0,0
10,2026-07-24 01:18:02,7434.5,29,10,0,0
10,2026-07-24 01:18:02,7434.25,15,11,0,0
10,2026-07-24 01:18:02,7434,12,1,0,0
10,2026-07-24 01:18:02,7433.75,2,0,0,0
11,2026-07-24 02:00:46,7443.5,24,151,0,138
11,2026-07-24 02:00:46,7443.75,40,21,0,0
11,2026-07-24 02:00:46,7444,26,27,0,0
11,2026-07-24 02:00:46,7444.25,14,10,0,0
11,2026-07-24 02:00:46,7443.25,31,58,0,27
11,2026-07-24 02:00:46,7444.5,24,26,0,0
11,2026-07-24 02:00:46,7444.75,18,17,0,0
11,2026-07-24 02:00:46,7445,5,20,0,0
11,2026-07-24 02:00:46,7445.25,21,4,0,0
11,2026-07-24 02:00:46,7445.5,23,31,0,0
11,2026-07-24 02:00:46,7445.75,15,15,0,0
11,2026-07-24 02:00:46,7446,30,14,13,0
11,2026-07-24 02:00:46,7446.25,41,42,0,0
11,2026-07-24 02:00:46,7446.5,41,36,0,0
11,2026-07-24 02:00:46,7446.75,114,46,13,0
11,2026-07-24 02:00:46,7447,107,91,0,0
11,2026-07-24 02:00:46,7447.25,92,217,0,139
11,2026-07-24 02:00:46,7447.5,192,112,0,0
11,2026-07-24 02:00:46,7447.75,104,115,0,0
11,2026-07-24 02:00:46,7448,117,133,0,0
11,2026-07-24 02:00:46,7448.25,76,110,0,0
11,2026-07-24 02:00:46,7448.5,32,44,0,0
11,2026-07-24 02:00:46,7448.75,10,26,0,0
11,2026-07-24 02:00:46,7449,36,29,0,0
11,2026-07-24 02:00:46,7449.25,7,16,0,0
11,2026-07-24 02:00:46,7449.5,7,13,0,0
11,2026-07-24 02:00:46,7449.75,10,4,0,0
11,2026-07-24 02:00:46,7450,16,27,0,0
11,2026-07-24 02:00:46,7450.25,6,25,0,0
11,2026-07-24 02:00:46,7450.5,11,7,0,0
11,2026-07-24 02:00:46,7450.75,4,9,0,0
11,2026-07-24 02:00:46,7451,0,5,0,0
11,2026-07-24 02:00:46,7451.25,0,5,0,0
11,2026-07-24 02:00:46,7451.5,14,8,0,0
11,2026-07-24 02:00:46,7451.75,50,40,0,0
11,2026-07-24 02:00:46,7452,28,41,0,0
11,2026-07-24 02:00:46,7452.25,31,48,0,0
11,2026-07-24 02:00:46,7452.5,51,39,0,0
11,2026-07-24 02:00:46,7452.75,86,59,0,0
11,2026-07-24 02:00:46,7453,13,56,0,10
11,2026-07-24 02:00:46,7453.25,33,10,0,0
11,2026-07-24 02:00:46,7453.5,41,50,0,0
11,2026-07-24 02:00:46,7453.75,37,37,0,0
11,2026-07-24 02:00:46,7454,68,28,0,0
11,2026-07-24 02:00:46,7454.25,166,136,0,0
11,2026-07-24 02:00:46,7454.5,184,211,10,0
11,2026-07-24 02:00:46,7454.75,327,181,135,0
11,2026-07-24 02:00:46,7455,210,221,10,0
11,2026-07-24 02:00:46,7455.25,225,170,66,0
11,2026-07-24 02:00:46,7455.5,107,154,0,0
11,2026-07-24 02:00:46,7455.75,64,89,0,0
11,2026-07-24 02:00:46,7456,54,85,0,0
11,2026-07-24 02:00:46,7456.25,30,68,0,0
11,2026-07-24 02:00:46,7456.5,18,11,0,0
11,2026-07-24 02:00:46,7456.75,26,20,0,0
11,2026-07-24 02:00:46,7457,42,44,0,0
11,2026-07-24 02:00:46,7457.25,14,24,0,0
11,2026-07-24 02:00:46,7457.5,7,25,0,0
11,2026-07-24 02:00:46,7457.75,8,12,0,0
11,2026-07-24 02:00:46,7458,0,4,0,0
12,2026-07-24 02:17:24,7456.5,94,41,0,0
12,2026-07-24 02:17:24,7456.75,55,68,0,0
12,2026-07-24 02:17:24,7457,105,133,0,44
12,2026-07-24 02:17:24,7457.25,37,37,0,0
12,2026-07-24 02:17:24,7457.5,58,48,0,0
12,2026-07-24 02:17:24,7457.75,93,72,0,0
12,2026-07-24 02:17:24,7458,121,115,0,0
12,2026-07-24 02:17:24,7458.25,132,74,0,0
12,2026-07-24 02:17:24,7458.5,187,155,0,0
12,2026-07-24 02:17:24,7458.75,128,107,0,0
12,2026-07-24 02:17:24,7459,193,266,0,36
12,2026-07-24 02:17:24,7459.25,242,284,0,0
12,2026-07-24 02:17:24,7459.5,314,310,10,23
12,2026-07-24 02:17:24,7459.75,138,138,0,0
12,2026-07-24 02:17:24,7460,103,163,0,20
12,2026-07-24 02:17:24,7460.25,120,110,0,0
12,2026-07-24 02:17:24,7460.5,139,132,0,0
12,2026-07-24 02:17:24,7460.75,92,98,0,0
12,2026-07-24 02:17:24,7461,57,142,0,38
12,2026-07-24 02:17:24,7461.25,61,93,0,0
12,2026-07-24 02:17:24,7461.5,48,105,0,0
12,2026-07-24 02:17:24,7461.75,97,106,0,0
12,2026-07-24 02:17:24,7462,39,59,0,0
12,2026-07-24 02:17:24,7462.25,97,55,0,0
12,2026-07-24 02:17:24,7462.5,89,103,0,23
12,2026-07-24 02:17:24,7462.75,34,22,0,0
12,2026-07-24 02:17:24,7463,9,15,0,0
12,2026-07-24 02:17:24,7463.25,0,2,0,0
12,2026-07-24 02:17:24,7456.25,43,79,0,45
12,2026-07-24 02:17:24,7456,71,52,0,0
12,2026-07-24 02:17:24,7455.75,52,42,0,0
12,2026-07-24 02:17:24,7455.5,53,28,0,0
12,2026-07-24 02:17:24,7455.25,44,21,0,0
12,2026-07-24 02:17:24,7455,26,14,0,0
12,2026-07-24 02:17:24,7454.75,25,2,0,0
12,2026-07-24 02:17:24,7454.5,9,4,0,0
13,2026-07-24 02:45:53,7457.25,115,75,0,0
13,2026-07-24 02:45:53,7457,94,83,11,0
13,2026-07-24 02:45:53,7456.75,105,102,0,0
13,2026-07-24 02:45:53,7456.5,142,197,0,29
13,2026-07-24 02:45:53,7456.25,194,91,40,0
13,2026-07-24 02:45:53,7456,74,60,0,0
13,2026-07-24 02:45:53,7455.75,59,41,0,0
13,2026-07-24 02:45:53,7457.5,101,114,0,0
13,2026-07-24 02:45:53,7457.75,67,81,0,0
13,2026-07-24 02:45:53,7458,37,52,0,0
13,2026-07-24 02:45:53,7458.25,13,26,0,0
13,2026-07-24 02:45:53,7458.5,7,26,0,0
13,2026-07-24 02:45:53,7455.5,14,12,0,0
13,2026-07-24 02:45:53,7455.25,26,27,0,0
13,2026-07-24 02:45:53,7455,63,46,0,0
13,2026-07-24 02:45:53,7454.75,55,59,0,0
13,2026-07-24 02:45:53,7454.5,75,63,0,0
13,2026-07-24 02:45:53,7454.25,106,84,0,16
13,2026-07-24 02:45:53,7454,136,127,0,0
13,2026-07-24 02:45:53,7453.75,133,134,0,0
13,2026-07-24 02:45:53,7453.5,182,174,0,14
13,2026-07-24 02:45:53,7453.25,150,101,0,0
13,2026-07-24 02:45:53,7453,125,100,0,0
13,2026-07-24 02:45:53,7452.75,71,79,0,0
13,2026-07-24 02:45:53,7452.5,79,74,0,0
13,2026-07-24 02:45:53,7452.25,56,54,0,0
13,2026-07-24 02:45:53,7452,86,84,0,0
13,2026-07-24 02:45:53,7451.75,101,110,0,0
13,2026-07-24 02:45:53,7451.5,130,94,0,0
13,2026-07-24 02:45:53,7451.25,139,133,10,0
13,2026-07-24 02:45:53,7451,177,147,0,0
13,2026-07-24 02:45:53,7450.75,111,128,0,0
13,2026-07-24 02:45:53,7450.5,166,108,0,0
13,2026-07-24 02:45:53,7450.25,65,70,0,10
13,2026-07-24 02:45:53,7450,75,52,0,0
13,2026-07-24 02:45:53,7449.75,48,46,0,0
13,2026-07-24 02:45:53,7449.5,31,30,0,0
13,2026-07-24 02:45:53,7449.25,8,0,0,0
14,2026-07-24 03:21:44,7453.25,58,38,0,0
14,2026-07-24 03:21:44,7453.5,45,43,0,0
14,2026-07-24 03:21:44,7453,38,56,0,0
14,2026-07-24 03:21:44,7452.75,43,32,0,0
14,2026-07-24 03:21:44,7452.5,17,10,0,0
14,2026-07-24 03:21:44,7453.75,50,54,0,0
14,2026-07-24 03:21:44,7454,17,47,0,0
14,2026-07-24 03:21:44,7454.25,14,24,0,0
14,2026-07-24 03:21:44,7452.25,17,12,0,0
14,2026-07-24 03:21:44,7452,41,34,0,0
14,2026-07-24 03:21:44,7451.75,14,7,0,0
14,2026-07-24 03:21:44,7451.5,3,0,0,0
14,2026-07-24 03:21:44,7454.5,9,12,0,0
14,2026-07-24 03:21:44,7454.75,38,30,0,0
14,2026-07-24 03:21:44,7455,57,74,0,0
14,2026-07-24 03:21:44,7455.25,53,71,0,0
14,2026-07-24 03:21:44,7455.5,75,92,0,0
14,2026-07-24 03:21:44,7455.75,28,48,0,0
14,2026-07-24 03:21:44,7456,13,27,0,0
14,2026-07-24 03:21:44,7456.25,32,25,0,0
14,2026-07-24 03:21:44,7456.5,117,57,0,0
14,2026-07-24 03:21:44,7456.75,203,94,20,30
14,2026-07-24 03:21:44,7457,121,144,0,0
14,2026-07-24 03:21:44,7457.25,189,149,0,22
14,2026-07-24 03:21:44,7457.5,186,159,0,0
14,2026-07-24 03:21:44,7457.75,212,231,0,0
14,2026-07-24 03:21:44,7458,248,226,0,18
14,2026-07-24 03:21:44,7458.25,181,185,0,10
14,2026-07-24 03:21:44,7458.5,149,118,0,0
14,2026-07-24 03:21:44,7458.75,139,133,0,0
14,2026-07-24 03:21:44,7459,135,141,0,0
14,2026-07-24 03:21:44,7459.25,133,122,0,0
14,2026-07-24 03:21:44,7459.5,113,129,0,0
14,2026-07-24 03:21:44,7459.75,110,78,0,0
14,2026-07-24 03:21:44,7460,63,55,0,0
14,2026-07-24 03:21:44,7460.25,104,117,11,0
14,2026-07-24 03:21:44,7460.5,86,70,10,0
14,2026-07-24 03:21:44,7460.75,82,73,0,0
14,2026-07-24 03:21:44,7461,55,57,0,0
14,2026-07-24 03:21:44,7461.25,19,18,0,0
14,2026-07-24 03:21:44,7461.5,14,28,0,0
14,2026-07-24 03:21:44,7461.75,15,19,0,0
14,2026-07-24 03:21:44,7462,3,21,0,0
15,2026-07-24 03:59:57,7457.25,62,48,0,0
15,2026-07-24 03:59:57,7457.5,124,89,0,0
15,2026-07-24 03:59:57,7457.75,85,54,0,0
15,2026-07-24 03:59:57,7457,69,39,0,0
15,2026-07-24 03:59:57,7456.75,72,50,0,0
15,2026-07-24 03:59:57,7456.5,66,24,0,0
15,2026-07-24 03:59:57,7456.25,20,7,0,0
15,2026-07-24 03:59:57,7458,71,54,0,0
15,2026-07-24 03:59:57,7458.25,95,80,0,0
15,2026-07-24 03:59:57,7458.5,138,126,0,0
15,2026-07-24 03:59:57,7458.75,90,90,0,0
15,2026-07-24 03:59:57,7459,127,86,0,0
15,2026-07-24 03:59:57,7459.25,66,61,25,0
15,2026-07-24 03:59:57,7459.5,38,34,0,0
15,2026-07-24 03:59:57,7459.75,63,86,0,0
15,2026-07-24 03:59:57,7460.25,165,130,20,0
15,2026-07-24 03:59:57,7460,119,108,10,10
15,2026-07-24 03:59:57,7460.5,158,166,0,13
15,2026-07-24 03:59:57,7460.75,127,120,0,0
15,2026-07-24 03:59:57,7461,114,167,0,21
15,2026-07-24 03:59:57,7461.25,38,63,0,0
15,2026-07-24 03:59:57,7461.5,47,38,0,0
15,2026-07-24 03:59:57,7461.75,31,36,0,0
15,2026-07-24 03:59:57,7462,89,48,26,0
15,2026-07-24 03:59:57,7462.25,91,81,0,0
15,2026-07-24 03:59:57,7462.5,101,71,0,0
15,2026-07-24 03:59:57,7462.75,122,124,0,0
15,2026-07-24 03:59:57,7463,168,196,0,0
15,2026-07-24 03:59:57,7463.25,120,126,0,0
15,2026-07-24 03:59:57,7463.5,56,79,0,0
15,2026-07-24 03:59:57,7463.75,76,89,0,0
15,2026-07-24 03:59:57,7464,48,128,0,39
15,2026-07-24 03:59:57,7464.25,53,42,0,0
15,2026-07-24 03:59:57,7464.5,214,107,10,0
15,2026-07-24 03:59:57,7464.75,161,171,0,0
15,2026-07-24 03:59:57,7465,55,133,0,22
15,2026-07-24 03:59:57,7465.25,3,8,0,0
16,2026-07-24 04:28:07,7464,278,237,0,35
16,2026-07-24 04:28:07,7464.25,253,186,0,0
16,2026-07-24 04:28:07,7463.75,88,56,0,0
16,2026-07-24 04:28:07,7464.5,234,210,10,42
16,2026-07-24 04:28:07,7463.5,40,39,0,0
16,2026-07-24 04:28:07,7463.25,78,24,0,0
16,2026-07-24 04:28:07,7463,31,31,0,0
16,2026-07-24 04:28:07,7462.75,8,11,0,0
16,2026-07-24 04:28:07,7462.5,8,6,0,0
16,2026-07-24 04:28:07,7462.25,14,7,0,0
16,2026-07-24 04:28:07,7462,3,0,0,0
16,2026-07-24 04:28:07,7464.75,262,227,0,10
16,2026-07-24 04:28:07,7465,334,305,72,0
16,2026-07-24 04:28:07,7465.25,330,270,15,0
16,2026-07-24 04:28:07,7465.5,427,461,21,0
16,2026-07-24 04:28:07,7465.75,341,323,0,12
16,2026-07-24 04:28:07,7466,274,288,0,17
16,2026-07-24 04:28:07,7466.25,144,174,0,0
16,2026-07-24 04:28:07,7466.5,132,113,0,0
16,2026-07-24 04:28:07,7466.75,74,96,0,0
16,2026-07-24 04:28:07,7467,10,32,0,0
16,2026-07-24 04:28:07,7467.25,17,18,0,0
16,2026-07-24 04:28:07,7467.5,0,6,0,0
17,2026-07-24 05:04:18,7464,80,76,0,0
17,2026-07-24 05:04:18,7464.25,23,60,0,0
17,2026-07-24 05:04:18,7463.75,71,70,0,0
17,2026-07-24 05:04:18,7463.5,100,65,0,0
17,2026-07-24 05:04:18,7463.25,105,100,0,0
17,2026-07-24 05:04:18,7463,78,51,0,0
17,2026-07-24 05:04:18,7462.75,76,57,0,0
17,2026-07-24 05:04:18,7462.5,151,191,0,22
17,2026-07-24 05:04:18,7462.25,110,98,0,25
17,2026-07-24 05:04:18,7462,112,139,0,61
17,2026-07-24 05:04:18,7461.75,157,149,0,17
17,2026-07-24 05:04:18,7461.5,250,217,25,0
17,2026-07-24 05:04:18,7461.25,316,360,0,18
17,2026-07-24 05:04:18,7461,337,280,0,27
17,2026-07-24 05:04:18,7460.75,257,308,0,25
17,2026-07-24 05:04:18,7460.5,324,261,10,0
17,2026-07-24 05:04:18,7460.25,204,213,0,20
17,2026-07-24 05:04:18,7460,237,224,12,36
17,2026-07-24 05:04:18,7459.75,149,95,0,0
17,2026-07-24 05:04:18,7459.5,160,73,20,0
17,2026-07-24 05:04:18,7459.25,71,22,0,0
17,2026-07-24 05:04:18,7464.5,0,10,0,0
17,2026-07-24 05:04:18,7459,12,1,0,0
18,2026-07-24 05:48:54,7461.25,144,174,0,10
18,2026-07-24 05:48:54,7461.5,164,193,0,0
18,2026-07-24 05:48:54,7461.75,152,247,0,0
18,2026-07-24 05:48:54,7461,245,237,18,0
18,2026-07-24 05:48:54,7460.75,249,267,0,0
18,2026-07-24 05:48:54,7460.5,146,139,0,0
18,2026-07-24 05:48:54,7460.25,126,155,0,11
18,2026-07-24 05:48:54,7459.75,139,194,0,19
18,2026-07-24 05:48:54,7460,183,195,0,0
18,2026-07-24 05:48:54,7459.5,171,164,0,0
18,2026-07-24 05:48:54,7459.25,145,154,0,0
18,2026-07-24 05:48:54,7459,236,295,12,12
18,2026-07-24 05:48:54,7458.75,209,227,0,0
18,2026-07-24 05:48:54,7458.5,215,256,0,0
18,2026-07-24 05:48:54,7458.25,113,68,0,0
18,2026-07-24 05:48:54,7458,49,0,0,0
18,2026-07-24 05:48:54,7457.75,7,0,0,0
18,2026-07-24 05:48:54,7462,113,148,0,0
18,2026-07-24 05:48:54,7462.25,113,208,0,0
18,2026-07-24 05:48:54,7462.5,58,164,0,0
18,2026-07-24 05:48:54,7462.75,5,28,0,0
18,2026-07-24 05:48:54,7463,0,5,0,0
19,2026-07-24 06:24:39,7461.5,0,7,0,0
19,2026-07-24 06:24:39,7461.25,9,6,0,0
19,2026-07-24 06:24:39,7461,17,13,0,0
19,2026-07-24 06:24:39,7460.75,26,9,0,0
19,2026-07-24 06:24:39,7460.5,43,75,0,0
19,2026-07-24 06:24:39,7460.25,60,43,0,0
19,2026-07-24 06:24:39,7460,115,78,0,0
19,2026-07-24 06:24:39,7459.75,84,62,0,0
19,2026-07-24 06:24:39,7459.5,117,141,0,0
19,2026-07-24 06:24:39,7459.25,154,150,0,0
19,2026-07-24 06:24:39,7459,119,110,0,0
19,2026-07-24 06:24:39,7458.75,96,90,0,0
19,2026-07-24 06:24:39,7458.5,110,98,0,0
19,2026-07-24 06:24:39,7458.25,62,71,0,0
19,2026-07-24 06:24:39,7458,71,361,0,200
19,2026-07-24 06:24:39,7457.75,192,288,19,49
19,2026-07-24 06:24:39,7457.5,105,112,0,12
19,2026-07-24 06:24:39,7457.25,154,203,0,0
19,2026-07-24 06:24:39,7457,157,152,11,0
19,2026-07-24 06:24:39,7456.75,93,206,0,0
19,2026-07-24 06:24:39,7456.5,287,431,0,73
19,2026-07-24 06:24:39,7456.25,287,218,0,0
19,2026-07-24 06:24:39,7456,168,111,15,13
19,2026-07-24 06:24:39,7455.75,78,76,0,0
19,2026-07-24 06:24:39,7455.5,72,66,0,0
19,2026-07-24 06:24:39,7455.25,56,52,0,0
19,2026-07-24 06:24:39,7455,39,45,0,0
19,2026-07-24 06:24:39,7454.75,45,53,0,0
19,2026-07-24 06:24:39,7454.5,95,75,0,0
19,2026-07-24 06:24:39,7454.25,109,44,0,0
19,2026-07-24 06:24:39,7454,30,4,0,0
20,2026-07-24 06:52:25,7458.25,92,160,0,0
20,2026-07-24 06:52:25,7458.5,35,70,0,0
20,2026-07-24 06:52:25,7458,50,47,0,0
20,2026-07-24 06:52:25,7457.75,27,26,0,0
20,2026-07-24 06:52:25,7457.5,35,36,0,0
20,2026-07-24 06:52:25,7457.25,27,23,0,0
20,2026-07-24 06:52:25,7457,9,24,0,0
20,2026-07-24 06:52:25,7456.75,56,31,0,0
20,2026-07-24 06:52:25,7456.5,72,44,0,0
20,2026-07-24 06:52:25,7456.25,32,74,0,12
20,2026-07-24 06:52:25,7456,64,17,33,0
20,2026-07-24 06:52:25,7455.75,16,16,0,0
20,2026-07-24 06:52:25,7455.5,14,39,0,0
20,2026-07-24 06:52:25,7455.25,62,49,35,16
20,2026-07-24 06:52:25,7455,45,37,0,0
20,2026-07-24 06:52:25,7454.75,20,34,0,0
20,2026-07-24 06:52:25,7454.5,117,179,18,0
20,2026-07-24 06:52:25,7454.25,114,85,12,0
20,2026-07-24 06:52:25,7454,120,37,51,0
20,2026-07-24 06:52:25,7453.75,2,15,0,0
20,2026-07-24 06:52:25,7453.5,6,11,0,0
20,2026-07-24 06:52:25,7453.25,8,0,0,0
20,2026-07-24 06:52:25,7453,2,0,0,0
20,2026-07-24 06:52:25,7458.75,60,49,0,0
20,2026-07-24 06:52:25,7459,27,118,0,24
20,2026-07-24 06:52:25,7459.25,76,88,0,0
20,2026-07-24 06:52:25,7459.5,189,133,0,0
20,2026-07-24 06:52:25,7459.75,114,564,0,220
20,2026-07-24 06:52:25,7460,35,834,0,799
20,2026-07-24 06:52:25,7460.25,6,39,0,0
20,2026-07-24 06:52:25,7460.5,18,37,0,0
20,2026-07-24 06:52:25,7460.75,4,15,0,0
20,2026-07-24 06:52:25,7461,13,13,0,0
20,2026-07-24 06:52:25,7461.25,14,6,0,0
20,2026-07-24 06:52:25,7461.5,9,25,0,0
20,2026-07-24 06:52:25,7461.75,44,46,0,0
20,2026-07-24 06:52:25,7462,33,55,0,0
20,2026-07-24 06:52:25,7462.25,24,39,0,0
20,2026-07-24 06:52:25,7462.5,15,30,0,0
20,2026-07-24 06:52:25,7462.75,17,16,0,0
20,2026-07-24 06:52:25,7463,21,20,0,0
20,2026-07-24 06:52:25,7463.25,10,47,0,0
20,2026-07-24 06:52:25,7463.5,23,14,0,0
20,2026-07-24 06:52:25,7463.75,8,22,0,0
20,2026-07-24 06:52:25,7464,18,43,0,0
20,2026-07-24 06:52:25,7464.25,20,54,0,0
20,2026-07-24 06:52:25,7464.5,7,45,0,0
20,2026-07-24 06:52:25,7464.75,34,25,0,0
20,2026-07-24 06:52:25,7465,29,35,0,0
20,2026-07-24 06:52:25,7465.25,27,35,0,0
20,2026-07-24 06:52:25,7465.5,28,38,0,0
20,2026-07-24 06:52:25,7465.75,20,30,0,0
20,2026-07-24 06:52:25,7466,11,35,0,0
20,2026-07-24 06:52:25,7466.25,1,16,0,0
20,2026-07-24 06:52:25,7466.5,22,40,0,0
20,2026-07-24 06:52:25,7466.75,18,21,0,0
20,2026-07-24 06:52:25,7467,86,54,0,0
20,2026-07-24 06:52:25,7467.25,58,54,0,0
20,2026-07-24 06:52:25,7467.5,34,69,0,19
20,2026-07-24 06:52:25,7467.75,58,30,0,0
20,2026-07-24 06:52:25,7468,63,75,40,0
20,2026-07-24 06:52:25,7468.25,27,29,0,0
20,2026-07-24 06:52:25,7468.5,10,58,0,0
20,2026-07-24 06:52:25,7468.75,6,43,0,0
20,2026-07-24 06:52:25,7469,0,45,0,10
21,2026-07-24 06:59:23,7466.25,53,59,0,0
21,2026-07-24 06:59:23,7466.5,41,68,0,0
21,2026-07-24 06:59:23,7466.75,32,39,0,0
21,2026-07-24 06:59:23,7467,20,27,0,0
21,2026-07-24 06:59:23,7467.25,12,7,0,0
21,2026-07-24 06:59:23,7467.5,4,13,0,0
21,2026-07-24 06:59:23,7466,52,51,0,0
21,2026-07-24 06:59:23,7465.75,35,14,0,0
21,2026-07-24 06:59:23,7465.5,40,32,0,0
21,2026-07-24 06:59:23,7465.25,70,98,0,37
21,2026-07-24 06:59:23,7465,67,55,0,0
21,2026-07-24 06:59:23,7464.75,54,30,0,0
21,2026-07-24 06:59:23,7464.5,40,50,0,0
21,2026-07-24 06:59:23,7464.25,96,138,20,10
21,2026-07-24 06:59:23,7467.75,10,20,0,0
21,2026-07-24 06:59:23,7468,11,21,0,0
21,2026-07-24 06:59:23,7468.25,11,7,0,0
21,2026-07-24 06:59:23,7468.5,1,5,0,0
21,2026-07-24 06:59:23,7468.75,0,1,0,0
21,2026-07-24 06:59:23,7464,161,138,13,0
21,2026-07-24 06:59:23,7463.75,70,68,0,0
21,2026-07-24 06:59:23,7463.5,54,84,0,0
21,2026-07-24 06:59:23,7463.25,128,101,0,0
21,2026-07-24 06:59:23,7463,138,146,0,15
21,2026-07-24 06:59:23,7462.75,182,104,70,0
21,2026-07-24 06:59:23,7462.5,81,67,15,0
21,2026-07-24 06:59:23,7462.25,99,67,0,0
21,2026-07-24 06:59:23,7462,192,103,50,0
21,2026-07-24 06:59:23,7461.75,81,68,13,0
21,2026-07-24 06:59:23,7461.5,70,136,0,0
21,2026-07-24 06:59:23,7461.25,115,132,11,0
21,2026-07-24 06:59:23,7461,147,145,0,0
21,2026-07-24 06:59:23,7460.75,190,126,23,0
21,2026-07-24 06:59:23,7460.5,222,131,64,0
21,2026-07-24 06:59:23,7460.25,185,159,0,0
21,2026-07-24 06:59:23,7460,228,166,14,0
21,2026-07-24 06:59:23,7459.75,86,71,0,0
21,2026-07-24 06:59:23,7459.5,71,83,0,0
21,2026-07-24 06:59:23,7459.25,64,75,0,0
21,2026-07-24 06:59:23,7459,46,28,0,0
21,2026-07-24 06:59:23,7458.75,19,24,0,0
21,2026-07-24 06:59:23,7458.5,27,31,0,0
21,2026-07-24 06:59:23,7458.25,49,40,0,0
21,2026-07-24 06:59:23,7458,29,24,0,0
21,2026-07-24 06:59:23,7457.75,18,25,0,0
21,2026-07-24 06:59:23,7457.5,20,2,0,0
22,2026-07-24 07:10:52,7463,5,12,0,0
22,2026-07-24 07:10:52,7462.75,9,4,0,0
22,2026-07-24 07:10:52,7462.5,1,0,0,0
22,2026-07-24 07:10:52,7463.25,44,23,0,0
22,2026-07-24 07:10:52,7463.5,185,120,38,0
22,2026-07-24 07:10:52,7463.75,113,143,0,18
22,2026-07-24 07:10:52,7464,217,225,0,17
22,2026-07-24 07:10:52,7464.25,286,247,44,0
22,2026-07-24 07:10:52,7464.5,280,304,11,0
22,2026-07-24 07:10:52,7464.75,198,349,0,12
22,2026-07-24 07:10:52,7465,107,543,20,396
22,2026-07-24 07:10:52,7465.25,28,50,0,0
22,2026-07-24 07:10:52,7465.5,71,27,10,0
22,2026-07-24 07:10:52,7465.75,120,100,16,0
22,2026-07-24 07:10:52,7466,271,192,20,41
22,2026-07-24 07:10:52,7466.25,269,211,24,0
22,2026-07-24 07:10:52,7466.5,264,262,33,0
22,2026-07-24 07:10:52,7466.75,145,211,23,0
22,2026-07-24 07:10:52,7467,109,146,0,0
22,2026-07-24 07:10:52,7467.25,149,199,25,0
22,2026-07-24 07:10:52,7467.5,84,118,15,0
22,2026-07-24 07:10:52,7467.75,21,37,21,0
23,2026-07-24 07:25:08,7464.25,114,124,11,0
23,2026-07-24 07:25:08,7464,163,79,0,0
23,2026-07-24 07:25:08,7463.75,114,73,0,0
23,2026-07-24 07:25:08,7463.5,138,88,22,0
23,2026-07-24 07:25:08,7463.25,92,75,0,0
23,2026-07-24 07:25:08,7463,70,41,0,0
23,2026-07-24 07:25:08,7462.75,68,28,0,0
23,2026-07-24 07:25:08,7462.5,30,17,0,0
23,2026-07-24 07:25:08,7462.25,40,61,0,0
23,2026-07-24 07:25:08,7462,61,101,0,0
23,2026-07-24 07:25:08,7461.75,129,102,11,0
23,2026-07-24 07:25:08,7461.5,66,68,0,0
23,2026-07-24 07:25:08,7461.25,137,94,13,0
23,2026-07-24 07:25:08,7461,155,152,0,0
23,2026-07-24 07:25:08,7460.75,156,107,24,0
23,2026-07-24 07:25:08,7460.5,88,110,0,0
23,2026-07-24 07:25:08,7464.5,229,140,13,0
23,2026-07-24 07:25:08,7464.75,214,243,0,0
23,2026-07-24 07:25:08,7465,113,88,0,0
23,2026-07-24 07:25:08,7465.25,107,103,0,0
23,2026-07-24 07:25:08,7465.5,106,127,23,0
23,2026-07-24 07:25:08,7465.75,58,86,0,0
23,2026-07-24 07:25:08,7466,71,99,0,0
23,2026-07-24 07:25:08,7466.25,87,140,0,0
23,2026-07-24 07:25:08,7466.5,58,58,0,0
23,2026-07-24 07:25:08,7466.75,24,47,0,0
23,2026-07-24 07:25:08,7467,9,42,0,0
23,2026-07-24 07:25:08,7467.25,0,4,0,0
23,2026-07-24 07:25:08,7460.25,206,139,17,13
23,2026-07-24 07:25:08,7460,194,174,16,0
23,2026-07-24 07:25:08,7459.75,163,106,0,0
23,2026-07-24 07:25:08,7459.5,109,90,16,16
23,2026-07-24 07:25:08,7459.25,78,23,0,0
23,2026-07-24 07:25:08,7459,22,3,0,0
24,2026-07-24 07:39:54,7459.75,112,149,0,0
24,2026-07-24 07:39:54,7460,39,64,0,0
24,2026-07-24 07:39:54,7459.5,135,107,10,0
24,2026-07-24 07:39:54,7459.25,37,17,0,0
24,2026-07-24 07:39:54,7460.25,0,3,0,0
24,2026-07-24 07:39:54,7459,13,4,0,0
24,2026-07-24 07:39:54,7458.75,11,20,0,0
24,2026-07-24 07:39:54,7458.5,13,2,0,0
24,2026-07-24 07:39:54,7458.25,38,41,12,0
24,2026-07-24 07:39:54,7458,99,54,0,0
24,2026-07-24 07:39:54,7457.75,107,85,0,0
24,2026-07-24 07:39:54,7457.5,65,36,0,0
24,2026-07-24 07:39:54,7457.25,36,38,0,0
24,2026-07-24 07:39:54,7457,38,28,0,0
24,2026-07-24 07:39:54,7456.75,45,35,0,0
24,2026-07-24 07:39:54,7456.5,57,93,0,0
24,2026-07-24 07:39:54,7456.25,112,92,14,0
24,2026-07-24 07:39:54,7456,124,151,0,0
24,2026-07-24 07:39:54,7455.75,173,175,0,0
24,2026-07-24 07:39:54,7455.5,180,174,28,12
24,2026-07-24 07:39:54,7455.25,214,185,0,0
24,2026-07-24 07:39:54,7455,349,197,48,0
24,2026-07-24 07:39:54,7454.75,275,170,0,0
24,2026-07-24 07:39:54,7454.5,198,238,0,0
24,2026-07-24 07:39:54,7454.25,200,53,21,0
24,2026-07-24 07:39:54,7454,89,82,0,0
24,2026-07-24 07:39:54,7453.75,137,110,0,0
24,2026-07-24 07:39:54,7453.5,183,109,50,0
24,2026-07-24 07:39:54,7453.25,92,63,0,0
24,2026-07-24 07:39:54,7453,143,83,36,0
24,2026-07-24 07:39:54,7452.75,209,123,22,0
24,2026-07-24 07:39:54,7452.5,109,1,50,0
24,2026-07-24 07:39:54,7452.25,28,14,0,0
24,2026-07-24 07:39:54,7452,32,0,0,0
24,2026-07-24 07:39:54,7451.75,11,0,0,0
25,2026-07-24 07:55:11,7452.25,16,31,0,0
25,2026-07-24 07:55:11,7452.5,23,26,0,0
25,2026-07-24 07:55:11,7452,62,106,0,0
25,2026-07-24 07:55:11,7451.75,159,63,92,0
25,2026-07-24 07:55:11,7451.5,87,113,0,0
25,2026-07-24 07:55:11,7451.25,87,188,0,0
25,2026-07-24 07:55:11,7451,186,169,11,0
25,2026-07-24 07:55:11,7450.75,309,299,37,0
25,2026-07-24 07:55:11,7450.5,302,341,0,0
25,2026-07-24 07:55:11,7450.25,298,402,0,0
25,2026-07-24 07:55:11,7450,350,368,22,28
25,2026-07-24 07:55:11,7449.75,347,268,43,0
25,2026-07-24 07:55:11,7449.5,271,312,0,0
25,2026-07-24 07:55:11,7449.25,250,276,0,0
25,2026-07-24 07:55:11,7449,331,202,72,0
25,2026-07-24 07:55:11,7448.75,115,56,18,0
25,2026-07-24 07:55:11,7448.5,61,27,0,0
26,2026-07-24 08:04:48,7450.5,314,282,34,0
26,2026-07-24 08:04:48,7450.75,142,263,0,0
26,2026-07-24 08:04:48,7450.25,266,219,0,0
26,2026-07-24 08:04:48,7450,415,356,90,0
26,2026-07-24 08:04:48,7449.75,275,212,32,0
26,2026-07-24 08:04:48,7449.5,258,211,0,0
26,2026-07-24 08:04:48,7449.25,188,184,0,0
26,2026-07-24 08:04:48,7449,253,175,28,0
26,2026-07-24 08:04:48,7448.75,116,103,0,0
26,2026-07-24 08:04:48,7448.5,224,322,44,152
26,2026-07-24 08:04:48,7448.25,167,150,0,0
26,2026-07-24 08:04:48,7448,172,57,80,0
26,2026-07-24 08:04:48,7447.75,59,32,0,0
26,2026-07-24 08:04:48,7447.5,75,56,11,0
26,2026-07-24 08:04:48,7447.25,128,178,0,0
26,2026-07-24 08:04:48,7447,193,95,35,0
26,2026-07-24 08:04:48,7446.75,35,32,0,0
26,2026-07-24 08:04:48,7446.5,2,0,0,0
26,2026-07-24 08:04:48,7451,95,123,0,0
26,2026-07-24 08:04:48,7451.25,9,48,0,0
26,2026-07-24 08:04:48,7451.5,0,16,0,0
27,2026-07-24 08:17:18,7450.5,136,114,12,0
27,2026-07-24 08:17:18,7450.75,230,254,0,0
27,2026-07-24 08:17:18,7451,302,238,33,10
27,2026-07-24 08:17:18,7451.25,288,233,19,53
27,2026-07-24 08:17:18,7451.5,143,212,0,0
27,2026-07-24 08:17:18,7451.75,101,202,0,30
27,2026-07-24 08:17:18,7452,250,116,57,0
27,2026-07-24 08:17:18,7452.25,268,318,0,0
27,2026-07-24 08:17:18,7452.5,143,162,0,10
27,2026-07-24 08:17:18,7452.75,128,134,0,0
27,2026-07-24 08:17:18,7453,53,144,0,0
27,2026-07-24 08:17:18,7453.25,1,33,0,0
27,2026-07-24 08:17:18,7453.5,0,26,0,0
27,2026-07-24 08:17:18,7453.75,0,14,0,0
27,2026-07-24 08:17:18,7450.25,128,139,0,0
27,2026-07-24 08:17:18,7450,133,134,10,0
27,2026-07-24 08:17:18,7449.75,125,134,0,0
27,2026-07-24 08:17:18,7449.5,91,145,0,0
27,2026-07-24 08:17:18,7449.25,185,133,0,0
27,2026-07-24 08:17:18,7449,147,144,10,36
27,2026-07-24 08:17:18,7448.75,188,178,0,0
27,2026-07-24 08:17:18,7448.5,116,49,15,0
27,2026-07-24 08:17:18,7448.25,15,24,0,0
27,2026-07-24 08:17:18,7448,27,20,0,0
27,2026-07-24 08:17:18,7447.75,2,0,0,0
28,2026-07-24 08:27:14,7449.75,3,6,0,0
28,2026-07-24 08:27:14,7449.5,22,30,0,0
28,2026-07-24 08:27:14,7449.25,81,115,0,0
28,2026-07-24 08:27:14,7449,71,43,0,10
28,2026-07-24 08:27:14,7448.75,70,62,0,12
28,2026-07-24 08:27:14,7448.5,70,90,0,0
28,2026-07-24 08:27:14,7448.25,207,266,0,0
28,2026-07-24 08:27:14,7448,157,189,0,0
28,2026-07-24 08:27:14,7447.75,159,177,0,0
28,2026-07-24 08:27:14,7447.5,213,103,0,0
28,2026-07-24 08:27:14,7447.25,68,18,0,0
28,2026-07-24 08:27:14,7447,97,105,10,0
28,2026-07-24 08:27:14,7446.75,123,199,0,0
28,2026-07-24 08:27:14,7446.5,196,202,0,18
28,2026-07-24 08:27:14,7446.25,177,114,0,0
28,2026-07-24 08:27:14,7446,116,73,0,0
28,2026-07-24 08:27:14,7445.75,176,61,25,0
28,2026-07-24 08:27:14,7445.5,67,47,0,0
28,2026-07-24 08:27:14,7445.25,43,44,0,12
28,2026-07-24 08:27:14,7445,67,124,0,0
28,2026-07-24 08:27:14,7444.75,204,200,0,10
28,2026-07-24 08:27:14,7444.5,193,131,0,50
28,2026-07-24 08:27:14,7444.25,63,75,0,0
28,2026-07-24 08:27:14,7444,134,197,0,0
28,2026-07-24 08:27:14,7443.75,161,146,0,0
28,2026-07-24 08:27:14,7443.5,166,190,0,33
28,2026-07-24 08:27:14,7443.25,140,114,0,0
28,2026-07-24 08:27:14,7443,74,22,0,0
28,2026-07-24 08:27:14,7442.75,38,0,0,0
29,2026-07-24 08:30:00,7444.25,64,96,0,0
29,2026-07-24 08:30:00,7444.5,21,70,0,0
29,2026-07-24 08:30:00,7444,23,27,0,0
29,2026-07-24 08:30:00,7444.75,70,116,0,0
29,2026-07-24 08:30:00,7445,171,129,0,0
29,2026-07-24 08:30:00,7445.25,216,282,0,0
29,2026-07-24 08:30:00,7445.5,336,407,0,39
29,2026-07-24 08:30:00,7445.75,172,258,0,0
29,2026-07-24 08:30:00,7446,131,229,0,0
29,2026-07-24 08:30:00,7446.25,157,169,0,0
29,2026-07-24 08:30:00,7446.5,180,198,0,0
29,2026-07-24 08:30:00,7446.75,91,127,10,0
29,2026-07-24 08:30:00,7447,275,242,11,10
29,2026-07-24 08:30:00,7447.25,276,322,0,0
29,2026-07-24 08:30:00,7447.5,304,327,12,0
29,2026-07-24 08:30:00,7447.75,119,261,0,0
29,2026-07-24 08:30:00,7448,153,147,16,0
29,2026-07-24 08:30:00,7448.25,83,91,0,0
29,2026-07-24 08:30:00,7448.5,33,109,0,0
29,2026-07-24 08:30:00,7448.75,4,15,0,0
30,2026-07-24 08:30:25,7446.5,244,279,0,0
30,2026-07-24 08:30:25,7446.25,276,360,0,0
30,2026-07-24 08:30:25,7446,199,191,0,0
30,2026-07-24 08:30:25,7445.75,193,190,0,15
30,2026-07-24 08:30:25,7445.5,125,134,0,0
30,2026-07-24 08:30:25,7445.25,65,53,0,0
30,2026-07-24 08:30:25,7445,66,61,0,0
30,2026-07-24 08:30:25,7444.75,24,42,0,17
30,2026-07-24 08:30:25,7446.75,298,266,10,20
30,2026-07-24 08:30:25,7447,326,364,0,0
30,2026-07-24 08:30:25,7447.25,278,263,0,10
30,2026-07-24 08:30:25,7447.5,203,229,11,19
30,2026-07-24 08:30:25,7447.75,189,233,24,20
30,2026-07-24 08:30:25,7448,71,84,0,0
30,2026-07-24 08:30:25,7448.25,139,119,0,0
30,2026-07-24 08:30:25,7448.5,147,117,0,0
30,2026-07-24 08:30:25,7448.75,107,151,13,0
30,2026-07-24 08:30:25,7449,10,25,0,0
30,2026-07-24 08:30:25,7444.5,32,51,13,0
30,2026-07-24 08:30:25,7444.25,87,97,0,0
30,2026-07-24 08:30:25,7444,64,46,0,0
30,2026-07-24 08:30:25,7443.75,2,0,0,0
31,2026-07-24 08:31:09,7444,351,356,0,0
31,2026-07-24 08:31:09,7444.25,279,390,0,0
31,2026-07-24 08:31:09,7443.75,235,296,0,13
31,2026-07-24 08:31:09,7443.5,238,367,0,15
31,2026-07-24 08:31:09,7443.25,565,477,62,0
31,2026-07-24 08:31:09,7443,324,198,62,0
31,2026-07-24 08:31:09,7442.75,76,33,0,0
31,2026-07-24 08:31:09,7442.5,27,41,0,0
31,2026-07-24 08:31:09,7442.25,12,0,0,0
31,2026-07-24 08:31:09,7444.5,260,381,0,12
31,2026-07-24 08:31:09,7444.75,244,247,0,20
31,2026-07-24 08:31:09,7445,167,205,0,0
31,2026-07-24 08:31:09,7445.25,200,227,0,0
31,2026-07-24 08:31:09,7445.5,62,120,0,0
31,2026-07-24 08:31:09,7445.75,56,61,0,0
31,2026-07-24 08:31:09,7446,0,5,0,0
32,2026-07-24 08:31:59,7445.25,1,6,0,0
32,2026-07-24 08:31:59,7445.5,11,35,0,0
32,2026-07-24 08:31:59,7445.75,45,42,0,0
32,2026-07-24 08:31:59,7446,14,147,0,103
32,2026-07-24 08:31:59,7446.25,0,10,0,0
32,2026-07-24 08:31:59,7446.5,8,17,0,0
32,2026-07-24 08:31:59,7446.75,1,14,0,0
32,2026-07-24 08:31:59,7447,25,26,0,0
32,2026-07-24 08:31:59,7447.25,45,38,0,0
32,2026-07-24 08:31:59,7447.5,41,66,0,0
32,2026-07-24 08:31:59,7447.75,37,119,0,40
32,2026-07-24 08:31:59,7448,140,140,0,0
32,2026-07-24 08:31:59,7448.25,90,82,0,0
32,2026-07-24 08:31:59,7448.5,76,119,0,17
32,2026-07-24 08:31:59,7448.75,192,103,0,0
32,2026-07-24 08:31:59,7449,148,192,0,0
32,2026-07-24 08:31:59,7449.25,89,136,0,0
32,2026-07-24 08:31:59,7449.5,127,115,0,0
32,2026-07-24 08:31:59,7449.75,213,190,0,0
32,2026-07-24 08:31:59,7450,174,341,0,68
32,2026-07-24 08:31:59,7450.25,336,199,126,0
32,2026-07-24 08:31:59,7450.5,168,260,10,0
32,2026-07-24 08:31:59,7450.75,178,191,0,0
32,2026-07-24 08:31:59,7451,73,154,0,10
32,2026-07-24 08:31:59,7451.25,93,79,0,0
32,2026-07-24 08:31:59,7451.5,124,124,0,0
32,2026-07-24 08:31:59,7451.75,193,214,0,0
32,2026-07-24 08:31:59,7452,48,146,0,0
32,2026-07-24 08:31:59,7452.25,103,124,0,0
32,2026-07-24 08:31:59,7452.5,46,65,0,0
32,2026-07-24 08:31:59,7452.75,17,70,0,0
32,2026-07-24 08:31:59,7453,0,59,0,38
32,2026-07-24 08:31:59,7453.25,2,13,0,0
32,2026-07-24 08:31:59,7453.5,0,6,0,0
33,2026-07-24 08:33:10,7453.25,0,64,0,25
33,2026-07-24 08:33:10,7453,56,44,0,0
33,2026-07-24 08:33:10,7452.75,30,121,0,0
33,2026-07-24 08:33:10,7452.5,69,182,0,25
33,2026-07-24 08:33:10,7452.25,47,113,0,0
33,2026-07-24 08:33:10,7452,79,162,0,11
33,2026-07-24 08:33:10,7451.75,44,181,0,0
33,2026-07-24 08:33:10,7451.5,178,297,0,0
33,2026-07-24 08:33:10,7451.25,291,295,0,0
33,2026-07-24 08:33:10,7451,303,331,0,10
33,2026-07-24 08:33:10,7450.75,298,367,0,0
33,2026-07-24 08:33:10,7450.5,315,287,0,0
33,2026-07-24 08:33:10,7450.25,272,231,0,0
33,2026-07-24 08:33:10,7450,189,105,20,0
33,2026-07-24 08:33:10,7449.75,75,95,0,0
33,2026-07-24 08:33:10,7449.5,150,164,0,0
33,2026-07-24 08:33:10,7449.25,129,129,0,0
33,2026-07-24 08:33:10,7449,116,128,17,0
33,2026-07-24 08:33:10,7448.75,83,64,0,0
33,2026-07-24 08:33:10,7448.5,126,84,0,0
33,2026-07-24 08:33:10,7448.25,55,64,0,58
33,2026-07-24 08:33:10,7453.5,0,41,0,25
33,2026-07-24 08:33:10,7453.75,3,42,0,0
34,2026-07-24 08:35:01,7453.75,291,339,10,0
34,2026-07-24 08:35:01,7454,226,317,0,0
34,2026-07-24 08:35:01,7453.5,268,166,0,0
34,2026-07-24 08:35:01,7454.25,140,237,0,10
34,2026-07-24 08:35:01,7454.5,67,149,0,0
34,2026-07-24 08:35:01,7454.75,96,124,0,10
34,2026-07-24 08:35:01,7455,0,62,0,0
34,2026-07-24 08:35:01,7453.25,203,156,0,0
34,2026-07-24 08:35:01,7453,138,136,0,0
34,2026-07-24 08:35:01,7452.75,232,188,0,17
34,2026-07-24 08:35:01,7452.5,151,75,0,0
34,2026-07-24 08:35:01,7452.25,76,39,0,0
34,2026-07-24 08:35:01,7452,35,20,0,0
34,2026-07-24 08:35:01,7451.75,71,49,0,0
34,2026-07-24 08:35:01,7451.5,42,30,0,0
34,2026-07-24 08:35:01,7451.25,139,108,0,12
34,2026-07-24 08:35:01,7451,116,88,15,0
34,2026-07-24 08:35:01,7450.75,74,71,0,0
34,2026-07-24 08:35:01,7450.5,32,34,0,0
34,2026-07-24 08:35:01,7450.25,145,146,0,0
34,2026-07-24 08:35:01,7450,169,149,10,0
34,2026-07-24 08:35:01,7449.75,89,72,0,0
34,2026-07-24 08:35:01,7449.5,104,69,0,0
34,2026-07-24 08:35:01,7449.25,71,111,0,0
34,2026-07-24 08:35:01,7449,92,59,0,0
34,2026-07-24 08:35:01,7448.75,46,53,0,0
34,2026-07-24 08:35:01,7448.5,43,84,0,0
34,2026-07-24 08:35:01,7448.25,27,1,0,0
34,2026-07-24 08:35:01,7448,108,4,70,0
34,2026-07-24 08:35:01,7447.75,68,6,40,0
35,2026-07-24 08:36:24,7447.75,58,57,0,0
35,2026-07-24 08:36:24,7447.5,59,82,0,0
35,2026-07-24 08:36:24,7447.25,109,81,0,0
35,2026-07-24 08:36:24,7447,36,5,0,0
35,2026-07-24 08:36:24,7448,172,147,0,0
35,2026-07-24 08:36:24,7448.25,104,122,0,0
35,2026-07-24 08:36:24,7448.5,175,121,0,12
35,2026-07-24 08:36:24,7448.75,243,283,0,10
35,2026-07-24 08:36:24,7449,109,158,0,10
35,2026-07-24 08:36:24,7449.25,80,88,0,0
35,2026-07-24 08:36:24,7449.5,133,150,0,0
35,2026-07-24 08:36:24,7449.75,162,107,0,0
35,2026-07-24 08:36:24,7450,182,215,0,0
35,2026-07-24 08:36:24,7450.25,38,96,0,0
35,2026-07-24 08:36:24,7450.5,23,37,0,0
35,2026-07-24 08:36:24,7450.75,134,101,0,0
35,2026-07-24 08:36:24,7451,143,143,0,10
35,2026-07-24 08:36:24,7451.25,93,120,0,0
35,2026-07-24 08:36:24,7451.5,90,88,0,0
35,2026-07-24 08:36:24,7451.75,81,95,0,0
35,2026-07-24 08:36:24,7452,116,140,0,0
35,2026-07-24 08:36:24,7452.25,44,96,0,0
35,2026-07-24 08:36:24,7452.5,10,44,0,0
35,2026-07-24 08:36:24,7452.75,44,40,0,0
35,2026-07-24 08:36:24,7453,34,65,0,0
35,2026-07-24 08:36:24,7453.25,94,54,0,0
35,2026-07-24 08:36:24,7453.5,126,142,0,0
35,2026-07-24 08:36:24,7453.75,99,116,0,0
35,2026-07-24 08:36:24,7454,136,149,0,0
35,2026-07-24 08:36:24,7454.25,80,88,0,0
35,2026-07-24 08:36:24,7454.5,69,49,0,0
35,2026-07-24 08:36:24,7454.75,50,95,0,0
36,2026-07-24 08:38:04,7454,41,32,0,0
36,2026-07-24 08:38:04,7454.25,40,81,0,0
36,2026-07-24 08:38:04,7454.5,0,18,0,0
36,2026-07-24 08:38:04,7453.75,42,35,0,0
36,2026-07-24 08:38:04,7453.5,157,155,20,0
36,2026-07-24 08:38:04,7453.25,152,129,0,0
36,2026-07-24 08:38:04,7453,261,271,0,0
36,2026-07-24 08:38:04,7452.75,214,212,0,0
36,2026-07-24 08:38:04,7452.5,245,197,14,17
36,2026-07-24 08:38:04,7452.25,179,106,0,0
36,2026-07-24 08:38:04,7452,130,102,0,0
36,2026-07-24 08:38:04,7451.75,194,131,0,0
36,2026-07-24 08:38:04,7451.5,73,76,0,0
36,2026-07-24 08:38:04,7451.25,56,35,0,0
36,2026-07-24 08:38:04,7451,57,57,0,0
36,2026-07-24 08:38:04,7450.75,73,70,0,0
36,2026-07-24 08:38:04,7450.5,77,64,0,0
36,2026-07-24 08:38:04,7450.25,151,93,0,0
36,2026-07-24 08:38:04,7450,156,142,0,0
36,2026-07-24 08:38:04,7449.75,259,257,34,0
36,2026-07-24 08:38:04,7449.5,293,301,0,0
36,2026-07-24 08:38:04,7449.25,286,195,0,0
36,2026-07-24 08:38:04,7449,150,66,0,0
36,2026-07-24 08:38:04,7448.75,107,94,0,0
36,2026-07-24 08:38:04,7448.5,69,42,0,0
36,2026-07-24 08:38:04,7448.25,77,0,0,0
37,2026-07-24 08:40:00,7448.5,245,289,0,0
37,2026-07-24 08:40:00,7448.25,328,279,0,16
37,2026-07-24 08:40:00,7448,442,465,0,10
37,2026-07-24 08:40:00,7448.75,240,225,0,0
37,2026-07-24 08:40:00,7449,123,203,0,0
37,2026-07-24 08:40:00,7449.25,139,112,0,0
37,2026-07-24 08:40:00,7447.75,350,374,10,10
37,2026-07-24 08:40:00,7447.5,299,315,0,0
37,2026-07-24 08:40:00,7447.25,191,124,0,0
37,2026-07-24 08:40:00,7447,192,168,0,0
37,2026-07-24 08:40:00,7446.75,214,141,0,0
37,2026-07-24 08:40:00,7446.5,232,99,0,0
37,2026-07-24 08:40:00,7446.25,80,31,0,0
37,2026-07-24 08:40:00,7446,38,0,0,0
37,2026-07-24 08:40:00,7445.75,32,0,0,0
37,2026-07-24 08:40:00,7445.5,43,0,10,0
37,2026-07-24 08:40:00,7445.25,25,0,0,0
37,2026-07-24 08:40:00,7449.5,135,199,0,10
37,2026-07-24 08:40:00,7449.75,20,78,0,0
37,2026-07-24 08:40:00,7450,11,19,0,0
38,2026-07-24 08:41:46,7448.5,179,177,0,0
38,2026-07-24 08:41:46,7448.75,106,152,0,0
38,2026-07-24 08:41:46,7449,31,27,0,0
38,2026-07-24 08:41:46,7449.25,0,2,0,0
38,2026-07-24 08:41:46,7448.25,230,218,0,0
38,2026-07-24 08:41:46,7448,122,129,0,0
38,2026-07-24 08:41:46,7447.75,71,81,0,0
38,2026-07-24 08:41:46,7447.5,41,119,0,0
38,2026-07-24 08:41:46,7447.25,127,182,0,17
38,2026-07-24 08:41:46,7447,117,193,0,11
38,2026-07-24 08:41:46,7446.75,212,328,0,0
38,2026-07-24 08:41:46,7446.5,395,439,10,0
38,2026-07-24 08:41:46,7446.25,515,528,0,0
38,2026-07-24 08:41:46,7446,447,417,0,0
38,2026-07-24 08:41:46,7445.75,195,171,0,0
38,2026-07-24 08:41:46,7445.5,166,156,0,0
38,2026-07-24 08:41:46,7445.25,134,64,0,0
38,2026-07-24 08:41:46,7445,29,0,0,0
39,2026-07-24 08:44:09,7445.75,131,125,11,0
39,2026-07-24 08:44:09,7445.5,83,70,0,0
39,2026-07-24 08:44:09,7446,144,199,0,0
39,2026-07-24 08:44:09,7445.25,73,50,0,0
39,2026-07-24 08:44:09,7446.25,154,149,0,0
39,2026-07-24 08:44:09,7446.5,207,411,0,170
39,2026-07-24 08:44:09,7446.75,171,160,0,0
39,2026-07-24 08:44:09,7445,79,15,10,0
39,2026-07-24 08:44:09,7444.75,13,15,0,0
39,2026-07-24 08:44:09,7447,355,255,15,0
39,2026-07-24 08:44:09,7447.25,335,326,0,0
39,2026-07-24 08:44:09,7447.5,225,438,0,56
39,2026-07-24 08:44:09,7444.5,21,16,0,0
39,2026-07-24 08:44:09,7444.25,31,1,0,0
39,2026-07-24 08:44:09,7447.75,307,331,0,13
39,2026-07-24 08:44:09,7448,327,272,0,0
39,2026-07-24 08:44:09,7448.25,233,289,0,10
39,2026-07-24 08:44:09,7448.5,92,136,0,0
39,2026-07-24 08:44:09,7448.75,50,52,10,0
39,2026-07-24 08:44:09,7449,34,63,0,0
39,2026-07-24 08:44:09,7449.25,13,44,0,0
39,2026-07-24 08:44:09,7449.5,0,5,0,0
40,2026-07-24 08:46:27,7448.5,51,40,0,0
40,2026-07-24 08:46:27,7448.75,91,92,0,0
40,2026-07-24 08:46:27,7449,88,169,0,10
40,2026-07-24 08:46:27,7449.25,125,130,0,0
40,2026-07-24 08:46:27,7449.5,102,107,0,0
40,2026-07-24 08:46:27,7448.25,17,2,0,0
40,2026-07-24 08:46:27,7449.75,57,97,0,0
40,2026-07-24 08:46:27,7450,41,57,0,0
40,2026-07-24 08:46:27,7450.25,20,38,0,0
40,2026-07-24 08:46:27,7450.5,43,29,0,0
40,2026-07-24 08:46:27,7450.75,125,118,0,0
40,2026-07-24 08:46:27,7451,27,63,0,0
40,2026-07-24 08:46:27,7451.25,46,45,0,0
40,2026-07-24 08:46:27,7451.5,224,182,10,0
40,2026-07-24 08:46:27,7451.75,223,254,0,0
40,2026-07-24 08:46:27,7452,218,226,67,0
40,2026-07-24 08:46:27,7452.25,207,214,0,0
40,2026-07-24 08:46:27,7452.5,197,175,0,0
40,2026-07-24 08:46:27,7452.75,211,234,0,0
40,2026-07-24 08:46:27,7453,173,292,0,0
40,2026-07-24 08:46:27,7453.25,168,262,0,0
40,2026-07-24 08:46:27,7453.5,283,213,0,0
40,2026-07-24 08:46:27,7453.75,137,143,0,0
40,2026-07-24 08:46:27,7454,33,85,0,0
40,2026-07-24 08:46:27,7454.25,12,31,0,0
40,2026-07-24 08:46:27,7454.5,0,16,0,0
40,2026-07-24 08:46:27,7454.75,25,22,0,0
40,2026-07-24 08:46:27,7455,82,90,0,15
40,2026-07-24 08:46:27,7455.25,0,46,0,0
41,2026-07-24 08:48:08,7455,340,396,0,112
41,2026-07-24 08:48:08,7455.25,203,460,0,73
41,2026-07-24 08:48:08,7454.75,242,150,0,15
41,2026-07-24 08:48:08,7455.5,295,545,51,400
41,2026-07-24 08:48:08,7455.75,5,118,0,38
41,2026-07-24 08:48:08,7454.5,191,227,0,0
41,2026-07-24 08:48:08,7454.25,327,308,0,0
41,2026-07-24 08:48:08,7454,342,367,0,0
41,2026-07-24 08:48:08,7453.75,344,210,0,0
41,2026-07-24 08:48:08,7453.5,228,195,0,0
41,2026-07-24 08:48:08,7453.25,156,112,0,0
41,2026-07-24 08:48:08,7453,91,94,0,0
41,2026-07-24 08:48:08,7452.75,31,12,0,0
41,2026-07-24 08:48:08,7456,140,103,0,0
41,2026-07-24 08:48:08,7456.25,54,100,0,0
41,2026-07-24 08:48:08,7456.5,34,53,0,0
41,2026-07-24 08:48:08,7456.75,0,29,0,0
42,2026-07-24 08:49:26,7456.5,201,188,10,0
42,2026-07-24 08:49:26,7456.75,223,271,0,32
42,2026-07-24 08:49:26,7456.25,158,105,20,0
42,2026-07-24 08:49:26,7457,93,191,0,10
42,2026-07-24 08:49:26,7456,103,111,23,0
42,2026-07-24 08:49:26,7457.25,7,44,0,10
42,2026-07-24 08:49:26,7455.75,102,149,0,0
42,2026-07-24 08:49:26,7455.5,123,115,0,0
42,2026-07-24 08:49:26,7455.25,241,335,0,0
42,2026-07-24 08:49:26,7455,213,228,0,0
42,2026-07-24 08:49:26,7454.75,135,124,0,0
42,2026-07-24 08:49:26,7454.5,61,91,0,0
42,2026-07-24 08:49:26,7454.25,102,51,10,0
42,2026-07-24 08:49:26,7454,33,47,0,0
42,2026-07-24 08:49:26,7453.75,55,19,0,0
42,2026-07-24 08:49:26,7453.5,34,13,0,0
42,2026-07-24 08:49:26,7453.25,12,21,0,0
42,2026-07-24 08:49:26,7453,38,11,0,0
42,2026-07-24 08:49:26,7452.75,21,20,0,0
42,2026-07-24 08:49:26,7452.5,34,55,0,0
42,2026-07-24 08:49:26,7452.25,72,48,0,0
42,2026-07-24 08:49:26,7452,107,47,0,0
42,2026-07-24 08:49:26,7451.75,33,0,0,0
42,2026-07-24 08:49:26,7451.5,16,0,0,0
42,2026-07-24 08:49:26,7451.25,36,9,0,0
42,2026-07-24 08:49:26,7451,36,52,0,0
42,2026-07-24 08:49:26,7450.75,45,18,0,0
42,2026-07-24 08:49:26,7450.5,70,18,0,0
42,2026-07-24 08:49:26,7450.25,33,22,0,0
42,2026-07-24 08:49:26,7450,49,49,0,0
42,2026-07-24 08:49:26,7449.75,90,61,0,0
42,2026-07-24 08:49:26,7449.5,59,29,0,0
42,2026-07-24 08:49:26,7449.25,71,66,0,0
42,2026-07-24 08:49:26,7449,135,64,10,0
42,2026-07-24 08:49:26,7448.75,94,17,0,0
42,2026-07-24 08:49:26,7448.5,39,0,0,0
42,2026-07-24 08:49:26,7448.25,34,0,0,0
42,2026-07-24 08:49:26,7448,35,0,0,0
42,2026-07-24 08:49:26,7447.75,29,0,0,0
42,2026-07-24 08:49:26,7447.5,27,0,0,0
42,2026-07-24 08:49:26,7447.25,30,4,0,0
42,2026-07-24 08:49:26,7447,27,0,0,0
42,2026-07-24 08:49:26,7446.75,26,0,0,0
42,2026-07-24 08:49:26,7446.5,38,0,10,0
42,2026-07-24 08:49:26,7446.25,23,0,0,0
42,2026-07-24 08:49:26,7446,35,0,0,0
42,2026-07-24 08:49:26,7445.75,28,0,0,0
42,2026-07-24 08:49:26,7445.5,25,0,0,0
42,2026-07-24 08:49:26,7445.25,25,0,0,0
42,2026-07-24 08:49:26,7445,32,0,0,0
42,2026-07-24 08:49:26,7444.75,31,0,0,0
42,2026-07-24 08:49:26,7444.5,33,64,0,16
42,2026-07-24 08:49:26,7444.25,32,42,0,0
42,2026-07-24 08:49:26,7444,67,15,0,0
42,2026-07-24 08:49:26,7443.75,26,14,0,0
42,2026-07-24 08:49:26,7443.5,30,18,0,0
42,2026-07-24 08:49:26,7443.25,36,5,10,0
42,2026-07-24 08:49:26,7443,6,0,0,0
43,2026-07-24 08:50:28,7443.5,110,90,0,54
43,2026-07-24 08:50:28,7444.5,208,119,0,0
43,2026-07-24 08:50:28,7444.75,165,201,0,15
43,2026-07-24 08:50:28,7443.75,114,74,0,0
43,2026-07-24 08:50:28,7444.25,97,51,0,0
43,2026-07-24 08:50:28,7445,41,53,0,0
43,2026-07-24 08:50:28,7444,73,48,0,0
43,2026-07-24 08:50:28,7445.25,217,114,10,0
43,2026-07-24 08:50:28,7445.5,305,262,56,20
43,2026-07-24 08:50:28,7445.75,239,252,0,0
43,2026-07-24 08:50:28,7446,290,285,0,0
43,2026-07-24 08:50:28,7446.25,353,340,0,0
43,2026-07-24 08:50:28,7446.5,269,326,35,11
43,2026-07-24 08:50:28,7446.75,151,121,10,0
43,2026-07-24 08:50:28,7447,64,93,10,0
43,2026-07-24 08:50:28,7447.25,104,70,0,0
43,2026-07-24 08:50:28,7447.5,55,92,0,0
43,2026-07-24 08:50:28,7447.75,52,67,0,0
43,2026-07-24 08:50:28,7448,114,126,0,15
43,2026-07-24 08:50:28,7448.25,115,186,0,0
43,2026-07-24 08:50:28,7448.5,161,120,45,0
43,2026-07-24 08:50:28,7448.75,44,66,0,0
43,2026-07-24 08:50:28,7443.25,3,0,0,0
44,2026-07-24 08:51:30,7443.5,105,52,0,0
44,2026-07-24 08:51:30,7443.75,87,41,0,0
44,2026-07-24 08:51:30,7443.25,95,31,0,0
44,2026-07-24 08:51:30,7444,20,13,0,0
44,2026-07-24 08:51:30,7443,82,50,10,0
44,2026-07-24 08:51:30,7442.75,88,8,12,0
44,2026-07-24 08:51:30,7442.5,46,41,0,0
44,2026-07-24 08:51:30,7442.25,101,292,0,151
44,2026-07-24 08:51:30,7442,190,193,0,0
44,2026-07-24 08:51:30,7441.75,254,264,10,0
44,2026-07-24 08:51:30,7441.5,548,375,10,15
44,2026-07-24 08:51:30,7441.25,385,245,0,0
44,2026-07-24 08:51:30,7441,336,431,10,135
44,2026-07-24 08:51:30,7440.75,130,120,0,0
44,2026-07-24 08:51:30,7440.5,57,31,0,0
44,2026-07-24 08:51:30,7440.25,56,31,0,0
44,2026-07-24 08:51:30,7440,164,142,48,0
44,2026-07-24 08:51:30,7439.75,132,91,0,0
44,2026-07-24 08:51:30,7439.5,130,130,0,41
44,2026-07-24 08:51:30,7439.25,56,36,0,0
44,2026-07-24 08:51:30,7439,151,8,65,0
44,2026-07-24 08:51:30,7438.75,17,49,0,0
44,2026-07-24 08:51:30,7438.5,38,15,0,0
44,2026-07-24 08:51:30,7438.25,70,84,0,0
44,2026-07-24 08:51:30,7438,91,94,0,0
44,2026-07-24 08:51:30,7437.75,151,35,13,0
44,2026-07-24 08:51:30,7437.5,18,0,0,0
45,2026-07-24 08:52:24,7438,553,567,0,45
45,2026-07-24 08:52:24,7438.25,398,444,10,11
45,2026-07-24 08:52:24,7437.75,604,426,50,0
45,2026-07-24 08:52:24,7437.5,444,331,0,0
45,2026-07-24 08:52:24,7438.5,283,352,0,10
45,2026-07-24 08:52:24,7437.25,283,108,0,0
45,2026-07-24 08:52:24,7438.75,211,226,0,20
45,2026-07-24 08:52:24,7439,132,184,0,10
45,2026-07-24 08:52:24,7439.25,91,142,0,0
45,2026-07-24 08:52:24,7439.5,137,72,43,0
45,2026-07-24 08:52:24,7439.75,98,73,0,0
45,2026-07-24 08:52:24,7440,54,85,0,11
45,2026-07-24 08:52:24,7440.25,0,10,0,0
45,2026-07-24 08:52:24,7437,112,21,34,0
45,2026-07-24 08:52:24,7436.75,31,28,0,0
46,2026-07-24 08:53:59,7437.25,90,89,0,0
46,2026-07-24 08:53:59,7437,116,81,0,0
46,2026-07-24 08:53:59,7436.75,246,318,0,80
46,2026-07-24 08:53:59,7436.5,358,617,0,78
46,2026-07-24 08:53:59,7437.5,58,75,0,0
46,2026-07-24 08:53:59,7436.25,373,386,0,12
46,2026-07-24 08:53:59,7436,245,254,10,0
46,2026-07-24 08:53:59,7435.75,337,267,34,0
46,2026-07-24 08:53:59,7435.5,180,136,0,0
46,2026-07-24 08:53:59,7435.25,270,168,24,0
46,2026-07-24 08:53:59,7435,373,149,142,0
46,2026-07-24 08:53:59,7437.75,40,68,0,0
46,2026-07-24 08:53:59,7438,42,66,0,0
46,2026-07-24 08:53:59,7438.25,5,37,0,0
46,2026-07-24 08:53:59,7434.75,128,150,0,0
46,2026-07-24 08:53:59,7434.5,141,142,0,0
46,2026-07-24 08:53:59,7434.25,131,38,36,0
46,2026-07-24 08:53:59,7434,169,31,71,0
46,2026-07-24 08:53:59,7433.75,28,24,0,0
46,2026-07-24 08:53:59,7433.5,38,9,0,0
46,2026-07-24 08:53:59,7433.25,24,0,0,0
46,2026-07-24 08:53:59,7433,2,0,0,0
47,2026-07-24 08:55:18,7433,271,178,42,0
47,2026-07-24 08:55:18,7433.25,168,216,0,44
47,2026-07-24 08:55:18,7433.5,238,294,0,0
47,2026-07-24 08:55:18,7432.75,198,87,42,0
47,2026-07-24 08:55:18,7432.5,65,1,0,0
47,2026-07-24 08:55:18,7433.75,444,346,10,13
47,2026-07-24 08:55:18,7434,498,503,47,0
47,2026-07-24 08:55:18,7434.25,273,464,18,0
47,2026-07-24 08:55:18,7434.5,205,187,49,31
47,2026-07-24 08:55:18,7434.75,138,137,0,0
47,2026-07-24 08:55:18,7435,225,245,0,0
47,2026-07-24 08:55:18,7435.25,150,212,0,0
47,2026-07-24 08:55:18,7435.5,94,128,0,0
47,2026-07-24 08:55:18,7435.75,62,112,0,0
47,2026-07-24 08:55:18,7436,12,26,0,0
47,2026-07-24 08:55:18,7436.25,59,47,0,0
47,2026-07-24 08:55:18,7436.5,36,91,0,0
47,2026-07-24 08:55:18,7436.75,3,30,0,0
47,2026-07-24 08:55:18,7437,2,19,0,0
47,2026-07-24 08:55:18,7437.25,14,23,0,0
48,2026-07-24 08:56:39,7437.25,124,154,0,0
48,2026-07-24 08:56:39,7437,182,195,30,44
48,2026-07-24 08:56:39,7437.5,75,100,0,0
48,2026-07-24 08:56:39,7436.75,155,411,0,174
48,2026-07-24 08:56:39,7436.5,192,561,0,166
48,2026-07-24 08:56:39,7436.25,239,239,0,15
48,2026-07-24 08:56:39,7436,341,314,12,13
48,2026-07-24 08:56:39,7435.75,486,521,12,57
48,2026-07-24 08:56:39,7435.5,302,370,0,0
48,2026-07-24 08:56:39,7435.25,367,183,16,0
48,2026-07-24 08:56:39,7435,131,177,0,0
48,2026-07-24 08:56:39,7434.75,130,126,0,0
48,2026-07-24 08:56:39,7434.5,124,92,23,0
48,2026-07-24 08:56:39,7434.25,44,72,0,0
48,2026-07-24 08:56:39,7434,14,8,0,0
48,2026-07-24 08:56:39,7437.75,15,56,0,0
49,2026-07-24 08:58:10,7437.5,129,149,0,0
49,2026-07-24 08:58:10,7437.75,56,70,0,0
49,2026-07-24 08:58:10,7437.25,90,84,0,0
49,2026-07-24 08:58:10,7437,139,115,20,0
49,2026-07-24 08:58:10,7438,105,99,0,0
49,2026-07-24 08:58:10,7438.25,53,151,0,37
49,2026-07-24 08:58:10,7438.5,21,90,0,27
49,2026-07-24 08:58:10,7438.75,83,54,0,0
49,2026-07-24 08:58:10,7439,152,156,0,12
49,2026-07-24 08:58:10,7439.25,183,175,0,10
49,2026-07-24 08:58:10,7439.5,223,232,10,0
49,2026-07-24 08:58:10,7439.75,87,215,0,13
49,2026-07-24 08:58:10,7440,19,66,0,0
49,2026-07-24 08:58:10,7440.25,17,78,0,0
49,2026-07-24 08:58:10,7436.75,54,87,0,30
49,2026-07-24 08:58:10,7436.5,52,57,0,0
49,2026-07-24 08:58:10,7436.25,224,171,55,0
49,2026-07-24 08:58:10,7436,146,167,0,10
49,2026-07-24 08:58:10,7435.75,94,70,0,0
49,2026-07-24 08:58:10,7435.5,40,27,0,0
49,2026-07-24 08:58:10,7435.25,32,10,0,0
49,2026-07-24 08:58:10,7435,47,17,0,0
49,2026-07-24 08:58:10,7434.75,25,30,0,0
49,2026-07-24 08:58:10,7434.5,104,115,0,0
49,2026-07-24 08:58:10,7434.25,131,77,47,0
49,2026-07-24 08:58:10,7434,119,141,0,0
49,2026-07-24 08:58:10,7433.75,112,118,0,0
49,2026-07-24 08:58:10,7433.5,134,81,29,0
49,2026-07-24 08:58:10,7433.25,118,58,0,0
49,2026-07-24 08:58:10,7433,123,64,15,0
49,2026-07-24 08:58:10,7432.75,45,37,0,0
49,2026-07-24 08:58:10,7432.5,48,61,0,0
49,2026-07-24 08:58:10,7432.25,75,29,0,0
49,2026-07-24 08:58:10,7432,77,85,0,0
49,2026-07-24 08:58:10,7431.75,62,15,0,0
49,2026-07-24 08:58:10,7431.5,29,0,0,0
50,2026-07-24 09:00:12,7433,101,123,0,0
50,2026-07-24 09:00:12,7433.25,36,87,0,0
50,2026-07-24 09:00:12,7433.5,1,34,0,0
50,2026-07-24 09:00:12,7432.75,37,35,0,0
50,2026-07-24 09:00:12,7432.5,4,0,0,0
50,2026-07-24 09:00:12,7433.75,5,11,0,0
50,2026-07-24 09:00:12,7434,7,19,0,0
50,2026-07-24 09:00:12,7434.25,30,25,0,0
50,2026-07-24 09:00:12,7434.5,0,24,0,0
50,2026-07-24 09:00:12,7434.75,3,11,0,0
50,2026-07-24 09:00:12,7435,49,17,0,0
50,2026-07-24 09:00:12,7435.25,91,89,0,0
50,2026-07-24 09:00:12,7435.5,117,81,0,0
50,2026-07-24 09:00:12,7435.75,53,83,0,0
50,2026-07-24 09:00:12,7436,92,119,0,0
50,2026-07-24 09:00:12,7436.25,83,94,15,0
50,2026-07-24 09:00:12,7436.5,4,19,0,0
50,2026-07-24 09:00:12,7436.75,11,34,0,0
50,2026-07-24 09:00:12,7437,32,28,0,0
50,2026-07-24 09:00:12,7437.25,53,45,0,0
50,2026-07-24 09:00:12,7437.5,150,92,0,0
50,2026-07-24 09:00:12,7437.75,127,177,0,0
50,2026-07-24 09:00:12,7438,32,49,0,0
50,2026-07-24 09:00:12,7438.25,26,46,0,0
50,2026-07-24 09:00:12,7438.5,15,36,0,0
50,2026-07-24 09:00:12,7438.75,30,11,0,0
50,2026-07-24 09:00:12,7439,55,51,0,0
50,2026-07-24 09:00:12,7439.25,212,175,0,0
50,2026-07-24 09:00:12,7439.5,188,194,0,0
50,2026-07-24 09:00:12,7439.75,223,278,0,0
50,2026-07-24 09:00:12,7440,238,297,0,19
50,2026-07-24 09:00:12,7440.25,249,314,0,0
50,2026-07-24 09:00:12,7440.5,164,215,0,0
50,2026-07-24 09:00:12,7440.75,141,218,0,39
50,2026-07-24 09:00:12,7441,142,112,0,0
50,2026-07-24 09:00:12,7441.25,40,127,0,0
50,2026-07-24 09:00:12,7441.5,56,56,0,0
50,2026-07-24 09:00:12,7441.75,27,51,0,0
50,2026-07-24 09:00:12,7442,36,58,0,0
50,2026-07-24 09:00:12,7442.25,0,6,0,0
51,2026-07-24 09:01:26,7439,175,210,0,0
51,2026-07-24 09:01:26,7439.25,229,159,67,0
51,2026-07-24 09:01:26,7439.5,163,188,0,0
51,2026-07-24 09:01:26,7439.75,283,278,0,0
51,2026-07-24 09:01:26,7440,194,344,0,23
51,2026-07-24 09:01:26,7440.25,172,192,0,0
51,2026-07-24 09:01:26,7438.75,70,40,0,0
51,2026-07-24 09:01:26,7440.5,86,158,0,17
51,2026-07-24 09:01:26,7440.75,79,103,0,0
51,2026-07-24 09:01:26,7441,81,86,0,0
51,2026-07-24 09:01:26,7441.25,75,72,0,0
51,2026-07-24 09:01:26,7441.5,162,130,0,0
51,2026-07-24 09:01:26,7441.75,127,166,0,0
51,2026-07-24 09:01:26,7442,147,172,0,0
51,2026-07-24 09:01:26,7442.25,82,154,0,0
51,2026-07-24 09:01:26,7442.5,167,181,0,10
51,2026-07-24 09:01:26,7442.75,141,239,0,20
51,2026-07-24 09:01:26,7443,80,128,0,0
51,2026-07-24 09:01:26,7443.25,9,59,0,0
51,2026-07-24 09:01:26,7443.5,42,73,0,0
51,2026-07-24 09:01:26,7443.75,57,104,0,0
51,2026-07-24 09:01:26,7444,75,97,0,0
51,2026-07-24 09:01:26,7444.25,122,191,0,28
51,2026-07-24 09:01:26,7444.5,42,94,0,0
51,2026-07-24 09:01:26,7444.75,0,22,0,0
52,2026-07-24 09:02:42,7444.5,74,80,0,0
52,2026-07-24 09:02:42,7444.75,20,32,0,0
52,2026-07-24 09:02:42,7445,39,49,0,0
52,2026-07-24 09:02:42,7445.25,5,32,0,0
52,2026-07-24 09:02:42,7444.25,46,33,0,0
52,2026-07-24 09:02:42,7444,25,12,0,0
52,2026-07-24 09:02:42,7443.75,76,79,0,0
52,2026-07-24 09:02:42,7443.5,55,50,0,0
52,2026-07-24 09:02:42,7443.25,40,291,0,206
52,2026-07-24 09:02:42,7443,119,118,0,0
52,2026-07-24 09:02:42,7442.75,93,112,0,0
52,2026-07-24 09:02:42,7442.5,105,81,0,0
52,2026-07-24 09:02:42,7442.25,113,94,0,0
52,2026-07-24 09:02:42,7442,101,69,0,0
52,2026-07-24 09:02:42,7441.75,51,41,0,0
52,2026-07-24 09:02:42,7441.5,63,92,0,0
52,2026-07-24 09:02:42,7441.25,153,90,10,0
52,2026-07-24 09:02:42,7441,174,166,15,12
52,2026-07-24 09:02:42,7440.75,86,64,0,0
52,2026-07-24 09:02:42,7440.5,33,68,0,0
52,2026-07-24 09:02:42,7440.25,93,135,0,0
52,2026-07-24 09:02:42,7440,120,144,0,0
52,2026-07-24 09:02:42,7439.75,139,191,0,0
52,2026-07-24 09:02:42,7439.5,208,218,0,0
52,2026-07-24 09:02:42,7439.25,261,186,0,0
52,2026-07-24 09:02:42,7439,249,130,0,0
52,2026-07-24 09:02:42,7438.75,94,48,0,0
52,2026-07-24 09:02:42,7438.5,61,80,0,0
52,2026-07-24 09:02:42,7438.25,142,104,0,0
52,2026-07-24 09:02:42,7438,139,99,0,0
52,2026-07-24 09:02:42,7437.75,136,103,13,0
52,2026-07-24 09:02:42,7437.5,49,77,0,24
52,2026-07-24 09:02:42,7437.25,81,66,0,0
52,2026-07-24 09:02:42,7437,23,0,0,0
53,2026-07-24 09:04:03,7442.75,7,24,0,0
53,2026-07-24 09:04:03,7442.5,36,68,0,0
53,2026-07-24 09:04:03,7442.25,87,94,0,0
53,2026-07-24 09:04:03,7442,143,93,0,0
53,2026-07-24 09:04:03,7441.75,113,92,0,0
53,2026-07-24 09:04:03,7441.5,65,15,0,0
53,2026-07-24 09:04:03,7441.25,45,17,0,0
53,2026-07-24 09:04:03,7441,26,24,0,0
53,2026-07-24 09:04:03,7440.75,55,31,0,0
53,2026-07-24 09:04:03,7440.5,59,42,0,0
53,2026-07-24 09:04:03,7440.25,54,55,0,0
53,2026-07-24 09:04:03,7440,79,70,0,0
53,2026-07-24 09:04:03,7439.75,95,101,0,31
53,2026-07-24 09:04:03,7439.5,128,158,0,0
53,2026-07-24 09:04:03,7439.25,99,91,0,0
53,2026-07-24 09:04:03,7439,73,74,0,0
53,2026-07-24 09:04:03,7438.75,109,98,0,0
53,2026-07-24 09:04:03,7438.5,66,42,0,0
53,2026-07-24 09:04:03,7438.25,62,136,0,0
53,2026-07-24 09:04:03,7438,117,87,0,0
53,2026-07-24 09:04:03,7437.75,143,118,0,0
53,2026-07-24 09:04:03,7437.5,110,106,0,0
53,2026-07-24 09:04:03,7437.25,151,179,0,0
53,2026-07-24 09:04:03,7437,98,134,0,0
53,2026-07-24 09:04:03,7436.75,152,246,0,0
53,2026-07-24 09:04:03,7436.5,262,160,0,0
53,2026-07-24 09:04:03,7436.25,129,194,0,0
53,2026-07-24 09:04:03,7436,252,204,0,0
53,2026-07-24 09:04:03,7435.75,197,213,0,0
53,2026-07-24 09:04:03,7435.5,209,164,0,0
53,2026-07-24 09:04:03,7435.25,55,50,0,0
53,2026-07-24 09:04:03,7435,38,6,0,0
54,2026-07-24 09:05:31,7439,298,316,14,0
54,2026-07-24 09:05:31,7439.25,374,456,0,0
54,2026-07-24 09:05:31,7439.5,581,563,0,0
54,2026-07-24 09:05:31,7439.75,295,482,10,0
54,2026-07-24 09:05:31,7440,83,318,0,102
54,2026-07-24 09:05:31,7438.75,135,147,0,0
54,2026-07-24 09:05:31,7440.25,70,64,0,0
54,2026-07-24 09:05:31,7438.5,97,88,0,0
54,2026-07-24 09:05:31,7440.5,53,68,0,0
54,2026-07-24 09:05:31,7440.75,0,12,0,0
54,2026-07-24 09:05:31,7438.25,178,178,0,0
54,2026-07-24 09:05:31,7438,153,206,0,0
54,2026-07-24 09:05:31,7437.75,122,166,0,10
54,2026-07-24 09:05:31,7437.5,139,215,0,0
54,2026-07-24 09:05:31,7437.25,148,131,0,0
54,2026-07-24 09:05:31,7437,113,105,0,0
54,2026-07-24 09:05:31,7436.75,60,39,0,0
54,2026-07-24 09:05:31,7436.5,18,25,0,0
54,2026-07-24 09:05:31,7436.25,4,0,0,0
55,2026-07-24 09:07:22,7440.75,57,67,0,0
55,2026-07-24 09:07:22,7440.5,66,74,0,0
55,2026-07-24 09:07:22,7440.25,65,55,0,0
55,2026-07-24 09:07:22,7441,138,103,0,0
55,2026-07-24 09:07:22,7441.25,246,287,0,0
55,2026-07-24 09:07:22,7440,49,64,0,0
55,2026-07-24 09:07:22,7439.75,12,6,0,0
55,2026-07-24 09:07:22,7441.5,219,335,0,0
55,2026-07-24 09:07:22,7441.75,314,307,53,30
55,2026-07-24 09:07:22,7442,179,302,0,91
55,2026-07-24 09:07:22,7442.25,81,118,0,0
55,2026-07-24 09:07:22,7442.5,29,61,0,0
55,2026-07-24 09:07:22,7442.75,38,91,0,50
55,2026-07-24 09:07:22,7443,0,23,0,10
55,2026-07-24 09:07:22,7443.25,3,30,0,0
55,2026-07-24 09:07:22,7443.5,43,29,0,0
55,2026-07-24 09:07:22,7443.75,121,96,0,0
55,2026-07-24 09:07:22,7444,68,98,0,10
55,2026-07-24 09:07:22,7444.25,38,67,0,0
55,2026-07-24 09:07:22,7444.5,23,53,0,0
55,2026-07-24 09:07:22,7444.75,32,48,0,0
55,2026-07-24 09:07:22,7445,110,98,25,0
55,2026-07-24 09:07:22,7445.25,174,151,0,0
55,2026-07-24 09:07:22,7445.5,123,183,0,0
55,2026-07-24 09:07:22,7445.75,74,112,0,10
55,2026-07-24 09:07:22,7446,93,204,0,47
55,2026-07-24 09:07:22,7446.25,51,87,0,0
55,2026-07-24 09:07:22,7446.5,15,127,0,50
55,2026-07-24 09:07:22,7446.75,48,69,0,0
55,2026-07-24 09:07:22,7447,0,47,0,0
55,2026-07-24 09:07:22,7447.25,3,29,0,0
55,2026-07-24 09:07:22,7447.5,41,72,0,25
55,2026-07-24 09:07:22,7447.75,86,164,0,15
55,2026-07-24 09:07:22,7448,110,94,52,24
56,2026-07-24 09:08:44,7447.75,141,131,0,0
56,2026-07-24 09:08:44,7447.5,129,63,0,0
56,2026-07-24 09:08:44,7447.25,18,0,0,0
56,2026-07-24 09:08:44,7448,309,405,0,25
56,2026-07-24 09:08:44,7448.25,521,381,113,0
56,2026-07-24 09:08:44,7448.5,280,402,0,0
56,2026-07-24 09:08:44,7448.75,195,301,0,42
56,2026-07-24 09:08:44,7449,55,217,0,19
56,2026-07-24 09:08:44,7449.25,15,72,0,25
56,2026-07-24 09:08:44,7449.5,102,119,0,25
56,2026-07-24 09:08:44,7449.75,83,108,0,0
56,2026-07-24 09:08:44,7450,77,132,0,25
56,2026-07-24 09:08:44,7450.25,50,60,0,0
56,2026-07-24 09:08:44,7450.5,5,33,0,0
56,2026-07-24 09:08:44,7450.75,50,48,0,0
56,2026-07-24 09:08:44,7451,82,63,10,0
56,2026-07-24 09:08:44,7451.25,142,157,0,0
56,2026-07-24 09:08:44,7451.5,70,129,0,24
56,2026-07-24 09:08:44,7451.75,87,90,0,14
56,2026-07-24 09:08:44,7452,165,125,10,0
56,2026-07-24 09:08:44,7452.25,116,151,0,0
56,2026-07-24 09:08:44,7452.5,99,135,0,0
56,2026-07-24 09:08:44,7452.75,72,107,0,24
56,2026-07-24 09:08:44,7453,36,30,0,0
56,2026-07-24 09:08:44,7453.25,69,48,0,0
56,2026-07-24 09:08:44,7453.5,9,16,0,0
57,2026-07-24 09:10:01,7451.75,402,428,0,28
57,2026-07-24 09:10:01,7452,336,256,12,10
57,2026-07-24 09:10:01,7451.5,434,298,0,0
57,2026-07-24 09:10:01,7452.25,318,287,0,0
57,2026-07-24 09:10:01,7452.5,147,152,0,0
57,2026-07-24 09:10:01,7452.75,75,123,0,0
57,2026-07-24 09:10:01,7451.25,214,238,0,0
57,2026-07-24 09:10:01,7451,304,312,0,0
57,2026-07-24 09:10:01,7450.75,356,194,17,0
57,2026-07-24 09:10:01,7450.5,115,129,0,0
57,2026-07-24 09:10:01,7450.25,202,247,12,28
57,2026-07-24 09:10:01,7450,261,144,12,0
57,2026-07-24 09:10:01,7449.75,103,74,0,0
57,2026-07-24 09:10:01,7449.5,53,28,0,0
57,2026-07-24 09:10:01,7449.25,52,10,0,0
57,2026-07-24 09:10:01,7449,39,0,0,0
57,2026-07-24 09:10:01,7453,16,153,0,66
58,2026-07-24 09:11:24,7452.25,214,155,0,0
58,2026-07-24 09:11:24,7452,161,139,0,0
58,2026-07-24 09:11:24,7452.5,83,109,0,0
58,2026-07-24 09:11:24,7452.75,69,77,0,0
58,2026-07-24 09:11:24,7453,120,111,0,0
58,2026-07-24 09:11:24,7451.75,199,252,0,0
58,2026-07-24 09:11:24,7451.5,328,270,0,0
58,2026-07-24 09:11:24,7453.25,48,73,0,0
58,2026-07-24 09:11:24,7453.5,0,26,0,0
58,2026-07-24 09:11:24,7451.25,239,166,0,0
58,2026-07-24 09:11:24,7451,160,149,0,21
58,2026-07-24 09:11:24,7450.75,224,237,0,0
58,2026-07-24 09:11:24,7450.5,266,240,0,0
58,2026-07-24 09:11:24,7450.25,100,80,0,0
58,2026-07-24 09:11:24,7450,126,172,0,0
58,2026-07-24 09:11:24,7449.75,236,222,0,0
58,2026-07-24 09:11:24,7449.5,206,155,0,0
58,2026-07-24 09:11:24,7449.25,124,98,0,0
58,2026-07-24 09:11:24,7449,76,118,0,20
58,2026-07-24 09:11:24,7448.75,77,62,0,0
58,2026-07-24 09:11:24,7448.5,68,33,0,0
58,2026-07-24 09:11:24,7448.25,94,31,0,0
58,2026-07-24 09:11:24,7448,25,12,0,0
58,2026-07-24 09:11:24,7447.75,55,4,18,0
58,2026-07-24 09:11:24,7447.5,52,54,0,0
58,2026-07-24 09:11:24,7447.25,58,36,0,0
58,2026-07-24 09:11:24,7447,11,0,0,0
59,2026-07-24 09:12:57,7447.25,117,76,0,0
59,2026-07-24 09:12:57,7447.5,128,143,0,0
59,2026-07-24 09:12:57,7447.75,104,79,0,0
59,2026-07-24 09:12:57,7448,76,102,0,10
59,2026-07-24 09:12:57,7448.25,66,52,0,0
59,2026-07-24 09:12:57,7448.5,56,87,0,0
59,2026-07-24 09:12:57,7448.75,27,115,0,49
59,2026-07-24 09:12:57,7447,110,62,10,0
59,2026-07-24 09:12:57,7446.75,85,24,0,0
59,2026-07-24 09:12:57,7446.5,4,0,0,0
59,2026-07-24 09:12:57,7449,45,31,0,0
59,2026-07-24 09:12:57,7449.25,12,92,0,42
59,2026-07-24 09:12:57,7449.5,23,33,0,0
59,2026-07-24 09:12:57,7449.75,23,121,0,37
59,2026-07-24 09:12:57,7450,73,88,0,0
59,2026-07-24 09:12:57,7450.25,211,197,0,37
59,2026-07-24 09:12:57,7450.5,113,108,0,0
59,2026-07-24 09:12:57,7450.75,84,135,10,26
59,2026-07-24 09:12:57,7451,31,55,0,0
59,2026-07-24 09:12:57,7451.25,131,110,0,23
59,2026-07-24 09:12:57,7451.5,84,139,0,40
59,2026-07-24 09:12:57,7451.75,189,105,0,0
59,2026-07-24 09:12:57,7452,147,266,0,69
59,2026-07-24 09:12:57,7452.25,216,231,0,36
59,2026-07-24 09:12:57,7452.5,89,254,0,85
59,2026-07-24 09:12:57,7452.75,28,73,0,0
59,2026-07-24 09:12:57,7453,0,76,0,26
59,2026-07-24 09:12:57,7453.25,7,18,0,0
59,2026-07-24 09:12:57,7453.5,46,105,0,36
59,2026-07-24 09:12:57,7453.75,33,83,0,0
59,2026-07-24 09:12:57,7454,48,34,12,0
59,2026-07-24 09:12:57,7454.25,5,55,0,0
59,2026-07-24 09:12:57,7454.5,0,43,0,0
59,2026-07-24 09:12:57,7454.75,0,32,0,0
59,2026-07-24 09:12:57,7455,0,82,0,10
59,2026-07-24 09:12:57,7455.25,395,59,279,10
59,2026-07-24 09:12:57,7455.5,58,85,0,0
59,2026-07-24 09:12:57,7455.75,10,56,0,0
59,2026-07-24 09:12:57,7456,28,70,0,0
59,2026-07-24 09:12:57,7456.25,0,20,0,0
60,2026-07-24 09:14:08,7456.25,354,377,23,38
60,2026-07-24 09:14:08,7456.5,553,272,212,10
60,2026-07-24 09:14:08,7456,302,193,0,0
60,2026-07-24 09:14:08,7456.75,183,408,0,94
60,2026-07-24 09:14:08,7455.75,228,197,0,0
60,2026-07-24 09:14:08,7455.5,225,233,0,10
60,2026-07-24 09:14:08,7455.25,320,145,0,0
60,2026-07-24 09:14:08,7455,187,230,0,0
60,2026-07-24 09:14:08,7457,234,258,0,0
60,2026-07-24 09:14:08,7457.25,187,337,0,121
60,2026-07-24 09:14:08,7457.5,88,161,0,0
60,2026-07-24 09:14:08,7457.75,0,85,0,0
60,2026-07-24 09:14:08,7458,0,50,0,0
60,2026-07-24 09:14:08,7458.25,0,27,0,0
60,2026-07-24 09:14:08,7454.75,115,96,0,0
60,2026-07-24 09:14:08,7454.5,193,118,0,0
60,2026-07-24 09:14:08,7454.25,45,31,0,0
60,2026-07-24 09:14:08,7454,40,22,0,0
60,2026-07-24 09:14:08,7453.75,8,0,0,0
61,2026-07-24 09:15:11,7455.25,12,19,0,0
61,2026-07-24 09:15:11,7455,42,18,0,0
61,2026-07-24 09:15:11,7454.75,21,0,0,0
61,2026-07-24 09:15:11,7454.5,9,2,0,0
61,2026-07-24 09:15:11,7454.25,46,53,0,0
61,2026-07-24 09:15:11,7454,130,110,0,0
61,2026-07-24 09:15:11,7453.75,191,127,10,0
61,2026-07-24 09:15:11,7453.5,110,30,0,0
61,2026-07-24 09:15:11,7453.25,59,105,0,0
61,2026-07-24 09:15:11,7453,188,141,0,0
61,2026-07-24 09:15:11,7452.75,61,77,0,0
61,2026-07-24 09:15:11,7452.5,45,98,0,0
61,2026-07-24 09:15:11,7452.25,150,121,0,0
61,2026-07-24 09:15:11,7452,127,99,0,0
61,2026-07-24 09:15:11,7451.75,171,44,20,0
61,2026-07-24 09:15:11,7451.5,98,34,11,0
61,2026-07-24 09:15:11,7451.25,94,77,25,0
61,2026-07-24 09:15:11,7451,116,52,36,0
61,2026-07-24 09:15:11,7450.75,51,50,0,0
61,2026-07-24 09:15:11,7450.5,64,73,0,0
61,2026-07-24 09:15:11,7450.25,182,224,0,20
61,2026-07-24 09:15:11,7450,307,333,0,0
61,2026-07-24 09:15:11,7449.75,302,238,0,0
61,2026-07-24 09:15:11,7449.5,224,199,0,15
61,2026-07-24 09:15:11,7449.25,145,126,0,0
61,2026-07-24 09:15:11,7449,46,33,0,0
61,2026-07-24 09:15:11,7448.75,76,52,0,0
61,2026-07-24 09:15:11,7448.5,60,56,0,0
61,2026-07-24 09:15:11,7448.25,28,8,0,0
61,2026-07-24 09:15:11,7448,117,127,0,0
61,2026-07-24 09:15:11,7447.75,146,45,0,0
61,2026-07-24 09:15:11,7447.5,135,75,0,0
61,2026-07-24 09:15:11,7447.25,63,11,0,0
61,2026-07-24 09:15:11,7447,20,4,0,0
62,2026-07-24 09:16:41,7449.75,146,82,15,0
62,2026-07-24 09:16:41,7449.5,113,99,0,0
62,2026-07-24 09:16:41,7449.25,142,156,0,0
62,2026-07-24 09:16:41,7449,102,62,0,0
62,2026-07-24 09:16:41,7450,55,60,0,0
62,2026-07-24 09:16:41,7450.25,0,9,0,0
62,2026-07-24 09:16:41,7448.75,15,25,0,0
62,2026-07-24 09:16:41,7448.5,50,54,0,0
62,2026-07-24 09:16:41,7448.25,92,50,0,0
62,2026-07-24 09:16:41,7448,93,65,0,0
62,2026-07-24 09:16:41,7447.75,29,7,0,0
62,2026-07-24 09:16:41,7447.5,37,0,0,0
62,2026-07-24 09:16:41,7447.25,10,5,0,0
62,2026-07-24 09:16:41,7447,8,2,0,0
62,2026-07-24 09:16:41,7446.75,119,80,10,0
62,2026-07-24 09:16:41,7446.5,122,84,0,0
62,2026-07-24 09:16:41,7446.25,105,130,0,0
62,2026-07-24 09:16:41,7446,273,339,0,0
62,2026-07-24 09:16:41,7445.75,167,113,34,0
62,2026-07-24 09:16:41,7445.5,89,35,0,0
62,2026-07-24 09:16:41,7445.25,41,43,0,0
62,2026-07-24 09:16:41,7445,57,37,0,0
62,2026-07-24 09:16:41,7444.75,59,31,0,0
62,2026-07-24 09:16:41,7444.5,68,94,21,0
62,2026-07-24 09:16:41,7444.25,200,175,18,0
62,2026-07-24 09:16:41,7444,167,109,12,0
62,2026-07-24 09:16:41,7443.75,151,157,0,0
62,2026-07-24 09:16:41,7443.5,148,166,0,53
62,2026-07-24 09:16:41,7443.25,62,67,0,0
62,2026-07-24 09:16:41,7443,49,64,0,0
62,2026-07-24 09:16:41,7442.75,54,113,0,0
62,2026-07-24 09:16:41,7442.5,172,122,0,0
62,2026-07-24 09:16:41,7442.25,115,93,0,12
62,2026-07-24 09:16:41,7442,173,102,17,0
62,2026-07-24 09:16:41,7441.75,140,100,0,0
62,2026-07-24 09:16:41,7441.5,74,58,0,0
62,2026-07-24 09:16:41,7441.25,17,0,0,0
63,2026-07-24 09:17:58,7445,80,76,0,0
63,2026-07-24 09:17:58,7444.75,140,116,0,0
63,2026-07-24 09:17:58,7444.5,167,109,0,0
63,2026-07-24 09:17:58,7444.25,44,34,0,0
63,2026-07-24 09:17:58,7445.25,34,51,0,0
63,2026-07-24 09:17:58,7445.5,51,62,10,0
63,2026-07-24 09:17:58,7445.75,54,16,0,0
63,2026-07-24 09:17:58,7446,207,177,0,0
63,2026-07-24 09:17:58,7446.25,184,249,0,0
63,2026-07-24 09:17:58,7446.5,73,141,0,0
63,2026-07-24 09:17:58,7446.75,5,24,0,0
63,2026-07-24 09:17:58,7447,17,22,0,0
63,2026-07-24 09:17:58,7444,19,0,0,0
63,2026-07-24 09:17:58,7443.75,17,39,0,0
63,2026-07-24 09:17:58,7443.5,96,96,0,0
63,2026-07-24 09:17:58,7443.25,119,60,0,0
63,2026-07-24 09:17:58,7443,91,93,10,0
63,2026-07-24 09:17:58,7442.75,121,118,0,0
63,2026-07-24 09:17:58,7442.5,105,63,0,0
63,2026-07-24 09:17:58,7442.25,27,0,0,0
63,2026-07-24 09:17:58,7442,31,22,0,0
63,2026-07-24 09:17:58,7441.75,119,99,0,0
63,2026-07-24 09:17:58,7441.5,93,112,0,0
63,2026-07-24 09:17:58,7441.25,186,172,0,0
63,2026-07-24 09:17:58,7441,318,287,0,0
63,2026-07-24 09:17:58,7440.75,209,146,0,0
63,2026-07-24 09:17:58,7440.5,67,61,0,0
63,2026-07-24 09:17:58,7440.25,51,83,0,0
63,2026-07-24 09:17:58,7440,91,49,0,0
63,2026-07-24 09:17:58,7439.75,110,146,0,0
63,2026-07-24 09:17:58,7439.5,104,60,0,0
63,2026-07-24 09:17:58,7439.25,116,101,0,0
63,2026-07-24 09:17:58,7439,88,94,0,0
63,2026-07-24 09:17:58,7438.75,121,106,0,0
63,2026-07-24 09:17:58,7438.5,45,17,0,0
64,2026-07-24 09:19:25,7441,152,123,0,0
64,2026-07-24 09:19:25,7441.25,135,229,0,0
64,2026-07-24 09:19:25,7441.5,52,62,0,0
64,2026-07-24 09:19:25,7441.75,111,117,0,0
64,2026-07-24 09:19:25,7442,149,166,0,0
64,2026-07-24 09:19:25,7442.25,240,234,0,0
64,2026-07-24 09:19:25,7442.5,130,167,0,0
64,2026-07-24 09:19:25,7442.75,175,127,0,0
64,2026-07-24 09:19:25,7443,301,315,11,0
64,2026-07-24 09:19:25,7443.25,132,204,0,0
64,2026-07-24 09:19:25,7443.5,62,57,0,0
64,2026-07-24 09:19:25,7443.75,120,143,0,0
64,2026-07-24 09:19:25,7444,213,216,11,0
64,2026-07-24 09:19:25,7444.25,179,218,0,0
64,2026-07-24 09:19:25,7440.75,142,173,0,0
64,2026-07-24 09:19:25,7440.5,129,99,0,0
64,2026-07-24 09:19:25,7440.25,72,56,0,0
64,2026-07-24 09:19:25,7440,76,24,0,0
64,2026-07-24 09:19:25,7439.75,3,0,0,0
64,2026-07-24 09:19:25,7444.5,126,130,0,0
64,2026-07-24 09:19:25,7444.75,145,130,0,0
64,2026-07-24 09:19:25,7445,132,148,0,0
64,2026-07-24 09:19:25,7445.25,83,141,0,0
64,2026-07-24 09:19:25,7445.5,46,63,0,0
64,2026-07-24 09:19:25,7445.75,22,31,0,0
65,2026-07-24 09:21:09,7445.5,18,9,0,0
65,2026-07-24 09:21:09,7445.25,1,4,0,0
65,2026-07-24 09:21:09,7445.75,1,12,0,0
65,2026-07-24 09:21:09,7446,16,40,0,0
65,2026-07-24 09:21:09,7446.25,8,15,0,0
65,2026-07-24 09:21:09,7446.5,15,12,0,0
65,2026-07-24 09:21:09,7446.75,60,43,0,0
65,2026-07-24 09:21:09,7447,13,59,0,0
65,2026-07-24 09:21:09,7447.25,42,56,0,17
65,2026-07-24 09:21:09,7447.5,10,28,0,0
65,2026-07-24 09:21:09,7447.75,59,43,0,0
65,2026-07-24 09:21:09,7448,25,62,0,0
65,2026-07-24 09:21:09,7448.25,85,57,0,0
65,2026-07-24 09:21:09,7448.5,51,91,0,0
65,2026-07-24 09:21:09,7448.75,190,367,0,173
65,2026-07-24 09:21:09,7449,71,1150,0,1000
65,2026-07-24 09:21:09,7449.25,73,74,0,0
65,2026-07-24 09:21:09,7449.5,89,99,0,0
65,2026-07-24 09:21:09,7449.75,246,196,0,0
65,2026-07-24 09:21:09,7450,44,121,0,0
65,2026-07-24 09:21:09,7450.25,31,48,0,0
65,2026-07-24 09:21:09,7450.5,208,150,0,0
65,2026-07-24 09:21:09,7450.75,172,196,0,0
65,2026-07-24 09:21:09,7451,244,234,0,0
65,2026-07-24 09:21:09,7451.25,145,209,0,0
65,2026-07-24 09:21:09,7451.5,119,111,0,0
65,2026-07-24 09:21:09,7451.75,85,88,0,0
65,2026-07-24 09:21:09,7452,92,102,0,13
65,2026-07-24 09:21:09,7452.25,122,119,0,0
65,2026-07-24 09:21:09,7452.5,88,139,0,0
65,2026-07-24 09:21:09,7452.75,45,70,0,0
65,2026-07-24 09:21:09,7453,0,28,0,0
66,2026-07-24 09:22:19,7453,150,125,0,0
66,2026-07-24 09:22:19,7453.25,234,255,0,0
66,2026-07-24 09:22:19,7453.5,174,231,0,0
66,2026-07-24 09:22:19,7453.75,136,168,0,0
66,2026-07-24 09:22:19,7452.75,48,52,0,0
66,2026-07-24 09:22:19,7452.5,27,56,0,0
66,2026-07-24 09:22:19,7452.25,100,129,0,0
66,2026-07-24 09:22:19,7452,129,130,0,0
66,2026-07-24 09:22:19,7451.75,161,149,0,0
66,2026-07-24 09:22:19,7451.5,91,80,0,0
66,2026-07-24 09:22:19,7451.25,109,128,0,0
66,2026-07-24 09:22:19,7451,178,96,0,0
66,2026-07-24 09:22:19,7450.75,102,63,0,0
66,2026-07-24 09:22:19,7450.5,19,12,0,0
66,2026-07-24 09:22:19,7454,51,37,0,0
66,2026-07-24 09:22:19,7454.25,0,32,0,0
66,2026-07-24 09:22:19,7454.5,5,38,0,0
66,2026-07-24 09:22:19,7454.75,17,29,0,0
66,2026-07-24 09:22:19,7455,110,139,0,29
66,2026-07-24 09:22:19,7455.25,244,123,173,24
66,2026-07-24 09:22:19,7455.5,123,95,11,25
66,2026-07-24 09:22:19,7455.75,182,185,0,56
66,2026-07-24 09:22:19,7456,189,292,0,0
66,2026-07-24 09:22:19,7456.25,79,113,0,0
66,2026-07-24 09:22:19,7456.5,90,96,0,0
66,2026-07-24 09:22:19,7456.75,93,60,0,0
66,2026-07-24 09:22:19,7457,122,185,0,18
66,2026-07-24 09:22:19,7457.25,71,85,0,0
66,2026-07-24 09:22:19,7457.5,54,69,0,10
66,2026-07-24 09:22:19,7457.75,17,36,0,0
66,2026-07-24 09:22:19,7458,17,37,0,0
66,2026-07-24 09:22:19,7458.25,11,31,0,0
66,2026-07-24 09:22:19,7458.5,0,10,0,0
67,2026-07-24 09:23:54,7456.5,232,241,0,0
67,2026-07-24 09:23:54,7456.25,208,173,0,0
67,2026-07-24 09:23:54,7456,202,124,0,0
67,2026-07-24 09:23:54,7455.75,86,94,0,0
67,2026-07-24 09:23:54,7456.75,35,82,0,0
67,2026-07-24 09:23:54,7455.5,121,86,10,0
67,2026-07-24 09:23:54,7455.25,83,45,10,0
67,2026-07-24 09:23:54,7455,100,137,0,24
67,2026-07-24 09:23:54,7454.75,114,107,0,0
67,2026-07-24 09:23:54,7454.5,126,55,0,0
67,2026-07-24 09:23:54,7454.25,173,239,0,0
67,2026-07-24 09:23:54,7454,315,353,0,14
67,2026-07-24 09:23:54,7453.75,226,188,0,0
67,2026-07-24 09:23:54,7453.5,330,221,0,28
67,2026-07-24 09:23:54,7453.25,158,66,16,0
67,2026-07-24 09:23:54,7453,88,46,0,10
67,2026-07-24 09:23:54,7452.75,54,40,0,0
67,2026-07-24 09:23:54,7452.5,49,7,0,0
67,2026-07-24 09:23:54,7452.25,29,14,0,0
67,2026-07-24 09:23:54,7452,33,41,0,0
67,2026-07-24 09:23:54,7451.75,42,21,0,0
67,2026-07-24 09:23:54,7451.5,43,38,0,0
67,2026-07-24 09:23:54,7451.25,76,120,0,0
67,2026-07-24 09:23:54,7451,200,125,0,0
67,2026-07-24 09:23:54,7450.75,201,34,120,0
67,2026-07-24 09:23:54,7450.5,48,40,0,0
67,2026-07-24 09:23:54,7450.25,103,72,12,0
67,2026-07-24 09:23:54,7450,67,46,0,0
67,2026-07-24 09:23:54,7449.75,65,33,0,0
67,2026-07-24 09:23:54,7449.5,6,0,0,0
68,2026-07-24 09:25:28,7452,219,226,0,0
68,2026-07-24 09:25:28,7452.25,274,280,0,0
68,2026-07-24 09:25:28,7452.5,353,378,0,0
68,2026-07-24 09:25:28,7452.75,272,244,0,0
68,2026-07-24 09:25:28,7453,181,226,0,0
68,2026-07-24 09:25:28,7453.25,283,272,0,0
68,2026-07-24 09:25:28,7453.5,297,341,0,0
68,2026-07-24 09:25:28,7451.75,223,143,0,0
68,2026-07-24 09:25:28,7451.5,66,49,0,0
68,2026-07-24 09:25:28,7451.25,28,27,0,0
68,2026-07-24 09:25:28,7453.75,183,248,10,10
68,2026-07-24 09:25:28,7454,184,264,0,18
68,2026-07-24 09:25:28,7454.25,163,236,0,0
68,2026-07-24 09:25:28,7451,99,97,0,0
68,2026-07-24 09:25:28,7450.75,9,0,0,0
68,2026-07-24 09:25:28,7454.5,158,137,0,0
68,2026-07-24 09:25:28,7454.75,43,82,0,0
68,2026-07-24 09:25:28,7455,22,72,0,0
68,2026-07-24 09:25:28,7455.25,18,55,0,0
68,2026-07-24 09:25:28,7455.5,9,38,0,0
69,2026-07-24 09:27:21,7455.5,38,35,0,0
69,2026-07-24 09:27:21,7455.25,30,42,0,0
69,2026-07-24 09:27:21,7455.75,29,58,0,0
69,2026-07-24 09:27:21,7456,0,18,0,0
69,2026-07-24 09:27:21,7455,45,47,0,0
69,2026-07-24 09:27:21,7454.75,77,70,0,0
69,2026-07-24 09:27:21,7454.5,65,86,0,0
69,2026-07-24 09:27:21,7454.25,31,27,0,0
69,2026-07-24 09:27:21,7454,19,10,0,0
69,2026-07-24 09:27:21,7453.75,6,0,0,0
69,2026-07-24 09:27:21,7453.5,34,45,0,0
69,2026-07-24 09:27:21,7453.25,126,124,0,15
69,2026-07-24 09:27:21,7453,101,126,0,0
69,2026-07-24 09:27:21,7452.75,111,130,0,0
69,2026-07-24 09:27:21,7452.5,237,256,0,0
69,2026-07-24 09:27:21,7452.25,202,189,15,25
69,2026-07-24 09:27:21,7452,159,120,0,0
69,2026-07-24 09:27:21,7451.75,158,154,0,0
69,2026-07-24 09:27:21,7451.5,193,167,0,0
69,2026-07-24 09:27:21,7451.25,212,208,0,0
69,2026-07-24 09:27:21,7451,188,211,0,0
69,2026-07-24 09:27:21,7450.75,111,108,0,0
69,2026-07-24 09:27:21,7450.5,150,114,0,0
69,2026-07-24 09:27:21,7450.25,93,145,0,26
69,2026-07-24 09:27:21,7450,162,160,13,0
69,2026-07-24 09:27:21,7449.75,210,176,0,0
69,2026-07-24 09:27:21,7449.5,68,93,0,0
69,2026-07-24 09:27:21,7449.25,124,150,0,0
69,2026-07-24 09:27:21,7449,90,81,0,0
69,2026-07-24 09:27:21,7448.75,41,59,0,0
69,2026-07-24 09:27:21,7448.5,77,46,0,0
69,2026-07-24 09:27:21,7448.25,31,22,0,0
69,2026-07-24 09:27:21,7448,6,0,0,0
70,2026-07-24 09:29:50,7452.75,4,8,0,0
70,2026-07-24 09:29:50,7452.5,30,21,0,0
70,2026-07-24 09:29:50,7452.25,42,21,0,0
70,2026-07-24 09:29:50,7452,78,53,0,0
70,2026-07-24 09:29:50,7451.75,92,58,17,23
70,2026-07-24 09:29:50,7451.5,68,27,16,0
70,2026-07-24 09:29:50,7451.25,59,2,0,0
70,2026-07-24 09:29:50,7451,45,18,0,0
70,2026-07-24 09:29:50,7450.75,76,57,0,0
70,2026-07-24 09:29:50,7450.5,77,76,0,0
70,2026-07-24 09:29:50,7450.25,134,82,0,0
70,2026-07-24 09:29:50,7450,78,48,0,0
70,2026-07-24 09:29:50,7449.75,86,27,0,0
70,2026-07-24 09:29:50,7449.5,44,32,0,0
70,2026-07-24 09:29:50,7449.25,63,86,0,0
70,2026-07-24 09:29:50,7449,147,135,0,0
70,2026-07-24 09:29:50,7448.75,184,186,0,0
70,2026-07-24 09:29:50,7448.5,201,183,0,0
70,2026-07-24 09:29:50,7448.25,131,102,0,0
70,2026-07-24 09:29:50,7448,115,83,0,0
70,2026-07-24 09:29:50,7447.75,101,71,0,0
70,2026-07-24 09:29:50,7447.5,106,129,0,0
70,2026-07-24 09:29:50,7447.25,191,219,0,0
70,2026-07-24 09:29:50,7447,237,160,0,0
70,2026-07-24 09:29:50,7446.75,159,140,0,0
70,2026-07-24 09:29:50,7446.5,153,90,0,0
70,2026-07-24 09:29:50,7446.25,234,197,0,0
70,2026-07-24 09:29:50,7446,199,189,0,14
70,2026-07-24 09:29:50,7445.75,133,136,0,0
70,2026-07-24 09:29:50,7445.5,82,77,0,0
70,2026-07-24 09:29:50,7445.25,40,29,0,0
70,2026-07-24 09:29:50,7445,131,31,78,0
70,2026-07-24 09:29:50,7444.75,48,62,0,0
70,2026-07-24 09:29:50,7444.5,51,42,0,0
70,2026-07-24 09:29:50,7444.25,4,0,0,0
71,2026-07-24 09:31:37,7446.75,243,281,0,0
71,2026-07-24 09:31:37,7446.5,427,447,0,0
71,2026-07-24 09:31:37,7446.25,489,439,10,0
71,2026-07-24 09:31:37,7446,348,280,81,0
71,2026-07-24 09:31:37,7445.75,329,265,0,0
71,2026-07-24 09:31:37,7447,287,260,0,0
71,2026-07-24 09:31:37,7447.25,213,267,0,0
71,2026-07-24 09:31:37,7447.5,148,124,0,0
71,2026-07-24 09:31:37,7447.75,149,195,0,0
71,2026-07-24 09:31:37,7448,79,77,0,0
71,2026-07-24 09:31:37,7448.25,103,127,0,30
71,2026-07-24 09:31:37,7448.5,87,68,0,0
71,2026-07-24 09:31:37,7448.75,65,64,0,0
71,2026-07-24 09:31:37,7449,13,48,0,0
71,2026-07-24 09:31:37,7445.5,108,112,0,0
71,2026-07-24 09:31:37,7445.25,103,74,0,0
71,2026-07-24 09:31:37,7445,110,36,53,0
71,2026-07-24 09:31:37,7444.75,21,11,0,0
72,2026-07-24 09:34:01,7445,461,294,41,0
72,2026-07-24 09:34:01,7445.25,363,423,0,0
72,2026-07-24 09:34:01,7445.5,323,352,0,0
72,2026-07-24 09:34:01,7445.75,206,260,0,0
72,2026-07-24 09:34:01,7446,179,191,0,0
72,2026-07-24 09:34:01,7446.25,77,122,0,0
72,2026-07-24 09:34:01,7446.5,48,60,0,0
72,2026-07-24 09:34:01,7446.75,33,51,0,0
72,2026-07-24 09:34:01,7444.75,250,229,0,0
72,2026-07-24 09:34:01,7444.5,274,207,41,0
72,2026-07-24 09:34:01,7444.25,386,59,122,0
72,2026-07-24 09:34:01,7444,76,142,0,0
72,2026-07-24 09:34:01,7443.75,157,169,0,0
72,2026-07-24 09:34:01,7443.5,160,69,0,0
72,2026-07-24 09:34:01,7443.25,82,76,0,0
72,2026-07-24 09:34:01,7443,44,12,0,0
72,2026-07-24 09:34:01,7442.75,27,44,0,0
72,2026-07-24 09:34:01,7442.5,77,98,0,13
72,2026-07-24 09:34:01,7442.25,59,49,0,0
72,2026-07-24 09:34:01,7442,163,72,74,0
72,2026-07-24 09:34:01,7441.75,23,15,0,0
72,2026-07-24 09:34:01,7441.5,6,8,0,0
72,2026-07-24 09:34:01,7447,0,27,0,0
73,2026-07-24 09:36:20,7444.5,229,336,0,0
73,2026-07-24 09:36:20,7444.75,111,197,0,0
73,2026-07-24 09:36:20,7445,119,151,20,0
73,2026-07-24 09:36:20,7445.25,67,42,0,0
73,2026-07-24 09:36:20,7445.5,99,96,0,0
73,2026-07-24 09:36:20,7445.75,72,46,0,0
73,2026-07-24 09:36:20,7446,13,47,0,0
73,2026-07-24 09:36:20,7444.25,333,271,0,0
73,2026-07-24 09:36:20,7444,359,290,88,0
73,2026-07-24 09:36:20,7443.75,345,333,0,11
73,2026-07-24 09:36:20,7443.5,295,395,0,0
73,2026-07-24 09:36:20,7443.25,404,438,0,11
73,2026-07-24 09:36:20,7443,443,331,76,22
73,2026-07-24 09:36:20,7442.75,263,252,0,0
73,2026-07-24 09:36:20,7442.5,91,31,0,0
73,2026-07-24 09:36:20,7442.25,1,0,0,0
74,2026-07-24 09:39:16,7442.5,26,34,0,0
74,2026-07-24 09:39:16,7442.25,31,69,0,0
74,2026-07-24 09:39:16,7442.75,14,11,0,0
74,2026-07-24 09:39:16,7442,97,33,0,0
74,2026-07-24 09:39:16,7441.75,41,38,0,0
74,2026-07-24 09:39:16,7441.5,161,242,0,0
74,2026-07-24 09:39:16,7441.25,197,178,0,0
74,2026-07-24 09:39:16,7441,182,155,0,0
74,2026-07-24 09:39:16,7440.75,143,68,12,0
74,2026-07-24 09:39:16,7440.5,139,186,0,0
74,2026-07-24 09:39:16,7440.25,243,192,0,0
74,2026-07-24 09:39:16,7440,110,125,0,0
74,2026-07-24 09:39:16,7439.75,164,164,12,0
74,2026-07-24 09:39:16,7439.5,239,322,0,135
74,2026-07-24 09:39:16,7439.25,323,290,0,0
74,2026-07-24 09:39:16,7439,221,315,0,0
74,2026-07-24 09:39:16,7438.75,227,260,0,0
74,2026-07-24 09:39:16,7438.5,367,286,0,0
74,2026-07-24 09:39:16,7438.25,180,104,0,0
74,2026-07-24 09:39:16,7438,138,68,15,0
74,2026-07-24 09:39:16,7437.75,85,32,0,0
75,2026-07-24 09:40:57,7441.25,119,141,0,0
75,2026-07-24 09:40:57,7441,197,233,0,0
75,2026-07-24 09:40:57,7440.75,223,243,0,0
75,2026-07-24 09:40:57,7440.5,276,306,0,0
75,2026-07-24 09:40:57,7440.25,306,279,17,24
75,2026-07-24 09:40:57,7440,242,192,11,0
75,2026-07-24 09:40:57,7439.75,214,153,10,0
75,2026-07-24 09:40:57,7439.5,185,184,0,0
75,2026-07-24 09:40:57,7441.5,66,62,0,0
75,2026-07-24 09:40:57,7441.75,70,59,0,0
75,2026-07-24 09:40:57,7442,35,40,0,0
75,2026-07-24 09:40:57,7442.25,2,22,0,0
75,2026-07-24 09:40:57,7439.25,186,143,10,0
75,2026-07-24 09:40:57,7439,245,258,0,0
75,2026-07-24 09:40:57,7438.75,251,245,0,0
75,2026-07-24 09:40:57,7438.5,319,148,130,0
75,2026-07-24 09:40:57,7438.25,152,143,0,0
75,2026-07-24 09:40:57,7438,61,66,0,0
75,2026-07-24 09:40:57,7437.75,93,79,0,0
75,2026-07-24 09:40:57,7437.5,79,56,0,0
75,2026-07-24 09:40:57,7437.25,45,25,0,0
75,2026-07-24 09:40:57,7437,39,13,0,0
76,2026-07-24 09:43:02,7438.75,406,304,11,0
76,2026-07-24 09:43:02,7438.5,305,259,0,0
76,2026-07-24 09:43:02,7438.25,223,217,0,0
76,2026-07-24 09:43:02,7438,213,241,10,0
76,2026-07-24 09:43:02,7437.75,99,22,32,0
76,2026-07-24 09:43:02,7437.5,6,0,0,0
76,2026-07-24 09:43:02,7439,295,376,0,0
76,2026-07-24 09:43:02,7439.25,447,346,48,10
76,2026-07-24 09:43:02,7439.5,344,452,14,0
76,2026-07-24 09:43:02,7439.75,287,280,0,0
76,2026-07-24 09:43:02,7440,104,124,0,0
76,2026-07-24 09:43:02,7440.25,106,121,0,0
76,2026-07-24 09:43:02,7440.5,107,85,0,0
76,2026-07-24 09:43:02,7440.75,64,82,0,0
76,2026-07-24 09:43:02,7441,116,73,0,0
76,2026-07-24 09:43:02,7441.25,83,92,0,0
76,2026-07-24 09:43:02,7441.5,21,27,0,0
76,2026-07-24 09:43:02,7441.75,71,28,0,0
76,2026-07-24 09:43:02,7442,24,49,0,0
76,2026-07-24 09:43:02,7442.25,0,6,0,0
77,2026-07-24 09:44:48,7439,34,48,0,0
77,2026-07-24 09:44:48,7438.75,44,54,0,0
77,2026-07-24 09:44:48,7438.5,11,4,0,0
77,2026-07-24 09:44:48,7438.25,26,23,0,0
77,2026-07-24 09:44:48,7438,51,75,0,0
77,2026-07-24 09:44:48,7437.75,80,84,0,0
77,2026-07-24 09:44:48,7437.5,213,212,0,0
77,2026-07-24 09:44:48,7437.25,311,359,0,0
77,2026-07-24 09:44:48,7437,275,342,0,13
77,2026-07-24 09:44:48,7436.75,250,193,0,0
77,2026-07-24 09:44:48,7436.5,176,56,33,0
77,2026-07-24 09:44:48,7436.25,86,73,0,10
77,2026-07-24 09:44:48,7436,198,101,25,0
77,2026-07-24 09:44:48,7435.75,119,166,0,0
77,2026-07-24 09:44:48,7435.5,117,121,0,0
77,2026-07-24 09:44:48,7435.25,241,285,24,0
77,2026-07-24 09:44:48,7435,308,155,48,0
77,2026-07-24 09:44:48,7434.75,155,83,0,0
77,2026-07-24 09:44:48,7434.5,114,107,0,0
77,2026-07-24 09:44:48,7434.25,72,25,10,0
77,2026-07-24 09:44:48,7434,43,138,0,20
77,2026-07-24 09:44:48,7433.75,167,177,0,0
77,2026-07-24 09:44:48,7433.5,195,73,64,0
77,2026-07-24 09:44:48,7433.25,63,66,0,0
77,2026-07-24 09:44:48,7433,38,28,0,0
77,2026-07-24 09:44:48,7432.75,41,24,0,0
78,2026-07-24 09:46:25,7435.75,90,40,0,0
78,2026-07-24 09:46:25,7435.5,69,67,0,0
78,2026-07-24 09:46:25,7435.25,75,75,0,0
78,2026-07-24 09:46:25,7436,126,63,0,0
78,2026-07-24 09:46:25,7435,1,0,0,0
78,2026-07-24 09:46:25,7436.25,162,126,19,0
78,2026-07-24 09:46:25,7436.5,63,83,0,0
78,2026-07-24 09:46:25,7436.75,202,144,23,0
78,2026-07-24 09:46:25,7437,201,231,12,11
78,2026-07-24 09:46:25,7437.25,160,203,0,0
78,2026-07-24 09:46:25,7437.5,72,122,0,0
78,2026-07-24 09:46:25,7437.75,84,57,20,0
78,2026-07-24 09:46:25,7438,78,34,50,0
78,2026-07-24 09:46:25,7438.25,49,30,0,0
78,2026-07-24 09:46:25,7438.5,123,106,0,0
78,2026-07-24 09:46:25,7438.75,241,183,0,0
78,2026-07-24 09:46:25,7439,327,587,0,49
78,2026-07-24 09:46:25,7439.25,348,522,11,14
78,2026-07-24 09:46:25,7439.5,92,162,0,0
78,2026-07-24 09:46:25,7439.75,48,74,13,0
78,2026-07-24 09:46:25,7440,196,151,0,0
78,2026-07-24 09:46:25,7440.25,90,199,0,23
78,2026-07-24 09:46:25,7440.5,56,50,0,0
78,2026-07-24 09:46:25,7440.75,61,78,20,0
78,2026-07-24 09:46:25,7441,28,50,0,0
78,2026-07-24 09:46:25,7441.25,2,19,0,0
79,2026-07-24 09:47:52,7435.75,79,54,0,0
79,2026-07-24 09:47:52,7435.5,9,20,0,0
79,2026-07-24 09:47:52,7435.25,34,13,0,0
79,2026-07-24 09:47:52,7435,20,15,0,0
79,2026-07-24 09:47:52,7434.75,69,91,0,0
79,2026-07-24 09:47:52,7434.5,25,11,0,0
79,2026-07-24 09:47:52,7434.25,17,4,0,0
79,2026-07-24 09:47:52,7436,122,133,0,15
79,2026-07-24 09:47:52,7436.25,140,127,10,0
79,2026-07-24 09:47:52,7436.5,115,155,0,0
79,2026-07-24 09:47:52,7436.75,79,162,0,47
79,2026-07-24 09:47:52,7437,160,162,11,13
79,2026-07-24 09:47:52,7437.25,234,211,0,24
79,2026-07-24 09:47:52,7437.5,281,330,0,22
79,2026-07-24 09:47:52,7437.75,57,101,0,0
79,2026-07-24 09:47:52,7438,3,10,0,0
79,2026-07-24 09:47:52,7438.25,46,54,0,0
79,2026-07-24 09:47:52,7438.5,47,69,0,0
79,2026-07-24 09:47:52,7438.75,59,51,0,0
79,2026-07-24 09:47:52,7439,47,53,0,0
79,2026-07-24 09:47:52,7439.25,45,41,0,0
79,2026-07-24 09:47:52,7439.5,14,33,0,0
79,2026-07-24 09:47:52,7439.75,23,13,0,0
79,2026-07-24 09:47:52,7440,30,32,0,0
79,2026-07-24 09:47:52,7440.25,55,41,0,0
79,2026-07-24 09:47:52,7440.5,3,18,0,0
79,2026-07-24 09:47:52,7440.75,2,16,0,0
79,2026-07-24 09:47:52,7441,27,31,0,0
79,2026-07-24 09:47:52,7441.25,3,25,0,0
79,2026-07-24 09:47:52,7441.5,25,42,0,13
79,2026-07-24 09:47:52,7441.75,20,15,0,0
79,2026-07-24 09:47:52,7442,120,69,0,0
79,2026-07-24 09:47:52,7442.25,217,195,0,0
79,2026-07-24 09:47:52,7442.5,44,154,0,0
79,2026-07-24 09:47:52,7442.75,123,51,0,0
79,2026-07-24 09:47:52,7443,49,60,0,0
79,2026-07-24 09:47:52,7443.25,96,77,0,0
79,2026-07-24 09:47:52,7443.5,152,70,0,0
79,2026-07-24 09:47:52,7443.75,103,182,0,13
79,2026-07-24 09:47:52,7444,102,112,0,0
79,2026-07-24 09:47:52,7444.25,17,44,0,0
79,2026-07-24 09:47:52,7444.5,41,33,0,0
79,2026-07-24 09:47:52,7444.75,42,88,0,0
79,2026-07-24 09:47:52,7445,19,78,0,0
79,2026-07-24 09:47:52,7445.25,10,38,0,0
79,2026-07-24 09:47:52,7445.5,9,64,0,0
79,2026-07-24 09:47:52,7445.75,0,12,0,0
79,2026-07-24 09:47:52,7446,0,5,0,0
80,2026-07-24 09:50:02,7446,36,97,0,10
80,2026-07-24 09:50:02,7445.75,120,68,0,0
80,2026-07-24 09:50:02,7445.5,18,30,0,0
80,2026-07-24 09:50:02,7445.25,101,44,47,0
80,2026-07-24 09:50:02,7445,103,66,0,0
80,2026-07-24 09:50:02,7444.75,49,16,0,0
80,2026-07-24 09:50:02,7444.5,34,0,0,0
80,2026-07-24 09:50:02,7444.25,2,0,0,0
80,2026-07-24 09:50:02,7446.25,29,42,0,0
80,2026-07-24 09:50:02,7446.5,109,109,0,0
80,2026-07-24 09:50:02,7446.75,62,61,0,0
80,2026-07-24 09:50:02,7447,73,80,0,0
80,2026-07-24 09:50:02,7447.25,74,89,11,0
80,2026-07-24 09:50:02,7447.5,150,105,0,0
80,2026-07-24 09:50:02,7447.75,168,72,0,0
80,2026-07-24 09:50:02,7448,148,172,0,0
80,2026-07-24 09:50:02,7448.25,145,153,0,0
80,2026-07-24 09:50:02,7448.5,189,121,10,0
80,2026-07-24 09:50:02,7448.75,301,258,0,0
80,2026-07-24 09:50:02,7449,189,261,0,20
80,2026-07-24 09:50:02,7449.25,141,195,10,29
80,2026-07-24 09:50:02,7449.5,194,211,0,10
80,2026-07-24 09:50:02,7449.75,199,254,40,10
80,2026-07-24 09:50:02,7450,149,163,0,21
80,2026-07-24 09:50:02,7450.25,109,130,13,0
80,2026-07-24 09:50:02,7450.5,81,147,0,0
80,2026-07-24 09:50:02,7450.75,64,92,0,0
80,2026-07-24 09:50:02,7451,49,83,0,0
80,2026-07-24 09:50:02,7451.25,47,64,0,0
80,2026-07-24 09:50:02,7451.5,37,71,0,10
80,2026-07-24 09:50:02,7451.75,7,62,0,21
80,2026-07-24 09:50:02,7452,0,8,0,0
81,2026-07-24 09:51:53,7451.75,101,118,13,0
81,2026-07-24 09:51:53,7451.5,153,198,0,0
81,2026-07-24 09:51:53,7451.25,214,173,0,0
81,2026-07-24 09:51:53,7451,196,149,0,0
81,2026-07-24 09:51:53,7450.75,289,252,0,0
81,2026-07-24 09:51:53,7450.5,358,225,0,10
81,2026-07-24 09:51:53,7450.25,231,199,0,22
81,2026-07-24 09:51:53,7450,170,143,0,0
81,2026-07-24 09:51:53,7449.75,108,124,0,0
81,2026-07-24 09:51:53,7449.5,191,151,0,10
81,2026-07-24 09:51:53,7449.25,149,67,12,0
81,2026-07-24 09:51:53,7449,19,16,0,0
81,2026-07-24 09:51:53,7448.75,71,50,0,0
81,2026-07-24 09:51:53,7448.5,98,73,11,0
81,2026-07-24 09:51:53,7448.25,135,118,0,0
81,2026-07-24 09:51:53,7448,170,94,0,0
81,2026-07-24 09:51:53,7447.75,108,89,0,0
81,2026-07-24 09:51:53,7447.5,126,65,0,0
81,2026-07-24 09:51:53,7447.25,88,74,0,0
81,2026-07-24 09:51:53,7447,44,59,0,0
81,2026-07-24 09:51:53,7446.75,50,26,0,0
81,2026-07-24 09:51:53,7446.5,35,35,0,0
81,2026-07-24 09:51:53,7446.25,51,55,0,0
81,2026-07-24 09:51:53,7446,115,71,0,0
81,2026-07-24 09:51:53,7445.75,149,132,0,0
81,2026-07-24 09:51:53,7445.5,86,47,0,0
81,2026-07-24 09:51:53,7445.25,67,37,0,0
81,2026-07-24 09:51:53,7445,34,0,0,0
81,2026-07-24 09:51:53,7444.75,10,0,0,0
81,2026-07-24 09:51:53,7452,20,24,0,0
82,2026-07-24 09:54:06,7450,64,39,0,0
82,2026-07-24 09:54:06,7449.75,97,164,0,23
82,2026-07-24 09:54:06,7449.5,79,73,0,0
82,2026-07-24 09:54:06,7449.25,133,102,0,0
82,2026-07-24 09:54:06,7449,92,131,0,0
82,2026-07-24 09:54:06,7448.75,120,88,0,0
82,2026-07-24 09:54:06,7448.5,87,59,0,0
82,2026-07-24 09:54:06,7448.25,60,79,0,0
82,2026-07-24 09:54:06,7448,167,122,0,0
82,2026-07-24 09:54:06,7447.75,191,140,10,0
82,2026-07-24 09:54:06,7447.5,93,18,0,0
82,2026-07-24 09:54:06,7447.25,20,14,0,0
82,2026-07-24 09:54:06,7447,31,50,0,0
82,2026-07-24 09:54:06,7446.75,110,83,0,0
82,2026-07-24 09:54:06,7446.5,47,27,0,0
82,2026-07-24 09:54:06,7446.25,50,37,0,0
82,2026-07-24 09:54:06,7446,58,47,0,0
82,2026-07-24 09:54:06,7445.75,49,25,0,0
82,2026-07-24 09:54:06,7450.25,16,62,0,0
82,2026-07-24 09:54:06,7450.5,21,11,0,0
82,2026-07-24 09:54:06,7450.75,32,29,0,0
82,2026-07-24 09:54:06,7451,56,56,0,0
82,2026-07-24 09:54:06,7451.25,65,60,0,0
82,2026-07-24 09:54:06,7451.5,132,170,0,0
82,2026-07-24 09:54:06,7451.75,104,114,10,0
82,2026-07-24 09:54:06,7452,201,153,0,10
82,2026-07-24 09:54:06,7452.25,160,107,0,0
82,2026-07-24 09:54:06,7452.5,384,283,0,0
82,2026-07-24 09:54:06,7452.75,423,439,0,0
82,2026-07-24 09:54:06,7453,204,307,13,0
82,2026-07-24 09:54:06,7453.25,9,56,0,0
83,2026-07-24 09:56:22,7451.75,91,66,0,0
83,2026-07-24 09:56:22,7452,63,113,0,10
83,2026-07-24 09:56:22,7452.25,64,59,0,0
83,2026-07-24 09:56:22,7452.5,69,53,10,0
83,2026-07-24 09:56:22,7452.75,44,62,0,0
83,2026-07-24 09:56:22,7453,72,54,0,0
83,2026-07-24 09:56:22,7453.25,122,129,0,0
83,2026-07-24 09:56:22,7453.5,87,50,0,0
83,2026-07-24 09:56:22,7451.5,17,5,0,0
83,2026-07-24 09:56:22,7453.75,115,122,0,0
83,2026-07-24 09:56:22,7454,126,144,0,0
83,2026-07-24 09:56:22,7454.25,41,39,0,0
83,2026-07-24 09:56:22,7454.5,11,82,0,0
83,2026-07-24 09:56:22,7454.75,0,46,0,18
83,2026-07-24 09:56:22,7455,49,88,0,25
83,2026-07-24 09:56:22,7455.25,61,101,0,16
83,2026-07-24 09:56:22,7455.5,50,82,0,0
83,2026-07-24 09:56:22,7455.75,40,55,0,0
83,2026-07-24 09:56:22,7456,59,89,0,0
83,2026-07-24 09:56:22,7456.25,160,120,0,0
83,2026-07-24 09:56:22,7456.5,79,65,11,0
83,2026-07-24 09:56:22,7456.75,222,217,0,0
83,2026-07-24 09:56:22,7457,31,158,0,34
83,2026-07-24 09:56:22,7457.25,0,13,0,0
83,2026-07-24 09:56:22,7457.5,6,46,0,12
83,2026-07-24 09:56:22,7457.75,50,48,0,0
83,2026-07-24 09:56:22,7458,162,92,0,0
83,2026-07-24 09:56:22,7458.25,151,195,0,0
83,2026-07-24 09:56:22,7458.5,172,201,10,0
83,2026-07-24 09:56:22,7458.75,300,284,72,0
83,2026-07-24 09:56:22,7459,195,192,12,0
83,2026-07-24 09:56:22,7459.25,180,139,0,0
83,2026-07-24 09:56:22,7459.5,73,139,0,20
83,2026-07-24 09:56:22,7459.75,40,64,0,0
83,2026-07-24 09:56:22,7460,18,68,0,0
84,2026-07-24 09:57:50,7459.75,173,83,0,0
84,2026-07-24 09:57:50,7459.5,116,66,0,10
84,2026-07-24 09:57:50,7459.25,140,69,0,0
84,2026-07-24 09:57:50,7459,119,119,0,0
84,2026-07-24 09:57:50,7458.75,207,185,11,10
84,2026-07-24 09:57:50,7458.5,238,113,0,17
84,2026-07-24 09:57:50,7458.25,151,209,0,24
84,2026-07-24 09:57:50,7458,209,147,16,0
84,2026-07-24 09:57:50,7457.75,172,185,0,44
84,2026-07-24 09:57:50,7457.5,51,71,0,0
84,2026-07-24 09:57:50,7457.25,83,13,20,0
84,2026-07-24 09:57:50,7460,171,136,11,0
84,2026-07-24 09:57:50,7460.25,119,139,0,0
84,2026-07-24 09:57:50,7460.5,40,118,0,25
84,2026-07-24 09:57:50,7460.75,0,19,0,0
84,2026-07-24 09:57:50,7461,3,55,0,18
84,2026-07-24 09:57:50,7461.25,38,37,0,0
84,2026-07-24 09:57:50,7461.5,66,109,0,10
84,2026-07-24 09:57:50,7461.75,174,139,12,0
84,2026-07-24 09:57:50,7462,139,208,0,25
84,2026-07-24 09:57:50,7462.25,14,28,0,0
84,2026-07-24 09:57:50,7462.5,25,25,0,14
84,2026-07-24 09:57:50,7462.75,183,145,10,0
84,2026-07-24 09:57:50,7463,33,121,0,23
84,2026-07-24 09:57:50,7463.25,115,119,0,0
84,2026-07-24 09:57:50,7463.5,68,176,0,0
84,2026-07-24 09:57:50,7463.75,48,53,0,0
84,2026-07-24 09:57:50,7464,72,81,0,0
84,2026-07-24 09:57:50,7464.25,13,39,0,0
84,2026-07-24 09:57:50,7464.5,28,16,0,0
84,2026-07-24 09:57:50,7464.75,58,88,0,0
84,2026-07-24 09:57:50,7465,1,197,0,120
84,2026-07-24 09:57:50,7465.25,0,30,0,0
84,2026-07-24 09:57:50,7465.5,0,53,0,0
84,2026-07-24 09:57:50,7465.75,0,30,0,0
84,2026-07-24 09:57:50,7466,0,12,0,0
85,2026-07-24 09:59:05,7466,38,113,0,20
85,2026-07-24 09:59:05,7466.25,0,37,0,0
85,2026-07-24 09:59:05,7466.5,0,8,0,0
85,2026-07-24 09:59:05,7465.75,87,147,0,50
85,2026-07-24 09:59:05,7465.5,218,214,0,35
85,2026-07-24 09:59:05,7465.25,389,250,10,12
85,2026-07-24 09:59:05,7465,243,251,10,16
85,2026-07-24 09:59:05,7464.75,584,644,12,26
85,2026-07-24 09:59:05,7464.5,708,703,87,85
85,2026-07-24 09:59:05,7464.25,260,212,20,47
85,2026-07-24 09:59:05,7464,230,204,15,0
85,2026-07-24 09:59:05,7463.75,366,193,121,16
85,2026-07-24 09:59:05,7463.5,261,76,15,0
85,2026-07-24 09:59:05,7463.25,37,0,0,0
85,2026-07-24 09:59:05,7463,26,0,0,0
86,2026-07-24 10:00:02,7463,249,266,36,0
86,2026-07-24 10:00:02,7463.25,232,179,0,0
86,2026-07-24 10:00:02,7463.5,234,340,0,101
86,2026-07-24 10:00:02,7463.75,256,250,0,15
86,2026-07-24 10:00:02,7464,78,140,0,0
86,2026-07-24 10:00:02,7464.25,51,77,0,0
86,2026-07-24 10:00:02,7464.5,36,69,0,0
86,2026-07-24 10:00:02,7462.75,161,177,0,0
86,2026-07-24 10:00:02,7462.5,151,80,0,0
86,2026-07-24 10:00:02,7462.25,80,47,0,0
86,2026-07-24 10:00:02,7464.75,75,81,0,0
86,2026-07-24 10:00:02,7465,57,81,0,0
86,2026-07-24 10:00:02,7465.25,172,231,0,47
86,2026-07-24 10:00:02,7465.5,127,216,0,0
86,2026-07-24 10:00:02,7465.75,109,135,0,0
86,2026-07-24 10:00:02,7466,109,170,0,0
86,2026-07-24 10:00:02,7466.25,92,229,0,41
86,2026-07-24 10:00:02,7466.5,30,63,0,0
86,2026-07-24 10:00:02,7466.75,30,47,0,0
86,2026-07-24 10:00:02,7467,1,74,0,21
86,2026-07-24 10:00:02,7467.25,23,36,0,0
86,2026-07-24 10:00:02,7467.5,147,114,0,10
86,2026-07-24 10:00:02,7467.75,85,138,0,0
86,2026-07-24 10:00:02,7468,70,119,0,17
86,2026-07-24 10:00:02,7468.25,99,168,0,30
86,2026-07-24 10:00:02,7468.5,45,90,0,15
86,2026-07-24 10:00:02,7468.75,36,48,0,18
87,2026-07-24 10:01:04,7467.5,6,6,0,0
87,2026-07-24 10:01:04,7467.25,41,43,0,0
87,2026-07-24 10:01:04,7467,87,93,0,0
87,2026-07-24 10:01:04,7466.75,167,204,0,0
87,2026-07-24 10:01:04,7466.5,214,240,0,0
87,2026-07-24 10:01:04,7466.25,184,192,0,0
87,2026-07-24 10:01:04,7466,201,139,10,0
87,2026-07-24 10:01:04,7465.75,131,118,0,0
87,2026-07-24 10:01:04,7465.5,201,216,0,14
87,2026-07-24 10:01:04,7465.25,130,69,0,0
87,2026-07-24 10:01:04,7465,34,1,0,0
87,2026-07-24 10:01:04,7464.75,22,16,0,0
87,2026-07-24 10:01:04,7464.5,46,62,0,0
87,2026-07-24 10:01:04,7464.25,69,81,0,0
87,2026-07-24 10:01:04,7464,117,122,0,0
87,2026-07-24 10:01:04,7463.75,188,164,0,0
87,2026-07-24 10:01:04,7463.5,228,197,0,0
87,2026-07-24 10:01:04,7463.25,254,339,0,50
87,2026-07-24 10:01:04,7463,427,333,0,0
87,2026-07-24 10:01:04,7462.75,212,114,0,0
87,2026-07-24 10:01:04,7462.5,155,142,0,0
87,2026-07-24 10:01:04,7462.25,136,118,0,10
87,2026-07-24 10:01:04,7462,73,41,0,0
87,2026-07-24 10:01:04,7461.75,76,44,0,0
87,2026-07-24 10:01:04,7461.5,8,0,0,0
88,2026-07-24 10:02:41,7463.75,357,187,0,0
88,2026-07-24 10:02:41,7464,287,232,10,0
88,2026-07-24 10:02:41,7464.25,178,121,0,15
88,2026-07-24 10:02:41,7464.5,147,141,0,0
88,2026-07-24 10:02:41,7464.75,52,29,0,0
88,2026-07-24 10:02:41,7463.5,180,211,0,0
88,2026-07-24 10:02:41,7463.25,321,202,15,0
88,2026-07-24 10:02:41,7463,263,168,0,0
88,2026-07-24 10:02:41,7462.75,239,235,10,0
88,2026-07-24 10:02:41,7462.5,336,340,0,0
88,2026-07-24 10:02:41,7462.25,452,314,0,0
88,2026-07-24 10:02:41,7462,391,294,0,33
88,2026-07-24 10:02:41,7461.75,291,211,0,0
88,2026-07-24 10:02:41,7465,0,37,0,15
88,2026-07-24 10:02:41,7461.5,100,66,0,0
88,2026-07-24 10:02:41,7461.25,91,22,36,0
88,2026-07-24 10:02:41,7461,5,0,0,0
89,2026-07-24 10:04:59,7461.5,153,167,0,0
89,2026-07-24 10:04:59,7461.75,99,90,0,0
89,2026-07-24 10:04:59,7461.25,84,21,0,0
89,2026-07-24 10:04:59,7461,66,1,0,0
89,2026-07-24 10:04:59,7462,258,104,46,0
89,2026-07-24 10:04:59,7462.25,358,245,0,0
89,2026-07-24 10:04:59,7462.5,297,318,0,0
89,2026-07-24 10:04:59,7462.75,195,190,0,0
89,2026-07-24 10:04:59,7463,433,316,0,14
89,2026-07-24 10:04:59,7463.25,348,339,0,0
89,2026-07-24 10:04:59,7463.5,158,158,0,0
89,2026-07-24 10:04:59,7463.75,129,137,0,20
89,2026-07-24 10:04:59,7464,48,77,0,0
89,2026-07-24 10:04:59,7464.25,46,46,0,0
89,2026-07-24 10:04:59,7464.5,13,35,0,0
89,2026-07-24 10:04:59,7460.75,52,50,0,0
89,2026-07-24 10:04:59,7460.5,53,13,0,0
89,2026-07-24 10:04:59,7460.25,48,0,0,0
89,2026-07-24 10:04:59,7460,42,2,0,0
89,2026-07-24 10:04:59,7459.75,72,48,0,0
89,2026-07-24 10:04:59,7459.5,56,11,13,0
89,2026-07-24 10:04:59,7459.25,65,70,0,0
89,2026-07-24 10:04:59,7459,91,57,0,0
89,2026-07-24 10:04:59,7458.75,150,139,10,0
89,2026-07-24 10:04:59,7458.5,121,97,0,57
89,2026-07-24 10:04:59,7458.25,49,25,0,0
89,2026-07-24 10:04:59,7458,68,1,25,0
89,2026-07-24 10:04:59,7457.75,57,43,0,0
89,2026-07-24 10:04:59,7457.5,46,21,0,0
89,2026-07-24 10:04:59,7457.25,24,0,0,0
90,2026-07-24 10:07:14,7457.5,15,14,0,0
90,2026-07-24 10:07:14,7457.75,35,54,0,0
90,2026-07-24 10:07:14,7458,2,37,0,10
90,2026-07-24 10:07:14,7458.25,81,88,0,14
90,2026-07-24 10:07:14,7458.5,57,65,0,0
90,2026-07-24 10:07:14,7458.75,18,24,0,0
90,2026-07-24 10:07:14,7459,76,75,0,0
90,2026-07-24 10:07:14,7459.25,112,89,0,0
90,2026-07-24 10:07:14,7459.5,89,108,0,0
90,2026-07-24 10:07:14,7459.75,138,94,0,0
90,2026-07-24 10:07:14,7460,162,121,0,0
90,2026-07-24 10:07:14,7460.25,122,116,0,0
90,2026-07-24 10:07:14,7460.5,37,28,0,0
90,2026-07-24 10:07:14,7460.75,160,128,0,0
90,2026-07-24 10:07:14,7461,318,161,17,0
90,2026-07-24 10:07:14,7461.25,397,333,0,0
90,2026-07-24 10:07:14,7461.5,235,308,0,0
90,2026-07-24 10:07:14,7461.75,138,149,0,0
90,2026-07-24 10:07:14,7462,159,210,0,81
90,2026-07-24 10:07:14,7462.25,153,93,0,0
90,2026-07-24 10:07:14,7462.5,50,61,0,0
90,2026-07-24 10:07:14,7462.75,87,43,0,0
90,2026-07-24 10:07:14,7463,139,126,0,0
90,2026-07-24 10:07:14,7463.25,127,112,0,0
90,2026-07-24 10:07:14,7463.5,33,71,0,0
90,2026-07-24 10:07:14,7463.75,19,19,0,0
90,2026-07-24 10:07:14,7464,16,48,0,0
90,2026-07-24 10:07:14,7464.25,39,56,0,0
90,2026-07-24 10:07:14,7464.5,67,25,0,0
90,2026-07-24 10:07:14,7464.75,75,100,0,0
90,2026-07-24 10:07:14,7465,55,141,0,61
90,2026-07-24 10:07:14,7465.25,79,109,0,0
90,2026-07-24 10:07:14,7465.5,0,4,0,0
91,2026-07-24 10:09:32,7458.75,135,111,0,0
91,2026-07-24 10:09:32,7459,62,98,0,0
91,2026-07-24 10:09:32,7459.25,1,29,0,0
91,2026-07-24 10:09:32,7458.5,101,82,0,0
91,2026-07-24 10:09:32,7458.25,100,103,0,0
91,2026-07-24 10:09:32,7458,78,66,0,0
91,2026-07-24 10:09:32,7457.75,68,85,0,0
91,2026-07-24 10:09:32,7457.5,116,118,0,0
91,2026-07-24 10:09:32,7457.25,143,89,0,0
91,2026-07-24 10:09:32,7457,142,55,24,0
91,2026-07-24 10:09:32,7456.75,123,146,0,0
91,2026-07-24 10:09:32,7456.5,266,266,13,10
91,2026-07-24 10:09:32,7456.25,361,283,0,0
91,2026-07-24 10:09:32,7456,367,219,13,0
91,2026-07-24 10:09:32,7455.75,191,97,0,0
91,2026-07-24 10:09:32,7455.5,61,25,0,0
91,2026-07-24 10:09:32,7455.25,39,55,0,0
91,2026-07-24 10:09:32,7455,94,42,25,0
91,2026-07-24 10:09:32,7454.75,45,13,0,0
91,2026-07-24 10:09:32,7459.5,21,38,0,0
91,2026-07-24 10:09:32,7459.75,83,91,0,0
91,2026-07-24 10:09:32,7460,7,30,0,0
91,2026-07-24 10:09:32,7460.25,5,14,0,0
91,2026-07-24 10:09:32,7460.5,7,19,0,0
91,2026-07-24 10:09:32,7460.75,26,57,0,0
91,2026-07-24 10:09:32,7461,28,44,0,0
91,2026-07-24 10:09:32,7461.25,5,22,0,0
91,2026-07-24 10:09:32,7461.5,17,33,0,0
91,2026-07-24 10:09:32,7461.75,7,17,0,0
91,2026-07-24 10:09:32,7462,15,34,0,0
91,2026-07-24 10:09:32,7462.25,31,68,0,0
91,2026-07-24 10:09:32,7462.5,54,53,0,0
91,2026-07-24 10:09:32,7462.75,21,45,0,0
91,2026-07-24 10:09:32,7463,3,27,0,0
91,2026-07-24 10:09:32,7463.25,0,26,0,0
91,2026-07-24 10:09:32,7463.5,8,31,0,0
91,2026-07-24 10:09:32,7463.75,11,59,0,10
91,2026-07-24 10:09:32,7464,67,74,0,0
91,2026-07-24 10:09:32,7464.25,80,151,0,0
91,2026-07-24 10:09:32,7464.5,60,91,0,10
91,2026-07-24 10:09:32,7464.75,24,50,0,0
91,2026-07-24 10:09:32,7465,111,70,0,0
91,2026-07-24 10:09:32,7465.25,26,42,0,0
91,2026-07-24 10:09:32,7465.5,0,122,0,11
92,2026-07-24 10:10:54,7465.25,41,28,0,0
92,2026-07-24 10:10:54,7465.5,159,141,0,0
92,2026-07-24 10:10:54,7465.75,212,248,0,0
92,2026-07-24 10:10:54,7465,6,12,0,0
92,2026-07-24 10:10:54,7466,208,180,30,0
92,2026-07-24 10:10:54,7466.25,206,237,0,0
92,2026-07-24 10:10:54,7466.5,185,183,0,0
92,2026-07-24 10:10:54,7466.75,232,178,0,0
92,2026-07-24 10:10:54,7467,140,175,0,0
92,2026-07-24 10:10:54,7467.25,65,53,0,0
92,2026-07-24 10:10:54,7467.5,44,81,0,0
92,2026-07-24 10:10:54,7467.75,120,113,0,31
92,2026-07-24 10:10:54,7468,70,73,0,0
92,2026-07-24 10:10:54,7468.25,4,78,0,38
92,2026-07-24 10:10:54,7468.5,27,49,0,0
92,2026-07-24 10:10:54,7468.75,1,83,0,60
92,2026-07-24 10:10:54,7469,8,86,0,15
92,2026-07-24 10:10:54,7469.25,23,90,0,14
92,2026-07-24 10:10:54,7469.5,98,71,18,0
92,2026-07-24 10:10:54,7469.75,20,105,0,19
92,2026-07-24 10:10:54,7470,58,112,0,25
92,2026-07-24 10:10:54,7470.25,57,125,0,0
92,2026-07-24 10:10:54,7470.5,12,54,0,0
92,2026-07-24 10:10:54,7470.75,0,12,0,0
92,2026-07-24 10:10:54,7471,3,36,0,0
92,2026-07-24 10:10:54,7471.25,41,56,0,0
92,2026-07-24 10:10:54,7471.5,54,100,0,0
92,2026-07-24 10:10:54,7471.75,34,112,0,0
92,2026-07-24 10:10:54,7472,91,133,28,0
92,2026-07-24 10:10:54,7472.25,73,66,0,0
92,2026-07-24 10:10:54,7472.5,174,160,0,0
92,2026-07-24 10:10:54,7472.75,70,65,0,0
92,2026-07-24 10:10:54,7473,74,98,0,22
92,2026-07-24 10:10:54,7473.25,68,98,0,0
92,2026-07-24 10:10:54,7473.5,34,126,0,16
92,2026-07-24 10:10:54,7473.75,32,29,0,0
92,2026-07-24 10:10:54,7474,32,72,0,0
92,2026-07-24 10:10:54,7474.25,0,6,0,0
93,2026-07-24 10:11:06,7473.25,222,301,0,10
93,2026-07-24 10:11:06,7473.5,148,199,0,46
93,2026-07-24 10:11:06,7473.75,195,177,0,0
93,2026-07-24 10:11:06,7474,167,230,0,69
93,2026-07-24 10:11:06,7474.25,603,91,230,0
93,2026-07-24 10:11:06,7474.5,294,471,55,36
93,2026-07-24 10:11:06,7474.75,158,213,33,16
93,2026-07-24 10:11:06,7475,105,183,0,28
93,2026-07-24 10:11:06,7475.25,91,259,0,108
93,2026-07-24 10:11:06,7475.5,140,105,31,0
93,2026-07-24 10:11:06,7473,357,395,0,0
93,2026-07-24 10:11:06,7472.75,320,247,20,0
93,2026-07-24 10:11:06,7472.5,159,130,10,0
93,2026-07-24 10:11:06,7472.25,60,29,0,0
93,2026-07-24 10:11:06,7475.75,51,54,0,0
93,2026-07-24 10:11:06,7476,102,82,0,0
93,2026-07-24 10:11:06,7476.25,60,72,0,0
93,2026-07-24 10:11:06,7476.5,14,15,0,0
94,2026-07-24 10:11:23,7475.25,6,16,0,0
94,2026-07-24 10:11:23,7475,23,16,0,0
94,2026-07-24 10:11:23,7474.75,23,6,0,0
94,2026-07-24 10:11:23,7474.5,18,35,0,0
94,2026-07-24 10:11:23,7474.25,127,25,47,0
94,2026-07-24 10:11:23,7474,42,25,0,0
94,2026-07-24 10:11:23,7473.75,32,31,0,0
94,2026-07-24 10:11:23,7473.5,15,0,0,0
94,2026-07-24 10:11:23,7473.25,12,15,0,0
94,2026-07-24 10:11:23,7473,39,39,0,0
94,2026-07-24 10:11:23,7472.75,42,18,0,0
94,2026-07-24 10:11:23,7472.5,31,53,0,0
94,2026-07-24 10:11:23,7472.25,53,57,0,0
94,2026-07-24 10:11:23,7472,50,58,0,0
94,2026-07-24 10:11:23,7471.75,55,35,0,0
94,2026-07-24 10:11:23,7471.5,74,159,0,50
94,2026-07-24 10:11:23,7471.25,123,179,0,34
94,2026-07-24 10:11:23,7471,141,121,0,11
94,2026-07-24 10:11:23,7470.75,109,81,0,0
94,2026-07-24 10:11:23,7470.5,180,228,11,11
94,2026-07-24 10:11:23,7470.25,244,158,50,0
94,2026-07-24 10:11:23,7470,116,104,0,0
94,2026-07-24 10:11:23,7469.75,98,189,0,40
94,2026-07-24 10:11:23,7469.5,139,125,12,11
94,2026-07-24 10:11:23,7469.25,228,224,0,0
94,2026-07-24 10:11:23,7469,323,262,23,10
94,2026-07-24 10:11:23,7468.75,200,177,0,0
94,2026-07-24 10:11:23,7468.5,202,159,0,0
94,2026-07-24 10:11:23,7468.25,158,119,0,0
94,2026-07-24 10:11:23,7468,119,104,0,0
94,2026-07-24 10:11:23,7467.75,58,15,0,0
94,2026-07-24 10:11:23,7467.5,35,58,0,0
94,2026-07-24 10:11:23,7467.25,61,49,0,0
94,2026-07-24 10:11:23,7467,40,40,0,0
94,2026-07-24 10:11:23,7466.75,36,44,0,0
94,2026-07-24 10:11:23,7466.5,25,27,0,0
94,2026-07-24 10:11:23,7466.25,28,44,0,0
94,2026-07-24 10:11:23,7466,25,7,0,0
94,2026-07-24 10:11:23,7465.75,22,19,0,0
94,2026-07-24 10:11:23,7465.5,21,5,0,0
95,2026-07-24 10:12:20,7471,127,182,0,36
95,2026-07-24 10:12:20,7471.25,32,68,0,0
95,2026-07-24 10:12:20,7470.75,175,102,0,0
95,2026-07-24 10:12:20,7470.5,182,234,0,0
95,2026-07-24 10:12:20,7470.25,378,265,24,0
95,2026-07-24 10:12:20,7471.5,51,44,0,0
95,2026-07-24 10:12:20,7471.75,7,28,0,0
95,2026-07-24 10:12:20,7470,288,150,25,0
95,2026-07-24 10:12:20,7469.75,100,116,0,0
95,2026-07-24 10:12:20,7469.5,231,177,36,57
95,2026-07-24 10:12:20,7469.25,152,220,0,51
95,2026-07-24 10:12:20,7469,307,300,0,19
95,2026-07-24 10:12:20,7468.75,250,286,0,71
95,2026-07-24 10:12:20,7468.5,252,176,0,0
95,2026-07-24 10:12:20,7468.25,181,105,0,0
95,2026-07-24 10:12:20,7468,151,183,0,62
95,2026-07-24 10:12:20,7467.75,164,166,0,0
95,2026-07-24 10:12:20,7467.5,226,151,0,0
95,2026-07-24 10:12:20,7467.25,125,76,0,0
95,2026-07-24 10:12:20,7467,64,13,0,0
95,2026-07-24 10:12:20,7466.75,15,0,0,0
96,2026-07-24 10:14:08,7471.5,142,82,40,0
96,2026-07-24 10:14:08,7471.25,63,36,0,0
96,2026-07-24 10:14:08,7471.75,50,74,0,38
96,2026-07-24 10:14:08,7472,129,106,0,0
96,2026-07-24 10:14:08,7472.25,43,70,0,0
96,2026-07-24 10:14:08,7472.5,0,92,0,35
96,2026-07-24 10:14:08,7471,4,0,0,0
96,2026-07-24 10:14:08,7472.75,36,12,0,0
96,2026-07-24 10:14:08,7473,0,58,0,10
96,2026-07-24 10:14:08,7473.25,8,8,0,0
96,2026-07-24 10:14:08,7473.5,5,23,0,0
96,2026-07-24 10:14:08,7473.75,93,139,0,50
96,2026-07-24 10:14:08,7474,50,242,0,88
96,2026-07-24 10:14:08,7474.25,0,57,0,0
96,2026-07-24 10:14:08,7474.5,10,57,0,0
96,2026-07-24 10:14:08,7474.75,84,169,0,50
96,2026-07-24 10:14:08,7475,141,294,0,74
96,2026-07-24 10:14:08,7475.25,42,101,0,0
96,2026-07-24 10:14:08,7475.5,32,42,0,0
96,2026-07-24 10:14:08,7475.75,82,50,0,0
96,2026-07-24 10:14:08,7476,41,132,0,37
96,2026-07-24 10:14:08,7476.25,83,190,0,103
96,2026-07-24 10:14:08,7476.5,24,84,0,23
96,2026-07-24 10:14:08,7476.75,26,17,0,0
96,2026-07-24 10:14:08,7477,7,71,0,30
96,2026-07-24 10:14:08,7477.25,139,124,0,0
96,2026-07-24 10:14:08,7477.5,118,122,23,16
96,2026-07-24 10:14:08,7477.75,60,57,0,0
96,2026-07-24 10:14:08,7478,58,57,0,10
96,2026-07-24 10:14:08,7478.25,71,80,0,0
96,2026-07-24 10:14:08,7478.5,155,194,0,10
96,2026-07-24 10:14:08,7478.75,204,230,40,37
96,2026-07-24 10:14:08,7479,149,275,10,46
96,2026-07-24 10:14:08,7479.25,149,171,0,0
96,2026-07-24 10:14:08,7479.5,169,149,0,0
96,2026-07-24 10:14:08,7479.75,78,91,0,0
96,2026-07-24 10:14:08,7480,26,107,0,27
96,2026-07-24 10:14:08,7480.25,5,29,0,11
96,2026-07-24 10:14:08,7480.5,5,29,0,0
97,2026-07-24 10:14:51,7480.5,125,232,0,51
97,2026-07-24 10:14:51,7480.75,206,172,0,13
97,2026-07-24 10:14:51,7481,163,324,0,41
97,2026-07-24 10:14:51,7481.25,117,177,0,0
97,2026-07-24 10:14:51,7480.25,137,214,0,66
97,2026-07-24 10:14:51,7480,121,166,0,47
97,2026-07-24 10:14:51,7479.75,104,66,28,0
97,2026-07-24 10:14:51,7479.5,36,79,0,10
97,2026-07-24 10:14:51,7479.25,63,88,0,0
97,2026-07-24 10:14:51,7479,46,53,0,0
97,2026-07-24 10:14:51,7478.75,28,35,0,0
97,2026-07-24 10:14:51,7478.5,77,41,20,0
97,2026-07-24 10:14:51,7478.25,24,34,0,0
97,2026-07-24 10:14:51,7478,25,53,0,0
97,2026-07-24 10:14:51,7477.75,65,102,0,0
97,2026-07-24 10:14:51,7477.5,96,135,0,0
97,2026-07-24 10:14:51,7477.25,92,148,0,34
97,2026-07-24 10:14:51,7477,149,72,10,0
97,2026-07-24 10:14:51,7476.75,121,79,0,15
97,2026-07-24 10:14:51,7476.5,64,34,0,0
97,2026-07-24 10:14:51,7476.25,13,8,0,0
97,2026-07-24 10:14:51,7476,2,0,0,0
97,2026-07-24 10:14:51,7481.5,110,163,0,0
97,2026-07-24 10:14:51,7481.75,44,90,0,0
97,2026-07-24 10:14:51,7482,69,98,0,18
97,2026-07-24 10:14:51,7482.25,65,73,0,0
97,2026-07-24 10:14:51,7482.5,85,73,0,0
97,2026-07-24 10:14:51,7482.75,42,67,0,0
97,2026-07-24 10:14:51,7483,40,64,0,0
97,2026-07-24 10:14:51,7483.25,41,69,0,13
97,2026-07-24 10:14:51,7483.5,29,30,0,0
97,2026-07-24 10:14:51,7483.75,46,38,0,0
97,2026-07-24 10:14:51,7484,42,74,10,0
97,2026-07-24 10:14:51,7484.25,31,71,0,0
97,2026-07-24 10:14:51,7484.5,32,55,0,0
97,2026-07-24 10:14:51,7484.75,42,47,0,0
97,2026-07-24 10:14:51,7485,43,72,0,0
97,2026-07-24 10:14:51,7485.25,24,43,0,0
97,2026-07-24 10:14:51,7485.5,9,30,0,0
97,2026-07-24 10:14:51,7485.75,32,20,0,0
97,2026-07-24 10:14:51,7486,34,132,0,55
97,2026-07-24 10:14:51,7486.25,21,38,0,0
97,2026-07-24 10:14:51,7486.5,30,52,0,0
97,2026-07-24 10:14:51,7486.75,0,3,0,0
98,2026-07-24 10:15:20,7480.5,25,56,0,0
98,2026-07-24 10:15:20,7480.25,13,37,0,0
98,2026-07-24 10:15:20,7480,23,14,0,0
98,2026-07-24 10:15:20,7480.75,2,27,0,0
98,2026-07-24 10:15:20,7481,0,29,0,0
98,2026-07-24 10:15:20,7481.25,8,8,0,0
98,2026-07-24 10:15:20,7481.5,25,15,0,0
98,2026-07-24 10:15:20,7481.75,47,73,0,0
98,2026-07-24 10:15:20,7482,61,85,0,0
98,2026-07-24 10:15:20,7482.25,11,39,0,0
98,2026-07-24 10:15:20,7482.5,7,9,0,0
98,2026-07-24 10:15:20,7482.75,49,23,10,0
98,2026-07-24 10:15:20,7483,16,37,0,23
98,2026-07-24 10:15:20,7483.25,33,24,0,0
98,2026-07-24 10:15:20,7483.5,12,20,0,0
98,2026-07-24 10:15:20,7483.75,60,17,0,0
98,2026-07-24 10:15:20,7484,81,63,0,0
98,2026-07-24 10:15:20,7484.25,137,147,0,0
98,2026-07-24 10:15:20,7484.5,147,137,0,0
98,2026-07-24 10:15:20,7484.75,58,102,0,0
98,2026-07-24 10:15:20,7485,56,109,0,0
98,2026-07-24 10:15:20,7485.25,16,59,0,0
98,2026-07-24 10:15:20,7485.5,163,85,12,0
98,2026-07-24 10:15:20,7485.75,245,196,71,35
98,2026-07-24 10:15:20,7486,183,208,0,22
98,2026-07-24 10:15:20,7486.25,125,147,0,0
98,2026-07-24 10:15:20,7486.5,139,104,0,0
98,2026-07-24 10:15:20,7486.75,115,180,0,0
98,2026-07-24 10:15:20,7487,96,185,0,35
98,2026-07-24 10:15:20,7487.25,136,195,0,0
98,2026-07-24 10:15:20,7487.5,116,136,0,0
98,2026-07-24 10:15:20,7487.75,88,429,0,323
98,2026-07-24 10:15:20,7488,61,164,0,42
98,2026-07-24 10:15:20,7488.25,105,90,0,0
98,2026-07-24 10:15:20,7488.5,173,95,0,26
98,2026-07-24 10:15:20,7488.75,141,134,0,0
98,2026-07-24 10:15:20,7489,64,83,0,0
98,2026-07-24 10:15:20,7489.25,42,52,0,0
98,2026-07-24 10:15:20,7489.5,0,9,0,0
99,2026-07-24 10:15:59,7487.75,105,135,0,0
99,2026-07-24 10:15:59,7487.5,212,92,101,0
99,2026-07-24 10:15:59,7487.25,65,52,12,0
99,2026-07-24 10:15:59,7487,54,95,10,0
99,2026-07-24 10:15:59,7486.75,62,4,0,0
99,2026-07-24 10:15:59,7486.5,18,25,0,0
99,2026-07-24 10:15:59,7486.25,61,68,0,0
99,2026-07-24 10:15:59,7488,40,56,10,20
99,2026-07-24 10:15:59,7488.25,46,31,0,0
99,2026-07-24 10:15:59,7488.5,71,114,0,28
99,2026-07-24 10:15:59,7488.75,24,91,0,44
99,2026-07-24 10:15:59,7489,69,34,0,0
99,2026-07-24 10:15:59,7489.25,76,118,0,43
99,2026-07-24 10:15:59,7489.5,0,20,0,0
99,2026-07-24 10:15:59,7486,27,10,0,0
99,2026-07-24 10:15:59,7485.75,29,17,0,0
99,2026-07-24 10:15:59,7485.5,48,22,0,0
99,2026-07-24 10:15:59,7485.25,30,18,0,0
99,2026-07-24 10:15:59,7485,46,29,0,0
99,2026-07-24 10:15:59,7484.75,40,32,0,0
99,2026-07-24 10:15:59,7484.5,47,62,0,0
99,2026-07-24 10:15:59,7484.25,162,194,20,21
99,2026-07-24 10:15:59,7484,244,272,12,20
99,2026-07-24 10:15:59,7483.75,251,148,0,10
99,2026-07-24 10:15:59,7483.5,355,348,47,96
99,2026-07-24 10:15:59,7483.25,368,211,0,0
99,2026-07-24 10:15:59,7483,227,101,0,0
99,2026-07-24 10:15:59,7482.75,124,87,15,0
99,2026-07-24 10:15:59,7482.5,161,125,0,0
99,2026-07-24 10:15:59,7482.25,112,68,10,0
99,2026-07-24 10:15:59,7482,107,100,0,0
99,2026-07-24 10:15:59,7481.75,80,85,0,32
99,2026-07-24 10:15:59,7481.5,77,48,10,0
99,2026-07-24 10:15:59,7481.25,54,30,0,0
99,2026-07-24 10:15:59,7481,59,3,0,0
100,2026-07-24 10:17:06,7482.5,57,35,0,0
100,2026-07-24 10:17:06,7482.75,128,111,0,0
100,2026-07-24 10:17:06,7483,167,127,10,0
100,2026-07-24 10:17:06,7483.25,40,105,0,0
100,2026-07-24 10:17:06,7482.25,42,28,0,0
100,2026-07-24 10:17:06,7482,27,51,0,0
100,2026-07-24 10:17:06,7481.75,90,94,0,0
100,2026-07-24 10:17:06,7481.5,196,235,0,0
100,2026-07-24 10:17:06,7481.25,239,262,0,56
100,2026-07-24 10:17:06,7481,217,356,0,10
100,2026-07-24 10:17:06,7480.75,251,178,0,77
100,2026-07-24 10:17:06,7480.5,214,211,0,0
100,2026-07-24 10:17:06,7483.5,44,75,10,41
100,2026-07-24 10:17:06,7483.75,10,20,0,0
100,2026-07-24 10:17:06,7484,0,3,0,0
100,2026-07-24 10:17:06,7480.25,234,129,12,0
100,2026-07-24 10:17:06,7480,174,100,10,0
100,2026-07-24 10:17:06,7479.75,111,56,10,0
100,2026-07-24 10:17:06,7479.5,59,85,0,0
100,2026-07-24 10:17:06,7479.25,140,119,0,0
100,2026-07-24 10:17:06,7479,181,60,0,0
100,2026-07-24 10:17:06,7478.75,163,105,0,0
100,2026-07-24 10:17:06,7478.5,242,219,0,93
100,2026-07-24 10:17:06,7478.25,187,73,0,0
100,2026-07-24 10:17:06,7478,264,40,146,0
100,2026-07-24 10:17:06,7477.75,32,15,0,0
100,2026-07-24 10:17:06,7477.5,44,10,0,0
100,2026-07-24 10:17:06,7477.25,40,7,0,0
100,2026-07-24 10:17:06,7477,2,0,0,0
101,2026-07-24 10:18:24,7477.25,156,108,0,0
101,2026-07-24 10:18:24,7477.5,76,100,0,38
101,2026-07-24 10:18:24,7477,182,119,34,40
101,2026-07-24 10:18:24,7476.75,105,66,10,0
101,2026-07-24 10:18:24,7476.5,212,252,0,25
101,2026-07-24 10:18:24,7476.25,259,153,10,0
101,2026-07-24 10:18:24,7476,221,123,0,0
101,2026-07-24 10:18:24,7475.75,189,93,0,0
101,2026-07-24 10:18:24,7475.5,142,107,30,34
101,2026-07-24 10:18:24,7477.75,121,77,0,0
101,2026-07-24 10:18:24,7478,139,188,0,50
101,2026-07-24 10:18:24,7478.25,132,142,0,0
101,2026-07-24 10:18:24,7478.5,57,102,0,0
101,2026-07-24 10:18:24,7475.25,64,25,0,0
101,2026-07-24 10:18:24,7475,125,60,20,0
101,2026-07-24 10:18:24,7478.75,47,38,0,0
101,2026-07-24 10:18:24,7479,24,61,0,0
101,2026-07-24 10:18:24,7479.25,0,29,0,0
101,2026-07-24 10:18:24,7479.5,0,26,0,0
101,2026-07-24 10:18:24,7474.75,33,26,0,0
101,2026-07-24 10:18:24,7474.5,95,116,15,10
101,2026-07-24 10:18:24,7474.25,176,200,0,0
101,2026-07-24 10:18:24,7474,237,140,0,0
101,2026-07-24 10:18:24,7473.75,118,61,0,0
101,2026-07-24 10:18:24,7473.5,114,56,0,0
101,2026-07-24 10:18:24,7473.25,172,131,0,0
101,2026-07-24 10:18:24,7473,218,89,0,0
101,2026-07-24 10:18:24,7472.75,137,19,14,0
101,2026-07-24 10:18:24,7472.5,60,11,0,10
101,2026-07-24 10:18:24,7472.25,168,0,132,0
102,2026-07-24 10:20:05,7475.5,31,76,0,47
102,2026-07-24 10:20:05,7475.25,14,1,0,0
102,2026-07-24 10:20:05,7475.75,30,21,0,0
102,2026-07-24 10:20:05,7476,12,76,0,22
102,2026-07-24 10:20:05,7476.25,35,14,0,0
102,2026-07-24 10:20:05,7476.5,36,26,0,0
102,2026-07-24 10:20:05,7476.75,13,95,0,41
102,2026-07-24 10:20:05,7477,66,46,0,0
102,2026-07-24 10:20:05,7477.25,68,91,0,37
102,2026-07-24 10:20:05,7477.5,46,63,0,10
102,2026-07-24 10:20:05,7477.75,27,52,0,0
102,2026-07-24 10:20:05,7478,16,20,0,0
102,2026-07-24 10:20:05,7478.25,29,58,0,0
102,2026-07-24 10:20:05,7478.5,51,76,0,0
102,2026-07-24 10:20:05,7478.75,111,110,0,0
102,2026-07-24 10:20:05,7479,185,131,63,16
102,2026-07-24 10:20:05,7479.25,72,121,0,42
102,2026-07-24 10:20:05,7479.5,50,78,0,10
102,2026-07-24 10:20:05,7479.75,53,76,0,38
102,2026-07-24 10:20:05,7480,114,127,0,0
102,2026-07-24 10:20:05,7480.25,138,56,0,0
102,2026-07-24 10:20:05,7480.5,195,205,0,46
102,2026-07-24 10:20:05,7480.75,263,229,0,10
102,2026-07-24 10:20:05,7481,389,394,0,61
102,2026-07-24 10:20:05,7481.25,310,360,12,0
102,2026-07-24 10:20:05,7481.5,276,283,28,25
102,2026-07-24 10:20:05,7481.75,222,267,0,46
102,2026-07-24 10:20:05,7482,123,180,0,0
102,2026-07-24 10:20:05,7482.25,25,150,0,42
102,2026-07-24 10:20:05,7482.5,6,14,0,0
102,2026-07-24 10:20:05,7482.75,0,1,0,0
103,2026-07-24 10:21:42,7480.75,217,116,0,0
103,2026-07-24 10:21:42,7480.5,54,46,0,0
103,2026-07-24 10:21:42,7481,311,183,34,0
103,2026-07-24 10:21:42,7480.25,9,0,0,0
103,2026-07-24 10:21:42,7481.25,218,175,0,17
103,2026-07-24 10:21:42,7481.5,168,189,0,0
103,2026-07-24 10:21:42,7481.75,108,82,0,0
103,2026-07-24 10:21:42,7482,128,136,0,0
103,2026-07-24 10:21:42,7482.25,64,117,0,0
103,2026-07-24 10:21:42,7482.5,75,52,0,0
103,2026-07-24 10:21:42,7482.75,187,176,0,54
103,2026-07-24 10:21:42,7483,208,173,0,0
103,2026-07-24 10:21:42,7483.25,54,72,0,12
103,2026-07-24 10:21:42,7483.5,18,29,0,0
103,2026-07-24 10:21:42,7483.75,59,39,0,0
103,2026-07-24 10:21:42,7484,103,162,0,47
103,2026-07-24 10:21:42,7484.25,187,142,0,0
103,2026-07-24 10:21:42,7484.5,416,456,0,0
103,2026-07-24 10:21:42,7484.75,309,291,10,0
103,2026-07-24 10:21:42,7485,234,270,44,85
103,2026-07-24 10:21:42,7485.25,139,85,0,0
103,2026-07-24 10:21:42,7485.5,35,130,0,43
103,2026-07-24 10:21:42,7485.75,40,34,0,0
103,2026-07-24 10:21:42,7486,0,4,0,0
104,2026-07-24 10:24:06,7484.25,270,214,0,0
104,2026-07-24 10:24:06,7484,232,225,10,0
104,2026-07-24 10:24:06,7483.75,175,156,0,27
104,2026-07-24 10:24:06,7484.5,251,248,0,12
104,2026-07-24 10:24:06,7483.5,283,188,24,10
104,2026-07-24 10:24:06,7483.25,178,142,0,0
104,2026-07-24 10:24:06,7483,116,110,0,0
104,2026-07-24 10:24:06,7482.75,118,89,0,0
104,2026-07-24 10:24:06,7482.5,16,2,0,0
104,2026-07-24 10:24:06,7484.75,351,251,11,0
104,2026-07-24 10:24:06,7485,241,257,0,0
104,2026-07-24 10:24:06,7485.25,199,166,10,10
104,2026-07-24 10:24:06,7485.5,176,237,10,0
104,2026-07-24 10:24:06,7485.75,57,99,0,0
104,2026-07-24 10:24:06,7486,78,85,0,18
104,2026-07-24 10:24:06,7486.25,135,116,0,30
104,2026-07-24 10:24:06,7486.5,110,162,0,0
104,2026-07-24 10:24:06,7486.75,151,168,0,0
104,2026-07-24 10:24:06,7487,87,140,0,0
104,2026-07-24 10:24:06,7487.25,61,114,0,0
104,2026-07-24 10:24:06,7487.5,10,36,0,0
105,2026-07-24 10:26:27,7486.75,289,233,28,0
105,2026-07-24 10:26:27,7486.5,319,323,0,0
105,2026-07-24 10:26:27,7486.25,295,215,0,27
105,2026-07-24 10:26:27,7487,151,159,0,0
105,2026-07-24 10:26:27,7487.25,150,121,10,0
105,2026-07-24 10:26:27,7486,113,108,0,0
105,2026-07-24 10:26:27,7485.75,57,85,0,0
105,2026-07-24 10:26:27,7485.5,71,64,0,0
105,2026-07-24 10:26:27,7485.25,62,30,0,0
105,2026-07-24 10:26:27,7485,36,45,0,0
105,2026-07-24 10:26:27,7484.75,6,0,0,0
105,2026-07-24 10:26:27,7487.5,281,230,0,0
105,2026-07-24 10:26:27,7487.75,184,256,0,0
105,2026-07-24 10:26:27,7488,47,90,0,0
105,2026-07-24 10:26:27,7488.25,57,87,0,10
105,2026-07-24 10:26:27,7488.5,45,40,0,0
105,2026-07-24 10:26:27,7488.75,114,58,15,0
105,2026-07-24 10:26:27,7489,31,234,0,108
105,2026-07-24 10:26:27,7489.25,171,123,0,14
105,2026-07-24 10:26:27,7489.5,140,134,0,0
105,2026-07-24 10:26:27,7489.75,298,252,0,10
105,2026-07-24 10:26:27,7490,80,179,0,0
105,2026-07-24 10:26:27,7490.25,65,86,0,19
105,2026-07-24 10:26:27,7490.5,97,67,0,0
105,2026-07-24 10:26:27,7490.75,15,81,0,0
105,2026-07-24 10:26:27,7491,0,26,0,0
106,2026-07-24 10:28:23,7490.5,127,165,0,0
106,2026-07-24 10:28:23,7490.25,240,183,0,0
106,2026-07-24 10:28:23,7490.75,45,65,10,0
106,2026-07-24 10:28:23,7491,0,4,0,0
106,2026-07-24 10:28:23,7490,167,143,0,25
106,2026-07-24 10:28:23,7489.75,93,27,0,0
106,2026-07-24 10:28:23,7489.5,57,59,0,0
106,2026-07-24 10:28:23,7489.25,68,16,13,0
106,2026-07-24 10:28:23,7489,61,34,0,0
106,2026-07-24 10:28:23,7488.75,31,36,0,0
106,2026-07-24 10:28:23,7488.5,29,17,0,0
106,2026-07-24 10:28:23,7488.25,23,13,0,0
106,2026-07-24 10:28:23,7488,82,59,0,0
106,2026-07-24 10:28:23,7487.75,117,152,0,0
106,2026-07-24 10:28:23,7487.5,244,197,0,0
106,2026-07-24 10:28:23,7487.25,67,4,0,0
106,2026-07-24 10:28:23,7487,69,91,0,0
106,2026-07-24 10:28:23,7486.75,235,204,0,0
106,2026-07-24 10:28:23,7486.5,324,254,0,0
106,2026-07-24 10:28:23,7486.25,281,186,0,0
106,2026-07-24 10:28:23,7486,174,152,0,0
106,2026-07-24 10:28:23,7485.75,149,135,0,0
106,2026-07-24 10:28:23,7485.5,114,99,0,0
106,2026-07-24 10:28:23,7485.25,136,125,0,0
106,2026-07-24 10:28:23,7485,250,187,0,0
106,2026-07-24 10:28:23,7484.75,267,196,0,0
106,2026-07-24 10:28:23,7484.5,142,102,0,0
106,2026-07-24 10:28:23,7484.25,3,0,0,0
107,2026-07-24 10:30:00,7484.5,231,268,15,0
107,2026-07-24 10:30:00,7484.25,300,228,10,0
107,2026-07-24 10:30:00,7484,258,195,0,20
107,2026-07-24 10:30:00,7483.75,228,231,0,21
107,2026-07-24 10:30:00,7483.5,201,227,0,0
107,2026-07-24 10:30:00,7483.25,203,96,46,0
107,2026-07-24 10:30:00,7483,68,52,0,0
107,2026-07-24 10:30:00,7482.75,26,5,0,0
107,2026-07-24 10:30:00,7484.75,90,118,0,0
107,2026-07-24 10:30:00,7485,178,107,47,0
107,2026-07-24 10:30:00,7485.25,199,285,10,129
107,2026-07-24 10:30:00,7485.5,160,179,0,0
107,2026-07-24 10:30:00,7485.75,67,95,0,0
107,2026-07-24 10:30:00,7486,86,80,0,0
107,2026-07-24 10:30:00,7486.25,24,78,0,14
107,2026-07-24 10:30:00,7486.5,73,92,0,10
107,2026-07-24 10:30:00,7486.75,116,124,10,0
107,2026-07-24 10:30:00,7487,176,216,0,0
107,2026-07-24 10:30:00,7487.25,111,175,0,0
107,2026-07-24 10:30:00,7487.5,153,142,0,0
107,2026-07-24 10:30:00,7487.75,165,103,12,0
107,2026-07-24 10:30:00,7488,127,110,12,0
107,2026-07-24 10:30:00,7488.25,16,32,0,0
107,2026-07-24 10:30:00,7488.5,0,6,0,0
108,2026-07-24 10:31:53,7487.5,65,120,0,0
108,2026-07-24 10:31:53,7487.25,138,127,0,0
108,2026-07-24 10:31:53,7487,128,132,0,0
108,2026-07-24 10:31:53,7486.75,134,118,0,0
108,2026-07-24 10:31:53,7486.5,21,2,0,0
108,2026-07-24 10:31:53,7486.25,14,14,0,0
108,2026-07-24 10:31:53,7486,23,3,0,0
108,2026-07-24 10:31:53,7485.75,9,1,0,0
108,2026-07-24 10:31:53,7485.5,16,17,0,0
108,2026-07-24 10:31:53,7485.25,21,22,0,0
108,2026-07-24 10:31:53,7485,15,0,0,0
108,2026-07-24 10:31:53,7484.75,26,11,0,0
108,2026-07-24 10:31:53,7484.5,45,102,0,0
108,2026-07-24 10:31:53,7484.25,152,153,0,0
108,2026-07-24 10:31:53,7484,273,254,0,0
108,2026-07-24 10:31:53,7483.75,311,273,10,52
108,2026-07-24 10:31:53,7483.5,236,269,17,10
108,2026-07-24 10:31:53,7483.25,300,238,10,0
108,2026-07-24 10:31:53,7483,207,205,0,0
108,2026-07-24 10:31:53,7482.75,300,297,0,46
108,2026-07-24 10:31:53,7482.5,419,337,15,0
108,2026-07-24 10:31:53,7482.25,202,93,0,0
108,2026-07-24 10:31:53,7482,130,95,0,0
108,2026-07-24 10:31:53,7481.75,182,92,25,0
108,2026-07-24 10:31:53,7481.5,119,39,18,0
109,2026-07-24 10:34:15,7482.5,351,331,0,23
109,2026-07-24 10:34:15,7482.25,170,202,10,0
109,2026-07-24 10:34:15,7482.75,236,340,0,10
109,2026-07-24 10:34:15,7483,91,163,0,0
109,2026-07-24 10:34:15,7482,184,149,10,0
109,2026-07-24 10:34:15,7481.75,123,136,0,0
109,2026-07-24 10:34:15,7481.5,241,168,36,0
109,2026-07-24 10:34:15,7481.25,291,260,21,10
109,2026-07-24 10:34:15,7481,348,226,60,0
109,2026-07-24 10:34:15,7480.75,302,286,61,40
109,2026-07-24 10:34:15,7480.5,228,219,0,0
109,2026-07-24 10:34:15,7480.25,276,156,50,0
109,2026-07-24 10:34:15,7480,200,138,14,0
109,2026-07-24 10:34:15,7479.75,64,31,0,0
109,2026-07-24 10:34:15,7479.5,39,8,0,0
109,2026-07-24 10:34:15,7483.25,58,57,0,0
109,2026-07-24 10:34:15,7483.5,63,121,0,10
109,2026-07-24 10:34:15,7483.75,31,104,0,0
109,2026-07-24 10:34:15,7484,28,61,0,0
109,2026-07-24 10:34:15,7484.25,7,13,0,0
110,2026-07-24 10:36:38,7483.25,71,42,0,0
110,2026-07-24 10:36:38,7483,46,63,0,0
110,2026-07-24 10:36:38,7483.5,101,38,20,0
110,2026-07-24 10:36:38,7483.75,86,69,0,0
110,2026-07-24 10:36:38,7484,103,141,0,0
110,2026-07-24 10:36:38,7484.25,40,60,0,0
110,2026-07-24 10:36:38,7484.5,169,174,0,0
110,2026-07-24 10:36:38,7484.75,371,344,64,0
110,2026-07-24 10:36:38,7485,96,212,0,0
110,2026-07-24 10:36:38,7485.25,62,84,0,0
110,2026-07-24 10:36:38,7485.5,95,114,0,0
110,2026-07-24 10:36:38,7482.75,57,59,0,0
110,2026-07-24 10:36:38,7482.5,73,67,0,0
110,2026-07-24 10:36:38,7482.25,51,36,0,0
110,2026-07-24 10:36:38,7482,37,23,0,0
110,2026-07-24 10:36:38,7481.75,43,20,0,0
110,2026-07-24 10:36:38,7481.5,79,71,0,0
110,2026-07-24 10:36:38,7481.25,143,90,0,0
110,2026-07-24 10:36:38,7481,57,0,0,0
110,2026-07-24 10:36:38,7480.75,30,0,0,0
110,2026-07-24 10:36:38,7485.75,91,93,0,0
110,2026-07-24 10:36:38,7486,178,193,0,0
110,2026-07-24 10:36:38,7486.25,113,202,0,11
110,2026-07-24 10:36:38,7486.5,174,218,0,0
110,2026-07-24 10:36:38,7486.75,111,254,0,0
110,2026-07-24 10:36:38,7487,66,104,0,0
110,2026-07-24 10:36:38,7487.25,24,40,0,0
110,2026-07-24 10:36:38,7487.5,60,84,0,0
110,2026-07-24 10:36:38,7487.75,18,38,0,0
110,2026-07-24 10:36:38,7488,4,17,0,0
110,2026-07-24 10:36:38,7488.25,50,45,0,0
110,2026-07-24 10:36:38,7488.5,69,61,0,0
110,2026-07-24 10:36:38,7488.75,98,132,0,0
110,2026-07-24 10:36:38,7489,10,93,0,0
110,2026-07-24 10:36:38,7489.25,32,48,0,0
110,2026-07-24 10:36:38,7489.5,42,113,0,0
110,2026-07-24 10:36:38,7489.75,0,108,0,71
111,2026-07-24 10:38:59,7489.25,139,120,0,0
111,2026-07-24 10:38:59,7489,48,10,0,0
111,2026-07-24 10:38:59,7489.5,382,291,0,13
111,2026-07-24 10:38:59,7489.75,394,448,10,69
111,2026-07-24 10:38:59,7490,686,402,157,0
111,2026-07-24 10:38:59,7490.25,362,441,0,10
111,2026-07-24 10:38:59,7490.5,351,507,0,10
111,2026-07-24 10:38:59,7490.75,314,234,0,0
111,2026-07-24 10:38:59,7491,177,248,0,18
111,2026-07-24 10:38:59,7491.25,190,244,0,10
111,2026-07-24 10:38:59,7491.5,142,229,0,0
111,2026-07-24 10:38:59,7491.75,27,82,0,0
111,2026-07-24 10:38:59,7492,0,32,0,0
112,2026-07-24 10:41:04,7489.25,79,89,0,0
112,2026-07-24 10:41:04,7489.5,35,46,0,0
112,2026-07-24 10:41:04,7489.75,17,73,0,41
112,2026-07-24 10:41:04,7489,149,102,16,0
112,2026-07-24 10:41:04,7488.75,116,101,0,0
112,2026-07-24 10:41:04,7488.5,89,78,24,0
112,2026-07-24 10:41:04,7488.25,123,79,0,0
112,2026-07-24 10:41:04,7488,103,24,0,0
112,2026-07-24 10:41:04,7487.75,59,9,0,0
112,2026-07-24 10:41:04,7487.5,18,19,0,0
112,2026-07-24 10:41:04,7487.25,77,50,0,16
112,2026-07-24 10:41:04,7487,87,98,0,13
112,2026-07-24 10:41:04,7486.75,176,228,0,0
112,2026-07-24 10:41:04,7486.5,407,392,20,0
112,2026-07-24 10:41:04,7486.25,368,300,0,0
112,2026-07-24 10:41:04,7486,573,422,43,0
112,2026-07-24 10:41:04,7485.75,539,350,0,17
112,2026-07-24 10:41:04,7485.5,269,159,0,0
112,2026-07-24 10:41:04,7485.25,171,109,10,0
112,2026-07-24 10:41:04,7485,92,31,0,0
112,2026-07-24 10:41:04,7484.75,10,1,0,0
112,2026-07-24 10:41:04,7484.5,61,59,0,0
112,2026-07-24 10:41:04,7484.25,32,0,10,0
112,2026-07-24 10:41:04,7484,14,15,0,0
112,2026-07-24 10:41:04,7483.75,2,0,0,0
113,2026-07-24 10:42:23,7484,166,84,29,10
113,2026-07-24 10:42:23,7483.75,36,67,0,0
113,2026-07-24 10:42:23,7483.5,83,85,10,0
113,2026-07-24 10:42:23,7484.25,308,285,107,26
113,2026-07-24 10:42:23,7484.5,290,281,0,0
113,2026-07-24 10:42:23,7483.25,39,30,12,0
113,2026-07-24 10:42:23,7484.75,161,239,0,0
113,2026-07-24 10:42:23,7485,141,111,0,0
113,2026-07-24 10:42:23,7485.25,62,70,0,0
113,2026-07-24 10:42:23,7485.5,53,54,0,0
113,2026-07-24 10:42:23,7485.75,162,118,19,15
113,2026-07-24 10:42:23,7486,184,163,0,0
113,2026-07-24 10:42:23,7486.25,27,62,0,0
113,2026-07-24 10:42:23,7486.5,2,4,0,0
113,2026-07-24 10:42:23,7483,35,64,0,0
113,2026-07-24 10:42:23,7482.75,84,145,0,0
113,2026-07-24 10:42:23,7482.5,109,95,0,0
113,2026-07-24 10:42:23,7482.25,115,159,0,0
113,2026-07-24 10:42:23,7482,170,133,0,0
113,2026-07-24 10:42:23,7481.75,102,96,0,0
113,2026-07-24 10:42:23,7481.5,119,101,0,26
113,2026-07-24 10:42:23,7481.25,122,94,0,0
113,2026-07-24 10:42:23,7481,150,142,0,0
113,2026-07-24 10:42:23,7480.75,106,46,0,0
113,2026-07-24 10:42:23,7480.5,113,67,0,0
113,2026-07-24 10:42:23,7480.25,100,69,0,0
113,2026-07-24 10:42:23,7480,94,258,0,185
113,2026-07-24 10:42:23,7479.75,39,107,0,23
113,2026-07-24 10:42:23,7479.5,82,17,0,0
114,2026-07-24 10:44:26,7483.5,173,259,0,0
114,2026-07-24 10:44:26,7483.25,258,211,0,0
114,2026-07-24 10:44:26,7483,233,234,0,0
114,2026-07-24 10:44:26,7482.75,173,168,0,0
114,2026-07-24 10:44:26,7482.5,178,146,0,0
114,2026-07-24 10:44:26,7482.25,201,103,53,0
114,2026-07-24 10:44:26,7482,134,102,10,0
114,2026-07-24 10:44:26,7481.75,66,5,25,0
114,2026-07-24 10:44:26,7483.75,159,190,0,0
114,2026-07-24 10:44:26,7484,296,299,0,20
114,2026-07-24 10:44:26,7484.25,369,388,0,10
114,2026-07-24 10:44:26,7484.5,303,371,0,16
114,2026-07-24 10:44:26,7484.75,247,264,0,10
114,2026-07-24 10:44:26,7485,297,196,109,0
114,2026-07-24 10:44:26,7485.25,89,203,0,0
114,2026-07-24 10:44:26,7485.5,33,70,0,0
114,2026-07-24 10:44:26,7485.75,18,60,0,0
114,2026-07-24 10:44:26,7481.5,4,0,0,0
115,2026-07-24 10:47:51,7481.5,233,184,17,0
115,2026-07-24 10:47:51,7481.25,280,237,0,0
115,2026-07-24 10:47:51,7481,273,254,18,12
115,2026-07-24 10:47:51,7481.75,212,187,0,0
115,2026-07-24 10:47:51,7482,160,161,0,0
115,2026-07-24 10:47:51,7480.75,179,199,0,0
115,2026-07-24 10:47:51,7480.5,329,225,0,0
115,2026-07-24 10:47:51,7480.25,343,249,0,0
115,2026-07-24 10:47:51,7480,193,48,0,0
115,2026-07-24 10:47:51,7479.75,131,111,12,0
115,2026-07-24 10:47:51,7479.5,54,12,0,0
115,2026-07-24 10:47:51,7479.25,61,2,10,0
115,2026-07-24 10:47:51,7479,33,0,0,0
115,2026-07-24 10:47:51,7478.75,32,0,0,0
115,2026-07-24 10:47:51,7478.5,39,0,0,0
115,2026-07-24 10:47:51,7478.25,30,0,0,0
115,2026-07-24 10:47:51,7478,16,0,0,0
115,2026-07-24 10:47:51,7482.25,123,121,0,0
115,2026-07-24 10:47:51,7482.5,152,190,0,0
115,2026-07-24 10:47:51,7482.75,85,117,0,0
115,2026-07-24 10:47:51,7483,172,153,29,0
115,2026-07-24 10:47:51,7483.25,144,284,0,20
115,2026-07-24 10:47:51,7483.5,42,173,0,0
115,2026-07-24 10:47:51,7483.75,0,276,0,235
116,2026-07-24 10:50:28,7483,115,47,10,0
116,2026-07-24 10:50:28,7483.25,34,47,0,0
116,2026-07-24 10:50:28,7483.5,89,47,0,0
116,2026-07-24 10:50:28,7483.75,108,99,12,0
116,2026-07-24 10:50:28,7484,248,185,0,0
116,2026-07-24 10:50:28,7484.25,286,239,0,0
116,2026-07-24 10:50:28,7484.5,212,288,0,0
116,2026-07-24 10:50:28,7484.75,173,218,64,0
116,2026-07-24 10:50:28,7485,106,293,0,136
116,2026-07-24 10:50:28,7485.25,163,115,0,0
116,2026-07-24 10:50:28,7485.5,144,206,0,0
116,2026-07-24 10:50:28,7485.75,141,131,0,0
116,2026-07-24 10:50:28,7486,189,272,28,39
116,2026-07-24 10:50:28,7486.25,65,68,0,0
116,2026-07-24 10:50:28,7486.5,22,32,0,0
116,2026-07-24 10:50:28,7486.75,62,37,0,0
116,2026-07-24 10:50:28,7487,0,9,0,0
116,2026-07-24 10:50:28,7482.75,103,82,0,0
116,2026-07-24 10:50:28,7482.5,198,143,0,0
116,2026-07-24 10:50:28,7482.25,162,168,0,0
116,2026-07-24 10:50:28,7482,271,150,0,0
116,2026-07-24 10:50:28,7481.75,133,96,0,0
116,2026-07-24 10:50:28,7481.5,124,32,0,0
116,2026-07-24 10:50:28,7481.25,137,36,75,0
116,2026-07-24 10:50:28,7481,176,0,138,0
117,2026-07-24 10:53:14,7481.5,39,43,0,0
117,2026-07-24 10:53:14,7481.75,19,38,0,0
117,2026-07-24 10:53:14,7482,12,23,0,0
117,2026-07-24 10:53:14,7482.25,16,61,0,0
117,2026-07-24 10:53:14,7482.5,23,19,0,0
117,2026-07-24 10:53:14,7482.75,4,17,0,0
117,2026-07-24 10:53:14,7483,0,7,0,0
117,2026-07-24 10:53:14,7483.25,47,37,0,0
117,2026-07-24 10:53:14,7483.5,62,68,0,0
117,2026-07-24 10:53:14,7483.75,47,64,0,0
117,2026-07-24 10:53:14,7484,28,34,0,0
117,2026-07-24 10:53:14,7484.25,91,73,0,0
117,2026-07-24 10:53:14,7484.5,80,108,0,0
117,2026-07-24 10:53:14,7484.75,115,97,0,0
117,2026-07-24 10:53:14,7485,158,160,0,0
117,2026-07-24 10:53:14,7485.25,238,160,0,0
117,2026-07-24 10:53:14,7485.5,127,146,0,0
117,2026-07-24 10:53:14,7485.75,158,189,0,0
117,2026-07-24 10:53:14,7486,246,303,0,0
117,2026-07-24 10:53:14,7486.25,183,264,0,0
117,2026-07-24 10:53:14,7486.5,220,254,0,0
117,2026-07-24 10:53:14,7486.75,103,146,0,0
117,2026-07-24 10:53:14,7487,167,171,46,0
117,2026-07-24 10:53:14,7487.25,273,177,62,0
117,2026-07-24 10:53:14,7487.5,142,196,0,0
117,2026-07-24 10:53:14,7487.75,294,326,17,36
117,2026-07-24 10:53:14,7488,71,325,0,118
117,2026-07-24 10:53:14,7488.25,0,30,0,0
118,2026-07-24 10:57:16,7487.75,185,133,23,0
118,2026-07-24 10:57:16,7488,129,184,0,35
118,2026-07-24 10:57:16,7488.25,91,198,0,10
118,2026-07-24 10:57:16,7488.5,294,230,46,0
118,2026-07-24 10:57:16,7488.75,355,787,27,286
118,2026-07-24 10:57:16,7487.5,126,156,0,0
118,2026-07-24 10:57:16,7487.25,121,128,0,0
118,2026-07-24 10:57:16,7487,139,114,0,0
118,2026-07-24 10:57:16,7486.75,113,98,0,10
118,2026-07-24 10:57:16,7486.5,77,74,0,0
118,2026-07-24 10:57:16,7486.25,67,52,0,0
118,2026-07-24 10:57:16,7486,19,12,0,0
118,2026-07-24 10:57:16,7485.75,2,4,0,0
118,2026-07-24 10:57:16,7489,318,1326,0,811
118,2026-07-24 10:57:16,7489.25,52,152,0,16
118,2026-07-24 10:57:16,7489.5,137,34,28,0
118,2026-07-24 10:57:16,7489.75,152,72,11,0
118,2026-07-24 10:57:16,7490,71,89,0,0
118,2026-07-24 10:57:16,7490.25,42,52,0,0
118,2026-07-24 10:57:16,7490.5,0,45,0,0
118,2026-07-24 10:57:16,7490.75,0,42,0,0
118,2026-07-24 10:57:16,7491,0,29,0,0
119,2026-07-24 10:59:47,7489.75,104,165,0,0
119,2026-07-24 10:59:47,7489.5,390,278,78,0
119,2026-07-24 10:59:47,7489.25,97,70,0,0
119,2026-07-24 10:59:47,7489,51,71,0,0
119,2026-07-24 10:59:47,7490,44,56,0,0
119,2026-07-24 10:59:47,7490.25,38,69,0,0
119,2026-07-24 10:59:47,7490.5,0,9,0,0
119,2026-07-24 10:59:47,7488.75,131,124,0,0
119,2026-07-24 10:59:47,7488.5,100,86,22,0
119,2026-07-24 10:59:47,7488.25,158,215,25,0
119,2026-07-24 10:59:47,7488,242,251,14,0
119,2026-07-24 10:59:47,7487.75,440,508,15,0
119,2026-07-24 10:59:47,7487.5,460,425,11,0
119,2026-07-24 10:59:47,7487.25,323,312,0,0
119,2026-07-24 10:59:47,7487,166,147,0,0
119,2026-07-24 10:59:47,7486.75,118,128,0,0
119,2026-07-24 10:59:47,7486.5,137,167,10,0
119,2026-07-24 10:59:47,7486.25,182,89,0,0
119,2026-07-24 10:59:47,7486,92,33,0,0
119,2026-07-24 10:59:47,7485.75,24,0,0,0
120,2026-07-24 11:03:01,7488.25,142,145,0,25
120,2026-07-24 11:03:01,7488,53,40,0,0
120,2026-07-24 11:03:01,7487.75,27,37,0,0
120,2026-07-24 11:03:01,7488.5,148,179,0,0
120,2026-07-24 11:03:01,7487.5,25,9,0,0
120,2026-07-24 11:03:01,7487.25,2,0,0,0
120,2026-07-24 11:03:01,7488.75,47,72,0,0
120,2026-07-24 11:03:01,7489,14,24,0,0
120,2026-07-24 11:03:01,7489.25,178,149,0,0
120,2026-07-24 11:03:01,7489.5,183,204,0,0
120,2026-07-24 11:03:01,7489.75,135,174,0,0
120,2026-07-24 11:03:01,7490,214,89,70,0
120,2026-07-24 11:03:01,7490.25,329,178,0,0
120,2026-07-24 11:03:01,7490.5,423,417,0,28
120,2026-07-24 11:03:01,7490.75,127,189,0,0
120,2026-07-24 11:03:01,7491,333,228,0,0
120,2026-07-24 11:03:01,7491.25,591,522,0,0
120,2026-07-24 11:03:01,7491.5,228,348,0,0
120,2026-07-24 11:03:01,7491.75,56,102,0,0
120,2026-07-24 11:03:01,7492,35,77,0,20
120,2026-07-24 11:03:01,7492.25,0,26,0,0
121,2026-07-24 11:06:43,7490,151,107,11,0
121,2026-07-24 11:06:43,7490.25,14,88,0,32
121,2026-07-24 11:06:43,7489.75,73,75,0,0
121,2026-07-24 11:06:43,7489.5,68,94,0,0
121,2026-07-24 11:06:43,7489.25,145,113,0,0
121,2026-07-24 11:06:43,7489,84,34,0,0
121,2026-07-24 11:06:43,7488.75,33,8,0,0
121,2026-07-24 11:06:43,7490.5,11,24,0,0
121,2026-07-24 11:06:43,7490.75,43,64,0,0
121,2026-07-24 11:06:43,7491,3,33,0,0
121,2026-07-24 11:06:43,7491.25,36,39,0,0
121,2026-07-24 11:06:43,7491.5,109,82,0,0
121,2026-07-24 11:06:43,7491.75,3,21,0,0
121,2026-07-24 11:06:43,7492,96,100,0,0
121,2026-07-24 11:06:43,7492.25,142,168,0,0
121,2026-07-24 11:06:43,7492.5,3,89,0,25
121,2026-07-24 11:06:43,7492.75,80,131,0,0
121,2026-07-24 11:06:43,7493,33,130,0,10
121,2026-07-24 11:06:43,7493.25,6,68,0,20
121,2026-07-24 11:06:43,7493.5,308,134,50,0
121,2026-07-24 11:06:43,7493.75,205,690,0,186
121,2026-07-24 11:06:43,7494,232,1215,0,875
121,2026-07-24 11:06:43,7494.25,153,254,0,0
121,2026-07-24 11:06:43,7494.5,89,197,0,0
121,2026-07-24 11:06:43,7494.75,110,162,0,0
121,2026-07-24 11:06:43,7495,0,151,0,72
122,2026-07-24 11:08:36,7493.5,284,271,0,30
122,2026-07-24 11:08:36,7493.75,77,122,0,33
122,2026-07-24 11:08:36,7494,53,89,0,0
122,2026-07-24 11:08:36,7494.25,50,39,0,0
122,2026-07-24 11:08:36,7493.25,283,261,0,0
122,2026-07-24 11:08:36,7493,468,382,10,18
122,2026-07-24 11:08:36,7492.75,460,310,10,0
122,2026-07-24 11:08:36,7492.5,261,145,0,0
122,2026-07-24 11:08:36,7492.25,212,109,21,0
122,2026-07-24 11:08:36,7492,113,49,23,0
122,2026-07-24 11:08:36,7494.5,79,69,0,0
122,2026-07-24 11:08:36,7494.75,123,113,0,0
122,2026-07-24 11:08:36,7495,82,218,0,18
122,2026-07-24 11:08:36,7495.25,49,104,0,0
122,2026-07-24 11:08:36,7495.5,144,176,0,0
122,2026-07-24 11:08:36,7495.75,309,361,10,0
122,2026-07-24 11:08:36,7496,164,185,19,0
122,2026-07-24 11:08:36,7496.25,105,102,0,0
122,2026-07-24 11:08:36,7496.5,20,56,0,0
123,2026-07-24 11:11:08,7496,20,70,0,0
123,2026-07-24 11:11:08,7495.75,82,52,0,0
123,2026-07-24 11:11:08,7495.5,90,127,33,49
123,2026-07-24 11:11:08,7495.25,92,48,0,0
123,2026-07-24 11:11:08,7495,97,50,0,0
123,2026-07-24 11:11:08,7494.75,237,124,21,0
123,2026-07-24 11:11:08,7494.5,215,155,0,0
123,2026-07-24 11:11:08,7494.25,123,102,0,35
123,2026-07-24 11:11:08,7494,130,149,0,0
123,2026-07-24 11:11:08,7493.75,319,296,18,0
123,2026-07-24 11:11:08,7493.5,168,75,0,20
123,2026-07-24 11:11:08,7493.25,117,158,0,132
123,2026-07-24 11:11:08,7493,88,55,0,0
123,2026-07-24 11:11:08,7492.75,136,92,0,0
123,2026-07-24 11:11:08,7492.5,208,182,0,0
123,2026-07-24 11:11:08,7492.25,124,73,0,0
123,2026-07-24 11:11:08,7492,34,52,0,0
123,2026-07-24 11:11:08,7491.75,124,58,21,0
123,2026-07-24 11:11:08,7491.5,290,177,105,0
123,2026-07-24 11:11:08,7491.25,134,112,0,0
123,2026-07-24 11:11:08,7491,154,54,25,0
123,2026-07-24 11:11:08,7490.75,244,124,100,0
123,2026-07-24 11:11:08,7490.5,175,127,0,0
123,2026-07-24 11:11:08,7490.25,128,44,41,0
123,2026-07-24 11:11:08,7490,105,34,24,11
123,2026-07-24 11:11:08,7489.75,52,0,18,0
123,2026-07-24 11:11:08,7489.5,39,0,0,0
123,2026-07-24 11:11:08,7489.25,39,0,0,0
123,2026-07-24 11:11:08,7489,51,0,0,0
123,2026-07-24 11:11:08,7488.75,38,0,0,0
123,2026-07-24 11:11:08,7488.5,46,0,0,0
123,2026-07-24 11:11:08,7488.25,14,0,0,0
124,2026-07-24 11:13:49,7488.25,442,357,0,0
124,2026-07-24 11:13:49,7488,218,81,0,0
124,2026-07-24 11:13:49,7487.75,333,172,141,51
124,2026-07-24 11:13:49,7487.5,68,0,0,0
124,2026-07-24 11:13:49,7487.25,6,0,0,0
124,2026-07-24 11:13:49,7488.75,471,281,0,0
124,2026-07-24 11:13:49,7489,515,533,0,50
124,2026-07-24 11:13:49,7489.25,423,453,0,0
124,2026-07-24 11:13:49,7489.5,306,386,0,0
124,2026-07-24 11:13:49,7489.75,123,97,0,0
124,2026-07-24 11:13:49,7490,207,219,0,10
124,2026-07-24 11:13:49,7490.25,6,51,0,12
124,2026-07-24 11:13:49,7488.5,329,423,0,0
125,2026-07-24 11:16:39,7490,47,47,0,0
125,2026-07-24 11:16:39,7490.25,85,93,0,0
125,2026-07-24 11:16:39,7489.75,38,51,0,0
125,2026-07-24 11:16:39,7489.5,124,167,0,14
125,2026-07-24 11:16:39,7489.25,266,367,0,0
125,2026-07-24 11:16:39,7489,202,172,0,0
125,2026-07-24 11:16:39,7488.75,156,162,0,0
125,2026-07-24 11:16:39,7488.5,103,74,0,0
125,2026-07-24 11:16:39,7488.25,28,27,0,0
125,2026-07-24 11:16:39,7490.5,148,155,0,29
125,2026-07-24 11:16:39,7490.75,278,286,0,0
125,2026-07-24 11:16:39,7491,229,354,0,0
125,2026-07-24 11:16:39,7491.25,127,277,0,0
125,2026-07-24 11:16:39,7491.5,269,379,0,0
125,2026-07-24 11:16:39,7491.75,266,297,0,0
125,2026-07-24 11:16:39,7492,215,312,57,78
125,2026-07-24 11:16:39,7492.25,101,323,0,31
125,2026-07-24 11:16:39,7492.5,13,241,0,151
125,2026-07-24 11:16:39,7492.75,0,21,0,0
126,2026-07-24 11:20:35,7492.5,306,150,0,0
126,2026-07-24 11:20:35,7492.75,366,300,0,0
126,2026-07-24 11:20:35,7493,253,356,0,50
126,2026-07-24 11:20:35,7493.25,547,410,17,14
126,2026-07-24 11:20:35,7493.5,547,578,11,0
126,2026-07-24 11:20:35,7493.75,200,337,0,0
126,2026-07-24 11:20:35,7494,72,98,0,0
126,2026-07-24 11:20:35,7492.25,133,188,0,53
126,2026-07-24 11:20:35,7492,146,218,0,0
126,2026-07-24 11:20:35,7491.75,232,240,0,0
126,2026-07-24 11:20:35,7491.5,245,152,0,0
126,2026-07-24 11:20:35,7491.25,34,42,0,0
126,2026-07-24 11:20:35,7491,62,41,0,0
126,2026-07-24 11:20:35,7490.75,35,46,0,0
126,2026-07-24 11:20:35,7490.5,21,11,0,0
126,2026-07-24 11:20:35,7494.25,49,83,0,0
126,2026-07-24 11:20:35,7494.5,0,2,0,0
127,2026-07-24 11:25:44,7493,286,314,0,13
127,2026-07-24 11:25:44,7493.25,156,122,0,0
127,2026-07-24 11:25:44,7493.5,173,101,17,0
127,2026-07-24 11:25:44,7493.75,249,217,11,0
127,2026-07-24 11:25:44,7494,296,244,0,0
127,2026-07-24 11:25:44,7494.25,221,344,0,0
127,2026-07-24 11:25:44,7494.5,230,281,0,0
127,2026-07-24 11:25:44,7494.75,76,147,0,0
127,2026-07-24 11:25:44,7495,33,116,0,0
127,2026-07-24 11:25:44,7495.25,0,12,0,0
127,2026-07-24 11:25:44,7492.75,390,403,0,25
127,2026-07-24 11:25:44,7492.5,253,131,0,14
127,2026-07-24 11:25:44,7492.25,155,165,10,0
127,2026-07-24 11:25:44,7492,189,153,0,11
127,2026-07-24 11:25:44,7491.75,196,51,94,0
127,2026-07-24 11:25:44,7491.5,107,74,0,0
127,2026-07-24 11:25:44,7491.25,106,24,19,0
127,2026-07-24 11:25:44,7491,79,20,23,0
127,2026-07-24 11:25:44,7490.75,49,22,15,0
127,2026-07-24 11:25:44,7490.5,80,0,20,0
127,2026-07-24 11:25:44,7490.25,35,41,0,0
127,2026-07-24 11:25:44,7490,65,89,0,17
127,2026-07-24 11:25:44,7489.75,5,0,0,0
128,2026-07-24 11:30:09,7490,7,0,0,0
128,2026-07-24 11:30:09,7490.25,0,31,0,10
128,2026-07-24 11:30:09,7489.75,31,0,0,0
128,2026-07-24 11:30:09,7489.5,40,143,0,70
128,2026-07-24 11:30:09,7489.25,92,52,0,0
128,2026-07-24 11:30:09,7489,87,35,0,0
128,2026-07-24 11:30:09,7488.75,36,49,0,0
128,2026-07-24 11:30:09,7488.5,114,87,0,0
128,2026-07-24 11:30:09,7488.25,215,176,0,0
128,2026-07-24 11:30:09,7488,232,418,0,148
128,2026-07-24 11:30:09,7487.75,165,87,0,0
128,2026-07-24 11:30:09,7487.5,72,314,0,60
128,2026-07-24 11:30:09,7487.25,152,132,0,0
128,2026-07-24 11:30:09,7487,267,29,188,0
128,2026-07-24 11:30:09,7486.75,68,43,0,0
128,2026-07-24 11:30:09,7486.5,88,51,10,0
128,2026-07-24 11:30:09,7486.25,90,90,0,20
128,2026-07-24 11:30:09,7486,297,356,11,0
128,2026-07-24 11:30:09,7485.75,323,260,11,23
128,2026-07-24 11:30:09,7485.5,173,141,0,12
128,2026-07-24 11:30:09,7485.25,374,355,25,10
128,2026-07-24 11:30:09,7485,142,123,0,0
128,2026-07-24 11:30:09,7484.75,85,77,0,0
128,2026-07-24 11:30:09,7484.5,115,64,0,0
128,2026-07-24 11:30:09,7484.25,45,69,0,0
128,2026-07-24 11:30:09,7484,8,0,0,0
129,2026-07-24 11:30:53,7486,737,635,68,15
129,2026-07-24 11:30:53,7485.75,464,714,47,181
129,2026-07-24 11:30:53,7485.5,318,491,65,189
129,2026-07-24 11:30:53,7486.25,484,573,10,13
129,2026-07-24 11:30:53,7486.5,407,680,32,57
129,2026-07-24 11:30:53,7486.75,194,254,0,0
129,2026-07-24 11:30:53,7487,16,38,0,0
129,2026-07-24 11:30:53,7487.25,18,19,0,0
129,2026-07-24 11:30:53,7487.5,0,7,0,0
129,2026-07-24 11:30:53,7485.25,140,89,0,0
129,2026-07-24 11:30:53,7485,163,52,90,0
129,2026-07-24 11:30:53,7484.75,5,0,0,0
130,2026-07-24 11:32:23,7484.75,181,179,50,0
130,2026-07-24 11:32:23,7484.5,189,212,0,0
130,2026-07-24 11:32:23,7485,265,234,52,38
130,2026-07-24 11:32:23,7485.25,205,214,0,10
130,2026-07-24 11:32:23,7485.5,238,333,0,64
130,2026-07-24 11:32:23,7484.25,253,605,0,200
130,2026-07-24 11:32:23,7484,242,155,17,0
130,2026-07-24 11:32:23,7485.75,101,174,0,0
130,2026-07-24 11:32:23,7486,79,198,0,36
130,2026-07-24 11:32:23,7486.25,96,149,0,0
130,2026-07-24 11:32:23,7486.5,6,26,0,0
130,2026-07-24 11:32:23,7483.75,244,226,77,0
130,2026-07-24 11:32:23,7483.5,242,773,0,306
130,2026-07-24 11:32:23,7483.25,239,162,0,0
130,2026-07-24 11:32:23,7483,79,47,0,0
130,2026-07-24 11:32:23,7482.75,144,0,64,0
130,2026-07-24 11:32:23,7482.5,12,0,0,0
131,2026-07-24 11:34:55,7484.25,242,271,0,0
131,2026-07-24 11:34:55,7484.5,251,309,0,0
131,2026-07-24 11:34:55,7484,390,165,193,0
131,2026-07-24 11:34:55,7483.75,153,129,0,0
131,2026-07-24 11:34:55,7483.5,231,174,0,0
131,2026-07-24 11:34:55,7483.25,186,100,85,0
131,2026-07-24 11:34:55,7484.75,256,209,10,0
131,2026-07-24 11:34:55,7485,466,567,89,81
131,2026-07-24 11:34:55,7485.25,298,373,28,0
131,2026-07-24 11:34:55,7485.5,211,278,0,0
131,2026-07-24 11:34:55,7485.75,192,206,0,32
131,2026-07-24 11:34:55,7486,136,174,0,0
131,2026-07-24 11:34:55,7486.25,148,251,0,37
131,2026-07-24 11:34:55,7486.5,28,39,0,0
131,2026-07-24 11:34:55,7486.75,11,20,0,0
131,2026-07-24 11:34:55,7487,0,3,0,0
131,2026-07-24 11:34:55,7483,30,0,0,0
132,2026-07-24 11:38:52,7483,28,24,13,0
132,2026-07-24 11:38:52,7482.75,166,60,40,0
132,2026-07-24 11:38:52,7482.5,150,131,0,0
132,2026-07-24 11:38:52,7482.25,119,182,0,0
132,2026-07-24 11:38:52,7482,201,230,0,0
132,2026-07-24 11:38:52,7481.75,168,120,0,0
132,2026-07-24 11:38:52,7481.5,210,91,86,0
132,2026-07-24 11:38:52,7483.25,21,1,0,0
132,2026-07-24 11:38:52,7483.5,26,40,0,0
132,2026-07-24 11:38:52,7483.75,10,13,0,0
132,2026-07-24 11:38:52,7481.25,118,69,0,0
132,2026-07-24 11:38:52,7481,105,39,13,0
132,2026-07-24 11:38:52,7480.75,145,218,0,39
132,2026-07-24 11:38:52,7480.5,239,211,0,0
132,2026-07-24 11:38:52,7480.25,187,172,0,0
132,2026-07-24 11:38:52,7480,251,280,42,0
132,2026-07-24 11:38:52,7479.75,382,288,93,0
132,2026-07-24 11:38:52,7479.5,231,261,23,0
132,2026-07-24 11:38:52,7479.25,167,235,0,0
132,2026-07-24 11:38:52,7479,268,201,25,22
132,2026-07-24 11:38:52,7478.75,183,127,0,0
132,2026-07-24 11:38:52,7478.5,57,64,0,0
132,2026-07-24 11:38:52,7478.25,14,0,0,0
133,2026-07-24 11:42:01,7480,38,35,0,0
133,2026-07-24 11:42:01,7479.75,40,74,0,0
133,2026-07-24 11:42:01,7479.5,84,112,0,0
133,2026-07-24 11:42:01,7479.25,66,56,0,0
133,2026-07-24 11:42:01,7479,88,120,0,0
133,2026-07-24 11:42:01,7478.75,175,162,0,0
133,2026-07-24 11:42:01,7478.5,133,168,0,0
133,2026-07-24 11:42:01,7478.25,138,155,0,0
133,2026-07-24 11:42:01,7478,377,262,60,0
133,2026-07-24 11:42:01,7477.75,311,345,0,0
133,2026-07-24 11:42:01,7477.5,359,333,0,0
133,2026-07-24 11:42:01,7477.25,232,248,0,0
133,2026-07-24 11:42:01,7477,376,399,32,20
133,2026-07-24 11:42:01,7476.75,312,379,36,0
133,2026-07-24 11:42:01,7476.5,243,167,10,0
133,2026-07-24 11:42:01,7476.25,224,36,94,0
133,2026-07-24 11:42:01,7476,68,24,0,0
133,2026-07-24 11:42:01,7475.75,97,53,0,0
133,2026-07-24 11:42:01,7475.5,8,0,0,0
134,2026-07-24 11:44:49,7475.75,335,411,10,10
134,2026-07-24 11:44:49,7476,275,407,0,0
134,2026-07-24 11:44:49,7476.25,464,410,25,0
134,2026-07-24 11:44:49,7475.5,252,212,51,0
134,2026-07-24 11:44:49,7475.25,212,251,0,0
134,2026-07-24 11:44:49,7475,408,222,109,20
134,2026-07-24 11:44:49,7474.75,299,328,25,51
134,2026-07-24 11:44:49,7474.5,161,120,0,0
134,2026-07-24 11:44:49,7474.25,77,54,0,0
134,2026-07-24 11:44:49,7476.5,289,359,16,11
134,2026-07-24 11:44:49,7476.75,148,208,0,0
134,2026-07-24 11:44:49,7477,99,183,0,0
134,2026-07-24 11:44:49,7477.25,41,83,0,0
134,2026-07-24 11:44:49,7477.5,0,2,0,0
134,2026-07-24 11:44:49,7474,92,6,43,0
134,2026-07-24 11:44:49,7473.75,45,39,0,0
134,2026-07-24 11:44:49,7473.5,11,0,0,0
135,2026-07-24 11:47:19,7474.75,1,5,0,0
135,2026-07-24 11:47:19,7474.5,78,60,0,11
135,2026-07-24 11:47:19,7474.25,52,51,0,0
135,2026-07-24 11:47:19,7474,29,10,0,0
135,2026-07-24 11:47:19,7473.75,17,16,0,0
135,2026-07-24 11:47:19,7473.5,26,9,0,0
135,2026-07-24 11:47:19,7473.25,35,72,0,0
135,2026-07-24 11:47:19,7473,183,55,56,0
135,2026-07-24 11:47:19,7472.75,54,51,0,0
135,2026-07-24 11:47:19,7472.5,79,52,0,0
135,2026-07-24 11:47:19,7472.25,57,58,0,0
135,2026-07-24 11:47:19,7472,55,70,0,0
135,2026-07-24 11:47:19,7471.75,130,96,0,0
135,2026-07-24 11:47:19,7471.5,191,209,0,0
135,2026-07-24 11:47:19,7471.25,357,319,40,0
135,2026-07-24 11:47:19,7471,331,336,63,0
135,2026-07-24 11:47:19,7470.75,406,388,58,0
135,2026-07-24 11:47:19,7470.5,435,398,79,0
135,2026-07-24 11:47:19,7470.25,234,172,0,0
135,2026-07-24 11:47:19,7470,226,119,50,0
135,2026-07-24 11:47:19,7469.75,156,127,53,0
135,2026-07-24 11:47:19,7469.5,89,141,0,0
135,2026-07-24 11:47:19,7469.25,80,112,0,0
135,2026-07-24 11:47:19,7469,50,56,0,0
135,2026-07-24 11:47:19,7468.75,26,30,0,0
135,2026-07-24 11:47:19,7468.5,55,42,0,0
135,2026-07-24 11:47:19,7468.25,12,0,0,0
136,2026-07-24 11:49:40,7470,367,324,69,0
136,2026-07-24 11:49:40,7469.75,285,228,10,34
136,2026-07-24 11:49:40,7470.25,523,577,0,10
136,2026-07-24 11:49:40,7470.5,792,664,49,26
136,2026-07-24 11:49:40,7470.75,610,635,35,96
136,2026-07-24 11:49:40,7471,393,478,26,0
136,2026-07-24 11:49:40,7471.25,108,183,0,0
136,2026-07-24 11:49:40,7469.5,167,139,10,0
136,2026-07-24 11:49:40,7469.25,26,0,0,0
136,2026-07-24 11:49:40,7471.5,0,3,0,0
137,2026-07-24 11:52:21,7469.75,310,321,0,10
137,2026-07-24 11:52:21,7470,204,284,36,0
137,2026-07-24 11:52:21,7469.5,214,221,0,0
137,2026-07-24 11:52:21,7469.25,213,246,10,0
137,2026-07-24 11:52:21,7470.25,108,189,10,0
137,2026-07-24 11:52:21,7469,225,331,0,20
137,2026-07-24 11:52:21,7468.75,264,294,27,0
137,2026-07-24 11:52:21,7468.5,364,480,0,68
137,2026-07-24 11:52:21,7468.25,315,287,0,0
137,2026-07-24 11:52:21,7468,142,75,0,0
137,2026-07-24 11:52:21,7467.75,99,107,0,0
137,2026-07-24 11:52:21,7467.5,63,67,0,0
137,2026-07-24 11:52:21,7467.25,114,49,0,0
137,2026-07-24 11:52:21,7467,103,44,13,0
137,2026-07-24 11:52:21,7466.75,15,40,0,0
137,2026-07-24 11:52:21,7466.5,98,91,0,0
137,2026-07-24 11:52:21,7466.25,29,20,0,0
137,2026-07-24 11:52:21,7470.5,4,75,0,0
137,2026-07-24 11:52:21,7470.75,17,16,0,0
137,2026-07-24 11:52:21,7471,92,99,26,0
137,2026-07-24 11:52:21,7471.25,35,95,0,0
137,2026-07-24 11:52:21,7471.5,0,41,0,10
138,2026-07-24 11:54:50,7471,294,336,21,0
138,2026-07-24 11:54:50,7470.75,214,248,0,0
138,2026-07-24 11:54:50,7471.25,238,285,62,10
138,2026-07-24 11:54:50,7470.5,212,151,46,0
138,2026-07-24 11:54:50,7470.25,61,103,0,0
138,2026-07-24 11:54:50,7470,122,77,0,0
138,2026-07-24 11:54:50,7469.75,49,48,0,0
138,2026-07-24 11:54:50,7469.5,42,55,0,0
138,2026-07-24 11:54:50,7469.25,28,51,0,0
138,2026-07-24 11:54:50,7469,78,48,0,0
138,2026-07-24 11:54:50,7468.75,17,18,0,0
138,2026-07-24 11:54:50,7468.5,42,72,0,0
138,2026-07-24 11:54:50,7468.25,76,80,0,0
138,2026-07-24 11:54:50,7468,38,89,0,0
138,2026-07-24 11:54:50,7467.75,46,28,0,0
138,2026-07-24 11:54:50,7467.5,15,5,0,0
138,2026-07-24 11:54:50,7471.5,173,210,10,0
138,2026-07-24 11:54:50,7471.75,127,219,0,0
138,2026-07-24 11:54:50,7472,126,178,0,0
138,2026-07-24 11:54:50,7472.25,115,165,0,0
138,2026-07-24 11:54:50,7472.5,162,258,0,0
138,2026-07-24 11:54:50,7472.75,85,84,10,10
138,2026-07-24 11:54:50,7473,136,116,0,0
138,2026-07-24 11:54:50,7473.25,74,146,0,0
138,2026-07-24 11:54:50,7473.5,118,119,10,0
138,2026-07-24 11:54:50,7473.75,160,175,0,0
138,2026-07-24 11:54:50,7474,65,215,0,77
138,2026-07-24 11:54:50,7474.25,0,7,0,0
139,2026-07-24 11:57:48,7473.25,169,95,20,0
139,2026-07-24 11:57:48,7473.5,132,100,0,0
139,2026-07-24 11:57:48,7473,245,49,43,0
139,2026-07-24 11:57:48,7473.75,317,177,52,0
139,2026-07-24 11:57:48,7474,292,334,0,59
139,2026-07-24 11:57:48,7474.25,162,282,0,36
139,2026-07-24 11:57:48,7474.5,132,236,0,46
139,2026-07-24 11:57:48,7474.75,181,69,45,0
139,2026-07-24 11:57:48,7475,240,323,22,19
139,2026-07-24 11:57:48,7475.25,264,191,43,10
139,2026-07-24 11:57:48,7475.5,173,241,25,0
139,2026-07-24 11:57:48,7475.75,221,170,11,0
139,2026-07-24 11:57:48,7476,247,273,0,10
139,2026-07-24 11:57:48,7476.25,53,152,0,0
139,2026-07-24 11:57:48,7476.5,18,35,0,0
139,2026-07-24 11:57:48,7472.75,96,146,0,0
139,2026-07-24 11:57:48,7472.5,142,136,0,0
139,2026-07-24 11:57:48,7472.25,86,88,0,0
139,2026-07-24 11:57:48,7472,181,32,102,0
139,2026-07-24 11:57:48,7471.75,19,2,0,0
140,2026-07-24 12:01:02,7471.75,170,175,0,0
140,2026-07-24 12:01:02,7472,89,232,13,74
140,2026-07-24 12:01:02,7471.5,210,579,0,144
140,2026-07-24 12:01:02,7471.25,386,297,12,0
140,2026-07-24 12:01:02,7471,320,344,0,0
140,2026-07-24 12:01:02,7470.75,559,454,42,45
140,2026-07-24 12:01:02,7470.5,244,267,0,21
140,2026-07-24 12:01:02,7470.25,548,356,77,57
140,2026-07-24 12:01:02,7470,206,132,13,0
140,2026-07-24 12:01:02,7469.75,71,78,0,0
140,2026-07-24 12:01:02,7469.5,51,31,0,0
140,2026-07-24 12:01:02,7469.25,182,29,51,0
140,2026-07-24 12:01:02,7472.25,80,66,0,0
140,2026-07-24 12:01:02,7472.5,121,131,0,0
140,2026-07-24 12:01:02,7472.75,0,75,0,16
140,2026-07-24 12:01:02,7469,17,0,0,0
141,2026-07-24 12:04:12,7471,221,360,0,56
141,2026-07-24 12:04:12,7470.75,241,257,0,45
141,2026-07-24 12:04:12,7470.5,244,122,75,0
141,2026-07-24 12:04:12,7470.25,136,101,0,0
141,2026-07-24 12:04:12,7470,135,69,12,0
141,2026-07-24 12:04:12,7469.75,40,6,0,0
141,2026-07-24 12:04:12,7471.25,206,271,0,51
141,2026-07-24 12:04:12,7471.5,80,112,0,0
141,2026-07-24 12:04:12,7471.75,47,72,0,0
141,2026-07-24 12:04:12,7472,43,135,0,12
141,2026-07-24 12:04:12,7472.25,15,63,0,22
141,2026-07-24 12:04:12,7469.5,42,3,0,0
141,2026-07-24 12:04:12,7469.25,44,0,0,0
141,2026-07-24 12:04:12,7469,72,23,0,0
141,2026-07-24 12:04:12,7468.75,80,39,0,0
141,2026-07-24 12:04:12,7468.5,104,19,11,0
141,2026-07-24 12:04:12,7468.25,87,20,0,0
141,2026-07-24 12:04:12,7468,55,12,0,0
141,2026-07-24 12:04:12,7467.75,38,9,0,0
141,2026-07-24 12:04:12,7467.5,56,24,12,0
141,2026-07-24 12:04:12,7467.25,82,47,0,0
141,2026-07-24 12:04:12,7467,89,55,10,0
141,2026-07-24 12:04:12,7466.75,61,28,0,0
141,2026-07-24 12:04:12,7466.5,77,7,0,0
141,2026-07-24 12:04:12,7466.25,35,433,0,37
141,2026-07-24 12:04:12,7466,223,53,32,0
141,2026-07-24 12:04:12,7465.75,120,112,0,0
141,2026-07-24 12:04:12,7465.5,182,158,0,0
141,2026-07-24 12:04:12,7465.25,158,129,0,0
141,2026-07-24 12:04:12,7465,185,143,31,13
141,2026-07-24 12:04:12,7464.75,45,79,0,0
141,2026-07-24 12:04:12,7464.5,74,100,0,13
141,2026-07-24 12:04:12,7464.25,64,39,0,0
141,2026-07-24 12:04:12,7464,19,0,0,0
142,2026-07-24 12:06:11,7468.25,133,100,10,0
142,2026-07-24 12:06:11,7468,245,214,0,0
142,2026-07-24 12:06:11,7467.75,350,365,46,0
142,2026-07-24 12:06:11,7467.5,473,437,11,0
142,2026-07-24 12:06:11,7467.25,404,281,10,0
142,2026-07-24 12:06:11,7468.5,66,56,0,0
142,2026-07-24 12:06:11,7467,224,323,0,79
142,2026-07-24 12:06:11,7466.75,426,215,13,0
142,2026-07-24 12:06:11,7466.5,247,177,0,0
142,2026-07-24 12:06:11,7466.25,156,195,10,0
142,2026-07-24 12:06:11,7466,157,97,0,0
142,2026-07-24 12:06:11,7465.75,87,75,0,0
142,2026-07-24 12:06:11,7465.5,54,92,0,0
142,2026-07-24 12:06:11,7465.25,20,60,0,0
142,2026-07-24 12:06:11,7465,55,97,0,0
142,2026-07-24 12:06:11,7464.75,56,77,0,0
142,2026-07-24 12:06:11,7464.5,88,82,0,0
142,2026-07-24 12:06:11,7464.25,30,35,0,0
142,2026-07-24 12:06:11,7468.75,17,173,0,51
142,2026-07-24 12:06:11,7469,11,25,0,0
142,2026-07-24 12:06:11,7469.25,8,17,0,0
143,2026-07-24 12:07:46,7465.5,117,119,0,0
143,2026-07-24 12:07:46,7465.75,84,102,0,0
143,2026-07-24 12:07:46,7466,63,74,10,0
143,2026-07-24 12:07:46,7466.25,34,37,0,0
143,2026-07-24 12:07:46,7466.5,1,15,0,0
143,2026-07-24 12:07:46,7465.25,86,181,0,0
143,2026-07-24 12:07:46,7465,224,272,0,0
143,2026-07-24 12:07:46,7464.75,274,204,13,0
143,2026-07-24 12:07:46,7464.5,131,188,0,0
143,2026-07-24 12:07:46,7464.25,189,178,0,0
143,2026-07-24 12:07:46,7464,375,489,18,13
143,2026-07-24 12:07:46,7463.75,283,138,37,0
143,2026-07-24 12:07:46,7463.5,144,208,0,10
143,2026-07-24 12:07:46,7463.25,186,192,53,0
143,2026-07-24 12:07:46,7463,256,208,16,0
143,2026-07-24 12:07:46,7462.75,229,180,0,40
143,2026-07-24 12:07:46,7462.5,141,131,0,10
143,2026-07-24 12:07:46,7462.25,118,72,0,0
143,2026-07-24 12:07:46,7462,184,98,65,0
143,2026-07-24 12:07:46,7461.75,62,43,0,0
143,2026-07-24 12:07:46,7461.5,69,51,0,0
143,2026-07-24 12:07:46,7461.25,19,11,0,0
143,2026-07-24 12:07:46,7461,39,0,26,0
144,2026-07-24 12:10:22,7464,107,156,27,20
144,2026-07-24 12:10:22,7464.25,96,221,0,11
144,2026-07-24 12:10:22,7464.5,98,134,25,0
144,2026-07-24 12:10:22,7463.75,96,157,0,10
144,2026-07-24 12:10:22,7464.75,103,146,0,0
144,2026-07-24 12:10:22,7465,138,219,0,22
144,2026-07-24 12:10:22,7463.5,87,136,0,0
144,2026-07-24 12:10:22,7463.25,61,124,0,0
144,2026-07-24 12:10:22,7463,61,88,0,0
144,2026-07-24 12:10:22,7462.75,59,77,0,11
144,2026-07-24 12:10:22,7462.5,99,138,26,11
144,2026-07-24 12:10:22,7462.25,48,17,0,0
144,2026-07-24 12:10:22,7462,10,0,0,0
144,2026-07-24 12:10:22,7465.25,37,65,0,0
144,2026-07-24 12:10:22,7465.5,73,125,0,0
144,2026-07-24 12:10:22,7465.75,140,139,18,11
144,2026-07-24 12:10:22,7466,157,128,0,0
144,2026-07-24 12:10:22,7466.25,300,238,28,0
144,2026-07-24 12:10:22,7466.5,189,248,0,0
144,2026-07-24 12:10:22,7466.75,260,298,10,0
144,2026-07-24 12:10:22,7467,106,159,0,0
144,2026-07-24 12:10:22,7467.25,145,128,0,0
144,2026-07-24 12:10:22,7467.5,195,216,0,0
144,2026-07-24 12:10:22,7467.75,111,116,0,0
144,2026-07-24 12:10:22,7468,103,114,0,0
144,2026-07-24 12:10:22,7468.25,2,30,0,0
145,2026-07-24 12:13:34,7467.25,144,111,0,0
145,2026-07-24 12:13:34,7467.5,45,59,0,0
145,2026-07-24 12:13:34,7467.75,147,146,0,45
145,2026-07-24 12:13:34,7468,312,334,0,0
145,2026-07-24 12:13:34,7468.25,270,260,0,0
145,2026-07-24 12:13:34,7468.5,181,337,0,0
145,2026-07-24 12:13:34,7468.75,157,223,0,20
145,2026-07-24 12:13:34,7469,169,242,0,17
145,2026-07-24 12:13:34,7469.25,144,127,67,0
145,2026-07-24 12:13:34,7469.5,165,245,0,0
145,2026-07-24 12:13:34,7469.75,115,206,0,50
145,2026-07-24 12:13:34,7467,111,123,0,0
145,2026-07-24 12:13:34,7466.75,108,141,0,0
145,2026-07-24 12:13:34,7466.5,133,160,0,10
145,2026-07-24 12:13:34,7466.25,87,73,0,0
145,2026-07-24 12:13:34,7466,145,137,0,0
145,2026-07-24 12:13:34,7465.75,114,63,0,0
145,2026-07-24 12:13:34,7465.5,29,0,0,0
145,2026-07-24 12:13:34,7470,140,249,24,10
145,2026-07-24 12:13:34,7470.25,81,180,0,0
145,2026-07-24 12:13:34,7470.5,32,71,0,0
145,2026-07-24 12:13:34,7470.75,26,81,0,13
145,2026-07-24 12:13:34,7471,12,68,0,43
146,2026-07-24 12:18:01,7471,115,103,0,0
146,2026-07-24 12:18:01,7470.75,165,107,10,0
146,2026-07-24 12:18:01,7471.25,101,103,0,0
146,2026-07-24 12:18:01,7470.5,119,62,0,0
146,2026-07-24 12:18:01,7470.25,99,46,0,0
146,2026-07-24 12:18:01,7470,83,51,0,0
146,2026-07-24 12:18:01,7469.75,47,51,0,0
146,2026-07-24 12:18:01,7469.5,21,10,0,0
146,2026-07-24 12:18:01,7469.25,2,0,0,0
146,2026-07-24 12:18:01,7471.5,63,74,0,0
146,2026-07-24 12:18:01,7471.75,232,173,0,10
146,2026-07-24 12:18:01,7472,439,364,0,22
146,2026-07-24 12:18:01,7472.25,328,376,13,22
146,2026-07-24 12:18:01,7472.5,200,202,10,0
146,2026-07-24 12:18:01,7472.75,282,246,0,0
146,2026-07-24 12:18:01,7473,425,350,31,0
146,2026-07-24 12:18:01,7473.25,375,423,0,10
146,2026-07-24 12:18:01,7473.5,183,245,0,10
146,2026-07-24 12:18:01,7473.75,94,123,0,0
146,2026-07-24 12:18:01,7474,0,18,0,0
147,2026-07-24 12:22:07,7471,76,100,0,0
147,2026-07-24 12:22:07,7470.75,74,78,0,0
147,2026-07-24 12:22:07,7471.25,63,58,0,0
147,2026-07-24 12:22:07,7471.5,63,93,0,0
147,2026-07-24 12:22:07,7471.75,64,91,0,0
147,2026-07-24 12:22:07,7472,105,112,0,0
147,2026-07-24 12:22:07,7472.25,139,107,0,0
147,2026-07-24 12:22:07,7472.5,280,288,0,10
147,2026-07-24 12:22:07,7472.75,64,92,0,0
147,2026-07-24 12:22:07,7470.5,108,161,0,0
147,2026-07-24 12:22:07,7470.25,177,206,0,0
147,2026-07-24 12:22:07,7470,130,95,17,0
147,2026-07-24 12:22:07,7469.75,187,197,0,0
147,2026-07-24 12:22:07,7469.5,329,399,0,0
147,2026-07-24 12:22:07,7469.25,264,262,0,0
147,2026-07-24 12:22:07,7469,251,350,0,0
147,2026-07-24 12:22:07,7468.75,209,174,0,0
147,2026-07-24 12:22:07,7468.5,121,48,0,0
147,2026-07-24 12:22:07,7468.25,65,32,0,0
147,2026-07-24 12:22:07,7468,43,0,0,0
147,2026-07-24 12:22:07,7467.75,21,0,0,0
147,2026-07-24 12:22:07,7473,62,81,0,12
147,2026-07-24 12:22:07,7473.25,34,74,0,0
147,2026-07-24 12:22:07,7473.5,1,29,0,0
147,2026-07-24 12:22:07,7473.75,1,17,0,0
147,2026-07-24 12:22:07,7474,0,19,0,0
147,2026-07-24 12:22:07,7474.25,21,41,0,0
147,2026-07-24 12:22:07,7474.5,75,115,0,0
147,2026-07-24 12:22:07,7474.75,27,34,0,0
147,2026-07-24 12:22:07,7475,0,93,0,34
148,2026-07-24 12:27:05,7474.75,105,65,0,0
148,2026-07-24 12:27:05,7474.5,50,41,0,0
148,2026-07-24 12:27:05,7475,151,157,40,11
148,2026-07-24 12:27:05,7475.25,289,108,75,0
148,2026-07-24 12:27:05,7475.5,330,350,0,103
148,2026-07-24 12:27:05,7475.75,489,355,57,0
148,2026-07-24 12:27:05,7476,440,413,0,0
148,2026-07-24 12:27:05,7476.25,397,438,0,10
148,2026-07-24 12:27:05,7476.5,329,357,0,0
148,2026-07-24 12:27:05,7476.75,334,453,0,12
148,2026-07-24 12:27:05,7477,148,320,0,10
148,2026-07-24 12:27:05,7477.25,92,178,0,25
148,2026-07-24 12:27:05,7477.5,11,95,0,23
148,2026-07-24 12:27:05,7474.25,5,0,0,0
149,2026-07-24 12:30:30,7477,172,222,0,10
149,2026-07-24 12:30:30,7477.25,57,78,0,0
149,2026-07-24 12:30:30,7476.75,251,257,0,0
149,2026-07-24 12:30:30,7476.5,319,361,0,0
149,2026-07-24 12:30:30,7476.25,173,97,0,0
149,2026-07-24 12:30:30,7476,144,132,0,0
149,2026-07-24 12:30:30,7475.75,230,176,0,0
149,2026-07-24 12:30:30,7475.5,104,84,10,0
149,2026-07-24 12:30:30,7475.25,43,10,0,0
149,2026-07-24 12:30:30,7477.5,87,74,0,0
149,2026-07-24 12:30:30,7477.75,67,93,0,0
149,2026-07-24 12:30:30,7478,49,82,0,0
149,2026-07-24 12:30:30,7478.25,107,103,0,0
149,2026-07-24 12:30:30,7478.5,136,235,0,27
149,2026-07-24 12:30:30,7478.75,101,128,0,0
149,2026-07-24 12:30:30,7479,107,87,0,0
149,2026-07-24 12:30:30,7479.25,145,179,0,0
149,2026-07-24 12:30:30,7479.5,210,128,0,0
149,2026-07-24 12:30:30,7479.75,213,140,0,0
149,2026-07-24 12:30:30,7480,369,325,33,21
149,2026-07-24 12:30:30,7480.25,108,117,0,0
149,2026-07-24 12:30:30,7480.5,71,97,0,0
149,2026-07-24 12:30:30,7480.75,13,13,0,0
149,2026-07-24 12:30:30,7481,0,5,0,0
150,2026-07-24 12:35:23,7479.25,113,131,0,0
150,2026-07-24 12:35:23,7479.5,75,67,0,0
150,2026-07-24 12:35:23,7479.75,97,117,0,0
150,2026-07-24 12:35:23,7480,136,149,0,10
150,2026-07-24 12:35:23,7480.25,89,95,0,20
150,2026-07-24 12:35:23,7480.5,0,7,0,0
150,2026-07-24 12:35:23,7479,101,69,0,0
150,2026-07-24 12:35:23,7478.75,71,58,0,0
150,2026-07-24 12:35:23,7478.5,116,63,0,0
150,2026-07-24 12:35:23,7478.25,86,55,0,0
150,2026-07-24 12:35:23,7478,88,84,0,0
150,2026-07-24 12:35:23,7477.75,145,117,0,0
150,2026-07-24 12:35:23,7477.5,160,151,0,0
150,2026-07-24 12:35:23,7477.25,79,13,0,0
150,2026-07-24 12:35:23,7477,145,58,25,0
150,2026-07-24 12:35:23,7476.75,96,96,0,0
150,2026-07-24 12:35:23,7476.5,110,116,0,0
150,2026-07-24 12:35:23,7476.25,311,156,11,0
150,2026-07-24 12:35:23,7476,227,224,0,0
150,2026-07-24 12:35:23,7475.75,268,168,0,0
150,2026-07-24 12:35:23,7475.5,325,194,42,0
150,2026-07-24 12:35:23,7475.25,102,69,0,0
150,2026-07-24 12:35:23,7475,43,24,0,0
150,2026-07-24 12:35:23,7474.75,58,60,0,0
150,2026-07-24 12:35:23,7474.5,100,68,10,0
150,2026-07-24 12:35:23,7474.25,118,142,0,25
150,2026-07-24 12:35:23,7474,156,168,0,63
150,2026-07-24 12:35:23,7473.75,170,110,0,10
150,2026-07-24 12:35:23,7473.5,73,14,0,0
151,2026-07-24 12:40:09,7473.75,16,27,0,0
151,2026-07-24 12:40:09,7473.5,37,74,0,0
151,2026-07-24 12:40:09,7473.25,86,121,0,0
151,2026-07-24 12:40:09,7473,134,122,0,0
151,2026-07-24 12:40:09,7472.75,67,65,0,0
151,2026-07-24 12:40:09,7472.5,163,274,0,0
151,2026-07-24 12:40:09,7472.25,272,326,0,0
151,2026-07-24 12:40:09,7472,383,321,0,10
151,2026-07-24 12:40:09,7474,0,2,0,0
151,2026-07-24 12:40:09,7471.75,302,311,0,10
151,2026-07-24 12:40:09,7471.5,300,265,0,0
151,2026-07-24 12:40:09,7471.25,326,263,11,0
151,2026-07-24 12:40:09,7471,303,325,0,10
151,2026-07-24 12:40:09,7470.75,305,205,0,0
151,2026-07-24 12:40:09,7470.5,216,45,89,0
151,2026-07-24 12:40:09,7470.25,131,24,25,0
151,2026-07-24 12:40:09,7470,128,110,10,23
151,2026-07-24 12:40:09,7469.75,33,2,0,0
151,2026-07-24 12:40:09,7469.5,39,39,0,0
151,2026-07-24 12:40:09,7469.25,105,46,0,0
151,2026-07-24 12:40:09,7469,33,40,0,0
151,2026-07-24 12:40:09,7468.75,34,18,0,0
151,2026-07-24 12:40:09,7468.5,39,22,0,0
151,2026-07-24 12:40:09,7468.25,1,0,0,0
152,2026-07-24 12:45:11,7469.25,76,54,0,0
152,2026-07-24 12:45:11,7469.5,172,144,0,0
152,2026-07-24 12:45:11,7469.75,195,221,0,0
152,2026-07-24 12:45:11,7470,205,234,0,0
152,2026-07-24 12:45:11,7470.25,237,318,0,0
152,2026-07-24 12:45:11,7470.5,138,240,12,0
152,2026-07-24 12:45:11,7469,97,93,0,0
152,2026-07-24 12:45:11,7468.75,75,84,0,0
152,2026-07-24 12:45:11,7468.5,47,26,0,0
152,2026-07-24 12:45:11,7470.75,135,127,0,10
152,2026-07-24 12:45:11,7471,169,175,0,0
152,2026-07-24 12:45:11,7471.25,125,78,10,0
152,2026-07-24 12:45:11,7471.5,240,238,0,0
152,2026-07-24 12:45:11,7471.75,210,205,0,0
152,2026-07-24 12:45:11,7472,177,236,0,0
152,2026-07-24 12:45:11,7472.25,169,199,0,0
152,2026-07-24 12:45:11,7472.5,60,117,0,0
152,2026-07-24 12:45:11,7472.75,59,80,0,0
152,2026-07-24 12:45:11,7473,114,98,0,0
152,2026-07-24 12:45:11,7468.25,9,0,0,0
152,2026-07-24 12:45:11,7473.25,68,87,0,0
152,2026-07-24 12:45:11,7473.5,88,123,0,0
152,2026-07-24 12:45:11,7473.75,60,79,0,0
152,2026-07-24 12:45:11,7474,35,72,0,0
152,2026-07-24 12:45:11,7474.25,70,63,0,0
152,2026-07-24 12:45:11,7474.5,32,47,0,0
153,2026-07-24 12:51:37,7472.75,101,114,0,0
153,2026-07-24 12:51:37,7473,65,83,0,0
153,2026-07-24 12:51:37,7472.5,184,209,10,0
153,2026-07-24 12:51:37,7472.25,171,181,0,0
153,2026-07-24 12:51:37,7472,282,372,0,0
153,2026-07-24 12:51:37,7471.75,255,309,10,0
153,2026-07-24 12:51:37,7471.5,164,230,0,0
153,2026-07-24 12:51:37,7471.25,296,296,0,0
153,2026-07-24 12:51:37,7471,324,299,0,0
153,2026-07-24 12:51:37,7470.75,314,307,0,0
153,2026-07-24 12:51:37,7470.5,241,175,0,0
153,2026-07-24 12:51:37,7470.25,119,152,0,0
153,2026-07-24 12:51:37,7470,180,144,0,0
153,2026-07-24 12:51:37,7469.75,204,187,0,0
153,2026-07-24 12:51:37,7469.5,176,147,0,0
153,2026-07-24 12:51:37,7469.25,67,58,0,0
153,2026-07-24 12:51:37,7469,13,19,0,0
153,2026-07-24 12:51:37,7468.75,43,16,0,0
153,2026-07-24 12:51:37,7473.25,0,3,0,0
154,2026-07-24 12:58:31,7471.75,44,38,0,0
154,2026-07-24 12:58:31,7471.5,66,90,0,0
154,2026-07-24 12:58:31,7471.25,105,126,0,0
154,2026-07-24 12:58:31,7471,139,148,0,0
154,2026-07-24 12:58:31,7470.75,165,161,0,0
154,2026-07-24 12:58:31,7470.5,151,192,0,0
154,2026-07-24 12:58:31,7470.25,200,169,0,0
154,2026-07-24 12:58:31,7470,237,235,11,0
154,2026-07-24 12:58:31,7469.75,168,188,0,0
154,2026-07-24 12:58:31,7469.5,184,194,0,29
154,2026-07-24 12:58:31,7469.25,208,168,0,0
154,2026-07-24 12:58:31,7469,196,124,0,0
154,2026-07-24 12:58:31,7468.75,82,135,0,0
154,2026-07-24 12:58:31,7468.5,288,227,45,15
154,2026-07-24 12:58:31,7468.25,195,289,0,10
154,2026-07-24 12:58:31,7472,0,5,0,0
154,2026-07-24 12:58:31,7468,261,203,0,0
154,2026-07-24 12:58:31,7467.75,170,126,0,0
154,2026-07-24 12:58:31,7467.5,140,156,0,10
154,2026-07-24 12:58:31,7467.25,181,207,0,0
154,2026-07-24 12:58:31,7467,130,9,10,0
155,2026-07-24 13:04:16,7468.5,60,120,0,0
155,2026-07-24 13:04:16,7468.25,249,351,27,0
155,2026-07-24 13:04:16,7468,503,480,0,0
155,2026-07-24 13:04:16,7467.75,293,340,0,0
155,2026-07-24 13:04:16,7467.5,461,243,182,0
155,2026-07-24 13:04:16,7467.25,141,125,0,0
155,2026-07-24 13:04:16,7467,108,15,0,0
155,2026-07-24 13:04:16,7466.75,49,0,10,0
155,2026-07-24 13:04:16,7466.5,49,1,0,0
155,2026-07-24 13:04:16,7466.25,40,30,0,24
155,2026-07-24 13:04:16,7466,13,0,0,0
155,2026-07-24 13:04:16,7468.75,10,76,0,0
155,2026-07-24 13:04:16,7469,25,63,0,0
155,2026-07-24 13:04:16,7469.25,31,24,0,0
155,2026-07-24 13:04:16,7469.5,36,50,0,0
155,2026-07-24 13:04:16,7469.75,88,74,0,0
155,2026-07-24 13:04:16,7470,96,159,0,0
155,2026-07-24 13:04:16,7470.25,58,47,0,0
155,2026-07-24 13:04:16,7470.5,141,130,0,0
155,2026-07-24 13:04:16,7470.75,260,259,0,0
155,2026-07-24 13:04:16,7471,230,193,42,0
155,2026-07-24 13:04:16,7471.25,212,233,0,0
155,2026-07-24 13:04:16,7471.5,47,90,0,0
155,2026-07-24 13:04:16,7471.75,70,53,0,0
155,2026-07-24 13:04:16,7472,30,40,0,0
155,2026-07-24 13:04:16,7472.25,0,4,0,0
156,2026-07-24 13:09:22,7470.75,9,13,0,0
156,2026-07-24 13:09:22,7470.5,23,7,0,0
156,2026-07-24 13:09:22,7470.25,75,90,0,0
156,2026-07-24 13:09:22,7470,155,54,54,0
156,2026-07-24 13:09:22,7469.75,42,30,0,0
156,2026-07-24 13:09:22,7469.5,55,38,0,0
156,2026-07-24 13:09:22,7469.25,115,94,0,0
156,2026-07-24 13:09:22,7469,71,31,0,0
156,2026-07-24 13:09:22,7468.75,32,63,0,0
156,2026-07-24 13:09:22,7468.5,62,72,0,0
156,2026-07-24 13:09:22,7468.25,80,83,0,0
156,2026-07-24 13:09:22,7468,144,171,10,26
156,2026-07-24 13:09:22,7467.75,131,94,0,21
156,2026-07-24 13:09:22,7467.5,166,164,0,0
156,2026-07-24 13:09:22,7467.25,145,145,0,15
156,2026-07-24 13:09:22,7467,90,26,0,0
156,2026-07-24 13:09:22,7466.75,34,63,0,15
156,2026-07-24 13:09:22,7466.5,157,269,0,24
156,2026-07-24 13:09:22,7466.25,340,360,20,10
156,2026-07-24 13:09:22,7466,443,291,66,0
156,2026-07-24 13:09:22,7465.75,320,264,36,0
156,2026-07-24 13:09:22,7465.5,392,156,120,0
156,2026-07-24 13:09:22,7465.25,114,142,0,0
156,2026-07-24 13:09:22,7465,185,154,45,0
156,2026-07-24 13:09:22,7464.75,108,74,23,0
156,2026-07-24 13:09:22,7464.5,44,19,0,0
157,2026-07-24 13:14:13,7464.5,511,502,0,0
157,2026-07-24 13:14:13,7464.25,424,346,12,0
157,2026-07-24 13:14:13,7464,458,254,37,0
157,2026-07-24 13:14:13,7464.75,306,340,0,0
157,2026-07-24 13:14:13,7465,285,324,10,0
157,2026-07-24 13:14:13,7465.25,171,192,0,0
157,2026-07-24 13:14:13,7465.5,135,164,0,0
157,2026-07-24 13:14:13,7465.75,106,204,0,0
157,2026-07-24 13:14:13,7466,29,44,0,0
157,2026-07-24 13:14:13,7466.25,0,11,0,0
157,2026-07-24 13:14:13,7463.75,242,274,0,0
157,2026-07-24 13:14:13,7463.5,201,158,0,0
157,2026-07-24 13:14:13,7463.25,75,50,29,0
157,2026-07-24 13:14:13,7463,167,138,37,0
157,2026-07-24 13:14:13,7462.75,73,79,0,0
157,2026-07-24 13:14:13,7462.5,36,22,0,0
157,2026-07-24 13:14:13,7462.25,59,34,10,0
157,2026-07-24 13:14:13,7462,67,20,0,0
158,2026-07-24 13:18:56,7463.75,74,75,25,0
158,2026-07-24 13:18:56,7463.5,12,0,0,0
158,2026-07-24 13:18:56,7464,66,77,0,0
158,2026-07-24 13:18:56,7464.25,72,104,0,0
158,2026-07-24 13:18:56,7464.5,50,67,14,0
158,2026-07-24 13:18:56,7463.25,16,8,0,0
158,2026-07-24 13:18:56,7463,21,44,0,0
158,2026-07-24 13:18:56,7462.75,129,71,0,0
158,2026-07-24 13:18:56,7462.5,88,25,0,0
158,2026-07-24 13:18:56,7462.25,45,0,0,0
158,2026-07-24 13:18:56,7462,53,1,20,0
158,2026-07-24 13:18:56,7461.75,27,0,0,0
158,2026-07-24 13:18:56,7461.5,46,21,0,0
158,2026-07-24 13:18:56,7461.25,107,184,0,50
158,2026-07-24 13:18:56,7461,281,204,20,26
158,2026-07-24 13:18:56,7460.75,157,69,30,0
158,2026-07-24 13:18:56,7460.5,135,111,0,0
158,2026-07-24 13:18:56,7460.25,101,102,0,0
158,2026-07-24 13:18:56,7460,199,101,0,0
158,2026-07-24 13:18:56,7459.75,115,116,0,0
158,2026-07-24 13:18:56,7459.5,89,43,0,0
158,2026-07-24 13:18:56,7459.25,64,69,0,0
158,2026-07-24 13:18:56,7459,102,110,0,35
158,2026-07-24 13:18:56,7458.75,237,213,0,0
158,2026-07-24 13:18:56,7458.5,259,219,0,0
158,2026-07-24 13:18:56,7458.25,254,169,0,0
158,2026-07-24 13:18:56,7458,220,168,10,0
158,2026-07-24 13:18:56,7457.75,142,195,0,0
158,2026-07-24 13:18:56,7457.5,117,167,0,0
158,2026-07-24 13:18:56,7457.25,189,211,0,0
158,2026-07-24 13:18:56,7457,58,20,0,0
158,2026-07-24 13:18:56,7456.75,8,0,0,0
159,2026-07-24 13:21:57,7457.5,303,334,0,0
159,2026-07-24 13:21:57,7457.25,329,267,29,0
159,2026-07-24 13:21:57,7457,322,486,0,124
159,2026-07-24 13:21:57,7456.75,427,278,40,0
159,2026-07-24 13:21:57,7457.75,302,341,0,0
159,2026-07-24 13:21:57,7458,489,353,59,0
159,2026-07-24 13:21:57,7458.25,274,329,0,0
159,2026-07-24 13:21:57,7458.5,81,164,0,0
159,2026-07-24 13:21:57,7456.5,247,116,0,0
159,2026-07-24 13:21:57,7456.25,96,49,0,0
159,2026-07-24 13:21:57,7458.75,12,23,0,0
159,2026-07-24 13:21:57,7456,50,15,0,0
159,2026-07-24 13:21:57,7455.75,23,11,0,0
159,2026-07-24 13:21:57,7455.5,20,0,0,0
159,2026-07-24 13:21:57,7455.25,66,8,0,0
159,2026-07-24 13:21:57,7455,112,11,16,0
159,2026-07-24 13:21:57,7454.75,98,71,31,0
159,2026-07-24 13:21:57,7454.5,138,70,39,0
159,2026-07-24 13:21:57,7454.25,72,58,0,0
159,2026-07-24 13:21:57,7454,27,22,0,0
159,2026-07-24 13:21:57,7453.75,9,0,0,0
160,2026-07-24 13:25:35,7454.25,100,194,0,10
160,2026-07-24 13:25:35,7454,161,216,0,0
160,2026-07-24 13:25:35,7453.75,244,219,41,13
160,2026-07-24 13:25:35,7453.5,416,341,21,0
160,2026-07-24 13:25:35,7453.25,285,259,48,0
160,2026-07-24 13:25:35,7454.5,222,276,25,0
160,2026-07-24 13:25:35,7454.75,76,182,0,0
160,2026-07-24 13:25:35,7455,187,199,0,0
160,2026-07-24 13:25:35,7455.25,41,96,0,0
160,2026-07-24 13:25:35,7455.5,0,21,0,0
160,2026-07-24 13:25:35,7453,215,132,20,10
160,2026-07-24 13:25:35,7452.75,129,172,0,0
160,2026-07-24 13:25:35,7452.5,122,55,10,0
160,2026-07-24 13:25:35,7452.25,75,65,0,0
160,2026-07-24 13:25:35,7452,151,108,10,0
160,2026-07-24 13:25:35,7451.75,125,109,0,0
160,2026-07-24 13:25:35,7451.5,131,149,0,0
160,2026-07-24 13:25:35,7451.25,188,190,58,0
160,2026-07-24 13:25:35,7451,199,243,13,29
160,2026-07-24 13:25:35,7450.75,111,86,0,21
160,2026-07-24 13:25:35,7450.5,10,0,0,0
161,2026-07-24 13:28:34,7451,124,215,0,0
161,2026-07-24 13:28:34,7450.75,330,301,0,16
161,2026-07-24 13:28:34,7450.5,140,85,0,0
161,2026-07-24 13:28:34,7451.25,124,136,0,0
161,2026-07-24 13:28:34,7451.5,114,167,30,0
161,2026-07-24 13:28:34,7451.75,185,195,25,0
161,2026-07-24 13:28:34,7452,25,146,0,84
161,2026-07-24 13:28:34,7452.25,42,50,0,0
161,2026-07-24 13:28:34,7452.5,43,18,0,0
161,2026-07-24 13:28:34,7452.75,0,14,0,0
161,2026-07-24 13:28:34,7450.25,116,141,0,0
161,2026-07-24 13:28:34,7450,358,264,63,0
161,2026-07-24 13:28:34,7449.75,336,326,0,10
161,2026-07-24 13:28:34,7449.5,451,623,16,43
161,2026-07-24 13:28:34,7449.25,462,391,28,0
161,2026-07-24 13:28:34,7449,332,228,50,0
161,2026-07-24 13:28:34,7448.75,18,0,0,0
162,2026-07-24 13:30:43,7449.5,103,27,42,0
162,2026-07-24 13:30:43,7449.25,81,83,10,0
162,2026-07-24 13:30:43,7449.75,60,84,0,0
162,2026-07-24 13:30:43,7450,0,118,0,14
162,2026-07-24 13:30:43,7449,164,92,0,0
162,2026-07-24 13:30:43,7448.75,132,37,0,0
162,2026-07-24 13:30:43,7448.5,101,69,0,0
162,2026-07-24 13:30:43,7448.25,134,146,33,0
162,2026-07-24 13:30:43,7448,79,86,10,0
162,2026-07-24 13:30:43,7447.75,97,135,0,0
162,2026-07-24 13:30:43,7447.5,126,82,0,0
162,2026-07-24 13:30:43,7447.25,97,130,0,0
162,2026-07-24 13:30:43,7447,176,262,0,25
162,2026-07-24 13:30:43,7446.75,202,164,16,0
162,2026-07-24 13:30:43,7446.5,231,317,19,13
162,2026-07-24 13:30:43,7446.25,395,607,0,68
162,2026-07-24 13:30:43,7446,339,291,58,11
162,2026-07-24 13:30:43,7445.75,270,139,52,16
162,2026-07-24 13:30:43,7445.5,110,124,0,37
162,2026-07-24 13:30:43,7445.25,94,112,0,0
162,2026-07-24 13:30:43,7445,187,135,98,0
162,2026-07-24 13:30:43,7444.75,42,30,0,0
162,2026-07-24 13:30:43,7444.5,10,0,0,0
163,2026-07-24 13:32:24,7446.5,111,190,30,0
163,2026-07-24 13:32:24,7446.25,220,186,0,0
163,2026-07-24 13:32:24,7446,263,377,12,0
163,2026-07-24 13:32:24,7445.75,285,302,38,10
163,2026-07-24 13:32:24,7446.75,39,43,0,0
163,2026-07-24 13:32:24,7447,31,55,0,0
163,2026-07-24 13:32:24,7445.5,175,106,28,0
163,2026-07-24 13:32:24,7445.25,80,76,15,0
163,2026-07-24 13:32:24,7447.25,0,17,0,0
163,2026-07-24 13:32:24,7445,119,70,0,0
163,2026-07-24 13:32:24,7444.75,163,164,0,10
163,2026-07-24 13:32:24,7444.5,109,107,0,0
163,2026-07-24 13:32:24,7444.25,84,104,0,0
163,2026-07-24 13:32:24,7444,25,20,0,0
163,2026-07-24 13:32:24,7443.75,75,41,0,0
163,2026-07-24 13:32:24,7443.5,109,59,10,0
163,2026-07-24 13:32:24,7443.25,30,30,0,0
163,2026-07-24 13:32:24,7443,145,88,0,10
163,2026-07-24 13:32:24,7442.75,78,86,20,0
163,2026-07-24 13:32:24,7442.5,167,235,16,12
163,2026-07-24 13:32:24,7442.25,189,170,0,16
163,2026-07-24 13:32:24,7442,153,166,0,0
163,2026-07-24 13:32:24,7441.75,240,175,0,0
163,2026-07-24 13:32:24,7441.5,90,79,0,0
163,2026-07-24 13:32:24,7441.25,54,1,12,0
163,2026-07-24 13:32:24,7441,42,0,10,0
163,2026-07-24 13:32:24,7440.75,43,4,0,0
163,2026-07-24 13:32:24,7440.5,21,0,0,0
163,2026-07-24 13:32:24,7440.25,24,30,0,0
163,2026-07-24 13:32:24,7440,78,59,17,0
163,2026-07-24 13:32:24,7439.75,117,87,0,0
163,2026-07-24 13:32:24,7439.5,13,0,0,0
164,2026-07-24 13:34:32,7439.5,88,56,16,0
164,2026-07-24 13:34:32,7439.75,118,133,37,0
164,2026-07-24 13:34:32,7440,218,103,0,0
164,2026-07-24 13:34:32,7440.25,390,424,0,0
164,2026-07-24 13:34:32,7440.5,460,458,0,11
164,2026-07-24 13:34:32,7440.75,275,716,0,178
164,2026-07-24 13:34:32,7441,71,206,0,0
164,2026-07-24 13:34:32,7439.25,32,35,0,0
164,2026-07-24 13:34:32,7439,145,82,41,10
164,2026-07-24 13:34:32,7438.75,155,95,0,0
164,2026-07-24 13:34:32,7438.5,285,252,50,0
164,2026-07-24 13:34:32,7438.25,159,123,10,0
164,2026-07-24 13:34:32,7438,113,87,0,0
164,2026-07-24 13:34:32,7437.75,107,136,0,0
164,2026-07-24 13:34:32,7437.5,129,119,0,11
164,2026-07-24 13:34:32,7437.25,61,46,0,0
164,2026-07-24 13:34:32,7437,7,0,0,0
164,2026-07-24 13:34:32,7441.25,93,128,0,10
164,2026-07-24 13:34:32,7441.5,146,125,0,0
164,2026-07-24 13:34:32,7441.75,22,79,0,0
164,2026-07-24 13:34:32,7442,0,24,0,0
165,2026-07-24 13:36:06,7441.25,148,155,0,0
165,2026-07-24 13:36:06,7441.5,296,265,10,0
165,2026-07-24 13:36:06,7441.75,294,265,10,0
165,2026-07-24 13:36:06,7442,325,308,0,0
165,2026-07-24 13:36:06,7442.25,168,222,11,0
165,2026-07-24 13:36:06,7442.5,97,154,0,0
165,2026-07-24 13:36:06,7442.75,82,137,0,0
165,2026-07-24 13:36:06,7443,135,139,18,0
165,2026-07-24 13:36:06,7443.25,80,116,20,0
165,2026-07-24 13:36:06,7443.5,65,90,0,0
165,2026-07-24 13:36:06,7443.75,123,92,0,0
165,2026-07-24 13:36:06,7444,279,349,25,0
165,2026-07-24 13:36:06,7444.25,195,315,26,0
165,2026-07-24 13:36:06,7444.5,98,290,0,0
165,2026-07-24 13:36:06,7444.75,42,99,0,0
165,2026-07-24 13:36:06,7445,55,98,0,0
165,2026-07-24 13:36:06,7445.25,0,11,0,0
165,2026-07-24 13:36:06,7441,103,132,0,0
165,2026-07-24 13:36:06,7440.75,195,186,0,0
165,2026-07-24 13:36:06,7440.5,70,19,40,0
165,2026-07-24 13:36:06,7440.25,37,64,0,0
165,2026-07-24 13:36:06,7440,96,11,45,0
166,2026-07-24 13:37:56,7440.75,65,51,0,0
166,2026-07-24 13:37:56,7440.5,267,262,0,0
166,2026-07-24 13:37:56,7440.25,226,472,0,105
166,2026-07-24 13:37:56,7440,403,319,108,0
166,2026-07-24 13:37:56,7439.75,179,129,11,0
166,2026-07-24 13:37:56,7439.5,77,13,0,0
166,2026-07-24 13:37:56,7441,64,50,0,0
166,2026-07-24 13:37:56,7441.25,145,57,19,0
166,2026-07-24 13:37:56,7441.5,176,200,0,11
166,2026-07-24 13:37:56,7441.75,152,184,10,0
166,2026-07-24 13:37:56,7442,169,192,0,0
166,2026-07-24 13:37:56,7442.25,173,126,0,0
166,2026-07-24 13:37:56,7442.5,190,172,0,0
166,2026-07-24 13:37:56,7442.75,195,209,0,0
166,2026-07-24 13:37:56,7443,269,264,21,0
166,2026-07-24 13:37:56,7443.25,268,183,42,0
166,2026-07-24 13:37:56,7443.5,37,119,0,0
166,2026-07-24 13:37:56,7443.75,129,150,0,0
166,2026-07-24 13:37:56,7444,55,51,0,0
166,2026-07-24 13:37:56,7444.25,0,2,0,0
166,2026-07-24 13:37:56,7439.25,45,7,0,0
166,2026-07-24 13:37:56,7439,4,0,0,0
167,2026-07-24 13:39:43,7439.5,79,85,0,0
167,2026-07-24 13:39:43,7439.75,82,162,0,0
167,2026-07-24 13:39:43,7439.25,31,43,0,0
167,2026-07-24 13:39:43,7439,124,123,0,0
167,2026-07-24 13:39:43,7438.75,185,164,0,0
167,2026-07-24 13:39:43,7438.5,258,307,0,0
167,2026-07-24 13:39:43,7438.25,335,295,73,14
167,2026-07-24 13:39:43,7440,33,83,0,0
167,2026-07-24 13:39:43,7440.25,37,80,0,0
167,2026-07-24 13:39:43,7440.5,141,98,0,0
167,2026-07-24 13:39:43,7440.75,83,130,0,0
167,2026-07-24 13:39:43,7441,123,164,0,0
167,2026-07-24 13:39:43,7441.25,146,154,41,0
167,2026-07-24 13:39:43,7441.5,27,92,0,0
167,2026-07-24 13:39:43,7441.75,0,56,0,0
167,2026-07-24 13:39:43,7442,0,47,0,0
167,2026-07-24 13:39:43,7442.25,0,40,0,0
167,2026-07-24 13:39:43,7442.5,0,20,0,0
167,2026-07-24 13:39:43,7438,152,79,21,10
167,2026-07-24 13:39:43,7437.75,220,260,0,11
167,2026-07-24 13:39:43,7437.5,435,330,10,14
167,2026-07-24 13:39:43,7437.25,299,199,20,0
167,2026-07-24 13:39:43,7437,197,73,37,0
167,2026-07-24 13:39:43,7436.75,151,89,10,11
167,2026-07-24 13:39:43,7436.5,128,59,0,0
167,2026-07-24 13:39:43,7436.25,2,0,0,0
168,2026-07-24 13:41:39,7436.75,357,361,100,63
168,2026-07-24 13:41:39,7437,183,257,10,25
168,2026-07-24 13:41:39,7437.25,108,214,12,20
168,2026-07-24 13:41:39,7437.5,404,303,58,17
168,2026-07-24 13:41:39,7437.75,305,421,41,88
168,2026-07-24 13:41:39,7436.5,326,372,0,60
168,2026-07-24 13:41:39,7436.25,406,217,110,0
168,2026-07-24 13:41:39,7436,289,342,10,18
168,2026-07-24 13:41:39,7435.75,269,226,0,25
168,2026-07-24 13:41:39,7435.5,125,36,10,0
168,2026-07-24 13:41:39,7438,175,265,18,31
168,2026-07-24 13:41:39,7438.25,6,113,0,10
168,2026-07-24 13:41:39,7438.5,20,27,0,0
168,2026-07-24 13:41:39,7438.75,26,36,0,0
168,2026-07-24 13:41:39,7439,77,85,0,0
168,2026-07-24 13:41:39,7439.25,10,33,0,0
168,2026-07-24 13:41:39,7439.5,31,31,0,0
168,2026-07-24 13:41:39,7439.75,15,29,0,0
169,2026-07-24 13:43:24,7439.75,175,156,0,0
169,2026-07-24 13:43:24,7440,60,127,0,0
169,2026-07-24 13:43:24,7439.5,283,194,16,0
169,2026-07-24 13:43:24,7439.25,195,187,0,0
169,2026-07-24 13:43:24,7439,395,465,10,0
169,2026-07-24 13:43:24,7438.75,472,470,37,21
169,2026-07-24 13:43:24,7438.5,248,235,15,0
169,2026-07-24 13:43:24,7438.25,106,61,0,0
169,2026-07-24 13:43:24,7438,93,88,0,0
169,2026-07-24 13:43:24,7437.75,119,110,0,0
169,2026-07-24 13:43:24,7437.5,121,98,0,0
169,2026-07-24 13:43:24,7437.25,70,71,0,0
169,2026-07-24 13:43:24,7437,79,50,0,0
169,2026-07-24 13:43:24,7436.75,7,0,0,0
169,2026-07-24 13:43:24,7440.25,154,276,0,108
169,2026-07-24 13:43:24,7440.5,21,41,0,0
169,2026-07-24 13:43:24,7440.75,69,79,0,0
169,2026-07-24 13:43:24,7441,65,113,0,0
169,2026-07-24 13:43:24,7441.25,73,181,0,0
169,2026-07-24 13:43:24,7441.5,16,111,0,0
169,2026-07-24 13:43:24,7441.75,48,97,0,0
169,2026-07-24 13:43:24,7442,63,99,24,31
169,2026-07-24 13:43:24,7442.25,29,25,0,0
169,2026-07-24 13:43:24,7442.5,13,23,0,0
169,2026-07-24 13:43:24,7442.75,58,64,0,0
169,2026-07-24 13:43:24,7443,8,39,0,0
170,2026-07-24 13:45:37,7441.75,176,98,0,10
170,2026-07-24 13:45:37,7442,94,187,0,10
170,2026-07-24 13:45:37,7441.5,133,51,0,0
170,2026-07-24 13:45:37,7442.25,5,26,0,0
170,2026-07-24 13:45:37,7442.5,2,12,0,0
170,2026-07-24 13:45:37,7442.75,44,17,0,0
170,2026-07-24 13:45:37,7443,153,84,0,0
170,2026-07-24 13:45:37,7443.25,222,266,0,43
170,2026-07-24 13:45:37,7443.5,206,245,0,0
170,2026-07-24 13:45:37,7443.75,138,132,0,0
170,2026-07-24 13:45:37,7444,341,281,0,18
170,2026-07-24 13:45:37,7444.25,249,292,0,0
170,2026-07-24 13:45:37,7444.5,251,141,0,0
170,2026-07-24 13:45:37,7444.75,378,404,0,15
170,2026-07-24 13:45:37,7445,195,172,0,0
170,2026-07-24 13:45:37,7445.25,354,254,0,11
170,2026-07-24 13:45:37,7445.5,188,328,22,41
170,2026-07-24 13:45:37,7445.75,122,167,0,0
170,2026-07-24 13:45:37,7446,13,77,0,10
171,2026-07-24 13:48:30,7443.75,80,64,0,0
171,2026-07-24 13:48:30,7444,61,37,0,0
171,2026-07-24 13:48:30,7444.25,0,7,0,0
171,2026-07-24 13:48:30,7443.5,116,134,0,0
171,2026-07-24 13:48:30,7443.25,166,146,0,0
171,2026-07-24 13:48:30,7443,240,198,0,11
171,2026-07-24 13:48:30,7442.75,186,250,0,10
171,2026-07-24 13:48:30,7442.5,261,287,0,0
171,2026-07-24 13:48:30,7442.25,300,368,0,0
171,2026-07-24 13:48:30,7442,498,365,21,30
171,2026-07-24 13:48:30,7441.75,350,356,0,0
171,2026-07-24 13:48:30,7441.5,272,284,0,0
171,2026-07-24 13:48:30,7441.25,254,238,0,10
171,2026-07-24 13:48:30,7441,242,147,0,0
171,2026-07-24 13:48:30,7440.75,72,68,0,0
171,2026-07-24 13:48:30,7440.5,35,69,0,12
171,2026-07-24 13:48:30,7440.25,69,65,0,0
171,2026-07-24 13:48:30,7440,40,17,0,0
171,2026-07-24 13:48:30,7439.75,33,65,0,0
171,2026-07-24 13:48:30,7439.5,48,14,0,0
172,2026-07-24 13:53:25,7442,256,270,0,13
172,2026-07-24 13:53:25,7442.25,200,214,0,0
172,2026-07-24 13:53:25,7441.75,179,162,0,0
172,2026-07-24 13:53:25,7442.5,204,197,0,0
172,2026-07-24 13:53:25,7442.75,143,224,0,11
172,2026-07-24 13:53:25,7441.5,88,46,0,0
172,2026-07-24 13:53:25,7441.25,89,123,0,0
172,2026-07-24 13:53:25,7441,317,212,59,0
172,2026-07-24 13:53:25,7443,67,79,0,0
172,2026-07-24 13:53:25,7440.75,145,93,0,0
172,2026-07-24 13:53:25,7440.5,123,72,0,0
172,2026-07-24 13:53:25,7440.25,31,38,0,0
172,2026-07-24 13:53:25,7440,68,40,0,0
172,2026-07-24 13:53:25,7439.75,53,23,0,0
172,2026-07-24 13:53:25,7439.5,7,0,0,0
172,2026-07-24 13:53:25,7443.25,24,148,0,32
172,2026-07-24 13:53:25,7443.5,8,26,0,0
172,2026-07-24 13:53:25,7443.75,0,25,0,0
172,2026-07-24 13:53:25,7444,16,31,0,0
172,2026-07-24 13:53:25,7444.25,45,46,0,0
172,2026-07-24 13:53:25,7444.5,24,52,0,0
172,2026-07-24 13:53:25,7444.75,125,105,10,0
172,2026-07-24 13:53:25,7445,194,165,19,0
172,2026-07-24 13:53:25,7445.25,187,158,0,0
172,2026-07-24 13:53:25,7445.5,108,248,0,42
172,2026-07-24 13:53:25,7445.75,226,87,0,0
172,2026-07-24 13:53:25,7446,288,317,0,0
172,2026-07-24 13:53:25,7446.25,14,70,0,20
173,2026-07-24 13:57:45,7445.25,110,110,0,10
173,2026-07-24 13:57:45,7445.5,49,51,0,0
173,2026-07-24 13:57:45,7445.75,16,30,0,0
173,2026-07-24 13:57:45,7446,1,31,0,0
173,2026-07-24 13:57:45,7445,119,116,0,0
173,2026-07-24 13:57:45,7444.75,140,183,0,0
173,2026-07-24 13:57:45,7444.5,260,253,0,0
173,2026-07-24 13:57:45,7444.25,295,470,0,10
173,2026-07-24 13:57:45,7444,508,516,41,0
173,2026-07-24 13:57:45,7443.75,326,406,0,0
173,2026-07-24 13:57:45,7443.5,410,354,66,0
173,2026-07-24 13:57:45,7443.25,332,357,11,0
173,2026-07-24 13:57:45,7443,184,192,10,10
173,2026-07-24 13:57:45,7442.75,70,121,0,0
173,2026-07-24 13:57:45,7442.5,123,114,0,0
173,2026-07-24 13:57:45,7442.25,93,79,0,0
173,2026-07-24 13:57:45,7442,58,21,10,0
174,2026-07-24 14:00:56,7444.25,303,246,47,0
174,2026-07-24 14:00:56,7444.5,91,129,0,15
174,2026-07-24 14:00:56,7444,180,130,0,0
174,2026-07-24 14:00:56,7444.75,7,24,0,0
174,2026-07-24 14:00:56,7443.75,146,81,0,0
174,2026-07-24 14:00:56,7445,71,44,0,0
174,2026-07-24 14:00:56,7445.25,83,89,0,0
174,2026-07-24 14:00:56,7445.5,136,115,0,0
174,2026-07-24 14:00:56,7445.75,149,240,0,50
174,2026-07-24 14:00:56,7446,62,111,0,0
174,2026-07-24 14:00:56,7446.25,93,113,0,0
174,2026-07-24 14:00:56,7446.5,131,147,0,0
174,2026-07-24 14:00:56,7446.75,88,123,0,0
174,2026-07-24 14:00:56,7447,32,54,0,0
174,2026-07-24 14:00:56,7447.25,69,31,0,0
174,2026-07-24 14:00:56,7447.5,89,132,11,21
174,2026-07-24 14:00:56,7447.75,108,71,0,0
174,2026-07-24 14:00:56,7448,91,131,0,0
174,2026-07-24 14:00:56,7448.25,25,72,0,0
174,2026-07-24 14:00:56,7448.5,0,7,0,0
174,2026-07-24 14:00:56,7443.5,95,81,20,13
174,2026-07-24 14:00:56,7443.25,140,117,0,0
174,2026-07-24 14:00:56,7443,170,160,30,0
174,2026-07-24 14:00:56,7442.75,233,249,29,11
174,2026-07-24 14:00:56,7442.5,268,271,0,0
174,2026-07-24 14:00:56,7442.25,289,117,80,0
174,2026-07-24 14:00:56,7442,87,36,12,0
174,2026-07-24 14:00:56,7441.75,80,49,51,0
174,2026-07-24 14:00:56,7441.5,16,0,0,0
175,2026-07-24 14:03:25,7441.75,285,196,24,0
175,2026-07-24 14:03:25,7441.5,285,110,33,0
175,2026-07-24 14:03:25,7442,401,375,10,16
175,2026-07-24 14:03:25,7442.25,333,361,0,0
175,2026-07-24 14:03:25,7442.5,286,427,0,62
175,2026-07-24 14:03:25,7442.75,206,303,10,60
175,2026-07-24 14:03:25,7441.25,95,79,0,0
175,2026-07-24 14:03:25,7443,128,303,0,67
175,2026-07-24 14:03:25,7443.25,107,128,0,0
175,2026-07-24 14:03:25,7443.5,85,84,0,0
175,2026-07-24 14:03:25,7441,41,27,0,0
175,2026-07-24 14:03:25,7440.75,8,0,0,0
175,2026-07-24 14:03:25,7443.75,112,87,0,0
175,2026-07-24 14:03:25,7444,94,104,0,0
175,2026-07-24 14:03:25,7444.25,174,167,0,0
175,2026-07-24 14:03:25,7444.5,144,141,0,0
175,2026-07-24 14:03:25,7444.75,134,157,0,0
175,2026-07-24 14:03:25,7445,101,159,0,0
175,2026-07-24 14:03:25,7445.25,88,66,0,0
175,2026-07-24 14:03:25,7445.5,51,31,0,0
175,2026-07-24 14:03:25,7445.75,9,28,0,0
176,2026-07-24 14:06:37,7443,165,190,0,0
176,2026-07-24 14:06:37,7442.75,94,30,0,0
176,2026-07-24 14:06:37,7442.5,37,46,0,0
176,2026-07-24 14:06:37,7442.25,25,21,0,0
176,2026-07-24 14:06:37,7443.25,33,52,0,0
176,2026-07-24 14:06:37,7442,74,75,0,0
176,2026-07-24 14:06:37,7441.75,29,22,0,0
176,2026-07-24 14:06:37,7441.5,19,0,0,0
176,2026-07-24 14:06:37,7441.25,24,8,0,0
176,2026-07-24 14:06:37,7441,80,87,0,0
176,2026-07-24 14:06:37,7440.75,58,63,0,0
176,2026-07-24 14:06:37,7440.5,107,92,0,0
176,2026-07-24 14:06:37,7440.25,51,14,0,0
176,2026-07-24 14:06:37,7440,46,25,0,0
176,2026-07-24 14:06:37,7439.75,110,39,32,0
176,2026-07-24 14:06:37,7439.5,46,21,13,0
176,2026-07-24 14:06:37,7439.25,46,28,15,0
176,2026-07-24 14:06:37,7439,42,0,0,0
176,2026-07-24 14:06:37,7438.75,25,39,0,0
176,2026-07-24 14:06:37,7438.5,103,127,0,0
176,2026-07-24 14:06:37,7438.25,304,261,20,0
176,2026-07-24 14:06:37,7438,301,220,0,0
176,2026-07-24 14:06:37,7437.75,216,213,0,0
176,2026-07-24 14:06:37,7437.5,247,385,0,12
176,2026-07-24 14:06:37,7437.25,339,295,0,33
176,2026-07-24 14:06:37,7437,461,565,0,93
176,2026-07-24 14:06:37,7436.75,205,223,0,0
176,2026-07-24 14:06:37,7436.5,46,26,0,0
177,2026-07-24 14:09:15,7436.75,130,124,0,0
177,2026-07-24 14:09:15,7436.5,125,80,0,0
177,2026-07-24 14:09:15,7437,23,39,0,0
177,2026-07-24 14:09:15,7436.25,223,291,0,0
177,2026-07-24 14:09:15,7436,449,443,56,0
177,2026-07-24 14:09:15,7435.75,524,589,74,0
177,2026-07-24 14:09:15,7435.5,677,699,11,10
177,2026-07-24 14:09:15,7435.25,538,419,55,0
177,2026-07-24 14:09:15,7435,349,226,69,0
177,2026-07-24 14:09:15,7434.75,173,133,0,0
177,2026-07-24 14:09:15,7434.5,88,75,0,0
177,2026-07-24 14:09:15,7434.25,50,26,0,0
177,2026-07-24 14:09:15,7434,7,0,0,0
178,2026-07-24 14:11:45,7435.75,2,12,0,0
178,2026-07-24 14:11:45,7436,52,30,0,0
178,2026-07-24 14:11:45,7436.25,139,140,24,30
178,2026-07-24 14:11:45,7436.5,187,124,14,0
178,2026-07-24 14:11:45,7436.75,236,175,51,0
178,2026-07-24 14:11:45,7437,93,64,0,0
178,2026-07-24 14:11:45,7437.25,196,122,0,0
178,2026-07-24 14:11:45,7437.5,220,165,16,0
178,2026-07-24 14:11:45,7437.75,195,173,0,0
178,2026-07-24 14:11:45,7438,220,278,0,0
178,2026-07-24 14:11:45,7438.25,237,241,0,0
178,2026-07-24 14:11:45,7438.5,180,239,0,0
178,2026-07-24 14:11:45,7438.75,107,182,0,0
178,2026-07-24 14:11:45,7439,99,160,0,0
178,2026-07-24 14:11:45,7439.25,128,165,0,0
178,2026-07-24 14:11:45,7439.5,120,142,0,0
178,2026-07-24 14:11:45,7439.75,69,123,0,0
178,2026-07-24 14:11:45,7440,26,97,0,0
178,2026-07-24 14:11:45,7440.25,75,115,0,0
178,2026-07-24 14:11:45,7440.5,200,196,0,0
178,2026-07-24 14:11:45,7440.75,163,154,38,15
178,2026-07-24 14:11:45,7441,110,163,0,20
178,2026-07-24 14:11:45,7441.25,48,61,0,0
178,2026-07-24 14:11:45,7441.5,22,22,0,0
178,2026-07-24 14:11:45,7441.75,11,22,0,0
179,2026-07-24 14:14:15,7436.5,109,252,0,91
179,2026-07-24 14:14:15,7436.75,98,114,0,0
179,2026-07-24 14:14:15,7437,3,32,0,0
179,2026-07-24 14:14:15,7436.25,260,260,0,0
179,2026-07-24 14:14:15,7436,140,186,0,0
179,2026-07-24 14:14:15,7435.75,363,491,0,0
179,2026-07-24 14:14:15,7435.5,322,320,10,0
179,2026-07-24 14:14:15,7435.25,322,334,13,0
179,2026-07-24 14:14:15,7435,325,340,12,0
179,2026-07-24 14:14:15,7434.75,361,344,0,0
179,2026-07-24 14:14:15,7434.5,271,232,0,0
179,2026-07-24 14:14:15,7434.25,315,228,0,0
179,2026-07-24 14:14:15,7434,182,139,32,0
179,2026-07-24 14:14:15,7433.75,126,31,0,0
180,2026-07-24 14:17:33,7436.75,355,334,55,0
180,2026-07-24 14:17:33,7436.5,277,328,0,10
180,2026-07-24 14:17:33,7436.25,366,416,0,0
180,2026-07-24 14:17:33,7437,232,244,0,0
180,2026-07-24 14:17:33,7437.25,77,146,0,0
180,2026-07-24 14:17:33,7436,464,418,107,0
180,2026-07-24 14:17:33,7435.75,425,394,0,0
180,2026-07-24 14:17:33,7435.5,573,533,0,10
180,2026-07-24 14:17:33,7435.25,424,267,100,0
180,2026-07-24 14:17:33,7435,78,62,0,0
180,2026-07-24 14:17:33,7434.75,4,0,0,0
180,2026-07-24 14:17:33,7437.5,22,61,0,0
181,2026-07-24 14:20:20,7435.75,110,61,0,0
181,2026-07-24 14:20:20,7435.5,84,83,0,0
181,2026-07-24 14:20:20,7436,203,148,0,0
181,2026-07-24 14:20:20,7436.25,203,228,0,0
181,2026-07-24 14:20:20,7435.25,60,98,0,0
181,2026-07-24 14:20:20,7435,8,0,0,0
181,2026-07-24 14:20:20,7436.5,326,228,0,0
181,2026-07-24 14:20:20,7436.75,266,286,0,0
181,2026-07-24 14:20:20,7437,190,251,0,0
181,2026-07-24 14:20:20,7437.25,165,198,0,0
181,2026-07-24 14:20:20,7437.5,163,110,0,0
181,2026-07-24 14:20:20,7437.75,160,261,0,10
181,2026-07-24 14:20:20,7438,253,298,10,20
181,2026-07-24 14:20:20,7438.25,220,243,0,0
181,2026-07-24 14:20:20,7438.5,258,293,0,0
181,2026-07-24 14:20:20,7438.75,203,316,0,10
181,2026-07-24 14:20:20,7439,97,234,0,0
181,2026-07-24 14:20:20,7439.25,70,103,0,13
181,2026-07-24 14:20:20,7439.5,0,22,0,0
182,2026-07-24 14:24:00,7436.25,58,57,0,0
182,2026-07-24 14:24:00,7436.5,22,28,0,0
182,2026-07-24 14:24:00,7436.75,8,31,0,0
182,2026-07-24 14:24:00,7436,116,102,0,0
182,2026-07-24 14:24:00,7435.75,91,94,0,0
182,2026-07-24 14:24:00,7435.5,131,53,0,0
182,2026-07-24 14:24:00,7435.25,101,24,0,0
182,2026-07-24 14:24:00,7435,107,0,59,0
182,2026-07-24 14:24:00,7434.75,55,59,0,0
182,2026-07-24 14:24:00,7434.5,77,39,0,0
182,2026-07-24 14:24:00,7434.25,147,48,0,0
182,2026-07-24 14:24:00,7434,128,187,0,0
182,2026-07-24 14:24:00,7433.75,349,529,0,21
182,2026-07-24 14:24:00,7433.5,465,480,0,56
182,2026-07-24 14:24:00,7433.25,368,413,0,0
182,2026-07-24 14:24:00,7433,507,456,0,0
182,2026-07-24 14:24:00,7432.75,336,342,0,0
182,2026-07-24 14:24:00,7432.5,187,176,0,0
182,2026-07-24 14:24:00,7432.25,82,18,0,0
182,2026-07-24 14:24:00,7432,29,0,0,0
183,2026-07-24 14:26:47,7433.5,59,124,0,0
183,2026-07-24 14:26:47,7433.25,56,34,0,0
183,2026-07-24 14:26:47,7433.75,71,84,0,0
183,2026-07-24 14:26:47,7434,68,80,0,0
183,2026-07-24 14:26:47,7434.25,90,112,0,0
183,2026-07-24 14:26:47,7434.5,208,199,0,0
183,2026-07-24 14:26:47,7434.75,152,218,0,13
183,2026-07-24 14:26:47,7435,196,234,25,10
183,2026-07-24 14:26:47,7435.25,203,259,0,11
183,2026-07-24 14:26:47,7435.5,242,308,0,0
183,2026-07-24 14:26:47,7435.75,399,468,10,0
183,2026-07-24 14:26:47,7436,248,366,50,0
183,2026-07-24 14:26:47,7436.25,261,320,0,0
183,2026-07-24 14:26:47,7436.5,190,290,12,16
183,2026-07-24 14:26:47,7436.75,155,104,0,0
183,2026-07-24 14:26:47,7437,147,214,0,12
183,2026-07-24 14:26:47,7437.25,105,114,0,0
183,2026-07-24 14:26:47,7437.5,37,68,0,0
183,2026-07-24 14:26:47,7437.75,5,12,0,0
184,2026-07-24 14:29:58,7435.75,78,50,0,0
184,2026-07-24 14:29:58,7435.5,17,9,0,0
184,2026-07-24 14:29:58,7435.25,3,0,0,0
184,2026-07-24 14:29:58,7436,34,71,0,0
184,2026-07-24 14:29:58,7436.25,77,46,0,0
184,2026-07-24 14:29:58,7436.5,226,187,0,0
184,2026-07-24 14:29:58,7436.75,184,228,0,0
184,2026-07-24 14:29:58,7437,206,302,0,35
184,2026-07-24 14:29:58,7437.25,246,240,12,0
184,2026-07-24 14:29:58,7437.5,383,438,38,22
184,2026-07-24 14:29:58,7437.75,273,351,14,62
184,2026-07-24 14:29:58,7438,262,410,0,20
184,2026-07-24 14:29:58,7438.25,136,170,0,0
184,2026-07-24 14:29:58,7438.5,245,282,15,26
184,2026-07-24 14:29:58,7438.75,352,328,25,0
184,2026-07-24 14:29:58,7439,144,195,20,25
184,2026-07-24 14:29:58,7439.25,54,84,0,0
184,2026-07-24 14:29:58,7439.5,25,46,0,0
184,2026-07-24 14:29:58,7439.75,0,41,0,0
184,2026-07-24 14:29:58,7440,20,47,0,0
184,2026-07-24 14:29:58,7440.25,0,10,0,0
185,2026-07-24 14:32:03,7440,274,310,20,0
185,2026-07-24 14:32:03,7439.75,185,250,0,10
185,2026-07-24 14:32:03,7439.5,127,170,0,0
185,2026-07-24 14:32:03,7439.25,60,69,0,0
185,2026-07-24 14:32:03,7440.25,313,292,10,19
185,2026-07-24 14:32:03,7440.5,229,348,0,0
185,2026-07-24 14:32:03,7440.75,305,353,23,47
185,2026-07-24 14:32:03,7439,3,0,0,0
185,2026-07-24 14:32:03,7441,247,343,0,0
185,2026-07-24 14:32:03,7441.25,204,392,0,34
185,2026-07-24 14:32:03,7441.5,252,292,0,0
185,2026-07-24 14:32:03,7441.75,282,355,24,0
185,2026-07-24 14:32:03,7442,235,356,0,12
185,2026-07-24 14:32:03,7442.25,44,121,0,0
185,2026-07-24 14:32:03,7442.5,8,42,0,0
185,2026-07-24 14:32:03,7442.75,0,25,0,0
186,2026-07-24 14:33:36,7442.5,186,223,0,16
186,2026-07-24 14:33:36,7442.25,94,83,0,13
186,2026-07-24 14:33:36,7442,113,200,15,10
186,2026-07-24 14:33:36,7441.75,250,327,34,46
186,2026-07-24 14:33:36,7441.5,227,529,30,112
186,2026-07-24 14:33:36,7441.25,372,399,0,50
186,2026-07-24 14:33:36,7441,415,318,44,0
186,2026-07-24 14:33:36,7440.75,284,175,0,0
186,2026-07-24 14:33:36,7440.5,86,66,0,0
186,2026-07-24 14:33:36,7442.75,72,243,0,10
186,2026-07-24 14:33:36,7443,13,220,0,121
186,2026-07-24 14:33:36,7443.25,0,70,0,0
186,2026-07-24 14:33:36,7440.25,43,62,0,0
186,2026-07-24 14:33:36,7440,84,93,0,0
186,2026-07-24 14:33:36,7439.75,50,51,0,0
186,2026-07-24 14:33:36,7439.5,56,59,0,11
186,2026-07-24 14:33:36,7439.25,29,29,0,0
186,2026-07-24 14:33:36,7439,21,0,0,0
186,2026-07-24 14:33:36,7443.5,55,37,0,0
186,2026-07-24 14:33:36,7443.75,66,33,0,0
186,2026-07-24 14:33:36,7444,16,75,0,0
186,2026-07-24 14:33:36,7444.25,42,37,0,0
186,2026-07-24 14:33:36,7444.5,73,125,0,0
186,2026-07-24 14:33:36,7444.75,93,121,0,16
186,2026-07-24 14:33:36,7445,38,89,0,0
186,2026-07-24 14:33:36,7445.25,20,34,0,0
186,2026-07-24 14:33:36,7445.5,0,18,0,0
187,2026-07-24 14:35:17,7444.5,410,407,0,0
187,2026-07-24 14:35:17,7444.25,289,206,0,0
187,2026-07-24 14:35:17,7444,85,102,0,0
187,2026-07-24 14:35:17,7443.75,61,124,0,0
187,2026-07-24 14:35:17,7443.5,70,118,0,0
187,2026-07-24 14:35:17,7443.25,103,131,0,0
187,2026-07-24 14:35:17,7443,196,311,41,43
187,2026-07-24 14:35:17,7442.75,240,291,0,0
187,2026-07-24 14:35:17,7442.5,326,328,19,0
187,2026-07-24 14:35:17,7442.25,218,175,35,17
187,2026-07-24 14:35:17,7442,198,181,0,0
187,2026-07-24 14:35:17,7441.75,145,53,17,0
187,2026-07-24 14:35:17,7444.75,237,292,50,0
187,2026-07-24 14:35:17,7445,243,290,0,0
187,2026-07-24 14:35:17,7445.25,119,219,24,10
187,2026-07-24 14:35:17,7445.5,26,97,0,0
187,2026-07-24 14:35:17,7441.5,59,38,0,0
187,2026-07-24 14:35:17,7441.25,37,27,0,0
187,2026-07-24 14:35:17,7441,38,10,0,0
188,2026-07-24 14:37:07,7442.75,155,55,20,0
188,2026-07-24 14:37:07,7443,226,174,0,0
188,2026-07-24 14:37:07,7443.25,147,158,0,0
188,2026-07-24 14:37:07,7443.5,180,138,0,15
188,2026-07-24 14:37:07,7443.75,356,293,10,11
188,2026-07-24 14:37:07,7444,344,235,53,0
188,2026-07-24 14:37:07,7444.25,348,312,59,0
188,2026-07-24 14:37:07,7444.5,267,313,0,0
188,2026-07-24 14:37:07,7444.75,386,423,59,50
188,2026-07-24 14:37:07,7445,338,406,0,0
188,2026-07-24 14:37:07,7445.25,146,179,22,11
188,2026-07-24 14:37:07,7445.5,74,84,0,0
188,2026-07-24 14:37:07,7445.75,13,51,0,0
188,2026-07-24 14:37:07,7442.5,24,8,0,0
188,2026-07-24 14:37:07,7442.25,29,5,0,0
188,2026-07-24 14:37:07,7442,35,38,0,0
188,2026-07-24 14:37:07,7441.75,51,91,0,0
188,2026-07-24 14:37:07,7441.5,94,112,0,0
188,2026-07-24 14:37:07,7441.25,132,41,0,0
188,2026-07-24 14:37:07,7441,39,0,0,0
189,2026-07-24 14:39:45,7441.5,94,109,0,0
189,2026-07-24 14:39:45,7441.25,141,185,0,0
189,2026-07-24 14:39:45,7441,219,241,0,0
189,2026-07-24 14:39:45,7441.75,86,113,0,0
189,2026-07-24 14:39:45,7440.75,255,207,0,12
189,2026-07-24 14:39:45,7440.5,245,233,0,0
189,2026-07-24 14:39:45,7440.25,310,217,0,0
189,2026-07-24 14:39:45,7440,456,387,102,0
189,2026-07-24 14:39:45,7439.75,336,260,0,0
189,2026-07-24 14:39:45,7442,59,64,0,0
189,2026-07-24 14:39:45,7442.25,25,56,0,0
189,2026-07-24 14:39:45,7442.5,17,17,0,0
189,2026-07-24 14:39:45,7439.5,236,286,0,0
189,2026-07-24 14:39:45,7439.25,252,196,10,0
189,2026-07-24 14:39:45,7439,400,351,73,18
189,2026-07-24 14:39:45,7438.75,235,116,0,0
189,2026-07-24 14:39:45,7438.5,74,22,0,0
190,2026-07-24 14:42:34,7439,360,267,116,0
190,2026-07-24 14:42:34,7438.75,90,53,0,0
190,2026-07-24 14:42:34,7439.25,265,322,22,25
190,2026-07-24 14:42:34,7439.5,264,253,0,0
190,2026-07-24 14:42:34,7439.75,125,253,0,0
190,2026-07-24 14:42:34,7440,93,132,0,0
190,2026-07-24 14:42:34,7440.25,47,60,0,0
190,2026-07-24 14:42:34,7440.5,42,94,0,0
190,2026-07-24 14:42:34,7440.75,15,49,0,20
190,2026-07-24 14:42:34,7438.5,33,39,0,0
190,2026-07-24 14:42:34,7438.25,124,117,0,24
190,2026-07-24 14:42:34,7438,225,194,0,29
190,2026-07-24 14:42:34,7437.75,151,163,0,0
190,2026-07-24 14:42:34,7437.5,254,75,93,0
190,2026-07-24 14:42:34,7437.25,156,41,113,0
190,2026-07-24 14:42:34,7437,25,0,0,0
190,2026-07-24 14:42:34,7441,44,76,0,0
190,2026-07-24 14:42:34,7441.25,106,152,0,0
190,2026-07-24 14:42:34,7441.5,39,80,0,0
190,2026-07-24 14:42:34,7441.75,114,116,0,0
190,2026-07-24 14:42:34,7442,93,156,0,0
190,2026-07-24 14:42:34,7442.25,135,130,0,0
190,2026-07-24 14:42:34,7442.5,86,98,41,0
190,2026-07-24 14:42:34,7442.75,153,84,40,0
190,2026-07-24 14:42:34,7443,72,114,0,0
190,2026-07-24 14:42:34,7443.25,108,66,0,0
190,2026-07-24 14:42:34,7443.5,29,67,0,0
191,2026-07-24 14:45:19,7442.75,65,1,47,0
191,2026-07-24 14:45:19,7442.5,34,17,0,0
191,2026-07-24 14:45:19,7442.25,50,49,0,0
191,2026-07-24 14:45:19,7442,86,79,0,11
191,2026-07-24 14:45:19,7441.75,29,11,0,0
191,2026-07-24 14:45:19,7441.5,23,40,0,0
191,2026-07-24 14:45:19,7441.25,54,50,0,0
191,2026-07-24 14:45:19,7441,41,25,0,0
191,2026-07-24 14:45:19,7440.75,27,5,0,0
191,2026-07-24 14:45:19,7440.5,23,37,0,0
191,2026-07-24 14:45:19,7440.25,51,59,0,0
191,2026-07-24 14:45:19,7440,85,113,0,35
191,2026-07-24 14:45:19,7439.75,131,125,0,0
191,2026-07-24 14:45:19,7439.5,123,126,0,0
191,2026-07-24 14:45:19,7439.25,103,126,0,0
191,2026-07-24 14:45:19,7439,212,160,0,0
191,2026-07-24 14:45:19,7438.75,176,250,0,0
191,2026-07-24 14:45:19,7438.5,359,378,10,16
191,2026-07-24 14:45:19,7438.25,314,347,0,0
191,2026-07-24 14:45:19,7438,348,396,0,0
191,2026-07-24 14:45:19,7437.75,523,571,10,20
191,2026-07-24 14:45:19,7437.5,344,202,41,12
191,2026-07-24 14:45:19,7437.25,68,44,0,0
191,2026-07-24 14:45:19,7437,21,0,0,0
192,2026-07-24 14:48:39,7437.5,199,181,0,0
192,2026-07-24 14:48:39,7437.25,186,247,34,48
192,2026-07-24 14:48:39,7437,118,164,0,13
192,2026-07-24 14:48:39,7437.75,76,129,0,34
192,2026-07-24 14:48:39,7438,100,38,12,0
192,2026-07-24 14:48:39,7438.25,15,38,0,0
192,2026-07-24 14:48:39,7436.75,27,0,0,0
192,2026-07-24 14:48:39,7438.5,4,14,0,0
192,2026-07-24 14:48:39,7438.75,2,51,0,10
192,2026-07-24 14:48:39,7439,0,17,0,0
192,2026-07-24 14:48:39,7439.25,0,17,0,0
192,2026-07-24 14:48:39,7439.5,6,31,0,0
192,2026-07-24 14:48:39,7439.75,34,82,0,0
192,2026-07-24 14:48:39,7440,53,126,0,0
192,2026-07-24 14:48:39,7440.25,24,91,0,14
192,2026-07-24 14:48:39,7440.5,24,49,0,0
192,2026-07-24 14:48:39,7440.75,71,60,0,0
192,2026-07-24 14:48:39,7441,130,185,0,0
192,2026-07-24 14:48:39,7441.25,204,164,0,13
192,2026-07-24 14:48:39,7441.5,141,246,0,0
192,2026-07-24 14:48:39,7441.75,160,151,0,35
192,2026-07-24 14:48:39,7442,132,209,0,0
192,2026-07-24 14:48:39,7442.25,78,181,0,0
192,2026-07-24 14:48:39,7442.5,97,167,0,60
192,2026-07-24 14:48:39,7442.75,136,147,0,0
192,2026-07-24 14:48:39,7443,172,151,0,0
192,2026-07-24 14:48:39,7443.25,151,155,0,0
192,2026-07-24 14:48:39,7443.5,162,324,0,108
192,2026-07-24 14:48:39,7443.75,73,118,0,0
192,2026-07-24 14:48:39,7444,82,64,0,0
192,2026-07-24 14:48:39,7444.25,51,59,0,0
192,2026-07-24 14:48:39,7444.5,4,102,0,65
192,2026-07-24 14:48:39,7444.75,0,30,0,20
193,2026-07-24 14:50:14,7439.75,16,21,0,0
193,2026-07-24 14:50:14,7439.5,49,33,0,0
193,2026-07-24 14:50:14,7439.25,31,25,0,0
193,2026-07-24 14:50:14,7440,4,21,0,0
193,2026-07-24 14:50:14,7439,40,5,0,0
193,2026-07-24 14:50:14,7438.75,74,49,29,0
193,2026-07-24 14:50:14,7438.5,166,259,0,0
193,2026-07-24 14:50:14,7438.25,372,268,0,0
193,2026-07-24 14:50:14,7438,217,141,10,0
193,2026-07-24 14:50:14,7437.75,92,149,0,0
193,2026-07-24 14:50:14,7437.5,160,239,0,12
193,2026-07-24 14:50:14,7437.25,221,192,0,0
193,2026-07-24 14:50:14,7437,256,328,0,18
193,2026-07-24 14:50:14,7436.75,270,299,0,0
193,2026-07-24 14:50:14,7436.5,421,475,0,0
193,2026-07-24 14:50:14,7436.25,408,303,13,0
193,2026-07-24 14:50:14,7436,296,193,0,0
193,2026-07-24 14:50:14,7435.75,146,156,0,0
193,2026-07-24 14:50:14,7435.5,105,0,25,0
194,2026-07-24 14:52:56,7436.75,95,144,0,0
194,2026-07-24 14:52:56,7436.5,61,33,0,0
194,2026-07-24 14:52:56,7437,98,143,0,0
194,2026-07-24 14:52:56,7437.25,154,153,0,19
194,2026-07-24 14:52:56,7437.5,89,95,0,0
194,2026-07-24 14:52:56,7436.25,35,30,0,0
194,2026-07-24 14:52:56,7436,22,16,0,0
194,2026-07-24 14:52:56,7437.75,111,204,0,0
194,2026-07-24 14:52:56,7438,101,226,0,0
194,2026-07-24 14:52:56,7438.25,75,165,0,0
194,2026-07-24 14:52:56,7438.5,96,178,0,0
194,2026-07-24 14:52:56,7438.75,85,114,0,0
194,2026-07-24 14:52:56,7439,105,102,0,0
194,2026-07-24 14:52:56,7439.25,221,255,16,0
194,2026-07-24 14:52:56,7439.5,153,199,0,10
194,2026-07-24 14:52:56,7439.75,7,56,0,0
194,2026-07-24 14:52:56,7440,16,44,0,0
194,2026-07-24 14:52:56,7440.25,16,55,0,0
194,2026-07-24 14:52:56,7440.5,41,72,0,0
194,2026-07-24 14:52:56,7440.75,67,87,0,0
194,2026-07-24 14:52:56,7441,92,143,0,10
194,2026-07-24 14:52:56,7441.25,10,94,0,59
194,2026-07-24 14:52:56,7441.5,135,142,15,0
194,2026-07-24 14:52:56,7441.75,41,74,12,0
194,2026-07-24 14:52:56,7442,34,77,0,0
194,2026-07-24 14:52:56,7442.25,0,29,0,0
194,2026-07-24 14:52:56,7442.5,20,26,0,0
194,2026-07-24 14:52:56,7442.75,153,130,21,0
194,2026-07-24 14:52:56,7443,159,238,0,0
194,2026-07-24 14:52:56,7443.25,106,169,0,13
194,2026-07-24 14:52:56,7443.5,124,190,0,0
194,2026-07-24 14:52:56,7443.75,75,54,0,0
194,2026-07-24 14:52:56,7444,52,101,0,0
194,2026-07-24 14:52:56,7444.25,0,13,0,0
195,2026-07-24 14:54:50,7443.25,165,255,0,0
195,2026-07-24 14:54:50,7443.5,120,140,0,0
195,2026-07-24 14:54:50,7443.75,98,143,0,28
195,2026-07-24 14:54:50,7443,161,204,0,0
195,2026-07-24 14:54:50,7444,216,172,0,0
195,2026-07-24 14:54:50,7444.25,201,274,0,13
195,2026-07-24 14:54:50,7444.5,135,133,20,0
195,2026-07-24 14:54:50,7444.75,108,101,16,0
195,2026-07-24 14:54:50,7445,99,165,0,0
195,2026-07-24 14:54:50,7445.25,32,18,0,0
195,2026-07-24 14:54:50,7445.5,0,21,0,0
195,2026-07-24 14:54:50,7442.75,154,117,17,0
195,2026-07-24 14:54:50,7442.5,87,173,15,0
195,2026-07-24 14:54:50,7442.25,146,244,0,0
195,2026-07-24 14:54:50,7442,313,353,10,0
195,2026-07-24 14:54:50,7441.75,344,279,39,10
195,2026-07-24 14:54:50,7441.5,142,114,0,0
195,2026-07-24 14:54:50,7441.25,153,169,10,0
195,2026-07-24 14:54:50,7441,114,105,10,10
195,2026-07-24 14:54:50,7440.75,211,149,0,0
195,2026-07-24 14:54:50,7440.5,56,28,13,0
195,2026-07-24 14:54:50,7440.25,10,20,0,0
195,2026-07-24 14:54:50,7440,23,28,10,0
195,2026-07-24 14:54:50,7439.75,7,0,0,0
196,2026-07-24 14:56:00,7440.5,18,46,0,0
196,2026-07-24 14:56:00,7440.75,49,42,0,0
196,2026-07-24 14:56:00,7440.25,28,18,0,0
196,2026-07-24 14:56:00,7440,9,0,0,0
196,2026-07-24 14:56:00,7441,205,237,15,0
196,2026-07-24 14:56:00,7441.25,187,405,39,62
196,2026-07-24 14:56:00,7441.5,81,128,0,0
196,2026-07-24 14:56:00,7441.75,171,134,31,13
196,2026-07-24 14:56:00,7442,160,276,13,0
196,2026-07-24 14:56:00,7442.25,302,245,81,0
196,2026-07-24 14:56:00,7442.5,286,354,10,0
196,2026-07-24 14:56:00,7442.75,102,291,0,39
196,2026-07-24 14:56:00,7443,71,133,0,0
196,2026-07-24 14:56:00,7443.25,3,38,0,0
196,2026-07-24 14:56:00,7443.5,220,156,14,0
196,2026-07-24 14:56:00,7443.75,296,340,16,0
196,2026-07-24 14:56:00,7444,318,399,41,0
196,2026-07-24 14:56:00,7444.25,302,393,14,25
196,2026-07-24 14:56:00,7444.5,0,57,0,0
197,2026-07-24 14:57:47,7444.25,577,478,66,26
197,2026-07-24 14:57:47,7444,497,455,0,67
197,2026-07-24 14:57:47,7443.75,405,418,41,13
197,2026-07-24 14:57:47,7443.5,248,370,0,20
197,2026-07-24 14:57:47,7443.25,260,234,41,30
197,2026-07-24 14:57:47,7444.5,658,922,106,150
197,2026-07-24 14:57:47,7444.75,345,399,132,70
197,2026-07-24 14:57:47,7443,53,31,0,0
197,2026-07-24 14:57:47,7442.75,1,0,0,0
197,2026-07-24 14:57:47,7445,54,95,22,17
198,2026-07-24 14:59:01,7443.5,269,279,13,42
198,2026-07-24 14:59:01,7443.25,342,64,38,0
198,2026-07-24 14:59:01,7443.75,181,194,29,28
198,2026-07-24 14:59:01,7444,36,77,0,29
198,2026-07-24 14:59:01,7444.25,85,33,24,0
198,2026-07-24 14:59:01,7444.5,227,228,52,58
198,2026-07-24 14:59:01,7444.75,454,474,12,122
198,2026-07-24 14:59:01,7445,260,435,30,74
198,2026-07-24 14:59:01,7445.25,0,29,0,0
198,2026-07-24 14:59:01,7443,67,108,0,35
198,2026-07-24 14:59:01,7442.75,83,10,0,0
198,2026-07-24 14:59:01,7442.5,76,92,12,16
198,2026-07-24 14:59:01,7442.25,267,220,34,11
198,2026-07-24 14:59:01,7442,348,142,79,15
198,2026-07-24 14:59:01,7441.75,76,2,0,0
198,2026-07-24 14:59:01,7441.5,66,23,0,0
198,2026-07-24 14:59:01,7441.25,192,116,36,0
198,2026-07-24 14:59:01,7441,456,316,77,56
198,2026-07-24 14:59:01,7440.75,121,51,0,11
199,2026-07-24 14:59:29,7440.75,41,79,14,16
199,2026-07-24 14:59:29,7440.5,112,61,0,0
199,2026-07-24 14:59:29,7440.25,1,0,0,0
199,2026-07-24 14:59:29,7441,49,160,0,15
199,2026-07-24 14:59:29,7441.25,31,130,0,13
199,2026-07-24 14:59:29,7441.5,132,246,21,115
199,2026-07-24 14:59:29,7441.75,11,77,0,29
199,2026-07-24 14:59:29,7442,39,53,0,0
199,2026-07-24 14:59:29,7442.25,55,57,13,0
199,2026-07-24 14:59:29,7442.5,30,99,0,18
199,2026-07-24 14:59:29,7442.75,22,85,0,16
199,2026-07-24 14:59:29,7443,115,81,17,13
199,2026-07-24 14:59:29,7443.25,65,64,0,0
199,2026-07-24 14:59:29,7443.5,46,116,18,37
199,2026-07-24 14:59:29,7443.75,2,162,0,100
199,2026-07-24 14:59:29,7444,0,89,0,19
199,2026-07-24 14:59:29,7444.25,12,110,0,30
199,2026-07-24 14:59:29,7444.5,3,88,0,10
199,2026-07-24 14:59:29,7444.75,136,41,51,10
199,2026-07-24 14:59:29,7445,113,192,16,40
199,2026-07-24 14:59:29,7445.25,92,95,10,0
199,2026-07-24 14:59:29,7445.5,283,144,65,15
199,2026-07-24 14:59:29,7445.75,450,494,86,74
199,2026-07-24 14:59:29,7446,44,273,0,38
199,2026-07-24 14:59:29,7446.25,77,96,0,0
199,2026-07-24 14:59:29,7446.5,150,200,30,41
199,2026-07-24 14:59:29,7446.75,98,117,17,0
199,2026-07-24 14:59:29,7447,332,273,75,50
199,2026-07-24 14:59:29,7447.25,10,237,0,82
199,2026-07-24 14:59:29,7447.5,0,24,0,0
200,2026-07-24 14:59:39,7446.75,627,450,70,82
200,2026-07-24 14:59:39,7446.5,337,190,70,31
200,2026-07-24 14:59:39,7446.25,259,186,43,49
200,2026-07-24 14:59:39,7446,82,67,0,10
200,2026-07-24 14:59:39,7447,1229,646,302,60
200,2026-07-24 14:59:39,7447.25,764,969,141,130
200,2026-07-24 14:59:39,7447.5,87,433,15,110
200,2026-07-24 14:59:39,7447.75,22,103,0,25
200,2026-07-24 14:59:39,7448,0,56,0,0
201,2026-07-24 14:59:45,7446.75,1,5,0,0
201,2026-07-24 14:59:45,7447,12,40,10,0
201,2026-07-24 14:59:45,7447.25,260,141,85,36
201,2026-07-24 14:59:45,7447.5,403,532,10,69
201,2026-07-24 14:59:45,7447.75,556,359,60,46
201,2026-07-24 14:59:45,7448,793,829,86,105
201,2026-07-24 14:59:45,7448.25,171,604,13,146
201,2026-07-24 14:59:45,7448.5,4,91,0,20
201,2026-07-24 14:59:45,7448.75,77,141,0,12
201,2026-07-24 14:59:45,7449,115,102,0,13
201,2026-07-24 14:59:45,7449.25,332,275,10,14
201,2026-07-24 14:59:45,7449.5,301,305,71,28
201,2026-07-24 14:59:45,7449.75,0,51,0,0
202,2026-07-24 14:59:53,7449.25,945,571,122,60
202,2026-07-24 14:59:53,7449,465,360,85,68
202,2026-07-24 14:59:53,7449.5,565,843,100,145
202,2026-07-24 14:59:53,7449.75,447,532,89,132
202,2026-07-24 14:59:53,7450,162,172,11,32
202,2026-07-24 14:59:53,7450.25,143,188,45,32
202,2026-07-24 14:59:53,7450.5,37,159,0,37
202,2026-07-24 14:59:53,7450.75,0,94,0,20
202,2026-07-24 14:59:53,7451,0,29,0,0
202,2026-07-24 14:59:53,7448.75,311,283,71,32
202,2026-07-24 14:59:53,7448.5,71,54,0,16
202,2026-07-24 14:59:53,7448.25,68,0,14,0
203,2026-07-24 14:59:58,7448.75,630,964,56,312
203,2026-07-24 14:59:58,7448.5,621,940,120,179
203,2026-07-24 14:59:58,7448.25,1077,641,267,198
203,2026-07-24 14:59:58,7449,266,214,111,28
203,2026-07-24 14:59:58,7449.25,216,171,62,50
203,2026-07-24 14:59:58,7448,348,81,145,25
203,2026-07-24 14:59:58,7449.5,112,214,25,48
203,2026-07-24 14:59:58,7447.75,6,0,0,0
204,2026-07-24 14:59:59,7448.25,755,841,100,78
204,2026-07-24 14:59:59,7448.5,81,395,0,32
204,2026-07-24 14:59:59,7448,1026,878,85,118
204,2026-07-24 14:59:59,7447.75,726,218,45,10
204,2026-07-24 14:59:59,7447.5,288,178,15,0
204,2026-07-24 14:59:59,7448.75,51,177,0,87
204,2026-07-24 14:59:59,7449,2,123,0,24
204,2026-07-24 14:59:59,7447.25,214,169,0,16
204,2026-07-24 14:59:59,7447,200,116,0,0
204,2026-07-24 14:59:59,7446.75,62,0,16,0
205,2026-07-24 15:00:02,7447.25,33,61,0,0
205,2026-07-24 15:00:02,7447,135,248,11,12
205,2026-07-24 15:00:02,7446.75,210,140,0,0
205,2026-07-24 15:00:02,7446.5,74,141,0,47
205,2026-07-24 15:00:02,7446.25,107,79,12,10
205,2026-07-24 15:00:02,7446,192,189,30,39
205,2026-07-24 15:00:02,7445.75,263,325,11,31
205,2026-07-24 15:00:02,7445.5,654,392,261,10
205,2026-07-24 15:00:02,7445.25,266,198,0,0
205,2026-07-24 15:00:02,7445,79,85,0,0
205,2026-07-24 15:00:02,7444.75,92,172,0,42
205,2026-07-24 15:00:02,7444.5,203,264,82,22
205,2026-07-24 15:00:02,7444.25,363,373,38,58
205,2026-07-24 15:00:02,7444,283,228,52,32
205,2026-07-24 15:00:02,7443.75,241,271,50,49
205,2026-07-24 15:00:02,7443.5,93,35,10,0
205,2026-07-24 15:00:02,7443.25,9,0,0,0
206,2026-07-24 15:00:45,7446.5,126,71,10,0
206,2026-07-24 15:00:45,7446.25,179,138,0,0
206,2026-07-24 15:00:45,7446.75,59,138,0,0
206,2026-07-24 15:00:45,7447,115,73,0,0
206,2026-07-24 15:00:45,7447.25,132,154,34,0
206,2026-07-24 15:00:45,7447.5,266,95,24,0
206,2026-07-24 15:00:45,7447.75,297,277,10,27
206,2026-07-24 15:00:45,7448,258,275,14,74
206,2026-07-24 15:00:45,7448.25,350,240,49,0
206,2026-07-24 15:00:45,7448.5,207,349,30,55
206,2026-07-24 15:00:45,7448.75,160,196,16,0
206,2026-07-24 15:00:45,7449,4,39,0,0
206,2026-07-24 15:00:45,7446,112,61,0,0
206,2026-07-24 15:00:45,7445.75,119,60,41,0
206,2026-07-24 15:00:45,7445.5,136,186,15,0
206,2026-07-24 15:00:45,7445.25,276,317,53,23
206,2026-07-24 15:00:45,7445,249,107,51,12
206,2026-07-24 15:00:45,7444.75,162,221,10,26
206,2026-07-24 15:00:45,7444.5,120,106,10,0
206,2026-07-24 15:00:45,7444.25,60,11,0,0
207,2026-07-24 15:03:55,7444.25,237,396,0,22
207,2026-07-24 15:03:55,7444,475,450,13,0
207,2026-07-24 15:03:55,7443.75,455,331,10,16
207,2026-07-24 15:03:55,7443.5,284,219,31,12
207,2026-07-24 15:03:55,7443.25,253,305,0,44
207,2026-07-24 15:03:55,7443,302,353,0,0
207,2026-07-24 15:03:55,7442.75,431,369,0,0
207,2026-07-24 15:03:55,7444.5,117,147,0,0
207,2026-07-24 15:03:55,7444.75,0,39,0,0
207,2026-07-24 15:03:55,7442.5,188,178,0,0
207,2026-07-24 15:03:55,7442.25,293,280,0,0
207,2026-07-24 15:03:55,7442,240,78,12,0
207,2026-07-24 15:03:55,7441.75,13,0,0,0
207,2026-07-24 15:03:55,7445,0,52,0,0
207,2026-07-24 15:03:55,7445.25,0,16,0,0
208,2026-07-24 15:10:13,7443.25,45,84,0,0
208,2026-07-24 15:10:13,7443,180,113,0,10
208,2026-07-24 15:10:13,7442.75,73,81,0,22
208,2026-07-24 15:10:13,7442.5,62,50,0,0
208,2026-07-24 15:10:13,7442.25,39,71,0,0
208,2026-07-24 15:10:13,7442,41,17,0,0
208,2026-07-24 15:10:13,7441.75,40,15,0,0
208,2026-07-24 15:10:13,7443.5,0,4,0,0
208,2026-07-24 15:10:13,7443.75,9,19,0,0
208,2026-07-24 15:10:13,7444,2,13,0,0
208,2026-07-24 15:10:13,7444.25,6,71,0,32
208,2026-07-24 15:10:13,7444.5,102,64,0,0
208,2026-07-24 15:10:13,7444.75,236,136,37,0
208,2026-07-24 15:10:13,7445,414,227,50,0
208,2026-07-24 15:10:13,7445.25,332,266,24,11
208,2026-07-24 15:10:13,7445.5,281,250,40,10
208,2026-07-24 15:10:13,7445.75,471,299,31,10
208,2026-07-24 15:10:13,7446,323,309,27,22
208,2026-07-24 15:10:13,7446.25,106,113,0,0
208,2026-07-24 15:10:13,7446.5,70,158,0,55
208,2026-07-24 15:10:13,7446.75,117,117,0,0
208,2026-07-24 15:10:13,7447,139,149,0,11
208,2026-07-24 15:10:13,7447.25,79,160,0,0
208,2026-07-24 15:10:13,7447.5,164,102,11,0
208,2026-07-24 15:10:13,7447.75,87,100,18,0
208,2026-07-24 15:10:13,7448,32,60,0,0
209,2026-07-24 15:18:41,7447.75,352,273,25,28
209,2026-07-24 15:18:41,7448,228,306,20,0
209,2026-07-24 15:18:41,7448.25,73,110,0,20
209,2026-07-24 15:18:41,7447.5,252,192,0,0
209,2026-07-24 15:18:41,7447.25,235,225,14,15
209,2026-07-24 15:18:41,7448.5,123,154,0,20
209,2026-07-24 15:18:41,7447,176,208,0,39
209,2026-07-24 15:18:41,7446.75,148,49,0,0
209,2026-07-24 15:18:41,7446.5,22,81,0,11
209,2026-07-24 15:18:41,7448.75,48,63,0,0
209,2026-07-24 15:18:41,7449,19,37,0,0
209,2026-07-24 15:18:41,7449.25,8,30,0,0
209,2026-07-24 15:18:41,7449.5,49,30,20,10
209,2026-07-24 15:18:41,7449.75,35,69,0,18
209,2026-07-24 15:18:41,7450,14,77,0,0
209,2026-07-24 15:18:41,7446.25,216,225,17,39
209,2026-07-24 15:18:41,7446,142,64,13,17
209,2026-07-24 15:18:41,7445.75,68,38,0,0
209,2026-07-24 15:18:41,7445.5,48,10,0,0
209,2026-07-24 15:18:41,7445.25,22,0,0,0
209,2026-07-24 15:18:41,7445,153,97,10,0
209,2026-07-24 15:18:41,7444.75,67,5,0,0
209,2026-07-24 15:18:41,7444.5,99,58,0,10
209,2026-07-24 15:18:41,7444.25,69,15,0,0
209,2026-07-24 15:18:41,7444,80,92,0,0
209,2026-07-24 15:18:41,7443.75,75,81,0,0
209,2026-07-24 15:18:41,7443.5,110,38,0,0
209,2026-07-24 15:18:41,7443.25,60,31,0,0
209,2026-07-24 15:18:41,7443,40,5,0,0
209,2026-07-24 15:18:41,7442.75,71,36,44,0
209,2026-07-24 15:18:41,7442.5,19,3,0,0
209,2026-07-24 15:18:41,7442.25,11,0,0,0
209,2026-07-24 15:18:41,7442,29,13,0,0
209,2026-07-24 15:18:41,7441.75,43,21,0,0
209,2026-07-24 15:18:41,7441.5,25,14,0,0
209,2026-07-24 15:18:41,7441.25,31,43,0,0
209,2026-07-24 15:18:41,7441,81,98,0,11
209,2026-07-24 15:18:41,7440.75,18,15,0,0
209,2026-07-24 15:18:41,7440.5,7,0,0,0
209,2026-07-24 15:18:41,7440.25,28,48,0,0
209,2026-07-24 15:18:41,7440,48,31,0,0
209,2026-07-24 15:18:41,7439.75,53,10,0,0
209,2026-07-24 15:18:41,7439.5,12,0,0,0
210,2026-07-24 15:31:26,7439.75,222,167,58,0
210,2026-07-24 15:31:26,7439.5,151,113,17,0
210,2026-07-24 15:31:26,7440,99,227,0,21
210,2026-07-24 15:31:26,7439.25,28,0,0,0
210,2026-07-24 15:31:26,7440.25,69,129,0,0
210,2026-07-24 15:31:26,7440.5,64,102,10,25
210,2026-07-24 15:31:26,7440.75,59,57,0,0
210,2026-07-24 15:31:26,7441,98,153,13,20
210,2026-07-24 15:31:26,7441.25,108,69,0,0
210,2026-07-24 15:31:26,7441.5,111,127,10,38
210,2026-07-24 15:31:26,7441.75,178,143,0,0
210,2026-07-24 15:31:26,7442,180,169,23,10
210,2026-07-24 15:31:26,7442.25,164,137,24,0
210,2026-07-24 15:31:26,7442.5,170,241,0,30
210,2026-07-24 15:31:26,7442.75,140,137,0,0
210,2026-07-24 15:31:26,7443,153,234,0,37
210,2026-07-24 15:31:26,7443.25,190,197,0,18
210,2026-07-24 15:31:26,7443.5,247,406,10,127
210,2026-07-24 15:31:26,7443.75,190,143,27,0
210,2026-07-24 15:31:26,7444,79,119,19,11
210,2026-07-24 15:31:26,7444.25,49,58,0,0
210,2026-07-24 15:31:26,7444.5,121,112,0,0
210,2026-07-24 15:31:26,7444.75,34,89,0,0
210,2026-07-24 15:31:26,7445,4,30,0,0
210,2026-07-24 15:31:26,7445.25,65,38,13,0
210,2026-07-24 15:31:26,7445.5,21,21,0,0
210,2026-07-24 15:31:26,7445.75,62,23,0,0
210,2026-07-24 15:31:26,7446,0,1,0,0
211,2026-07-24 15:54:50,7445.25,56,40,0,0
211,2026-07-24 15:54:50,7445.5,201,121,79,0
211,2026-07-24 15:54:50,7445,139,65,24,0
211,2026-07-24 15:54:50,7444.75,68,104,0,0
211,2026-07-24 15:54:50,7444.5,88,120,0,0
211,2026-07-24 15:54:50,7444.25,91,119,0,13
211,2026-07-24 15:54:50,7444,66,58,0,0
211,2026-07-24 15:54:50,7443.75,27,36,0,0
211,2026-07-24 15:54:50,7445.75,15,50,0,10
211,2026-07-24 15:54:50,7446,61,41,0,0
211,2026-07-24 15:54:50,7446.25,66,25,52,0
211,2026-07-24 15:54:50,7446.5,58,45,0,0
211,2026-07-24 15:54:50,7446.75,26,38,0,0
211,2026-07-24 15:54:50,7447,75,74,0,0
211,2026-07-24 15:54:50,7447.25,0,5,0,0
211,2026-07-24 15:54:50,7443.5,44,98,0,34
211,2026-07-24 15:54:50,7443.25,110,58,0,0
211,2026-07-24 15:54:50,7443,38,0,0,0
211,2026-07-24 15:54:50,7490,145,512,94,500
211,2026-07-24 15:54:50,7490.25,28,11,0,0
211,2026-07-24 15:54:50,7491.25,5,27,0,0
211,2026-07-24 15:54:50,7490.5,21,26,0,0
211,2026-07-24 15:54:50,7491,7,30,0,0
211,2026-07-24 15:54:50,7491.75,2,14,0,0
211,2026-07-24 15:54:50,7492,16,24,0,0
211,2026-07-24 15:54:50,7492.25,4,6,0,0
211,2026-07-24 15:54:50,7491.5,8,4,0,0
211,2026-07-24 15:54:50,7492.5,0,9,0,0
211,2026-07-24 15:54:50,7492.75,0,12,0,0
211,2026-07-24 15:54:50,7493,0,7,0,0
211,2026-07-24 15:54:50,7493.25,1,10,0,0
211,2026-07-24 15:54:50,7493.5,2,9,0,0
211,2026-07-24 15:54:50,7489.5,17,29,0,0
211,2026-07-24 15:54:50,7489.25,12,26,0,0
211,2026-07-24 15:54:50,7489.75,10,12,0,0
211,2026-07-24 15:54:50,7490.75,6,9,0,0
211,2026-07-24 15:54:50,7489,41,10,0,0
211,2026-07-24 15:54:50,7488.75,7,11,0,0
211,2026-07-24 15:54:50,7488.5,10,8,0,0
211,2026-07-24 15:54:50,7488.25,8,0,0,0
211,2026-07-24 15:54:50,7488,9,1,0,0
211,2026-07-24 15:54:50,7487.75,22,2,13,0
211,2026-07-24 15:54:50,7487.5,5,4,0,0
211,2026-07-24 15:54:50,7487.25,7,8,0,0
211,2026-07-24 15:54:50,7487,10,0,0,0
211,2026-07-24 15:54:50,7486.75,1,0,0,0
211,2026-07-24 15:54:50,7486.5,4,0,0,0
211,2026-07-24 15:54:50,7486.25,5,0,0,0
211,2026-07-24 15:54:50,7486,12,0,10,0
211,2026-07-24 15:54:50,7493.75,4,8,0,0
211,2026-07-24 15:54:50,7494,0,12,0,0
211,2026-07-24 15:54:50,7494.25,2,6,0,0
211,2026-07-24 15:54:50,7494.5,0,6,0,0
211,2026-07-24 15:54:50,7494.75,5,3,0,0
211,2026-07-24 15:54:50,7495,16,12,0,0
211,2026-07-24 15:54:50,7495.25,6,11,0,0
211,2026-07-24 15:54:50,7495.5,1,8,0,0
211,2026-07-24 15:54:50,7495.75,0,7,0,0
211,2026-07-24 15:54:50,7496,5,40,0,0
211,2026-07-24 15:54:50,7496.25,7,11,0,0
211,2026-07-24 15:54:50,7496.5,1,7,0,0
211,2026-07-24 15:54:50,7496.75,1,8,0,0
211,2026-07-24 15:54:50,7497,10,46,0,25
211,2026-07-24 15:54:50,7497.25,21,7,0,0
211,2026-07-24 15:54:50,7497.5,5,4,0,0
211,2026-07-24 15:54:50,7497.75,25,26,15,0
211,2026-07-24 15:54:50,7498,14,35,10,0
211,2026-07-24 15:54:50,7498.25,0,11,0,0
211,2026-07-24 15:54:50,7498.5,0,6,0,0
211,2026-07-24 15:54:50,7498.75,0,6,0,0
211,2026-07-24 15:54:50,7499,1,22,0,0
211,2026-07-24 15:54:50,7499.25,0,16,0,0
211,2026-07-24 15:54:50,7499.5,1,13,0,0
211,2026-07-24 15:54:50,7499.75,6,9,0,0
211,2026-07-24 15:54:50,7500,25,44,0,10
211,2026-07-24 15:54:50,7500.25,11,6,0,0
211,2026-07-24 15:54:50,7500.5,14,18,0,0
211,2026-07-24 15:54:50,7500.75,8,5,0,0
211,2026-07-24 15:54:50,7501,6,34,0,0
211,2026-07-24 15:54:50,7501.25,22,14,17,0
211,2026-07-24 15:54:50,7501.5,12,39,0,0
211,2026-07-24 15:54:50,7501.75,14,17,0,0
211,2026-07-24 15:54:50,7502,44,91,0,67
211,2026-07-24 15:54:50,7502.25,39,12,0,0
211,2026-07-24 15:54:50,7502.5,28,45,0,0
211,2026-07-24 15:54:50,7503,89,58,14,0
211,2026-07-24 15:54:50,7503.25,81,48,18,0
211,2026-07-24 15:54:50,7504,21,102,0,42
211,2026-07-24 15:54:50,7502.75,24,31,0,0
211,2026-07-24 15:54:50,7503.75,56,35,16,0
211,2026-07-24 15:54:50,7503.5,39,33,0,0
211,2026-07-24 15:54:50,7504.25,17,31,0,0
211,2026-07-24 15:54:50,7504.5,22,52,0,12
211,2026-07-24 15:54:50,7504.75,4,14,0,0
211,2026-07-24 15:54:50,7505,7,105,0,60
211,2026-07-24 15:54:50,7505.25,8,10,0,0
211,2026-07-24 15:54:50,7505.5,32,8,16,0
211,2026-07-24 15:54:50,7505.75,41,19,0,0
211,2026-07-24 15:54:50,7506,19,27,0,0
211,2026-07-24 15:54:50,7506.25,96,20,0,0
211,2026-07-24 15:54:50,7506.5,41,30,21,0
211,2026-07-24 15:54:50,7506.75,7,35,0,25
211,2026-07-24 15:54:50,7507,32,15,0,0
211,2026-07-24 15:54:50,7507.5,22,16,0,0
211,2026-07-24 15:54:50,7507.75,163,30,0,0
211,2026-07-24 15:54:50,7507.25,21,11,0,0
211,2026-07-24 15:54:50,7508,96,67,41,18
211,2026-07-24 15:54:50,7508.25,47,24,20,0
211,2026-07-24 15:54:50,7508.5,2,17,0,0
211,2026-07-24 15:54:50,7508.75,0,13,0,0
211,2026-07-24 15:54:50,7509,10,22,0,12
211,2026-07-24 15:54:50,7509.25,26,9,0,0
211,2026-07-24 15:54:50,7509.5,0,2,0,0
212,2026-07-26 17:01:21,7501.5,0,38,0,19
212,2026-07-26 17:01:21,7501.75,2,5,0,0
212,2026-07-26 17:01:21,7502,0,4,0,0
212,2026-07-26 17:01:21,7500.75,259,16,242,0
212,2026-07-26 17:01:21,7501,16,20,0,0
212,2026-07-26 17:01:21,7500.5,27,35,0,0
212,2026-07-26 17:01:21,7501.25,3,13,0,0
212,2026-07-26 17:01:21,7500,62,143,0,88
212,2026-07-26 17:01:21,7499.75,53,44,0,0
212,2026-07-26 17:01:21,7499.5,29,148,0,0
212,2026-07-26 17:01:21,7500.25,1,29,0,0
212,2026-07-26 17:01:21,7499.25,30,46,0,0
212,2026-07-26 17:01:21,7499,59,79,10,19
212,2026-07-26 17:01:21,7498.75,174,49,72,0
212,2026-07-26 17:01:21,7498.5,36,70,0,0
212,2026-07-26 17:01:21,7498.25,52,79,0,0
212,2026-07-26 17:01:21,7498,157,112,46,0
212,2026-07-26 17:01:21,7497.75,69,77,0,0
212,2026-07-26 17:01:21,7497.5,151,108,0,11
212,2026-07-26 17:01:21,7497.25,61,94,0,0
212,2026-07-26 17:01:21,7497,73,86,0,0
212,2026-07-26 17:01:21,7496.75,60,69,0,0
212,2026-07-26 17:01:21,7496.5,119,79,68,0
212,2026-07-26 17:01:21,7496.25,78,95,0,0
212,2026-07-26 17:01:21,7496,98,117,0,15
212,2026-07-26 17:01:21,7495.75,100,99,0,0
212,2026-07-26 17:01:21,7495.5,154,143,16,0
212,2026-07-26 17:01:21,7495.25,87,71,0,0
212,2026-07-26 17:01:21,7495,119,95,0,0
212,2026-07-26 17:01:21,7494.75,119,47,0,0
212,2026-07-26 17:01:21,7494.5,44,56,0,0
212,2026-07-26 17:01:21,7494.25,62,31,0,0
212,2026-07-26 17:01:21,7494,74,37,25,0
212,2026-07-26 17:01:21,7493.75,42,50,10,0
212,2026-07-26 17:01:21,7493.5,61,88,11,0
212,2026-07-26 17:01:21,7493.25,45,60,0,0
212,2026-07-26 17:01:21,7493,73,91,0,0
212,2026-07-26 17:01:21,7492.75,42,90,0,10
212,2026-07-26 17:01:21,7492.5,61,85,0,11
212,2026-07-26 17:01:21,7492.25,73,64,0,0
212,2026-07-26 17:01:21,7492,70,74,0,0
212,2026-07-26 17:01:21,7491.75,75,73,0,0
212,2026-07-26 17:01:21,7491.5,81,81,0,0
212,2026-07-26 17:01:21,7491.25,77,76,0,12
212,2026-07-26 17:01:21,7491,118,33,0,0
212,2026-07-26 17:01:21,7490.75,55,28,10,17
212,2026-07-26 17:01:21,7490.5,41,7,0,0
212,2026-07-26 17:01:21,7490.25,21,0,0,0
212,2026-07-26 17:01:21,7490,7,0,0,0
213,2026-07-26 17:19:37,7494,130,148,0,0
213,2026-07-26 17:19:37,7493.75,213,119,11,0
213,2026-07-26 17:19:37,7494.25,193,152,10,17
213,2026-07-26 17:19:37,7494.5,190,184,24,10
213,2026-07-26 17:19:37,7494.75,152,151,10,0
213,2026-07-26 17:19:37,7495,133,131,0,0
213,2026-07-26 17:19:37,7495.25,134,118,0,0
213,2026-07-26 17:19:37,7495.5,169,149,16,0
213,2026-07-26 17:19:37,7495.75,173,184,0,0
213,2026-07-26 17:19:37,7496,115,183,0,10
213,2026-07-26 17:19:37,7496.25,72,141,0,0
213,2026-07-26 17:19:37,7496.5,139,121,35,0
213,2026-07-26 17:19:37,7496.75,72,95,0,0
213,2026-07-26 17:19:37,7493.5,196,197,30,18
213,2026-07-26 17:19:37,7493.25,224,192,11,0
213,2026-07-26 17:19:37,7497,70,93,0,0
213,2026-07-26 17:19:37,7497.25,53,33,0,0
213,2026-07-26 17:19:37,7497.5,10,50,0,0
213,2026-07-26 17:19:37,7497.75,25,29,0,0
213,2026-07-26 17:19:37,7498,68,39,0,0
213,2026-07-26 17:19:37,7498.25,25,43,0,0
213,2026-07-26 17:19:37,7498.5,1,36,0,0
213,2026-07-26 17:19:37,7493,188,103,0,0
213,2026-07-26 17:19:37,7492.75,153,84,22,0
213,2026-07-26 17:19:37,7492.5,90,106,0,0
213,2026-07-26 17:19:37,7492.25,68,55,0,0
213,2026-07-26 17:19:37,7492,113,64,0,0
213,2026-07-26 17:19:37,7491.75,101,40,10,0
213,2026-07-26 17:19:37,7491.5,76,22,0,0
213,2026-07-26 17:19:37,7491.25,65,12,0,0
213,2026-07-26 17:19:37,7491,15,0,0,0
214,2026-07-26 18:05:16,7496.5,89,35,0,0
214,2026-07-26 18:05:16,7496.25,34,17,0,0
214,2026-07-26 18:05:16,7496,16,16,0,0
214,2026-07-26 18:05:16,7496.75,69,54,0,0
214,2026-07-26 18:05:16,7497,38,77,0,0
214,2026-07-26 18:05:16,7497.25,27,35,0,0
214,2026-07-26 18:05:16,7497.5,74,85,0,25
214,2026-07-26 18:05:16,7497.75,41,69,0,0
214,2026-07-26 18:05:16,7498,72,91,0,0
214,2026-07-26 18:05:16,7495.75,20,25,0,0
214,2026-07-26 18:05:16,7495.5,14,12,0,0
214,2026-07-26 18:05:16,7495.25,11,1,0,0
214,2026-07-26 18:05:16,7495,1,0,0,0
214,2026-07-26 18:05:16,7498.25,89,79,0,0
214,2026-07-26 18:05:16,7498.5,175,185,23,0
214,2026-07-26 18:05:16,7498.75,182,200,0,13
214,2026-07-26 18:05:16,7499,107,144,0,0
214,2026-07-26 18:05:16,7499.25,155,108,13,0
214,2026-07-26 18:05:16,7499.5,267,276,14,0
214,2026-07-26 18:05:16,7499.75,157,210,0,0
214,2026-07-26 18:05:16,7500,98,178,14,30
214,2026-07-26 18:05:16,7500.25,58,53,0,0
214,2026-07-26 18:05:16,7500.5,8,48,0,0
214,2026-07-26 18:05:16,7500.75,2,15,0,0
214,2026-07-26 18:05:16,7501,18,39,0,30
214,2026-07-26 18:05:16,7501.25,13,31,0,0
214,2026-07-26 18:05:16,7501.5,52,66,0,0
214,2026-07-26 18:05:16,7501.75,44,55,0,0
214,2026-07-26 18:05:16,7502,84,107,0,14
214,2026-07-26 18:05:16,7502.25,88,104,0,0
214,2026-07-26 18:05:16,7502.5,96,86,0,0
214,2026-07-26 18:05:16,7502.75,29,85,0,0
214,2026-07-26 18:05:16,7503,24,60,0,0
214,2026-07-26 18:05:16,7503.25,35,54,0,0
214,2026-07-26 18:05:16,7503.5,28,29,0,0
214,2026-07-26 18:05:16,7503.75,39,20,0,0
214,2026-07-26 18:05:16,7504,49,66,0,10
214,2026-07-26 18:05:16,7504.25,81,85,0,10
214,2026-07-26 18:05:16,7504.5,98,91,0,0
214,2026-07-26 18:05:16,7504.75,87,99,0,13
214,2026-07-26 18:05:16,7505,141,209,0,75
214,2026-07-26 18:05:16,7505.25,49,51,0,0
214,2026-07-26 18:05:16,7505.5,9,74,0,17
214,2026-07-26 18:05:16,7505.75,21,14,0,0
214,2026-07-26 18:05:16,7506,4,49,0,16
214,2026-07-26 18:05:16,7506.25,0,8,0,0
214,2026-07-26 18:05:16,7506.5,8,13,0,0
214,2026-07-26 18:05:16,7506.75,27,16,0,0
214,2026-07-26 18:05:16,7507,20,28,0,0
215,2026-07-26 18:48:01,7506.25,19,6,0,0
215,2026-07-26 18:48:01,7506.5,55,70,0,0
215,2026-07-26 18:48:01,7506.75,105,94,0,0
215,2026-07-26 18:48:01,7507,45,61,0,0
215,2026-07-26 18:48:01,7507.25,53,35,19,0
215,2026-07-26 18:48:01,7507.5,52,65,0,0
215,2026-07-26 18:48:01,7507.75,137,87,0,0
215,2026-07-26 18:48:01,7508,247,150,72,0
215,2026-07-26 18:48:01,7508.25,136,130,0,0
215,2026-07-26 18:48:01,7508.5,139,88,0,0
215,2026-07-26 18:48:01,7508.75,72,110,0,0
215,2026-07-26 18:48:01,7509,36,61,0,0
215,2026-07-26 18:48:01,7509.25,56,31,0,0
215,2026-07-26 18:48:01,7509.5,44,58,0,0
215,2026-07-26 18:48:01,7509.75,88,100,0,0
215,2026-07-26 18:48:01,7510,143,181,0,15
215,2026-07-26 18:48:01,7510.25,116,137,0,0
215,2026-07-26 18:48:01,7510.5,160,154,0,14
215,2026-07-26 18:48:01,7510.75,217,212,0,10
215,2026-07-26 18:48:01,7511,205,229,0,0
215,2026-07-26 18:48:01,7511.25,84,77,0,0
215,2026-07-26 18:48:01,7511.5,50,78,0,0
215,2026-07-26 18:48:01,7511.75,47,50,0,0
215,2026-07-26 18:48:01,7512,50,44,0,0
215,2026-07-26 18:48:01,7506,28,50,0,0
215,2026-07-26 18:48:01,7505.75,33,4,0,0
215,2026-07-26 18:48:01,7505.5,14,2,0,0
215,2026-07-26 18:48:01,7505.25,37,36,0,0
215,2026-07-26 18:48:01,7505,96,72,0,0
215,2026-07-26 18:48:01,7504.75,69,87,0,0
215,2026-07-26 18:48:01,7504.5,94,68,0,0
215,2026-07-26 18:48:01,7504.25,69,66,0,0
215,2026-07-26 18:48:01,7504,94,67,0,0
215,2026-07-26 18:48:01,7503.75,76,45,14,0
215,2026-07-26 18:48:01,7503.5,36,17,0,0
215,2026-07-26 18:48:01,7503.25,30,32,0,0
215,2026-07-26 18:48:01,7503,59,28,0,0
215,2026-07-26 18:48:01,7502.75,39,37,0,0
215,2026-07-26 18:48:01,7502.5,62,86,0,0
215,2026-07-26 18:48:01,7502.25,83,40,0,0
215,2026-07-26 18:48:01,7502,53,20,0,0
215,2026-07-26 18:48:01,7501.75,34,16,0,0
215,2026-07-26 18:48:01,7501.5,9,0,0,0
215,2026-07-26 18:48:01,7501.25,9,8,0,0
215,2026-07-26 18:48:01,7501,12,2,0,0
215,2026-07-26 18:48:01,7500.75,11,6,0,0
216,2026-07-26 19:08:14,7503.25,85,67,0,0
216,2026-07-26 19:08:14,7503.5,74,109,0,0
216,2026-07-26 19:08:14,7503.75,47,63,0,0
216,2026-07-26 19:08:14,7503,45,40,0,0
216,2026-07-26 19:08:14,7504,74,41,0,0
216,2026-07-26 19:08:14,7504.25,50,52,0,0
216,2026-07-26 19:08:14,7504.5,50,49,0,0
216,2026-07-26 19:08:14,7504.75,41,47,0,0
216,2026-07-26 19:08:14,7505,29,26,0,0
216,2026-07-26 19:08:14,7502.75,29,16,0,0
216,2026-07-26 19:08:14,7502.5,41,46,0,0
216,2026-07-26 19:08:14,7502.25,65,50,0,0
216,2026-07-26 19:08:14,7502,19,44,0,0
216,2026-07-26 19:08:14,7505.25,19,22,0,0
216,2026-07-26 19:08:14,7505.5,35,37,0,0
216,2026-07-26 19:08:14,7505.75,11,18,0,0
216,2026-07-26 19:08:14,7506,17,19,0,0
216,2026-07-26 19:08:14,7506.25,27,25,0,0
216,2026-07-26 19:08:14,7506.5,91,75,0,0
216,2026-07-26 19:08:14,7506.75,103,81,0,0
216,2026-07-26 19:08:14,7507,118,147,0,0
216,2026-07-26 19:08:14,7507.25,134,82,0,0
216,2026-07-26 19:08:14,7507.5,83,85,0,0
216,2026-07-26 19:08:14,7507.75,50,77,0,0
216,2026-07-26 19:08:14,7508,50,65,0,0
216,2026-07-26 19:08:14,7508.25,33,39,0,0
216,2026-07-26 19:08:14,7508.5,28,39,0,0
216,2026-07-26 19:08:14,7508.75,35,55,0,0
216,2026-07-26 19:08:14,7509,29,44,0,0
216,2026-07-26 19:08:14,7509.25,17,33,0,0
216,2026-07-26 19:08:14,7509.5,4,23,0,0
216,2026-07-26 19:08:14,7509.75,11,7,0,0
216,2026-07-26 19:08:14,7510,1,35,0,0
216,2026-07-26 19:08:14,7501.75,27,30,0,0
216,2026-07-26 19:08:14,7501.5,85,59,13,0
216,2026-07-26 19:08:14,7501.25,121,82,10,10
216,2026-07-26 19:08:14,7501,87,50,0,0
216,2026-07-26 19:08:14,7500.75,58,57,0,0
216,2026-07-26 19:08:14,7500.5,90,62,0,0
216,2026-07-26 19:08:14,7500.25,52,87,0,0
216,2026-07-26 19:08:14,7500,82,74,0,0
216,2026-07-26 19:08:14,7499.75,46,27,0,0
216,2026-07-26 19:08:14,7499.5,18,47,0,0
216,2026-07-26 19:08:14,7499.25,35,70,0,0
216,2026-07-26 19:08:14,7499,105,71,0,0
216,2026-07-26 19:08:14,7498.75,66,108,0,0
216,2026-07-26 19:08:14,7498.5,95,110,0,0
216,2026-07-26 19:08:14,7498.25,120,205,0,0
216,2026-07-26 19:08:14,7498,119,89,0,0
216,2026-07-26 19:08:14,7497.75,124,163,0,0
216,2026-07-26 19:08:14,7497.5,134,92,0,0
216,2026-07-26 19:08:14,7497.25,59,68,0,0
216,2026-07-26 19:08:14,7497,76,65,0,0
216,2026-07-26 19:08:14,7496.75,25,17,0,0
216,2026-07-26 19:08:14,7496.5,18,9,0,0
216,2026-07-26 19:08:14,7496.25,12,0,0,0
217,2026-07-26 19:27:38,7501,39,92,0,0
217,2026-07-26 19:27:38,7501.25,22,48,0,0
217,2026-07-26 19:27:38,7500.75,102,71,0,0
217,2026-07-26 19:27:38,7500,181,112,0,0
217,2026-07-26 19:27:38,7500.25,109,167,0,0
217,2026-07-26 19:27:38,7500.5,126,92,10,0
217,2026-07-26 19:27:38,7499.5,99,115,0,0
217,2026-07-26 19:27:38,7499.25,88,101,0,0
217,2026-07-26 19:27:38,7499.75,86,109,0,0
217,2026-07-26 19:27:38,7499,137,122,0,0
217,2026-07-26 19:27:38,7498.75,106,89,0,0
217,2026-07-26 19:27:38,7498.5,42,28,0,0
217,2026-07-26 19:27:38,7501.5,14,42,0,0
217,2026-07-26 19:27:38,7501.75,25,15,0,0
217,2026-07-26 19:27:38,7502,14,23,0,0
217,2026-07-26 19:27:38,7502.25,0,5,0,0
217,2026-07-26 19:27:38,7498.25,33,26,0,0
217,2026-07-26 19:27:38,7498,83,54,0,0
217,2026-07-26 19:27:38,7497.75,91,77,0,0
217,2026-07-26 19:27:38,7497.5,83,48,0,0
217,2026-07-26 19:27:38,7497.25,78,46,0,0
217,2026-07-26 19:27:38,7497,62,62,0,0
217,2026-07-26 19:27:38,7496.75,81,66,0,0
217,2026-07-26 19:27:38,7496.5,124,128,0,10
217,2026-07-26 19:27:38,7496.25,132,129,0,0
217,2026-07-26 19:27:38,7496,246,234,0,0
217,2026-07-26 19:27:38,7495.75,190,180,0,15
217,2026-07-26 19:27:38,7495.5,139,156,0,0
217,2026-07-26 19:27:38,7495.25,209,169,0,0
217,2026-07-26 19:27:38,7495,155,127,0,0
217,2026-07-26 19:27:38,7494.75,91,57,0,0
217,2026-07-26 19:27:38,7494.5,72,33,0,0
217,2026-07-26 19:27:38,7494.25,73,52,0,0
217,2026-07-26 19:27:38,7494,35,21,0,0
217,2026-07-26 19:27:38,7493.75,51,45,0,0
217,2026-07-26 19:27:38,7493.5,91,34,0,0
217,2026-07-26 19:27:38,7493.25,80,37,0,0
217,2026-07-26 19:27:38,7493,28,26,0,0
217,2026-07-26 19:27:38,7492.75,15,4,0,0
217,2026-07-26 19:27:38,7492.5,20,7,0,0
218,2026-07-26 19:58:04,7494.5,87,55,10,0
218,2026-07-26 19:58:04,7494.75,65,63,0,0
218,2026-07-26 19:58:04,7495,60,40,20,0
218,2026-07-26 19:58:04,7494.25,65,73,0,0
218,2026-07-26 19:58:04,7494,108,87,0,0
218,2026-07-26 19:58:04,7493.75,143,105,0,0
218,2026-07-26 19:58:04,7493.5,132,134,0,0
218,2026-07-26 19:58:04,7493.25,120,114,0,0
218,2026-07-26 19:58:04,7493,93,96,0,0
218,2026-07-26 19:58:04,7492.75,105,76,0,0
218,2026-07-26 19:58:04,7492.5,121,85,0,0
218,2026-07-26 19:58:04,7495.25,51,60,0,0
218,2026-07-26 19:58:04,7495.5,34,36,0,0
218,2026-07-26 19:58:04,7495.75,56,34,0,0
218,2026-07-26 19:58:04,7496,64,75,0,0
218,2026-07-26 19:58:04,7496.25,17,49,0,0
218,2026-07-26 19:58:04,7496.5,5,30,0,0
218,2026-07-26 19:58:04,7492.25,173,106,37,0
218,2026-07-26 19:58:04,7492,141,109,0,0
218,2026-07-26 19:58:04,7491.75,133,99,0,0
218,2026-07-26 19:58:04,7491.5,81,40,0,0
218,2026-07-26 19:58:04,7491.25,105,47,0,0
218,2026-07-26 19:58:04,7491,137,97,10,0
218,2026-07-26 19:58:04,7490.75,189,176,0,0
218,2026-07-26 19:58:04,7490.5,321,257,0,0
218,2026-07-26 19:58:04,7490.25,184,111,0,0
218,2026-07-26 19:58:04,7490,127,101,0,0
218,2026-07-26 19:58:04,7489.75,136,133,0,0
218,2026-07-26 19:58:04,7489.5,105,48,0,0
218,2026-07-26 19:58:04,7489.25,36,60,0,0
218,2026-07-26 19:58:04,7489,69,56,0,0
218,2026-07-26 19:58:04,7488.75,60,36,0,0
218,2026-07-26 19:58:04,7488.5,62,65,0,10
218,2026-07-26 19:58:04,7488.25,62,70,0,0
218,2026-07-26 19:58:04,7488,84,27,0,0
218,2026-07-26 19:58:04,7487.75,18,6,0,0
218,2026-07-26 19:58:04,7487.5,46,15,0,0
218,2026-07-26 19:58:04,7487.25,21,9,0,0
218,2026-07-26 19:58:04,7487,4,0,0,0
219,2026-07-26 20:25:35,7489.75,61,49,0,0
219,2026-07-26 20:25:35,7489.5,64,48,0,0
219,2026-07-26 20:25:35,7489.25,57,64,0,0
219,2026-07-26 20:25:35,7489,74,92,0,0
219,2026-07-26 20:25:35,7490,49,37,0,0
219,2026-07-26 20:25:35,7488.75,58,33,0,0
219,2026-07-26 20:25:35,7490.25,38,51,0,10
219,2026-07-26 20:25:35,7488.5,41,18,0,0
219,2026-07-26 20:25:35,7488.25,39,15,0,0
219,2026-07-26 20:25:35,7488,6,0,0,0
219,2026-07-26 20:25:35,7490.5,23,40,0,0
219,2026-07-26 20:25:35,7490.75,27,25,0,0
219,2026-07-26 20:25:35,7491,21,68,0,0
219,2026-07-26 20:25:35,7491.25,15,48,0,0
219,2026-07-26 20:25:35,7491.5,6,35,0,0
219,2026-07-26 20:25:35,7491.75,37,20,0,0
219,2026-07-26 20:25:35,7492,29,48,0,0
219,2026-07-26 20:25:35,7492.25,40,35,0,0
219,2026-07-26 20:25:35,7492.5,33,34,0,0
219,2026-07-26 20:25:35,7492.75,33,27,0,0
219,2026-07-26 20:25:35,7493,25,37,0,0
219,2026-07-26 20:25:35,7493.25,19,8,0,0
219,2026-07-26 20:25:35,7493.5,32,29,0,0
219,2026-07-26 20:25:35,7493.75,72,41,0,0
219,2026-07-26 20:25:35,7494,84,51,0,0
219,2026-07-26 20:25:35,7494.25,82,68,0,0
219,2026-07-26 20:25:35,7494.5,133,91,0,0
219,2026-07-26 20:25:35,7494.75,124,104,0,0
219,2026-07-26 20:25:35,7495,139,120,0,0
219,2026-07-26 20:25:35,7495.25,147,103,0,0
219,2026-07-26 20:25:35,7495.5,227,146,0,0
219,2026-07-26 20:25:35,7495.75,166,211,0,0
219,2026-07-26 20:25:35,7496,131,272,0,10
219,2026-07-26 20:25:35,7496.25,101,125,0,0
219,2026-07-26 20:25:35,7496.5,69,89,0,0
219,2026-07-26 20:25:35,7496.75,96,113,0,0
219,2026-07-26 20:25:35,7497,99,154,0,0
219,2026-07-26 20:25:35,7497.25,103,92,0,19
219,2026-07-26 20:25:35,7497.5,118,122,0,0
219,2026-07-26 20:25:35,7497.75,119,113,0,0
219,2026-07-26 20:25:35,7498,77,129,0,0
219,2026-07-26 20:25:35,7498.25,63,89,0,0
219,2026-07-26 20:25:35,7498.5,99,95,0,0
219,2026-07-26 20:25:35,7498.75,31,52,0,0
219,2026-07-26 20:25:35,7499,42,61,0,0
219,2026-07-26 20:25:35,7499.25,8,37,0,0
219,2026-07-26 20:25:35,7499.5,0,4,0,0
220,2026-07-26 21:00:45,7498.75,227,216,0,0
220,2026-07-26 21:00:45,7498.5,147,242,0,16
220,2026-07-26 21:00:45,7498.25,200,137,13,0
220,2026-07-26 21:00:45,7499,174,194,0,0
220,2026-07-26 21:00:45,7498,144,178,0,26
220,2026-07-26 21:00:45,7497.75,135,118,0,10
220,2026-07-26 21:00:45,7497.5,183,103,0,0
220,2026-07-26 21:00:45,7499.25,184,213,0,12
220,2026-07-26 21:00:45,7499.5,148,191,0,0
220,2026-07-26 21:00:45,7499.75,182,223,0,52
220,2026-07-26 21:00:45,7500,211,245,0,40
220,2026-07-26 21:00:45,7500.25,128,155,0,18
220,2026-07-26 21:00:45,7500.5,66,77,0,0
220,2026-07-26 21:00:45,7497.25,140,72,0,0
220,2026-07-26 21:00:45,7497,114,116,0,0
220,2026-07-26 21:00:45,7496.75,109,87,18,0
220,2026-07-26 21:00:45,7496.5,39,36,0,0
220,2026-07-26 21:00:45,7496.25,32,27,0,0
220,2026-07-26 21:00:45,7496,41,12,0,0
220,2026-07-26 21:00:45,7495.75,7,0,0,0
220,2026-07-26 21:00:45,7500.75,88,145,0,50
220,2026-07-26 21:00:45,7501,77,119,0,0
220,2026-07-26 21:00:45,7501.25,103,83,0,0
220,2026-07-26 21:00:45,7501.5,145,147,0,0
220,2026-07-26 21:00:45,7501.75,92,128,0,0
220,2026-07-26 21:00:45,7502,19,59,0,0
220,2026-07-26 21:00:45,7502.25,11,18,0,0
220,2026-07-26 21:00:45,7502.5,0,13,0,0
221,2026-07-26 21:53:09,7499,248,150,0,0
221,2026-07-26 21:53:09,7499.25,244,195,0,0
221,2026-07-26 21:53:09,7499.5,214,202,0,0
221,2026-07-26 21:53:09,7499.75,184,200,0,0
221,2026-07-26 21:53:09,7500,193,259,0,0
221,2026-07-26 21:53:09,7498.75,92,81,0,0
221,2026-07-26 21:53:09,7500.25,138,126,0,0
221,2026-07-26 21:53:09,7500.5,161,135,0,0
221,2026-07-26 21:53:09,7500.75,167,195,11,0
221,2026-07-26 21:53:09,7501,149,185,0,0
221,2026-07-26 21:53:09,7501.25,114,113,0,0
221,2026-07-26 21:53:09,7501.5,199,124,0,0
221,2026-07-26 21:53:09,7501.75,153,188,0,0
221,2026-07-26 21:53:09,7502,155,141,0,0
221,2026-07-26 21:53:09,7502.25,154,146,0,0
221,2026-07-26 21:53:09,7502.5,131,203,0,0
221,2026-07-26 21:53:09,7502.75,154,211,0,0
221,2026-07-26 21:53:09,7503,136,211,0,0
221,2026-07-26 21:53:09,7503.25,75,173,0,0
221,2026-07-26 21:53:09,7503.5,4,44,0,0
221,2026-07-26 21:53:09,7498.5,77,18,0,0
221,2026-07-26 21:53:09,7498.25,14,4,0,0
221,2026-07-26 21:53:09,7498,19,10,0,0
221,2026-07-26 21:53:09,7503.75,0,11,0,0
222,2026-07-26 23:22:10,7503.75,91,105,0,0
222,2026-07-26 23:22:10,7503.5,61,113,0,20
222,2026-07-26 23:22:10,7503.25,77,48,0,0
222,2026-07-26 23:22:10,7503,92,83,0,0
222,2026-07-26 23:22:10,7502.75,37,26,0,0
222,2026-07-26 23:22:10,7502.5,24,34,0,0
222,2026-07-26 23:22:10,7502.25,20,8,0,0
222,2026-07-26 23:22:10,7502,9,24,0,0
222,2026-07-26 23:22:10,7501.75,49,40,0,0
222,2026-07-26 23:22:10,7501.5,25,22,0,0
222,2026-07-26 23:22:10,7501.25,19,19,0,0
222,2026-07-26 23:22:10,7501,39,55,0,0
222,2026-07-26 23:22:10,7500.75,26,21,0,0
222,2026-07-26 23:22:10,7500.5,21,30,0,0
222,2026-07-26 23:22:10,7500.25,36,28,0,0
222,2026-07-26 23:22:10,7500,50,36,0,0
222,2026-07-26 23:22:10,7499.75,20,26,0,0
222,2026-07-26 23:22:10,7499.5,3,0,0,0
222,2026-07-26 23:22:10,7504,43,51,0,0
222,2026-07-26 23:22:10,7504.25,70,86,0,0
222,2026-07-26 23:22:10,7504.5,112,119,0,0
222,2026-07-26 23:22:10,7504.75,157,150,0,0
222,2026-07-26 23:22:10,7505,196,192,0,0
222,2026-07-26 23:22:10,7505.25,166,174,0,0
222,2026-07-26 23:22:10,7505.5,186,238,0,0
222,2026-07-26 23:22:10,7505.75,128,219,0,0
222,2026-07-26 23:22:10,7506,80,147,0,0
222,2026-07-26 23:22:10,7506.25,70,93,0,16
222,2026-07-26 23:22:10,7506.5,63,105,0,0
222,2026-07-26 23:22:10,7506.75,35,44,0,0
222,2026-07-26 23:22:10,7507,36,69,0,0
222,2026-07-26 23:22:10,7507.25,51,60,0,0
222,2026-07-26 23:22:10,7507.5,32,45,0,0
222,2026-07-26 23:22:10,7507.75,5,69,0,36
222,2026-07-26 23:22:10,7508,14,38,0,0
222,2026-07-26 23:22:10,7508.25,85,66,0,0
222,2026-07-26 23:22:10,7508.5,130,158,0,0
222,2026-07-26 23:22:10,7508.75,100,165,0,0
222,2026-07-26 23:22:10,7509,57,105,0,0
222,2026-07-26 23:22:10,7509.25,67,106,0,0
222,2026-07-26 23:22:10,7509.5,34,97,0,0
222,2026-07-26 23:22:10,7509.75,41,53,0,0
222,2026-07-26 23:22:10,7510,243,160,96,0
222,2026-07-26 23:22:10,7510.25,2,71,0,0
223,2026-07-27 00:23:54,7509.5,171,49,0,0
223,2026-07-27 00:23:54,7509.75,132,138,0,0
223,2026-07-27 00:23:54,7510,107,99,0,0
223,2026-07-27 00:23:54,7509.25,13,7,0,0
223,2026-07-27 00:23:54,7510.25,64,49,0,0
223,2026-07-27 00:23:54,7510.5,102,72,19,0
223,2026-07-27 00:23:54,7510.75,121,113,0,0
223,2026-07-27 00:23:54,7511,147,124,0,0
223,2026-07-27 00:23:54,7511.25,26,48,0,0
223,2026-07-27 00:23:54,7511.5,69,85,0,0
223,2026-07-27 00:23:54,7511.75,84,121,0,0
223,2026-07-27 00:23:54,7512,143,206,0,21
223,2026-07-27 00:23:54,7512.25,165,96,10,0
223,2026-07-27 00:23:54,7512.5,49,70,0,0
223,2026-07-27 00:23:54,7512.75,102,111,13,0
223,2026-07-27 00:23:54,7513,131,201,0,0
223,2026-07-27 00:23:54,7513.25,64,166,0,0
223,2026-07-27 00:23:54,7513.5,181,107,37,0
223,2026-07-27 00:23:54,7513.75,100,110,0,0
223,2026-07-27 00:23:54,7514,100,156,0,25
223,2026-07-27 00:23:54,7514.25,187,139,14,0
223,2026-07-27 00:23:54,7514.5,479,300,109,0
223,2026-07-27 00:23:54,7514.75,90,186,0,0
223,2026-07-27 00:23:54,7515,141,154,24,0
223,2026-07-27 00:23:54,7515.25,68,92,0,0
223,2026-07-27 00:23:54,7515.5,30,62,0,0
223,2026-07-27 00:23:54,7515.75,25,62,0,0
223,2026-07-27 00:23:54,7516,16,115,0,24
223,2026-07-27 00:23:54,7516.25,1,32,0,0
223,2026-07-27 00:23:54,7516.5,5,29,0,0
223,2026-07-27 00:23:54,7516.75,15,40,0,0
223,2026-07-27 00:23:54,7517,0,33,0,0
224,2026-07-27 01:01:13,7517.25,398,372,49,20
224,2026-07-27 01:01:13,7517.5,342,363,0,0
224,2026-07-27 01:01:13,7517.75,281,225,34,10
224,2026-07-27 01:01:13,7518,192,190,11,0
224,2026-07-27 01:01:13,7518.25,108,143,0,0
224,2026-07-27 01:01:13,7517,761,431,167,0
224,2026-07-27 01:01:13,7516.75,284,129,16,0
224,2026-07-27 01:01:13,7516.5,122,23,46,0
224,2026-07-27 01:01:13,7516.25,28,17,0,0
224,2026-07-27 01:01:13,7518.5,42,44,0,0
224,2026-07-27 01:01:13,7518.75,162,117,39,31
224,2026-07-27 01:01:13,7519,99,145,0,45
224,2026-07-27 01:01:13,7519.25,97,51,0,0
224,2026-07-27 01:01:13,7519.5,106,72,0,0
224,2026-07-27 01:01:13,7519.75,154,89,0,0
224,2026-07-27 01:01:13,7520,0,150,0,38
224,2026-07-27 01:01:13,7516,54,30,0,0
224,2026-07-27 01:01:13,7515.75,87,44,0,0
224,2026-07-27 01:01:13,7515.5,48,11,0,0
224,2026-07-27 01:01:13,7515.25,62,14,0,0
224,2026-07-27 01:01:13,7515,65,47,0,30
224,2026-07-27 01:01:13,7514.75,62,60,0,0
224,2026-07-27 01:01:13,7514.5,81,15,0,0
224,2026-07-27 01:01:13,7514.25,50,30,0,0
224,2026-07-27 01:01:13,7514,2,0,0,0
225,2026-07-27 01:24:32,7514.5,248,207,0,55
225,2026-07-27 01:24:32,7514.75,216,159,0,0
225,2026-07-27 01:24:32,7515,141,171,0,72
225,2026-07-27 01:24:32,7515.25,269,198,0,29
225,2026-07-27 01:24:32,7514.25,61,35,0,10
225,2026-07-27 01:24:32,7515.5,155,146,0,0
225,2026-07-27 01:24:32,7515.75,128,95,0,10
225,2026-07-27 01:24:32,7516,99,98,10,0
225,2026-07-27 01:24:32,7516.25,100,132,0,10
225,2026-07-27 01:24:32,7516.5,61,62,0,0
225,2026-07-27 01:24:32,7516.75,2,6,0,0
225,2026-07-27 01:24:32,7514,89,67,0,0
225,2026-07-27 01:24:32,7513.75,89,62,0,0
225,2026-07-27 01:24:32,7513.5,150,150,12,0
225,2026-07-27 01:24:32,7513.25,182,126,0,0
225,2026-07-27 01:24:32,7513,164,153,0,0
225,2026-07-27 01:24:32,7512.75,203,180,0,0
225,2026-07-27 01:24:32,7512.5,205,170,0,20
225,2026-07-27 01:24:32,7512.25,162,150,0,12
225,2026-07-27 01:24:32,7512,172,57,0,0
225,2026-07-27 01:24:32,7511.75,73,111,0,10
225,2026-07-27 01:24:32,7511.5,138,149,0,15
225,2026-07-27 01:24:32,7511.25,124,139,0,0
225,2026-07-27 01:24:32,7511,159,240,0,39
225,2026-07-27 01:24:32,7510.75,46,2,0,0
226,2026-07-27 02:00:16,7511.5,33,38,0,0
226,2026-07-27 02:00:16,7511.75,8,18,0,0
226,2026-07-27 02:00:16,7511.25,13,10,0,0
226,2026-07-27 02:00:16,7511,7,1,0,0
226,2026-07-27 02:00:16,7512,8,12,0,0
226,2026-07-27 02:00:16,7512.25,12,20,0,0
226,2026-07-27 02:00:16,7512.5,13,30,0,0
226,2026-07-27 02:00:16,7513,56,71,0,0
226,2026-07-27 02:00:16,7513.25,37,43,0,0
226,2026-07-27 02:00:16,7513.5,94,81,0,0
226,2026-07-27 02:00:16,7513.75,154,142,0,0
226,2026-07-27 02:00:16,7514,161,337,0,31
226,2026-07-27 02:00:16,7514.25,152,147,0,0
226,2026-07-27 02:00:16,7514.5,120,168,0,0
226,2026-07-27 02:00:16,7514.75,165,127,0,0
226,2026-07-27 02:00:16,7515,254,342,0,61
226,2026-07-27 02:00:16,7515.25,310,309,10,39
226,2026-07-27 02:00:16,7515.5,330,397,0,0
226,2026-07-27 02:00:16,7515.75,282,336,0,0
226,2026-07-27 02:00:16,7516,417,417,12,0
226,2026-07-27 02:00:16,7516.25,141,211,0,17
226,2026-07-27 02:00:16,7516.5,140,94,0,0
226,2026-07-27 02:00:16,7512.75,37,19,0,0
226,2026-07-27 02:00:16,7516.75,74,74,0,0
226,2026-07-27 02:00:16,7517,8,24,0,0
226,2026-07-27 02:00:16,7517.25,0,6,0,0
227,2026-07-27 02:19:29,7516.25,114,122,0,0
227,2026-07-27 02:19:29,7516,138,98,0,11
227,2026-07-27 02:19:29,7516.5,19,39,0,0
227,2026-07-27 02:19:29,7515.75,59,63,0,0
227,2026-07-27 02:19:29,7515.5,100,55,0,11
227,2026-07-27 02:19:29,7516.75,3,14,0,0
227,2026-07-27 02:19:29,7515.25,51,29,0,0
227,2026-07-27 02:19:29,7515,13,23,0,0
227,2026-07-27 02:19:29,7514.75,30,19,0,0
227,2026-07-27 02:19:29,7514.5,26,1,0,0
227,2026-07-27 02:19:29,7514.25,10,8,0,0
227,2026-07-27 02:19:29,7514,108,85,0,10
227,2026-07-27 02:19:29,7513.75,52,72,0,0
227,2026-07-27 02:19:29,7513.5,115,137,19,0
227,2026-07-27 02:19:29,7513.25,82,75,0,0
227,2026-07-27 02:19:29,7513,77,38,0,0
227,2026-07-27 02:19:29,7512.75,32,33,0,0
227,2026-07-27 02:19:29,7512.5,88,66,0,0
227,2026-07-27 02:19:29,7512.25,139,119,0,0
227,2026-07-27 02:19:29,7512,118,154,0,0
227,2026-07-27 02:19:29,7511.75,215,240,0,10
227,2026-07-27 02:19:29,7511.5,217,214,0,0
227,2026-07-27 02:19:29,7511.25,213,165,0,12
227,2026-07-27 02:19:29,7511,244,172,0,0
227,2026-07-27 02:19:29,7510.75,200,182,0,0
227,2026-07-27 02:19:29,7510.5,226,201,0,10
227,2026-07-27 02:19:29,7510.25,250,174,0,26
227,2026-07-27 02:19:29,7510,197,160,0,0
227,2026-07-27 02:19:29,7509.75,99,72,14,0
227,2026-07-27 02:19:29,7509.5,115,116,0,0
227,2026-07-27 02:19:29,7509.25,61,75,0,28
227,2026-07-27 02:19:29,7509,32,18,0,0
227,2026-07-27 02:19:29,7508.75,17,1,0,0
228,2026-07-27 02:52:56,7510,323,312,0,0
228,2026-07-27 02:52:56,7510.25,239,173,0,0
228,2026-07-27 02:52:56,7510.5,217,212,0,0
228,2026-07-27 02:52:56,7510.75,230,189,0,0
228,2026-07-27 02:52:56,7511,129,182,0,0
228,2026-07-27 02:52:56,7511.25,44,66,0,0
228,2026-07-27 02:52:56,7511.5,0,18,0,0
228,2026-07-27 02:52:56,7509.75,256,178,0,0
228,2026-07-27 02:52:56,7509.5,139,142,0,0
228,2026-07-27 02:52:56,7509.25,250,242,0,0
228,2026-07-27 02:52:56,7509,305,218,0,0
228,2026-07-27 02:52:56,7508.75,165,175,0,0
228,2026-07-27 02:52:56,7508.5,179,205,0,0
228,2026-07-27 02:52:56,7508.25,190,150,0,0
228,2026-07-27 02:52:56,7508,154,103,20,0
228,2026-07-27 02:52:56,7507.75,95,53,0,11
228,2026-07-27 02:52:56,7507.5,34,57,0,0
228,2026-07-27 02:52:56,7507.25,36,52,0,0
228,2026-07-27 02:52:56,7507,94,55,15,0
228,2026-07-27 02:52:56,7506.75,50,67,0,0
228,2026-07-27 02:52:56,7506.5,79,59,0,0
228,2026-07-27 02:52:56,7506.25,59,52,0,0
228,2026-07-27 02:52:56,7506,60,53,0,0
228,2026-07-27 02:52:56,7505.75,68,56,0,0
228,2026-07-27 02:52:56,7505.5,26,9,0,0
229,2026-07-27 03:13:04,7509,16,19,0,0
229,2026-07-27 03:13:04,7508.75,42,24,0,0
229,2026-07-27 03:13:04,7508.5,12,16,0,0
229,2026-07-27 03:13:04,7509.25,19,1,0,0
229,2026-07-27 03:13:04,7509.5,30,51,0,0
229,2026-07-27 03:13:04,7509.75,50,50,0,0
229,2026-07-27 03:13:04,7510,102,77,10,0
229,2026-07-27 03:13:04,7510.25,27,46,0,0
229,2026-07-27 03:13:04,7510.5,28,46,0,0
229,2026-07-27 03:13:04,7510.75,68,54,0,0
229,2026-07-27 03:13:04,7511,53,58,0,0
229,2026-07-27 03:13:04,7511.25,49,22,0,0
229,2026-07-27 03:13:04,7511.5,88,68,0,0
229,2026-07-27 03:13:04,7511.75,62,51,0,0
229,2026-07-27 03:13:04,7512,156,165,0,10
229,2026-07-27 03:13:04,7512.25,136,140,0,0
229,2026-07-27 03:13:04,7512.5,242,205,10,20
229,2026-07-27 03:13:04,7512.75,239,185,50,0
229,2026-07-27 03:13:04,7513,234,181,33,0
229,2026-07-27 03:13:04,7513.25,116,125,0,0
229,2026-07-27 03:13:04,7513.5,73,116,0,0
229,2026-07-27 03:13:04,7513.75,27,62,0,0
229,2026-07-27 03:13:04,7514,52,59,0,0
229,2026-07-27 03:13:04,7514.25,73,76,0,0
229,2026-07-27 03:13:04,7514.5,105,140,0,14
229,2026-07-27 03:13:04,7514.75,191,192,0,0
229,2026-07-27 03:13:04,7515,102,154,0,0
229,2026-07-27 03:13:04,7515.25,160,170,0,0
229,2026-07-27 03:13:04,7515.5,112,117,0,0
229,2026-07-27 03:13:04,7515.75,206,220,10,0
229,2026-07-27 03:13:04,7516,213,216,0,0
229,2026-07-27 03:13:04,7516.25,29,173,0,65
229,2026-07-27 03:13:04,7516.5,14,11,0,0
229,2026-07-27 03:13:04,7516.75,16,34,0,0
229,2026-07-27 03:13:04,7517,6,24,0,0
230,2026-07-27 03:41:55,7517,267,256,0,61
230,2026-07-27 03:41:55,7517.25,289,307,0,16
230,2026-07-27 03:41:55,7517.5,483,448,0,32
230,2026-07-27 03:41:55,7517.75,375,394,30,0
230,2026-07-27 03:41:55,7518,199,351,0,0
230,2026-07-27 03:41:55,7518.25,147,226,0,0
230,2026-07-27 03:41:55,7518.5,180,134,0,0
230,2026-07-27 03:41:55,7518.75,163,183,0,0
230,2026-07-27 03:41:55,7519,266,271,0,18
230,2026-07-27 03:41:55,7519.25,209,211,0,34
230,2026-07-27 03:41:55,7519.5,94,209,0,0
230,2026-07-27 03:41:55,7519.75,130,112,0,13
230,2026-07-27 03:41:55,7520,85,95,0,11
230,2026-07-27 03:41:55,7516.75,150,159,0,11
230,2026-07-27 03:41:55,7516.5,92,20,23,0
231,2026-07-27 04:14:21,7517,162,138,0,0
231,2026-07-27 04:14:21,7517.25,145,185,0,0
231,2026-07-27 04:14:21,7516.75,127,77,0,0
231,2026-07-27 04:14:21,7516.5,43,3,0,0
231,2026-07-27 04:14:21,7517.5,95,109,14,0
231,2026-07-27 04:14:21,7517.75,123,116,0,0
231,2026-07-27 04:14:21,7518,97,151,0,0
231,2026-07-27 04:14:21,7518.25,150,132,0,0
231,2026-07-27 04:14:21,7518.5,201,255,0,13
231,2026-07-27 04:14:21,7518.75,138,195,0,0
231,2026-07-27 04:14:21,7519,162,171,24,0
231,2026-07-27 04:14:21,7519.25,106,157,0,0
231,2026-07-27 04:14:21,7519.5,221,188,36,0
231,2026-07-27 04:14:21,7519.75,133,161,22,0
231,2026-07-27 04:14:21,7520,145,188,0,30
231,2026-07-27 04:14:21,7520.25,171,196,0,0
231,2026-07-27 04:14:21,7520.5,217,183,20,0
231,2026-07-27 04:14:21,7520.75,125,129,0,0
231,2026-07-27 04:14:21,7521,18,54,0,18
231,2026-07-27 04:14:21,7521.25,3,24,0,0
231,2026-07-27 04:14:21,7521.5,47,36,0,0
231,2026-07-27 04:14:21,7521.75,168,115,0,0
231,2026-07-27 04:14:21,7522,117,93,0,0
231,2026-07-27 04:14:21,7522.25,59,103,0,0
231,2026-07-27 04:14:21,7522.5,17,35,0,0
231,2026-07-27 04:14:21,7522.75,61,24,0,0
231,2026-07-27 04:14:21,7523,101,113,0,0
231,2026-07-27 04:14:21,7523.25,0,17,0,0
232,2026-07-27 04:47:53,7523,301,270,0,17
232,2026-07-27 04:47:53,7522.75,264,199,0,0
232,2026-07-27 04:47:53,7523.25,269,218,0,0
232,2026-07-27 04:47:53,7523.5,168,217,0,10
232,2026-07-27 04:47:53,7523.75,146,182,0,0
232,2026-07-27 04:47:53,7524,33,136,0,81
232,2026-07-27 04:47:53,7524.25,42,24,0,0
232,2026-07-27 04:47:53,7524.5,20,33,0,0
232,2026-07-27 04:47:53,7524.75,0,12,0,0
232,2026-07-27 04:47:53,7522.5,242,233,0,0
232,2026-07-27 04:47:53,7522.25,309,254,11,14
232,2026-07-27 04:47:53,7522,194,132,0,0
232,2026-07-27 04:47:53,7521.75,96,54,0,0
232,2026-07-27 04:47:53,7521.5,109,116,0,0
232,2026-07-27 04:47:53,7521.25,104,128,0,0
232,2026-07-27 04:47:53,7521,188,131,0,0
232,2026-07-27 04:47:53,7520.75,145,130,0,31
232,2026-07-27 04:47:53,7520.5,83,62,0,0
232,2026-07-27 04:47:53,7520.25,64,70,0,13
232,2026-07-27 04:47:53,7520,67,66,0,0
232,2026-07-27 04:47:53,7519.75,109,94,11,0
232,2026-07-27 04:47:53,7519.5,120,105,0,33
232,2026-07-27 04:47:53,7519.25,77,48,0,0
232,2026-07-27 04:47:53,7519,108,116,0,14
232,2026-07-27 04:47:53,7518.75,97,75,0,17
232,2026-07-27 04:47:53,7518.5,35,5,0,0
233,2026-07-27 05:23:43,7520.5,223,185,0,0
233,2026-07-27 05:23:43,7520.25,292,205,0,0
233,2026-07-27 05:23:43,7520.75,292,276,70,14
233,2026-07-27 05:23:43,7520,192,82,0,20
233,2026-07-27 05:23:43,7519.75,139,170,66,98
233,2026-07-27 05:23:43,7521,275,225,0,0
233,2026-07-27 05:23:43,7521.25,187,195,0,0
233,2026-07-27 05:23:43,7521.5,126,120,0,0
233,2026-07-27 05:23:43,7521.75,189,311,0,38
233,2026-07-27 05:23:43,7522,204,393,0,53
233,2026-07-27 05:23:43,7519.5,47,14,0,0
233,2026-07-27 05:23:43,7519.25,20,32,0,16
233,2026-07-27 05:23:43,7522.25,319,273,24,0
233,2026-07-27 05:23:43,7522.5,251,356,11,30
233,2026-07-27 05:23:43,7522.75,182,196,12,0
233,2026-07-27 05:23:43,7523,11,116,0,37
233,2026-07-27 05:23:43,7523.25,18,22,0,0
233,2026-07-27 05:23:43,7523.5,58,51,0,0
233,2026-07-27 05:23:43,7523.75,45,55,0,0
233,2026-07-27 05:23:43,7524,45,55,0,0
233,2026-07-27 05:23:43,7524.25,10,15,0,0
233,2026-07-27 05:23:43,7519,19,9,0,0
234,2026-07-27 06:03:18,7519.25,239,248,0,0
234,2026-07-27 06:03:18,7519,229,211,0,0
234,2026-07-27 06:03:18,7518.75,164,110,0,0
234,2026-07-27 06:03:18,7519.5,136,132,0,0
234,2026-07-27 06:03:18,7519.75,42,32,0,0
234,2026-07-27 06:03:18,7520,0,1,0,0
234,2026-07-27 06:03:18,7518.5,134,125,0,0
234,2026-07-27 06:03:18,7518.25,129,121,0,0
234,2026-07-27 06:03:18,7518,111,77,10,0
234,2026-07-27 06:03:18,7517.75,171,170,0,0
234,2026-07-27 06:03:18,7517.5,147,124,0,0
234,2026-07-27 06:03:18,7517.25,190,192,0,0
234,2026-07-27 06:03:18,7517,110,88,0,0
234,2026-07-27 06:03:18,7516.75,93,177,0,73
234,2026-07-27 06:03:18,7516.5,248,218,0,0
234,2026-07-27 06:03:18,7516.25,247,134,0,0
234,2026-07-27 06:03:18,7516,115,69,0,0
234,2026-07-27 06:03:18,7515.75,37,0,0,0
234,2026-07-27 06:03:18,7515.5,19,10,0,0
234,2026-07-27 06:03:18,7515.25,66,6,20,0
234,2026-07-27 06:03:18,7515,31,0,0,0
234,2026-07-27 06:03:18,7514.75,48,15,0,0
234,2026-07-27 06:03:18,7514.5,82,82,0,0
234,2026-07-27 06:03:18,7514.25,115,92,0,20
234,2026-07-27 06:03:18,7514,170,79,22,0
234,2026-07-27 06:03:18,7513.75,135,29,0,0
234,2026-07-27 06:03:18,7513.5,44,3,0,0
234,2026-07-27 06:03:18,7513.25,30,1,0,0
234,2026-07-27 06:03:18,7513,36,2,0,0
234,2026-07-27 06:03:18,7512.75,38,29,0,0
234,2026-07-27 06:03:18,7512.5,28,3,0,0
234,2026-07-27 06:03:18,7512.25,10,0,0,0
234,2026-07-27 06:03:18,7512,16,7,0,0
234,2026-07-27 06:03:18,7511.75,11,0,0,0
234,2026-07-27 06:03:18,7511.5,27,0,0,0
234,2026-07-27 06:03:18,7511.25,26,19,0,0
234,2026-07-27 06:03:18,7511,43,14,0,0
234,2026-07-27 06:03:18,7510.75,42,24,0,0
234,2026-07-27 06:03:18,7510.5,20,11,0,0
234,2026-07-27 06:03:18,7510.25,16,0,0,0
234,2026-07-27 06:03:18,7510,60,2,20,0
234,2026-07-27 06:03:18,7509.75,29,26,0,0
234,2026-07-27 06:03:18,7509.5,55,49,0,0
234,2026-07-27 06:03:18,7509.25,23,6,0,0
235,2026-07-27 06:29:57,7509.5,108,98,0,0
235,2026-07-27 06:29:57,7509.75,33,54,0,0
235,2026-07-27 06:29:57,7509.25,80,35,0,0
235,2026-07-27 06:29:57,7509,84,60,0,0
235,2026-07-27 06:29:57,7508.75,73,77,0,0
235,2026-07-27 06:29:57,7508.5,53,32,0,0
235,2026-07-27 06:29:57,7510,88,75,0,0
235,2026-07-27 06:29:57,7508.25,50,18,21,0
235,2026-07-27 06:29:57,7508,26,9,0,0
235,2026-07-27 06:29:57,7507.75,3,0,0,0
235,2026-07-27 06:29:57,7510.25,49,43,0,0
235,2026-07-27 06:29:57,7510.5,17,36,0,0
235,2026-07-27 06:29:57,7510.75,16,15,0,0
235,2026-07-27 06:29:57,7511,77,12,36,0
235,2026-07-27 06:29:57,7511.25,96,131,0,0
235,2026-07-27 06:29:57,7511.5,146,125,0,0
235,2026-07-27 06:29:57,7511.75,156,179,0,10
235,2026-07-27 06:29:57,7512,197,215,0,0
235,2026-07-27 06:29:57,7512.25,154,270,0,0
235,2026-07-27 06:29:57,7512.5,160,173,0,0
235,2026-07-27 06:29:57,7512.75,171,154,0,0
235,2026-07-27 06:29:57,7513,167,149,0,0
235,2026-07-27 06:29:57,7513.25,172,145,0,10
235,2026-07-27 06:29:57,7513.5,250,182,0,0
235,2026-07-27 06:29:57,7513.75,184,148,0,0
235,2026-07-27 06:29:57,7514,222,201,0,0
235,2026-07-27 06:29:57,7514.25,256,174,45,0
235,2026-07-27 06:29:57,7514.5,100,306,0,83
235,2026-07-27 06:29:57,7514.75,39,61,0,0
235,2026-07-27 06:29:57,7515,32,62,0,0
236,2026-07-27 06:43:08,7510,22,16,0,0
236,2026-07-27 06:43:08,7509.75,15,11,0,0
236,2026-07-27 06:43:08,7509.5,34,29,0,0
236,2026-07-27 06:43:08,7509.25,31,10,0,0
236,2026-07-27 06:43:08,7510.25,10,11,0,0
236,2026-07-27 06:43:08,7510.5,38,17,0,0
236,2026-07-27 06:43:08,7510.75,63,29,0,0
236,2026-07-27 06:43:08,7511,49,37,0,0
236,2026-07-27 06:43:08,7511.25,78,73,0,0
236,2026-07-27 06:43:08,7511.5,277,166,30,0
236,2026-07-27 06:43:08,7511.75,280,291,10,26
236,2026-07-27 06:43:08,7512,356,370,10,10
236,2026-07-27 06:43:08,7512.25,270,334,0,15
236,2026-07-27 06:43:08,7512.5,264,333,15,0
236,2026-07-27 06:43:08,7512.75,275,277,0,0
236,2026-07-27 06:43:08,7513,136,156,0,0
236,2026-07-27 06:43:08,7513.25,97,103,0,0
236,2026-07-27 06:43:08,7513.5,217,156,0,0
236,2026-07-27 06:43:08,7513.75,165,392,10,115
236,2026-07-27 06:43:08,7514,176,199,32,0
236,2026-07-27 06:43:08,7514.25,26,59,0,0
236,2026-07-27 06:43:08,7514.5,78,81,0,0
236,2026-07-27 06:43:08,7514.75,75,78,0,0
236,2026-07-27 06:43:08,7515,76,134,0,15
236,2026-07-27 06:43:08,7515.25,0,26,0,0
237,2026-07-27 07:05:29,7513,83,60,11,12
237,2026-07-27 07:05:29,7513.25,25,28,0,0
237,2026-07-27 07:05:29,7513.5,87,80,0,0
237,2026-07-27 07:05:29,7513.75,89,64,0,0
237,2026-07-27 07:05:29,7514,96,57,10,0
237,2026-07-27 07:05:29,7514.25,145,104,0,0
237,2026-07-27 07:05:29,7514.5,76,109,0,0
237,2026-07-27 07:05:29,7514.75,0,7,0,0
237,2026-07-27 07:05:29,7512.75,64,51,0,0
237,2026-07-27 07:05:29,7512.5,33,3,0,0
237,2026-07-27 07:05:29,7512.25,10,11,0,0
237,2026-07-27 07:05:29,7512,14,7,0,0
237,2026-07-27 07:05:29,7511.75,36,17,0,0
237,2026-07-27 07:05:29,7511.5,70,101,0,0
237,2026-07-27 07:05:29,7511.25,71,47,0,0
237,2026-07-27 07:05:29,7511,52,9,0,0
237,2026-07-27 07:05:29,7510.75,6,1,0,0
237,2026-07-27 07:05:29,7510.5,6,3,0,0
237,2026-07-27 07:05:29,7510.25,5,0,0,0
237,2026-07-27 07:05:29,7510,46,22,0,0
237,2026-07-27 07:05:29,7509.75,23,20,0,0
237,2026-07-27 07:05:29,7509.5,26,26,0,0
237,2026-07-27 07:05:29,7509.25,32,22,0,0
237,2026-07-27 07:05:29,7509,80,54,17,0
237,2026-07-27 07:05:29,7508.75,53,77,0,0
237,2026-07-27 07:05:29,7508.5,189,189,0,0
237,2026-07-27 07:05:29,7508.25,208,97,10,0
237,2026-07-27 07:05:29,7508,201,136,11,10
237,2026-07-27 07:05:29,7507.75,82,19,0,0
237,2026-07-27 07:05:29,7507.5,50,100,0,0
237,2026-07-27 07:05:29,7507.25,150,105,0,0
237,2026-07-27 07:05:29,7507,111,81,10,0
237,2026-07-27 07:05:29,7506.75,108,98,0,0
237,2026-07-27 07:05:29,7506.5,168,128,0,10
237,2026-07-27 07:05:29,7506.25,109,178,0,0
237,2026-07-27 07:05:29,7506,215,286,17,0
237,2026-07-27 07:05:29,7505.75,350,200,36,0
237,2026-07-27 07:05:29,7505.5,185,148,35,0
237,2026-07-27 07:05:29,7505.25,145,102,0,10
237,2026-07-27 07:05:29,7505,58,19,0,0
237,2026-07-27 07:05:29,7504.75,47,15,0,0
237,2026-07-27 07:05:29,7504.5,8,13,0,0
238,2026-07-27 07:19:45,7506.25,178,195,0,13
238,2026-07-27 07:19:45,7506,103,65,0,17
238,2026-07-27 07:19:45,7506.5,160,149,10,0
238,2026-07-27 07:19:45,7506.75,63,76,0,0
238,2026-07-27 07:19:45,7505.75,32,25,0,0
238,2026-07-27 07:19:45,7505.5,27,13,0,0
238,2026-07-27 07:19:45,7507,88,129,0,23
238,2026-07-27 07:19:45,7505.25,41,51,0,0
238,2026-07-27 07:19:45,7505,15,0,0,0
238,2026-07-27 07:19:45,7507.25,132,111,0,0
238,2026-07-27 07:19:45,7507.5,348,225,111,0
238,2026-07-27 07:19:45,7507.75,189,227,14,0
238,2026-07-27 07:19:45,7508,158,156,12,23
238,2026-07-27 07:19:45,7508.25,444,167,252,0
238,2026-07-27 07:19:45,7508.5,297,201,11,0
238,2026-07-27 07:19:45,7508.75,140,166,14,0
238,2026-07-27 07:19:45,7509,92,198,0,0
238,2026-07-27 07:19:45,7509.25,46,90,0,0
238,2026-07-27 07:19:45,7509.5,25,50,0,0
238,2026-07-27 07:19:45,7509.75,4,27,0,0
238,2026-07-27 07:19:45,7510,26,46,0,10
238,2026-07-27 07:19:45,7510.25,63,72,0,0
238,2026-07-27 07:19:45,7510.5,140,79,10,0
238,2026-07-27 07:19:45,7510.75,204,149,100,0
238,2026-07-27 07:19:45,7511,194,228,50,0
238,2026-07-27 07:19:45,7511.25,114,151,0,0
238,2026-07-27 07:19:45,7511.5,44,81,0,10
238,2026-07-27 07:19:45,7511.75,0,6,0,0
239,2026-07-27 07:40:08,7511.5,134,217,0,25
239,2026-07-27 07:40:08,7511.25,113,96,0,0
239,2026-07-27 07:40:08,7511,99,103,0,0
239,2026-07-27 07:40:08,7510.75,73,41,0,0
239,2026-07-27 07:40:08,7510.5,66,90,0,0
239,2026-07-27 07:40:08,7510.25,93,102,0,0
239,2026-07-27 07:40:08,7510,157,109,22,0
239,2026-07-27 07:40:08,7509.75,56,42,0,0
239,2026-07-27 07:40:08,7509.5,49,21,0,0
239,2026-07-27 07:40:08,7509.25,17,0,0,0
239,2026-07-27 07:40:08,7511.75,129,98,0,0
239,2026-07-27 07:40:08,7512,215,153,0,0
239,2026-07-27 07:40:08,7512.25,311,164,0,0
239,2026-07-27 07:40:08,7512.5,357,338,0,0
239,2026-07-27 07:40:08,7512.75,297,320,10,14
239,2026-07-27 07:40:08,7513,322,304,0,22
239,2026-07-27 07:40:08,7513.25,308,207,0,0
239,2026-07-27 07:40:08,7513.5,304,343,0,0
239,2026-07-27 07:40:08,7513.75,115,150,11,0
239,2026-07-27 07:40:08,7514,200,164,43,0
239,2026-07-27 07:40:08,7514.25,0,23,0,0
240,2026-07-27 07:54:14,7513.5,201,237,12,0
240,2026-07-27 07:54:14,7513.25,362,248,72,0
240,2026-07-27 07:54:14,7513,210,211,0,0
240,2026-07-27 07:54:14,7513.75,140,176,0,0
240,2026-07-27 07:54:14,7514,102,142,0,0
240,2026-07-27 07:54:14,7514.25,137,139,20,0
240,2026-07-27 07:54:14,7514.5,0,12,0,0
240,2026-07-27 07:54:14,7512.75,379,373,0,0
240,2026-07-27 07:54:14,7512.5,233,233,0,0
240,2026-07-27 07:54:14,7512.25,210,177,0,0
240,2026-07-27 07:54:14,7512,232,206,0,10
240,2026-07-27 07:54:14,7511.75,187,140,0,0
240,2026-07-27 07:54:14,7511.5,140,92,0,0
240,2026-07-27 07:54:14,7511.25,292,316,12,0
240,2026-07-27 07:54:14,7511,162,119,0,10
240,2026-07-27 07:54:14,7510.75,145,101,0,0
240,2026-07-27 07:54:14,7510.5,131,90,0,0
240,2026-07-27 07:54:14,7510.25,75,83,0,0
240,2026-07-27 07:54:14,7510,61,5,0,0
241,2026-07-27 08:06:55,7510.5,253,224,0,0
241,2026-07-27 08:06:55,7510.25,68,79,0,0
241,2026-07-27 08:06:55,7510.75,260,269,0,0
241,2026-07-27 08:06:55,7511,215,165,12,0
241,2026-07-27 08:06:55,7511.25,146,322,0,0
241,2026-07-27 08:06:55,7511.5,122,137,0,0
241,2026-07-27 08:06:55,7511.75,158,173,0,0
241,2026-07-27 08:06:55,7512,179,161,0,0
241,2026-07-27 08:06:55,7512.25,153,161,0,0
241,2026-07-27 08:06:55,7512.5,259,282,0,0
241,2026-07-27 08:06:55,7512.75,126,210,0,0
241,2026-07-27 08:06:55,7513,77,136,0,0
241,2026-07-27 08:06:55,7513.25,138,73,0,0
241,2026-07-27 08:06:55,7513.5,159,149,0,0
241,2026-07-27 08:06:55,7513.75,178,228,0,0
241,2026-07-27 08:06:55,7514,62,68,0,0
241,2026-07-27 08:06:55,7514.25,92,171,0,0
241,2026-07-27 08:06:55,7514.5,42,81,0,0
241,2026-07-27 08:06:55,7514.75,114,137,0,10
241,2026-07-27 08:06:55,7515,65,108,0,0
241,2026-07-27 08:06:55,7515.25,0,5,0,0
241,2026-07-27 08:06:55,7510,76,27,0,0
241,2026-07-27 08:06:55,7509.75,24,8,0,0
241,2026-07-27 08:06:55,7509.5,47,23,0,0
241,2026-07-27 08:06:55,7509.25,66,10,0,0
241,2026-07-27 08:06:55,7509,15,0,0,0
242,2026-07-27 08:19:33,7509,526,520,24,14
242,2026-07-27 08:19:33,7508.75,230,202,0,0
242,2026-07-27 08:19:33,7508.5,113,45,0,0
242,2026-07-27 08:19:33,7509.25,362,463,0,0
242,2026-07-27 08:19:33,7509.5,281,371,0,0
242,2026-07-27 08:19:33,7509.75,303,308,10,0
242,2026-07-27 08:19:33,7510,222,248,0,0
242,2026-07-27 08:19:33,7510.25,179,141,0,0
242,2026-07-27 08:19:33,7508.25,39,41,0,0
242,2026-07-27 08:19:33,7508,59,0,17,0
242,2026-07-27 08:19:33,7510.5,151,180,0,0
242,2026-07-27 08:19:33,7510.75,187,254,0,0
242,2026-07-27 08:19:33,7511,293,248,10,18
242,2026-07-27 08:19:33,7511.25,134,196,0,0
242,2026-07-27 08:19:33,7511.5,76,49,0,0
242,2026-07-27 08:19:33,7511.75,26,53,0,0
243,2026-07-27 08:29:02,7511,16,3,0,0
243,2026-07-27 08:29:02,7510.75,61,17,0,0
243,2026-07-27 08:29:02,7510.5,85,114,0,0
243,2026-07-27 08:29:02,7510.25,47,36,0,0
243,2026-07-27 08:29:02,7510,103,132,0,0
243,2026-07-27 08:29:02,7509.75,198,163,52,0
243,2026-07-27 08:29:02,7509.5,126,71,0,0
243,2026-07-27 08:29:02,7509.25,103,142,0,0
243,2026-07-27 08:29:02,7509,163,142,10,0
243,2026-07-27 08:29:02,7508.75,119,154,14,0
243,2026-07-27 08:29:02,7508.5,200,201,0,0
243,2026-07-27 08:29:02,7508.25,262,333,0,0
243,2026-07-27 08:29:02,7508,251,288,10,0
243,2026-07-27 08:29:02,7507.75,251,259,0,0
243,2026-07-27 08:29:02,7507.5,180,327,0,0
243,2026-07-27 08:29:02,7507.25,183,245,0,0
243,2026-07-27 08:29:02,7507,241,164,12,0
243,2026-07-27 08:29:02,7506.75,157,114,0,0
243,2026-07-27 08:29:02,7506.5,114,131,0,10
243,2026-07-27 08:29:02,7506.25,163,180,0,0
243,2026-07-27 08:29:02,7506,111,110,0,0
243,2026-07-27 08:29:02,7505.75,37,3,0,0
244,2026-07-27 08:30:05,7506.5,140,175,0,0
244,2026-07-27 08:30:05,7506.75,203,242,0,0
244,2026-07-27 08:30:05,7506.25,144,138,24,0
244,2026-07-27 08:30:05,7507,305,313,0,0
244,2026-07-27 08:30:05,7507.25,276,345,0,0
244,2026-07-27 08:30:05,7507.5,309,302,0,0
244,2026-07-27 08:30:05,7507.75,407,414,0,0
244,2026-07-27 08:30:05,7508,215,350,0,27
244,2026-07-27 08:30:05,7508.25,151,232,0,0
244,2026-07-27 08:30:05,7508.5,156,188,0,0
244,2026-07-27 08:30:05,7508.75,124,134,0,0
244,2026-07-27 08:30:05,7509,84,89,0,0
244,2026-07-27 08:30:05,7509.25,52,81,0,25
244,2026-07-27 08:30:05,7509.5,65,31,0,0
244,2026-07-27 08:30:05,7509.75,26,51,0,0
244,2026-07-27 08:30:05,7510,31,31,0,0
244,2026-07-27 08:30:05,7510.25,23,40,0,0
244,2026-07-27 08:30:05,7510.5,20,21,0,0
244,2026-07-27 08:30:05,7506,88,96,0,0
244,2026-07-27 08:30:05,7505.75,18,64,0,19
244,2026-07-27 08:30:05,7505.5,66,51,13,0
244,2026-07-27 08:30:05,7505.25,87,55,0,0
244,2026-07-27 08:30:05,7505,56,11,0,0
245,2026-07-27 08:31:01,7505.75,171,226,14,0
245,2026-07-27 08:31:01,7506,213,276,0,0
245,2026-07-27 08:31:01,7506.25,220,246,0,0
245,2026-07-27 08:31:01,7506.5,135,220,0,0
245,2026-07-27 08:31:01,7506.75,137,156,0,11
245,2026-07-27 08:31:01,7507,70,169,0,0
245,2026-07-27 08:31:01,7507.25,21,48,0,0
245,2026-07-27 08:31:01,7505.5,268,231,0,0
245,2026-07-27 08:31:01,7505.25,288,201,12,0
245,2026-07-27 08:31:01,7505,239,202,28,0
245,2026-07-27 08:31:01,7504.75,142,150,0,0
245,2026-07-27 08:31:01,7504.5,206,186,0,0
245,2026-07-27 08:31:01,7504.25,291,172,0,0
245,2026-07-27 08:31:01,7504,334,219,107,0
245,2026-07-27 08:31:01,7503.75,242,211,0,0
245,2026-07-27 08:31:01,7503.5,168,103,10,0
245,2026-07-27 08:31:01,7503.25,129,55,0,0
245,2026-07-27 08:31:01,7503,82,28,0,0
245,2026-07-27 08:31:01,7502.75,4,0,0,0
245,2026-07-27 08:31:01,7507.5,12,25,0,0
245,2026-07-27 08:31:01,7507.75,0,4,0,0
246,2026-07-27 08:32:04,7507.5,46,62,0,0
246,2026-07-27 08:32:04,7507.25,37,35,0,0
246,2026-07-27 08:32:04,7507.75,15,43,0,0
246,2026-07-27 08:32:04,7507,98,97,0,0
246,2026-07-27 08:32:04,7506.75,109,65,10,0
246,2026-07-27 08:32:04,7506.5,35,26,0,0
246,2026-07-27 08:32:04,7506.25,67,47,10,0
246,2026-07-27 08:32:04,7506,63,3,13,0
246,2026-07-27 08:32:04,7505.75,20,1,10,0
246,2026-07-27 08:32:04,7505.5,41,21,0,0
246,2026-07-27 08:32:04,7505.25,28,21,0,0
246,2026-07-27 08:32:04,7505,16,67,0,0
246,2026-07-27 08:32:04,7504.75,157,194,13,0
246,2026-07-27 08:32:04,7504.5,228,240,0,0
246,2026-07-27 08:32:04,7504.25,273,279,0,0
246,2026-07-27 08:32:04,7504,413,361,12,0
246,2026-07-27 08:32:04,7503.75,460,471,0,0
246,2026-07-27 08:32:04,7503.5,394,344,0,0
246,2026-07-27 08:32:04,7503.25,343,388,0,0
246,2026-07-27 08:32:04,7503,295,210,0,0
246,2026-07-27 08:32:04,7502.75,193,128,0,0
246,2026-07-27 08:32:04,7502.5,43,20,0,0
246,2026-07-27 08:32:04,7502.25,3,0,0,0
247,2026-07-27 08:33:29,7503.75,29,48,0,0
247,2026-07-27 08:33:29,7503.5,52,28,0,0
247,2026-07-27 08:33:29,7504,29,38,0,0
247,2026-07-27 08:33:29,7504.25,0,9,0,0
247,2026-07-27 08:33:29,7503.25,65,62,0,0
247,2026-07-27 08:33:29,7503,78,95,0,0
247,2026-07-27 08:33:29,7502.75,85,85,19,0
247,2026-07-27 08:33:29,7502.5,128,169,0,0
247,2026-07-27 08:33:29,7502.25,165,101,0,0
247,2026-07-27 08:33:29,7502,126,87,10,10
247,2026-07-27 08:33:29,7501.75,62,30,0,0
247,2026-07-27 08:33:29,7501.5,53,21,0,0
247,2026-07-27 08:33:29,7501.25,40,49,0,0
247,2026-07-27 08:33:29,7501,85,26,10,0
247,2026-07-27 08:33:29,7500.75,47,43,0,0
247,2026-07-27 08:33:29,7500.5,70,17,0,0
247,2026-07-27 08:33:29,7500.25,72,124,0,0
247,2026-07-27 08:33:29,7500,224,178,28,0
247,2026-07-27 08:33:29,7499.75,187,210,0,0
247,2026-07-27 08:33:29,7499.5,248,331,0,0
247,2026-07-27 08:33:29,7499.25,302,431,0,0
247,2026-07-27 08:33:29,7499,278,338,0,0
247,2026-07-27 08:33:29,7498.75,324,374,0,0
247,2026-07-27 08:33:29,7498.5,227,246,0,0
247,2026-07-27 08:33:29,7498.25,195,128,0,0
247,2026-07-27 08:33:29,7498,60,1,0,0
248,2026-07-27 08:34:49,7503.25,2,10,0,0
248,2026-07-27 08:34:49,7503.5,1,13,0,0
248,2026-07-27 08:34:49,7503.75,50,44,0,0
248,2026-07-27 08:34:49,7504,26,97,0,0
248,2026-07-27 08:34:49,7504.25,66,70,0,0
248,2026-07-27 08:34:49,7504.5,177,115,0,0
248,2026-07-27 08:34:49,7504.75,210,148,0,0
248,2026-07-27 08:34:49,7505,159,167,0,0
248,2026-07-27 08:34:49,7505.25,79,130,0,0
248,2026-07-27 08:34:49,7505.5,51,109,0,0
248,2026-07-27 08:34:49,7505.75,117,133,0,0
248,2026-07-27 08:34:49,7506,182,241,0,0
248,2026-07-27 08:34:49,7506.25,160,233,0,0
248,2026-07-27 08:34:49,7506.5,67,131,0,0
248,2026-07-27 08:34:49,7506.75,25,81,0,0
248,2026-07-27 08:34:49,7507,103,82,0,0
248,2026-07-27 08:34:49,7507.25,50,85,0,0
248,2026-07-27 08:34:49,7507.5,90,59,0,0
248,2026-07-27 08:34:49,7507.75,67,113,0,0
248,2026-07-27 08:34:49,7508,149,163,0,0
248,2026-07-27 08:34:49,7508.25,46,116,0,0
248,2026-07-27 08:34:49,7508.5,32,39,0,0
248,2026-07-27 08:34:49,7508.75,42,58,0,10
248,2026-07-27 08:34:49,7509,107,91,0,0
248,2026-07-27 08:34:49,7509.25,31,86,0,0
248,2026-07-27 08:34:49,7509.5,49,68,0,0
248,2026-07-27 08:34:49,7509.75,39,76,0,0
248,2026-07-27 08:34:49,7510,36,64,0,0
248,2026-07-27 08:34:49,7510.25,67,67,0,0
248,2026-07-27 08:34:49,7510.5,69,73,0,0
248,2026-07-27 08:34:49,7510.75,224,178,0,13
248,2026-07-27 08:34:49,7511,79,156,0,0
248,2026-07-27 08:34:49,7511.25,2,19,0,0
248,2026-07-27 08:34:49,7511.5,0,27,0,0
248,2026-07-27 08:34:49,7511.75,0,18,0,0
248,2026-07-27 08:34:49,7512,0,28,0,0
248,2026-07-27 08:34:49,7512.25,18,53,0,10
248,2026-07-27 08:34:49,7512.5,8,22,0,0
248,2026-07-27 08:34:49,7512.75,111,121,0,0
248,2026-07-27 08:34:49,7513,26,98,0,0
248,2026-07-27 08:34:49,7513.25,0,1,0,0
249,2026-07-27 08:35:55,7512.75,324,355,0,0
249,2026-07-27 08:35:55,7513,441,424,0,59
249,2026-07-27 08:35:55,7513.25,409,402,0,10
249,2026-07-27 08:35:55,7512.5,304,251,0,0
249,2026-07-27 08:35:55,7513.5,277,333,0,0
249,2026-07-27 08:35:55,7513.75,182,402,0,105
249,2026-07-27 08:35:55,7514,17,114,0,0
249,2026-07-27 08:35:55,7512.25,309,368,10,21
249,2026-07-27 08:35:55,7512,279,243,0,0
249,2026-07-27 08:35:55,7511.75,245,208,0,0
249,2026-07-27 08:35:55,7511.5,97,101,0,0
249,2026-07-27 08:35:55,7511.25,93,71,0,0
249,2026-07-27 08:35:55,7511,53,79,0,0
249,2026-07-27 08:35:55,7510.75,69,37,0,0
249,2026-07-27 08:35:55,7510.5,12,0,0,0
250,2026-07-27 08:37:09,7512,359,401,0,0
250,2026-07-27 08:37:09,7512.25,430,498,0,10
250,2026-07-27 08:37:09,7512.5,320,304,14,32
250,2026-07-27 08:37:09,7511.75,384,222,0,0
250,2026-07-27 08:37:09,7512.75,204,238,0,0
250,2026-07-27 08:37:09,7513,218,192,0,0
250,2026-07-27 08:37:09,7513.25,210,220,0,0
250,2026-07-27 08:37:09,7513.5,109,172,0,0
250,2026-07-27 08:37:09,7511.5,188,173,0,0
250,2026-07-27 08:37:09,7511.25,230,237,0,0
250,2026-07-27 08:37:09,7511,269,199,17,10
250,2026-07-27 08:37:09,7510.75,184,116,0,0
250,2026-07-27 08:37:09,7513.75,6,24,0,0
250,2026-07-27 08:37:09,7514,0,2,0,0
250,2026-07-27 08:37:09,7510.5,66,63,0,0
250,2026-07-27 08:37:09,7510.25,80,54,0,0
250,2026-07-27 08:37:09,7510,97,18,0,0
250,2026-07-27 08:37:09,7509.75,14,0,0,0
251,2026-07-27 08:38:57,7510.25,156,156,0,0
251,2026-07-27 08:38:57,7510.5,43,97,0,0
251,2026-07-27 08:38:57,7510,135,95,0,0
251,2026-07-27 08:38:57,7510.75,42,43,0,0
251,2026-07-27 08:38:57,7511,18,43,0,0
251,2026-07-27 08:38:57,7509.75,91,57,0,0
251,2026-07-27 08:38:57,7509.5,106,122,0,0
251,2026-07-27 08:38:57,7509.25,151,186,0,0
251,2026-07-27 08:38:57,7509,303,271,0,0
251,2026-07-27 08:38:57,7508.75,453,453,15,24
251,2026-07-27 08:38:57,7508.5,458,321,10,0
251,2026-07-27 08:38:57,7508.25,352,187,91,0
251,2026-07-27 08:38:57,7508,237,200,0,0
251,2026-07-27 08:38:57,7507.75,125,67,0,0
251,2026-07-27 08:38:57,7507.5,81,52,0,0
251,2026-07-27 08:38:57,7507.25,153,62,0,0
251,2026-07-27 08:38:57,7507,112,46,10,0
251,2026-07-27 08:38:57,7506.75,49,18,0,0
251,2026-07-27 08:38:57,7506.5,68,41,0,0
251,2026-07-27 08:38:57,7506.25,18,12,0,0
251,2026-07-27 08:38:57,7506,50,59,0,0
251,2026-07-27 08:38:57,7505.75,114,137,0,0
251,2026-07-27 08:38:57,7505.5,126,114,0,0
251,2026-07-27 08:38:57,7505.25,96,42,0,0
251,2026-07-27 08:38:57,7505,59,17,0,0
251,2026-07-27 08:38:57,7504.75,6,0,0,0
252,2026-07-27 08:40:19,7506.5,250,285,0,0
252,2026-07-27 08:40:19,7506.25,200,174,0,0
252,2026-07-27 08:40:19,7506.75,181,197,0,0
252,2026-07-27 08:40:19,7506,336,304,0,0
252,2026-07-27 08:40:19,7507,85,86,0,0
252,2026-07-27 08:40:19,7507.25,36,76,0,0
252,2026-07-27 08:40:19,7507.5,44,39,0,0
252,2026-07-27 08:40:19,7507.75,43,68,0,0
252,2026-07-27 08:40:19,7508,59,51,0,0
252,2026-07-27 08:40:19,7508.25,0,29,0,0
252,2026-07-27 08:40:19,7505.75,285,275,25,0
252,2026-07-27 08:40:19,7505.5,273,264,0,0
252,2026-07-27 08:40:19,7505.25,232,239,0,0
252,2026-07-27 08:40:19,7505,255,319,0,0
252,2026-07-27 08:40:19,7504.75,303,231,0,0
252,2026-07-27 08:40:19,7504.5,172,172,0,11
252,2026-07-27 08:40:19,7504.25,162,145,0,0
252,2026-07-27 08:40:19,7504,174,101,11,0
252,2026-07-27 08:40:19,7503.75,129,96,16,0
252,2026-07-27 08:40:19,7503.5,79,28,0,0
252,2026-07-27 08:40:19,7503.25,12,11,0,0
253,2026-07-27 08:42:03,7504.75,141,158,0,0
253,2026-07-27 08:42:03,7504.5,71,77,0,0
253,2026-07-27 08:42:03,7504.25,55,30,0,0
253,2026-07-27 08:42:03,7505,132,96,0,0
253,2026-07-27 08:42:03,7505.25,29,49,0,0
253,2026-07-27 08:42:03,7505.5,76,60,0,0
253,2026-07-27 08:42:03,7505.75,66,42,0,0
253,2026-07-27 08:42:03,7506,53,76,0,0
253,2026-07-27 08:42:03,7506.25,8,14,0,0
253,2026-07-27 08:42:03,7504,20,13,0,0
253,2026-07-27 08:42:03,7503.75,38,21,0,0
253,2026-07-27 08:42:03,7503.5,30,13,0,0
253,2026-07-27 08:42:03,7503.25,22,18,0,0
253,2026-07-27 08:42:03,7503,62,39,0,0
253,2026-07-27 08:42:03,7502.75,42,19,0,0
253,2026-07-27 08:42:03,7502.5,66,44,0,0
253,2026-07-27 08:42:03,7502.25,49,7,0,0
253,2026-07-27 08:42:03,7502,25,4,0,0
253,2026-07-27 08:42:03,7501.75,47,22,0,0
253,2026-07-27 08:42:03,7501.5,24,11,0,0
253,2026-07-27 08:42:03,7501.25,47,63,0,0
253,2026-07-27 08:42:03,7501,103,93,0,0
253,2026-07-27 08:42:03,7500.75,70,32,0,0
253,2026-07-27 08:42:03,7500.5,61,11,15,0
253,2026-07-27 08:42:03,7500.25,52,22,0,0
253,2026-07-27 08:42:03,7500,102,96,0,0
253,2026-07-27 08:42:03,7499.75,77,119,0,0
253,2026-07-27 08:42:03,7499.5,128,35,0,0
253,2026-07-27 08:42:03,7499.25,95,151,0,0
253,2026-07-27 08:42:03,7499,303,384,13,0
253,2026-07-27 08:42:03,7498.75,318,301,10,0
253,2026-07-27 08:42:03,7498.5,192,159,0,0
253,2026-07-27 08:42:03,7498.25,72,49,0,0
253,2026-07-27 08:42:03,7498,39,0,0,0
253,2026-07-27 08:42:03,7497.75,23,28,0,0
253,2026-07-27 08:42:03,7497.5,91,122,0,0
253,2026-07-27 08:42:03,7497.25,289,219,0,0
253,2026-07-27 08:42:03,7497,238,143,0,0
253,2026-07-27 08:42:03,7496.75,127,83,0,0
253,2026-07-27 08:42:03,7496.5,65,25,0,0
253,2026-07-27 08:42:03,7496.25,4,0,0,0
254,2026-07-27 08:43:20,7496.75,26,26,0,0
254,2026-07-27 08:43:20,7497,1,22,0,0
254,2026-07-27 08:43:20,7496.5,36,21,0,0
254,2026-07-27 08:43:20,7496.25,28,53,0,0
254,2026-07-27 08:43:20,7496,96,144,0,0
254,2026-07-27 08:43:20,7495.75,232,332,0,0
254,2026-07-27 08:43:20,7495.5,352,343,0,0
254,2026-07-27 08:43:20,7495.25,346,405,0,20
254,2026-07-27 08:43:20,7495,573,415,94,0
254,2026-07-27 08:43:20,7494.75,399,474,0,0
254,2026-07-27 08:43:20,7494.5,542,580,14,0
254,2026-07-27 08:43:20,7494.25,371,290,0,0
254,2026-07-27 08:43:20,7494,105,68,0,0
254,2026-07-27 08:43:20,7493.75,52,73,0,0
254,2026-07-27 08:43:20,7493.5,27,34,0,0
254,2026-07-27 08:43:20,7493.25,20,9,0,0
254,2026-07-27 08:43:20,7493,5,0,0,0
255,2026-07-27 08:44:42,7494.75,404,412,0,0
255,2026-07-27 08:44:42,7495,289,456,0,83
255,2026-07-27 08:44:42,7495.25,67,109,0,0
255,2026-07-27 08:44:42,7494.5,484,466,0,15
255,2026-07-27 08:44:42,7494.25,400,358,39,12
255,2026-07-27 08:44:42,7494,278,253,0,16
255,2026-07-27 08:44:42,7493.75,254,289,14,0
255,2026-07-27 08:44:42,7493.5,288,235,0,13
255,2026-07-27 08:44:42,7493.25,217,158,41,0
255,2026-07-27 08:44:42,7493,238,94,107,0
255,2026-07-27 08:44:42,7492.75,56,2,0,0
255,2026-07-27 08:44:42,7492.5,22,0,0,0
255,2026-07-27 08:44:42,7495.5,43,57,0,0
255,2026-07-27 08:44:42,7495.75,170,179,0,0
255,2026-07-27 08:44:42,7496,39,73,0,0
255,2026-07-27 08:44:42,7496.25,18,40,0,0
255,2026-07-27 08:44:42,7496.5,17,35,0,0
256,2026-07-27 08:45:35,7495.75,204,240,0,0
256,2026-07-27 08:45:35,7495.5,203,184,0,0
256,2026-07-27 08:45:35,7495.25,161,161,0,0
256,2026-07-27 08:45:35,7495,267,219,0,0
256,2026-07-27 08:45:35,7496,124,211,0,16
256,2026-07-27 08:45:35,7496.25,148,186,0,0
256,2026-07-27 08:45:35,7496.5,100,146,0,0
256,2026-07-27 08:45:35,7496.75,35,87,0,0
256,2026-07-27 08:45:35,7494.75,184,91,27,0
256,2026-07-27 08:45:35,7494.5,69,20,0,0
256,2026-07-27 08:45:35,7497,115,109,0,10
256,2026-07-27 08:45:35,7497.25,164,129,0,0
256,2026-07-27 08:45:35,7497.5,108,216,0,0
256,2026-07-27 08:45:35,7497.75,75,57,0,0
256,2026-07-27 08:45:35,7498,82,116,0,0
256,2026-07-27 08:45:35,7498.25,76,125,0,0
256,2026-07-27 08:45:35,7498.5,66,118,0,13
256,2026-07-27 08:45:35,7498.75,25,63,0,0
256,2026-07-27 08:45:35,7499,0,13,0,0
256,2026-07-27 08:45:35,7494.25,10,1,0,0
256,2026-07-27 08:45:35,7494,13,0,0,0
256,2026-07-27 08:45:35,7493.75,26,21,0,0
256,2026-07-27 08:45:35,7493.5,60,99,16,0
256,2026-07-27 08:45:35,7493.25,107,176,0,0
256,2026-07-27 08:45:35,7493,264,149,0,12
256,2026-07-27 08:45:35,7492.75,83,139,0,0
256,2026-07-27 08:45:35,7492.5,206,110,0,0
256,2026-07-27 08:45:35,7492.25,208,78,49,0
256,2026-07-27 08:45:35,7492,50,3,0,0
257,2026-07-27 08:46:46,7492.25,153,177,0,0
257,2026-07-27 08:46:46,7492,270,362,0,15
257,2026-07-27 08:46:46,7491.75,300,374,10,10
257,2026-07-27 08:46:46,7492.5,71,74,0,0
257,2026-07-27 08:46:46,7491.5,545,473,14,11
257,2026-07-27 08:46:46,7491.25,404,259,38,0
257,2026-07-27 08:46:46,7491,448,453,50,27
257,2026-07-27 08:46:46,7490.75,343,247,55,0
257,2026-07-27 08:46:46,7490.5,119,54,25,0
257,2026-07-27 08:46:46,7490.25,79,16,14,0
257,2026-07-27 08:46:46,7492.75,36,35,0,0
257,2026-07-27 08:46:46,7493,79,67,0,0
257,2026-07-27 08:46:46,7493.25,99,50,0,0
257,2026-07-27 08:46:46,7493.5,93,123,0,0
257,2026-07-27 08:46:46,7493.75,73,91,0,0
257,2026-07-27 08:46:46,7494,24,29,0,0
257,2026-07-27 08:46:46,7494.25,53,24,0,0
257,2026-07-27 08:46:46,7494.5,58,79,0,0
257,2026-07-27 08:46:46,7494.75,18,45,0,0
257,2026-07-27 08:46:46,7495,31,35,0,0
257,2026-07-27 08:46:46,7495.25,48,43,0,0
257,2026-07-27 08:46:46,7495.5,15,31,0,0
258,2026-07-27 08:48:03,7492,177,130,0,0
258,2026-07-27 08:48:03,7492.25,109,155,11,0
258,2026-07-27 08:48:03,7492.5,55,77,0,0
258,2026-07-27 08:48:03,7492.75,29,45,0,0
258,2026-07-27 08:48:03,7491.75,72,32,0,0
258,2026-07-27 08:48:03,7493,20,24,0,0
258,2026-07-27 08:48:03,7491.5,1,0,0,0
258,2026-07-27 08:48:03,7493.25,19,15,0,0
258,2026-07-27 08:48:03,7493.5,16,38,0,0
258,2026-07-27 08:48:03,7493.75,14,28,0,0
258,2026-07-27 08:48:03,7494,130,64,10,0
258,2026-07-27 08:48:03,7494.25,136,166,0,0
258,2026-07-27 08:48:03,7494.5,214,209,0,0
258,2026-07-27 08:48:03,7494.75,250,239,0,0
258,2026-07-27 08:48:03,7495,154,290,0,11
258,2026-07-27 08:48:03,7495.25,201,182,0,29
258,2026-07-27 08:48:03,7495.5,72,212,0,26
258,2026-07-27 08:48:03,7495.75,112,108,0,0
258,2026-07-27 08:48:03,7496,155,182,0,10
258,2026-07-27 08:48:03,7496.25,164,204,0,0
258,2026-07-27 08:48:03,7496.5,180,236,0,0
258,2026-07-27 08:48:03,7496.75,316,298,0,0
258,2026-07-27 08:48:03,7497,238,209,37,0
258,2026-07-27 08:48:03,7497.25,115,190,0,0
258,2026-07-27 08:48:03,7497.5,64,63,0,0
258,2026-07-27 08:48:03,7497.75,23,68,0,0
259,2026-07-27 08:49:39,7497,486,479,0,10
259,2026-07-27 08:49:39,7496.75,375,280,10,0
259,2026-07-27 08:49:39,7497.25,380,667,0,101
259,2026-07-27 08:49:39,7497.5,380,419,0,0
259,2026-07-27 08:49:39,7497.75,207,266,0,0
259,2026-07-27 08:49:39,7498,118,153,0,0
259,2026-07-27 08:49:39,7498.25,58,85,0,0
259,2026-07-27 08:49:39,7498.5,91,96,0,0
259,2026-07-27 08:49:39,7498.75,90,76,0,0
259,2026-07-27 08:49:39,7499,38,71,0,0
259,2026-07-27 08:49:39,7499.25,22,46,0,0
259,2026-07-27 08:49:39,7499.5,57,25,0,0
259,2026-07-27 08:49:39,7499.75,16,43,0,0
259,2026-07-27 08:49:39,7496.5,299,281,0,25
259,2026-07-27 08:49:39,7496.25,218,187,0,15
259,2026-07-27 08:49:39,7496,150,137,0,0
259,2026-07-27 08:49:39,7495.75,109,68,0,0
259,2026-07-27 08:49:39,7495.5,11,4,0,0
259,2026-07-27 08:49:39,7495.25,12,0,0,0
260,2026-07-27 08:51:12,7496.25,239,206,0,0
260,2026-07-27 08:51:12,7496,200,198,0,0
260,2026-07-27 08:51:12,7495.75,276,271,20,0
260,2026-07-27 08:51:12,7495.5,172,165,0,0
260,2026-07-27 08:51:12,7495.25,179,103,0,0
260,2026-07-27 08:51:12,7495,144,106,0,0
260,2026-07-27 08:51:12,7494.75,161,50,42,0
260,2026-07-27 08:51:12,7496.5,230,260,0,0
260,2026-07-27 08:51:12,7496.75,148,194,0,0
260,2026-07-27 08:51:12,7497,105,122,0,0
260,2026-07-27 08:51:12,7497.25,44,73,0,0
260,2026-07-27 08:51:12,7497.5,55,56,0,0
260,2026-07-27 08:51:12,7497.75,125,99,0,0
260,2026-07-27 08:51:12,7498,155,160,0,0
260,2026-07-27 08:51:12,7498.25,272,265,0,0
260,2026-07-27 08:51:12,7498.5,196,287,0,0
260,2026-07-27 08:51:12,7498.75,65,147,0,0
260,2026-07-27 08:51:12,7499,47,49,0,0
260,2026-07-27 08:51:12,7499.25,66,45,10,0
260,2026-07-27 08:51:12,7499.5,58,58,0,0
260,2026-07-27 08:51:12,7499.75,77,112,0,0
260,2026-07-27 08:51:12,7500,0,13,0,0
260,2026-07-27 08:51:12,7494.5,77,32,0,0
260,2026-07-27 08:51:12,7494.25,45,8,0,0
260,2026-07-27 08:51:12,7494,21,1,0,0
260,2026-07-27 08:51:12,7493.75,36,24,0,0
260,2026-07-27 08:51:12,7493.5,72,48,0,0
260,2026-07-27 08:51:12,7493.25,41,29,0,0
260,2026-07-27 08:51:12,7493,12,0,0,0
261,2026-07-27 08:53:10,7493.25,259,228,0,0
261,2026-07-27 08:53:10,7493,204,298,0,0
261,2026-07-27 08:53:10,7492.75,250,259,0,0
261,2026-07-27 08:53:10,7492.5,407,318,0,0
261,2026-07-27 08:53:10,7492.25,185,158,15,0
261,2026-07-27 08:53:10,7492,111,80,15,0
261,2026-07-27 08:53:10,7493.5,243,264,23,0
261,2026-07-27 08:53:10,7493.75,239,253,21,0
261,2026-07-27 08:53:10,7494,187,221,20,0
261,2026-07-27 08:53:10,7494.25,77,72,0,0
261,2026-07-27 08:53:10,7494.5,40,82,0,0
261,2026-07-27 08:53:10,7494.75,88,49,0,0
261,2026-07-27 08:53:10,7495,191,191,0,0
261,2026-07-27 08:53:10,7495.25,146,155,0,0
261,2026-07-27 08:53:10,7495.5,111,102,0,0
261,2026-07-27 08:53:10,7495.75,139,175,0,0
261,2026-07-27 08:53:10,7496,81,81,0,0
261,2026-07-27 08:53:10,7496.25,42,64,0,0
261,2026-07-27 08:53:10,7496.5,32,25,0,0
261,2026-07-27 08:53:10,7496.75,22,33,0,10
261,2026-07-27 08:53:10,7491.75,167,130,14,0
261,2026-07-27 08:53:10,7491.5,34,8,0,0
262,2026-07-27 08:55:12,7492.25,6,10,0,0
262,2026-07-27 08:55:12,7492,51,43,0,0
262,2026-07-27 08:55:12,7491.75,48,63,0,0
262,2026-07-27 08:55:12,7491.5,54,78,0,0
262,2026-07-27 08:55:12,7491.25,89,74,0,0
262,2026-07-27 08:55:12,7491,124,67,0,0
262,2026-07-27 08:55:12,7490.75,50,80,0,0
262,2026-07-27 08:55:12,7490.5,89,73,0,0
262,2026-07-27 08:55:12,7490.25,166,172,0,0
262,2026-07-27 08:55:12,7490,253,235,0,0
262,2026-07-27 08:55:12,7489.75,354,285,0,0
262,2026-07-27 08:55:12,7489.5,239,248,10,0
262,2026-07-27 08:55:12,7489.25,316,249,0,0
262,2026-07-27 08:55:12,7489,225,149,10,0
262,2026-07-27 08:55:12,7488.75,101,93,0,0
262,2026-07-27 08:55:12,7488.5,88,93,0,0
262,2026-07-27 08:55:12,7488.25,146,116,0,0
262,2026-07-27 08:55:12,7488,148,158,0,0
262,2026-07-27 08:55:12,7487.75,256,265,11,0
262,2026-07-27 08:55:12,7487.5,264,286,37,16
262,2026-07-27 08:55:12,7487.25,193,173,44,13
262,2026-07-27 08:55:12,7487,120,78,0,0
262,2026-07-27 08:55:12,7486.75,32,0,0,0
263,2026-07-27 08:56:41,7487.25,129,191,0,11
263,2026-07-27 08:56:41,7487,129,213,0,75
263,2026-07-27 08:56:41,7486.75,139,227,0,11
263,2026-07-27 08:56:41,7487.5,58,156,0,0
263,2026-07-27 08:56:41,7486.5,254,231,49,0
263,2026-07-27 08:56:41,7486.25,348,202,0,0
263,2026-07-27 08:56:41,7486,351,361,28,0
263,2026-07-27 08:56:41,7485.75,340,423,0,0
263,2026-07-27 08:56:41,7485.5,321,279,20,0
263,2026-07-27 08:56:41,7485.25,229,49,10,0
263,2026-07-27 08:56:41,7487.75,6,16,0,0
263,2026-07-27 08:56:41,7485,136,81,20,12
263,2026-07-27 08:56:41,7484.75,74,62,0,0
263,2026-07-27 08:56:41,7484.5,63,38,0,0
263,2026-07-27 08:56:41,7484.25,135,99,0,0
263,2026-07-27 08:56:41,7484,194,106,38,0
263,2026-07-27 08:56:41,7483.75,177,178,0,0
263,2026-07-27 08:56:41,7483.5,124,109,0,0
263,2026-07-27 08:56:41,7483.25,70,23,0,14
263,2026-07-27 08:56:41,7483,46,25,0,0
263,2026-07-27 08:56:41,7482.75,17,1,0,0
263,2026-07-27 08:56:41,7482.5,73,17,40,0
264,2026-07-27 08:57:53,7482.5,143,130,0,0
264,2026-07-27 08:57:53,7482.75,54,137,0,0
264,2026-07-27 08:57:53,7483,0,1,0,0
264,2026-07-27 08:57:53,7482.25,284,479,0,0
264,2026-07-27 08:57:53,7482,497,501,10,0
264,2026-07-27 08:57:53,7481.75,235,216,0,12
264,2026-07-27 08:57:53,7481.5,132,111,0,0
264,2026-07-27 08:57:53,7481.25,267,264,0,0
264,2026-07-27 08:57:53,7481,299,233,34,0
264,2026-07-27 08:57:53,7480.75,163,101,0,0
264,2026-07-27 08:57:53,7480.5,120,85,0,0
264,2026-07-27 08:57:53,7480.25,60,49,0,0
264,2026-07-27 08:57:53,7480,205,69,36,0
264,2026-07-27 08:57:53,7479.75,45,8,0,0
264,2026-07-27 08:57:53,7479.5,48,71,0,0
264,2026-07-27 08:57:53,7479.25,205,223,11,0
264,2026-07-27 08:57:53,7479,264,185,0,0
264,2026-07-27 08:57:53,7478.75,237,112,0,10
264,2026-07-27 08:57:53,7478.5,150,32,0,0
264,2026-07-27 08:57:53,7478.25,60,0,0,0
264,2026-07-27 08:57:53,7478,25,0,0,0
265,2026-07-27 08:58:53,7478,81,59,0,0
265,2026-07-27 08:58:53,7477.75,155,208,0,0
265,2026-07-27 08:58:53,7477.5,413,595,11,0
265,2026-07-27 08:58:53,7478.25,54,34,0,0
265,2026-07-27 08:58:53,7478.5,1,8,0,0
265,2026-07-27 08:58:53,7478.75,0,1,0,0
265,2026-07-27 08:58:53,7477.25,500,476,13,0
265,2026-07-27 08:58:53,7477,371,357,10,0
265,2026-07-27 08:58:53,7476.75,365,465,0,58
265,2026-07-27 08:58:53,7476.5,279,249,19,0
265,2026-07-27 08:58:53,7476.25,130,67,0,0
265,2026-07-27 08:58:53,7476,285,257,0,95
265,2026-07-27 08:58:53,7475.75,133,60,0,0
265,2026-07-27 08:58:53,7475.5,67,49,14,0
265,2026-07-27 08:58:53,7475.25,63,70,0,0
265,2026-07-27 08:58:53,7475,96,58,20,0
265,2026-07-27 08:58:53,7474.75,51,99,0,11
265,2026-07-27 08:58:53,7474.5,170,138,0,0
265,2026-07-27 08:58:53,7474.25,36,0,0,0
266,2026-07-27 08:59:48,7475.25,40,57,0,0
266,2026-07-27 08:59:48,7475,167,206,0,0
266,2026-07-27 08:59:48,7474.75,156,186,0,0
266,2026-07-27 08:59:48,7475.5,0,7,0,0
266,2026-07-27 08:59:48,7474.5,300,281,0,0
266,2026-07-27 08:59:48,7474.25,190,201,0,0
266,2026-07-27 08:59:48,7474,268,211,17,0
266,2026-07-27 08:59:48,7473.75,118,76,0,0
266,2026-07-27 08:59:48,7473.5,194,178,20,10
266,2026-07-27 08:59:48,7473.25,199,153,0,0
266,2026-07-27 08:59:48,7473,158,60,31,0
266,2026-07-27 08:59:48,7472.75,55,39,0,0
266,2026-07-27 08:59:48,7472.5,92,29,0,0
266,2026-07-27 08:59:48,7472.25,120,3,34,0
266,2026-07-27 08:59:48,7472,60,23,0,0
266,2026-07-27 08:59:48,7471.75,20,10,0,0
266,2026-07-27 08:59:48,7471.5,105,98,0,0
266,2026-07-27 08:59:48,7471.25,76,172,0,13
266,2026-07-27 08:59:48,7471,225,262,11,0
266,2026-07-27 08:59:48,7470.75,339,367,0,10
266,2026-07-27 08:59:48,7470.5,360,273,23,0
266,2026-07-27 08:59:48,7470.25,142,115,0,13
266,2026-07-27 08:59:48,7470,76,28,10,0
266,2026-07-27 08:59:48,7469.75,4,0,0,0
267,2026-07-27 09:00:33,7471.25,2,6,0,0
267,2026-07-27 09:00:33,7471.5,0,19,0,0
267,2026-07-27 09:00:33,7471.75,0,16,0,0
267,2026-07-27 09:00:33,7472,3,30,0,0
267,2026-07-27 09:00:33,7472.25,51,26,0,0
267,2026-07-27 09:00:33,7472.5,132,124,0,0
267,2026-07-27 09:00:33,7472.75,89,89,0,0
267,2026-07-27 09:00:33,7473,141,223,0,75
267,2026-07-27 09:00:33,7473.25,156,189,0,11
267,2026-07-27 09:00:33,7473.5,33,71,0,0
267,2026-07-27 09:00:33,7473.75,74,87,0,0
267,2026-07-27 09:00:33,7474,199,207,0,0
267,2026-07-27 09:00:33,7474.25,158,263,0,25
267,2026-07-27 09:00:33,7474.5,80,112,10,0
267,2026-07-27 09:00:33,7474.75,106,106,0,0
267,2026-07-27 09:00:33,7475,103,145,0,0
267,2026-07-27 09:00:33,7475.25,198,146,0,0
267,2026-07-27 09:00:33,7475.5,248,317,10,13
267,2026-07-27 09:00:33,7475.75,233,347,0,11
267,2026-07-27 09:00:33,7476,186,248,0,13
267,2026-07-27 09:00:33,7476.25,173,176,0,0
267,2026-07-27 09:00:33,7476.5,161,270,0,0
267,2026-07-27 09:00:33,7476.75,46,97,0,0
267,2026-07-27 09:00:33,7477,89,118,0,20
267,2026-07-27 09:00:33,7477.25,120,139,0,0
267,2026-07-27 09:00:33,7477.5,40,84,0,0
267,2026-07-27 09:00:33,7477.75,0,24,0,0
268,2026-07-27 09:01:15,7472.25,503,608,0,23
268,2026-07-27 09:01:15,7472,619,692,57,20
268,2026-07-27 09:01:15,7471.75,373,388,0,0
268,2026-07-27 09:01:15,7471.5,276,209,0,0
268,2026-07-27 09:01:15,7472.5,286,455,0,0
268,2026-07-27 09:01:15,7471.25,104,99,0,0
268,2026-07-27 09:01:15,7471,74,46,10,0
268,2026-07-27 09:01:15,7470.75,132,149,0,11
268,2026-07-27 09:01:15,7470.5,137,88,12,0
268,2026-07-27 09:01:15,7470.25,29,0,0,0
268,2026-07-27 09:01:15,7472.75,127,247,0,12
268,2026-07-27 09:01:15,7473,88,127,0,0
268,2026-07-27 09:01:15,7473.25,50,99,0,0
268,2026-07-27 09:01:15,7473.5,19,80,0,0
268,2026-07-27 09:01:15,7473.75,77,63,0,0
268,2026-07-27 09:01:15,7474,17,48,0,0
268,2026-07-27 09:01:15,7474.25,65,72,0,10
268,2026-07-27 09:01:15,7474.5,12,43,0,0
269,2026-07-27 09:02:27,7474.25,55,61,0,0
269,2026-07-27 09:02:27,7474.5,56,73,0,0
269,2026-07-27 09:02:27,7474.75,58,105,0,0
269,2026-07-27 09:02:27,7475,120,117,0,10
269,2026-07-27 09:02:27,7475.25,69,107,0,0
269,2026-07-27 09:02:27,7475.5,441,374,0,0
269,2026-07-27 09:02:27,7475.75,330,516,16,0
269,2026-07-27 09:02:27,7476,327,521,0,0
269,2026-07-27 09:02:27,7476.25,187,275,11,11
269,2026-07-27 09:02:27,7476.5,138,152,0,0
269,2026-07-27 09:02:27,7476.75,54,150,0,0
269,2026-07-27 09:02:27,7477,108,145,0,0
269,2026-07-27 09:02:27,7477.25,76,84,0,10
269,2026-07-27 09:02:27,7477.5,29,63,0,0
269,2026-07-27 09:02:27,7477.75,8,40,0,0
269,2026-07-27 09:02:27,7478,73,69,0,0
269,2026-07-27 09:02:27,7478.25,220,151,25,0
269,2026-07-27 09:02:27,7478.5,198,374,17,0
269,2026-07-27 09:02:27,7478.75,89,258,0,0
269,2026-07-27 09:02:27,7479,56,106,0,0
269,2026-07-27 09:02:27,7479.25,4,43,0,0
270,2026-07-27 09:03:31,7478.5,166,18,133,0
270,2026-07-27 09:03:31,7478.75,0,22,0,0
270,2026-07-27 09:03:31,7478.25,42,14,0,0
270,2026-07-27 09:03:31,7478,24,30,0,0
270,2026-07-27 09:03:31,7477.75,46,35,0,12
270,2026-07-27 09:03:31,7477.5,37,24,0,0
270,2026-07-27 09:03:31,7477.25,29,0,0,0
270,2026-07-27 09:03:31,7477,28,29,0,0
270,2026-07-27 09:03:31,7476.75,22,46,0,0
270,2026-07-27 09:03:31,7476.5,89,61,0,0
270,2026-07-27 09:03:31,7476.25,99,43,0,12
270,2026-07-27 09:03:31,7476,46,51,0,0
270,2026-07-27 09:03:31,7475.75,63,37,0,0
270,2026-07-27 09:03:31,7475.5,23,15,0,0
270,2026-07-27 09:03:31,7475.25,47,71,0,0
270,2026-07-27 09:03:31,7475,230,331,0,0
270,2026-07-27 09:03:31,7474.75,319,295,0,24
270,2026-07-27 09:03:31,7474.5,356,447,0,0
270,2026-07-27 09:03:31,7474.25,399,464,0,10
270,2026-07-27 09:03:31,7474,372,366,0,0
270,2026-07-27 09:03:31,7473.75,210,221,0,0
270,2026-07-27 09:03:31,7473.5,170,220,0,10
270,2026-07-27 09:03:31,7473.25,201,123,0,0
270,2026-07-27 09:03:31,7473,96,58,0,0
270,2026-07-27 09:03:31,7472.75,127,115,0,0
270,2026-07-27 09:03:31,7472.5,107,25,0,0
270,2026-07-27 09:03:31,7472.25,11,0,0,0
271,2026-07-27 09:04:59,7474,164,169,0,0
271,2026-07-27 09:04:59,7474.25,128,174,0,0
271,2026-07-27 09:04:59,7474.5,102,139,0,0
271,2026-07-27 09:04:59,7474.75,190,204,10,0
271,2026-07-27 09:04:59,7475,223,248,49,30
271,2026-07-27 09:04:59,7475.25,206,225,0,0
271,2026-07-27 09:04:59,7475.5,160,182,15,10
271,2026-07-27 09:04:59,7475.75,100,100,0,0
271,2026-07-27 09:04:59,7476,149,96,25,0
271,2026-07-27 09:04:59,7476.25,109,125,0,0
271,2026-07-27 09:04:59,7476.5,209,204,0,0
271,2026-07-27 09:04:59,7476.75,206,182,0,0
271,2026-07-27 09:04:59,7477,267,290,23,0
271,2026-07-27 09:04:59,7477.25,46,176,0,0
271,2026-07-27 09:04:59,7477.5,74,107,0,0
271,2026-07-27 09:04:59,7477.75,10,64,0,0
271,2026-07-27 09:04:59,7473.75,132,124,0,12
271,2026-07-27 09:04:59,7473.5,66,60,0,0
271,2026-07-27 09:04:59,7473.25,63,22,0,0
271,2026-07-27 09:04:59,7473,76,65,14,0
271,2026-07-27 09:04:59,7472.75,70,47,0,0
271,2026-07-27 09:04:59,7472.5,83,35,0,0
271,2026-07-27 09:04:59,7472.25,29,2,0,0
271,2026-07-27 09:04:59,7472,26,3,0,0
271,2026-07-27 09:04:59,7471.75,50,86,0,0
271,2026-07-27 09:04:59,7471.5,194,90,0,0
271,2026-07-27 09:04:59,7471.25,46,16,0,0
271,2026-07-27 09:04:59,7471,51,14,0,0
271,2026-07-27 09:04:59,7470.75,22,0,0,0
272,2026-07-27 09:06:18,7470.75,183,245,0,0
272,2026-07-27 09:06:18,7470.5,163,168,0,0
272,2026-07-27 09:06:18,7470.25,214,179,0,0
272,2026-07-27 09:06:18,7470,23,0,0,0
272,2026-07-27 09:06:18,7471,95,215,0,27
272,2026-07-27 09:06:18,7471.25,65,102,0,0
272,2026-07-27 09:06:18,7471.5,18,51,0,10
272,2026-07-27 09:06:18,7471.75,56,29,0,0
272,2026-07-27 09:06:18,7472,203,202,0,20
272,2026-07-27 09:06:18,7472.25,205,208,0,11
272,2026-07-27 09:06:18,7472.5,207,278,0,14
272,2026-07-27 09:06:18,7472.75,220,309,0,41
272,2026-07-27 09:06:18,7473,181,191,0,14
272,2026-07-27 09:06:18,7473.25,148,229,0,28
272,2026-07-27 09:06:18,7473.5,137,127,0,0
272,2026-07-27 09:06:18,7473.75,32,52,0,0
272,2026-07-27 09:06:18,7474,33,30,0,0
272,2026-07-27 09:06:18,7474.25,76,51,0,0
272,2026-07-27 09:06:18,7474.5,57,26,0,0
272,2026-07-27 09:06:18,7474.75,68,85,0,0
272,2026-07-27 09:06:18,7475,70,70,0,0
272,2026-07-27 09:06:18,7475.25,245,188,12,0
272,2026-07-27 09:06:18,7475.5,157,195,30,31
272,2026-07-27 09:06:18,7475.75,93,122,0,10
272,2026-07-27 09:06:18,7476,75,97,0,0
272,2026-07-27 09:06:18,7476.25,6,21,0,0
273,2026-07-27 09:07:39,7472.25,29,35,0,0
273,2026-07-27 09:07:39,7472.5,47,27,0,0
273,2026-07-27 09:07:39,7472.75,86,55,0,0
273,2026-07-27 09:07:39,7473,30,46,0,0
273,2026-07-27 09:07:39,7473.25,45,68,0,0
273,2026-07-27 09:07:39,7473.5,126,100,0,0
273,2026-07-27 09:07:39,7472,7,0,0,0
273,2026-07-27 09:07:39,7473.75,169,180,10,0
273,2026-07-27 09:07:39,7474,234,233,0,0
273,2026-07-27 09:07:39,7474.25,235,266,0,0
273,2026-07-27 09:07:39,7474.5,222,259,0,0
273,2026-07-27 09:07:39,7474.75,88,148,0,0
273,2026-07-27 09:07:39,7475,214,250,0,10
273,2026-07-27 09:07:39,7475.25,177,173,0,0
273,2026-07-27 09:07:39,7475.5,163,194,0,0
273,2026-07-27 09:07:39,7475.75,134,140,0,0
273,2026-07-27 09:07:39,7476,247,239,10,0
273,2026-07-27 09:07:39,7476.25,128,133,0,0
273,2026-07-27 09:07:39,7476.5,159,183,0,0
273,2026-07-27 09:07:39,7476.75,47,129,0,0
273,2026-07-27 09:07:39,7477,27,78,0,0
273,2026-07-27 09:07:39,7477.25,118,89,0,0
273,2026-07-27 09:07:39,7477.5,147,184,0,11
273,2026-07-27 09:07:39,7477.75,100,159,0,0
273,2026-07-27 09:07:39,7478,16,110,0,20
273,2026-07-27 09:07:39,7478.25,0,27,0,0
274,2026-07-27 09:09:28,7477.25,30,21,0,0
274,2026-07-27 09:09:28,7477,37,36,17,0
274,2026-07-27 09:09:28,7477.5,26,18,0,0
274,2026-07-27 09:09:28,7477.75,85,53,11,0
274,2026-07-27 09:09:28,7478,121,119,11,0
274,2026-07-27 09:09:28,7478.25,77,103,0,0
274,2026-07-27 09:09:28,7478.5,0,7,0,0
274,2026-07-27 09:09:28,7476.75,70,81,0,0
274,2026-07-27 09:09:28,7476.5,102,94,0,0
274,2026-07-27 09:09:28,7476.25,71,94,0,0
274,2026-07-27 09:09:28,7476,63,39,0,0
274,2026-07-27 09:09:28,7475.75,110,154,0,20
274,2026-07-27 09:09:28,7475.5,84,41,0,0
274,2026-07-27 09:09:28,7475.25,41,11,0,0
274,2026-07-27 09:09:28,7475,34,0,15,0
274,2026-07-27 09:09:28,7474.75,15,0,0,0
274,2026-07-27 09:09:28,7474.5,25,2,0,0
274,2026-07-27 09:09:28,7474.25,28,24,0,0
274,2026-07-27 09:09:28,7474,79,90,0,0
274,2026-07-27 09:09:28,7473.75,58,15,0,0
274,2026-07-27 09:09:28,7473.5,37,16,0,0
274,2026-07-27 09:09:28,7473.25,76,13,0,0
274,2026-07-27 09:09:28,7473,14,0,0,0
274,2026-07-27 09:09:28,7472.75,6,0,0,0
274,2026-07-27 09:09:28,7472.5,24,24,0,0
274,2026-07-27 09:09:28,7472.25,17,17,0,0
274,2026-07-27 09:09:28,7472,75,44,0,0
274,2026-07-27 09:09:28,7471.75,35,76,0,0
274,2026-07-27 09:09:28,7471.5,220,215,0,0
274,2026-07-27 09:09:28,7471.25,236,199,0,0
274,2026-07-27 09:09:28,7471,301,290,0,0
274,2026-07-27 09:09:28,7470.75,275,248,0,0
274,2026-07-27 09:09:28,7470.5,275,202,0,0
274,2026-07-27 09:09:28,7470.25,159,57,33,0
274,2026-07-27 09:09:28,7470,118,77,12,0
274,2026-07-27 09:09:28,7469.75,87,46,10,0
274,2026-07-27 09:09:28,7469.5,31,3,0,0
274,2026-07-27 09:09:28,7469.25,103,120,0,0
274,2026-07-27 09:09:28,7469,157,57,0,0
274,2026-07-27 09:09:28,7468.75,157,76,0,0
274,2026-07-27 09:09:28,7468.5,88,4,0,0
274,2026-07-27 09:09:28,7468.25,38,2,0,0
274,2026-07-27 09:09:28,7468,9,0,0,0
275,2026-07-27 09:10:51,7468,150,140,25,0
275,2026-07-27 09:10:51,7468.25,0,11,0,0
275,2026-07-27 09:10:51,7467.75,175,126,0,0
275,2026-07-27 09:10:51,7467.5,163,82,0,0
275,2026-07-27 09:10:51,7467.25,183,94,0,0
275,2026-07-27 09:10:51,7467,154,163,0,0
275,2026-07-27 09:10:51,7466.75,58,59,0,0
275,2026-07-27 09:10:51,7466.5,56,36,0,0
275,2026-07-27 09:10:51,7466.25,56,63,0,0
275,2026-07-27 09:10:51,7466,153,248,0,0
275,2026-07-27 09:10:51,7465.75,125,108,0,0
275,2026-07-27 09:10:51,7465.5,96,50,0,0
275,2026-07-27 09:10:51,7465.25,141,167,0,15
275,2026-07-27 09:10:51,7465,334,296,35,16
275,2026-07-27 09:10:51,7464.75,259,243,10,0
275,2026-07-27 09:10:51,7464.5,174,234,0,10
275,2026-07-27 09:10:51,7464.25,228,230,0,0
275,2026-07-27 09:10:51,7464,149,143,0,0
275,2026-07-27 09:10:51,7463.75,166,129,0,0
275,2026-07-27 09:10:51,7463.5,160,145,11,0
275,2026-07-27 09:10:51,7463.25,298,210,0,11
275,2026-07-27 09:10:51,7463,65,20,0,0
275,2026-07-27 09:10:51,7462.75,75,58,0,0
275,2026-07-27 09:10:51,7462.5,29,0,0,0
276,2026-07-27 09:11:52,7467,335,303,48,20
276,2026-07-27 09:11:52,7467.25,144,436,0,73
276,2026-07-27 09:11:52,7466.75,279,346,0,33
276,2026-07-27 09:11:52,7466.5,240,234,0,0
276,2026-07-27 09:11:52,7466.25,135,83,13,0
276,2026-07-27 09:11:52,7466,215,144,40,0
276,2026-07-27 09:11:52,7467.5,181,254,0,25
276,2026-07-27 09:11:52,7467.75,113,150,0,0
276,2026-07-27 09:11:52,7468,64,100,0,0
276,2026-07-27 09:11:52,7468.25,73,71,0,0
276,2026-07-27 09:11:52,7468.5,79,108,0,0
276,2026-07-27 09:11:52,7468.75,58,69,0,0
276,2026-07-27 09:11:52,7465.75,126,282,0,12
276,2026-07-27 09:11:52,7465.5,183,307,0,62
276,2026-07-27 09:11:52,7465.25,231,112,0,0
276,2026-07-27 09:11:52,7465,71,48,0,0
276,2026-07-27 09:11:52,7464.75,49,61,0,0
276,2026-07-27 09:11:52,7464.5,13,7,0,0
276,2026-07-27 09:11:52,7469,55,182,0,30
276,2026-07-27 09:11:52,7469.25,0,28,0,0
276,2026-07-27 09:11:52,7469.5,1,33,0,0
276,2026-07-27 09:11:52,7469.75,12,49,0,10
276,2026-07-27 09:11:52,7470,69,56,0,0
276,2026-07-27 09:11:52,7470.25,50,66,0,0
276,2026-07-27 09:11:52,7470.5,71,84,0,0
276,2026-07-27 09:11:52,7470.75,8,48,0,0
277,2026-07-27 09:13:07,7470,13,11,0,0
277,2026-07-27 09:13:07,7469.75,27,54,0,0
277,2026-07-27 09:13:07,7469.5,134,98,0,0
277,2026-07-27 09:13:07,7469.25,108,99,10,0
277,2026-07-27 09:13:07,7469,35,56,0,0
277,2026-07-27 09:13:07,7468.75,73,72,0,0
277,2026-07-27 09:13:07,7468.5,51,100,0,19
277,2026-07-27 09:13:07,7468.25,172,263,0,39
277,2026-07-27 09:13:07,7468,284,266,0,0
277,2026-07-27 09:13:07,7467.75,316,411,28,0
277,2026-07-27 09:13:07,7467.5,299,282,10,0
277,2026-07-27 09:13:07,7467.25,269,200,0,0
277,2026-07-27 09:13:07,7467,165,127,0,13
277,2026-07-27 09:13:07,7466.75,117,89,0,0
277,2026-07-27 09:13:07,7466.5,73,79,20,0
277,2026-07-27 09:13:07,7466.25,51,51,0,0
277,2026-07-27 09:13:07,7466,113,133,0,0
277,2026-07-27 09:13:07,7465.75,283,301,0,0
277,2026-07-27 09:13:07,7465.5,121,113,0,0
277,2026-07-27 09:13:07,7465.25,76,72,0,0
277,2026-07-27 09:13:07,7465,129,77,28,0
277,2026-07-27 09:13:07,7464.75,106,123,0,0
277,2026-07-27 09:13:07,7464.5,112,180,0,0
277,2026-07-27 09:13:07,7464.25,79,25,0,0
277,2026-07-27 09:13:07,7464,12,0,0,0
278,2026-07-27 09:14:49,7468,177,183,10,0
278,2026-07-27 09:14:49,7468.25,250,286,0,0
278,2026-07-27 09:14:49,7468.5,181,214,0,0
278,2026-07-27 09:14:49,7467.75,185,157,0,0
278,2026-07-27 09:14:49,7467.5,76,37,0,0
278,2026-07-27 09:14:49,7468.75,117,147,0,0
278,2026-07-27 09:14:49,7467.25,61,93,17,0
278,2026-07-27 09:14:49,7469,131,133,0,0
278,2026-07-27 09:14:49,7469.25,158,180,0,0
278,2026-07-27 09:14:49,7469.5,98,149,0,0
278,2026-07-27 09:14:49,7469.75,166,161,0,0
278,2026-07-27 09:14:49,7470,129,137,0,0
278,2026-07-27 09:14:49,7470.25,98,117,0,0
278,2026-07-27 09:14:49,7470.5,117,97,0,0
278,2026-07-27 09:14:49,7470.75,78,98,0,0
278,2026-07-27 09:14:49,7471,43,84,0,10
278,2026-07-27 09:14:49,7471.25,39,31,0,0
278,2026-07-27 09:14:49,7471.5,181,164,0,14
278,2026-07-27 09:14:49,7471.75,243,353,0,23
278,2026-07-27 09:14:49,7472,98,152,16,0
278,2026-07-27 09:14:49,7472.25,46,41,0,0
278,2026-07-27 09:14:49,7472.5,86,88,0,0
278,2026-07-27 09:14:49,7472.75,107,80,0,0
278,2026-07-27 09:14:49,7473,46,93,0,0
278,2026-07-27 09:14:49,7473.25,69,46,0,0
278,2026-07-27 09:14:49,7473.5,8,77,0,40
278,2026-07-27 09:14:49,7467,75,39,0,0
279,2026-07-27 09:16:15,7470.25,148,117,0,13
279,2026-07-27 09:16:15,7470.5,211,154,45,0
279,2026-07-27 09:16:15,7470.75,261,205,16,0
279,2026-07-27 09:16:15,7470,136,108,0,0
279,2026-07-27 09:16:15,7469.75,127,178,0,0
279,2026-07-27 09:16:15,7471,159,196,0,10
279,2026-07-27 09:16:15,7471.25,21,100,0,31
279,2026-07-27 09:16:15,7469.5,113,125,0,37
279,2026-07-27 09:16:15,7469.25,63,58,0,0
279,2026-07-27 09:16:15,7469,140,107,25,0
279,2026-07-27 09:16:15,7468.75,141,125,42,0
279,2026-07-27 09:16:15,7468.5,150,152,0,25
279,2026-07-27 09:16:15,7468.25,143,47,0,0
279,2026-07-27 09:16:15,7468,33,23,0,0
279,2026-07-27 09:16:15,7467.75,35,33,0,0
279,2026-07-27 09:16:15,7467.5,143,99,22,0
279,2026-07-27 09:16:15,7467.25,142,59,0,0
279,2026-07-27 09:16:15,7467,72,55,0,0
279,2026-07-27 09:16:15,7466.75,49,234,0,112
279,2026-07-27 09:16:15,7466.5,90,151,0,0
279,2026-07-27 09:16:15,7466.25,358,359,60,11
279,2026-07-27 09:16:15,7466,197,180,0,0
279,2026-07-27 09:16:15,7465.75,162,156,14,14
279,2026-07-27 09:16:15,7465.5,137,78,0,0
279,2026-07-27 09:16:15,7465.25,89,26,12,0
279,2026-07-27 09:16:15,7465,36,10,0,0
279,2026-07-27 09:16:15,7464.75,9,0,0,0
280,2026-07-27 09:17:52,7467.25,238,251,12,12
280,2026-07-27 09:17:52,7467,186,143,12,10
280,2026-07-27 09:17:52,7467.5,175,172,0,0
280,2026-07-27 09:17:52,7466.75,128,238,0,47
280,2026-07-27 09:17:52,7467.75,119,147,0,0
280,2026-07-27 09:17:52,7468,39,131,0,16
280,2026-07-27 09:17:52,7466.5,154,217,0,0
280,2026-07-27 09:17:52,7466.25,161,137,0,0
280,2026-07-27 09:17:52,7466,185,196,37,11
280,2026-07-27 09:17:52,7465.75,200,174,10,0
280,2026-07-27 09:17:52,7465.5,97,75,0,0
280,2026-07-27 09:17:52,7465.25,73,58,14,0
280,2026-07-27 09:17:52,7465,98,93,0,0
280,2026-07-27 09:17:52,7464.75,135,183,17,47
280,2026-07-27 09:17:52,7464.5,42,37,0,0
280,2026-07-27 09:17:52,7464.25,86,48,0,0
280,2026-07-27 09:17:52,7464,56,46,0,0
280,2026-07-27 09:17:52,7463.75,117,76,0,0
280,2026-07-27 09:17:52,7463.5,141,121,0,40
280,2026-07-27 09:17:52,7463.25,11,0,0,0
280,2026-07-27 09:17:52,7468.25,9,23,0,0
280,2026-07-27 09:17:52,7468.5,3,34,0,10
280,2026-07-27 09:17:52,7468.75,147,67,0,0
280,2026-07-27 09:17:52,7469,197,189,0,0
280,2026-07-27 09:17:52,7469.25,41,130,0,14
280,2026-07-27 09:17:52,7469.5,25,23,0,0
280,2026-07-27 09:17:52,7469.75,1,47,0,0
280,2026-07-27 09:17:52,7470,66,51,0,0
280,2026-07-27 09:17:52,7470.25,33,86,0,0
280,2026-07-27 09:17:52,7470.5,57,138,37,56
280,2026-07-27 09:17:52,7470.75,49,24,0,0
280,2026-07-27 09:17:52,7471,10,65,0,0
281,2026-07-27 09:19:15,7471,170,115,0,0
281,2026-07-27 09:19:15,7471.25,39,138,0,28
281,2026-07-27 09:19:15,7470.75,130,124,0,0
281,2026-07-27 09:19:15,7470.5,173,140,0,0
281,2026-07-27 09:19:15,7470.25,152,115,28,0
281,2026-07-27 09:19:15,7470,82,14,0,0
281,2026-07-27 09:19:15,7469.75,24,0,0,0
281,2026-07-27 09:19:15,7469.5,38,15,0,0
281,2026-07-27 09:19:15,7469.25,7,19,0,0
281,2026-07-27 09:19:15,7469,59,33,19,0
281,2026-07-27 09:19:15,7468.75,38,32,0,0
281,2026-07-27 09:19:15,7468.5,58,73,0,0
281,2026-07-27 09:19:15,7468.25,188,197,0,0
281,2026-07-27 09:19:15,7468,178,143,20,0
281,2026-07-27 09:19:15,7467.75,96,37,0,0
281,2026-07-27 09:19:15,7467.5,89,10,0,0
281,2026-07-27 09:19:15,7467.25,64,3,0,0
281,2026-07-27 09:19:15,7467,78,50,0,14
281,2026-07-27 09:19:15,7466.75,49,6,0,0
281,2026-07-27 09:19:15,7466.5,15,40,0,0
281,2026-07-27 09:19:15,7466.25,140,155,0,0
281,2026-07-27 09:19:15,7466,176,170,0,0
281,2026-07-27 09:19:15,7465.75,160,191,0,0
281,2026-07-27 09:19:15,7465.5,110,97,0,0
281,2026-07-27 09:19:15,7465.25,108,62,0,0
281,2026-07-27 09:19:15,7465,117,75,15,0
281,2026-07-27 09:19:15,7464.75,11,3,0,0
281,2026-07-27 09:19:15,7464.5,12,17,0,0
281,2026-07-27 09:19:15,7464.25,78,69,22,0
281,2026-07-27 09:19:15,7464,76,127,0,0
281,2026-07-27 09:19:15,7463.75,88,149,0,0
281,2026-07-27 09:19:15,7463.5,148,118,0,17
281,2026-07-27 09:19:15,7463.25,241,69,161,0
281,2026-07-27 09:19:15,7463,87,62,0,0
281,2026-07-27 09:19:15,7462.75,90,76,14,0
281,2026-07-27 09:19:15,7462.5,60,13,0,0
281,2026-07-27 09:19:15,7462.25,43,50,0,0
281,2026-07-27 09:19:15,7462,124,24,0,0
281,2026-07-27 09:19:15,7461.75,59,4,0,0
281,2026-07-27 09:19:15,7461.5,11,0,0,0
282,2026-07-27 09:20:55,7461.75,281,253,12,0
282,2026-07-27 09:20:55,7461.5,240,278,0,0
282,2026-07-27 09:20:55,7462,141,238,0,25
282,2026-07-27 09:20:55,7462.25,115,103,0,0
282,2026-07-27 09:20:55,7462.5,114,72,0,0
282,2026-07-27 09:20:55,7461.25,197,162,0,0
282,2026-07-27 09:20:55,7462.75,80,79,0,0
282,2026-07-27 09:20:55,7461,195,77,82,0
282,2026-07-27 09:20:55,7460.75,42,8,0,0
282,2026-07-27 09:20:55,7463,88,148,0,22
282,2026-07-27 09:20:55,7463.25,74,90,0,11
282,2026-07-27 09:20:55,7463.5,113,130,0,0
282,2026-07-27 09:20:55,7463.75,264,275,0,0
282,2026-07-27 09:20:55,7464,138,129,0,0
282,2026-07-27 09:20:55,7464.25,85,182,0,0
282,2026-07-27 09:20:55,7464.5,142,124,0,11
282,2026-07-27 09:20:55,7464.75,208,202,0,0
282,2026-07-27 09:20:55,7465,250,219,0,0
282,2026-07-27 09:20:55,7465.25,157,151,0,0
282,2026-07-27 09:20:55,7465.5,61,136,0,0
282,2026-07-27 09:20:55,7465.75,58,59,0,0
282,2026-07-27 09:20:55,7466,126,68,0,0
282,2026-07-27 09:20:55,7466.25,46,90,0,0
282,2026-07-27 09:20:55,7466.5,0,11,0,0
283,2026-07-27 09:22:40,7461.25,117,124,0,0
283,2026-07-27 09:22:40,7461.5,6,46,0,10
283,2026-07-27 09:22:40,7461,144,132,0,0
283,2026-07-27 09:22:40,7460.75,122,160,0,0
283,2026-07-27 09:22:40,7460.5,324,226,0,0
283,2026-07-27 09:22:40,7460.25,149,151,0,0
283,2026-07-27 09:22:40,7460,148,70,0,0
283,2026-07-27 09:22:40,7459.75,72,28,0,0
283,2026-07-27 09:22:40,7461.75,59,46,0,0
283,2026-07-27 09:22:40,7462,105,117,0,0
283,2026-07-27 09:22:40,7462.25,58,116,0,0
283,2026-07-27 09:22:40,7462.5,83,78,0,0
283,2026-07-27 09:22:40,7462.75,99,152,0,0
283,2026-07-27 09:22:40,7463,486,196,0,0
283,2026-07-27 09:22:40,7463.25,143,122,0,0
283,2026-07-27 09:22:40,7463.5,155,145,0,0
283,2026-07-27 09:22:40,7463.75,151,208,0,0
283,2026-07-27 09:22:40,7464,101,98,0,0
283,2026-07-27 09:22:40,7464.25,23,86,0,0
283,2026-07-27 09:22:40,7464.5,0,5,0,0
283,2026-07-27 09:22:40,7459.5,40,40,0,0
283,2026-07-27 09:22:40,7459.25,85,20,0,0
283,2026-07-27 09:22:40,7459,93,84,0,0
283,2026-07-27 09:22:40,7458.75,93,34,0,0
283,2026-07-27 09:22:40,7458.5,30,7,0,0
283,2026-07-27 09:22:40,7458.25,106,105,10,0
283,2026-07-27 09:22:40,7458,117,30,28,0
283,2026-07-27 09:22:40,7457.75,68,19,0,0
283,2026-07-27 09:22:40,7457.5,29,2,0,0
283,2026-07-27 09:22:40,7457.25,52,147,0,10
283,2026-07-27 09:22:40,7457,131,119,0,15
283,2026-07-27 09:22:40,7456.75,44,49,0,0
283,2026-07-27 09:22:40,7456.5,71,30,0,0
283,2026-07-27 09:22:40,7456.25,5,0,0,0
284,2026-07-27 09:24:00,7457.25,303,370,0,63
284,2026-07-27 09:24:00,7457,596,169,0,0
284,2026-07-27 09:24:00,7457.5,197,352,0,0
284,2026-07-27 09:24:00,7457.75,142,237,0,29
284,2026-07-27 09:24:00,7458,92,238,0,86
284,2026-07-27 09:24:00,7456.75,129,79,0,0
284,2026-07-27 09:24:00,7456.5,92,60,0,0
284,2026-07-27 09:24:00,7458.25,73,64,0,0
284,2026-07-27 09:24:00,7458.5,16,73,0,0
284,2026-07-27 09:24:00,7458.75,0,2,0,0
284,2026-07-27 09:24:00,7456.25,148,230,0,0
284,2026-07-27 09:24:00,7456,265,254,0,0
284,2026-07-27 09:24:00,7455.75,153,166,0,0
284,2026-07-27 09:24:00,7455.5,134,149,0,0
284,2026-07-27 09:24:00,7455.25,156,194,0,12
284,2026-07-27 09:24:00,7455,254,245,30,65
284,2026-07-27 09:24:00,7454.75,203,192,0,0
284,2026-07-27 09:24:00,7454.5,164,118,0,0
284,2026-07-27 09:24:00,7454.25,114,38,0,0
284,2026-07-27 09:24:00,7454,39,0,0,0
285,2026-07-27 09:25:04,7455.25,116,124,10,0
285,2026-07-27 09:25:04,7455,274,184,0,0
285,2026-07-27 09:25:04,7455.5,105,60,0,0
285,2026-07-27 09:25:04,7455.75,127,153,0,0
285,2026-07-27 09:25:04,7454.75,165,145,0,0
285,2026-07-27 09:25:04,7456,23,40,0,0
285,2026-07-27 09:25:04,7454.5,234,309,0,0
285,2026-07-27 09:25:04,7454.25,302,373,0,0
285,2026-07-27 09:25:04,7454,399,392,38,0
285,2026-07-27 09:25:04,7453.75,426,343,0,26
285,2026-07-27 09:25:04,7453.5,110,81,0,0
285,2026-07-27 09:25:04,7453.25,80,161,0,0
285,2026-07-27 09:25:04,7453,273,234,25,0
285,2026-07-27 09:25:04,7452.75,173,229,0,35
285,2026-07-27 09:25:04,7452.5,206,271,0,10
285,2026-07-27 09:25:04,7452.25,233,123,29,0
285,2026-07-27 09:25:04,7452,32,0,0,0
286,2026-07-27 09:26:26,7454.25,102,87,0,0
286,2026-07-27 09:26:26,7454,74,25,0,0
286,2026-07-27 09:26:26,7454.5,211,163,0,0
286,2026-07-27 09:26:26,7454.75,147,114,0,0
286,2026-07-27 09:26:26,7455,99,106,0,0
286,2026-07-27 09:26:26,7455.25,166,149,0,0
286,2026-07-27 09:26:26,7455.5,144,201,10,0
286,2026-07-27 09:26:26,7455.75,160,154,14,0
286,2026-07-27 09:26:26,7456,91,160,0,0
286,2026-07-27 09:26:26,7456.25,20,60,0,0
286,2026-07-27 09:26:26,7456.5,13,16,0,0
286,2026-07-27 09:26:26,7453.75,38,52,0,0
286,2026-07-27 09:26:26,7453.5,85,125,0,0
286,2026-07-27 09:26:26,7453.25,61,22,0,0
286,2026-07-27 09:26:26,7453,85,116,0,0
286,2026-07-27 09:26:26,7452.75,234,125,33,0
286,2026-07-27 09:26:26,7452.5,314,302,35,20
286,2026-07-27 09:26:26,7452.25,247,237,0,0
286,2026-07-27 09:26:26,7452,196,20,0,0
286,2026-07-27 09:26:26,7451.75,83,69,0,0
286,2026-07-27 09:26:26,7451.5,100,108,0,0
286,2026-07-27 09:26:26,7451.25,190,92,22,0
286,2026-07-27 09:26:26,7451,97,51,0,12
286,2026-07-27 09:26:26,7450.75,92,182,0,0
286,2026-07-27 09:26:26,7450.5,147,111,10,0
286,2026-07-27 09:26:26,7450.25,147,130,0,0
286,2026-07-27 09:26:26,7450,148,32,53,0
287,2026-07-27 09:28:01,7450.5,158,132,40,10
287,2026-07-27 09:28:01,7450.75,91,113,0,0
287,2026-07-27 09:28:01,7450.25,90,78,0,0
287,2026-07-27 09:28:01,7451,56,130,0,0
287,2026-07-27 09:28:01,7451.25,10,16,0,0
287,2026-07-27 09:28:01,7451.5,0,15,0,0
287,2026-07-27 09:28:01,7450,28,0,0,0
287,2026-07-27 09:28:01,7449.75,28,11,0,0
287,2026-07-27 09:28:01,7449.5,66,45,0,0
287,2026-07-27 09:28:01,7449.25,122,62,12,0
287,2026-07-27 09:28:01,7449,135,205,0,67
287,2026-07-27 09:28:01,7448.75,81,146,0,12
287,2026-07-27 09:28:01,7448.5,224,188,0,0
287,2026-07-27 09:28:01,7448.25,208,160,20,0
287,2026-07-27 09:28:01,7448,439,313,41,44
287,2026-07-27 09:28:01,7447.75,241,183,0,0
287,2026-07-27 09:28:01,7447.5,279,316,10,0
287,2026-07-27 09:28:01,7447.25,291,279,0,0
287,2026-07-27 09:28:01,7447,271,218,0,0
287,2026-07-27 09:28:01,7446.75,237,245,0,0
287,2026-07-27 09:28:01,7446.5,209,190,0,0
287,2026-07-27 09:28:01,7446.25,52,73,0,0
287,2026-07-27 09:28:01,7446,57,9,0,0
288,2026-07-27 09:29:17,7446.5,31,59,0,0
288,2026-07-27 09:29:17,7446.25,24,23,0,0
288,2026-07-27 09:29:17,7446.75,24,62,0,0
288,2026-07-27 09:29:17,7447,15,58,0,0
288,2026-07-27 09:29:17,7447.25,0,6,0,0
288,2026-07-27 09:29:17,7446,119,142,0,0
288,2026-07-27 09:29:17,7445.75,127,141,27,0
288,2026-07-27 09:29:17,7445.5,144,114,0,0
288,2026-07-27 09:29:17,7445.25,250,110,67,0
288,2026-07-27 09:29:17,7445,202,235,30,30
288,2026-07-27 09:29:17,7444.75,156,202,0,0
288,2026-07-27 09:29:17,7444.5,275,276,24,0
288,2026-07-27 09:29:17,7444.25,157,96,0,0
288,2026-07-27 09:29:17,7444,181,144,0,0
288,2026-07-27 09:29:17,7443.75,110,63,0,0
288,2026-07-27 09:29:17,7443.5,69,46,0,0
288,2026-07-27 09:29:17,7443.25,76,33,0,0
288,2026-07-27 09:29:17,7443,75,11,0,0
288,2026-07-27 09:29:17,7442.75,49,0,0,0
288,2026-07-27 09:29:17,7442.5,48,14,0,0
288,2026-07-27 09:29:17,7442.25,109,204,0,0
288,2026-07-27 09:29:17,7442,214,105,60,0
288,2026-07-27 09:29:17,7441.75,122,82,15,0
288,2026-07-27 09:29:17,7441.5,70,106,0,41
288,2026-07-27 09:29:17,7441.25,146,204,0,0
288,2026-07-27 09:29:17,7441,176,117,0,0
288,2026-07-27 09:29:17,7440.75,168,133,0,0
288,2026-07-27 09:29:17,7440.5,144,87,0,0
288,2026-07-27 09:29:17,7440.25,94,78,0,0
288,2026-07-27 09:29:17,7440,83,44,12,0
288,2026-07-27 09:29:17,7439.75,42,5,0,0
289,2026-07-27 09:30:03,7442.25,78,103,0,0
289,2026-07-27 09:30:03,7442.5,127,89,10,0
289,2026-07-27 09:30:03,7442.75,201,209,0,0
289,2026-07-27 09:30:03,7443,103,243,0,28
289,2026-07-27 09:30:03,7443.25,32,76,0,0
289,2026-07-27 09:30:03,7443.5,9,15,0,0
289,2026-07-27 09:30:03,7442,57,95,11,0
289,2026-07-27 09:30:03,7441.75,59,104,0,0
289,2026-07-27 09:30:03,7441.5,50,54,0,0
289,2026-07-27 09:30:03,7441.25,59,80,0,0
289,2026-07-27 09:30:03,7441,52,21,0,0
289,2026-07-27 09:30:03,7440.75,8,3,0,0
289,2026-07-27 09:30:03,7440.5,35,54,0,0
289,2026-07-27 09:30:03,7440.25,103,127,0,0
289,2026-07-27 09:30:03,7440,221,171,0,0
289,2026-07-27 09:30:03,7439.75,65,46,0,0
289,2026-07-27 09:30:03,7439.5,45,69,0,0
289,2026-07-27 09:30:03,7439.25,26,87,0,0
289,2026-07-27 09:30:03,7439,88,194,0,42
289,2026-07-27 09:30:03,7438.75,151,141,0,0
289,2026-07-27 09:30:03,7438.5,65,174,0,0
289,2026-07-27 09:30:03,7438.25,140,204,0,0
289,2026-07-27 09:30:03,7438,71,70,0,0
289,2026-07-27 09:30:03,7437.75,144,212,0,0
289,2026-07-27 09:30:03,7437.5,196,169,25,0
289,2026-07-27 09:30:03,7437.25,156,273,0,27
289,2026-07-27 09:30:03,7437,326,299,0,0
289,2026-07-27 09:30:03,7436.75,66,45,0,0
289,2026-07-27 09:30:03,7436.5,62,67,0,0
289,2026-07-27 09:30:03,7436.25,82,111,0,0
289,2026-07-27 09:30:03,7436,18,0,0,0
290,2026-07-27 09:30:54,7440.25,136,172,0,0
290,2026-07-27 09:30:54,7440.5,138,185,0,0
290,2026-07-27 09:30:54,7440.75,86,127,0,0
290,2026-07-27 09:30:54,7441,196,207,0,0
290,2026-07-27 09:30:54,7441.25,129,180,0,13
290,2026-07-27 09:30:54,7440,234,284,15,25
290,2026-07-27 09:30:54,7439.75,416,455,69,0
290,2026-07-27 09:30:54,7439.5,338,379,0,0
290,2026-07-27 09:30:54,7439.25,219,188,10,0
290,2026-07-27 09:30:54,7439,148,112,0,0
290,2026-07-27 09:30:54,7438.75,87,83,0,0
290,2026-07-27 09:30:54,7438.5,74,88,20,0
290,2026-07-27 09:30:54,7438.25,71,71,0,0
290,2026-07-27 09:30:54,7441.5,218,192,0,0
290,2026-07-27 09:30:54,7441.75,239,203,0,0
290,2026-07-27 09:30:54,7442,227,235,0,0
290,2026-07-27 09:30:54,7442.25,57,182,0,10
290,2026-07-27 09:30:54,7442.5,0,5,0,0
290,2026-07-27 09:30:54,7438,124,15,57,0
291,2026-07-27 09:32:07,7439,208,175,34,0
291,2026-07-27 09:32:07,7439.25,78,103,0,0
291,2026-07-27 09:32:07,7438.75,78,93,0,0
291,2026-07-27 09:32:07,7438.5,86,96,0,0
291,2026-07-27 09:32:07,7438.25,49,56,0,0
291,2026-07-27 09:32:07,7438,42,65,0,0
291,2026-07-27 09:32:07,7437.75,125,101,0,0
291,2026-07-27 09:32:07,7437.5,88,104,0,0
291,2026-07-27 09:32:07,7437.25,22,0,12,0
291,2026-07-27 09:32:07,7439.5,116,79,24,0
291,2026-07-27 09:32:07,7439.75,294,280,0,0
291,2026-07-27 09:32:07,7440,337,504,22,52
291,2026-07-27 09:32:07,7440.25,228,332,0,12
291,2026-07-27 09:32:07,7440.5,262,335,0,0
291,2026-07-27 09:32:07,7440.75,430,407,32,0
291,2026-07-27 09:32:07,7441,307,487,0,49
291,2026-07-27 09:32:07,7441.25,163,195,0,0
291,2026-07-27 09:32:07,7441.5,56,114,0,0
291,2026-07-27 09:32:07,7441.75,0,5,0,0
292,2026-07-27 09:33:17,7441.25,96,52,30,0
292,2026-07-27 09:33:17,7441.5,155,144,0,0
292,2026-07-27 09:33:17,7441.75,58,175,0,55
292,2026-07-27 09:33:17,7442,29,40,0,0
292,2026-07-27 09:33:17,7441,44,57,0,0
292,2026-07-27 09:33:17,7440.75,97,89,0,0
292,2026-07-27 09:33:17,7440.5,43,9,0,0
292,2026-07-27 09:33:17,7440.25,58,23,0,0
292,2026-07-27 09:33:17,7440,34,27,0,0
292,2026-07-27 09:33:17,7439.75,47,51,0,0
292,2026-07-27 09:33:17,7439.5,61,101,0,0
292,2026-07-27 09:33:17,7439.25,73,136,0,0
292,2026-07-27 09:33:17,7439,108,131,13,0
292,2026-07-27 09:33:17,7438.75,113,148,0,0
292,2026-07-27 09:33:17,7438.5,97,155,0,10
292,2026-07-27 09:33:17,7438.25,175,247,0,0
292,2026-07-27 09:33:17,7438,290,294,0,10
292,2026-07-27 09:33:17,7437.75,150,129,0,0
292,2026-07-27 09:33:17,7437.5,160,167,0,10
292,2026-07-27 09:33:17,7437.25,118,110,0,0
292,2026-07-27 09:33:17,7437,122,164,0,0
292,2026-07-27 09:33:17,7436.75,153,176,0,0
292,2026-07-27 09:33:17,7436.5,225,194,15,0
292,2026-07-27 09:33:17,7436.25,128,88,0,0
292,2026-07-27 09:33:17,7436,88,115,10,0
292,2026-07-27 09:33:17,7435.75,105,144,0,0
292,2026-07-27 09:33:17,7435.5,200,140,0,0
292,2026-07-27 09:33:17,7435.25,139,27,0,0
293,2026-07-27 09:34:42,7440,111,98,0,0
293,2026-07-27 09:34:42,7440.25,132,111,0,0
293,2026-07-27 09:34:42,7440.5,58,128,0,0
293,2026-07-27 09:34:42,7440.75,69,78,0,0
293,2026-07-27 09:34:42,7441,42,52,0,0
293,2026-07-27 09:34:42,7439.75,23,16,0,0
293,2026-07-27 09:34:42,7441.25,0,5,0,0
293,2026-07-27 09:34:42,7439.5,25,42,0,0
293,2026-07-27 09:34:42,7439.25,60,73,0,0
293,2026-07-27 09:34:42,7439,83,51,0,0
293,2026-07-27 09:34:42,7438.75,24,21,0,0
293,2026-07-27 09:34:42,7438.5,64,78,0,0
293,2026-07-27 09:34:42,7438.25,81,79,0,0
293,2026-07-27 09:34:42,7438,75,49,10,0
293,2026-07-27 09:34:42,7437.75,46,63,0,0
293,2026-07-27 09:34:42,7437.5,86,64,10,0
293,2026-07-27 09:34:42,7437.25,47,70,0,0
293,2026-07-27 09:34:42,7437,127,119,45,0
293,2026-07-27 09:34:42,7436.75,81,49,0,0
293,2026-07-27 09:34:42,7436.5,49,68,0,0
293,2026-07-27 09:34:42,7436.25,58,35,0,0
293,2026-07-27 09:34:42,7436,52,38,0,0
293,2026-07-27 09:34:42,7435.75,81,74,0,0
293,2026-07-27 09:34:42,7435.5,114,171,0,0
293,2026-07-27 09:34:42,7435.25,213,251,0,48
293,2026-07-27 09:34:42,7435,280,132,79,0
293,2026-07-27 09:34:42,7434.75,204,204,10,0
293,2026-07-27 09:34:42,7434.5,245,228,10,0
293,2026-07-27 09:34:42,7434.25,332,227,0,0
293,2026-07-27 09:34:42,7434,189,112,0,0
293,2026-07-27 09:34:42,7433.75,81,103,11,0
293,2026-07-27 09:34:42,7433.5,148,139,0,0
293,2026-07-27 09:34:42,7433.25,113,58,0,0
293,2026-07-27 09:34:42,7433,22,0,0,0
294,2026-07-27 09:35:48,7435,73,67,0,12
294,2026-07-27 09:35:48,7435.25,69,68,0,0
294,2026-07-27 09:35:48,7434.75,220,246,0,0
294,2026-07-27 09:35:48,7434.5,195,156,0,0
294,2026-07-27 09:35:48,7435.5,37,21,10,0
294,2026-07-27 09:35:48,7435.75,46,29,0,0
294,2026-07-27 09:35:48,7436,31,27,0,0
294,2026-07-27 09:35:48,7436.25,57,52,0,0
294,2026-07-27 09:35:48,7436.5,26,52,0,0
294,2026-07-27 09:35:48,7436.75,39,29,0,0
294,2026-07-27 09:35:48,7437,107,98,0,0
294,2026-07-27 09:35:48,7437.25,151,145,0,0
294,2026-07-27 09:35:48,7437.5,128,86,42,0
294,2026-07-27 09:35:48,7437.75,95,86,0,0
294,2026-07-27 09:35:48,7438,88,208,0,34
294,2026-07-27 09:35:48,7438.25,106,151,0,0
294,2026-07-27 09:35:48,7438.5,119,108,0,0
294,2026-07-27 09:35:48,7438.75,131,90,0,0
294,2026-07-27 09:35:48,7439,103,115,0,0
294,2026-07-27 09:35:48,7439.25,179,174,0,0
294,2026-07-27 09:35:48,7439.5,141,243,28,89
294,2026-07-27 09:35:48,7439.75,7,33,0,0
294,2026-07-27 09:35:48,7440,0,3,0,0
294,2026-07-27 09:35:48,7434.25,115,77,0,0
294,2026-07-27 09:35:48,7434,61,102,0,35
294,2026-07-27 09:35:48,7433.75,53,52,0,0
294,2026-07-27 09:35:48,7433.5,47,35,0,0
294,2026-07-27 09:35:48,7433.25,74,36,0,0
294,2026-07-27 09:35:48,7433,60,47,14,10
294,2026-07-27 09:35:48,7432.75,121,179,0,53
294,2026-07-27 09:35:48,7432.5,154,98,11,0
294,2026-07-27 09:35:48,7432.25,103,80,0,10
294,2026-07-27 09:35:48,7432,157,155,0,41
294,2026-07-27 09:35:48,7431.75,111,42,0,0
294,2026-07-27 09:35:48,7431.5,26,0,0,0
294,2026-07-27 09:35:48,7431.25,41,6,0,0
294,2026-07-27 09:35:48,7431,33,0,0,0
295,2026-07-27 09:37:00,7431,131,105,10,0
295,2026-07-27 09:37:00,7430.75,74,80,0,24
295,2026-07-27 09:37:00,7431.25,160,116,0,0
295,2026-07-27 09:37:00,7431.5,122,135,0,0
295,2026-07-27 09:37:00,7431.75,216,251,0,0
295,2026-07-27 09:37:00,7432,210,225,0,0
295,2026-07-27 09:37:00,7430.5,62,27,0,0
295,2026-07-27 09:37:00,7430.25,48,22,0,0
295,2026-07-27 09:37:00,7430,102,82,51,0
295,2026-07-27 09:37:00,7429.75,131,82,0,0
295,2026-07-27 09:37:00,7429.5,114,79,0,0
295,2026-07-27 09:37:00,7429.25,110,23,0,0
295,2026-07-27 09:37:00,7429,36,0,0,0
295,2026-07-27 09:37:00,7428.75,6,0,0,0
295,2026-07-27 09:37:00,7432.25,262,264,0,0
295,2026-07-27 09:37:00,7432.5,182,218,0,0
295,2026-07-27 09:37:00,7432.75,176,230,0,0
295,2026-07-27 09:37:00,7433,218,324,0,0
295,2026-07-27 09:37:00,7433.25,122,190,0,0
295,2026-07-27 09:37:00,7433.5,75,70,0,0
295,2026-07-27 09:37:00,7433.75,35,64,0,0
295,2026-07-27 09:37:00,7434,34,63,0,10
295,2026-07-27 09:37:00,7434.25,3,14,0,0
295,2026-07-27 09:37:00,7434.5,20,22,0,0
295,2026-07-27 09:37:00,7434.75,40,39,0,0
295,2026-07-27 09:37:00,7435,58,65,0,0
295,2026-07-27 09:37:00,7435.25,56,85,0,0
295,2026-07-27 09:37:00,7435.5,65,47,0,0
295,2026-07-27 09:37:00,7435.75,93,85,0,0
295,2026-07-27 09:37:00,7436,137,140,0,0
295,2026-07-27 09:37:00,7436.25,50,65,0,0
295,2026-07-27 09:37:00,7436.5,32,57,0,0
295,2026-07-27 09:37:00,7436.75,25,26,0,0
296,2026-07-27 09:38:10,7435.25,3,5,0,0
296,2026-07-27 09:38:10,7435,28,35,0,0
296,2026-07-27 09:38:10,7434.75,20,11,0,0
296,2026-07-27 09:38:10,7434.5,32,27,0,0
296,2026-07-27 09:38:10,7434.25,45,70,0,0
296,2026-07-27 09:38:10,7434,50,42,0,0
296,2026-07-27 09:38:10,7433.75,11,14,0,0
296,2026-07-27 09:38:10,7433.5,11,27,0,0
296,2026-07-27 09:38:10,7433.25,4,0,0,0
296,2026-07-27 09:38:10,7435.5,5,10,0,0
296,2026-07-27 09:38:10,7435.75,5,14,0,0
296,2026-07-27 09:38:10,7436,3,20,0,0
296,2026-07-27 09:38:10,7436.25,26,34,0,0
296,2026-07-27 09:38:10,7436.5,54,61,0,0
296,2026-07-27 09:38:10,7436.75,113,93,0,0
296,2026-07-27 09:38:10,7437,160,129,0,0
296,2026-07-27 09:38:10,7437.25,205,199,0,0
296,2026-07-27 09:38:10,7437.5,155,213,0,10
296,2026-07-27 09:38:10,7437.75,213,202,0,0
296,2026-07-27 09:38:10,7438,275,318,0,0
296,2026-07-27 09:38:10,7438.25,267,353,0,0
296,2026-07-27 09:38:10,7438.5,335,342,11,0
296,2026-07-27 09:38:10,7438.75,103,192,0,0
296,2026-07-27 09:38:10,7439,65,110,15,0
296,2026-07-27 09:38:10,7439.25,157,132,0,0
296,2026-07-27 09:38:10,7439.5,196,219,0,0
296,2026-07-27 09:38:10,7439.75,404,225,154,0
296,2026-07-27 09:38:10,7440,79,174,0,0
296,2026-07-27 09:38:10,7440.25,75,122,23,0
296,2026-07-27 09:38:10,7440.5,0,8,0,0
297,2026-07-27 09:39:15,7440.25,179,149,0,0
297,2026-07-27 09:39:15,7440,136,199,0,0
297,2026-07-27 09:39:15,7439.75,275,351,0,10
297,2026-07-27 09:39:15,7439.5,225,232,10,0
297,2026-07-27 09:39:15,7440.5,84,116,0,0
297,2026-07-27 09:39:15,7440.75,113,161,0,0
297,2026-07-27 09:39:15,7441,35,68,0,0
297,2026-07-27 09:39:15,7441.25,6,35,0,0
297,2026-07-27 09:39:15,7439.25,210,150,21,0
297,2026-07-27 09:39:15,7439,152,156,0,0
297,2026-07-27 09:39:15,7438.75,307,297,44,0
297,2026-07-27 09:39:15,7438.5,306,336,13,0
297,2026-07-27 09:39:15,7438.25,211,285,0,0
297,2026-07-27 09:39:15,7438,253,311,0,0
297,2026-07-27 09:39:15,7437.75,202,131,0,0
297,2026-07-27 09:39:15,7437.5,94,59,0,0
297,2026-07-27 09:39:15,7437.25,55,40,0,0
297,2026-07-27 09:39:15,7437,73,68,0,0
297,2026-07-27 09:39:15,7436.75,65,60,0,0
297,2026-07-27 09:39:15,7436.5,53,34,13,0
297,2026-07-27 09:39:15,7436.25,42,12,0,0
297,2026-07-27 09:39:15,7436,35,29,0,0
297,2026-07-27 09:39:15,7435.75,34,47,0,0
297,2026-07-27 09:39:15,7435.5,26,3,0,0
298,2026-07-27 09:40:19,7435.5,43,56,0,0
298,2026-07-27 09:40:19,7435.75,51,58,0,0
298,2026-07-27 09:40:19,7435.25,75,79,0,0
298,2026-07-27 09:40:19,7435,49,13,0,0
298,2026-07-27 09:40:19,7436,15,25,0,0
298,2026-07-27 09:40:19,7434.75,14,19,0,0
298,2026-07-27 09:40:19,7434.5,85,147,10,0
298,2026-07-27 09:40:19,7434.25,148,256,0,12
298,2026-07-27 09:40:19,7434,231,212,0,0
298,2026-07-27 09:40:19,7433.75,239,246,0,0
298,2026-07-27 09:40:19,7433.5,244,243,0,0
298,2026-07-27 09:40:19,7433.25,151,226,0,34
298,2026-07-27 09:40:19,7433,240,167,0,0
298,2026-07-27 09:40:19,7432.75,117,122,0,0
298,2026-07-27 09:40:19,7432.5,126,95,0,12
298,2026-07-27 09:40:19,7432.25,71,44,0,0
298,2026-07-27 09:40:19,7432,73,10,18,0
298,2026-07-27 09:40:19,7431.75,28,1,0,0
298,2026-07-27 09:40:19,7431.5,8,6,0,0
298,2026-07-27 09:40:19,7431.25,35,42,0,0
298,2026-07-27 09:40:19,7431,74,41,0,0
298,2026-07-27 09:40:19,7430.75,30,5,0,0
298,2026-07-27 09:40:19,7430.5,34,0,0,0
298,2026-07-27 09:40:19,7430.25,24,4,0,0
298,2026-07-27 09:40:19,7430,149,144,34,0
298,2026-07-27 09:40:19,7429.75,114,47,0,0
298,2026-07-27 09:40:19,7429.5,80,20,0,0
298,2026-07-27 09:40:19,7429.25,36,24,0,0
298,2026-07-27 09:40:19,7429,45,1,0,0
298,2026-07-27 09:40:19,7428.75,18,18,0,0
298,2026-07-27 09:40:19,7428.5,68,9,0,0
298,2026-07-27 09:40:19,7428.25,62,129,0,0
298,2026-07-27 09:40:19,7428,162,99,0,0
298,2026-07-27 09:40:19,7427.75,121,66,0,0
298,2026-07-27 09:40:19,7427.5,30,78,0,0
298,2026-07-27 09:40:19,7427.25,79,108,0,0
298,2026-07-27 09:40:19,7427,187,106,0,0
298,2026-07-27 09:40:19,7426.75,117,53,0,0
298,2026-07-27 09:40:19,7426.5,8,0,0,0
299,2026-07-27 09:41:26,7427.5,196,275,0,0
299,2026-07-27 09:41:26,7427.25,162,148,0,0
299,2026-07-27 09:41:26,7427.75,93,129,0,0
299,2026-07-27 09:41:26,7428,144,179,0,0
299,2026-07-27 09:41:26,7427,127,87,0,0
299,2026-07-27 09:41:26,7426.75,56,49,0,0
299,2026-07-27 09:41:26,7426.5,159,99,18,0
299,2026-07-27 09:41:26,7426.25,110,188,0,0
299,2026-07-27 09:41:26,7426,155,188,25,0
299,2026-07-27 09:41:26,7425.75,126,209,0,0
299,2026-07-27 09:41:26,7425.5,166,167,10,15
299,2026-07-27 09:41:26,7425.25,91,50,0,0
299,2026-07-27 09:41:26,7425,116,20,12,0
299,2026-07-27 09:41:26,7424.75,32,16,0,0
299,2026-07-27 09:41:26,7424.5,53,31,11,0
299,2026-07-27 09:41:26,7424.25,38,3,0,0
299,2026-07-27 09:41:26,7424,6,0,0,0
299,2026-07-27 09:41:26,7428.25,125,245,0,37
299,2026-07-27 09:41:26,7428.5,212,356,0,61
299,2026-07-27 09:41:26,7428.75,144,234,0,0
299,2026-07-27 09:41:26,7429,235,184,0,0
299,2026-07-27 09:41:26,7429.25,187,292,0,51
299,2026-07-27 09:41:26,7429.5,111,224,0,56
299,2026-07-27 09:41:26,7429.75,65,67,0,0
299,2026-07-27 09:41:26,7430,44,84,0,11
299,2026-07-27 09:41:26,7430.25,1,22,0,0
300,2026-07-27 09:42:34,7428.75,19,29,0,0
300,2026-07-27 09:42:34,7428.5,35,72,0,0
300,2026-07-27 09:42:34,7428.25,105,127,0,0
300,2026-07-27 09:42:34,7428,116,113,0,0
300,2026-07-27 09:42:34,7427.75,77,68,0,0
300,2026-07-27 09:42:34,7429,0,9,0,0
300,2026-07-27 09:42:34,7427.5,46,50,0,0
300,2026-07-27 09:42:34,7427.25,27,78,0,0
300,2026-07-27 09:42:34,7427,145,220,0,15
300,2026-07-27 09:42:34,7426.75,169,181,0,0
300,2026-07-27 09:42:34,7426.5,222,231,0,0
300,2026-07-27 09:42:34,7426.25,166,170,0,0
300,2026-07-27 09:42:34,7426,122,172,0,0
300,2026-07-27 09:42:34,7425.75,99,94,0,0
300,2026-07-27 09:42:34,7425.5,89,129,0,0
300,2026-07-27 09:42:34,7425.25,116,194,0,0
300,2026-07-27 09:42:34,7425,253,161,0,0
300,2026-07-27 09:42:34,7424.75,195,216,0,10
300,2026-07-27 09:42:34,7424.5,358,333,0,0
300,2026-07-27 09:42:34,7424.25,318,189,0,0
300,2026-07-27 09:42:34,7424,213,141,10,0
300,2026-07-27 09:42:34,7423.75,191,171,0,0
300,2026-07-27 09:42:34,7423.5,112,100,0,0
300,2026-07-27 09:42:34,7423.25,45,8,0,0
300,2026-07-27 09:42:34,7423,6,0,0,0
301,2026-07-27 09:43:54,7428.25,131,125,20,0
301,2026-07-27 09:43:54,7428.5,167,187,0,0
301,2026-07-27 09:43:54,7428.75,104,146,0,0
301,2026-07-27 09:43:54,7429,118,161,0,0
301,2026-07-27 09:43:54,7429.25,204,176,26,0
301,2026-07-27 09:43:54,7429.5,240,187,0,0
301,2026-07-27 09:43:54,7429.75,179,336,0,0
301,2026-07-27 09:43:54,7430,118,193,0,27
301,2026-07-27 09:43:54,7428,72,76,0,0
301,2026-07-27 09:43:54,7427.75,36,46,0,0
301,2026-07-27 09:43:54,7427.5,102,68,43,0
301,2026-07-27 09:43:54,7430.25,92,78,0,0
301,2026-07-27 09:43:54,7430.5,73,134,0,25
301,2026-07-27 09:43:54,7430.75,105,134,0,0
301,2026-07-27 09:43:54,7431,119,152,0,0
301,2026-07-27 09:43:54,7431.25,87,104,0,0
301,2026-07-27 09:43:54,7431.5,100,76,30,0
301,2026-07-27 09:43:54,7431.75,52,85,0,0
301,2026-07-27 09:43:54,7432,0,16,0,0
301,2026-07-27 09:43:54,7427.25,66,61,0,0
301,2026-07-27 09:43:54,7427,79,111,0,0
301,2026-07-27 09:43:54,7426.75,42,70,0,0
301,2026-07-27 09:43:54,7426.5,49,47,10,0
301,2026-07-27 09:43:54,7426.25,88,85,0,0
301,2026-07-27 09:43:54,7426,65,75,10,0
301,2026-07-27 09:43:54,7425.75,85,86,0,0
301,2026-07-27 09:43:54,7425.5,43,47,0,0
301,2026-07-27 09:43:54,7425.25,56,92,0,0
301,2026-07-27 09:43:54,7425,198,129,0,0
301,2026-07-27 09:43:54,7424.75,47,82,0,0
301,2026-07-27 09:43:54,7424.5,58,86,0,0
301,2026-07-27 09:43:54,7424.25,59,14,0,0
302,2026-07-27 09:45:07,7431,375,434,13,0
302,2026-07-27 09:45:07,7430.75,321,353,15,0
302,2026-07-27 09:45:07,7431.25,387,404,0,0
302,2026-07-27 09:45:07,7431.5,427,477,0,11
302,2026-07-27 09:45:07,7431.75,244,340,0,0
302,2026-07-27 09:45:07,7432,187,261,0,0
302,2026-07-27 09:45:07,7432.25,87,111,0,0
302,2026-07-27 09:45:07,7432.5,69,53,10,0
302,2026-07-27 09:45:07,7430.5,257,281,0,0
302,2026-07-27 09:45:07,7430.25,178,154,0,0
302,2026-07-27 09:45:07,7430,82,77,0,0
302,2026-07-27 09:45:07,7429.75,103,96,0,0
302,2026-07-27 09:45:07,7429.5,62,43,0,0
302,2026-07-27 09:45:07,7432.75,44,106,0,0
302,2026-07-27 09:45:07,7433,47,58,0,0
302,2026-07-27 09:45:07,7433.25,13,34,0,0
302,2026-07-27 09:45:07,7429.25,53,54,0,0
302,2026-07-27 09:45:07,7429,42,37,0,14
302,2026-07-27 09:45:07,7428.75,38,25,0,0
302,2026-07-27 09:45:07,7428.5,50,35,0,0
302,2026-07-27 09:45:07,7428.25,2,0,0,0
303,2026-07-27 09:46:16,7430.5,105,118,0,23
303,2026-07-27 09:46:16,7430.25,45,74,0,0
303,2026-07-27 09:46:16,7430,152,146,0,0
303,2026-07-27 09:46:16,7429.75,50,36,0,0
303,2026-07-27 09:46:16,7430.75,51,91,0,0
303,2026-07-27 09:46:16,7431,42,104,0,0
303,2026-07-27 09:46:16,7431.25,56,80,0,0
303,2026-07-27 09:46:16,7429.5,3,0,0,0
303,2026-07-27 09:46:16,7431.5,76,79,0,0
303,2026-07-27 09:46:16,7431.75,118,107,15,0
303,2026-07-27 09:46:16,7432,154,208,0,0
303,2026-07-27 09:46:16,7432.25,211,254,20,0
303,2026-07-27 09:46:16,7432.5,64,112,0,0
303,2026-07-27 09:46:16,7432.75,61,118,0,0
303,2026-07-27 09:46:16,7433,120,150,13,22
303,2026-07-27 09:46:16,7433.25,143,171,0,0
303,2026-07-27 09:46:16,7433.5,163,164,0,0
303,2026-07-27 09:46:16,7433.75,147,195,32,13
303,2026-07-27 09:46:16,7434,106,97,0,10
303,2026-07-27 09:46:16,7434.25,182,181,21,0
303,2026-07-27 09:46:16,7434.5,104,101,10,0
303,2026-07-27 09:46:16,7434.75,171,209,0,0
303,2026-07-27 09:46:16,7435,257,175,0,0
303,2026-07-27 09:46:16,7435.25,200,223,0,0
303,2026-07-27 09:46:16,7435.5,118,156,0,0
303,2026-07-27 09:46:16,7435.75,76,139,0,0
303,2026-07-27 09:46:16,7436,0,37,0,0
304,2026-07-27 09:47:13,7434.75,200,245,10,0
304,2026-07-27 09:47:13,7434.5,186,248,0,0
304,2026-07-27 09:47:13,7435,188,175,0,0
304,2026-07-27 09:47:13,7435.25,38,221,0,85
304,2026-07-27 09:47:13,7435.5,0,15,0,0
304,2026-07-27 09:47:13,7434.25,313,244,0,0
304,2026-07-27 09:47:13,7434,285,364,0,34
304,2026-07-27 09:47:13,7433.75,302,282,0,0
304,2026-07-27 09:47:13,7433.5,236,144,0,0
304,2026-07-27 09:47:13,7433.25,110,120,0,0
304,2026-07-27 09:47:13,7433,288,375,0,30
304,2026-07-27 09:47:13,7432.75,300,293,22,0
304,2026-07-27 09:47:13,7432.5,250,241,0,0
304,2026-07-27 09:47:13,7432.25,149,157,0,0
304,2026-07-27 09:47:13,7432,176,162,16,0
304,2026-07-27 09:47:13,7431.75,84,39,0,0
304,2026-07-27 09:47:13,7431.5,26,18,0,0
304,2026-07-27 09:47:13,7431.25,20,6,0,0
305,2026-07-27 09:48:30,7432,34,28,10,0
305,2026-07-27 09:48:30,7431.75,3,0,0,0
305,2026-07-27 09:48:30,7432.25,40,31,0,0
305,2026-07-27 09:48:30,7432.5,25,33,0,0
305,2026-07-27 09:48:30,7432.75,76,131,0,20
305,2026-07-27 09:48:30,7433,107,104,0,0
305,2026-07-27 09:48:30,7433.25,109,92,0,0
305,2026-07-27 09:48:30,7433.5,113,164,0,10
305,2026-07-27 09:48:30,7433.75,247,248,0,0
305,2026-07-27 09:48:30,7434,144,245,0,0
305,2026-07-27 09:48:30,7434.25,145,147,0,0
305,2026-07-27 09:48:30,7434.5,144,166,0,0
305,2026-07-27 09:48:30,7434.75,73,102,0,0
305,2026-07-27 09:48:30,7435,121,95,0,0
305,2026-07-27 09:48:30,7435.25,69,97,0,10
305,2026-07-27 09:48:30,7435.5,57,50,0,0
305,2026-07-27 09:48:30,7435.75,43,86,0,0
305,2026-07-27 09:48:30,7436,20,56,0,0
305,2026-07-27 09:48:30,7436.25,53,94,0,20
305,2026-07-27 09:48:30,7436.5,40,119,0,25
305,2026-07-27 09:48:30,7436.75,153,150,0,25
305,2026-07-27 09:48:30,7437,121,253,0,17
305,2026-07-27 09:48:30,7437.25,94,175,0,16
305,2026-07-27 09:48:30,7437.5,81,146,0,0
305,2026-07-27 09:48:30,7437.75,65,138,0,0
305,2026-07-27 09:48:30,7438,174,128,21,0
305,2026-07-27 09:48:30,7438.25,125,109,0,0
305,2026-07-27 09:48:30,7438.5,74,163,0,0
305,2026-07-27 09:48:30,7438.75,67,127,0,0
305,2026-07-27 09:48:30,7439,82,118,0,0
305,2026-07-27 09:48:30,7439.25,34,59,0,0
305,2026-07-27 09:48:30,7439.5,14,88,0,31
305,2026-07-27 09:48:30,7439.75,0,11,0,0
306,2026-07-27 09:49:59,7438,277,136,113,0
306,2026-07-27 09:49:59,7437.75,22,38,0,0
306,2026-07-27 09:49:59,7438.25,74,145,0,0
306,2026-07-27 09:49:59,7438.5,41,69,0,0
306,2026-07-27 09:49:59,7438.75,145,165,0,0
306,2026-07-27 09:49:59,7439,213,214,0,0
306,2026-07-27 09:49:59,7439.25,177,179,0,0
306,2026-07-27 09:49:59,7439.5,105,147,0,0
306,2026-07-27 09:49:59,7439.75,116,97,0,0
306,2026-07-27 09:49:59,7440,38,84,0,0
306,2026-07-27 09:49:59,7437.5,17,0,0,0
306,2026-07-27 09:49:59,7440.25,48,40,0,0
306,2026-07-27 09:49:59,7440.5,123,142,0,0
306,2026-07-27 09:49:59,7440.75,133,119,0,0
306,2026-07-27 09:49:59,7441,59,59,0,0
306,2026-07-27 09:49:59,7441.25,92,113,0,0
306,2026-07-27 09:49:59,7441.5,88,155,0,0
306,2026-07-27 09:49:59,7441.75,132,139,0,0
306,2026-07-27 09:49:59,7442,65,134,0,15
306,2026-07-27 09:49:59,7442.25,54,129,0,0
306,2026-07-27 09:49:59,7442.5,74,168,0,0
306,2026-07-27 09:49:59,7442.75,150,210,0,0
306,2026-07-27 09:49:59,7443,314,207,91,0
306,2026-07-27 09:49:59,7443.25,157,144,0,0
306,2026-07-27 09:49:59,7443.5,66,87,0,0
306,2026-07-27 09:49:59,7443.75,67,68,0,0
306,2026-07-27 09:49:59,7444,102,95,0,0
306,2026-07-27 09:49:59,7444.25,109,136,0,0
306,2026-07-27 09:49:59,7444.5,0,23,0,0
307,2026-07-27 09:51:05,7443.25,382,324,33,0
307,2026-07-27 09:51:05,7443.5,249,284,0,0
307,2026-07-27 09:51:05,7443,159,139,0,27
307,2026-07-27 09:51:05,7443.75,264,215,0,0
307,2026-07-27 09:51:05,7444,193,226,0,0
307,2026-07-27 09:51:05,7444.25,56,128,0,0
307,2026-07-27 09:51:05,7442.75,137,125,10,0
307,2026-07-27 09:51:05,7442.5,76,103,0,0
307,2026-07-27 09:51:05,7442.25,226,160,34,0
307,2026-07-27 09:51:05,7442,203,71,91,0
307,2026-07-27 09:51:05,7444.5,13,29,0,10
307,2026-07-27 09:51:05,7441.75,39,31,0,0
307,2026-07-27 09:51:05,7441.5,50,33,0,0
307,2026-07-27 09:51:05,7441.25,95,101,0,0
307,2026-07-27 09:51:05,7441,65,19,0,0
307,2026-07-27 09:51:05,7440.75,49,90,0,0
307,2026-07-27 09:51:05,7440.5,114,118,0,0
307,2026-07-27 09:51:05,7440.25,103,97,0,0
307,2026-07-27 09:51:05,7440,48,35,0,0
307,2026-07-27 09:51:05,7439.75,40,33,0,0
307,2026-07-27 09:51:05,7439.5,132,127,0,0
307,2026-07-27 09:51:05,7439.25,157,184,0,10
307,2026-07-27 09:51:05,7439,145,101,10,0
307,2026-07-27 09:51:05,7438.75,55,65,0,0
307,2026-07-27 09:51:05,7438.5,73,94,23,14
307,2026-07-27 09:51:05,7438.25,67,92,0,0
307,2026-07-27 09:51:05,7438,67,40,0,10
307,2026-07-27 09:51:05,7437.75,60,50,0,0
307,2026-07-27 09:51:05,7437.5,13,27,0,0
307,2026-07-27 09:51:05,7437.25,17,8,0,0
307,2026-07-27 09:51:05,7437,4,0,0,0
308,2026-07-27 09:52:22,7438.5,24,49,0,0
308,2026-07-27 09:52:22,7438.25,24,9,0,0
308,2026-07-27 09:52:22,7438,5,0,0,0
308,2026-07-27 09:52:22,7438.75,0,22,0,0
308,2026-07-27 09:52:22,7439,0,15,0,0
308,2026-07-27 09:52:22,7439.25,1,25,0,0
308,2026-07-27 09:52:22,7439.5,0,4,0,0
308,2026-07-27 09:52:22,7439.75,60,50,0,0
308,2026-07-27 09:52:22,7440,29,84,0,16
308,2026-07-27 09:52:22,7440.25,6,17,0,0
308,2026-07-27 09:52:22,7440.5,32,67,0,0
308,2026-07-27 09:52:22,7440.75,112,63,0,0
308,2026-07-27 09:52:22,7441,73,113,0,0
308,2026-07-27 09:52:22,7441.25,22,54,0,0
308,2026-07-27 09:52:22,7441.5,3,20,0,0
308,2026-07-27 09:52:22,7441.75,62,62,10,0
308,2026-07-27 09:52:22,7442,54,50,0,0
308,2026-07-27 09:52:22,7442.25,1,20,0,0
308,2026-07-27 09:52:22,7442.5,5,36,0,0
308,2026-07-27 09:52:22,7442.75,38,40,0,0
308,2026-07-27 09:52:22,7443,41,72,0,0
308,2026-07-27 09:52:22,7443.25,97,78,0,0
308,2026-07-27 09:52:22,7443.5,202,131,24,0
308,2026-07-27 09:52:22,7443.75,444,278,32,0
308,2026-07-27 09:52:22,7444,563,475,23,0
308,2026-07-27 09:52:22,7444.25,547,501,0,0
308,2026-07-27 09:52:22,7444.5,380,561,0,59
308,2026-07-27 09:52:22,7444.75,171,369,0,10
308,2026-07-27 09:52:22,7445,38,165,0,65
308,2026-07-27 09:52:22,7445.25,11,23,0,0
308,2026-07-27 09:52:22,7445.5,0,2,0,0
309,2026-07-27 09:53:48,7442.75,230,274,0,0
309,2026-07-27 09:53:48,7442.5,241,260,0,0
309,2026-07-27 09:53:48,7442.25,206,179,0,0
309,2026-07-27 09:53:48,7443,145,176,0,13
309,2026-07-27 09:53:48,7442,129,83,0,0
309,2026-07-27 09:53:48,7441.75,21,11,0,0
309,2026-07-27 09:53:48,7443.25,71,70,0,0
309,2026-07-27 09:53:48,7443.5,65,96,0,0
309,2026-07-27 09:53:48,7443.75,124,85,0,0
309,2026-07-27 09:53:48,7444,248,268,0,23
309,2026-07-27 09:53:48,7444.25,217,213,16,0
309,2026-07-27 09:53:48,7444.5,172,212,0,0
309,2026-07-27 09:53:48,7444.75,123,187,0,0
309,2026-07-27 09:53:48,7445,261,278,12,0
309,2026-07-27 09:53:48,7445.25,94,151,0,15
309,2026-07-27 09:53:48,7445.5,157,184,0,0
309,2026-07-27 09:53:48,7445.75,209,167,13,11
309,2026-07-27 09:53:48,7446,193,243,10,0
309,2026-07-27 09:53:48,7446.25,104,140,0,0
309,2026-07-27 09:53:48,7446.5,36,84,0,0
309,2026-07-27 09:53:48,7446.75,32,61,0,0
310,2026-07-27 09:55:33,7445.5,4,12,0,0
310,2026-07-27 09:55:33,7445.75,40,28,0,0
310,2026-07-27 09:55:33,7446,67,51,0,0
310,2026-07-27 09:55:33,7446.25,88,43,0,0
310,2026-07-27 09:55:33,7446.5,104,118,0,0
310,2026-07-27 09:55:33,7446.75,313,314,14,71
310,2026-07-27 09:55:33,7447,268,392,0,45
310,2026-07-27 09:55:33,7447.25,260,269,0,10
310,2026-07-27 09:55:33,7447.5,245,265,20,14
310,2026-07-27 09:55:33,7447.75,110,156,0,0
310,2026-07-27 09:55:33,7448,109,184,0,0
310,2026-07-27 09:55:33,7448.25,7,66,0,0
310,2026-07-27 09:55:33,7448.5,51,62,0,0
310,2026-07-27 09:55:33,7448.75,253,167,0,0
310,2026-07-27 09:55:33,7449,121,222,0,20
310,2026-07-27 09:55:33,7449.25,281,269,0,0
310,2026-07-27 09:55:33,7449.5,156,268,0,10
310,2026-07-27 09:55:33,7449.75,266,239,0,0
310,2026-07-27 09:55:33,7450,111,231,0,20
310,2026-07-27 09:55:33,7450.25,58,93,0,0
310,2026-07-27 09:55:33,7450.5,31,88,0,11
310,2026-07-27 09:55:33,7450.75,7,13,0,0
311,2026-07-27 09:57:21,7450.75,351,443,0,0
311,2026-07-27 09:57:21,7451,207,289,0,20
311,2026-07-27 09:57:21,7451.25,74,141,0,0
311,2026-07-27 09:57:21,7450.5,333,277,0,10
311,2026-07-27 09:57:21,7450.25,240,229,0,20
311,2026-07-27 09:57:21,7450,227,163,0,0
311,2026-07-27 09:57:21,7449.75,205,115,22,0
311,2026-07-27 09:57:21,7449.5,177,74,0,0
311,2026-07-27 09:57:21,7449.25,111,77,0,0
311,2026-07-27 09:57:21,7449,59,39,0,0
311,2026-07-27 09:57:21,7448.75,52,36,0,0
311,2026-07-27 09:57:21,7448.5,18,3,0,0
311,2026-07-27 09:57:21,7451.5,35,120,0,11
311,2026-07-27 09:57:21,7451.75,82,111,0,0
311,2026-07-27 09:57:21,7452,155,159,0,26
311,2026-07-27 09:57:21,7452.25,98,130,10,10
311,2026-07-27 09:57:21,7452.5,193,198,0,0
311,2026-07-27 09:57:21,7452.75,82,205,0,0
311,2026-07-27 09:57:21,7453,106,147,0,0
311,2026-07-27 09:57:21,7453.25,20,85,0,0
311,2026-07-27 09:57:21,7453.5,105,94,0,0
311,2026-07-27 09:57:21,7453.75,142,164,0,0
311,2026-07-27 09:57:21,7454,27,102,0,0
312,2026-07-27 09:59:22,7453.75,80,124,0,0
312,2026-07-27 09:59:22,7453.5,147,143,0,10
312,2026-07-27 09:59:22,7454,197,287,0,44
312,2026-07-27 09:59:22,7454.25,127,159,20,14
312,2026-07-27 09:59:22,7454.5,152,124,0,0
312,2026-07-27 09:59:22,7454.75,245,163,36,0
312,2026-07-27 09:59:22,7455,248,241,0,10
312,2026-07-27 09:59:22,7455.25,162,140,0,0
312,2026-07-27 09:59:22,7455.5,199,168,0,0
312,2026-07-27 09:59:22,7455.75,292,254,12,0
312,2026-07-27 09:59:22,7456,286,360,0,0
312,2026-07-27 09:59:22,7456.25,157,140,10,0
312,2026-07-27 09:59:22,7456.5,40,87,0,0
312,2026-07-27 09:59:22,7456.75,30,34,0,0
312,2026-07-27 09:59:22,7457,47,63,0,0
312,2026-07-27 09:59:22,7457.25,0,3,0,0
312,2026-07-27 09:59:22,7453.25,111,89,10,0
312,2026-07-27 09:59:22,7453,189,192,0,0
312,2026-07-27 09:59:22,7452.75,218,161,0,24
312,2026-07-27 09:59:22,7452.5,112,70,0,0
312,2026-07-27 09:59:22,7452.25,104,106,0,0
312,2026-07-27 09:59:22,7452,98,58,0,0
312,2026-07-27 09:59:22,7451.75,41,15,0,0
312,2026-07-27 09:59:22,7451.5,15,17,0,0
312,2026-07-27 09:59:22,7451.25,2,0,0,0
313,2026-07-27 10:00:21,7455.5,617,351,0,0
313,2026-07-27 10:00:21,7455.25,411,230,0,0
313,2026-07-27 10:00:21,7455.75,537,416,0,0
313,2026-07-27 10:00:21,7456,411,504,0,23
313,2026-07-27 10:00:21,7456.25,219,272,0,0
313,2026-07-27 10:00:21,7456.5,48,64,0,0
313,2026-07-27 10:00:21,7456.75,121,84,0,0
313,2026-07-27 10:00:21,7457,155,133,0,13
313,2026-07-27 10:00:21,7457.25,60,139,0,0
313,2026-07-27 10:00:21,7457.5,29,48,0,0
313,2026-07-27 10:00:21,7457.75,0,15,0,0
313,2026-07-27 10:00:21,7455,185,113,12,11
313,2026-07-27 10:00:21,7454.75,97,132,0,0
313,2026-07-27 10:00:21,7454.5,135,110,0,0
313,2026-07-27 10:00:21,7454.25,109,52,0,0
313,2026-07-27 10:00:21,7454,41,87,0,0
313,2026-07-27 10:00:21,7453.75,152,135,0,0
313,2026-07-27 10:00:21,7453.5,105,83,0,0
313,2026-07-27 10:00:21,7453.25,62,33,0,0
313,2026-07-27 10:00:21,7453,8,0,0,0
314,2026-07-27 10:02:01,7455.25,183,157,0,12
314,2026-07-27 10:02:01,7455.5,240,169,0,0
314,2026-07-27 10:02:01,7455.75,263,206,0,0
314,2026-07-27 10:02:01,7455,205,220,10,0
314,2026-07-27 10:02:01,7454.75,269,195,0,0
314,2026-07-27 10:02:01,7454.5,150,99,0,0
314,2026-07-27 10:02:01,7454.25,130,158,0,10
314,2026-07-27 10:02:01,7456,304,246,0,10
314,2026-07-27 10:02:01,7456.25,449,408,10,23
314,2026-07-27 10:02:01,7456.5,179,190,0,0
314,2026-07-27 10:02:01,7456.75,62,90,0,0
314,2026-07-27 10:02:01,7457,80,105,0,0
314,2026-07-27 10:02:01,7457.25,71,77,0,0
314,2026-07-27 10:02:01,7457.5,58,76,0,0
314,2026-07-27 10:02:01,7457.75,39,48,0,0
314,2026-07-27 10:02:01,7458,10,57,0,0
314,2026-07-27 10:02:01,7458.25,0,3,0,0
314,2026-07-27 10:02:01,7454,179,151,0,0
314,2026-07-27 10:02:01,7453.75,194,128,0,0
314,2026-07-27 10:02:01,7453.5,170,115,0,0
314,2026-07-27 10:02:01,7453.25,81,38,0,0
314,2026-07-27 10:02:01,7453,68,76,0,0
314,2026-07-27 10:02:01,7452.75,67,15,0,0
315,2026-07-27 10:03:55,7453.5,104,185,0,59
315,2026-07-27 10:03:55,7453.25,139,111,0,0
315,2026-07-27 10:03:55,7453,91,73,0,0
315,2026-07-27 10:03:55,7453.75,23,30,0,0
315,2026-07-27 10:03:55,7452.75,30,15,0,0
315,2026-07-27 10:03:55,7454,69,60,0,0
315,2026-07-27 10:03:55,7454.25,148,93,0,0
315,2026-07-27 10:03:55,7454.5,223,219,0,0
315,2026-07-27 10:03:55,7454.75,143,171,0,0
315,2026-07-27 10:03:55,7455,190,251,0,10
315,2026-07-27 10:03:55,7455.25,155,147,0,0
315,2026-07-27 10:03:55,7455.5,184,119,0,0
315,2026-07-27 10:03:55,7455.75,252,193,0,0
315,2026-07-27 10:03:55,7456,285,216,0,0
315,2026-07-27 10:03:55,7456.25,194,245,0,0
315,2026-07-27 10:03:55,7456.5,43,63,0,0
315,2026-07-27 10:03:55,7456.75,12,26,0,0
315,2026-07-27 10:03:55,7457,12,44,0,0
315,2026-07-27 10:03:55,7457.25,6,13,0,0
315,2026-07-27 10:03:55,7457.5,84,70,0,0
315,2026-07-27 10:03:55,7457.75,76,54,0,0
315,2026-07-27 10:03:55,7458,53,86,0,0
315,2026-07-27 10:03:55,7458.25,1,27,0,0
315,2026-07-27 10:03:55,7458.5,28,48,0,0
315,2026-07-27 10:03:55,7458.75,107,119,0,16
315,2026-07-27 10:03:55,7459,88,135,0,10
315,2026-07-27 10:03:55,7459.25,45,85,0,20
315,2026-07-27 10:03:55,7459.5,77,66,0,0
315,2026-07-27 10:03:55,7459.75,136,102,10,0
315,2026-07-27 10:03:55,7460,64,99,0,0
315,2026-07-27 10:03:55,7460.25,76,102,0,0
315,2026-07-27 10:03:55,7460.5,18,70,0,0
315,2026-07-27 10:03:55,7460.75,0,26,0,0
316,2026-07-27 10:05:46,7460.5,104,66,0,0
316,2026-07-27 10:05:46,7460.75,175,152,0,0
316,2026-07-27 10:05:46,7460.25,82,75,0,0
316,2026-07-27 10:05:46,7460,213,178,0,10
316,2026-07-27 10:05:46,7459.75,132,60,0,0
316,2026-07-27 10:05:46,7459.5,104,61,0,0
316,2026-07-27 10:05:46,7459.25,82,11,0,0
316,2026-07-27 10:05:46,7461,221,241,0,0
316,2026-07-27 10:05:46,7461.25,155,224,0,0
316,2026-07-27 10:05:46,7461.5,62,128,0,0
316,2026-07-27 10:05:46,7461.75,15,54,0,16
316,2026-07-27 10:05:46,7459,24,38,0,0
316,2026-07-27 10:05:46,7458.75,92,56,0,0
316,2026-07-27 10:05:46,7458.5,59,71,0,0
316,2026-07-27 10:05:46,7458.25,212,180,0,23
316,2026-07-27 10:05:46,7458,145,85,0,0
316,2026-07-27 10:05:46,7457.75,80,30,0,0
316,2026-07-27 10:05:46,7457.5,47,18,0,0
316,2026-07-27 10:05:46,7457.25,102,168,0,25
316,2026-07-27 10:05:46,7457,92,65,0,27
316,2026-07-27 10:05:46,7456.75,80,23,0,0
316,2026-07-27 10:05:46,7456.5,35,2,0,0
316,2026-07-27 10:05:46,7456.25,27,17,0,0
316,2026-07-27 10:05:46,7456,75,38,0,0
316,2026-07-27 10:05:46,7455.75,33,0,0,0
316,2026-07-27 10:05:46,7455.5,5,9,0,0
316,2026-07-27 10:05:46,7455.25,9,3,0,0
316,2026-07-27 10:05:46,7455,20,10,0,0
316,2026-07-27 10:05:46,7454.75,49,28,0,0
316,2026-07-27 10:05:46,7454.5,78,30,0,0
316,2026-07-27 10:05:46,7454.25,10,0,0,0
