BarIdx,BarTime,Price,BidVol,AskVol,BidVolLarge,AskVolLarge
0,2026-07-21 17:00:00,7545,43,128,0,35
0,2026-07-21 17:00:00,7544,47,125,10,47
0,2026-07-21 17:00:00,7544.5,90,76,0,0
0,2026-07-21 17:00:00,7544.75,78,112,0,0
0,2026-07-21 17:00:00,7545.25,8,34,0,0
0,2026-07-21 17:00:00,7544.25,58,48,0,0
0,2026-07-21 17:00:00,7545.5,0,7,0,0
0,2026-07-21 17:00:00,7543.5,64,137,0,0
0,2026-07-21 17:00:00,7543.25,131,215,0,0
0,2026-07-21 17:00:00,7543.75,65,85,0,0
0,2026-07-21 17:00:00,7543,273,322,47,24
0,2026-07-21 17:00:00,7542.75,162,242,0,0
0,2026-07-21 17:00:00,7542.5,201,227,0,18
0,2026-07-21 17:00:00,7542.25,170,174,0,0
0,2026-07-21 17:00:00,7542,154,156,0,0
0,2026-07-21 17:00:00,7541.75,110,172,0,10
0,2026-07-21 17:00:00,7541.5,207,221,35,0
0,2026-07-21 17:00:00,7541.25,171,192,0,0
0,2026-07-21 17:00:00,7541,161,141,18,12
0,2026-07-21 17:00:00,7540.75,96,100,0,0
0,2026-07-21 17:00:00,7540.5,96,116,0,0
0,2026-07-21 17:00:00,7540.25,168,124,20,0
0,2026-07-21 17:00:00,7540,70,63,0,0
0,2026-07-21 17:00:00,7539.75,49,34,0,0
0,2026-07-21 17:00:00,7539.5,13,34,0,0
0,2026-07-21 17:00:00,7539.25,28,62,0,0
0,2026-07-21 17:00:00,7539,102,147,0,10
0,2026-07-21 17:00:00,7538.75,77,49,0,0
0,2026-07-21 17:00:00,7538.5,52,8,0,0
0,2026-07-21 17:00:00,7538.25,4,0,0,0
1,2026-07-21 18:41:01,7541.75,68,102,0,0
1,2026-07-21 18:41:01,7541.5,130,115,0,10
1,2026-07-21 18:41:01,7541.25,97,134,10,0
1,2026-07-21 18:41:01,7541,142,126,15,0
1,2026-07-21 18:41:01,7540.75,107,111,10,0
1,2026-07-21 18:41:01,7540.5,61,53,0,0
1,2026-07-21 18:41:01,7540.25,47,62,0,0
1,2026-07-21 18:41:01,7540,48,65,0,0
1,2026-07-21 18:41:01,7539.75,58,46,16,0
1,2026-07-21 18:41:01,7539.5,15,14,0,0
1,2026-07-21 18:41:01,7542,112,72,0,0
1,2026-07-21 18:41:01,7542.25,116,74,0,0
1,2026-07-21 18:41:01,7542.5,186,138,0,0
1,2026-07-21 18:41:01,7542.75,225,248,0,11
1,2026-07-21 18:41:01,7543,174,181,0,12
1,2026-07-21 18:41:01,7543.25,120,162,0,0
1,2026-07-21 18:41:01,7543.5,159,120,0,0
1,2026-07-21 18:41:01,7543.75,143,175,0,0
1,2026-07-21 18:41:01,7544,144,126,0,0
1,2026-07-21 18:41:01,7544.25,87,106,0,0
1,2026-07-21 18:41:01,7544.5,96,148,0,23
1,2026-07-21 18:41:01,7544.75,118,121,0,0
1,2026-07-21 18:41:01,7545,147,139,0,0
1,2026-07-21 18:41:01,7545.25,105,134,0,0
1,2026-07-21 18:41:01,7545.5,83,142,0,0
1,2026-07-21 18:41:01,7545.75,92,117,0,0
1,2026-07-21 18:41:01,7546,87,145,0,12
1,2026-07-21 18:41:01,7546.25,35,74,0,0
1,2026-07-21 18:41:01,7546.5,38,62,0,0
1,2026-07-21 18:41:01,7546.75,9,51,0,0
1,2026-07-21 18:41:01,7547,0,31,0,0
1,2026-07-21 18:41:01,7539.25,31,16,0,0
1,2026-07-21 18:41:01,7539,11,0,0,0
2,2026-07-21 19:35:18,7541,84,107,0,0
2,2026-07-21 19:35:18,7541.25,77,79,0,0
2,2026-07-21 19:35:18,7540.75,89,101,0,0
2,2026-07-21 19:35:18,7540.5,74,84,0,0
2,2026-07-21 19:35:18,7540.25,112,104,0,0
2,2026-07-21 19:35:18,7540,109,98,0,0
2,2026-07-21 19:35:18,7539.75,121,83,0,0
2,2026-07-21 19:35:18,7539.5,79,112,0,0
2,2026-07-21 19:35:18,7539.25,95,102,0,0
2,2026-07-21 19:35:18,7541.5,68,97,0,0
2,2026-07-21 19:35:18,7541.75,90,83,0,0
2,2026-07-21 19:35:18,7542,84,98,0,0
2,2026-07-21 19:35:18,7542.25,72,55,0,0
2,2026-07-21 19:35:18,7542.5,34,72,0,0
2,2026-07-21 19:35:18,7539,132,108,0,0
2,2026-07-21 19:35:18,7538.75,120,155,0,0
2,2026-07-21 19:35:18,7538.5,160,199,0,0
2,2026-07-21 19:35:18,7538.25,128,89,0,0
2,2026-07-21 19:35:18,7538,97,138,0,0
2,2026-07-21 19:35:18,7537.75,118,126,0,0
2,2026-07-21 19:35:18,7537.5,136,146,0,0
2,2026-07-21 19:35:18,7542.75,5,9,0,0
2,2026-07-21 19:35:18,7543,0,4,0,0
2,2026-07-21 19:35:18,7537.25,119,119,0,0
2,2026-07-21 19:35:18,7537,124,171,0,0
2,2026-07-21 19:35:18,7536.75,182,173,0,0
2,2026-07-21 19:35:18,7536.5,167,155,0,0
2,2026-07-21 19:35:18,7536.25,241,117,0,0
2,2026-07-21 19:35:18,7536,188,51,39,0
2,2026-07-21 19:35:18,7535.75,28,43,0,0
2,2026-07-21 19:35:18,7535.5,26,24,0,0
2,2026-07-21 19:35:18,7535.25,53,42,0,0
2,2026-07-21 19:35:18,7535,86,25,0,0
2,2026-07-21 19:35:18,7534.75,23,2,0,0
2,2026-07-21 19:35:18,7534.5,8,0,0,0
3,2026-07-21 20:30:26,7534.75,40,39,0,0
3,2026-07-21 20:30:26,7535,34,22,0,0
3,2026-07-21 20:30:26,7535.25,24,28,0,0
3,2026-07-21 20:30:26,7535.5,31,44,0,0
3,2026-07-21 20:30:26,7535.75,32,26,0,0
3,2026-07-21 20:30:26,7534.5,77,31,0,0
3,2026-07-21 20:30:26,7534.25,19,0,0,0
3,2026-07-21 20:30:26,7536,24,17,0,0
3,2026-07-21 20:30:26,7536.25,42,42,0,0
3,2026-07-21 20:30:26,7536.5,59,65,0,0
3,2026-07-21 20:30:26,7536.75,73,51,0,0
3,2026-07-21 20:30:26,7537,100,89,0,0
3,2026-07-21 20:30:26,7537.25,129,151,0,0
3,2026-07-21 20:30:26,7537.5,179,190,0,14
3,2026-07-21 20:30:26,7537.75,102,121,0,16
3,2026-07-21 20:30:26,7538,183,160,25,0
3,2026-07-21 20:30:26,7538.25,65,124,0,0
3,2026-07-21 20:30:26,7538.5,40,54,0,0
3,2026-07-21 20:30:26,7538.75,39,82,0,0
3,2026-07-21 20:30:26,7539,155,125,0,11
3,2026-07-21 20:30:26,7539.25,186,181,0,40
3,2026-07-21 20:30:26,7539.5,165,178,0,0
3,2026-07-21 20:30:26,7539.75,172,190,0,0
3,2026-07-21 20:30:26,7540,128,148,0,0
3,2026-07-21 20:30:26,7540.25,90,73,0,0
3,2026-07-21 20:30:26,7540.5,96,106,0,0
3,2026-07-21 20:30:26,7540.75,63,89,0,0
3,2026-07-21 20:30:26,7541,94,100,21,0
3,2026-07-21 20:30:26,7541.25,130,93,0,0
3,2026-07-21 20:30:26,7541.5,111,136,0,0
3,2026-07-21 20:30:26,7541.75,58,104,0,0
3,2026-07-21 20:30:26,7542,51,52,0,0
3,2026-07-21 20:30:26,7542.25,32,47,0,0
3,2026-07-21 20:30:26,7542.5,68,41,0,0
3,2026-07-21 20:30:26,7542.75,59,49,0,0
3,2026-07-21 20:30:26,7543,32,63,0,0
3,2026-07-21 20:30:26,7543.25,43,54,0,0
3,2026-07-21 20:30:26,7543.5,21,50,0,0
3,2026-07-21 20:30:26,7543.75,46,21,0,0
3,2026-07-21 20:30:26,7544,52,62,0,10
3,2026-07-21 20:30:26,7544.25,16,38,0,0
3,2026-07-21 20:30:26,7544.5,0,4,0,0
4,2026-07-21 21:34:58,7539.5,199,159,14,0
4,2026-07-21 21:34:58,7539.25,143,118,0,0
4,2026-07-21 21:34:58,7539,141,94,0,0
4,2026-07-21 21:34:58,7539.75,208,190,0,0
4,2026-07-21 21:34:58,7538.75,131,85,0,0
4,2026-07-21 21:34:58,7538.5,150,123,0,0
4,2026-07-21 21:34:58,7538.25,142,80,0,0
4,2026-07-21 21:34:58,7538,42,22,0,0
4,2026-07-21 21:34:58,7540,264,224,0,0
4,2026-07-21 21:34:58,7540.25,204,235,0,0
4,2026-07-21 21:34:58,7540.5,121,201,0,0
4,2026-07-21 21:34:58,7540.75,117,118,0,10
4,2026-07-21 21:34:58,7541,178,163,0,0
4,2026-07-21 21:34:58,7541.25,224,210,0,0
4,2026-07-21 21:34:58,7541.5,183,219,0,0
4,2026-07-21 21:34:58,7541.75,128,154,0,0
4,2026-07-21 21:34:58,7542,121,169,0,18
4,2026-07-21 21:34:58,7542.25,158,121,0,0
4,2026-07-21 21:34:58,7542.5,45,77,0,0
4,2026-07-21 21:34:58,7542.75,35,30,0,0
4,2026-07-21 21:34:58,7543,37,24,0,0
4,2026-07-21 21:34:58,7537.75,18,3,0,0
4,2026-07-21 21:34:58,7543.25,63,42,0,0
4,2026-07-21 21:34:58,7543.5,58,44,0,0
4,2026-07-21 21:34:58,7543.75,58,30,0,0
4,2026-07-21 21:34:58,7544,112,85,0,0
4,2026-07-21 21:34:58,7544.25,46,71,0,15
4,2026-07-21 21:34:58,7544.5,8,41,0,0
4,2026-07-21 21:34:58,7544.75,0,15,0,0
4,2026-07-21 21:34:58,7537.5,9,0,0,0
4,2026-07-21 21:34:58,7537.25,5,4,0,0
5,2026-07-21 22:51:42,7537.25,139,74,0,0
5,2026-07-21 22:51:42,7537,122,118,0,0
5,2026-07-21 22:51:42,7537.5,129,110,0,0
5,2026-07-21 22:51:42,7536.75,175,141,0,0
5,2026-07-21 22:51:42,7536.5,219,286,0,18
5,2026-07-21 22:51:42,7536.25,300,286,0,0
5,2026-07-21 22:51:42,7536,256,219,0,0
5,2026-07-21 22:51:42,7535.75,236,237,0,0
5,2026-07-21 22:51:42,7535.5,355,326,0,0
5,2026-07-21 22:51:42,7535.25,260,213,0,0
5,2026-07-21 22:51:42,7535,287,264,0,0
5,2026-07-21 22:51:42,7534.75,175,132,0,0
5,2026-07-21 22:51:42,7534.5,155,88,20,0
5,2026-07-21 22:51:42,7534.25,62,26,0,0
5,2026-07-21 22:51:42,7537.75,92,102,0,0
5,2026-07-21 22:51:42,7538,100,107,0,0
5,2026-07-21 22:51:42,7538.25,91,85,0,0
5,2026-07-21 22:51:42,7538.5,54,122,0,0
5,2026-07-21 22:51:42,7538.75,84,102,0,0
5,2026-07-21 22:51:42,7539,43,58,0,0
5,2026-07-21 22:51:42,7539.25,7,27,0,0
5,2026-07-21 22:51:42,7534,19,7,0,0
5,2026-07-21 22:51:42,7533.75,11,0,0,0
6,2026-07-22 00:21:43,7534.75,130,156,0,0
6,2026-07-22 00:21:43,7534.5,215,161,0,0
6,2026-07-22 00:21:43,7534.25,176,221,0,21
6,2026-07-22 00:21:43,7534,243,302,0,19
6,2026-07-22 00:21:43,7533.75,238,186,0,0
6,2026-07-22 00:21:43,7535,114,157,0,0
6,2026-07-22 00:21:43,7535.25,176,151,0,0
6,2026-07-22 00:21:43,7535.5,145,181,0,0
6,2026-07-22 00:21:43,7535.75,84,149,0,0
6,2026-07-22 00:21:43,7536,111,112,0,0
6,2026-07-22 00:21:43,7536.25,22,63,0,0
6,2026-07-22 00:21:43,7536.5,39,64,0,0
6,2026-07-22 00:21:43,7533.5,283,186,24,0
6,2026-07-22 00:21:43,7533.25,211,213,0,0
6,2026-07-22 00:21:43,7533,246,136,0,0
6,2026-07-22 00:21:43,7532.75,108,71,0,0
6,2026-07-22 00:21:43,7532.5,51,49,0,0
6,2026-07-22 00:21:43,7532.25,88,49,0,0
6,2026-07-22 00:21:43,7532,110,86,0,15
6,2026-07-22 00:21:43,7536.75,33,37,0,0
6,2026-07-22 00:21:43,7537,0,1,0,0
6,2026-07-22 00:21:43,7531.75,64,25,0,0
6,2026-07-22 00:21:43,7531.5,36,9,0,0
6,2026-07-22 00:21:43,7531.25,102,15,0,0
6,2026-07-22 00:21:43,7531,161,19,110,0
6,2026-07-22 00:21:43,7530.75,27,0,0,0
6,2026-07-22 00:21:43,7530.5,22,17,0,0
6,2026-07-22 00:21:43,7530.25,17,21,0,0
6,2026-07-22 00:21:43,7530,79,19,15,0
6,2026-07-22 00:21:43,7529.75,57,107,0,0
6,2026-07-22 00:21:43,7529.5,67,38,10,0
6,2026-07-22 00:21:43,7529.25,37,0,0,0
6,2026-07-22 00:21:43,7529,7,0,0,0
7,2026-07-22 01:19:08,7529,152,119,20,0
7,2026-07-22 01:19:08,7529.25,60,88,0,18
7,2026-07-22 01:19:08,7529.5,16,19,0,0
7,2026-07-22 01:19:08,7529.75,46,55,0,0
7,2026-07-22 01:19:08,7530,48,46,0,0
7,2026-07-22 01:19:08,7530.25,12,14,0,0
7,2026-07-22 01:19:08,7530.5,0,1,0,0
7,2026-07-22 01:19:08,7528.75,60,34,0,0
7,2026-07-22 01:19:08,7528.5,64,39,10,0
7,2026-07-22 01:19:08,7528.25,97,73,0,0
7,2026-07-22 01:19:08,7528,83,123,0,0
7,2026-07-22 01:19:08,7527.75,127,179,0,0
7,2026-07-22 01:19:08,7527.5,70,113,0,0
7,2026-07-22 01:19:08,7527.25,130,125,0,0
7,2026-07-22 01:19:08,7527,194,47,100,0
7,2026-07-22 01:19:08,7526.75,70,85,0,0
7,2026-07-22 01:19:08,7526.5,115,139,0,0
7,2026-07-22 01:19:08,7526.25,95,104,0,0
7,2026-07-22 01:19:08,7526,114,128,0,0
7,2026-07-22 01:19:08,7525.75,536,300,301,0
7,2026-07-22 01:19:08,7525.5,224,288,0,15
7,2026-07-22 01:19:08,7525.25,159,176,13,0
7,2026-07-22 01:19:08,7525,294,261,10,0
7,2026-07-22 01:19:08,7524.75,256,283,0,10
7,2026-07-22 01:19:08,7524.5,164,152,0,0
7,2026-07-22 01:19:08,7524.25,41,35,0,0
7,2026-07-22 01:19:08,7524,36,47,0,0
7,2026-07-22 01:19:08,7523.75,56,55,0,0
7,2026-07-22 01:19:08,7523.5,29,24,15,0
8,2026-07-22 01:45:04,7524.5,128,100,10,0
8,2026-07-22 01:45:04,7524.75,20,78,0,0
8,2026-07-22 01:45:04,7524.25,74,114,0,0
8,2026-07-22 01:45:04,7524,102,83,0,0
8,2026-07-22 01:45:04,7523.75,100,148,0,12
8,2026-07-22 01:45:04,7523.5,149,87,16,0
8,2026-07-22 01:45:04,7523.25,91,104,0,0
8,2026-07-22 01:45:04,7523,213,174,45,0
8,2026-07-22 01:45:04,7522.75,169,144,0,0
8,2026-07-22 01:45:04,7522.5,121,113,0,0
8,2026-07-22 01:45:04,7522.25,266,170,153,0
8,2026-07-22 01:45:04,7522,279,262,17,0
8,2026-07-22 01:45:04,7521.75,168,205,0,0
8,2026-07-22 01:45:04,7521.5,210,177,23,0
8,2026-07-22 01:45:04,7521.25,203,133,0,0
8,2026-07-22 01:45:04,7521,62,31,0,0
8,2026-07-22 01:45:04,7525,59,54,0,0
8,2026-07-22 01:45:04,7525.25,48,90,0,20
8,2026-07-22 01:45:04,7525.5,28,66,0,25
8,2026-07-22 01:45:04,7525.75,52,39,12,0
8,2026-07-22 01:45:04,7526,6,9,0,0
8,2026-07-22 01:45:04,7526.25,5,8,0,0
8,2026-07-22 01:45:04,7520.75,90,58,0,0
8,2026-07-22 01:45:04,7520.5,74,82,0,0
8,2026-07-22 01:45:04,7520.25,91,51,0,0
8,2026-07-22 01:45:04,7520,127,33,20,0
8,2026-07-22 01:45:04,7519.75,111,100,0,0
8,2026-07-22 01:45:04,7519.5,125,169,0,0
8,2026-07-22 01:45:04,7519.25,122,103,0,0
8,2026-07-22 01:45:04,7519,96,33,0,0
8,2026-07-22 01:45:04,7518.75,17,8,0,0
8,2026-07-22 01:45:04,7518.5,27,12,0,0
8,2026-07-22 01:45:04,7518.25,13,12,0,0
8,2026-07-22 01:45:04,7518,4,0,0,0
9,2026-07-22 02:06:29,7518.25,75,79,0,0
9,2026-07-22 02:06:29,7518,80,73,0,0
9,2026-07-22 02:06:29,7517.75,58,70,0,0
9,2026-07-22 02:06:29,7517.5,54,49,0,0
9,2026-07-22 02:06:29,7517.25,26,26,0,11
9,2026-07-22 02:06:29,7517,23,19,0,0
9,2026-07-22 02:06:29,7516.75,29,45,0,0
9,2026-07-22 02:06:29,7516.5,43,20,0,0
9,2026-07-22 02:06:29,7516.25,33,12,0,0
9,2026-07-22 02:06:29,7516,6,0,0,0
9,2026-07-22 02:06:29,7518.5,95,106,0,0
9,2026-07-22 02:06:29,7518.75,113,104,0,0
9,2026-07-22 02:06:29,7519,64,89,0,0
9,2026-07-22 02:06:29,7519.25,57,57,0,0
9,2026-07-22 02:06:29,7519.5,29,71,0,0
9,2026-07-22 02:06:29,7519.75,39,67,0,0
9,2026-07-22 02:06:29,7520,78,84,10,0
9,2026-07-22 02:06:29,7520.25,89,90,0,0
9,2026-07-22 02:06:29,7520.5,20,64,0,0
9,2026-07-22 02:06:29,7520.75,50,46,0,0
9,2026-07-22 02:06:29,7521,38,61,0,0
9,2026-07-22 02:06:29,7521.25,29,43,0,0
9,2026-07-22 02:06:29,7521.5,47,33,0,0
9,2026-07-22 02:06:29,7521.75,43,56,0,0
9,2026-07-22 02:06:29,7522,94,111,0,0
9,2026-07-22 02:06:29,7522.25,86,119,0,0
9,2026-07-22 02:06:29,7522.5,80,108,0,13
9,2026-07-22 02:06:29,7522.75,48,70,0,0
9,2026-07-22 02:06:29,7523,112,100,0,0
9,2026-07-22 02:06:29,7523.25,145,133,0,0
9,2026-07-22 02:06:29,7523.5,136,210,0,38
9,2026-07-22 02:06:29,7523.75,73,120,0,0
9,2026-07-22 02:06:29,7524,49,78,0,0
9,2026-07-22 02:06:29,7524.25,26,26,0,0
9,2026-07-22 02:06:29,7524.5,99,84,0,0
9,2026-07-22 02:06:29,7524.75,144,133,0,0
9,2026-07-22 02:06:29,7525,160,170,0,24
9,2026-07-22 02:06:29,7525.25,158,161,0,0
9,2026-07-22 02:06:29,7525.5,106,106,0,0
9,2026-07-22 02:06:29,7525.75,126,120,12,15
9,2026-07-22 02:06:29,7526,110,78,0,0
9,2026-07-22 02:06:29,7526.25,43,97,0,0
9,2026-07-22 02:06:29,7526.5,10,27,0,0
9,2026-07-22 02:06:29,7526.75,5,28,0,0
9,2026-07-22 02:06:29,7527,0,22,0,0
9,2026-07-22 02:06:29,7527.25,0,7,0,0
10,2026-07-22 02:29:54,7525.25,81,104,0,0
10,2026-07-22 02:29:54,7525,106,52,40,0
10,2026-07-22 02:29:54,7525.5,24,147,0,73
10,2026-07-22 02:29:54,7525.75,16,39,0,0
10,2026-07-22 02:29:54,7526,17,42,0,21
10,2026-07-22 02:29:54,7526.25,11,3,0,0
10,2026-07-22 02:29:54,7524.75,79,36,50,0
10,2026-07-22 02:29:54,7524.5,73,41,10,0
10,2026-07-22 02:29:54,7524.25,11,3,0,0
10,2026-07-22 02:29:54,7524,13,10,0,0
10,2026-07-22 02:29:54,7523.75,23,35,0,0
10,2026-07-22 02:29:54,7523.5,4,10,0,0
10,2026-07-22 02:29:54,7523.25,5,8,0,0
10,2026-07-22 02:29:54,7523,14,13,0,0
10,2026-07-22 02:29:54,7522.75,4,6,0,0
10,2026-07-22 02:29:54,7522.5,6,1,0,0
10,2026-07-22 02:29:54,7522.25,23,29,0,0
10,2026-07-22 02:29:54,7522,58,68,0,0
10,2026-07-22 02:29:54,7521.75,58,43,0,0
10,2026-07-22 02:29:54,7521.5,48,30,0,0
10,2026-07-22 02:29:54,7521.25,25,43,0,0
10,2026-07-22 02:29:54,7521,60,82,0,0
10,2026-07-22 02:29:54,7520.75,49,50,0,0
10,2026-07-22 02:29:54,7520.5,33,34,0,0
10,2026-07-22 02:29:54,7520.25,49,121,0,60
10,2026-07-22 02:29:54,7520,68,44,10,0
10,2026-07-22 02:29:54,7519.75,47,77,0,0
10,2026-07-22 02:29:54,7519.5,45,51,0,0
10,2026-07-22 02:29:54,7519.25,25,54,0,0
10,2026-07-22 02:29:54,7519,61,44,0,0
10,2026-07-22 02:29:54,7518.75,80,111,0,0
10,2026-07-22 02:29:54,7518.5,164,65,24,0
10,2026-07-22 02:29:54,7518.25,31,10,0,0
10,2026-07-22 02:29:54,7518,25,39,0,0
10,2026-07-22 02:29:54,7517.75,88,45,0,0
10,2026-07-22 02:29:54,7517.5,79,104,0,10
10,2026-07-22 02:29:54,7517.25,45,46,0,0
10,2026-07-22 02:29:54,7517,41,53,0,0
10,2026-07-22 02:29:54,7516.75,47,44,0,0
10,2026-07-22 02:29:54,7516.5,56,18,0,0
10,2026-07-22 02:29:54,7516.25,27,43,0,0
10,2026-07-22 02:29:54,7516,44,30,0,0
10,2026-07-22 02:29:54,7515.75,53,102,0,0
10,2026-07-22 02:29:54,7515.5,118,81,0,0
10,2026-07-22 02:29:54,7515.25,125,68,0,0
10,2026-07-22 02:29:54,7515,199,46,100,0
10,2026-07-22 02:29:54,7514.75,88,132,0,0
10,2026-07-22 02:29:54,7514.5,131,160,0,11
10,2026-07-22 02:29:54,7514.25,146,98,0,0
10,2026-07-22 02:29:54,7514,57,39,0,0
10,2026-07-22 02:29:54,7513.75,165,104,39,0
10,2026-07-22 02:29:54,7513.5,82,71,25,15
10,2026-07-22 02:29:54,7513.25,35,27,0,0
10,2026-07-22 02:29:54,7513,55,60,0,0
10,2026-07-22 02:29:54,7512.75,85,78,15,0
10,2026-07-22 02:29:54,7512.5,56,51,0,0
10,2026-07-22 02:29:54,7512.25,64,84,0,36
10,2026-07-22 02:29:54,7512,49,0,17,0
11,2026-07-22 02:44:09,7516.5,345,336,43,18
11,2026-07-22 02:44:09,7516.25,211,248,0,0
11,2026-07-22 02:44:09,7516.75,310,293,17,0
11,2026-07-22 02:44:09,7517,173,262,0,11
11,2026-07-22 02:44:09,7517.25,187,170,0,0
11,2026-07-22 02:44:09,7517.5,191,201,0,0
11,2026-07-22 02:44:09,7517.75,124,152,0,0
11,2026-07-22 02:44:09,7516,177,263,0,0
11,2026-07-22 02:44:09,7515.75,133,151,0,0
11,2026-07-22 02:44:09,7515.5,126,118,0,0
11,2026-07-22 02:44:09,7515.25,115,91,0,0
11,2026-07-22 02:44:09,7515,87,56,0,0
11,2026-07-22 02:44:09,7514.75,57,85,0,0
11,2026-07-22 02:44:09,7514.5,70,102,10,0
11,2026-07-22 02:44:09,7514.25,79,128,0,0
11,2026-07-22 02:44:09,7514,106,109,0,0
11,2026-07-22 02:44:09,7513.75,70,57,0,0
11,2026-07-22 02:44:09,7518,71,117,0,0
11,2026-07-22 02:44:09,7518.25,93,115,0,0
11,2026-07-22 02:44:09,7518.5,61,81,0,0
11,2026-07-22 02:44:09,7518.75,41,62,0,0
11,2026-07-22 02:44:09,7513.5,29,15,0,0
11,2026-07-22 02:44:09,7513.25,3,7,0,0
11,2026-07-22 02:44:09,7513,9,2,0,0
11,2026-07-22 02:44:09,7512.75,1,0,0,0
11,2026-07-22 02:44:09,7519,14,42,0,0
11,2026-07-22 02:44:09,7519.25,6,5,0,0
11,2026-07-22 02:44:09,7519.5,14,16,0,0
11,2026-07-22 02:44:09,7519.75,7,15,0,0
11,2026-07-22 02:44:09,7520,16,33,0,0
11,2026-07-22 02:44:09,7520.25,15,17,0,0
11,2026-07-22 02:44:09,7520.5,13,31,0,0
11,2026-07-22 02:44:09,7520.75,2,19,0,0
11,2026-07-22 02:44:09,7521,19,27,0,0
11,2026-07-22 02:44:09,7521.25,11,23,0,0
11,2026-07-22 02:44:09,7521.5,18,43,0,10
11,2026-07-22 02:44:09,7521.75,0,4,0,0
12,2026-07-22 03:05:10,7521.75,239,225,49,0
12,2026-07-22 03:05:10,7522,199,271,0,0
12,2026-07-22 03:05:10,7521.5,111,124,0,0
12,2026-07-22 03:05:10,7521.25,78,127,0,15
12,2026-07-22 03:05:10,7521,61,83,0,0
12,2026-07-22 03:05:10,7520.75,70,92,0,0
12,2026-07-22 03:05:10,7520.5,155,139,0,0
12,2026-07-22 03:05:10,7520.25,129,73,13,0
12,2026-07-22 03:05:10,7520,47,48,0,0
12,2026-07-22 03:05:10,7519.5,85,88,0,0
12,2026-07-22 03:05:10,7519.75,61,136,0,0
12,2026-07-22 03:05:10,7519.25,51,92,0,10
12,2026-07-22 03:05:10,7519,71,111,0,0
12,2026-07-22 03:05:10,7518.75,118,165,0,12
12,2026-07-22 03:05:10,7518.5,94,249,0,75
12,2026-07-22 03:05:10,7518.25,112,78,0,0
12,2026-07-22 03:05:10,7522.25,127,185,0,0
12,2026-07-22 03:05:10,7522.5,56,117,0,0
12,2026-07-22 03:05:10,7522.75,53,109,10,0
12,2026-07-22 03:05:10,7518,41,65,0,0
12,2026-07-22 03:05:10,7517.75,38,34,0,0
12,2026-07-22 03:05:10,7517.5,67,36,0,0
12,2026-07-22 03:05:10,7517.25,91,118,0,0
12,2026-07-22 03:05:10,7517,57,105,0,0
12,2026-07-22 03:05:10,7516.75,62,90,0,0
12,2026-07-22 03:05:10,7516.5,80,134,0,0
12,2026-07-22 03:05:10,7516.25,59,28,0,0
12,2026-07-22 03:05:10,7516,14,18,0,0
12,2026-07-22 03:05:10,7515.75,11,0,0,0
12,2026-07-22 03:05:10,7523,37,87,0,10
12,2026-07-22 03:05:10,7523.25,20,37,0,0
12,2026-07-22 03:05:10,7523.5,48,36,0,0
12,2026-07-22 03:05:10,7523.75,31,40,0,0
12,2026-07-22 03:05:10,7524,13,61,0,11
12,2026-07-22 03:05:10,7524.25,24,26,0,0
12,2026-07-22 03:05:10,7524.5,0,56,0,0
12,2026-07-22 03:05:10,7524.75,9,18,0,0
12,2026-07-22 03:05:10,7525,18,68,0,0
12,2026-07-22 03:05:10,7525.25,7,12,0,0
12,2026-07-22 03:05:10,7525.5,61,38,0,0
12,2026-07-22 03:05:10,7525.75,34,42,0,0
12,2026-07-22 03:05:10,7526,30,67,0,0
12,2026-07-22 03:05:10,7526.25,0,3,0,0
13,2026-07-22 03:31:08,7525.75,86,159,14,0
13,2026-07-22 03:31:08,7526,46,128,0,18
13,2026-07-22 03:31:08,7525.5,127,120,0,0
13,2026-07-22 03:31:08,7526.25,19,46,0,0
13,2026-07-22 03:31:08,7526.5,0,19,0,0
13,2026-07-22 03:31:08,7525.25,216,346,0,0
13,2026-07-22 03:31:08,7525,304,243,0,0
13,2026-07-22 03:31:08,7524.75,244,167,0,0
13,2026-07-22 03:31:08,7524.5,130,148,0,0
13,2026-07-22 03:31:08,7524.25,108,131,0,0
13,2026-07-22 03:31:08,7524,172,136,26,0
13,2026-07-22 03:31:08,7523.75,109,115,0,0
13,2026-07-22 03:31:08,7523.5,120,158,0,0
13,2026-07-22 03:31:08,7523.25,132,108,0,0
13,2026-07-22 03:31:08,7523,84,130,10,0
13,2026-07-22 03:31:08,7522.75,127,81,0,0
13,2026-07-22 03:31:08,7522.5,97,176,0,36
13,2026-07-22 03:31:08,7522.25,73,69,0,0
13,2026-07-22 03:31:08,7522,46,31,0,0
13,2026-07-22 03:31:08,7521.75,10,10,0,0
13,2026-07-22 03:31:08,7521.5,6,8,0,0
13,2026-07-22 03:31:08,7521.25,10,22,0,0
13,2026-07-22 03:31:08,7521,21,24,0,14
13,2026-07-22 03:31:08,7526.75,71,41,31,0
13,2026-07-22 03:31:08,7527,55,88,0,0
13,2026-07-22 03:31:08,7527.25,56,56,0,0
13,2026-07-22 03:31:08,7527.5,53,52,0,0
13,2026-07-22 03:31:08,7527.75,69,41,21,0
13,2026-07-22 03:31:08,7528,56,76,0,20
13,2026-07-22 03:31:08,7528.25,89,120,0,0
13,2026-07-22 03:31:08,7528.5,88,129,0,0
13,2026-07-22 03:31:08,7528.75,103,84,0,0
13,2026-07-22 03:31:08,7529,55,145,0,10
13,2026-07-22 03:31:08,7529.25,17,64,0,0
13,2026-07-22 03:31:08,7529.5,3,27,0,0
14,2026-07-22 04:06:30,7529.25,231,191,12,0
14,2026-07-22 04:06:30,7529,149,165,0,0
14,2026-07-22 04:06:30,7528.75,158,177,10,0
14,2026-07-22 04:06:30,7528.5,206,219,0,0
14,2026-07-22 04:06:30,7528.25,222,230,0,0
14,2026-07-22 04:06:30,7529.5,232,230,0,0
14,2026-07-22 04:06:30,7529.75,137,143,0,0
14,2026-07-22 04:06:30,7530,223,219,0,20
14,2026-07-22 04:06:30,7530.25,169,206,0,0
14,2026-07-22 04:06:30,7530.5,112,165,0,0
14,2026-07-22 04:06:30,7530.75,229,172,17,11
14,2026-07-22 04:06:30,7531,109,194,12,0
14,2026-07-22 04:06:30,7531.25,65,100,0,0
14,2026-07-22 04:06:30,7531.5,20,33,0,0
14,2026-07-22 04:06:30,7531.75,0,1,0,0
14,2026-07-22 04:06:30,7528,154,135,36,0
14,2026-07-22 04:06:30,7527.75,165,131,0,16
14,2026-07-22 04:06:30,7527.5,84,64,0,0
14,2026-07-22 04:06:30,7527.25,54,45,0,0
14,2026-07-22 04:06:30,7527,74,67,0,0
14,2026-07-22 04:06:30,7526.75,37,68,0,0
14,2026-07-22 04:06:30,7526.5,110,76,75,20
14,2026-07-22 04:06:30,7526.25,43,19,0,0
14,2026-07-22 04:06:30,7526,26,21,0,0
14,2026-07-22 04:06:30,7525.75,33,52,0,0
14,2026-07-22 04:06:30,7525.5,50,42,0,0
14,2026-07-22 04:06:30,7525.25,15,5,0,0
14,2026-07-22 04:06:30,7525,35,23,0,0
14,2026-07-22 04:06:30,7524.75,40,15,0,0
14,2026-07-22 04:06:30,7524.5,33,17,0,0
14,2026-07-22 04:06:30,7524.25,35,9,0,0
14,2026-07-22 04:06:30,7524,10,5,0,0
15,2026-07-22 04:33:46,7524,177,157,0,0
15,2026-07-22 04:33:46,7523.75,143,157,12,0
15,2026-07-22 04:33:46,7523.5,89,80,0,0
15,2026-07-22 04:33:46,7524.25,153,218,0,44
15,2026-07-22 04:33:46,7523.25,84,89,0,0
15,2026-07-22 04:33:46,7523,132,135,0,0
15,2026-07-22 04:33:46,7522.75,177,139,0,0
15,2026-07-22 04:33:46,7522.5,94,62,0,0
15,2026-07-22 04:33:46,7522.25,114,39,31,0
15,2026-07-22 04:33:46,7524.5,186,162,0,0
15,2026-07-22 04:33:46,7524.75,144,166,0,11
15,2026-07-22 04:33:46,7525,116,144,0,0
15,2026-07-22 04:33:46,7525.25,131,105,0,0
15,2026-07-22 04:33:46,7525.5,121,125,0,0
15,2026-07-22 04:33:46,7525.75,73,114,0,0
15,2026-07-22 04:33:46,7526,103,112,10,0
15,2026-07-22 04:33:46,7522,40,29,0,0
15,2026-07-22 04:33:46,7521.75,47,55,0,0
15,2026-07-22 04:33:46,7521.5,80,67,13,0
15,2026-07-22 04:33:46,7521.25,44,38,0,0
15,2026-07-22 04:33:46,7521,29,57,0,0
15,2026-07-22 04:33:46,7520.75,76,78,0,10
15,2026-07-22 04:33:46,7520.5,53,9,0,0
15,2026-07-22 04:33:46,7520.25,2,0,0,0
15,2026-07-22 04:33:46,7526.25,26,41,0,0
15,2026-07-22 04:33:46,7526.5,7,15,0,0
15,2026-07-22 04:33:46,7526.75,27,8,0,0
15,2026-07-22 04:33:46,7527,58,41,0,0
15,2026-07-22 04:33:46,7527.25,91,47,0,0
15,2026-07-22 04:33:46,7527.5,81,125,0,0
15,2026-07-22 04:33:46,7527.75,15,87,0,47
15,2026-07-22 04:33:46,7528,7,17,0,0
15,2026-07-22 04:33:46,7528.25,23,18,0,0
15,2026-07-22 04:33:46,7528.5,71,48,0,0
15,2026-07-22 04:33:46,7528.75,56,98,0,31
15,2026-07-22 04:33:46,7529,79,93,0,0
15,2026-07-22 04:33:46,7529.25,62,53,0,0
15,2026-07-22 04:33:46,7529.5,64,63,0,0
15,2026-07-22 04:33:46,7529.75,32,78,0,0
15,2026-07-22 04:33:46,7530,44,75,0,0
15,2026-07-22 04:33:46,7530.25,28,42,0,13
15,2026-07-22 04:33:46,7530.5,16,20,0,0
16,2026-07-22 05:09:20,7527.25,14,44,0,0
16,2026-07-22 05:09:20,7527.5,18,50,0,10
16,2026-07-22 05:09:20,7527,45,58,0,0
16,2026-07-22 05:09:20,7527.75,36,44,0,0
16,2026-07-22 05:09:20,7528.25,25,23,0,0
16,2026-07-22 05:09:20,7528,39,43,0,0
16,2026-07-22 05:09:20,7526.75,41,108,0,0
16,2026-07-22 05:09:20,7526.5,81,58,0,0
16,2026-07-22 05:09:20,7526.25,80,97,0,0
16,2026-07-22 05:09:20,7526,100,130,0,0
16,2026-07-22 05:09:20,7525.75,104,135,0,0
16,2026-07-22 05:09:20,7525.5,117,67,0,0
16,2026-07-22 05:09:20,7525.25,42,52,0,0
16,2026-07-22 05:09:20,7525,32,32,0,0
16,2026-07-22 05:09:20,7524.75,27,32,0,0
16,2026-07-22 05:09:20,7524.5,9,3,0,0
16,2026-07-22 05:09:20,7528.5,22,23,0,0
16,2026-07-22 05:09:20,7528.75,51,54,0,0
16,2026-07-22 05:09:20,7529,30,28,0,0
16,2026-07-22 05:09:20,7529.25,39,44,0,0
16,2026-07-22 05:09:20,7529.5,63,40,0,0
16,2026-07-22 05:09:20,7529.75,123,68,0,0
16,2026-07-22 05:09:20,7530,160,120,0,0
16,2026-07-22 05:09:20,7530.25,81,158,0,0
16,2026-07-22 05:09:20,7530.5,145,112,0,0
16,2026-07-22 05:09:20,7530.75,184,223,0,0
16,2026-07-22 05:09:20,7531,310,319,0,20
16,2026-07-22 05:09:20,7531.25,290,294,0,0
16,2026-07-22 05:09:20,7531.5,150,205,0,0
16,2026-07-22 05:09:20,7531.75,142,253,0,30
16,2026-07-22 05:09:20,7532,172,199,20,24
16,2026-07-22 05:09:20,7532.25,132,186,0,0
16,2026-07-22 05:09:20,7532.5,63,85,0,0
16,2026-07-22 05:09:20,7532.75,44,57,0,0
16,2026-07-22 05:09:20,7533,8,37,0,0
17,2026-07-22 05:40:26,7527.75,176,169,10,10
17,2026-07-22 05:40:26,7528,265,295,0,22
17,2026-07-22 05:40:26,7528.25,334,254,0,0
17,2026-07-22 05:40:26,7528.5,203,216,0,0
17,2026-07-22 05:40:26,7528.75,108,172,0,0
17,2026-07-22 05:40:26,7529,122,155,0,0
17,2026-07-22 05:40:26,7527.5,129,132,0,0
17,2026-07-22 05:40:26,7527.25,146,210,0,10
17,2026-07-22 05:40:26,7527,209,277,11,40
17,2026-07-22 05:40:26,7526.75,191,165,0,0
17,2026-07-22 05:40:26,7526.5,96,67,0,0
17,2026-07-22 05:40:26,7526.25,51,20,0,0
17,2026-07-22 05:40:26,7526,83,28,0,0
17,2026-07-22 05:40:26,7525.75,92,39,46,0
17,2026-07-22 05:40:26,7529.25,38,86,0,0
17,2026-07-22 05:40:26,7529.5,58,40,36,0
17,2026-07-22 05:40:26,7529.75,56,44,0,0
17,2026-07-22 05:40:26,7530,96,167,10,12
17,2026-07-22 05:40:26,7530.25,69,81,0,0
17,2026-07-22 05:40:26,7530.5,136,74,0,0
17,2026-07-22 05:40:26,7530.75,72,114,0,0
17,2026-07-22 05:40:26,7531,42,78,0,0
17,2026-07-22 05:40:26,7531.25,31,31,0,0
17,2026-07-22 05:40:26,7531.5,29,49,0,0
17,2026-07-22 05:40:26,7531.75,63,69,0,0
17,2026-07-22 05:40:26,7532,0,8,0,0
17,2026-07-22 05:40:26,7525.5,31,6,0,0
17,2026-07-22 05:40:26,7525.25,46,122,0,84
17,2026-07-22 05:40:26,7525,39,3,16,0
17,2026-07-22 05:40:26,7524.75,9,0,0,0
17,2026-07-22 05:40:26,7524.5,20,37,0,0
17,2026-07-22 05:40:26,7524.25,41,53,0,0
17,2026-07-22 05:40:26,7524,59,66,0,0
17,2026-07-22 05:40:26,7523.75,32,1,0,0
18,2026-07-22 06:16:40,7524.5,143,210,0,0
18,2026-07-22 06:16:40,7524.25,242,232,20,0
18,2026-07-22 06:16:40,7524.75,62,137,0,10
18,2026-07-22 06:16:40,7524,196,207,0,0
18,2026-07-22 06:16:40,7523.75,181,163,0,10
18,2026-07-22 06:16:40,7523.5,248,108,60,20
18,2026-07-22 06:16:40,7525,47,44,0,10
18,2026-07-22 06:16:40,7525.25,32,32,0,0
18,2026-07-22 06:16:40,7525.5,47,52,0,0
18,2026-07-22 06:16:40,7525.75,108,98,0,10
18,2026-07-22 06:16:40,7526,129,102,0,20
18,2026-07-22 06:16:40,7526.25,121,134,0,0
18,2026-07-22 06:16:40,7526.5,30,55,0,0
18,2026-07-22 06:16:40,7526.75,62,77,0,20
18,2026-07-22 06:16:40,7527,9,24,0,10
18,2026-07-22 06:16:40,7523.25,159,147,0,0
18,2026-07-22 06:16:40,7523,206,179,35,0
18,2026-07-22 06:16:40,7522.75,172,93,10,0
18,2026-07-22 06:16:40,7522.5,47,0,10,0
18,2026-07-22 06:16:40,7522.25,18,0,0,0
18,2026-07-22 06:16:40,7522,29,0,0,0
18,2026-07-22 06:16:40,7521.75,23,0,0,0
18,2026-07-22 06:16:40,7521.5,35,0,16,0
18,2026-07-22 06:16:40,7521.25,18,0,0,0
18,2026-07-22 06:16:40,7521,21,0,0,0
18,2026-07-22 06:16:40,7520.75,19,0,0,0
18,2026-07-22 06:16:40,7520.5,35,50,0,17
18,2026-07-22 06:16:40,7520.25,58,73,0,0
18,2026-07-22 06:16:40,7520,112,50,0,11
18,2026-07-22 06:16:40,7519.75,84,62,0,0
18,2026-07-22 06:16:40,7519.5,88,110,11,0
18,2026-07-22 06:16:40,7519.25,98,101,0,0
18,2026-07-22 06:16:40,7519,73,83,0,0
18,2026-07-22 06:16:40,7518.75,88,87,0,0
18,2026-07-22 06:16:40,7518.5,119,88,18,0
18,2026-07-22 06:16:40,7518.25,46,61,0,0
18,2026-07-22 06:16:40,7518,39,18,0,0
18,2026-07-22 06:16:40,7517.75,26,21,0,0
18,2026-07-22 06:16:40,7517.5,73,22,48,0
18,2026-07-22 06:16:40,7517.25,21,12,0,0
18,2026-07-22 06:16:40,7517,38,34,0,0
18,2026-07-22 06:16:40,7516.75,44,43,0,0
18,2026-07-22 06:16:40,7516.5,39,1,0,0
18,2026-07-22 06:16:40,7516.25,5,0,0,0
19,2026-07-22 06:41:21,7516.5,107,87,0,0
19,2026-07-22 06:41:21,7516.25,109,96,0,0
19,2026-07-22 06:41:21,7516,119,126,0,0
19,2026-07-22 06:41:21,7515.75,142,83,25,0
19,2026-07-22 06:41:21,7515.5,260,101,113,0
19,2026-07-22 06:41:21,7516.75,97,109,10,0
19,2026-07-22 06:41:21,7517,173,141,0,18
19,2026-07-22 06:41:21,7517.25,106,173,11,0
19,2026-07-22 06:41:21,7517.5,72,127,20,10
19,2026-07-22 06:41:21,7517.75,61,88,0,0
19,2026-07-22 06:41:21,7518,48,85,0,0
19,2026-07-22 06:41:21,7518.25,48,44,0,0
19,2026-07-22 06:41:21,7518.5,39,53,0,0
19,2026-07-22 06:41:21,7518.75,61,76,0,0
19,2026-07-22 06:41:21,7519,88,94,0,0
19,2026-07-22 06:41:21,7519.25,142,236,0,77
19,2026-07-22 06:41:21,7519.5,79,111,0,0
19,2026-07-22 06:41:21,7519.75,36,85,0,0
19,2026-07-22 06:41:21,7520,29,77,0,0
19,2026-07-22 06:41:21,7520.25,7,50,0,0
19,2026-07-22 06:41:21,7520.5,98,72,53,0
19,2026-07-22 06:41:21,7520.75,38,58,0,0
19,2026-07-22 06:41:21,7515.25,91,97,0,0
19,2026-07-22 06:41:21,7515,170,79,0,0
19,2026-07-22 06:41:21,7514.75,54,64,0,0
19,2026-07-22 06:41:21,7514.5,88,69,0,0
19,2026-07-22 06:41:21,7514.25,71,35,0,0
19,2026-07-22 06:41:21,7514,104,97,10,0
19,2026-07-22 06:41:21,7513.75,95,78,0,0
19,2026-07-22 06:41:21,7513.5,107,58,13,0
19,2026-07-22 06:41:21,7513.25,53,85,0,0
19,2026-07-22 06:41:21,7513,62,63,0,0
19,2026-07-22 06:41:21,7512.75,90,60,17,0
19,2026-07-22 06:41:21,7512.5,46,27,0,0
19,2026-07-22 06:41:21,7512.25,40,69,0,0
19,2026-07-22 06:41:21,7512,72,54,0,26
19,2026-07-22 06:41:21,7511.75,60,51,0,0
19,2026-07-22 06:41:21,7511.5,4,0,0,0
19,2026-07-22 06:41:21,7521,36,54,12,0
19,2026-07-22 06:41:21,7521.25,16,45,0,0
19,2026-07-22 06:41:21,7521.5,0,25,0,0
20,2026-07-22 06:47:33,7521,86,23,16,0
20,2026-07-22 06:47:33,7521.25,35,42,0,0
20,2026-07-22 06:47:33,7520.75,20,25,0,0
20,2026-07-22 06:47:33,7520.5,88,30,30,0
20,2026-07-22 06:47:33,7521.5,35,13,0,0
20,2026-07-22 06:47:33,7521.75,51,35,0,0
20,2026-07-22 06:47:33,7522,102,84,12,12
20,2026-07-22 06:47:33,7522.25,165,135,0,28
20,2026-07-22 06:47:33,7522.5,140,171,37,0
20,2026-07-22 06:47:33,7522.75,34,56,0,0
20,2026-07-22 06:47:33,7523,17,74,0,20
20,2026-07-22 06:47:33,7523.25,0,2,0,0
20,2026-07-22 06:47:33,7520.25,55,41,0,0
20,2026-07-22 06:47:33,7520,54,53,0,0
20,2026-07-22 06:47:33,7519.75,56,43,0,0
20,2026-07-22 06:47:33,7519.5,123,193,10,66
20,2026-07-22 06:47:33,7519.25,103,99,0,0
20,2026-07-22 06:47:33,7519,62,32,0,0
20,2026-07-22 06:47:33,7518.75,72,89,0,0
20,2026-07-22 06:47:33,7518.5,157,155,0,0
20,2026-07-22 06:47:33,7518.25,144,167,0,0
20,2026-07-22 06:47:33,7518,90,73,0,0
20,2026-07-22 06:47:33,7517.5,172,157,0,0
20,2026-07-22 06:47:33,7517.75,102,97,12,0
20,2026-07-22 06:47:33,7517.25,174,212,0,53
20,2026-07-22 06:47:33,7517,182,115,20,0
20,2026-07-22 06:47:33,7516.75,129,137,0,0
20,2026-07-22 06:47:33,7516.5,135,60,10,0
20,2026-07-22 06:47:33,7516.25,113,45,0,0
20,2026-07-22 06:47:33,7516,66,15,0,0
20,2026-07-22 06:47:33,7515.75,56,62,0,0
20,2026-07-22 06:47:33,7515.5,36,39,0,0
20,2026-07-22 06:47:33,7515.25,67,92,11,0
20,2026-07-22 06:47:33,7515,154,177,48,46
20,2026-07-22 06:47:33,7514.75,120,107,10,10
20,2026-07-22 06:47:33,7514.5,110,68,0,0
20,2026-07-22 06:47:33,7514.25,75,73,0,20
20,2026-07-22 06:47:33,7514,22,7,0,0
21,2026-07-22 07:04:54,7514.75,23,24,0,0
21,2026-07-22 07:04:54,7515,80,38,30,0
21,2026-07-22 07:04:54,7515.25,198,120,54,0
21,2026-07-22 07:04:54,7515.5,393,237,148,14
21,2026-07-22 07:04:54,7515.75,193,247,20,0
21,2026-07-22 07:04:54,7516,237,245,0,0
21,2026-07-22 07:04:54,7516.25,171,251,0,0
21,2026-07-22 07:04:54,7516.5,183,165,0,0
21,2026-07-22 07:04:54,7516.75,146,137,0,0
21,2026-07-22 07:04:54,7517,173,145,0,10
21,2026-07-22 07:04:54,7517.25,64,126,0,0
21,2026-07-22 07:04:54,7517.5,149,91,14,0
21,2026-07-22 07:04:54,7517.75,69,76,0,0
21,2026-07-22 07:04:54,7518,157,96,0,11
21,2026-07-22 07:04:54,7518.25,205,179,0,0
21,2026-07-22 07:04:54,7518.5,195,217,0,10
21,2026-07-22 07:04:54,7518.75,160,188,0,0
21,2026-07-22 07:04:54,7519,129,155,41,0
21,2026-07-22 07:04:54,7519.25,11,57,0,20
21,2026-07-22 07:04:54,7514.5,22,12,0,0
21,2026-07-22 07:04:54,7514.25,37,0,19,0
21,2026-07-22 07:04:54,7514,20,15,0,0
21,2026-07-22 07:04:54,7513.75,11,37,0,0
21,2026-07-22 07:04:54,7513.5,70,48,30,0
21,2026-07-22 07:04:54,7513.25,108,175,0,24
21,2026-07-22 07:04:54,7513,100,64,0,0
21,2026-07-22 07:04:54,7512.75,47,4,0,0
22,2026-07-22 07:23:07,7514,39,26,0,0
22,2026-07-22 07:23:07,7513.75,96,119,0,0
22,2026-07-22 07:23:07,7513.5,80,94,0,0
22,2026-07-22 07:23:07,7514.25,65,30,0,0
22,2026-07-22 07:23:07,7514.5,71,85,0,0
22,2026-07-22 07:23:07,7514.75,65,66,0,0
22,2026-07-22 07:23:07,7515,7,22,0,0
22,2026-07-22 07:23:07,7513.25,52,59,0,0
22,2026-07-22 07:23:07,7513,31,45,0,0
22,2026-07-22 07:23:07,7512.75,101,89,12,0
22,2026-07-22 07:23:07,7512.5,115,135,12,0
22,2026-07-22 07:23:07,7512.25,38,40,0,0
22,2026-07-22 07:23:07,7512,10,0,0,0
22,2026-07-22 07:23:07,7515.25,17,29,0,14
22,2026-07-22 07:23:07,7515.5,97,59,10,0
22,2026-07-22 07:23:07,7515.75,93,132,0,0
22,2026-07-22 07:23:07,7516,37,95,0,0
22,2026-07-22 07:23:07,7516.25,24,34,0,0
22,2026-07-22 07:23:07,7516.5,36,53,0,0
22,2026-07-22 07:23:07,7516.75,66,65,0,0
22,2026-07-22 07:23:07,7517,126,135,0,0
22,2026-07-22 07:23:07,7517.25,53,69,0,0
22,2026-07-22 07:23:07,7517.5,81,42,0,0
22,2026-07-22 07:23:07,7517.75,95,76,0,0
22,2026-07-22 07:23:07,7518,72,131,0,55
22,2026-07-22 07:23:07,7518.25,82,60,0,0
22,2026-07-22 07:23:07,7518.5,65,57,0,0
22,2026-07-22 07:23:07,7518.75,52,59,0,0
22,2026-07-22 07:23:07,7519,44,97,0,0
22,2026-07-22 07:23:07,7519.25,34,49,0,0
22,2026-07-22 07:23:07,7519.5,36,66,0,0
22,2026-07-22 07:23:07,7519.75,35,93,0,20
22,2026-07-22 07:23:07,7520,35,85,0,0
22,2026-07-22 07:23:07,7520.25,53,74,0,0
22,2026-07-22 07:23:07,7520.5,47,69,0,0
22,2026-07-22 07:23:07,7520.75,27,45,0,0
22,2026-07-22 07:23:07,7521,85,59,0,0
22,2026-07-22 07:23:07,7521.25,133,121,0,0
22,2026-07-22 07:23:07,7521.5,204,243,0,33
22,2026-07-22 07:23:07,7521.75,204,256,0,12
22,2026-07-22 07:23:07,7522,135,229,10,0
22,2026-07-22 07:23:07,7522.25,65,98,0,20
22,2026-07-22 07:23:07,7522.5,49,41,0,0
22,2026-07-22 07:23:07,7522.75,5,12,0,0
23,2026-07-22 07:38:32,7521.5,44,52,0,0
23,2026-07-22 07:38:32,7521.75,51,47,0,0
23,2026-07-22 07:38:32,7521.25,51,59,0,0
23,2026-07-22 07:38:32,7520.75,41,47,10,0
23,2026-07-22 07:38:32,7520.5,81,55,18,0
23,2026-07-22 07:38:32,7520.25,49,61,0,0
23,2026-07-22 07:38:32,7521,53,30,12,0
23,2026-07-22 07:38:32,7522,110,172,0,0
23,2026-07-22 07:38:32,7522.25,198,169,20,0
23,2026-07-22 07:38:32,7522.5,143,154,0,0
23,2026-07-22 07:38:32,7522.75,88,198,0,0
23,2026-07-22 07:38:32,7523,26,89,0,16
23,2026-07-22 07:38:32,7523.25,0,6,0,0
23,2026-07-22 07:38:32,7520,89,99,0,0
23,2026-07-22 07:38:32,7519.75,87,90,0,0
23,2026-07-22 07:38:32,7519.5,58,76,0,0
23,2026-07-22 07:38:32,7519.25,63,119,0,0
23,2026-07-22 07:38:32,7519,129,233,0,22
23,2026-07-22 07:38:32,7518.75,123,49,21,0
23,2026-07-22 07:38:32,7518.5,116,131,0,0
23,2026-07-22 07:38:32,7518.25,108,200,0,42
23,2026-07-22 07:38:32,7518,122,102,0,0
23,2026-07-22 07:38:32,7517.75,61,33,10,0
23,2026-07-22 07:38:32,7517.5,41,21,0,0
23,2026-07-22 07:38:32,7517.25,81,101,0,0
23,2026-07-22 07:38:32,7517,142,135,0,0
23,2026-07-22 07:38:32,7516.75,84,67,0,0
23,2026-07-22 07:38:32,7516.5,161,157,0,0
23,2026-07-22 07:38:32,7516.25,164,58,0,0
23,2026-07-22 07:38:32,7516,94,39,10,0
23,2026-07-22 07:38:32,7515.75,47,6,0,0
23,2026-07-22 07:38:32,7515.5,26,1,0,0
23,2026-07-22 07:38:32,7515.25,21,0,0,0
23,2026-07-22 07:38:32,7515,23,4,0,0
23,2026-07-22 07:38:32,7514.75,14,3,0,0
23,2026-07-22 07:38:32,7514.5,16,0,0,0
23,2026-07-22 07:38:32,7514.25,19,1,0,0
23,2026-07-22 07:38:32,7514,31,3,0,0
23,2026-07-22 07:38:32,7513.75,31,10,0,0
23,2026-07-22 07:38:32,7513.5,35,20,0,0
23,2026-07-22 07:38:32,7513.25,58,28,0,0
23,2026-07-22 07:38:32,7513,30,23,0,0
23,2026-07-22 07:38:32,7512.75,24,18,0,0
23,2026-07-22 07:38:32,7512.5,72,34,0,0
23,2026-07-22 07:38:32,7512.25,50,25,0,0
23,2026-07-22 07:38:32,7512,19,22,0,0
23,2026-07-22 07:38:32,7511.75,37,15,0,0
23,2026-07-22 07:38:32,7511.5,39,6,16,0
23,2026-07-22 07:38:32,7511.25,46,0,30,0
23,2026-07-22 07:38:32,7511,21,0,0,0
23,2026-07-22 07:38:32,7510.75,21,0,0,0
23,2026-07-22 07:38:32,7510.5,20,21,0,0
23,2026-07-22 07:38:32,7510.25,50,3,23,0
24,2026-07-22 07:56:52,7510.5,107,188,0,0
24,2026-07-22 07:56:52,7510.75,116,205,0,0
24,2026-07-22 07:56:52,7510.25,115,144,0,0
24,2026-07-22 07:56:52,7511,155,146,0,0
24,2026-07-22 07:56:52,7510,143,140,0,14
24,2026-07-22 07:56:52,7509.75,71,70,0,0
24,2026-07-22 07:56:52,7511.25,162,136,50,0
24,2026-07-22 07:56:52,7511.5,89,111,0,0
24,2026-07-22 07:56:52,7511.75,113,100,0,0
24,2026-07-22 07:56:52,7512,125,144,0,0
24,2026-07-22 07:56:52,7509.5,77,86,0,0
24,2026-07-22 07:56:52,7509.25,97,111,0,0
24,2026-07-22 07:56:52,7509,171,77,13,0
24,2026-07-22 07:56:52,7508.75,113,64,0,0
24,2026-07-22 07:56:52,7508.5,86,51,10,0
24,2026-07-22 07:56:52,7508.25,67,22,0,0
24,2026-07-22 07:56:52,7508,70,131,0,29
24,2026-07-22 07:56:52,7507.75,76,99,0,0
24,2026-07-22 07:56:52,7507.5,70,73,0,0
24,2026-07-22 07:56:52,7507.25,104,82,0,0
24,2026-07-22 07:56:52,7507,165,59,10,0
24,2026-07-22 07:56:52,7506.75,47,17,0,0
24,2026-07-22 07:56:52,7506.5,39,20,0,0
24,2026-07-22 07:56:52,7506.25,28,12,0,0
24,2026-07-22 07:56:52,7506,52,17,0,0
24,2026-07-22 07:56:52,7505.75,47,3,0,0
24,2026-07-22 07:56:52,7505.5,14,4,0,0
24,2026-07-22 07:56:52,7505.25,21,5,0,0
24,2026-07-22 07:56:52,7505,115,10,60,0
24,2026-07-22 07:56:52,7504.75,6,12,0,0
24,2026-07-22 07:56:52,7504.5,10,12,0,0
24,2026-07-22 07:56:52,7504.25,8,0,0,0
24,2026-07-22 07:56:52,7504,30,2,0,0
24,2026-07-22 07:56:52,7512.25,100,89,0,0
24,2026-07-22 07:56:52,7512.5,144,157,0,0
24,2026-07-22 07:56:52,7512.75,80,109,0,0
24,2026-07-22 07:56:52,7513,80,129,0,0
24,2026-07-22 07:56:52,7513.25,24,83,0,0
24,2026-07-22 07:56:52,7513.5,77,109,0,0
24,2026-07-22 07:56:52,7513.75,50,95,0,0
24,2026-07-22 07:56:52,7514,12,93,0,10
24,2026-07-22 07:56:52,7514.25,0,7,0,0
25,2026-07-22 07:58:08,7514,97,110,21,0
25,2026-07-22 07:58:08,7513.75,127,47,0,0
25,2026-07-22 07:58:08,7514.25,71,110,0,0
25,2026-07-22 07:58:08,7514.5,36,88,0,0
25,2026-07-22 07:58:08,7514.75,63,49,0,0
25,2026-07-22 07:58:08,7513.5,72,54,0,0
25,2026-07-22 07:58:08,7513.25,80,57,0,20
25,2026-07-22 07:58:08,7513,55,2,0,0
25,2026-07-22 07:58:08,7512.75,17,0,0,0
25,2026-07-22 07:58:08,7515,61,84,0,32
25,2026-07-22 07:58:08,7515.25,116,108,0,0
25,2026-07-22 07:58:08,7515.5,143,152,12,20
25,2026-07-22 07:58:08,7515.75,123,177,0,49
25,2026-07-22 07:58:08,7516,71,141,0,0
25,2026-07-22 07:58:08,7516.25,38,102,0,27
25,2026-07-22 07:58:08,7516.5,131,111,15,0
25,2026-07-22 07:58:08,7516.75,116,133,0,0
25,2026-07-22 07:58:08,7517,187,240,0,0
25,2026-07-22 07:58:08,7517.25,186,266,0,0
25,2026-07-22 07:58:08,7517.5,190,201,0,0
25,2026-07-22 07:58:08,7517.75,249,249,0,0
25,2026-07-22 07:58:08,7518,240,363,12,50
25,2026-07-22 07:58:08,7518.25,140,151,0,0
25,2026-07-22 07:58:08,7518.5,114,132,0,0
25,2026-07-22 07:58:08,7518.75,84,101,0,0
25,2026-07-22 07:58:08,7519,80,107,0,10
25,2026-07-22 07:58:08,7519.25,95,174,0,44
25,2026-07-22 07:58:08,7519.5,0,9,0,0
26,2026-07-22 08:07:27,7517.25,42,91,0,0
26,2026-07-22 08:07:27,7517,50,69,0,0
26,2026-07-22 08:07:27,7517.5,15,58,0,0
26,2026-07-22 08:07:27,7516.75,38,46,0,0
26,2026-07-22 08:07:27,7516.5,25,44,0,0
26,2026-07-22 08:07:27,7516.25,12,2,0,0
26,2026-07-22 08:07:27,7517.75,24,40,0,0
26,2026-07-22 08:07:27,7518,62,70,0,0
26,2026-07-22 08:07:27,7518.25,44,41,0,0
26,2026-07-22 08:07:27,7518.5,46,63,0,0
26,2026-07-22 08:07:27,7518.75,258,190,69,0
26,2026-07-22 08:07:27,7519,177,306,0,0
26,2026-07-22 08:07:27,7519.25,187,165,47,0
26,2026-07-22 08:07:27,7519.5,165,198,0,0
26,2026-07-22 08:07:27,7519.75,413,399,64,30
26,2026-07-22 08:07:27,7520,61,207,0,34
26,2026-07-22 08:07:27,7520.25,96,100,0,0
26,2026-07-22 08:07:27,7520.5,157,204,0,0
26,2026-07-22 08:07:27,7520.75,88,137,0,10
26,2026-07-22 08:07:27,7521,51,43,11,10
26,2026-07-22 08:07:27,7521.25,67,83,21,0
26,2026-07-22 08:07:27,7521.5,111,71,0,0
26,2026-07-22 08:07:27,7521.75,104,100,0,20
26,2026-07-22 08:07:27,7522,124,133,17,10
26,2026-07-22 08:07:27,7522.25,73,100,0,11
26,2026-07-22 08:07:27,7522.5,79,64,0,0
26,2026-07-22 08:07:27,7522.75,143,133,11,0
26,2026-07-22 08:07:27,7523,107,93,0,21
26,2026-07-22 08:07:27,7523.25,99,131,0,0
26,2026-07-22 08:07:27,7523.5,87,74,18,0
26,2026-07-22 08:07:27,7523.75,8,32,0,0
27,2026-07-22 08:18:59,7522,50,113,0,19
27,2026-07-22 08:18:59,7522.25,0,34,0,0
27,2026-07-22 08:18:59,7521.75,63,25,0,0
27,2026-07-22 08:18:59,7521.5,9,0,0,0
27,2026-07-22 08:18:59,7522.5,7,27,0,0
27,2026-07-22 08:18:59,7522.75,186,55,56,0
27,2026-07-22 08:18:59,7523,226,252,0,11
27,2026-07-22 08:18:59,7523.25,125,225,0,0
27,2026-07-22 08:18:59,7523.5,192,258,0,25
27,2026-07-22 08:18:59,7523.75,202,304,0,10
27,2026-07-22 08:18:59,7524,289,406,10,0
27,2026-07-22 08:18:59,7524.25,233,286,13,10
27,2026-07-22 08:18:59,7524.5,171,306,0,34
27,2026-07-22 08:18:59,7524.75,159,191,0,0
27,2026-07-22 08:18:59,7525,83,157,0,0
27,2026-07-22 08:18:59,7525.25,243,192,0,0
27,2026-07-22 08:18:59,7525.5,183,303,0,22
27,2026-07-22 08:18:59,7525.75,168,240,38,0
27,2026-07-22 08:18:59,7526,92,103,0,0
27,2026-07-22 08:18:59,7526.25,88,111,0,0
27,2026-07-22 08:18:59,7526.5,42,101,0,31
28,2026-07-22 08:28:40,7526,94,58,0,0
28,2026-07-22 08:28:40,7526.25,102,167,0,29
28,2026-07-22 08:28:40,7526.5,39,93,0,10
28,2026-07-22 08:28:40,7525.75,9,22,0,0
28,2026-07-22 08:28:40,7526.75,6,24,0,0
28,2026-07-22 08:28:40,7527,51,48,0,0
28,2026-07-22 08:28:40,7527.25,26,40,0,11
28,2026-07-22 08:28:40,7527.5,61,70,0,0
28,2026-07-22 08:28:40,7527.75,153,112,21,0
28,2026-07-22 08:28:40,7528,191,255,0,10
28,2026-07-22 08:28:40,7528.25,125,222,0,10
28,2026-07-22 08:28:40,7528.5,76,181,0,0
28,2026-07-22 08:28:40,7528.75,90,109,0,0
28,2026-07-22 08:28:40,7529,84,159,0,18
28,2026-07-22 08:28:40,7529.25,97,142,0,0
28,2026-07-22 08:28:40,7529.5,40,85,0,20
28,2026-07-22 08:28:40,7529.75,40,70,0,0
28,2026-07-22 08:28:40,7530,96,152,0,0
28,2026-07-22 08:28:40,7530.25,110,115,0,0
28,2026-07-22 08:28:40,7530.5,149,150,0,0
28,2026-07-22 08:28:40,7530.75,153,98,0,0
28,2026-07-22 08:28:40,7531,108,109,0,0
28,2026-07-22 08:28:40,7531.25,57,90,0,0
28,2026-07-22 08:28:40,7531.5,123,142,11,0
28,2026-07-22 08:28:40,7531.75,64,131,0,0
28,2026-07-22 08:28:40,7532,125,186,0,60
28,2026-07-22 08:28:40,7532.25,127,214,0,14
28,2026-07-22 08:28:40,7532.5,149,129,12,0
28,2026-07-22 08:28:40,7532.75,107,116,0,0
28,2026-07-22 08:28:40,7533,91,164,0,0
28,2026-07-22 08:28:40,7533.25,32,52,0,0
28,2026-07-22 08:28:40,7533.5,0,20,0,0
29,2026-07-22 08:30:08,7529.25,152,145,0,0
29,2026-07-22 08:30:08,7529,157,117,0,0
29,2026-07-22 08:30:08,7528.75,127,130,0,0
29,2026-07-22 08:30:08,7529.5,27,94,0,0
29,2026-07-22 08:30:08,7529.75,54,67,0,10
29,2026-07-22 08:30:08,7528.5,42,58,0,0
29,2026-07-22 08:30:08,7528.25,149,111,0,0
29,2026-07-22 08:30:08,7528,139,116,0,10
29,2026-07-22 08:30:08,7527.75,141,127,0,0
29,2026-07-22 08:30:08,7527.5,111,133,0,0
29,2026-07-22 08:30:08,7527.25,126,135,0,0
29,2026-07-22 08:30:08,7527,106,127,0,12
29,2026-07-22 08:30:08,7526.75,196,249,0,16
29,2026-07-22 08:30:08,7526.5,225,166,0,0
29,2026-07-22 08:30:08,7526.25,141,168,0,0
29,2026-07-22 08:30:08,7526,262,193,23,0
29,2026-07-22 08:30:08,7525.75,151,68,10,0
29,2026-07-22 08:30:08,7525.5,52,27,0,0
29,2026-07-22 08:30:08,7525.25,42,0,14,0
29,2026-07-22 08:30:08,7530,142,151,0,0
29,2026-07-22 08:30:08,7530.25,99,100,0,0
29,2026-07-22 08:30:08,7530.5,165,193,0,23
29,2026-07-22 08:30:08,7530.75,114,115,11,0
29,2026-07-22 08:30:08,7531,78,106,0,0
29,2026-07-22 08:30:08,7531.25,31,58,0,0
29,2026-07-22 08:30:08,7531.5,0,15,0,0
29,2026-07-22 08:30:08,7531.75,42,34,0,0
29,2026-07-22 08:30:08,7532,25,74,0,10
29,2026-07-22 08:30:08,7532.25,78,101,0,0
29,2026-07-22 08:30:08,7532.5,57,85,0,0
29,2026-07-22 08:30:08,7532.75,0,5,0,0
30,2026-07-22 08:31:07,7532,108,182,0,43
30,2026-07-22 08:31:07,7532.25,176,103,0,0
30,2026-07-22 08:31:07,7531.75,67,77,0,0
30,2026-07-22 08:31:07,7531.5,90,154,0,0
30,2026-07-22 08:31:07,7531.25,233,205,0,0
30,2026-07-22 08:31:07,7531,196,155,0,0
30,2026-07-22 08:31:07,7530.75,73,73,0,16
30,2026-07-22 08:31:07,7530.5,201,169,0,11
30,2026-07-22 08:31:07,7530.25,90,27,0,0
30,2026-07-22 08:31:07,7530,17,8,0,0
30,2026-07-22 08:31:07,7532.5,259,320,0,0
30,2026-07-22 08:31:07,7532.75,132,120,0,0
30,2026-07-22 08:31:07,7533,98,113,0,0
30,2026-07-22 08:31:07,7533.25,41,60,0,0
30,2026-07-22 08:31:07,7533.5,37,47,0,0
30,2026-07-22 08:31:07,7533.75,37,29,12,0
30,2026-07-22 08:31:07,7534,75,35,21,0
30,2026-07-22 08:31:07,7534.25,80,72,0,0
30,2026-07-22 08:31:07,7534.5,103,114,0,0
30,2026-07-22 08:31:07,7534.75,121,243,0,121
30,2026-07-22 08:31:07,7535,138,161,12,50
30,2026-07-22 08:31:07,7535.25,139,148,0,0
30,2026-07-22 08:31:07,7535.5,176,208,0,52
30,2026-07-22 08:31:07,7535.75,220,178,0,0
30,2026-07-22 08:31:07,7536,141,155,10,16
30,2026-07-22 08:31:07,7536.25,51,100,0,0
30,2026-07-22 08:31:07,7536.5,70,74,0,0
30,2026-07-22 08:31:07,7536.75,0,2,0,0
31,2026-07-22 08:32:06,7533.75,206,280,0,41
31,2026-07-22 08:32:06,7533.5,293,141,14,0
31,2026-07-22 08:32:06,7533.25,42,3,0,0
31,2026-07-22 08:32:06,7534,165,115,0,0
31,2026-07-22 08:32:06,7534.25,213,188,0,39
31,2026-07-22 08:32:06,7534.5,127,128,0,0
31,2026-07-22 08:32:06,7534.75,67,94,0,0
31,2026-07-22 08:32:06,7535,64,169,0,69
31,2026-07-22 08:32:06,7535.25,121,68,0,0
31,2026-07-22 08:32:06,7535.5,218,131,0,11
31,2026-07-22 08:32:06,7535.75,421,446,0,0
31,2026-07-22 08:32:06,7536,366,341,0,15
31,2026-07-22 08:32:06,7536.25,319,280,30,0
31,2026-07-22 08:32:06,7536.5,242,303,0,30
31,2026-07-22 08:32:06,7536.75,269,163,25,0
31,2026-07-22 08:32:06,7537,157,264,0,20
31,2026-07-22 08:32:06,7537.25,25,64,0,0
31,2026-07-22 08:32:06,7537.5,0,7,0,0
32,2026-07-22 08:33:55,7533.25,517,489,0,47
32,2026-07-22 08:33:55,7533.5,383,394,0,0
32,2026-07-22 08:33:55,7533.75,209,231,0,0
32,2026-07-22 08:33:55,7533,338,329,0,0
32,2026-07-22 08:33:55,7534,211,220,0,37
32,2026-07-22 08:33:55,7534.25,251,252,0,27
32,2026-07-22 08:33:55,7534.5,249,224,0,0
32,2026-07-22 08:33:55,7534.75,173,341,0,31
32,2026-07-22 08:33:55,7532.75,263,184,38,37
32,2026-07-22 08:33:55,7532.5,100,138,0,0
32,2026-07-22 08:33:55,7532.25,237,191,10,0
32,2026-07-22 08:33:55,7532,187,100,0,22
32,2026-07-22 08:33:55,7531.75,43,14,0,0
32,2026-07-22 08:33:55,7535,59,168,0,74
32,2026-07-22 08:33:55,7535.25,0,5,0,0
33,2026-07-22 08:35:28,7533.5,274,229,0,0
33,2026-07-22 08:35:28,7533.75,395,393,0,10
33,2026-07-22 08:35:28,7534,420,482,0,0
33,2026-07-22 08:35:28,7534.25,361,485,0,0
33,2026-07-22 08:35:28,7534.5,346,358,0,0
33,2026-07-22 08:35:28,7534.75,320,401,0,0
33,2026-07-22 08:35:28,7535,224,252,0,20
33,2026-07-22 08:35:28,7535.25,244,233,16,0
33,2026-07-22 08:35:28,7535.5,86,117,0,0
33,2026-07-22 08:35:28,7533.25,130,105,0,0
33,2026-07-22 08:35:28,7533,78,53,0,0
33,2026-07-22 08:35:28,7532.75,24,15,0,0
33,2026-07-22 08:35:28,7532.5,36,42,0,0
33,2026-07-22 08:35:28,7532.25,23,0,0,0
33,2026-07-22 08:35:28,7535.75,56,62,0,0
33,2026-07-22 08:35:28,7536,43,71,0,0
33,2026-07-22 08:35:28,7536.25,36,76,0,0
33,2026-07-22 08:35:28,7536.5,0,20,0,0
34,2026-07-22 08:37:47,7535,195,166,0,19
34,2026-07-22 08:37:47,7534.75,83,110,0,0
34,2026-07-22 08:37:47,7535.25,214,177,0,0
34,2026-07-22 08:37:47,7535.5,178,257,0,0
34,2026-07-22 08:37:47,7535.75,130,123,0,0
34,2026-07-22 08:37:47,7536,63,104,0,10
34,2026-07-22 08:37:47,7536.25,0,3,0,0
34,2026-07-22 08:37:47,7534.5,104,132,0,0
34,2026-07-22 08:37:47,7534.25,390,469,0,11
34,2026-07-22 08:37:47,7534,427,474,0,0
34,2026-07-22 08:37:47,7533.75,352,331,0,0
34,2026-07-22 08:37:47,7533.5,331,180,10,0
34,2026-07-22 08:37:47,7533.25,286,256,0,0
34,2026-07-22 08:37:47,7533,329,214,45,10
34,2026-07-22 08:37:47,7532.75,117,59,0,0
34,2026-07-22 08:37:47,7532.5,41,12,0,0
34,2026-07-22 08:37:47,7532.25,104,79,0,10
34,2026-07-22 08:37:47,7532,20,0,0,0
35,2026-07-22 08:39:48,7534.5,245,324,0,0
35,2026-07-22 08:39:48,7534.75,137,111,0,0
35,2026-07-22 08:39:48,7535,165,160,14,0
35,2026-07-22 08:39:48,7535.25,120,150,0,0
35,2026-07-22 08:39:48,7535.5,160,161,0,0
35,2026-07-22 08:39:48,7535.75,140,139,0,0
35,2026-07-22 08:39:48,7536,95,101,0,0
35,2026-07-22 08:39:48,7536.25,15,48,0,0
35,2026-07-22 08:39:48,7536.5,7,16,0,0
35,2026-07-22 08:39:48,7534.25,304,308,0,0
35,2026-07-22 08:39:48,7534,395,420,0,93
35,2026-07-22 08:39:48,7533.75,364,358,13,0
35,2026-07-22 08:39:48,7533.5,330,336,0,0
35,2026-07-22 08:39:48,7533.25,359,409,0,27
35,2026-07-22 08:39:48,7533,264,178,10,0
35,2026-07-22 08:39:48,7532.75,112,58,0,0
35,2026-07-22 08:39:48,7532.5,11,0,0,0
36,2026-07-22 08:42:12,7534.5,178,110,0,0
36,2026-07-22 08:42:12,7534.25,123,108,0,0
36,2026-07-22 08:42:12,7534,243,232,0,0
36,2026-07-22 08:42:12,7533.75,110,50,12,0
36,2026-07-22 08:42:12,7534.75,171,231,0,0
36,2026-07-22 08:42:12,7535,76,99,0,0
36,2026-07-22 08:42:12,7535.25,121,160,0,22
36,2026-07-22 08:42:12,7535.5,167,128,0,0
36,2026-07-22 08:42:12,7535.75,286,322,0,10
36,2026-07-22 08:42:12,7536,109,168,0,0
36,2026-07-22 08:42:12,7536.25,26,120,0,10
36,2026-07-22 08:42:12,7533.5,52,52,0,0
36,2026-07-22 08:42:12,7533.25,39,16,0,0
36,2026-07-22 08:42:12,7533,44,36,0,0
36,2026-07-22 08:42:12,7532.75,36,37,0,0
36,2026-07-22 08:42:12,7536.5,154,190,0,0
36,2026-07-22 08:42:12,7536.75,86,94,0,0
36,2026-07-22 08:42:12,7537,79,103,0,0
36,2026-07-22 08:42:12,7537.25,184,215,0,0
36,2026-07-22 08:42:12,7537.5,151,208,0,0
36,2026-07-22 08:42:12,7537.75,124,272,11,0
36,2026-07-22 08:42:12,7538,132,222,0,0
36,2026-07-22 08:42:12,7538.25,121,227,0,0
36,2026-07-22 08:42:12,7538.5,38,119,0,0
36,2026-07-22 08:42:12,7538.75,0,44,0,0
36,2026-07-22 08:42:12,7539,0,67,0,15
36,2026-07-22 08:42:12,7539.25,0,20,0,0
37,2026-07-22 08:44:48,7538,89,71,0,0
37,2026-07-22 08:44:48,7538.25,92,118,0,11
37,2026-07-22 08:44:48,7537.75,43,35,0,0
37,2026-07-22 08:44:48,7537.5,106,108,0,0
37,2026-07-22 08:44:48,7537.25,105,36,0,0
37,2026-07-22 08:44:48,7537,19,26,0,0
37,2026-07-22 08:44:48,7536.75,20,0,0,0
37,2026-07-22 08:44:48,7538.5,81,142,0,11
37,2026-07-22 08:44:48,7538.75,83,139,0,0
37,2026-07-22 08:44:48,7539,72,182,0,45
37,2026-07-22 08:44:48,7539.25,0,43,0,0
37,2026-07-22 08:44:48,7539.5,10,29,0,0
37,2026-07-22 08:44:48,7539.75,19,50,0,0
37,2026-07-22 08:44:48,7540,116,115,12,21
37,2026-07-22 08:44:48,7540.25,285,487,10,56
37,2026-07-22 08:44:48,7540.5,312,376,14,36
37,2026-07-22 08:44:48,7540.75,443,454,16,15
37,2026-07-22 08:44:48,7541,381,484,0,50
37,2026-07-22 08:44:48,7541.25,258,233,25,0
37,2026-07-22 08:44:48,7541.5,155,162,26,0
37,2026-07-22 08:44:48,7541.75,113,147,11,0
37,2026-07-22 08:44:48,7542,74,187,0,72
38,2026-07-22 08:46:06,7541.75,61,68,0,0
38,2026-07-22 08:46:06,7541.5,182,77,78,0
38,2026-07-22 08:46:06,7542,29,58,0,10
38,2026-07-22 08:46:06,7542.25,0,8,0,0
38,2026-07-22 08:46:06,7541.25,114,109,0,10
38,2026-07-22 08:46:06,7541,322,384,0,10
38,2026-07-22 08:46:06,7540.75,405,429,12,0
38,2026-07-22 08:46:06,7540.5,606,491,10,0
38,2026-07-22 08:46:06,7540.25,319,503,0,153
38,2026-07-22 08:46:06,7540,394,437,10,0
38,2026-07-22 08:46:06,7539.75,254,214,0,0
38,2026-07-22 08:46:06,7539.5,225,140,0,0
38,2026-07-22 08:46:06,7539.25,123,58,0,0
38,2026-07-22 08:46:06,7539,42,54,0,0
38,2026-07-22 08:46:06,7538.75,114,114,0,0
38,2026-07-22 08:46:06,7538.5,84,52,0,0
38,2026-07-22 08:46:06,7538.25,24,6,0,0
39,2026-07-22 08:48:27,7539.5,472,398,0,0
39,2026-07-22 08:48:27,7539.25,579,451,0,15
39,2026-07-22 08:48:27,7539,391,263,0,0
39,2026-07-22 08:48:27,7538.75,200,119,0,0
39,2026-07-22 08:48:27,7538.5,147,76,0,0
39,2026-07-22 08:48:27,7538.25,100,59,0,0
39,2026-07-22 08:48:27,7538,80,8,0,0
39,2026-07-22 08:48:27,7539.75,212,229,0,0
39,2026-07-22 08:48:27,7540,37,128,0,0
39,2026-07-22 08:48:27,7540.25,58,49,0,0
39,2026-07-22 08:48:27,7540.5,87,93,0,0
39,2026-07-22 08:48:27,7540.75,119,86,0,0
39,2026-07-22 08:48:27,7541,82,147,0,0
39,2026-07-22 08:48:27,7541.25,7,32,0,0
39,2026-07-22 08:48:27,7537.75,115,64,0,0
39,2026-07-22 08:48:27,7537.5,49,16,0,0
39,2026-07-22 08:48:27,7537.25,60,30,20,0
39,2026-07-22 08:48:27,7537,108,112,0,0
39,2026-07-22 08:48:27,7536.75,121,144,0,15
39,2026-07-22 08:48:27,7536.5,188,186,0,30
39,2026-07-22 08:48:27,7536.25,185,151,0,65
39,2026-07-22 08:48:27,7536,48,57,0,15
39,2026-07-22 08:48:27,7535.75,93,36,0,0
39,2026-07-22 08:48:27,7535.5,27,0,0,0
40,2026-07-22 08:51:03,7536.5,41,50,0,11
40,2026-07-22 08:51:03,7536.25,8,5,0,0
40,2026-07-22 08:51:03,7536.75,71,82,0,0
40,2026-07-22 08:51:03,7537,299,203,0,0
40,2026-07-22 08:51:03,7537.25,246,295,0,0
40,2026-07-22 08:51:03,7537.5,210,188,0,11
40,2026-07-22 08:51:03,7537.75,80,148,0,14
40,2026-07-22 08:51:03,7538,109,136,0,10
40,2026-07-22 08:51:03,7538.25,57,111,0,0
40,2026-07-22 08:51:03,7538.5,40,124,0,0
40,2026-07-22 08:51:03,7538.75,48,117,0,0
40,2026-07-22 08:51:03,7539,77,94,0,0
40,2026-07-22 08:51:03,7539.25,139,185,0,38
40,2026-07-22 08:51:03,7539.5,122,238,0,42
40,2026-07-22 08:51:03,7539.75,193,190,0,0
40,2026-07-22 08:51:03,7540,210,262,0,14
40,2026-07-22 08:51:03,7540.25,218,327,19,10
40,2026-07-22 08:51:03,7540.5,50,149,0,10
40,2026-07-22 08:51:03,7540.75,98,169,0,14
40,2026-07-22 08:51:03,7541,147,134,10,0
40,2026-07-22 08:51:03,7541.25,215,228,0,43
40,2026-07-22 08:51:03,7541.5,96,164,0,0
40,2026-07-22 08:51:03,7541.75,15,46,0,0
40,2026-07-22 08:51:03,7542,2,41,0,0
40,2026-07-22 08:51:03,7542.25,0,24,0,0
41,2026-07-22 08:52:28,7540.25,248,214,11,0
41,2026-07-22 08:52:28,7540,122,127,0,0
41,2026-07-22 08:52:28,7539.75,172,139,0,0
41,2026-07-22 08:52:28,7539.5,58,68,0,0
41,2026-07-22 08:52:28,7539.25,68,91,0,0
41,2026-07-22 08:52:28,7539,24,2,0,0
41,2026-07-22 08:52:28,7540.5,214,243,0,10
41,2026-07-22 08:52:28,7540.75,121,158,0,15
41,2026-07-22 08:52:28,7541,395,406,0,24
41,2026-07-22 08:52:28,7541.25,262,416,0,0
41,2026-07-22 08:52:28,7541.5,132,211,0,0
41,2026-07-22 08:52:28,7541.75,96,95,0,0
41,2026-07-22 08:52:28,7542,198,217,0,0
41,2026-07-22 08:52:28,7542.25,248,328,0,0
41,2026-07-22 08:52:28,7542.5,215,348,0,13
41,2026-07-22 08:52:28,7542.75,148,211,16,0
41,2026-07-22 08:52:28,7543,82,119,0,0
41,2026-07-22 08:52:28,7543.25,66,139,0,14
41,2026-07-22 08:52:28,7543.5,36,63,0,0
42,2026-07-22 08:55:06,7542.25,103,61,0,0
42,2026-07-22 08:55:06,7542.5,262,209,0,0
42,2026-07-22 08:55:06,7542.75,393,298,10,0
42,2026-07-22 08:55:06,7543,431,469,0,35
42,2026-07-22 08:55:06,7543.25,292,312,0,10
42,2026-07-22 08:55:06,7543.5,313,309,0,0
42,2026-07-22 08:55:06,7543.75,128,244,0,0
42,2026-07-22 08:55:06,7544,21,164,0,91
42,2026-07-22 08:55:06,7542,10,0,0,0
42,2026-07-22 08:55:06,7544.25,112,112,0,22
42,2026-07-22 08:55:06,7544.5,53,116,0,21
42,2026-07-22 08:55:06,7544.75,110,156,0,0
42,2026-07-22 08:55:06,7545,113,262,0,48
42,2026-07-22 08:55:06,7545.25,20,71,0,0
42,2026-07-22 08:55:06,7545.5,112,154,0,0
42,2026-07-22 08:55:06,7545.75,159,205,0,12
42,2026-07-22 08:55:06,7546,137,187,0,15
42,2026-07-22 08:55:06,7546.25,128,143,12,30
42,2026-07-22 08:55:06,7546.5,43,88,0,0
43,2026-07-22 08:57:02,7546.25,442,339,108,10
43,2026-07-22 08:57:02,7546.5,215,331,12,19
43,2026-07-22 08:57:02,7546.75,105,148,0,12
43,2026-07-22 08:57:02,7546,226,112,26,0
43,2026-07-22 08:57:02,7545.75,257,169,35,0
43,2026-07-22 08:57:02,7545.5,102,54,0,0
43,2026-07-22 08:57:02,7545.25,91,100,0,0
43,2026-07-22 08:57:02,7545,10,0,0,0
43,2026-07-22 08:57:02,7547,66,219,0,77
43,2026-07-22 08:57:02,7547.25,3,29,0,0
43,2026-07-22 08:57:02,7547.5,240,126,0,0
43,2026-07-22 08:57:02,7547.75,214,197,11,0
43,2026-07-22 08:57:02,7548,228,224,10,0
43,2026-07-22 08:57:02,7548.25,683,388,65,10
43,2026-07-22 08:57:02,7548.5,316,459,0,15
43,2026-07-22 08:57:02,7548.75,54,142,0,0
43,2026-07-22 08:57:02,7549,40,169,0,45
44,2026-07-22 08:58:20,7547.5,400,468,0,36
44,2026-07-22 08:58:20,7547.25,528,517,24,0
44,2026-07-22 08:58:20,7547,473,267,0,0
44,2026-07-22 08:58:20,7546.75,248,240,0,50
44,2026-07-22 08:58:20,7547.75,257,279,0,10
44,2026-07-22 08:58:20,7546.5,122,51,0,0
44,2026-07-22 08:58:20,7546.25,4,0,0,0
44,2026-07-22 08:58:20,7548,221,192,0,0
44,2026-07-22 08:58:20,7548.25,278,243,0,0
44,2026-07-22 08:58:20,7548.5,130,185,0,0
44,2026-07-22 08:58:20,7548.75,182,184,39,41
44,2026-07-22 08:58:20,7549,118,195,0,16
44,2026-07-22 08:58:20,7549.25,64,122,0,0
44,2026-07-22 08:58:20,7549.5,74,94,0,0
44,2026-07-22 08:58:20,7549.75,104,128,0,0
44,2026-07-22 08:58:20,7550,0,132,0,35
45,2026-07-22 09:00:15,7548,89,119,0,0
45,2026-07-22 09:00:15,7547.75,22,2,0,0
45,2026-07-22 09:00:15,7548.25,34,45,0,0
45,2026-07-22 09:00:15,7548.5,120,132,10,0
45,2026-07-22 09:00:15,7548.75,162,96,14,0
45,2026-07-22 09:00:15,7549,413,300,37,25
45,2026-07-22 09:00:15,7549.25,360,300,0,0
45,2026-07-22 09:00:15,7549.5,203,277,10,0
45,2026-07-22 09:00:15,7549.75,279,174,0,0
45,2026-07-22 09:00:15,7550,464,584,0,70
45,2026-07-22 09:00:15,7550.25,488,396,70,0
45,2026-07-22 09:00:15,7550.5,411,371,43,34
45,2026-07-22 09:00:15,7550.75,99,122,10,0
45,2026-07-22 09:00:15,7551,69,107,0,0
45,2026-07-22 09:00:15,7551.25,53,81,0,0
45,2026-07-22 09:00:15,7551.5,43,75,0,0
45,2026-07-22 09:00:15,7551.75,0,10,0,0
46,2026-07-22 09:01:56,7550,306,517,0,71
46,2026-07-22 09:01:56,7550.25,173,184,0,0
46,2026-07-22 09:01:56,7550.5,166,122,25,0
46,2026-07-22 09:01:56,7550.75,43,34,0,0
46,2026-07-22 09:01:56,7549.75,459,476,0,0
46,2026-07-22 09:01:56,7549.5,578,466,11,0
46,2026-07-22 09:01:56,7549.25,505,303,0,0
46,2026-07-22 09:01:56,7549,399,280,0,31
46,2026-07-22 09:01:56,7548.75,330,252,0,0
46,2026-07-22 09:01:56,7548.5,230,93,0,0
46,2026-07-22 09:01:56,7548.25,26,0,0,0
46,2026-07-22 09:01:56,7551,57,71,0,0
46,2026-07-22 09:01:56,7551.25,53,75,0,0
46,2026-07-22 09:01:56,7551.5,65,72,0,0
46,2026-07-22 09:01:56,7551.75,49,83,0,0
46,2026-07-22 09:01:56,7552,0,35,0,0
47,2026-07-22 09:03:53,7548.5,27,0,0,0
47,2026-07-22 09:03:53,7548.75,14,28,0,0
47,2026-07-22 09:03:53,7549,19,40,0,0
47,2026-07-22 09:03:53,7549.25,71,74,0,0
47,2026-07-22 09:03:53,7549.5,14,13,0,0
47,2026-07-22 09:03:53,7549.75,44,13,0,0
47,2026-07-22 09:03:53,7550,89,44,0,0
47,2026-07-22 09:03:53,7550.25,180,162,0,0
47,2026-07-22 09:03:53,7550.5,121,114,0,0
47,2026-07-22 09:03:53,7550.75,68,103,0,0
47,2026-07-22 09:03:53,7551,180,176,0,20
47,2026-07-22 09:03:53,7551.25,170,183,0,20
47,2026-07-22 09:03:53,7551.5,42,98,0,0
47,2026-07-22 09:03:53,7551.75,239,222,0,0
47,2026-07-22 09:03:53,7552,221,265,0,0
47,2026-07-22 09:03:53,7552.25,197,174,0,20
47,2026-07-22 09:03:53,7552.5,161,283,0,0
47,2026-07-22 09:03:53,7552.75,57,124,0,10
47,2026-07-22 09:03:53,7553,1,85,0,0
47,2026-07-22 09:03:53,7553.25,25,39,0,0
47,2026-07-22 09:03:53,7553.5,125,140,0,0
47,2026-07-22 09:03:53,7553.75,92,131,0,0
47,2026-07-22 09:03:53,7554,114,176,0,21
47,2026-07-22 09:03:53,7554.25,120,129,0,0
47,2026-07-22 09:03:53,7554.5,110,128,0,0
47,2026-07-22 09:03:53,7554.75,229,251,0,0
47,2026-07-22 09:03:53,7555,126,297,0,59
47,2026-07-22 09:03:53,7555.25,32,59,0,0
47,2026-07-22 09:03:53,7555.5,14,44,0,0
48,2026-07-22 09:05:43,7554.25,152,235,0,39
48,2026-07-22 09:05:43,7554.5,192,103,0,0
48,2026-07-22 09:05:43,7554,236,200,10,0
48,2026-07-22 09:05:43,7553.75,240,150,0,0
48,2026-07-22 09:05:43,7554.75,271,220,0,0
48,2026-07-22 09:05:43,7555,278,196,0,0
48,2026-07-22 09:05:43,7555.25,180,228,0,11
48,2026-07-22 09:05:43,7555.5,212,135,0,0
48,2026-07-22 09:05:43,7555.75,86,108,0,20
48,2026-07-22 09:05:43,7556,208,279,31,0
48,2026-07-22 09:05:43,7556.25,0,25,0,0
48,2026-07-22 09:05:43,7553.5,104,90,0,0
48,2026-07-22 09:05:43,7553.25,55,5,0,0
48,2026-07-22 09:05:43,7553,43,5,0,0
48,2026-07-22 09:05:43,7552.75,82,69,0,0
48,2026-07-22 09:05:43,7552.5,118,284,0,193
48,2026-07-22 09:05:43,7552.25,194,163,0,0
48,2026-07-22 09:05:43,7552,151,35,0,0
48,2026-07-22 09:05:43,7551.75,82,31,0,0
48,2026-07-22 09:05:43,7551.5,80,25,0,0
48,2026-07-22 09:05:43,7551.25,118,37,0,0
48,2026-07-22 09:05:43,7551,219,180,0,0
48,2026-07-22 09:05:43,7550.75,189,176,0,43
48,2026-07-22 09:05:43,7550.5,34,0,0,0
49,2026-07-22 09:07:41,7551,65,63,0,0
49,2026-07-22 09:07:41,7551.25,0,8,0,0
49,2026-07-22 09:07:41,7550.75,108,77,0,0
49,2026-07-22 09:07:41,7550.5,243,202,0,26
49,2026-07-22 09:07:41,7550.25,126,18,0,0
49,2026-07-22 09:07:41,7550,58,3,0,0
49,2026-07-22 09:07:41,7549.75,28,47,0,0
49,2026-07-22 09:07:41,7549.5,246,215,0,0
49,2026-07-22 09:07:41,7549.25,221,343,12,24
49,2026-07-22 09:07:41,7549,417,351,72,36
49,2026-07-22 09:07:41,7548.75,397,469,15,0
49,2026-07-22 09:07:41,7548.5,538,387,10,74
49,2026-07-22 09:07:41,7548.25,458,304,13,10
49,2026-07-22 09:07:41,7548,213,83,14,0
49,2026-07-22 09:07:41,7547.75,107,76,0,0
49,2026-07-22 09:07:41,7547.5,93,54,14,0
49,2026-07-22 09:07:41,7547.25,162,75,0,0
49,2026-07-22 09:07:41,7547,80,5,0,0
49,2026-07-22 09:07:41,7546.75,56,60,0,0
49,2026-07-22 09:07:41,7546.5,39,5,0,0
50,2026-07-22 09:10:19,7546.75,193,125,0,0
50,2026-07-22 09:10:19,7547,217,160,0,10
50,2026-07-22 09:10:19,7546.5,77,0,0,0
50,2026-07-22 09:10:19,7547.25,167,186,0,0
50,2026-07-22 09:10:19,7547.5,45,95,0,0
50,2026-07-22 09:10:19,7547.75,140,85,0,0
50,2026-07-22 09:10:19,7548,310,267,0,0
50,2026-07-22 09:10:19,7548.25,362,294,0,18
50,2026-07-22 09:10:19,7548.5,378,407,0,0
50,2026-07-22 09:10:19,7548.75,257,321,0,0
50,2026-07-22 09:10:19,7549,198,175,0,0
50,2026-07-22 09:10:19,7549.25,243,282,0,0
50,2026-07-22 09:10:19,7549.5,219,266,11,25
50,2026-07-22 09:10:19,7549.75,277,210,13,0
50,2026-07-22 09:10:19,7550,143,360,0,0
50,2026-07-22 09:10:19,7550.25,3,38,0,0
51,2026-07-22 09:13:23,7546.75,43,51,0,0
51,2026-07-22 09:13:23,7547,32,25,0,0
51,2026-07-22 09:13:23,7547.25,23,63,0,0
51,2026-07-22 09:13:23,7546.5,29,9,0,0
51,2026-07-22 09:13:23,7546.25,74,38,0,13
51,2026-07-22 09:13:23,7546,92,37,0,0
51,2026-07-22 09:13:23,7545.75,130,162,15,63
51,2026-07-22 09:13:23,7545.5,328,289,0,42
51,2026-07-22 09:13:23,7545.25,288,270,14,0
51,2026-07-22 09:13:23,7545,325,330,20,0
51,2026-07-22 09:13:23,7544.75,297,350,0,0
51,2026-07-22 09:13:23,7544.5,586,427,49,0
51,2026-07-22 09:13:23,7544.25,242,167,12,0
51,2026-07-22 09:13:23,7544,208,136,0,0
51,2026-07-22 09:13:23,7543.75,115,107,0,0
51,2026-07-22 09:13:23,7543.5,303,248,0,0
51,2026-07-22 09:13:23,7543.25,166,67,22,0
51,2026-07-22 09:13:23,7543,61,8,0,0
51,2026-07-22 09:13:23,7542.75,47,73,0,0
51,2026-07-22 09:13:23,7542.5,144,87,10,0
51,2026-07-22 09:13:23,7542.25,23,0,0,0
52,2026-07-22 09:15:22,7542.5,308,366,25,0
52,2026-07-22 09:15:22,7542.75,174,237,0,0
52,2026-07-22 09:15:22,7543,97,173,0,24
52,2026-07-22 09:15:22,7542.25,390,550,0,0
52,2026-07-22 09:15:22,7542,653,648,19,0
52,2026-07-22 09:15:22,7541.75,490,437,15,0
52,2026-07-22 09:15:22,7541.5,288,224,0,0
52,2026-07-22 09:15:22,7541.25,211,177,0,0
52,2026-07-22 09:15:22,7541,165,91,30,0
52,2026-07-22 09:15:22,7543.25,50,40,0,0
52,2026-07-22 09:15:22,7543.5,105,113,0,0
52,2026-07-22 09:15:22,7543.75,7,42,0,0
52,2026-07-22 09:15:22,7540.75,112,87,0,0
52,2026-07-22 09:15:22,7540.5,112,89,0,0
52,2026-07-22 09:15:22,7540.25,36,28,0,0
53,2026-07-22 09:17:42,7542.5,119,156,10,0
53,2026-07-22 09:17:42,7542.25,231,359,0,0
53,2026-07-22 09:17:42,7542,435,544,0,44
53,2026-07-22 09:17:42,7541.75,544,544,0,0
53,2026-07-22 09:17:42,7541.5,316,342,0,0
53,2026-07-22 09:17:42,7541.25,146,194,0,0
53,2026-07-22 09:17:42,7542.75,144,193,0,0
53,2026-07-22 09:17:42,7543,175,200,41,0
53,2026-07-22 09:17:42,7543.25,135,148,0,0
53,2026-07-22 09:17:42,7543.5,54,122,0,0
53,2026-07-22 09:17:42,7541,228,239,0,0
53,2026-07-22 09:17:42,7540.75,184,86,10,0
53,2026-07-22 09:17:42,7540.5,232,106,90,0
53,2026-07-22 09:17:42,7540.25,64,71,0,0
53,2026-07-22 09:17:42,7540,155,26,26,0
53,2026-07-22 09:17:42,7543.75,0,8,0,0
54,2026-07-22 09:20:01,7543.5,106,144,0,15
54,2026-07-22 09:20:01,7543.75,128,156,0,0
54,2026-07-22 09:20:01,7543.25,155,153,0,0
54,2026-07-22 09:20:01,7543,118,96,0,0
54,2026-07-22 09:20:01,7542.75,162,154,0,0
54,2026-07-22 09:20:01,7542.5,68,57,0,0
54,2026-07-22 09:20:01,7542.25,2,0,0,0
54,2026-07-22 09:20:01,7544,110,139,0,0
54,2026-07-22 09:20:01,7544.25,178,198,0,17
54,2026-07-22 09:20:01,7544.5,249,247,0,0
54,2026-07-22 09:20:01,7544.75,192,178,0,0
54,2026-07-22 09:20:01,7545,364,385,0,0
54,2026-07-22 09:20:01,7545.25,206,315,0,0
54,2026-07-22 09:20:01,7545.5,340,254,0,10
54,2026-07-22 09:20:01,7545.75,239,349,0,0
54,2026-07-22 09:20:01,7546,301,256,0,0
54,2026-07-22 09:20:01,7546.25,25,281,0,0
54,2026-07-22 09:20:01,7546.5,0,103,0,53
54,2026-07-22 09:20:01,7546.75,0,92,0,33
55,2026-07-22 09:22:08,7544.25,150,93,0,0
55,2026-07-22 09:22:08,7544.5,68,84,0,0
55,2026-07-22 09:22:08,7544,63,35,0,0
55,2026-07-22 09:22:08,7544.75,15,38,0,0
55,2026-07-22 09:22:08,7543.75,84,67,0,0
55,2026-07-22 09:22:08,7543.5,51,2,0,0
55,2026-07-22 09:22:08,7543.25,23,11,0,0
55,2026-07-22 09:22:08,7543,133,108,0,0
55,2026-07-22 09:22:08,7542.75,132,103,0,0
55,2026-07-22 09:22:08,7542.5,26,6,0,0
55,2026-07-22 09:22:08,7542.25,14,2,0,0
55,2026-07-22 09:22:08,7542,109,142,0,0
55,2026-07-22 09:22:08,7541.75,110,41,0,0
55,2026-07-22 09:22:08,7541.5,87,43,0,0
55,2026-07-22 09:22:08,7541.25,60,41,0,0
55,2026-07-22 09:22:08,7541,99,83,0,0
55,2026-07-22 09:22:08,7540.75,91,82,0,0
55,2026-07-22 09:22:08,7540.5,154,183,0,0
55,2026-07-22 09:22:08,7540.25,128,3,37,0
55,2026-07-22 09:22:08,7540,63,21,23,0
55,2026-07-22 09:22:08,7539.75,41,10,0,0
55,2026-07-22 09:22:08,7539.5,87,5,28,0
55,2026-07-22 09:22:08,7539.25,81,118,14,10
55,2026-07-22 09:22:08,7539,245,138,123,0
55,2026-07-22 09:22:08,7538.75,118,122,24,0
55,2026-07-22 09:22:08,7538.5,184,142,0,0
55,2026-07-22 09:22:08,7538.25,295,231,50,0
55,2026-07-22 09:22:08,7538,265,109,0,0
55,2026-07-22 09:22:08,7537.75,246,96,49,0
55,2026-07-22 09:22:08,7537.5,183,122,0,0
55,2026-07-22 09:22:08,7537.25,92,36,0,0
55,2026-07-22 09:22:08,7537,135,42,70,0
55,2026-07-22 09:22:08,7536.75,44,79,0,0
55,2026-07-22 09:22:08,7536.5,102,112,0,0
55,2026-07-22 09:22:08,7536.25,101,41,0,0
55,2026-07-22 09:22:08,7536,30,0,0,0
56,2026-07-22 09:23:32,7537,383,301,25,10
56,2026-07-22 09:23:32,7536.75,145,220,0,0
56,2026-07-22 09:23:32,7536.5,353,386,0,10
56,2026-07-22 09:23:32,7536.25,420,231,125,0
56,2026-07-22 09:23:32,7536,84,85,0,0
56,2026-07-22 09:23:32,7535.75,10,0,0,0
56,2026-07-22 09:23:32,7537.25,431,500,45,35
56,2026-07-22 09:23:32,7537.5,364,467,0,10
56,2026-07-22 09:23:32,7537.75,226,437,0,0
56,2026-07-22 09:23:32,7538,115,173,0,21
56,2026-07-22 09:23:32,7538.25,98,74,0,0
56,2026-07-22 09:23:32,7538.5,51,101,0,0
56,2026-07-22 09:23:32,7538.75,16,43,0,0
56,2026-07-22 09:23:32,7539,80,79,0,0
56,2026-07-22 09:23:32,7539.25,45,79,0,0
56,2026-07-22 09:23:32,7539.5,43,117,0,10
56,2026-07-22 09:23:32,7539.75,37,83,0,0
56,2026-07-22 09:23:32,7540,0,223,0,158
57,2026-07-22 09:25:03,7539.75,8,4,0,0
57,2026-07-22 09:25:03,7539.5,28,2,0,0
57,2026-07-22 09:25:03,7539.25,62,75,0,0
57,2026-07-22 09:25:03,7539,72,99,0,0
57,2026-07-22 09:25:03,7538.75,76,36,0,0
57,2026-07-22 09:25:03,7538.5,58,90,0,0
57,2026-07-22 09:25:03,7538.25,109,101,0,0
57,2026-07-22 09:25:03,7538,176,243,0,0
57,2026-07-22 09:25:03,7537.75,210,299,0,17
57,2026-07-22 09:25:03,7537.5,362,359,0,0
57,2026-07-22 09:25:03,7537.25,166,108,0,0
57,2026-07-22 09:25:03,7537,144,98,28,0
57,2026-07-22 09:25:03,7536.75,39,38,0,0
57,2026-07-22 09:25:03,7536.5,80,36,18,0
57,2026-07-22 09:25:03,7536.25,69,40,21,0
57,2026-07-22 09:25:03,7536,186,79,61,0
57,2026-07-22 09:25:03,7535.75,151,153,0,0
57,2026-07-22 09:25:03,7535.5,225,213,12,0
57,2026-07-22 09:25:03,7535.25,265,260,0,0
57,2026-07-22 09:25:03,7535,430,464,30,0
57,2026-07-22 09:25:03,7534.75,167,158,0,0
57,2026-07-22 09:25:03,7534.5,141,78,0,0
57,2026-07-22 09:25:03,7534.25,73,0,20,0
57,2026-07-22 09:25:03,7534,169,0,122,0
58,2026-07-22 09:27:14,7535,258,371,0,65
58,2026-07-22 09:27:14,7535.25,171,177,0,0
58,2026-07-22 09:27:14,7535.5,295,316,17,0
58,2026-07-22 09:27:14,7535.75,201,213,25,0
58,2026-07-22 09:27:14,7536,124,146,0,0
58,2026-07-22 09:27:14,7534.75,360,440,12,0
58,2026-07-22 09:27:14,7534.5,328,308,0,0
58,2026-07-22 09:27:14,7534.25,238,292,0,0
58,2026-07-22 09:27:14,7534,282,276,0,0
58,2026-07-22 09:27:14,7533.75,429,281,0,0
58,2026-07-22 09:27:14,7533.5,229,131,0,0
58,2026-07-22 09:27:14,7533.25,157,94,0,0
58,2026-07-22 09:27:14,7533,191,130,12,0
58,2026-07-22 09:27:14,7532.75,26,0,0,0
58,2026-07-22 09:27:14,7536.25,3,32,0,0
58,2026-07-22 09:27:14,7536.5,0,2,0,0
59,2026-07-22 09:29:22,7534,284,220,22,0
59,2026-07-22 09:29:22,7533.75,170,122,0,0
59,2026-07-22 09:29:22,7534.25,296,222,25,16
59,2026-07-22 09:29:22,7533.5,43,37,0,0
59,2026-07-22 09:29:22,7533.25,28,25,0,0
59,2026-07-22 09:29:22,7534.5,460,388,0,0
59,2026-07-22 09:29:22,7534.75,404,405,10,0
59,2026-07-22 09:29:22,7535,405,395,25,32
59,2026-07-22 09:29:22,7535.25,307,267,50,0
59,2026-07-22 09:29:22,7535.5,281,398,0,115
59,2026-07-22 09:29:22,7535.75,191,288,0,0
59,2026-07-22 09:29:22,7536,125,165,0,0
59,2026-07-22 09:29:22,7536.25,118,144,0,0
59,2026-07-22 09:29:22,7536.5,86,197,0,0
59,2026-07-22 09:29:22,7536.75,0,29,0,0
60,2026-07-22 09:31:18,7534.25,145,156,0,0
60,2026-07-22 09:31:18,7534,172,195,0,0
60,2026-07-22 09:31:18,7533.75,32,9,0,0
60,2026-07-22 09:31:18,7534.5,111,137,10,0
60,2026-07-22 09:31:18,7533.5,3,0,0,0
60,2026-07-22 09:31:18,7534.75,56,120,0,0
60,2026-07-22 09:31:18,7535,57,67,0,11
60,2026-07-22 09:31:18,7535.25,22,42,0,0
60,2026-07-22 09:31:18,7535.5,59,103,0,0
60,2026-07-22 09:31:18,7535.75,34,36,0,0
60,2026-07-22 09:31:18,7536,34,87,0,0
60,2026-07-22 09:31:18,7536.25,49,113,0,0
60,2026-07-22 09:31:18,7536.5,42,106,0,0
60,2026-07-22 09:31:18,7536.75,129,215,0,12
60,2026-07-22 09:31:18,7537,130,152,17,0
60,2026-07-22 09:31:18,7537.25,122,182,0,0
60,2026-07-22 09:31:18,7537.5,187,134,103,0
60,2026-07-22 09:31:18,7537.75,96,191,0,31
60,2026-07-22 09:31:18,7538,34,491,0,421
60,2026-07-22 09:31:18,7538.25,81,46,0,0
60,2026-07-22 09:31:18,7538.5,282,264,20,44
60,2026-07-22 09:31:18,7538.75,121,161,0,0
60,2026-07-22 09:31:18,7539,113,168,0,43
60,2026-07-22 09:31:18,7539.25,232,187,0,0
60,2026-07-22 09:31:18,7539.5,183,293,0,0
60,2026-07-22 09:31:18,7539.75,140,160,0,0
60,2026-07-22 09:31:18,7540,0,19,0,0
61,2026-07-22 09:33:21,7538.75,38,62,0,0
61,2026-07-22 09:33:21,7539,0,3,0,0
61,2026-07-22 09:33:21,7538.5,16,16,0,0
61,2026-07-22 09:33:21,7538.25,42,49,0,0
61,2026-07-22 09:33:21,7538,84,86,0,0
61,2026-07-22 09:33:21,7537.75,143,96,0,0
61,2026-07-22 09:33:21,7537.5,57,13,0,0
61,2026-07-22 09:33:21,7537.25,29,24,0,0
61,2026-07-22 09:33:21,7537,53,0,30,0
61,2026-07-22 09:33:21,7536.75,21,3,0,0
61,2026-07-22 09:33:21,7536.5,25,49,0,0
61,2026-07-22 09:33:21,7536.25,28,40,0,0
61,2026-07-22 09:33:21,7536,55,133,0,10
61,2026-07-22 09:33:21,7535.75,167,156,0,0
61,2026-07-22 09:33:21,7535.5,99,165,0,0
61,2026-07-22 09:33:21,7535.25,223,281,0,10
61,2026-07-22 09:33:21,7535,371,248,0,0
61,2026-07-22 09:33:21,7534.75,281,208,0,0
61,2026-07-22 09:33:21,7534.5,414,401,58,0
61,2026-07-22 09:33:21,7534.25,347,315,0,23
61,2026-07-22 09:33:21,7534,371,234,20,0
61,2026-07-22 09:33:21,7533.75,341,163,0,0
61,2026-07-22 09:33:21,7533.5,202,97,76,0
61,2026-07-22 09:33:21,7533.25,133,73,10,0
61,2026-07-22 09:33:21,7533,45,0,0,0
62,2026-07-22 09:36:16,7535.5,299,347,0,0
62,2026-07-22 09:36:16,7535.25,472,427,0,0
62,2026-07-22 09:36:16,7535,446,364,15,0
62,2026-07-22 09:36:16,7535.75,68,185,0,19
62,2026-07-22 09:36:16,7534.75,300,277,0,0
62,2026-07-22 09:36:16,7534.5,235,234,10,0
62,2026-07-22 09:36:16,7536,34,90,0,0
62,2026-07-22 09:36:16,7536.25,35,89,0,10
62,2026-07-22 09:36:16,7536.5,0,11,0,0
62,2026-07-22 09:36:16,7534.25,182,282,0,0
62,2026-07-22 09:36:16,7534,245,225,0,0
62,2026-07-22 09:36:16,7533.75,218,200,42,0
62,2026-07-22 09:36:16,7533.5,139,76,0,0
62,2026-07-22 09:36:16,7533.25,161,123,48,0
62,2026-07-22 09:36:16,7533,195,149,0,0
62,2026-07-22 09:36:16,7532.75,183,94,0,0
62,2026-07-22 09:36:16,7532.5,102,13,0,0
63,2026-07-22 09:39:53,7534.25,281,256,50,0
63,2026-07-22 09:39:53,7534.5,266,267,0,0
63,2026-07-22 09:39:53,7534.75,170,188,0,0
63,2026-07-22 09:39:53,7535,255,224,10,0
63,2026-07-22 09:39:53,7535.25,84,160,0,0
63,2026-07-22 09:39:53,7534,220,146,29,0
63,2026-07-22 09:39:53,7535.5,136,144,0,0
63,2026-07-22 09:39:53,7535.75,157,230,0,0
63,2026-07-22 09:39:53,7536,36,77,0,0
63,2026-07-22 09:39:53,7536.25,69,61,0,0
63,2026-07-22 09:39:53,7536.5,0,16,0,0
63,2026-07-22 09:39:53,7533.75,81,23,0,0
63,2026-07-22 09:39:53,7533.5,10,10,0,0
63,2026-07-22 09:39:53,7533.25,57,37,0,0
63,2026-07-22 09:39:53,7533,72,47,0,0
63,2026-07-22 09:39:53,7532.75,141,97,0,0
63,2026-07-22 09:39:53,7532.5,103,96,0,0
63,2026-07-22 09:39:53,7532.25,101,55,0,0
63,2026-07-22 09:39:53,7532,128,85,0,0
63,2026-07-22 09:39:53,7531.75,167,142,0,13
63,2026-07-22 09:39:53,7531.5,170,173,13,0
63,2026-07-22 09:39:53,7531.25,141,78,0,0
63,2026-07-22 09:39:53,7531,106,0,10,0
63,2026-07-22 09:39:53,7530.75,38,34,0,0
63,2026-07-22 09:39:53,7530.5,110,85,10,0
63,2026-07-22 09:39:53,7530.25,94,110,10,0
63,2026-07-22 09:39:53,7530,207,72,55,0
63,2026-07-22 09:39:53,7529.75,96,40,0,0
63,2026-07-22 09:39:53,7529.5,41,10,0,0
64,2026-07-22 09:42:06,7530,307,143,23,0
64,2026-07-22 09:42:06,7530.25,410,345,0,0
64,2026-07-22 09:42:06,7529.75,104,48,0,0
64,2026-07-22 09:42:06,7530.5,509,585,10,90
64,2026-07-22 09:42:06,7530.75,484,520,0,11
64,2026-07-22 09:42:06,7531,518,514,0,11
64,2026-07-22 09:42:06,7531.25,261,335,0,13
64,2026-07-22 09:42:06,7531.5,253,317,0,0
64,2026-07-22 09:42:06,7531.75,130,121,0,0
64,2026-07-22 09:42:06,7532,118,185,0,13
64,2026-07-22 09:42:06,7532.25,66,25,0,0
64,2026-07-22 09:42:06,7532.5,73,102,0,0
64,2026-07-22 09:42:06,7532.75,0,8,0,0
64,2026-07-22 09:42:06,7529.5,19,0,0,0
65,2026-07-22 09:45:02,7529.75,167,105,72,0
65,2026-07-22 09:45:02,7529.5,137,142,0,0
65,2026-07-22 09:45:02,7529.25,108,64,0,0
65,2026-07-22 09:45:02,7530,232,196,0,0
65,2026-07-22 09:45:02,7529,101,34,35,0
65,2026-07-22 09:45:02,7528.75,26,8,0,0
65,2026-07-22 09:45:02,7530.25,208,220,0,0
65,2026-07-22 09:45:02,7530.5,95,201,0,0
65,2026-07-22 09:45:02,7530.75,54,120,0,10
65,2026-07-22 09:45:02,7531,4,22,0,0
65,2026-07-22 09:45:02,7531.25,65,28,0,0
65,2026-07-22 09:45:02,7531.5,86,54,0,0
65,2026-07-22 09:45:02,7531.75,15,45,0,0
65,2026-07-22 09:45:02,7532,25,75,0,0
65,2026-07-22 09:45:02,7532.25,61,50,0,0
65,2026-07-22 09:45:02,7532.5,106,93,0,0
65,2026-07-22 09:45:02,7532.75,138,130,0,0
65,2026-07-22 09:45:02,7533,103,158,0,0
65,2026-07-22 09:45:02,7533.25,97,118,0,0
65,2026-07-22 09:45:02,7533.5,42,99,0,0
65,2026-07-22 09:45:02,7533.75,2,50,0,0
65,2026-07-22 09:45:02,7534,46,101,0,21
65,2026-07-22 09:45:02,7534.25,64,99,0,0
65,2026-07-22 09:45:02,7534.5,110,127,0,11
65,2026-07-22 09:45:02,7534.75,28,35,0,0
65,2026-07-22 09:45:02,7535,181,121,0,0
65,2026-07-22 09:45:02,7535.25,95,176,0,0
65,2026-07-22 09:45:02,7535.5,92,83,0,0
65,2026-07-22 09:45:02,7535.75,113,108,0,0
65,2026-07-22 09:45:02,7536,184,197,26,0
65,2026-07-22 09:45:02,7536.25,160,201,0,0
65,2026-07-22 09:45:02,7536.5,108,159,0,0
65,2026-07-22 09:45:02,7536.75,0,28,0,0
66,2026-07-22 09:47:03,7535,321,296,30,0
66,2026-07-22 09:47:03,7534.75,187,284,0,0
66,2026-07-22 09:47:03,7534.5,430,397,91,0
66,2026-07-22 09:47:03,7534.25,240,298,0,0
66,2026-07-22 09:47:03,7534,346,344,0,0
66,2026-07-22 09:47:03,7535.25,240,350,0,16
66,2026-07-22 09:47:03,7535.5,306,281,0,0
66,2026-07-22 09:47:03,7533.75,160,138,0,0
66,2026-07-22 09:47:03,7535.75,229,315,0,0
66,2026-07-22 09:47:03,7533.5,128,117,10,0
66,2026-07-22 09:47:03,7533.25,74,111,0,39
66,2026-07-22 09:47:03,7536,95,227,0,19
66,2026-07-22 09:47:03,7536.25,56,204,0,63
66,2026-07-22 09:47:03,7536.5,58,66,0,10
66,2026-07-22 09:47:03,7536.75,40,56,0,0
66,2026-07-22 09:47:03,7537,0,75,0,0
66,2026-07-22 09:47:03,7533,31,0,0,0
67,2026-07-22 09:49:43,7534.25,211,159,0,0
67,2026-07-22 09:49:43,7534.5,428,394,0,0
67,2026-07-22 09:49:43,7534.75,414,486,0,10
67,2026-07-22 09:49:43,7535,202,317,0,22
67,2026-07-22 09:49:43,7535.25,256,241,0,0
67,2026-07-22 09:49:43,7535.5,447,337,0,0
67,2026-07-22 09:49:43,7535.75,417,451,11,0
67,2026-07-22 09:49:43,7536,336,368,0,10
67,2026-07-22 09:49:43,7536.25,148,268,0,11
67,2026-07-22 09:49:43,7536.5,43,73,0,0
67,2026-07-22 09:49:43,7534,84,74,0,0
67,2026-07-22 09:49:43,7533.75,21,15,0,0
67,2026-07-22 09:49:43,7533.5,55,84,0,0
67,2026-07-22 09:49:43,7533.25,90,40,0,0
67,2026-07-22 09:49:43,7533,24,0,0,0
67,2026-07-22 09:49:43,7536.75,0,17,0,0
68,2026-07-22 09:52:34,7535.25,161,139,0,0
68,2026-07-22 09:52:34,7535,191,280,0,0
68,2026-07-22 09:52:34,7535.5,203,208,0,0
68,2026-07-22 09:52:34,7534.75,226,218,0,0
68,2026-07-22 09:52:34,7534.5,249,198,0,0
68,2026-07-22 09:52:34,7535.75,134,146,0,0
68,2026-07-22 09:52:34,7534.25,237,299,0,15
68,2026-07-22 09:52:34,7534,216,161,0,0
68,2026-07-22 09:52:34,7533.75,4,0,0,0
68,2026-07-22 09:52:34,7536,167,201,0,17
68,2026-07-22 09:52:34,7536.25,127,174,0,0
68,2026-07-22 09:52:34,7536.5,48,76,0,0
68,2026-07-22 09:52:34,7536.75,167,104,0,0
68,2026-07-22 09:52:34,7537,189,224,0,0
68,2026-07-22 09:52:34,7537.25,60,106,0,0
68,2026-07-22 09:52:34,7537.5,52,58,0,0
68,2026-07-22 09:52:34,7537.75,131,94,0,0
68,2026-07-22 09:52:34,7538,140,164,0,0
68,2026-07-22 09:52:34,7538.25,121,182,0,0
68,2026-07-22 09:52:34,7538.5,156,236,20,0
68,2026-07-22 09:52:34,7538.75,49,187,0,10
68,2026-07-22 09:52:34,7539,0,15,0,0
69,2026-07-22 09:55:50,7535.25,69,43,0,0
69,2026-07-22 09:55:50,7535,37,47,0,0
69,2026-07-22 09:55:50,7534.75,27,40,0,0
69,2026-07-22 09:55:50,7535.5,121,110,0,0
69,2026-07-22 09:55:50,7535.75,73,96,0,0
69,2026-07-22 09:55:50,7536,81,160,0,0
69,2026-07-22 09:55:50,7536.25,69,76,0,0
69,2026-07-22 09:55:50,7536.5,73,119,0,0
69,2026-07-22 09:55:50,7536.75,119,137,0,0
69,2026-07-22 09:55:50,7537,62,74,0,0
69,2026-07-22 09:55:50,7537.25,109,87,12,0
69,2026-07-22 09:55:50,7537.5,68,74,0,0
69,2026-07-22 09:55:50,7537.75,80,114,0,0
69,2026-07-22 09:55:50,7538,83,109,0,0
69,2026-07-22 09:55:50,7538.25,160,141,0,10
69,2026-07-22 09:55:50,7538.5,91,169,0,16
69,2026-07-22 09:55:50,7538.75,36,82,0,0
69,2026-07-22 09:55:50,7539,30,82,0,12
69,2026-07-22 09:55:50,7539.25,71,82,0,0
69,2026-07-22 09:55:50,7539.5,106,160,0,0
69,2026-07-22 09:55:50,7539.75,60,104,0,10
69,2026-07-22 09:55:50,7540,87,130,0,0
69,2026-07-22 09:55:50,7540.25,157,143,0,0
69,2026-07-22 09:55:50,7540.5,203,317,0,0
69,2026-07-22 09:55:50,7540.75,69,201,0,10
69,2026-07-22 09:55:50,7541,9,71,0,0
69,2026-07-22 09:55:50,7541.25,55,120,0,0
69,2026-07-22 09:55:50,7541.5,231,203,0,0
69,2026-07-22 09:55:50,7541.75,163,256,0,48
69,2026-07-22 09:55:50,7542,116,240,0,0
70,2026-07-22 09:58:59,7542,439,436,0,0
70,2026-07-22 09:58:59,7542.25,208,324,0,42
70,2026-07-22 09:58:59,7541.75,99,139,0,0
70,2026-07-22 09:58:59,7541.5,101,143,0,0
70,2026-07-22 09:58:59,7541.25,112,98,10,0
70,2026-07-22 09:58:59,7541,208,238,0,21
70,2026-07-22 09:58:59,7540.75,57,57,0,0
70,2026-07-22 09:58:59,7540.5,5,0,0,0
70,2026-07-22 09:58:59,7542.5,221,284,0,35
70,2026-07-22 09:58:59,7542.75,96,84,0,0
70,2026-07-22 09:58:59,7543,314,298,31,0
70,2026-07-22 09:58:59,7543.25,353,390,0,0
70,2026-07-22 09:58:59,7543.5,426,494,0,0
70,2026-07-22 09:58:59,7543.75,231,382,0,0
70,2026-07-22 09:58:59,7544,38,220,0,18
70,2026-07-22 09:58:59,7544.25,0,5,0,0
71,2026-07-22 10:01:46,7542.25,137,170,0,23
71,2026-07-22 10:01:46,7542.5,144,199,0,20
71,2026-07-22 10:01:46,7542.75,60,60,0,0
71,2026-07-22 10:01:46,7543,14,55,0,0
71,2026-07-22 10:01:46,7542,133,160,0,15
71,2026-07-22 10:01:46,7541.75,162,183,0,0
71,2026-07-22 10:01:46,7541.5,130,88,11,0
71,2026-07-22 10:01:46,7541.25,68,32,0,0
71,2026-07-22 10:01:46,7543.25,25,40,0,0
71,2026-07-22 10:01:46,7543.5,48,50,0,0
71,2026-07-22 10:01:46,7543.75,115,64,0,0
71,2026-07-22 10:01:46,7544,253,241,0,0
71,2026-07-22 10:01:46,7544.25,275,283,0,0
71,2026-07-22 10:01:46,7544.5,130,143,0,0
71,2026-07-22 10:01:46,7544.75,224,270,0,0
71,2026-07-22 10:01:46,7545,203,238,0,0
71,2026-07-22 10:01:46,7545.25,74,106,0,0
71,2026-07-22 10:01:46,7545.5,281,290,10,0
71,2026-07-22 10:01:46,7545.75,313,287,0,41
71,2026-07-22 10:01:46,7546,123,266,0,12
71,2026-07-22 10:01:46,7546.25,91,93,0,0
71,2026-07-22 10:01:46,7546.5,85,76,0,18
71,2026-07-22 10:01:46,7546.75,0,18,0,0
72,2026-07-22 10:05:13,7545.25,76,105,0,0
72,2026-07-22 10:05:13,7545.5,16,33,0,0
72,2026-07-22 10:05:13,7545,187,197,0,0
72,2026-07-22 10:05:13,7544.75,130,164,19,0
72,2026-07-22 10:05:13,7544.5,68,50,0,0
72,2026-07-22 10:05:13,7544.25,39,0,0,0
72,2026-07-22 10:05:13,7545.75,14,52,0,0
72,2026-07-22 10:05:13,7546,26,43,0,0
72,2026-07-22 10:05:13,7546.25,150,134,0,0
72,2026-07-22 10:05:13,7546.5,349,357,0,25
72,2026-07-22 10:05:13,7546.75,224,292,0,0
72,2026-07-22 10:05:13,7547,184,262,0,15
72,2026-07-22 10:05:13,7547.25,241,278,0,10
72,2026-07-22 10:05:13,7547.5,394,406,10,26
72,2026-07-22 10:05:13,7547.75,415,468,24,0
72,2026-07-22 10:05:13,7548,294,429,10,77
72,2026-07-22 10:05:13,7548.25,124,162,0,0
72,2026-07-22 10:05:13,7548.5,36,96,0,23
72,2026-07-22 10:05:13,7548.75,0,5,0,0
73,2026-07-22 10:07:57,7548.25,129,151,0,0
73,2026-07-22 10:07:57,7548.5,307,251,19,10
73,2026-07-22 10:07:57,7548.75,383,376,29,32
73,2026-07-22 10:07:57,7548,66,88,0,0
73,2026-07-22 10:07:57,7547.75,443,502,0,15
73,2026-07-22 10:07:57,7547.5,236,185,0,0
73,2026-07-22 10:07:57,7547.25,81,51,0,0
73,2026-07-22 10:07:57,7547,39,0,0,0
73,2026-07-22 10:07:57,7549,447,484,32,45
73,2026-07-22 10:07:57,7549.25,305,311,0,28
73,2026-07-22 10:07:57,7549.5,299,301,0,0
73,2026-07-22 10:07:57,7549.75,138,340,0,181
73,2026-07-22 10:07:57,7550,115,281,0,58
73,2026-07-22 10:07:57,7550.25,50,140,0,0
73,2026-07-22 10:07:57,7550.5,0,1,0,0
74,2026-07-22 10:10:21,7550.5,266,384,35,48
74,2026-07-22 10:10:21,7550.75,330,379,16,0
74,2026-07-22 10:10:21,7550.25,433,476,10,22
74,2026-07-22 10:10:21,7550,230,126,0,0
74,2026-07-22 10:10:21,7551,154,220,0,0
74,2026-07-22 10:10:21,7551.25,135,111,0,18
74,2026-07-22 10:10:21,7551.5,238,194,18,0
74,2026-07-22 10:10:21,7551.75,221,214,0,0
74,2026-07-22 10:10:21,7552,394,510,31,120
74,2026-07-22 10:10:21,7552.25,438,441,43,12
74,2026-07-22 10:10:21,7552.5,78,129,0,13
74,2026-07-22 10:10:21,7552.75,37,81,0,11
74,2026-07-22 10:10:21,7549.75,115,77,0,10
74,2026-07-22 10:10:21,7549.5,47,42,0,0
75,2026-07-22 10:12:26,7550.25,415,403,0,88
75,2026-07-22 10:12:26,7550.5,483,504,20,47
75,2026-07-22 10:12:26,7550,301,212,0,0
75,2026-07-22 10:12:26,7549.75,96,16,0,0
75,2026-07-22 10:12:26,7550.75,476,542,0,32
75,2026-07-22 10:12:26,7551,523,557,0,20
75,2026-07-22 10:12:26,7551.25,388,474,0,38
75,2026-07-22 10:12:26,7551.5,233,292,10,60
75,2026-07-22 10:12:26,7551.75,178,224,0,0
75,2026-07-22 10:12:26,7552,50,84,10,0
75,2026-07-22 10:12:26,7552.25,14,35,0,0
76,2026-07-22 10:16:02,7551,349,338,0,10
76,2026-07-22 10:16:02,7551.25,236,299,0,0
76,2026-07-22 10:16:02,7551.5,28,96,0,0
76,2026-07-22 10:16:02,7551.75,0,4,0,0
76,2026-07-22 10:16:02,7550.75,200,192,0,10
76,2026-07-22 10:16:02,7550.5,115,145,0,10
76,2026-07-22 10:16:02,7550.25,290,136,0,0
76,2026-07-22 10:16:02,7550,283,165,0,0
76,2026-07-22 10:16:02,7549.75,133,95,0,0
76,2026-07-22 10:16:02,7549.5,132,106,0,0
76,2026-07-22 10:16:02,7549.25,235,247,0,0
76,2026-07-22 10:16:02,7549,207,206,0,0
76,2026-07-22 10:16:02,7548.75,246,153,20,0
76,2026-07-22 10:16:02,7548.5,433,361,19,18
76,2026-07-22 10:16:02,7548.25,277,214,0,0
76,2026-07-22 10:16:02,7548,270,84,10,0
76,2026-07-22 10:16:02,7547.75,102,59,0,0
76,2026-07-22 10:16:02,7547.5,47,17,0,0
77,2026-07-22 10:19:44,7549.5,9,3,0,0
77,2026-07-22 10:19:44,7549.75,5,12,0,0
77,2026-07-22 10:19:44,7550,45,40,0,0
77,2026-07-22 10:19:44,7550.25,33,42,0,0
77,2026-07-22 10:19:44,7550.5,9,18,0,0
77,2026-07-22 10:19:44,7550.75,151,165,0,20
77,2026-07-22 10:19:44,7551,88,145,13,0
77,2026-07-22 10:19:44,7551.25,45,47,0,0
77,2026-07-22 10:19:44,7551.5,148,154,0,17
77,2026-07-22 10:19:44,7551.75,265,251,10,0
77,2026-07-22 10:19:44,7552,305,390,0,18
77,2026-07-22 10:19:44,7552.25,284,382,13,45
77,2026-07-22 10:19:44,7552.5,427,542,11,0
77,2026-07-22 10:19:44,7552.75,339,395,12,23
77,2026-07-22 10:19:44,7553,74,217,0,64
77,2026-07-22 10:19:44,7553.25,133,167,0,0
77,2026-07-22 10:19:44,7553.5,221,155,0,0
77,2026-07-22 10:19:44,7553.75,173,247,10,0
77,2026-07-22 10:19:44,7554,54,309,0,149
77,2026-07-22 10:19:44,7554.25,0,10,0,0
78,2026-07-22 10:22:56,7552.5,90,77,0,0
78,2026-07-22 10:22:56,7552.75,123,114,0,0
78,2026-07-22 10:22:56,7553,143,256,0,14
78,2026-07-22 10:22:56,7552.25,59,86,0,39
78,2026-07-22 10:22:56,7552,123,74,10,0
78,2026-07-22 10:22:56,7551.75,133,80,36,0
78,2026-07-22 10:22:56,7551.5,4,0,0,0
78,2026-07-22 10:22:56,7553.25,114,93,0,0
78,2026-07-22 10:22:56,7553.5,4,21,0,0
78,2026-07-22 10:22:56,7553.75,25,73,0,0
78,2026-07-22 10:22:56,7554,79,77,0,0
78,2026-07-22 10:22:56,7554.25,19,93,0,0
78,2026-07-22 10:22:56,7554.5,111,165,10,0
78,2026-07-22 10:22:56,7554.75,220,324,0,51
78,2026-07-22 10:22:56,7555,74,779,0,585
78,2026-07-22 10:22:56,7555.25,222,206,28,35
78,2026-07-22 10:22:56,7555.5,322,292,11,0
78,2026-07-22 10:22:56,7555.75,363,352,0,0
78,2026-07-22 10:22:56,7556,281,379,0,15
78,2026-07-22 10:22:56,7556.25,115,201,0,0
78,2026-07-22 10:22:56,7556.5,23,89,0,0
78,2026-07-22 10:22:56,7556.75,0,20,0,0
79,2026-07-22 10:25:09,7556.25,238,182,0,0
79,2026-07-22 10:25:09,7556.5,184,225,13,20
79,2026-07-22 10:25:09,7556,64,35,0,0
79,2026-07-22 10:25:09,7555.75,62,131,13,10
79,2026-07-22 10:25:09,7555.5,148,165,0,0
79,2026-07-22 10:25:09,7555.25,59,19,0,0
79,2026-07-22 10:25:09,7556.75,112,144,0,11
79,2026-07-22 10:25:09,7557,34,205,0,70
79,2026-07-22 10:25:09,7557.25,5,32,0,0
79,2026-07-22 10:25:09,7557.5,188,199,0,0
79,2026-07-22 10:25:09,7557.75,522,475,0,0
79,2026-07-22 10:25:09,7558,475,539,10,0
79,2026-07-22 10:25:09,7558.25,209,237,0,0
79,2026-07-22 10:25:09,7558.5,233,292,0,0
79,2026-07-22 10:25:09,7558.75,173,226,0,0
79,2026-07-22 10:25:09,7559,121,268,10,96
79,2026-07-22 10:25:09,7559.25,101,148,0,0
79,2026-07-22 10:25:09,7559.5,5,48,0,0
80,2026-07-22 10:27:35,7559,487,665,15,30
80,2026-07-22 10:27:35,7558.75,760,541,21,0
80,2026-07-22 10:27:35,7559.25,67,244,0,0
80,2026-07-22 10:27:35,7558.5,366,175,52,0
80,2026-07-22 10:27:35,7558.25,46,40,0,0
80,2026-07-22 10:27:35,7559.5,34,56,0,18
80,2026-07-22 10:27:35,7558,105,88,10,0
80,2026-07-22 10:27:35,7557.75,175,113,0,0
80,2026-07-22 10:27:35,7557.5,71,43,0,0
80,2026-07-22 10:27:35,7557.25,128,219,0,0
80,2026-07-22 10:27:35,7557,236,186,10,0
80,2026-07-22 10:27:35,7556.75,596,423,0,10
80,2026-07-22 10:27:35,7556.5,158,116,10,0
80,2026-07-22 10:27:35,7556.25,153,105,0,0
80,2026-07-22 10:27:35,7556,99,5,0,0
81,2026-07-22 10:30:17,7556,282,203,69,10
81,2026-07-22 10:30:17,7555.75,357,477,0,0
81,2026-07-22 10:30:17,7555.5,535,349,12,0
81,2026-07-22 10:30:17,7555.25,318,36,50,0
81,2026-07-22 10:30:17,7556.25,156,275,0,74
81,2026-07-22 10:30:17,7556.5,278,225,0,0
81,2026-07-22 10:30:17,7556.75,244,186,47,0
81,2026-07-22 10:30:17,7557,247,249,20,11
81,2026-07-22 10:30:17,7557.25,151,204,0,0
81,2026-07-22 10:30:17,7557.5,144,195,0,0
81,2026-07-22 10:30:17,7557.75,10,150,0,47
81,2026-07-22 10:30:17,7558,0,60,0,10
81,2026-07-22 10:30:17,7555,82,0,0,0
81,2026-07-22 10:30:17,7554.75,87,18,16,0
81,2026-07-22 10:30:17,7554.5,79,21,18,0
81,2026-07-22 10:30:17,7554.25,165,267,25,0
81,2026-07-22 10:30:17,7554,102,36,0,0
81,2026-07-22 10:30:17,7553.75,235,32,140,0
81,2026-07-22 10:30:17,7553.5,45,0,0,0
82,2026-07-22 10:33:38,7553.75,518,488,10,29
82,2026-07-22 10:33:38,7554,76,224,0,11
82,2026-07-22 10:33:38,7553.5,473,380,28,0
82,2026-07-22 10:33:38,7553.25,483,436,25,0
82,2026-07-22 10:33:38,7553,471,326,107,0
82,2026-07-22 10:33:38,7552.75,474,347,0,19
82,2026-07-22 10:33:38,7552.5,512,364,64,0
82,2026-07-22 10:33:38,7552.25,443,308,29,0
82,2026-07-22 10:33:38,7552,162,12,48,0
83,2026-07-22 10:37:10,7552,135,233,0,10
83,2026-07-22 10:37:10,7552.25,131,98,15,0
83,2026-07-22 10:37:10,7551.75,320,267,35,25
83,2026-07-22 10:37:10,7551.5,384,312,0,0
83,2026-07-22 10:37:10,7551.25,237,219,34,0
83,2026-07-22 10:37:10,7551,465,405,37,19
83,2026-07-22 10:37:10,7550.75,246,133,20,0
83,2026-07-22 10:37:10,7552.5,98,165,0,39
83,2026-07-22 10:37:10,7552.75,135,215,10,64
83,2026-07-22 10:37:10,7553,124,147,0,0
83,2026-07-22 10:37:10,7553.25,95,102,0,0
83,2026-07-22 10:37:10,7550.5,111,50,20,0
83,2026-07-22 10:37:10,7550.25,138,117,25,0
83,2026-07-22 10:37:10,7550,16,0,0,0
83,2026-07-22 10:37:10,7553.5,166,139,0,17
83,2026-07-22 10:37:10,7553.75,184,200,0,11
83,2026-07-22 10:37:10,7554,74,176,0,0
83,2026-07-22 10:37:10,7554.25,134,84,0,0
83,2026-07-22 10:37:10,7554.5,85,159,0,25
83,2026-07-22 10:37:10,7554.75,0,4,0,0
84,2026-07-22 10:41:25,7554,283,481,0,54
84,2026-07-22 10:41:25,7554.25,55,143,0,0
84,2026-07-22 10:41:25,7553.75,242,216,0,0
84,2026-07-22 10:41:25,7553.5,199,299,18,79
84,2026-07-22 10:41:25,7553.25,191,202,10,0
84,2026-07-22 10:41:25,7553,224,344,28,128
84,2026-07-22 10:41:25,7552.75,195,154,0,22
84,2026-07-22 10:41:25,7552.5,72,62,0,0
84,2026-07-22 10:41:25,7554.5,173,157,0,0
84,2026-07-22 10:41:25,7552.25,128,139,0,0
84,2026-07-22 10:41:25,7552,204,250,0,0
84,2026-07-22 10:41:25,7551.75,175,182,13,0
84,2026-07-22 10:41:25,7551.5,213,203,0,17
84,2026-07-22 10:41:25,7551.25,180,70,0,0
84,2026-07-22 10:41:25,7551,59,12,0,0
84,2026-07-22 10:41:25,7550.75,51,0,0,0
84,2026-07-22 10:41:25,7550.5,15,0,0,0
84,2026-07-22 10:41:25,7554.75,138,136,12,25
84,2026-07-22 10:41:25,7555,142,248,0,25
84,2026-07-22 10:41:25,7555.25,28,191,0,30
84,2026-07-22 10:41:25,7555.5,0,44,0,0
85,2026-07-22 10:46:00,7555,219,218,25,11
85,2026-07-22 10:46:00,7554.75,203,92,0,0
85,2026-07-22 10:46:00,7555.25,191,141,0,38
85,2026-07-22 10:46:00,7555.5,396,434,10,20
85,2026-07-22 10:46:00,7555.75,256,314,0,14
85,2026-07-22 10:46:00,7556,163,274,0,20
85,2026-07-22 10:46:00,7554.5,116,97,0,0
85,2026-07-22 10:46:00,7554.25,93,54,0,0
85,2026-07-22 10:46:00,7554,57,31,0,0
85,2026-07-22 10:46:00,7553.75,129,124,0,26
85,2026-07-22 10:46:00,7553.5,158,89,0,0
85,2026-07-22 10:46:00,7553.25,77,10,0,0
85,2026-07-22 10:46:00,7556.25,263,214,0,22
85,2026-07-22 10:46:00,7556.5,264,497,0,37
85,2026-07-22 10:46:00,7556.75,131,201,0,15
85,2026-07-22 10:46:00,7557,184,173,0,15
85,2026-07-22 10:46:00,7557.25,194,252,0,17
85,2026-07-22 10:46:00,7557.5,74,109,0,0
85,2026-07-22 10:46:00,7557.75,0,8,0,0
86,2026-07-22 10:52:29,7557.25,103,121,0,0
86,2026-07-22 10:52:29,7557.5,229,199,0,0
86,2026-07-22 10:52:29,7557.75,304,290,10,0
86,2026-07-22 10:52:29,7558,245,608,0,275
86,2026-07-22 10:52:29,7558.25,123,245,0,21
86,2026-07-22 10:52:29,7558.5,0,25,0,0
86,2026-07-22 10:52:29,7557,84,43,0,0
86,2026-07-22 10:52:29,7556.75,83,134,19,35
86,2026-07-22 10:52:29,7556.5,193,144,17,0
86,2026-07-22 10:52:29,7556.25,153,206,0,0
86,2026-07-22 10:52:29,7556,416,348,0,20
86,2026-07-22 10:52:29,7555.75,272,228,0,0
86,2026-07-22 10:52:29,7555.5,306,206,0,0
86,2026-07-22 10:52:29,7555.25,149,195,0,0
86,2026-07-22 10:52:29,7555,217,138,0,10
86,2026-07-22 10:52:29,7554.75,93,47,0,0
86,2026-07-22 10:52:29,7554.5,114,118,10,31
86,2026-07-22 10:52:29,7554.25,79,42,0,0
87,2026-07-22 10:59:22,7558.25,163,105,0,0
87,2026-07-22 10:59:22,7558.5,107,149,0,0
87,2026-07-22 10:59:22,7558.75,173,188,0,16
87,2026-07-22 10:59:22,7559,264,317,23,0
87,2026-07-22 10:59:22,7559.25,100,91,0,0
87,2026-07-22 10:59:22,7559.5,353,271,0,11
87,2026-07-22 10:59:22,7559.75,320,667,0,140
87,2026-07-22 10:59:22,7560,452,1328,70,800
87,2026-07-22 10:59:22,7560.25,407,464,68,17
87,2026-07-22 10:59:22,7560.5,84,197,0,0
87,2026-07-22 10:59:22,7560.75,31,163,0,0
87,2026-07-22 10:59:22,7561,0,105,0,59
87,2026-07-22 10:59:22,7558,1,0,0,0
88,2026-07-22 11:01:46,7558.5,245,348,0,35
88,2026-07-22 11:01:46,7558.25,244,355,0,32
88,2026-07-22 11:01:46,7558,364,303,10,0
88,2026-07-22 11:01:46,7557.75,220,166,10,0
88,2026-07-22 11:01:46,7557.5,97,53,0,0
88,2026-07-22 11:01:46,7558.75,63,180,0,68
88,2026-07-22 11:01:46,7559,108,116,0,0
88,2026-07-22 11:01:46,7557.25,12,0,0,0
88,2026-07-22 11:01:46,7559.25,148,266,0,37
88,2026-07-22 11:01:46,7559.5,60,111,0,0
88,2026-07-22 11:01:46,7559.75,43,112,0,20
88,2026-07-22 11:01:46,7560,99,92,0,0
88,2026-07-22 11:01:46,7560.25,246,137,0,10
88,2026-07-22 11:01:46,7560.5,245,346,0,0
88,2026-07-22 11:01:46,7560.75,247,287,0,0
88,2026-07-22 11:01:46,7561,269,454,24,90
88,2026-07-22 11:01:46,7561.25,60,141,0,22
88,2026-07-22 11:01:46,7561.5,129,108,0,0
88,2026-07-22 11:01:46,7561.75,0,26,0,0
89,2026-07-22 11:08:35,7560.25,524,403,38,44
89,2026-07-22 11:08:35,7560.5,236,344,10,0
89,2026-07-22 11:08:35,7560.75,171,208,33,24
89,2026-07-22 11:08:35,7560,389,660,34,47
89,2026-07-22 11:08:35,7559.75,800,677,67,0
89,2026-07-22 11:08:35,7559.5,479,463,0,19
89,2026-07-22 11:08:35,7559.25,321,180,0,0
89,2026-07-22 11:08:35,7559,207,186,0,15
89,2026-07-22 11:08:35,7558.75,54,36,0,0
89,2026-07-22 11:08:35,7561,55,98,0,0
89,2026-07-22 11:08:35,7561.25,0,7,0,0
90,2026-07-22 11:16:01,7559.75,211,154,0,0
90,2026-07-22 11:16:01,7559.5,80,37,0,0
90,2026-07-22 11:16:01,7560,331,332,0,0
90,2026-07-22 11:16:01,7560.25,176,198,30,0
90,2026-07-22 11:16:01,7560.5,110,102,0,0
90,2026-07-22 11:16:01,7560.75,160,157,57,0
90,2026-07-22 11:16:01,7561,109,140,0,0
90,2026-07-22 11:16:01,7561.25,113,157,0,0
90,2026-07-22 11:16:01,7561.5,73,145,0,22
90,2026-07-22 11:16:01,7561.75,101,421,0,196
90,2026-07-22 11:16:01,7562,122,1025,0,860
90,2026-07-22 11:16:01,7562.25,271,224,0,0
90,2026-07-22 11:16:01,7562.5,349,415,0,0
90,2026-07-22 11:16:01,7562.75,145,427,0,63
90,2026-07-22 11:16:01,7563,6,126,0,40
90,2026-07-22 11:16:01,7563.25,0,52,0,10
90,2026-07-22 11:16:01,7563.5,0,33,0,0
91,2026-07-22 11:20:39,7561.25,710,647,0,112
91,2026-07-22 11:20:39,7561.5,592,769,0,61
91,2026-07-22 11:20:39,7561,503,420,0,0
91,2026-07-22 11:20:39,7560.75,340,214,0,0
91,2026-07-22 11:20:39,7560.5,355,311,78,10
91,2026-07-22 11:20:39,7561.75,181,324,0,0
91,2026-07-22 11:20:39,7562,72,78,0,0
91,2026-07-22 11:20:39,7562.25,13,25,0,0
91,2026-07-22 11:20:39,7560.25,150,111,0,0
91,2026-07-22 11:20:39,7560,312,252,11,0
91,2026-07-22 11:20:39,7559.75,72,33,0,0
91,2026-07-22 11:20:39,7559.5,16,0,0,0
92,2026-07-22 11:28:41,7560,1,1,0,0
92,2026-07-22 11:28:41,7560.25,0,23,0,0
92,2026-07-22 11:28:41,7560.5,171,106,0,0
92,2026-07-22 11:28:41,7560.75,578,509,50,10
92,2026-07-22 11:28:41,7561,611,570,0,20
92,2026-07-22 11:28:41,7561.25,589,739,16,0
92,2026-07-22 11:28:41,7561.5,419,464,15,20
92,2026-07-22 11:28:41,7561.75,256,298,0,0
92,2026-07-22 11:28:41,7562,198,205,0,0
92,2026-07-22 11:28:41,7562.25,188,175,0,22
92,2026-07-22 11:28:41,7562.5,178,178,18,56
92,2026-07-22 11:28:41,7562.75,6,37,0,0
93,2026-07-22 11:38:34,7562,30,82,0,0
93,2026-07-22 11:38:34,7561.75,100,125,0,0
93,2026-07-22 11:38:34,7561.5,164,154,0,0
93,2026-07-22 11:38:34,7561.25,264,280,0,10
93,2026-07-22 11:38:34,7561,233,324,0,35
93,2026-07-22 11:38:34,7560.75,216,114,33,0
93,2026-07-22 11:38:34,7560.5,209,273,0,0
93,2026-07-22 11:38:34,7560.25,509,509,0,27
93,2026-07-22 11:38:34,7560,785,623,63,28
93,2026-07-22 11:38:34,7559.75,428,376,0,50
93,2026-07-22 11:38:34,7559.5,124,67,20,0
93,2026-07-22 11:38:34,7559.25,153,67,0,0
93,2026-07-22 11:38:34,7559,184,2,100,0
93,2026-07-22 11:38:34,7558.75,56,20,0,0
93,2026-07-22 11:38:34,7558.5,21,0,0,0
94,2026-07-22 11:46:45,7558.5,851,683,113,40
94,2026-07-22 11:46:45,7558.75,651,832,0,91
94,2026-07-22 11:46:45,7559,353,413,0,0
94,2026-07-22 11:46:45,7558.25,710,370,64,0
94,2026-07-22 11:46:45,7558,369,230,86,11
94,2026-07-22 11:46:45,7559.25,229,215,0,0
94,2026-07-22 11:46:45,7559.5,49,108,0,0
94,2026-07-22 11:46:45,7557.75,318,105,115,0
94,2026-07-22 11:46:45,7557.5,22,0,0,0
95,2026-07-22 11:53:36,7558,276,92,71,0
95,2026-07-22 11:53:36,7558.25,256,264,0,0
95,2026-07-22 11:53:36,7558.5,161,117,0,0
95,2026-07-22 11:53:36,7558.75,52,77,0,0
95,2026-07-22 11:53:36,7557.75,11,0,0,0
95,2026-07-22 11:53:36,7559,18,25,0,0
95,2026-07-22 11:53:36,7559.25,0,44,0,0
95,2026-07-22 11:53:36,7559.5,18,21,0,0
95,2026-07-22 11:53:36,7559.75,0,26,0,0
95,2026-07-22 11:53:36,7560,41,73,0,0
95,2026-07-22 11:53:36,7560.25,95,76,0,0
95,2026-07-22 11:53:36,7560.5,210,197,0,0
95,2026-07-22 11:53:36,7560.75,279,273,0,0
95,2026-07-22 11:53:36,7561,406,421,0,35
95,2026-07-22 11:53:36,7561.25,371,518,0,20
95,2026-07-22 11:53:36,7561.5,338,253,26,0
95,2026-07-22 11:53:36,7561.75,264,377,0,0
95,2026-07-22 11:53:36,7562,188,281,0,0
95,2026-07-22 11:53:36,7562.25,157,193,0,0
95,2026-07-22 11:53:36,7562.5,0,31,0,0
96,2026-07-22 12:01:23,7561.25,37,2,0,0
96,2026-07-22 12:01:23,7561.5,43,55,0,0
96,2026-07-22 12:01:23,7561,53,69,0,0
96,2026-07-22 12:01:23,7560.75,47,36,0,0
96,2026-07-22 12:01:23,7560.5,33,10,0,0
96,2026-07-22 12:01:23,7560.25,50,34,0,0
96,2026-07-22 12:01:23,7560,117,108,0,0
96,2026-07-22 12:01:23,7559.75,171,182,0,0
96,2026-07-22 12:01:23,7559.5,255,115,0,0
96,2026-07-22 12:01:23,7559.25,189,106,10,0
96,2026-07-22 12:01:23,7559,73,53,0,27
96,2026-07-22 12:01:23,7558.75,50,79,0,0
96,2026-07-22 12:01:23,7558.5,105,93,0,0
96,2026-07-22 12:01:23,7558.25,216,212,0,10
96,2026-07-22 12:01:23,7558,487,462,0,0
96,2026-07-22 12:01:23,7557.75,740,443,47,0
96,2026-07-22 12:01:23,7557.5,940,316,335,28
96,2026-07-22 12:01:23,7557.25,216,113,13,0
96,2026-07-22 12:01:23,7557,167,16,37,0
96,2026-07-22 12:01:23,7556.75,7,0,0,0
97,2026-07-22 12:06:22,7557.5,503,255,89,0
97,2026-07-22 12:06:22,7557.75,237,213,0,0
97,2026-07-22 12:06:22,7558,470,372,0,0
97,2026-07-22 12:06:22,7558.25,428,567,0,0
97,2026-07-22 12:06:22,7558.5,348,257,156,0
97,2026-07-22 12:06:22,7557.25,390,218,91,0
97,2026-07-22 12:06:22,7558.75,117,167,0,0
97,2026-07-22 12:06:22,7559,124,107,0,0
97,2026-07-22 12:06:22,7559.25,99,114,0,0
97,2026-07-22 12:06:22,7559.5,111,113,0,0
97,2026-07-22 12:06:22,7559.75,137,125,0,0
97,2026-07-22 12:06:22,7560,5,55,0,0
97,2026-07-22 12:06:22,7557,161,117,0,0
97,2026-07-22 12:06:22,7556.75,122,95,47,0
97,2026-07-22 12:06:22,7556.5,54,2,0,0
97,2026-07-22 12:06:22,7556.25,108,81,0,0
97,2026-07-22 12:06:22,7556,104,84,0,0
97,2026-07-22 12:06:22,7555.75,40,0,0,0
98,2026-07-22 12:14:14,7555.75,338,499,0,0
98,2026-07-22 12:14:14,7555.5,644,557,98,0
98,2026-07-22 12:14:14,7555.25,496,424,27,0
98,2026-07-22 12:14:14,7555,563,417,73,15
98,2026-07-22 12:14:14,7554.75,322,223,0,0
98,2026-07-22 12:14:14,7556,290,252,0,14
98,2026-07-22 12:14:14,7554.5,170,80,0,0
98,2026-07-22 12:14:14,7554.25,65,0,0,0
98,2026-07-22 12:14:14,7556.25,299,280,0,0
98,2026-07-22 12:14:14,7556.5,120,207,0,0
98,2026-07-22 12:14:14,7556.75,83,164,0,20
98,2026-07-22 12:14:14,7557,0,7,0,0
99,2026-07-22 12:18:46,7555.75,87,119,0,0
99,2026-07-22 12:18:46,7555.5,181,75,0,0
99,2026-07-22 12:18:46,7555.25,220,109,11,0
99,2026-07-22 12:18:46,7556,11,59,0,10
99,2026-07-22 12:18:46,7555,442,230,95,0
99,2026-07-22 12:18:46,7554.75,202,257,0,0
99,2026-07-22 12:18:46,7554.5,366,284,0,0
99,2026-07-22 12:18:46,7554.25,328,254,0,10
99,2026-07-22 12:18:46,7554,394,154,85,0
99,2026-07-22 12:18:46,7553.75,162,131,0,10
99,2026-07-22 12:18:46,7553.5,314,167,35,10
99,2026-07-22 12:18:46,7553.25,203,210,0,10
99,2026-07-22 12:18:46,7553,269,199,0,0
99,2026-07-22 12:18:46,7552.75,209,200,0,0
99,2026-07-22 12:18:46,7552.5,145,104,0,0
99,2026-07-22 12:18:46,7552.25,206,138,0,0
99,2026-07-22 12:18:46,7552,71,0,0,0
100,2026-07-22 12:23:07,7552.75,541,316,61,0
100,2026-07-22 12:23:07,7553,508,436,0,36
100,2026-07-22 12:23:07,7553.25,629,583,35,29
100,2026-07-22 12:23:07,7553.5,547,533,85,0
100,2026-07-22 12:23:07,7553.75,251,281,0,0
100,2026-07-22 12:23:07,7554,249,256,0,0
100,2026-07-22 12:23:07,7554.25,110,135,36,0
100,2026-07-22 12:23:07,7552.5,85,35,0,0
100,2026-07-22 12:23:07,7552.25,3,0,0,0
100,2026-07-22 12:23:07,7554.5,66,114,0,0
100,2026-07-22 12:23:07,7554.75,144,161,10,0
100,2026-07-22 12:23:07,7555,95,146,0,0
100,2026-07-22 12:23:07,7555.25,75,171,0,0
100,2026-07-22 12:23:07,7555.5,0,30,0,0
101,2026-07-22 12:29:03,7554.75,122,227,26,0
101,2026-07-22 12:29:03,7554.5,222,201,11,10
101,2026-07-22 12:29:03,7555,46,87,0,22
101,2026-07-22 12:29:03,7554.25,231,175,42,0
101,2026-07-22 12:29:03,7554,268,172,17,16
101,2026-07-22 12:29:03,7553.75,190,190,0,0
101,2026-07-22 12:29:03,7553.5,332,177,108,0
101,2026-07-22 12:29:03,7553.25,287,273,0,0
101,2026-07-22 12:29:03,7553,461,312,92,0
101,2026-07-22 12:29:03,7552.75,224,133,0,0
101,2026-07-22 12:29:03,7555.25,45,130,0,31
101,2026-07-22 12:29:03,7552.5,138,139,0,0
101,2026-07-22 12:29:03,7552.25,113,64,0,0
101,2026-07-22 12:29:03,7552,215,134,50,0
101,2026-07-22 12:29:03,7551.75,148,113,0,0
101,2026-07-22 12:29:03,7551.5,250,143,51,0
101,2026-07-22 12:29:03,7551.25,176,199,0,0
101,2026-07-22 12:29:03,7551,95,57,0,0
101,2026-07-22 12:29:03,7550.75,11,0,0,0
102,2026-07-22 12:35:34,7551.75,200,79,56,11
102,2026-07-22 12:35:34,7552,189,201,0,10
102,2026-07-22 12:35:34,7551.5,1,0,0,0
102,2026-07-22 12:35:34,7552.25,118,119,0,0
102,2026-07-22 12:35:34,7552.5,95,116,0,0
102,2026-07-22 12:35:34,7552.75,70,113,0,0
102,2026-07-22 12:35:34,7553,120,137,16,0
102,2026-07-22 12:35:34,7553.25,137,175,0,0
102,2026-07-22 12:35:34,7553.5,186,168,20,0
102,2026-07-22 12:35:34,7553.75,429,307,0,0
102,2026-07-22 12:35:34,7554,353,306,0,0
102,2026-07-22 12:35:34,7554.25,484,383,0,0
102,2026-07-22 12:35:34,7554.5,300,350,0,0
102,2026-07-22 12:35:34,7554.75,206,220,0,12
102,2026-07-22 12:35:34,7555,61,107,0,0
102,2026-07-22 12:35:34,7555.25,81,112,0,25
102,2026-07-22 12:35:34,7555.5,73,61,0,0
102,2026-07-22 12:35:34,7555.75,74,89,0,0
102,2026-07-22 12:35:34,7556,70,157,0,25
102,2026-07-22 12:35:34,7556.25,0,53,0,0
103,2026-07-22 12:43:23,7553.75,367,424,0,0
103,2026-07-22 12:43:23,7554,236,320,10,31
103,2026-07-22 12:43:23,7554.25,106,61,30,0
103,2026-07-22 12:43:23,7553.5,547,421,0,0
103,2026-07-22 12:43:23,7553.25,334,241,30,0
103,2026-07-22 12:43:23,7553,324,292,0,12
103,2026-07-22 12:43:23,7554.5,65,43,0,0
103,2026-07-22 12:43:23,7554.75,0,52,0,0
103,2026-07-22 12:43:23,7555,0,1,0,0
103,2026-07-22 12:43:23,7552.75,518,296,110,0
103,2026-07-22 12:43:23,7552.5,176,164,0,0
103,2026-07-22 12:43:23,7552.25,256,149,10,0
103,2026-07-22 12:43:23,7552,114,57,10,0
103,2026-07-22 12:43:23,7551.75,106,89,0,0
103,2026-07-22 12:43:23,7551.5,143,91,0,0
103,2026-07-22 12:43:23,7551.25,73,49,0,0
103,2026-07-22 12:43:23,7551,72,48,0,0
103,2026-07-22 12:43:23,7550.75,51,34,0,0
103,2026-07-22 12:43:23,7550.5,142,19,42,0
103,2026-07-22 12:43:23,7550.25,19,0,0,0
104,2026-07-22 12:54:06,7550.25,93,73,0,0
104,2026-07-22 12:54:06,7550,214,157,10,0
104,2026-07-22 12:54:06,7549.75,196,120,24,0
104,2026-07-22 12:54:06,7549.5,132,145,0,0
104,2026-07-22 12:54:06,7550.5,186,226,11,0
104,2026-07-22 12:54:06,7550.75,10,35,0,0
104,2026-07-22 12:54:06,7549.25,180,195,0,17
104,2026-07-22 12:54:06,7549,284,307,50,0
104,2026-07-22 12:54:06,7548.75,347,253,82,0
104,2026-07-22 12:54:06,7548.5,299,352,0,0
104,2026-07-22 12:54:06,7548.25,402,470,10,12
104,2026-07-22 12:54:06,7548,331,125,20,0
104,2026-07-22 12:54:06,7547.75,48,50,0,0
104,2026-07-22 12:54:06,7547.5,34,27,0,0
104,2026-07-22 12:54:06,7547.25,72,90,0,0
104,2026-07-22 12:54:06,7547,71,55,0,0
104,2026-07-22 12:54:06,7546.75,115,104,0,10
104,2026-07-22 12:54:06,7546.5,97,84,0,0
104,2026-07-22 12:54:06,7546.25,303,175,0,0
104,2026-07-22 12:54:06,7546,43,0,0,0
105,2026-07-22 12:57:06,7549.25,49,45,0,0
105,2026-07-22 12:57:06,7549,89,156,0,0
105,2026-07-22 12:57:06,7548.75,185,262,16,0
105,2026-07-22 12:57:06,7548.5,271,342,0,12
105,2026-07-22 12:57:06,7548.25,296,340,0,13
105,2026-07-22 12:57:06,7548,467,442,0,0
105,2026-07-22 12:57:06,7547.75,466,419,29,0
105,2026-07-22 12:57:06,7547.5,514,414,0,0
105,2026-07-22 12:57:06,7547.25,451,435,13,80
105,2026-07-22 12:57:06,7547,295,307,20,201
105,2026-07-22 12:57:06,7549.5,28,66,0,0
105,2026-07-22 12:57:06,7549.75,0,7,0,0
105,2026-07-22 12:57:06,7546.75,107,39,0,0
105,2026-07-22 12:57:06,7546.5,8,0,0,0
106,2026-07-22 13:02:16,7547.5,19,9,0,0
106,2026-07-22 13:02:16,7547.25,22,5,0,0
106,2026-07-22 13:02:16,7547,40,49,0,0
106,2026-07-22 13:02:16,7546.75,26,0,0,0
106,2026-07-22 13:02:16,7546.5,57,77,12,0
106,2026-07-22 13:02:16,7546.25,596,317,245,0
106,2026-07-22 13:02:16,7546,1389,393,1132,13
106,2026-07-22 13:02:16,7545.75,442,387,0,20
106,2026-07-22 13:02:16,7545.5,517,485,0,0
106,2026-07-22 13:02:16,7545.25,417,284,27,0
106,2026-07-22 13:02:16,7545,408,304,20,18
106,2026-07-22 13:02:16,7544.75,109,78,0,13
106,2026-07-22 13:02:16,7544.5,70,0,20,0
107,2026-07-22 13:04:49,7546.25,556,379,29,10
107,2026-07-22 13:04:49,7546.5,282,393,0,0
107,2026-07-22 13:04:49,7546,297,208,0,10
107,2026-07-22 13:04:49,7545.75,236,331,0,0
107,2026-07-22 13:04:49,7545.5,176,140,0,0
107,2026-07-22 13:04:49,7545.25,135,62,0,0
107,2026-07-22 13:04:49,7545,101,13,29,0
107,2026-07-22 13:04:49,7546.75,304,358,0,0
107,2026-07-22 13:04:49,7547,197,320,0,0
107,2026-07-22 13:04:49,7547.25,107,130,0,0
107,2026-07-22 13:04:49,7547.5,165,131,0,0
107,2026-07-22 13:04:49,7547.75,32,58,0,0
107,2026-07-22 13:04:49,7548,108,100,0,0
107,2026-07-22 13:04:49,7548.25,79,163,0,21
107,2026-07-22 13:04:49,7548.5,47,30,0,0
107,2026-07-22 13:04:49,7548.75,78,93,0,0
107,2026-07-22 13:04:49,7549,45,107,0,0
107,2026-07-22 13:04:49,7549.25,78,205,0,81
107,2026-07-22 13:04:49,7549.5,0,7,0,0
107,2026-07-22 13:04:49,7544.75,75,78,0,0
107,2026-07-22 13:04:49,7544.5,63,25,0,0
107,2026-07-22 13:04:49,7544.25,8,0,0,0
108,2026-07-22 13:10:09,7544.75,57,103,0,0
108,2026-07-22 13:10:09,7544.5,161,266,0,71
108,2026-07-22 13:10:09,7544.25,215,285,0,0
108,2026-07-22 13:10:09,7544,313,233,69,0
108,2026-07-22 13:10:09,7545,163,172,0,0
108,2026-07-22 13:10:09,7545.25,52,124,0,0
108,2026-07-22 13:10:09,7545.5,146,169,0,17
108,2026-07-22 13:10:09,7545.75,180,209,0,0
108,2026-07-22 13:10:09,7546,83,142,0,0
108,2026-07-22 13:10:09,7546.25,0,15,0,0
108,2026-07-22 13:10:09,7543.75,392,339,0,0
108,2026-07-22 13:10:09,7543.5,454,349,0,0
108,2026-07-22 13:10:09,7543.25,333,276,0,0
108,2026-07-22 13:10:09,7543,305,250,16,0
108,2026-07-22 13:10:09,7542.75,158,139,0,0
108,2026-07-22 13:10:09,7542.5,62,62,0,0
108,2026-07-22 13:10:09,7542.25,243,50,11,0
109,2026-07-22 13:15:24,7543.25,157,174,10,0
109,2026-07-22 13:15:24,7543.5,241,204,16,0
109,2026-07-22 13:15:24,7543.75,121,203,0,0
109,2026-07-22 13:15:24,7543,180,226,0,0
109,2026-07-22 13:15:24,7542.75,83,64,0,0
109,2026-07-22 13:15:24,7542.5,1,0,0,0
109,2026-07-22 13:15:24,7544,179,208,10,0
109,2026-07-22 13:15:24,7544.25,260,296,10,0
109,2026-07-22 13:15:24,7544.5,248,479,0,85
109,2026-07-22 13:15:24,7544.75,338,406,10,15
109,2026-07-22 13:15:24,7545,115,257,0,0
109,2026-07-22 13:15:24,7545.25,173,250,0,0
109,2026-07-22 13:15:24,7545.5,133,190,0,16
109,2026-07-22 13:15:24,7545.75,212,196,0,19
109,2026-07-22 13:15:24,7546,157,273,0,25
109,2026-07-22 13:15:24,7546.25,19,142,0,10
109,2026-07-22 13:15:24,7546.5,49,127,0,0
109,2026-07-22 13:15:24,7546.75,24,37,0,0
109,2026-07-22 13:15:24,7547,16,37,0,0
109,2026-07-22 13:15:24,7547.25,0,22,0,0
110,2026-07-22 13:21:08,7547.25,58,104,0,10
110,2026-07-22 13:21:08,7547.5,80,86,0,20
110,2026-07-22 13:21:08,7547.75,121,205,0,25
110,2026-07-22 13:21:08,7548,0,11,0,0
110,2026-07-22 13:21:08,7547,109,176,0,0
110,2026-07-22 13:21:08,7546.75,102,241,0,23
110,2026-07-22 13:21:08,7546.5,219,169,0,0
110,2026-07-22 13:21:08,7546.25,52,152,0,0
110,2026-07-22 13:21:08,7546,217,258,0,0
110,2026-07-22 13:21:08,7545.75,451,437,109,0
110,2026-07-22 13:21:08,7545.5,388,504,0,11
110,2026-07-22 13:21:08,7545.25,449,303,0,0
110,2026-07-22 13:21:08,7545,333,268,0,0
110,2026-07-22 13:21:08,7544.75,276,285,0,0
110,2026-07-22 13:21:08,7544.5,191,140,0,0
110,2026-07-22 13:21:08,7544.25,67,46,0,0
110,2026-07-22 13:21:08,7544,5,0,0,0
111,2026-07-22 13:28:37,7546.75,68,53,0,0
111,2026-07-22 13:28:37,7547,184,319,0,47
111,2026-07-22 13:28:37,7547.25,217,318,0,11
111,2026-07-22 13:28:37,7547.5,151,210,0,0
111,2026-07-22 13:28:37,7547.75,112,214,0,0
111,2026-07-22 13:28:37,7548,0,48,0,0
111,2026-07-22 13:28:37,7548.25,0,19,0,0
111,2026-07-22 13:28:37,7546.5,27,65,0,0
111,2026-07-22 13:28:37,7546.25,179,275,0,62
111,2026-07-22 13:28:37,7546,237,180,10,0
111,2026-07-22 13:28:37,7545.75,218,171,0,0
111,2026-07-22 13:28:37,7545.5,235,128,0,11
111,2026-07-22 13:28:37,7545.25,199,249,0,0
111,2026-07-22 13:28:37,7545,297,137,17,0
111,2026-07-22 13:28:37,7544.75,110,43,0,0
111,2026-07-22 13:28:37,7544.5,37,14,14,0
111,2026-07-22 13:28:37,7544.25,99,123,0,0
111,2026-07-22 13:28:37,7544,313,230,0,0
111,2026-07-22 13:28:37,7543.75,336,222,11,0
111,2026-07-22 13:28:37,7543.5,120,335,0,207
111,2026-07-22 13:28:37,7543.25,8,0,0,0
112,2026-07-22 13:32:01,7543.75,308,346,0,0
112,2026-07-22 13:32:01,7543.5,429,326,20,15
112,2026-07-22 13:32:01,7544,165,114,0,0
112,2026-07-22 13:32:01,7544.25,269,217,0,0
112,2026-07-22 13:32:01,7543.25,346,245,44,20
112,2026-07-22 13:32:01,7543,144,52,0,0
112,2026-07-22 13:32:01,7542.75,50,0,0,0
112,2026-07-22 13:32:01,7542.5,57,0,0,0
112,2026-07-22 13:32:01,7544.5,344,303,0,0
112,2026-07-22 13:32:01,7544.75,158,220,0,20
112,2026-07-22 13:32:01,7545,110,200,29,0
112,2026-07-22 13:32:01,7545.25,23,39,0,0
112,2026-07-22 13:32:01,7545.5,0,17,0,0
112,2026-07-22 13:32:01,7545.75,68,62,0,0
112,2026-07-22 13:32:01,7546,161,131,0,0
112,2026-07-22 13:32:01,7546.25,202,287,0,0
112,2026-07-22 13:32:01,7546.5,241,280,10,0
112,2026-07-22 13:32:01,7546.75,160,293,20,10
112,2026-07-22 13:32:01,7547,52,81,0,0
113,2026-07-22 13:37:24,7546.5,206,230,0,78
113,2026-07-22 13:37:24,7546.25,489,676,0,78
113,2026-07-22 13:37:24,7546,579,386,0,0
113,2026-07-22 13:37:24,7545.75,553,780,27,317
113,2026-07-22 13:37:24,7546.75,268,140,13,0
113,2026-07-22 13:37:24,7545.5,570,543,12,0
113,2026-07-22 13:37:24,7545.25,380,221,45,0
113,2026-07-22 13:37:24,7547,67,94,0,16
113,2026-07-22 13:37:24,7545,161,108,0,0
113,2026-07-22 13:37:24,7544.75,16,0,0,0
113,2026-07-22 13:37:24,7547.25,0,33,0,0
114,2026-07-22 13:44:03,7545.5,511,398,0,0
114,2026-07-22 13:44:03,7545.75,415,927,0,520
114,2026-07-22 13:44:03,7545.25,133,115,0,0
114,2026-07-22 13:44:03,7545,4,0,0,0
114,2026-07-22 13:44:03,7546,174,156,0,0
114,2026-07-22 13:44:03,7546.25,160,149,0,0
114,2026-07-22 13:44:03,7546.5,285,302,0,15
114,2026-07-22 13:44:03,7546.75,354,375,0,0
114,2026-07-22 13:44:03,7547,214,363,0,106
114,2026-07-22 13:44:03,7547.25,209,212,0,0
114,2026-07-22 13:44:03,7547.5,180,195,0,0
114,2026-07-22 13:44:03,7547.75,163,107,0,0
114,2026-07-22 13:44:03,7548,16,36,0,0
114,2026-07-22 13:44:03,7548.25,79,147,0,0
114,2026-07-22 13:44:03,7548.5,0,60,0,0
114,2026-07-22 13:44:03,7548.75,1,51,0,0
114,2026-07-22 13:44:03,7549,0,9,0,0
115,2026-07-22 13:49:07,7546.5,11,68,0,0
115,2026-07-22 13:49:07,7546.25,172,300,0,0
115,2026-07-22 13:49:07,7546,165,155,0,0
115,2026-07-22 13:49:07,7545.75,104,168,0,0
115,2026-07-22 13:49:07,7545.5,193,167,0,0
115,2026-07-22 13:49:07,7545.25,220,208,0,0
115,2026-07-22 13:49:07,7545,414,413,39,0
115,2026-07-22 13:49:07,7544.75,332,324,0,0
115,2026-07-22 13:49:07,7544.5,377,301,0,10
115,2026-07-22 13:49:07,7544.25,330,325,0,0
115,2026-07-22 13:49:07,7544,196,223,0,0
115,2026-07-22 13:49:07,7543.75,163,122,48,20
115,2026-07-22 13:49:07,7543.5,11,0,0,0
115,2026-07-22 13:49:07,7546.75,28,74,0,0
115,2026-07-22 13:49:07,7547,34,46,0,0
115,2026-07-22 13:49:07,7547.25,28,122,0,51
115,2026-07-22 13:49:07,7547.5,4,49,0,0
115,2026-07-22 13:49:07,7547.75,30,114,0,0
115,2026-07-22 13:49:07,7548,39,221,0,0
115,2026-07-22 13:49:07,7548.25,0,98,0,0
116,2026-07-22 13:54:45,7548.25,184,657,0,240
116,2026-07-22 13:54:45,7548.5,0,45,0,0
116,2026-07-22 13:54:45,7548,501,655,117,96
116,2026-07-22 13:54:45,7547.75,503,488,0,0
116,2026-07-22 13:54:45,7547.5,614,633,0,22
116,2026-07-22 13:54:45,7547.25,382,383,0,0
116,2026-07-22 13:54:45,7547,375,259,0,0
116,2026-07-22 13:54:45,7546.75,219,184,0,0
116,2026-07-22 13:54:45,7546.5,180,152,0,10
116,2026-07-22 13:54:45,7546.25,162,63,0,0
116,2026-07-22 13:54:45,7546,12,0,0,0
117,2026-07-22 14:00:30,7546.5,216,273,0,44
117,2026-07-22 14:00:30,7546.25,293,214,0,0
117,2026-07-22 14:00:30,7546.75,146,213,0,0
117,2026-07-22 14:00:30,7546,131,126,0,0
117,2026-07-22 14:00:30,7545.75,191,169,0,0
117,2026-07-22 14:00:30,7547,59,127,0,0
117,2026-07-22 14:00:30,7545.5,249,182,0,10
117,2026-07-22 14:00:30,7545.25,266,186,40,20
117,2026-07-22 14:00:30,7545,415,323,0,0
117,2026-07-22 14:00:30,7544.75,318,460,10,22
117,2026-07-22 14:00:30,7544.5,544,336,33,0
117,2026-07-22 14:00:30,7544.25,478,200,10,0
117,2026-07-22 14:00:30,7544,385,0,295,0
118,2026-07-22 14:05:04,7545.25,411,402,10,0
118,2026-07-22 14:05:04,7545,586,642,0,0
118,2026-07-22 14:05:04,7544.75,350,279,19,0
118,2026-07-22 14:05:04,7545.5,385,449,0,0
118,2026-07-22 14:05:04,7545.75,121,247,0,0
118,2026-07-22 14:05:04,7544.5,290,254,0,0
118,2026-07-22 14:05:04,7544.25,354,309,0,0
118,2026-07-22 14:05:04,7544,167,73,0,0
118,2026-07-22 14:05:04,7546,45,90,0,0
118,2026-07-22 14:05:04,7543.75,79,13,30,0
118,2026-07-22 14:05:04,7543.5,112,108,0,0
118,2026-07-22 14:05:04,7543.25,267,254,10,0
118,2026-07-22 14:05:04,7543,132,56,0,0
118,2026-07-22 14:05:04,7542.75,25,0,0,0
119,2026-07-22 14:11:55,7543.25,102,90,0,0
119,2026-07-22 14:11:55,7543.5,0,3,0,0
119,2026-07-22 14:11:55,7543,58,98,0,0
119,2026-07-22 14:11:55,7542.75,129,132,0,0
119,2026-07-22 14:11:55,7542.5,378,300,0,0
119,2026-07-22 14:11:55,7542.25,315,412,0,0
119,2026-07-22 14:11:55,7542,798,886,30,47
119,2026-07-22 14:11:55,7541.75,641,466,0,0
119,2026-07-22 14:11:55,7541.5,404,342,32,11
119,2026-07-22 14:11:55,7541.25,315,330,38,63
119,2026-07-22 14:11:55,7541,208,78,55,27
119,2026-07-22 14:11:55,7540.75,15,0,0,0
120,2026-07-22 14:15:39,7542.5,168,230,0,15
120,2026-07-22 14:15:39,7542.25,310,337,14,10
120,2026-07-22 14:15:39,7542,133,42,10,0
120,2026-07-22 14:15:39,7541.75,189,167,28,0
120,2026-07-22 14:15:39,7542.75,243,207,0,0
120,2026-07-22 14:15:39,7543,274,315,0,16
120,2026-07-22 14:15:39,7543.25,545,349,63,0
120,2026-07-22 14:15:39,7543.5,372,322,0,0
120,2026-07-22 14:15:39,7543.75,381,430,58,17
120,2026-07-22 14:15:39,7544,216,323,0,44
120,2026-07-22 14:15:39,7544.25,37,105,0,0
120,2026-07-22 14:15:39,7544.5,55,82,0,0
120,2026-07-22 14:15:39,7544.75,0,3,0,0
120,2026-07-22 14:15:39,7541.5,76,19,35,0
120,2026-07-22 14:15:39,7541.25,123,129,0,0
120,2026-07-22 14:15:39,7541,189,118,0,0
120,2026-07-22 14:15:39,7540.75,11,0,0,0
121,2026-07-22 14:21:54,7541.75,124,200,0,0
121,2026-07-22 14:21:54,7541.5,326,273,11,0
121,2026-07-22 14:21:54,7542,121,81,0,0
121,2026-07-22 14:21:54,7541.25,153,151,0,0
121,2026-07-22 14:21:54,7542.25,188,167,0,0
121,2026-07-22 14:21:54,7542.5,244,328,11,0
121,2026-07-22 14:21:54,7542.75,145,236,0,0
121,2026-07-22 14:21:54,7543,0,35,0,0
121,2026-07-22 14:21:54,7541,181,113,0,0
121,2026-07-22 14:21:54,7540.75,199,152,11,0
121,2026-07-22 14:21:54,7540.5,408,406,25,0
121,2026-07-22 14:21:54,7540.25,510,247,48,0
121,2026-07-22 14:21:54,7540,316,159,49,17
121,2026-07-22 14:21:54,7539.75,191,174,0,0
121,2026-07-22 14:21:54,7539.5,206,115,0,0
121,2026-07-22 14:21:54,7539.25,221,97,48,0
121,2026-07-22 14:21:54,7539,33,0,0,0
122,2026-07-22 14:27:13,7540.75,206,214,0,0
122,2026-07-22 14:27:13,7540.5,356,281,0,20
122,2026-07-22 14:27:13,7540.25,152,81,0,0
122,2026-07-22 14:27:13,7541,202,184,0,0
122,2026-07-22 14:27:13,7541.25,100,106,0,0
122,2026-07-22 14:27:13,7541.5,264,344,0,22
122,2026-07-22 14:27:13,7541.75,147,174,0,0
122,2026-07-22 14:27:13,7542,120,154,0,0
122,2026-07-22 14:27:13,7542.25,235,259,0,0
122,2026-07-22 14:27:13,7542.5,171,158,0,0
122,2026-07-22 14:27:13,7542.75,184,190,0,0
122,2026-07-22 14:27:13,7543,251,286,0,0
122,2026-07-22 14:27:13,7543.25,438,441,167,0
122,2026-07-22 14:27:13,7543.5,215,279,0,0
122,2026-07-22 14:27:13,7543.75,5,148,0,0
122,2026-07-22 14:27:13,7544,0,86,0,0
122,2026-07-22 14:27:13,7544.25,0,52,0,0
122,2026-07-22 14:27:13,7540,17,0,0,0
123,2026-07-22 14:31:06,7540.5,677,526,0,0
123,2026-07-22 14:31:06,7540.75,661,470,46,0
123,2026-07-22 14:31:06,7541,225,275,0,0
123,2026-07-22 14:31:06,7540.25,620,660,0,288
123,2026-07-22 14:31:06,7541.25,190,235,0,0
123,2026-07-22 14:31:06,7540,453,393,20,10
123,2026-07-22 14:31:06,7539.75,281,319,0,0
123,2026-07-22 14:31:06,7541.5,0,12,0,0
123,2026-07-22 14:31:06,7539.5,316,180,0,0
123,2026-07-22 14:31:06,7539.25,7,0,0,0
124,2026-07-22 14:35:21,7540.25,135,94,0,0
124,2026-07-22 14:35:21,7540.5,0,26,0,0
124,2026-07-22 14:35:21,7540,89,44,10,0
124,2026-07-22 14:35:21,7539.75,53,24,0,0
124,2026-07-22 14:35:21,7539.5,36,21,0,0
124,2026-07-22 14:35:21,7539.25,178,256,0,0
124,2026-07-22 14:35:21,7539,311,284,32,0
124,2026-07-22 14:35:21,7538.75,321,361,21,0
124,2026-07-22 14:35:21,7538.5,468,450,21,0
124,2026-07-22 14:35:21,7538.25,511,369,21,14
124,2026-07-22 14:35:21,7538,428,335,0,43
124,2026-07-22 14:35:21,7537.75,245,206,0,0
124,2026-07-22 14:35:21,7537.5,160,72,0,0
124,2026-07-22 14:35:21,7537.25,130,78,10,0
124,2026-07-22 14:35:21,7537,144,66,12,10
124,2026-07-22 14:35:21,7536.75,127,48,0,0
124,2026-07-22 14:35:21,7536.5,220,143,10,0
124,2026-07-22 14:35:21,7536.25,45,22,0,0
125,2026-07-22 14:39:03,7536.75,218,186,10,0
125,2026-07-22 14:39:03,7537,165,362,0,220
125,2026-07-22 14:39:03,7537.25,319,271,22,0
125,2026-07-22 14:39:03,7537.5,627,530,38,11
125,2026-07-22 14:39:03,7536.5,46,32,0,0
125,2026-07-22 14:39:03,7536.25,103,76,0,10
125,2026-07-22 14:39:03,7537.75,287,392,10,0
125,2026-07-22 14:39:03,7538,131,375,0,0
125,2026-07-22 14:39:03,7538.25,217,281,35,22
125,2026-07-22 14:39:03,7538.5,48,184,0,0
125,2026-07-22 14:39:03,7538.75,79,83,18,0
125,2026-07-22 14:39:03,7539,164,200,11,0
125,2026-07-22 14:39:03,7539.25,41,183,0,0
125,2026-07-22 14:39:03,7539.5,35,66,0,0
125,2026-07-22 14:39:03,7539.75,139,227,0,23
125,2026-07-22 14:39:03,7540,58,148,0,0
125,2026-07-22 14:39:03,7540.25,114,105,15,0
125,2026-07-22 14:39:03,7540.5,0,8,0,0
126,2026-07-22 14:42:29,7540.25,87,146,0,50
126,2026-07-22 14:42:29,7540.5,331,189,93,0
126,2026-07-22 14:42:29,7540.75,389,341,74,0
126,2026-07-22 14:42:29,7540,25,0,0,0
126,2026-07-22 14:42:29,7541,1161,865,156,20
126,2026-07-22 14:42:29,7541.25,512,549,63,0
126,2026-07-22 14:42:29,7541.5,160,200,0,0
126,2026-07-22 14:42:29,7541.75,105,110,0,0
126,2026-07-22 14:42:29,7542,259,323,21,10
126,2026-07-22 14:42:29,7542.25,204,274,0,0
126,2026-07-22 14:42:29,7542.5,42,84,10,0
126,2026-07-22 14:42:29,7542.75,34,98,0,16
126,2026-07-22 14:42:29,7543,0,12,0,0
127,2026-07-22 14:45:58,7541,207,326,17,37
127,2026-07-22 14:45:58,7540.75,378,225,21,11
127,2026-07-22 14:45:58,7540.5,173,52,21,0
127,2026-07-22 14:45:58,7541.25,234,166,11,0
127,2026-07-22 14:45:58,7541.5,317,155,0,0
127,2026-07-22 14:45:58,7541.75,393,299,20,0
127,2026-07-22 14:45:58,7542,227,383,21,10
127,2026-07-22 14:45:58,7542.25,172,137,11,0
127,2026-07-22 14:45:58,7540.25,10,0,0,0
127,2026-07-22 14:45:58,7542.5,448,575,30,39
127,2026-07-22 14:45:58,7542.75,181,464,25,42
127,2026-07-22 14:45:58,7543,241,231,0,46
127,2026-07-22 14:45:58,7543.25,33,122,0,0
127,2026-07-22 14:45:58,7543.5,0,78,0,0
127,2026-07-22 14:45:58,7543.75,1,85,0,0
127,2026-07-22 14:45:58,7544,0,85,0,0
127,2026-07-22 14:45:58,7544.25,0,87,0,12
127,2026-07-22 14:45:58,7544.5,0,15,0,0
128,2026-07-22 14:49:54,7542.75,193,124,11,0
128,2026-07-22 14:49:54,7543,245,140,24,0
128,2026-07-22 14:49:54,7542.5,122,52,0,0
128,2026-07-22 14:49:54,7543.25,203,265,23,18
128,2026-07-22 14:49:54,7543.5,149,121,0,0
128,2026-07-22 14:49:54,7543.75,24,79,0,0
128,2026-07-22 14:49:54,7544,36,23,0,0
128,2026-07-22 14:49:54,7544.25,51,19,0,0
128,2026-07-22 14:49:54,7544.5,70,55,18,0
128,2026-07-22 14:49:54,7544.75,73,46,0,0
128,2026-07-22 14:49:54,7545,119,160,0,14
128,2026-07-22 14:49:54,7545.25,262,232,63,0
128,2026-07-22 14:49:54,7545.5,194,250,11,0
128,2026-07-22 14:49:54,7545.75,169,226,0,0
128,2026-07-22 14:49:54,7546,16,77,0,0
128,2026-07-22 14:49:54,7546.25,0,19,0,0
128,2026-07-22 14:49:54,7542.25,188,117,0,0
128,2026-07-22 14:49:54,7542,127,158,10,0
128,2026-07-22 14:49:54,7541.75,361,405,10,0
128,2026-07-22 14:49:54,7541.5,344,223,10,15
128,2026-07-22 14:49:54,7541.25,274,278,10,0
128,2026-07-22 14:49:54,7541,136,68,0,0
128,2026-07-22 14:49:54,7540.75,7,0,0,0
129,2026-07-22 14:51:04,7541.5,130,103,11,0
129,2026-07-22 14:51:04,7541.25,75,88,0,0
129,2026-07-22 14:51:04,7541.75,367,366,32,0
129,2026-07-22 14:51:04,7542,130,330,0,46
129,2026-07-22 14:51:04,7542.25,349,266,32,26
129,2026-07-22 14:51:04,7542.5,444,367,21,21
129,2026-07-22 14:51:04,7541,63,71,0,0
129,2026-07-22 14:51:04,7540.75,123,176,21,10
129,2026-07-22 14:51:04,7540.5,303,206,0,0
129,2026-07-22 14:51:04,7540.25,303,280,0,0
129,2026-07-22 14:51:04,7540,111,0,21,0
129,2026-07-22 14:51:04,7542.75,235,329,0,0
129,2026-07-22 14:51:04,7543,208,240,0,0
129,2026-07-22 14:51:04,7543.25,111,110,0,0
129,2026-07-22 14:51:04,7543.5,87,94,10,0
129,2026-07-22 14:51:04,7543.75,136,141,13,0
129,2026-07-22 14:51:04,7544,52,55,11,0
129,2026-07-22 14:51:04,7544.25,12,32,0,10
130,2026-07-22 14:53:56,7542.75,66,20,10,0
130,2026-07-22 14:53:56,7542.5,76,150,0,0
130,2026-07-22 14:53:56,7542.25,165,162,30,0
130,2026-07-22 14:53:56,7542,187,148,10,0
130,2026-07-22 14:53:56,7541.75,147,68,0,0
130,2026-07-22 14:53:56,7541.5,112,125,10,10
130,2026-07-22 14:53:56,7541.25,348,385,35,0
130,2026-07-22 14:53:56,7541,525,297,34,0
130,2026-07-22 14:53:56,7540.75,427,318,13,0
130,2026-07-22 14:53:56,7540.5,378,248,21,0
130,2026-07-22 14:53:56,7540.25,310,305,0,11
130,2026-07-22 14:53:56,7540,56,59,0,0
130,2026-07-22 14:53:56,7539.75,148,189,27,0
130,2026-07-22 14:53:56,7539.5,289,279,21,0
130,2026-07-22 14:53:56,7539.25,152,153,11,20
130,2026-07-22 14:53:56,7539,72,69,0,14
130,2026-07-22 14:53:56,7538.75,28,40,0,12
130,2026-07-22 14:53:56,7538.5,6,0,0,0
131,2026-07-22 14:55:32,7539.75,159,177,0,0
131,2026-07-22 14:55:32,7540,163,202,58,0
131,2026-07-22 14:55:32,7539.5,100,101,0,0
131,2026-07-22 14:55:32,7540.25,105,174,0,10
131,2026-07-22 14:55:32,7540.5,216,282,13,20
131,2026-07-22 14:55:32,7540.75,275,241,24,0
131,2026-07-22 14:55:32,7539.25,79,73,0,0
131,2026-07-22 14:55:32,7539,38,4,0,0
131,2026-07-22 14:55:32,7541,287,472,46,0
131,2026-07-22 14:55:32,7541.25,355,350,44,0
131,2026-07-22 14:55:32,7541.5,312,452,21,0
131,2026-07-22 14:55:32,7541.75,126,215,44,0
131,2026-07-22 14:55:32,7542,65,93,31,13
131,2026-07-22 14:55:32,7542.25,85,92,0,0
131,2026-07-22 14:55:32,7542.5,47,104,0,0
131,2026-07-22 14:55:32,7542.75,108,74,0,0
131,2026-07-22 14:55:32,7543,249,319,0,10
131,2026-07-22 14:55:32,7543.25,114,182,29,0
131,2026-07-22 14:55:32,7543.5,0,4,0,0
132,2026-07-22 14:57:28,7543,419,344,86,0
132,2026-07-22 14:57:28,7542.75,144,202,0,15
132,2026-07-22 14:57:28,7542.5,152,169,30,10
132,2026-07-22 14:57:28,7542.25,205,131,0,0
132,2026-07-22 14:57:28,7543.25,292,364,72,0
132,2026-07-22 14:57:28,7543.5,336,312,67,0
132,2026-07-22 14:57:28,7543.75,565,455,107,0
132,2026-07-22 14:57:28,7544,169,223,10,0
132,2026-07-22 14:57:28,7544.25,230,365,10,0
132,2026-07-22 14:57:28,7544.5,163,258,16,10
132,2026-07-22 14:57:28,7544.75,44,112,0,19
132,2026-07-22 14:57:28,7545,149,98,19,15
132,2026-07-22 14:57:28,7545.25,215,373,24,23
132,2026-07-22 14:57:28,7545.5,0,17,0,0
133,2026-07-22 14:58:36,7545,171,170,58,15
133,2026-07-22 14:58:36,7545.25,0,97,0,0
133,2026-07-22 14:58:36,7544.75,160,239,39,34
133,2026-07-22 14:58:36,7544.5,448,776,0,82
133,2026-07-22 14:58:36,7544.25,441,328,30,35
133,2026-07-22 14:58:36,7544,144,242,0,38
133,2026-07-22 14:58:36,7543.75,202,162,30,11
133,2026-07-22 14:58:36,7543.5,280,144,37,28
133,2026-07-22 14:58:36,7543.25,153,242,0,143
133,2026-07-22 14:58:36,7543,110,344,22,124
133,2026-07-22 14:58:36,7542.75,429,424,48,72
133,2026-07-22 14:58:36,7542.5,183,146,0,23
133,2026-07-22 14:58:36,7542.25,95,48,16,0
133,2026-07-22 14:58:36,7542,99,100,10,12
133,2026-07-22 14:58:36,7541.75,8,0,0,0
133,2026-07-22 14:58:36,7545.5,0,91,0,0
133,2026-07-22 14:58:36,7545.75,0,24,0,0
134,2026-07-22 14:59:03,7544.25,247,503,12,10
134,2026-07-22 14:59:03,7544,589,562,192,22
134,2026-07-22 14:59:03,7544.5,9,88,0,0
134,2026-07-22 14:59:03,7543.75,677,760,92,89
134,2026-07-22 14:59:03,7543.5,608,871,26,94
134,2026-07-22 14:59:03,7543.25,347,131,11,0
134,2026-07-22 14:59:03,7543,3,0,0,0
134,2026-07-22 14:59:03,7544.75,229,317,0,22
134,2026-07-22 14:59:03,7545,40,176,0,31
134,2026-07-22 14:59:03,7545.25,97,190,0,0
134,2026-07-22 14:59:03,7545.5,0,55,0,0
135,2026-07-22 14:59:32,7545.5,189,251,23,24
135,2026-07-22 14:59:32,7545.75,0,12,0,0
135,2026-07-22 14:59:32,7545.25,223,20,92,0
135,2026-07-22 14:59:32,7545,140,97,66,0
135,2026-07-22 14:59:32,7544.75,436,121,109,0
135,2026-07-22 14:59:32,7544.5,159,7,63,0
135,2026-07-22 14:59:32,7544.25,328,373,59,57
135,2026-07-22 14:59:32,7544,546,408,103,90
135,2026-07-22 14:59:32,7543.75,468,591,82,35
135,2026-07-22 14:59:32,7543.5,381,404,42,13
135,2026-07-22 14:59:32,7543.25,496,299,114,41
135,2026-07-22 14:59:32,7543,345,181,103,26
135,2026-07-22 14:59:32,7542.75,26,0,0,0
136,2026-07-22 14:59:45,7543,62,168,0,0
136,2026-07-22 14:59:45,7542.75,157,68,82,0
136,2026-07-22 14:59:45,7543.25,0,6,0,0
136,2026-07-22 14:59:45,7542.5,195,353,30,20
136,2026-07-22 14:59:45,7542.25,271,133,20,0
136,2026-07-22 14:59:45,7542,272,145,63,11
136,2026-07-22 14:59:45,7541.75,109,115,0,21
136,2026-07-22 14:59:45,7541.5,319,263,21,12
136,2026-07-22 14:59:45,7541.25,272,153,31,20
136,2026-07-22 14:59:45,7541,142,123,26,31
136,2026-07-22 14:59:45,7540.75,254,161,39,10
136,2026-07-22 14:59:45,7540.5,211,164,19,11
136,2026-07-22 14:59:45,7540.25,77,111,0,10
136,2026-07-22 14:59:45,7540,263,210,21,12
136,2026-07-22 14:59:45,7539.75,146,300,0,33
136,2026-07-22 14:59:45,7539.5,327,252,11,14
136,2026-07-22 14:59:45,7539.25,271,366,10,72
136,2026-07-22 14:59:45,7539,61,0,0,0
137,2026-07-22 14:59:51,7540.75,204,400,26,99
137,2026-07-22 14:59:51,7541,281,358,29,57
137,2026-07-22 14:59:51,7541.25,306,446,31,55
137,2026-07-22 14:59:51,7540.5,420,595,25,85
137,2026-07-22 14:59:51,7541.5,21,84,0,20
137,2026-07-22 14:59:51,7540.25,252,92,28,0
137,2026-07-22 14:59:51,7540,243,322,85,65
137,2026-07-22 14:59:51,7539.75,340,333,32,43
137,2026-07-22 14:59:51,7539.5,98,7,0,0
137,2026-07-22 14:59:51,7539.25,105,211,0,12
137,2026-07-22 14:59:51,7539,512,477,50,47
137,2026-07-22 14:59:51,7538.75,300,51,58,0
137,2026-07-22 14:59:51,7538.5,38,0,0,0
138,2026-07-22 14:59:55,7539,192,248,12,51
138,2026-07-22 14:59:55,7539.25,0,49,0,0
138,2026-07-22 14:59:55,7538.75,176,265,16,72
138,2026-07-22 14:59:55,7538.5,636,526,128,86
138,2026-07-22 14:59:55,7538.25,672,767,205,214
138,2026-07-22 14:59:55,7538,598,388,140,99
138,2026-07-22 14:59:55,7537.75,255,276,24,53
138,2026-07-22 14:59:55,7537.5,341,335,29,12
138,2026-07-22 14:59:55,7537.25,237,146,24,42
138,2026-07-22 14:59:55,7537,263,110,162,10
138,2026-07-22 14:59:55,7536.75,18,0,0,0
139,2026-07-22 14:59:58,7538.25,86,175,44,55
139,2026-07-22 14:59:58,7538,335,343,79,116
139,2026-07-22 14:59:58,7537.75,209,105,30,0
139,2026-07-22 14:59:58,7538.5,0,2,0,0
139,2026-07-22 14:59:58,7537.5,159,112,33,29
139,2026-07-22 14:59:58,7537.25,212,223,12,71
139,2026-07-22 14:59:58,7537,372,298,66,63
139,2026-07-22 14:59:58,7536.75,510,607,102,154
139,2026-07-22 14:59:58,7536.5,772,418,209,48
139,2026-07-22 14:59:58,7536.25,491,269,81,28
139,2026-07-22 14:59:58,7536,484,147,157,10
139,2026-07-22 14:59:58,7535.75,174,0,56,0
140,2026-07-22 14:59:59,7536.25,193,391,0,47
140,2026-07-22 14:59:59,7536.5,118,113,0,14
140,2026-07-22 14:59:59,7536,87,0,0,0
140,2026-07-22 14:59:59,7536.75,50,137,15,25
140,2026-07-22 14:59:59,7537,164,205,26,69
140,2026-07-22 14:59:59,7537.25,116,352,10,36
140,2026-07-22 14:59:59,7537.5,84,187,0,48
140,2026-07-22 14:59:59,7537.75,199,356,11,102
140,2026-07-22 14:59:59,7538,199,230,17,11
140,2026-07-22 14:59:59,7538.25,243,269,35,12
140,2026-07-22 14:59:59,7538.5,120,151,0,0
140,2026-07-22 14:59:59,7538.75,142,117,0,26
140,2026-07-22 14:59:59,7539,91,97,19,12
140,2026-07-22 14:59:59,7539.25,72,62,0,0
140,2026-07-22 14:59:59,7539.5,89,81,0,0
140,2026-07-22 14:59:59,7539.75,11,78,0,10
140,2026-07-22 14:59:59,7540,48,46,0,0
140,2026-07-22 14:59:59,7540.25,66,66,40,0
140,2026-07-22 14:59:59,7540.5,52,66,0,0
140,2026-07-22 14:59:59,7540.75,187,107,0,25
140,2026-07-22 14:59:59,7541,38,73,0,0
140,2026-07-22 14:59:59,7541.25,77,90,0,0
140,2026-07-22 14:59:59,7541.5,185,62,0,0
140,2026-07-22 14:59:59,7541.75,43,47,0,0
140,2026-07-22 14:59:59,7542,19,61,0,0
140,2026-07-22 14:59:59,7542.25,21,59,0,0
140,2026-07-22 14:59:59,7542.5,10,36,0,0
140,2026-07-22 14:59:59,7542.75,6,26,0,0
140,2026-07-22 14:59:59,7543,3,29,0,0
140,2026-07-22 14:59:59,7543.25,6,38,0,0
140,2026-07-22 14:59:59,7543.5,2,35,0,0
140,2026-07-22 14:59:59,7543.75,0,41,0,0
140,2026-07-22 14:59:59,7544,0,54,0,30
141,2026-07-22 15:00:10,7541.5,129,112,33,10
141,2026-07-22 15:00:10,7541.25,218,137,51,0
141,2026-07-22 15:00:10,7541,139,42,40,0
141,2026-07-22 15:00:10,7541.75,120,105,61,10
141,2026-07-22 15:00:10,7542,251,158,69,30
141,2026-07-22 15:00:10,7542.25,217,140,43,0
141,2026-07-22 15:00:10,7542.5,213,246,20,40
141,2026-07-22 15:00:10,7542.75,280,301,31,92
141,2026-07-22 15:00:10,7543,287,298,54,38
141,2026-07-22 15:00:10,7543.25,158,129,33,0
141,2026-07-22 15:00:10,7543.5,134,70,32,0
141,2026-07-22 15:00:10,7543.75,171,97,25,0
141,2026-07-22 15:00:10,7544,153,143,0,0
141,2026-07-22 15:00:10,7544.25,185,126,54,0
141,2026-07-22 15:00:10,7544.5,87,92,0,0
141,2026-07-22 15:00:10,7544.75,31,57,0,0
141,2026-07-22 15:00:10,7540.75,29,15,0,0
141,2026-07-22 15:00:10,7545,16,29,0,0
141,2026-07-22 15:00:10,7545.25,65,40,30,0
141,2026-07-22 15:00:10,7545.5,69,89,23,36
141,2026-07-22 15:00:10,7545.75,17,19,0,0
141,2026-07-22 15:00:10,7546,56,90,28,0
141,2026-07-22 15:00:10,7546.25,27,46,0,0
141,2026-07-22 15:00:10,7546.5,29,65,0,15
141,2026-07-22 15:00:10,7546.75,7,33,0,0
141,2026-07-22 15:00:10,7547,1,28,0,0
141,2026-07-22 15:00:10,7547.25,0,10,0,0
141,2026-07-22 15:00:10,7547.5,5,21,0,0
141,2026-07-22 15:00:10,7547.75,7,15,0,0
141,2026-07-22 15:00:10,7548,12,37,0,0
141,2026-07-22 15:00:10,7548.25,7,17,0,0
141,2026-07-22 15:00:10,7548.5,13,20,0,0
141,2026-07-22 15:00:10,7548.75,9,5,0,0
141,2026-07-22 15:00:10,7549,0,27,0,0
141,2026-07-22 15:00:10,7549.25,2,11,0,0
141,2026-07-22 15:00:10,7549.5,5,10,0,0
141,2026-07-22 15:00:10,7549.75,1,37,0,14
141,2026-07-22 15:00:10,7550,0,20,0,0
141,2026-07-22 15:00:10,7550.25,0,9,0,0
141,2026-07-22 15:00:10,7550.5,1,22,0,15
141,2026-07-22 15:00:10,7550.75,0,13,0,0
141,2026-07-22 15:00:10,7551,0,7,0,0
141,2026-07-22 15:00:10,7540.5,77,35,40,0
141,2026-07-22 15:00:10,7540.25,33,77,0,10
141,2026-07-22 15:00:10,7540,29,12,0,0
141,2026-07-22 15:00:10,7539.75,26,15,0,0
141,2026-07-22 15:00:10,7539.5,23,5,0,0
141,2026-07-22 15:00:10,7539.25,15,2,0,0
141,2026-07-22 15:00:10,7539,12,0,0,0
142,2026-07-22 15:01:53,7539.75,50,43,0,0
142,2026-07-22 15:01:53,7540,35,42,0,0
142,2026-07-22 15:01:53,7540.25,32,37,0,0
142,2026-07-22 15:01:53,7540.5,53,102,0,50
142,2026-07-22 15:01:53,7540.75,83,73,13,0
142,2026-07-22 15:01:53,7541,47,46,0,0
142,2026-07-22 15:01:53,7541.25,55,55,0,21
142,2026-07-22 15:01:53,7539.5,33,14,0,0
142,2026-07-22 15:01:53,7539.25,28,25,0,0
142,2026-07-22 15:01:53,7539,41,38,20,0
142,2026-07-22 15:01:53,7538.75,24,29,0,0
142,2026-07-22 15:01:53,7538.5,40,27,10,0
142,2026-07-22 15:01:53,7538.25,33,56,0,0
142,2026-07-22 15:01:53,7538,84,76,25,0
142,2026-07-22 15:01:53,7537.75,92,70,10,0
142,2026-07-22 15:01:53,7537.5,117,77,31,0
142,2026-07-22 15:01:53,7541.5,58,58,0,0
142,2026-07-22 15:01:53,7541.75,46,63,0,0
142,2026-07-22 15:01:53,7542,29,34,0,0
142,2026-07-22 15:01:53,7542.25,49,39,0,10
142,2026-07-22 15:01:53,7542.5,39,52,0,0
142,2026-07-22 15:01:53,7542.75,39,19,0,0
142,2026-07-22 15:01:53,7543,49,37,0,0
142,2026-07-22 15:01:53,7543.25,61,54,0,0
142,2026-07-22 15:01:53,7543.5,43,66,0,0
142,2026-07-22 15:01:53,7544,57,65,10,0
142,2026-07-22 15:01:53,7543.75,34,66,0,0
142,2026-07-22 15:01:53,7544.25,56,38,30,0
142,2026-07-22 15:01:53,7544.5,35,78,0,0
142,2026-07-22 15:01:53,7545,27,47,0,0
142,2026-07-22 15:01:53,7545.25,45,59,10,0
142,2026-07-22 15:01:53,7545.75,21,47,0,0
142,2026-07-22 15:01:53,7546,41,58,0,0
142,2026-07-22 15:01:53,7546.25,56,44,0,0
142,2026-07-22 15:01:53,7546.75,86,42,32,0
142,2026-07-22 15:01:53,7547,44,93,0,18
142,2026-07-22 15:01:53,7544.75,34,53,0,0
142,2026-07-22 15:01:53,7545.5,19,47,0,0
142,2026-07-22 15:01:53,7546.5,47,29,0,0
142,2026-07-22 15:01:53,7547.5,75,87,0,0
142,2026-07-22 15:01:53,7547.75,74,62,0,0
142,2026-07-22 15:01:53,7548,54,85,0,0
142,2026-07-22 15:01:53,7548.25,69,86,0,0
142,2026-07-22 15:01:53,7547.25,54,92,0,0
142,2026-07-22 15:01:53,7548.5,29,95,0,0
142,2026-07-22 15:01:53,7548.75,27,43,0,0
142,2026-07-22 15:01:53,7549,24,43,0,0
142,2026-07-22 15:01:53,7549.25,30,33,0,0
142,2026-07-22 15:01:53,7549.5,132,31,50,0
142,2026-07-22 15:01:53,7550,119,104,23,0
142,2026-07-22 15:01:53,7549.75,63,68,0,0
142,2026-07-22 15:01:53,7550.25,59,97,0,0
142,2026-07-22 15:01:53,7550.5,72,69,29,0
142,2026-07-22 15:01:53,7550.75,28,111,0,0
142,2026-07-22 15:01:53,7551,13,88,0,0
142,2026-07-22 15:01:53,7551.25,13,37,0,10
142,2026-07-22 15:01:53,7551.5,4,9,0,0
142,2026-07-22 15:01:53,7551.75,0,19,0,0
142,2026-07-22 15:01:53,7552,0,7,0,0
142,2026-07-22 15:01:53,7552.25,0,5,0,0
142,2026-07-22 15:01:53,7552.5,0,2,0,0
142,2026-07-22 15:01:53,7537.25,85,44,0,0
142,2026-07-22 15:01:53,7537,76,23,0,0
142,2026-07-22 15:01:53,7536.75,34,15,0,0
142,2026-07-22 15:01:53,7536.5,32,3,0,0
142,2026-07-22 15:01:53,7536.25,74,0,51,0
142,2026-07-22 15:01:53,7536,19,0,0,0
143,2026-07-22 15:02:36,7542.75,123,134,51,17
143,2026-07-22 15:02:36,7542.5,117,135,0,0
143,2026-07-22 15:02:36,7543,105,94,0,0
143,2026-07-22 15:02:36,7543.25,65,94,0,0
143,2026-07-22 15:02:36,7543.5,92,54,10,0
143,2026-07-22 15:02:36,7543.75,136,88,51,0
143,2026-07-22 15:02:36,7544,87,55,22,0
143,2026-07-22 15:02:36,7544.25,79,64,0,0
143,2026-07-22 15:02:36,7544.5,77,76,0,0
143,2026-07-22 15:02:36,7544.75,138,84,51,0
143,2026-07-22 15:02:36,7545,83,114,0,0
143,2026-07-22 15:02:36,7545.25,123,137,13,0
143,2026-07-22 15:02:36,7545.5,111,138,20,0
143,2026-07-22 15:02:36,7545.75,70,101,11,0
143,2026-07-22 15:02:36,7546,37,107,0,10
143,2026-07-22 15:02:36,7546.25,18,33,0,0
143,2026-07-22 15:02:36,7546.5,19,21,0,0
143,2026-07-22 15:02:36,7547,10,12,0,0
143,2026-07-22 15:02:36,7547.25,21,11,0,0
143,2026-07-22 15:02:36,7547.5,12,26,0,0
143,2026-07-22 15:02:36,7547.75,15,27,0,0
143,2026-07-22 15:02:36,7548,24,27,0,0
143,2026-07-22 15:02:36,7546.75,12,21,0,0
143,2026-07-22 15:02:36,7548.25,23,43,0,0
143,2026-07-22 15:02:36,7548.5,13,28,0,0
143,2026-07-22 15:02:36,7548.75,39,26,31,0
143,2026-07-22 15:02:36,7549,29,19,0,0
143,2026-07-22 15:02:36,7549.25,45,41,0,0
143,2026-07-22 15:02:36,7549.5,15,32,0,0
143,2026-07-22 15:02:36,7549.75,7,14,0,0
143,2026-07-22 15:02:36,7550,6,111,0,100
143,2026-07-22 15:02:36,7550.25,2,10,0,0
143,2026-07-22 15:02:36,7542.25,133,155,15,10
143,2026-07-22 15:02:36,7542,102,107,0,0
143,2026-07-22 15:02:36,7541.75,114,81,35,0
143,2026-07-22 15:02:36,7541.5,74,69,11,0
143,2026-07-22 15:02:36,7541,146,90,56,0
143,2026-07-22 15:02:36,7541.25,136,92,51,0
143,2026-07-22 15:02:36,7540.75,73,52,0,0
143,2026-07-22 15:02:36,7540.5,50,57,0,0
143,2026-07-22 15:02:36,7540.25,51,76,0,0
143,2026-07-22 15:02:36,7540,142,49,58,0
143,2026-07-22 15:02:36,7539.75,61,76,0,0
143,2026-07-22 15:02:36,7539.5,71,62,0,0
143,2026-07-22 15:02:36,7539.25,64,41,0,0
143,2026-07-22 15:02:36,7539,90,37,30,0
143,2026-07-22 15:02:36,7538.75,46,35,0,0
143,2026-07-22 15:02:36,7538.5,52,20,0,0
143,2026-07-22 15:02:36,7538.25,26,47,0,0
143,2026-07-22 15:02:36,7538,40,48,0,0
143,2026-07-22 15:02:36,7537.75,31,25,0,0
143,2026-07-22 15:02:36,7537.5,34,7,10,0
143,2026-07-22 15:02:36,7537.25,20,5,0,0
143,2026-07-22 15:02:36,7537,6,0,0,0
144,2026-07-22 15:04:18,7543.75,3,0,0,0
144,2026-07-22 15:04:18,7543.5,4,0,0,0
144,2026-07-22 15:04:18,7543.25,25,0,19,0
144,2026-07-22 15:04:18,7543,3,1,0,0
144,2026-07-22 15:04:18,7542.75,6,17,0,0
144,2026-07-22 15:04:18,7542.5,30,21,0,0
144,2026-07-22 15:04:18,7542.25,48,38,10,0
144,2026-07-22 15:04:18,7542,25,31,0,10
144,2026-07-22 15:04:18,7541.75,8,2,0,0
144,2026-07-22 15:04:18,7541.5,6,1,0,0
144,2026-07-22 15:04:18,7541.25,2,3,0,0
144,2026-07-22 15:04:18,7541,12,13,0,0
144,2026-07-22 15:04:18,7540.75,14,17,0,0
144,2026-07-22 15:04:18,7540.5,16,15,0,0
144,2026-07-22 15:04:18,7540.25,12,13,0,0
144,2026-07-22 15:04:18,7540,15,33,0,0
144,2026-07-22 15:04:18,7539.75,30,60,12,0
144,2026-07-22 15:04:18,7539.25,68,57,0,0
144,2026-07-22 15:04:18,7539,88,65,29,0
144,2026-07-22 15:04:18,7538.75,68,77,0,0
144,2026-07-22 15:04:18,7539.5,32,35,12,0
144,2026-07-22 15:04:18,7538.5,105,108,0,10
144,2026-07-22 15:04:18,7538.25,62,83,0,0
144,2026-07-22 15:04:18,7538,48,47,0,0
144,2026-07-22 15:04:18,7537.75,22,40,0,0
144,2026-07-22 15:04:18,7537.5,56,45,14,0
144,2026-07-22 15:04:18,7537.25,236,94,177,0
144,2026-07-22 15:04:18,7537,158,173,20,20
144,2026-07-22 15:04:18,7536.75,182,110,31,22
144,2026-07-22 15:04:18,7536.5,85,78,0,0
144,2026-07-22 15:04:18,7536.25,93,105,11,0
144,2026-07-22 15:04:18,7536,81,138,0,0
144,2026-07-22 15:04:18,7535.75,192,166,0,0
144,2026-07-22 15:04:18,7535.5,216,107,49,0
144,2026-07-22 15:04:18,7535.25,263,138,109,0
144,2026-07-22 15:04:18,7535,264,149,73,0
144,2026-07-22 15:04:18,7534.75,156,181,0,11
144,2026-07-22 15:04:18,7534.5,167,153,0,16
144,2026-07-22 15:04:18,7534.25,143,73,10,0
144,2026-07-22 15:04:18,7534,68,36,0,0
144,2026-07-22 15:04:18,7533.75,60,42,0,0
144,2026-07-22 15:04:18,7533.5,38,46,11,0
144,2026-07-22 15:04:18,7533.25,44,87,0,0
144,2026-07-22 15:04:18,7533,91,64,10,0
144,2026-07-22 15:04:18,7532.75,82,42,0,0
144,2026-07-22 15:04:18,7532.5,30,4,0,0
144,2026-07-22 15:04:18,7532.25,54,21,0,0
144,2026-07-22 15:04:18,7532,145,3,125,0
144,2026-07-22 15:04:18,7531.75,11,1,0,0
145,2026-07-22 15:06:44,7536.5,126,122,0,0
145,2026-07-22 15:06:44,7536.75,343,256,19,40
145,2026-07-22 15:06:44,7537,473,1641,20,1324
145,2026-07-22 15:06:44,7537.25,266,260,33,44
145,2026-07-22 15:06:44,7536.25,98,63,0,0
145,2026-07-22 15:06:44,7536,98,46,14,0
145,2026-07-22 15:06:44,7537.5,193,207,37,25
145,2026-07-22 15:06:44,7537.75,153,177,0,0
145,2026-07-22 15:06:44,7538,233,137,26,14
145,2026-07-22 15:06:44,7538.25,171,193,0,0
145,2026-07-22 15:06:44,7538.5,134,135,0,0
145,2026-07-22 15:06:44,7538.75,49,142,0,0
145,2026-07-22 15:06:44,7539,35,58,0,0
145,2026-07-22 15:06:44,7539.25,29,43,0,0
145,2026-07-22 15:06:44,7539.5,12,39,0,0
145,2026-07-22 15:06:44,7539.75,13,6,0,0
145,2026-07-22 15:06:44,7540,13,22,0,0
145,2026-07-22 15:06:44,7540.25,15,23,0,0
145,2026-07-22 15:06:44,7540.5,15,33,0,27
145,2026-07-22 15:06:44,7540.75,4,8,0,0
145,2026-07-22 15:06:44,7541,14,20,0,0
145,2026-07-22 15:06:44,7541.25,41,30,0,0
145,2026-07-22 15:06:44,7541.5,31,40,0,0
145,2026-07-22 15:06:44,7541.75,13,18,0,0
145,2026-07-22 15:06:44,7542,0,19,0,0
145,2026-07-22 15:06:44,7535.75,50,41,0,0
145,2026-07-22 15:06:44,7535.5,26,34,0,0
145,2026-07-22 15:06:44,7535.25,22,13,0,0
145,2026-07-22 15:06:44,7535,2,0,0,0
146,2026-07-22 15:09:57,7537,72,74,0,15
146,2026-07-22 15:09:57,7536.75,50,82,0,0
146,2026-07-22 15:09:57,7536.5,102,104,0,0
146,2026-07-22 15:09:57,7536.25,63,78,0,0
146,2026-07-22 15:09:57,7536,115,71,20,0
146,2026-07-22 15:09:57,7535.75,62,58,0,0
146,2026-07-22 15:09:57,7535.5,60,48,10,0
146,2026-07-22 15:09:57,7535.25,60,29,0,0
146,2026-07-22 15:09:57,7535,54,2,0,0
146,2026-07-22 15:09:57,7537.25,137,124,26,0
146,2026-07-22 15:09:57,7537.5,75,126,0,0
146,2026-07-22 15:09:57,7537.75,15,70,0,0
146,2026-07-22 15:09:57,7538,20,40,0,0
146,2026-07-22 15:09:57,7538.25,23,48,0,0
146,2026-07-22 15:09:57,7538.5,43,30,0,0
146,2026-07-22 15:09:57,7538.75,57,36,0,0
146,2026-07-22 15:09:57,7539,50,63,12,0
146,2026-07-22 15:09:57,7539.25,19,14,0,0
146,2026-07-22 15:09:57,7539.5,1,13,0,0
146,2026-07-22 15:09:57,7539.75,24,14,0,0
146,2026-07-22 15:09:57,7540,29,30,0,0
146,2026-07-22 15:09:57,7540.25,11,30,0,0
146,2026-07-22 15:09:57,7540.5,55,1,26,0
146,2026-07-22 15:09:57,7540.75,55,29,0,0
146,2026-07-22 15:09:57,7541,65,47,10,0
146,2026-07-22 15:09:57,7541.25,40,26,0,0
146,2026-07-22 15:09:57,7541.5,71,64,0,21
146,2026-07-22 15:09:57,7541.75,104,93,0,0
146,2026-07-22 15:09:57,7542,115,113,25,0
146,2026-07-22 15:09:57,7542.25,115,110,0,0
146,2026-07-22 15:09:57,7542.5,77,125,0,0
146,2026-07-22 15:09:57,7542.75,258,161,188,20
146,2026-07-22 15:09:57,7543,88,36,75,0
146,2026-07-22 15:09:57,7543.25,61,34,0,0
146,2026-07-22 15:09:57,7543.5,55,52,0,0
146,2026-07-22 15:09:57,7543.75,90,62,13,0
146,2026-07-22 15:09:57,7544,28,54,0,0
146,2026-07-22 15:09:57,7544.25,66,33,10,0
146,2026-07-22 15:09:57,7544.5,72,52,0,0
146,2026-07-22 15:09:57,7544.75,15,37,0,0
146,2026-07-22 15:09:57,7545,16,54,0,10
146,2026-07-22 15:09:57,7545.25,56,15,0,0
146,2026-07-22 15:09:57,7545.5,22,26,0,0
146,2026-07-22 15:09:57,7545.75,76,49,0,0
146,2026-07-22 15:09:57,7546,30,69,0,0
146,2026-07-22 15:09:57,7546.25,112,53,0,0
146,2026-07-22 15:09:57,7546.5,103,84,0,0
146,2026-07-22 15:09:57,7546.75,63,107,0,0
146,2026-07-22 15:09:57,7547,74,111,0,0
146,2026-07-22 15:09:57,7547.25,74,59,0,0
146,2026-07-22 15:09:57,7547.5,12,21,0,0
146,2026-07-22 15:09:57,7547.75,28,29,0,0
146,2026-07-22 15:09:57,7548,48,44,0,0
146,2026-07-22 15:09:57,7548.25,25,28,0,0
146,2026-07-22 15:09:57,7548.5,26,31,0,0
146,2026-07-22 15:09:57,7548.75,19,40,0,0
146,2026-07-22 15:09:57,7549,0,13,0,0
147,2026-07-22 15:14:22,7548,6,14,0,0
147,2026-07-22 15:14:22,7547.75,13,2,0,0
147,2026-07-22 15:14:22,7548.25,4,24,0,0
147,2026-07-22 15:14:22,7548.5,98,18,0,0
147,2026-07-22 15:14:22,7548.75,124,112,32,11
147,2026-07-22 15:14:22,7549,181,160,27,14
147,2026-07-22 15:14:22,7549.25,163,167,26,0
147,2026-07-22 15:14:22,7549.5,148,164,11,0
147,2026-07-22 15:14:22,7549.75,177,165,0,0
147,2026-07-22 15:14:22,7550,177,278,0,43
147,2026-07-22 15:14:22,7550.25,146,186,11,0
147,2026-07-22 15:14:22,7550.5,104,160,0,0
147,2026-07-22 15:14:22,7550.75,129,159,0,0
147,2026-07-22 15:14:22,7551,103,140,0,13
147,2026-07-22 15:14:22,7551.25,49,141,0,30
147,2026-07-22 15:14:22,7551.5,61,81,0,10
147,2026-07-22 15:14:22,7551.75,131,138,0,0
147,2026-07-22 15:14:22,7552,224,152,10,0
147,2026-07-22 15:14:22,7552.25,251,315,0,10
147,2026-07-22 15:14:22,7552.5,201,264,0,18
147,2026-07-22 15:14:22,7552.75,154,189,0,0
147,2026-07-22 15:14:22,7553,154,201,0,14
147,2026-07-22 15:14:22,7553.25,83,190,0,0
147,2026-07-22 15:14:22,7553.5,22,130,0,60
147,2026-07-22 15:14:22,7553.75,3,29,0,0
147,2026-07-22 15:14:22,7554,0,15,0,0
148,2026-07-22 15:20:28,7552,3,18,0,0
148,2026-07-22 15:20:28,7551.75,34,88,0,0
148,2026-07-22 15:20:28,7551.5,78,112,0,11
148,2026-07-22 15:20:28,7551.25,112,115,0,18
148,2026-07-22 15:20:28,7551,172,242,17,100
148,2026-07-22 15:20:28,7550.75,112,174,0,0
148,2026-07-22 15:20:28,7550.5,179,122,0,0
148,2026-07-22 15:20:28,7550.25,102,84,0,0
148,2026-07-22 15:20:28,7550,79,89,0,0
148,2026-07-22 15:20:28,7549.75,52,47,0,0
148,2026-07-22 15:20:28,7549.5,39,60,0,0
148,2026-07-22 15:20:28,7549.25,60,62,0,0
148,2026-07-22 15:20:28,7549,82,130,10,0
148,2026-07-22 15:20:28,7548.75,132,163,0,0
148,2026-07-22 15:20:28,7548.5,189,197,0,10
148,2026-07-22 15:20:28,7548.25,301,197,0,14
148,2026-07-22 15:20:28,7548,428,231,92,0
148,2026-07-22 15:20:28,7547.75,182,135,14,0
148,2026-07-22 15:20:28,7547.5,285,224,42,0
148,2026-07-22 15:20:28,7547.25,206,177,33,0
148,2026-07-22 15:20:28,7547,222,205,17,0
148,2026-07-22 15:20:28,7546.75,192,89,20,0
148,2026-07-22 15:20:28,7546.5,124,81,0,0
148,2026-07-22 15:20:28,7546.25,16,12,0,0
148,2026-07-22 15:20:28,7546,22,14,0,10
148,2026-07-22 15:20:28,7545.75,12,1,0,0
148,2026-07-22 15:20:28,7545.5,16,0,0,0
149,2026-07-22 15:36:51,7546,291,387,0,113
149,2026-07-22 15:36:51,7545.75,360,362,16,15
149,2026-07-22 15:36:51,7546.25,347,211,28,0
149,2026-07-22 15:36:51,7546.5,149,241,0,19
149,2026-07-22 15:36:51,7546.75,118,124,0,0
149,2026-07-22 15:36:51,7545.5,396,255,20,0
149,2026-07-22 15:36:51,7545.25,232,218,16,0
149,2026-07-22 15:36:51,7545,279,187,11,0
149,2026-07-22 15:36:51,7544.75,225,109,36,0
149,2026-07-22 15:36:51,7544.5,165,112,0,10
149,2026-07-22 15:36:51,7544.25,114,80,18,0
149,2026-07-22 15:36:51,7544,70,78,0,0
149,2026-07-22 15:36:51,7543.75,57,19,0,0
149,2026-07-22 15:36:51,7543.5,22,19,0,0
149,2026-07-22 15:36:51,7543.25,13,8,0,0
149,2026-07-22 15:36:51,7543,2,0,0,0
149,2026-07-22 15:36:51,7547,121,107,0,0
149,2026-07-22 15:36:51,7547.25,114,169,26,78
149,2026-07-22 15:36:51,7547.5,111,96,0,0
149,2026-07-22 15:36:51,7547.75,135,75,10,0
149,2026-07-22 15:36:51,7548,35,147,0,60
149,2026-07-22 15:36:51,7548.25,19,5,0,0
149,2026-07-22 15:36:51,7548.5,32,34,0,0
149,2026-07-22 15:36:51,7548.75,37,13,37,0
150,2026-07-22 15:58:30,7544.5,37,19,0,0
150,2026-07-22 15:58:30,7544.75,26,24,0,0
150,2026-07-22 15:58:30,7545,35,34,0,0
150,2026-07-22 15:58:30,7545.25,2,3,0,0
150,2026-07-22 15:58:30,7545.5,10,27,0,0
150,2026-07-22 15:58:30,7545.75,1,10,0,0
150,2026-07-22 15:58:30,7544.25,20,0,0,0
150,2026-07-22 15:58:30,7544,11,30,0,0
150,2026-07-22 15:58:30,7543.75,11,42,0,0
150,2026-07-22 15:58:30,7543.5,50,43,0,0
150,2026-07-22 15:58:30,7543.25,71,84,20,0
150,2026-07-22 15:58:30,7543,249,97,172,0
150,2026-07-22 15:58:30,7542.75,81,167,0,76
150,2026-07-22 15:58:30,7542.5,109,48,0,0
150,2026-07-22 15:58:30,7542.25,49,29,0,18
150,2026-07-22 15:58:30,7542,36,20,0,0
150,2026-07-22 15:58:30,7541.75,26,14,0,0
150,2026-07-22 15:58:30,7541.5,98,15,69,0
150,2026-07-22 15:58:30,7541.25,7,13,0,0
150,2026-07-22 15:58:30,7541,23,0,0,0
150,2026-07-22 15:58:30,7530.25,19,87,14,85
150,2026-07-22 15:58:30,7530.5,15,5,0,0
150,2026-07-22 15:58:30,7531.25,25,6,0,0
150,2026-07-22 15:58:30,7532.75,47,11,0,0
150,2026-07-22 15:58:30,7533,61,19,10,0
150,2026-07-22 15:58:30,7533.5,53,24,0,0
150,2026-07-22 15:58:30,7533.25,56,44,10,18
150,2026-07-22 15:58:30,7534,19,35,0,0
150,2026-07-22 15:58:30,7532.25,29,18,0,0
150,2026-07-22 15:58:30,7532,33,34,0,0
150,2026-07-22 15:58:30,7531.75,23,6,0,0
150,2026-07-22 15:58:30,7531.5,21,4,0,0
150,2026-07-22 15:58:30,7531,33,0,0,0
150,2026-07-22 15:58:30,7532.5,34,22,0,0
150,2026-07-22 15:58:30,7533.75,22,25,0,0
150,2026-07-22 15:58:30,7534.25,19,17,0,0
150,2026-07-22 15:58:30,7534.75,90,38,10,0
150,2026-07-22 15:58:30,7534.5,21,21,0,0
150,2026-07-22 15:58:30,7535,47,42,0,0
150,2026-07-22 15:58:30,7535.25,39,36,0,18
150,2026-07-22 15:58:30,7535.5,15,23,0,0
150,2026-07-22 15:58:30,7535.75,1,19,0,0
150,2026-07-22 15:58:30,7536,0,4,0,0
150,2026-07-22 15:58:30,7530.75,5,0,0,0
150,2026-07-22 15:58:30,7530,13,1,0,0
150,2026-07-22 15:58:30,7529.75,9,11,0,0
150,2026-07-22 15:58:30,7529.5,24,63,0,17
150,2026-07-22 15:58:30,7529.25,29,35,0,0
150,2026-07-22 15:58:30,7529,37,24,0,0
150,2026-07-22 15:58:30,7528.75,35,22,0,0
150,2026-07-22 15:58:30,7528.5,32,9,0,0
150,2026-07-22 15:58:30,7528.25,11,14,0,0
150,2026-07-22 15:58:30,7528,57,94,0,44
150,2026-07-22 15:58:30,7527.75,45,42,0,0
150,2026-07-22 15:58:30,7527.5,49,29,0,0
150,2026-07-22 15:58:30,7527.25,48,79,0,12
150,2026-07-22 15:58:30,7527,55,60,0,0
150,2026-07-22 15:58:30,7526.75,42,5,15,0
150,2026-07-22 15:58:30,7526.5,28,21,0,0
150,2026-07-22 15:58:30,7526.25,18,29,0,0
150,2026-07-22 15:58:30,7526,45,81,0,0
150,2026-07-22 15:58:30,7525.75,45,60,0,17
150,2026-07-22 15:58:30,7525.5,46,59,0,0
150,2026-07-22 15:58:30,7525.25,96,74,0,0
150,2026-07-22 15:58:30,7525,189,183,112,10
150,2026-07-22 15:58:30,7524.75,127,96,0,0
150,2026-07-22 15:58:30,7524.5,134,132,22,0
150,2026-07-22 15:58:30,7524.25,170,79,32,0
150,2026-07-22 15:58:30,7524,109,103,0,0
150,2026-07-22 15:58:30,7523.75,76,91,0,0
150,2026-07-22 15:58:30,7523.5,124,91,0,0
150,2026-07-22 15:58:30,7523.25,119,57,0,0
150,2026-07-22 15:58:30,7523,97,6,0,0
150,2026-07-22 15:58:30,7522.75,3,0,0,0
151,2026-07-22 17:08:25,7525,192,221,13,22
151,2026-07-22 17:08:25,7525.25,197,188,0,13
151,2026-07-22 17:08:25,7524.75,140,86,0,0
151,2026-07-22 17:08:25,7524.5,133,86,15,0
151,2026-07-22 17:08:25,7524.25,100,66,0,12
151,2026-07-22 17:08:25,7525.5,158,317,0,26
151,2026-07-22 17:08:25,7525.75,223,226,0,45
151,2026-07-22 17:08:25,7524,63,25,0,0
151,2026-07-22 17:08:25,7523.75,71,29,10,0
151,2026-07-22 17:08:25,7526,189,350,0,11
151,2026-07-22 17:08:25,7526.25,81,169,0,12
151,2026-07-22 17:08:25,7526.5,72,82,0,0
151,2026-07-22 17:08:25,7526.75,30,40,0,0
151,2026-07-22 17:08:25,7523.5,99,43,10,0
151,2026-07-22 17:08:25,7523.25,84,55,0,11
151,2026-07-22 17:08:25,7523,75,128,0,0
151,2026-07-22 17:08:25,7522.75,103,106,11,0
151,2026-07-22 17:08:25,7527,5,42,0,0
151,2026-07-22 17:08:25,7527.25,0,11,0,0
151,2026-07-22 17:08:25,7522.5,160,144,0,0
151,2026-07-22 17:08:25,7522.25,165,140,0,0
151,2026-07-22 17:08:25,7522,110,75,0,0
151,2026-07-22 17:08:25,7521.75,98,65,0,0
151,2026-07-22 17:08:25,7521.5,80,34,0,11
151,2026-07-22 17:08:25,7521.25,52,36,0,0
151,2026-07-22 17:08:25,7521,47,4,13,0
151,2026-07-22 17:08:25,7520.75,19,1,0,0
151,2026-07-22 17:08:25,7520.5,32,4,20,0
151,2026-07-22 17:08:25,7520.25,38,18,0,0
151,2026-07-22 17:08:25,7520,70,1,0,0
151,2026-07-22 17:08:25,7519.75,28,26,0,0
151,2026-07-22 17:08:25,7519.5,70,103,10,0
151,2026-07-22 17:08:25,7519.25,96,31,0,0
151,2026-07-22 17:08:25,7519,431,21,377,0
151,2026-07-22 17:08:25,7518.75,7,8,0,0
151,2026-07-22 17:08:25,7518.5,1,0,0,0
152,2026-07-22 17:38:45,7519,121,160,12,0
152,2026-07-22 17:38:45,7519.25,89,113,0,0
152,2026-07-22 17:38:45,7518.75,105,181,0,0
152,2026-07-22 17:38:45,7518.5,160,170,12,13
152,2026-07-22 17:38:45,7518.25,189,179,0,0
152,2026-07-22 17:38:45,7518,330,362,112,141
152,2026-07-22 17:38:45,7517.75,212,189,0,0
152,2026-07-22 17:38:45,7517.5,162,196,11,10
152,2026-07-22 17:38:45,7517.25,150,142,0,0
152,2026-07-22 17:38:45,7517,193,154,20,12
152,2026-07-22 17:38:45,7516.75,137,72,20,0
152,2026-07-22 17:38:45,7516.5,42,55,0,15
152,2026-07-22 17:38:45,7516.25,29,6,0,0
152,2026-07-22 17:38:45,7516,16,1,0,0
152,2026-07-22 17:38:45,7515.75,2,0,0,0
152,2026-07-22 17:38:45,7519.5,80,110,0,0
152,2026-07-22 17:38:45,7519.75,53,129,0,0
152,2026-07-22 17:38:45,7520,60,133,17,47
152,2026-07-22 17:38:45,7520.25,74,93,0,20
152,2026-07-22 17:38:45,7520.5,58,90,0,0
152,2026-07-22 17:38:45,7520.75,102,85,0,0
152,2026-07-22 17:38:45,7521,81,75,20,0
152,2026-07-22 17:38:45,7521.25,39,94,0,0
152,2026-07-22 17:38:45,7521.5,50,47,0,0
152,2026-07-22 17:38:45,7521.75,48,78,0,0
152,2026-07-22 17:38:45,7522,39,24,0,0
152,2026-07-22 17:38:45,7522.25,85,59,0,0
152,2026-07-22 17:38:45,7522.5,60,150,0,25
152,2026-07-22 17:38:45,7522.75,71,96,0,29
152,2026-07-22 17:38:45,7523,63,85,0,37
152,2026-07-22 17:38:45,7523.25,12,30,0,0
152,2026-07-22 17:38:45,7523.5,21,68,0,50
152,2026-07-22 17:38:45,7523.75,17,29,0,0
152,2026-07-22 17:38:45,7524,14,58,0,25
152,2026-07-22 17:38:45,7524.25,10,6,0,0
152,2026-07-22 17:38:45,7524.5,0,7,0,0
153,2026-07-22 18:31:31,7520.5,16,5,0,0
153,2026-07-22 18:31:31,7520.75,23,13,0,0
153,2026-07-22 18:31:31,7521,19,40,0,11
153,2026-07-22 18:31:31,7520.25,5,8,0,0
153,2026-07-22 18:31:31,7520,2,0,0,0
153,2026-07-22 18:31:31,7521.25,41,57,0,0
153,2026-07-22 18:31:31,7521.5,10,41,0,0
153,2026-07-22 18:31:31,7521.75,15,33,0,0
153,2026-07-22 18:31:31,7522,11,40,0,0
153,2026-07-22 18:31:31,7522.25,9,21,0,0
153,2026-07-22 18:31:31,7522.5,31,54,0,0
153,2026-07-22 18:31:31,7522.75,35,40,0,0
153,2026-07-22 18:31:31,7523,115,90,15,10
153,2026-07-22 18:31:31,7523.25,43,52,0,0
153,2026-07-22 18:31:31,7523.5,10,35,0,0
153,2026-07-22 18:31:31,7523.75,9,7,0,0
153,2026-07-22 18:31:31,7524,15,21,0,0
153,2026-07-22 18:31:31,7524.25,2,26,0,0
153,2026-07-22 18:31:31,7524.5,12,12,0,0
153,2026-07-22 18:31:31,7524.75,0,13,0,0
153,2026-07-22 18:31:31,7525,4,21,0,0
153,2026-07-22 18:31:31,7525.25,23,18,0,0
153,2026-07-22 18:31:31,7525.5,13,24,0,0
153,2026-07-22 18:31:31,7525.75,21,6,0,0
153,2026-07-22 18:31:31,7526,68,23,0,0
153,2026-07-22 18:31:31,7526.25,93,69,0,0
153,2026-07-22 18:31:31,7526.5,161,99,0,0
153,2026-07-22 18:31:31,7526.75,96,133,0,0
153,2026-07-22 18:31:31,7527,94,135,0,0
153,2026-07-22 18:31:31,7527.25,105,89,10,0
153,2026-07-22 18:31:31,7527.5,81,122,0,0
153,2026-07-22 18:31:31,7527.75,73,81,0,10
153,2026-07-22 18:31:31,7528,71,142,0,24
153,2026-07-22 18:31:31,7528.25,90,79,12,0
153,2026-07-22 18:31:31,7528.5,81,64,0,0
153,2026-07-22 18:31:31,7528.75,87,90,0,0
153,2026-07-22 18:31:31,7529,74,82,0,0
153,2026-07-22 18:31:31,7529.25,116,92,61,0
153,2026-07-22 18:31:31,7529.5,83,105,0,10
153,2026-07-22 18:31:31,7529.75,94,106,0,10
153,2026-07-22 18:31:31,7530,112,134,0,10
153,2026-07-22 18:31:31,7530.25,56,78,0,0
153,2026-07-22 18:31:31,7530.5,61,66,0,0
153,2026-07-22 18:31:31,7530.75,103,91,0,0
153,2026-07-22 18:31:31,7531,135,118,0,26
153,2026-07-22 18:31:31,7531.25,121,113,0,0
153,2026-07-22 18:31:31,7531.5,124,108,0,0
153,2026-07-22 18:31:31,7531.75,164,119,0,0
153,2026-07-22 18:31:31,7532,103,133,0,0
153,2026-07-22 18:31:31,7532.25,84,102,0,0
153,2026-07-22 18:31:31,7532.5,26,45,0,0
153,2026-07-22 18:31:31,7532.75,20,32,0,0
153,2026-07-22 18:31:31,7533,23,68,0,10
153,2026-07-22 18:31:31,7533.25,4,13,0,0
153,2026-07-22 18:31:31,7533.5,0,5,0,0
154,2026-07-22 19:15:12,7530.5,19,32,0,0
154,2026-07-22 19:15:12,7530.25,18,4,0,0
154,2026-07-22 19:15:12,7530.75,7,23,0,0
154,2026-07-22 19:15:12,7531,20,25,0,0
154,2026-07-22 19:15:12,7531.25,1,15,0,0
154,2026-07-22 19:15:12,7531.5,0,5,0,0
154,2026-07-22 19:15:12,7531.75,1,7,0,0
154,2026-07-22 19:15:12,7532,11,12,0,0
154,2026-07-22 19:15:12,7532.25,1,13,0,0
154,2026-07-22 19:15:12,7532.5,8,13,0,0
154,2026-07-22 19:15:12,7532.75,22,15,0,0
154,2026-07-22 19:15:12,7533,16,22,0,0
154,2026-07-22 19:15:12,7533.25,2,14,0,0
154,2026-07-22 19:15:12,7533.5,2,22,0,0
154,2026-07-22 19:15:12,7533.75,21,10,0,0
154,2026-07-22 19:15:12,7534,3,28,0,0
154,2026-07-22 19:15:12,7534.25,0,20,0,0
154,2026-07-22 19:15:12,7534.5,9,28,0,0
154,2026-07-22 19:15:12,7534.75,1,9,0,0
154,2026-07-22 19:15:12,7535,11,65,0,10
154,2026-07-22 19:15:12,7535.25,1,6,0,0
154,2026-07-22 19:15:12,7535.5,10,24,0,0
154,2026-07-22 19:15:12,7535.75,14,8,0,0
154,2026-07-22 19:15:12,7536,37,21,0,0
154,2026-07-22 19:15:12,7536.25,87,50,0,0
154,2026-07-22 19:15:12,7536.5,97,85,0,0
154,2026-07-22 19:15:12,7536.75,129,79,0,0
154,2026-07-22 19:15:12,7537,105,92,0,0
154,2026-07-22 19:15:12,7537.25,92,90,0,0
154,2026-07-22 19:15:12,7537.5,68,96,0,0
154,2026-07-22 19:15:12,7537.75,67,53,0,0
154,2026-07-22 19:15:12,7538,31,72,0,0
154,2026-07-22 19:15:12,7538.25,46,57,0,0
154,2026-07-22 19:15:12,7538.5,15,43,0,0
154,2026-07-22 19:15:12,7538.75,15,36,0,0
154,2026-07-22 19:15:12,7539,0,27,0,0
154,2026-07-22 19:15:12,7539.25,5,12,0,0
154,2026-07-22 19:15:12,7539.5,6,7,0,0
154,2026-07-22 19:15:12,7539.75,89,56,10,0
154,2026-07-22 19:15:12,7540,75,62,0,0
154,2026-07-22 19:15:12,7540.25,120,45,18,0
154,2026-07-22 19:15:12,7540.5,67,86,0,0
154,2026-07-22 19:15:12,7540.75,106,64,0,0
154,2026-07-22 19:15:12,7541,167,213,25,33
154,2026-07-22 19:15:12,7541.25,198,109,0,0
154,2026-07-22 19:15:12,7541.5,139,171,0,0
154,2026-07-22 19:15:12,7541.75,107,95,0,0
154,2026-07-22 19:15:12,7542,47,98,0,0
154,2026-07-22 19:15:12,7542.25,110,109,0,0
154,2026-07-22 19:15:12,7542.5,94,119,0,0
154,2026-07-22 19:15:12,7542.75,107,141,0,21
154,2026-07-22 19:15:12,7543,122,103,0,0
154,2026-07-22 19:15:12,7543.25,122,124,0,25
154,2026-07-22 19:15:12,7543.5,146,99,21,0
154,2026-07-22 19:15:12,7543.75,99,61,0,0
154,2026-07-22 19:15:12,7544,78,102,0,17
154,2026-07-22 19:15:12,7544.25,131,72,43,25
154,2026-07-22 19:15:12,7544.5,43,70,0,0
154,2026-07-22 19:15:12,7544.75,28,38,0,0
154,2026-07-22 19:15:12,7545,0,28,0,11
155,2026-07-22 19:39:00,7544.25,136,86,10,0
155,2026-07-22 19:39:00,7544,125,99,0,15
155,2026-07-22 19:39:00,7543.75,75,35,22,0
155,2026-07-22 19:39:00,7543.5,37,17,15,0
155,2026-07-22 19:39:00,7543.25,7,4,0,0
155,2026-07-22 19:39:00,7543,6,10,0,0
155,2026-07-22 19:39:00,7542.75,2,0,0,0
155,2026-07-22 19:39:00,7544.5,165,234,0,20
155,2026-07-22 19:39:00,7544.75,205,227,14,0
155,2026-07-22 19:39:00,7545,174,270,10,16
155,2026-07-22 19:39:00,7545.25,138,154,16,0
155,2026-07-22 19:39:00,7545.5,74,116,0,0
155,2026-07-22 19:39:00,7545.75,93,110,0,0
155,2026-07-22 19:39:00,7546,74,124,0,0
155,2026-07-22 19:39:00,7546.25,108,88,0,0
155,2026-07-22 19:39:00,7546.5,185,124,0,0
155,2026-07-22 19:39:00,7546.75,177,195,10,0
155,2026-07-22 19:39:00,7547,158,185,0,10
155,2026-07-22 19:39:00,7547.25,170,227,0,0
155,2026-07-22 19:39:00,7547.5,200,210,0,0
155,2026-07-22 19:39:00,7547.75,220,187,0,0
155,2026-07-22 19:39:00,7548,160,232,0,0
155,2026-07-22 19:39:00,7548.25,89,149,0,0
155,2026-07-22 19:39:00,7548.5,98,148,0,0
155,2026-07-22 19:39:00,7548.75,49,69,0,0
155,2026-07-22 19:39:00,7549,46,84,0,0
155,2026-07-22 19:39:00,7549.25,20,52,0,0
155,2026-07-22 19:39:00,7549.5,14,59,0,0
156,2026-07-22 20:18:55,7545,151,281,0,78
156,2026-07-22 20:18:55,7545.25,186,171,0,13
156,2026-07-22 20:18:55,7544.75,188,296,0,100
156,2026-07-22 20:18:55,7544.5,201,274,0,28
156,2026-07-22 20:18:55,7544.25,348,205,22,0
156,2026-07-22 20:18:55,7544,508,154,350,0
156,2026-07-22 20:18:55,7543.75,139,98,0,0
156,2026-07-22 20:18:55,7545.5,120,146,0,10
156,2026-07-22 20:18:55,7545.75,90,66,0,10
156,2026-07-22 20:18:55,7546,84,340,0,174
156,2026-07-22 20:18:55,7546.25,21,53,0,20
156,2026-07-22 20:18:55,7546.5,0,2,0,0
156,2026-07-22 20:18:55,7543.5,94,66,0,10
156,2026-07-22 20:18:55,7543.25,45,30,0,10
156,2026-07-22 20:18:55,7543,51,49,0,0
156,2026-07-22 20:18:55,7542.75,55,69,0,0
156,2026-07-22 20:18:55,7542.5,56,48,12,0
156,2026-07-22 20:18:55,7542.25,55,22,0,0
156,2026-07-22 20:18:55,7542,37,51,0,0
156,2026-07-22 20:18:55,7541.75,71,113,0,0
156,2026-07-22 20:18:55,7541.5,158,207,0,0
156,2026-07-22 20:18:55,7541.25,126,129,0,0
156,2026-07-22 20:18:55,7541,142,87,0,0
156,2026-07-22 20:18:55,7540.75,71,52,0,0
156,2026-07-22 20:18:55,7540.5,37,31,0,0
156,2026-07-22 20:18:55,7540.25,24,33,0,0
156,2026-07-22 20:18:55,7540,34,29,0,0
156,2026-07-22 20:18:55,7539.75,63,42,0,0
156,2026-07-22 20:18:55,7539.5,38,44,0,0
156,2026-07-22 20:18:55,7539.25,43,10,0,0
156,2026-07-22 20:18:55,7539,32,18,0,0
156,2026-07-22 20:18:55,7538.75,18,0,0,0
157,2026-07-22 20:47:05,7540.25,87,95,0,0
157,2026-07-22 20:47:05,7540,147,155,20,40
157,2026-07-22 20:47:05,7539.75,125,123,0,0
157,2026-07-22 20:47:05,7539.5,101,87,0,0
157,2026-07-22 20:47:05,7539.25,69,109,0,0
157,2026-07-22 20:47:05,7539,125,87,0,0
157,2026-07-22 20:47:05,7538.75,60,42,0,0
157,2026-07-22 20:47:05,7538.5,100,142,0,0
157,2026-07-22 20:47:05,7540.5,50,87,0,0
157,2026-07-22 20:47:05,7540.75,59,70,0,0
157,2026-07-22 20:47:05,7541,55,66,0,0
157,2026-07-22 20:47:05,7541.25,23,62,0,10
157,2026-07-22 20:47:05,7541.5,54,36,0,0
157,2026-07-22 20:47:05,7541.75,65,78,0,0
157,2026-07-22 20:47:05,7542,56,53,0,0
157,2026-07-22 20:47:05,7542.25,1,34,0,0
157,2026-07-22 20:47:05,7538.25,301,106,57,0
157,2026-07-22 20:47:05,7538,97,85,0,11
157,2026-07-22 20:47:05,7537.75,50,26,0,0
157,2026-07-22 20:47:05,7537.5,44,36,0,0
157,2026-07-22 20:47:05,7537.25,28,41,0,0
157,2026-07-22 20:47:05,7537,92,70,0,0
157,2026-07-22 20:47:05,7536.75,74,85,0,0
157,2026-07-22 20:47:05,7536.5,74,44,25,0
157,2026-07-22 20:47:05,7536.25,60,48,0,0
157,2026-07-22 20:47:05,7536,39,23,0,0
157,2026-07-22 20:47:05,7535.75,40,23,0,0
157,2026-07-22 20:47:05,7535.5,17,7,0,0
157,2026-07-22 20:47:05,7535.25,22,4,0,0
157,2026-07-22 20:47:05,7535,22,0,0,0
157,2026-07-22 20:47:05,7534.75,7,0,0,0
157,2026-07-22 20:47:05,7534.5,9,2,0,0
157,2026-07-22 20:47:05,7534.25,34,71,0,0
157,2026-07-22 20:47:05,7534,46,31,0,0
157,2026-07-22 20:47:05,7533.75,61,75,0,0
157,2026-07-22 20:47:05,7533.5,73,84,0,0
157,2026-07-22 20:47:05,7533.25,85,59,0,0
157,2026-07-22 20:47:05,7533,61,35,0,0
157,2026-07-22 20:47:05,7532.75,32,2,0,0
157,2026-07-22 20:47:05,7532.5,15,30,0,0
157,2026-07-22 20:47:05,7532.25,41,30,0,0
157,2026-07-22 20:47:05,7532,70,137,0,17
157,2026-07-22 20:47:05,7531.75,80,86,0,0
157,2026-07-22 20:47:05,7531.5,62,69,0,0
157,2026-07-22 20:47:05,7531.25,82,78,0,0
157,2026-07-22 20:47:05,7531,123,98,0,15
157,2026-07-22 20:47:05,7530.75,50,39,0,0
157,2026-07-22 20:47:05,7530.5,52,48,0,0
157,2026-07-22 20:47:05,7530.25,67,77,0,0
157,2026-07-22 20:47:05,7530,110,108,11,0
157,2026-07-22 20:47:05,7529.75,76,39,0,0
157,2026-07-22 20:47:05,7529.5,5,0,0,0
158,2026-07-22 21:32:00,7532,31,16,0,0
158,2026-07-22 21:32:00,7531.75,21,14,0,0
158,2026-07-22 21:32:00,7532.25,30,21,0,0
158,2026-07-22 21:32:00,7532.5,17,16,0,0
158,2026-07-22 21:32:00,7531.5,38,22,10,0
158,2026-07-22 21:32:00,7532.75,7,26,0,0
158,2026-07-22 21:32:00,7533,22,33,0,0
158,2026-07-22 21:32:00,7533.25,7,27,0,0
158,2026-07-22 21:32:00,7533.5,66,29,39,0
158,2026-07-22 21:32:00,7533.75,64,66,0,0
158,2026-07-22 21:32:00,7534,12,26,0,0
158,2026-07-22 21:32:00,7534.25,0,11,0,0
158,2026-07-22 21:32:00,7531.25,56,66,0,0
158,2026-07-22 21:32:00,7531,118,91,0,0
158,2026-07-22 21:32:00,7530.75,85,78,0,0
158,2026-07-22 21:32:00,7530.5,107,90,0,11
158,2026-07-22 21:32:00,7530.25,57,36,0,0
158,2026-07-22 21:32:00,7530,69,62,0,0
158,2026-07-22 21:32:00,7529.75,83,61,0,0
158,2026-07-22 21:32:00,7529.5,54,45,0,0
158,2026-07-22 21:32:00,7529.25,47,68,0,0
158,2026-07-22 21:32:00,7529,194,217,0,17
158,2026-07-22 21:32:00,7528.75,259,169,0,0
158,2026-07-22 21:32:00,7528.5,210,143,0,0
158,2026-07-22 21:32:00,7528.25,143,85,0,0
158,2026-07-22 21:32:00,7528,182,118,10,0
158,2026-07-22 21:32:00,7527.75,137,119,0,0
158,2026-07-22 21:32:00,7527.5,165,89,0,0
158,2026-07-22 21:32:00,7527.25,129,96,40,0
158,2026-07-22 21:32:00,7527,59,11,15,0
158,2026-07-22 21:32:00,7526.75,43,15,0,0
158,2026-07-22 21:32:00,7526.5,15,0,0,0
158,2026-07-22 21:32:00,7526.25,10,3,0,0
158,2026-07-22 21:32:00,7526,22,12,0,0
158,2026-07-22 21:32:00,7525.75,18,40,0,0
158,2026-07-22 21:32:00,7525.5,65,24,0,0
158,2026-07-22 21:32:00,7525.25,29,42,0,0
158,2026-07-22 21:32:00,7525,84,42,0,0
158,2026-07-22 21:32:00,7524.75,22,27,0,0
158,2026-07-22 21:32:00,7524.5,53,98,0,0
158,2026-07-22 21:32:00,7524.25,166,71,42,0
158,2026-07-22 21:32:00,7524,79,77,0,0
158,2026-07-22 21:32:00,7523.75,99,111,0,0
158,2026-07-22 21:32:00,7523.5,121,110,0,0
158,2026-07-22 21:32:00,7523.25,135,96,0,0
158,2026-07-22 21:32:00,7523,85,47,0,0
158,2026-07-22 21:32:00,7522.75,33,21,0,0
158,2026-07-22 21:32:00,7522.5,55,21,0,0
158,2026-07-22 21:32:00,7522.25,20,10,0,0
158,2026-07-22 21:32:00,7522,30,13,0,0
158,2026-07-22 21:32:00,7521.75,4,9,0,0
158,2026-07-22 21:32:00,7521.5,3,0,0,0
159,2026-07-22 22:21:31,7524.75,86,88,0,0
159,2026-07-22 22:21:31,7524.5,93,133,0,10
159,2026-07-22 22:21:31,7525,100,186,0,22
159,2026-07-22 22:21:31,7525.25,129,131,0,15
159,2026-07-22 22:21:31,7525.5,69,110,0,0
159,2026-07-22 22:21:31,7524.25,96,99,0,0
159,2026-07-22 22:21:31,7524,95,138,0,10
159,2026-07-22 22:21:31,7523.75,107,113,10,0
159,2026-07-22 22:21:31,7523.5,79,92,0,10
159,2026-07-22 22:21:31,7523.25,58,57,0,0
159,2026-07-22 22:21:31,7523,48,37,0,0
159,2026-07-22 22:21:31,7522.75,26,41,0,0
159,2026-07-22 22:21:31,7522.5,75,62,0,0
159,2026-07-22 22:21:31,7522.25,58,34,0,0
159,2026-07-22 22:21:31,7522,31,39,0,0
159,2026-07-22 22:21:31,7521.75,34,54,0,0
159,2026-07-22 22:21:31,7521.5,38,23,0,0
159,2026-07-22 22:21:31,7521.25,52,15,10,0
159,2026-07-22 22:21:31,7521,21,12,0,0
159,2026-07-22 22:21:31,7520.75,2,0,0,0
159,2026-07-22 22:21:31,7525.75,69,44,0,0
159,2026-07-22 22:21:31,7526,67,70,0,10
159,2026-07-22 22:21:31,7526.25,64,51,0,0
159,2026-07-22 22:21:31,7526.5,85,61,0,0
159,2026-07-22 22:21:31,7526.75,81,111,11,0
159,2026-07-22 22:21:31,7527,110,101,0,0
159,2026-07-22 22:21:31,7527.25,83,87,0,0
159,2026-07-22 22:21:31,7527.5,104,100,0,0
159,2026-07-22 22:21:31,7527.75,122,129,0,0
159,2026-07-22 22:21:31,7528,137,148,0,0
159,2026-07-22 22:21:31,7528.25,96,94,0,0
159,2026-07-22 22:21:31,7528.5,102,102,0,0
159,2026-07-22 22:21:31,7528.75,66,101,0,0
159,2026-07-22 22:21:31,7529,35,82,0,0
159,2026-07-22 22:21:31,7529.25,41,48,0,0
159,2026-07-22 22:21:31,7529.5,16,31,0,0
159,2026-07-22 22:21:31,7529.75,8,9,0,0
159,2026-07-22 22:21:31,7530,30,36,0,0
159,2026-07-22 22:21:31,7530.25,25,31,0,0
159,2026-07-22 22:21:31,7530.5,49,60,0,0
159,2026-07-22 22:21:31,7530.75,30,34,0,0
159,2026-07-22 22:21:31,7531,14,33,0,0
159,2026-07-22 22:21:31,7531.25,7,22,0,0
159,2026-07-22 22:21:31,7531.5,15,31,0,0
159,2026-07-22 22:21:31,7531.75,17,47,0,0
159,2026-07-22 22:21:31,7532,37,54,0,0
159,2026-07-22 22:21:31,7532.25,58,76,0,0
159,2026-07-22 22:21:31,7532.5,41,64,0,0
159,2026-07-22 22:21:31,7532.75,21,29,0,0
159,2026-07-22 22:21:31,7533,35,40,0,0
159,2026-07-22 22:21:31,7533.25,72,31,0,0
159,2026-07-22 22:21:31,7533.5,9,30,0,0
159,2026-07-22 22:21:31,7533.75,0,6,0,0
160,2026-07-22 23:30:53,7532.5,113,120,17,0
160,2026-07-22 23:30:53,7532.75,66,84,0,0
160,2026-07-22 23:30:53,7532,97,67,0,0
160,2026-07-22 23:30:53,7532.25,116,130,0,12
160,2026-07-22 23:30:53,7531.75,85,96,0,26
160,2026-07-22 23:30:53,7531.5,102,85,0,0
160,2026-07-22 23:30:53,7531.25,83,64,0,0
160,2026-07-22 23:30:53,7531,48,56,0,0
160,2026-07-22 23:30:53,7530.75,102,74,0,15
160,2026-07-22 23:30:53,7530.5,107,49,11,0
160,2026-07-22 23:30:53,7530.25,64,56,0,0
160,2026-07-22 23:30:53,7533,62,86,0,0
160,2026-07-22 23:30:53,7533.25,66,32,30,0
160,2026-07-22 23:30:53,7530,89,58,25,0
160,2026-07-22 23:30:53,7529.75,42,37,0,0
160,2026-07-22 23:30:53,7529.5,56,43,0,0
160,2026-07-22 23:30:53,7529.25,32,38,0,0
160,2026-07-22 23:30:53,7529,54,30,0,0
160,2026-07-22 23:30:53,7528.75,45,28,0,0
160,2026-07-22 23:30:53,7528.5,67,43,0,15
160,2026-07-22 23:30:53,7528.25,40,34,0,0
160,2026-07-22 23:30:53,7528,58,52,0,0
160,2026-07-22 23:30:53,7527.75,73,97,0,0
160,2026-07-22 23:30:53,7527.5,78,71,0,0
160,2026-07-22 23:30:53,7527.25,54,62,0,0
160,2026-07-22 23:30:53,7527,86,79,0,0
160,2026-07-22 23:30:53,7526.75,93,122,0,0
160,2026-07-22 23:30:53,7526.5,107,114,0,0
160,2026-07-22 23:30:53,7526.25,112,163,0,0
160,2026-07-22 23:30:53,7526,249,151,0,0
160,2026-07-22 23:30:53,7525.75,125,106,0,0
160,2026-07-22 23:30:53,7525.5,107,80,0,0
160,2026-07-22 23:30:53,7525.25,77,58,0,0
160,2026-07-22 23:30:53,7525,75,31,0,0
160,2026-07-22 23:30:53,7524.75,58,85,0,0
160,2026-07-22 23:30:53,7524.5,58,53,0,0
160,2026-07-22 23:30:53,7524.25,55,34,0,0
160,2026-07-22 23:30:53,7524,29,9,0,0
160,2026-07-22 23:30:53,7533.5,19,29,0,0
160,2026-07-22 23:30:53,7533.75,53,41,0,0
160,2026-07-22 23:30:53,7534,48,35,0,0
160,2026-07-22 23:30:53,7534.25,29,52,0,0
160,2026-07-22 23:30:53,7534.5,41,17,0,0
160,2026-07-22 23:30:53,7534.75,46,24,0,0
160,2026-07-22 23:30:53,7535,30,79,0,0
160,2026-07-22 23:30:53,7535.25,7,28,0,0
160,2026-07-22 23:30:53,7535.5,2,12,0,0
160,2026-07-22 23:30:53,7523.75,11,5,0,0
160,2026-07-22 23:30:53,7523.5,14,6,0,0
160,2026-07-22 23:30:53,7523.25,10,16,0,0
160,2026-07-22 23:30:53,7523,17,7,0,0
160,2026-07-22 23:30:53,7522.75,15,2,0,0
160,2026-07-22 23:30:53,7522.5,9,4,0,0
160,2026-07-22 23:30:53,7522.25,14,24,0,0
160,2026-07-22 23:30:53,7522,28,13,0,0
160,2026-07-22 23:30:53,7521.75,6,0,0,0
161,2026-07-23 00:54:45,7522,85,33,29,0
161,2026-07-23 00:54:45,7521.75,36,33,0,0
161,2026-07-23 00:54:45,7521.5,31,23,0,0
161,2026-07-23 00:54:45,7522.25,55,44,0,0
161,2026-07-23 00:54:45,7522.5,115,81,0,0
161,2026-07-23 00:54:45,7522.75,132,154,0,0
161,2026-07-23 00:54:45,7523,193,129,24,0
161,2026-07-23 00:54:45,7523.25,277,182,110,0
161,2026-07-23 00:54:45,7523.5,302,206,0,0
161,2026-07-23 00:54:45,7523.75,159,219,0,0
161,2026-07-23 00:54:45,7524,240,223,49,35
161,2026-07-23 00:54:45,7524.25,139,188,0,15
161,2026-07-23 00:54:45,7524.5,161,163,11,0
161,2026-07-23 00:54:45,7524.75,181,174,0,13
161,2026-07-23 00:54:45,7525,250,225,0,10
161,2026-07-23 00:54:45,7525.25,174,210,0,0
161,2026-07-23 00:54:45,7525.5,139,186,0,30
161,2026-07-23 00:54:45,7525.75,552,188,346,0
161,2026-07-23 00:54:45,7526,238,242,0,13
161,2026-07-23 00:54:45,7526.25,32,65,0,0
161,2026-07-23 00:54:45,7526.5,15,26,0,0
162,2026-07-23 01:34:08,7522.25,80,123,0,0
162,2026-07-23 01:34:08,7522,161,177,0,0
162,2026-07-23 01:34:08,7521.75,145,151,0,0
162,2026-07-23 01:34:08,7522.5,70,74,0,0
162,2026-07-23 01:34:08,7522.75,107,141,0,30
162,2026-07-23 01:34:08,7523,40,52,0,0
162,2026-07-23 01:34:08,7521.5,115,110,0,0
162,2026-07-23 01:34:08,7521.25,106,90,24,0
162,2026-07-23 01:34:08,7521,124,99,0,0
162,2026-07-23 01:34:08,7520.75,135,98,12,0
162,2026-07-23 01:34:08,7520.5,166,169,0,0
162,2026-07-23 01:34:08,7520.25,144,104,0,0
162,2026-07-23 01:34:08,7520,127,56,10,0
162,2026-07-23 01:34:08,7523.25,35,32,0,0
162,2026-07-23 01:34:08,7523.5,39,33,0,0
162,2026-07-23 01:34:08,7523.75,31,18,0,0
162,2026-07-23 01:34:08,7524,17,21,0,0
162,2026-07-23 01:34:08,7524.25,55,27,39,0
162,2026-07-23 01:34:08,7524.5,24,26,0,0
162,2026-07-23 01:34:08,7524.75,29,34,0,0
162,2026-07-23 01:34:08,7525,15,100,0,51
162,2026-07-23 01:34:08,7525.25,16,42,0,0
162,2026-07-23 01:34:08,7525.5,0,2,0,0
162,2026-07-23 01:34:08,7519.75,69,78,0,0
162,2026-07-23 01:34:08,7519.5,33,18,0,0
162,2026-07-23 01:34:08,7519.25,16,6,0,0
162,2026-07-23 01:34:08,7519,23,4,0,0
162,2026-07-23 01:34:08,7518.75,9,14,0,0
162,2026-07-23 01:34:08,7518.5,54,8,0,0
162,2026-07-23 01:34:08,7518.25,44,30,0,0
162,2026-07-23 01:34:08,7518,51,17,0,0
162,2026-07-23 01:34:08,7517.75,14,13,0,0
162,2026-07-23 01:34:08,7517.5,12,7,0,0
162,2026-07-23 01:34:08,7517.25,7,13,0,0
162,2026-07-23 01:34:08,7517,43,116,0,40
162,2026-07-23 01:34:08,7516.75,55,81,0,0
162,2026-07-23 01:34:08,7516.5,118,82,0,0
162,2026-07-23 01:34:08,7516.25,100,67,0,0
162,2026-07-23 01:34:08,7516,130,22,45,0
162,2026-07-23 01:34:08,7515.75,12,16,0,0
162,2026-07-23 01:34:08,7515.5,37,60,0,10
162,2026-07-23 01:34:08,7515.25,86,65,0,0
162,2026-07-23 01:34:08,7515,73,45,0,0
162,2026-07-23 01:34:08,7514.75,24,29,0,23
162,2026-07-23 01:34:08,7514.5,41,59,0,0
162,2026-07-23 01:34:08,7514.25,66,61,0,0
162,2026-07-23 01:34:08,7514,116,128,11,13
162,2026-07-23 01:34:08,7513.75,107,102,0,0
162,2026-07-23 01:34:08,7513.5,96,85,0,0
162,2026-07-23 01:34:08,7513.25,49,46,0,0
162,2026-07-23 01:34:08,7513,48,49,0,0
162,2026-07-23 01:34:08,7512.75,33,20,0,0
162,2026-07-23 01:34:08,7512.5,8,19,0,0
162,2026-07-23 01:34:08,7512.25,6,0,0,0
163,2026-07-23 02:03:47,7516.75,4,11,0,0
163,2026-07-23 02:03:47,7516.5,7,0,0,0
163,2026-07-23 02:03:47,7517,4,10,0,0
163,2026-07-23 02:03:47,7517.25,0,1,0,0
163,2026-07-23 02:03:47,7516.25,4,13,0,0
163,2026-07-23 02:03:47,7516,6,4,0,0
163,2026-07-23 02:03:47,7515.75,17,35,0,0
163,2026-07-23 02:03:47,7515.5,23,11,0,0
163,2026-07-23 02:03:47,7515.25,27,40,0,0
163,2026-07-23 02:03:47,7515,48,49,0,0
163,2026-07-23 02:03:47,7514.75,83,96,0,0
163,2026-07-23 02:03:47,7514.5,76,63,0,11
163,2026-07-23 02:03:47,7514.25,70,36,0,0
163,2026-07-23 02:03:47,7514,61,42,0,0
163,2026-07-23 02:03:47,7513.75,66,56,0,0
163,2026-07-23 02:03:47,7513.5,96,86,0,20
163,2026-07-23 02:03:47,7513.25,28,27,0,0
163,2026-07-23 02:03:47,7513,41,24,0,0
163,2026-07-23 02:03:47,7512.75,31,62,0,23
163,2026-07-23 02:03:47,7512.5,90,52,0,0
163,2026-07-23 02:03:47,7512.25,75,62,0,0
163,2026-07-23 02:03:47,7512,53,21,0,0
163,2026-07-23 02:03:47,7511.75,41,15,10,0
163,2026-07-23 02:03:47,7511.5,24,27,0,0
163,2026-07-23 02:03:47,7511.25,54,49,0,0
163,2026-07-23 02:03:47,7511,89,17,48,0
163,2026-07-23 02:03:47,7510.75,41,48,0,0
163,2026-07-23 02:03:47,7510.5,63,111,0,30
163,2026-07-23 02:03:47,7510.25,103,64,0,0
163,2026-07-23 02:03:47,7510,84,29,0,0
163,2026-07-23 02:03:47,7509.75,26,4,0,0
163,2026-07-23 02:03:47,7509.5,15,6,0,0
163,2026-07-23 02:03:47,7509.25,12,4,0,0
163,2026-07-23 02:03:47,7509,19,0,0,0
163,2026-07-23 02:03:47,7508.75,34,22,0,0
163,2026-07-23 02:03:47,7508.5,25,5,0,0
163,2026-07-23 02:03:47,7508.25,23,21,0,0
163,2026-07-23 02:03:47,7508,26,30,0,0
163,2026-07-23 02:03:47,7507.75,39,25,0,0
163,2026-07-23 02:03:47,7507.5,92,26,0,0
163,2026-07-23 02:03:47,7507.25,76,55,0,0
163,2026-07-23 02:03:47,7507,54,20,0,0
163,2026-07-23 02:03:47,7506.75,16,26,0,0
163,2026-07-23 02:03:47,7506.5,12,0,0,0
163,2026-07-23 02:03:47,7506.25,18,15,0,0
163,2026-07-23 02:03:47,7506,90,8,50,0
163,2026-07-23 02:03:47,7505.75,11,22,0,0
163,2026-07-23 02:03:47,7505.5,18,14,0,0
163,2026-07-23 02:03:47,7505.25,27,34,0,0
163,2026-07-23 02:03:47,7505,88,0,55,0
163,2026-07-23 02:03:47,7504.75,20,26,0,0
163,2026-07-23 02:03:47,7504.5,58,27,0,0
163,2026-07-23 02:03:47,7504.25,44,7,0,0
163,2026-07-23 02:03:47,7504,63,42,0,0
163,2026-07-23 02:03:47,7503.75,65,68,0,0
163,2026-07-23 02:03:47,7503.5,65,84,0,0
163,2026-07-23 02:03:47,7503.25,114,135,0,0
163,2026-07-23 02:03:47,7503,149,120,0,0
163,2026-07-23 02:03:47,7502.75,71,62,0,0
163,2026-07-23 02:03:47,7502.5,66,38,0,0
163,2026-07-23 02:03:47,7502.25,156,74,39,0
163,2026-07-23 02:03:47,7502,41,53,0,0
163,2026-07-23 02:03:47,7501.75,34,29,0,0
163,2026-07-23 02:03:47,7501.5,39,35,0,0
163,2026-07-23 02:03:47,7501.25,33,18,0,0
163,2026-07-23 02:03:47,7501,39,23,0,0
163,2026-07-23 02:03:47,7500.75,45,41,0,0
163,2026-07-23 02:03:47,7500.5,41,97,0,0
163,2026-07-23 02:03:47,7500.25,45,90,0,0
163,2026-07-23 02:03:47,7500,82,39,0,0
163,2026-07-23 02:03:47,7499.75,49,49,0,0
163,2026-07-23 02:03:47,7499.5,62,75,0,0
163,2026-07-23 02:03:47,7499.25,91,60,11,0
163,2026-07-23 02:03:47,7499,43,17,0,0
163,2026-07-23 02:03:47,7498.75,13,12,0,0
163,2026-07-23 02:03:47,7498.5,22,1,0,0
164,2026-07-23 02:13:25,7501.25,65,53,0,0
164,2026-07-23 02:13:25,7501.5,68,59,17,0
164,2026-07-23 02:13:25,7501,5,5,0,0
164,2026-07-23 02:13:25,7501.75,37,34,0,0
164,2026-07-23 02:13:25,7502,54,49,0,0
164,2026-07-23 02:13:25,7502.25,36,27,0,0
164,2026-07-23 02:13:25,7502.5,28,37,0,0
164,2026-07-23 02:13:25,7502.75,3,13,0,0
164,2026-07-23 02:13:25,7503,0,19,0,0
164,2026-07-23 02:13:25,7503.25,7,24,0,11
164,2026-07-23 02:13:25,7503.5,27,13,0,0
164,2026-07-23 02:13:25,7503.75,18,8,0,0
164,2026-07-23 02:13:25,7504,17,30,0,0
164,2026-07-23 02:13:25,7504.25,21,20,0,0
164,2026-07-23 02:13:25,7504.5,77,48,0,0
164,2026-07-23 02:13:25,7504.75,68,64,0,0
164,2026-07-23 02:13:25,7505,7,52,0,0
164,2026-07-23 02:13:25,7505.25,19,32,0,0
164,2026-07-23 02:13:25,7505.5,38,27,0,0
164,2026-07-23 02:13:25,7505.75,121,105,14,0
164,2026-07-23 02:13:25,7506,66,61,0,0
164,2026-07-23 02:13:25,7506.25,118,93,0,25
164,2026-07-23 02:13:25,7506.5,142,189,0,24
164,2026-07-23 02:13:25,7506.75,130,100,0,0
164,2026-07-23 02:13:25,7507,81,120,0,0
164,2026-07-23 02:13:25,7507.25,37,113,0,16
164,2026-07-23 02:13:25,7507.5,81,44,0,0
164,2026-07-23 02:13:25,7507.75,103,93,0,0
164,2026-07-23 02:13:25,7508,196,145,17,0
164,2026-07-23 02:13:25,7508.25,113,100,0,0
164,2026-07-23 02:13:25,7508.5,30,36,0,0
164,2026-07-23 02:13:25,7508.75,46,26,0,0
164,2026-07-23 02:13:25,7509,113,112,0,0
164,2026-07-23 02:13:25,7509.25,121,100,0,0
164,2026-07-23 02:13:25,7509.5,161,122,19,0
164,2026-07-23 02:13:25,7509.75,205,129,50,0
164,2026-07-23 02:13:25,7510,120,176,0,18
164,2026-07-23 02:13:25,7510.25,82,115,0,0
164,2026-07-23 02:13:25,7510.5,55,98,0,10
164,2026-07-23 02:13:25,7510.75,63,48,0,0
164,2026-07-23 02:13:25,7511,66,72,0,0
164,2026-07-23 02:13:25,7511.25,44,82,0,0
164,2026-07-23 02:13:25,7511.5,46,72,0,0
164,2026-07-23 02:13:25,7511.75,26,44,0,0
164,2026-07-23 02:13:25,7512,45,39,0,0
164,2026-07-23 02:13:25,7512.25,58,43,0,0
164,2026-07-23 02:13:25,7512.5,67,79,0,0
164,2026-07-23 02:13:25,7512.75,39,66,0,12
164,2026-07-23 02:13:25,7513,23,61,0,0
164,2026-07-23 02:13:25,7513.25,3,6,0,0
165,2026-07-23 02:30:44,7508.25,20,10,0,0
165,2026-07-23 02:30:44,7508.5,4,11,0,0
165,2026-07-23 02:30:44,7508.75,0,1,0,0
165,2026-07-23 02:30:44,7508,14,12,0,0
165,2026-07-23 02:30:44,7507.75,14,15,0,0
165,2026-07-23 02:30:44,7507.5,46,23,0,0
165,2026-07-23 02:30:44,7507.25,28,38,0,0
165,2026-07-23 02:30:44,7507,48,44,0,0
165,2026-07-23 02:30:44,7506.75,40,11,0,0
165,2026-07-23 02:30:44,7506.5,7,10,0,0
165,2026-07-23 02:30:44,7506.25,4,11,0,0
165,2026-07-23 02:30:44,7506,64,154,0,96
165,2026-07-23 02:30:44,7505.75,41,46,0,0
165,2026-07-23 02:30:44,7505.5,18,32,0,0
165,2026-07-23 02:30:44,7505.25,40,58,0,0
165,2026-07-23 02:30:44,7505,56,75,0,0
165,2026-07-23 02:30:44,7504.75,67,73,0,0
165,2026-07-23 02:30:44,7504.5,49,42,0,0
165,2026-07-23 02:30:44,7504.25,75,40,0,0
165,2026-07-23 02:30:44,7504,68,67,0,0
165,2026-07-23 02:30:44,7503.75,68,57,0,0
165,2026-07-23 02:30:44,7503.5,58,44,0,0
165,2026-07-23 02:30:44,7503.25,57,64,0,0
165,2026-07-23 02:30:44,7503,102,111,15,0
165,2026-07-23 02:30:44,7502.75,79,102,0,0
165,2026-07-23 02:30:44,7502.5,87,75,0,0
165,2026-07-23 02:30:44,7502.25,73,51,0,0
165,2026-07-23 02:30:44,7502,38,24,0,0
165,2026-07-23 02:30:44,7501.75,12,10,0,0
165,2026-07-23 02:30:44,7501.5,40,35,0,0
165,2026-07-23 02:30:44,7501.25,34,18,0,0
165,2026-07-23 02:30:44,7501,9,0,0,0
165,2026-07-23 02:30:44,7500.75,21,7,0,0
165,2026-07-23 02:30:44,7500.5,34,29,0,0
165,2026-07-23 02:30:44,7500.25,46,17,0,0
165,2026-07-23 02:30:44,7500,52,78,0,14
165,2026-07-23 02:30:44,7499.75,96,97,0,0
165,2026-07-23 02:30:44,7499.5,133,81,0,0
165,2026-07-23 02:30:44,7499.25,105,26,45,0
165,2026-07-23 02:30:44,7499,28,15,0,0
165,2026-07-23 02:30:44,7498.75,60,62,0,0
165,2026-07-23 02:30:44,7498.5,42,60,0,12
165,2026-07-23 02:30:44,7498.25,76,104,0,10
165,2026-07-23 02:30:44,7498,114,137,19,0
165,2026-07-23 02:30:44,7497.75,160,106,0,0
165,2026-07-23 02:30:44,7497.5,167,179,0,0
165,2026-07-23 02:30:44,7497.25,240,237,0,0
165,2026-07-23 02:30:44,7497,239,136,0,0
165,2026-07-23 02:30:44,7496.75,173,103,0,0
165,2026-07-23 02:30:44,7496.5,111,113,0,0
165,2026-07-23 02:30:44,7496.25,108,59,0,0
165,2026-07-23 02:30:44,7496,50,24,0,0
165,2026-07-23 02:30:44,7495.75,13,12,0,0
165,2026-07-23 02:30:44,7495.5,15,8,0,0
165,2026-07-23 02:30:44,7495.25,4,0,0,0
166,2026-07-23 02:51:00,7498.5,21,28,0,0
166,2026-07-23 02:51:00,7498.25,52,78,0,0
166,2026-07-23 02:51:00,7498,84,94,0,0
166,2026-07-23 02:51:00,7497.75,96,161,0,62
166,2026-07-23 02:51:00,7497.5,71,74,0,0
166,2026-07-23 02:51:00,7497.25,83,104,0,10
166,2026-07-23 02:51:00,7497,65,67,0,0
166,2026-07-23 02:51:00,7496.75,38,37,11,0
166,2026-07-23 02:51:00,7496.5,6,6,0,0
166,2026-07-23 02:51:00,7498.75,64,43,0,0
166,2026-07-23 02:51:00,7499,144,87,27,0
166,2026-07-23 02:51:00,7499.25,62,136,0,23
166,2026-07-23 02:51:00,7499.5,75,77,0,0
166,2026-07-23 02:51:00,7499.75,46,58,0,0
166,2026-07-23 02:51:00,7500,199,71,104,0
166,2026-07-23 02:51:00,7500.25,129,76,25,0
166,2026-07-23 02:51:00,7500.5,88,48,0,0
166,2026-07-23 02:51:00,7500.75,66,78,10,0
166,2026-07-23 02:51:00,7501,97,70,0,0
166,2026-07-23 02:51:00,7501.25,98,88,0,20
166,2026-07-23 02:51:00,7501.5,55,54,0,0
166,2026-07-23 02:51:00,7501.75,58,97,0,0
166,2026-07-23 02:51:00,7502,54,66,0,10
166,2026-07-23 02:51:00,7502.25,111,90,0,0
166,2026-07-23 02:51:00,7502.5,168,109,0,0
166,2026-07-23 02:51:00,7502.75,94,118,0,0
166,2026-07-23 02:51:00,7503,85,111,0,0
166,2026-07-23 02:51:00,7503.25,152,145,10,0
166,2026-07-23 02:51:00,7503.5,156,213,0,13
166,2026-07-23 02:51:00,7503.75,187,262,29,38
166,2026-07-23 02:51:00,7504,50,119,0,11
166,2026-07-23 02:51:00,7504.25,72,50,0,0
166,2026-07-23 02:51:00,7504.5,24,54,0,0
166,2026-07-23 02:51:00,7504.75,24,53,0,0
166,2026-07-23 02:51:00,7505,26,28,0,0
166,2026-07-23 02:51:00,7505.25,10,16,0,0
166,2026-07-23 02:51:00,7505.5,24,32,0,0
166,2026-07-23 02:51:00,7505.75,20,30,0,0
166,2026-07-23 02:51:00,7506,63,50,0,0
166,2026-07-23 02:51:00,7506.25,48,69,0,0
166,2026-07-23 02:51:00,7506.5,49,49,0,0
166,2026-07-23 02:51:00,7506.75,25,44,0,0
166,2026-07-23 02:51:00,7507,9,12,0,0
167,2026-07-23 03:07:32,7506.75,8,6,0,0
167,2026-07-23 03:07:32,7507,0,7,0,0
167,2026-07-23 03:07:32,7506.5,1,0,0,0
167,2026-07-23 03:07:32,7506.25,4,0,0,0
167,2026-07-23 03:07:32,7507.25,8,11,0,0
167,2026-07-23 03:07:32,7507.5,15,33,0,0
167,2026-07-23 03:07:32,7507.75,30,32,0,0
167,2026-07-23 03:07:32,7508,22,33,0,0
167,2026-07-23 03:07:32,7508.25,29,35,0,0
167,2026-07-23 03:07:32,7508.5,9,29,0,0
167,2026-07-23 03:07:32,7508.75,50,23,0,0
167,2026-07-23 03:07:32,7509,72,37,0,0
167,2026-07-23 03:07:32,7509.25,119,94,0,0
167,2026-07-23 03:07:32,7509.5,110,112,0,0
167,2026-07-23 03:07:32,7509.75,88,117,0,0
167,2026-07-23 03:07:32,7510,232,161,115,0
167,2026-07-23 03:07:32,7510.25,144,113,0,0
167,2026-07-23 03:07:32,7510.5,86,106,0,0
167,2026-07-23 03:07:32,7510.75,104,106,0,0
167,2026-07-23 03:07:32,7511,115,171,0,39
167,2026-07-23 03:07:32,7511.25,149,96,0,0
167,2026-07-23 03:07:32,7511.5,152,209,0,93
167,2026-07-23 03:07:32,7511.75,84,90,0,0
167,2026-07-23 03:07:32,7512,122,129,0,0
167,2026-07-23 03:07:32,7512.25,138,122,0,0
167,2026-07-23 03:07:32,7512.5,132,135,0,0
167,2026-07-23 03:07:32,7512.75,139,113,26,0
167,2026-07-23 03:07:32,7513,129,133,0,0
167,2026-07-23 03:07:32,7513.25,134,137,0,0
167,2026-07-23 03:07:32,7513.5,211,126,0,0
167,2026-07-23 03:07:32,7513.75,139,158,15,0
167,2026-07-23 03:07:32,7514,133,114,0,0
167,2026-07-23 03:07:32,7514.25,132,131,0,0
167,2026-07-23 03:07:32,7514.5,86,102,0,0
167,2026-07-23 03:07:32,7514.75,68,57,0,0
167,2026-07-23 03:07:32,7515,100,65,0,0
167,2026-07-23 03:07:32,7515.25,6,57,0,0
168,2026-07-23 03:32:09,7513,48,56,0,0
168,2026-07-23 03:32:09,7512.75,185,60,55,0
168,2026-07-23 03:32:09,7512.5,125,99,0,0
168,2026-07-23 03:32:09,7512.25,69,55,11,0
168,2026-07-23 03:32:09,7512,88,71,0,0
168,2026-07-23 03:32:09,7511.75,142,141,0,0
168,2026-07-23 03:32:09,7511.5,164,164,0,16
168,2026-07-23 03:32:09,7511.25,122,115,0,15
168,2026-07-23 03:32:09,7511,54,54,0,0
168,2026-07-23 03:32:09,7510.75,64,42,0,0
168,2026-07-23 03:32:09,7510.5,46,32,0,0
168,2026-07-23 03:32:09,7510.25,48,49,0,0
168,2026-07-23 03:32:09,7513.25,29,23,0,0
168,2026-07-23 03:32:09,7513.5,27,10,0,0
168,2026-07-23 03:32:09,7510,63,69,0,0
168,2026-07-23 03:32:09,7509.75,99,97,0,0
168,2026-07-23 03:32:09,7509.5,125,105,0,0
168,2026-07-23 03:32:09,7509.25,113,77,0,0
168,2026-07-23 03:32:09,7509,74,84,0,0
168,2026-07-23 03:32:09,7508.75,92,72,10,0
168,2026-07-23 03:32:09,7508.5,75,58,0,0
168,2026-07-23 03:32:09,7508.25,70,66,0,0
168,2026-07-23 03:32:09,7508,102,72,0,0
168,2026-07-23 03:32:09,7507.75,35,21,0,0
168,2026-07-23 03:32:09,7507.5,32,2,0,0
168,2026-07-23 03:32:09,7513.75,11,22,0,0
168,2026-07-23 03:32:09,7514,28,30,0,10
168,2026-07-23 03:32:09,7514.25,54,82,0,23
168,2026-07-23 03:32:09,7514.5,45,33,0,0
168,2026-07-23 03:32:09,7514.75,17,20,0,0
168,2026-07-23 03:32:09,7515,17,28,0,0
168,2026-07-23 03:32:09,7515.25,22,59,0,19
168,2026-07-23 03:32:09,7515.5,0,53,0,25
168,2026-07-23 03:32:09,7515.75,13,17,0,0
168,2026-07-23 03:32:09,7516,9,47,0,0
168,2026-07-23 03:32:09,7516.25,8,16,0,0
168,2026-07-23 03:32:09,7516.5,17,25,0,0
168,2026-07-23 03:32:09,7516.75,33,19,0,0
168,2026-07-23 03:32:09,7517,115,90,0,18
168,2026-07-23 03:32:09,7517.25,154,106,0,13
168,2026-07-23 03:32:09,7517.5,83,117,0,0
168,2026-07-23 03:32:09,7517.75,41,43,0,0
168,2026-07-23 03:32:09,7518,32,71,0,0
168,2026-07-23 03:32:09,7518.25,100,43,22,0
168,2026-07-23 03:32:09,7518.5,137,85,0,0
168,2026-07-23 03:32:09,7518.75,81,155,0,21
168,2026-07-23 03:32:09,7519,97,80,0,11
168,2026-07-23 03:32:09,7519.25,66,64,0,0
168,2026-07-23 03:32:09,7519.5,48,48,0,0
168,2026-07-23 03:32:09,7519.75,11,25,0,0
168,2026-07-23 03:32:09,7520,30,37,0,14
168,2026-07-23 03:32:09,7520.25,5,26,0,12
169,2026-07-23 04:03:05,7519.75,27,29,0,0
169,2026-07-23 04:03:05,7520,38,17,0,0
169,2026-07-23 04:03:05,7520.25,36,14,0,0
169,2026-07-23 04:03:05,7520.5,20,14,0,0
169,2026-07-23 04:03:05,7520.75,8,32,0,0
169,2026-07-23 04:03:05,7521,46,65,0,0
169,2026-07-23 04:03:05,7521.25,60,44,0,0
169,2026-07-23 04:03:05,7521.5,52,65,0,0
169,2026-07-23 04:03:05,7521.75,127,82,0,15
169,2026-07-23 04:03:05,7522,73,81,0,0
169,2026-07-23 04:03:05,7522.25,120,118,0,17
169,2026-07-23 04:03:05,7522.5,198,136,24,0
169,2026-07-23 04:03:05,7522.75,81,110,0,0
169,2026-07-23 04:03:05,7523,71,104,0,16
169,2026-07-23 04:03:05,7523.25,31,56,0,0
169,2026-07-23 04:03:05,7523.5,92,39,0,0
169,2026-07-23 04:03:05,7523.75,61,74,0,0
169,2026-07-23 04:03:05,7524,93,53,0,0
169,2026-07-23 04:03:05,7524.25,33,41,0,0
169,2026-07-23 04:03:05,7524.5,3,46,0,25
169,2026-07-23 04:03:05,7524.75,19,21,0,0
169,2026-07-23 04:03:05,7525,21,58,0,13
169,2026-07-23 04:03:05,7525.25,69,28,0,0
169,2026-07-23 04:03:05,7525.5,67,52,23,0
169,2026-07-23 04:03:05,7525.75,13,22,0,0
169,2026-07-23 04:03:05,7526,0,15,0,0
169,2026-07-23 04:03:05,7519.5,44,45,0,0
169,2026-07-23 04:03:05,7519.25,104,66,0,0
169,2026-07-23 04:03:05,7519,35,34,0,0
169,2026-07-23 04:03:05,7518.75,41,65,0,0
169,2026-07-23 04:03:05,7518.5,77,43,0,10
169,2026-07-23 04:03:05,7518.25,95,73,0,10
169,2026-07-23 04:03:05,7518,89,98,0,0
169,2026-07-23 04:03:05,7517.75,80,50,0,0
169,2026-07-23 04:03:05,7517.5,16,8,0,0
169,2026-07-23 04:03:05,7517.25,22,15,0,0
169,2026-07-23 04:03:05,7517,66,69,10,10
169,2026-07-23 04:03:05,7516.75,47,41,0,0
169,2026-07-23 04:03:05,7516.5,41,13,0,0
169,2026-07-23 04:03:05,7516.25,39,28,0,0
169,2026-07-23 04:03:05,7516,55,43,10,0
169,2026-07-23 04:03:05,7515.75,69,84,0,0
169,2026-07-23 04:03:05,7515.5,130,92,0,0
169,2026-07-23 04:03:05,7515.25,77,93,0,20
169,2026-07-23 04:03:05,7515,167,133,0,0
169,2026-07-23 04:03:05,7514.75,176,123,0,0
169,2026-07-23 04:03:05,7514.5,131,104,0,0
169,2026-07-23 04:03:05,7514.25,116,120,0,0
169,2026-07-23 04:03:05,7514,102,70,0,0
169,2026-07-23 04:03:05,7513.75,46,50,0,0
169,2026-07-23 04:03:05,7513.5,57,34,0,0
169,2026-07-23 04:03:05,7513.25,42,4,0,0
169,2026-07-23 04:03:05,7513,35,10,0,0
169,2026-07-23 04:03:05,7512.75,10,3,0,0
169,2026-07-23 04:03:05,7512.5,5,0,0,0
170,2026-07-23 04:30:08,7513,231,234,15,0
170,2026-07-23 04:30:08,7513.25,145,142,0,0
170,2026-07-23 04:30:08,7512.75,267,211,0,0
170,2026-07-23 04:30:08,7512.5,333,294,0,14
170,2026-07-23 04:30:08,7512.25,359,227,0,0
170,2026-07-23 04:30:08,7513.5,101,113,0,0
170,2026-07-23 04:30:08,7513.75,86,81,0,0
170,2026-07-23 04:30:08,7512,377,227,105,0
170,2026-07-23 04:30:08,7511.75,228,225,0,0
170,2026-07-23 04:30:08,7511.5,239,176,14,0
170,2026-07-23 04:30:08,7511.25,164,159,0,0
170,2026-07-23 04:30:08,7511,332,167,126,0
170,2026-07-23 04:30:08,7510.75,162,107,0,0
170,2026-07-23 04:30:08,7510.5,100,61,0,0
170,2026-07-23 04:30:08,7510.25,87,73,0,0
170,2026-07-23 04:30:08,7510,79,88,0,39
170,2026-07-23 04:30:08,7514,74,66,0,0
170,2026-07-23 04:30:08,7514.25,58,61,0,0
170,2026-07-23 04:30:08,7514.5,30,51,0,0
170,2026-07-23 04:30:08,7514.75,40,42,0,0
170,2026-07-23 04:30:08,7515,19,54,0,0
170,2026-07-23 04:30:08,7515.25,15,14,0,0
170,2026-07-23 04:30:08,7515.5,0,3,0,0
170,2026-07-23 04:30:08,7509.75,36,23,0,0
170,2026-07-23 04:30:08,7509.5,33,4,0,0
170,2026-07-23 04:30:08,7509.25,1,0,0,0
171,2026-07-23 05:10:26,7509.75,67,60,0,0
171,2026-07-23 05:10:26,7509.5,49,45,0,0
171,2026-07-23 05:10:26,7509.25,109,104,0,0
171,2026-07-23 05:10:26,7510,46,59,0,0
171,2026-07-23 05:10:26,7509,98,57,0,0
171,2026-07-23 05:10:26,7508.75,29,19,0,0
171,2026-07-23 05:10:26,7508.5,30,5,0,0
171,2026-07-23 05:10:26,7510.25,49,44,0,0
171,2026-07-23 05:10:26,7510.5,46,60,0,0
171,2026-07-23 05:10:26,7510.75,56,45,0,0
171,2026-07-23 05:10:26,7511,54,57,0,0
171,2026-07-23 05:10:26,7511.25,84,60,0,0
171,2026-07-23 05:10:26,7511.5,55,39,0,0
171,2026-07-23 05:10:26,7511.75,20,58,0,0
171,2026-07-23 05:10:26,7512,35,29,0,0
171,2026-07-23 05:10:26,7512.25,87,60,0,0
171,2026-07-23 05:10:26,7512.5,55,75,0,0
171,2026-07-23 05:10:26,7512.75,45,66,0,0
171,2026-07-23 05:10:26,7513,56,70,0,0
171,2026-07-23 05:10:26,7513.25,51,56,0,0
171,2026-07-23 05:10:26,7513.5,35,42,0,0
171,2026-07-23 05:10:26,7513.75,27,27,0,0
171,2026-07-23 05:10:26,7514,33,49,0,0
171,2026-07-23 05:10:26,7514.25,12,26,0,0
171,2026-07-23 05:10:26,7514.5,0,7,0,0
171,2026-07-23 05:10:26,7514.75,2,12,0,0
171,2026-07-23 05:10:26,7515,0,20,0,0
171,2026-07-23 05:10:26,7515.25,39,54,0,0
171,2026-07-23 05:10:26,7515.5,97,62,0,0
171,2026-07-23 05:10:26,7515.75,37,55,0,0
171,2026-07-23 05:10:26,7516,63,96,0,31
171,2026-07-23 05:10:26,7516.25,32,54,0,0
171,2026-07-23 05:10:26,7516.5,6,10,0,0
171,2026-07-23 05:10:26,7516.75,25,35,0,0
171,2026-07-23 05:10:26,7517,83,59,0,0
171,2026-07-23 05:10:26,7517.25,68,66,0,0
171,2026-07-23 05:10:26,7517.5,74,68,0,0
171,2026-07-23 05:10:26,7517.75,55,56,0,0
171,2026-07-23 05:10:26,7518,53,57,0,0
171,2026-07-23 05:10:26,7518.25,52,57,0,0
171,2026-07-23 05:10:26,7518.5,49,43,0,12
171,2026-07-23 05:10:26,7518.75,78,52,0,0
171,2026-07-23 05:10:26,7519,64,71,20,0
171,2026-07-23 05:10:26,7519.25,38,77,0,0
171,2026-07-23 05:10:26,7519.5,25,48,0,0
171,2026-07-23 05:10:26,7519.75,50,55,0,0
171,2026-07-23 05:10:26,7520,39,51,0,0
171,2026-07-23 05:10:26,7520.25,27,30,0,0
171,2026-07-23 05:10:26,7520.5,52,44,0,13
171,2026-07-23 05:10:26,7520.75,84,76,0,0
171,2026-07-23 05:10:26,7521,140,71,12,0
171,2026-07-23 05:10:26,7521.25,96,77,0,0
171,2026-07-23 05:10:26,7521.5,49,48,0,0
171,2026-07-23 05:10:26,7521.75,69,48,0,0
171,2026-07-23 05:10:26,7522,32,98,0,0
171,2026-07-23 05:10:26,7522.25,17,33,0,0
171,2026-07-23 05:10:26,7522.5,31,52,0,0
171,2026-07-23 05:10:26,7522.75,156,45,92,0
171,2026-07-23 05:10:26,7523,60,122,0,17
171,2026-07-23 05:10:26,7523.25,38,58,0,0
171,2026-07-23 05:10:26,7523.5,14,66,0,0
171,2026-07-23 05:10:26,7523.75,27,54,0,0
171,2026-07-23 05:10:26,7524,14,37,0,0
171,2026-07-23 05:10:26,7524.25,0,2,0,0
172,2026-07-23 05:44:32,7520.25,189,125,0,0
172,2026-07-23 05:44:32,7520.5,219,190,0,0
172,2026-07-23 05:44:32,7520,246,169,0,0
172,2026-07-23 05:44:32,7520.75,250,203,50,0
172,2026-07-23 05:44:32,7521,128,192,0,25
172,2026-07-23 05:44:32,7521.25,114,111,0,0
172,2026-07-23 05:44:32,7521.5,103,40,25,0
172,2026-07-23 05:44:32,7521.75,65,52,0,0
172,2026-07-23 05:44:32,7522,42,83,0,0
172,2026-07-23 05:44:32,7522.25,7,10,0,0
172,2026-07-23 05:44:32,7522.5,0,2,0,0
172,2026-07-23 05:44:32,7519.75,96,37,0,0
172,2026-07-23 05:44:32,7519.5,28,24,0,0
172,2026-07-23 05:44:32,7519.25,29,17,0,0
172,2026-07-23 05:44:32,7519,62,36,0,0
172,2026-07-23 05:44:32,7518.75,39,32,0,0
172,2026-07-23 05:44:32,7518.5,38,29,0,0
172,2026-07-23 05:44:32,7518.25,10,12,0,0
172,2026-07-23 05:44:32,7518,20,16,0,0
172,2026-07-23 05:44:32,7517.75,27,25,0,0
172,2026-07-23 05:44:32,7517.5,28,10,0,0
172,2026-07-23 05:44:32,7517.25,27,7,0,0
172,2026-07-23 05:44:32,7517,19,8,0,0
172,2026-07-23 05:44:32,7516.75,5,18,0,0
172,2026-07-23 05:44:32,7516.5,9,0,0,0
172,2026-07-23 05:44:32,7516.25,5,0,0,0
172,2026-07-23 05:44:32,7516,7,12,0,0
172,2026-07-23 05:44:32,7515.75,25,50,0,0
172,2026-07-23 05:44:32,7515.5,45,81,0,0
172,2026-07-23 05:44:32,7515.25,29,59,0,0
172,2026-07-23 05:44:32,7515,75,62,0,0
172,2026-07-23 05:44:32,7514.75,58,49,0,0
172,2026-07-23 05:44:32,7514.5,113,101,0,0
172,2026-07-23 05:44:32,7514.25,75,79,0,0
172,2026-07-23 05:44:32,7514,83,73,0,0
172,2026-07-23 05:44:32,7513.75,40,25,0,0
172,2026-07-23 05:44:32,7513.5,55,68,0,0
172,2026-07-23 05:44:32,7513.25,59,86,0,0
172,2026-07-23 05:44:32,7513,82,124,0,0
172,2026-07-23 05:44:32,7512.75,74,113,0,0
172,2026-07-23 05:44:32,7512.5,184,144,0,0
172,2026-07-23 05:44:32,7512.25,195,187,0,10
172,2026-07-23 05:44:32,7512,134,62,10,0
172,2026-07-23 05:44:32,7511.75,46,65,0,13
172,2026-07-23 05:44:32,7511.5,46,56,0,0
172,2026-07-23 05:44:32,7511.25,75,61,0,0
172,2026-07-23 05:44:32,7511,73,90,0,73
172,2026-07-23 05:44:32,7510.75,4,6,0,0
172,2026-07-23 05:44:32,7510.5,8,9,0,0
173,2026-07-23 06:20:20,7511.75,5,0,0,0
173,2026-07-23 06:20:20,7511.5,11,0,0,0
173,2026-07-23 06:20:20,7511.25,9,11,0,0
173,2026-07-23 06:20:20,7511,5,2,0,0
173,2026-07-23 06:20:20,7510.75,8,12,0,0
173,2026-07-23 06:20:20,7510.5,22,16,0,0
173,2026-07-23 06:20:20,7510.25,100,82,33,14
173,2026-07-23 06:20:20,7510,118,56,10,0
173,2026-07-23 06:20:20,7509.75,68,139,0,84
173,2026-07-23 06:20:20,7509.5,151,135,0,0
173,2026-07-23 06:20:20,7509.25,165,117,33,0
173,2026-07-23 06:20:20,7509,69,76,31,51
173,2026-07-23 06:20:20,7508.75,49,17,0,0
173,2026-07-23 06:20:20,7508.5,44,9,0,0
173,2026-07-23 06:20:20,7508.25,2,7,0,0
173,2026-07-23 06:20:20,7508,34,13,0,0
173,2026-07-23 06:20:20,7507.75,7,28,0,0
173,2026-07-23 06:20:20,7507.5,34,75,0,0
173,2026-07-23 06:20:20,7507.25,59,65,0,0
173,2026-07-23 06:20:20,7507,48,228,0,104
173,2026-07-23 06:20:20,7506.75,142,192,0,0
173,2026-07-23 06:20:20,7506.5,137,181,35,0
173,2026-07-23 06:20:20,7506.25,122,89,0,0
173,2026-07-23 06:20:20,7506,135,105,0,0
173,2026-07-23 06:20:20,7505.75,77,55,0,0
173,2026-07-23 06:20:20,7505.5,66,62,0,0
173,2026-07-23 06:20:20,7505.25,54,40,10,0
173,2026-07-23 06:20:20,7505,155,110,45,0
173,2026-07-23 06:20:20,7504.75,170,169,0,20
173,2026-07-23 06:20:20,7504.5,122,117,0,0
173,2026-07-23 06:20:20,7504.25,156,119,10,0
173,2026-07-23 06:20:20,7504,122,86,0,0
173,2026-07-23 06:20:20,7503.75,128,84,0,0
173,2026-07-23 06:20:20,7503.5,113,83,15,0
173,2026-07-23 06:20:20,7503.25,96,47,0,0
173,2026-07-23 06:20:20,7503,54,61,0,17
173,2026-07-23 06:20:20,7502.75,95,77,0,0
173,2026-07-23 06:20:20,7502.5,76,31,0,14
173,2026-07-23 06:20:20,7502.25,91,1,26,0
173,2026-07-23 06:20:20,7502,44,0,0,0
173,2026-07-23 06:20:20,7501.75,56,116,22,47
173,2026-07-23 06:20:20,7501.5,39,6,0,0
173,2026-07-23 06:20:20,7501.25,52,0,0,0
173,2026-07-23 06:20:20,7501,14,0,0,0
173,2026-07-23 06:20:20,7500.75,7,1,0,0
173,2026-07-23 06:20:20,7500.5,9,9,0,0
173,2026-07-23 06:20:20,7500.25,56,30,0,0
173,2026-07-23 06:20:20,7500,84,20,36,0
173,2026-07-23 06:20:20,7499.75,25,16,0,0
174,2026-07-23 06:33:55,7499.75,20,8,0,0
174,2026-07-23 06:33:55,7500,64,56,0,0
174,2026-07-23 06:33:55,7500.25,67,184,0,50
174,2026-07-23 06:33:55,7500.5,22,28,0,0
174,2026-07-23 06:33:55,7500.75,35,31,0,0
174,2026-07-23 06:33:55,7501,33,15,0,0
174,2026-07-23 06:33:55,7501.25,60,44,0,0
174,2026-07-23 06:33:55,7501.5,75,66,0,0
174,2026-07-23 06:33:55,7501.75,5,55,0,0
174,2026-07-23 06:33:55,7502,0,1,0,0
174,2026-07-23 06:33:55,7499.5,54,37,0,0
174,2026-07-23 06:33:55,7499.25,24,0,0,0
174,2026-07-23 06:33:55,7499,23,0,0,0
174,2026-07-23 06:33:55,7498.75,28,2,0,0
174,2026-07-23 06:33:55,7498.5,57,0,39,0
174,2026-07-23 06:33:55,7498.25,19,17,0,0
174,2026-07-23 06:33:55,7498,40,13,0,0
174,2026-07-23 06:33:55,7497.75,24,14,0,0
174,2026-07-23 06:33:55,7497.5,82,62,0,0
174,2026-07-23 06:33:55,7497.25,116,71,0,0
174,2026-07-23 06:33:55,7497,94,65,0,0
174,2026-07-23 06:33:55,7496.75,64,111,0,0
174,2026-07-23 06:33:55,7496.5,128,95,0,0
174,2026-07-23 06:33:55,7496.25,106,298,0,171
174,2026-07-23 06:33:55,7496,198,195,60,10
174,2026-07-23 06:33:55,7495.75,344,33,279,0
174,2026-07-23 06:33:55,7495.5,87,29,34,0
174,2026-07-23 06:33:55,7495.25,52,63,0,0
174,2026-07-23 06:33:55,7495,66,1,15,0
174,2026-07-23 06:33:55,7494.75,9,16,0,0
174,2026-07-23 06:33:55,7494.5,37,51,0,0
174,2026-07-23 06:33:55,7494.25,59,141,0,0
174,2026-07-23 06:33:55,7494,180,238,0,0
174,2026-07-23 06:33:55,7493.75,209,264,13,21
174,2026-07-23 06:33:55,7493.5,204,229,0,27
174,2026-07-23 06:33:55,7493.25,143,111,0,0
174,2026-07-23 06:33:55,7493,125,123,0,0
174,2026-07-23 06:33:55,7492.75,138,81,0,0
174,2026-07-23 06:33:55,7492.5,78,49,0,0
174,2026-07-23 06:33:55,7492.25,92,35,14,0
174,2026-07-23 06:33:55,7492,45,54,0,0
174,2026-07-23 06:33:55,7491.75,59,53,14,10
174,2026-07-23 06:33:55,7491.5,23,12,0,0
174,2026-07-23 06:33:55,7491.25,11,7,0,0
174,2026-07-23 06:33:55,7491,27,16,0,0
175,2026-07-23 06:39:03,7491.25,157,122,0,0
175,2026-07-23 06:39:03,7491,116,54,0,0
175,2026-07-23 06:39:03,7491.5,146,141,0,0
175,2026-07-23 06:39:03,7491.75,177,81,0,0
175,2026-07-23 06:39:03,7492,268,242,0,14
175,2026-07-23 06:39:03,7492.25,277,223,46,0
175,2026-07-23 06:39:03,7492.5,295,267,0,0
175,2026-07-23 06:39:03,7492.75,438,333,200,53
175,2026-07-23 06:39:03,7493,247,259,10,0
175,2026-07-23 06:39:03,7493.25,155,278,0,119
175,2026-07-23 06:39:03,7493.5,263,178,41,0
175,2026-07-23 06:39:03,7493.75,160,216,0,0
175,2026-07-23 06:39:03,7494,110,152,11,0
175,2026-07-23 06:39:03,7494.25,109,86,0,15
175,2026-07-23 06:39:03,7490.75,105,30,48,0
175,2026-07-23 06:39:03,7490.5,17,10,0,0
175,2026-07-23 06:39:03,7490.25,27,21,0,0
175,2026-07-23 06:39:03,7490,14,0,0,0
175,2026-07-23 06:39:03,7494.5,110,131,0,0
175,2026-07-23 06:39:03,7494.75,65,144,0,0
175,2026-07-23 06:39:03,7495,25,55,0,10
175,2026-07-23 06:39:03,7495.25,21,36,0,0
175,2026-07-23 06:39:03,7495.5,1,36,0,0
175,2026-07-23 06:39:03,7495.75,0,22,0,0
175,2026-07-23 06:39:03,7496,42,33,32,0
175,2026-07-23 06:39:03,7496.25,0,5,0,0
176,2026-07-23 06:48:46,7493.75,75,47,0,0
176,2026-07-23 06:48:46,7494,56,89,0,0
176,2026-07-23 06:48:46,7494.25,61,49,0,0
176,2026-07-23 06:48:46,7494.5,66,78,0,12
176,2026-07-23 06:48:46,7494.75,81,112,10,0
176,2026-07-23 06:48:46,7495,21,64,0,0
176,2026-07-23 06:48:46,7495.25,34,75,0,25
176,2026-07-23 06:48:46,7495.5,62,53,0,10
176,2026-07-23 06:48:46,7495.75,94,87,0,0
176,2026-07-23 06:48:46,7496,187,196,10,0
176,2026-07-23 06:48:46,7496.25,147,252,0,16
176,2026-07-23 06:48:46,7493.5,50,26,0,0
176,2026-07-23 06:48:46,7493.25,6,1,0,0
176,2026-07-23 06:48:46,7493,1,0,0,0
176,2026-07-23 06:48:46,7496.5,186,120,112,0
176,2026-07-23 06:48:46,7496.75,166,132,37,0
176,2026-07-23 06:48:46,7497,97,122,0,21
176,2026-07-23 06:48:46,7497.25,66,62,0,0
176,2026-07-23 06:48:46,7497.5,122,132,0,25
176,2026-07-23 06:48:46,7497.75,187,106,29,0
176,2026-07-23 06:48:46,7498,284,190,20,10
176,2026-07-23 06:48:46,7498.25,133,202,0,0
176,2026-07-23 06:48:46,7498.5,144,216,0,0
176,2026-07-23 06:48:46,7498.75,114,138,0,0
176,2026-07-23 06:48:46,7499,76,131,0,0
176,2026-07-23 06:48:46,7499.25,215,91,101,0
176,2026-07-23 06:48:46,7499.5,55,62,0,0
176,2026-07-23 06:48:46,7499.75,37,20,0,0
176,2026-07-23 06:48:46,7500,40,31,0,0
176,2026-07-23 06:48:46,7500.25,15,12,0,0
176,2026-07-23 06:48:46,7500.5,10,21,0,0
176,2026-07-23 06:48:46,7500.75,8,25,0,0
176,2026-07-23 06:48:46,7501,16,21,0,0
176,2026-07-23 06:48:46,7501.25,29,15,0,0
176,2026-07-23 06:48:46,7501.5,39,13,0,0
176,2026-07-23 06:48:46,7501.75,27,79,0,14
176,2026-07-23 06:48:46,7502,28,236,0,210
176,2026-07-23 06:48:46,7502.25,22,37,0,0
176,2026-07-23 06:48:46,7502.5,14,26,0,0
176,2026-07-23 06:48:46,7502.75,4,33,0,0
176,2026-07-23 06:48:46,7503,6,6,0,0
176,2026-07-23 06:48:46,7503.25,0,11,0,0
177,2026-07-23 06:57:58,7497.75,188,215,17,0
177,2026-07-23 06:57:58,7498,114,204,0,28
177,2026-07-23 06:57:58,7498.25,74,127,0,0
177,2026-07-23 06:57:58,7498.5,117,99,0,0
177,2026-07-23 06:57:58,7498.75,182,217,0,0
177,2026-07-23 06:57:58,7499,202,215,20,0
177,2026-07-23 06:57:58,7499.25,206,228,20,0
177,2026-07-23 06:57:58,7499.5,130,176,40,0
177,2026-07-23 06:57:58,7499.75,86,110,0,0
177,2026-07-23 06:57:58,7500,179,177,0,0
177,2026-07-23 06:57:58,7500.25,63,97,0,0
177,2026-07-23 06:57:58,7500.5,34,46,0,0
177,2026-07-23 06:57:58,7500.75,52,31,0,0
177,2026-07-23 06:57:58,7501,87,86,0,0
177,2026-07-23 06:57:58,7501.25,3,32,0,0
177,2026-07-23 06:57:58,7497.5,335,255,108,0
177,2026-07-23 06:57:58,7497.25,171,62,49,0
177,2026-07-23 06:57:58,7497,82,39,0,0
177,2026-07-23 06:57:58,7496.75,59,26,34,0
177,2026-07-23 06:57:58,7501.5,6,21,0,0
177,2026-07-23 06:57:58,7496.5,81,117,0,26
177,2026-07-23 06:57:58,7496.25,70,55,0,0
177,2026-07-23 06:57:58,7496,79,71,0,10
177,2026-07-23 06:57:58,7495.75,111,126,0,0
177,2026-07-23 06:57:58,7495.5,59,82,0,0
177,2026-07-23 06:57:58,7495.25,95,64,0,0
177,2026-07-23 06:57:58,7495,83,76,0,0
177,2026-07-23 06:57:58,7494.75,69,49,0,0
177,2026-07-23 06:57:58,7494.5,85,53,0,0
177,2026-07-23 06:57:58,7494.25,42,57,0,20
177,2026-07-23 06:57:58,7494,59,58,0,0
177,2026-07-23 06:57:58,7493.75,13,13,0,0
178,2026-07-23 07:10:13,7494.5,188,209,44,37
178,2026-07-23 07:10:13,7494.75,96,138,0,0
178,2026-07-23 07:10:13,7494.25,160,162,0,0
178,2026-07-23 07:10:13,7495,58,112,0,0
178,2026-07-23 07:10:13,7495.25,88,65,0,0
178,2026-07-23 07:10:13,7495.5,98,141,0,21
178,2026-07-23 07:10:13,7495.75,93,91,0,0
178,2026-07-23 07:10:13,7496,33,69,0,0
178,2026-07-23 07:10:13,7496.25,24,28,0,11
178,2026-07-23 07:10:13,7496.5,24,33,0,0
178,2026-07-23 07:10:13,7494,100,78,0,0
178,2026-07-23 07:10:13,7493.75,49,101,0,20
178,2026-07-23 07:10:13,7493.5,69,70,0,0
178,2026-07-23 07:10:13,7493.25,148,66,43,0
178,2026-07-23 07:10:13,7493,98,107,10,0
178,2026-07-23 07:10:13,7492.75,128,187,0,0
178,2026-07-23 07:10:13,7492.5,230,235,0,20
178,2026-07-23 07:10:13,7492.25,158,126,0,0
178,2026-07-23 07:10:13,7492,141,92,0,0
178,2026-07-23 07:10:13,7496.75,12,14,0,0
178,2026-07-23 07:10:13,7491.75,77,81,0,15
178,2026-07-23 07:10:13,7491.5,65,53,0,0
178,2026-07-23 07:10:13,7491.25,66,45,0,0
178,2026-07-23 07:10:13,7491,124,111,0,0
178,2026-07-23 07:10:13,7490.75,107,118,0,0
178,2026-07-23 07:10:13,7490.5,151,134,0,0
178,2026-07-23 07:10:13,7490.25,149,79,0,0
178,2026-07-23 07:10:13,7490,234,63,113,0
178,2026-07-23 07:10:13,7489.75,60,42,0,0
178,2026-07-23 07:10:13,7489.5,37,16,0,0
178,2026-07-23 07:10:13,7489.25,30,40,0,0
178,2026-07-23 07:10:13,7489,59,41,11,0
178,2026-07-23 07:10:13,7488.75,46,39,0,0
178,2026-07-23 07:10:13,7488.5,42,26,0,0
178,2026-07-23 07:10:13,7488.25,31,22,0,0
178,2026-07-23 07:10:13,7488,38,26,0,0
178,2026-07-23 07:10:13,7487.75,15,16,0,0
178,2026-07-23 07:10:13,7487.5,22,35,0,0
178,2026-07-23 07:10:13,7487.25,12,5,0,0
178,2026-07-23 07:10:13,7487,21,3,0,0
179,2026-07-23 07:17:57,7492.75,6,15,0,0
179,2026-07-23 07:17:57,7492.5,18,28,0,0
179,2026-07-23 07:17:57,7492.25,28,23,0,0
179,2026-07-23 07:17:57,7492,47,92,0,0
179,2026-07-23 07:17:57,7491.75,50,104,0,14
179,2026-07-23 07:17:57,7491.5,115,99,0,0
179,2026-07-23 07:17:57,7491.25,123,252,0,83
179,2026-07-23 07:17:57,7491,280,100,0,0
179,2026-07-23 07:17:57,7490.75,62,29,0,0
179,2026-07-23 07:17:57,7490.5,15,1,0,0
179,2026-07-23 07:17:57,7490.25,26,8,0,0
179,2026-07-23 07:17:57,7490,65,28,0,0
179,2026-07-23 07:17:57,7489.75,25,25,0,0
179,2026-07-23 07:17:57,7489.5,27,1,0,0
179,2026-07-23 07:17:57,7489.25,23,18,0,0
179,2026-07-23 07:17:57,7489,22,42,0,0
179,2026-07-23 07:17:57,7488.75,97,64,0,0
179,2026-07-23 07:17:57,7488.5,162,113,0,0
179,2026-07-23 07:17:57,7488.25,78,126,0,23
179,2026-07-23 07:17:57,7488,122,117,21,0
179,2026-07-23 07:17:57,7487.75,151,94,14,10
179,2026-07-23 07:17:57,7487.5,144,168,0,0
179,2026-07-23 07:17:57,7487.25,113,81,0,0
179,2026-07-23 07:17:57,7487,120,121,0,10
179,2026-07-23 07:17:57,7486.75,149,181,0,0
179,2026-07-23 07:17:57,7486.5,263,222,10,38
179,2026-07-23 07:17:57,7486.25,134,141,0,0
179,2026-07-23 07:17:57,7486,179,74,64,43
179,2026-07-23 07:17:57,7485.75,54,41,0,0
179,2026-07-23 07:17:57,7485.5,112,90,0,0
179,2026-07-23 07:17:57,7485.25,111,108,0,0
179,2026-07-23 07:17:57,7485,145,46,0,0
179,2026-07-23 07:17:57,7484.75,95,89,0,0
179,2026-07-23 07:17:57,7484.5,95,27,0,0
179,2026-07-23 07:17:57,7484.25,39,1,0,0
179,2026-07-23 07:17:57,7484,44,69,0,13
179,2026-07-23 07:17:57,7483.75,29,59,0,0
179,2026-07-23 07:17:57,7483.5,63,50,0,0
179,2026-07-23 07:17:57,7483.25,31,13,0,0
179,2026-07-23 07:17:57,7483,48,30,0,0
180,2026-07-23 07:24:22,7483,145,195,0,0
180,2026-07-23 07:24:22,7482.75,211,240,0,32
180,2026-07-23 07:24:22,7482.5,257,398,10,53
180,2026-07-23 07:24:22,7482.25,324,370,0,56
180,2026-07-23 07:24:22,7482,243,289,15,0
180,2026-07-23 07:24:22,7483.25,92,137,10,25
180,2026-07-23 07:24:22,7483.5,60,99,0,0
180,2026-07-23 07:24:22,7481.75,271,305,0,0
180,2026-07-23 07:24:22,7481.5,253,179,10,39
180,2026-07-23 07:24:22,7481.25,143,177,14,61
180,2026-07-23 07:24:22,7483.75,22,41,0,0
180,2026-07-23 07:24:22,7484,9,25,0,0
180,2026-07-23 07:24:22,7481,191,152,10,0
180,2026-07-23 07:24:22,7480.75,106,130,0,25
180,2026-07-23 07:24:22,7480.5,95,149,27,0
180,2026-07-23 07:24:22,7480.25,126,113,44,0
180,2026-07-23 07:24:22,7480,270,101,132,0
180,2026-07-23 07:24:22,7479.75,90,63,0,0
180,2026-07-23 07:24:22,7479.5,80,38,0,0
180,2026-07-23 07:24:22,7479.25,52,45,0,0
180,2026-07-23 07:24:22,7479,77,38,10,0
180,2026-07-23 07:24:22,7478.75,22,13,0,0
180,2026-07-23 07:24:22,7478.5,14,1,0,0
180,2026-07-23 07:24:22,7478.25,12,4,0,0
180,2026-07-23 07:24:22,7478,17,3,0,0
180,2026-07-23 07:24:22,7477.75,8,0,0,0
181,2026-07-23 07:30:48,7479.75,17,19,0,0
181,2026-07-23 07:30:48,7479.5,16,21,0,0
181,2026-07-23 07:30:48,7480,25,30,0,0
181,2026-07-23 07:30:48,7480.25,17,28,0,0
181,2026-07-23 07:30:48,7480.5,27,26,0,0
181,2026-07-23 07:30:48,7480.75,31,39,0,0
181,2026-07-23 07:30:48,7481,54,29,0,0
181,2026-07-23 07:30:48,7481.25,35,68,0,0
181,2026-07-23 07:30:48,7481.5,0,5,0,0
181,2026-07-23 07:30:48,7479.25,80,24,15,0
181,2026-07-23 07:30:48,7479,74,138,0,0
181,2026-07-23 07:30:48,7478.75,166,171,0,10
181,2026-07-23 07:30:48,7478.5,148,128,37,0
181,2026-07-23 07:30:48,7478.25,196,231,10,15
181,2026-07-23 07:30:48,7478,255,283,0,0
181,2026-07-23 07:30:48,7477.75,319,174,0,0
181,2026-07-23 07:30:48,7477.5,185,211,0,0
181,2026-07-23 07:30:48,7477.25,176,207,10,0
181,2026-07-23 07:30:48,7477,465,278,171,10
181,2026-07-23 07:30:48,7476.75,216,318,12,59
181,2026-07-23 07:30:48,7476.5,256,182,10,0
181,2026-07-23 07:30:48,7476.25,188,120,0,0
181,2026-07-23 07:30:48,7476,176,121,10,0
181,2026-07-23 07:30:48,7475.75,101,54,0,0
181,2026-07-23 07:30:48,7475.5,69,35,0,0
181,2026-07-23 07:30:48,7475.25,103,27,35,0
181,2026-07-23 07:30:48,7475,143,0,80,0
182,2026-07-23 07:36:31,7475.25,147,102,39,0
182,2026-07-23 07:36:31,7475,119,100,0,0
182,2026-07-23 07:36:31,7474.75,175,174,0,10
182,2026-07-23 07:36:31,7474.5,165,89,0,0
182,2026-07-23 07:36:31,7474.25,252,170,50,13
182,2026-07-23 07:36:31,7474,377,145,226,0
182,2026-07-23 07:36:31,7473.75,158,87,15,0
182,2026-07-23 07:36:31,7473.5,124,108,0,13
182,2026-07-23 07:36:31,7473.25,205,200,0,0
182,2026-07-23 07:36:31,7473,287,162,10,0
182,2026-07-23 07:36:31,7472.75,169,142,0,0
182,2026-07-23 07:36:31,7472.5,243,177,15,69
182,2026-07-23 07:36:31,7472.25,131,132,0,0
182,2026-07-23 07:36:31,7472,144,101,50,39
182,2026-07-23 07:36:31,7471.75,68,100,0,0
182,2026-07-23 07:36:31,7471.5,131,102,0,0
182,2026-07-23 07:36:31,7471.25,143,202,0,0
182,2026-07-23 07:36:31,7475.5,17,42,0,0
182,2026-07-23 07:36:31,7475.75,2,18,0,0
182,2026-07-23 07:36:31,7471,252,141,25,0
182,2026-07-23 07:36:31,7470.75,190,108,10,0
182,2026-07-23 07:36:31,7470.5,142,72,0,0
182,2026-07-23 07:36:31,7470.25,50,19,0,0
182,2026-07-23 07:36:31,7470,111,0,61,0
183,2026-07-23 07:41:01,7470.5,135,58,10,0
183,2026-07-23 07:41:01,7470.25,151,64,23,0
183,2026-07-23 07:41:01,7470.75,296,143,87,17
183,2026-07-23 07:41:01,7471,134,68,35,0
183,2026-07-23 07:41:01,7471.25,122,94,0,11
183,2026-07-23 07:41:01,7471.5,111,76,10,0
183,2026-07-23 07:41:01,7471.75,59,62,0,0
183,2026-07-23 07:41:01,7472,103,40,12,0
183,2026-07-23 07:41:01,7472.25,71,53,0,0
183,2026-07-23 07:41:01,7472.5,86,59,0,0
183,2026-07-23 07:41:01,7472.75,59,80,0,0
183,2026-07-23 07:41:01,7473,33,62,0,0
183,2026-07-23 07:41:01,7473.5,1,18,0,0
183,2026-07-23 07:41:01,7473.25,26,1,10,0
183,2026-07-23 07:41:01,7470,245,53,10,0
183,2026-07-23 07:41:01,7469.75,64,25,0,0
183,2026-07-23 07:41:01,7469.5,73,37,0,0
183,2026-07-23 07:41:01,7469.25,60,1,0,0
183,2026-07-23 07:41:01,7469,69,92,0,0
183,2026-07-23 07:41:01,7468.75,118,126,20,48
183,2026-07-23 07:41:01,7468.5,211,104,14,13
183,2026-07-23 07:41:01,7468.25,44,68,0,0
183,2026-07-23 07:41:01,7468,338,150,85,0
183,2026-07-23 07:41:01,7467.75,1193,155,1013,0
183,2026-07-23 07:41:01,7467.5,209,126,26,0
183,2026-07-23 07:41:01,7467.25,159,152,20,0
183,2026-07-23 07:41:01,7467,143,151,0,0
183,2026-07-23 07:41:01,7466.75,51,7,0,0
184,2026-07-23 07:44:00,7468.75,179,148,0,40
184,2026-07-23 07:44:00,7469,188,176,0,0
184,2026-07-23 07:44:00,7469.25,222,185,10,0
184,2026-07-23 07:44:00,7469.5,289,203,0,0
184,2026-07-23 07:44:00,7469.75,275,272,37,0
184,2026-07-23 07:44:00,7470,255,266,22,0
184,2026-07-23 07:44:00,7470.25,207,216,10,0
184,2026-07-23 07:44:00,7470.5,228,231,25,0
184,2026-07-23 07:44:00,7470.75,197,183,13,0
184,2026-07-23 07:44:00,7471,132,201,24,18
184,2026-07-23 07:44:00,7471.25,79,90,0,0
184,2026-07-23 07:44:00,7468.5,67,38,0,13
184,2026-07-23 07:44:00,7468.25,33,31,0,0
184,2026-07-23 07:44:00,7468,48,25,0,0
184,2026-07-23 07:44:00,7467.75,11,0,0,0
184,2026-07-23 07:44:00,7471.5,17,31,0,0
184,2026-07-23 07:44:00,7471.75,0,7,0,0
184,2026-07-23 07:44:00,7467.5,21,1,0,0
184,2026-07-23 07:44:00,7467.25,6,2,0,0
184,2026-07-23 07:44:00,7467,22,19,0,0
184,2026-07-23 07:44:00,7466.75,10,46,0,0
184,2026-07-23 07:44:00,7466.5,74,127,0,10
184,2026-07-23 07:44:00,7466.25,129,162,0,25
184,2026-07-23 07:44:00,7466,141,51,23,0
184,2026-07-23 07:44:00,7465.75,82,13,10,0
184,2026-07-23 07:44:00,7465.5,64,20,0,0
184,2026-07-23 07:44:00,7465.25,81,58,31,0
184,2026-07-23 07:44:00,7465,261,1,62,0
184,2026-07-23 07:44:00,7464.75,17,12,0,0
184,2026-07-23 07:44:00,7464.5,39,11,0,0
184,2026-07-23 07:44:00,7464.25,34,7,0,0
184,2026-07-23 07:44:00,7464,53,47,0,0
184,2026-07-23 07:44:00,7463.75,36,16,0,0
184,2026-07-23 07:44:00,7463.5,27,26,0,0
184,2026-07-23 07:44:00,7463.25,34,17,0,0
184,2026-07-23 07:44:00,7463,19,0,0,0
185,2026-07-23 07:48:30,7463,66,451,0,263
185,2026-07-23 07:48:30,7463.25,40,54,0,10
185,2026-07-23 07:48:30,7463.5,32,34,0,0
185,2026-07-23 07:48:30,7463.75,31,35,0,0
185,2026-07-23 07:48:30,7464,14,92,0,27
185,2026-07-23 07:48:30,7464.25,24,48,0,0
185,2026-07-23 07:48:30,7464.5,40,71,0,0
185,2026-07-23 07:48:30,7464.75,24,132,0,11
185,2026-07-23 07:48:30,7465,62,37,0,0
185,2026-07-23 07:48:30,7465.25,59,56,0,0
185,2026-07-23 07:48:30,7465.5,94,103,26,11
185,2026-07-23 07:48:30,7465.75,78,108,0,10
185,2026-07-23 07:48:30,7466,99,92,13,0
185,2026-07-23 07:48:30,7466.25,84,114,0,0
185,2026-07-23 07:48:30,7466.5,43,99,0,0
185,2026-07-23 07:48:30,7462.75,163,84,0,0
185,2026-07-23 07:48:30,7462.5,85,39,0,0
185,2026-07-23 07:48:30,7462.25,21,11,0,0
185,2026-07-23 07:48:30,7462,21,0,0,0
185,2026-07-23 07:48:30,7466.75,71,89,0,0
185,2026-07-23 07:48:30,7467,104,125,0,0
185,2026-07-23 07:48:30,7467.25,70,138,0,0
185,2026-07-23 07:48:30,7467.5,73,75,0,0
185,2026-07-23 07:48:30,7467.75,64,83,13,0
185,2026-07-23 07:48:30,7468,177,85,18,10
185,2026-07-23 07:48:30,7468.25,128,106,0,0
185,2026-07-23 07:48:30,7468.5,171,154,10,10
185,2026-07-23 07:48:30,7468.75,180,226,0,0
185,2026-07-23 07:48:30,7469,259,222,25,16
185,2026-07-23 07:48:30,7469.25,151,451,0,197
185,2026-07-23 07:48:30,7469.5,126,203,0,0
185,2026-07-23 07:48:30,7469.75,53,115,0,0
185,2026-07-23 07:48:30,7470,5,45,0,12
185,2026-07-23 07:48:30,7470.25,0,4,0,0
186,2026-07-23 07:53:31,7469,91,132,25,97
186,2026-07-23 07:53:31,7469.25,29,57,0,0
186,2026-07-23 07:53:31,7469.5,7,12,0,0
186,2026-07-23 07:53:31,7469.75,68,51,0,0
186,2026-07-23 07:53:31,7470,50,58,0,0
186,2026-07-23 07:53:31,7470.25,37,58,0,0
186,2026-07-23 07:53:31,7470.5,23,52,0,0
186,2026-07-23 07:53:31,7470.75,27,42,0,0
186,2026-07-23 07:53:31,7471,0,16,0,0
186,2026-07-23 07:53:31,7468.75,27,69,0,0
186,2026-07-23 07:53:31,7468.5,83,98,0,0
186,2026-07-23 07:53:31,7468.25,83,112,0,11
186,2026-07-23 07:53:31,7468,244,264,30,0
186,2026-07-23 07:53:31,7467.75,210,222,21,0
186,2026-07-23 07:53:31,7467.5,197,231,41,22
186,2026-07-23 07:53:31,7467.25,197,187,0,36
186,2026-07-23 07:53:31,7467,195,215,0,12
186,2026-07-23 07:53:31,7466.75,197,197,0,35
186,2026-07-23 07:53:31,7466.5,173,151,0,0
186,2026-07-23 07:53:31,7466.25,111,111,0,0
186,2026-07-23 07:53:31,7466,145,207,0,0
186,2026-07-23 07:53:31,7465.75,181,133,0,12
186,2026-07-23 07:53:31,7465.5,97,177,0,0
186,2026-07-23 07:53:31,7465.25,112,169,0,0
186,2026-07-23 07:53:31,7465,161,156,10,0
186,2026-07-23 07:53:31,7464.75,77,88,0,0
186,2026-07-23 07:53:31,7464.5,63,50,0,0
186,2026-07-23 07:53:31,7464.25,52,50,0,0
186,2026-07-23 07:53:31,7464,80,50,0,0
186,2026-07-23 07:53:31,7463.75,51,24,0,0
187,2026-07-23 08:00:17,7463.75,109,74,0,0
187,2026-07-23 08:00:17,7464,147,96,52,0
187,2026-07-23 08:00:17,7464.25,200,193,34,41
187,2026-07-23 08:00:17,7464.5,115,125,0,0
187,2026-07-23 08:00:17,7464.75,104,104,0,0
187,2026-07-23 08:00:17,7465,137,110,0,0
187,2026-07-23 08:00:17,7465.25,189,174,22,0
187,2026-07-23 08:00:17,7465.5,134,159,0,0
187,2026-07-23 08:00:17,7465.75,95,154,0,34
187,2026-07-23 08:00:17,7466,113,212,16,34
187,2026-07-23 08:00:17,7466.25,94,127,0,10
187,2026-07-23 08:00:17,7466.5,91,64,25,0
187,2026-07-23 08:00:17,7466.75,59,82,0,0
187,2026-07-23 08:00:17,7467,67,47,0,0
187,2026-07-23 08:00:17,7467.25,93,64,0,0
187,2026-07-23 08:00:17,7467.5,48,76,0,0
187,2026-07-23 08:00:17,7467.75,4,28,0,0
187,2026-07-23 08:00:17,7468,0,2,0,0
187,2026-07-23 08:00:17,7463.5,76,75,0,0
187,2026-07-23 08:00:17,7463.25,61,76,0,0
187,2026-07-23 08:00:17,7463,139,240,0,0
187,2026-07-23 08:00:17,7462.75,216,209,55,0
187,2026-07-23 08:00:17,7462.5,145,142,0,0
187,2026-07-23 08:00:17,7462.25,116,69,0,0
187,2026-07-23 08:00:17,7462,115,85,0,0
187,2026-07-23 08:00:17,7461.75,104,156,0,0
187,2026-07-23 08:00:17,7461.5,217,85,100,0
187,2026-07-23 08:00:17,7461.25,57,58,0,0
187,2026-07-23 08:00:17,7461,163,59,0,0
187,2026-07-23 08:00:17,7460.75,38,30,0,0
187,2026-07-23 08:00:17,7460.5,30,34,0,0
187,2026-07-23 08:00:17,7460.25,15,0,0,0
188,2026-07-23 08:05:49,7460.5,84,162,0,12
188,2026-07-23 08:05:49,7460.25,125,136,0,0
188,2026-07-23 08:05:49,7460.75,92,73,0,0
188,2026-07-23 08:05:49,7460,227,65,100,0
188,2026-07-23 08:05:49,7459.75,51,25,0,0
188,2026-07-23 08:05:49,7461,108,116,16,0
188,2026-07-23 08:05:49,7459.5,25,51,0,0
188,2026-07-23 08:05:49,7459.25,121,113,0,0
188,2026-07-23 08:05:49,7459,144,95,25,0
188,2026-07-23 08:05:49,7458.75,81,175,0,27
188,2026-07-23 08:05:49,7458.5,172,258,0,69
188,2026-07-23 08:05:49,7458.25,183,283,10,110
188,2026-07-23 08:05:49,7458,182,290,0,59
188,2026-07-23 08:05:49,7457.75,184,276,0,69
188,2026-07-23 08:05:49,7457.5,245,155,0,0
188,2026-07-23 08:05:49,7457.25,80,27,19,0
188,2026-07-23 08:05:49,7457,27,81,0,27
188,2026-07-23 08:05:49,7456.75,22,0,0,0
188,2026-07-23 08:05:49,7456.5,1,0,0,0
188,2026-07-23 08:05:49,7461.25,22,89,0,0
188,2026-07-23 08:05:49,7461.5,21,48,0,0
188,2026-07-23 08:05:49,7461.75,96,41,67,0
188,2026-07-23 08:05:49,7462,62,87,0,0
188,2026-07-23 08:05:49,7462.25,22,49,0,0
188,2026-07-23 08:05:49,7462.5,36,89,0,0
188,2026-07-23 08:05:49,7462.75,62,123,0,10
188,2026-07-23 08:05:49,7463,47,105,0,0
188,2026-07-23 08:05:49,7463.25,225,143,26,0
188,2026-07-23 08:05:49,7463.5,86,139,0,0
188,2026-07-23 08:05:49,7463.75,143,166,68,12
188,2026-07-23 08:05:49,7464,35,29,0,0
189,2026-07-23 08:08:22,7463.25,39,21,24,0
189,2026-07-23 08:08:22,7463,87,45,54,0
189,2026-07-23 08:08:22,7462.75,29,43,0,0
189,2026-07-23 08:08:22,7462.5,25,1,0,0
189,2026-07-23 08:08:22,7462.25,22,0,0,0
189,2026-07-23 08:08:22,7462,50,175,20,161
189,2026-07-23 08:08:22,7461.75,61,131,0,0
189,2026-07-23 08:08:22,7461.5,55,96,0,30
189,2026-07-23 08:08:22,7461.25,73,64,0,0
189,2026-07-23 08:08:22,7461,45,40,0,0
189,2026-07-23 08:08:22,7460.75,32,26,0,0
189,2026-07-23 08:08:22,7460.5,29,34,0,0
189,2026-07-23 08:08:22,7460.25,22,13,0,0
189,2026-07-23 08:08:22,7460,17,57,0,13
189,2026-07-23 08:08:22,7459.75,41,39,0,0
189,2026-07-23 08:08:22,7459.5,58,34,0,0
189,2026-07-23 08:08:22,7459.25,39,66,0,0
189,2026-07-23 08:08:22,7459,98,89,0,10
189,2026-07-23 08:08:22,7458.75,45,44,0,0
189,2026-07-23 08:08:22,7458.5,56,84,0,0
189,2026-07-23 08:08:22,7458.25,67,155,0,0
189,2026-07-23 08:08:22,7458,180,197,0,22
189,2026-07-23 08:08:22,7457.75,136,227,0,20
189,2026-07-23 08:08:22,7457.5,257,289,20,0
189,2026-07-23 08:08:22,7457.25,237,288,0,0
189,2026-07-23 08:08:22,7457,230,330,30,0
189,2026-07-23 08:08:22,7456.75,219,338,0,0
189,2026-07-23 08:08:22,7456.5,191,185,0,0
189,2026-07-23 08:08:22,7456.25,147,110,0,0
189,2026-07-23 08:08:22,7456,60,35,0,0
189,2026-07-23 08:08:22,7455.75,75,14,0,0
189,2026-07-23 08:08:22,7455.5,52,11,0,0
189,2026-07-23 08:08:22,7455.25,134,88,0,0
189,2026-07-23 08:08:22,7455,204,8,50,0
189,2026-07-23 08:08:22,7454.75,11,0,0,0
190,2026-07-23 08:11:50,7455,171,150,0,0
190,2026-07-23 08:11:50,7454.75,242,239,0,59
190,2026-07-23 08:11:50,7455.25,321,244,107,44
190,2026-07-23 08:11:50,7455.5,194,241,0,0
190,2026-07-23 08:11:50,7455.75,87,139,0,0
190,2026-07-23 08:11:50,7454.5,119,121,22,0
190,2026-07-23 08:11:50,7454.25,131,51,11,0
190,2026-07-23 08:11:50,7454,38,0,0,0
190,2026-07-23 08:11:50,7453.75,29,0,0,0
190,2026-07-23 08:11:50,7453.5,19,0,0,0
190,2026-07-23 08:11:50,7453.25,16,0,0,0
190,2026-07-23 08:11:50,7456,36,36,0,0
190,2026-07-23 08:11:50,7456.25,26,34,0,0
190,2026-07-23 08:11:50,7456.5,88,102,0,0
190,2026-07-23 08:11:50,7456.75,171,141,0,0
190,2026-07-23 08:11:50,7457,130,165,0,0
190,2026-07-23 08:11:50,7457.25,168,191,0,0
190,2026-07-23 08:11:50,7457.5,108,215,0,0
190,2026-07-23 08:11:50,7457.75,140,93,0,0
190,2026-07-23 08:11:50,7458,248,214,30,0
190,2026-07-23 08:11:50,7458.25,221,215,0,0
190,2026-07-23 08:11:50,7458.5,117,210,0,0
190,2026-07-23 08:11:50,7458.75,112,251,0,0
190,2026-07-23 08:11:50,7459,87,203,19,0
190,2026-07-23 08:11:50,7459.25,86,86,0,0
190,2026-07-23 08:11:50,7459.5,4,29,0,0
191,2026-07-23 08:16:49,7455.25,269,233,99,0
191,2026-07-23 08:16:49,7455.5,450,211,203,11
191,2026-07-23 08:16:49,7455,388,491,67,11
191,2026-07-23 08:16:49,7454.75,277,339,38,65
191,2026-07-23 08:16:49,7455.75,416,322,56,0
191,2026-07-23 08:16:49,7454.5,246,159,28,16
191,2026-07-23 08:16:49,7454.25,104,112,11,10
191,2026-07-23 08:16:49,7454,118,70,0,0
191,2026-07-23 08:16:49,7453.75,44,13,0,0
191,2026-07-23 08:16:49,7453.5,19,0,0,0
191,2026-07-23 08:16:49,7453.25,18,0,0,0
191,2026-07-23 08:16:49,7456,245,287,0,24
191,2026-07-23 08:16:49,7456.25,300,314,41,44
191,2026-07-23 08:16:49,7456.5,156,210,0,0
191,2026-07-23 08:16:49,7456.75,106,189,0,0
191,2026-07-23 08:16:49,7457,93,188,0,47
191,2026-07-23 08:16:49,7457.25,59,66,26,12
191,2026-07-23 08:16:49,7457.5,0,9,0,0
192,2026-07-23 08:20:03,7455,27,133,0,75
192,2026-07-23 08:20:03,7454.75,81,153,0,13
192,2026-07-23 08:20:03,7454.5,82,163,0,16
192,2026-07-23 08:20:03,7454.25,192,282,37,0
192,2026-07-23 08:20:03,7454,416,398,115,20
192,2026-07-23 08:20:03,7453.75,357,314,48,12
192,2026-07-23 08:20:03,7453.5,174,210,0,0
192,2026-07-23 08:20:03,7453.25,164,176,26,0
192,2026-07-23 08:20:03,7455.25,92,107,0,0
192,2026-07-23 08:20:03,7455.5,56,84,0,0
192,2026-07-23 08:20:03,7455.75,104,108,19,0
192,2026-07-23 08:20:03,7456,66,117,0,10
192,2026-07-23 08:20:03,7456.25,8,55,0,0
192,2026-07-23 08:20:03,7456.5,0,24,0,0
192,2026-07-23 08:20:03,7453,150,276,0,0
192,2026-07-23 08:20:03,7452.75,209,147,0,0
192,2026-07-23 08:20:03,7452.5,180,150,35,10
192,2026-07-23 08:20:03,7452.25,214,170,64,0
192,2026-07-23 08:20:03,7452,225,164,33,0
192,2026-07-23 08:20:03,7451.75,195,132,0,28
192,2026-07-23 08:20:03,7451.5,68,13,0,0
192,2026-07-23 08:20:03,7451.25,24,0,0,0
192,2026-07-23 08:20:03,7451,40,0,0,0
193,2026-07-23 08:24:51,7451.75,143,189,0,46
193,2026-07-23 08:24:51,7451.5,236,272,21,0
193,2026-07-23 08:24:51,7451.25,279,237,0,20
193,2026-07-23 08:24:51,7451,199,125,10,0
193,2026-07-23 08:24:51,7452,198,192,15,0
193,2026-07-23 08:24:51,7452.25,235,189,0,0
193,2026-07-23 08:24:51,7452.5,314,448,0,0
193,2026-07-23 08:24:51,7452.75,278,353,10,0
193,2026-07-23 08:24:51,7453,149,294,0,34
193,2026-07-23 08:24:51,7453.25,93,114,0,0
193,2026-07-23 08:24:51,7453.5,76,120,0,0
193,2026-07-23 08:24:51,7453.75,111,129,0,0
193,2026-07-23 08:24:51,7454,6,27,0,0
193,2026-07-23 08:24:51,7450.75,127,57,0,0
193,2026-07-23 08:24:51,7450.5,196,121,0,0
193,2026-07-23 08:24:51,7450.25,320,209,56,0
193,2026-07-23 08:24:51,7450,229,134,10,0
193,2026-07-23 08:24:51,7449.75,65,17,0,0
193,2026-07-23 08:24:51,7449.5,18,0,0,0
193,2026-07-23 08:24:51,7449.25,1,0,0,0
194,2026-07-23 08:28:43,7452.5,339,170,27,0
194,2026-07-23 08:28:43,7452.75,661,485,27,25
194,2026-07-23 08:28:43,7453,663,642,21,23
194,2026-07-23 08:28:43,7453.25,616,442,116,0
194,2026-07-23 08:28:43,7453.5,384,483,153,0
194,2026-07-23 08:28:43,7453.75,315,346,55,11
194,2026-07-23 08:28:43,7454,125,183,0,26
194,2026-07-23 08:28:43,7452.25,136,88,0,0
194,2026-07-23 08:28:43,7452,102,32,12,0
194,2026-07-23 08:28:43,7454.25,69,101,18,0
194,2026-07-23 08:28:43,7454.5,0,34,0,0
194,2026-07-23 08:28:43,7451.75,41,43,0,0
195,2026-07-23 08:30:02,7452,276,308,10,38
195,2026-07-23 08:30:02,7452.25,169,187,0,0
195,2026-07-23 08:30:02,7452.5,118,140,0,0
195,2026-07-23 08:30:02,7452.75,172,209,0,15
195,2026-07-23 08:30:02,7453,101,183,0,21
195,2026-07-23 08:30:02,7453.25,60,52,0,0
195,2026-07-23 08:30:02,7453.5,7,19,0,0
195,2026-07-23 08:30:02,7451.75,389,259,24,11
195,2026-07-23 08:30:02,7451.5,243,116,32,0
195,2026-07-23 08:30:02,7451.25,132,87,35,0
195,2026-07-23 08:30:02,7451,230,126,50,0
195,2026-07-23 08:30:02,7450.75,142,103,41,0
195,2026-07-23 08:30:02,7450.5,210,77,25,0
195,2026-07-23 08:30:02,7450.25,176,83,38,0
195,2026-07-23 08:30:02,7450,294,172,50,13
195,2026-07-23 08:30:02,7449.75,222,181,50,0
195,2026-07-23 08:30:02,7449.5,249,167,58,10
195,2026-07-23 08:30:02,7449.25,190,158,18,11
195,2026-07-23 08:30:02,7449,144,94,0,0
195,2026-07-23 08:30:02,7448.75,66,1,0,0
195,2026-07-23 08:30:02,7448.5,32,1,0,0
195,2026-07-23 08:30:02,7448.25,28,14,0,0
195,2026-07-23 08:30:02,7448,38,32,0,10
195,2026-07-23 08:30:02,7447.75,43,0,10,0
196,2026-07-23 08:30:22,7448.25,270,165,10,0
196,2026-07-23 08:30:22,7448.5,364,416,10,28
196,2026-07-23 08:30:22,7448.75,254,239,31,0
196,2026-07-23 08:30:22,7449,150,131,0,10
196,2026-07-23 08:30:22,7449.25,241,136,47,0
196,2026-07-23 08:30:22,7449.5,231,196,0,0
196,2026-07-23 08:30:22,7449.75,145,132,0,0
196,2026-07-23 08:30:22,7448,102,87,0,0
196,2026-07-23 08:30:22,7450,49,141,0,0
196,2026-07-23 08:30:22,7450.25,24,62,0,0
196,2026-07-23 08:30:22,7450.5,3,15,0,0
196,2026-07-23 08:30:22,7447.75,138,118,37,0
196,2026-07-23 08:30:22,7447.5,98,76,0,0
196,2026-07-23 08:30:22,7447.25,108,54,33,0
196,2026-07-23 08:30:22,7447,167,204,0,12
196,2026-07-23 08:30:22,7446.75,228,100,27,0
196,2026-07-23 08:30:22,7446.5,42,42,0,0
196,2026-07-23 08:30:22,7446.25,130,106,0,0
196,2026-07-23 08:30:22,7446,109,104,0,12
196,2026-07-23 08:30:22,7445.75,94,105,0,0
196,2026-07-23 08:30:22,7445.5,187,231,0,11
196,2026-07-23 08:30:22,7445.25,225,122,0,0
196,2026-07-23 08:30:22,7445,145,14,21,0
197,2026-07-23 08:30:53,7449.5,200,184,50,14
197,2026-07-23 08:30:53,7449.25,98,106,0,13
197,2026-07-23 08:30:53,7449.75,147,160,0,0
197,2026-07-23 08:30:53,7450,105,151,0,0
197,2026-07-23 08:30:53,7450.25,82,100,0,0
197,2026-07-23 08:30:53,7450.5,152,100,0,0
197,2026-07-23 08:30:53,7450.75,243,249,15,0
197,2026-07-23 08:30:53,7451,286,250,0,0
197,2026-07-23 08:30:53,7451.25,136,170,0,0
197,2026-07-23 08:30:53,7451.5,72,107,0,0
197,2026-07-23 08:30:53,7451.75,44,55,0,0
197,2026-07-23 08:30:53,7452,103,69,0,0
197,2026-07-23 08:30:53,7452.25,243,131,33,0
197,2026-07-23 08:30:53,7452.5,201,225,0,0
197,2026-07-23 08:30:53,7452.75,295,314,0,12
197,2026-07-23 08:30:53,7453,239,336,0,0
197,2026-07-23 08:30:53,7449,87,31,42,0
197,2026-07-23 08:30:53,7448.75,9,0,0,0
197,2026-07-23 08:30:53,7453.25,175,225,0,12
197,2026-07-23 08:30:53,7453.5,35,154,0,0
197,2026-07-23 08:30:53,7453.75,0,16,0,0
197,2026-07-23 08:30:53,7454,13,27,0,0
197,2026-07-23 08:30:53,7454.25,12,46,0,0
197,2026-07-23 08:30:53,7454.5,1,48,0,20
197,2026-07-23 08:30:53,7454.75,47,80,0,0
197,2026-07-23 08:30:53,7455,0,137,0,96
198,2026-07-23 08:31:29,7455,1,184,0,99
198,2026-07-23 08:31:29,7454.75,230,241,0,0
198,2026-07-23 08:31:29,7454.5,339,324,0,0
198,2026-07-23 08:31:29,7454.25,111,105,0,0
198,2026-07-23 08:31:29,7454,10,0,0,0
198,2026-07-23 08:31:29,7455.25,5,45,0,10
198,2026-07-23 08:31:29,7455.5,51,54,0,0
198,2026-07-23 08:31:29,7455.75,131,64,0,0
198,2026-07-23 08:31:29,7456,203,213,11,14
198,2026-07-23 08:31:29,7456.25,378,451,0,0
198,2026-07-23 08:31:29,7456.5,128,226,0,10
198,2026-07-23 08:31:29,7456.75,136,167,0,0
198,2026-07-23 08:31:29,7457,213,252,0,39
198,2026-07-23 08:31:29,7457.25,200,289,18,0
198,2026-07-23 08:31:29,7457.5,158,159,0,0
198,2026-07-23 08:31:29,7457.75,24,96,0,0
198,2026-07-23 08:31:29,7458,38,75,0,0
198,2026-07-23 08:31:29,7458.25,111,111,0,0
198,2026-07-23 08:31:29,7458.5,40,83,0,20
198,2026-07-23 08:31:29,7458.75,37,40,0,0
198,2026-07-23 08:31:29,7459,150,126,0,0
198,2026-07-23 08:31:29,7459.25,151,222,24,0
198,2026-07-23 08:31:29,7459.5,29,98,0,10
198,2026-07-23 08:31:29,7459.75,0,5,0,0
199,2026-07-23 08:32:05,7459.25,113,71,11,0
199,2026-07-23 08:32:05,7459.5,177,156,20,0
199,2026-07-23 08:32:05,7459,84,96,0,0
199,2026-07-23 08:32:05,7458.75,182,148,20,0
199,2026-07-23 08:32:05,7459.75,299,176,0,0
199,2026-07-23 08:32:05,7460,154,274,0,33
199,2026-07-23 08:32:05,7460.25,11,69,0,0
199,2026-07-23 08:32:05,7458.5,128,93,0,0
199,2026-07-23 08:32:05,7458.25,100,34,50,0
199,2026-07-23 08:32:05,7458,5,0,0,0
199,2026-07-23 08:32:05,7460.5,91,70,0,0
199,2026-07-23 08:32:05,7460.75,140,158,0,0
199,2026-07-23 08:32:05,7461,71,183,0,0
199,2026-07-23 08:32:05,7461.25,61,52,0,0
199,2026-07-23 08:32:05,7461.5,77,131,10,25
199,2026-07-23 08:32:05,7461.75,49,63,0,0
199,2026-07-23 08:32:05,7462,111,159,10,0
199,2026-07-23 08:32:05,7462.25,25,118,13,0
199,2026-07-23 08:32:05,7462.5,1,33,0,0
199,2026-07-23 08:32:05,7462.75,29,27,0,0
199,2026-07-23 08:32:05,7463,114,77,0,0
199,2026-07-23 08:32:05,7463.25,252,145,41,0
199,2026-07-23 08:32:05,7463.5,261,382,0,20
199,2026-07-23 08:32:05,7463.75,200,285,0,0
199,2026-07-23 08:32:05,7464,107,149,0,0
199,2026-07-23 08:32:05,7464.25,92,135,0,0
199,2026-07-23 08:32:05,7464.5,56,113,0,0
199,2026-07-23 08:32:05,7464.75,33,70,0,0
199,2026-07-23 08:32:05,7465,0,10,0,0
200,2026-07-23 08:32:55,7464.75,522,525,0,32
200,2026-07-23 08:32:55,7464.5,448,257,40,0
200,2026-07-23 08:32:55,7465,403,544,10,62
200,2026-07-23 08:32:55,7464.25,145,97,35,0
200,2026-07-23 08:32:55,7464,175,84,43,0
200,2026-07-23 08:32:55,7463.75,115,39,42,0
200,2026-07-23 08:32:55,7463.5,39,58,0,0
200,2026-07-23 08:32:55,7463.25,98,37,19,0
200,2026-07-23 08:32:55,7463,23,26,0,0
200,2026-07-23 08:32:55,7462.75,135,67,41,0
200,2026-07-23 08:32:55,7462.5,34,43,0,0
200,2026-07-23 08:32:55,7462.25,99,54,57,0
200,2026-07-23 08:32:55,7462,16,0,0,0
200,2026-07-23 08:32:55,7465.25,318,415,0,0
200,2026-07-23 08:32:55,7465.5,263,330,0,0
200,2026-07-23 08:32:55,7465.75,119,133,0,0
200,2026-07-23 08:32:55,7466,134,151,0,0
200,2026-07-23 08:32:55,7466.25,136,139,0,0
200,2026-07-23 08:32:55,7466.5,60,60,0,0
200,2026-07-23 08:32:55,7466.75,4,28,0,0
200,2026-07-23 08:32:55,7467,2,35,0,0
200,2026-07-23 08:32:55,7467.25,24,36,0,0
200,2026-07-23 08:32:55,7467.5,0,30,0,0
201,2026-07-23 08:33:45,7467.5,170,160,0,11
201,2026-07-23 08:33:45,7467.25,87,34,0,0
201,2026-07-23 08:33:45,7467.75,192,157,0,23
201,2026-07-23 08:33:45,7468,205,209,0,0
201,2026-07-23 08:33:45,7468.25,142,153,0,0
201,2026-07-23 08:33:45,7468.5,68,76,0,0
201,2026-07-23 08:33:45,7468.75,171,181,0,0
201,2026-07-23 08:33:45,7469,186,194,0,0
201,2026-07-23 08:33:45,7469.25,88,81,0,0
201,2026-07-23 08:33:45,7469.5,136,152,0,0
201,2026-07-23 08:33:45,7469.75,111,137,10,0
201,2026-07-23 08:33:45,7470,20,124,0,11
201,2026-07-23 08:33:45,7470.25,79,107,0,20
201,2026-07-23 08:33:45,7470.5,64,98,0,0
201,2026-07-23 08:33:45,7470.75,51,114,0,0
201,2026-07-23 08:33:45,7471,49,118,0,21
201,2026-07-23 08:33:45,7471.25,9,34,0,0
201,2026-07-23 08:33:45,7471.5,84,89,0,11
201,2026-07-23 08:33:45,7471.75,64,47,0,0
201,2026-07-23 08:33:45,7472,211,271,0,33
201,2026-07-23 08:33:45,7472.25,102,138,0,0
201,2026-07-23 08:33:45,7472.5,129,127,0,0
201,2026-07-23 08:33:45,7472.75,128,82,0,0
201,2026-07-23 08:33:45,7473,204,151,13,10
201,2026-07-23 08:33:45,7473.25,61,143,13,11
201,2026-07-23 08:33:45,7473.5,39,44,0,10
201,2026-07-23 08:33:45,7473.75,74,46,0,0
201,2026-07-23 08:33:45,7474,70,80,0,10
201,2026-07-23 08:33:45,7474.25,36,96,0,21
201,2026-07-23 08:33:45,7474.5,0,27,0,0
202,2026-07-23 08:34:33,7472.5,178,236,10,10
202,2026-07-23 08:34:33,7472.25,354,357,0,20
202,2026-07-23 08:34:33,7472,454,481,0,25
202,2026-07-23 08:34:33,7471.75,458,245,0,10
202,2026-07-23 08:34:33,7471.5,303,191,0,0
202,2026-07-23 08:34:33,7471.25,89,34,12,0
202,2026-07-23 08:34:33,7472.75,275,181,0,0
202,2026-07-23 08:34:33,7473,213,290,16,10
202,2026-07-23 08:34:33,7473.25,132,137,0,0
202,2026-07-23 08:34:33,7473.5,189,175,10,25
202,2026-07-23 08:34:33,7473.75,44,188,0,48
202,2026-07-23 08:34:33,7474,75,152,0,0
202,2026-07-23 08:34:33,7471,4,0,0,0
202,2026-07-23 08:34:33,7474.25,5,27,0,0
202,2026-07-23 08:34:33,7474.5,1,46,0,10
202,2026-07-23 08:34:33,7474.75,52,62,0,15
202,2026-07-23 08:34:33,7475,66,166,0,66
202,2026-07-23 08:34:33,7475.25,166,136,20,0
202,2026-07-23 08:34:33,7475.5,72,129,0,0
202,2026-07-23 08:34:33,7475.75,43,82,0,0
202,2026-07-23 08:34:33,7476,0,12,0,0
203,2026-07-23 08:35:17,7475.75,156,228,10,13
203,2026-07-23 08:35:17,7475.5,268,241,0,10
203,2026-07-23 08:35:17,7475.25,229,191,12,14
203,2026-07-23 08:35:17,7476,144,180,17,17
203,2026-07-23 08:35:17,7476.25,103,141,11,35
203,2026-07-23 08:35:17,7476.5,69,104,0,0
203,2026-07-23 08:35:17,7476.75,13,43,0,0
203,2026-07-23 08:35:17,7477,0,1,0,0
203,2026-07-23 08:35:17,7475,169,163,0,23
203,2026-07-23 08:35:17,7474.75,258,147,24,0
203,2026-07-23 08:35:17,7474.5,171,197,16,0
203,2026-07-23 08:35:17,7474.25,137,70,17,0
203,2026-07-23 08:35:17,7474,152,83,74,0
203,2026-07-23 08:35:17,7473.75,62,10,0,0
203,2026-07-23 08:35:17,7473.5,34,6,0,0
203,2026-07-23 08:35:17,7473.25,45,28,0,0
203,2026-07-23 08:35:17,7473,105,107,0,0
203,2026-07-23 08:35:17,7472.75,176,163,0,26
203,2026-07-23 08:35:17,7472.5,119,104,0,0
203,2026-07-23 08:35:17,7472.25,120,82,0,0
203,2026-07-23 08:35:17,7472,82,60,0,0
203,2026-07-23 08:35:17,7471.75,34,25,0,0
203,2026-07-23 08:35:17,7471.5,68,62,0,0
203,2026-07-23 08:35:17,7471.25,106,128,0,0
203,2026-07-23 08:35:17,7471,140,145,0,48
203,2026-07-23 08:35:17,7470.75,131,120,0,0
203,2026-07-23 08:35:17,7470.5,169,103,33,0
203,2026-07-23 08:35:17,7470.25,175,41,13,0
203,2026-07-23 08:35:17,7470,87,0,39,0
204,2026-07-23 08:36:11,7470,40,47,30,0
204,2026-07-23 08:36:11,7469.75,60,19,40,0
204,2026-07-23 08:36:11,7469.5,96,121,39,0
204,2026-07-23 08:36:11,7469.25,109,80,10,0
204,2026-07-23 08:36:11,7469,133,70,23,0
204,2026-07-23 08:36:11,7468.75,19,0,0,0
204,2026-07-23 08:36:11,7470.25,15,11,0,0
204,2026-07-23 08:36:11,7470.5,19,45,0,0
204,2026-07-23 08:36:11,7470.75,106,108,0,13
204,2026-07-23 08:36:11,7471,189,95,10,0
204,2026-07-23 08:36:11,7471.25,396,396,0,0
204,2026-07-23 08:36:11,7471.5,210,294,0,0
204,2026-07-23 08:36:11,7471.75,275,241,0,10
204,2026-07-23 08:36:11,7472,168,201,0,0
204,2026-07-23 08:36:11,7472.25,75,101,0,0
204,2026-07-23 08:36:11,7472.5,34,40,0,0
204,2026-07-23 08:36:11,7472.75,208,154,16,0
204,2026-07-23 08:36:11,7473,315,269,0,0
204,2026-07-23 08:36:11,7473.25,240,288,0,14
204,2026-07-23 08:36:11,7473.5,123,190,0,50
204,2026-07-23 08:36:11,7473.75,47,94,0,13
204,2026-07-23 08:36:11,7474,30,31,0,0
204,2026-07-23 08:36:11,7474.25,0,25,0,0
204,2026-07-23 08:36:11,7474.5,4,23,0,0
204,2026-07-23 08:36:11,7474.75,30,26,0,0
204,2026-07-23 08:36:11,7475,1,50,0,0
204,2026-07-23 08:36:11,7475.25,40,20,0,0
204,2026-07-23 08:36:11,7475.5,100,83,0,0
204,2026-07-23 08:36:11,7475.75,105,116,0,0
204,2026-07-23 08:36:11,7476,23,57,0,0
205,2026-07-23 08:37:17,7475.75,202,186,0,0
205,2026-07-23 08:37:17,7476,303,250,0,0
205,2026-07-23 08:37:17,7476.25,385,281,0,14
205,2026-07-23 08:37:17,7475.5,171,48,10,0
205,2026-07-23 08:37:17,7475.25,75,38,0,0
205,2026-07-23 08:37:17,7476.5,349,315,0,0
205,2026-07-23 08:37:17,7476.75,334,372,0,37
205,2026-07-23 08:37:17,7477,231,358,11,96
205,2026-07-23 08:37:17,7477.25,91,91,0,0
205,2026-07-23 08:37:17,7477.5,43,54,0,0
205,2026-07-23 08:37:17,7477.75,81,39,0,0
205,2026-07-23 08:37:17,7478,139,194,13,77
205,2026-07-23 08:37:17,7478.25,190,154,0,0
205,2026-07-23 08:37:17,7478.5,214,195,0,0
205,2026-07-23 08:37:17,7478.75,92,129,10,0
205,2026-07-23 08:37:17,7479,20,110,0,27
205,2026-07-23 08:37:17,7479.25,0,3,0,0
205,2026-07-23 08:37:17,7475,114,67,17,0
205,2026-07-23 08:37:17,7474.75,43,15,0,0
205,2026-07-23 08:37:17,7474.5,24,2,0,0
205,2026-07-23 08:37:17,7474.25,22,16,0,0
205,2026-07-23 08:37:17,7474,43,15,0,0
205,2026-07-23 08:37:17,7473.75,24,25,0,0
205,2026-07-23 08:37:17,7473.5,69,80,0,0
205,2026-07-23 08:37:17,7473.25,108,37,0,0
205,2026-07-23 08:37:17,7473,36,23,0,0
206,2026-07-23 08:38:38,7473.25,191,188,0,10
206,2026-07-23 08:38:38,7473,268,261,0,0
206,2026-07-23 08:38:38,7472.75,348,269,0,26
206,2026-07-23 08:38:38,7472.5,139,59,0,0
206,2026-07-23 08:38:38,7473.5,123,88,21,0
206,2026-07-23 08:38:38,7473.75,111,151,0,0
206,2026-07-23 08:38:38,7474,140,156,0,0
206,2026-07-23 08:38:38,7474.25,107,128,0,0
206,2026-07-23 08:38:38,7474.5,343,187,0,0
206,2026-07-23 08:38:38,7474.75,259,212,0,0
206,2026-07-23 08:38:38,7475,281,274,0,20
206,2026-07-23 08:38:38,7475.25,171,187,0,0
206,2026-07-23 08:38:38,7475.5,87,120,0,0
206,2026-07-23 08:38:38,7475.75,74,173,0,0
206,2026-07-23 08:38:38,7476,179,175,0,17
206,2026-07-23 08:38:38,7476.25,47,78,0,0
206,2026-07-23 08:38:38,7476.5,72,75,10,0
206,2026-07-23 08:38:38,7476.75,151,125,18,14
206,2026-07-23 08:38:38,7477,35,201,0,100
206,2026-07-23 08:38:38,7472.25,69,36,0,0
206,2026-07-23 08:38:38,7472,18,0,0,0
206,2026-07-23 08:38:38,7477.25,58,50,0,0
206,2026-07-23 08:38:38,7477.5,15,15,0,0
206,2026-07-23 08:38:38,7477.75,0,6,0,0
207,2026-07-23 08:40:02,7477,460,498,0,25
207,2026-07-23 08:40:02,7477.25,273,385,10,0
207,2026-07-23 08:40:02,7476.75,557,481,30,113
207,2026-07-23 08:40:02,7476.5,446,341,16,0
207,2026-07-23 08:40:02,7477.5,258,215,0,0
207,2026-07-23 08:40:02,7476.25,320,218,0,0
207,2026-07-23 08:40:02,7476,322,177,0,0
207,2026-07-23 08:40:02,7475.75,237,227,17,0
207,2026-07-23 08:40:02,7475.5,166,98,10,0
207,2026-07-23 08:40:02,7477.75,180,256,0,14
207,2026-07-23 08:40:02,7478,0,36,0,10
207,2026-07-23 08:40:02,7475.25,75,48,0,0
207,2026-07-23 08:40:02,7475,107,88,0,0
207,2026-07-23 08:40:02,7474.75,28,3,0,0
208,2026-07-23 08:41:11,7475,37,40,0,0
208,2026-07-23 08:41:11,7474.75,23,22,0,0
208,2026-07-23 08:41:11,7474.5,6,0,0,0
208,2026-07-23 08:41:11,7475.25,6,15,0,0
208,2026-07-23 08:41:11,7475.5,7,14,0,0
208,2026-07-23 08:41:11,7475.75,42,31,0,0
208,2026-07-23 08:41:11,7476,238,220,0,22
208,2026-07-23 08:41:11,7476.25,171,263,0,0
208,2026-07-23 08:41:11,7476.5,276,194,0,14
208,2026-07-23 08:41:11,7476.75,230,298,0,0
208,2026-07-23 08:41:11,7477,69,214,0,101
208,2026-07-23 08:41:11,7477.25,51,39,0,0
208,2026-07-23 08:41:11,7477.5,58,66,0,0
208,2026-07-23 08:41:11,7477.75,131,86,20,0
208,2026-07-23 08:41:11,7478,46,189,10,52
208,2026-07-23 08:41:11,7478.25,74,95,0,0
208,2026-07-23 08:41:11,7478.5,41,70,0,0
208,2026-07-23 08:41:11,7478.75,75,104,0,0
208,2026-07-23 08:41:11,7479,29,60,0,0
208,2026-07-23 08:41:11,7479.25,21,56,0,0
208,2026-07-23 08:41:11,7479.5,146,251,15,106
208,2026-07-23 08:41:11,7479.75,135,172,11,0
208,2026-07-23 08:41:11,7480,63,111,0,0
208,2026-07-23 08:41:11,7480.25,110,126,0,0
208,2026-07-23 08:41:11,7480.5,171,103,0,0
208,2026-07-23 08:41:11,7480.75,235,270,0,0
208,2026-07-23 08:41:11,7481,144,216,12,0
208,2026-07-23 08:41:11,7481.25,92,87,0,0
208,2026-07-23 08:41:11,7481.5,63,76,12,0
208,2026-07-23 08:41:11,7481.75,106,100,14,0
208,2026-07-23 08:41:11,7482,0,16,0,0
209,2026-07-23 08:42:43,7481.5,26,26,0,0
209,2026-07-23 08:42:43,7481.75,0,19,0,0
209,2026-07-23 08:42:43,7481.25,13,0,0,0
209,2026-07-23 08:42:43,7482,1,48,0,14
209,2026-07-23 08:42:43,7482.25,29,22,0,0
209,2026-07-23 08:42:43,7482.5,132,88,0,0
209,2026-07-23 08:42:43,7482.75,176,256,10,37
209,2026-07-23 08:42:43,7483,280,286,0,10
209,2026-07-23 08:42:43,7483.25,118,228,0,0
209,2026-07-23 08:42:43,7483.5,127,251,14,0
209,2026-07-23 08:42:43,7483.75,205,236,22,0
209,2026-07-23 08:42:43,7484,68,129,0,12
209,2026-07-23 08:42:43,7484.25,226,171,0,0
209,2026-07-23 08:42:43,7484.5,454,349,0,0
209,2026-07-23 08:42:43,7484.75,250,289,0,0
209,2026-07-23 08:42:43,7485,332,322,21,35
209,2026-07-23 08:42:43,7485.25,204,263,23,98
209,2026-07-23 08:42:43,7485.5,202,210,24,0
209,2026-07-23 08:42:43,7485.75,137,154,0,0
209,2026-07-23 08:42:43,7486,31,81,0,0
209,2026-07-23 08:42:43,7486.25,23,38,0,0
210,2026-07-23 08:43:57,7484.75,41,40,0,0
210,2026-07-23 08:43:57,7485,0,3,0,0
210,2026-07-23 08:43:57,7484.5,63,98,0,0
210,2026-07-23 08:43:57,7484.25,49,21,0,0
210,2026-07-23 08:43:57,7484,146,109,0,0
210,2026-07-23 08:43:57,7483.75,153,72,16,0
210,2026-07-23 08:43:57,7483.5,91,49,0,0
210,2026-07-23 08:43:57,7483.25,122,91,0,0
210,2026-07-23 08:43:57,7483,190,142,0,0
210,2026-07-23 08:43:57,7482.75,175,94,21,12
210,2026-07-23 08:43:57,7482.5,61,21,0,0
210,2026-07-23 08:43:57,7482.25,40,43,0,0
210,2026-07-23 08:43:57,7482,147,122,0,0
210,2026-07-23 08:43:57,7481.75,261,202,0,0
210,2026-07-23 08:43:57,7481.5,304,286,0,0
210,2026-07-23 08:43:57,7481.25,393,220,25,0
210,2026-07-23 08:43:57,7481,238,333,0,106
210,2026-07-23 08:43:57,7480.75,366,192,31,0
210,2026-07-23 08:43:57,7480.5,141,49,0,0
210,2026-07-23 08:43:57,7480.25,138,102,0,0
210,2026-07-23 08:43:57,7480,73,23,0,0
210,2026-07-23 08:43:57,7479.75,44,3,0,0
210,2026-07-23 08:43:57,7479.5,32,17,0,0
210,2026-07-23 08:43:57,7479.25,21,18,0,0
210,2026-07-23 08:43:57,7479,87,103,0,0
210,2026-07-23 08:43:57,7478.75,193,156,0,0
210,2026-07-23 08:43:57,7478.5,67,15,0,0
210,2026-07-23 08:43:57,7478.25,43,45,10,0
210,2026-07-23 08:43:57,7478,106,23,10,0
210,2026-07-23 08:43:57,7477.75,23,0,0,0
211,2026-07-23 08:45:03,7477.75,70,51,0,0
211,2026-07-23 08:45:03,7478,95,106,0,13
211,2026-07-23 08:45:03,7477.5,47,0,10,0
211,2026-07-23 08:45:03,7478.25,34,12,0,0
211,2026-07-23 08:45:03,7478.5,63,51,0,0
211,2026-07-23 08:45:03,7478.75,24,12,0,0
211,2026-07-23 08:45:03,7479,43,74,0,0
211,2026-07-23 08:45:03,7479.25,33,23,0,0
211,2026-07-23 08:45:03,7479.5,102,84,0,0
211,2026-07-23 08:45:03,7479.75,86,73,0,0
211,2026-07-23 08:45:03,7480,147,162,0,0
211,2026-07-23 08:45:03,7480.25,56,97,0,0
211,2026-07-23 08:45:03,7480.5,15,27,0,0
211,2026-07-23 08:45:03,7477.25,57,30,0,0
211,2026-07-23 08:45:03,7477,97,92,0,0
211,2026-07-23 08:45:03,7476.75,135,93,0,0
211,2026-07-23 08:45:03,7476.5,168,141,0,0
211,2026-07-23 08:45:03,7476.25,210,148,14,0
211,2026-07-23 08:45:03,7476,257,182,0,0
211,2026-07-23 08:45:03,7475.75,248,174,0,0
211,2026-07-23 08:45:03,7475.5,158,206,0,90
211,2026-07-23 08:45:03,7475.25,215,269,0,0
211,2026-07-23 08:45:03,7475,265,233,0,0
211,2026-07-23 08:45:03,7474.75,245,230,0,0
211,2026-07-23 08:45:03,7474.5,219,165,0,0
211,2026-07-23 08:45:03,7474.25,170,123,0,0
211,2026-07-23 08:45:03,7474,98,29,0,0
211,2026-07-23 08:45:03,7473.75,29,33,0,0
211,2026-07-23 08:45:03,7473.5,73,82,10,0
211,2026-07-23 08:45:03,7473.25,22,17,0,0
212,2026-07-23 08:45:51,7475.75,207,196,0,0
212,2026-07-23 08:45:51,7476,168,199,0,0
212,2026-07-23 08:45:51,7476.25,154,161,0,0
212,2026-07-23 08:45:51,7476.5,173,174,0,0
212,2026-07-23 08:45:51,7476.75,228,152,0,0
212,2026-07-23 08:45:51,7477,361,301,0,0
212,2026-07-23 08:45:51,7477.25,276,212,0,14
212,2026-07-23 08:45:51,7477.5,192,220,10,0
212,2026-07-23 08:45:51,7477.75,57,121,0,0
212,2026-07-23 08:45:51,7478,84,73,0,0
212,2026-07-23 08:45:51,7478.25,58,27,0,0
212,2026-07-23 08:45:51,7478.5,38,34,0,0
212,2026-07-23 08:45:51,7478.75,0,3,0,0
212,2026-07-23 08:45:51,7475.5,187,97,0,0
212,2026-07-23 08:45:51,7475.25,142,153,0,0
212,2026-07-23 08:45:51,7475,209,467,10,148
212,2026-07-23 08:45:51,7474.75,105,107,0,0
212,2026-07-23 08:45:51,7474.5,82,60,0,0
212,2026-07-23 08:45:51,7474.25,115,167,0,0
212,2026-07-23 08:45:51,7474,167,128,0,0
212,2026-07-23 08:45:51,7473.75,125,109,0,0
212,2026-07-23 08:45:51,7473.5,68,30,0,0
212,2026-07-23 08:45:51,7473.25,27,23,0,0
212,2026-07-23 08:45:51,7473,55,8,20,0
213,2026-07-23 08:47:03,7475.5,162,208,0,50
213,2026-07-23 08:47:03,7475.25,168,138,0,0
213,2026-07-23 08:47:03,7475.75,40,63,0,0
213,2026-07-23 08:47:03,7476,3,18,0,0
213,2026-07-23 08:47:03,7475,223,130,24,0
213,2026-07-23 08:47:03,7474.75,172,116,0,0
213,2026-07-23 08:47:03,7474.5,134,178,0,0
213,2026-07-23 08:47:03,7474.25,217,219,0,50
213,2026-07-23 08:47:03,7474,251,153,0,0
213,2026-07-23 08:47:03,7473.75,140,312,0,113
213,2026-07-23 08:47:03,7473.5,185,549,0,249
213,2026-07-23 08:47:03,7473.25,262,184,27,0
213,2026-07-23 08:47:03,7473,247,201,44,12
213,2026-07-23 08:47:03,7472.75,191,119,35,14
213,2026-07-23 08:47:03,7472.5,95,17,0,0
213,2026-07-23 08:47:03,7472.25,34,0,0,0
213,2026-07-23 08:47:03,7472,44,4,0,0
213,2026-07-23 08:47:03,7471.75,32,0,0,0
213,2026-07-23 08:47:03,7471.5,35,0,0,0
213,2026-07-23 08:47:03,7471.25,28,0,0,0
213,2026-07-23 08:47:03,7471,44,0,0,0
213,2026-07-23 08:47:03,7470.75,44,0,10,0
213,2026-07-23 08:47:03,7470.5,29,0,0,0
213,2026-07-23 08:47:03,7470.25,46,0,0,0
213,2026-07-23 08:47:03,7470,92,4,35,0
213,2026-07-23 08:47:03,7469.75,42,0,0,0
213,2026-07-23 08:47:03,7469.5,48,0,10,0
213,2026-07-23 08:47:03,7469.25,38,0,0,0
213,2026-07-23 08:47:03,7469,42,0,0,0
213,2026-07-23 08:47:03,7468.75,31,0,0,0
213,2026-07-23 08:47:03,7468.5,90,6,50,0
213,2026-07-23 08:47:03,7468.25,40,0,0,0
213,2026-07-23 08:47:03,7468,106,0,50,0
213,2026-07-23 08:47:03,7467.75,29,0,0,0
213,2026-07-23 08:47:03,7467.5,29,0,0,0
213,2026-07-23 08:47:03,7467.25,30,26,0,0
213,2026-07-23 08:47:03,7467,73,52,0,0
213,2026-07-23 08:47:03,7466.75,69,33,0,0
213,2026-07-23 08:47:03,7466.5,44,21,0,0
213,2026-07-23 08:47:03,7466.25,36,17,0,0
213,2026-07-23 08:47:03,7466,36,11,0,0
213,2026-07-23 08:47:03,7465.75,20,0,0,0
214,2026-07-23 08:48:05,7467,29,8,0,0
214,2026-07-23 08:48:05,7466.5,3,0,0,0
214,2026-07-23 08:48:05,7466.75,14,1,0,0
214,2026-07-23 08:48:05,7467.25,112,32,0,0
214,2026-07-23 08:48:05,7467.5,211,229,14,0
214,2026-07-23 08:48:05,7467.75,56,137,0,0
214,2026-07-23 08:48:05,7468,99,61,27,0
214,2026-07-23 08:48:05,7468.25,205,122,13,0
214,2026-07-23 08:48:05,7468.5,456,233,57,0
214,2026-07-23 08:48:05,7468.75,539,431,52,0
214,2026-07-23 08:48:05,7469,489,517,21,0
214,2026-07-23 08:48:05,7469.25,512,555,23,0
214,2026-07-23 08:48:05,7469.5,400,374,21,0
214,2026-07-23 08:48:05,7469.75,132,268,0,0
214,2026-07-23 08:48:05,7470,51,166,0,40
214,2026-07-23 08:48:05,7470.25,13,45,0,0
215,2026-07-23 08:49:16,7468,31,2,0,0
215,2026-07-23 08:49:16,7468.25,6,24,0,0
215,2026-07-23 08:49:16,7468.5,0,5,0,0
215,2026-07-23 08:49:16,7467.75,45,38,0,0
215,2026-07-23 08:49:16,7467.5,40,53,0,0
215,2026-07-23 08:49:16,7467.25,64,68,0,0
215,2026-07-23 08:49:16,7467,119,154,0,30
215,2026-07-23 08:49:16,7466.75,181,112,25,0
215,2026-07-23 08:49:16,7466.5,111,93,0,10
215,2026-07-23 08:49:16,7466.25,61,67,0,0
215,2026-07-23 08:49:16,7466,58,33,0,0
215,2026-07-23 08:49:16,7465.75,68,59,14,0
215,2026-07-23 08:49:16,7465.5,79,121,0,0
215,2026-07-23 08:49:16,7465.25,136,168,10,0
215,2026-07-23 08:49:16,7465,313,381,11,0
215,2026-07-23 08:49:16,7464.75,271,284,21,0
215,2026-07-23 08:49:16,7464.5,248,258,0,0
215,2026-07-23 08:49:16,7464.25,232,180,22,0
215,2026-07-23 08:49:16,7464,162,129,0,0
215,2026-07-23 08:49:16,7463.75,97,36,0,0
215,2026-07-23 08:49:16,7463.5,115,145,0,11
215,2026-07-23 08:49:16,7463.25,107,143,0,10
215,2026-07-23 08:49:16,7463,186,169,21,0
215,2026-07-23 08:49:16,7462.75,218,176,0,0
215,2026-07-23 08:49:16,7462.5,84,72,0,0
215,2026-07-23 08:49:16,7462.25,450,48,216,0
216,2026-07-23 08:50:18,7463.5,188,188,0,0
216,2026-07-23 08:50:18,7463.75,210,183,10,0
216,2026-07-23 08:50:18,7464,156,257,0,0
216,2026-07-23 08:50:18,7464.25,113,135,0,0
216,2026-07-23 08:50:18,7463.25,220,265,0,0
216,2026-07-23 08:50:18,7463,393,470,0,39
216,2026-07-23 08:50:18,7462.75,340,346,0,14
216,2026-07-23 08:50:18,7462.5,310,333,0,0
216,2026-07-23 08:50:18,7464.5,91,105,0,0
216,2026-07-23 08:50:18,7464.75,98,125,0,0
216,2026-07-23 08:50:18,7465,20,69,0,0
216,2026-07-23 08:50:18,7465.25,16,24,0,0
216,2026-07-23 08:50:18,7465.5,13,17,0,0
216,2026-07-23 08:50:18,7465.75,11,20,0,0
216,2026-07-23 08:50:18,7466,0,5,0,0
216,2026-07-23 08:50:18,7462.25,296,257,0,0
216,2026-07-23 08:50:18,7462,172,166,0,0
216,2026-07-23 08:50:18,7461.75,74,26,0,0
216,2026-07-23 08:50:18,7461.5,79,1,22,0
216,2026-07-23 08:50:18,7461.25,35,7,0,0
216,2026-07-23 08:50:18,7461,122,138,0,0
216,2026-07-23 08:50:18,7460.75,113,113,12,20
216,2026-07-23 08:50:18,7460.5,89,50,0,0
216,2026-07-23 08:50:18,7460.25,31,10,0,0
217,2026-07-23 08:51:38,7460.75,136,126,0,0
217,2026-07-23 08:51:38,7460.5,124,144,0,0
217,2026-07-23 08:51:38,7460.25,175,205,0,0
217,2026-07-23 08:51:38,7460,355,327,37,0
217,2026-07-23 08:51:38,7459.75,257,236,29,0
217,2026-07-23 08:51:38,7459.5,132,181,0,0
217,2026-07-23 08:51:38,7459.25,346,414,10,0
217,2026-07-23 08:51:38,7459,485,444,0,0
217,2026-07-23 08:51:38,7458.75,462,340,0,10
217,2026-07-23 08:51:38,7458.5,181,106,0,0
217,2026-07-23 08:51:38,7461,104,114,0,0
217,2026-07-23 08:51:38,7461.25,74,80,0,0
217,2026-07-23 08:51:38,7461.5,54,72,0,0
217,2026-07-23 08:51:38,7461.75,0,8,0,0
217,2026-07-23 08:51:38,7458.25,149,68,0,0
217,2026-07-23 08:51:38,7458,161,122,21,0
217,2026-07-23 08:51:38,7457.75,115,92,0,0
217,2026-07-23 08:51:38,7457.5,68,8,0,0
217,2026-07-23 08:51:38,7457.25,35,0,26,0
218,2026-07-23 08:52:59,7461.25,241,216,10,0
218,2026-07-23 08:52:59,7461.5,170,246,0,53
218,2026-07-23 08:52:59,7461,168,203,20,0
218,2026-07-23 08:52:59,7460.75,112,166,0,0
218,2026-07-23 08:52:59,7460.5,87,97,0,0
218,2026-07-23 08:52:59,7460.25,78,65,0,0
218,2026-07-23 08:52:59,7460,95,19,36,11
218,2026-07-23 08:52:59,7459.75,6,34,0,0
218,2026-07-23 08:52:59,7459.5,9,0,0,0
218,2026-07-23 08:52:59,7461.75,215,257,0,0
218,2026-07-23 08:52:59,7462,258,320,0,13
218,2026-07-23 08:52:59,7462.25,305,316,0,0
218,2026-07-23 08:52:59,7462.5,193,285,0,0
218,2026-07-23 08:52:59,7462.75,227,243,0,10
218,2026-07-23 08:52:59,7463,174,274,0,0
218,2026-07-23 08:52:59,7463.25,120,199,0,28
218,2026-07-23 08:52:59,7463.5,65,124,0,0
218,2026-07-23 08:52:59,7463.75,25,56,0,0
218,2026-07-23 08:52:59,7464,1,22,0,0
218,2026-07-23 08:52:59,7464.25,1,24,0,0
218,2026-07-23 08:52:59,7464.5,18,22,0,0
218,2026-07-23 08:52:59,7464.75,98,94,0,0
218,2026-07-23 08:52:59,7465,9,69,0,0
218,2026-07-23 08:52:59,7465.25,10,39,0,0
218,2026-07-23 08:52:59,7465.5,63,113,0,34
218,2026-07-23 08:52:59,7465.75,49,74,0,0
218,2026-07-23 08:52:59,7466,16,42,0,0
218,2026-07-23 08:52:59,7466.25,8,60,0,14
219,2026-07-23 08:54:13,7466,102,67,0,0
219,2026-07-23 08:54:13,7465.75,79,42,0,0
219,2026-07-23 08:54:13,7465.5,22,7,0,0
219,2026-07-23 08:54:13,7466.25,81,101,0,0
219,2026-07-23 08:54:13,7466.5,170,170,0,0
219,2026-07-23 08:54:13,7466.75,192,203,0,0
219,2026-07-23 08:54:13,7467,170,143,0,0
219,2026-07-23 08:54:13,7467.25,211,159,0,0
219,2026-07-23 08:54:13,7467.5,190,292,0,10
219,2026-07-23 08:54:13,7467.75,72,155,0,0
219,2026-07-23 08:54:13,7468,127,222,0,22
219,2026-07-23 08:54:13,7468.25,72,136,0,0
219,2026-07-23 08:54:13,7468.5,56,126,0,0
219,2026-07-23 08:54:13,7468.75,42,93,0,0
219,2026-07-23 08:54:13,7469,72,114,0,11
219,2026-07-23 08:54:13,7469.25,78,74,0,14
219,2026-07-23 08:54:13,7469.5,189,132,0,0
219,2026-07-23 08:54:13,7469.75,47,107,0,0
219,2026-07-23 08:54:13,7470,2,68,0,0
219,2026-07-23 08:54:13,7470.25,31,58,0,20
219,2026-07-23 08:54:13,7470.5,25,30,0,0
219,2026-07-23 08:54:13,7470.75,45,54,0,0
219,2026-07-23 08:54:13,7471,6,57,0,0
219,2026-07-23 08:54:13,7471.25,62,46,0,0
219,2026-07-23 08:54:13,7471.5,83,159,0,10
219,2026-07-23 08:54:13,7471.75,46,120,0,0
219,2026-07-23 08:54:13,7472,106,151,0,41
219,2026-07-23 08:54:13,7472.25,158,139,0,0
219,2026-07-23 08:54:13,7472.5,157,225,10,11
219,2026-07-23 08:54:13,7472.75,65,127,0,10
219,2026-07-23 08:54:13,7473,6,64,0,0
219,2026-07-23 08:54:13,7473.25,0,38,0,0
219,2026-07-23 08:54:13,7473.5,0,40,0,0
219,2026-07-23 08:54:13,7473.75,0,15,0,0
220,2026-07-23 08:55:15,7472.75,13,32,0,0
220,2026-07-23 08:55:15,7472.5,60,97,0,41
220,2026-07-23 08:55:15,7472.25,104,93,0,0
220,2026-07-23 08:55:15,7473,0,6,0,0
220,2026-07-23 08:55:15,7472,121,202,0,0
220,2026-07-23 08:55:15,7471.75,212,187,0,0
220,2026-07-23 08:55:15,7471.5,159,85,0,0
220,2026-07-23 08:55:15,7471.25,69,81,0,0
220,2026-07-23 08:55:15,7471,88,30,0,0
220,2026-07-23 08:55:15,7470.75,70,31,0,0
220,2026-07-23 08:55:15,7470.5,38,11,0,0
220,2026-07-23 08:55:15,7470.25,29,24,0,0
220,2026-07-23 08:55:15,7470,75,93,0,0
220,2026-07-23 08:55:15,7469.75,70,30,0,0
220,2026-07-23 08:55:15,7469.5,76,79,0,0
220,2026-07-23 08:55:15,7469.25,91,96,0,0
220,2026-07-23 08:55:15,7469,163,117,0,0
220,2026-07-23 08:55:15,7468.75,72,59,0,0
220,2026-07-23 08:55:15,7468.5,79,29,0,0
220,2026-07-23 08:55:15,7468.25,19,6,0,0
220,2026-07-23 08:55:15,7468,17,4,0,0
220,2026-07-23 08:55:15,7467.75,41,40,0,0
220,2026-07-23 08:55:15,7467.5,42,21,0,0
220,2026-07-23 08:55:15,7467.25,21,8,0,0
220,2026-07-23 08:55:15,7467,14,44,0,0
220,2026-07-23 08:55:15,7466.75,42,80,0,13
220,2026-07-23 08:55:15,7466.5,78,62,0,0
220,2026-07-23 08:55:15,7466.25,53,78,0,0
220,2026-07-23 08:55:15,7466,99,78,0,0
220,2026-07-23 08:55:15,7465.75,137,174,0,0
220,2026-07-23 08:55:15,7465.5,205,195,0,50
220,2026-07-23 08:55:15,7465.25,119,124,0,0
220,2026-07-23 08:55:15,7465,106,68,12,0
220,2026-07-23 08:55:15,7464.75,161,58,10,0
220,2026-07-23 08:55:15,7464.5,130,118,0,0
220,2026-07-23 08:55:15,7464.25,134,101,0,0
220,2026-07-23 08:55:15,7464,160,187,0,50
220,2026-07-23 08:55:15,7463.75,96,32,0,0
220,2026-07-23 08:55:15,7463.5,70,79,10,0
220,2026-07-23 08:55:15,7463.25,31,44,0,0
220,2026-07-23 08:55:15,7463,54,15,0,0
220,2026-07-23 08:55:15,7462.75,26,12,0,0
220,2026-07-23 08:55:15,7462.5,34,14,0,0
221,2026-07-23 08:56:41,7462.5,18,8,0,0
221,2026-07-23 08:56:41,7462.75,29,22,0,0
221,2026-07-23 08:56:41,7463,145,129,0,0
221,2026-07-23 08:56:41,7463.25,163,116,40,0
221,2026-07-23 08:56:41,7463.5,60,86,0,0
221,2026-07-23 08:56:41,7463.75,0,2,0,0
221,2026-07-23 08:56:41,7462.25,11,13,0,0
221,2026-07-23 08:56:41,7462,25,23,0,0
221,2026-07-23 08:56:41,7461.75,16,0,0,0
221,2026-07-23 08:56:41,7461.5,36,25,0,0
221,2026-07-23 08:56:41,7461.25,76,115,0,0
221,2026-07-23 08:56:41,7461,103,100,0,0
221,2026-07-23 08:56:41,7460.75,90,61,10,0
221,2026-07-23 08:56:41,7460.5,89,40,0,0
221,2026-07-23 08:56:41,7460.25,51,43,0,0
221,2026-07-23 08:56:41,7460,75,111,0,0
221,2026-07-23 08:56:41,7459.75,87,198,0,73
221,2026-07-23 08:56:41,7459.5,173,182,0,0
221,2026-07-23 08:56:41,7459.25,71,48,0,0
221,2026-07-23 08:56:41,7459,149,186,0,10
221,2026-07-23 08:56:41,7458.75,102,91,0,0
221,2026-07-23 08:56:41,7458.5,166,129,0,10
221,2026-07-23 08:56:41,7458.25,176,147,0,0
221,2026-07-23 08:56:41,7458,153,116,10,0
221,2026-07-23 08:56:41,7457.75,165,165,0,0
221,2026-07-23 08:56:41,7457.5,263,267,0,0
221,2026-07-23 08:56:41,7457.25,216,173,22,0
221,2026-07-23 08:56:41,7457,178,181,0,0
221,2026-07-23 08:56:41,7456.75,160,128,0,0
221,2026-07-23 08:56:41,7456.5,96,124,0,0
221,2026-07-23 08:56:41,7456.25,151,104,27,0
221,2026-07-23 08:56:41,7456,53,21,0,0
222,2026-07-23 08:58:08,7456,73,77,0,0
222,2026-07-23 08:58:08,7455.75,56,54,0,0
222,2026-07-23 08:58:08,7455.5,92,163,0,0
222,2026-07-23 08:58:08,7455.25,330,361,0,0
222,2026-07-23 08:58:08,7455,467,326,132,0
222,2026-07-23 08:58:08,7454.75,286,257,10,0
222,2026-07-23 08:58:08,7454.5,134,142,0,0
222,2026-07-23 08:58:08,7454.25,88,32,0,0
222,2026-07-23 08:58:08,7454,52,65,0,0
222,2026-07-23 08:58:08,7453.75,119,71,34,0
222,2026-07-23 08:58:08,7453.5,79,115,0,0
222,2026-07-23 08:58:08,7453.25,50,12,0,0
222,2026-07-23 08:58:08,7453,51,7,0,0
222,2026-07-23 08:58:08,7456.25,58,85,0,0
222,2026-07-23 08:58:08,7456.5,10,40,0,0
222,2026-07-23 08:58:08,7456.75,64,36,0,0
222,2026-07-23 08:58:08,7457,22,46,0,0
222,2026-07-23 08:58:08,7457.25,24,33,0,0
222,2026-07-23 08:58:08,7457.5,209,138,17,0
222,2026-07-23 08:58:08,7457.75,214,224,0,0
222,2026-07-23 08:58:08,7458,208,220,0,0
222,2026-07-23 08:58:08,7458.25,158,155,0,0
222,2026-07-23 08:58:08,7458.5,221,306,0,0
222,2026-07-23 08:58:08,7458.75,93,151,0,0
222,2026-07-23 08:58:08,7459,49,103,0,0
222,2026-07-23 08:58:08,7459.25,23,19,0,0
222,2026-07-23 08:58:08,7459.5,10,22,0,0
223,2026-07-23 08:59:37,7458.75,44,43,0,0
223,2026-07-23 08:59:37,7459,39,67,0,0
223,2026-07-23 08:59:37,7458.5,56,37,0,0
223,2026-07-23 08:59:37,7458.25,103,102,0,0
223,2026-07-23 08:59:37,7458,103,160,0,0
223,2026-07-23 08:59:37,7457.75,159,141,0,0
223,2026-07-23 08:59:37,7457.5,98,86,0,0
223,2026-07-23 08:59:37,7457.25,58,120,0,0
223,2026-07-23 08:59:37,7457,90,104,0,0
223,2026-07-23 08:59:37,7456.75,72,36,0,0
223,2026-07-23 08:59:37,7456.5,49,43,0,0
223,2026-07-23 08:59:37,7456.25,48,49,0,0
223,2026-07-23 08:59:37,7456,13,42,0,0
223,2026-07-23 08:59:37,7455.75,69,29,0,0
223,2026-07-23 08:59:37,7455.5,18,0,0,0
223,2026-07-23 08:59:37,7459.25,105,73,0,0
223,2026-07-23 08:59:37,7459.5,80,93,0,10
223,2026-07-23 08:59:37,7459.75,55,74,0,0
223,2026-07-23 08:59:37,7460,10,67,0,0
223,2026-07-23 08:59:37,7460.25,0,22,0,0
223,2026-07-23 08:59:37,7460.5,54,24,0,0
223,2026-07-23 08:59:37,7460.75,62,80,0,0
223,2026-07-23 08:59:37,7461,41,72,0,0
223,2026-07-23 08:59:37,7461.25,137,101,0,0
223,2026-07-23 08:59:37,7461.5,76,119,0,10
223,2026-07-23 08:59:37,7461.75,52,89,0,0
223,2026-07-23 08:59:37,7462,97,79,10,0
223,2026-07-23 08:59:37,7462.25,95,89,0,0
223,2026-07-23 08:59:37,7462.5,90,112,0,0
223,2026-07-23 08:59:37,7462.75,29,67,0,0
223,2026-07-23 08:59:37,7463,87,45,0,0
223,2026-07-23 08:59:37,7463.25,93,109,0,0
223,2026-07-23 08:59:37,7463.5,112,105,0,0
223,2026-07-23 08:59:37,7463.75,93,105,0,0
223,2026-07-23 08:59:37,7464,91,106,0,0
223,2026-07-23 08:59:37,7464.25,108,158,0,19
223,2026-07-23 08:59:37,7464.5,71,119,0,0
223,2026-07-23 08:59:37,7464.75,63,75,0,0
223,2026-07-23 08:59:37,7465,79,75,0,0
223,2026-07-23 08:59:37,7465.25,52,63,0,0
223,2026-07-23 08:59:37,7465.5,93,86,0,22
223,2026-07-23 08:59:37,7465.75,88,134,0,0
223,2026-07-23 08:59:37,7466,22,46,0,0
224,2026-07-23 09:00:47,7465.75,92,31,0,0
224,2026-07-23 09:00:47,7466,100,57,0,0
224,2026-07-23 09:00:47,7466.25,45,124,0,0
224,2026-07-23 09:00:47,7466.5,0,3,0,0
224,2026-07-23 09:00:47,7465.5,73,53,0,0
224,2026-07-23 09:00:47,7465.25,26,16,0,0
224,2026-07-23 09:00:47,7465,7,1,0,0
224,2026-07-23 09:00:47,7464.75,12,18,0,0
224,2026-07-23 09:00:47,7464.5,5,5,0,0
224,2026-07-23 09:00:47,7464.25,13,0,0,0
224,2026-07-23 09:00:47,7464,3,0,0,0
224,2026-07-23 09:00:47,7463.75,7,17,0,0
224,2026-07-23 09:00:47,7463.5,37,55,0,0
224,2026-07-23 09:00:47,7463.25,59,53,0,0
224,2026-07-23 09:00:47,7463,90,84,0,0
224,2026-07-23 09:00:47,7462.75,51,32,0,0
224,2026-07-23 09:00:47,7462.5,32,28,0,0
224,2026-07-23 09:00:47,7462.25,6,3,0,0
224,2026-07-23 09:00:47,7462,8,8,0,0
224,2026-07-23 09:00:47,7461.75,69,66,0,0
224,2026-07-23 09:00:47,7461.5,78,148,0,0
224,2026-07-23 09:00:47,7461.25,183,179,0,0
224,2026-07-23 09:00:47,7461,221,133,0,0
224,2026-07-23 09:00:47,7460.75,176,176,0,0
224,2026-07-23 09:00:47,7460.5,189,188,10,27
224,2026-07-23 09:00:47,7460.25,79,70,0,0
224,2026-07-23 09:00:47,7460,29,11,0,0
224,2026-07-23 09:00:47,7459.75,98,129,0,0
224,2026-07-23 09:00:47,7459.5,147,106,0,0
224,2026-07-23 09:00:47,7459.25,135,98,10,0
224,2026-07-23 09:00:47,7459,122,161,0,0
224,2026-07-23 09:00:47,7458.75,206,238,0,0
224,2026-07-23 09:00:47,7458.5,245,295,15,0
224,2026-07-23 09:00:47,7458.25,179,210,0,0
224,2026-07-23 09:00:47,7458,212,167,0,0
224,2026-07-23 09:00:47,7457.75,177,108,10,0
224,2026-07-23 09:00:47,7457.5,88,96,0,0
224,2026-07-23 09:00:47,7457.25,19,15,0,0
225,2026-07-23 09:02:22,7459.5,268,239,0,0
225,2026-07-23 09:02:22,7459.75,290,275,0,0
225,2026-07-23 09:02:22,7459.25,276,221,0,0
225,2026-07-23 09:02:22,7459,130,137,0,0
225,2026-07-23 09:02:22,7458.75,69,75,0,0
225,2026-07-23 09:02:22,7458.5,108,67,10,0
225,2026-07-23 09:02:22,7458.25,83,45,0,0
225,2026-07-23 09:02:22,7458,49,23,0,0
225,2026-07-23 09:02:22,7460,276,326,0,0
225,2026-07-23 09:02:22,7460.25,392,395,0,0
225,2026-07-23 09:02:22,7460.5,335,339,0,0
225,2026-07-23 09:02:22,7460.75,240,268,0,0
225,2026-07-23 09:02:22,7461,246,323,0,0
225,2026-07-23 09:02:22,7461.25,200,181,0,0
225,2026-07-23 09:02:22,7461.5,156,241,0,0
225,2026-07-23 09:02:22,7461.75,19,74,0,0
225,2026-07-23 09:02:22,7462,10,47,0,0
225,2026-07-23 09:02:22,7462.25,0,32,0,0
225,2026-07-23 09:02:22,7462.5,0,13,0,0
225,2026-07-23 09:02:22,7457.75,32,0,0,0
226,2026-07-23 09:04:04,7460.5,23,15,0,0
226,2026-07-23 09:04:04,7460.25,25,22,0,0
226,2026-07-23 09:04:04,7460,11,14,0,0
226,2026-07-23 09:04:04,7460.75,0,9,0,0
226,2026-07-23 09:04:04,7461,32,4,0,0
226,2026-07-23 09:04:04,7461.25,65,68,0,0
226,2026-07-23 09:04:04,7461.5,147,96,0,0
226,2026-07-23 09:04:04,7461.75,198,223,0,0
226,2026-07-23 09:04:04,7462,204,184,0,0
226,2026-07-23 09:04:04,7462.25,170,135,16,0
226,2026-07-23 09:04:04,7462.5,292,224,0,0
226,2026-07-23 09:04:04,7462.75,225,302,0,0
226,2026-07-23 09:04:04,7463,311,278,0,10
226,2026-07-23 09:04:04,7463.25,299,285,27,0
226,2026-07-23 09:04:04,7463.5,171,166,20,0
226,2026-07-23 09:04:04,7463.75,208,224,10,13
226,2026-07-23 09:04:04,7464,173,147,0,14
226,2026-07-23 09:04:04,7464.25,194,173,10,16
226,2026-07-23 09:04:04,7464.5,256,198,0,0
226,2026-07-23 09:04:04,7464.75,90,209,0,0
226,2026-07-23 09:04:04,7465,108,179,0,32
226,2026-07-23 09:04:04,7465.25,58,72,0,0
226,2026-07-23 09:04:04,7465.5,6,7,0,0
227,2026-07-23 09:05:32,7461.75,141,88,16,0
227,2026-07-23 09:05:32,7462,32,78,0,0
227,2026-07-23 09:05:32,7461.5,75,39,0,0
227,2026-07-23 09:05:32,7461.25,26,50,0,0
227,2026-07-23 09:05:32,7461,33,20,0,0
227,2026-07-23 09:05:32,7460.75,25,4,0,0
227,2026-07-23 09:05:32,7462.25,1,32,0,0
227,2026-07-23 09:05:32,7462.5,0,14,0,0
227,2026-07-23 09:05:32,7462.75,3,12,0,0
227,2026-07-23 09:05:32,7463,13,24,0,0
227,2026-07-23 09:05:32,7463.25,15,41,0,0
227,2026-07-23 09:05:32,7463.5,25,21,0,0
227,2026-07-23 09:05:32,7463.75,14,24,0,0
227,2026-07-23 09:05:32,7464,1,6,0,0
227,2026-07-23 09:05:32,7464.25,9,14,0,0
227,2026-07-23 09:05:32,7464.5,43,29,0,0
227,2026-07-23 09:05:32,7464.75,19,25,0,0
227,2026-07-23 09:05:32,7465,82,70,0,10
227,2026-07-23 09:05:32,7465.25,52,128,0,22
227,2026-07-23 09:05:32,7465.5,118,114,0,0
227,2026-07-23 09:05:32,7465.75,89,126,0,10
227,2026-07-23 09:05:32,7466,129,151,0,0
227,2026-07-23 09:05:32,7466.25,255,227,0,0
227,2026-07-23 09:05:32,7466.5,189,242,0,47
227,2026-07-23 09:05:32,7466.75,204,153,0,0
227,2026-07-23 09:05:32,7467,257,231,33,0
227,2026-07-23 09:05:32,7467.25,215,210,0,0
227,2026-07-23 09:05:32,7467.5,195,283,0,10
227,2026-07-23 09:05:32,7467.75,149,198,0,0
227,2026-07-23 09:05:32,7468,100,152,0,0
227,2026-07-23 09:05:32,7468.25,137,144,0,0
227,2026-07-23 09:05:32,7468.5,95,242,13,31
227,2026-07-23 09:05:32,7468.75,47,57,0,0
227,2026-07-23 09:05:32,7469,34,50,0,0
227,2026-07-23 09:05:32,7469.25,100,101,0,0
227,2026-07-23 09:05:32,7469.5,53,107,0,0
227,2026-07-23 09:05:32,7469.75,0,18,0,0
228,2026-07-23 09:06:49,7466.25,260,254,0,0
228,2026-07-23 09:06:49,7466.5,228,239,0,0
228,2026-07-23 09:06:49,7466.75,236,264,10,0
228,2026-07-23 09:06:49,7467,128,189,0,20
228,2026-07-23 09:06:49,7467.25,103,112,0,0
228,2026-07-23 09:06:49,7467.5,79,80,0,0
228,2026-07-23 09:06:49,7466,244,209,12,0
228,2026-07-23 09:06:49,7465.75,181,178,0,0
228,2026-07-23 09:06:49,7465.5,164,203,0,14
228,2026-07-23 09:06:49,7465.25,174,155,0,0
228,2026-07-23 09:06:49,7465,118,168,12,12
228,2026-07-23 09:06:49,7464.75,70,104,0,0
228,2026-07-23 09:06:49,7464.5,130,127,0,0
228,2026-07-23 09:06:49,7467.75,134,127,0,0
228,2026-07-23 09:06:49,7468,23,56,0,0
228,2026-07-23 09:06:49,7464.25,144,103,0,0
228,2026-07-23 09:06:49,7464,109,77,17,0
228,2026-07-23 09:06:49,7463.75,57,32,0,0
228,2026-07-23 09:06:49,7463.5,75,38,0,0
228,2026-07-23 09:06:49,7463.25,43,42,0,10
228,2026-07-23 09:06:49,7463,67,2,0,0
228,2026-07-23 09:06:49,7462.75,15,0,0,0
228,2026-07-23 09:06:49,7462.5,16,19,0,0
228,2026-07-23 09:06:49,7462.25,7,31,0,0
228,2026-07-23 09:06:49,7462,29,6,0,0
228,2026-07-23 09:06:49,7461.75,45,31,10,0
228,2026-07-23 09:06:49,7461.5,45,111,0,0
228,2026-07-23 09:06:49,7461.25,161,113,0,0
228,2026-07-23 09:06:49,7461,89,17,12,0
228,2026-07-23 09:06:49,7460.75,24,15,0,0
228,2026-07-23 09:06:49,7460.5,40,41,0,0
228,2026-07-23 09:06:49,7460.25,54,50,0,0
228,2026-07-23 09:06:49,7460,15,0,0,0
229,2026-07-23 09:08:26,7460.25,25,6,0,0
229,2026-07-23 09:08:26,7460.5,27,48,0,0
229,2026-07-23 09:08:26,7460.75,14,41,0,0
229,2026-07-23 09:08:26,7461,30,16,0,0
229,2026-07-23 09:08:26,7461.25,39,59,0,0
229,2026-07-23 09:08:26,7461.5,49,32,0,0
229,2026-07-23 09:08:26,7461.75,6,61,0,0
229,2026-07-23 09:08:26,7462,0,12,0,0
229,2026-07-23 09:08:26,7460,21,6,0,0
229,2026-07-23 09:08:26,7459.75,10,1,0,0
229,2026-07-23 09:08:26,7459.5,19,7,0,0
229,2026-07-23 09:08:26,7459.25,131,1,38,0
229,2026-07-23 09:08:26,7459,79,27,25,0
229,2026-07-23 09:08:26,7458.75,33,36,0,0
229,2026-07-23 09:08:26,7458.5,102,146,0,0
229,2026-07-23 09:08:26,7458.25,65,39,0,0
229,2026-07-23 09:08:26,7458,50,41,0,0
229,2026-07-23 09:08:26,7457.75,82,77,0,0
229,2026-07-23 09:08:26,7457.5,112,60,0,0
229,2026-07-23 09:08:26,7457.25,42,4,0,0
229,2026-07-23 09:08:26,7457,19,0,0,0
229,2026-07-23 09:08:26,7456.75,19,11,0,0
229,2026-07-23 09:08:26,7456.5,57,69,0,0
229,2026-07-23 09:08:26,7456.25,58,57,0,0
229,2026-07-23 09:08:26,7456,117,86,0,0
229,2026-07-23 09:08:26,7455.75,69,18,0,0
229,2026-07-23 09:08:26,7455.5,28,0,0,0
229,2026-07-23 09:08:26,7455.25,85,17,50,0
229,2026-07-23 09:08:26,7455,197,71,120,10
229,2026-07-23 09:08:26,7454.75,101,140,0,10
229,2026-07-23 09:08:26,7454.5,119,89,14,0
229,2026-07-23 09:08:26,7454.25,70,87,0,0
229,2026-07-23 09:08:26,7454,109,89,0,0
229,2026-07-23 09:08:26,7453.75,98,73,17,0
229,2026-07-23 09:08:26,7453.5,96,120,0,11
229,2026-07-23 09:08:26,7453.25,146,90,0,0
229,2026-07-23 09:08:26,7453,60,50,0,0
229,2026-07-23 09:08:26,7452.75,87,124,0,0
229,2026-07-23 09:08:26,7452.5,168,107,0,0
229,2026-07-23 09:08:26,7452.25,96,51,0,0
229,2026-07-23 09:08:26,7452,78,24,0,0
229,2026-07-23 09:08:26,7451.75,17,0,0,0
229,2026-07-23 09:08:26,7451.5,9,2,0,0
229,2026-07-23 09:08:26,7451.25,42,33,0,0
229,2026-07-23 09:08:26,7451,41,21,0,0
229,2026-07-23 09:08:26,7450.75,54,8,15,0
229,2026-07-23 09:08:26,7450.5,45,26,0,0
229,2026-07-23 09:08:26,7450.25,145,49,77,0
229,2026-07-23 09:08:26,7450,181,81,61,0
229,2026-07-23 09:08:26,7449.75,138,127,0,0
229,2026-07-23 09:08:26,7449.5,142,143,0,0
229,2026-07-23 09:08:26,7449.25,97,92,0,0
229,2026-07-23 09:08:26,7449,43,32,0,0
229,2026-07-23 09:08:26,7448.75,24,2,0,0
230,2026-07-23 09:09:24,7449.5,72,54,0,0
230,2026-07-23 09:09:24,7449.75,47,32,0,0
230,2026-07-23 09:09:24,7449.25,30,20,0,0
230,2026-07-23 09:09:24,7449,19,25,0,0
230,2026-07-23 09:09:24,7448.75,17,19,0,0
230,2026-07-23 09:09:24,7450,27,36,0,0
230,2026-07-23 09:09:24,7450.25,13,25,0,0
230,2026-07-23 09:09:24,7450.5,24,28,0,0
230,2026-07-23 09:09:24,7450.75,46,59,0,0
230,2026-07-23 09:09:24,7451,57,83,0,0
230,2026-07-23 09:09:24,7451.25,24,76,0,0
230,2026-07-23 09:09:24,7451.5,9,55,0,0
230,2026-07-23 09:09:24,7451.75,23,30,0,10
230,2026-07-23 09:09:24,7452,0,8,0,0
230,2026-07-23 09:09:24,7452.25,49,52,0,10
230,2026-07-23 09:09:24,7452.5,79,80,0,0
230,2026-07-23 09:09:24,7452.75,75,104,0,0
230,2026-07-23 09:09:24,7453,78,83,10,0
230,2026-07-23 09:09:24,7453.25,131,95,0,0
230,2026-07-23 09:09:24,7453.5,229,258,0,0
230,2026-07-23 09:09:24,7453.75,188,370,0,210
230,2026-07-23 09:09:24,7454,63,25,0,0
230,2026-07-23 09:09:24,7454.25,120,117,0,0
230,2026-07-23 09:09:24,7454.5,102,147,0,12
230,2026-07-23 09:09:24,7454.75,55,52,24,0
230,2026-07-23 09:09:24,7455,101,124,10,10
230,2026-07-23 09:09:24,7455.25,74,108,0,20
230,2026-07-23 09:09:24,7455.5,11,31,0,0
230,2026-07-23 09:09:24,7455.75,31,10,0,0
230,2026-07-23 09:09:24,7456,23,36,0,0
230,2026-07-23 09:09:24,7456.25,65,105,0,0
230,2026-07-23 09:09:24,7456.5,108,163,11,27
230,2026-07-23 09:09:24,7456.75,158,174,0,0
230,2026-07-23 09:09:24,7457,117,100,0,0
230,2026-07-23 09:09:24,7457.25,63,113,0,15
230,2026-07-23 09:09:24,7457.5,19,43,0,0
230,2026-07-23 09:09:24,7457.75,0,13,0,0
230,2026-07-23 09:09:24,7458,25,15,0,0
230,2026-07-23 09:09:24,7458.25,51,52,0,0
230,2026-07-23 09:09:24,7458.5,177,112,0,0
230,2026-07-23 09:09:24,7458.75,138,144,0,12
230,2026-07-23 09:09:24,7459,99,99,0,10
230,2026-07-23 09:09:24,7459.25,33,46,0,0
230,2026-07-23 09:09:24,7459.5,13,23,0,0
230,2026-07-23 09:09:24,7459.75,10,12,0,0
230,2026-07-23 09:09:24,7460,14,29,0,0
230,2026-07-23 09:09:24,7460.25,25,46,0,11
230,2026-07-23 09:09:24,7460.5,13,24,0,0
231,2026-07-23 09:10:18,7457.75,45,62,0,12
231,2026-07-23 09:10:18,7458,3,21,0,0
231,2026-07-23 09:10:18,7457.5,104,91,0,0
231,2026-07-23 09:10:18,7457.25,160,155,0,0
231,2026-07-23 09:10:18,7457,243,317,0,35
231,2026-07-23 09:10:18,7456.75,243,316,0,0
231,2026-07-23 09:10:18,7456.5,221,234,0,11
231,2026-07-23 09:10:18,7456.25,316,234,0,14
231,2026-07-23 09:10:18,7456,212,191,0,12
231,2026-07-23 09:10:18,7455.75,110,234,0,18
231,2026-07-23 09:10:18,7455.5,288,237,43,10
231,2026-07-23 09:10:18,7455.25,193,223,0,0
231,2026-07-23 09:10:18,7455,183,158,0,0
231,2026-07-23 09:10:18,7454.75,96,119,0,11
231,2026-07-23 09:10:18,7454.5,67,68,0,0
231,2026-07-23 09:10:18,7454.25,95,96,0,0
231,2026-07-23 09:10:18,7454,107,60,0,0
231,2026-07-23 09:10:18,7453.75,109,28,15,0
231,2026-07-23 09:10:18,7453.5,83,90,0,0
231,2026-07-23 09:10:18,7453.25,129,118,10,0
231,2026-07-23 09:10:18,7453,100,87,0,0
231,2026-07-23 09:10:18,7452.75,87,50,0,0
231,2026-07-23 09:10:18,7452.5,40,37,0,0
231,2026-07-23 09:10:18,7452.25,27,13,0,0
232,2026-07-23 09:11:46,7457.25,42,29,0,0
232,2026-07-23 09:11:46,7457.5,44,42,0,0
232,2026-07-23 09:11:46,7457.75,89,62,0,0
232,2026-07-23 09:11:46,7458,70,117,0,0
232,2026-07-23 09:11:46,7458.25,76,70,0,0
232,2026-07-23 09:11:46,7458.5,122,124,0,0
232,2026-07-23 09:11:46,7457,20,5,0,0
232,2026-07-23 09:11:46,7458.75,113,92,0,0
232,2026-07-23 09:11:46,7459,125,151,0,0
232,2026-07-23 09:11:46,7459.25,82,173,0,26
232,2026-07-23 09:11:46,7459.5,235,209,14,0
232,2026-07-23 09:11:46,7459.75,237,248,0,0
232,2026-07-23 09:11:46,7460,249,298,0,10
232,2026-07-23 09:11:46,7460.25,167,171,0,0
232,2026-07-23 09:11:46,7460.5,193,177,0,0
232,2026-07-23 09:11:46,7460.75,171,159,0,0
232,2026-07-23 09:11:46,7461,222,244,0,0
232,2026-07-23 09:11:46,7461.25,145,201,0,16
232,2026-07-23 09:11:46,7461.5,140,194,0,0
232,2026-07-23 09:11:46,7461.75,81,70,0,0
232,2026-07-23 09:11:46,7462,49,226,0,135
232,2026-07-23 09:11:46,7462.25,27,46,0,0
232,2026-07-23 09:11:46,7462.5,16,30,0,0
232,2026-07-23 09:11:46,7462.75,16,24,0,0
232,2026-07-23 09:11:46,7463,59,90,0,25
232,2026-07-23 09:11:46,7463.25,39,36,0,0
232,2026-07-23 09:11:46,7463.5,84,65,0,0
232,2026-07-23 09:11:46,7463.75,1,38,0,0
232,2026-07-23 09:11:46,7464,18,53,0,23
232,2026-07-23 09:11:46,7464.25,34,42,0,0
232,2026-07-23 09:11:46,7464.5,13,35,0,0
233,2026-07-23 09:13:02,7464.5,154,128,0,10
233,2026-07-23 09:13:02,7464.75,115,147,0,0
233,2026-07-23 09:13:02,7465,138,137,0,0
233,2026-07-23 09:13:02,7464.25,43,43,0,0
233,2026-07-23 09:13:02,7465.25,138,165,10,0
233,2026-07-23 09:13:02,7465.5,36,97,0,0
233,2026-07-23 09:13:02,7464,86,33,19,0
233,2026-07-23 09:13:02,7465.75,4,13,0,0
233,2026-07-23 09:13:02,7463.75,56,29,0,0
233,2026-07-23 09:13:02,7463.5,32,12,0,0
233,2026-07-23 09:13:02,7463.25,27,25,0,0
233,2026-07-23 09:13:02,7463,86,93,23,0
233,2026-07-23 09:13:02,7462.75,90,147,0,0
233,2026-07-23 09:13:02,7462.5,166,142,0,0
233,2026-07-23 09:13:02,7462.25,124,111,0,0
233,2026-07-23 09:13:02,7462,172,309,0,0
233,2026-07-23 09:13:02,7461.75,284,321,0,10
233,2026-07-23 09:13:02,7461.5,201,246,0,0
233,2026-07-23 09:13:02,7461.25,242,276,13,0
233,2026-07-23 09:13:02,7461,185,144,0,0
233,2026-07-23 09:13:02,7460.75,85,65,0,0
233,2026-07-23 09:13:02,7460.5,100,108,0,11
233,2026-07-23 09:13:02,7460.25,129,117,0,0
233,2026-07-23 09:13:02,7460,148,155,0,0
233,2026-07-23 09:13:02,7459.75,104,53,0,0
233,2026-07-23 09:13:02,7459.5,59,61,0,0
233,2026-07-23 09:13:02,7459.25,23,50,0,0
233,2026-07-23 09:13:02,7459,79,60,0,0
233,2026-07-23 09:13:02,7458.75,52,32,0,0
233,2026-07-23 09:13:02,7458.5,19,4,0,0
234,2026-07-23 09:14:40,7459.25,79,95,0,0
234,2026-07-23 09:14:40,7459.5,51,91,0,10
234,2026-07-23 09:14:40,7459.75,118,127,10,0
234,2026-07-23 09:14:40,7459,132,130,0,0
234,2026-07-23 09:14:40,7458.75,149,127,0,0
234,2026-07-23 09:14:40,7460,39,90,0,0
234,2026-07-23 09:14:40,7460.25,0,8,0,0
234,2026-07-23 09:14:40,7458.5,99,78,0,0
234,2026-07-23 09:14:40,7458.25,104,86,0,0
234,2026-07-23 09:14:40,7458,88,101,0,0
234,2026-07-23 09:14:40,7457.75,159,190,0,0
234,2026-07-23 09:14:40,7457.5,158,195,0,0
234,2026-07-23 09:14:40,7457.25,255,245,44,0
234,2026-07-23 09:14:40,7457,307,292,0,0
234,2026-07-23 09:14:40,7456.75,337,301,23,0
234,2026-07-23 09:14:40,7456.5,263,305,0,0
234,2026-07-23 09:14:40,7456.25,247,223,0,0
234,2026-07-23 09:14:40,7456,229,201,0,0
234,2026-07-23 09:14:40,7455.75,155,137,0,0
234,2026-07-23 09:14:40,7455.5,190,129,25,0
234,2026-07-23 09:14:40,7455.25,54,54,0,0
234,2026-07-23 09:14:40,7455,52,30,16,0
235,2026-07-23 09:15:42,7456.75,219,234,0,0
235,2026-07-23 09:15:42,7457,146,204,0,0
235,2026-07-23 09:15:42,7457.25,227,229,0,11
235,2026-07-23 09:15:42,7457.5,230,259,10,0
235,2026-07-23 09:15:42,7457.75,190,247,0,0
235,2026-07-23 09:15:42,7458,176,184,0,0
235,2026-07-23 09:15:42,7458.25,68,215,0,10
235,2026-07-23 09:15:42,7458.5,114,108,0,0
235,2026-07-23 09:15:42,7456.5,199,235,21,0
235,2026-07-23 09:15:42,7456.25,196,206,0,0
235,2026-07-23 09:15:42,7456,156,98,0,0
235,2026-07-23 09:15:42,7455.75,106,118,15,0
235,2026-07-23 09:15:42,7455.5,89,102,0,0
235,2026-07-23 09:15:42,7455.25,53,85,0,0
235,2026-07-23 09:15:42,7455,168,103,31,0
235,2026-07-23 09:15:42,7454.75,28,3,0,0
235,2026-07-23 09:15:42,7458.75,91,124,0,0
235,2026-07-23 09:15:42,7459,23,84,0,0
235,2026-07-23 09:15:42,7459.25,103,61,10,0
235,2026-07-23 09:15:42,7459.5,105,111,0,0
235,2026-07-23 09:15:42,7459.75,46,42,0,0
235,2026-07-23 09:15:42,7460,77,67,0,0
235,2026-07-23 09:15:42,7460.25,79,95,0,0
235,2026-07-23 09:15:42,7460.5,78,120,0,0
235,2026-07-23 09:15:42,7460.75,54,83,0,10
235,2026-07-23 09:15:42,7461,17,45,0,0
236,2026-07-23 09:17:06,7460.75,195,178,0,0
236,2026-07-23 09:17:06,7460.5,228,221,0,0
236,2026-07-23 09:17:06,7461,190,249,19,30
236,2026-07-23 09:17:06,7460.25,151,154,0,0
236,2026-07-23 09:17:06,7460,263,238,0,29
236,2026-07-23 09:17:06,7459.75,182,204,0,0
236,2026-07-23 09:17:06,7459.5,200,129,0,0
236,2026-07-23 09:17:06,7459.25,206,145,39,0
236,2026-07-23 09:17:06,7459,90,124,0,0
236,2026-07-23 09:17:06,7461.25,173,220,0,0
236,2026-07-23 09:17:06,7458.75,123,104,0,0
236,2026-07-23 09:17:06,7458.5,118,108,25,0
236,2026-07-23 09:17:06,7458.25,55,41,0,0
236,2026-07-23 09:17:06,7458,57,27,0,0
236,2026-07-23 09:17:06,7457.75,20,6,0,0
236,2026-07-23 09:17:06,7461.5,112,173,0,42
236,2026-07-23 09:17:06,7461.75,121,157,19,0
236,2026-07-23 09:17:06,7462,148,207,0,0
236,2026-07-23 09:17:06,7462.25,77,110,0,15
236,2026-07-23 09:17:06,7462.5,49,40,0,0
236,2026-07-23 09:17:06,7462.75,47,51,0,0
236,2026-07-23 09:17:06,7463,187,202,0,15
236,2026-07-23 09:17:06,7463.25,143,137,0,0
236,2026-07-23 09:17:06,7463.5,63,68,0,0
236,2026-07-23 09:17:06,7463.75,0,9,0,0
237,2026-07-23 09:18:38,7463.25,89,102,0,0
237,2026-07-23 09:18:38,7463.5,32,38,0,0
237,2026-07-23 09:18:38,7463.75,14,21,0,0
237,2026-07-23 09:18:38,7463,139,99,0,0
237,2026-07-23 09:18:38,7462.75,32,24,0,0
237,2026-07-23 09:18:38,7462.5,22,20,0,0
237,2026-07-23 09:18:38,7462.25,27,34,0,0
237,2026-07-23 09:18:38,7462,52,53,0,0
237,2026-07-23 09:18:38,7461.75,31,40,0,0
237,2026-07-23 09:18:38,7461.5,40,35,0,0
237,2026-07-23 09:18:38,7461.25,36,11,10,0
237,2026-07-23 09:18:38,7461,34,45,0,0
237,2026-07-23 09:18:38,7460.75,54,76,0,0
237,2026-07-23 09:18:38,7460.5,62,46,0,0
237,2026-07-23 09:18:38,7460.25,79,47,0,0
237,2026-07-23 09:18:38,7460,31,43,0,0
237,2026-07-23 09:18:38,7459.75,89,139,0,10
237,2026-07-23 09:18:38,7459.5,99,89,0,11
237,2026-07-23 09:18:38,7459.25,71,104,0,0
237,2026-07-23 09:18:38,7459,64,51,0,0
237,2026-07-23 09:18:38,7458.75,58,59,0,0
237,2026-07-23 09:18:38,7458.5,92,61,36,10
237,2026-07-23 09:18:38,7458.25,46,17,0,0
237,2026-07-23 09:18:38,7458,19,12,0,0
237,2026-07-23 09:18:38,7457.75,46,54,0,11
237,2026-07-23 09:18:38,7457.5,75,126,0,10
237,2026-07-23 09:18:38,7457.25,100,92,0,13
237,2026-07-23 09:18:38,7457,159,507,0,349
237,2026-07-23 09:18:38,7456.75,269,281,0,10
237,2026-07-23 09:18:38,7456.5,122,98,0,0
237,2026-07-23 09:18:38,7456.25,55,20,0,0
237,2026-07-23 09:18:38,7456,64,17,17,0
237,2026-07-23 09:18:38,7455.75,97,25,10,0
237,2026-07-23 09:18:38,7455.5,109,93,0,15
237,2026-07-23 09:18:38,7455.25,80,49,0,0
237,2026-07-23 09:18:38,7455,132,197,0,10
237,2026-07-23 09:18:38,7454.75,247,453,0,75
237,2026-07-23 09:18:38,7454.5,213,108,0,14
237,2026-07-23 09:18:38,7454.25,30,4,0,0
238,2026-07-23 09:19:53,7455.5,287,250,0,0
238,2026-07-23 09:19:53,7455.75,285,308,12,10
238,2026-07-23 09:19:53,7455.25,326,335,0,19
238,2026-07-23 09:19:53,7455,247,208,0,0
238,2026-07-23 09:19:53,7454.75,89,151,0,20
238,2026-07-23 09:19:53,7454.5,195,71,100,12
238,2026-07-23 09:19:53,7454.25,65,30,0,0
238,2026-07-23 09:19:53,7456,217,222,0,0
238,2026-07-23 09:19:53,7456.25,206,229,0,0
238,2026-07-23 09:19:53,7456.5,231,230,0,0
238,2026-07-23 09:19:53,7456.75,239,476,0,0
238,2026-07-23 09:19:53,7457,172,646,0,487
238,2026-07-23 09:19:53,7457.25,78,87,0,0
238,2026-07-23 09:19:53,7454,45,10,0,0
238,2026-07-23 09:19:53,7453.75,1,0,0,0
238,2026-07-23 09:19:53,7457.5,156,183,0,0
238,2026-07-23 09:19:53,7457.75,49,95,0,0
238,2026-07-23 09:19:53,7458,18,20,0,0
238,2026-07-23 09:19:53,7458.25,11,10,0,0
238,2026-07-23 09:19:53,7458.5,7,8,0,0
238,2026-07-23 09:19:53,7458.75,0,7,0,0
239,2026-07-23 09:21:34,7457.75,64,62,0,0
239,2026-07-23 09:21:34,7457.5,89,78,0,0
239,2026-07-23 09:21:34,7457.25,49,36,0,0
239,2026-07-23 09:21:34,7457,27,11,0,0
239,2026-07-23 09:21:34,7456.75,1,0,0,0
239,2026-07-23 09:21:34,7458,37,39,0,0
239,2026-07-23 09:21:34,7458.25,53,50,0,0
239,2026-07-23 09:21:34,7458.5,22,39,0,0
239,2026-07-23 09:21:34,7458.75,27,41,0,0
239,2026-07-23 09:21:34,7459,6,7,0,0
239,2026-07-23 09:21:34,7459.25,36,39,0,0
239,2026-07-23 09:21:34,7459.5,35,69,0,0
239,2026-07-23 09:21:34,7459.75,30,78,0,0
239,2026-07-23 09:21:34,7460,99,85,10,0
239,2026-07-23 09:21:34,7460.25,210,131,15,0
239,2026-07-23 09:21:34,7460.5,239,227,0,0
239,2026-07-23 09:21:34,7460.75,292,229,0,0
239,2026-07-23 09:21:34,7461,185,278,0,93
239,2026-07-23 09:21:34,7461.25,191,173,0,0
239,2026-07-23 09:21:34,7461.5,105,146,0,0
239,2026-07-23 09:21:34,7461.75,159,102,10,0
239,2026-07-23 09:21:34,7462,127,160,0,0
239,2026-07-23 09:21:34,7462.25,133,149,0,0
239,2026-07-23 09:21:34,7462.5,163,172,0,0
239,2026-07-23 09:21:34,7462.75,124,76,0,0
239,2026-07-23 09:21:34,7463,144,242,0,25
239,2026-07-23 09:21:34,7463.25,115,144,0,10
239,2026-07-23 09:21:34,7463.5,93,115,0,0
239,2026-07-23 09:21:34,7463.75,72,87,0,0
239,2026-07-23 09:21:34,7464,82,83,0,0
239,2026-07-23 09:21:34,7464.25,117,98,0,0
239,2026-07-23 09:21:34,7464.5,43,62,0,0
239,2026-07-23 09:21:34,7464.75,0,23,0,0
240,2026-07-23 09:23:14,7460.75,35,21,0,0
240,2026-07-23 09:23:14,7460.5,23,8,0,0
240,2026-07-23 09:23:14,7460.25,28,18,0,0
240,2026-07-23 09:23:14,7460,63,127,0,0
240,2026-07-23 09:23:14,7459.75,181,166,0,0
240,2026-07-23 09:23:14,7459.5,220,134,0,0
240,2026-07-23 09:23:14,7459.25,163,83,0,0
240,2026-07-23 09:23:14,7461,22,16,0,0
240,2026-07-23 09:23:14,7461.25,30,27,0,0
240,2026-07-23 09:23:14,7461.5,40,30,0,0
240,2026-07-23 09:23:14,7461.75,78,67,0,0
240,2026-07-23 09:23:14,7462,42,69,0,0
240,2026-07-23 09:23:14,7462.25,30,16,0,0
240,2026-07-23 09:23:14,7462.5,2,10,0,0
240,2026-07-23 09:23:14,7459,97,78,0,0
240,2026-07-23 09:23:14,7458.75,112,89,0,0
240,2026-07-23 09:23:14,7458.5,178,128,12,0
240,2026-07-23 09:23:14,7458.25,106,28,0,0
240,2026-07-23 09:23:14,7458,71,97,0,0
240,2026-07-23 09:23:14,7457.75,72,33,0,0
240,2026-07-23 09:23:14,7457.5,32,1,0,0
240,2026-07-23 09:23:14,7457.25,7,4,0,0
240,2026-07-23 09:23:14,7457,60,8,0,0
240,2026-07-23 09:23:14,7456.75,24,31,0,0
240,2026-07-23 09:23:14,7456.5,18,5,0,0
240,2026-07-23 09:23:14,7456.25,32,0,0,0
240,2026-07-23 09:23:14,7456,39,20,0,0
240,2026-07-23 09:23:14,7455.75,34,33,0,0
240,2026-07-23 09:23:14,7455.5,49,63,0,0
240,2026-07-23 09:23:14,7455.25,27,1,0,0
240,2026-07-23 09:23:14,7455,47,37,10,0
240,2026-07-23 09:23:14,7454.75,40,87,0,0
240,2026-07-23 09:23:14,7454.5,52,73,0,0
240,2026-07-23 09:23:14,7454.25,65,72,0,0
240,2026-07-23 09:23:14,7454,99,134,0,12
240,2026-07-23 09:23:14,7453.75,123,305,0,98
240,2026-07-23 09:23:14,7453.5,117,171,0,0
240,2026-07-23 09:23:14,7453.25,219,278,0,0
240,2026-07-23 09:23:14,7453,215,170,16,0
240,2026-07-23 09:23:14,7452.75,199,138,0,0
240,2026-07-23 09:23:14,7452.5,118,67,0,0
240,2026-07-23 09:23:14,7452.25,61,12,0,0
240,2026-07-23 09:23:14,7452,47,26,0,0
240,2026-07-23 09:23:14,7451.75,41,117,0,0
240,2026-07-23 09:23:14,7451.5,44,0,0,0
241,2026-07-23 09:24:46,7454.5,144,151,0,0
241,2026-07-23 09:24:46,7454.75,105,99,0,0
241,2026-07-23 09:24:46,7455,116,65,45,13
241,2026-07-23 09:24:46,7454.25,144,140,0,0
241,2026-07-23 09:24:46,7454,237,143,0,0
241,2026-07-23 09:24:46,7453.75,124,141,0,0
241,2026-07-23 09:24:46,7453.5,183,140,0,0
241,2026-07-23 09:24:46,7453.25,147,201,0,27
241,2026-07-23 09:24:46,7453,191,266,0,40
241,2026-07-23 09:24:46,7452.75,165,182,0,0
241,2026-07-23 09:24:46,7452.5,209,138,38,0
241,2026-07-23 09:24:46,7455.25,59,59,0,0
241,2026-07-23 09:24:46,7455.5,42,45,0,0
241,2026-07-23 09:24:46,7455.75,84,60,0,0
241,2026-07-23 09:24:46,7456,115,138,0,20
241,2026-07-23 09:24:46,7456.25,139,120,0,0
241,2026-07-23 09:24:46,7456.5,132,106,0,0
241,2026-07-23 09:24:46,7456.75,158,154,34,12
241,2026-07-23 09:24:46,7457,147,201,0,13
241,2026-07-23 09:24:46,7457.25,87,123,0,0
241,2026-07-23 09:24:46,7457.5,8,30,0,11
241,2026-07-23 09:24:46,7457.75,21,12,0,0
241,2026-07-23 09:24:46,7458,0,6,0,0
241,2026-07-23 09:24:46,7452.25,80,60,0,0
241,2026-07-23 09:24:46,7452,25,0,0,0
241,2026-07-23 09:24:46,7451.75,9,7,0,0
241,2026-07-23 09:24:46,7451.5,39,47,0,0
241,2026-07-23 09:24:46,7451.25,77,103,0,0
241,2026-07-23 09:24:46,7451,205,146,37,0
241,2026-07-23 09:24:46,7450.75,102,66,0,0
241,2026-07-23 09:24:46,7450.5,40,17,0,0
242,2026-07-23 09:26:35,7450.75,382,421,0,14
242,2026-07-23 09:26:35,7451,264,362,0,0
242,2026-07-23 09:26:35,7451.25,151,242,0,0
242,2026-07-23 09:26:35,7450.5,294,217,0,0
242,2026-07-23 09:26:35,7450.25,218,146,45,0
242,2026-07-23 09:26:35,7450,96,14,10,0
242,2026-07-23 09:26:35,7451.5,151,215,0,0
242,2026-07-23 09:26:35,7451.75,127,206,0,0
242,2026-07-23 09:26:35,7452,188,214,0,0
242,2026-07-23 09:26:35,7452.25,108,172,0,0
242,2026-07-23 09:26:35,7452.5,115,119,0,0
242,2026-07-23 09:26:35,7452.75,119,151,0,0
242,2026-07-23 09:26:35,7453,72,94,0,0
242,2026-07-23 09:26:35,7453.25,76,87,0,0
242,2026-07-23 09:26:35,7453.5,103,99,0,0
242,2026-07-23 09:26:35,7453.75,148,113,0,0
242,2026-07-23 09:26:35,7454,153,199,16,0
242,2026-07-23 09:26:35,7454.25,58,124,0,33
242,2026-07-23 09:26:35,7454.5,17,36,0,0
242,2026-07-23 09:26:35,7454.75,32,52,0,0
242,2026-07-23 09:26:35,7455,0,34,0,0
242,2026-07-23 09:26:35,7455.25,20,31,0,0
242,2026-07-23 09:26:35,7455.5,26,14,0,0
242,2026-07-23 09:26:35,7455.75,42,33,0,0
242,2026-07-23 09:26:35,7456,17,66,0,0
242,2026-07-23 09:26:35,7456.25,29,27,0,0
242,2026-07-23 09:26:35,7456.5,1,5,0,0
243,2026-07-23 09:28:19,7456.25,64,84,0,0
243,2026-07-23 09:28:19,7456,173,173,10,13
243,2026-07-23 09:28:19,7455.75,88,142,0,21
243,2026-07-23 09:28:19,7455.5,98,94,0,0
243,2026-07-23 09:28:19,7455.25,32,24,0,0
243,2026-07-23 09:28:19,7455,23,18,0,0
243,2026-07-23 09:28:19,7454.75,108,115,0,15
243,2026-07-23 09:28:19,7454.5,80,207,0,54
243,2026-07-23 09:28:19,7454.25,188,109,0,0
243,2026-07-23 09:28:19,7454,98,154,0,0
243,2026-07-23 09:28:19,7453.75,194,217,0,0
243,2026-07-23 09:28:19,7453.5,267,356,0,52
243,2026-07-23 09:28:19,7453.25,396,463,24,69
243,2026-07-23 09:28:19,7453,405,272,17,0
243,2026-07-23 09:28:19,7452.75,100,59,0,0
243,2026-07-23 09:28:19,7452.5,67,95,0,0
243,2026-07-23 09:28:19,7452.25,45,27,0,0
243,2026-07-23 09:28:19,7452,25,4,0,0
243,2026-07-23 09:28:19,7456.5,40,40,0,0
243,2026-07-23 09:28:19,7456.75,87,99,0,0
243,2026-07-23 09:28:19,7457,91,106,0,27
243,2026-07-23 09:28:19,7457.25,85,86,0,0
243,2026-07-23 09:28:19,7457.5,8,19,0,0
243,2026-07-23 09:28:19,7457.75,39,74,0,0
243,2026-07-23 09:28:19,7458,23,141,0,95
243,2026-07-23 09:28:19,7458.25,77,81,0,0
243,2026-07-23 09:28:19,7458.5,12,25,0,0
243,2026-07-23 09:28:19,7458.75,15,33,0,0
243,2026-07-23 09:28:19,7459,49,94,0,0
243,2026-07-23 09:28:19,7459.25,23,21,0,0
243,2026-07-23 09:28:19,7459.5,26,35,0,0
243,2026-07-23 09:28:19,7459.75,0,6,0,0
244,2026-07-23 09:29:59,7458.25,51,85,0,0
244,2026-07-23 09:29:59,7458.5,62,90,0,0
244,2026-07-23 09:29:59,7458,122,94,0,0
244,2026-07-23 09:29:59,7457.75,154,97,0,0
244,2026-07-23 09:29:59,7457.5,97,133,0,0
244,2026-07-23 09:29:59,7457.25,152,111,32,0
244,2026-07-23 09:29:59,7457,141,119,0,0
244,2026-07-23 09:29:59,7458.75,115,65,0,0
244,2026-07-23 09:29:59,7459,140,117,0,11
244,2026-07-23 09:29:59,7459.25,172,151,0,0
244,2026-07-23 09:29:59,7459.5,124,153,0,0
244,2026-07-23 09:29:59,7459.75,56,130,0,28
244,2026-07-23 09:29:59,7460,10,78,0,25
244,2026-07-23 09:29:59,7456.75,173,162,0,0
244,2026-07-23 09:29:59,7456.5,182,116,0,0
244,2026-07-23 09:29:59,7456.25,161,222,0,51
244,2026-07-23 09:29:59,7456,159,148,0,0
244,2026-07-23 09:29:59,7455.75,105,128,0,0
244,2026-07-23 09:29:59,7455.5,94,142,0,0
244,2026-07-23 09:29:59,7455.25,192,215,0,0
244,2026-07-23 09:29:59,7455,259,256,0,13
244,2026-07-23 09:29:59,7454.75,128,84,0,0
244,2026-07-23 09:29:59,7454.5,151,48,28,0
244,2026-07-23 09:29:59,7454.25,71,99,0,0
244,2026-07-23 09:29:59,7454,127,40,0,0
244,2026-07-23 09:29:59,7460.25,0,7,0,0
244,2026-07-23 09:29:59,7453.75,107,74,23,0
244,2026-07-23 09:29:59,7453.5,28,4,0,0
245,2026-07-23 09:32:03,7453.75,191,206,12,0
245,2026-07-23 09:32:03,7454,59,73,0,0
245,2026-07-23 09:32:03,7454.25,15,21,0,0
245,2026-07-23 09:32:03,7453.5,186,179,0,0
245,2026-07-23 09:32:03,7453.25,175,107,48,0
245,2026-07-23 09:32:03,7454.5,31,24,0,0
245,2026-07-23 09:32:03,7454.75,22,26,0,0
245,2026-07-23 09:32:03,7455,9,23,0,0
245,2026-07-23 09:32:03,7453,186,156,0,0
245,2026-07-23 09:32:03,7452.75,111,79,0,0
245,2026-07-23 09:32:03,7452.5,62,25,0,0
245,2026-07-23 09:32:03,7452.25,20,5,0,0
245,2026-07-23 09:32:03,7452,19,41,0,0
245,2026-07-23 09:32:03,7451.75,66,44,0,0
245,2026-07-23 09:32:03,7451.5,33,95,0,0
245,2026-07-23 09:32:03,7451.25,96,107,0,0
245,2026-07-23 09:32:03,7451,170,235,0,0
245,2026-07-23 09:32:03,7450.75,170,174,0,31
245,2026-07-23 09:32:03,7450.5,276,226,0,0
245,2026-07-23 09:32:03,7450.25,192,184,0,0
245,2026-07-23 09:32:03,7450,205,220,0,14
245,2026-07-23 09:32:03,7449.75,161,86,0,13
245,2026-07-23 09:32:03,7449.5,96,70,0,0
245,2026-07-23 09:32:03,7449.25,137,113,0,0
245,2026-07-23 09:32:03,7449,164,90,25,0
245,2026-07-23 09:32:03,7448.75,126,42,21,0
245,2026-07-23 09:32:03,7448.5,28,54,0,0
245,2026-07-23 09:32:03,7448.25,100,82,0,0
245,2026-07-23 09:32:03,7448,150,52,0,0
245,2026-07-23 09:32:03,7447.75,84,43,0,0
245,2026-07-23 09:32:03,7447.5,106,57,0,0
245,2026-07-23 09:32:03,7447.25,24,46,0,0
245,2026-07-23 09:32:03,7447,33,12,0,0
246,2026-07-23 09:33:50,7447,272,278,10,11
246,2026-07-23 09:33:50,7447.25,360,283,0,10
246,2026-07-23 09:33:50,7446.75,226,138,0,0
246,2026-07-23 09:33:50,7447.5,399,351,50,10
246,2026-07-23 09:33:50,7447.75,162,301,0,45
246,2026-07-23 09:33:50,7446.5,79,67,0,26
246,2026-07-23 09:33:50,7448,178,204,0,0
246,2026-07-23 09:33:50,7448.25,95,149,0,0
246,2026-07-23 09:33:50,7448.5,95,122,0,0
246,2026-07-23 09:33:50,7448.75,47,64,0,0
246,2026-07-23 09:33:50,7449,32,26,0,0
246,2026-07-23 09:33:50,7449.25,184,149,0,0
246,2026-07-23 09:33:50,7449.5,228,182,0,0
246,2026-07-23 09:33:50,7449.75,246,241,0,20
246,2026-07-23 09:33:50,7450,190,211,0,0
246,2026-07-23 09:33:50,7450.25,131,132,0,0
246,2026-07-23 09:33:50,7450.5,112,163,0,0
246,2026-07-23 09:33:50,7450.75,53,109,0,0
246,2026-07-23 09:33:50,7451,34,96,0,0
246,2026-07-23 09:33:50,7451.25,14,46,0,0
246,2026-07-23 09:33:50,7451.5,0,2,0,0
246,2026-07-23 09:33:50,7446.25,42,7,0,0
247,2026-07-23 09:35:34,7447.25,154,166,0,28
247,2026-07-23 09:35:34,7447,200,228,0,10
247,2026-07-23 09:35:34,7446.75,223,306,0,0
247,2026-07-23 09:35:34,7446.5,255,224,10,16
247,2026-07-23 09:35:34,7447.5,105,115,0,0
247,2026-07-23 09:35:34,7447.75,249,164,10,0
247,2026-07-23 09:35:34,7448,224,280,0,0
247,2026-07-23 09:35:34,7448.25,82,147,0,0
247,2026-07-23 09:35:34,7448.5,104,95,0,0
247,2026-07-23 09:35:34,7446.25,93,33,0,0
247,2026-07-23 09:35:34,7446,80,14,12,0
247,2026-07-23 09:35:34,7448.75,96,124,0,0
247,2026-07-23 09:35:34,7449,105,126,0,0
247,2026-07-23 09:35:34,7449.25,23,137,0,0
247,2026-07-23 09:35:34,7449.5,2,20,0,0
247,2026-07-23 09:35:34,7449.75,5,25,0,0
247,2026-07-23 09:35:34,7450,16,38,0,0
247,2026-07-23 09:35:34,7450.25,27,29,0,0
247,2026-07-23 09:35:34,7450.5,32,30,0,0
247,2026-07-23 09:35:34,7450.75,26,54,0,0
247,2026-07-23 09:35:34,7451,34,70,0,0
247,2026-07-23 09:35:34,7451.25,56,56,0,0
247,2026-07-23 09:35:34,7451.5,38,87,0,0
247,2026-07-23 09:35:34,7451.75,56,54,0,0
247,2026-07-23 09:35:34,7452,27,53,0,0
247,2026-07-23 09:35:34,7452.25,0,40,0,0
247,2026-07-23 09:35:34,7452.5,3,16,0,0
247,2026-07-23 09:35:34,7452.75,1,18,0,0
247,2026-07-23 09:35:34,7453,82,43,0,0
247,2026-07-23 09:35:34,7453.25,108,83,0,0
247,2026-07-23 09:35:34,7453.5,80,91,15,0
247,2026-07-23 09:35:34,7453.75,111,87,0,0
247,2026-07-23 09:35:34,7454,80,163,0,20
247,2026-07-23 09:35:34,7454.25,36,84,0,0
247,2026-07-23 09:35:34,7454.5,15,28,0,0
247,2026-07-23 09:35:34,7454.75,2,18,0,0
247,2026-07-23 09:35:34,7455,14,46,0,0
247,2026-07-23 09:35:34,7455.25,12,25,0,0
247,2026-07-23 09:35:34,7455.5,36,40,0,14
247,2026-07-23 09:35:34,7455.75,11,46,0,0
247,2026-07-23 09:35:34,7456,0,90,0,55
248,2026-07-23 09:37:22,7456,47,42,0,36
248,2026-07-23 09:37:22,7456.25,50,69,0,0
248,2026-07-23 09:37:22,7456.5,13,45,0,0
248,2026-07-23 09:37:22,7456.75,42,13,0,0
248,2026-07-23 09:37:22,7457,48,58,0,0
248,2026-07-23 09:37:22,7457.25,25,33,0,0
248,2026-07-23 09:37:22,7457.5,123,95,0,10
248,2026-07-23 09:37:22,7457.75,235,175,0,0
248,2026-07-23 09:37:22,7458,180,193,0,0
248,2026-07-23 09:37:22,7458.25,271,286,0,12
248,2026-07-23 09:37:22,7458.5,183,228,0,10
248,2026-07-23 09:37:22,7458.75,90,86,0,0
248,2026-07-23 09:37:22,7459,72,121,0,0
248,2026-07-23 09:37:22,7459.25,76,76,0,0
248,2026-07-23 09:37:22,7459.5,46,42,0,0
248,2026-07-23 09:37:22,7459.75,90,79,17,0
248,2026-07-23 09:37:22,7460,98,116,0,0
248,2026-07-23 09:37:22,7460.25,51,91,0,0
248,2026-07-23 09:37:22,7460.5,25,29,10,0
248,2026-07-23 09:37:22,7460.75,50,23,0,0
248,2026-07-23 09:37:22,7461,53,40,0,0
248,2026-07-23 09:37:22,7461.25,113,24,18,0
248,2026-07-23 09:37:22,7461.5,144,101,0,17
248,2026-07-23 09:37:22,7461.75,287,268,0,0
248,2026-07-23 09:37:22,7462,226,301,0,0
248,2026-07-23 09:37:22,7462.25,160,224,0,0
248,2026-07-23 09:37:22,7462.5,181,229,0,0
248,2026-07-23 09:37:22,7462.75,87,100,0,0
248,2026-07-23 09:37:22,7463,92,121,0,20
248,2026-07-23 09:37:22,7463.25,5,33,0,0
249,2026-07-23 09:38:24,7457,28,20,0,0
249,2026-07-23 09:38:24,7457.25,17,21,0,0
249,2026-07-23 09:38:24,7457.5,34,30,0,0
249,2026-07-23 09:38:24,7457.75,32,36,0,0
249,2026-07-23 09:38:24,7456.75,19,0,0,0
249,2026-07-23 09:38:24,7458,22,18,0,0
249,2026-07-23 09:38:24,7458.25,73,57,0,0
249,2026-07-23 09:38:24,7458.5,61,110,0,0
249,2026-07-23 09:38:24,7458.75,45,71,0,0
249,2026-07-23 09:38:24,7459,54,75,0,0
249,2026-07-23 09:38:24,7459.25,50,57,0,0
249,2026-07-23 09:38:24,7459.5,187,161,0,15
249,2026-07-23 09:38:24,7459.75,158,143,0,0
249,2026-07-23 09:38:24,7460,138,154,0,0
249,2026-07-23 09:38:24,7460.25,135,145,0,0
249,2026-07-23 09:38:24,7460.5,207,163,0,0
249,2026-07-23 09:38:24,7460.75,136,125,0,0
249,2026-07-23 09:38:24,7461,61,124,0,0
249,2026-07-23 09:38:24,7461.25,61,95,0,36
249,2026-07-23 09:38:24,7461.5,46,79,0,14
249,2026-07-23 09:38:24,7461.75,13,55,0,0
249,2026-07-23 09:38:24,7462,13,32,0,0
249,2026-07-23 09:38:24,7462.25,40,56,0,0
249,2026-07-23 09:38:24,7462.5,57,96,0,11
249,2026-07-23 09:38:24,7462.75,109,98,0,0
249,2026-07-23 09:38:24,7463,76,154,0,43
249,2026-07-23 09:38:24,7463.25,56,76,0,0
249,2026-07-23 09:38:24,7463.5,139,105,0,0
249,2026-07-23 09:38:24,7463.75,299,181,0,0
249,2026-07-23 09:38:24,7464,258,300,0,22
249,2026-07-23 09:38:24,7464.25,98,227,0,35
249,2026-07-23 09:38:24,7464.5,128,109,0,0
249,2026-07-23 09:38:24,7464.75,103,77,0,0
249,2026-07-23 09:38:24,7465,36,63,0,12
249,2026-07-23 09:38:24,7465.25,98,70,0,0
249,2026-07-23 09:38:24,7465.5,7,23,0,0
250,2026-07-23 09:40:04,7464.75,40,24,10,0
250,2026-07-23 09:40:04,7465,80,75,0,0
250,2026-07-23 09:40:04,7465.25,108,102,0,0
250,2026-07-23 09:40:04,7464.5,76,55,0,0
250,2026-07-23 09:40:04,7464.25,76,103,0,13
250,2026-07-23 09:40:04,7464,75,41,0,0
250,2026-07-23 09:40:04,7463.75,42,40,0,0
250,2026-07-23 09:40:04,7463.5,40,46,0,0
250,2026-07-23 09:40:04,7463.25,60,43,0,0
250,2026-07-23 09:40:04,7463,119,203,0,94
250,2026-07-23 09:40:04,7462.75,123,94,0,0
250,2026-07-23 09:40:04,7462.5,90,14,0,0
250,2026-07-23 09:40:04,7465.5,45,64,0,11
250,2026-07-23 09:40:04,7465.75,128,106,0,0
250,2026-07-23 09:40:04,7466,86,190,0,37
250,2026-07-23 09:40:04,7466.25,59,90,0,0
250,2026-07-23 09:40:04,7466.5,24,34,0,0
250,2026-07-23 09:40:04,7466.75,8,17,0,0
250,2026-07-23 09:40:04,7467,0,14,0,0
250,2026-07-23 09:40:04,7462.25,58,47,0,0
250,2026-07-23 09:40:04,7462,53,72,0,0
250,2026-07-23 09:40:04,7461.75,75,21,0,0
250,2026-07-23 09:40:04,7461.5,74,48,10,0
250,2026-07-23 09:40:04,7461.25,114,58,0,0
250,2026-07-23 09:40:04,7461,102,52,0,11
250,2026-07-23 09:40:04,7460.75,38,8,0,0
250,2026-07-23 09:40:04,7460.5,65,65,0,0
250,2026-07-23 09:40:04,7460.25,57,29,0,0
250,2026-07-23 09:40:04,7460,100,93,0,0
250,2026-07-23 09:40:04,7459.75,96,105,0,0
250,2026-07-23 09:40:04,7459.5,50,33,0,0
250,2026-07-23 09:40:04,7459.25,89,69,0,0
250,2026-07-23 09:40:04,7459,88,51,0,0
250,2026-07-23 09:40:04,7458.75,92,54,0,0
250,2026-07-23 09:40:04,7458.5,113,109,0,10
250,2026-07-23 09:40:04,7458.25,105,96,0,0
250,2026-07-23 09:40:04,7458,84,60,0,0
250,2026-07-23 09:40:04,7457.75,82,132,0,0
250,2026-07-23 09:40:04,7457.5,114,53,20,0
250,2026-07-23 09:40:04,7457.25,71,2,0,0
250,2026-07-23 09:40:04,7457,30,0,10,0
250,2026-07-23 09:40:04,7456.75,25,3,0,0
250,2026-07-23 09:40:04,7456.5,35,17,0,0
250,2026-07-23 09:40:04,7456.25,37,20,0,0
250,2026-07-23 09:40:04,7456,50,43,0,0
250,2026-07-23 09:40:04,7455.75,55,44,20,0
250,2026-07-23 09:40:04,7455.5,51,24,0,0
250,2026-07-23 09:40:04,7455.25,54,17,11,0
250,2026-07-23 09:40:04,7455,54,26,0,0
250,2026-07-23 09:40:04,7454.75,20,24,0,0
250,2026-07-23 09:40:04,7454.5,73,76,0,0
250,2026-07-23 09:40:04,7454.25,52,24,20,0
250,2026-07-23 09:40:04,7454,25,10,0,0
251,2026-07-23 09:41:44,7455.25,47,48,0,0
251,2026-07-23 09:41:44,7455,113,132,0,0
251,2026-07-23 09:41:44,7454.75,166,169,0,0
251,2026-07-23 09:41:44,7454.5,195,119,20,0
251,2026-07-23 09:41:44,7454.25,129,100,12,0
251,2026-07-23 09:41:44,7454,169,86,50,0
251,2026-07-23 09:41:44,7453.75,72,111,0,20
251,2026-07-23 09:41:44,7453.5,116,72,0,0
251,2026-07-23 09:41:44,7453.25,58,19,17,0
251,2026-07-23 09:41:44,7455.5,54,69,0,0
251,2026-07-23 09:41:44,7455.75,82,95,0,0
251,2026-07-23 09:41:44,7456,41,71,0,0
251,2026-07-23 09:41:44,7456.25,45,103,0,42
251,2026-07-23 09:41:44,7456.5,14,18,0,0
251,2026-07-23 09:41:44,7453,49,87,0,0
251,2026-07-23 09:41:44,7452.75,110,113,10,0
251,2026-07-23 09:41:44,7452.5,142,184,0,10
251,2026-07-23 09:41:44,7452.25,330,224,60,13
251,2026-07-23 09:41:44,7452,216,201,0,22
251,2026-07-23 09:41:44,7451.75,282,214,0,12
251,2026-07-23 09:41:44,7451.5,104,134,0,0
251,2026-07-23 09:41:44,7451.25,86,122,0,0
251,2026-07-23 09:41:44,7451,145,152,12,0
251,2026-07-23 09:41:44,7450.75,98,130,0,11
251,2026-07-23 09:41:44,7450.5,121,160,0,23
251,2026-07-23 09:41:44,7450.25,116,105,0,11
251,2026-07-23 09:41:44,7450,90,70,21,0
251,2026-07-23 09:41:44,7449.75,39,51,0,0
251,2026-07-23 09:41:44,7449.5,63,48,21,0
252,2026-07-23 09:43:27,7451.5,7,16,0,0
252,2026-07-23 09:43:27,7451.25,7,6,0,0
252,2026-07-23 09:43:27,7451,23,17,0,0
252,2026-07-23 09:43:27,7450.75,5,10,0,0
252,2026-07-23 09:43:27,7450.5,66,65,0,0
252,2026-07-23 09:43:27,7450.25,101,76,44,0
252,2026-07-23 09:43:27,7450,90,93,0,0
252,2026-07-23 09:43:27,7449.75,75,141,0,0
252,2026-07-23 09:43:27,7449.5,268,440,0,0
252,2026-07-23 09:43:27,7449.25,495,563,23,0
252,2026-07-23 09:43:27,7449,500,456,16,33
252,2026-07-23 09:43:27,7448.75,374,298,30,0
252,2026-07-23 09:43:27,7448.5,350,239,20,0
252,2026-07-23 09:43:27,7448.25,229,188,12,0
252,2026-07-23 09:43:27,7448,218,205,16,0
252,2026-07-23 09:43:27,7447.75,109,84,0,0
252,2026-07-23 09:43:27,7447.5,54,69,0,0
252,2026-07-23 09:43:27,7447.25,136,101,0,0
252,2026-07-23 09:43:27,7447,88,84,10,0
252,2026-07-23 09:43:27,7446.75,86,67,0,0
252,2026-07-23 09:43:27,7446.5,2,0,0,0
253,2026-07-23 09:45:01,7448,382,413,0,10
253,2026-07-23 09:45:01,7448.25,249,305,0,0
253,2026-07-23 09:45:01,7448.5,151,223,0,0
253,2026-07-23 09:45:01,7447.75,263,290,0,0
253,2026-07-23 09:45:01,7447.5,186,224,0,0
253,2026-07-23 09:45:01,7448.75,144,156,0,0
253,2026-07-23 09:45:01,7447.25,177,124,0,0
253,2026-07-23 09:45:01,7447,92,103,0,10
253,2026-07-23 09:45:01,7446.75,12,0,0,0
253,2026-07-23 09:45:01,7449,158,161,0,24
253,2026-07-23 09:45:01,7449.25,157,259,0,0
253,2026-07-23 09:45:01,7449.5,140,262,28,11
253,2026-07-23 09:45:01,7449.75,159,185,0,23
253,2026-07-23 09:45:01,7450,115,211,0,15
253,2026-07-23 09:45:01,7450.25,88,177,0,0
253,2026-07-23 09:45:01,7450.5,215,231,10,15
253,2026-07-23 09:45:01,7450.75,73,163,0,0
253,2026-07-23 09:45:01,7451,75,84,0,0
253,2026-07-23 09:45:01,7451.25,23,46,0,0
253,2026-07-23 09:45:01,7451.5,3,18,0,0
254,2026-07-23 09:46:29,7450.75,184,168,0,0
254,2026-07-23 09:46:29,7450.5,211,292,0,26
254,2026-07-23 09:46:29,7450.25,191,211,0,11
254,2026-07-23 09:46:29,7450,162,133,0,0
254,2026-07-23 09:46:29,7449.75,124,67,0,0
254,2026-07-23 09:46:29,7449.5,73,68,0,12
254,2026-07-23 09:46:29,7451,158,203,0,12
254,2026-07-23 09:46:29,7451.25,207,208,0,0
254,2026-07-23 09:46:29,7451.5,220,212,0,0
254,2026-07-23 09:46:29,7451.75,261,254,0,0
254,2026-07-23 09:46:29,7452,134,258,0,35
254,2026-07-23 09:46:29,7452.25,165,186,0,18
254,2026-07-23 09:46:29,7452.5,191,201,10,0
254,2026-07-23 09:46:29,7452.75,123,169,0,0
254,2026-07-23 09:46:29,7453,163,172,0,0
254,2026-07-23 09:46:29,7453.25,64,76,0,0
254,2026-07-23 09:46:29,7453.5,86,84,0,0
254,2026-07-23 09:46:29,7453.75,102,113,0,0
254,2026-07-23 09:46:29,7454,75,155,0,24
254,2026-07-23 09:46:29,7454.25,42,68,0,0
254,2026-07-23 09:46:29,7454.5,30,45,0,0
254,2026-07-23 09:46:29,7454.75,28,46,0,0
254,2026-07-23 09:46:29,7449.25,45,35,0,0
254,2026-07-23 09:46:29,7449,27,9,0,0
254,2026-07-23 09:46:29,7448.75,4,0,0,0
255,2026-07-23 09:48:28,7448.75,275,274,0,10
255,2026-07-23 09:48:28,7449,194,189,10,0
255,2026-07-23 09:48:28,7448.5,233,225,0,12
255,2026-07-23 09:48:28,7449.25,224,294,0,0
255,2026-07-23 09:48:28,7449.5,211,365,0,85
255,2026-07-23 09:48:28,7449.75,329,267,0,0
255,2026-07-23 09:48:28,7450,331,440,0,26
255,2026-07-23 09:48:28,7450.25,137,200,0,0
255,2026-07-23 09:48:28,7450.5,54,71,0,0
255,2026-07-23 09:48:28,7450.75,60,76,0,0
255,2026-07-23 09:48:28,7451,7,55,0,0
255,2026-07-23 09:48:28,7448.25,261,269,0,22
255,2026-07-23 09:48:28,7448,200,215,0,10
255,2026-07-23 09:48:28,7447.75,127,131,0,0
255,2026-07-23 09:48:28,7447.5,149,185,0,0
255,2026-07-23 09:48:28,7447.25,134,79,0,0
255,2026-07-23 09:48:28,7447,103,18,0,0
255,2026-07-23 09:48:28,7446.75,41,9,0,0
255,2026-07-23 09:48:28,7446.5,37,12,0,0
255,2026-07-23 09:48:28,7446.25,16,3,0,0
256,2026-07-23 09:50:26,7446.25,185,208,0,0
256,2026-07-23 09:50:26,7446,336,203,0,12
256,2026-07-23 09:50:26,7445.75,260,154,0,12
256,2026-07-23 09:50:26,7445.5,128,118,0,0
256,2026-07-23 09:50:26,7446.5,104,156,10,12
256,2026-07-23 09:50:26,7445.25,107,123,0,17
256,2026-07-23 09:50:26,7446.75,175,152,82,0
256,2026-07-23 09:50:26,7447,16,72,0,0
256,2026-07-23 09:50:26,7445,168,222,10,0
256,2026-07-23 09:50:26,7444.75,461,310,12,0
256,2026-07-23 09:50:26,7444.5,350,259,13,0
256,2026-07-23 09:50:26,7444.25,320,142,0,0
256,2026-07-23 09:50:26,7444,110,18,13,0
256,2026-07-23 09:50:26,7443.75,36,13,0,0
256,2026-07-23 09:50:26,7443.5,95,93,0,0
256,2026-07-23 09:50:26,7443.25,108,111,0,12
256,2026-07-23 09:50:26,7443,166,111,0,27
256,2026-07-23 09:50:26,7442.75,94,81,0,0
256,2026-07-23 09:50:26,7442.5,121,88,10,0
256,2026-07-23 09:50:26,7442.25,140,137,18,10
256,2026-07-23 09:50:26,7442,134,78,10,0
256,2026-07-23 09:50:26,7441.75,37,0,0,0
257,2026-07-23 09:51:42,7441.75,365,321,74,13
257,2026-07-23 09:51:42,7442,148,232,0,0
257,2026-07-23 09:51:42,7441.5,163,160,10,0
257,2026-07-23 09:51:42,7441.25,191,182,0,0
257,2026-07-23 09:51:42,7441,286,403,21,30
257,2026-07-23 09:51:42,7440.75,440,490,22,11
257,2026-07-23 09:51:42,7440.5,477,361,12,25
257,2026-07-23 09:51:42,7440.25,115,77,0,0
257,2026-07-23 09:51:42,7442.25,141,153,0,11
257,2026-07-23 09:51:42,7440,212,0,56,0
257,2026-07-23 09:51:42,7442.5,77,130,0,0
257,2026-07-23 09:51:42,7442.75,64,66,0,0
257,2026-07-23 09:51:42,7443,31,36,0,0
257,2026-07-23 09:51:42,7443.25,102,57,30,0
257,2026-07-23 09:51:42,7443.5,134,110,0,0
257,2026-07-23 09:51:42,7443.75,114,180,0,0
257,2026-07-23 09:51:42,7444,68,79,0,0
257,2026-07-23 09:51:42,7444.25,61,122,0,0
257,2026-07-23 09:51:42,7444.5,21,74,0,0
257,2026-07-23 09:51:42,7444.75,0,47,0,0
257,2026-07-23 09:51:42,7445,0,10,0,0
258,2026-07-23 09:52:55,7443.75,57,55,0,0
258,2026-07-23 09:52:55,7444,0,7,0,0
258,2026-07-23 09:52:55,7443.5,19,11,0,0
258,2026-07-23 09:52:55,7443.25,34,34,0,0
258,2026-07-23 09:52:55,7443,50,71,0,0
258,2026-07-23 09:52:55,7442.75,102,147,0,0
258,2026-07-23 09:52:55,7442.5,243,362,0,10
258,2026-07-23 09:52:55,7442.25,313,286,0,0
258,2026-07-23 09:52:55,7442,347,400,40,18
258,2026-07-23 09:52:55,7441.75,459,488,0,12
258,2026-07-23 09:52:55,7441.5,368,307,16,0
258,2026-07-23 09:52:55,7441.25,266,363,0,22
258,2026-07-23 09:52:55,7441,186,273,0,10
258,2026-07-23 09:52:55,7440.75,358,319,0,0
258,2026-07-23 09:52:55,7440.5,218,262,0,22
258,2026-07-23 09:52:55,7440.25,53,42,0,0
259,2026-07-23 09:55:01,7441.5,164,167,0,0
259,2026-07-23 09:55:01,7441.75,347,423,0,0
259,2026-07-23 09:55:01,7442,425,496,0,0
259,2026-07-23 09:55:01,7441.25,64,73,0,0
259,2026-07-23 09:55:01,7442.25,410,380,0,0
259,2026-07-23 09:55:01,7442.5,366,330,0,38
259,2026-07-23 09:55:01,7442.75,440,377,0,0
259,2026-07-23 09:55:01,7443,314,360,0,15
259,2026-07-23 09:55:01,7443.25,224,323,20,0
259,2026-07-23 09:55:01,7443.5,177,185,0,0
259,2026-07-23 09:55:01,7443.75,24,108,0,0
259,2026-07-23 09:55:01,7441,43,3,0,0
259,2026-07-23 09:55:01,7440.75,2,0,0,0
259,2026-07-23 09:55:01,7444,90,51,17,0
259,2026-07-23 09:55:01,7444.25,34,58,0,0
259,2026-07-23 09:55:01,7444.5,8,34,0,0
260,2026-07-23 09:56:52,7443,120,115,0,0
260,2026-07-23 09:56:52,7443.25,157,159,0,0
260,2026-07-23 09:56:52,7442.75,121,136,49,0
260,2026-07-23 09:56:52,7443.5,196,227,0,0
260,2026-07-23 09:56:52,7443.75,195,209,0,20
260,2026-07-23 09:56:52,7444,209,231,0,0
260,2026-07-23 09:56:52,7444.25,280,195,12,0
260,2026-07-23 09:56:52,7444.5,250,248,0,0
260,2026-07-23 09:56:52,7444.75,307,198,0,0
260,2026-07-23 09:56:52,7445,330,390,0,0
260,2026-07-23 09:56:52,7445.25,349,290,0,0
260,2026-07-23 09:56:52,7445.5,236,221,0,0
260,2026-07-23 09:56:52,7445.75,65,138,0,0
260,2026-07-23 09:56:52,7446,31,77,0,24
260,2026-07-23 09:56:52,7442.5,229,148,38,0
260,2026-07-23 09:56:52,7442.25,130,89,0,0
260,2026-07-23 09:56:52,7442,45,58,0,0
260,2026-07-23 09:56:52,7441.75,83,35,0,0
260,2026-07-23 09:56:52,7441.5,3,0,0,0
261,2026-07-23 09:59:04,7442.5,119,123,0,0
261,2026-07-23 09:59:04,7442.75,184,191,0,0
261,2026-07-23 09:59:04,7443,207,211,0,0
261,2026-07-23 09:59:04,7443.25,374,234,0,0
261,2026-07-23 09:59:04,7443.5,358,675,0,274
261,2026-07-23 09:59:04,7443.75,359,351,0,0
261,2026-07-23 09:59:04,7444,458,411,10,27
261,2026-07-23 09:59:04,7444.25,476,438,0,0
261,2026-07-23 09:59:04,7444.5,246,245,0,0
261,2026-07-23 09:59:04,7444.75,198,197,0,0
261,2026-07-23 09:59:04,7445,47,79,0,10
261,2026-07-23 09:59:04,7445.25,57,47,0,0
261,2026-07-23 09:59:04,7445.5,29,52,0,0
261,2026-07-23 09:59:04,7445.75,0,6,0,0
261,2026-07-23 09:59:04,7442.25,78,30,0,0
261,2026-07-23 09:59:04,7442,12,6,0,0
261,2026-07-23 09:59:04,7441.75,2,0,0,0
262,2026-07-23 10:00:46,7443.75,32,29,0,0
262,2026-07-23 10:00:46,7444,15,14,0,0
262,2026-07-23 10:00:46,7444.25,14,18,0,0
262,2026-07-23 10:00:46,7444.5,22,21,0,0
262,2026-07-23 10:00:46,7443.5,49,67,0,0
262,2026-07-23 10:00:46,7443.25,116,64,0,0
262,2026-07-23 10:00:46,7443,69,50,0,0
262,2026-07-23 10:00:46,7442.75,186,90,89,0
262,2026-07-23 10:00:46,7442.5,57,23,0,0
262,2026-07-23 10:00:46,7442.25,10,4,0,0
262,2026-07-23 10:00:46,7442,23,18,0,0
262,2026-07-23 10:00:46,7441.75,16,14,0,0
262,2026-07-23 10:00:46,7441.5,102,63,0,0
262,2026-07-23 10:00:46,7441.25,80,52,0,0
262,2026-07-23 10:00:46,7441,75,43,0,0
262,2026-07-23 10:00:46,7440.75,65,48,0,0
262,2026-07-23 10:00:46,7440.5,108,151,0,0
262,2026-07-23 10:00:46,7440.25,232,247,0,43
262,2026-07-23 10:00:46,7440,264,182,13,0
262,2026-07-23 10:00:46,7439.75,183,92,0,0
262,2026-07-23 10:00:46,7439.5,239,219,33,0
262,2026-07-23 10:00:46,7439.25,252,177,0,0
262,2026-07-23 10:00:46,7439,236,208,10,0
262,2026-07-23 10:00:46,7438.75,226,214,0,0
262,2026-07-23 10:00:46,7438.5,252,268,34,23
262,2026-07-23 10:00:46,7438.25,253,272,0,0
262,2026-07-23 10:00:46,7438,247,221,0,0
262,2026-07-23 10:00:46,7437.75,134,68,0,10
262,2026-07-23 10:00:46,7437.5,6,0,0,0
263,2026-07-23 10:02:25,7438.5,308,189,47,0
263,2026-07-23 10:02:25,7438.75,205,336,0,0
263,2026-07-23 10:02:25,7439,288,298,16,16
263,2026-07-23 10:02:25,7438.25,156,210,0,0
263,2026-07-23 10:02:25,7439.25,172,262,0,0
263,2026-07-23 10:02:25,7439.5,53,158,0,0
263,2026-07-23 10:02:25,7438,252,345,11,0
263,2026-07-23 10:02:25,7437.75,288,278,0,0
263,2026-07-23 10:02:25,7437.5,182,217,0,0
263,2026-07-23 10:02:25,7437.25,191,238,0,0
263,2026-07-23 10:02:25,7437,331,219,0,14
263,2026-07-23 10:02:25,7436.75,177,86,0,0
263,2026-07-23 10:02:25,7436.5,82,240,0,0
263,2026-07-23 10:02:25,7439.75,39,20,0,0
263,2026-07-23 10:02:25,7440,26,57,0,0
263,2026-07-23 10:02:25,7440.25,0,4,0,0
263,2026-07-23 10:02:25,7436.25,212,196,0,0
263,2026-07-23 10:02:25,7436,102,35,0,0
263,2026-07-23 10:02:25,7435.75,48,0,0,0
264,2026-07-23 10:04:19,7436,332,213,0,0
264,2026-07-23 10:04:19,7436.25,297,387,0,0
264,2026-07-23 10:04:19,7436.5,146,286,0,0
264,2026-07-23 10:04:19,7435.75,244,212,0,0
264,2026-07-23 10:04:19,7435.5,210,158,0,0
264,2026-07-23 10:04:19,7435.25,249,245,10,0
264,2026-07-23 10:04:19,7435,475,262,103,0
264,2026-07-23 10:04:19,7436.75,152,157,0,0
264,2026-07-23 10:04:19,7437,44,77,0,0
264,2026-07-23 10:04:19,7437.25,10,10,0,0
264,2026-07-23 10:04:19,7434.75,274,119,0,0
264,2026-07-23 10:04:19,7434.5,186,183,0,0
264,2026-07-23 10:04:19,7434.25,130,95,0,0
264,2026-07-23 10:04:19,7434,175,87,0,0
264,2026-07-23 10:04:19,7433.75,48,9,0,0
264,2026-07-23 10:04:19,7433.5,54,51,0,0
264,2026-07-23 10:04:19,7433.25,107,59,0,0
264,2026-07-23 10:04:19,7433,66,82,0,0
264,2026-07-23 10:04:19,7432.75,66,69,0,0
264,2026-07-23 10:04:19,7432.5,175,130,0,0
264,2026-07-23 10:04:19,7432.25,100,49,0,0
264,2026-07-23 10:04:19,7432,19,0,0,0
265,2026-07-23 10:06:05,7432.25,491,296,40,0
265,2026-07-23 10:06:05,7432.5,222,311,0,56
265,2026-07-23 10:06:05,7432.75,33,73,0,0
265,2026-07-23 10:06:05,7432,611,240,431,20
265,2026-07-23 10:06:05,7431.75,164,232,0,10
265,2026-07-23 10:06:05,7433,0,3,0,0
265,2026-07-23 10:06:05,7431.5,205,167,12,0
265,2026-07-23 10:06:05,7431.25,145,180,0,0
265,2026-07-23 10:06:05,7431,115,189,0,20
265,2026-07-23 10:06:05,7430.75,195,237,16,13
265,2026-07-23 10:06:05,7430.5,258,206,10,0
265,2026-07-23 10:06:05,7430.25,389,264,99,29
265,2026-07-23 10:06:05,7430,447,272,44,20
265,2026-07-23 10:06:05,7429.75,204,145,0,0
265,2026-07-23 10:06:05,7429.5,133,67,0,0
265,2026-07-23 10:06:05,7429.25,7,0,0,0
266,2026-07-23 10:07:04,7431,32,60,0,0
266,2026-07-23 10:07:04,7430.75,118,142,0,13
266,2026-07-23 10:07:04,7431.25,44,57,0,0
266,2026-07-23 10:07:04,7431.5,21,53,0,25
266,2026-07-23 10:07:04,7431.75,34,51,0,0
266,2026-07-23 10:07:04,7430.5,156,19,38,0
266,2026-07-23 10:07:04,7430.25,21,16,0,0
266,2026-07-23 10:07:04,7432,9,43,0,10
266,2026-07-23 10:07:04,7432.25,75,51,0,0
266,2026-07-23 10:07:04,7432.5,273,193,0,0
266,2026-07-23 10:07:04,7432.75,195,215,0,0
266,2026-07-23 10:07:04,7433,492,339,34,0
266,2026-07-23 10:07:04,7433.25,479,515,22,0
266,2026-07-23 10:07:04,7433.5,519,551,0,10
266,2026-07-23 10:07:04,7433.75,250,403,0,0
266,2026-07-23 10:07:04,7434,143,243,0,0
266,2026-07-23 10:07:04,7434.25,97,98,0,0
266,2026-07-23 10:07:04,7434.5,129,90,0,0
266,2026-07-23 10:07:04,7434.75,65,71,0,0
266,2026-07-23 10:07:04,7435,41,87,0,20
266,2026-07-23 10:07:04,7435.25,0,10,0,0
267,2026-07-23 10:08:43,7433.75,290,272,10,0
267,2026-07-23 10:08:43,7433.5,380,348,0,0
267,2026-07-23 10:08:43,7434,310,225,17,0
267,2026-07-23 10:08:43,7433.25,370,307,0,0
267,2026-07-23 10:08:43,7433,312,279,0,0
267,2026-07-23 10:08:43,7432.75,191,126,10,0
267,2026-07-23 10:08:43,7432.5,139,97,0,0
267,2026-07-23 10:08:43,7434.25,123,152,0,0
267,2026-07-23 10:08:43,7434.5,117,103,0,0
267,2026-07-23 10:08:43,7434.75,90,118,0,0
267,2026-07-23 10:08:43,7435,73,45,0,0
267,2026-07-23 10:08:43,7435.25,36,54,0,0
267,2026-07-23 10:08:43,7435.5,0,10,0,0
267,2026-07-23 10:08:43,7432.25,45,31,0,0
267,2026-07-23 10:08:43,7432,49,86,0,39
267,2026-07-23 10:08:43,7431.75,150,183,0,0
267,2026-07-23 10:08:43,7431.5,171,225,0,0
267,2026-07-23 10:08:43,7431.25,137,99,0,0
267,2026-07-23 10:08:43,7431,47,39,0,0
267,2026-07-23 10:08:43,7430.75,43,51,0,0
267,2026-07-23 10:08:43,7430.5,76,100,0,0
267,2026-07-23 10:08:43,7430.25,99,66,0,0
267,2026-07-23 10:08:43,7430,53,56,0,0
267,2026-07-23 10:08:43,7429.75,62,56,0,0
267,2026-07-23 10:08:43,7429.5,6,0,0,0
268,2026-07-23 10:10:13,7432,268,246,35,0
268,2026-07-23 10:10:13,7432.25,256,195,0,0
268,2026-07-23 10:10:13,7431.75,289,232,44,0
268,2026-07-23 10:10:13,7431.5,297,270,10,15
268,2026-07-23 10:10:13,7432.5,219,317,0,12
268,2026-07-23 10:10:13,7431.25,293,227,0,0
268,2026-07-23 10:10:13,7432.75,156,223,0,20
268,2026-07-23 10:10:13,7433,166,193,0,0
268,2026-07-23 10:10:13,7433.25,66,155,0,0
268,2026-07-23 10:10:13,7433.5,45,71,0,0
268,2026-07-23 10:10:13,7433.75,76,87,0,0
268,2026-07-23 10:10:13,7434,27,77,0,0
268,2026-07-23 10:10:13,7434.25,2,15,0,0
268,2026-07-23 10:10:13,7434.5,0,7,0,0
268,2026-07-23 10:10:13,7431,204,80,0,0
268,2026-07-23 10:10:13,7430.75,79,176,0,31
268,2026-07-23 10:10:13,7430.5,61,40,10,0
268,2026-07-23 10:10:13,7430.25,131,113,0,17
268,2026-07-23 10:10:13,7430,150,118,0,0
268,2026-07-23 10:10:13,7429.75,178,218,10,0
268,2026-07-23 10:10:13,7429.5,170,63,0,0
268,2026-07-23 10:10:13,7429.25,52,181,0,58
268,2026-07-23 10:10:13,7429,13,0,0,0
269,2026-07-23 10:11:49,7429.5,65,70,0,0
269,2026-07-23 10:11:49,7429.75,43,42,0,0
269,2026-07-23 10:11:49,7430,39,28,0,0
269,2026-07-23 10:11:49,7430.25,0,2,0,0
269,2026-07-23 10:11:49,7429.25,85,42,0,0
269,2026-07-23 10:11:49,7429,45,48,10,16
269,2026-07-23 10:11:49,7428.75,164,162,28,16
269,2026-07-23 10:11:49,7428.5,292,362,0,40
269,2026-07-23 10:11:49,7428.25,321,219,0,12
269,2026-07-23 10:11:49,7428,212,122,81,0
269,2026-07-23 10:11:49,7427.75,234,208,11,0
269,2026-07-23 10:11:49,7427.5,133,119,0,10
269,2026-07-23 10:11:49,7427.25,64,35,0,0
269,2026-07-23 10:11:49,7427,89,106,10,0
269,2026-07-23 10:11:49,7426.75,178,129,0,10
269,2026-07-23 10:11:49,7426.5,87,96,0,0
269,2026-07-23 10:11:49,7426.25,228,213,0,11
269,2026-07-23 10:11:49,7426,222,253,0,14
269,2026-07-23 10:11:49,7425.75,326,339,0,15
269,2026-07-23 10:11:49,7425.5,454,278,72,0
269,2026-07-23 10:11:49,7425.25,186,112,0,34
269,2026-07-23 10:11:49,7425,49,0,0,0
270,2026-07-23 10:13:03,7426,174,123,0,0
270,2026-07-23 10:13:03,7426.25,114,170,0,0
270,2026-07-23 10:13:03,7426.5,88,105,0,0
270,2026-07-23 10:13:03,7426.75,160,130,27,0
270,2026-07-23 10:13:03,7427,146,123,0,0
270,2026-07-23 10:13:03,7427.25,350,292,35,0
270,2026-07-23 10:13:03,7427.5,251,285,0,0
270,2026-07-23 10:13:03,7427.75,355,253,10,11
270,2026-07-23 10:13:03,7428,418,410,0,10
270,2026-07-23 10:13:03,7428.25,261,301,0,0
270,2026-07-23 10:13:03,7428.5,63,69,0,0
270,2026-07-23 10:13:03,7428.75,24,59,0,0
270,2026-07-23 10:13:03,7425.75,89,78,0,0
270,2026-07-23 10:13:03,7425.5,72,51,0,0
270,2026-07-23 10:13:03,7425.25,98,180,0,12
270,2026-07-23 10:13:03,7425,341,349,119,10
270,2026-07-23 10:13:03,7424.75,246,124,0,0
270,2026-07-23 10:13:03,7424.5,95,49,0,0
270,2026-07-23 10:13:03,7424.25,1,0,0,0
271,2026-07-23 10:14:41,7425.25,65,99,0,0
271,2026-07-23 10:14:41,7425,50,27,0,0
271,2026-07-23 10:14:41,7425.5,62,144,13,0
271,2026-07-23 10:14:41,7425.75,35,76,0,0
271,2026-07-23 10:14:41,7426,44,75,0,20
271,2026-07-23 10:14:41,7426.25,161,201,11,0
271,2026-07-23 10:14:41,7426.5,245,240,31,0
271,2026-07-23 10:14:41,7426.75,277,335,0,0
271,2026-07-23 10:14:41,7427,222,336,11,0
271,2026-07-23 10:14:41,7427.25,188,185,0,0
271,2026-07-23 10:14:41,7427.5,108,244,0,12
271,2026-07-23 10:14:41,7427.75,90,108,10,0
271,2026-07-23 10:14:41,7428,66,100,0,0
271,2026-07-23 10:14:41,7428.25,59,75,0,0
271,2026-07-23 10:14:41,7428.5,100,98,0,0
271,2026-07-23 10:14:41,7428.75,18,45,0,0
271,2026-07-23 10:14:41,7429,57,70,0,0
271,2026-07-23 10:14:41,7429.25,85,159,0,0
271,2026-07-23 10:14:41,7429.5,120,195,0,20
271,2026-07-23 10:14:41,7429.75,136,302,0,15
271,2026-07-23 10:14:41,7430,91,217,0,0
271,2026-07-23 10:14:41,7430.25,89,147,0,0
271,2026-07-23 10:14:41,7430.5,190,186,0,0
271,2026-07-23 10:14:41,7430.75,81,129,0,0
271,2026-07-23 10:14:41,7431,0,71,0,0
272,2026-07-23 10:15:43,7430.25,45,73,0,0
272,2026-07-23 10:15:43,7430,139,124,15,0
272,2026-07-23 10:15:43,7430.5,0,7,0,0
272,2026-07-23 10:15:43,7429.75,73,27,0,0
272,2026-07-23 10:15:43,7429.5,160,146,0,0
272,2026-07-23 10:15:43,7429.25,213,192,0,0
272,2026-07-23 10:15:43,7429,345,359,32,0
272,2026-07-23 10:15:43,7428.75,393,341,0,0
272,2026-07-23 10:15:43,7428.5,307,266,25,0
272,2026-07-23 10:15:43,7428.25,169,237,0,0
272,2026-07-23 10:15:43,7428,358,317,0,0
272,2026-07-23 10:15:43,7427.75,228,160,0,0
272,2026-07-23 10:15:43,7427.5,149,185,10,0
272,2026-07-23 10:15:43,7427.25,370,301,0,0
272,2026-07-23 10:15:43,7427,242,225,0,0
272,2026-07-23 10:15:43,7426.75,168,78,0,0
272,2026-07-23 10:15:43,7426.5,39,42,0,0
272,2026-07-23 10:15:43,7426.25,22,0,0,0
273,2026-07-23 10:17:06,7429.5,113,37,0,0
273,2026-07-23 10:17:06,7429.75,140,122,0,0
273,2026-07-23 10:17:06,7429.25,71,92,0,0
273,2026-07-23 10:17:06,7429,45,41,0,0
273,2026-07-23 10:17:06,7428.75,17,9,0,0
273,2026-07-23 10:17:06,7428.5,29,21,0,0
273,2026-07-23 10:17:06,7430,177,135,0,0
273,2026-07-23 10:17:06,7430.25,342,257,0,23
273,2026-07-23 10:17:06,7430.5,421,247,0,0
273,2026-07-23 10:17:06,7430.75,465,410,10,0
273,2026-07-23 10:17:06,7431,563,632,0,16
273,2026-07-23 10:17:06,7431.25,457,492,0,0
273,2026-07-23 10:17:06,7431.5,222,182,0,0
273,2026-07-23 10:17:06,7431.75,146,165,0,0
273,2026-07-23 10:17:06,7432,224,187,13,10
273,2026-07-23 10:17:06,7432.25,0,39,0,0
274,2026-07-23 10:18:55,7429.75,97,71,0,0
274,2026-07-23 10:18:55,7430,217,150,0,13
274,2026-07-23 10:18:55,7430.25,245,165,0,0
274,2026-07-23 10:18:55,7430.5,219,194,0,0
274,2026-07-23 10:18:55,7430.75,81,86,0,10
274,2026-07-23 10:18:55,7429.5,27,5,0,0
274,2026-07-23 10:18:55,7431,90,89,0,0
274,2026-07-23 10:18:55,7431.25,19,76,0,0
274,2026-07-23 10:18:55,7431.5,55,59,0,0
274,2026-07-23 10:18:55,7431.75,50,74,0,0
274,2026-07-23 10:18:55,7432,141,135,0,0
274,2026-07-23 10:18:55,7432.25,153,231,0,75
274,2026-07-23 10:18:55,7432.5,130,183,0,0
274,2026-07-23 10:18:55,7432.75,207,165,0,0
274,2026-07-23 10:18:55,7433,118,180,0,0
274,2026-07-23 10:18:55,7433.25,98,120,0,10
274,2026-07-23 10:18:55,7433.5,72,120,0,10
274,2026-07-23 10:18:55,7433.75,10,24,0,0
274,2026-07-23 10:18:55,7434,54,72,0,0
274,2026-07-23 10:18:55,7434.25,90,21,0,0
274,2026-07-23 10:18:55,7434.5,89,86,0,0
274,2026-07-23 10:18:55,7434.75,108,180,0,0
274,2026-07-23 10:18:55,7435,47,141,0,0
274,2026-07-23 10:18:55,7435.25,120,144,0,0
274,2026-07-23 10:18:55,7435.5,42,83,0,20
274,2026-07-23 10:18:55,7435.75,167,110,0,0
274,2026-07-23 10:18:55,7436,241,397,0,47
274,2026-07-23 10:18:55,7436.25,35,117,0,10
275,2026-07-23 10:20:34,7436,214,48,34,0
275,2026-07-23 10:20:34,7436.25,105,113,0,0
275,2026-07-23 10:20:34,7436.5,81,137,0,0
275,2026-07-23 10:20:34,7436.75,49,46,0,0
275,2026-07-23 10:20:34,7437,0,12,0,0
275,2026-07-23 10:20:34,7435.75,56,71,0,0
275,2026-07-23 10:20:34,7435.5,188,150,0,0
275,2026-07-23 10:20:34,7435.25,245,128,0,0
275,2026-07-23 10:20:34,7435,149,79,0,0
275,2026-07-23 10:20:34,7434.75,86,77,0,0
275,2026-07-23 10:20:34,7434.5,188,691,0,550
275,2026-07-23 10:20:34,7434.25,128,273,0,50
275,2026-07-23 10:20:34,7434,122,151,0,0
275,2026-07-23 10:20:34,7433.75,226,97,0,0
275,2026-07-23 10:20:34,7433.5,145,91,0,0
275,2026-07-23 10:20:34,7433.25,24,9,0,0
275,2026-07-23 10:20:34,7433,77,47,0,0
275,2026-07-23 10:20:34,7432.75,63,31,0,0
275,2026-07-23 10:20:34,7432.5,13,21,0,0
275,2026-07-23 10:20:34,7432.25,52,33,0,0
275,2026-07-23 10:20:34,7432,34,12,0,0
275,2026-07-23 10:20:34,7431.75,57,53,0,0
275,2026-07-23 10:20:34,7431.5,99,77,0,0
275,2026-07-23 10:20:34,7431.25,57,38,0,0
275,2026-07-23 10:20:34,7431,79,44,0,0
275,2026-07-23 10:20:34,7430.75,124,68,0,0
275,2026-07-23 10:20:34,7430.5,40,37,0,0
275,2026-07-23 10:20:34,7430.25,57,55,0,16
275,2026-07-23 10:20:34,7430,82,42,0,0
275,2026-07-23 10:20:34,7429.75,74,66,0,0
275,2026-07-23 10:20:34,7429.5,199,142,10,11
275,2026-07-23 10:20:34,7429.25,69,53,0,0
275,2026-07-23 10:20:34,7429,180,111,0,0
275,2026-07-23 10:20:34,7428.75,30,5,0,0
276,2026-07-23 10:22:11,7429.25,104,42,0,0
276,2026-07-23 10:22:11,7429,133,198,0,107
276,2026-07-23 10:22:11,7429.5,95,103,0,0
276,2026-07-23 10:22:11,7429.75,133,43,0,0
276,2026-07-23 10:22:11,7430,161,100,0,0
276,2026-07-23 10:22:11,7430.25,176,152,0,0
276,2026-07-23 10:22:11,7430.5,107,53,0,0
276,2026-07-23 10:22:11,7430.75,99,104,0,16
276,2026-07-23 10:22:11,7431,125,55,0,0
276,2026-07-23 10:22:11,7431.25,142,120,0,0
276,2026-07-23 10:22:11,7431.5,70,74,0,0
276,2026-07-23 10:22:11,7431.75,35,33,0,0
276,2026-07-23 10:22:11,7428.75,179,257,0,0
276,2026-07-23 10:22:11,7428.5,258,224,0,0
276,2026-07-23 10:22:11,7428.25,139,72,0,0
276,2026-07-23 10:22:11,7428,103,7,0,0
276,2026-07-23 10:22:11,7427.75,39,0,13,0
276,2026-07-23 10:22:11,7427.5,24,1,0,0
276,2026-07-23 10:22:11,7427.25,40,2,0,0
276,2026-07-23 10:22:11,7427,56,57,0,0
276,2026-07-23 10:22:11,7426.75,122,187,0,0
276,2026-07-23 10:22:11,7426.5,146,103,0,0
276,2026-07-23 10:22:11,7426.25,64,25,0,0
276,2026-07-23 10:22:11,7426,88,71,0,24
276,2026-07-23 10:22:11,7425.75,18,0,0,0
276,2026-07-23 10:22:11,7425.5,35,32,0,0
276,2026-07-23 10:22:11,7425.25,54,7,0,0
276,2026-07-23 10:22:11,7425,63,35,0,0
276,2026-07-23 10:22:11,7424.75,42,12,0,0
276,2026-07-23 10:22:11,7424.5,60,41,0,0
276,2026-07-23 10:22:11,7424.25,112,57,20,0
276,2026-07-23 10:22:11,7424,151,91,0,0
276,2026-07-23 10:22:11,7423.75,142,142,0,0
276,2026-07-23 10:22:11,7423.5,131,110,0,0
276,2026-07-23 10:22:11,7423.25,125,64,0,0
276,2026-07-23 10:22:11,7423,118,55,0,0
276,2026-07-23 10:22:11,7422.75,38,3,0,0
276,2026-07-23 10:22:11,7422.5,40,0,0,0
276,2026-07-23 10:22:11,7422.25,1,0,0,0
277,2026-07-23 10:22:50,7422.25,147,116,0,0
277,2026-07-23 10:22:50,7422.5,49,52,0,0
277,2026-07-23 10:22:50,7422,186,198,15,0
277,2026-07-23 10:22:50,7421.75,148,114,0,0
277,2026-07-23 10:22:50,7421.5,41,17,0,0
277,2026-07-23 10:22:50,7421.25,50,94,0,0
277,2026-07-23 10:22:50,7421,184,126,0,0
277,2026-07-23 10:22:50,7420.75,109,141,0,0
277,2026-07-23 10:22:50,7420.5,165,201,0,13
277,2026-07-23 10:22:50,7420.25,102,90,0,0
277,2026-07-23 10:22:50,7420,103,33,0,0
277,2026-07-23 10:22:50,7422.75,22,30,0,0
277,2026-07-23 10:22:50,7423,15,24,0,10
277,2026-07-23 10:22:50,7423.25,63,49,0,0
277,2026-07-23 10:22:50,7423.5,4,40,0,0
277,2026-07-23 10:22:50,7423.75,33,25,0,0
277,2026-07-23 10:22:50,7424,74,63,0,0
277,2026-07-23 10:22:50,7424.25,69,88,0,0
277,2026-07-23 10:22:50,7424.5,48,39,0,0
277,2026-07-23 10:22:50,7424.75,86,70,0,0
277,2026-07-23 10:22:50,7425,435,178,45,0
277,2026-07-23 10:22:50,7425.25,78,139,0,0
277,2026-07-23 10:22:50,7425.5,171,156,0,0
277,2026-07-23 10:22:50,7425.75,97,115,0,0
277,2026-07-23 10:22:50,7426,174,188,0,0
277,2026-07-23 10:22:50,7426.25,108,177,0,0
277,2026-07-23 10:22:50,7426.5,175,174,25,10
277,2026-07-23 10:22:50,7426.75,148,180,0,0
277,2026-07-23 10:22:50,7427,120,151,0,0
277,2026-07-23 10:22:50,7427.25,72,127,0,0
277,2026-07-23 10:22:50,7427.5,8,21,0,0
278,2026-07-23 10:23:34,7424.75,207,117,0,0
278,2026-07-23 10:23:34,7425,432,243,0,10
278,2026-07-23 10:23:34,7425.25,408,302,10,0
278,2026-07-23 10:23:34,7425.5,695,312,500,0
278,2026-07-23 10:23:34,7425.75,396,166,70,0
278,2026-07-23 10:23:34,7426,428,327,14,0
278,2026-07-23 10:23:34,7426.25,295,434,0,0
278,2026-07-23 10:23:34,7426.5,253,303,12,0
278,2026-07-23 10:23:34,7426.75,159,186,0,40
278,2026-07-23 10:23:34,7427,124,200,0,26
278,2026-07-23 10:23:34,7424.5,26,2,0,0
278,2026-07-23 10:23:34,7427.25,68,98,0,0
278,2026-07-23 10:23:34,7427.5,84,74,0,0
278,2026-07-23 10:23:34,7427.75,36,77,0,0
278,2026-07-23 10:23:34,7428,10,38,0,0
279,2026-07-23 10:25:02,7425.5,24,13,0,0
279,2026-07-23 10:25:02,7425.25,34,26,0,0
279,2026-07-23 10:25:02,7425,66,64,0,10
279,2026-07-23 10:25:02,7424.75,91,168,0,11
279,2026-07-23 10:25:02,7424.5,176,183,15,0
279,2026-07-23 10:25:02,7424.25,189,129,0,10
279,2026-07-23 10:25:02,7424,99,35,0,0
279,2026-07-23 10:25:02,7423.75,64,90,0,0
279,2026-07-23 10:25:02,7423.5,89,88,0,0
279,2026-07-23 10:25:02,7423.25,214,156,0,0
279,2026-07-23 10:25:02,7423,260,278,0,15
279,2026-07-23 10:25:02,7422.75,233,213,0,0
279,2026-07-23 10:25:02,7422.5,358,361,0,0
279,2026-07-23 10:25:02,7422.25,239,229,0,0
279,2026-07-23 10:25:02,7422,107,132,0,0
279,2026-07-23 10:25:02,7421.75,60,51,0,0
279,2026-07-23 10:25:02,7421.5,50,53,0,0
279,2026-07-23 10:25:02,7421.25,118,171,0,0
279,2026-07-23 10:25:02,7421,350,364,0,14
279,2026-07-23 10:25:02,7420.75,389,233,0,21
279,2026-07-23 10:25:02,7420.5,127,100,0,10
279,2026-07-23 10:25:02,7420.25,21,5,0,0
280,2026-07-23 10:26:47,7422,248,185,0,0
280,2026-07-23 10:26:47,7422.25,116,191,0,0
280,2026-07-23 10:26:47,7422.5,74,134,0,0
280,2026-07-23 10:26:47,7422.75,63,75,0,0
280,2026-07-23 10:26:47,7421.75,234,273,0,0
280,2026-07-23 10:26:47,7421.5,349,531,0,39
280,2026-07-23 10:26:47,7421.25,430,395,18,0
280,2026-07-23 10:26:47,7421,445,529,0,0
280,2026-07-23 10:26:47,7420.75,274,193,0,0
280,2026-07-23 10:26:47,7420.5,198,207,0,0
280,2026-07-23 10:26:47,7420.25,217,149,0,0
280,2026-07-23 10:26:47,7420,136,85,26,0
280,2026-07-23 10:26:47,7423,37,106,0,0
280,2026-07-23 10:26:47,7423.25,40,41,0,0
280,2026-07-23 10:26:47,7423.5,11,15,0,0
280,2026-07-23 10:26:47,7423.75,0,3,0,0
280,2026-07-23 10:26:47,7419.75,168,95,0,0
280,2026-07-23 10:26:47,7419.5,38,19,0,0
280,2026-07-23 10:26:47,7419.25,36,40,0,0
280,2026-07-23 10:26:47,7419,55,39,0,0
280,2026-07-23 10:26:47,7418.75,26,0,0,0
281,2026-07-23 10:28:48,7419,397,497,0,0
281,2026-07-23 10:28:48,7418.75,696,833,0,22
281,2026-07-23 10:28:48,7418.5,878,622,10,14
281,2026-07-23 10:28:48,7418.25,341,248,0,0
281,2026-07-23 10:28:48,7418,30,0,0,0
281,2026-07-23 10:28:48,7419.25,217,336,11,0
281,2026-07-23 10:28:48,7419.5,209,237,0,23
281,2026-07-23 10:28:48,7419.75,206,229,0,0
281,2026-07-23 10:28:48,7420,110,212,0,0
281,2026-07-23 10:28:48,7420.25,72,114,0,0
281,2026-07-23 10:28:48,7420.5,0,16,0,0
282,2026-07-23 10:30:07,7419.5,14,6,0,0
282,2026-07-23 10:30:07,7419.75,11,42,0,0
282,2026-07-23 10:30:07,7420,0,2,0,0
282,2026-07-23 10:30:07,7419.25,14,13,0,0
282,2026-07-23 10:30:07,7419,13,0,0,0
282,2026-07-23 10:30:07,7418.75,27,48,0,0
282,2026-07-23 10:30:07,7418.5,221,320,0,207
282,2026-07-23 10:30:07,7418.25,203,235,0,0
282,2026-07-23 10:30:07,7418,492,61,183,0
282,2026-07-23 10:30:07,7417.75,147,62,0,0
282,2026-07-23 10:30:07,7417.5,83,56,0,0
282,2026-07-23 10:30:07,7417.25,123,85,10,0
282,2026-07-23 10:30:07,7417,115,88,0,0
282,2026-07-23 10:30:07,7416.75,189,192,11,15
282,2026-07-23 10:30:07,7416.5,232,121,0,0
282,2026-07-23 10:30:07,7416.25,152,56,0,0
282,2026-07-23 10:30:07,7416,58,20,0,0
282,2026-07-23 10:30:07,7415.75,91,95,0,12
282,2026-07-23 10:30:07,7415.5,157,200,0,0
282,2026-07-23 10:30:07,7415.25,501,269,108,34
282,2026-07-23 10:30:07,7415,714,169,467,0
282,2026-07-23 10:30:07,7414.75,222,184,0,0
282,2026-07-23 10:30:07,7414.5,174,123,0,33
282,2026-07-23 10:30:07,7414.25,25,2,0,0
282,2026-07-23 10:30:07,7414,45,24,0,0
282,2026-07-23 10:30:07,7413.75,4,0,0,0
283,2026-07-23 10:31:01,7414,19,79,0,0
283,2026-07-23 10:31:01,7414.25,103,79,0,12
283,2026-07-23 10:31:01,7414.5,63,117,0,49
283,2026-07-23 10:31:01,7413.75,19,64,0,28
283,2026-07-23 10:31:01,7413.5,84,102,0,0
283,2026-07-23 10:31:01,7413.25,173,157,0,0
283,2026-07-23 10:31:01,7413,122,295,0,0
283,2026-07-23 10:31:01,7412.75,280,240,0,50
283,2026-07-23 10:31:01,7412.5,269,280,0,0
283,2026-07-23 10:31:01,7412.25,250,114,0,12
283,2026-07-23 10:31:01,7412,113,29,13,0
283,2026-07-23 10:31:01,7411.75,2,0,0,0
283,2026-07-23 10:31:01,7414.75,48,74,0,0
283,2026-07-23 10:31:01,7415,5,41,0,0
283,2026-07-23 10:31:01,7415.25,4,27,0,0
283,2026-07-23 10:31:01,7415.5,15,19,0,0
283,2026-07-23 10:31:01,7415.75,6,18,0,0
283,2026-07-23 10:31:01,7416,58,84,29,0
283,2026-07-23 10:31:01,7416.25,56,61,0,0
283,2026-07-23 10:31:01,7416.5,108,102,0,0
283,2026-07-23 10:31:01,7416.75,105,119,0,0
283,2026-07-23 10:31:01,7417,113,149,0,10
283,2026-07-23 10:31:01,7417.25,133,156,0,0
283,2026-07-23 10:31:01,7417.5,98,176,0,10
283,2026-07-23 10:31:01,7417.75,61,86,0,0
283,2026-07-23 10:31:01,7418,99,115,0,0
283,2026-07-23 10:31:01,7418.25,183,195,0,0
283,2026-07-23 10:31:01,7418.5,192,207,11,0
283,2026-07-23 10:31:01,7418.75,115,144,15,0
283,2026-07-23 10:31:01,7419,36,92,0,0
283,2026-07-23 10:31:01,7419.25,16,19,0,0
283,2026-07-23 10:31:01,7419.5,32,33,0,0
283,2026-07-23 10:31:01,7419.75,1,25,0,0
283,2026-07-23 10:31:01,7420,0,21,0,0
284,2026-07-23 10:32:17,7420,275,430,0,70
284,2026-07-23 10:32:17,7419.75,379,420,21,0
284,2026-07-23 10:32:17,7419.5,445,173,96,0
284,2026-07-23 10:32:17,7420.25,141,196,0,0
284,2026-07-23 10:32:17,7419.25,125,165,11,0
284,2026-07-23 10:32:17,7419,186,283,0,0
284,2026-07-23 10:32:17,7418.75,264,191,10,13
284,2026-07-23 10:32:17,7418.5,127,95,0,0
284,2026-07-23 10:32:17,7418.25,24,48,0,0
284,2026-07-23 10:32:17,7420.5,152,108,10,0
284,2026-07-23 10:32:17,7420.75,153,156,0,0
284,2026-07-23 10:32:17,7421,141,155,51,0
284,2026-07-23 10:32:17,7421.25,78,57,0,0
284,2026-07-23 10:32:17,7421.5,137,136,16,0
284,2026-07-23 10:32:17,7421.75,150,181,0,0
284,2026-07-23 10:32:17,7422,85,86,0,0
284,2026-07-23 10:32:17,7422.25,74,73,0,0
284,2026-07-23 10:32:17,7422.5,53,49,0,11
284,2026-07-23 10:32:17,7422.75,81,109,0,0
284,2026-07-23 10:32:17,7423,84,116,0,0
284,2026-07-23 10:32:17,7423.25,33,72,0,0
284,2026-07-23 10:32:17,7423.5,0,14,0,0
285,2026-07-23 10:34:01,7421.75,67,82,0,0
285,2026-07-23 10:34:01,7421.5,141,145,0,0
285,2026-07-23 10:34:01,7421.25,73,94,0,0
285,2026-07-23 10:34:01,7421,120,113,0,0
285,2026-07-23 10:34:01,7420.75,61,65,0,0
285,2026-07-23 10:34:01,7420.5,15,5,0,0
285,2026-07-23 10:34:01,7422,138,198,22,39
285,2026-07-23 10:34:01,7422.25,82,191,0,72
285,2026-07-23 10:34:01,7422.5,202,164,0,0
285,2026-07-23 10:34:01,7422.75,141,169,0,0
285,2026-07-23 10:34:01,7423,121,159,0,0
285,2026-07-23 10:34:01,7423.25,133,158,0,0
285,2026-07-23 10:34:01,7423.5,224,139,0,0
285,2026-07-23 10:34:01,7423.75,99,183,0,0
285,2026-07-23 10:34:01,7424,73,198,0,85
285,2026-07-23 10:34:01,7424.25,53,52,0,10
285,2026-07-23 10:34:01,7424.5,148,125,0,0
285,2026-07-23 10:34:01,7424.75,98,163,0,0
285,2026-07-23 10:34:01,7425,131,160,0,21
285,2026-07-23 10:34:01,7425.25,97,78,0,0
285,2026-07-23 10:34:01,7425.5,161,117,0,0
285,2026-07-23 10:34:01,7425.75,39,133,0,33
285,2026-07-23 10:34:01,7426,55,73,0,0
285,2026-07-23 10:34:01,7426.25,224,184,0,0
285,2026-07-23 10:34:01,7426.5,252,275,11,0
285,2026-07-23 10:34:01,7426.75,36,91,0,0
285,2026-07-23 10:34:01,7427,0,2,0,0
286,2026-07-23 10:35:41,7426.5,557,315,182,0
286,2026-07-23 10:35:41,7426.75,256,233,49,0
286,2026-07-23 10:35:41,7427,176,259,0,0
286,2026-07-23 10:35:41,7427.25,65,113,0,0
286,2026-07-23 10:35:41,7426.25,200,241,0,0
286,2026-07-23 10:35:41,7427.5,140,91,10,0
286,2026-07-23 10:35:41,7427.75,103,130,0,0
286,2026-07-23 10:35:41,7428,38,145,0,15
286,2026-07-23 10:35:41,7426,249,207,10,0
286,2026-07-23 10:35:41,7425.75,273,291,0,0
286,2026-07-23 10:35:41,7425.5,276,200,10,0
286,2026-07-23 10:35:41,7425.25,210,189,0,0
286,2026-07-23 10:35:41,7425,233,187,0,0
286,2026-07-23 10:35:41,7424.75,162,119,0,0
286,2026-07-23 10:35:41,7424.5,122,79,10,0
286,2026-07-23 10:35:41,7424.25,58,132,0,13
286,2026-07-23 10:35:41,7424,145,149,0,0
286,2026-07-23 10:35:41,7423.75,29,16,0,0
286,2026-07-23 10:35:41,7428.25,16,31,0,0
286,2026-07-23 10:35:41,7428.5,31,34,0,0
287,2026-07-23 10:37:14,7427,42,40,0,0
287,2026-07-23 10:37:14,7426.75,12,0,0,0
287,2026-07-23 10:37:14,7427.25,81,225,0,24
287,2026-07-23 10:37:14,7427.5,163,628,0,499
287,2026-07-23 10:37:14,7427.75,84,115,0,0
287,2026-07-23 10:37:14,7428,93,57,0,0
287,2026-07-23 10:37:14,7428.25,77,132,0,0
287,2026-07-23 10:37:14,7428.5,83,125,0,0
287,2026-07-23 10:37:14,7428.75,143,138,0,0
287,2026-07-23 10:37:14,7429,260,333,13,21
287,2026-07-23 10:37:14,7429.25,199,193,0,0
287,2026-07-23 10:37:14,7429.5,190,192,0,0
287,2026-07-23 10:37:14,7429.75,131,155,0,0
287,2026-07-23 10:37:14,7430,78,162,0,0
287,2026-07-23 10:37:14,7430.25,207,129,48,0
287,2026-07-23 10:37:14,7430.5,226,197,0,0
287,2026-07-23 10:37:14,7430.75,175,280,0,12
287,2026-07-23 10:37:14,7431,128,235,0,24
287,2026-07-23 10:37:14,7431.25,193,238,23,18
287,2026-07-23 10:37:14,7431.5,105,95,0,0
287,2026-07-23 10:37:14,7431.75,44,51,0,0
287,2026-07-23 10:37:14,7432,24,26,0,0
287,2026-07-23 10:37:14,7432.25,0,16,0,0
288,2026-07-23 10:38:00,7429,42,44,0,0
288,2026-07-23 10:38:00,7428.75,38,25,0,0
288,2026-07-23 10:38:00,7429.25,63,53,0,0
288,2026-07-23 10:38:00,7428.5,1,0,0,0
288,2026-07-23 10:38:00,7429.5,119,98,0,0
288,2026-07-23 10:38:00,7429.75,90,120,13,0
288,2026-07-23 10:38:00,7430,41,96,0,0
288,2026-07-23 10:38:00,7430.25,34,41,0,16
288,2026-07-23 10:38:00,7430.5,64,70,0,0
288,2026-07-23 10:38:00,7430.75,131,137,0,0
288,2026-07-23 10:38:00,7431,159,225,10,13
288,2026-07-23 10:38:00,7431.25,243,231,0,0
288,2026-07-23 10:38:00,7431.5,403,292,25,0
288,2026-07-23 10:38:00,7431.75,383,298,69,0
288,2026-07-23 10:38:00,7432,276,272,12,0
288,2026-07-23 10:38:00,7432.25,157,200,0,21
288,2026-07-23 10:38:00,7432.5,181,196,10,0
288,2026-07-23 10:38:00,7432.75,77,57,0,0
288,2026-07-23 10:38:00,7433,155,156,35,50
288,2026-07-23 10:38:00,7433.25,180,206,0,0
288,2026-07-23 10:38:00,7433.5,227,219,0,0
288,2026-07-23 10:38:00,7433.75,140,202,0,0
288,2026-07-23 10:38:00,7434,0,58,0,10
289,2026-07-23 10:39:45,7433.75,169,164,0,0
289,2026-07-23 10:39:45,7433.5,113,66,0,0
289,2026-07-23 10:39:45,7434,113,113,0,0
289,2026-07-23 10:39:45,7433.25,54,23,0,0
289,2026-07-23 10:39:45,7434.25,92,148,0,0
289,2026-07-23 10:39:45,7434.5,125,119,0,10
289,2026-07-23 10:39:45,7434.75,329,233,0,0
289,2026-07-23 10:39:45,7435,361,311,27,32
289,2026-07-23 10:39:45,7435.25,278,285,0,0
289,2026-07-23 10:39:45,7435.5,192,113,0,0
289,2026-07-23 10:39:45,7435.75,212,205,0,10
289,2026-07-23 10:39:45,7436,93,113,0,15
289,2026-07-23 10:39:45,7436.25,131,161,20,0
289,2026-07-23 10:39:45,7436.5,47,110,0,20
289,2026-07-23 10:39:45,7436.75,29,35,0,0
289,2026-07-23 10:39:45,7437,0,4,0,0
289,2026-07-23 10:39:45,7433,28,11,0,0
289,2026-07-23 10:39:45,7432.75,61,68,0,0
289,2026-07-23 10:39:45,7432.5,53,30,10,0
289,2026-07-23 10:39:45,7432.25,84,123,0,0
289,2026-07-23 10:39:45,7432,86,96,0,0
289,2026-07-23 10:39:45,7431.75,121,115,0,0
289,2026-07-23 10:39:45,7431.5,144,155,0,0
289,2026-07-23 10:39:45,7431.25,232,147,10,0
289,2026-07-23 10:39:45,7431,248,73,22,0
289,2026-07-23 10:39:45,7430.75,59,25,0,17
290,2026-07-23 10:41:27,7432.25,116,46,0,0
290,2026-07-23 10:41:27,7432.5,86,146,0,30
290,2026-07-23 10:41:27,7432,127,190,0,75
290,2026-07-23 10:41:27,7432.75,40,69,0,0
290,2026-07-23 10:41:27,7431.75,96,145,0,27
290,2026-07-23 10:41:27,7431.5,100,116,0,12
290,2026-07-23 10:41:27,7431.25,211,188,0,0
290,2026-07-23 10:41:27,7431,93,36,0,0
290,2026-07-23 10:41:27,7430.75,49,33,0,0
290,2026-07-23 10:41:27,7433,38,67,0,10
290,2026-07-23 10:41:27,7433.25,33,45,0,0
290,2026-07-23 10:41:27,7433.5,16,27,0,0
290,2026-07-23 10:41:27,7433.75,32,23,0,0
290,2026-07-23 10:41:27,7434,32,43,0,0
290,2026-07-23 10:41:27,7434.25,22,41,0,0
290,2026-07-23 10:41:27,7434.5,59,73,0,0
290,2026-07-23 10:41:27,7434.75,346,322,49,0
290,2026-07-23 10:41:27,7435,103,176,0,0
290,2026-07-23 10:41:27,7435.25,65,122,0,0
290,2026-07-23 10:41:27,7435.5,160,159,0,0
290,2026-07-23 10:41:27,7435.75,290,240,86,0
290,2026-07-23 10:41:27,7436,17,55,0,0
290,2026-07-23 10:41:27,7436.25,0,2,0,0
290,2026-07-23 10:41:27,7430.5,67,106,0,0
290,2026-07-23 10:41:27,7430.25,119,124,0,13
290,2026-07-23 10:41:27,7430,180,154,10,0
290,2026-07-23 10:41:27,7429.75,134,142,0,31
290,2026-07-23 10:41:27,7429.5,117,79,0,0
290,2026-07-23 10:41:27,7429.25,97,67,0,0
290,2026-07-23 10:41:27,7429,73,81,0,0
290,2026-07-23 10:41:27,7428.75,163,79,0,0
290,2026-07-23 10:41:27,7428.5,158,15,0,0
290,2026-07-23 10:41:27,7428.25,35,0,0,0
290,2026-07-23 10:41:27,7428,15,0,0,0
291,2026-07-23 10:43:16,7428.5,155,72,0,0
291,2026-07-23 10:43:16,7428.75,100,219,10,56
291,2026-07-23 10:43:16,7428.25,86,144,0,0
291,2026-07-23 10:43:16,7429,74,93,0,0
291,2026-07-23 10:43:16,7429.25,92,96,0,0
291,2026-07-23 10:43:16,7429.5,55,63,0,0
291,2026-07-23 10:43:16,7429.75,38,37,0,0
291,2026-07-23 10:43:16,7430,90,68,0,0
291,2026-07-23 10:43:16,7430.25,66,65,0,0
291,2026-07-23 10:43:16,7430.5,9,29,0,0
291,2026-07-23 10:43:16,7430.75,0,9,0,0
291,2026-07-23 10:43:16,7428,182,238,0,0
291,2026-07-23 10:43:16,7427.75,237,278,0,0
291,2026-07-23 10:43:16,7427.5,207,174,17,0
291,2026-07-23 10:43:16,7427.25,274,250,0,0
291,2026-07-23 10:43:16,7427,189,140,0,10
291,2026-07-23 10:43:16,7426.75,139,140,0,0
291,2026-07-23 10:43:16,7426.5,100,53,0,0
291,2026-07-23 10:43:16,7426.25,102,75,0,25
291,2026-07-23 10:43:16,7426,94,29,0,0
291,2026-07-23 10:43:16,7425.75,34,73,0,0
291,2026-07-23 10:43:16,7425.5,202,217,0,0
291,2026-07-23 10:43:16,7425.25,119,156,0,0
291,2026-07-23 10:43:16,7425,243,135,133,0
291,2026-07-23 10:43:16,7424.75,66,74,0,0
291,2026-07-23 10:43:16,7424.5,95,113,0,12
291,2026-07-23 10:43:16,7424.25,121,113,0,0
291,2026-07-23 10:43:16,7424,62,67,0,0
291,2026-07-23 10:43:16,7423.75,35,6,0,0
291,2026-07-23 10:43:16,7423.5,8,0,0,0
292,2026-07-23 10:45:49,7428.5,106,78,0,0
292,2026-07-23 10:45:49,7428.75,90,104,0,0
292,2026-07-23 10:45:49,7429,59,83,0,0
292,2026-07-23 10:45:49,7429.25,10,27,0,0
292,2026-07-23 10:45:49,7428.25,73,60,0,0
292,2026-07-23 10:45:49,7428,112,286,0,25
292,2026-07-23 10:45:49,7427.75,137,160,19,12
292,2026-07-23 10:45:49,7427.5,166,196,0,0
292,2026-07-23 10:45:49,7427.25,127,98,0,0
292,2026-07-23 10:45:49,7427,72,114,0,0
292,2026-07-23 10:45:49,7426.75,157,244,0,19
292,2026-07-23 10:45:49,7426.5,176,289,0,52
292,2026-07-23 10:45:49,7426.25,275,329,0,0
292,2026-07-23 10:45:49,7426,246,435,0,12
292,2026-07-23 10:45:49,7425.75,334,476,0,22
292,2026-07-23 10:45:49,7425.5,285,438,0,35
292,2026-07-23 10:45:49,7425.25,299,270,0,0
292,2026-07-23 10:45:49,7425,60,20,11,0
292,2026-07-23 10:45:49,7424.75,9,0,0,0
293,2026-07-23 10:48:49,7426,62,58,0,0
293,2026-07-23 10:48:49,7425.75,25,22,0,0
293,2026-07-23 10:48:49,7426.25,132,211,0,16
293,2026-07-23 10:48:49,7426.5,167,211,0,42
293,2026-07-23 10:48:49,7426.75,201,259,0,0
293,2026-07-23 10:48:49,7427,279,278,20,0
293,2026-07-23 10:48:49,7425.5,8,0,0,0
293,2026-07-23 10:48:49,7427.25,252,411,0,24
293,2026-07-23 10:48:49,7427.5,243,335,13,0
293,2026-07-23 10:48:49,7427.75,273,286,11,0
293,2026-07-23 10:48:49,7428,269,339,0,0
293,2026-07-23 10:48:49,7428.25,160,280,0,0
293,2026-07-23 10:48:49,7428.5,54,76,0,0
293,2026-07-23 10:48:49,7428.75,42,46,0,0
293,2026-07-23 10:48:49,7429,114,80,0,0
293,2026-07-23 10:48:49,7429.25,91,185,0,12
293,2026-07-23 10:48:49,7429.5,164,175,0,25
293,2026-07-23 10:48:49,7429.75,83,166,0,0
293,2026-07-23 10:48:49,7430,136,231,0,34
293,2026-07-23 10:48:49,7430.25,14,69,0,0
293,2026-07-23 10:48:49,7430.5,3,10,0,0
294,2026-07-23 10:51:44,7427.25,34,59,0,0
294,2026-07-23 10:51:44,7427.5,119,144,0,0
294,2026-07-23 10:51:44,7427.75,64,95,0,0
294,2026-07-23 10:51:44,7428,170,155,0,10
294,2026-07-23 10:51:44,7427,59,37,0,0
294,2026-07-23 10:51:44,7428.25,195,316,0,13
294,2026-07-23 10:51:44,7428.5,249,269,0,0
294,2026-07-23 10:51:44,7428.75,202,293,0,10
294,2026-07-23 10:51:44,7429,265,336,0,23
294,2026-07-23 10:51:44,7429.25,237,371,0,0
294,2026-07-23 10:51:44,7429.5,217,367,13,0
294,2026-07-23 10:51:44,7429.75,119,180,0,0
294,2026-07-23 10:51:44,7430,185,159,0,0
294,2026-07-23 10:51:44,7430.25,137,300,25,0
294,2026-07-23 10:51:44,7430.5,50,155,0,0
294,2026-07-23 10:51:44,7430.75,30,76,0,0
294,2026-07-23 10:51:44,7431,33,74,0,0
294,2026-07-23 10:51:44,7431.25,32,76,0,0
294,2026-07-23 10:51:44,7431.5,18,69,0,0
294,2026-07-23 10:51:44,7431.75,6,1,0,0
294,2026-07-23 10:51:44,7432,24,67,0,0
294,2026-07-23 10:51:44,7432.25,31,39,0,0
294,2026-07-23 10:51:44,7432.5,51,131,0,20
294,2026-07-23 10:51:44,7432.75,31,55,0,0
294,2026-07-23 10:51:44,7433,1,56,0,0
294,2026-07-23 10:51:44,7433.25,21,34,21,0
294,2026-07-23 10:51:44,7433.5,0,6,0,0
295,2026-07-23 10:54:29,7432.5,247,301,0,0
295,2026-07-23 10:54:29,7432.75,236,388,0,0
295,2026-07-23 10:54:29,7433,271,392,27,45
295,2026-07-23 10:54:29,7432.25,210,117,0,0
295,2026-07-23 10:54:29,7432,115,134,0,0
295,2026-07-23 10:54:29,7431.75,48,36,0,0
295,2026-07-23 10:54:29,7431.5,5,0,0,0
295,2026-07-23 10:54:29,7433.25,310,273,37,0
295,2026-07-23 10:54:29,7433.5,262,361,0,0
295,2026-07-23 10:54:29,7433.75,485,345,61,12
295,2026-07-23 10:54:29,7434,253,290,20,0
295,2026-07-23 10:54:29,7434.25,190,271,0,0
295,2026-07-23 10:54:29,7434.5,57,139,0,0
295,2026-07-23 10:54:29,7434.75,43,79,0,30
295,2026-07-23 10:54:29,7435,145,158,26,10
295,2026-07-23 10:54:29,7435.25,80,85,0,0
295,2026-07-23 10:54:29,7435.5,34,82,0,0
295,2026-07-23 10:54:29,7435.75,25,31,0,0
295,2026-07-23 10:54:29,7436,0,2,0,0
296,2026-07-23 10:56:48,7432,43,76,0,0
296,2026-07-23 10:56:48,7431.75,37,69,0,0
296,2026-07-23 10:56:48,7432.25,134,117,0,0
296,2026-07-23 10:56:48,7432.5,286,144,185,0
296,2026-07-23 10:56:48,7432.75,113,140,0,0
296,2026-07-23 10:56:48,7433,77,155,0,0
296,2026-07-23 10:56:48,7433.25,74,124,0,0
296,2026-07-23 10:56:48,7433.5,59,110,0,0
296,2026-07-23 10:56:48,7433.75,58,49,0,0
296,2026-07-23 10:56:48,7434,111,150,0,17
296,2026-07-23 10:56:48,7434.25,143,183,0,0
296,2026-07-23 10:56:48,7434.5,112,170,0,0
296,2026-07-23 10:56:48,7434.75,50,76,0,0
296,2026-07-23 10:56:48,7431.5,94,39,37,0
296,2026-07-23 10:56:48,7431.25,38,57,0,0
296,2026-07-23 10:56:48,7431,35,5,0,0
296,2026-07-23 10:56:48,7435,96,133,0,0
296,2026-07-23 10:56:48,7435.25,78,75,0,0
296,2026-07-23 10:56:48,7435.5,5,31,0,0
296,2026-07-23 10:56:48,7435.75,35,54,0,0
296,2026-07-23 10:56:48,7436,12,32,0,0
296,2026-07-23 10:56:48,7436.25,8,35,0,0
296,2026-07-23 10:56:48,7436.5,76,144,0,90
296,2026-07-23 10:56:48,7436.75,86,157,0,0
296,2026-07-23 10:56:48,7437,155,195,0,0
296,2026-07-23 10:56:48,7437.25,216,141,0,0
296,2026-07-23 10:56:48,7437.5,78,182,0,0
296,2026-07-23 10:56:48,7437.75,138,239,0,10
296,2026-07-23 10:56:48,7438,229,179,11,0
296,2026-07-23 10:56:48,7438.25,106,121,0,0
296,2026-07-23 10:56:48,7438.5,119,157,0,0
296,2026-07-23 10:56:48,7438.75,5,55,0,0
297,2026-07-23 10:59:30,7438.25,406,347,0,0
297,2026-07-23 10:59:30,7438.5,410,322,0,0
297,2026-07-23 10:59:30,7438,330,246,10,0
297,2026-07-23 10:59:30,7437.75,210,115,0,0
297,2026-07-23 10:59:30,7437.5,72,83,0,0
297,2026-07-23 10:59:30,7438.75,288,301,39,0
297,2026-07-23 10:59:30,7439,208,326,10,30
297,2026-07-23 10:59:30,7439.25,253,292,0,39
297,2026-07-23 10:59:30,7439.5,33,115,0,0
297,2026-07-23 10:59:30,7437.25,126,214,0,0
297,2026-07-23 10:59:30,7437,266,212,0,28
297,2026-07-23 10:59:30,7436.75,261,308,0,10
297,2026-07-23 10:59:30,7436.5,211,89,0,0
297,2026-07-23 10:59:30,7436.25,205,117,0,34
297,2026-07-23 10:59:30,7436,41,7,0,0
297,2026-07-23 10:59:30,7435.75,44,19,0,0
297,2026-07-23 10:59:30,7435.5,13,9,0,0
297,2026-07-23 10:59:30,7435.25,1,0,0,0
298,2026-07-23 11:01:25,7435.75,141,116,0,0
298,2026-07-23 11:01:25,7435.5,166,156,0,50
298,2026-07-23 11:01:25,7435.25,52,11,0,0
298,2026-07-23 11:01:25,7436,39,48,0,0
298,2026-07-23 11:01:25,7436.25,11,46,0,0
298,2026-07-23 11:01:25,7436.5,25,21,0,0
298,2026-07-23 11:01:25,7436.75,34,30,0,0
298,2026-07-23 11:01:25,7437,44,36,0,0
298,2026-07-23 11:01:25,7437.25,20,35,0,0
298,2026-07-23 11:01:25,7437.5,49,38,0,0
298,2026-07-23 11:01:25,7437.75,94,74,14,0
298,2026-07-23 11:01:25,7438,91,109,0,0
298,2026-07-23 11:01:25,7438.25,62,94,0,31
298,2026-07-23 11:01:25,7438.5,119,116,0,0
298,2026-07-23 11:01:25,7438.75,116,95,0,0
298,2026-07-23 11:01:25,7439,24,70,0,0
298,2026-07-23 11:01:25,7439.25,12,17,0,0
298,2026-07-23 11:01:25,7439.5,22,32,0,0
298,2026-07-23 11:01:25,7439.75,2,32,0,0
298,2026-07-23 11:01:25,7440,36,145,0,44
298,2026-07-23 11:01:25,7440.25,57,40,0,0
298,2026-07-23 11:01:25,7440.5,162,245,0,0
298,2026-07-23 11:01:25,7440.75,294,226,0,0
298,2026-07-23 11:01:25,7441,330,331,16,25
298,2026-07-23 11:01:25,7441.25,220,310,0,40
298,2026-07-23 11:01:25,7441.5,259,240,0,0
298,2026-07-23 11:01:25,7441.75,199,210,0,50
298,2026-07-23 11:01:25,7442,208,351,0,52
298,2026-07-23 11:01:25,7442.25,28,122,0,27
298,2026-07-23 11:01:25,7442.5,0,54,0,0
298,2026-07-23 11:01:25,7442.75,14,66,0,10
298,2026-07-23 11:01:25,7443,19,35,0,0
299,2026-07-23 11:03:25,7443,86,68,0,0
299,2026-07-23 11:03:25,7443.25,0,25,0,0
299,2026-07-23 11:03:25,7442.75,55,84,0,0
299,2026-07-23 11:03:25,7442.5,128,119,0,0
299,2026-07-23 11:03:25,7442.25,162,182,0,0
299,2026-07-23 11:03:25,7442,149,168,0,0
299,2026-07-23 11:03:25,7441.75,115,72,0,0
299,2026-07-23 11:03:25,7441.5,46,31,0,0
299,2026-07-23 11:03:25,7441.25,78,122,0,0
299,2026-07-23 11:03:25,7441,151,198,15,47
299,2026-07-23 11:03:25,7440.75,235,255,0,0
299,2026-07-23 11:03:25,7440.5,343,264,16,15
299,2026-07-23 11:03:25,7440.25,360,463,0,0
299,2026-07-23 11:03:25,7440,517,467,37,0
299,2026-07-23 11:03:25,7439.75,258,296,0,0
299,2026-07-23 11:03:25,7439.5,305,217,0,0
299,2026-07-23 11:03:25,7439.25,77,48,0,0
299,2026-07-23 11:03:25,7439,25,0,0,0
299,2026-07-23 11:03:25,7438.75,31,18,0,0
299,2026-07-23 11:03:25,7438.5,31,10,0,0
299,2026-07-23 11:03:25,7438.25,83,24,0,0
299,2026-07-23 11:03:25,7438,45,58,0,0
299,2026-07-23 11:03:25,7437.75,31,0,0,0
300,2026-07-23 11:05:27,7437.75,392,301,12,0
300,2026-07-23 11:05:27,7438,444,454,31,0
300,2026-07-23 11:05:27,7438.25,172,149,0,0
300,2026-07-23 11:05:27,7438.5,179,153,16,0
300,2026-07-23 11:05:27,7438.75,79,70,0,0
300,2026-07-23 11:05:27,7437.5,373,370,0,46
300,2026-07-23 11:05:27,7437.25,124,93,0,0
300,2026-07-23 11:05:27,7437,91,100,0,0
300,2026-07-23 11:05:27,7436.75,106,101,0,0
300,2026-07-23 11:05:27,7436.5,141,150,0,0
300,2026-07-23 11:05:27,7436.25,207,119,12,0
300,2026-07-23 11:05:27,7436,134,160,0,16
300,2026-07-23 11:05:27,7435.75,162,172,0,0
300,2026-07-23 11:05:27,7435.5,123,65,0,0
300,2026-07-23 11:05:27,7435.25,4,0,0,0
300,2026-07-23 11:05:27,7439,106,143,10,40
300,2026-07-23 11:05:27,7439.25,214,82,0,0
300,2026-07-23 11:05:27,7439.5,224,245,15,40
300,2026-07-23 11:05:27,7439.75,132,132,0,0
300,2026-07-23 11:05:27,7440,3,31,0,0
301,2026-07-23 11:07:22,7438,91,86,0,0
301,2026-07-23 11:07:22,7437.75,17,29,0,0
301,2026-07-23 11:07:22,7438.25,156,157,0,0
301,2026-07-23 11:07:22,7438.5,103,94,0,0
301,2026-07-23 11:07:22,7438.75,76,97,0,0
301,2026-07-23 11:07:22,7437.5,10,6,0,0
301,2026-07-23 11:07:22,7439,20,46,0,0
301,2026-07-23 11:07:22,7439.25,0,8,0,0
301,2026-07-23 11:07:22,7439.5,13,34,0,0
301,2026-07-23 11:07:22,7439.75,17,7,0,0
301,2026-07-23 11:07:22,7440,11,20,0,0
301,2026-07-23 11:07:22,7440.25,45,53,0,0
301,2026-07-23 11:07:22,7440.5,79,95,0,0
301,2026-07-23 11:07:22,7440.75,54,89,0,0
301,2026-07-23 11:07:22,7441,39,42,14,0
301,2026-07-23 11:07:22,7441.25,11,33,0,0
301,2026-07-23 11:07:22,7441.5,16,60,0,0
301,2026-07-23 11:07:22,7441.75,81,36,0,0
301,2026-07-23 11:07:22,7442,70,116,0,0
301,2026-07-23 11:07:22,7442.25,184,147,15,0
301,2026-07-23 11:07:22,7442.5,386,311,26,0
301,2026-07-23 11:07:22,7442.75,251,333,20,0
301,2026-07-23 11:07:22,7443,131,178,48,15
301,2026-07-23 11:07:22,7443.25,157,221,0,44
301,2026-07-23 11:07:22,7443.5,130,142,10,0
301,2026-07-23 11:07:22,7443.75,48,143,0,0
301,2026-07-23 11:07:22,7444,82,94,28,15
301,2026-07-23 11:07:22,7444.25,69,78,0,0
301,2026-07-23 11:07:22,7444.5,131,169,0,0
301,2026-07-23 11:07:22,7444.75,204,176,0,0
301,2026-07-23 11:07:22,7445,197,241,11,0
301,2026-07-23 11:07:22,7445.25,122,107,25,0
301,2026-07-23 11:07:22,7445.5,10,31,0,0
301,2026-07-23 11:07:22,7445.75,0,10,0,0
302,2026-07-23 11:10:29,7444.75,114,88,0,0
302,2026-07-23 11:10:29,7445,195,90,0,0
302,2026-07-23 11:10:29,7444.5,22,42,0,0
302,2026-07-23 11:10:29,7445.25,199,221,11,0
302,2026-07-23 11:10:29,7445.5,168,179,11,0
302,2026-07-23 11:10:29,7445.75,234,202,10,0
302,2026-07-23 11:10:29,7446,305,337,38,43
302,2026-07-23 11:10:29,7444.25,12,6,0,0
302,2026-07-23 11:10:29,7444,6,0,0,0
302,2026-07-23 11:10:29,7446.25,413,284,10,12
302,2026-07-23 11:10:29,7446.5,291,371,0,12
302,2026-07-23 11:10:29,7446.75,325,338,33,0
302,2026-07-23 11:10:29,7447,324,340,12,41
302,2026-07-23 11:10:29,7447.25,215,269,0,0
302,2026-07-23 11:10:29,7447.5,125,232,0,0
302,2026-07-23 11:10:29,7447.75,102,58,0,10
302,2026-07-23 11:10:29,7448,76,143,0,0
302,2026-07-23 11:10:29,7448.25,45,43,0,0
302,2026-07-23 11:10:29,7448.5,23,54,0,0
302,2026-07-23 11:10:29,7448.75,0,3,0,0
303,2026-07-23 11:12:58,7445.75,289,270,0,0
303,2026-07-23 11:12:58,7445.5,177,121,0,0
303,2026-07-23 11:12:58,7445.25,312,343,0,10
303,2026-07-23 11:12:58,7445,373,259,10,30
303,2026-07-23 11:12:58,7444.75,138,66,0,0
303,2026-07-23 11:12:58,7446,459,351,26,10
303,2026-07-23 11:12:58,7446.25,505,500,43,53
303,2026-07-23 11:12:58,7446.5,340,441,0,32
303,2026-07-23 11:12:58,7446.75,225,331,0,11
303,2026-07-23 11:12:58,7447,243,351,10,54
303,2026-07-23 11:12:58,7447.25,100,171,0,39
303,2026-07-23 11:12:58,7447.5,18,71,0,0
303,2026-07-23 11:12:58,7447.75,0,10,0,0
303,2026-07-23 11:12:58,7444.5,26,16,0,0
304,2026-07-23 11:15:33,7445.75,119,111,0,0
304,2026-07-23 11:15:33,7446,113,139,0,0
304,2026-07-23 11:15:33,7446.25,188,129,0,0
304,2026-07-23 11:15:33,7446.5,411,441,0,0
304,2026-07-23 11:15:33,7446.75,399,361,16,0
304,2026-07-23 11:15:33,7447,357,369,0,15
304,2026-07-23 11:15:33,7447.25,484,484,0,0
304,2026-07-23 11:15:33,7447.5,281,398,0,76
304,2026-07-23 11:15:33,7447.75,324,317,0,30
304,2026-07-23 11:15:33,7445.5,53,48,0,0
304,2026-07-23 11:15:33,7445.25,53,68,0,0
304,2026-07-23 11:15:33,7445,83,28,0,0
304,2026-07-23 11:15:33,7444.75,12,2,0,0
304,2026-07-23 11:15:33,7448,223,257,10,20
304,2026-07-23 11:15:33,7448.25,81,156,0,49
304,2026-07-23 11:15:33,7448.5,0,11,0,0
305,2026-07-23 11:18:52,7446.75,71,70,0,0
305,2026-07-23 11:18:52,7447,46,89,0,0
305,2026-07-23 11:18:52,7446.5,69,62,0,0
305,2026-07-23 11:18:52,7446.25,49,19,10,0
305,2026-07-23 11:18:52,7446,45,69,0,0
305,2026-07-23 11:18:52,7445.75,119,74,0,0
305,2026-07-23 11:18:52,7445.5,45,23,0,0
305,2026-07-23 11:18:52,7445.25,66,46,0,0
305,2026-07-23 11:18:52,7445,82,123,10,35
305,2026-07-23 11:18:52,7444.75,73,52,16,0
305,2026-07-23 11:18:52,7444.5,154,83,0,0
305,2026-07-23 11:18:52,7444.25,108,133,0,0
305,2026-07-23 11:18:52,7444,120,117,0,0
305,2026-07-23 11:18:52,7443.75,103,66,0,0
305,2026-07-23 11:18:52,7443.5,122,151,0,10
305,2026-07-23 11:18:52,7443.25,175,162,40,0
305,2026-07-23 11:18:52,7443,43,80,0,12
305,2026-07-23 11:18:52,7442.75,101,36,0,0
305,2026-07-23 11:18:52,7442.5,93,116,0,0
305,2026-07-23 11:18:52,7442.25,80,25,0,0
305,2026-07-23 11:18:52,7442,22,0,0,0
305,2026-07-23 11:18:52,7447.25,13,42,0,0
305,2026-07-23 11:18:52,7447.5,22,11,0,0
305,2026-07-23 11:18:52,7447.75,142,107,0,0
305,2026-07-23 11:18:52,7448,18,434,0,92
305,2026-07-23 11:18:52,7448.25,110,94,0,0
305,2026-07-23 11:18:52,7448.5,118,139,11,0
305,2026-07-23 11:18:52,7448.75,207,131,14,0
305,2026-07-23 11:18:52,7449,216,361,0,0
305,2026-07-23 11:18:52,7449.25,259,216,30,0
305,2026-07-23 11:18:52,7449.5,143,205,0,0
305,2026-07-23 11:18:52,7449.75,45,85,0,0
306,2026-07-23 11:21:27,7449.75,219,143,12,0
306,2026-07-23 11:21:27,7450,238,301,10,10
306,2026-07-23 11:21:27,7450.25,213,190,25,0
306,2026-07-23 11:21:27,7450.5,187,169,20,10
306,2026-07-23 11:21:27,7450.75,123,168,0,21
306,2026-07-23 11:21:27,7449.5,149,100,27,0
306,2026-07-23 11:21:27,7451,57,144,15,12
306,2026-07-23 11:21:27,7451.25,91,159,0,10
306,2026-07-23 11:21:27,7451.5,154,147,27,0
306,2026-07-23 11:21:27,7449.25,27,4,0,0
306,2026-07-23 11:21:27,7451.75,103,139,0,0
306,2026-07-23 11:21:27,7452,62,117,0,10
306,2026-07-23 11:21:27,7452.25,137,87,0,0
306,2026-07-23 11:21:27,7452.5,164,165,14,39
306,2026-07-23 11:21:27,7452.75,280,291,0,0
306,2026-07-23 11:21:27,7453,110,216,0,43
306,2026-07-23 11:21:27,7453.25,0,48,0,0
306,2026-07-23 11:21:27,7453.5,0,90,0,50
306,2026-07-23 11:21:27,7453.75,229,77,108,35
306,2026-07-23 11:21:27,7454,40,51,0,0
306,2026-07-23 11:21:27,7454.25,24,60,0,0
306,2026-07-23 11:21:27,7454.5,21,39,0,0
306,2026-07-23 11:21:27,7454.75,25,177,0,0
306,2026-07-23 11:21:27,7455,0,101,0,35
306,2026-07-23 11:21:27,7455.25,248,34,152,0
306,2026-07-23 11:21:27,7455.5,6,96,0,0
306,2026-07-23 11:21:27,7455.75,34,63,0,0
306,2026-07-23 11:21:27,7456,43,60,0,0
306,2026-07-23 11:21:27,7456.25,4,30,0,0
306,2026-07-23 11:21:27,7456.5,8,34,0,0
306,2026-07-23 11:21:27,7456.75,0,4,0,0
307,2026-07-23 11:23:27,7456.5,288,344,0,79
307,2026-07-23 11:23:27,7456.75,218,164,76,27
307,2026-07-23 11:23:27,7456.25,583,497,11,0
307,2026-07-23 11:23:27,7456,368,305,0,90
307,2026-07-23 11:23:27,7457,0,23,0,0
307,2026-07-23 11:23:27,7455.75,212,175,0,14
307,2026-07-23 11:23:27,7455.5,335,307,0,0
307,2026-07-23 11:23:27,7455.25,321,334,13,45
307,2026-07-23 11:23:27,7455,212,170,20,0
307,2026-07-23 11:23:27,7454.75,361,199,0,20
307,2026-07-23 11:23:27,7454.5,268,180,0,0
307,2026-07-23 11:23:27,7454.25,76,55,0,0
307,2026-07-23 11:23:27,7454,187,117,11,0
307,2026-07-23 11:23:27,7453.75,96,26,18,0
307,2026-07-23 11:23:27,7453.5,68,1,28,0
307,2026-07-23 11:23:27,7453.25,8,0,0,0
308,2026-07-23 11:25:14,7455,196,124,0,0
308,2026-07-23 11:25:14,7455.25,321,274,0,10
308,2026-07-23 11:25:14,7455.5,133,119,0,15
308,2026-07-23 11:25:14,7455.75,19,82,10,27
308,2026-07-23 11:25:14,7454.75,79,161,0,0
308,2026-07-23 11:25:14,7454.5,282,230,10,30
308,2026-07-23 11:25:14,7454.25,275,255,10,0
308,2026-07-23 11:25:14,7454,281,211,0,0
308,2026-07-23 11:25:14,7453.75,167,188,0,38
308,2026-07-23 11:25:14,7453.5,158,237,0,0
308,2026-07-23 11:25:14,7453.25,151,152,0,0
308,2026-07-23 11:25:14,7453,261,235,0,15
308,2026-07-23 11:25:14,7452.75,135,124,0,0
308,2026-07-23 11:25:14,7452.5,190,201,0,0
308,2026-07-23 11:25:14,7452.25,278,311,0,20
308,2026-07-23 11:25:14,7452,167,163,0,34
308,2026-07-23 11:25:14,7451.75,180,54,0,0
308,2026-07-23 11:25:14,7451.5,85,0,0,0
308,2026-07-23 11:25:14,7451.25,23,0,0,0
309,2026-07-23 11:27:51,7454.5,498,354,0,0
309,2026-07-23 11:27:51,7454.75,312,401,0,42
309,2026-07-23 11:27:51,7455,118,160,0,41
309,2026-07-23 11:27:51,7454.25,236,259,10,10
309,2026-07-23 11:27:51,7454,389,319,50,0
309,2026-07-23 11:27:51,7453.75,236,166,0,0
309,2026-07-23 11:27:51,7453.5,226,160,0,0
309,2026-07-23 11:27:51,7453.25,103,78,0,0
309,2026-07-23 11:27:51,7455.25,101,57,24,0
309,2026-07-23 11:27:51,7455.5,96,125,0,40
309,2026-07-23 11:27:51,7455.75,179,133,10,0
309,2026-07-23 11:27:51,7456,136,116,0,0
309,2026-07-23 11:27:51,7456.25,137,139,0,32
309,2026-07-23 11:27:51,7456.5,0,32,0,10
309,2026-07-23 11:27:51,7453,145,115,0,10
309,2026-07-23 11:27:51,7452.75,118,92,0,0
309,2026-07-23 11:27:51,7452.5,158,174,0,0
309,2026-07-23 11:27:51,7452.25,169,128,0,0
309,2026-07-23 11:27:51,7452,91,24,10,0
309,2026-07-23 11:27:51,7451.75,20,0,0,0
310,2026-07-23 11:31:05,7454,243,222,0,0
310,2026-07-23 11:31:05,7453.75,383,291,0,0
310,2026-07-23 11:31:05,7454.25,205,147,0,0
310,2026-07-23 11:31:05,7454.5,185,155,16,0
310,2026-07-23 11:31:05,7454.75,52,64,0,0
310,2026-07-23 11:31:05,7455,0,49,0,20
310,2026-07-23 11:31:05,7453.5,384,355,0,0
310,2026-07-23 11:31:05,7453.25,443,450,16,53
310,2026-07-23 11:31:05,7453,357,395,0,63
310,2026-07-23 11:31:05,7452.75,307,175,0,0
310,2026-07-23 11:31:05,7452.5,126,116,0,0
310,2026-07-23 11:31:05,7452.25,121,128,0,0
310,2026-07-23 11:31:05,7452,124,131,0,0
310,2026-07-23 11:31:05,7451.75,168,151,0,0
310,2026-07-23 11:31:05,7451.5,233,182,0,0
310,2026-07-23 11:31:05,7451.25,72,27,0,0
310,2026-07-23 11:31:05,7451,32,12,0,0
310,2026-07-23 11:31:05,7450.75,15,0,0,0
311,2026-07-23 11:34:47,7451.75,364,440,0,16
311,2026-07-23 11:34:47,7452,462,430,85,83
311,2026-07-23 11:34:47,7452.25,274,292,0,0
311,2026-07-23 11:34:47,7452.5,282,216,0,0
311,2026-07-23 11:34:47,7452.75,239,317,0,19
311,2026-07-23 11:34:47,7451.5,359,250,10,10
311,2026-07-23 11:34:47,7451.25,154,123,0,0
311,2026-07-23 11:34:47,7451,114,143,0,0
311,2026-07-23 11:34:47,7450.75,148,122,0,0
311,2026-07-23 11:34:47,7450.5,93,59,0,0
311,2026-07-23 11:34:47,7450.25,27,8,0,0
311,2026-07-23 11:34:47,7450,50,43,0,0
311,2026-07-23 11:34:47,7449.75,18,16,0,0
311,2026-07-23 11:34:47,7453,170,175,15,0
311,2026-07-23 11:34:47,7453.25,192,114,13,0
311,2026-07-23 11:34:47,7453.5,122,118,0,0
311,2026-07-23 11:34:47,7453.75,132,146,0,0
311,2026-07-23 11:34:47,7454,90,113,0,26
311,2026-07-23 11:34:47,7454.25,25,60,0,0
312,2026-07-23 11:38:31,7451.75,18,7,0,0
312,2026-07-23 11:38:31,7452,0,35,0,10
312,2026-07-23 11:38:31,7452.25,0,16,0,0
312,2026-07-23 11:38:31,7452.5,31,25,11,0
312,2026-07-23 11:38:31,7452.75,43,56,0,0
312,2026-07-23 11:38:31,7453,63,96,0,10
312,2026-07-23 11:38:31,7453.25,41,41,0,0
312,2026-07-23 11:38:31,7453.5,79,104,0,10
312,2026-07-23 11:38:31,7453.75,60,112,0,13
312,2026-07-23 11:38:31,7454,91,95,0,10
312,2026-07-23 11:38:31,7454.25,81,102,0,0
312,2026-07-23 11:38:31,7454.5,115,107,16,15
312,2026-07-23 11:38:31,7454.75,163,88,0,0
312,2026-07-23 11:38:31,7455,141,179,0,0
312,2026-07-23 11:38:31,7455.25,46,97,0,0
312,2026-07-23 11:38:31,7455.5,113,161,0,15
312,2026-07-23 11:38:31,7455.75,206,131,0,0
312,2026-07-23 11:38:31,7456,281,334,23,10
312,2026-07-23 11:38:31,7456.25,203,251,0,0
312,2026-07-23 11:38:31,7456.5,315,366,0,66
312,2026-07-23 11:38:31,7456.75,292,324,0,0
312,2026-07-23 11:38:31,7457,309,518,12,118
312,2026-07-23 11:38:31,7457.25,169,334,15,0
312,2026-07-23 11:38:31,7457.5,0,61,0,0
313,2026-07-23 11:40:53,7453.75,134,71,0,0
313,2026-07-23 11:40:53,7454,86,81,0,14
313,2026-07-23 11:40:53,7454.25,51,98,0,0
313,2026-07-23 11:40:53,7453.5,40,41,0,0
313,2026-07-23 11:40:53,7454.5,0,1,0,0
313,2026-07-23 11:40:53,7453.25,91,100,0,0
313,2026-07-23 11:40:53,7453,156,157,0,0
313,2026-07-23 11:40:53,7452.75,216,151,0,14
313,2026-07-23 11:40:53,7452.5,185,168,0,0
313,2026-07-23 11:40:53,7452.25,310,163,114,10
313,2026-07-23 11:40:53,7452,269,230,22,32
313,2026-07-23 11:40:53,7451.75,236,223,0,0
313,2026-07-23 11:40:53,7451.5,348,281,51,10
313,2026-07-23 11:40:53,7451.25,240,289,12,0
313,2026-07-23 11:40:53,7451,331,446,0,84
313,2026-07-23 11:40:53,7450.75,284,388,0,26
313,2026-07-23 11:40:53,7450.5,204,174,0,62
313,2026-07-23 11:40:53,7450.25,80,93,0,0
313,2026-07-23 11:40:53,7450,54,20,0,0
313,2026-07-23 11:40:53,7449.75,10,0,0,0
314,2026-07-23 11:43:27,7451.5,190,241,0,13
314,2026-07-23 11:43:27,7451.25,215,260,0,32
314,2026-07-23 11:43:27,7451,91,124,0,0
314,2026-07-23 11:43:27,7450.75,92,111,0,33
314,2026-07-23 11:43:27,7451.75,63,81,0,0
314,2026-07-23 11:43:27,7452,42,38,0,0
314,2026-07-23 11:43:27,7452.25,9,11,0,0
314,2026-07-23 11:43:27,7450.5,22,6,0,0
314,2026-07-23 11:43:27,7450.25,43,64,0,0
314,2026-07-23 11:43:27,7450,134,118,0,40
314,2026-07-23 11:43:27,7449.75,45,3,0,0
314,2026-07-23 11:43:27,7449.5,58,3,17,0
314,2026-07-23 11:43:27,7449.25,55,37,17,0
314,2026-07-23 11:43:27,7449,124,96,25,0
314,2026-07-23 11:43:27,7448.75,83,21,19,0
314,2026-07-23 11:43:27,7448.5,132,66,0,0
314,2026-07-23 11:43:27,7448.25,33,10,0,0
314,2026-07-23 11:43:27,7448,55,21,13,0
314,2026-07-23 11:43:27,7447.75,97,38,0,0
314,2026-07-23 11:43:27,7447.5,24,37,0,0
314,2026-07-23 11:43:27,7447.25,122,63,0,0
314,2026-07-23 11:43:27,7447,126,35,12,0
314,2026-07-23 11:43:27,7446.75,75,170,0,67
314,2026-07-23 11:43:27,7446.5,183,72,0,11
314,2026-07-23 11:43:27,7446.25,48,67,0,0
314,2026-07-23 11:43:27,7446,104,178,0,0
314,2026-07-23 11:43:27,7445.75,174,156,22,55
314,2026-07-23 11:43:27,7445.5,132,177,0,0
314,2026-07-23 11:43:27,7445.25,124,141,34,0
314,2026-07-23 11:43:27,7445,247,271,0,30
314,2026-07-23 11:43:27,7444.75,100,79,0,0
314,2026-07-23 11:43:27,7444.5,94,100,0,10
314,2026-07-23 11:43:27,7444.25,115,116,0,0
314,2026-07-23 11:43:27,7444,113,101,0,0
314,2026-07-23 11:43:27,7443.75,24,0,0,0
315,2026-07-23 11:46:08,7443.75,270,413,0,36
315,2026-07-23 11:46:08,7444,369,514,0,31
315,2026-07-23 11:46:08,7444.25,317,399,0,0
315,2026-07-23 11:46:08,7444.5,306,445,0,22
315,2026-07-23 11:46:08,7444.75,237,439,0,0
315,2026-07-23 11:46:08,7443.5,153,191,0,0
315,2026-07-23 11:46:08,7445,201,250,0,0
315,2026-07-23 11:46:08,7445.25,59,190,0,13
315,2026-07-23 11:46:08,7445.5,6,21,0,0
315,2026-07-23 11:46:08,7443.25,208,158,0,0
315,2026-07-23 11:46:08,7443,133,110,49,25
315,2026-07-23 11:46:08,7442.75,75,77,0,0
315,2026-07-23 11:46:08,7442.5,169,104,0,0
315,2026-07-23 11:46:08,7442.25,165,148,16,10
315,2026-07-23 11:46:08,7442,99,9,0,0
315,2026-07-23 11:46:08,7441.75,43,2,0,0
315,2026-07-23 11:46:08,7441.5,85,131,0,29
315,2026-07-23 11:46:08,7441.25,4,0,0,0
316,2026-07-23 11:48:34,7441.75,158,290,0,32
316,2026-07-23 11:48:34,7441.5,246,246,0,0
316,2026-07-23 11:48:34,7442,219,259,0,13
316,2026-07-23 11:48:34,7441.25,214,288,0,21
316,2026-07-23 11:48:34,7441,155,198,0,12
316,2026-07-23 11:48:34,7442.25,34,65,0,0
316,2026-07-23 11:48:34,7442.5,24,30,0,0
316,2026-07-23 11:48:34,7442.75,54,59,0,0
316,2026-07-23 11:48:34,7443,49,58,0,12
316,2026-07-23 11:48:34,7443.25,10,29,0,10
316,2026-07-23 11:48:34,7440.75,175,195,0,0
316,2026-07-23 11:48:34,7440.5,313,352,50,10
316,2026-07-23 11:48:34,7440.25,329,268,17,0
316,2026-07-23 11:48:34,7440,219,185,45,0
316,2026-07-23 11:48:34,7439.75,171,263,0,24
316,2026-07-23 11:48:34,7439.5,156,194,0,0
316,2026-07-23 11:48:34,7439.25,215,286,23,74
316,2026-07-23 11:48:34,7439,65,58,0,0
316,2026-07-23 11:48:34,7438.75,49,95,0,0
316,2026-07-23 11:48:34,7438.5,59,75,10,0
316,2026-07-23 11:48:34,7438.25,57,33,0,0
316,2026-07-23 11:48:34,7438,3,0,0,0
317,2026-07-23 11:51:15,7440.25,328,392,0,22
317,2026-07-23 11:51:15,7440.5,328,340,0,0
317,2026-07-23 11:51:15,7440.75,129,218,0,10
317,2026-07-23 11:51:15,7440,319,395,44,0
317,2026-07-23 11:51:15,7441,217,137,48,0
317,2026-07-23 11:51:15,7441.25,85,183,0,0
317,2026-07-23 11:51:15,7441.5,160,151,15,0
317,2026-07-23 11:51:15,7441.75,83,81,0,0
317,2026-07-23 11:51:15,7439.75,287,396,0,10
317,2026-07-23 11:51:15,7439.5,193,82,42,0
317,2026-07-23 11:51:15,7439.25,142,131,50,0
317,2026-07-23 11:51:15,7439,85,67,10,0
317,2026-07-23 11:51:15,7438.75,34,55,0,10
317,2026-07-23 11:51:15,7442,36,29,0,0
317,2026-07-23 11:51:15,7442.25,40,42,0,0
317,2026-07-23 11:51:15,7442.5,41,63,0,0
317,2026-07-23 11:51:15,7442.75,35,35,0,0
317,2026-07-23 11:51:15,7443,15,23,0,0
317,2026-07-23 11:51:15,7443.25,73,66,0,0
317,2026-07-23 11:51:15,7443.5,111,69,0,0
317,2026-07-23 11:51:15,7443.75,67,69,0,0
317,2026-07-23 11:51:15,7438.5,136,188,0,0
317,2026-07-23 11:51:15,7438.25,153,72,0,0
317,2026-07-23 11:51:15,7438,83,18,0,0
317,2026-07-23 11:51:15,7437.75,18,0,0,0
318,2026-07-23 11:53:39,7438.25,30,71,0,12
318,2026-07-23 11:53:39,7438.5,63,77,0,0
318,2026-07-23 11:53:39,7438.75,120,198,0,0
318,2026-07-23 11:53:39,7439,91,120,0,0
318,2026-07-23 11:53:39,7438,21,0,0,0
318,2026-07-23 11:53:39,7439.25,78,105,0,0
318,2026-07-23 11:53:39,7439.5,80,114,0,12
318,2026-07-23 11:53:39,7439.75,203,166,34,0
318,2026-07-23 11:53:39,7440,200,307,0,0
318,2026-07-23 11:53:39,7440.25,242,282,10,0
318,2026-07-23 11:53:39,7440.5,142,228,0,0
318,2026-07-23 11:53:39,7440.75,63,156,0,10
318,2026-07-23 11:53:39,7441,51,49,0,0
318,2026-07-23 11:53:39,7441.25,85,100,0,0
318,2026-07-23 11:53:39,7441.5,140,165,0,0
318,2026-07-23 11:53:39,7441.75,131,162,0,0
318,2026-07-23 11:53:39,7442,128,131,0,0
318,2026-07-23 11:53:39,7442.25,160,238,0,0
318,2026-07-23 11:53:39,7442.5,218,161,0,0
318,2026-07-23 11:53:39,7442.75,64,104,0,0
318,2026-07-23 11:53:39,7443,91,113,0,0
318,2026-07-23 11:53:39,7443.25,125,96,0,0
318,2026-07-23 11:53:39,7443.5,80,97,21,10
318,2026-07-23 11:53:39,7443.75,177,172,0,0
318,2026-07-23 11:53:39,7444,86,167,0,10
318,2026-07-23 11:53:39,7444.25,24,28,0,0
319,2026-07-23 11:56:14,7442.25,342,417,0,0
319,2026-07-23 11:56:14,7442,163,637,0,66
319,2026-07-23 11:56:14,7441.75,198,178,0,0
319,2026-07-23 11:56:14,7442.5,242,368,0,0
319,2026-07-23 11:56:14,7441.5,119,154,0,0
319,2026-07-23 11:56:14,7442.75,269,344,0,11
319,2026-07-23 11:56:14,7443,300,369,0,0
319,2026-07-23 11:56:14,7443.25,208,207,0,0
319,2026-07-23 11:56:14,7443.5,203,227,0,0
319,2026-07-23 11:56:14,7443.75,282,330,0,85
319,2026-07-23 11:56:14,7444,123,152,0,0
319,2026-07-23 11:56:14,7444.25,124,153,0,0
319,2026-07-23 11:56:14,7444.5,59,52,0,0
319,2026-07-23 11:56:14,7444.75,45,54,0,0
319,2026-07-23 11:56:14,7441.25,9,0,0,0
319,2026-07-23 11:56:14,7445,20,70,0,0
319,2026-07-23 11:56:14,7445.25,20,62,12,0
320,2026-07-23 11:59:21,7445.25,85,135,0,0
320,2026-07-23 11:59:21,7445.5,157,157,0,0
320,2026-07-23 11:59:21,7445.75,225,282,0,0
320,2026-07-23 11:59:21,7446,156,167,0,0
320,2026-07-23 11:59:21,7446.25,165,220,0,0
320,2026-07-23 11:59:21,7446.5,123,119,0,0
320,2026-07-23 11:59:21,7446.75,185,195,0,0
320,2026-07-23 11:59:21,7447,208,276,12,0
320,2026-07-23 11:59:21,7447.25,244,341,0,56
320,2026-07-23 11:59:21,7447.5,113,152,0,0
320,2026-07-23 11:59:21,7445,67,100,0,10
320,2026-07-23 11:59:21,7444.75,68,84,10,0
320,2026-07-23 11:59:21,7444.5,83,100,0,0
320,2026-07-23 11:59:21,7444.25,61,38,0,0
320,2026-07-23 11:59:21,7444,72,64,0,0
320,2026-07-23 11:59:21,7443.75,62,32,17,0
320,2026-07-23 11:59:21,7443.5,17,0,0,0
320,2026-07-23 11:59:21,7447.75,101,149,0,0
320,2026-07-23 11:59:21,7448,65,63,0,0
320,2026-07-23 11:59:21,7448.25,142,142,0,0
320,2026-07-23 11:59:21,7448.5,122,138,0,0
320,2026-07-23 11:59:21,7448.75,208,183,0,0
320,2026-07-23 11:59:21,7449,103,147,0,12
320,2026-07-23 11:59:21,7449.25,103,79,0,0
320,2026-07-23 11:59:21,7449.5,48,106,0,0
320,2026-07-23 11:59:21,7449.75,13,35,0,0
321,2026-07-23 12:02:00,7448,98,165,0,0
321,2026-07-23 12:02:00,7447.75,113,148,0,0
321,2026-07-23 12:02:00,7448.25,47,48,0,0
321,2026-07-23 12:02:00,7447.5,194,202,0,0
321,2026-07-23 12:02:00,7447.25,305,301,0,0
321,2026-07-23 12:02:00,7447,208,169,0,0
321,2026-07-23 12:02:00,7446.75,245,386,0,0
321,2026-07-23 12:02:00,7446.5,273,295,0,0
321,2026-07-23 12:02:00,7446.25,203,164,0,0
321,2026-07-23 12:02:00,7446,153,168,10,0
321,2026-07-23 12:02:00,7445.75,159,149,0,0
321,2026-07-23 12:02:00,7445.5,99,98,0,0
321,2026-07-23 12:02:00,7445.25,127,126,0,0
321,2026-07-23 12:02:00,7445,221,169,17,0
321,2026-07-23 12:02:00,7444.75,76,38,0,0
321,2026-07-23 12:02:00,7444.5,33,23,0,0
321,2026-07-23 12:02:00,7448.5,23,50,0,0
321,2026-07-23 12:02:00,7448.75,0,7,0,0
321,2026-07-23 12:02:00,7444.25,37,35,0,0
321,2026-07-23 12:02:00,7444,46,17,11,0
321,2026-07-23 12:02:00,7443.75,84,77,15,0
321,2026-07-23 12:02:00,7443.5,119,59,0,0
321,2026-07-23 12:02:00,7443.25,68,16,17,0
321,2026-07-23 12:02:00,7443,43,35,0,0
321,2026-07-23 12:02:00,7442.75,73,32,0,0
321,2026-07-23 12:02:00,7442.5,107,126,0,0
321,2026-07-23 12:02:00,7442.25,103,2,51,0
321,2026-07-23 12:02:00,7442,44,12,0,0
321,2026-07-23 12:02:00,7441.75,45,27,0,0
321,2026-07-23 12:02:00,7441.5,6,4,0,0
322,2026-07-23 12:05:02,7441.5,295,373,0,0
322,2026-07-23 12:05:02,7441.75,270,312,0,0
322,2026-07-23 12:05:02,7441.25,290,266,0,0
322,2026-07-23 12:05:02,7441,223,189,0,30
322,2026-07-23 12:05:02,7442,87,125,0,0
322,2026-07-23 12:05:02,7440.75,192,197,0,0
322,2026-07-23 12:05:02,7440.5,225,223,0,0
322,2026-07-23 12:05:02,7440.25,235,287,0,0
322,2026-07-23 12:05:02,7440,235,156,0,0
322,2026-07-23 12:05:02,7439.75,225,280,0,0
322,2026-07-23 12:05:02,7439.5,327,268,0,0
322,2026-07-23 12:05:02,7439.25,166,188,0,0
322,2026-07-23 12:05:02,7439,224,142,0,0
322,2026-07-23 12:05:02,7438.75,43,54,0,0
322,2026-07-23 12:05:02,7438.5,52,60,0,0
322,2026-07-23 12:05:02,7438.25,96,59,0,0
322,2026-07-23 12:05:02,7438,16,0,0,0
322,2026-07-23 12:05:02,7442.25,33,65,0,0
322,2026-07-23 12:05:02,7442.5,6,16,0,0
323,2026-07-23 12:08:01,7439.75,74,59,0,0
323,2026-07-23 12:08:01,7440,57,50,0,0
323,2026-07-23 12:08:01,7439.5,25,19,0,0
323,2026-07-23 12:08:01,7440.25,33,76,0,0
323,2026-07-23 12:08:01,7440.5,72,82,0,0
323,2026-07-23 12:08:01,7440.75,79,121,0,0
323,2026-07-23 12:08:01,7441,46,80,0,0
323,2026-07-23 12:08:01,7441.25,28,58,0,0
323,2026-07-23 12:08:01,7441.5,144,148,0,0
323,2026-07-23 12:08:01,7441.75,49,47,0,0
323,2026-07-23 12:08:01,7442,52,38,0,0
323,2026-07-23 12:08:01,7442.25,66,68,0,0
323,2026-07-23 12:08:01,7442.5,80,102,0,0
323,2026-07-23 12:08:01,7442.75,50,68,0,0
323,2026-07-23 12:08:01,7443,85,114,0,0
323,2026-07-23 12:08:01,7443.25,30,70,0,0
323,2026-07-23 12:08:01,7443.5,64,80,0,0
323,2026-07-23 12:08:01,7443.75,22,46,0,0
323,2026-07-23 12:08:01,7444,81,132,0,0
323,2026-07-23 12:08:01,7444.25,45,91,0,0
323,2026-07-23 12:08:01,7444.5,153,121,0,0
323,2026-07-23 12:08:01,7444.75,109,174,0,0
323,2026-07-23 12:08:01,7445,160,257,0,74
323,2026-07-23 12:08:01,7445.25,81,150,0,0
323,2026-07-23 12:08:01,7445.5,52,80,0,0
323,2026-07-23 12:08:01,7445.75,95,135,0,0
323,2026-07-23 12:08:01,7446,242,105,82,0
323,2026-07-23 12:08:01,7446.25,209,201,0,0
323,2026-07-23 12:08:01,7446.5,83,148,0,0
323,2026-07-23 12:08:01,7446.75,59,34,0,0
323,2026-07-23 12:08:01,7447,113,49,0,0
323,2026-07-23 12:08:01,7447.25,142,95,0,12
323,2026-07-23 12:08:01,7447.5,103,112,0,0
323,2026-07-23 12:08:01,7447.75,119,124,0,0
323,2026-07-23 12:08:01,7448,31,88,0,0
323,2026-07-23 12:08:01,7448.25,45,29,0,0
323,2026-07-23 12:08:01,7448.5,22,42,0,0
323,2026-07-23 12:08:01,7448.75,0,7,0,0
324,2026-07-23 12:11:10,7446.5,270,362,13,46
324,2026-07-23 12:11:10,7446.25,353,442,0,29
324,2026-07-23 12:11:10,7446,494,486,0,13
324,2026-07-23 12:11:10,7445.75,368,451,0,38
324,2026-07-23 12:11:10,7445.5,229,182,24,0
324,2026-07-23 12:11:10,7445.25,91,105,0,0
324,2026-07-23 12:11:10,7445,94,74,10,0
324,2026-07-23 12:11:10,7444.75,76,83,0,0
324,2026-07-23 12:11:10,7444.5,39,22,0,0
324,2026-07-23 12:11:10,7444.25,2,0,0,0
324,2026-07-23 12:11:10,7446.75,208,224,0,0
324,2026-07-23 12:11:10,7447,160,242,0,0
324,2026-07-23 12:11:10,7447.25,111,159,0,0
324,2026-07-23 12:11:10,7447.5,47,58,0,0
324,2026-07-23 12:11:10,7447.75,115,75,0,0
324,2026-07-23 12:11:10,7448,138,193,0,25
324,2026-07-23 12:11:10,7448.25,209,193,0,0
324,2026-07-23 12:11:10,7448.5,46,99,0,0
325,2026-07-23 12:15:34,7446.25,117,92,18,0
325,2026-07-23 12:15:34,7446.5,207,152,46,15
325,2026-07-23 12:15:34,7446.75,216,262,0,0
325,2026-07-23 12:15:34,7447,87,126,0,0
325,2026-07-23 12:15:34,7446,106,81,0,0
325,2026-07-23 12:15:34,7445.75,122,39,0,0
325,2026-07-23 12:15:34,7447.25,107,78,0,0
325,2026-07-23 12:15:34,7447.5,202,129,0,0
325,2026-07-23 12:15:34,7447.75,297,225,10,0
325,2026-07-23 12:15:34,7448,74,811,0,169
325,2026-07-23 12:15:34,7448.25,134,95,0,0
325,2026-07-23 12:15:34,7448.5,130,147,11,0
325,2026-07-23 12:15:34,7448.75,160,142,0,0
325,2026-07-23 12:15:34,7449,59,108,0,0
325,2026-07-23 12:15:34,7449.25,22,54,0,0
325,2026-07-23 12:15:34,7445.5,20,26,0,0
325,2026-07-23 12:15:34,7445.25,8,0,0,0
325,2026-07-23 12:15:34,7445,12,1,0,0
325,2026-07-23 12:15:34,7444.75,38,46,0,0
325,2026-07-23 12:15:34,7444.5,58,36,0,0
325,2026-07-23 12:15:34,7444.25,44,53,0,0
325,2026-07-23 12:15:34,7444,81,51,0,0
325,2026-07-23 12:15:34,7443.75,50,31,0,0
325,2026-07-23 12:15:34,7443.5,96,65,0,0
325,2026-07-23 12:15:34,7443.25,78,127,0,0
325,2026-07-23 12:15:34,7443,137,105,0,0
325,2026-07-23 12:15:34,7442.75,76,44,15,0
325,2026-07-23 12:15:34,7442.5,82,45,0,0
325,2026-07-23 12:15:34,7442.25,33,0,0,0
325,2026-07-23 12:15:34,7442,30,390,0,28
325,2026-07-23 12:15:34,7441.75,45,10,0,0
326,2026-07-23 12:18:08,7442,57,846,0,224
326,2026-07-23 12:18:08,7441.75,146,57,0,0
326,2026-07-23 12:18:08,7441.5,8,0,0,0
326,2026-07-23 12:18:08,7442.25,42,89,0,0
326,2026-07-23 12:18:08,7442.5,10,38,0,0
326,2026-07-23 12:18:08,7442.75,44,23,0,0
326,2026-07-23 12:18:08,7443,50,66,0,0
326,2026-07-23 12:18:08,7443.25,182,185,0,0
326,2026-07-23 12:18:08,7443.5,212,250,0,26
326,2026-07-23 12:18:08,7443.75,209,270,0,100
326,2026-07-23 12:18:08,7444,247,354,0,0
326,2026-07-23 12:18:08,7444.25,99,195,0,0
326,2026-07-23 12:18:08,7444.5,53,106,0,0
326,2026-07-23 12:18:08,7444.75,66,113,0,27
326,2026-07-23 12:18:08,7445,71,86,11,0
326,2026-07-23 12:18:08,7445.25,31,66,0,0
326,2026-07-23 12:18:08,7445.5,7,37,0,0
326,2026-07-23 12:18:08,7445.75,11,24,0,0
326,2026-07-23 12:18:08,7446,22,32,0,0
326,2026-07-23 12:18:08,7446.25,34,40,0,0
326,2026-07-23 12:18:08,7446.5,38,45,0,0
326,2026-07-23 12:18:08,7446.75,37,41,0,0
326,2026-07-23 12:18:08,7447,130,138,0,0
326,2026-07-23 12:18:08,7447.25,103,139,0,0
326,2026-07-23 12:18:08,7447.5,33,56,0,24
326,2026-07-23 12:18:08,7447.75,19,45,0,0
326,2026-07-23 12:18:08,7448,23,33,0,0
326,2026-07-23 12:18:08,7448.25,28,40,0,0
326,2026-07-23 12:18:08,7448.5,134,122,0,12
326,2026-07-23 12:18:08,7448.75,107,101,0,0
326,2026-07-23 12:18:08,7449,81,83,0,0
326,2026-07-23 12:18:08,7449.25,102,144,0,0
326,2026-07-23 12:18:08,7449.5,60,107,0,0
326,2026-07-23 12:18:08,7449.75,0,34,0,0
327,2026-07-23 12:20:55,7447.25,106,92,0,0
327,2026-07-23 12:20:55,7447,108,156,12,0
327,2026-07-23 12:20:55,7447.5,55,48,0,0
327,2026-07-23 12:20:55,7447.75,122,134,0,0
327,2026-07-23 12:20:55,7448,212,255,0,0
327,2026-07-23 12:20:55,7448.25,173,209,10,0
327,2026-07-23 12:20:55,7448.5,190,220,0,0
327,2026-07-23 12:20:55,7448.75,85,126,0,0
327,2026-07-23 12:20:55,7449,59,92,0,0
327,2026-07-23 12:20:55,7446.75,98,91,0,0
327,2026-07-23 12:20:55,7446.5,99,75,0,0
327,2026-07-23 12:20:55,7446.25,109,109,0,0
327,2026-07-23 12:20:55,7446,116,139,0,0
327,2026-07-23 12:20:55,7445.75,132,116,0,0
327,2026-07-23 12:20:55,7445.5,108,128,0,0
327,2026-07-23 12:20:55,7445.25,157,190,0,0
327,2026-07-23 12:20:55,7445,133,102,0,0
327,2026-07-23 12:20:55,7444.75,77,69,0,0
327,2026-07-23 12:20:55,7444.5,31,47,0,0
327,2026-07-23 12:20:55,7444.25,59,35,0,0
327,2026-07-23 12:20:55,7449.25,72,140,0,0
327,2026-07-23 12:20:55,7449.5,226,268,0,45
327,2026-07-23 12:20:55,7449.75,148,223,10,0
327,2026-07-23 12:20:55,7450,80,145,0,0
327,2026-07-23 12:20:55,7450.25,129,135,32,0
327,2026-07-23 12:20:55,7450.5,56,91,0,0
327,2026-07-23 12:20:55,7450.75,37,84,0,0
327,2026-07-23 12:20:55,7451,0,4,0,0
328,2026-07-23 12:25:30,7450.5,170,226,0,0
328,2026-07-23 12:25:30,7450.25,215,207,10,0
328,2026-07-23 12:25:30,7450.75,237,248,0,0
328,2026-07-23 12:25:30,7451,209,246,0,0
328,2026-07-23 12:25:30,7451.25,201,220,0,0
328,2026-07-23 12:25:30,7450,182,147,20,0
328,2026-07-23 12:25:30,7451.5,77,161,0,0
328,2026-07-23 12:25:30,7451.75,45,35,0,0
328,2026-07-23 12:25:30,7452,28,81,0,0
328,2026-07-23 12:25:30,7449.75,109,100,0,0
328,2026-07-23 12:25:30,7452.25,0,7,0,0
328,2026-07-23 12:25:30,7449.5,250,242,12,0
328,2026-07-23 12:25:30,7449.25,416,341,46,0
328,2026-07-23 12:25:30,7449,394,349,13,0
328,2026-07-23 12:25:30,7448.75,248,253,0,0
328,2026-07-23 12:25:30,7448.5,130,110,0,0
328,2026-07-23 12:25:30,7448.25,84,44,0,0
328,2026-07-23 12:25:30,7448,39,22,0,0
328,2026-07-23 12:25:30,7447.75,85,98,0,0
328,2026-07-23 12:25:30,7447.5,50,43,0,0
328,2026-07-23 12:25:30,7447.25,34,28,0,0
328,2026-07-23 12:25:30,7447,56,18,0,0
328,2026-07-23 12:25:30,7446.75,10,0,0,0
328,2026-07-23 12:25:30,7446.5,5,0,0,0
329,2026-07-23 12:30:03,7446.5,183,209,11,0
329,2026-07-23 12:30:03,7446.75,126,96,0,0
329,2026-07-23 12:30:03,7447,173,123,10,0
329,2026-07-23 12:30:03,7447.25,144,207,0,0
329,2026-07-23 12:30:03,7447.5,81,80,0,0
329,2026-07-23 12:30:03,7447.75,31,45,0,12
329,2026-07-23 12:30:03,7448,9,22,0,0
329,2026-07-23 12:30:03,7446.25,242,255,0,0
329,2026-07-23 12:30:03,7446,236,149,0,0
329,2026-07-23 12:30:03,7445.75,167,119,24,0
329,2026-07-23 12:30:03,7445.5,91,71,0,0
329,2026-07-23 12:30:03,7445.25,89,102,0,0
329,2026-07-23 12:30:03,7445,69,26,12,0
329,2026-07-23 12:30:03,7444.75,49,37,0,0
329,2026-07-23 12:30:03,7444.5,29,21,0,0
329,2026-07-23 12:30:03,7444.25,13,3,0,0
329,2026-07-23 12:30:03,7444,20,9,0,0
329,2026-07-23 12:30:03,7443.75,23,10,0,0
329,2026-07-23 12:30:03,7443.5,3,4,0,0
329,2026-07-23 12:30:03,7443.25,68,73,0,0
329,2026-07-23 12:30:03,7443,58,74,0,0
329,2026-07-23 12:30:03,7442.75,132,180,0,0
329,2026-07-23 12:30:03,7442.5,207,242,0,0
329,2026-07-23 12:30:03,7442.25,102,95,0,0
329,2026-07-23 12:30:03,7442,197,254,0,0
329,2026-07-23 12:30:03,7441.75,143,128,0,0
329,2026-07-23 12:30:03,7441.5,303,245,14,0
329,2026-07-23 12:30:03,7441.25,221,192,0,0
329,2026-07-23 12:30:03,7441,98,44,0,0
329,2026-07-23 12:30:03,7440.75,43,33,0,0
329,2026-07-23 12:30:03,7440.5,2,0,0,0
330,2026-07-23 12:33:23,7442.75,60,55,0,0
330,2026-07-23 12:33:23,7443,68,62,0,0
330,2026-07-23 12:33:23,7443.25,16,41,0,0
330,2026-07-23 12:33:23,7442.5,86,101,0,0
330,2026-07-23 12:33:23,7442.25,146,110,0,0
330,2026-07-23 12:33:23,7442,94,86,0,0
330,2026-07-23 12:33:23,7441.75,168,215,0,10
330,2026-07-23 12:33:23,7441.5,183,233,0,47
330,2026-07-23 12:33:23,7441.25,85,152,0,0
330,2026-07-23 12:33:23,7441,143,119,0,0
330,2026-07-23 12:33:23,7440.75,125,127,0,0
330,2026-07-23 12:33:23,7440.5,60,93,0,0
330,2026-07-23 12:33:23,7440.25,79,84,0,0
330,2026-07-23 12:33:23,7440,66,26,10,0
330,2026-07-23 12:33:23,7439.75,23,3,0,0
330,2026-07-23 12:33:23,7439.5,16,9,0,0
330,2026-07-23 12:33:23,7439.25,5,1,0,0
330,2026-07-23 12:33:23,7439,73,61,0,0
330,2026-07-23 12:33:23,7438.75,17,74,0,0
330,2026-07-23 12:33:23,7438.5,100,29,0,0
330,2026-07-23 12:33:23,7438.25,61,31,0,0
330,2026-07-23 12:33:23,7438,148,64,43,0
330,2026-07-23 12:33:23,7437.75,37,8,0,0
330,2026-07-23 12:33:23,7437.5,57,66,0,0
330,2026-07-23 12:33:23,7437.25,152,125,0,0
330,2026-07-23 12:33:23,7437,251,201,49,10
330,2026-07-23 12:33:23,7436.75,274,239,32,0
330,2026-07-23 12:33:23,7436.5,191,144,0,0
330,2026-07-23 12:33:23,7436.25,205,160,0,0
330,2026-07-23 12:33:23,7436,125,148,0,0
330,2026-07-23 12:33:23,7435.75,107,110,0,0
330,2026-07-23 12:33:23,7435.5,85,38,0,0
330,2026-07-23 12:33:23,7435.25,44,43,0,0
330,2026-07-23 12:33:23,7435,52,29,0,0
330,2026-07-23 12:33:23,7434.75,11,0,0,0
331,2026-07-23 12:37:02,7435.5,91,171,0,0
331,2026-07-23 12:37:02,7435.25,183,186,0,0
331,2026-07-23 12:37:02,7435.75,114,151,0,0
331,2026-07-23 12:37:02,7436,141,136,0,0
331,2026-07-23 12:37:02,7435,136,114,0,0
331,2026-07-23 12:37:02,7436.25,140,120,0,0
331,2026-07-23 12:37:02,7436.5,240,316,0,0
331,2026-07-23 12:37:02,7434.75,129,46,0,0
331,2026-07-23 12:37:02,7436.75,273,322,0,0
331,2026-07-23 12:37:02,7437,320,386,20,0
331,2026-07-23 12:37:02,7437.25,222,299,0,0
331,2026-07-23 12:37:02,7437.5,128,132,0,0
331,2026-07-23 12:37:02,7437.75,160,183,0,11
331,2026-07-23 12:37:02,7438,170,188,0,0
331,2026-07-23 12:37:02,7438.25,111,221,0,15
331,2026-07-23 12:37:02,7438.5,103,77,0,0
331,2026-07-23 12:37:02,7438.75,16,76,0,0
331,2026-07-23 12:37:02,7439,1,16,0,0
331,2026-07-23 12:37:02,7439.25,0,3,0,0
331,2026-07-23 12:37:02,7434.5,38,39,0,0
331,2026-07-23 12:37:02,7434.25,121,98,0,0
331,2026-07-23 12:37:02,7434,106,33,23,0
331,2026-07-23 12:37:02,7433.75,35,4,0,0
331,2026-07-23 12:37:02,7433.5,12,0,0,0
331,2026-07-23 12:37:02,7433.25,68,79,0,44
331,2026-07-23 12:37:02,7433,38,0,0,0
332,2026-07-23 12:40:51,7433.25,145,108,0,17
332,2026-07-23 12:40:51,7433.5,125,218,0,22
332,2026-07-23 12:40:51,7433,33,27,0,0
332,2026-07-23 12:40:51,7433.75,83,133,0,22
332,2026-07-23 12:40:51,7434,94,174,0,0
332,2026-07-23 12:40:51,7434.25,29,43,0,0
332,2026-07-23 12:40:51,7434.5,77,94,0,22
332,2026-07-23 12:40:51,7434.75,141,196,0,0
332,2026-07-23 12:40:51,7435,197,197,0,0
332,2026-07-23 12:40:51,7435.25,119,187,0,11
332,2026-07-23 12:40:51,7435.5,200,211,0,0
332,2026-07-23 12:40:51,7435.75,191,284,0,0
332,2026-07-23 12:40:51,7436,150,172,0,0
332,2026-07-23 12:40:51,7436.25,124,150,18,0
332,2026-07-23 12:40:51,7436.5,89,74,47,0
332,2026-07-23 12:40:51,7436.75,27,26,0,0
332,2026-07-23 12:40:51,7437,96,71,0,0
332,2026-07-23 12:40:51,7437.25,107,191,0,0
332,2026-07-23 12:40:51,7437.5,195,205,0,0
332,2026-07-23 12:40:51,7437.75,180,282,0,0
332,2026-07-23 12:40:51,7438,162,190,0,0
332,2026-07-23 12:40:51,7438.25,100,213,0,10
332,2026-07-23 12:40:51,7438.5,98,114,0,0
332,2026-07-23 12:40:51,7438.75,66,69,0,0
332,2026-07-23 12:40:51,7439,14,29,0,0
332,2026-07-23 12:40:51,7439.25,0,8,0,0
333,2026-07-23 12:44:30,7437.5,133,82,10,0
333,2026-07-23 12:44:30,7437.25,44,78,0,0
333,2026-07-23 12:44:30,7437,111,83,0,0
333,2026-07-23 12:44:30,7436.75,96,55,0,0
333,2026-07-23 12:44:30,7436.5,101,48,0,0
333,2026-07-23 12:44:30,7436.25,63,54,0,0
333,2026-07-23 12:44:30,7437.75,134,114,0,0
333,2026-07-23 12:44:30,7438,59,65,0,0
333,2026-07-23 12:44:30,7438.25,91,148,0,0
333,2026-07-23 12:44:30,7438.5,50,97,11,0
333,2026-07-23 12:44:30,7438.75,20,69,0,0
333,2026-07-23 12:44:30,7436,55,65,0,0
333,2026-07-23 12:44:30,7435.75,32,36,0,0
333,2026-07-23 12:44:30,7435.5,24,9,0,0
333,2026-07-23 12:44:30,7439,39,52,0,0
333,2026-07-23 12:44:30,7439.25,223,189,94,0
333,2026-07-23 12:44:30,7439.5,79,109,0,0
333,2026-07-23 12:44:30,7439.75,114,125,10,0
333,2026-07-23 12:44:30,7440,98,84,0,0
333,2026-07-23 12:44:30,7440.25,48,83,0,0
333,2026-07-23 12:44:30,7440.5,38,59,0,0
333,2026-07-23 12:44:30,7440.75,56,74,0,0
333,2026-07-23 12:44:30,7441,189,128,0,0
333,2026-07-23 12:44:30,7441.25,121,134,21,0
333,2026-07-23 12:44:30,7441.5,417,367,22,0
333,2026-07-23 12:44:30,7441.75,169,308,22,21
333,2026-07-23 12:44:30,7442,212,230,0,43
333,2026-07-23 12:44:30,7442.25,162,183,15,0
333,2026-07-23 12:44:30,7442.5,88,104,10,0
333,2026-07-23 12:44:30,7442.75,56,42,0,0
333,2026-07-23 12:44:30,7443,36,65,0,0
333,2026-07-23 12:44:30,7443.25,0,3,0,0
334,2026-07-23 12:47:29,7442,435,389,14,11
334,2026-07-23 12:47:29,7441.75,355,316,0,0
334,2026-07-23 12:47:29,7441.5,456,284,11,0
334,2026-07-23 12:47:29,7441.25,313,285,0,0
334,2026-07-23 12:47:29,7441,387,342,0,0
334,2026-07-23 12:47:29,7442.25,350,415,0,0
334,2026-07-23 12:47:29,7442.5,235,194,11,0
334,2026-07-23 12:47:29,7442.75,149,179,12,0
334,2026-07-23 12:47:29,7443,108,134,12,0
334,2026-07-23 12:47:29,7443.25,18,32,0,0
334,2026-07-23 12:47:29,7440.75,217,166,0,0
334,2026-07-23 12:47:29,7440.5,161,143,0,0
334,2026-07-23 12:47:29,7440.25,69,98,0,0
334,2026-07-23 12:47:29,7440,120,86,0,0
334,2026-07-23 12:47:29,7439.75,40,19,0,0
334,2026-07-23 12:47:29,7439.5,5,0,0,0
335,2026-07-23 12:51:38,7440,184,149,32,0
335,2026-07-23 12:51:38,7440.25,136,105,0,0
335,2026-07-23 12:51:38,7439.75,233,192,0,0
335,2026-07-23 12:51:38,7439.5,212,140,0,10
335,2026-07-23 12:51:38,7439.25,158,124,0,0
335,2026-07-23 12:51:38,7440.5,83,95,0,15
335,2026-07-23 12:51:38,7440.75,150,157,20,0
335,2026-07-23 12:51:38,7441,121,98,0,0
335,2026-07-23 12:51:38,7441.25,120,161,0,16
335,2026-07-23 12:51:38,7441.5,128,99,0,0
335,2026-07-23 12:51:38,7441.75,137,98,0,0
335,2026-07-23 12:51:38,7442,33,55,11,0
335,2026-07-23 12:51:38,7442.25,78,42,0,0
335,2026-07-23 12:51:38,7442.5,82,107,0,0
335,2026-07-23 12:51:38,7442.75,30,29,0,0
335,2026-07-23 12:51:38,7439,180,122,10,0
335,2026-07-23 12:51:38,7438.75,152,69,0,0
335,2026-07-23 12:51:38,7438.5,94,77,0,0
335,2026-07-23 12:51:38,7438.25,91,87,0,0
335,2026-07-23 12:51:38,7438,82,51,0,0
335,2026-07-23 12:51:38,7437.75,102,35,0,0
335,2026-07-23 12:51:38,7437.5,19,5,0,0
335,2026-07-23 12:51:38,7437.25,70,35,15,0
335,2026-07-23 12:51:38,7437,81,70,0,0
335,2026-07-23 12:51:38,7436.75,77,106,0,0
335,2026-07-23 12:51:38,7436.5,131,45,0,0
335,2026-07-23 12:51:38,7436.25,100,65,0,0
335,2026-07-23 12:51:38,7436,69,40,0,0
335,2026-07-23 12:51:38,7435.75,79,91,0,0
335,2026-07-23 12:51:38,7435.5,117,111,0,0
335,2026-07-23 12:51:38,7435.25,136,98,0,0
335,2026-07-23 12:51:38,7435,124,85,0,0
335,2026-07-23 12:51:38,7434.75,53,12,0,0
335,2026-07-23 12:51:38,7434.5,3,0,0,0
336,2026-07-23 12:56:03,7435.75,19,20,0,0
336,2026-07-23 12:56:03,7435.5,9,18,0,0
336,2026-07-23 12:56:03,7435.25,11,0,0,0
336,2026-07-23 12:56:03,7435,2,0,0,0
336,2026-07-23 12:56:03,7434.75,41,76,0,0
336,2026-07-23 12:56:03,7434.5,55,90,0,0
336,2026-07-23 12:56:03,7434.25,168,165,0,10
336,2026-07-23 12:56:03,7434,167,139,0,0
336,2026-07-23 12:56:03,7433.75,210,231,0,0
336,2026-07-23 12:56:03,7433.5,188,151,11,0
336,2026-07-23 12:56:03,7433.25,131,169,0,0
336,2026-07-23 12:56:03,7433,183,193,0,0
336,2026-07-23 12:56:03,7432.75,235,292,0,0
336,2026-07-23 12:56:03,7432.5,345,391,0,0
336,2026-07-23 12:56:03,7432.25,550,573,14,0
336,2026-07-23 12:56:03,7432,405,346,0,0
336,2026-07-23 12:56:03,7431.75,165,150,0,12
336,2026-07-23 12:56:03,7431.5,126,73,42,0
336,2026-07-23 12:56:03,7431.25,83,85,0,0
336,2026-07-23 12:56:03,7431,79,36,0,0
336,2026-07-23 12:56:03,7430.75,49,50,0,0
336,2026-07-23 12:56:03,7430.5,23,7,0,0
337,2026-07-23 13:00:36,7432.5,283,220,0,0
337,2026-07-23 13:00:36,7432.25,261,267,0,0
337,2026-07-23 13:00:36,7432,279,303,0,0
337,2026-07-23 13:00:36,7432.75,170,191,0,10
337,2026-07-23 13:00:36,7433,100,146,0,0
337,2026-07-23 13:00:36,7433.25,40,94,0,0
337,2026-07-23 13:00:36,7433.5,0,14,0,0
337,2026-07-23 13:00:36,7431.75,260,133,27,0
337,2026-07-23 13:00:36,7431.5,81,65,0,0
337,2026-07-23 13:00:36,7431.25,174,163,25,0
337,2026-07-23 13:00:36,7431,227,241,0,15
337,2026-07-23 13:00:36,7430.75,268,331,29,0
337,2026-07-23 13:00:36,7430.5,356,414,0,13
337,2026-07-23 13:00:36,7430.25,321,227,0,0
337,2026-07-23 13:00:36,7430,153,167,0,0
337,2026-07-23 13:00:36,7429.75,189,127,0,0
337,2026-07-23 13:00:36,7429.5,72,43,10,0
337,2026-07-23 13:00:36,7429.25,83,28,15,0
337,2026-07-23 13:00:36,7429,10,0,0,0
338,2026-07-23 13:04:20,7430.75,200,225,0,0
338,2026-07-23 13:04:20,7430.5,300,267,0,0
338,2026-07-23 13:04:20,7431,104,131,0,0
338,2026-07-23 13:04:20,7430.25,361,385,0,0
338,2026-07-23 13:04:20,7430,640,557,42,0
338,2026-07-23 13:04:20,7429.75,425,320,0,0
338,2026-07-23 13:04:20,7429.5,354,310,0,0
338,2026-07-23 13:04:20,7429.25,276,251,0,0
338,2026-07-23 13:04:20,7429,226,174,0,0
338,2026-07-23 13:04:20,7431.25,133,115,0,0
338,2026-07-23 13:04:20,7431.5,130,86,0,0
338,2026-07-23 13:04:20,7431.75,13,35,0,0
338,2026-07-23 13:04:20,7432,0,6,0,0
338,2026-07-23 13:04:20,7428.75,186,152,0,0
338,2026-07-23 13:04:20,7428.5,92,32,10,0
338,2026-07-23 13:04:20,7428.25,14,0,0,0
339,2026-07-23 13:09:02,7430,241,246,0,0
339,2026-07-23 13:09:02,7429.75,262,310,0,0
339,2026-07-23 13:09:02,7429.5,239,194,62,0
339,2026-07-23 13:09:02,7430.25,253,271,0,0
339,2026-07-23 13:09:02,7430.5,181,226,0,0
339,2026-07-23 13:09:02,7430.75,145,163,0,0
339,2026-07-23 13:09:02,7429.25,193,229,0,0
339,2026-07-23 13:09:02,7429,83,7,0,0
339,2026-07-23 13:09:02,7431,84,95,0,0
339,2026-07-23 13:09:02,7431.25,88,103,0,0
339,2026-07-23 13:09:02,7431.5,109,144,0,0
339,2026-07-23 13:09:02,7431.75,98,118,0,0
339,2026-07-23 13:09:02,7432,105,122,0,0
339,2026-07-23 13:09:02,7432.25,121,122,0,0
339,2026-07-23 13:09:02,7432.5,75,98,0,0
339,2026-07-23 13:09:02,7432.75,77,81,0,0
339,2026-07-23 13:09:02,7433,218,197,10,0
339,2026-07-23 13:09:02,7433.25,197,309,0,34
339,2026-07-23 13:09:02,7433.5,84,124,0,0
339,2026-07-23 13:09:02,7433.75,94,114,0,0
339,2026-07-23 13:09:02,7434,103,170,0,0
339,2026-07-23 13:09:02,7434.25,0,6,0,0
340,2026-07-23 13:13:51,7433,171,206,0,25
340,2026-07-23 13:13:51,7432.75,201,278,0,25
340,2026-07-23 13:13:51,7433.25,79,104,0,0
340,2026-07-23 13:13:51,7432.5,414,442,10,35
340,2026-07-23 13:13:51,7432.25,300,288,0,13
340,2026-07-23 13:13:51,7432,159,122,0,0
340,2026-07-23 13:13:51,7431.75,118,87,0,0
340,2026-07-23 13:13:51,7431.5,127,140,0,0
340,2026-07-23 13:13:51,7431.25,119,161,0,0
340,2026-07-23 13:13:51,7431,106,106,0,0
340,2026-07-23 13:13:51,7430.75,271,340,0,11
340,2026-07-23 13:13:51,7430.5,248,263,0,15
340,2026-07-23 13:13:51,7430.25,278,222,0,0
340,2026-07-23 13:13:51,7430,152,74,0,0
340,2026-07-23 13:13:51,7429.75,91,84,10,0
340,2026-07-23 13:13:51,7433.5,92,85,0,0
340,2026-07-23 13:13:51,7433.75,89,132,0,0
340,2026-07-23 13:13:51,7434,8,32,0,0
340,2026-07-23 13:13:51,7434.25,0,28,0,0
340,2026-07-23 13:13:51,7429.5,83,62,0,0
340,2026-07-23 13:13:51,7429.25,63,44,0,0
340,2026-07-23 13:13:51,7429,28,3,0,0
341,2026-07-23 13:18:24,7430.75,211,204,16,14
341,2026-07-23 13:18:24,7431,326,241,28,0
341,2026-07-23 13:18:24,7431.25,395,483,0,0
341,2026-07-23 13:18:24,7431.5,138,280,0,28
341,2026-07-23 13:18:24,7430.5,136,140,0,0
341,2026-07-23 13:18:24,7430.25,229,189,0,0
341,2026-07-23 13:18:24,7430,157,272,11,147
341,2026-07-23 13:18:24,7429.75,89,134,0,0
341,2026-07-23 13:18:24,7429.5,123,193,0,0
341,2026-07-23 13:18:24,7429.25,107,65,0,0
341,2026-07-23 13:18:24,7429,22,6,0,0
341,2026-07-23 13:18:24,7428.75,44,19,0,0
341,2026-07-23 13:18:24,7431.75,184,152,48,0
341,2026-07-23 13:18:24,7432,163,199,0,20
341,2026-07-23 13:18:24,7432.25,183,158,61,0
341,2026-07-23 13:18:24,7432.5,159,236,0,0
341,2026-07-23 13:18:24,7432.75,141,243,0,0
341,2026-07-23 13:18:24,7433,141,203,0,12
341,2026-07-23 13:18:24,7433.25,0,64,0,0
341,2026-07-23 13:18:24,7433.5,0,42,0,0
341,2026-07-23 13:18:24,7433.75,0,30,0,0
342,2026-07-23 13:23:46,7432.25,299,346,0,23
342,2026-07-23 13:23:46,7432,335,297,14,0
342,2026-07-23 13:23:46,7432.5,343,369,35,13
342,2026-07-23 13:23:46,7432.75,166,257,0,0
342,2026-07-23 13:23:46,7433,292,249,0,0
342,2026-07-23 13:23:46,7433.25,199,210,0,0
342,2026-07-23 13:23:46,7433.5,195,177,0,0
342,2026-07-23 13:23:46,7433.75,117,160,0,0
342,2026-07-23 13:23:46,7434,172,192,10,0
342,2026-07-23 13:23:46,7434.25,152,176,0,0
342,2026-07-23 13:23:46,7434.5,253,271,80,14
342,2026-07-23 13:23:46,7434.75,173,182,0,0
342,2026-07-23 13:23:46,7435,22,77,0,10
342,2026-07-23 13:23:46,7435.25,12,19,0,0
342,2026-07-23 13:23:46,7435.5,0,2,0,0
342,2026-07-23 13:23:46,7431.75,189,172,0,0
342,2026-07-23 13:23:46,7431.5,200,94,0,0
342,2026-07-23 13:23:46,7431.25,63,26,0,0
342,2026-07-23 13:23:46,7431,30,9,0,0
342,2026-07-23 13:23:46,7430.75,3,0,0,0
343,2026-07-23 13:28:53,7433,26,22,0,0
343,2026-07-23 13:28:53,7432.75,2,0,0,0
343,2026-07-23 13:28:53,7433.25,17,16,0,0
343,2026-07-23 13:28:53,7433.5,67,44,0,0
343,2026-07-23 13:28:53,7433.75,140,76,0,0
343,2026-07-23 13:28:53,7434,166,101,10,0
343,2026-07-23 13:28:53,7434.25,230,267,0,0
343,2026-07-23 13:28:53,7434.5,261,261,0,0
343,2026-07-23 13:28:53,7434.75,344,330,0,0
343,2026-07-23 13:28:53,7435,351,331,13,0
343,2026-07-23 13:28:53,7435.25,301,296,0,0
343,2026-07-23 13:28:53,7435.5,223,222,0,0
343,2026-07-23 13:28:53,7435.75,315,294,16,12
343,2026-07-23 13:28:53,7436,324,312,0,0
343,2026-07-23 13:28:53,7436.25,294,340,0,0
343,2026-07-23 13:28:53,7436.5,150,284,0,0
343,2026-07-23 13:28:53,7436.75,24,52,0,0
343,2026-07-23 13:28:53,7437,0,17,0,0
344,2026-07-23 13:33:27,7434,125,38,0,0
344,2026-07-23 13:33:27,7434.25,230,157,0,0
344,2026-07-23 13:33:27,7434.5,131,121,0,0
344,2026-07-23 13:33:27,7434.75,189,161,0,0
344,2026-07-23 13:33:27,7435,282,226,0,13
344,2026-07-23 13:33:27,7435.25,139,125,0,0
344,2026-07-23 13:33:27,7435.5,96,94,0,0
344,2026-07-23 13:33:27,7435.75,56,51,0,0
344,2026-07-23 13:33:27,7436,35,36,0,0
344,2026-07-23 13:33:27,7436.25,133,125,23,0
344,2026-07-23 13:33:27,7436.5,117,100,0,0
344,2026-07-23 13:33:27,7436.75,208,272,0,0
344,2026-07-23 13:33:27,7437,126,158,0,30
344,2026-07-23 13:33:27,7437.25,59,104,0,0
344,2026-07-23 13:33:27,7437.5,9,26,0,0
344,2026-07-23 13:33:27,7433.75,81,119,0,29
344,2026-07-23 13:33:27,7433.5,104,34,0,0
344,2026-07-23 13:33:27,7433.25,28,17,0,0
344,2026-07-23 13:33:27,7433,32,12,0,0
344,2026-07-23 13:33:27,7432.75,105,65,0,0
344,2026-07-23 13:33:27,7432.5,68,59,0,0
344,2026-07-23 13:33:27,7432.25,139,133,0,0
344,2026-07-23 13:33:27,7432,166,98,0,0
344,2026-07-23 13:33:27,7431.75,192,55,0,0
344,2026-07-23 13:33:27,7431.5,109,72,0,0
344,2026-07-23 13:33:27,7431.25,166,158,0,0
344,2026-07-23 13:33:27,7431,218,143,0,0
344,2026-07-23 13:33:27,7430.75,111,44,0,0
344,2026-07-23 13:33:27,7430.5,81,1,0,0
344,2026-07-23 13:33:27,7430.25,36,1,0,0
344,2026-07-23 13:33:27,7430,42,21,0,0
344,2026-07-23 13:33:27,7429.75,28,18,0,0
344,2026-07-23 13:33:27,7429.5,15,0,0,0
345,2026-07-23 13:37:24,7429.75,386,477,0,0
345,2026-07-23 13:37:24,7430,277,447,0,73
345,2026-07-23 13:37:24,7429.5,610,523,0,0
345,2026-07-23 13:37:24,7429.25,513,325,0,0
345,2026-07-23 13:37:24,7429,300,291,27,112
345,2026-07-23 13:37:24,7430.25,271,242,0,0
345,2026-07-23 13:37:24,7430.5,257,304,0,0
345,2026-07-23 13:37:24,7430.75,127,212,0,0
345,2026-07-23 13:37:24,7431,40,41,0,0
345,2026-07-23 13:37:24,7431.25,0,4,0,0
345,2026-07-23 13:37:24,7428.75,200,115,0,0
345,2026-07-23 13:37:24,7428.5,125,17,0,0
345,2026-07-23 13:37:24,7428.25,38,0,0,0
345,2026-07-23 13:37:24,7428,35,7,0,0
345,2026-07-23 13:37:24,7427.75,78,69,0,0
345,2026-07-23 13:37:24,7427.5,75,71,0,0
345,2026-07-23 13:37:24,7427.25,23,0,0,0
346,2026-07-23 13:41:57,7428,136,80,0,0
346,2026-07-23 13:41:57,7428.25,218,157,0,0
346,2026-07-23 13:41:57,7427.75,100,123,0,10
346,2026-07-23 13:41:57,7427.5,96,130,0,0
346,2026-07-23 13:41:57,7427.25,123,169,0,0
346,2026-07-23 13:41:57,7427,170,92,10,0
346,2026-07-23 13:41:57,7426.75,31,11,0,0
346,2026-07-23 13:41:57,7428.5,351,353,0,0
346,2026-07-23 13:41:57,7428.75,305,274,0,0
346,2026-07-23 13:41:57,7429,289,273,0,0
346,2026-07-23 13:41:57,7429.25,56,96,0,0
346,2026-07-23 13:41:57,7429.5,40,67,0,0
346,2026-07-23 13:41:57,7429.75,23,49,0,0
346,2026-07-23 13:41:57,7430,27,71,0,0
346,2026-07-23 13:41:57,7430.25,14,76,0,0
346,2026-07-23 13:41:57,7430.5,27,85,0,0
346,2026-07-23 13:41:57,7430.75,70,118,0,0
346,2026-07-23 13:41:57,7431,220,252,0,0
346,2026-07-23 13:41:57,7431.25,181,250,0,11
346,2026-07-23 13:41:57,7431.5,152,202,0,0
346,2026-07-23 13:41:57,7431.75,227,269,10,22
346,2026-07-23 13:41:57,7432,62,156,0,0
346,2026-07-23 13:41:57,7432.25,58,119,0,0
346,2026-07-23 13:41:57,7432.5,2,50,0,0
347,2026-07-23 13:46:12,7432.5,154,170,12,0
347,2026-07-23 13:46:12,7432.75,234,195,10,0
347,2026-07-23 13:46:12,7433,147,159,0,0
347,2026-07-23 13:46:12,7432.25,85,49,0,0
347,2026-07-23 13:46:12,7432,58,51,0,0
347,2026-07-23 13:46:12,7431.75,25,0,0,0
347,2026-07-23 13:46:12,7433.25,377,166,77,0
347,2026-07-23 13:46:12,7433.5,517,473,0,0
347,2026-07-23 13:46:12,7433.75,522,481,30,0
347,2026-07-23 13:46:12,7434,430,419,36,0
347,2026-07-23 13:46:12,7434.25,216,316,0,29
347,2026-07-23 13:46:12,7434.5,126,223,17,56
347,2026-07-23 13:46:12,7434.75,179,173,0,15
347,2026-07-23 13:46:12,7435,179,216,0,0
347,2026-07-23 13:46:12,7435.25,50,108,0,0
347,2026-07-23 13:46:12,7435.5,0,2,0,0
348,2026-07-23 13:50:35,7433.75,57,58,12,0
348,2026-07-23 13:50:35,7434,36,46,0,0
348,2026-07-23 13:50:35,7434.25,37,24,0,0
348,2026-07-23 13:50:35,7434.5,0,29,0,0
348,2026-07-23 13:50:35,7433.5,128,150,11,0
348,2026-07-23 13:50:35,7433.25,245,158,42,0
348,2026-07-23 13:50:35,7433,228,227,0,0
348,2026-07-23 13:50:35,7432.75,456,450,0,0
348,2026-07-23 13:50:35,7432.5,436,293,0,0
348,2026-07-23 13:50:35,7432.25,295,321,23,0
348,2026-07-23 13:50:35,7432,289,119,10,0
348,2026-07-23 13:50:35,7431.75,57,73,0,0
348,2026-07-23 13:50:35,7431.5,58,26,0,0
348,2026-07-23 13:50:35,7431.25,39,39,0,0
348,2026-07-23 13:50:35,7431,134,42,31,0
348,2026-07-23 13:50:35,7430.75,57,43,0,0
348,2026-07-23 13:50:35,7430.5,62,30,0,0
348,2026-07-23 13:50:35,7430.25,29,4,0,0
348,2026-07-23 13:50:35,7430,12,3,0,0
348,2026-07-23 13:50:35,7429.75,59,37,0,0
348,2026-07-23 13:50:35,7429.5,93,144,0,11
348,2026-07-23 13:50:35,7429.25,144,96,0,0
348,2026-07-23 13:50:35,7429,56,55,0,0
348,2026-07-23 13:50:35,7428.75,34,9,0,0
348,2026-07-23 13:50:35,7428.5,44,0,16,0
348,2026-07-23 13:50:35,7428.25,39,38,0,0
348,2026-07-23 13:50:35,7428,101,157,0,0
348,2026-07-23 13:50:35,7427.75,238,153,0,0
348,2026-07-23 13:50:35,7427.5,110,68,15,0
348,2026-07-23 13:50:35,7427.25,28,7,0,0
349,2026-07-23 13:55:24,7427.75,234,214,0,0
349,2026-07-23 13:55:24,7428,289,343,0,0
349,2026-07-23 13:55:24,7428.25,321,333,40,0
349,2026-07-23 13:55:24,7427.5,250,198,23,0
349,2026-07-23 13:55:24,7428.5,492,548,0,15
349,2026-07-23 13:55:24,7428.75,503,470,0,0
349,2026-07-23 13:55:24,7429,225,386,0,0
349,2026-07-23 13:55:24,7429.25,108,132,0,0
349,2026-07-23 13:55:24,7427.25,115,62,40,0
349,2026-07-23 13:55:24,7427,52,16,0,0
349,2026-07-23 13:55:24,7429.5,103,179,0,0
349,2026-07-23 13:55:24,7429.75,52,114,0,0
349,2026-07-23 13:55:24,7430,48,109,0,0
349,2026-07-23 13:55:24,7430.25,58,156,0,40
349,2026-07-23 13:55:24,7430.5,37,85,0,0
349,2026-07-23 13:55:24,7430.75,23,33,0,0
349,2026-07-23 13:55:24,7431,43,37,0,0
349,2026-07-23 13:55:24,7431.25,39,75,0,0
349,2026-07-23 13:55:24,7431.5,0,18,0,0
350,2026-07-23 13:59:58,7431.25,80,53,0,0
350,2026-07-23 13:59:58,7431.5,138,138,20,0
350,2026-07-23 13:59:58,7431,16,0,0,0
350,2026-07-23 13:59:58,7431.75,217,202,28,0
350,2026-07-23 13:59:58,7432,267,233,0,0
350,2026-07-23 13:59:58,7432.25,395,384,20,0
350,2026-07-23 13:59:58,7432.5,453,460,0,0
350,2026-07-23 13:59:58,7432.75,368,373,0,0
350,2026-07-23 13:59:58,7433,217,227,0,0
350,2026-07-23 13:59:58,7433.25,285,240,0,0
350,2026-07-23 13:59:58,7433.5,59,109,0,0
350,2026-07-23 13:59:58,7433.75,68,53,14,0
350,2026-07-23 13:59:58,7434,69,99,0,0
350,2026-07-23 13:59:58,7434.25,48,44,0,0
350,2026-07-23 13:59:58,7434.5,70,100,15,0
350,2026-07-23 13:59:58,7434.75,28,41,0,0
350,2026-07-23 13:59:58,7435,0,19,0,0
350,2026-07-23 13:59:58,7430.75,64,6,0,0
350,2026-07-23 13:59:58,7430.5,43,4,0,0
350,2026-07-23 13:59:58,7430.25,15,15,0,0
350,2026-07-23 13:59:58,7430,93,104,0,0
350,2026-07-23 13:59:58,7429.75,86,145,0,0
350,2026-07-23 13:59:58,7429.5,111,88,0,14
350,2026-07-23 13:59:58,7429.25,52,42,0,0
350,2026-07-23 13:59:58,7429,61,10,0,0
350,2026-07-23 13:59:58,7428.75,8,0,0,0
351,2026-07-23 14:04:00,7429,492,487,0,0
351,2026-07-23 14:04:00,7428.75,367,193,23,0
351,2026-07-23 14:04:00,7429.25,429,524,0,0
351,2026-07-23 14:04:00,7429.5,457,459,0,0
351,2026-07-23 14:04:00,7429.75,491,648,13,53
351,2026-07-23 14:04:00,7430,423,378,0,0
351,2026-07-23 14:04:00,7428.5,223,198,0,0
351,2026-07-23 14:04:00,7428.25,175,69,0,0
351,2026-07-23 14:04:00,7428,47,32,0,0
351,2026-07-23 14:04:00,7427.75,11,0,0,0
351,2026-07-23 14:04:00,7430.25,154,233,12,0
351,2026-07-23 14:04:00,7430.5,0,10,0,0
352,2026-07-23 14:08:57,7430.5,74,103,0,40
352,2026-07-23 14:08:57,7430.25,86,51,0,0
352,2026-07-23 14:08:57,7430,20,2,0,0
352,2026-07-23 14:08:57,7430.75,0,7,0,0
352,2026-07-23 14:08:57,7429.75,31,31,0,0
352,2026-07-23 14:08:57,7429.5,152,187,0,0
352,2026-07-23 14:08:57,7429.25,249,305,0,0
352,2026-07-23 14:08:57,7429,243,241,0,0
352,2026-07-23 14:08:57,7428.75,154,156,0,0
352,2026-07-23 14:08:57,7428.5,129,240,0,11
352,2026-07-23 14:08:57,7428.25,223,167,0,0
352,2026-07-23 14:08:57,7428,202,225,15,0
352,2026-07-23 14:08:57,7427.75,359,356,10,0
352,2026-07-23 14:08:57,7427.5,360,419,0,0
352,2026-07-23 14:08:57,7427.25,349,265,0,0
352,2026-07-23 14:08:57,7427,169,138,0,0
352,2026-07-23 14:08:57,7426.75,111,146,0,0
352,2026-07-23 14:08:57,7426.5,49,99,0,0
352,2026-07-23 14:08:57,7426.25,121,114,0,0
352,2026-07-23 14:08:57,7426,66,43,0,0
352,2026-07-23 14:08:57,7425.75,51,1,0,0
352,2026-07-23 14:08:57,7425.5,6,0,0,0
353,2026-07-23 14:14:16,7428,63,126,0,0
353,2026-07-23 14:14:16,7428.25,46,114,0,0
353,2026-07-23 14:14:16,7427.75,113,112,25,0
353,2026-07-23 14:14:16,7427.5,101,199,0,0
353,2026-07-23 14:14:16,7427.25,122,92,0,0
353,2026-07-23 14:14:16,7427,54,15,0,0
353,2026-07-23 14:14:16,7428.5,75,147,0,0
353,2026-07-23 14:14:16,7428.75,101,127,0,0
353,2026-07-23 14:14:16,7429,120,114,0,0
353,2026-07-23 14:14:16,7429.25,191,224,0,0
353,2026-07-23 14:14:16,7429.5,245,368,0,21
353,2026-07-23 14:14:16,7429.75,223,232,0,0
353,2026-07-23 14:14:16,7430,377,413,10,10
353,2026-07-23 14:14:16,7430.25,217,296,0,0
353,2026-07-23 14:14:16,7430.5,221,305,33,28
353,2026-07-23 14:14:16,7430.75,112,115,0,0
353,2026-07-23 14:14:16,7431,89,153,0,0
353,2026-07-23 14:14:16,7431.25,33,82,0,0
353,2026-07-23 14:14:16,7431.5,80,83,0,0
353,2026-07-23 14:14:16,7431.75,82,117,0,0
353,2026-07-23 14:14:16,7432,35,62,0,0
353,2026-07-23 14:14:16,7432.25,76,57,0,0
353,2026-07-23 14:14:16,7432.5,72,74,35,0
353,2026-07-23 14:14:16,7432.75,0,25,0,0
354,2026-07-23 14:18:34,7429.5,107,86,22,0
354,2026-07-23 14:18:34,7429.25,55,11,0,0
354,2026-07-23 14:18:34,7429.75,113,181,10,0
354,2026-07-23 14:18:34,7430,105,119,18,0
354,2026-07-23 14:18:34,7430.25,171,193,0,0
354,2026-07-23 14:18:34,7430.5,189,199,0,0
354,2026-07-23 14:18:34,7430.75,176,253,0,0
354,2026-07-23 14:18:34,7431,87,155,0,0
354,2026-07-23 14:18:34,7431.25,16,79,0,0
354,2026-07-23 14:18:34,7431.5,20,33,0,0
354,2026-07-23 14:18:34,7431.75,12,20,0,0
354,2026-07-23 14:18:34,7432,126,96,0,0
354,2026-07-23 14:18:34,7432.25,27,53,0,0
354,2026-07-23 14:18:34,7432.5,62,109,0,0
354,2026-07-23 14:18:34,7432.75,25,20,0,0
354,2026-07-23 14:18:34,7433,31,87,0,0
354,2026-07-23 14:18:34,7433.25,39,86,0,0
354,2026-07-23 14:18:34,7433.5,149,107,0,0
354,2026-07-23 14:18:34,7433.75,311,300,0,0
354,2026-07-23 14:18:34,7434,268,321,0,0
354,2026-07-23 14:18:34,7434.25,163,153,28,0
354,2026-07-23 14:18:34,7434.5,52,165,0,0
354,2026-07-23 14:18:34,7434.75,166,195,0,0
354,2026-07-23 14:18:34,7435,70,156,0,0
354,2026-07-23 14:18:34,7435.25,81,196,0,0
354,2026-07-23 14:18:34,7435.5,151,179,0,0
354,2026-07-23 14:18:34,7435.75,0,108,0,0
354,2026-07-23 14:18:34,7436,2,46,0,0
354,2026-07-23 14:18:34,7436.25,7,13,0,0
355,2026-07-23 14:21:38,7436.25,515,674,49,0
355,2026-07-23 14:21:38,7436.5,310,535,10,0
355,2026-07-23 14:21:38,7436,485,569,0,0
355,2026-07-23 14:21:38,7435.75,436,430,20,0
355,2026-07-23 14:21:38,7436.75,59,168,0,17
355,2026-07-23 14:21:38,7435.5,301,313,10,0
355,2026-07-23 14:21:38,7435.25,231,199,46,0
355,2026-07-23 14:21:38,7437,27,57,0,0
355,2026-07-23 14:21:38,7437.25,0,1,0,0
355,2026-07-23 14:21:38,7435,193,174,10,0
355,2026-07-23 14:21:38,7434.75,200,192,0,0
355,2026-07-23 14:21:38,7434.5,110,112,0,0
355,2026-07-23 14:21:38,7434.25,52,57,0,0
355,2026-07-23 14:21:38,7434,47,41,0,0
355,2026-07-23 14:21:38,7433.75,12,0,0,0
356,2026-07-23 14:24:57,7436.75,11,0,0,0
356,2026-07-23 14:24:57,7437,2,48,0,0
356,2026-07-23 14:24:57,7437.25,45,50,0,0
356,2026-07-23 14:24:57,7437.5,30,38,0,0
356,2026-07-23 14:24:57,7437.75,21,45,0,0
356,2026-07-23 14:24:57,7438,143,132,0,0
356,2026-07-23 14:24:57,7438.25,239,330,0,0
356,2026-07-23 14:24:57,7438.5,364,381,57,25
356,2026-07-23 14:24:57,7438.75,440,456,0,0
356,2026-07-23 14:24:57,7439,427,444,10,0
356,2026-07-23 14:24:57,7439.25,592,602,0,0
356,2026-07-23 14:24:57,7439.5,397,552,38,0
356,2026-07-23 14:24:57,7439.75,141,172,0,0
356,2026-07-23 14:24:57,7440,83,117,0,0
356,2026-07-23 14:24:57,7440.25,32,111,0,23
356,2026-07-23 14:24:57,7440.5,15,35,0,10
356,2026-07-23 14:24:57,7440.75,0,5,0,0
357,2026-07-23 14:27:15,7439.5,256,320,14,0
357,2026-07-23 14:27:15,7439.75,106,114,0,0
357,2026-07-23 14:27:15,7440,70,100,0,10
357,2026-07-23 14:27:15,7440.25,0,5,0,0
357,2026-07-23 14:27:15,7439.25,357,222,0,0
357,2026-07-23 14:27:15,7439,142,76,0,0
357,2026-07-23 14:27:15,7438.75,50,77,0,0
357,2026-07-23 14:27:15,7438.5,85,61,22,0
357,2026-07-23 14:27:15,7438.25,53,58,0,0
357,2026-07-23 14:27:15,7438,107,124,0,10
357,2026-07-23 14:27:15,7437.75,152,83,50,0
357,2026-07-23 14:27:15,7437.5,52,12,15,0
357,2026-07-23 14:27:15,7437.25,24,34,0,0
357,2026-07-23 14:27:15,7437,16,28,0,0
357,2026-07-23 14:27:15,7436.75,62,46,0,0
357,2026-07-23 14:27:15,7436.5,157,195,0,0
357,2026-07-23 14:27:15,7436.25,209,197,0,0
357,2026-07-23 14:27:15,7436,307,371,0,53
357,2026-07-23 14:27:15,7435.75,342,386,0,0
357,2026-07-23 14:27:15,7435.5,237,194,0,0
357,2026-07-23 14:27:15,7435.25,154,156,0,0
357,2026-07-23 14:27:15,7435,146,157,0,0
357,2026-07-23 14:27:15,7434.75,161,121,0,0
357,2026-07-23 14:27:15,7434.5,79,39,21,0
358,2026-07-23 14:30:02,7436,147,194,0,10
358,2026-07-23 14:30:02,7435.75,194,184,0,0
358,2026-07-23 14:30:02,7436.25,174,136,0,0
358,2026-07-23 14:30:02,7436.5,73,109,0,0
358,2026-07-23 14:30:02,7435.5,162,171,0,0
358,2026-07-23 14:30:02,7435.25,172,132,0,0
358,2026-07-23 14:30:02,7436.75,90,203,0,78
358,2026-07-23 14:30:02,7435,107,72,0,10
358,2026-07-23 14:30:02,7437,80,81,10,0
358,2026-07-23 14:30:02,7437.25,30,29,0,0
358,2026-07-23 14:30:02,7437.5,191,175,0,0
358,2026-07-23 14:30:02,7437.75,189,276,0,0
358,2026-07-23 14:30:02,7438,60,275,0,91
358,2026-07-23 14:30:02,7438.25,92,56,0,0
358,2026-07-23 14:30:02,7438.5,24,54,0,0
358,2026-07-23 14:30:02,7434.75,85,108,0,0
358,2026-07-23 14:30:02,7434.5,96,64,0,0
358,2026-07-23 14:30:02,7434.25,103,110,0,0
358,2026-07-23 14:30:02,7434,130,7,29,0
358,2026-07-23 14:30:02,7433.75,9,2,0,0
358,2026-07-23 14:30:02,7433.5,132,74,11,0
358,2026-07-23 14:30:02,7433.25,155,73,48,0
358,2026-07-23 14:30:02,7433,41,20,0,0
358,2026-07-23 14:30:02,7432.75,61,58,0,0
358,2026-07-23 14:30:02,7432.5,38,17,0,0
358,2026-07-23 14:30:02,7432.25,85,121,0,0
358,2026-07-23 14:30:02,7432,109,143,0,25
358,2026-07-23 14:30:02,7431.75,107,228,0,12
358,2026-07-23 14:30:02,7431.5,195,120,76,0
358,2026-07-23 14:30:02,7431.25,55,22,0,0
359,2026-07-23 14:32:00,7431.75,311,189,0,0
359,2026-07-23 14:32:00,7431.5,240,391,36,115
359,2026-07-23 14:32:00,7432,332,306,40,45
359,2026-07-23 14:32:00,7432.25,369,487,63,76
359,2026-07-23 14:32:00,7432.5,148,189,0,0
359,2026-07-23 14:32:00,7432.75,103,77,40,0
359,2026-07-23 14:32:00,7433,51,73,0,0
359,2026-07-23 14:32:00,7433.25,0,12,0,0
359,2026-07-23 14:32:00,7431.25,258,198,0,0
359,2026-07-23 14:32:00,7431,119,84,0,0
359,2026-07-23 14:32:00,7430.75,105,95,0,0
359,2026-07-23 14:32:00,7430.5,140,55,20,0
359,2026-07-23 14:32:00,7430.25,228,333,0,97
359,2026-07-23 14:32:00,7430,261,209,15,19
359,2026-07-23 14:32:00,7429.75,158,141,0,0
359,2026-07-23 14:32:00,7429.5,106,71,0,0
359,2026-07-23 14:32:00,7429.25,96,37,0,0
359,2026-07-23 14:32:00,7429,95,17,10,0
359,2026-07-23 14:32:00,7428.75,67,161,0,104
359,2026-07-23 14:32:00,7428.5,94,46,0,0
359,2026-07-23 14:32:00,7428.25,43,5,0,0
360,2026-07-23 14:34:13,7431.25,206,75,20,0
360,2026-07-23 14:34:13,7431.5,404,257,0,0
360,2026-07-23 14:34:13,7431.75,375,304,10,0
360,2026-07-23 14:34:13,7432,358,501,0,11
360,2026-07-23 14:34:13,7432.25,309,412,0,0
360,2026-07-23 14:34:13,7432.5,171,288,25,21
360,2026-07-23 14:34:13,7432.75,175,211,0,0
360,2026-07-23 14:34:13,7433,244,249,0,0
360,2026-07-23 14:34:13,7433.25,142,190,0,0
360,2026-07-23 14:34:13,7433.5,199,165,0,0
360,2026-07-23 14:34:13,7433.75,84,165,0,0
360,2026-07-23 14:34:13,7434,146,128,0,0
360,2026-07-23 14:34:13,7434.25,17,83,0,0
360,2026-07-23 14:34:13,7431,25,48,0,0
360,2026-07-23 14:34:13,7430.75,113,88,0,0
360,2026-07-23 14:34:13,7430.5,80,71,0,0
360,2026-07-23 14:34:13,7430.25,92,83,0,0
360,2026-07-23 14:34:13,7430,36,6,0,0
361,2026-07-23 14:38:23,7431.25,179,257,0,0
361,2026-07-23 14:38:23,7431.5,113,123,0,0
361,2026-07-23 14:38:23,7431.75,101,189,0,70
361,2026-07-23 14:38:23,7432,0,12,0,0
361,2026-07-23 14:38:23,7431,433,491,0,0
361,2026-07-23 14:38:23,7430.75,388,294,0,0
361,2026-07-23 14:38:23,7430.5,259,193,0,25
361,2026-07-23 14:38:23,7430.25,326,394,26,0
361,2026-07-23 14:38:23,7430,230,180,0,26
361,2026-07-23 14:38:23,7429.75,195,110,0,0
361,2026-07-23 14:38:23,7429.5,156,125,0,0
361,2026-07-23 14:38:23,7429.25,220,192,11,0
361,2026-07-23 14:38:23,7429,153,102,10,0
361,2026-07-23 14:38:23,7428.75,130,191,0,12
361,2026-07-23 14:38:23,7428.5,239,162,0,0
361,2026-07-23 14:38:23,7428.25,117,97,0,0
361,2026-07-23 14:38:23,7428,105,41,0,0
361,2026-07-23 14:38:23,7427.75,3,0,0,0
362,2026-07-23 14:42:04,7429,11,3,0,0
362,2026-07-23 14:42:04,7428.75,41,41,0,0
362,2026-07-23 14:42:04,7428.5,45,16,13,0
362,2026-07-23 14:42:04,7428.25,31,13,0,0
362,2026-07-23 14:42:04,7428,75,57,0,0
362,2026-07-23 14:42:04,7427.75,153,56,58,0
362,2026-07-23 14:42:04,7427.5,99,49,0,0
362,2026-07-23 14:42:04,7427.25,35,67,0,0
362,2026-07-23 14:42:04,7427,186,130,0,0
362,2026-07-23 14:42:04,7426.75,127,74,0,0
362,2026-07-23 14:42:04,7426.5,145,156,0,0
362,2026-07-23 14:42:04,7426.25,152,185,0,11
362,2026-07-23 14:42:04,7426,447,481,10,0
362,2026-07-23 14:42:04,7425.75,452,324,0,0
362,2026-07-23 14:42:04,7425.5,407,321,0,0
362,2026-07-23 14:42:04,7425.25,449,281,17,0
362,2026-07-23 14:42:04,7425,412,298,66,0
362,2026-07-23 14:42:04,7424.75,242,133,0,0
362,2026-07-23 14:42:04,7424.5,116,114,0,0
362,2026-07-23 14:42:04,7424.25,63,13,0,0
363,2026-07-23 14:44:16,7425.25,410,318,50,0
363,2026-07-23 14:44:16,7425.5,275,329,0,35
363,2026-07-23 14:44:16,7425,586,462,66,11
363,2026-07-23 14:44:16,7424.75,511,305,67,0
363,2026-07-23 14:44:16,7425.75,99,197,0,0
363,2026-07-23 14:44:16,7424.5,383,210,50,0
363,2026-07-23 14:44:16,7424.25,299,308,0,10
363,2026-07-23 14:44:16,7424,221,131,0,0
363,2026-07-23 14:44:16,7423.75,184,182,0,18
363,2026-07-23 14:44:16,7423.5,164,102,0,20
363,2026-07-23 14:44:16,7423.25,45,16,0,0
363,2026-07-23 14:44:16,7423,36,13,0,0
363,2026-07-23 14:44:16,7422.75,51,10,0,0
363,2026-07-23 14:44:16,7422.5,41,54,0,11
363,2026-07-23 14:44:16,7422.25,113,142,0,0
363,2026-07-23 14:44:16,7422,152,34,11,0
363,2026-07-23 14:44:16,7421.75,55,1,25,0
363,2026-07-23 14:44:16,7421.5,59,2,25,0
364,2026-07-23 14:46:13,7422,95,144,0,12
364,2026-07-23 14:46:13,7422.25,72,71,0,0
364,2026-07-23 14:46:13,7421.75,91,177,0,19
364,2026-07-23 14:46:13,7421.5,461,495,0,46
364,2026-07-23 14:46:13,7421.25,280,136,20,10
364,2026-07-23 14:46:13,7421,154,168,0,37
364,2026-07-23 14:46:13,7422.5,253,123,0,0
364,2026-07-23 14:46:13,7422.75,346,304,30,0
364,2026-07-23 14:46:13,7423,373,332,0,0
364,2026-07-23 14:46:13,7420.75,166,163,0,0
364,2026-07-23 14:46:13,7420.5,145,153,0,0
364,2026-07-23 14:46:13,7420.25,130,189,11,0
364,2026-07-23 14:46:13,7420,119,0,64,0
364,2026-07-23 14:46:13,7423.25,214,271,0,0
364,2026-07-23 14:46:13,7423.5,77,116,11,0
364,2026-07-23 14:46:13,7423.75,94,87,0,0
364,2026-07-23 14:46:13,7424,109,58,0,0
364,2026-07-23 14:46:13,7424.25,103,94,11,0
364,2026-07-23 14:46:13,7424.5,56,81,0,0
365,2026-07-23 14:48:26,7422.25,81,100,0,0
365,2026-07-23 14:48:26,7422,130,254,0,11
365,2026-07-23 14:48:26,7422.5,9,74,0,10
365,2026-07-23 14:48:26,7421.75,203,227,0,0
365,2026-07-23 14:48:26,7421.5,138,129,0,0
365,2026-07-23 14:48:26,7421.25,170,201,44,12
365,2026-07-23 14:48:26,7421,197,146,14,10
365,2026-07-23 14:48:26,7420.75,189,169,0,0
365,2026-07-23 14:48:26,7420.5,129,115,26,0
365,2026-07-23 14:48:26,7420.25,292,258,0,0
365,2026-07-23 14:48:26,7420,481,297,155,0
365,2026-07-23 14:48:26,7419.75,250,90,11,21
365,2026-07-23 14:48:26,7419.5,79,41,0,0
365,2026-07-23 14:48:26,7419.25,121,89,25,0
365,2026-07-23 14:48:26,7419,51,47,10,10
365,2026-07-23 14:48:26,7418.75,56,77,0,0
365,2026-07-23 14:48:26,7418.5,12,0,0,0
365,2026-07-23 14:48:26,7422.75,7,39,0,0
365,2026-07-23 14:48:26,7423,38,69,0,10
365,2026-07-23 14:48:26,7423.25,36,80,0,0
365,2026-07-23 14:48:26,7423.5,85,77,12,0
365,2026-07-23 14:48:26,7423.75,72,77,0,0
365,2026-07-23 14:48:26,7424,60,86,0,0
365,2026-07-23 14:48:26,7424.25,94,94,0,0
365,2026-07-23 14:48:26,7424.5,112,56,59,0
365,2026-07-23 14:48:26,7424.75,26,46,0,0
365,2026-07-23 14:48:26,7425,48,44,0,0
365,2026-07-23 14:48:26,7425.25,66,38,0,0
365,2026-07-23 14:48:26,7425.5,77,82,0,10
365,2026-07-23 14:48:26,7425.75,43,45,0,0
366,2026-07-23 14:50:02,7425.75,94,38,12,0
366,2026-07-23 14:50:02,7425.5,1,0,0,0
366,2026-07-23 14:50:02,7426,129,159,12,32
366,2026-07-23 14:50:02,7426.25,148,88,0,0
366,2026-07-23 14:50:02,7426.5,133,187,0,0
366,2026-07-23 14:50:02,7426.75,111,155,10,0
366,2026-07-23 14:50:02,7427,131,185,0,0
366,2026-07-23 14:50:02,7427.25,378,221,32,0
366,2026-07-23 14:50:02,7427.5,349,437,10,25
366,2026-07-23 14:50:02,7427.75,456,472,37,13
366,2026-07-23 14:50:02,7428,473,457,19,12
366,2026-07-23 14:50:02,7428.25,149,197,0,0
366,2026-07-23 14:50:02,7428.5,121,162,0,0
366,2026-07-23 14:50:02,7428.75,77,117,0,0
366,2026-07-23 14:50:02,7429,83,118,0,0
366,2026-07-23 14:50:02,7429.25,33,81,0,10
366,2026-07-23 14:50:02,7429.5,60,44,0,0
366,2026-07-23 14:50:02,7429.75,27,36,0,0
366,2026-07-23 14:50:02,7430,78,91,0,0
366,2026-07-23 14:50:02,7430.25,58,74,0,0
366,2026-07-23 14:50:02,7430.5,31,22,0,0
366,2026-07-23 14:50:02,7430.75,11,20,0,0
367,2026-07-23 14:50:43,7428.75,266,355,20,94
367,2026-07-23 14:50:43,7429,442,438,50,46
367,2026-07-23 14:50:43,7428.5,114,105,0,0
367,2026-07-23 14:50:43,7429.25,267,313,11,25
367,2026-07-23 14:50:43,7428.25,67,164,0,41
367,2026-07-23 14:50:43,7428,161,102,10,0
367,2026-07-23 14:50:43,7429.5,235,403,12,113
367,2026-07-23 14:50:43,7429.75,143,235,12,39
367,2026-07-23 14:50:43,7427.75,135,156,0,25
367,2026-07-23 14:50:43,7427.5,172,217,25,15
367,2026-07-23 14:50:43,7427.25,157,205,0,0
367,2026-07-23 14:50:43,7427,328,224,12,0
367,2026-07-23 14:50:43,7426.75,160,124,0,0
367,2026-07-23 14:50:43,7426.5,110,41,0,0
367,2026-07-23 14:50:43,7426.25,77,41,0,0
367,2026-07-23 14:50:43,7426,27,28,0,0
367,2026-07-23 14:50:43,7425.75,9,0,0,0
367,2026-07-23 14:50:43,7430,88,208,0,0
367,2026-07-23 14:50:43,7430.25,42,142,0,0
367,2026-07-23 14:50:43,7430.5,0,8,0,0
368,2026-07-23 14:52:10,7429,83,62,0,0
368,2026-07-23 14:52:10,7428.75,71,56,0,14
368,2026-07-23 14:52:10,7429.25,43,60,0,0
368,2026-07-23 14:52:10,7429.5,36,50,0,0
368,2026-07-23 14:52:10,7429.75,0,9,0,0
368,2026-07-23 14:52:10,7428.5,74,85,11,0
368,2026-07-23 14:52:10,7428.25,54,26,0,0
368,2026-07-23 14:52:10,7428,116,68,48,0
368,2026-07-23 14:52:10,7427.75,143,231,0,0
368,2026-07-23 14:52:10,7427.5,254,126,0,0
368,2026-07-23 14:52:10,7427.25,83,54,0,0
368,2026-07-23 14:52:10,7427,38,72,0,0
368,2026-07-23 14:52:10,7426.75,155,242,0,0
368,2026-07-23 14:52:10,7426.5,329,299,0,0
368,2026-07-23 14:52:10,7426.25,373,275,10,20
368,2026-07-23 14:52:10,7426,272,209,0,0
368,2026-07-23 14:52:10,7425.75,175,168,0,0
368,2026-07-23 14:52:10,7425.5,114,100,0,0
368,2026-07-23 14:52:10,7425.25,154,231,13,0
368,2026-07-23 14:52:10,7425,224,212,24,0
368,2026-07-23 14:52:10,7424.75,135,144,0,0
368,2026-07-23 14:52:10,7424.5,177,200,25,0
368,2026-07-23 14:52:10,7424.25,154,98,0,0
368,2026-07-23 14:52:10,7424,77,82,0,0
368,2026-07-23 14:52:10,7423.75,7,0,0,0
369,2026-07-23 14:53:58,7424.75,334,317,0,0
369,2026-07-23 14:53:58,7425,322,648,25,0
369,2026-07-23 14:53:58,7424.5,225,129,0,0
369,2026-07-23 14:53:58,7425.25,106,202,0,0
369,2026-07-23 14:53:58,7425.5,87,196,0,0
369,2026-07-23 14:53:58,7424.25,84,82,0,0
369,2026-07-23 14:53:58,7424,50,10,0,0
369,2026-07-23 14:53:58,7423.75,4,0,0,0
369,2026-07-23 14:53:58,7425.75,4,91,0,0
369,2026-07-23 14:53:58,7426,2,44,0,0
369,2026-07-23 14:53:58,7426.25,66,75,0,0
369,2026-07-23 14:53:58,7426.5,91,127,0,0
369,2026-07-23 14:53:58,7426.75,70,142,0,0
369,2026-07-23 14:53:58,7427,59,80,11,0
369,2026-07-23 14:53:58,7427.25,35,50,0,0
369,2026-07-23 14:53:58,7427.5,184,61,71,0
369,2026-07-23 14:53:58,7427.75,297,227,0,0
369,2026-07-23 14:53:58,7428,246,257,0,0
369,2026-07-23 14:53:58,7428.25,211,169,0,0
369,2026-07-23 14:53:58,7428.5,138,266,0,0
369,2026-07-23 14:53:58,7428.75,159,168,27,0
369,2026-07-23 14:53:58,7429,6,111,0,0
369,2026-07-23 14:53:58,7429.25,0,54,0,0
369,2026-07-23 14:53:58,7429.5,1,26,0,0
369,2026-07-23 14:53:58,7429.75,5,15,0,0
369,2026-07-23 14:53:58,7430,20,116,0,50
369,2026-07-23 14:53:58,7430.25,0,16,0,0
369,2026-07-23 14:53:58,7430.5,0,14,0,0
370,2026-07-23 14:55:00,7430.5,1,3,0,0
370,2026-07-23 14:55:00,7430.75,25,32,0,0
370,2026-07-23 14:55:00,7431,12,50,0,12
370,2026-07-23 14:55:00,7431.25,0,37,0,0
370,2026-07-23 14:55:00,7431.5,20,37,0,0
370,2026-07-23 14:55:00,7431.75,111,102,0,0
370,2026-07-23 14:55:00,7432,172,106,0,0
370,2026-07-23 14:55:00,7432.25,120,183,22,12
370,2026-07-23 14:55:00,7432.5,189,214,40,0
370,2026-07-23 14:55:00,7432.75,59,168,0,0
370,2026-07-23 14:55:00,7433,105,57,25,0
370,2026-07-23 14:55:00,7433.25,176,318,10,100
370,2026-07-23 14:55:00,7433.5,346,260,0,0
370,2026-07-23 14:55:00,7433.75,205,377,10,62
370,2026-07-23 14:55:00,7434,108,272,0,29
370,2026-07-23 14:55:00,7434.25,127,179,17,0
370,2026-07-23 14:55:00,7434.5,1,48,0,0
370,2026-07-23 14:55:00,7434.75,2,18,0,0
370,2026-07-23 14:55:00,7435,95,113,0,0
370,2026-07-23 14:55:00,7435.25,68,132,0,0
370,2026-07-23 14:55:00,7435.5,137,150,0,0
370,2026-07-23 14:55:00,7435.75,149,146,16,0
370,2026-07-23 14:55:00,7436,123,128,0,0
370,2026-07-23 14:55:00,7436.25,65,154,0,0
370,2026-07-23 14:55:00,7436.5,41,68,0,0
370,2026-07-23 14:55:00,7436.75,90,102,0,0
370,2026-07-23 14:55:00,7437,136,86,27,10
370,2026-07-23 14:55:00,7437.25,143,114,0,0
370,2026-07-23 14:55:00,7437.5,0,19,0,0
371,2026-07-23 14:55:41,7437,451,639,65,144
371,2026-07-23 14:55:41,7437.25,339,421,35,32
371,2026-07-23 14:55:41,7436.75,351,369,30,0
371,2026-07-23 14:55:41,7436.5,312,278,0,0
371,2026-07-23 14:55:41,7436.25,285,154,37,0
371,2026-07-23 14:55:41,7436,102,104,0,0
371,2026-07-23 14:55:41,7435.75,48,9,0,0
371,2026-07-23 14:55:41,7435.5,4,0,0,0
371,2026-07-23 14:55:41,7437.5,376,346,62,0
371,2026-07-23 14:55:41,7437.75,532,525,55,55
371,2026-07-23 14:55:41,7438,159,292,0,11
371,2026-07-23 14:55:41,7438.25,0,56,0,0
372,2026-07-23 14:56:50,7438,267,888,11,471
372,2026-07-23 14:56:50,7437.75,233,92,20,0
372,2026-07-23 14:56:50,7438.25,90,159,0,0
372,2026-07-23 14:56:50,7438.5,23,150,0,33
372,2026-07-23 14:56:50,7437.5,1,0,0,0
372,2026-07-23 14:56:50,7438.75,89,85,0,0
372,2026-07-23 14:56:50,7439,106,207,0,10
372,2026-07-23 14:56:50,7439.25,110,166,21,37
372,2026-07-23 14:56:50,7439.5,77,142,0,0
372,2026-07-23 14:56:50,7439.75,235,250,0,13
372,2026-07-23 14:56:50,7440,398,379,63,0
372,2026-07-23 14:56:50,7440.25,441,399,0,38
372,2026-07-23 14:56:50,7440.5,359,500,0,16
372,2026-07-23 14:56:50,7440.75,167,375,10,10
372,2026-07-23 14:56:50,7441,16,87,0,0
372,2026-07-23 14:56:50,7441.25,3,49,0,0
372,2026-07-23 14:56:50,7441.5,12,87,0,0
372,2026-07-23 14:56:50,7441.75,13,25,0,0
372,2026-07-23 14:56:50,7442,65,98,15,0
373,2026-07-23 14:57:49,7442,114,63,20,0
373,2026-07-23 14:57:49,7442.25,296,226,0,0
373,2026-07-23 14:57:49,7442.5,200,411,18,0
373,2026-07-23 14:57:49,7442.75,25,83,0,0
373,2026-07-23 14:57:49,7443,25,89,0,0
373,2026-07-23 14:57:49,7443.25,51,59,0,0
373,2026-07-23 14:57:49,7443.5,35,102,0,0
373,2026-07-23 14:57:49,7443.75,5,45,0,0
373,2026-07-23 14:57:49,7444,20,45,0,0
373,2026-07-23 14:57:49,7444.25,350,310,0,10
373,2026-07-23 14:57:49,7444.5,237,271,20,17
373,2026-07-23 14:57:49,7444.75,168,201,0,0
373,2026-07-23 14:57:49,7445,187,224,0,0
373,2026-07-23 14:57:49,7445.25,195,267,0,0
373,2026-07-23 14:57:49,7445.5,75,146,21,0
373,2026-07-23 14:57:49,7445.75,23,37,0,0
373,2026-07-23 14:57:49,7446,2,63,0,0
373,2026-07-23 14:57:49,7446.25,99,146,0,0
373,2026-07-23 14:57:49,7446.5,154,146,39,10
373,2026-07-23 14:57:49,7446.75,474,314,66,0
373,2026-07-23 14:57:49,7447,221,247,44,0
373,2026-07-23 14:57:49,7447.25,0,53,0,0
374,2026-07-23 14:58:30,7446.75,24,82,0,0
374,2026-07-23 14:58:30,7446.5,134,167,0,0
374,2026-07-23 14:58:30,7447,0,4,0,0
374,2026-07-23 14:58:30,7446.25,504,222,128,0
374,2026-07-23 14:58:30,7446,816,284,559,22
374,2026-07-23 14:58:30,7445.75,445,446,11,10
374,2026-07-23 14:58:30,7445.5,618,417,33,20
374,2026-07-23 14:58:30,7445.25,315,328,0,0
374,2026-07-23 14:58:30,7445,385,459,0,20
374,2026-07-23 14:58:30,7444.75,434,175,90,0
374,2026-07-23 14:58:30,7444.5,135,55,21,0
374,2026-07-23 14:58:30,7444.25,32,22,0,0
375,2026-07-23 14:58:55,7446.5,435,343,61,0
375,2026-07-23 14:58:55,7446.75,69,224,0,0
375,2026-07-23 14:58:55,7446.25,822,607,51,46
375,2026-07-23 14:58:55,7447,0,4,0,0
375,2026-07-23 14:58:55,7446,329,276,20,31
375,2026-07-23 14:58:55,7445.75,329,163,29,25
375,2026-07-23 14:58:55,7445.5,259,261,0,16
375,2026-07-23 14:58:55,7445.25,332,258,22,0
375,2026-07-23 14:58:55,7445,269,211,15,13
375,2026-07-23 14:58:55,7444.75,261,203,0,0
375,2026-07-23 14:58:55,7444.5,380,194,23,31
375,2026-07-23 14:58:55,7444.25,132,126,0,0
375,2026-07-23 14:58:55,7444,13,0,0,0
376,2026-07-23 14:59:15,7445,352,649,17,98
376,2026-07-23 14:59:15,7444.75,861,1006,49,35
376,2026-07-23 14:59:15,7444.5,746,650,29,31
376,2026-07-23 14:59:15,7444.25,447,358,13,43
376,2026-07-23 14:59:15,7445.25,75,260,0,72
376,2026-07-23 14:59:15,7444,154,81,0,0
376,2026-07-23 14:59:15,7443.75,64,8,0,0
376,2026-07-23 14:59:15,7445.5,15,73,0,0
376,2026-07-23 14:59:15,7445.75,51,57,0,0
376,2026-07-23 14:59:15,7446,21,100,0,11
376,2026-07-23 14:59:15,7446.25,236,226,0,10
376,2026-07-23 14:59:15,7446.5,0,10,0,0
377,2026-07-23 14:59:33,7446.25,864,547,87,45
377,2026-07-23 14:59:33,7446,233,107,21,0
377,2026-07-23 14:59:33,7446.5,253,684,13,112
377,2026-07-23 14:59:33,7446.75,126,141,37,24
377,2026-07-23 14:59:33,7447,1438,837,165,22
377,2026-07-23 14:59:33,7447.25,272,697,0,117
377,2026-07-23 14:59:33,7447.5,97,125,0,12
377,2026-07-23 14:59:33,7447.75,0,78,0,12
378,2026-07-23 14:59:45,7447,592,326,42,0
378,2026-07-23 14:59:45,7447.25,7,111,0,0
378,2026-07-23 14:59:45,7446.75,114,25,10,0
378,2026-07-23 14:59:45,7446.5,40,30,0,0
378,2026-07-23 14:59:45,7446.25,72,3,0,0
378,2026-07-23 14:59:45,7446,180,124,0,0
378,2026-07-23 14:59:45,7445.75,269,196,17,0
378,2026-07-23 14:59:45,7445.5,355,178,31,30
378,2026-07-23 14:59:45,7445.25,72,84,0,26
378,2026-07-23 14:59:45,7445,84,212,0,42
378,2026-07-23 14:59:45,7444.75,482,436,0,123
378,2026-07-23 14:59:45,7444.5,455,381,26,111
378,2026-07-23 14:59:45,7444.25,208,268,14,0
378,2026-07-23 14:59:45,7444,432,444,26,55
378,2026-07-23 14:59:45,7443.75,216,100,0,0
378,2026-07-23 14:59:45,7443.5,4,0,0,0
379,2026-07-23 14:59:52,7445.5,289,504,13,0
379,2026-07-23 14:59:52,7445.25,1180,1077,63,144
379,2026-07-23 14:59:52,7445,1007,481,38,28
379,2026-07-23 14:59:52,7444.75,507,328,41,37
379,2026-07-23 14:59:52,7444.5,283,258,0,0
379,2026-07-23 14:59:52,7444.25,232,192,0,0
379,2026-07-23 14:59:52,7444,49,0,0,0
379,2026-07-23 14:59:52,7445.75,8,106,0,0
380,2026-07-23 14:59:58,7444.75,396,312,76,0
380,2026-07-23 14:59:58,7444.5,862,987,70,141
380,2026-07-23 14:59:58,7445,211,219,0,31
380,2026-07-23 14:59:58,7445.25,59,254,10,120
380,2026-07-23 14:59:58,7445.5,0,2,0,0
380,2026-07-23 14:59:58,7444.25,1028,625,217,56
380,2026-07-23 14:59:58,7444,470,144,61,0
380,2026-07-23 14:59:58,7443.75,225,113,10,10
380,2026-07-23 14:59:58,7443.5,332,206,166,133
380,2026-07-23 14:59:58,7443.25,51,0,0,0
381,2026-07-23 14:59:59,7443.5,299,232,48,113
381,2026-07-23 14:59:59,7443.25,171,317,49,98
381,2026-07-23 14:59:59,7443.75,247,336,47,83
381,2026-07-23 14:59:59,7444,140,191,0,30
381,2026-07-23 14:59:59,7443,347,499,73,10
381,2026-07-23 14:59:59,7442.75,684,380,106,40
381,2026-07-23 14:59:59,7442.5,439,348,46,20
381,2026-07-23 14:59:59,7442.25,503,334,20,10
381,2026-07-23 14:59:59,7442,372,157,92,0
381,2026-07-23 14:59:59,7441.75,234,33,41,0
381,2026-07-23 14:59:59,7441.5,17,0,0,0
381,2026-07-23 14:59:59,7444.25,7,217,0,0
382,2026-07-23 15:00:00,7444,189,95,0,0
382,2026-07-23 15:00:00,7444.25,323,278,0,0
382,2026-07-23 15:00:00,7444.5,159,201,0,0
382,2026-07-23 15:00:00,7444.75,231,381,18,40
382,2026-07-23 15:00:00,7445,155,161,64,12
382,2026-07-23 15:00:00,7443.75,116,25,48,0
382,2026-07-23 15:00:00,7445.25,442,334,56,10
382,2026-07-23 15:00:00,7445.5,508,514,67,86
382,2026-07-23 15:00:00,7445.75,318,374,24,0
382,2026-07-23 15:00:00,7446,144,172,49,0
382,2026-07-23 15:00:00,7446.25,73,41,0,0
382,2026-07-23 15:00:00,7446.5,139,166,0,0
382,2026-07-23 15:00:00,7446.75,175,148,11,0
382,2026-07-23 15:00:00,7447,117,170,0,47
382,2026-07-23 15:00:00,7447.25,137,183,20,0
382,2026-07-23 15:00:00,7447.5,0,31,0,0
383,2026-07-23 15:00:09,7446,42,33,0,0
383,2026-07-23 15:00:09,7446.25,26,52,0,0
383,2026-07-23 15:00:09,7445.75,72,26,31,0
383,2026-07-23 15:00:09,7445.5,50,9,0,0
383,2026-07-23 15:00:09,7445.25,16,0,0,0
383,2026-07-23 15:00:09,7446.5,153,88,12,0
383,2026-07-23 15:00:09,7446.75,241,173,0,0
383,2026-07-23 15:00:09,7447,112,171,39,0
383,2026-07-23 15:00:09,7447.25,2,33,0,0
383,2026-07-23 15:00:09,7447.5,7,47,0,12
383,2026-07-23 15:00:09,7447.75,2,6,0,0
383,2026-07-23 15:00:09,7448,40,221,0,118
383,2026-07-23 15:00:09,7448.25,65,39,14,0
383,2026-07-23 15:00:09,7448.5,203,148,50,34
383,2026-07-23 15:00:09,7448.75,339,275,0,36
383,2026-07-23 15:00:09,7449,512,412,114,61
383,2026-07-23 15:00:09,7449.25,425,473,124,38
383,2026-07-23 15:00:09,7449.5,205,341,13,0
383,2026-07-23 15:00:09,7449.75,122,125,21,0
383,2026-07-23 15:00:09,7450,37,117,12,10
383,2026-07-23 15:00:09,7450.25,94,67,0,0
383,2026-07-23 15:00:09,7450.5,96,96,0,15
383,2026-07-23 15:00:09,7450.75,44,108,0,0
383,2026-07-23 15:00:09,7451,75,83,0,0
383,2026-07-23 15:00:09,7451.25,80,59,19,0
383,2026-07-23 15:00:09,7451.5,48,138,0,10
383,2026-07-23 15:00:09,7451.75,0,52,0,0
384,2026-07-23 15:00:40,7450.25,225,231,0,27
384,2026-07-23 15:00:40,7450.5,414,358,19,38
384,2026-07-23 15:00:40,7450.75,372,464,33,155
384,2026-07-23 15:00:40,7451,336,245,0,10
384,2026-07-23 15:00:40,7451.25,381,284,10,0
384,2026-07-23 15:00:40,7450,224,251,14,18
384,2026-07-23 15:00:40,7449.75,199,102,17,0
384,2026-07-23 15:00:40,7449.5,114,44,0,0
384,2026-07-23 15:00:40,7451.5,477,304,175,17
384,2026-07-23 15:00:40,7451.75,193,310,17,0
384,2026-07-23 15:00:40,7452,50,162,0,30
384,2026-07-23 15:00:40,7449.25,85,48,18,0
384,2026-07-23 15:00:40,7449,34,87,0,10
384,2026-07-23 15:00:40,7452.25,59,76,0,0
384,2026-07-23 15:00:40,7452.5,28,94,0,0
384,2026-07-23 15:00:40,7448.75,65,38,0,0
384,2026-07-23 15:00:40,7448.5,56,49,0,0
384,2026-07-23 15:00:40,7448.25,16,2,0,0
384,2026-07-23 15:00:40,7452.75,0,11,0,0
385,2026-07-23 15:02:06,7452.25,175,91,17,0
385,2026-07-23 15:02:06,7452.5,76,107,0,0
385,2026-07-23 15:02:06,7452,44,79,0,0
385,2026-07-23 15:02:06,7452.75,110,103,0,0
385,2026-07-23 15:02:06,7453,146,172,21,16
385,2026-07-23 15:02:06,7453.25,38,84,0,0
385,2026-07-23 15:02:06,7453.5,83,49,29,0
385,2026-07-23 15:02:06,7451.75,16,68,0,0
385,2026-07-23 15:02:06,7451.5,64,125,17,0
385,2026-07-23 15:02:06,7451.25,161,123,11,0
385,2026-07-23 15:02:06,7451,165,70,0,0
385,2026-07-23 15:02:06,7450.75,98,42,21,0
385,2026-07-23 15:02:06,7450.5,46,11,21,0
385,2026-07-23 15:02:06,7450.25,22,45,0,0
385,2026-07-23 15:02:06,7450,50,30,0,0
385,2026-07-23 15:02:06,7449.75,35,36,0,0
385,2026-07-23 15:02:06,7449.5,2,0,0,0
385,2026-07-23 15:02:06,7453.75,212,59,17,0
385,2026-07-23 15:02:06,7454,190,226,0,0
385,2026-07-23 15:02:06,7454.25,208,182,51,0
385,2026-07-23 15:02:06,7454.5,138,150,0,0
385,2026-07-23 15:02:06,7454.75,293,162,42,12
385,2026-07-23 15:02:06,7455,423,471,53,116
385,2026-07-23 15:02:06,7455.25,269,335,57,0
385,2026-07-23 15:02:06,7455.5,169,196,0,25
385,2026-07-23 15:02:06,7455.75,48,128,0,0
385,2026-07-23 15:02:06,7456,12,75,0,0
386,2026-07-23 15:04:47,7453.5,3,0,0,0
386,2026-07-23 15:04:47,7453.25,24,39,0,0
386,2026-07-23 15:04:47,7453,140,280,0,47
386,2026-07-23 15:04:47,7452.75,224,184,11,0
386,2026-07-23 15:04:47,7452.5,184,138,0,0
386,2026-07-23 15:04:47,7452.25,176,200,20,0
386,2026-07-23 15:04:47,7452,300,371,59,10
386,2026-07-23 15:04:47,7451.75,335,355,0,11
386,2026-07-23 15:04:47,7451.5,586,376,47,0
386,2026-07-23 15:04:47,7451.25,435,279,20,13
386,2026-07-23 15:04:47,7451,441,271,39,78
386,2026-07-23 15:04:47,7450.75,236,95,13,0
386,2026-07-23 15:04:47,7450.5,155,116,0,0
386,2026-07-23 15:04:47,7450.25,137,91,10,0
386,2026-07-23 15:04:47,7450,152,74,0,25
386,2026-07-23 15:04:47,7449.75,45,0,10,0
386,2026-07-23 15:04:47,7449.5,17,0,0,0
386,2026-07-23 15:04:47,7449.25,21,0,0,0
386,2026-07-23 15:04:47,7449,20,0,0,0
387,2026-07-23 15:09:58,7451,82,111,0,0
387,2026-07-23 15:09:58,7451.25,76,77,0,0
387,2026-07-23 15:09:58,7450.75,165,65,0,0
387,2026-07-23 15:09:58,7451.5,52,66,0,0
387,2026-07-23 15:09:58,7451.75,106,43,20,0
387,2026-07-23 15:09:58,7452,203,121,44,0
387,2026-07-23 15:09:58,7452.25,193,133,13,0
387,2026-07-23 15:09:58,7452.5,139,124,0,0
387,2026-07-23 15:09:58,7452.75,164,175,32,26
387,2026-07-23 15:09:58,7453,408,216,10,32
387,2026-07-23 15:09:58,7453.25,466,259,66,0
387,2026-07-23 15:09:58,7453.5,290,293,10,10
387,2026-07-23 15:09:58,7450.5,11,0,0,0
387,2026-07-23 15:09:58,7453.75,200,208,0,18
387,2026-07-23 15:09:58,7454,221,322,0,82
387,2026-07-23 15:09:58,7454.25,183,208,27,21
387,2026-07-23 15:09:58,7454.5,226,182,10,0
387,2026-07-23 15:09:58,7454.75,271,248,0,26
387,2026-07-23 15:09:58,7455,45,145,0,0
387,2026-07-23 15:09:58,7455.25,0,3,0,0
388,2026-07-23 15:16:20,7454.75,232,134,0,0
388,2026-07-23 15:16:20,7455,575,424,11,32
388,2026-07-23 15:16:20,7454.5,187,130,0,0
388,2026-07-23 15:16:20,7455.25,439,299,34,0
388,2026-07-23 15:16:20,7455.5,476,327,32,0
388,2026-07-23 15:16:20,7455.75,328,309,0,20
388,2026-07-23 15:16:20,7456,219,418,10,30
388,2026-07-23 15:16:20,7456.25,178,160,67,0
388,2026-07-23 15:16:20,7456.5,142,124,0,0
388,2026-07-23 15:16:20,7456.75,135,93,23,0
388,2026-07-23 15:16:20,7457,116,124,0,0
388,2026-07-23 15:16:20,7454.25,102,51,0,12
388,2026-07-23 15:16:20,7454,65,19,0,0
388,2026-07-23 15:16:20,7453.75,26,3,0,0
388,2026-07-23 15:16:20,7453.5,4,0,0,0
388,2026-07-23 15:16:20,7457.25,198,92,10,0
388,2026-07-23 15:16:20,7457.5,102,160,0,55
388,2026-07-23 15:16:20,7457.75,48,33,0,0
388,2026-07-23 15:16:20,7458,0,25,0,0
389,2026-07-23 15:29:59,7455.25,144,150,0,28
389,2026-07-23 15:29:59,7455.5,52,56,13,0
389,2026-07-23 15:29:59,7455,149,103,0,0
389,2026-07-23 15:29:59,7454.75,90,136,0,10
389,2026-07-23 15:29:59,7454.5,133,100,0,0
389,2026-07-23 15:29:59,7454.25,83,100,0,50
389,2026-07-23 15:29:59,7455.75,137,72,0,15
389,2026-07-23 15:29:59,7456,88,89,0,0
389,2026-07-23 15:29:59,7456.25,237,144,0,0
389,2026-07-23 15:29:59,7456.5,394,244,0,0
389,2026-07-23 15:29:59,7456.75,225,240,0,0
389,2026-07-23 15:29:59,7457,266,307,50,0
389,2026-07-23 15:29:59,7457.25,143,172,0,0
389,2026-07-23 15:29:59,7457.5,395,233,84,0
389,2026-07-23 15:29:59,7457.75,201,107,45,0
389,2026-07-23 15:29:59,7458,47,93,0,0
389,2026-07-23 15:29:59,7458.25,0,28,0,0
389,2026-07-23 15:29:59,7454,83,42,60,0
389,2026-07-23 15:29:59,7453.75,76,102,0,0
389,2026-07-23 15:29:59,7453.5,169,193,0,43
389,2026-07-23 15:29:59,7453.25,137,134,0,0
389,2026-07-23 15:29:59,7453,121,121,0,38
389,2026-07-23 15:29:59,7452.75,68,84,0,36
389,2026-07-23 15:29:59,7452.5,15,0,0,0
390,2026-07-23 15:46:43,7452.5,191,112,0,17
390,2026-07-23 15:46:43,7452.25,48,6,0,0
390,2026-07-23 15:46:43,7452.75,193,325,0,30
390,2026-07-23 15:46:43,7453,95,193,0,10
390,2026-07-23 15:46:43,7453.25,104,131,35,19
390,2026-07-23 15:46:43,7453.5,62,108,0,10
390,2026-07-23 15:46:43,7453.75,139,129,0,0
390,2026-07-23 15:46:43,7454,286,267,44,0
390,2026-07-23 15:46:43,7454.25,185,183,20,0
390,2026-07-23 15:46:43,7454.5,148,144,10,0
390,2026-07-23 15:46:43,7454.75,36,172,0,37
390,2026-07-23 15:46:43,7455,38,35,0,0
390,2026-07-23 15:46:43,7455.25,35,39,0,0
390,2026-07-23 15:46:43,7455.5,52,53,0,0
390,2026-07-23 15:46:43,7455.75,48,73,0,0
390,2026-07-23 15:46:43,7456,16,42,0,0
390,2026-07-23 15:46:43,7456.25,0,27,0,0
390,2026-07-23 15:46:43,7456.5,0,12,0,0
390,2026-07-23 15:46:43,7450.5,10,21,0,19
390,2026-07-23 15:46:43,7451,5,1,0,0
390,2026-07-23 15:46:43,7451.25,15,2,0,0
390,2026-07-23 15:46:43,7451.75,13,11,0,0
390,2026-07-23 15:46:43,7451.5,11,1,0,0
390,2026-07-23 15:46:43,7452,9,6,0,0
390,2026-07-23 15:46:43,7450.75,5,0,0,0
390,2026-07-23 15:46:43,7450.25,2,0,0,0
390,2026-07-23 15:46:43,7450,41,0,30,0
390,2026-07-23 15:46:43,7449.75,5,4,0,0
390,2026-07-23 15:46:43,7449.5,15,13,0,0
390,2026-07-23 15:46:43,7449.25,19,32,0,0
390,2026-07-23 15:46:43,7449,58,24,0,0
390,2026-07-23 15:46:43,7448.75,65,19,0,0
390,2026-07-23 15:46:43,7448.25,61,65,0,29
390,2026-07-23 15:46:43,7448.5,33,44,0,0
390,2026-07-23 15:46:43,7448,75,58,0,0
390,2026-07-23 15:46:43,7447.75,25,18,0,0
390,2026-07-23 15:46:43,7447.5,62,52,0,0
390,2026-07-23 15:46:43,7447.25,63,65,0,0
390,2026-07-23 15:46:43,7447,103,154,0,29
390,2026-07-23 15:46:43,7446.75,90,86,0,0
390,2026-07-23 15:46:43,7446.5,106,102,0,17
390,2026-07-23 15:46:43,7446.25,106,69,22,0
390,2026-07-23 15:46:43,7446,77,9,0,0
390,2026-07-23 15:46:43,7445.75,13,4,0,0
390,2026-07-23 15:46:43,7445.5,7,9,0,0
390,2026-07-23 15:46:43,7445.25,14,45,0,0
390,2026-07-23 15:46:43,7445,30,25,0,0
390,2026-07-23 15:46:43,7444.75,32,31,0,0
390,2026-07-23 15:46:43,7444.5,45,74,0,0
390,2026-07-23 15:46:43,7444.25,89,31,0,0
390,2026-07-23 15:46:43,7444,45,40,0,22
390,2026-07-23 15:46:43,7443.75,97,93,24,0
390,2026-07-23 15:46:43,7443.5,47,6,0,0
390,2026-07-23 15:46:43,7443.25,30,11,0,0
390,2026-07-23 15:46:43,7443,22,0,0,0
390,2026-07-23 15:46:43,7442.75,3,0,0,0
391,2026-07-23 17:15:32,7445.5,27,62,0,0
391,2026-07-23 17:15:32,7445.25,48,101,0,53
391,2026-07-23 17:15:32,7445,40,21,0,0
391,2026-07-23 17:15:32,7444.75,42,19,0,0
391,2026-07-23 17:15:32,7444.5,39,40,0,18
391,2026-07-23 17:15:32,7444.25,20,27,0,0
391,2026-07-23 17:15:32,7444,21,45,0,0
391,2026-07-23 17:15:32,7443.75,27,8,0,0
391,2026-07-23 17:15:32,7443.5,64,8,44,0
391,2026-07-23 17:15:32,7445.75,37,29,0,0
391,2026-07-23 17:15:32,7446,44,84,0,22
391,2026-07-23 17:15:32,7446.25,57,45,0,0
391,2026-07-23 17:15:32,7446.5,84,60,0,0
391,2026-07-23 17:15:32,7446.75,62,96,0,0
391,2026-07-23 17:15:32,7447,85,126,0,10
391,2026-07-23 17:15:32,7447.25,101,92,0,12
391,2026-07-23 17:15:32,7447.5,71,65,0,0
391,2026-07-23 17:15:32,7447.75,77,91,18,0
391,2026-07-23 17:15:32,7448,100,87,0,0
391,2026-07-23 17:15:32,7448.25,166,169,0,10
391,2026-07-23 17:15:32,7448.5,163,154,0,0
391,2026-07-23 17:15:32,7448.75,169,137,0,0
391,2026-07-23 17:15:32,7449,231,135,0,0
391,2026-07-23 17:15:32,7449.25,242,188,0,0
391,2026-07-23 17:15:32,7449.5,244,331,0,0
391,2026-07-23 17:15:32,7449.75,127,197,0,0
391,2026-07-23 17:15:32,7450,167,166,10,0
391,2026-07-23 17:15:32,7450.25,99,93,0,0
391,2026-07-23 17:15:32,7450.5,85,93,0,0
391,2026-07-23 17:15:32,7450.75,71,72,0,0
391,2026-07-23 17:15:32,7451,25,61,0,0
391,2026-07-23 17:15:32,7451.25,2,32,0,0
391,2026-07-23 17:15:32,7451.5,15,3,0,0
391,2026-07-23 17:15:32,7451.75,30,6,0,0
391,2026-07-23 17:15:32,7452,30,45,10,0
391,2026-07-23 17:15:32,7452.25,52,47,0,0
391,2026-07-23 17:15:32,7452.5,51,49,0,0
391,2026-07-23 17:15:32,7452.75,39,69,0,10
391,2026-07-23 17:15:32,7453,53,51,10,0
391,2026-07-23 17:15:32,7453.25,29,38,0,0
391,2026-07-23 17:15:32,7453.5,31,33,0,0
391,2026-07-23 17:15:32,7453.75,7,30,0,0
391,2026-07-23 17:15:32,7454,0,21,0,0
392,2026-07-23 18:41:28,7448.75,115,88,0,0
392,2026-07-23 18:41:28,7449,136,102,0,0
392,2026-07-23 18:41:28,7448.5,134,372,0,266
392,2026-07-23 18:41:28,7448.25,128,144,0,13
392,2026-07-23 18:41:28,7448,136,105,19,28
392,2026-07-23 18:41:28,7447.75,78,54,0,0
392,2026-07-23 18:41:28,7447.5,92,75,0,0
392,2026-07-23 18:41:28,7449.25,63,84,0,0
392,2026-07-23 18:41:28,7449.5,45,57,0,0
392,2026-07-23 18:41:28,7449.75,94,86,0,0
392,2026-07-23 18:41:28,7450,176,120,0,0
392,2026-07-23 18:41:28,7450.25,120,100,0,0
392,2026-07-23 18:41:28,7450.5,75,97,0,0
392,2026-07-23 18:41:28,7450.75,81,92,0,0
392,2026-07-23 18:41:28,7451,85,90,16,0
392,2026-07-23 18:41:28,7451.25,62,34,0,0
392,2026-07-23 18:41:28,7451.5,41,51,0,0
392,2026-07-23 18:41:28,7451.75,31,42,0,0
392,2026-07-23 18:41:28,7452,45,77,0,0
392,2026-07-23 18:41:28,7452.25,48,29,0,0
392,2026-07-23 18:41:28,7447,66,35,0,0
392,2026-07-23 18:41:28,7446.75,72,44,0,0
392,2026-07-23 18:41:28,7447.25,70,77,0,0
392,2026-07-23 18:41:28,7446.5,93,81,0,15
392,2026-07-23 18:41:28,7446.25,73,56,0,0
392,2026-07-23 18:41:28,7446,103,282,0,225
392,2026-07-23 18:41:28,7445.75,86,133,0,0
392,2026-07-23 18:41:28,7445.5,63,37,0,17
392,2026-07-23 18:41:28,7445.25,32,7,0,0
392,2026-07-23 18:41:28,7445,25,8,0,0
392,2026-07-23 18:41:28,7452.5,52,48,0,0
392,2026-07-23 18:41:28,7452.75,20,31,0,0
392,2026-07-23 18:41:28,7453,87,72,27,0
392,2026-07-23 18:41:28,7453.25,83,71,18,0
392,2026-07-23 18:41:28,7453.5,76,87,0,0
392,2026-07-23 18:41:28,7453.75,69,73,0,0
392,2026-07-23 18:41:28,7454,80,81,26,0
392,2026-07-23 18:41:28,7454.25,90,64,45,0
392,2026-07-23 18:41:28,7454.5,30,23,0,0
392,2026-07-23 18:41:28,7454.75,41,37,0,0
392,2026-07-23 18:41:28,7455,37,43,0,18
392,2026-07-23 18:41:28,7455.25,6,15,0,0
392,2026-07-23 18:41:28,7444.75,8,49,0,31
393,2026-07-23 19:06:58,7450,137,55,20,0
393,2026-07-23 19:06:58,7449.75,58,42,0,0
393,2026-07-23 19:06:58,7449.5,35,36,0,0
393,2026-07-23 19:06:58,7449.25,44,50,0,0
393,2026-07-23 19:06:58,7448.75,104,75,0,0
393,2026-07-23 19:06:58,7449,75,107,0,0
393,2026-07-23 19:06:58,7448.5,90,62,0,0
393,2026-07-23 19:06:58,7448.25,71,58,0,0
393,2026-07-23 19:06:58,7448,107,143,10,49
393,2026-07-23 19:06:58,7447.5,144,75,22,0
393,2026-07-23 19:06:58,7447.25,123,69,0,0
393,2026-07-23 19:06:58,7447.75,131,109,0,0
393,2026-07-23 19:06:58,7447,179,99,0,0
393,2026-07-23 19:06:58,7446.75,143,79,50,0
393,2026-07-23 19:06:58,7446.5,102,152,10,0
393,2026-07-23 19:06:58,7446.25,202,115,37,0
393,2026-07-23 19:06:58,7446,338,51,274,0
393,2026-07-23 19:06:58,7445.75,61,48,0,0
393,2026-07-23 19:06:58,7445.5,55,29,0,0
393,2026-07-23 19:06:58,7445.25,87,68,13,0
393,2026-07-23 19:06:58,7445,105,72,33,0
393,2026-07-23 19:06:58,7444.75,100,33,34,0
393,2026-07-23 19:06:58,7444.5,38,34,0,0
393,2026-07-23 19:06:58,7444.25,25,15,0,0
393,2026-07-23 19:06:58,7444,83,29,28,0
393,2026-07-23 19:06:58,7443.75,19,8,0,0
393,2026-07-23 19:06:58,7443.5,3,0,0,0
393,2026-07-23 19:06:58,7450.25,126,65,0,0
393,2026-07-23 19:06:58,7450.5,74,64,0,0
393,2026-07-23 19:06:58,7450.75,90,198,0,68
393,2026-07-23 19:06:58,7451,83,61,10,0
393,2026-07-23 19:06:58,7451.25,86,78,0,0
393,2026-07-23 19:06:58,7451.5,79,49,0,0
393,2026-07-23 19:06:58,7451.75,66,37,0,0
393,2026-07-23 19:06:58,7452,61,56,12,0
393,2026-07-23 19:06:58,7452.25,20,36,0,0
393,2026-07-23 19:06:58,7452.5,29,36,0,0
393,2026-07-23 19:06:58,7452.75,47,32,0,0
393,2026-07-23 19:06:58,7453,47,55,0,0
393,2026-07-23 19:06:58,7453.25,60,46,13,0
393,2026-07-23 19:06:58,7453.5,33,58,0,0
393,2026-07-23 19:06:58,7453.75,19,65,0,0
393,2026-07-23 19:06:58,7454,9,39,0,0
393,2026-07-23 19:06:58,7454.25,18,16,0,0
393,2026-07-23 19:06:58,7454.5,35,49,0,0
393,2026-07-23 19:06:58,7454.75,10,29,0,0
393,2026-07-23 19:06:58,7455,8,50,0,18
393,2026-07-23 19:06:58,7455.25,5,4,0,0
394,2026-07-23 19:35:01,7447.75,4,7,0,0
394,2026-07-23 19:35:01,7448,20,23,0,0
394,2026-07-23 19:35:01,7448.25,12,24,0,0
394,2026-07-23 19:35:01,7448.5,40,18,24,0
394,2026-07-23 19:35:01,7447.5,6,7,0,0
394,2026-07-23 19:35:01,7447.25,24,10,0,0
394,2026-07-23 19:35:01,7447,44,9,0,0
394,2026-07-23 19:35:01,7446.75,6,0,0,0
394,2026-07-23 19:35:01,7448.75,35,28,0,0
394,2026-07-23 19:35:01,7449,34,23,0,0
394,2026-07-23 19:35:01,7449.25,69,38,0,0
394,2026-07-23 19:35:01,7449.5,36,27,0,0
394,2026-07-23 19:35:01,7449.75,17,27,0,0
394,2026-07-23 19:35:01,7450,65,43,10,0
394,2026-07-23 19:35:01,7450.25,44,37,0,0
394,2026-07-23 19:35:01,7450.5,79,52,16,0
394,2026-07-23 19:35:01,7450.75,52,74,0,0
394,2026-07-23 19:35:01,7451,36,32,0,0
394,2026-07-23 19:35:01,7451.25,20,34,0,0
394,2026-07-23 19:35:01,7451.5,41,32,0,0
394,2026-07-23 19:35:01,7451.75,91,61,0,0
394,2026-07-23 19:35:01,7452,152,110,39,0
394,2026-07-23 19:35:01,7452.25,76,97,0,0
394,2026-07-23 19:35:01,7452.5,57,83,0,0
394,2026-07-23 19:35:01,7452.75,51,64,0,0
394,2026-07-23 19:35:01,7453,77,59,0,0
394,2026-07-23 19:35:01,7453.25,214,119,31,0
394,2026-07-23 19:35:01,7453.5,121,78,0,0
394,2026-07-23 19:35:01,7453.75,113,129,11,0
394,2026-07-23 19:35:01,7454,128,90,0,0
394,2026-07-23 19:35:01,7454.25,190,141,0,0
394,2026-07-23 19:35:01,7454.5,189,177,20,11
394,2026-07-23 19:35:01,7454.75,189,167,16,0
394,2026-07-23 19:35:01,7455,224,225,0,18
394,2026-07-23 19:35:01,7455.25,161,109,0,0
394,2026-07-23 19:35:01,7455.5,186,153,0,0
394,2026-07-23 19:35:01,7455.75,166,143,0,0
394,2026-07-23 19:35:01,7456,181,190,0,0
394,2026-07-23 19:35:01,7456.25,114,88,16,0
394,2026-07-23 19:35:01,7456.5,48,104,0,0
394,2026-07-23 19:35:01,7456.75,30,50,0,0
394,2026-07-23 19:35:01,7457,24,38,0,0
394,2026-07-23 19:35:01,7457.25,0,14,0,0
395,2026-07-23 20:10:45,7454.5,144,157,0,0
395,2026-07-23 20:10:45,7454.25,146,119,0,0
395,2026-07-23 20:10:45,7454.75,136,168,0,0
395,2026-07-23 20:10:45,7454,198,104,0,0
395,2026-07-23 20:10:45,7455,76,94,0,0
395,2026-07-23 20:10:45,7455.25,56,42,0,0
395,2026-07-23 20:10:45,7455.5,103,76,10,10
395,2026-07-23 20:10:45,7455.75,59,63,0,0
395,2026-07-23 20:10:45,7453.75,138,120,0,0
395,2026-07-23 20:10:45,7453.5,125,112,0,0
395,2026-07-23 20:10:45,7453.25,132,94,0,0
395,2026-07-23 20:10:45,7453,210,152,10,0
395,2026-07-23 20:10:45,7452.75,193,169,0,0
395,2026-07-23 20:10:45,7452.5,191,123,10,0
395,2026-07-23 20:10:45,7452.25,87,63,0,0
395,2026-07-23 20:10:45,7452,130,118,0,0
395,2026-07-23 20:10:45,7451.75,68,9,0,0
395,2026-07-23 20:10:45,7451.5,21,14,0,0
395,2026-07-23 20:10:45,7451.25,49,36,0,0
395,2026-07-23 20:10:45,7451,30,32,0,0
395,2026-07-23 20:10:45,7456,94,81,0,0
395,2026-07-23 20:10:45,7456.25,162,99,0,0
395,2026-07-23 20:10:45,7456.5,195,151,0,0
395,2026-07-23 20:10:45,7456.75,149,111,0,0
395,2026-07-23 20:10:45,7457,115,146,0,10
395,2026-07-23 20:10:45,7457.25,127,104,21,0
395,2026-07-23 20:10:45,7457.5,77,113,0,0
395,2026-07-23 20:10:45,7457.75,59,86,0,0
395,2026-07-23 20:10:45,7458,28,71,0,0
395,2026-07-23 20:10:45,7458.25,15,31,0,0
395,2026-07-23 20:10:45,7458.5,12,40,0,0
395,2026-07-23 20:10:45,7458.75,11,14,0,0
395,2026-07-23 20:10:45,7459,13,94,0,62
395,2026-07-23 20:10:45,7459.25,0,17,0,0
395,2026-07-23 20:10:45,7450.75,58,30,0,0
395,2026-07-23 20:10:45,7450.5,22,13,0,0
395,2026-07-23 20:10:45,7450.25,5,0,0,0
396,2026-07-23 20:59:12,7451.25,142,137,0,0
396,2026-07-23 20:59:12,7451,156,119,0,0
396,2026-07-23 20:59:12,7451.5,116,98,0,0
396,2026-07-23 20:59:12,7451.75,94,75,0,0
396,2026-07-23 20:59:12,7450.75,70,54,0,0
396,2026-07-23 20:59:12,7450.5,97,101,0,0
396,2026-07-23 20:59:12,7450.25,123,101,0,0
396,2026-07-23 20:59:12,7450,151,147,0,0
396,2026-07-23 20:59:12,7449.75,134,158,0,0
396,2026-07-23 20:59:12,7449.5,89,129,0,0
396,2026-07-23 20:59:12,7449.25,111,107,10,0
396,2026-07-23 20:59:12,7449,146,101,0,0
396,2026-07-23 20:59:12,7448.75,84,105,0,0
396,2026-07-23 20:59:12,7448.5,61,28,0,0
396,2026-07-23 20:59:12,7452,89,124,0,0
396,2026-07-23 20:59:12,7452.25,60,60,0,0
396,2026-07-23 20:59:12,7452.5,55,48,0,0
396,2026-07-23 20:59:12,7452.75,27,28,0,0
396,2026-07-23 20:59:12,7453,4,30,0,0
396,2026-07-23 20:59:12,7453.25,3,13,0,0
396,2026-07-23 20:59:12,7448.25,21,17,0,0
396,2026-07-23 20:59:12,7448,24,18,0,0
396,2026-07-23 20:59:12,7447.75,6,6,0,0
396,2026-07-23 20:59:12,7447.5,7,6,0,0
396,2026-07-23 20:59:12,7447.25,41,12,0,0
396,2026-07-23 20:59:12,7447,21,11,0,0
396,2026-07-23 20:59:12,7446.75,19,7,0,0
396,2026-07-23 20:59:12,7446.5,18,21,0,0
396,2026-07-23 20:59:12,7446.25,26,30,0,0
396,2026-07-23 20:59:12,7446,47,51,0,0
396,2026-07-23 20:59:12,7445.75,48,41,0,0
396,2026-07-23 20:59:12,7445.5,32,17,0,0
396,2026-07-23 20:59:12,7445.25,28,33,0,0
396,2026-07-23 20:59:12,7445,29,5,0,0
396,2026-07-23 20:59:12,7444.75,25,27,0,0
396,2026-07-23 20:59:12,7444.5,19,28,0,0
396,2026-07-23 20:59:12,7444.25,36,51,0,0
396,2026-07-23 20:59:12,7444,50,80,0,0
396,2026-07-23 20:59:12,7443.75,81,105,0,0
396,2026-07-23 20:59:12,7443.5,102,112,0,0
396,2026-07-23 20:59:12,7443.25,93,72,0,0
396,2026-07-23 20:59:12,7443,107,59,0,0
396,2026-07-23 20:59:12,7442.75,49,32,0,0
396,2026-07-23 20:59:12,7442.5,53,39,0,0
396,2026-07-23 20:59:12,7442.25,75,80,0,0
396,2026-07-23 20:59:12,7442,93,75,0,0
396,2026-07-23 20:59:12,7441.75,95,54,0,0
396,2026-07-23 20:59:12,7441.5,70,29,0,0
396,2026-07-23 20:59:12,7441.25,68,85,0,0
396,2026-07-23 20:59:12,7441,160,47,23,0
396,2026-07-23 20:59:12,7440.75,37,23,0,0
396,2026-07-23 20:59:12,7440.5,25,9,0,0
396,2026-07-23 20:59:12,7440.25,14,13,0,0
396,2026-07-23 20:59:12,7440,11,0,0,0
397,2026-07-23 21:52:05,7442.25,166,189,0,0
397,2026-07-23 21:52:05,7442,223,249,0,0
397,2026-07-23 21:52:05,7441.75,196,212,0,36
397,2026-07-23 21:52:05,7441.5,154,169,11,0
397,2026-07-23 21:52:05,7441.25,199,223,0,0
397,2026-07-23 21:52:05,7441,204,201,0,0
397,2026-07-23 21:52:05,7440.75,200,258,0,28
397,2026-07-23 21:52:05,7440.5,224,198,0,0
397,2026-07-23 21:52:05,7440.25,225,198,0,0
397,2026-07-23 21:52:05,7440,248,260,0,0
397,2026-07-23 21:52:05,7442.5,96,123,0,0
397,2026-07-23 21:52:05,7439.75,210,147,0,0
397,2026-07-23 21:52:05,7439.5,204,115,0,0
397,2026-07-23 21:52:05,7439.25,87,57,0,0
397,2026-07-23 21:52:05,7442.75,85,68,0,0
397,2026-07-23 21:52:05,7443,79,72,0,0
397,2026-07-23 21:52:05,7443.25,56,68,0,0
397,2026-07-23 21:52:05,7443.5,51,47,0,0
397,2026-07-23 21:52:05,7443.75,12,28,0,0
397,2026-07-23 21:52:05,7444,0,15,0,0
397,2026-07-23 21:52:05,7439,116,33,15,0
397,2026-07-23 21:52:05,7438.75,35,51,0,0
397,2026-07-23 21:52:05,7438.5,69,32,0,0
397,2026-07-23 21:52:05,7438.25,47,12,0,0
397,2026-07-23 21:52:05,7438,36,118,0,100
397,2026-07-23 21:52:05,7437.75,27,62,0,0
397,2026-07-23 21:52:05,7437.5,24,10,0,0
397,2026-07-23 21:52:05,7437.25,12,0,0,0
398,2026-07-23 22:45:35,7438,131,54,10,0
398,2026-07-23 22:45:35,7438.25,121,83,0,0
398,2026-07-23 22:45:35,7438.5,110,105,0,0
398,2026-07-23 22:45:35,7438.75,165,97,0,0
398,2026-07-23 22:45:35,7439,230,169,29,0
398,2026-07-23 22:45:35,7439.25,154,159,0,12
398,2026-07-23 22:45:35,7439.5,204,191,0,0
398,2026-07-23 22:45:35,7439.75,176,141,0,0
398,2026-07-23 22:45:35,7440,143,137,0,0
398,2026-07-23 22:45:35,7440.25,106,80,0,0
398,2026-07-23 22:45:35,7440.5,128,134,0,13
398,2026-07-23 22:45:35,7440.75,98,117,0,17
398,2026-07-23 22:45:35,7441,29,81,0,0
398,2026-07-23 22:45:35,7441.25,79,38,0,0
398,2026-07-23 22:45:35,7437.75,59,48,0,0
398,2026-07-23 22:45:35,7437.5,101,139,0,0
398,2026-07-23 22:45:35,7437.25,151,118,0,0
398,2026-07-23 22:45:35,7437,113,73,0,0
398,2026-07-23 22:45:35,7436.75,51,18,0,0
398,2026-07-23 22:45:35,7436.5,37,29,0,0
398,2026-07-23 22:45:35,7436.25,46,42,0,0
398,2026-07-23 22:45:35,7436,50,94,0,0
398,2026-07-23 22:45:35,7435.75,91,51,0,0
398,2026-07-23 22:45:35,7435.5,65,26,0,0
398,2026-07-23 22:45:35,7435.25,4,0,0,0
398,2026-07-23 22:45:35,7441.5,79,75,0,0
398,2026-07-23 22:45:35,7441.75,76,68,0,0
398,2026-07-23 22:45:35,7442,71,59,0,0
398,2026-07-23 22:45:35,7442.25,96,90,0,0
398,2026-07-23 22:45:35,7442.5,102,101,18,0
398,2026-07-23 22:45:35,7442.75,40,56,0,0
398,2026-07-23 22:45:35,7443,30,45,0,0
398,2026-07-23 22:45:35,7443.25,33,16,0,0
398,2026-07-23 22:45:35,7443.5,28,30,0,0
398,2026-07-23 22:45:35,7443.75,63,61,0,0
398,2026-07-23 22:45:35,7444,76,64,0,0
398,2026-07-23 22:45:35,7444.25,61,98,0,18
398,2026-07-23 22:45:35,7444.5,36,68,0,0
398,2026-07-23 22:45:35,7444.75,0,12,0,0
399,2026-07-23 23:57:51,7443,39,14,0,0
399,2026-07-23 23:57:51,7443.25,47,19,0,0
399,2026-07-23 23:57:51,7443.5,79,54,15,0
399,2026-07-23 23:57:51,7443.75,56,67,0,0
399,2026-07-23 23:57:51,7442.75,62,18,0,0
399,2026-07-23 23:57:51,7442.5,30,36,0,0
399,2026-07-23 23:57:51,7442.25,33,33,0,0
399,2026-07-23 23:57:51,7442,31,17,0,0
399,2026-07-23 23:57:51,7444,75,73,0,10
399,2026-07-23 23:57:51,7444.25,71,46,0,0
399,2026-07-23 23:57:51,7444.5,60,52,0,14
399,2026-07-23 23:57:51,7441.75,12,13,0,0
399,2026-07-23 23:57:51,7441.5,10,2,0,0
399,2026-07-23 23:57:51,7444.75,62,35,0,0
399,2026-07-23 23:57:51,7445,144,153,0,35
399,2026-07-23 23:57:51,7445.25,221,190,26,31
399,2026-07-23 23:57:51,7445.5,134,212,0,45
399,2026-07-23 23:57:51,7445.75,152,137,0,0
399,2026-07-23 23:57:51,7446,197,151,0,0
399,2026-07-23 23:57:51,7446.25,175,204,0,32
399,2026-07-23 23:57:51,7446.5,180,270,0,60
399,2026-07-23 23:57:51,7446.75,313,236,31,0
399,2026-07-23 23:57:51,7447,304,271,40,0
399,2026-07-23 23:57:51,7447.25,209,238,43,0
399,2026-07-23 23:57:51,7447.5,189,162,12,0
399,2026-07-23 23:57:51,7447.75,106,109,0,0
399,2026-07-23 23:57:51,7448,70,97,0,0
399,2026-07-23 23:57:51,7448.25,42,67,0,0
399,2026-07-23 23:57:51,7448.5,39,74,0,0
399,2026-07-23 23:57:51,7448.75,12,33,0,0
399,2026-07-23 23:57:51,7449,19,44,0,0
399,2026-07-23 23:57:51,7449.25,23,13,0,0
399,2026-07-23 23:57:51,7449.5,22,27,0,0
399,2026-07-23 23:57:51,7449.75,16,37,0,0
399,2026-07-23 23:57:51,7450,6,25,0,0
399,2026-07-23 23:57:51,7450.25,1,16,0,0
399,2026-07-23 23:57:51,7450.5,0,14,0,0
400,2026-07-24 00:55:01,7443,31,41,0,0
400,2026-07-24 00:55:01,7442.75,50,63,0,0
400,2026-07-24 00:55:01,7443.25,43,41,0,0
400,2026-07-24 00:55:01,7442.5,33,78,0,0
400,2026-07-24 00:55:01,7442.25,132,129,0,0
400,2026-07-24 00:55:01,7442,91,79,0,0
400,2026-07-24 00:55:01,7443.5,47,64,0,0
400,2026-07-24 00:55:01,7443.75,16,23,0,0
400,2026-07-24 00:55:01,7444,37,14,0,0
400,2026-07-24 00:55:01,7444.25,47,35,0,0
400,2026-07-24 00:55:01,7441.75,55,80,0,0
400,2026-07-24 00:55:01,7441.5,76,102,0,21
400,2026-07-24 00:55:01,7441.25,88,198,0,46
400,2026-07-24 00:55:01,7441,202,142,30,0
400,2026-07-24 00:55:01,7440.75,121,103,0,0
400,2026-07-24 00:55:01,7440.5,49,33,0,0
400,2026-07-24 00:55:01,7440.25,52,72,0,0
400,2026-07-24 00:55:01,7440,49,58,0,0
400,2026-07-24 00:55:01,7439.75,80,204,0,33
400,2026-07-24 00:55:01,7439.5,107,125,0,10
400,2026-07-24 00:55:01,7439.25,145,223,0,14
400,2026-07-24 00:55:01,7439,146,149,0,14
400,2026-07-24 00:55:01,7438.75,113,138,0,0
400,2026-07-24 00:55:01,7438.5,97,113,0,0
400,2026-07-24 00:55:01,7438.25,73,70,0,0
400,2026-07-24 00:55:01,7438,96,54,10,0
400,2026-07-24 00:55:01,7437.75,117,117,20,13
400,2026-07-24 00:55:01,7437.5,98,89,0,25
400,2026-07-24 00:55:01,7437.25,56,103,0,35
400,2026-07-24 00:55:01,7437,59,35,0,0
400,2026-07-24 00:55:01,7436.75,24,20,0,0
400,2026-07-24 00:55:01,7436.5,1,0,0,0
400,2026-07-24 00:55:01,7444.5,72,80,0,0
400,2026-07-24 00:55:01,7444.75,101,59,12,0
400,2026-07-24 00:55:01,7445,183,85,25,0
400,2026-07-24 00:55:01,7445.25,128,146,0,0
400,2026-07-24 00:55:01,7445.5,70,71,0,0
400,2026-07-24 00:55:01,7445.75,28,35,10,0
400,2026-07-24 00:55:01,7446,18,11,0,0
400,2026-07-24 00:55:01,7446.25,16,20,0,0
400,2026-07-24 00:55:01,7446.5,28,26,0,0
400,2026-07-24 00:55:01,7446.75,23,32,13,0
400,2026-07-24 00:55:01,7447,11,23,0,0
400,2026-07-24 00:55:01,7447.25,4,4,0,0
401,2026-07-24 01:36:10,7443.5,65,246,0,138
401,2026-07-24 01:36:10,7443.25,134,131,0,27
401,2026-07-24 01:36:10,7443.75,72,52,0,0
401,2026-07-24 01:36:10,7444,47,53,0,0
401,2026-07-24 01:36:10,7444.25,42,46,0,0
401,2026-07-24 01:36:10,7444.5,30,39,0,0
401,2026-07-24 01:36:10,7444.75,26,35,0,0
401,2026-07-24 01:36:10,7445,8,28,0,0
401,2026-07-24 01:36:10,7443,43,74,0,0
401,2026-07-24 01:36:10,7442.75,125,101,26,0
401,2026-07-24 01:36:10,7442.5,40,54,0,0
401,2026-07-24 01:36:10,7442,36,44,0,0
401,2026-07-24 01:36:10,7441.75,48,35,0,0
401,2026-07-24 01:36:10,7441.5,18,58,0,33
401,2026-07-24 01:36:10,7441.25,34,10,0,0
401,2026-07-24 01:36:10,7442.25,43,52,0,0
401,2026-07-24 01:36:10,7441,10,8,0,0
401,2026-07-24 01:36:10,7440.75,8,18,0,0
401,2026-07-24 01:36:10,7440.5,27,35,0,0
401,2026-07-24 01:36:10,7440.25,21,9,0,0
401,2026-07-24 01:36:10,7440,5,20,0,0
401,2026-07-24 01:36:10,7439.75,21,24,0,0
401,2026-07-24 01:36:10,7439.5,16,35,0,0
401,2026-07-24 01:36:10,7439.25,41,42,0,10
401,2026-07-24 01:36:10,7439,71,30,20,0
401,2026-07-24 01:36:10,7438.75,22,27,0,0
401,2026-07-24 01:36:10,7438.5,34,54,0,0
401,2026-07-24 01:36:10,7438.25,46,43,0,0
401,2026-07-24 01:36:10,7438,23,35,0,10
401,2026-07-24 01:36:10,7437.75,55,50,0,0
401,2026-07-24 01:36:10,7437.5,63,64,0,0
401,2026-07-24 01:36:10,7437.25,64,65,0,0
401,2026-07-24 01:36:10,7437,89,82,0,0
401,2026-07-24 01:36:10,7436.75,54,38,0,0
401,2026-07-24 01:36:10,7436.5,44,84,0,0
401,2026-07-24 01:36:10,7436.25,57,31,0,0
401,2026-07-24 01:36:10,7436,16,12,0,0
401,2026-07-24 01:36:10,7435.75,35,48,0,0
401,2026-07-24 01:36:10,7435.5,49,44,0,0
401,2026-07-24 01:36:10,7435.25,47,52,0,0
401,2026-07-24 01:36:10,7435,73,55,0,0
401,2026-07-24 01:36:10,7434.75,49,30,0,0
401,2026-07-24 01:36:10,7434.5,29,10,0,0
401,2026-07-24 01:36:10,7434.25,15,11,0,0
401,2026-07-24 01:36:10,7434,12,1,0,0
401,2026-07-24 01:36:10,7433.75,2,0,0,0
401,2026-07-24 01:36:10,7445.25,21,4,0,0
401,2026-07-24 01:36:10,7445.5,23,31,0,0
401,2026-07-24 01:36:10,7445.75,15,15,0,0
401,2026-07-24 01:36:10,7446,30,14,13,0
401,2026-07-24 01:36:10,7446.25,41,42,0,0
401,2026-07-24 01:36:10,7446.5,41,36,0,0
401,2026-07-24 01:36:10,7446.75,114,46,13,0
401,2026-07-24 01:36:10,7447,107,91,0,0
401,2026-07-24 01:36:10,7447.25,92,217,0,139
401,2026-07-24 01:36:10,7447.5,192,112,0,0
401,2026-07-24 01:36:10,7447.75,104,115,0,0
401,2026-07-24 01:36:10,7448,117,133,0,0
401,2026-07-24 01:36:10,7448.25,76,110,0,0
401,2026-07-24 01:36:10,7448.5,32,44,0,0
401,2026-07-24 01:36:10,7448.75,10,26,0,0
401,2026-07-24 01:36:10,7449,36,29,0,0
401,2026-07-24 01:36:10,7449.25,7,16,0,0
401,2026-07-24 01:36:10,7449.5,7,13,0,0
401,2026-07-24 01:36:10,7449.75,10,4,0,0
401,2026-07-24 01:36:10,7450,16,27,0,0
401,2026-07-24 01:36:10,7450.25,6,25,0,0
401,2026-07-24 01:36:10,7450.5,11,7,0,0
401,2026-07-24 01:36:10,7450.75,4,9,0,0
401,2026-07-24 01:36:10,7451,0,5,0,0
401,2026-07-24 01:36:10,7451.25,0,5,0,0
401,2026-07-24 01:36:10,7451.5,14,8,0,0
401,2026-07-24 01:36:10,7451.75,45,40,0,0
401,2026-07-24 01:36:10,7452,11,34,0,0
401,2026-07-24 01:36:10,7452.25,8,28,0,0
402,2026-07-24 02:09:47,7452,17,7,0,0
402,2026-07-24 02:09:47,7451.75,5,0,0,0
402,2026-07-24 02:09:47,7452.25,23,20,0,0
402,2026-07-24 02:09:47,7452.5,51,39,0,0
402,2026-07-24 02:09:47,7452.75,86,59,0,0
402,2026-07-24 02:09:47,7453,13,56,0,10
402,2026-07-24 02:09:47,7453.25,33,10,0,0
402,2026-07-24 02:09:47,7453.5,41,50,0,0
402,2026-07-24 02:09:47,7453.75,37,37,0,0
402,2026-07-24 02:09:47,7454,68,28,0,0
402,2026-07-24 02:09:47,7454.25,166,136,0,0
402,2026-07-24 02:09:47,7454.5,184,211,10,0
402,2026-07-24 02:09:47,7454.75,327,181,135,0
402,2026-07-24 02:09:47,7455,210,221,10,0
402,2026-07-24 02:09:47,7455.25,225,170,66,0
402,2026-07-24 02:09:47,7455.5,107,154,0,0
402,2026-07-24 02:09:47,7455.75,64,89,0,0
402,2026-07-24 02:09:47,7456,54,85,0,0
402,2026-07-24 02:09:47,7456.25,30,68,0,0
402,2026-07-24 02:09:47,7456.5,33,17,0,0
402,2026-07-24 02:09:47,7456.75,39,32,0,0
402,2026-07-24 02:09:47,7457,115,159,0,44
402,2026-07-24 02:09:47,7457.25,35,43,0,0
402,2026-07-24 02:09:47,7457.5,36,58,0,0
402,2026-07-24 02:09:47,7457.75,71,75,0,0
402,2026-07-24 02:09:47,7458,83,100,0,0
402,2026-07-24 02:09:47,7458.25,93,59,0,0
402,2026-07-24 02:09:47,7458.5,148,129,0,0
402,2026-07-24 02:09:47,7458.75,83,94,0,0
402,2026-07-24 02:09:47,7459,160,236,0,36
402,2026-07-24 02:09:47,7459.25,205,218,0,0
402,2026-07-24 02:09:47,7459.5,178,222,0,23
402,2026-07-24 02:09:47,7459.75,45,62,0,0
402,2026-07-24 02:09:47,7460,49,92,0,20
402,2026-07-24 02:09:47,7460.25,31,40,0,0
402,2026-07-24 02:09:47,7460.5,40,39,0,0
402,2026-07-24 02:09:47,7460.75,4,15,0,0
403,2026-07-24 02:25:51,7460.75,88,83,0,0
403,2026-07-24 02:25:51,7460.5,99,93,0,0
403,2026-07-24 02:25:51,7461,57,142,0,38
403,2026-07-24 02:25:51,7461.25,61,93,0,0
403,2026-07-24 02:25:51,7461.5,48,105,0,0
403,2026-07-24 02:25:51,7461.75,97,106,0,0
403,2026-07-24 02:25:51,7462,39,59,0,0
403,2026-07-24 02:25:51,7462.25,97,55,0,0
403,2026-07-24 02:25:51,7462.5,89,103,0,23
403,2026-07-24 02:25:51,7462.75,34,22,0,0
403,2026-07-24 02:25:51,7460.25,89,70,0,0
403,2026-07-24 02:25:51,7460,54,71,0,0
403,2026-07-24 02:25:51,7463,9,15,0,0
403,2026-07-24 02:25:51,7463.25,0,2,0,0
403,2026-07-24 02:25:51,7459.75,93,76,0,0
403,2026-07-24 02:25:51,7459.5,136,88,10,0
403,2026-07-24 02:25:51,7459.25,37,66,0,0
403,2026-07-24 02:25:51,7459,33,30,0,0
403,2026-07-24 02:25:51,7458.75,45,13,0,0
403,2026-07-24 02:25:51,7458.5,46,52,0,0
403,2026-07-24 02:25:51,7458.25,52,41,0,0
403,2026-07-24 02:25:51,7458,75,71,0,0
403,2026-07-24 02:25:51,7457.75,97,90,0,0
403,2026-07-24 02:25:51,7457.5,130,129,0,0
403,2026-07-24 02:25:51,7457.25,131,93,0,0
403,2026-07-24 02:25:51,7457,126,101,11,0
403,2026-07-24 02:25:51,7456.75,147,158,0,0
403,2026-07-24 02:25:51,7456.5,221,232,0,29
403,2026-07-24 02:25:51,7456.25,237,170,40,45
403,2026-07-24 02:25:51,7456,145,112,0,0
403,2026-07-24 02:25:51,7455.75,111,83,0,0
403,2026-07-24 02:25:51,7455.5,67,40,0,0
403,2026-07-24 02:25:51,7455.25,70,46,0,0
403,2026-07-24 02:25:51,7455,85,36,0,0
403,2026-07-24 02:25:51,7454.75,58,20,0,0
403,2026-07-24 02:25:51,7454.5,45,27,0,0
403,2026-07-24 02:25:51,7454.25,35,41,0,16
403,2026-07-24 02:25:51,7454,48,81,0,0
403,2026-07-24 02:25:51,7453.75,56,67,0,0
403,2026-07-24 02:25:51,7453.5,66,56,0,0
403,2026-07-24 02:25:51,7453.25,37,32,0,0
403,2026-07-24 02:25:51,7453,55,38,0,0
403,2026-07-24 02:25:51,7452.75,14,16,0,0
403,2026-07-24 02:25:51,7452.5,8,9,0,0
404,2026-07-24 03:03:39,7453.5,161,161,0,14
404,2026-07-24 03:03:39,7453.75,127,121,0,0
404,2026-07-24 03:03:39,7454,105,93,0,0
404,2026-07-24 03:03:39,7454.25,85,67,0,0
404,2026-07-24 03:03:39,7454.5,48,52,0,0
404,2026-07-24 03:03:39,7454.75,60,71,0,0
404,2026-07-24 03:03:39,7453.25,171,107,0,0
404,2026-07-24 03:03:39,7453,108,118,0,0
404,2026-07-24 03:03:39,7452.75,100,95,0,0
404,2026-07-24 03:03:39,7452.5,88,75,0,0
404,2026-07-24 03:03:39,7452.25,73,66,0,0
404,2026-07-24 03:03:39,7452,127,118,0,0
404,2026-07-24 03:03:39,7451.75,115,117,0,0
404,2026-07-24 03:03:39,7451.5,133,94,0,0
404,2026-07-24 03:03:39,7451.25,139,133,10,0
404,2026-07-24 03:03:39,7451,177,147,0,0
404,2026-07-24 03:03:39,7450.75,111,128,0,0
404,2026-07-24 03:03:39,7450.5,166,108,0,0
404,2026-07-24 03:03:39,7450.25,65,70,0,10
404,2026-07-24 03:03:39,7450,75,52,0,0
404,2026-07-24 03:03:39,7449.75,48,46,0,0
404,2026-07-24 03:03:39,7449.5,31,30,0,0
404,2026-07-24 03:03:39,7449.25,8,0,0,0
404,2026-07-24 03:03:39,7455,61,98,0,0
404,2026-07-24 03:03:39,7455.25,53,73,0,0
404,2026-07-24 03:03:39,7455.5,75,92,0,0
404,2026-07-24 03:03:39,7455.75,28,48,0,0
404,2026-07-24 03:03:39,7456,8,27,0,0
404,2026-07-24 03:03:39,7456.25,0,7,0,0
404,2026-07-24 03:03:39,7456.5,0,10,0,0
404,2026-07-24 03:03:39,7456.75,5,8,0,0
404,2026-07-24 03:03:39,7457,18,37,0,0
404,2026-07-24 03:03:39,7457.25,46,30,0,0
404,2026-07-24 03:03:39,7457.5,39,34,0,0
404,2026-07-24 03:03:39,7457.75,63,55,0,0
404,2026-07-24 03:03:39,7458,66,57,0,0
404,2026-07-24 03:03:39,7458.25,91,84,0,10
404,2026-07-24 03:03:39,7458.5,69,44,0,0
404,2026-07-24 03:03:39,7458.75,32,44,0,0
404,2026-07-24 03:03:39,7459,31,32,0,0
404,2026-07-24 03:03:39,7459.25,33,29,0,0
404,2026-07-24 03:03:39,7459.5,26,33,0,0
404,2026-07-24 03:03:39,7459.75,42,25,0,0
404,2026-07-24 03:03:39,7460,22,16,0,0
404,2026-07-24 03:03:39,7460.25,54,64,11,0
404,2026-07-24 03:03:39,7460.5,66,48,0,0
404,2026-07-24 03:03:39,7460.75,50,60,0,0
404,2026-07-24 03:03:39,7461,35,35,0,0
404,2026-07-24 03:03:39,7461.25,1,6,0,0
405,2026-07-24 03:34:16,7460.25,57,68,0,0
405,2026-07-24 03:34:16,7460.5,38,36,10,0
405,2026-07-24 03:34:16,7460.75,92,53,0,0
405,2026-07-24 03:34:16,7461,111,142,0,21
405,2026-07-24 03:34:16,7460,73,61,10,0
405,2026-07-24 03:34:16,7459.75,80,90,0,0
405,2026-07-24 03:34:16,7459.5,90,101,0,0
405,2026-07-24 03:34:16,7459.25,111,108,0,0
405,2026-07-24 03:34:16,7459,142,156,0,0
405,2026-07-24 03:34:16,7458.75,180,151,0,0
405,2026-07-24 03:34:16,7458.5,177,143,0,0
405,2026-07-24 03:34:16,7461.25,47,64,0,0
405,2026-07-24 03:34:16,7461.5,43,52,0,0
405,2026-07-24 03:34:16,7461.75,23,31,0,0
405,2026-07-24 03:34:16,7462,4,26,0,0
405,2026-07-24 03:34:16,7458.25,157,156,0,0
405,2026-07-24 03:34:16,7458,246,219,0,18
405,2026-07-24 03:34:16,7457.75,224,230,0,0
405,2026-07-24 03:34:16,7457.5,271,214,0,0
405,2026-07-24 03:34:16,7457.25,205,167,0,22
405,2026-07-24 03:34:16,7457,172,146,0,0
405,2026-07-24 03:34:16,7456.75,270,136,20,30
405,2026-07-24 03:34:16,7456.5,183,71,0,0
405,2026-07-24 03:34:16,7456.25,52,25,0,0
405,2026-07-24 03:34:16,7456,5,0,0,0
405,2026-07-24 03:34:16,7462.25,1,9,0,0
405,2026-07-24 03:34:16,7462.5,36,17,0,0
405,2026-07-24 03:34:16,7462.75,32,36,0,0
405,2026-07-24 03:34:16,7463,16,54,0,0
405,2026-07-24 03:34:16,7463.25,21,11,0,0
405,2026-07-24 03:34:16,7463.5,9,23,0,0
405,2026-07-24 03:34:16,7463.75,21,19,0,0
405,2026-07-24 03:34:16,7464,15,80,0,39
405,2026-07-24 03:34:16,7464.25,23,21,0,0
405,2026-07-24 03:34:16,7464.5,56,42,0,0
405,2026-07-24 03:34:16,7464.75,52,48,0,0
405,2026-07-24 03:34:16,7465,54,94,0,22
405,2026-07-24 03:34:16,7465.25,3,8,0,0
406,2026-07-24 04:10:24,7464.75,218,249,0,0
406,2026-07-24 04:10:24,7464.5,253,128,20,0
406,2026-07-24 04:10:24,7465,206,180,72,0
406,2026-07-24 04:10:24,7464.25,109,104,0,0
406,2026-07-24 04:10:24,7464,169,200,0,35
406,2026-07-24 04:10:24,7463.75,138,126,0,0
406,2026-07-24 04:10:24,7463.5,87,95,0,0
406,2026-07-24 04:10:24,7463.25,177,139,0,0
406,2026-07-24 04:10:24,7463,183,173,0,0
406,2026-07-24 04:10:24,7462.75,98,99,0,0
406,2026-07-24 04:10:24,7462.5,73,60,0,0
406,2026-07-24 04:10:24,7462.25,104,79,0,0
406,2026-07-24 04:10:24,7462,91,43,26,0
406,2026-07-24 04:10:24,7461.75,23,24,0,0
406,2026-07-24 04:10:24,7461.5,18,14,0,0
406,2026-07-24 04:10:24,7461.25,9,11,0,0
406,2026-07-24 04:10:24,7461,23,47,0,0
406,2026-07-24 04:10:24,7460.75,67,80,0,0
406,2026-07-24 04:10:24,7460.5,140,152,0,13
406,2026-07-24 04:10:24,7460.25,158,115,20,0
406,2026-07-24 04:10:24,7460,87,86,0,10
406,2026-07-24 04:10:24,7459.75,51,49,0,0
406,2026-07-24 04:10:24,7459.5,35,29,0,0
406,2026-07-24 04:10:24,7459.25,55,46,25,0
406,2026-07-24 04:10:24,7459,89,39,0,0
406,2026-07-24 04:10:24,7458.75,17,28,0,0
406,2026-07-24 04:10:24,7458.5,41,57,0,0
406,2026-07-24 04:10:24,7458.25,28,25,0,0
406,2026-07-24 04:10:24,7458,7,4,0,0
406,2026-07-24 04:10:24,7457.75,10,0,0,0
406,2026-07-24 04:10:24,7465.25,147,137,0,0
406,2026-07-24 04:10:24,7465.5,220,246,11,0
406,2026-07-24 04:10:24,7465.75,145,143,0,0
406,2026-07-24 04:10:24,7466,77,97,0,17
406,2026-07-24 04:10:24,7466.25,0,22,0,0
406,2026-07-24 04:10:24,7466.5,0,16,0,0
406,2026-07-24 04:10:24,7466.75,0,5,0,0
407,2026-07-24 04:40:54,7465,129,164,0,0
407,2026-07-24 04:40:54,7465.25,183,133,15,0
407,2026-07-24 04:40:54,7465.5,207,215,10,0
407,2026-07-24 04:40:54,7465.75,196,180,0,12
407,2026-07-24 04:40:54,7466,197,191,0,0
407,2026-07-24 04:40:54,7466.25,144,152,0,0
407,2026-07-24 04:40:54,7464.75,153,101,0,10
407,2026-07-24 04:40:54,7466.5,132,97,0,0
407,2026-07-24 04:40:54,7466.75,74,91,0,0
407,2026-07-24 04:40:54,7467,10,32,0,0
407,2026-07-24 04:40:54,7467.25,17,18,0,0
407,2026-07-24 04:40:54,7467.5,0,6,0,0
407,2026-07-24 04:40:54,7464.5,139,147,0,42
407,2026-07-24 04:40:54,7464.25,184,122,0,0
407,2026-07-24 04:40:54,7464,197,136,0,0
407,2026-07-24 04:40:54,7463.75,47,34,0,0
407,2026-07-24 04:40:54,7463.5,56,43,0,0
407,2026-07-24 04:40:54,7463.25,80,61,0,0
407,2026-07-24 04:40:54,7463,37,37,0,0
407,2026-07-24 04:40:54,7462.75,39,16,0,0
407,2026-07-24 04:40:54,7462.5,49,41,0,0
407,2026-07-24 04:40:54,7462.25,14,3,0,0
407,2026-07-24 04:40:54,7462,26,13,0,0
407,2026-07-24 04:40:54,7461.75,52,43,0,0
407,2026-07-24 04:40:54,7461.5,151,131,12,0
407,2026-07-24 04:40:54,7461.25,246,290,0,0
407,2026-07-24 04:40:54,7461,257,248,0,27
407,2026-07-24 04:40:54,7460.75,157,203,0,15
407,2026-07-24 04:40:54,7460.5,167,123,10,0
407,2026-07-24 04:40:54,7460.25,40,24,0,0
407,2026-07-24 04:40:54,7460,11,14,0,0
408,2026-07-24 05:22:17,7461,116,65,0,0
408,2026-07-24 05:22:17,7461.25,98,87,0,18
408,2026-07-24 05:22:17,7461.75,105,111,0,17
408,2026-07-24 05:22:17,7462,86,126,0,61
408,2026-07-24 05:22:17,7461.5,105,94,13,0
408,2026-07-24 05:22:17,7460.75,131,131,0,10
408,2026-07-24 05:22:17,7460.5,186,183,0,0
408,2026-07-24 05:22:17,7462.25,96,95,0,25
408,2026-07-24 05:22:17,7460.25,231,253,0,20
408,2026-07-24 05:22:17,7460,337,348,12,36
408,2026-07-24 05:22:17,7459.75,236,185,0,0
408,2026-07-24 05:22:17,7459.5,236,178,20,0
408,2026-07-24 05:22:17,7459.25,177,155,0,0
408,2026-07-24 05:22:17,7462.5,102,150,0,22
408,2026-07-24 05:22:17,7462.75,37,41,0,0
408,2026-07-24 05:22:17,7463.25,25,39,0,0
408,2026-07-24 05:22:17,7463.5,44,22,0,0
408,2026-07-24 05:22:17,7463.75,29,36,0,0
408,2026-07-24 05:22:17,7464,25,25,0,0
408,2026-07-24 05:22:17,7463,41,14,0,0
408,2026-07-24 05:22:17,7464.25,13,41,0,0
408,2026-07-24 05:22:17,7464.5,0,10,0,0
408,2026-07-24 05:22:17,7459,235,278,12,0
408,2026-07-24 05:22:17,7458.75,207,227,0,0
408,2026-07-24 05:22:17,7458.5,215,256,0,0
408,2026-07-24 05:22:17,7458.25,113,68,0,0
408,2026-07-24 05:22:17,7458,49,0,0,0
408,2026-07-24 05:22:17,7457.75,7,0,0,0
409,2026-07-24 06:01:43,7460.25,119,134,0,11
409,2026-07-24 06:01:43,7460.5,160,169,0,0
409,2026-07-24 06:01:43,7461,226,217,18,0
409,2026-07-24 06:01:43,7461.25,125,163,0,10
409,2026-07-24 06:01:43,7460.75,244,250,0,0
409,2026-07-24 06:01:43,7460,187,135,0,0
409,2026-07-24 06:01:43,7461.5,158,192,0,0
409,2026-07-24 06:01:43,7461.75,152,242,0,0
409,2026-07-24 06:01:43,7462,113,148,0,0
409,2026-07-24 06:01:43,7462.25,113,208,0,0
409,2026-07-24 06:01:43,7462.5,58,164,0,0
409,2026-07-24 06:01:43,7462.75,5,28,0,0
409,2026-07-24 06:01:43,7463,0,5,0,0
409,2026-07-24 06:01:43,7459.75,136,166,0,19
409,2026-07-24 06:01:43,7459.5,212,200,0,0
409,2026-07-24 06:01:43,7459.25,193,171,0,0
409,2026-07-24 06:01:43,7459,132,128,0,12
409,2026-07-24 06:01:43,7458.75,98,89,0,0
409,2026-07-24 06:01:43,7458.5,87,48,0,0
409,2026-07-24 06:01:43,7458.25,34,17,0,0
409,2026-07-24 06:01:43,7458,25,30,0,0
409,2026-07-24 06:01:43,7457.75,105,123,19,37
409,2026-07-24 06:01:43,7457.5,82,84,0,12
409,2026-07-24 06:01:43,7457.25,117,150,0,0
409,2026-07-24 06:01:43,7457,96,65,11,0
409,2026-07-24 06:01:43,7456.75,11,14,0,0
409,2026-07-24 06:01:43,7456.5,45,58,0,0
409,2026-07-24 06:01:43,7456.25,42,17,0,0
409,2026-07-24 06:01:43,7456,10,0,0,0
410,2026-07-24 06:38:21,7458,96,378,0,200
410,2026-07-24 06:38:21,7458.25,90,192,0,0
410,2026-07-24 06:38:21,7458.5,39,104,0,0
410,2026-07-24 06:38:21,7458.75,46,34,0,0
410,2026-07-24 06:38:21,7457.75,114,191,0,12
410,2026-07-24 06:38:21,7457.5,58,64,0,0
410,2026-07-24 06:38:21,7457.25,64,76,0,0
410,2026-07-24 06:38:21,7457,70,111,0,0
410,2026-07-24 06:38:21,7456.75,138,223,0,0
410,2026-07-24 06:38:21,7456.5,314,417,0,73
410,2026-07-24 06:38:21,7456.25,277,275,0,12
410,2026-07-24 06:38:21,7456,222,128,48,13
410,2026-07-24 06:38:21,7455.75,94,92,0,0
410,2026-07-24 06:38:21,7455.5,86,105,0,0
410,2026-07-24 06:38:21,7455.25,118,101,35,16
410,2026-07-24 06:38:21,7455,84,82,0,0
410,2026-07-24 06:38:21,7454.75,65,87,0,0
410,2026-07-24 06:38:21,7454.5,212,254,18,0
410,2026-07-24 06:38:21,7454.25,223,129,12,0
410,2026-07-24 06:38:21,7454,150,41,51,0
410,2026-07-24 06:38:21,7453.75,2,15,0,0
410,2026-07-24 06:38:21,7453.5,6,11,0,0
410,2026-07-24 06:38:21,7453.25,8,0,0,0
410,2026-07-24 06:38:21,7453,2,0,0,0
410,2026-07-24 06:38:21,7459,24,109,0,24
410,2026-07-24 06:38:21,7459.25,44,64,0,0
410,2026-07-24 06:38:21,7459.5,138,100,0,0
410,2026-07-24 06:38:21,7459.75,39,294,0,99
411,2026-07-24 06:58:45,7459.25,32,24,0,0
411,2026-07-24 06:58:45,7459.5,51,33,0,0
411,2026-07-24 06:58:45,7459,3,9,0,0
411,2026-07-24 06:58:45,7458.75,14,16,0,0
411,2026-07-24 06:58:45,7458.5,19,16,0,0
411,2026-07-24 06:58:45,7458.25,30,22,0,0
411,2026-07-24 06:58:45,7459.75,75,270,0,121
411,2026-07-24 06:58:45,7460,83,842,0,799
411,2026-07-24 06:58:45,7460.25,52,71,0,0
411,2026-07-24 06:58:45,7460.5,56,45,0,0
411,2026-07-24 06:58:45,7460.75,20,16,0,0
411,2026-07-24 06:58:45,7461,66,51,0,0
411,2026-07-24 06:58:45,7461.25,64,57,0,0
411,2026-07-24 06:58:45,7461.5,31,52,0,0
411,2026-07-24 06:58:45,7461.75,58,51,0,0
411,2026-07-24 06:58:45,7462,184,85,50,0
411,2026-07-24 06:58:45,7462.25,123,87,0,0
411,2026-07-24 06:58:45,7462.5,81,75,15,0
411,2026-07-24 06:58:45,7462.75,159,71,70,0
411,2026-07-24 06:58:45,7463,95,75,0,0
411,2026-07-24 06:58:45,7463.25,100,117,0,0
411,2026-07-24 06:58:45,7463.5,60,63,0,0
411,2026-07-24 06:58:45,7463.75,50,65,0,0
411,2026-07-24 06:58:45,7464,62,75,0,0
411,2026-07-24 06:58:45,7464.25,72,125,0,0
411,2026-07-24 06:58:45,7464.5,47,76,0,0
411,2026-07-24 06:58:45,7464.75,88,55,0,0
411,2026-07-24 06:58:45,7465,96,90,0,0
411,2026-07-24 06:58:45,7465.25,97,133,0,37
411,2026-07-24 06:58:45,7465.5,68,70,0,0
411,2026-07-24 06:58:45,7465.75,55,44,0,0
411,2026-07-24 06:58:45,7466,63,86,0,0
411,2026-07-24 06:58:45,7466.25,54,75,0,0
411,2026-07-24 06:58:45,7466.5,63,108,0,0
411,2026-07-24 06:58:45,7466.75,50,60,0,0
411,2026-07-24 06:58:45,7467,106,81,0,0
411,2026-07-24 06:58:45,7467.25,70,61,0,0
411,2026-07-24 06:58:45,7467.5,38,82,0,19
411,2026-07-24 06:58:45,7467.75,68,50,0,0
411,2026-07-24 06:58:45,7468,74,96,40,0
411,2026-07-24 06:58:45,7468.25,38,36,0,0
411,2026-07-24 06:58:45,7468.5,11,63,0,0
411,2026-07-24 06:58:45,7468.75,6,44,0,0
411,2026-07-24 06:58:45,7469,0,45,0,10
412,2026-07-24 07:02:00,7460.5,184,123,64,0
412,2026-07-24 07:02:00,7460.25,139,127,0,0
412,2026-07-24 07:02:00,7460,180,158,14,0
412,2026-07-24 07:02:00,7460.75,174,125,23,0
412,2026-07-24 07:02:00,7459.75,86,71,0,0
412,2026-07-24 07:02:00,7459.5,71,83,0,0
412,2026-07-24 07:02:00,7459.25,64,75,0,0
412,2026-07-24 07:02:00,7459,46,28,0,0
412,2026-07-24 07:02:00,7458.75,19,24,0,0
412,2026-07-24 07:02:00,7458.5,27,31,0,0
412,2026-07-24 07:02:00,7458.25,49,40,0,0
412,2026-07-24 07:02:00,7458,29,24,0,0
412,2026-07-24 07:02:00,7461,94,107,0,0
412,2026-07-24 07:02:00,7461.25,65,81,11,0
412,2026-07-24 07:02:00,7461.5,48,109,0,0
412,2026-07-24 07:02:00,7461.75,67,63,13,0
412,2026-07-24 07:02:00,7462,41,73,0,0
412,2026-07-24 07:02:00,7457.75,18,25,0,0
412,2026-07-24 07:02:00,7457.5,20,2,0,0
412,2026-07-24 07:02:00,7462.25,0,19,0,0
412,2026-07-24 07:02:00,7462.5,16,22,0,0
412,2026-07-24 07:02:00,7462.75,49,53,0,0
412,2026-07-24 07:02:00,7463,69,103,0,15
412,2026-07-24 07:02:00,7463.25,38,41,0,0
412,2026-07-24 07:02:00,7463.5,42,61,0,0
412,2026-07-24 07:02:00,7463.75,74,43,0,0
412,2026-07-24 07:02:00,7464,250,243,13,17
412,2026-07-24 07:02:00,7464.25,226,199,64,10
412,2026-07-24 07:02:00,7464.5,145,209,11,0
412,2026-07-24 07:02:00,7464.75,99,249,0,12
412,2026-07-24 07:02:00,7465,26,460,0,396
412,2026-07-24 07:02:00,7465.25,0,13,0,0
412,2026-07-24 07:02:00,7465.5,13,9,0,0
412,2026-07-24 07:02:00,7465.75,20,17,0,0
412,2026-07-24 07:02:00,7466,65,67,0,23
412,2026-07-24 07:02:00,7466.25,76,52,12,0
412,2026-07-24 07:02:00,7466.5,77,82,0,0
412,2026-07-24 07:02:00,7466.75,52,83,0,0
412,2026-07-24 07:02:00,7467,33,12,0,0
412,2026-07-24 07:02:00,7467.25,82,97,0,0
412,2026-07-24 07:02:00,7467.5,66,56,15,0
412,2026-07-24 07:02:00,7467.75,0,2,0,0
413,2026-07-24 07:15:58,7466.25,280,299,12,0
413,2026-07-24 07:15:58,7466.5,245,238,33,0
413,2026-07-24 07:15:58,7466,277,224,20,18
413,2026-07-24 07:15:58,7465.75,158,169,16,0
413,2026-07-24 07:15:58,7466.75,117,175,23,0
413,2026-07-24 07:15:58,7467,85,176,0,0
413,2026-07-24 07:15:58,7467.25,67,106,25,0
413,2026-07-24 07:15:58,7467.5,18,62,0,0
413,2026-07-24 07:15:58,7467.75,21,35,21,0
413,2026-07-24 07:15:58,7465.5,164,145,33,0
413,2026-07-24 07:15:58,7465.25,135,140,0,0
413,2026-07-24 07:15:58,7465,176,127,20,0
413,2026-07-24 07:15:58,7464.75,135,164,0,0
413,2026-07-24 07:15:58,7464.5,188,174,13,0
413,2026-07-24 07:15:58,7464.25,151,142,11,0
413,2026-07-24 07:15:58,7464,172,127,0,0
413,2026-07-24 07:15:58,7463.75,159,196,0,18
413,2026-07-24 07:15:58,7463.5,278,170,60,0
413,2026-07-24 07:15:58,7463.25,111,82,0,0
413,2026-07-24 07:15:58,7463,42,22,0,0
413,2026-07-24 07:15:58,7462.75,51,19,0,0
413,2026-07-24 07:15:58,7462.5,26,14,0,0
413,2026-07-24 07:15:58,7462.25,21,24,0,0
413,2026-07-24 07:15:58,7462,38,41,0,0
413,2026-07-24 07:15:58,7461.75,13,17,0,0
413,2026-07-24 07:15:58,7461.5,19,8,0,0
413,2026-07-24 07:15:58,7461.25,50,29,13,0
413,2026-07-24 07:15:58,7461,57,52,0,0
413,2026-07-24 07:15:58,7460.75,33,25,0,0
413,2026-07-24 07:15:58,7460.5,9,0,0,0
414,2026-07-24 07:30:47,7464.5,176,80,0,0
414,2026-07-24 07:30:47,7464.75,178,179,0,0
414,2026-07-24 07:30:47,7465,18,44,0,0
414,2026-07-24 07:30:47,7464.25,67,97,0,0
414,2026-07-24 07:30:47,7464,75,40,0,0
414,2026-07-24 07:30:47,7463.75,22,2,0,0
414,2026-07-24 07:30:47,7463.5,20,12,0,0
414,2026-07-24 07:30:47,7463.25,25,6,0,0
414,2026-07-24 07:30:47,7463,28,19,0,0
414,2026-07-24 07:30:47,7462.75,17,9,0,0
414,2026-07-24 07:30:47,7462.5,4,3,0,0
414,2026-07-24 07:30:47,7462.25,19,37,0,0
414,2026-07-24 07:30:47,7462,23,60,0,0
414,2026-07-24 07:30:47,7461.75,116,85,11,0
414,2026-07-24 07:30:47,7461.5,47,60,0,0
414,2026-07-24 07:30:47,7461.25,87,65,0,0
414,2026-07-24 07:30:47,7461,98,100,0,0
414,2026-07-24 07:30:47,7460.75,123,82,24,0
414,2026-07-24 07:30:47,7460.5,79,110,0,0
414,2026-07-24 07:30:47,7460.25,206,142,17,13
414,2026-07-24 07:30:47,7460,233,238,16,0
414,2026-07-24 07:30:47,7459.75,275,255,0,0
414,2026-07-24 07:30:47,7459.5,244,197,26,16
414,2026-07-24 07:30:47,7459.25,115,40,0,0
414,2026-07-24 07:30:47,7459,35,7,0,0
414,2026-07-24 07:30:47,7458.75,11,20,0,0
414,2026-07-24 07:30:47,7458.5,13,2,0,0
414,2026-07-24 07:30:47,7458.25,38,41,12,0
414,2026-07-24 07:30:47,7458,99,54,0,0
414,2026-07-24 07:30:47,7457.75,107,85,0,0
414,2026-07-24 07:30:47,7457.5,65,36,0,0
414,2026-07-24 07:30:47,7457.25,36,38,0,0
414,2026-07-24 07:30:47,7457,38,28,0,0
414,2026-07-24 07:30:47,7456.75,45,35,0,0
414,2026-07-24 07:30:47,7456.5,57,93,0,0
414,2026-07-24 07:30:47,7456.25,112,92,14,0
414,2026-07-24 07:30:47,7456,124,120,0,0
414,2026-07-24 07:30:47,7455.75,163,141,0,0
414,2026-07-24 07:30:47,7455.5,143,101,28,12
414,2026-07-24 07:30:47,7455.25,85,59,0,0
414,2026-07-24 07:30:47,7455,95,1,38,0
414,2026-07-24 07:30:47,7454.75,24,0,0,0
414,2026-07-24 07:30:47,7454.5,2,0,0,0
415,2026-07-24 07:46:27,7455.5,37,73,0,0
415,2026-07-24 07:46:27,7455.25,129,126,0,0
415,2026-07-24 07:46:27,7455,254,196,10,0
415,2026-07-24 07:46:27,7455.75,10,34,0,0
415,2026-07-24 07:46:27,7454.75,251,170,0,0
415,2026-07-24 07:46:27,7454.5,196,238,0,0
415,2026-07-24 07:46:27,7454.25,200,53,21,0
415,2026-07-24 07:46:27,7454,89,82,0,0
415,2026-07-24 07:46:27,7453.75,137,110,0,0
415,2026-07-24 07:46:27,7453.5,183,109,50,0
415,2026-07-24 07:46:27,7456,0,31,0,0
415,2026-07-24 07:46:27,7453.25,92,63,0,0
415,2026-07-24 07:46:27,7453,143,83,36,0
415,2026-07-24 07:46:27,7452.75,209,123,22,0
415,2026-07-24 07:46:27,7452.5,132,27,50,0
415,2026-07-24 07:46:27,7452.25,44,45,0,0
415,2026-07-24 07:46:27,7452,94,106,0,0
415,2026-07-24 07:46:27,7451.75,170,59,92,0
415,2026-07-24 07:46:27,7451.5,64,66,0,0
415,2026-07-24 07:46:27,7451.25,37,65,0,0
415,2026-07-24 07:46:27,7451,87,35,0,0
415,2026-07-24 07:46:27,7450.75,138,77,37,0
415,2026-07-24 07:46:27,7450.5,73,76,0,0
415,2026-07-24 07:46:27,7450.25,134,283,0,0
415,2026-07-24 07:46:27,7450,242,246,22,15
415,2026-07-24 07:46:27,7449.75,232,181,43,0
415,2026-07-24 07:46:27,7449.5,143,161,0,0
415,2026-07-24 07:46:27,7449.25,36,15,0,0
415,2026-07-24 07:46:27,7449,11,0,0,0
416,2026-07-24 07:59:32,7450.25,218,162,0,0
416,2026-07-24 07:59:32,7450.5,316,329,0,0
416,2026-07-24 07:59:32,7450,122,127,0,13
416,2026-07-24 07:59:32,7450.75,187,245,0,0
416,2026-07-24 07:59:32,7451,99,134,11,0
416,2026-07-24 07:59:32,7451.25,50,123,0,0
416,2026-07-24 07:59:32,7451.5,23,47,0,0
416,2026-07-24 07:59:32,7449.75,198,126,32,0
416,2026-07-24 07:59:32,7449.5,177,182,0,0
416,2026-07-24 07:59:32,7449.25,328,332,0,0
416,2026-07-24 07:59:32,7449,395,289,72,0
416,2026-07-24 07:59:32,7448.75,186,113,18,0
416,2026-07-24 07:59:32,7448.5,215,341,0,152
416,2026-07-24 07:59:32,7451.75,0,4,0,0
416,2026-07-24 07:59:32,7448.25,167,150,0,0
416,2026-07-24 07:59:32,7448,172,57,80,0
416,2026-07-24 07:59:32,7447.75,59,32,0,0
416,2026-07-24 07:59:32,7447.5,75,56,11,0
416,2026-07-24 07:59:32,7447.25,128,178,0,0
416,2026-07-24 07:59:32,7447,193,95,35,0
416,2026-07-24 07:59:32,7446.75,35,32,0,0
416,2026-07-24 07:59:32,7446.5,2,0,0,0
417,2026-07-24 08:09:44,7449.25,95,120,0,0
417,2026-07-24 08:09:44,7449.5,222,189,0,0
417,2026-07-24 08:09:44,7449.75,225,190,0,0
417,2026-07-24 08:09:44,7449,191,88,28,0
417,2026-07-24 08:09:44,7448.75,45,46,0,0
417,2026-07-24 08:09:44,7448.5,70,8,44,0
417,2026-07-24 08:09:44,7450,431,370,100,0
417,2026-07-24 08:09:44,7450.25,272,222,0,0
417,2026-07-24 08:09:44,7450.5,287,243,46,0
417,2026-07-24 08:09:44,7450.75,240,381,0,0
417,2026-07-24 08:09:44,7451,211,182,22,10
417,2026-07-24 08:09:44,7451.25,181,118,19,0
417,2026-07-24 08:09:44,7451.5,126,187,0,0
417,2026-07-24 08:09:44,7451.75,94,176,0,30
417,2026-07-24 08:09:44,7452,220,95,57,0
417,2026-07-24 08:09:44,7452.25,200,225,0,0
417,2026-07-24 08:09:44,7452.5,93,98,0,10
417,2026-07-24 08:09:44,7452.75,75,92,0,0
417,2026-07-24 08:09:44,7453,25,94,0,0
417,2026-07-24 08:09:44,7453.25,1,33,0,0
417,2026-07-24 08:09:44,7453.5,0,26,0,0
417,2026-07-24 08:09:44,7453.75,0,14,0,0
418,2026-07-24 08:22:08,7449,205,187,10,46
418,2026-07-24 08:22:08,7449.25,245,241,0,0
418,2026-07-24 08:22:08,7448.75,258,240,0,12
418,2026-07-24 08:22:08,7448.5,186,139,15,0
418,2026-07-24 08:22:08,7449.5,100,166,0,0
418,2026-07-24 08:22:08,7449.75,95,123,0,0
418,2026-07-24 08:22:08,7450,103,115,0,0
418,2026-07-24 08:22:08,7450.25,68,93,0,0
418,2026-07-24 08:22:08,7450.5,76,88,0,0
418,2026-07-24 08:22:08,7450.75,116,113,0,0
418,2026-07-24 08:22:08,7451,186,179,11,0
418,2026-07-24 08:22:08,7451.25,116,163,0,53
418,2026-07-24 08:22:08,7451.5,17,41,0,0
418,2026-07-24 08:22:08,7451.75,7,26,0,0
418,2026-07-24 08:22:08,7452,30,21,0,0
418,2026-07-24 08:22:08,7452.25,68,93,0,0
418,2026-07-24 08:22:08,7452.5,50,64,0,0
418,2026-07-24 08:22:08,7452.75,53,42,0,0
418,2026-07-24 08:22:08,7453,28,50,0,0
418,2026-07-24 08:22:08,7448.25,222,290,0,0
418,2026-07-24 08:22:08,7448,184,209,0,0
418,2026-07-24 08:22:08,7447.75,161,177,0,0
418,2026-07-24 08:22:08,7447.5,213,103,0,0
418,2026-07-24 08:22:08,7447.25,68,11,0,0
418,2026-07-24 08:22:08,7447,57,65,10,0
418,2026-07-24 08:22:08,7446.75,87,140,0,0
418,2026-07-24 08:22:08,7446.5,166,110,0,18
418,2026-07-24 08:22:08,7446.25,42,2,0,0
419,2026-07-24 08:29:18,7447.25,148,237,0,0
419,2026-07-24 08:29:18,7447,207,220,0,10
419,2026-07-24 08:29:18,7446.75,115,169,10,0
419,2026-07-24 08:29:18,7446.5,190,255,0,0
419,2026-07-24 08:29:18,7446.25,226,187,0,0
419,2026-07-24 08:29:18,7446,156,140,0,0
419,2026-07-24 08:29:18,7445.75,248,200,25,0
419,2026-07-24 08:29:18,7445.5,135,185,0,0
419,2026-07-24 08:29:18,7445.25,105,102,0,12
419,2026-07-24 08:29:18,7445,84,144,0,0
419,2026-07-24 08:29:18,7444.75,204,233,0,10
419,2026-07-24 08:29:18,7444.5,201,201,0,50
419,2026-07-24 08:29:18,7444.25,127,171,0,0
419,2026-07-24 08:29:18,7444,157,224,0,0
419,2026-07-24 08:29:18,7443.75,161,146,0,0
419,2026-07-24 08:29:18,7443.5,166,190,0,33
419,2026-07-24 08:29:18,7443.25,140,114,0,0
419,2026-07-24 08:29:18,7443,74,22,0,0
419,2026-07-24 08:29:18,7442.75,38,0,0,0
419,2026-07-24 08:29:18,7447.5,152,225,0,0
419,2026-07-24 08:29:18,7447.75,22,70,0,0
419,2026-07-24 08:29:18,7448,0,11,0,0
420,2026-07-24 08:30:06,7447.25,371,289,0,10
420,2026-07-24 08:30:06,7447.5,291,261,12,19
420,2026-07-24 08:30:06,7447,234,192,11,0
420,2026-07-24 08:30:06,7447.75,208,336,13,20
420,2026-07-24 08:30:06,7446.75,83,65,0,0
420,2026-07-24 08:30:06,7448,224,218,16,0
420,2026-07-24 08:30:06,7448.25,222,210,0,0
420,2026-07-24 08:30:06,7448.5,180,226,0,0
420,2026-07-24 08:30:06,7448.75,111,166,13,0
420,2026-07-24 08:30:06,7446.5,88,75,0,0
420,2026-07-24 08:30:06,7446.25,104,130,0,0
420,2026-07-24 08:30:06,7446,144,218,0,0
420,2026-07-24 08:30:06,7445.75,150,156,0,0
420,2026-07-24 08:30:06,7445.5,290,294,0,39
420,2026-07-24 08:30:06,7445.25,185,260,0,0
420,2026-07-24 08:30:06,7445,182,134,0,0
420,2026-07-24 08:30:06,7444.75,72,83,0,0
420,2026-07-24 08:30:06,7444.5,13,0,0,0
420,2026-07-24 08:30:06,7449,10,25,0,0
421,2026-07-24 08:30:41,7447.25,35,66,0,0
421,2026-07-24 08:30:41,7447,200,234,0,0
421,2026-07-24 08:30:41,7447.5,64,70,11,0
421,2026-07-24 08:30:41,7447.75,78,88,11,0
421,2026-07-24 08:30:41,7448,0,2,0,0
421,2026-07-24 08:30:41,7446.75,227,218,10,20
421,2026-07-24 08:30:41,7446.5,176,239,0,0
421,2026-07-24 08:30:41,7446.25,238,324,0,0
421,2026-07-24 08:30:41,7446,146,135,0,0
421,2026-07-24 08:30:41,7445.75,155,166,0,15
421,2026-07-24 08:30:41,7445.5,124,171,0,0
421,2026-07-24 08:30:41,7445.25,154,111,0,0
421,2026-07-24 08:30:41,7445,60,68,0,0
421,2026-07-24 08:30:41,7444.75,51,81,0,17
421,2026-07-24 08:30:41,7444.5,38,77,13,0
421,2026-07-24 08:30:41,7444.25,99,138,0,0
421,2026-07-24 08:30:41,7444,170,144,0,0
421,2026-07-24 08:30:41,7443.75,75,107,0,0
421,2026-07-24 08:30:41,7443.5,139,265,0,15
421,2026-07-24 08:30:41,7443.25,432,427,15,0
421,2026-07-24 08:30:41,7443,321,198,62,0
421,2026-07-24 08:30:41,7442.75,76,33,0,0
421,2026-07-24 08:30:41,7442.5,27,41,0,0
421,2026-07-24 08:30:41,7442.25,12,0,0,0
422,2026-07-24 08:31:28,7443.75,162,189,0,13
422,2026-07-24 08:31:28,7443.5,99,102,0,0
422,2026-07-24 08:31:28,7444,245,258,0,0
422,2026-07-24 08:31:28,7444.25,267,349,0,0
422,2026-07-24 08:31:28,7444.5,254,355,0,12
422,2026-07-24 08:31:28,7444.75,215,208,0,20
422,2026-07-24 08:31:28,7445,145,173,0,0
422,2026-07-24 08:31:28,7445.25,81,139,0,0
422,2026-07-24 08:31:28,7445.5,52,93,0,0
422,2026-07-24 08:31:28,7443.25,133,50,47,0
422,2026-07-24 08:31:28,7443,3,0,0,0
422,2026-07-24 08:31:28,7445.75,89,90,0,0
422,2026-07-24 08:31:28,7446,14,152,0,103
422,2026-07-24 08:31:28,7446.25,0,10,0,0
422,2026-07-24 08:31:28,7446.5,8,17,0,0
422,2026-07-24 08:31:28,7446.75,1,14,0,0
422,2026-07-24 08:31:28,7447,25,26,0,0
422,2026-07-24 08:31:28,7447.25,45,38,0,0
422,2026-07-24 08:31:28,7447.5,41,66,0,0
422,2026-07-24 08:31:28,7447.75,37,119,0,40
422,2026-07-24 08:31:28,7448,140,140,0,0
422,2026-07-24 08:31:28,7448.25,90,82,0,0
422,2026-07-24 08:31:28,7448.5,76,119,0,17
422,2026-07-24 08:31:28,7448.75,160,96,0,0
422,2026-07-24 08:31:28,7449,117,165,0,0
422,2026-07-24 08:31:28,7449.25,23,73,0,0
422,2026-07-24 08:31:28,7449.5,41,43,0,0
422,2026-07-24 08:31:28,7449.75,114,94,0,0
422,2026-07-24 08:31:28,7450,65,219,0,68
422,2026-07-24 08:31:28,7450.25,67,101,0,0
422,2026-07-24 08:31:28,7450.5,39,68,10,0
422,2026-07-24 08:31:28,7450.75,0,4,0,0
423,2026-07-24 08:32:26,7450.75,252,280,0,0
423,2026-07-24 08:32:26,7450.5,187,204,0,0
423,2026-07-24 08:32:26,7450.25,331,175,126,0
423,2026-07-24 08:32:26,7450,167,154,10,0
423,2026-07-24 08:32:26,7449.75,153,171,0,0
423,2026-07-24 08:32:26,7449.5,220,222,0,0
423,2026-07-24 08:32:26,7451,212,232,0,10
423,2026-07-24 08:32:26,7451.25,239,161,0,0
423,2026-07-24 08:32:26,7451.5,230,266,0,0
423,2026-07-24 08:32:26,7451.75,221,327,0,0
423,2026-07-24 08:32:26,7452,101,217,0,11
423,2026-07-24 08:32:26,7452.25,105,131,0,0
423,2026-07-24 08:32:26,7452.5,57,66,0,0
423,2026-07-24 08:32:26,7449.25,176,177,0,0
423,2026-07-24 08:32:26,7449,147,155,17,0
423,2026-07-24 08:32:26,7448.75,115,71,0,0
423,2026-07-24 08:32:26,7452.75,28,77,0,0
423,2026-07-24 08:32:26,7453,31,75,0,38
423,2026-07-24 08:32:26,7453.25,2,30,0,0
423,2026-07-24 08:32:26,7453.5,0,6,0,0
423,2026-07-24 08:32:26,7448.5,126,84,0,0
423,2026-07-24 08:32:26,7448.25,55,64,0,58
424,2026-07-24 08:34:00,7449.75,21,20,0,0
424,2026-07-24 08:34:00,7449.5,16,14,0,0
424,2026-07-24 08:34:00,7449.25,19,15,0,0
424,2026-07-24 08:34:00,7450,131,73,10,0
424,2026-07-24 08:34:00,7450.25,210,154,0,0
424,2026-07-24 08:34:00,7450.5,257,275,0,0
424,2026-07-24 08:34:00,7450.75,224,274,0,0
424,2026-07-24 08:34:00,7451,164,253,0,10
424,2026-07-24 08:34:00,7451.25,145,213,0,0
424,2026-07-24 08:34:00,7451.5,72,155,0,0
424,2026-07-24 08:34:00,7451.75,16,68,0,0
424,2026-07-24 08:34:00,7452,26,91,0,0
424,2026-07-24 08:34:00,7452.25,56,106,0,0
424,2026-07-24 08:34:00,7452.5,161,230,0,25
424,2026-07-24 08:34:00,7452.75,176,241,0,17
424,2026-07-24 08:34:00,7453,134,132,0,0
424,2026-07-24 08:34:00,7453.25,155,177,0,25
424,2026-07-24 08:34:00,7453.5,186,161,0,25
424,2026-07-24 08:34:00,7453.75,238,291,10,0
424,2026-07-24 08:34:00,7454,136,209,0,0
424,2026-07-24 08:34:00,7454.25,126,186,0,10
424,2026-07-24 08:34:00,7454.5,67,144,0,0
424,2026-07-24 08:34:00,7454.75,96,124,0,10
424,2026-07-24 08:34:00,7455,0,62,0,0
425,2026-07-24 08:35:33,7454,90,108,0,0
425,2026-07-24 08:35:33,7453.75,56,90,0,0
425,2026-07-24 08:35:33,7454.25,14,51,0,0
425,2026-07-24 08:35:33,7454.5,0,5,0,0
425,2026-07-24 08:35:33,7453.5,82,46,0,0
425,2026-07-24 08:35:33,7453.25,48,26,0,0
425,2026-07-24 08:35:33,7453,29,32,0,0
425,2026-07-24 08:35:33,7452.75,75,61,0,0
425,2026-07-24 08:35:33,7452.5,48,26,0,0
425,2026-07-24 08:35:33,7452.25,65,39,0,0
425,2026-07-24 08:35:33,7452,35,20,0,0
425,2026-07-24 08:35:33,7451.75,71,49,0,0
425,2026-07-24 08:35:33,7451.5,42,30,0,0
425,2026-07-24 08:35:33,7451.25,139,112,0,12
425,2026-07-24 08:35:33,7451,121,114,15,10
425,2026-07-24 08:35:33,7450.75,82,82,0,0
425,2026-07-24 08:35:33,7450.5,36,48,0,0
425,2026-07-24 08:35:33,7450.25,164,189,0,0
425,2026-07-24 08:35:33,7450,254,276,10,0
425,2026-07-24 08:35:33,7449.75,134,104,0,0
425,2026-07-24 08:35:33,7449.5,190,167,0,0
425,2026-07-24 08:35:33,7449.25,139,199,0,0
425,2026-07-24 08:35:33,7449,201,217,0,10
425,2026-07-24 08:35:33,7448.75,289,336,0,10
425,2026-07-24 08:35:33,7448.5,218,205,0,12
425,2026-07-24 08:35:33,7448.25,131,123,0,0
425,2026-07-24 08:35:33,7448,280,151,70,0
425,2026-07-24 08:35:33,7447.75,126,63,40,0
425,2026-07-24 08:35:33,7447.5,59,82,0,0
425,2026-07-24 08:35:33,7447.25,109,81,0,0
425,2026-07-24 08:35:33,7447,36,5,0,0
426,2026-07-24 08:37:12,7451.25,141,143,0,0
426,2026-07-24 08:37:12,7451,146,117,0,0
426,2026-07-24 08:37:12,7450.75,126,90,0,0
426,2026-07-24 08:37:12,7450.5,19,23,0,0
426,2026-07-24 08:37:12,7450.25,19,53,0,0
426,2026-07-24 08:37:12,7450,97,88,0,0
426,2026-07-24 08:37:12,7449.75,117,75,0,0
426,2026-07-24 08:37:12,7449.5,47,52,0,0
426,2026-07-24 08:37:12,7449.25,12,0,0,0
426,2026-07-24 08:37:12,7451.5,142,155,0,0
426,2026-07-24 08:37:12,7451.75,188,200,0,0
426,2026-07-24 08:37:12,7452,205,225,0,0
426,2026-07-24 08:37:12,7452.25,196,191,0,0
426,2026-07-24 08:37:12,7452.5,212,226,14,17
426,2026-07-24 08:37:12,7452.75,217,218,0,0
426,2026-07-24 08:37:12,7453,256,276,0,0
426,2026-07-24 08:37:12,7453.25,246,182,0,0
426,2026-07-24 08:37:12,7453.5,283,297,20,0
426,2026-07-24 08:37:12,7453.75,141,151,0,0
426,2026-07-24 08:37:12,7454,177,181,0,0
426,2026-07-24 08:37:12,7454.25,120,169,0,0
426,2026-07-24 08:37:12,7454.5,69,67,0,0
426,2026-07-24 08:37:12,7454.75,50,95,0,0
427,2026-07-24 08:38:50,7453,39,60,0,0
427,2026-07-24 08:38:50,7452.75,41,34,0,0
427,2026-07-24 08:38:50,7452.5,43,15,0,0
427,2026-07-24 08:38:50,7453.25,0,1,0,0
427,2026-07-24 08:38:50,7452.25,27,11,0,0
427,2026-07-24 08:38:50,7452,41,17,0,0
427,2026-07-24 08:38:50,7451.75,87,26,0,0
427,2026-07-24 08:38:50,7451.5,21,9,0,0
427,2026-07-24 08:38:50,7451.25,8,8,0,0
427,2026-07-24 08:38:50,7451,49,57,0,0
427,2026-07-24 08:38:50,7450.75,73,70,0,0
427,2026-07-24 08:38:50,7450.5,77,64,0,0
427,2026-07-24 08:38:50,7450.25,151,93,0,0
427,2026-07-24 08:38:50,7450,156,142,0,0
427,2026-07-24 08:38:50,7449.75,259,257,34,0
427,2026-07-24 08:38:50,7449.5,293,301,0,0
427,2026-07-24 08:38:50,7449.25,286,200,0,0
427,2026-07-24 08:38:50,7449,166,97,0,0
427,2026-07-24 08:38:50,7448.75,177,192,0,0
427,2026-07-24 08:38:50,7448.5,202,210,0,0
427,2026-07-24 08:38:50,7448.25,305,153,0,0
427,2026-07-24 08:38:50,7448,214,180,0,10
427,2026-07-24 08:38:50,7447.75,129,100,10,0
427,2026-07-24 08:38:50,7447.5,86,89,0,0
427,2026-07-24 08:38:50,7447.25,47,17,0,0
427,2026-07-24 08:38:50,7447,86,110,0,0
427,2026-07-24 08:38:50,7446.75,203,141,0,0
427,2026-07-24 08:38:50,7446.5,232,99,0,0
427,2026-07-24 08:38:50,7446.25,80,31,0,0
427,2026-07-24 08:38:50,7446,38,0,0,0
427,2026-07-24 08:38:50,7445.75,32,0,0,0
427,2026-07-24 08:38:50,7445.5,43,0,10,0
427,2026-07-24 08:38:50,7445.25,25,0,0,0
428,2026-07-24 08:40:37,7447.25,200,185,0,17
428,2026-07-24 08:40:37,7447.5,244,282,0,0
428,2026-07-24 08:40:37,7447.75,292,355,0,10
428,2026-07-24 08:40:37,7448,350,414,0,0
428,2026-07-24 08:40:37,7448.25,330,344,0,16
428,2026-07-24 08:40:37,7448.5,291,298,0,0
428,2026-07-24 08:40:37,7448.75,276,279,0,0
428,2026-07-24 08:40:37,7449,138,199,0,0
428,2026-07-24 08:40:37,7449.25,139,109,0,0
428,2026-07-24 08:40:37,7447,133,128,0,0
428,2026-07-24 08:40:37,7449.5,135,199,0,10
428,2026-07-24 08:40:37,7449.75,20,78,0,0
428,2026-07-24 08:40:37,7450,11,19,0,0
428,2026-07-24 08:40:37,7446.75,68,112,0,0
428,2026-07-24 08:40:37,7446.5,72,120,0,0
428,2026-07-24 08:40:37,7446.25,135,119,0,0
428,2026-07-24 08:40:37,7446,41,31,0,0
428,2026-07-24 08:40:37,7445.75,22,51,0,0
428,2026-07-24 08:40:37,7445.5,57,110,0,0
428,2026-07-24 08:40:37,7445.25,56,37,0,0
428,2026-07-24 08:40:37,7445,21,0,0,0
429,2026-07-24 08:42:37,7447.5,41,327,0,56
429,2026-07-24 08:42:37,7447.25,137,194,0,0
429,2026-07-24 08:42:37,7447,230,184,0,11
429,2026-07-24 08:42:37,7446.75,232,314,0,0
429,2026-07-24 08:42:37,7446.5,515,715,10,170
429,2026-07-24 08:42:37,7446.25,508,535,0,0
429,2026-07-24 08:42:37,7446,536,572,0,0
429,2026-07-24 08:42:37,7445.75,301,245,11,0
429,2026-07-24 08:42:37,7445.5,192,116,0,0
429,2026-07-24 08:42:37,7445.25,151,77,0,0
429,2026-07-24 08:42:37,7445,87,15,10,0
429,2026-07-24 08:42:37,7444.75,13,15,0,0
429,2026-07-24 08:42:37,7444.5,21,16,0,0
429,2026-07-24 08:42:37,7444.25,31,1,0,0
429,2026-07-24 08:42:37,7447.75,48,65,0,13
429,2026-07-24 08:42:37,7448,18,32,0,0
429,2026-07-24 08:42:37,7448.25,0,13,0,0
430,2026-07-24 08:45:10,7446.5,15,15,0,0
430,2026-07-24 08:45:10,7447,215,194,15,0
430,2026-07-24 08:45:10,7446.75,94,62,0,0
430,2026-07-24 08:45:10,7447.25,269,236,0,0
430,2026-07-24 08:45:10,7447.5,194,174,0,0
430,2026-07-24 08:45:10,7446.25,26,23,0,0
430,2026-07-24 08:45:10,7446,14,13,0,0
430,2026-07-24 08:45:10,7445.75,3,0,0,0
430,2026-07-24 08:45:10,7447.75,259,266,0,0
430,2026-07-24 08:45:10,7448,309,240,0,0
430,2026-07-24 08:45:10,7448.25,250,278,0,10
430,2026-07-24 08:45:10,7448.5,143,176,0,0
430,2026-07-24 08:45:10,7448.75,141,144,10,0
430,2026-07-24 08:45:10,7449,122,232,0,10
430,2026-07-24 08:45:10,7449.25,138,174,0,0
430,2026-07-24 08:45:10,7449.5,102,112,0,0
430,2026-07-24 08:45:10,7449.75,57,97,0,0
430,2026-07-24 08:45:10,7450,41,57,0,0
430,2026-07-24 08:45:10,7450.25,20,38,0,0
430,2026-07-24 08:45:10,7450.5,43,29,0,0
430,2026-07-24 08:45:10,7450.75,125,118,0,0
430,2026-07-24 08:45:10,7451,27,63,0,0
430,2026-07-24 08:45:10,7451.25,41,45,0,0
430,2026-07-24 08:45:10,7451.5,147,141,10,0
430,2026-07-24 08:45:10,7451.75,34,81,0,0
430,2026-07-24 08:45:10,7452,0,29,0,0
430,2026-07-24 08:45:10,7452.25,34,26,0,0
430,2026-07-24 08:45:10,7452.5,38,65,0,0
430,2026-07-24 08:45:10,7452.75,57,68,0,0
430,2026-07-24 08:45:10,7453,35,103,0,0
430,2026-07-24 08:45:10,7453.25,37,87,0,0
430,2026-07-24 08:45:10,7453.5,9,41,0,0
430,2026-07-24 08:45:10,7453.75,13,20,0,0
430,2026-07-24 08:45:10,7454,0,4,0,0
431,2026-07-24 08:47:15,7453.5,453,324,0,0
431,2026-07-24 08:47:15,7453.75,278,222,0,0
431,2026-07-24 08:47:15,7454,211,242,0,0
431,2026-07-24 08:47:15,7453.25,266,270,0,0
431,2026-07-24 08:47:15,7453,177,207,0,0
431,2026-07-24 08:47:15,7452.75,156,166,0,0
431,2026-07-24 08:47:15,7454.25,185,199,0,0
431,2026-07-24 08:47:15,7452.5,159,110,0,0
431,2026-07-24 08:47:15,7452.25,173,188,0,0
431,2026-07-24 08:47:15,7452,218,197,67,0
431,2026-07-24 08:47:15,7451.75,189,173,0,0
431,2026-07-24 08:47:15,7451.5,77,41,0,0
431,2026-07-24 08:47:15,7451.25,5,0,0,0
431,2026-07-24 08:47:15,7454.5,106,141,0,0
431,2026-07-24 08:47:15,7454.75,199,129,0,15
431,2026-07-24 08:47:15,7455,257,366,0,108
431,2026-07-24 08:47:15,7455.25,16,121,0,0
431,2026-07-24 08:47:15,7455.5,198,34,51,0
431,2026-07-24 08:47:15,7455.75,0,47,0,18
432,2026-07-24 08:48:41,7454.5,104,151,0,0
432,2026-07-24 08:48:41,7454.75,156,137,0,0
432,2026-07-24 08:48:41,7454.25,221,165,10,0
432,2026-07-24 08:48:41,7454,164,206,0,0
432,2026-07-24 08:48:41,7453.75,190,111,0,0
432,2026-07-24 08:48:41,7453.5,49,43,0,0
432,2026-07-24 08:48:41,7453.25,21,17,0,0
432,2026-07-24 08:48:41,7453,52,76,0,0
432,2026-07-24 08:48:41,7452.75,29,12,0,0
432,2026-07-24 08:48:41,7455,299,289,0,19
432,2026-07-24 08:48:41,7455.25,333,617,0,73
432,2026-07-24 08:48:41,7455.5,180,578,0,400
432,2026-07-24 08:48:41,7455.75,66,147,0,20
432,2026-07-24 08:48:41,7456,229,165,23,0
432,2026-07-24 08:48:41,7456.25,197,163,20,0
432,2026-07-24 08:48:41,7456.5,235,240,10,0
432,2026-07-24 08:48:41,7456.75,223,300,0,32
432,2026-07-24 08:48:41,7457,93,191,0,10
432,2026-07-24 08:48:41,7457.25,7,44,0,10
433,2026-07-24 08:50:03,7455.25,95,103,0,0
433,2026-07-24 08:50:03,7455.5,40,48,0,0
433,2026-07-24 08:50:03,7455.75,41,73,0,0
433,2026-07-24 08:50:03,7456,14,49,0,0
433,2026-07-24 08:50:03,7456.25,15,42,0,0
433,2026-07-24 08:50:03,7456.5,0,1,0,0
433,2026-07-24 08:50:03,7455,79,59,0,0
433,2026-07-24 08:50:03,7454.75,47,30,0,0
433,2026-07-24 08:50:03,7454.5,42,42,0,0
433,2026-07-24 08:50:03,7454.25,35,26,0,0
433,2026-07-24 08:50:03,7454,33,47,0,0
433,2026-07-24 08:50:03,7453.75,55,19,0,0
433,2026-07-24 08:50:03,7453.5,34,13,0,0
433,2026-07-24 08:50:03,7453.25,12,21,0,0
433,2026-07-24 08:50:03,7453,38,11,0,0
433,2026-07-24 08:50:03,7452.75,21,20,0,0
433,2026-07-24 08:50:03,7452.5,34,55,0,0
433,2026-07-24 08:50:03,7452.25,72,48,0,0
433,2026-07-24 08:50:03,7452,107,47,0,0
433,2026-07-24 08:50:03,7451.75,33,0,0,0
433,2026-07-24 08:50:03,7451.5,16,0,0,0
433,2026-07-24 08:50:03,7451.25,36,9,0,0
433,2026-07-24 08:50:03,7451,36,52,0,0
433,2026-07-24 08:50:03,7450.75,45,18,0,0
433,2026-07-24 08:50:03,7450.5,70,18,0,0
433,2026-07-24 08:50:03,7450.25,33,22,0,0
433,2026-07-24 08:50:03,7450,49,49,0,0
433,2026-07-24 08:50:03,7449.75,90,61,0,0
433,2026-07-24 08:50:03,7449.5,59,29,0,0
433,2026-07-24 08:50:03,7449.25,71,66,0,0
433,2026-07-24 08:50:03,7449,135,64,10,0
433,2026-07-24 08:50:03,7448.75,94,17,0,0
433,2026-07-24 08:50:03,7448.5,39,0,0,0
433,2026-07-24 08:50:03,7448.25,34,0,0,0
433,2026-07-24 08:50:03,7448,35,0,0,0
433,2026-07-24 08:50:03,7447.75,29,0,0,0
433,2026-07-24 08:50:03,7447.5,35,17,0,0
433,2026-07-24 08:50:03,7447.25,56,18,0,0
433,2026-07-24 08:50:03,7447,30,22,0,0
433,2026-07-24 08:50:03,7446.75,104,62,0,0
433,2026-07-24 08:50:03,7446.5,209,271,20,11
433,2026-07-24 08:50:03,7446.25,318,305,0,0
433,2026-07-24 08:50:03,7446,289,260,0,0
433,2026-07-24 08:50:03,7445.75,200,146,0,0
433,2026-07-24 08:50:03,7445.5,205,178,12,0
433,2026-07-24 08:50:03,7445.25,166,85,10,0
433,2026-07-24 08:50:03,7445,39,42,0,0
433,2026-07-24 08:50:03,7444.75,63,29,0,0
433,2026-07-24 08:50:03,7444.5,59,82,0,16
433,2026-07-24 08:50:03,7444.25,61,50,0,0
433,2026-07-24 08:50:03,7444,68,15,0,0
433,2026-07-24 08:50:03,7443.75,29,14,0,0
433,2026-07-24 08:50:03,7443.5,31,18,0,0
433,2026-07-24 08:50:03,7443.25,36,5,10,0
433,2026-07-24 08:50:03,7443,6,0,0,0
434,2026-07-24 08:50:45,7447.5,47,75,0,0
434,2026-07-24 08:50:45,7447.25,78,56,0,0
434,2026-07-24 08:50:45,7447,61,71,10,0
434,2026-07-24 08:50:45,7446.75,73,59,10,0
434,2026-07-24 08:50:45,7447.75,52,67,0,0
434,2026-07-24 08:50:45,7448,114,126,0,15
434,2026-07-24 08:50:45,7448.25,115,186,0,0
434,2026-07-24 08:50:45,7448.5,161,120,45,0
434,2026-07-24 08:50:45,7448.75,44,66,0,0
434,2026-07-24 08:50:45,7446.5,98,55,25,0
434,2026-07-24 08:50:45,7446.25,58,35,0,0
434,2026-07-24 08:50:45,7446,36,25,0,0
434,2026-07-24 08:50:45,7445.75,67,106,0,0
434,2026-07-24 08:50:45,7445.5,125,84,44,20
434,2026-07-24 08:50:45,7445.25,76,29,0,0
434,2026-07-24 08:50:45,7445,34,11,0,0
434,2026-07-24 08:50:45,7444.75,133,172,0,15
434,2026-07-24 08:50:45,7444.5,182,101,0,0
434,2026-07-24 08:50:45,7444.25,68,43,0,0
434,2026-07-24 08:50:45,7444,92,61,0,0
434,2026-07-24 08:50:45,7443.75,198,115,0,0
434,2026-07-24 08:50:45,7443.5,214,142,0,54
434,2026-07-24 08:50:45,7443.25,98,31,0,0
434,2026-07-24 08:50:45,7443,82,50,10,0
434,2026-07-24 08:50:45,7442.75,88,8,12,0
434,2026-07-24 08:50:45,7442.5,46,41,0,0
434,2026-07-24 08:50:45,7442.25,92,275,0,151
434,2026-07-24 08:50:45,7442,153,150,0,0
434,2026-07-24 08:50:45,7441.75,219,203,10,0
434,2026-07-24 08:50:45,7441.5,319,133,10,0
434,2026-07-24 08:50:45,7441.25,180,78,0,0
434,2026-07-24 08:50:45,7441,146,162,0,30
434,2026-07-24 08:50:45,7440.75,15,0,0,0
435,2026-07-24 08:51:45,7441.75,35,61,0,0
435,2026-07-24 08:51:45,7441.5,229,242,0,15
435,2026-07-24 08:51:45,7441.25,205,167,0,0
435,2026-07-24 08:51:45,7441,190,269,10,105
435,2026-07-24 08:51:45,7440.75,115,120,0,0
435,2026-07-24 08:51:45,7440.5,57,31,0,0
435,2026-07-24 08:51:45,7440.25,56,41,0,0
435,2026-07-24 08:51:45,7440,218,227,48,11
435,2026-07-24 08:51:45,7442,37,43,0,0
435,2026-07-24 08:51:45,7442.25,9,17,0,0
435,2026-07-24 08:51:45,7439.75,230,164,0,0
435,2026-07-24 08:51:45,7439.5,267,202,43,41
435,2026-07-24 08:51:45,7439.25,136,151,0,0
435,2026-07-24 08:51:45,7439,231,123,65,0
435,2026-07-24 08:51:45,7438.75,150,174,0,10
435,2026-07-24 08:51:45,7438.5,190,228,0,0
435,2026-07-24 08:51:45,7438.25,240,223,0,0
435,2026-07-24 08:51:45,7438,358,348,0,34
435,2026-07-24 08:51:45,7437.75,312,135,13,0
435,2026-07-24 08:51:45,7437.5,156,56,0,0
435,2026-07-24 08:51:45,7437.25,44,13,0,0
436,2026-07-24 08:53:02,7437.5,364,350,0,0
436,2026-07-24 08:53:02,7437.25,329,184,0,0
436,2026-07-24 08:53:02,7437.75,483,394,50,0
436,2026-07-24 08:53:02,7438,328,379,0,11
436,2026-07-24 08:53:02,7438.25,233,342,10,11
436,2026-07-24 08:53:02,7438.5,131,139,0,10
436,2026-07-24 08:53:02,7438.75,78,101,0,10
436,2026-07-24 08:53:02,7439,52,69,0,10
436,2026-07-24 08:53:02,7439.25,11,27,0,0
436,2026-07-24 08:53:02,7437,222,92,34,0
436,2026-07-24 08:53:02,7436.75,218,269,0,80
436,2026-07-24 08:53:02,7436.5,158,155,0,0
436,2026-07-24 08:53:02,7436.25,118,167,0,0
436,2026-07-24 08:53:02,7436,153,205,10,0
436,2026-07-24 08:53:02,7435.75,259,248,0,0
436,2026-07-24 08:53:02,7435.5,110,44,0,0
436,2026-07-24 08:53:02,7435.25,45,36,0,0
436,2026-07-24 08:53:02,7435,7,0,0,0
437,2026-07-24 08:54:40,7436.75,59,77,0,0
437,2026-07-24 08:54:40,7436.5,200,462,0,78
437,2026-07-24 08:54:40,7436.25,255,219,0,12
437,2026-07-24 08:54:40,7436,92,52,0,0
437,2026-07-24 08:54:40,7435.75,95,54,34,0
437,2026-07-24 08:54:40,7437,6,10,0,0
437,2026-07-24 08:54:40,7435.5,119,151,0,0
437,2026-07-24 08:54:40,7435.25,255,176,24,0
437,2026-07-24 08:54:40,7435,513,265,142,0
437,2026-07-24 08:54:40,7434.75,191,224,0,0
437,2026-07-24 08:54:40,7434.5,235,220,49,31
437,2026-07-24 08:54:40,7434.25,158,157,36,0
437,2026-07-24 08:54:40,7434,378,226,108,0
437,2026-07-24 08:54:40,7433.75,275,222,10,13
437,2026-07-24 08:54:40,7433.5,160,181,0,0
437,2026-07-24 08:54:40,7433.25,116,141,0,44
437,2026-07-24 08:54:40,7433,156,95,42,0
437,2026-07-24 08:54:40,7432.75,164,76,42,0
437,2026-07-24 08:54:40,7432.5,64,1,0,0
438,2026-07-24 08:55:52,7433.5,116,122,0,0
438,2026-07-24 08:55:52,7433.25,76,75,0,0
438,2026-07-24 08:55:52,7433,117,83,0,0
438,2026-07-24 08:55:52,7432.75,34,11,0,0
438,2026-07-24 08:55:52,7433.75,197,148,0,0
438,2026-07-24 08:55:52,7434,303,316,10,0
438,2026-07-24 08:55:52,7434.25,290,417,18,0
438,2026-07-24 08:55:52,7434.5,235,201,23,0
438,2026-07-24 08:55:52,7432.5,1,0,0,0
438,2026-07-24 08:55:52,7434.75,193,184,0,0
438,2026-07-24 08:55:52,7435,156,231,0,0
438,2026-07-24 08:55:52,7435.25,327,258,16,0
438,2026-07-24 08:55:52,7435.5,183,246,0,0
438,2026-07-24 08:55:52,7435.75,202,228,0,0
438,2026-07-24 08:55:52,7436,61,64,0,0
438,2026-07-24 08:55:52,7436.25,168,139,0,0
438,2026-07-24 08:55:52,7436.5,91,403,0,101
438,2026-07-24 08:55:52,7436.75,89,124,0,0
438,2026-07-24 08:55:52,7437,128,56,30,0
438,2026-07-24 08:55:52,7437.25,73,115,0,0
438,2026-07-24 08:55:52,7437.5,8,29,0,0
439,2026-07-24 08:57:13,7435.5,164,193,0,0
439,2026-07-24 08:57:13,7435.25,160,93,0,0
439,2026-07-24 08:57:13,7435.75,329,370,12,57
439,2026-07-24 08:57:13,7436,292,273,12,13
439,2026-07-24 08:57:13,7436.25,130,147,0,15
439,2026-07-24 08:57:13,7435,53,75,0,0
439,2026-07-24 08:57:13,7434.75,12,5,0,0
439,2026-07-24 08:57:13,7436.5,137,249,0,65
439,2026-07-24 08:57:13,7436.75,69,317,0,174
439,2026-07-24 08:57:13,7437,134,192,20,44
439,2026-07-24 08:57:13,7437.25,132,110,0,0
439,2026-07-24 08:57:13,7437.5,196,214,0,0
439,2026-07-24 08:57:13,7437.75,71,126,0,0
439,2026-07-24 08:57:13,7438,105,99,0,0
439,2026-07-24 08:57:13,7438.25,53,151,0,37
439,2026-07-24 08:57:13,7438.5,21,90,0,27
439,2026-07-24 08:57:13,7438.75,83,54,0,0
439,2026-07-24 08:57:13,7439,152,156,0,12
439,2026-07-24 08:57:13,7439.25,183,175,0,10
439,2026-07-24 08:57:13,7439.5,223,232,10,0
439,2026-07-24 08:57:13,7439.75,87,215,0,13
439,2026-07-24 08:57:13,7440,19,66,0,0
439,2026-07-24 08:57:13,7440.25,17,78,0,0
440,2026-07-24 08:59:06,7437.25,76,81,0,0
440,2026-07-24 08:59:06,7437,93,109,0,0
440,2026-07-24 08:59:06,7436.75,65,121,0,30
440,2026-07-24 08:59:06,7436.5,56,76,0,0
440,2026-07-24 08:59:06,7436.25,307,265,70,0
440,2026-07-24 08:59:06,7436,238,286,0,10
440,2026-07-24 08:59:06,7435.75,147,153,0,0
440,2026-07-24 08:59:06,7435.5,157,108,0,0
440,2026-07-24 08:59:06,7435.25,123,99,0,0
440,2026-07-24 08:59:06,7435,96,34,0,0
440,2026-07-24 08:59:06,7437.5,150,98,0,0
440,2026-07-24 08:59:06,7434.75,28,41,0,0
440,2026-07-24 08:59:06,7434.5,104,139,0,0
440,2026-07-24 08:59:06,7434.25,161,102,47,0
440,2026-07-24 08:59:06,7434,126,160,0,0
440,2026-07-24 08:59:06,7433.75,117,129,0,0
440,2026-07-24 08:59:06,7433.5,135,115,29,0
440,2026-07-24 08:59:06,7433.25,154,145,0,0
440,2026-07-24 08:59:06,7433,224,187,15,0
440,2026-07-24 08:59:06,7432.75,82,72,0,0
440,2026-07-24 08:59:06,7432.5,52,61,0,0
440,2026-07-24 08:59:06,7432.25,75,29,0,0
440,2026-07-24 08:59:06,7432,77,85,0,0
440,2026-07-24 08:59:06,7431.75,62,15,0,0
440,2026-07-24 08:59:06,7431.5,29,0,0,0
440,2026-07-24 08:59:06,7437.75,127,177,0,0
440,2026-07-24 08:59:06,7438,32,49,0,0
440,2026-07-24 08:59:06,7438.25,26,46,0,0
440,2026-07-24 08:59:06,7438.5,15,36,0,0
440,2026-07-24 08:59:06,7438.75,1,8,0,0
440,2026-07-24 08:59:06,7439,12,34,0,0
440,2026-07-24 08:59:06,7439.25,29,40,0,0
440,2026-07-24 08:59:06,7439.5,44,36,0,0
440,2026-07-24 08:59:06,7439.75,19,70,0,0
440,2026-07-24 08:59:06,7440,6,49,0,0
441,2026-07-24 09:00:42,7439.75,487,486,0,0
441,2026-07-24 09:00:42,7439.5,307,346,0,0
441,2026-07-24 09:00:42,7440,426,592,0,42
441,2026-07-24 09:00:42,7440.25,392,500,0,0
441,2026-07-24 09:00:42,7440.5,198,277,0,0
441,2026-07-24 09:00:42,7439.25,412,294,67,0
441,2026-07-24 09:00:42,7439,218,227,0,0
441,2026-07-24 09:00:42,7438.75,99,43,0,0
441,2026-07-24 09:00:42,7440.75,148,245,0,39
441,2026-07-24 09:00:42,7441,181,140,0,0
441,2026-07-24 09:00:42,7441.25,48,144,0,0
441,2026-07-24 09:00:42,7441.5,56,56,0,0
441,2026-07-24 09:00:42,7441.75,27,51,0,0
441,2026-07-24 09:00:42,7442,36,58,0,0
441,2026-07-24 09:00:42,7442.25,0,6,0,0
442,2026-07-24 09:02:00,7440.25,96,64,0,0
442,2026-07-24 09:02:00,7440.5,69,113,0,17
442,2026-07-24 09:02:00,7440.75,93,79,0,0
442,2026-07-24 09:02:00,7441,120,82,15,12
442,2026-07-24 09:02:00,7441.25,131,97,0,0
442,2026-07-24 09:02:00,7441.5,208,144,0,0
442,2026-07-24 09:02:00,7441.75,165,197,0,0
442,2026-07-24 09:02:00,7442,199,196,0,0
442,2026-07-24 09:02:00,7442.25,191,223,0,0
442,2026-07-24 09:02:00,7442.5,213,228,0,10
442,2026-07-24 09:02:00,7442.75,170,276,0,20
442,2026-07-24 09:02:00,7443,100,128,0,0
442,2026-07-24 09:02:00,7443.25,20,59,0,0
442,2026-07-24 09:02:00,7443.5,65,89,0,0
442,2026-07-24 09:02:00,7443.75,100,142,0,0
442,2026-07-24 09:02:00,7444,100,100,0,0
442,2026-07-24 09:02:00,7444.25,168,224,0,28
442,2026-07-24 09:02:00,7444.5,116,174,0,0
442,2026-07-24 09:02:00,7444.75,20,54,0,0
442,2026-07-24 09:02:00,7445,39,49,0,0
442,2026-07-24 09:02:00,7445.25,5,32,0,0
442,2026-07-24 09:02:00,7440,20,30,0,0
442,2026-07-24 09:02:00,7439.75,57,93,0,0
442,2026-07-24 09:02:00,7439.5,147,149,0,0
442,2026-07-24 09:02:00,7439.25,178,114,0,0
442,2026-07-24 09:02:00,7439,149,35,0,0
442,2026-07-24 09:02:00,7438.75,37,4,0,0
442,2026-07-24 09:02:00,7438.5,39,29,0,0
442,2026-07-24 09:02:00,7438.25,71,5,0,0
442,2026-07-24 09:02:00,7438,45,25,0,0
442,2026-07-24 09:02:00,7437.75,65,31,13,0
442,2026-07-24 09:02:00,7437.5,24,3,0,0
442,2026-07-24 09:02:00,7437.25,12,0,0,0
443,2026-07-24 09:03:15,7437.75,120,90,0,0
443,2026-07-24 09:03:15,7438,160,106,0,0
443,2026-07-24 09:03:15,7437.5,41,84,0,24
443,2026-07-24 09:03:15,7437.25,73,69,0,0
443,2026-07-24 09:03:15,7437,35,29,0,0
443,2026-07-24 09:03:15,7438.25,88,137,0,0
443,2026-07-24 09:03:15,7438.5,47,52,0,0
443,2026-07-24 09:03:15,7438.75,131,94,0,0
443,2026-07-24 09:03:15,7439,156,126,0,0
443,2026-07-24 09:03:15,7439.25,126,78,0,0
443,2026-07-24 09:03:15,7439.5,95,106,0,0
443,2026-07-24 09:03:15,7439.75,99,98,0,0
443,2026-07-24 09:03:15,7440,124,130,0,0
443,2026-07-24 09:03:15,7440.25,59,122,0,0
443,2026-07-24 09:03:15,7440.5,59,74,0,0
443,2026-07-24 09:03:15,7440.75,120,84,0,0
443,2026-07-24 09:03:15,7441,122,166,0,0
443,2026-07-24 09:03:15,7441.25,134,65,10,0
443,2026-07-24 09:03:15,7441.5,82,93,0,0
443,2026-07-24 09:03:15,7441.75,126,102,0,0
443,2026-07-24 09:03:15,7442,192,138,0,0
443,2026-07-24 09:03:15,7442.25,91,119,0,0
443,2026-07-24 09:03:15,7442.5,95,102,0,0
443,2026-07-24 09:03:15,7442.75,71,99,0,0
443,2026-07-24 09:03:15,7443,99,118,0,0
443,2026-07-24 09:03:15,7443.25,29,291,0,206
443,2026-07-24 09:03:15,7443.5,32,34,0,0
443,2026-07-24 09:03:15,7443.75,33,41,0,0
443,2026-07-24 09:03:15,7444,0,9,0,0
443,2026-07-24 09:03:15,7436.75,99,158,0,0
443,2026-07-24 09:03:15,7436.5,161,99,0,0
443,2026-07-24 09:03:15,7436.25,64,88,0,0
443,2026-07-24 09:03:15,7436,135,73,0,0
443,2026-07-24 09:03:15,7435.75,67,18,0,0
443,2026-07-24 09:03:15,7435.5,29,0,0,0
443,2026-07-24 09:03:15,7435.25,13,0,0,0
444,2026-07-24 09:04:41,7435.75,130,195,0,0
444,2026-07-24 09:04:41,7435.5,180,164,0,0
444,2026-07-24 09:04:41,7435.25,42,50,0,0
444,2026-07-24 09:04:41,7435,38,6,0,0
444,2026-07-24 09:04:41,7436,117,131,0,0
444,2026-07-24 09:04:41,7436.25,65,106,0,0
444,2026-07-24 09:04:41,7436.5,101,61,0,0
444,2026-07-24 09:04:41,7436.75,53,88,0,0
444,2026-07-24 09:04:41,7437,86,105,0,0
444,2026-07-24 09:04:41,7437.25,147,176,0,0
444,2026-07-24 09:04:41,7437.5,94,96,0,0
444,2026-07-24 09:04:41,7437.75,94,100,0,0
444,2026-07-24 09:04:41,7438,51,55,0,0
444,2026-07-24 09:04:41,7438.25,45,98,0,0
444,2026-07-24 09:04:41,7438.5,90,55,0,0
444,2026-07-24 09:04:41,7438.75,64,86,0,0
444,2026-07-24 09:04:41,7439,165,181,0,0
444,2026-07-24 09:04:41,7439.25,268,315,0,0
444,2026-07-24 09:04:41,7439.5,531,513,0,0
444,2026-07-24 09:04:41,7439.75,323,521,10,31
444,2026-07-24 09:04:41,7440,138,284,0,84
444,2026-07-24 09:04:41,7440.25,81,62,0,0
444,2026-07-24 09:04:41,7440.5,62,77,0,0
444,2026-07-24 09:04:41,7440.75,0,11,0,0
445,2026-07-24 09:06:16,7439,150,178,14,0
445,2026-07-24 09:06:16,7439.25,162,226,0,0
445,2026-07-24 09:06:16,7438.75,106,109,0,0
445,2026-07-24 09:06:16,7439.5,144,171,0,0
445,2026-07-24 09:06:16,7438.5,48,74,0,0
445,2026-07-24 09:06:16,7438.25,178,178,0,0
445,2026-07-24 09:06:16,7438,153,206,0,0
445,2026-07-24 09:06:16,7437.75,122,166,0,10
445,2026-07-24 09:06:16,7437.5,139,215,0,0
445,2026-07-24 09:06:16,7437.25,148,131,0,0
445,2026-07-24 09:06:16,7439.75,62,68,0,0
445,2026-07-24 09:06:16,7440,49,152,0,18
445,2026-07-24 09:06:16,7437,113,105,0,0
445,2026-07-24 09:06:16,7436.75,60,39,0,0
445,2026-07-24 09:06:16,7436.5,18,25,0,0
445,2026-07-24 09:06:16,7436.25,4,0,0,0
445,2026-07-24 09:06:16,7440.25,75,67,0,0
445,2026-07-24 09:06:16,7440.5,73,84,0,0
445,2026-07-24 09:06:16,7440.75,55,76,0,0
445,2026-07-24 09:06:16,7441,95,92,0,0
445,2026-07-24 09:06:16,7441.25,163,207,0,0
445,2026-07-24 09:06:16,7441.5,209,306,0,0
445,2026-07-24 09:06:16,7441.75,277,282,53,30
445,2026-07-24 09:06:16,7442,150,278,0,91
445,2026-07-24 09:06:16,7442.25,77,95,0,0
445,2026-07-24 09:06:16,7442.5,27,49,0,0
445,2026-07-24 09:06:16,7442.75,37,27,0,0
446,2026-07-24 09:08:08,7441,43,11,0,0
446,2026-07-24 09:08:08,7441.25,83,80,0,0
446,2026-07-24 09:08:08,7441.5,10,29,0,0
446,2026-07-24 09:08:08,7440.75,2,0,0,0
446,2026-07-24 09:08:08,7441.75,37,25,0,0
446,2026-07-24 09:08:08,7442,29,24,0,0
446,2026-07-24 09:08:08,7442.25,4,23,0,0
446,2026-07-24 09:08:08,7442.5,2,12,0,0
446,2026-07-24 09:08:08,7442.75,1,64,0,50
446,2026-07-24 09:08:08,7443,0,23,0,10
446,2026-07-24 09:08:08,7443.25,3,30,0,0
446,2026-07-24 09:08:08,7443.5,43,29,0,0
446,2026-07-24 09:08:08,7443.75,121,96,0,0
446,2026-07-24 09:08:08,7444,68,98,0,10
446,2026-07-24 09:08:08,7444.25,38,67,0,0
446,2026-07-24 09:08:08,7444.5,23,53,0,0
446,2026-07-24 09:08:08,7444.75,32,48,0,0
446,2026-07-24 09:08:08,7445,110,98,25,0
446,2026-07-24 09:08:08,7445.25,174,151,0,0
446,2026-07-24 09:08:08,7445.5,123,183,0,0
446,2026-07-24 09:08:08,7445.75,74,112,0,10
446,2026-07-24 09:08:08,7446,93,204,0,47
446,2026-07-24 09:08:08,7446.25,51,87,0,0
446,2026-07-24 09:08:08,7446.5,15,127,0,50
446,2026-07-24 09:08:08,7446.75,48,69,0,0
446,2026-07-24 09:08:08,7447,0,47,0,0
446,2026-07-24 09:08:08,7447.25,6,29,0,0
446,2026-07-24 09:08:08,7447.5,116,97,0,25
446,2026-07-24 09:08:08,7447.75,157,252,0,15
446,2026-07-24 09:08:08,7448,359,446,52,49
446,2026-07-24 09:08:08,7448.25,460,319,113,0
446,2026-07-24 09:08:08,7448.5,262,323,0,0
446,2026-07-24 09:08:08,7448.75,184,275,0,42
446,2026-07-24 09:08:08,7449,28,165,0,19
446,2026-07-24 09:08:08,7449.25,0,3,0,0
447,2026-07-24 09:09:13,7448,60,53,0,0
447,2026-07-24 09:09:13,7448.25,61,62,0,0
447,2026-07-24 09:09:13,7448.5,18,79,0,0
447,2026-07-24 09:09:13,7447.75,70,43,0,0
447,2026-07-24 09:09:13,7447.5,54,38,0,0
447,2026-07-24 09:09:13,7447.25,15,0,0,0
447,2026-07-24 09:09:13,7448.75,11,26,0,0
447,2026-07-24 09:09:13,7449,66,52,0,0
447,2026-07-24 09:09:13,7449.25,67,79,0,25
447,2026-07-24 09:09:13,7449.5,155,147,0,25
447,2026-07-24 09:09:13,7449.75,186,182,0,0
447,2026-07-24 09:09:13,7450,338,276,12,25
447,2026-07-24 09:09:13,7450.25,251,307,12,28
447,2026-07-24 09:09:13,7450.5,100,150,0,0
447,2026-07-24 09:09:13,7450.75,142,131,17,0
447,2026-07-24 09:09:13,7451,226,238,10,0
447,2026-07-24 09:09:13,7451.25,222,240,0,0
447,2026-07-24 09:09:13,7451.5,215,219,0,24
447,2026-07-24 09:09:13,7451.75,182,187,0,24
447,2026-07-24 09:09:13,7452,236,187,10,0
447,2026-07-24 09:09:13,7452.25,171,228,0,0
447,2026-07-24 09:09:13,7452.5,159,164,0,0
447,2026-07-24 09:09:13,7452.75,79,122,0,24
447,2026-07-24 09:09:13,7453,36,30,0,0
447,2026-07-24 09:09:13,7453.25,69,48,0,0
447,2026-07-24 09:09:13,7453.5,9,16,0,0
448,2026-07-24 09:10:31,7452,409,318,12,10
448,2026-07-24 09:10:31,7451.75,467,521,0,18
448,2026-07-24 09:10:31,7451.5,532,431,0,0
448,2026-07-24 09:10:31,7451.25,289,255,0,0
448,2026-07-24 09:10:31,7451,198,146,0,0
448,2026-07-24 09:10:31,7450.75,290,135,0,0
448,2026-07-24 09:10:31,7450.5,50,30,0,0
448,2026-07-24 09:10:31,7450.25,23,22,0,0
448,2026-07-24 09:10:31,7452.25,477,355,0,0
448,2026-07-24 09:10:31,7452.5,170,232,0,0
448,2026-07-24 09:10:31,7452.75,137,185,0,0
448,2026-07-24 09:10:31,7453,136,264,0,66
448,2026-07-24 09:10:31,7453.25,48,73,0,0
448,2026-07-24 09:10:31,7453.5,0,26,0,0
448,2026-07-24 09:10:31,7450,24,24,0,0
448,2026-07-24 09:10:31,7449.75,64,30,0,0
448,2026-07-24 09:10:31,7449.5,36,25,0,0
448,2026-07-24 09:10:31,7449.25,46,26,0,0
448,2026-07-24 09:10:31,7449,5,0,0,0
449,2026-07-24 09:12:05,7449.75,195,313,0,37
449,2026-07-24 09:12:05,7449.5,193,163,0,0
449,2026-07-24 09:12:05,7449.25,90,164,0,42
449,2026-07-24 09:12:05,7450,175,236,0,0
449,2026-07-24 09:12:05,7450.25,289,255,0,37
449,2026-07-24 09:12:05,7450.5,349,330,0,0
449,2026-07-24 09:12:05,7450.75,269,340,10,26
449,2026-07-24 09:12:05,7451,122,142,0,21
449,2026-07-24 09:12:05,7451.25,84,66,0,0
449,2026-07-24 09:12:05,7451.5,85,47,0,0
449,2026-07-24 09:12:05,7451.75,39,62,0,0
449,2026-07-24 09:12:05,7452,17,15,0,0
449,2026-07-24 09:12:05,7452.25,0,10,0,0
449,2026-07-24 09:12:05,7449,116,149,0,20
449,2026-07-24 09:12:05,7448.75,104,177,0,49
449,2026-07-24 09:12:05,7448.5,124,120,0,0
449,2026-07-24 09:12:05,7448.25,160,83,0,0
449,2026-07-24 09:12:05,7448,101,114,0,10
449,2026-07-24 09:12:05,7447.75,159,83,18,0
449,2026-07-24 09:12:05,7447.5,180,197,0,0
449,2026-07-24 09:12:05,7447.25,175,112,0,0
449,2026-07-24 09:12:05,7447,121,62,10,0
449,2026-07-24 09:12:05,7446.75,85,24,0,0
449,2026-07-24 09:12:05,7446.5,4,0,0,0
450,2026-07-24 09:13:39,7450.75,13,8,0,0
450,2026-07-24 09:13:39,7451,31,53,0,0
450,2026-07-24 09:13:39,7451.25,131,110,0,23
450,2026-07-24 09:13:39,7451.5,84,139,0,40
450,2026-07-24 09:13:39,7451.75,189,105,0,0
450,2026-07-24 09:13:39,7452,147,266,0,69
450,2026-07-24 09:13:39,7452.25,216,231,0,36
450,2026-07-24 09:13:39,7452.5,89,254,0,85
450,2026-07-24 09:13:39,7452.75,28,73,0,0
450,2026-07-24 09:13:39,7453,0,76,0,26
450,2026-07-24 09:13:39,7453.25,7,18,0,0
450,2026-07-24 09:13:39,7453.5,46,105,0,36
450,2026-07-24 09:13:39,7453.75,33,83,0,0
450,2026-07-24 09:13:39,7454,48,34,12,0
450,2026-07-24 09:13:39,7454.25,5,55,0,0
450,2026-07-24 09:13:39,7454.5,0,43,0,0
450,2026-07-24 09:13:39,7454.75,0,32,0,0
450,2026-07-24 09:13:39,7455,11,82,0,10
450,2026-07-24 09:13:39,7455.25,490,77,279,10
450,2026-07-24 09:13:39,7455.5,112,104,0,0
450,2026-07-24 09:13:39,7455.75,152,171,0,0
450,2026-07-24 09:13:39,7456,265,237,0,0
450,2026-07-24 09:13:39,7456.25,306,367,23,38
450,2026-07-24 09:13:39,7456.5,524,265,212,10
450,2026-07-24 09:13:39,7456.75,30,306,0,94
450,2026-07-24 09:13:39,7457,16,75,0,0
450,2026-07-24 09:13:39,7457.25,8,146,0,111
450,2026-07-24 09:13:39,7457.5,0,5,0,0
451,2026-07-24 09:14:25,7457.5,88,156,0,0
451,2026-07-24 09:14:25,7457.75,0,85,0,0
451,2026-07-24 09:14:25,7457.25,179,191,0,10
451,2026-07-24 09:14:25,7457,218,183,0,0
451,2026-07-24 09:14:25,7458,0,50,0,0
451,2026-07-24 09:14:25,7458.25,0,27,0,0
451,2026-07-24 09:14:25,7456.75,153,102,0,0
451,2026-07-24 09:14:25,7456.5,29,7,0,0
451,2026-07-24 09:14:25,7456.25,48,30,0,0
451,2026-07-24 09:14:25,7456,65,26,0,0
451,2026-07-24 09:14:25,7455.75,86,82,0,0
451,2026-07-24 09:14:25,7455.5,171,214,0,10
451,2026-07-24 09:14:25,7455.25,237,146,0,0
451,2026-07-24 09:14:25,7455,218,248,0,0
451,2026-07-24 09:14:25,7454.75,136,96,0,0
451,2026-07-24 09:14:25,7454.5,202,120,0,0
451,2026-07-24 09:14:25,7454.25,91,84,0,0
451,2026-07-24 09:14:25,7454,170,132,0,0
451,2026-07-24 09:14:25,7453.75,199,127,10,0
451,2026-07-24 09:14:25,7453.5,110,30,0,0
451,2026-07-24 09:14:25,7453.25,59,105,0,0
451,2026-07-24 09:14:25,7453,188,141,0,0
451,2026-07-24 09:14:25,7452.75,61,77,0,0
451,2026-07-24 09:14:25,7452.5,45,98,0,0
451,2026-07-24 09:14:25,7452.25,150,121,0,0
451,2026-07-24 09:14:25,7452,127,99,0,0
451,2026-07-24 09:14:25,7451.75,171,44,20,0
451,2026-07-24 09:14:25,7451.5,75,22,11,0
451,2026-07-24 09:14:25,7451.25,66,61,25,0
451,2026-07-24 09:14:25,7451,79,42,17,0
451,2026-07-24 09:14:25,7450.75,31,36,0,0
451,2026-07-24 09:14:25,7450.5,37,22,0,0
451,2026-07-24 09:14:25,7450.25,7,0,0,0
452,2026-07-24 09:15:51,7451.5,23,12,0,0
452,2026-07-24 09:15:51,7451.25,28,16,0,0
452,2026-07-24 09:15:51,7451,37,10,19,0
452,2026-07-24 09:15:51,7450.75,20,14,0,0
452,2026-07-24 09:15:51,7450.5,27,51,0,0
452,2026-07-24 09:15:51,7450.25,175,233,0,20
452,2026-07-24 09:15:51,7450,362,393,0,0
452,2026-07-24 09:15:51,7449.75,448,320,15,0
452,2026-07-24 09:15:51,7449.5,337,298,0,15
452,2026-07-24 09:15:51,7449.25,287,282,0,0
452,2026-07-24 09:15:51,7449,148,95,0,0
452,2026-07-24 09:15:51,7448.75,91,77,0,0
452,2026-07-24 09:15:51,7448.5,110,110,0,0
452,2026-07-24 09:15:51,7448.25,120,58,0,0
452,2026-07-24 09:15:51,7448,210,192,0,0
452,2026-07-24 09:15:51,7447.75,175,52,0,0
452,2026-07-24 09:15:51,7447.5,172,75,0,0
452,2026-07-24 09:15:51,7447.25,73,16,0,0
452,2026-07-24 09:15:51,7447,28,6,0,0
452,2026-07-24 09:15:51,7446.75,119,77,10,0
452,2026-07-24 09:15:51,7446.5,94,67,0,0
452,2026-07-24 09:15:51,7446.25,91,106,0,0
452,2026-07-24 09:15:51,7446,219,223,0,0
452,2026-07-24 09:15:51,7445.75,135,101,23,0
452,2026-07-24 09:15:51,7445.5,43,34,0,0
452,2026-07-24 09:15:51,7445.25,10,0,0,0
453,2026-07-24 09:17:20,7446.5,101,158,0,0
453,2026-07-24 09:17:20,7446.25,198,273,0,0
453,2026-07-24 09:17:20,7446.75,5,27,0,0
453,2026-07-24 09:17:20,7446,261,293,0,0
453,2026-07-24 09:17:20,7445.75,86,28,11,0
453,2026-07-24 09:17:20,7445.5,97,63,10,0
453,2026-07-24 09:17:20,7445.25,65,94,0,0
453,2026-07-24 09:17:20,7445,137,113,0,0
453,2026-07-24 09:17:20,7444.75,199,147,0,0
453,2026-07-24 09:17:20,7444.5,235,203,21,0
453,2026-07-24 09:17:20,7444.25,244,209,18,0
453,2026-07-24 09:17:20,7444,186,109,12,0
453,2026-07-24 09:17:20,7443.75,168,196,0,0
453,2026-07-24 09:17:20,7443.5,244,262,0,53
453,2026-07-24 09:17:20,7443.25,173,116,0,0
453,2026-07-24 09:17:20,7443,115,115,10,0
453,2026-07-24 09:17:20,7442.75,133,181,0,0
453,2026-07-24 09:17:20,7442.5,215,133,0,0
453,2026-07-24 09:17:20,7442.25,122,93,0,12
453,2026-07-24 09:17:20,7442,173,102,17,0
453,2026-07-24 09:17:20,7441.75,140,100,0,0
453,2026-07-24 09:17:20,7441.5,74,58,0,0
453,2026-07-24 09:17:20,7441.25,17,0,0,0
453,2026-07-24 09:17:20,7447,17,22,0,0
454,2026-07-24 09:18:28,7442.5,169,169,0,0
454,2026-07-24 09:18:28,7442.75,172,159,0,0
454,2026-07-24 09:18:28,7443,235,241,11,0
454,2026-07-24 09:18:28,7443.25,96,131,0,0
454,2026-07-24 09:18:28,7442.25,236,196,0,0
454,2026-07-24 09:18:28,7442,157,132,0,0
454,2026-07-24 09:18:28,7441.75,181,164,0,0
454,2026-07-24 09:18:28,7441.5,136,164,0,0
454,2026-07-24 09:18:28,7441.25,283,308,0,0
454,2026-07-24 09:18:28,7441,365,329,0,0
454,2026-07-24 09:18:28,7440.75,209,146,0,0
454,2026-07-24 09:18:28,7440.5,67,61,0,0
454,2026-07-24 09:18:28,7440.25,51,83,0,0
454,2026-07-24 09:18:28,7440,91,49,0,0
454,2026-07-24 09:18:28,7439.75,110,146,0,0
454,2026-07-24 09:18:28,7439.5,104,60,0,0
454,2026-07-24 09:18:28,7439.25,116,101,0,0
454,2026-07-24 09:18:28,7439,88,94,0,0
454,2026-07-24 09:18:28,7438.75,121,106,0,0
454,2026-07-24 09:18:28,7438.5,45,17,0,0
454,2026-07-24 09:18:28,7443.5,49,24,0,0
454,2026-07-24 09:18:28,7443.75,107,118,0,0
454,2026-07-24 09:18:28,7444,108,129,11,0
454,2026-07-24 09:18:28,7444.25,23,54,0,0
455,2026-07-24 09:20:08,7441.5,9,10,0,0
455,2026-07-24 09:20:08,7441.25,38,93,0,0
455,2026-07-24 09:20:08,7441,105,81,0,0
455,2026-07-24 09:20:08,7440.75,142,173,0,0
455,2026-07-24 09:20:08,7440.5,129,99,0,0
455,2026-07-24 09:20:08,7440.25,72,56,0,0
455,2026-07-24 09:20:08,7440,76,24,0,0
455,2026-07-24 09:20:08,7439.75,3,0,0,0
455,2026-07-24 09:20:08,7441.75,49,52,0,0
455,2026-07-24 09:20:08,7442,23,56,0,0
455,2026-07-24 09:20:08,7442.25,24,38,0,0
455,2026-07-24 09:20:08,7442.5,23,50,0,0
455,2026-07-24 09:20:08,7442.75,45,18,0,0
455,2026-07-24 09:20:08,7443,91,116,0,0
455,2026-07-24 09:20:08,7443.25,44,84,0,0
455,2026-07-24 09:20:08,7443.5,13,33,0,0
455,2026-07-24 09:20:08,7443.75,13,25,0,0
455,2026-07-24 09:20:08,7444,105,87,0,0
455,2026-07-24 09:20:08,7444.25,156,164,0,0
455,2026-07-24 09:20:08,7444.5,126,130,0,0
455,2026-07-24 09:20:08,7444.75,145,130,0,0
455,2026-07-24 09:20:08,7445,132,148,0,0
455,2026-07-24 09:20:08,7445.25,84,145,0,0
455,2026-07-24 09:20:08,7445.5,64,72,0,0
455,2026-07-24 09:20:08,7445.75,23,43,0,0
455,2026-07-24 09:20:08,7446,16,40,0,0
455,2026-07-24 09:20:08,7446.25,8,15,0,0
455,2026-07-24 09:20:08,7446.5,15,12,0,0
455,2026-07-24 09:20:08,7446.75,60,43,0,0
455,2026-07-24 09:20:08,7447,13,59,0,0
455,2026-07-24 09:20:08,7447.25,42,56,0,17
455,2026-07-24 09:20:08,7447.5,10,28,0,0
455,2026-07-24 09:20:08,7447.75,59,43,0,0
455,2026-07-24 09:20:08,7448,25,62,0,0
455,2026-07-24 09:20:08,7448.25,85,57,0,0
455,2026-07-24 09:20:08,7448.5,51,91,0,0
455,2026-07-24 09:20:08,7448.75,190,367,0,173
455,2026-07-24 09:20:08,7449,71,1150,0,1000
455,2026-07-24 09:20:08,7449.25,12,65,0,0
455,2026-07-24 09:20:08,7449.5,0,14,0,0
455,2026-07-24 09:20:08,7449.75,24,29,0,0
455,2026-07-24 09:20:08,7450,0,27,0,0
456,2026-07-24 09:21:23,7449.75,222,167,0,0
456,2026-07-24 09:21:23,7450,44,94,0,0
456,2026-07-24 09:21:23,7449.5,89,85,0,0
456,2026-07-24 09:21:23,7449.25,61,9,0,0
456,2026-07-24 09:21:23,7450.25,31,48,0,0
456,2026-07-24 09:21:23,7450.5,227,162,0,0
456,2026-07-24 09:21:23,7450.75,274,259,0,0
456,2026-07-24 09:21:23,7451,422,330,0,0
456,2026-07-24 09:21:23,7451.25,254,337,0,0
456,2026-07-24 09:21:23,7451.5,210,191,0,0
456,2026-07-24 09:21:23,7451.75,246,237,0,0
456,2026-07-24 09:21:23,7452,221,232,0,13
456,2026-07-24 09:21:23,7452.25,222,248,0,0
456,2026-07-24 09:21:23,7452.5,115,195,0,0
456,2026-07-24 09:21:23,7452.75,84,120,0,0
456,2026-07-24 09:21:23,7453,106,128,0,0
456,2026-07-24 09:21:23,7453.25,154,198,0,0
456,2026-07-24 09:21:23,7453.5,91,157,0,0
456,2026-07-24 09:21:23,7453.75,70,94,0,0
456,2026-07-24 09:21:23,7454,20,25,0,0
456,2026-07-24 09:21:23,7454.25,0,21,0,0
457,2026-07-24 09:23:07,7454,114,136,0,0
457,2026-07-24 09:23:07,7453.75,138,142,0,0
457,2026-07-24 09:23:07,7453.5,223,191,0,28
457,2026-07-24 09:23:07,7453.25,130,62,16,0
457,2026-07-24 09:23:07,7453,44,25,0,0
457,2026-07-24 09:23:07,7452.75,9,2,0,0
457,2026-07-24 09:23:07,7454.25,47,64,0,0
457,2026-07-24 09:23:07,7454.5,82,71,0,0
457,2026-07-24 09:23:07,7454.75,75,50,0,0
457,2026-07-24 09:23:07,7455,184,205,0,29
457,2026-07-24 09:23:07,7455.25,327,153,183,24
457,2026-07-24 09:23:07,7455.5,244,181,21,25
457,2026-07-24 09:23:07,7455.75,268,279,0,56
457,2026-07-24 09:23:07,7456,391,416,0,0
457,2026-07-24 09:23:07,7456.25,287,286,0,0
457,2026-07-24 09:23:07,7456.5,322,337,0,0
457,2026-07-24 09:23:07,7456.75,128,142,0,0
457,2026-07-24 09:23:07,7457,122,185,0,18
457,2026-07-24 09:23:07,7457.25,71,85,0,0
457,2026-07-24 09:23:07,7457.5,54,69,0,10
457,2026-07-24 09:23:07,7457.75,17,36,0,0
457,2026-07-24 09:23:07,7458,17,37,0,0
457,2026-07-24 09:23:07,7458.25,11,31,0,0
457,2026-07-24 09:23:07,7458.5,0,10,0,0
458,2026-07-24 09:24:43,7453.75,163,137,0,0
458,2026-07-24 09:24:43,7454,255,265,0,14
458,2026-07-24 09:24:43,7454.25,126,196,0,0
458,2026-07-24 09:24:43,7453.5,226,178,0,0
458,2026-07-24 09:24:43,7453.25,178,168,0,0
458,2026-07-24 09:24:43,7453,191,169,0,10
458,2026-07-24 09:24:43,7454.5,49,22,0,0
458,2026-07-24 09:24:43,7454.75,56,86,0,0
458,2026-07-24 09:24:43,7455,26,71,0,24
458,2026-07-24 09:24:43,7455.25,0,15,0,0
458,2026-07-24 09:24:43,7452.75,255,236,0,0
458,2026-07-24 09:24:43,7452.5,356,323,0,0
458,2026-07-24 09:24:43,7452.25,268,253,0,0
458,2026-07-24 09:24:43,7452,232,240,0,0
458,2026-07-24 09:24:43,7451.75,238,144,0,0
458,2026-07-24 09:24:43,7451.5,80,58,0,0
458,2026-07-24 09:24:43,7451.25,80,120,0,0
458,2026-07-24 09:24:43,7451,200,125,0,0
458,2026-07-24 09:24:43,7450.75,201,34,120,0
458,2026-07-24 09:24:43,7450.5,48,40,0,0
458,2026-07-24 09:24:43,7450.25,103,72,12,0
458,2026-07-24 09:24:43,7450,67,46,0,0
458,2026-07-24 09:24:43,7449.75,65,33,0,0
458,2026-07-24 09:24:43,7449.5,6,0,0,0
459,2026-07-24 09:26:29,7453.25,231,172,0,0
459,2026-07-24 09:26:29,7453.5,271,273,0,0
459,2026-07-24 09:26:29,7453.75,180,231,10,10
459,2026-07-24 09:26:29,7454,180,238,0,18
459,2026-07-24 09:26:29,7454.25,194,253,0,0
459,2026-07-24 09:26:29,7453,84,103,0,0
459,2026-07-24 09:26:29,7452.75,74,48,0,0
459,2026-07-24 09:26:29,7452.5,67,76,0,0
459,2026-07-24 09:26:29,7452.25,40,41,0,0
459,2026-07-24 09:26:29,7452,43,29,0,0
459,2026-07-24 09:26:29,7451.75,79,62,0,0
459,2026-07-24 09:26:29,7451.5,75,57,0,0
459,2026-07-24 09:26:29,7451.25,90,56,0,0
459,2026-07-24 09:26:29,7451,136,144,0,0
459,2026-07-24 09:26:29,7450.75,51,24,0,0
459,2026-07-24 09:26:29,7454.5,223,223,0,0
459,2026-07-24 09:26:29,7454.75,120,152,0,0
459,2026-07-24 09:26:29,7455,67,119,0,0
459,2026-07-24 09:26:29,7455.25,48,97,0,0
459,2026-07-24 09:26:29,7455.5,47,73,0,0
459,2026-07-24 09:26:29,7455.75,29,58,0,0
459,2026-07-24 09:26:29,7456,0,18,0,0
459,2026-07-24 09:26:29,7450.5,34,28,0,0
459,2026-07-24 09:26:29,7450.25,58,122,0,26
459,2026-07-24 09:26:29,7450,141,148,13,0
459,2026-07-24 09:26:29,7449.75,202,161,0,0
459,2026-07-24 09:26:29,7449.5,61,70,0,0
459,2026-07-24 09:26:29,7449.25,91,108,0,0
459,2026-07-24 09:26:29,7449,65,65,0,0
459,2026-07-24 09:26:29,7448.75,29,59,0,0
459,2026-07-24 09:26:29,7448.5,77,46,0,0
459,2026-07-24 09:26:29,7448.25,31,22,0,0
459,2026-07-24 09:26:29,7448,6,0,0,0
460,2026-07-24 09:28:17,7449,152,133,0,0
460,2026-07-24 09:28:17,7448.75,167,173,0,0
460,2026-07-24 09:28:17,7449.25,88,104,0,0
460,2026-07-24 09:28:17,7449.5,51,55,0,0
460,2026-07-24 09:28:17,7449.75,94,42,0,0
460,2026-07-24 09:28:17,7450,99,60,0,0
460,2026-07-24 09:28:17,7450.25,169,105,0,0
460,2026-07-24 09:28:17,7450.5,193,162,0,0
460,2026-07-24 09:28:17,7450.75,145,141,0,0
460,2026-07-24 09:28:17,7451,196,182,0,0
460,2026-07-24 09:28:17,7451.25,205,181,0,0
460,2026-07-24 09:28:17,7451.5,215,166,16,0
460,2026-07-24 09:28:17,7451.75,198,170,17,23
460,2026-07-24 09:28:17,7452,214,171,0,0
460,2026-07-24 09:28:17,7452.25,239,210,15,25
460,2026-07-24 09:28:17,7452.5,246,263,0,0
460,2026-07-24 09:28:17,7452.75,112,138,0,0
460,2026-07-24 09:28:17,7453,95,126,0,0
460,2026-07-24 09:28:17,7453.25,108,117,0,15
460,2026-07-24 09:28:17,7453.5,24,39,0,0
460,2026-07-24 09:28:17,7448.5,140,101,0,0
460,2026-07-24 09:28:17,7448.25,107,88,0,0
460,2026-07-24 09:28:17,7448,93,52,0,0
460,2026-07-24 09:28:17,7447.75,51,31,0,0
460,2026-07-24 09:28:17,7447.5,35,46,0,0
460,2026-07-24 09:28:17,7447.25,8,0,0,0
461,2026-07-24 09:30:27,7449,33,66,0,0
461,2026-07-24 09:30:27,7448.75,94,77,0,0
461,2026-07-24 09:30:27,7449.25,8,24,0,0
461,2026-07-24 09:30:27,7448.5,148,134,0,0
461,2026-07-24 09:30:27,7448.25,79,47,0,0
461,2026-07-24 09:30:27,7448,56,70,0,0
461,2026-07-24 09:30:27,7447.75,139,139,0,0
461,2026-07-24 09:30:27,7447.5,102,105,0,0
461,2026-07-24 09:30:27,7447.25,261,320,0,0
461,2026-07-24 09:30:27,7447,324,220,0,0
461,2026-07-24 09:30:27,7446.75,238,266,0,0
461,2026-07-24 09:30:27,7446.5,335,304,0,0
461,2026-07-24 09:30:27,7446.25,511,454,10,0
461,2026-07-24 09:30:27,7446,404,262,81,14
461,2026-07-24 09:30:27,7445.75,236,234,0,0
461,2026-07-24 09:30:27,7445.5,124,109,0,0
461,2026-07-24 09:30:27,7445.25,112,80,0,0
461,2026-07-24 09:30:27,7445,147,31,78,0
461,2026-07-24 09:30:27,7444.75,48,62,0,0
461,2026-07-24 09:30:27,7444.5,51,42,0,0
461,2026-07-24 09:30:27,7444.25,4,0,0,0
462,2026-07-24 09:32:36,7446.5,269,254,0,0
462,2026-07-24 09:32:36,7446.75,172,168,0,0
462,2026-07-24 09:32:36,7446.25,253,258,0,0
462,2026-07-24 09:32:36,7447,200,200,0,0
462,2026-07-24 09:32:36,7446,213,259,0,0
462,2026-07-24 09:32:36,7447.25,135,166,0,0
462,2026-07-24 09:32:36,7447.5,117,102,0,0
462,2026-07-24 09:32:36,7447.75,60,96,0,0
462,2026-07-24 09:32:36,7448,45,38,0,0
462,2026-07-24 09:32:36,7448.25,48,94,0,30
462,2026-07-24 09:32:36,7448.5,0,16,0,0
462,2026-07-24 09:32:36,7445.75,266,227,0,0
462,2026-07-24 09:32:36,7445.5,164,190,0,0
462,2026-07-24 09:32:36,7445.25,123,150,0,0
462,2026-07-24 09:32:36,7445,262,122,94,0
462,2026-07-24 09:32:36,7444.75,49,29,0,0
462,2026-07-24 09:32:36,7444.5,88,98,0,0
462,2026-07-24 09:32:36,7444.25,280,20,108,0
462,2026-07-24 09:32:36,7444,61,109,0,0
462,2026-07-24 09:32:36,7443.75,104,86,0,0
462,2026-07-24 09:32:36,7443.5,103,44,0,0
462,2026-07-24 09:32:36,7443.25,71,65,0,0
462,2026-07-24 09:32:36,7443,32,1,0,0
462,2026-07-24 09:32:36,7442.75,27,18,0,0
462,2026-07-24 09:32:36,7442.5,70,83,0,13
462,2026-07-24 09:32:36,7442.25,59,49,0,0
462,2026-07-24 09:32:36,7442,163,72,74,0
462,2026-07-24 09:32:36,7441.75,23,15,0,0
462,2026-07-24 09:32:36,7441.5,6,8,0,0
463,2026-07-24 09:35:02,7442.5,7,15,0,0
463,2026-07-24 09:35:02,7442.75,0,26,0,0
463,2026-07-24 09:35:02,7443,146,14,76,0
463,2026-07-24 09:35:02,7443.25,98,77,0,0
463,2026-07-24 09:35:02,7443.5,132,104,0,0
463,2026-07-24 09:35:02,7443.75,174,206,0,0
463,2026-07-24 09:35:02,7444,248,222,88,0
463,2026-07-24 09:35:02,7444.25,339,226,14,0
463,2026-07-24 09:35:02,7444.5,340,304,41,0
463,2026-07-24 09:35:02,7444.75,323,366,0,0
463,2026-07-24 09:35:02,7445,412,356,20,0
463,2026-07-24 09:35:02,7445.25,338,338,0,0
463,2026-07-24 09:35:02,7445.5,324,338,0,0
463,2026-07-24 09:35:02,7445.75,238,246,0,0
463,2026-07-24 09:35:02,7446,122,186,0,0
463,2026-07-24 09:35:02,7446.25,36,46,0,0
463,2026-07-24 09:35:02,7446.5,24,39,0,0
463,2026-07-24 09:35:02,7446.75,25,38,0,0
463,2026-07-24 09:35:02,7447,0,27,0,0
464,2026-07-24 09:37:36,7443.25,317,372,0,11
464,2026-07-24 09:37:36,7443,309,328,0,22
464,2026-07-24 09:37:36,7443.5,220,316,0,0
464,2026-07-24 09:37:36,7443.75,224,210,0,11
464,2026-07-24 09:37:36,7444,126,101,0,0
464,2026-07-24 09:37:36,7444.25,100,84,0,0
464,2026-07-24 09:37:36,7444.5,75,141,0,0
464,2026-07-24 09:37:36,7444.75,10,42,0,0
464,2026-07-24 09:37:36,7442.75,277,263,0,0
464,2026-07-24 09:37:36,7442.5,117,54,0,0
464,2026-07-24 09:37:36,7445,0,3,0,0
464,2026-07-24 09:37:36,7442.25,13,7,0,0
464,2026-07-24 09:37:36,7442,36,3,0,0
464,2026-07-24 09:37:36,7441.75,23,3,0,0
464,2026-07-24 09:37:36,7441.5,77,86,0,0
464,2026-07-24 09:37:36,7441.25,69,24,0,0
464,2026-07-24 09:37:36,7441,45,11,0,0
464,2026-07-24 09:37:36,7440.75,43,23,0,0
464,2026-07-24 09:37:36,7440.5,43,31,0,0
464,2026-07-24 09:37:36,7440.25,89,38,0,0
464,2026-07-24 09:37:36,7440,48,52,0,0
464,2026-07-24 09:37:36,7439.75,135,100,12,0
464,2026-07-24 09:37:36,7439.5,137,218,0,135
464,2026-07-24 09:37:36,7439.25,173,182,0,0
464,2026-07-24 09:37:36,7439,113,156,0,0
464,2026-07-24 09:37:36,7438.75,136,115,0,0
464,2026-07-24 09:37:36,7438.5,131,101,0,0
464,2026-07-24 09:37:36,7438.25,97,54,0,0
464,2026-07-24 09:37:36,7438,81,53,0,0
464,2026-07-24 09:37:36,7437.75,51,14,0,0
465,2026-07-24 09:39:58,7439.25,242,180,0,0
465,2026-07-24 09:39:58,7439.5,212,199,0,0
465,2026-07-24 09:39:58,7439,183,278,0,0
465,2026-07-24 09:39:58,7439.75,146,148,0,0
465,2026-07-24 09:39:58,7440,172,188,0,0
465,2026-07-24 09:39:58,7440.25,270,247,17,14
465,2026-07-24 09:39:58,7440.5,195,278,0,0
465,2026-07-24 09:39:58,7438.75,186,221,0,0
465,2026-07-24 09:39:58,7438.5,313,226,0,0
465,2026-07-24 09:39:58,7438.25,123,72,0,0
465,2026-07-24 09:39:58,7438,57,15,15,0
465,2026-07-24 09:39:58,7437.75,34,18,0,0
465,2026-07-24 09:39:58,7440.75,241,160,12,0
465,2026-07-24 09:39:58,7441,297,299,0,0
465,2026-07-24 09:39:58,7441.25,213,255,0,0
465,2026-07-24 09:39:58,7441.5,150,218,0,0
465,2026-07-24 09:39:58,7441.75,88,94,0,0
465,2026-07-24 09:39:58,7442,96,70,0,0
465,2026-07-24 09:39:58,7442.25,21,84,0,0
465,2026-07-24 09:39:58,7442.5,0,11,0,0
466,2026-07-24 09:42:00,7440.5,177,185,0,0
466,2026-07-24 09:42:00,7440.75,82,128,0,0
466,2026-07-24 09:42:00,7440.25,198,199,0,10
466,2026-07-24 09:42:00,7440,151,116,11,0
466,2026-07-24 09:42:00,7439.75,183,128,10,0
466,2026-07-24 09:42:00,7439.5,204,280,0,0
466,2026-07-24 09:42:00,7439.25,246,193,10,10
466,2026-07-24 09:42:00,7439,297,328,0,0
466,2026-07-24 09:42:00,7438.75,397,390,11,0
466,2026-07-24 09:42:00,7441,37,78,0,0
466,2026-07-24 09:42:00,7441.25,34,40,0,0
466,2026-07-24 09:42:00,7438.5,464,328,130,0
466,2026-07-24 09:42:00,7438.25,265,282,0,0
466,2026-07-24 09:42:00,7438,240,294,10,0
466,2026-07-24 09:42:00,7437.75,192,101,32,0
466,2026-07-24 09:42:00,7437.5,85,56,0,0
466,2026-07-24 09:42:00,7437.25,45,25,0,0
466,2026-07-24 09:42:00,7437,39,13,0,0
467,2026-07-24 09:44:01,7439.75,201,221,0,0
467,2026-07-24 09:44:01,7439.5,215,261,14,0
467,2026-07-24 09:44:01,7439.25,295,224,48,0
467,2026-07-24 09:44:01,7439,202,235,0,0
467,2026-07-24 09:44:01,7438.75,209,137,0,0
467,2026-07-24 09:44:01,7438.5,94,42,0,0
467,2026-07-24 09:44:01,7440,85,85,0,0
467,2026-07-24 09:44:01,7440.25,98,108,0,0
467,2026-07-24 09:44:01,7440.5,107,83,0,0
467,2026-07-24 09:44:01,7440.75,64,82,0,0
467,2026-07-24 09:44:01,7441,116,73,0,0
467,2026-07-24 09:44:01,7441.25,83,92,0,0
467,2026-07-24 09:44:01,7441.5,21,27,0,0
467,2026-07-24 09:44:01,7441.75,71,28,0,0
467,2026-07-24 09:44:01,7442,24,49,0,0
467,2026-07-24 09:44:01,7442.25,0,6,0,0
467,2026-07-24 09:44:01,7438.25,96,79,0,0
467,2026-07-24 09:44:01,7438,85,88,0,0
467,2026-07-24 09:44:01,7437.75,80,84,0,0
467,2026-07-24 09:44:01,7437.5,213,212,0,0
467,2026-07-24 09:44:01,7437.25,311,359,0,0
467,2026-07-24 09:44:01,7437,275,334,0,13
467,2026-07-24 09:44:01,7436.75,222,158,0,0
467,2026-07-24 09:44:01,7436.5,146,34,33,0
467,2026-07-24 09:44:01,7436.25,38,29,0,10
467,2026-07-24 09:44:01,7436,19,0,0,0
468,2026-07-24 09:45:31,7436.5,71,66,0,0
468,2026-07-24 09:45:31,7436.75,167,119,23,0
468,2026-07-24 09:45:31,7437,132,199,12,11
468,2026-07-24 09:45:31,7436.25,141,168,0,0
468,2026-07-24 09:45:31,7436,283,137,25,0
468,2026-07-24 09:45:31,7435.75,180,206,0,0
468,2026-07-24 09:45:31,7435.5,186,188,0,0
468,2026-07-24 09:45:31,7435.25,316,360,24,0
468,2026-07-24 09:45:31,7435,309,155,48,0
468,2026-07-24 09:45:31,7434.75,155,83,0,0
468,2026-07-24 09:45:31,7434.5,114,107,0,0
468,2026-07-24 09:45:31,7434.25,72,25,10,0
468,2026-07-24 09:45:31,7434,43,138,0,20
468,2026-07-24 09:45:31,7433.75,167,177,0,0
468,2026-07-24 09:45:31,7433.5,195,73,64,0
468,2026-07-24 09:45:31,7433.25,63,66,0,0
468,2026-07-24 09:45:31,7433,38,28,0,0
468,2026-07-24 09:45:31,7432.75,41,24,0,0
468,2026-07-24 09:45:31,7437.25,108,151,0,0
468,2026-07-24 09:45:31,7437.5,37,77,0,0
468,2026-07-24 09:45:31,7437.75,11,31,0,0
468,2026-07-24 09:45:31,7438,7,33,0,0
468,2026-07-24 09:45:31,7438.25,10,29,0,0
468,2026-07-24 09:45:31,7438.5,43,50,0,0
468,2026-07-24 09:45:31,7438.75,75,90,0,0
468,2026-07-24 09:45:31,7439,130,153,0,0
468,2026-07-24 09:45:31,7439.25,138,220,0,0
468,2026-07-24 09:45:31,7439.5,19,48,0,0
468,2026-07-24 09:45:31,7439.75,16,16,0,0
468,2026-07-24 09:45:31,7440,0,16,0,0
469,2026-07-24 09:47:00,7440,196,135,0,0
469,2026-07-24 09:47:00,7440.25,90,199,0,23
469,2026-07-24 09:47:00,7440.5,56,50,0,0
469,2026-07-24 09:47:00,7439.75,32,58,13,0
469,2026-07-24 09:47:00,7439.5,73,114,0,0
469,2026-07-24 09:47:00,7439.25,210,302,11,14
469,2026-07-24 09:47:00,7439,197,434,0,49
469,2026-07-24 09:47:00,7438.75,166,93,0,0
469,2026-07-24 09:47:00,7440.75,61,78,20,0
469,2026-07-24 09:47:00,7441,28,50,0,0
469,2026-07-24 09:47:00,7441.25,2,19,0,0
469,2026-07-24 09:47:00,7438.5,80,56,0,0
469,2026-07-24 09:47:00,7438.25,39,1,0,0
469,2026-07-24 09:47:00,7438,71,1,50,0
469,2026-07-24 09:47:00,7437.75,110,93,20,0
469,2026-07-24 09:47:00,7437.5,266,333,0,22
469,2026-07-24 09:47:00,7437.25,286,263,0,24
469,2026-07-24 09:47:00,7437,229,202,11,13
469,2026-07-24 09:47:00,7436.75,142,222,0,47
469,2026-07-24 09:47:00,7436.5,137,194,0,0
469,2026-07-24 09:47:00,7436.25,209,129,29,0
469,2026-07-24 09:47:00,7436,144,160,0,15
469,2026-07-24 09:47:00,7435.75,108,54,0,0
469,2026-07-24 09:47:00,7435.5,9,20,0,0
469,2026-07-24 09:47:00,7435.25,34,13,0,0
469,2026-07-24 09:47:00,7435,20,15,0,0
469,2026-07-24 09:47:00,7434.75,69,91,0,0
469,2026-07-24 09:47:00,7434.5,25,11,0,0
469,2026-07-24 09:47:00,7434.25,17,4,0,0
470,2026-07-24 09:49:00,7437.5,50,42,0,0
470,2026-07-24 09:49:00,7437.75,20,34,0,0
470,2026-07-24 09:49:00,7438,3,10,0,0
470,2026-07-24 09:49:00,7438.25,46,54,0,0
470,2026-07-24 09:49:00,7438.5,47,69,0,0
470,2026-07-24 09:49:00,7438.75,59,51,0,0
470,2026-07-24 09:49:00,7439,47,53,0,0
470,2026-07-24 09:49:00,7439.25,45,41,0,0
470,2026-07-24 09:49:00,7439.5,14,33,0,0
470,2026-07-24 09:49:00,7439.75,23,13,0,0
470,2026-07-24 09:49:00,7440,30,32,0,0
470,2026-07-24 09:49:00,7440.25,55,41,0,0
470,2026-07-24 09:49:00,7440.5,3,18,0,0
470,2026-07-24 09:49:00,7440.75,2,16,0,0
470,2026-07-24 09:49:00,7441,27,31,0,0
470,2026-07-24 09:49:00,7441.25,3,25,0,0
470,2026-07-24 09:49:00,7441.5,25,42,0,13
470,2026-07-24 09:49:00,7441.75,20,15,0,0
470,2026-07-24 09:49:00,7442,120,69,0,0
470,2026-07-24 09:49:00,7442.25,217,195,0,0
470,2026-07-24 09:49:00,7442.5,44,154,0,0
470,2026-07-24 09:49:00,7442.75,123,51,0,0
470,2026-07-24 09:49:00,7443,49,60,0,0
470,2026-07-24 09:49:00,7443.25,96,77,0,0
470,2026-07-24 09:49:00,7443.5,152,70,0,0
470,2026-07-24 09:49:00,7443.75,103,182,0,13
470,2026-07-24 09:49:00,7444,102,112,0,0
470,2026-07-24 09:49:00,7444.25,19,44,0,0
470,2026-07-24 09:49:00,7444.5,75,33,0,0
470,2026-07-24 09:49:00,7444.75,91,104,0,0
470,2026-07-24 09:49:00,7445,122,144,0,0
470,2026-07-24 09:49:00,7445.25,111,82,47,0
470,2026-07-24 09:49:00,7445.5,27,94,0,0
470,2026-07-24 09:49:00,7445.75,120,80,0,0
470,2026-07-24 09:49:00,7446,36,102,0,10
470,2026-07-24 09:49:00,7446.25,29,42,0,0
470,2026-07-24 09:49:00,7446.5,109,109,0,0
470,2026-07-24 09:49:00,7446.75,62,61,0,0
470,2026-07-24 09:49:00,7447,73,80,0,0
470,2026-07-24 09:49:00,7447.25,74,89,11,0
470,2026-07-24 09:49:00,7447.5,150,105,0,0
470,2026-07-24 09:49:00,7447.75,163,72,0,0
470,2026-07-24 09:49:00,7448,138,153,0,0
470,2026-07-24 09:49:00,7448.25,68,133,0,0
470,2026-07-24 09:49:00,7448.5,126,80,0,0
470,2026-07-24 09:49:00,7448.75,74,102,0,0
470,2026-07-24 09:49:00,7449,0,7,0,0
471,2026-07-24 09:50:51,7448.25,140,66,0,0
471,2026-07-24 09:50:51,7448.5,67,45,10,0
471,2026-07-24 09:50:51,7448,93,56,0,0
471,2026-07-24 09:50:51,7447.75,79,58,0,0
471,2026-07-24 09:50:51,7448.75,268,156,0,0
471,2026-07-24 09:50:51,7449,207,254,0,20
471,2026-07-24 09:50:51,7449.25,191,217,22,29
471,2026-07-24 09:50:51,7449.5,285,249,0,10
471,2026-07-24 09:50:51,7449.75,278,324,40,10
471,2026-07-24 09:50:51,7450,213,212,0,21
471,2026-07-24 09:50:51,7450.25,258,256,13,22
471,2026-07-24 09:50:51,7450.5,316,298,0,0
471,2026-07-24 09:50:51,7450.75,259,268,0,0
471,2026-07-24 09:50:51,7451,168,179,0,0
471,2026-07-24 09:50:51,7451.25,188,188,0,0
471,2026-07-24 09:50:51,7451.5,110,173,0,10
471,2026-07-24 09:50:51,7451.75,27,105,0,21
471,2026-07-24 09:50:51,7452,0,8,0,0
471,2026-07-24 09:50:51,7447.5,59,43,0,0
471,2026-07-24 09:50:51,7447.25,40,43,0,0
471,2026-07-24 09:50:51,7447,27,28,0,0
471,2026-07-24 09:50:51,7446.75,3,0,0,0
472,2026-07-24 09:52:49,7448,254,179,0,0
472,2026-07-24 09:52:49,7448.25,132,151,0,0
472,2026-07-24 09:52:49,7447.75,225,171,10,0
472,2026-07-24 09:52:49,7447.5,160,40,0,0
472,2026-07-24 09:52:49,7447.25,68,45,0,0
472,2026-07-24 09:52:49,7447,48,81,0,0
472,2026-07-24 09:52:49,7446.75,157,109,0,0
472,2026-07-24 09:52:49,7446.5,82,62,0,0
472,2026-07-24 09:52:49,7446.25,101,92,0,0
472,2026-07-24 09:52:49,7446,173,118,0,0
472,2026-07-24 09:52:49,7445.75,198,157,0,0
472,2026-07-24 09:52:49,7445.5,86,47,0,0
472,2026-07-24 09:52:49,7445.25,67,37,0,0
472,2026-07-24 09:52:49,7445,34,0,0,0
472,2026-07-24 09:52:49,7444.75,10,0,0,0
472,2026-07-24 09:52:49,7448.5,181,128,11,0
472,2026-07-24 09:52:49,7448.75,150,138,0,0
472,2026-07-24 09:52:49,7449,93,147,0,0
472,2026-07-24 09:52:49,7449.25,232,147,0,0
472,2026-07-24 09:52:49,7449.5,179,186,0,10
472,2026-07-24 09:52:49,7449.75,126,218,0,23
472,2026-07-24 09:52:49,7450,153,129,0,0
472,2026-07-24 09:52:49,7450.25,96,118,0,0
472,2026-07-24 09:52:49,7450.5,123,74,0,10
472,2026-07-24 09:52:49,7450.75,94,76,0,0
472,2026-07-24 09:52:49,7451,77,53,0,0
472,2026-07-24 09:52:49,7451.25,73,49,0,0
472,2026-07-24 09:52:49,7451.5,80,96,0,0
472,2026-07-24 09:52:49,7451.75,81,75,13,0
472,2026-07-24 09:52:49,7452,20,24,0,0
473,2026-07-24 09:55:09,7450.25,2,17,0,0
473,2026-07-24 09:55:09,7450,17,4,0,0
473,2026-07-24 09:55:09,7450.5,21,11,0,0
473,2026-07-24 09:55:09,7450.75,32,29,0,0
473,2026-07-24 09:55:09,7451,56,56,0,0
473,2026-07-24 09:55:09,7451.25,65,60,0,0
473,2026-07-24 09:55:09,7451.5,149,175,0,0
473,2026-07-24 09:55:09,7451.75,195,180,10,0
473,2026-07-24 09:55:09,7452,264,266,0,20
473,2026-07-24 09:55:09,7452.25,224,166,0,0
473,2026-07-24 09:55:09,7452.5,453,336,10,0
473,2026-07-24 09:55:09,7452.75,467,501,0,0
473,2026-07-24 09:55:09,7453,276,361,13,0
473,2026-07-24 09:55:09,7453.25,131,185,0,0
473,2026-07-24 09:55:09,7453.5,87,50,0,0
473,2026-07-24 09:55:09,7453.75,115,122,0,0
473,2026-07-24 09:55:09,7454,126,144,0,0
473,2026-07-24 09:55:09,7454.25,41,39,0,0
473,2026-07-24 09:55:09,7454.5,11,82,0,0
473,2026-07-24 09:55:09,7454.75,0,46,0,18
473,2026-07-24 09:55:09,7455,49,88,0,25
473,2026-07-24 09:55:09,7455.25,61,101,0,16
473,2026-07-24 09:55:09,7455.5,50,82,0,0
473,2026-07-24 09:55:09,7455.75,40,55,0,0
473,2026-07-24 09:55:09,7456,41,67,0,0
473,2026-07-24 09:55:09,7456.25,92,55,0,0
473,2026-07-24 09:55:09,7456.5,36,21,11,0
473,2026-07-24 09:55:09,7456.75,47,44,0,0
473,2026-07-24 09:55:09,7457,0,8,0,0
474,2026-07-24 09:57:03,7456,18,22,0,0
474,2026-07-24 09:57:03,7456.25,68,65,0,0
474,2026-07-24 09:57:03,7456.5,43,44,0,0
474,2026-07-24 09:57:03,7456.75,175,173,0,0
474,2026-07-24 09:57:03,7457,31,150,0,34
474,2026-07-24 09:57:03,7457.25,83,26,20,0
474,2026-07-24 09:57:03,7457.5,57,117,0,12
474,2026-07-24 09:57:03,7457.75,222,233,0,44
474,2026-07-24 09:57:03,7458,371,239,16,0
474,2026-07-24 09:57:03,7458.25,302,404,0,24
474,2026-07-24 09:57:03,7458.5,410,314,10,17
474,2026-07-24 09:57:03,7458.75,507,469,83,10
474,2026-07-24 09:57:03,7459,314,311,12,0
474,2026-07-24 09:57:03,7459.25,320,208,0,0
474,2026-07-24 09:57:03,7459.5,189,205,0,30
474,2026-07-24 09:57:03,7459.75,114,130,0,0
474,2026-07-24 09:57:03,7460,36,111,0,0
474,2026-07-24 09:57:03,7460.25,0,20,0,0
475,2026-07-24 09:58:36,7460,153,93,11,0
475,2026-07-24 09:58:36,7460.25,119,119,0,0
475,2026-07-24 09:58:36,7459.75,99,17,0,0
475,2026-07-24 09:58:36,7460.5,40,118,0,25
475,2026-07-24 09:58:36,7460.75,0,19,0,0
475,2026-07-24 09:58:36,7461,3,55,0,18
475,2026-07-24 09:58:36,7461.25,38,37,0,0
475,2026-07-24 09:58:36,7461.5,66,109,0,10
475,2026-07-24 09:58:36,7461.75,174,139,12,0
475,2026-07-24 09:58:36,7462,139,208,0,25
475,2026-07-24 09:58:36,7462.25,14,28,0,0
475,2026-07-24 09:58:36,7462.5,25,25,0,14
475,2026-07-24 09:58:36,7462.75,183,145,10,0
475,2026-07-24 09:58:36,7463,33,121,0,23
475,2026-07-24 09:58:36,7463.25,135,119,0,0
475,2026-07-24 09:58:36,7463.5,308,232,15,0
475,2026-07-24 09:58:36,7463.75,254,246,0,16
475,2026-07-24 09:58:36,7464,240,250,15,0
475,2026-07-24 09:58:36,7464.25,92,80,20,0
475,2026-07-24 09:58:36,7464.5,311,363,0,45
475,2026-07-24 09:58:36,7464.75,329,364,12,10
475,2026-07-24 09:58:36,7465,60,271,10,120
475,2026-07-24 09:58:36,7465.25,53,46,0,0
475,2026-07-24 09:58:36,7465.5,95,112,0,0
475,2026-07-24 09:58:36,7465.75,45,62,0,0
475,2026-07-24 09:58:36,7466,0,73,0,20
475,2026-07-24 09:58:36,7466.25,0,33,0,0
475,2026-07-24 09:58:36,7466.5,0,8,0,0
476,2026-07-24 09:59:32,7464.5,428,380,87,40
476,2026-07-24 09:59:32,7464.25,231,223,0,47
476,2026-07-24 09:59:32,7464.75,313,368,0,16
476,2026-07-24 09:59:32,7465,184,177,0,16
476,2026-07-24 09:59:32,7465.25,336,234,10,12
476,2026-07-24 09:59:32,7465.5,123,155,0,35
476,2026-07-24 09:59:32,7465.75,42,115,0,50
476,2026-07-24 09:59:32,7464,127,143,0,0
476,2026-07-24 09:59:32,7463.75,382,182,121,0
476,2026-07-24 09:59:32,7466,38,52,0,0
476,2026-07-24 09:59:32,7466.25,0,4,0,0
476,2026-07-24 09:59:32,7463.5,250,348,0,101
476,2026-07-24 09:59:32,7463.25,249,179,0,0
476,2026-07-24 09:59:32,7463,275,266,36,0
476,2026-07-24 09:59:32,7462.75,161,177,0,0
476,2026-07-24 09:59:32,7462.5,151,80,0,0
476,2026-07-24 09:59:32,7462.25,80,47,0,0
477,2026-07-24 10:00:30,7463.5,5,12,0,0
477,2026-07-24 10:00:30,7463.75,39,68,0,15
477,2026-07-24 10:00:30,7464,30,49,0,0
477,2026-07-24 10:00:30,7464.25,13,25,0,0
477,2026-07-24 10:00:30,7464.5,79,74,0,0
477,2026-07-24 10:00:30,7464.75,97,97,0,0
477,2026-07-24 10:00:30,7465,91,82,0,0
477,2026-07-24 10:00:30,7465.25,302,300,0,47
477,2026-07-24 10:00:30,7465.5,328,432,0,14
477,2026-07-24 10:00:30,7465.75,240,253,0,0
477,2026-07-24 10:00:30,7466,310,309,10,0
477,2026-07-24 10:00:30,7466.25,276,421,0,41
477,2026-07-24 10:00:30,7466.5,244,303,0,0
477,2026-07-24 10:00:30,7466.75,197,251,0,0
477,2026-07-24 10:00:30,7467,88,167,0,21
477,2026-07-24 10:00:30,7467.25,64,79,0,0
477,2026-07-24 10:00:30,7467.5,153,120,0,10
477,2026-07-24 10:00:30,7467.75,85,138,0,0
477,2026-07-24 10:00:30,7468,70,119,0,17
477,2026-07-24 10:00:30,7468.25,99,168,0,30
477,2026-07-24 10:00:30,7468.5,45,90,0,15
477,2026-07-24 10:00:30,7468.75,36,48,0,18
478,2026-07-24 10:01:47,7464,370,335,10,0
478,2026-07-24 10:01:47,7464.25,127,172,0,15
478,2026-07-24 10:01:47,7464.5,43,93,0,0
478,2026-07-24 10:01:47,7463.75,490,314,0,0
478,2026-07-24 10:01:47,7463.5,318,300,0,0
478,2026-07-24 10:01:47,7463.25,382,440,0,50
478,2026-07-24 10:01:47,7463,579,445,0,0
478,2026-07-24 10:01:47,7462.75,352,220,10,0
478,2026-07-24 10:01:47,7462.5,297,274,0,0
478,2026-07-24 10:01:47,7462.25,283,224,0,10
478,2026-07-24 10:01:47,7462,188,68,0,0
478,2026-07-24 10:01:47,7461.75,108,44,0,0
478,2026-07-24 10:01:47,7461.5,8,0,0,0
478,2026-07-24 10:01:47,7464.75,1,17,0,0
478,2026-07-24 10:01:47,7465,0,10,0,0
479,2026-07-24 10:03:35,7465,0,27,0,15
479,2026-07-24 10:03:35,7464.75,51,12,0,0
479,2026-07-24 10:03:35,7464.5,104,81,0,0
479,2026-07-24 10:03:35,7464.25,108,30,0,0
479,2026-07-24 10:03:35,7464,27,34,0,0
479,2026-07-24 10:03:35,7463.75,129,134,0,20
479,2026-07-24 10:03:35,7463.5,218,217,0,0
479,2026-07-24 10:03:35,7463.25,360,269,15,0
479,2026-07-24 10:03:35,7463,347,214,0,14
479,2026-07-24 10:03:35,7462.75,207,264,0,0
479,2026-07-24 10:03:35,7462.5,351,382,0,0
479,2026-07-24 10:03:35,7462.25,516,355,0,0
479,2026-07-24 10:03:35,7462,414,327,14,33
479,2026-07-24 10:03:35,7461.75,333,301,0,0
479,2026-07-24 10:03:35,7461.5,231,225,0,0
479,2026-07-24 10:03:35,7461.25,162,31,36,0
479,2026-07-24 10:03:35,7461,41,0,0,0
480,2026-07-24 10:06:09,7463.75,50,50,0,0
480,2026-07-24 10:06:09,7464,38,83,0,0
480,2026-07-24 10:06:09,7464.25,46,52,0,0
480,2026-07-24 10:06:09,7464.5,13,35,0,0
480,2026-07-24 10:06:09,7463.5,34,79,0,0
480,2026-07-24 10:06:09,7463.25,262,262,0,0
480,2026-07-24 10:06:09,7463,311,284,0,0
480,2026-07-24 10:06:09,7462.75,156,97,0,0
480,2026-07-24 10:06:09,7462.5,184,185,0,0
480,2026-07-24 10:06:09,7462.25,185,122,0,0
480,2026-07-24 10:06:09,7462,156,190,32,81
480,2026-07-24 10:06:09,7461.75,51,31,0,0
480,2026-07-24 10:06:09,7461.5,36,45,0,0
480,2026-07-24 10:06:09,7461.25,54,74,0,0
480,2026-07-24 10:06:09,7461,67,45,0,0
480,2026-07-24 10:06:09,7460.75,116,119,0,0
480,2026-07-24 10:06:09,7460.5,54,26,0,0
480,2026-07-24 10:06:09,7460.25,123,97,0,0
480,2026-07-24 10:06:09,7460,144,91,0,0
480,2026-07-24 10:06:09,7459.75,154,130,0,0
480,2026-07-24 10:06:09,7459.5,122,119,13,0
480,2026-07-24 10:06:09,7459.25,163,159,0,0
480,2026-07-24 10:06:09,7459,155,132,0,0
480,2026-07-24 10:06:09,7458.75,164,157,10,0
480,2026-07-24 10:06:09,7458.5,176,162,0,57
480,2026-07-24 10:06:09,7458.25,130,113,0,14
480,2026-07-24 10:06:09,7458,70,38,25,10
480,2026-07-24 10:06:09,7457.75,92,97,0,0
480,2026-07-24 10:06:09,7457.5,61,35,0,0
480,2026-07-24 10:06:09,7457.25,24,0,0,0
481,2026-07-24 10:08:14,7464.25,39,50,0,0
481,2026-07-24 10:08:14,7464,16,10,0,0
481,2026-07-24 10:08:14,7463.75,19,9,0,0
481,2026-07-24 10:08:14,7464.5,67,25,0,0
481,2026-07-24 10:08:14,7464.75,75,100,0,0
481,2026-07-24 10:08:14,7465,55,141,0,61
481,2026-07-24 10:08:14,7465.25,79,109,0,0
481,2026-07-24 10:08:14,7465.5,0,4,0,0
481,2026-07-24 10:08:14,7463.5,29,41,0,0
481,2026-07-24 10:08:14,7463.25,46,21,0,0
481,2026-07-24 10:08:14,7463,25,0,0,0
481,2026-07-24 10:08:14,7462.75,18,1,0,0
481,2026-07-24 10:08:14,7462.5,6,20,0,0
481,2026-07-24 10:08:14,7462.25,115,69,0,0
481,2026-07-24 10:08:14,7462,123,64,0,0
481,2026-07-24 10:08:14,7461.75,112,118,0,0
481,2026-07-24 10:08:14,7461.5,221,271,0,0
481,2026-07-24 10:08:14,7461.25,356,271,0,0
481,2026-07-24 10:08:14,7461,281,117,17,0
481,2026-07-24 10:08:14,7460.75,96,59,0,0
481,2026-07-24 10:08:14,7460.5,36,15,0,0
481,2026-07-24 10:08:14,7460.25,47,19,0,0
481,2026-07-24 10:08:14,7460,60,32,0,0
481,2026-07-24 10:08:14,7459.75,56,12,0,0
481,2026-07-24 10:08:14,7459.5,23,0,0,0
481,2026-07-24 10:08:14,7459.25,14,2,0,0
481,2026-07-24 10:08:14,7459,65,83,0,0
481,2026-07-24 10:08:14,7458.75,105,57,0,0
481,2026-07-24 10:08:14,7458.5,51,15,0,0
481,2026-07-24 10:08:14,7458.25,77,37,0,0
481,2026-07-24 10:08:14,7458,36,1,0,0
481,2026-07-24 10:08:14,7457.75,30,14,0,0
481,2026-07-24 10:08:14,7457.5,9,9,0,0
481,2026-07-24 10:08:14,7457.25,70,32,0,0
481,2026-07-24 10:08:14,7457,124,47,24,0
481,2026-07-24 10:08:14,7456.75,109,103,0,0
481,2026-07-24 10:08:14,7456.5,157,156,0,0
481,2026-07-24 10:08:14,7456.25,270,213,0,0
481,2026-07-24 10:08:14,7456,234,168,0,0
481,2026-07-24 10:08:14,7455.75,175,85,0,0
481,2026-07-24 10:08:14,7455.5,61,25,0,0
481,2026-07-24 10:08:14,7455.25,39,55,0,0
481,2026-07-24 10:08:14,7455,94,42,25,0
481,2026-07-24 10:08:14,7454.75,45,13,0,0
482,2026-07-24 10:10:19,7456.25,91,70,0,0
482,2026-07-24 10:10:19,7456,133,51,13,0
482,2026-07-24 10:10:19,7455.75,16,12,0,0
482,2026-07-24 10:10:19,7456.5,109,110,13,10
482,2026-07-24 10:10:19,7456.75,14,43,0,0
482,2026-07-24 10:10:19,7457,18,8,0,0
482,2026-07-24 10:10:19,7457.25,73,57,0,0
482,2026-07-24 10:10:19,7457.5,107,109,0,0
482,2026-07-24 10:10:19,7457.75,38,71,0,0
482,2026-07-24 10:10:19,7458,42,65,0,0
482,2026-07-24 10:10:19,7458.25,23,66,0,0
482,2026-07-24 10:10:19,7458.5,52,67,0,0
482,2026-07-24 10:10:19,7458.75,34,60,0,0
482,2026-07-24 10:10:19,7459,9,15,0,0
482,2026-07-24 10:10:19,7459.25,1,27,0,0
482,2026-07-24 10:10:19,7459.5,21,38,0,0
482,2026-07-24 10:10:19,7459.75,83,91,0,0
482,2026-07-24 10:10:19,7460,7,30,0,0
482,2026-07-24 10:10:19,7460.25,5,14,0,0
482,2026-07-24 10:10:19,7460.5,7,19,0,0
482,2026-07-24 10:10:19,7460.75,26,57,0,0
482,2026-07-24 10:10:19,7461,28,44,0,0
482,2026-07-24 10:10:19,7461.25,5,22,0,0
482,2026-07-24 10:10:19,7461.5,17,33,0,0
482,2026-07-24 10:10:19,7461.75,7,17,0,0
482,2026-07-24 10:10:19,7462,15,34,0,0
482,2026-07-24 10:10:19,7462.25,31,68,0,0
482,2026-07-24 10:10:19,7462.5,54,53,0,0
482,2026-07-24 10:10:19,7462.75,21,45,0,0
482,2026-07-24 10:10:19,7463,3,27,0,0
482,2026-07-24 10:10:19,7463.25,0,26,0,0
482,2026-07-24 10:10:19,7463.5,8,31,0,0
482,2026-07-24 10:10:19,7463.75,11,59,0,10
482,2026-07-24 10:10:19,7464,67,74,0,0
482,2026-07-24 10:10:19,7464.25,80,151,0,0
482,2026-07-24 10:10:19,7464.5,60,91,0,10
482,2026-07-24 10:10:19,7464.75,24,50,0,0
482,2026-07-24 10:10:19,7465,117,82,0,0
482,2026-07-24 10:10:19,7465.25,57,67,0,0
482,2026-07-24 10:10:19,7465.5,118,232,0,11
482,2026-07-24 10:10:19,7465.75,106,147,0,0
482,2026-07-24 10:10:19,7466,128,109,30,0
482,2026-07-24 10:10:19,7466.25,200,220,0,0
482,2026-07-24 10:10:19,7466.5,185,172,0,0
482,2026-07-24 10:10:19,7466.75,232,172,0,0
482,2026-07-24 10:10:19,7467,140,173,0,0
482,2026-07-24 10:10:19,7467.25,55,41,0,0
482,2026-07-24 10:10:19,7467.5,44,66,0,0
482,2026-07-24 10:10:19,7467.75,119,107,0,31
482,2026-07-24 10:10:19,7468,69,71,0,0
482,2026-07-24 10:10:19,7468.25,0,26,0,0
483,2026-07-24 10:11:00,7465.75,106,101,0,0
483,2026-07-24 10:11:00,7466,80,71,0,0
483,2026-07-24 10:11:00,7465.5,41,31,0,0
483,2026-07-24 10:11:00,7466.25,6,17,0,0
483,2026-07-24 10:11:00,7465.25,10,3,0,0
483,2026-07-24 10:11:00,7466.5,0,11,0,0
483,2026-07-24 10:11:00,7466.75,0,6,0,0
483,2026-07-24 10:11:00,7467,0,2,0,0
483,2026-07-24 10:11:00,7467.25,10,12,0,0
483,2026-07-24 10:11:00,7467.5,0,15,0,0
483,2026-07-24 10:11:00,7467.75,1,6,0,0
483,2026-07-24 10:11:00,7468,1,2,0,0
483,2026-07-24 10:11:00,7468.25,4,52,0,38
483,2026-07-24 10:11:00,7468.5,27,49,0,0
483,2026-07-24 10:11:00,7468.75,1,83,0,60
483,2026-07-24 10:11:00,7469,8,86,0,15
483,2026-07-24 10:11:00,7469.25,23,90,0,14
483,2026-07-24 10:11:00,7469.5,98,71,18,0
483,2026-07-24 10:11:00,7469.75,20,105,0,19
483,2026-07-24 10:11:00,7470,58,112,0,25
483,2026-07-24 10:11:00,7470.25,57,125,0,0
483,2026-07-24 10:11:00,7470.5,12,54,0,0
483,2026-07-24 10:11:00,7470.75,0,12,0,0
483,2026-07-24 10:11:00,7471,3,36,0,0
483,2026-07-24 10:11:00,7471.25,41,56,0,0
483,2026-07-24 10:11:00,7471.5,54,100,0,0
483,2026-07-24 10:11:00,7471.75,34,112,0,0
483,2026-07-24 10:11:00,7472,91,133,28,0
483,2026-07-24 10:11:00,7472.25,73,66,0,0
483,2026-07-24 10:11:00,7472.5,208,174,10,0
483,2026-07-24 10:11:00,7472.75,186,130,0,0
483,2026-07-24 10:11:00,7473,287,334,0,22
483,2026-07-24 10:11:00,7473.25,257,301,0,10
483,2026-07-24 10:11:00,7473.5,175,306,0,62
483,2026-07-24 10:11:00,7473.75,147,154,0,0
483,2026-07-24 10:11:00,7474,148,217,0,59
483,2026-07-24 10:11:00,7474.25,92,54,0,0
483,2026-07-24 10:11:00,7474.5,80,205,0,36
483,2026-07-24 10:11:00,7474.75,73,67,0,0
483,2026-07-24 10:11:00,7475,78,144,0,28
483,2026-07-24 10:11:00,7475.25,38,159,0,80
483,2026-07-24 10:11:00,7475.5,0,7,0,0
484,2026-07-24 10:11:13,7473.25,45,113,0,0
484,2026-07-24 10:11:13,7473,183,198,0,0
484,2026-07-24 10:11:13,7472.75,246,200,20,0
484,2026-07-24 10:11:13,7472.5,156,169,0,0
484,2026-07-24 10:11:13,7472.25,113,86,0,0
484,2026-07-24 10:11:13,7473.5,22,19,0,0
484,2026-07-24 10:11:13,7473.75,112,83,0,0
484,2026-07-24 10:11:13,7474,93,110,0,10
484,2026-07-24 10:11:13,7474.25,638,68,277,0
484,2026-07-24 10:11:13,7474.5,232,301,55,0
484,2026-07-24 10:11:13,7474.75,108,152,33,16
484,2026-07-24 10:11:13,7475,50,55,0,0
484,2026-07-24 10:11:13,7475.25,59,116,0,28
484,2026-07-24 10:11:13,7475.5,140,98,31,0
484,2026-07-24 10:11:13,7475.75,51,54,0,0
484,2026-07-24 10:11:13,7476,102,82,0,0
484,2026-07-24 10:11:13,7476.25,60,72,0,0
484,2026-07-24 10:11:13,7476.5,14,15,0,0
484,2026-07-24 10:11:13,7472,50,58,0,0
484,2026-07-24 10:11:13,7471.75,55,28,0,0
484,2026-07-24 10:11:13,7471.5,50,57,0,0
484,2026-07-24 10:11:13,7471.25,56,3,0,0
484,2026-07-24 10:11:13,7471,25,32,0,0
484,2026-07-24 10:11:13,7470.75,42,26,0,0
484,2026-07-24 10:11:13,7470.5,79,53,11,0
484,2026-07-24 10:11:13,7470.25,124,81,50,0
484,2026-07-24 10:11:13,7470,56,57,0,0
484,2026-07-24 10:11:13,7469.75,76,110,0,0
484,2026-07-24 10:11:13,7469.5,114,60,12,0
484,2026-07-24 10:11:13,7469.25,133,152,0,0
484,2026-07-24 10:11:13,7469,210,177,0,0
484,2026-07-24 10:11:13,7468.75,71,43,0,0
484,2026-07-24 10:11:13,7468.5,8,0,0,0
485,2026-07-24 10:11:41,7469,233,170,23,10
485,2026-07-24 10:11:41,7469.25,109,91,0,0
485,2026-07-24 10:11:41,7468.75,220,206,0,0
485,2026-07-24 10:11:41,7468.5,264,220,0,0
485,2026-07-24 10:11:41,7468.25,231,133,0,0
485,2026-07-24 10:11:41,7468,129,104,0,0
485,2026-07-24 10:11:41,7467.75,58,15,0,0
485,2026-07-24 10:11:41,7467.5,35,58,0,0
485,2026-07-24 10:11:41,7467.25,61,49,0,0
485,2026-07-24 10:11:41,7467,40,40,0,0
485,2026-07-24 10:11:41,7466.75,36,44,0,0
485,2026-07-24 10:11:41,7466.5,25,27,0,0
485,2026-07-24 10:11:41,7466.25,28,44,0,0
485,2026-07-24 10:11:41,7466,25,7,0,0
485,2026-07-24 10:11:41,7465.75,22,19,0,0
485,2026-07-24 10:11:41,7465.5,21,5,0,0
485,2026-07-24 10:11:41,7469.5,150,92,36,11
485,2026-07-24 10:11:41,7469.75,101,155,0,40
485,2026-07-24 10:11:41,7470,321,159,25,0
485,2026-07-24 10:11:41,7470.25,476,313,24,0
485,2026-07-24 10:11:41,7470.5,283,386,0,11
485,2026-07-24 10:11:41,7470.75,218,137,0,0
485,2026-07-24 10:11:41,7471,210,174,0,11
485,2026-07-24 10:11:41,7471.25,99,226,0,34
485,2026-07-24 10:11:41,7471.5,71,134,0,50
485,2026-07-24 10:11:41,7471.75,7,19,0,0
486,2026-07-24 10:13:02,7469,187,215,0,19
486,2026-07-24 10:13:02,7469.25,138,201,0,51
486,2026-07-24 10:13:02,7468.75,159,214,0,71
486,2026-07-24 10:13:02,7468.5,182,115,0,0
486,2026-07-24 10:13:02,7468.25,108,91,0,0
486,2026-07-24 10:13:02,7468,141,183,0,62
486,2026-07-24 10:13:02,7467.75,164,166,0,0
486,2026-07-24 10:13:02,7467.5,226,151,0,0
486,2026-07-24 10:13:02,7467.25,125,76,0,0
486,2026-07-24 10:13:02,7467,64,13,0,0
486,2026-07-24 10:13:02,7466.75,15,0,0,0
486,2026-07-24 10:13:02,7469.5,106,150,0,57
486,2026-07-24 10:13:02,7469.75,21,40,0,0
486,2026-07-24 10:13:02,7470,27,38,0,0
486,2026-07-24 10:13:02,7470.25,22,29,0,0
486,2026-07-24 10:13:02,7470.5,0,23,0,0
486,2026-07-24 10:13:02,7470.75,24,20,0,0
486,2026-07-24 10:13:02,7471,37,97,0,36
486,2026-07-24 10:13:02,7471.25,63,54,0,0
486,2026-07-24 10:13:02,7471.5,146,94,40,0
486,2026-07-24 10:13:02,7471.75,50,90,0,38
486,2026-07-24 10:13:02,7472,129,106,0,0
486,2026-07-24 10:13:02,7472.25,43,70,0,0
486,2026-07-24 10:13:02,7472.5,0,92,0,35
486,2026-07-24 10:13:02,7472.75,36,12,0,0
486,2026-07-24 10:13:02,7473,0,58,0,10
486,2026-07-24 10:13:02,7473.25,8,8,0,0
486,2026-07-24 10:13:02,7473.5,5,23,0,0
486,2026-07-24 10:13:02,7473.75,93,139,0,50
486,2026-07-24 10:13:02,7474,50,242,0,88
486,2026-07-24 10:13:02,7474.25,0,57,0,0
486,2026-07-24 10:13:02,7474.5,10,57,0,0
486,2026-07-24 10:13:02,7474.75,84,169,0,50
486,2026-07-24 10:13:02,7475,141,294,0,74
486,2026-07-24 10:13:02,7475.25,42,101,0,0
486,2026-07-24 10:13:02,7475.5,23,39,0,0
486,2026-07-24 10:13:02,7475.75,55,35,0,0
486,2026-07-24 10:13:02,7476,23,57,0,12
486,2026-07-24 10:13:02,7476.25,46,45,0,0
486,2026-07-24 10:13:02,7476.5,10,33,0,0
487,2026-07-24 10:14:33,7475.5,9,3,0,0
487,2026-07-24 10:14:33,7475.75,27,15,0,0
487,2026-07-24 10:14:33,7476,20,75,0,25
487,2026-07-24 10:14:33,7476.25,50,153,0,103
487,2026-07-24 10:14:33,7476.5,78,85,0,23
487,2026-07-24 10:14:33,7476.75,147,96,0,15
487,2026-07-24 10:14:33,7477,156,143,10,30
487,2026-07-24 10:14:33,7477.25,231,272,0,34
487,2026-07-24 10:14:33,7477.5,214,257,23,16
487,2026-07-24 10:14:33,7477.75,125,159,0,0
487,2026-07-24 10:14:33,7478,83,110,0,10
487,2026-07-24 10:14:33,7478.25,95,114,0,0
487,2026-07-24 10:14:33,7478.5,232,235,20,10
487,2026-07-24 10:14:33,7478.75,232,265,40,37
487,2026-07-24 10:14:33,7479,195,328,10,46
487,2026-07-24 10:14:33,7479.25,212,259,0,0
487,2026-07-24 10:14:33,7479.5,205,228,0,10
487,2026-07-24 10:14:33,7479.75,181,157,28,0
487,2026-07-24 10:14:33,7480,72,253,0,74
487,2026-07-24 10:14:33,7480.25,49,156,0,77
487,2026-07-24 10:14:33,7480.5,41,59,0,0
487,2026-07-24 10:14:33,7480.75,92,76,0,0
487,2026-07-24 10:14:33,7481,47,193,0,41
487,2026-07-24 10:14:33,7481.25,0,16,0,0
488,2026-07-24 10:15:07,7481.25,125,169,0,0
488,2026-07-24 10:15:07,7481.5,135,178,0,0
488,2026-07-24 10:15:07,7481,116,160,0,0
488,2026-07-24 10:15:07,7480.75,116,123,0,13
488,2026-07-24 10:15:07,7481.75,91,163,0,0
488,2026-07-24 10:15:07,7482,130,183,0,18
488,2026-07-24 10:15:07,7482.25,76,112,0,0
488,2026-07-24 10:15:07,7482.5,92,82,0,0
488,2026-07-24 10:15:07,7482.75,91,90,10,0
488,2026-07-24 10:15:07,7483,56,101,0,23
488,2026-07-24 10:15:07,7483.25,74,93,0,13
488,2026-07-24 10:15:07,7483.5,41,50,0,0
488,2026-07-24 10:15:07,7483.75,106,55,0,0
488,2026-07-24 10:15:07,7484,123,137,10,0
488,2026-07-24 10:15:07,7484.25,164,218,0,0
488,2026-07-24 10:15:07,7484.5,131,168,0,0
488,2026-07-24 10:15:07,7484.75,78,124,0,0
488,2026-07-24 10:15:07,7485,81,148,0,0
488,2026-07-24 10:15:07,7485.25,38,53,0,0
488,2026-07-24 10:15:07,7485.5,57,51,0,0
488,2026-07-24 10:15:07,7485.75,238,133,71,19
488,2026-07-24 10:15:07,7486,166,236,0,55
488,2026-07-24 10:15:07,7486.25,102,128,0,0
488,2026-07-24 10:15:07,7486.5,73,83,0,0
488,2026-07-24 10:15:07,7486.75,37,57,0,0
488,2026-07-24 10:15:07,7480.5,114,258,0,51
488,2026-07-24 10:15:07,7480.25,106,124,0,0
488,2026-07-24 10:15:07,7480,98,34,0,0
488,2026-07-24 10:15:07,7479.75,1,0,0,0
488,2026-07-24 10:15:07,7487,10,87,0,35
488,2026-07-24 10:15:07,7487.25,20,14,0,0
488,2026-07-24 10:15:07,7487.5,0,2,0,0
489,2026-07-24 10:15:39,7485,64,62,0,0
489,2026-07-24 10:15:39,7485.25,32,67,0,0
489,2026-07-24 10:15:39,7484.75,62,57,0,0
489,2026-07-24 10:15:39,7484.5,95,85,0,0
489,2026-07-24 10:15:39,7484.25,144,129,20,21
489,2026-07-24 10:15:39,7485.5,163,86,12,0
489,2026-07-24 10:15:39,7485.75,68,100,0,16
489,2026-07-24 10:15:39,7486,78,114,0,22
489,2026-07-24 10:15:39,7486.25,105,125,0,0
489,2026-07-24 10:15:39,7486.5,114,98,0,0
489,2026-07-24 10:15:39,7486.75,140,130,0,0
489,2026-07-24 10:15:39,7487,140,193,10,0
489,2026-07-24 10:15:39,7487.25,181,233,12,0
489,2026-07-24 10:15:39,7487.5,328,226,101,0
489,2026-07-24 10:15:39,7487.75,193,564,0,323
489,2026-07-24 10:15:39,7488,101,220,10,62
489,2026-07-24 10:15:39,7488.25,151,121,0,0
489,2026-07-24 10:15:39,7488.5,244,209,0,54
489,2026-07-24 10:15:39,7488.75,165,225,0,44
489,2026-07-24 10:15:39,7489,133,117,0,0
489,2026-07-24 10:15:39,7489.25,118,170,0,43
489,2026-07-24 10:15:39,7489.5,0,29,0,0
489,2026-07-24 10:15:39,7484,86,81,0,0
489,2026-07-24 10:15:39,7483.75,42,19,0,0
489,2026-07-24 10:15:39,7483.5,27,17,0,0
489,2026-07-24 10:15:39,7483.25,48,0,0,0
490,2026-07-24 10:16:17,7483.75,219,149,0,10
490,2026-07-24 10:16:17,7483.5,372,406,57,137
490,2026-07-24 10:16:17,7484,158,194,12,20
490,2026-07-24 10:16:17,7484.25,22,65,0,0
490,2026-07-24 10:16:17,7484.5,0,1,0,0
490,2026-07-24 10:16:17,7483.25,360,316,0,0
490,2026-07-24 10:16:17,7483,394,228,10,0
490,2026-07-24 10:16:17,7482.75,252,198,15,0
490,2026-07-24 10:16:17,7482.5,218,160,0,0
490,2026-07-24 10:16:17,7482.25,154,96,10,0
490,2026-07-24 10:16:17,7482,134,151,0,0
490,2026-07-24 10:16:17,7481.75,170,176,0,32
490,2026-07-24 10:16:17,7481.5,228,207,10,0
490,2026-07-24 10:16:17,7481.25,235,179,0,10
490,2026-07-24 10:16:17,7481,182,177,0,10
490,2026-07-24 10:16:17,7480.75,124,31,0,0
490,2026-07-24 10:16:17,7480.5,39,2,0,0
490,2026-07-24 10:16:17,7480.25,40,9,12,0
490,2026-07-24 10:16:17,7480,79,37,10,0
490,2026-07-24 10:16:17,7479.75,72,43,0,0
490,2026-07-24 10:16:17,7479.5,40,27,0,0
490,2026-07-24 10:16:17,7479.25,81,57,0,0
490,2026-07-24 10:16:17,7479,19,0,0,0
491,2026-07-24 10:17:47,7480,95,63,0,0
491,2026-07-24 10:17:47,7480.25,194,120,0,0
491,2026-07-24 10:17:47,7480.5,175,209,0,0
491,2026-07-24 10:17:47,7479.75,39,13,10,0
491,2026-07-24 10:17:47,7480.75,127,147,0,77
491,2026-07-24 10:17:47,7479.5,19,58,0,0
491,2026-07-24 10:17:47,7479.25,59,68,0,0
491,2026-07-24 10:17:47,7479,162,89,0,0
491,2026-07-24 10:17:47,7478.75,163,116,0,0
491,2026-07-24 10:17:47,7478.5,257,294,0,93
491,2026-07-24 10:17:47,7478.25,277,193,0,0
491,2026-07-24 10:17:47,7478,363,211,146,50
491,2026-07-24 10:17:47,7477.75,106,59,0,0
491,2026-07-24 10:17:47,7481,94,182,0,0
491,2026-07-24 10:17:47,7481.25,58,113,0,46
491,2026-07-24 10:17:47,7481.5,45,76,0,0
491,2026-07-24 10:17:47,7481.75,0,3,0,0
491,2026-07-24 10:17:47,7477.5,99,91,0,38
491,2026-07-24 10:17:47,7477.25,150,81,0,0
491,2026-07-24 10:17:47,7477,145,99,34,40
491,2026-07-24 10:17:47,7476.75,95,64,10,0
491,2026-07-24 10:17:47,7476.5,211,252,0,25
491,2026-07-24 10:17:47,7476.25,256,153,10,0
491,2026-07-24 10:17:47,7476,191,88,0,0
491,2026-07-24 10:17:47,7475.75,113,71,0,0
491,2026-07-24 10:17:47,7475.5,35,17,0,0
491,2026-07-24 10:17:47,7475.25,25,0,0,0
491,2026-07-24 10:17:47,7475,17,0,0,0
492,2026-07-24 10:19:13,7479.25,72,144,0,42
492,2026-07-24 10:19:13,7479.5,28,97,0,10
492,2026-07-24 10:19:13,7479,209,163,63,16
492,2026-07-24 10:19:13,7478.75,158,137,0,0
492,2026-07-24 10:19:13,7478.5,93,103,0,0
492,2026-07-24 10:19:13,7478.25,71,80,0,0
492,2026-07-24 10:19:13,7478,56,37,0,0
492,2026-07-24 10:19:13,7477.75,74,85,0,0
492,2026-07-24 10:19:13,7477.5,67,82,0,10
492,2026-07-24 10:19:13,7477.25,114,125,0,37
492,2026-07-24 10:19:13,7477,105,66,0,0
492,2026-07-24 10:19:13,7476.75,23,97,0,41
492,2026-07-24 10:19:13,7476.5,37,26,0,0
492,2026-07-24 10:19:13,7476.25,38,14,0,0
492,2026-07-24 10:19:13,7476,42,111,0,22
492,2026-07-24 10:19:13,7475.75,106,43,0,0
492,2026-07-24 10:19:13,7475.5,138,166,30,81
492,2026-07-24 10:19:13,7475.25,53,26,0,0
492,2026-07-24 10:19:13,7475,108,60,20,0
492,2026-07-24 10:19:13,7474.75,33,26,0,0
492,2026-07-24 10:19:13,7474.5,95,116,15,10
492,2026-07-24 10:19:13,7474.25,176,200,0,0
492,2026-07-24 10:19:13,7474,237,140,0,0
492,2026-07-24 10:19:13,7473.75,118,61,0,0
492,2026-07-24 10:19:13,7473.5,114,56,0,0
492,2026-07-24 10:19:13,7473.25,172,131,0,0
492,2026-07-24 10:19:13,7473,218,89,0,0
492,2026-07-24 10:19:13,7472.75,137,19,14,0
492,2026-07-24 10:19:13,7472.5,60,11,0,10
492,2026-07-24 10:19:13,7472.25,168,0,132,0
492,2026-07-24 10:19:13,7479.75,1,67,0,38
492,2026-07-24 10:19:13,7480,0,23,0,0
492,2026-07-24 10:19:13,7480.25,33,11,0,0
492,2026-07-24 10:19:13,7480.5,29,79,0,46
492,2026-07-24 10:19:13,7480.75,27,79,0,0
492,2026-07-24 10:19:13,7481,57,90,0,0
492,2026-07-24 10:19:13,7481.25,84,118,0,0
492,2026-07-24 10:19:13,7481.5,40,97,0,25
492,2026-07-24 10:19:13,7481.75,0,34,0,11
493,2026-07-24 10:20:32,7481.25,400,405,12,17
493,2026-07-24 10:20:32,7481,643,487,34,61
493,2026-07-24 10:20:32,7481.5,366,352,28,0
493,2026-07-24 10:20:32,7481.75,320,306,0,35
493,2026-07-24 10:20:32,7480.75,453,266,0,10
493,2026-07-24 10:20:32,7482,216,292,0,0
493,2026-07-24 10:20:32,7480.5,220,172,0,0
493,2026-07-24 10:20:32,7480.25,114,45,0,0
493,2026-07-24 10:20:32,7480,114,104,0,0
493,2026-07-24 10:20:32,7479.75,52,9,0,0
493,2026-07-24 10:20:32,7479.5,22,7,0,0
493,2026-07-24 10:20:32,7482.25,76,205,0,42
493,2026-07-24 10:20:32,7482.5,66,49,0,0
493,2026-07-24 10:20:32,7482.75,174,165,0,54
493,2026-07-24 10:20:32,7483,171,152,0,0
493,2026-07-24 10:20:32,7483.25,24,53,0,12
494,2026-07-24 10:22:56,7481.75,10,9,0,0
494,2026-07-24 10:22:56,7481.5,38,23,0,0
494,2026-07-24 10:22:56,7481.25,44,12,0,0
494,2026-07-24 10:22:56,7482,35,24,0,0
494,2026-07-24 10:22:56,7482.25,13,62,0,0
494,2026-07-24 10:22:56,7482.5,31,19,0,0
494,2026-07-24 10:22:56,7482.75,131,101,0,0
494,2026-07-24 10:22:56,7483,153,131,0,0
494,2026-07-24 10:22:56,7483.25,208,161,0,0
494,2026-07-24 10:22:56,7483.5,301,217,24,10
494,2026-07-24 10:22:56,7483.75,232,181,0,27
494,2026-07-24 10:22:56,7484,279,363,10,47
494,2026-07-24 10:22:56,7484.25,337,254,0,0
494,2026-07-24 10:22:56,7484.5,528,591,0,0
494,2026-07-24 10:22:56,7484.75,403,371,10,0
494,2026-07-24 10:22:56,7485,324,389,44,85
494,2026-07-24 10:22:56,7485.25,154,111,0,0
494,2026-07-24 10:22:56,7485.5,39,143,0,43
494,2026-07-24 10:22:56,7485.75,40,34,0,0
494,2026-07-24 10:22:56,7486,0,4,0,0
495,2026-07-24 10:25:04,7483.75,2,14,0,0
495,2026-07-24 10:25:04,7484,56,24,0,0
495,2026-07-24 10:25:04,7484.25,120,102,0,0
495,2026-07-24 10:25:04,7484.5,139,113,0,12
495,2026-07-24 10:25:04,7484.75,263,171,11,0
495,2026-07-24 10:25:04,7485,187,183,0,0
495,2026-07-24 10:25:04,7485.25,246,170,10,10
495,2026-07-24 10:25:04,7485.5,243,288,10,0
495,2026-07-24 10:25:04,7485.75,114,184,0,0
495,2026-07-24 10:25:04,7486,191,193,0,18
495,2026-07-24 10:25:04,7486.25,430,331,0,57
495,2026-07-24 10:25:04,7486.5,429,485,0,0
495,2026-07-24 10:25:04,7486.75,376,384,28,0
495,2026-07-24 10:25:04,7487,182,236,0,0
495,2026-07-24 10:25:04,7487.25,117,174,10,0
495,2026-07-24 10:25:04,7487.5,100,107,0,0
495,2026-07-24 10:25:04,7487.75,57,81,0,0
495,2026-07-24 10:25:04,7488,0,8,0,0
496,2026-07-24 10:27:37,7487.5,435,356,0,0
496,2026-07-24 10:27:37,7487.25,161,61,0,0
496,2026-07-24 10:27:37,7487.75,244,327,0,0
496,2026-07-24 10:27:37,7488,129,141,0,0
496,2026-07-24 10:27:37,7487,94,100,0,0
496,2026-07-24 10:27:37,7486.75,113,45,0,0
496,2026-07-24 10:27:37,7488.25,80,100,0,10
496,2026-07-24 10:27:37,7488.5,74,57,0,0
496,2026-07-24 10:27:37,7488.75,145,94,15,0
496,2026-07-24 10:27:37,7489,92,268,0,108
496,2026-07-24 10:27:37,7489.25,239,139,13,14
496,2026-07-24 10:27:37,7489.5,197,193,0,0
496,2026-07-24 10:27:37,7489.75,391,279,0,10
496,2026-07-24 10:27:37,7490,247,322,0,25
496,2026-07-24 10:27:37,7490.25,305,269,0,19
496,2026-07-24 10:27:37,7490.5,224,232,0,0
496,2026-07-24 10:27:37,7490.75,60,146,10,0
496,2026-07-24 10:27:37,7491,0,30,0,0
496,2026-07-24 10:27:37,7486.5,14,0,0,0
496,2026-07-24 10:27:37,7486.25,18,13,0,0
496,2026-07-24 10:27:37,7486,32,24,0,0
496,2026-07-24 10:27:37,7485.75,8,0,0,0
497,2026-07-24 10:29:07,7485.75,143,145,0,0
497,2026-07-24 10:29:07,7485.5,153,150,0,0
497,2026-07-24 10:29:07,7485.25,218,358,0,129
497,2026-07-24 10:29:07,7486,142,128,0,0
497,2026-07-24 10:29:07,7486.25,263,173,0,0
497,2026-07-24 10:29:07,7486.5,310,254,0,0
497,2026-07-24 10:29:07,7486.75,186,176,0,0
497,2026-07-24 10:29:07,7487,31,54,0,0
497,2026-07-24 10:29:07,7487.25,0,4,0,0
497,2026-07-24 10:29:07,7485,381,266,47,0
497,2026-07-24 10:29:07,7484.75,305,226,0,0
497,2026-07-24 10:29:07,7484.5,249,254,15,0
497,2026-07-24 10:29:07,7484.25,267,182,10,0
497,2026-07-24 10:29:07,7484,193,89,0,0
497,2026-07-24 10:29:07,7483.75,151,181,0,21
497,2026-07-24 10:29:07,7483.5,193,227,0,0
497,2026-07-24 10:29:07,7483.25,203,96,46,0
497,2026-07-24 10:29:07,7483,68,52,0,0
497,2026-07-24 10:29:07,7482.75,26,5,0,0
498,2026-07-24 10:30:29,7485.5,137,145,0,0
498,2026-07-24 10:30:29,7485.25,138,74,10,0
498,2026-07-24 10:30:29,7485,62,28,0,0
498,2026-07-24 10:30:29,7485.75,74,86,0,0
498,2026-07-24 10:30:29,7486,109,83,0,0
498,2026-07-24 10:30:29,7484.75,78,99,0,0
498,2026-07-24 10:30:29,7484.5,160,191,0,0
498,2026-07-24 10:30:29,7484.25,152,172,0,0
498,2026-07-24 10:30:29,7484,288,274,0,20
498,2026-07-24 10:30:29,7483.75,338,245,10,52
498,2026-07-24 10:30:29,7483.5,119,115,0,0
498,2026-07-24 10:30:29,7486.25,38,92,0,14
498,2026-07-24 10:30:29,7486.5,94,94,0,10
498,2026-07-24 10:30:29,7486.75,250,242,10,0
498,2026-07-24 10:30:29,7487,304,348,0,0
498,2026-07-24 10:30:29,7487.25,249,302,0,0
498,2026-07-24 10:30:29,7487.5,218,262,0,0
498,2026-07-24 10:30:29,7487.75,165,103,12,0
498,2026-07-24 10:30:29,7488,127,110,12,0
498,2026-07-24 10:30:29,7488.25,16,32,0,0
498,2026-07-24 10:30:29,7488.5,0,6,0,0
498,2026-07-24 10:30:29,7483.25,103,105,10,0
498,2026-07-24 10:30:29,7483,47,9,0,0
498,2026-07-24 10:30:29,7482.75,17,0,0,0
499,2026-07-24 10:32:59,7482.75,312,323,0,46
499,2026-07-24 10:32:59,7483,164,214,0,0
499,2026-07-24 10:32:59,7482.5,456,384,15,0
499,2026-07-24 10:32:59,7483.25,197,133,0,0
499,2026-07-24 10:32:59,7483.5,125,154,17,10
499,2026-07-24 10:32:59,7483.75,50,78,0,0
499,2026-07-24 10:32:59,7484,50,86,0,0
499,2026-07-24 10:32:59,7484.25,36,27,0,0
499,2026-07-24 10:32:59,7484.5,9,27,0,0
499,2026-07-24 10:32:59,7482.25,254,145,0,0
499,2026-07-24 10:32:59,7482,183,132,0,0
499,2026-07-24 10:32:59,7481.75,216,133,25,0
499,2026-07-24 10:32:59,7481.5,230,117,43,0
499,2026-07-24 10:32:59,7481.25,268,215,21,0
499,2026-07-24 10:32:59,7481,267,130,60,0
499,2026-07-24 10:32:59,7480.75,217,184,61,40
499,2026-07-24 10:32:59,7480.5,172,169,0,0
499,2026-07-24 10:32:59,7480.25,258,98,50,0
499,2026-07-24 10:32:59,7480,152,45,14,0
499,2026-07-24 10:32:59,7479.75,34,11,0,0
499,2026-07-24 10:32:59,7479.5,37,8,0,0
500,2026-07-24 10:35:07,7480,48,93,0,0
500,2026-07-24 10:35:07,7480.25,18,58,0,0
500,2026-07-24 10:35:07,7479.75,30,20,0,0
500,2026-07-24 10:35:07,7479.5,2,0,0,0
500,2026-07-24 10:35:07,7480.5,56,50,0,0
500,2026-07-24 10:35:07,7480.75,115,102,0,0
500,2026-07-24 10:35:07,7481,138,96,0,0
500,2026-07-24 10:35:07,7481.25,166,135,0,10
500,2026-07-24 10:35:07,7481.5,209,161,11,0
500,2026-07-24 10:35:07,7481.75,132,115,0,0
500,2026-07-24 10:35:07,7482,168,135,10,0
500,2026-07-24 10:35:07,7482.25,169,186,10,0
500,2026-07-24 10:35:07,7482.5,387,351,0,23
500,2026-07-24 10:35:07,7482.75,264,373,0,10
500,2026-07-24 10:35:07,7483,133,208,0,0
500,2026-07-24 10:35:07,7483.25,129,99,0,0
500,2026-07-24 10:35:07,7483.5,164,159,20,10
500,2026-07-24 10:35:07,7483.75,117,173,0,0
500,2026-07-24 10:35:07,7484,131,202,0,0
500,2026-07-24 10:35:07,7484.25,47,73,0,0
500,2026-07-24 10:35:07,7484.5,149,158,0,0
500,2026-07-24 10:35:07,7484.75,309,255,64,0
500,2026-07-24 10:35:07,7485,54,135,0,0
500,2026-07-24 10:35:07,7485.25,8,17,0,0
500,2026-07-24 10:35:07,7485.5,0,3,0,0
501,2026-07-24 10:37:43,7484.75,62,89,0,0
501,2026-07-24 10:37:43,7485,42,77,0,0
501,2026-07-24 10:37:43,7484.5,20,16,0,0
501,2026-07-24 10:37:43,7485.25,54,67,0,0
501,2026-07-24 10:37:43,7485.5,95,111,0,0
501,2026-07-24 10:37:43,7485.75,91,93,0,0
501,2026-07-24 10:37:43,7486,178,193,0,0
501,2026-07-24 10:37:43,7486.25,113,202,0,11
501,2026-07-24 10:37:43,7486.5,174,218,0,0
501,2026-07-24 10:37:43,7486.75,111,254,0,0
501,2026-07-24 10:37:43,7487,66,104,0,0
501,2026-07-24 10:37:43,7487.25,24,40,0,0
501,2026-07-24 10:37:43,7487.5,60,84,0,0
501,2026-07-24 10:37:43,7487.75,18,38,0,0
501,2026-07-24 10:37:43,7488,4,17,0,0
501,2026-07-24 10:37:43,7488.25,50,45,0,0
501,2026-07-24 10:37:43,7488.5,69,61,0,0
501,2026-07-24 10:37:43,7488.75,98,132,0,0
501,2026-07-24 10:37:43,7489,58,103,0,0
501,2026-07-24 10:37:43,7489.25,128,151,0,0
501,2026-07-24 10:37:43,7489.5,299,337,0,13
501,2026-07-24 10:37:43,7489.75,295,506,0,140
501,2026-07-24 10:37:43,7490,407,356,76,0
501,2026-07-24 10:37:43,7490.25,125,190,0,10
501,2026-07-24 10:37:43,7490.5,116,203,0,10
501,2026-07-24 10:37:43,7490.75,25,31,0,0
502,2026-07-24 10:39:56,7490.5,235,304,0,0
502,2026-07-24 10:39:56,7490.25,237,251,0,0
502,2026-07-24 10:39:56,7490,279,46,81,0
502,2026-07-24 10:39:56,7490.75,289,203,0,0
502,2026-07-24 10:39:56,7491,177,248,0,18
502,2026-07-24 10:39:56,7491.25,190,244,0,10
502,2026-07-24 10:39:56,7491.5,142,229,0,0
502,2026-07-24 10:39:56,7491.75,27,82,0,0
502,2026-07-24 10:39:56,7492,0,32,0,0
502,2026-07-24 10:39:56,7489.75,116,123,10,41
502,2026-07-24 10:39:56,7489.5,160,113,0,0
502,2026-07-24 10:39:56,7489.25,122,106,0,0
502,2026-07-24 10:39:56,7489,149,102,16,0
502,2026-07-24 10:39:56,7488.75,116,101,0,0
502,2026-07-24 10:39:56,7488.5,89,78,24,0
502,2026-07-24 10:39:56,7488.25,123,79,0,0
502,2026-07-24 10:39:56,7488,103,24,0,0
502,2026-07-24 10:39:56,7487.75,59,9,0,0
502,2026-07-24 10:39:56,7487.5,9,0,0,0
502,2026-07-24 10:39:56,7487.25,17,3,0,0
502,2026-07-24 10:39:56,7487,46,33,0,0
502,2026-07-24 10:39:56,7486.75,75,85,0,0
502,2026-07-24 10:39:56,7486.5,119,120,0,0
502,2026-07-24 10:39:56,7486.25,124,95,0,0
502,2026-07-24 10:39:56,7486,122,50,13,0
502,2026-07-24 10:39:56,7485.75,142,80,0,0
502,2026-07-24 10:39:56,7485.5,121,95,0,0
502,2026-07-24 10:39:56,7485.25,74,59,10,0
502,2026-07-24 10:39:56,7485,20,24,0,0
503,2026-07-24 10:41:22,7486.25,271,267,0,0
503,2026-07-24 10:41:22,7486,635,535,30,0
503,2026-07-24 10:41:22,7486.5,290,276,20,0
503,2026-07-24 10:41:22,7485.75,559,388,19,32
503,2026-07-24 10:41:22,7485.5,201,118,0,0
503,2026-07-24 10:41:22,7485.25,159,120,0,0
503,2026-07-24 10:41:22,7486.75,101,143,0,0
503,2026-07-24 10:41:22,7487,41,65,0,13
503,2026-07-24 10:41:22,7487.25,60,47,0,16
503,2026-07-24 10:41:22,7487.5,9,19,0,0
503,2026-07-24 10:41:22,7485,213,118,0,0
503,2026-07-24 10:41:22,7484.75,171,239,0,0
503,2026-07-24 10:41:22,7484.5,319,292,0,0
503,2026-07-24 10:41:22,7484.25,274,147,117,0
503,2026-07-24 10:41:22,7484,131,89,29,10
503,2026-07-24 10:41:22,7483.75,19,53,0,0
503,2026-07-24 10:41:22,7483.5,54,74,0,0
503,2026-07-24 10:41:22,7483.25,3,0,0,0
504,2026-07-24 10:43:31,7484.5,80,191,0,16
504,2026-07-24 10:43:31,7484.25,135,203,0,26
504,2026-07-24 10:43:31,7484,75,91,0,20
504,2026-07-24 10:43:31,7484.75,62,124,0,10
504,2026-07-24 10:43:31,7483.75,83,91,0,0
504,2026-07-24 10:43:31,7483.5,70,93,10,0
504,2026-07-24 10:43:31,7483.25,107,126,12,0
504,2026-07-24 10:43:31,7483,150,251,0,0
504,2026-07-24 10:43:31,7482.75,231,284,0,0
504,2026-07-24 10:43:31,7482.5,234,195,0,0
504,2026-07-24 10:43:31,7482.25,268,234,53,0
504,2026-07-24 10:43:31,7482,222,182,0,0
504,2026-07-24 10:43:31,7481.75,103,96,0,0
504,2026-07-24 10:43:31,7481.5,119,101,0,26
504,2026-07-24 10:43:31,7481.25,122,94,0,0
504,2026-07-24 10:43:31,7481,150,142,0,0
504,2026-07-24 10:43:31,7480.75,106,46,0,0
504,2026-07-24 10:43:31,7480.5,113,67,0,0
504,2026-07-24 10:43:31,7480.25,100,69,0,0
504,2026-07-24 10:43:31,7480,94,258,0,185
504,2026-07-24 10:43:31,7479.75,39,107,0,23
504,2026-07-24 10:43:31,7479.5,82,17,0,0
504,2026-07-24 10:43:31,7485,227,97,109,0
504,2026-07-24 10:43:31,7485.25,54,141,0,0
504,2026-07-24 10:43:31,7485.5,33,64,0,0
504,2026-07-24 10:43:31,7485.75,18,59,0,0
505,2026-07-24 10:45:37,7485.75,0,1,0,0
505,2026-07-24 10:45:37,7485.25,35,62,0,0
505,2026-07-24 10:45:37,7485.5,0,6,0,0
505,2026-07-24 10:45:37,7485,70,99,0,0
505,2026-07-24 10:45:37,7484.75,185,141,0,0
505,2026-07-24 10:45:37,7484.5,255,228,0,0
505,2026-07-24 10:45:37,7484.25,300,323,0,10
505,2026-07-24 10:45:37,7484,270,218,0,0
505,2026-07-24 10:45:37,7483.75,95,113,0,0
505,2026-07-24 10:45:37,7483.5,132,177,0,0
505,2026-07-24 10:45:37,7483.25,187,131,0,0
505,2026-07-24 10:45:37,7483,133,73,0,0
505,2026-07-24 10:45:37,7482.75,26,48,0,0
505,2026-07-24 10:45:37,7482.5,119,111,0,0
505,2026-07-24 10:45:37,7482.25,108,93,0,0
505,2026-07-24 10:45:37,7482,180,154,10,0
505,2026-07-24 10:45:37,7481.75,193,146,25,0
505,2026-07-24 10:45:37,7481.5,197,153,17,0
505,2026-07-24 10:45:37,7481.25,208,154,0,0
505,2026-07-24 10:45:37,7481,129,81,18,0
505,2026-07-24 10:45:37,7480.75,68,47,0,0
505,2026-07-24 10:45:37,7480.5,125,71,0,0
505,2026-07-24 10:45:37,7480.25,158,88,0,0
505,2026-07-24 10:45:37,7480,94,24,0,0
505,2026-07-24 10:45:37,7479.75,101,111,12,0
505,2026-07-24 10:45:37,7479.5,54,12,0,0
505,2026-07-24 10:45:37,7479.25,61,2,10,0
505,2026-07-24 10:45:37,7479,33,0,0,0
505,2026-07-24 10:45:37,7478.75,32,0,0,0
505,2026-07-24 10:45:37,7478.5,39,0,0,0
505,2026-07-24 10:45:37,7478.25,30,0,0,0
505,2026-07-24 10:45:37,7478,16,0,0,0
506,2026-07-24 10:48:56,7483,159,130,29,0
506,2026-07-24 10:48:56,7483.25,147,283,0,20
506,2026-07-24 10:48:56,7482.75,85,98,0,0
506,2026-07-24 10:48:56,7482.5,86,125,0,0
506,2026-07-24 10:48:56,7482.25,63,56,0,0
506,2026-07-24 10:48:56,7482,62,60,0,0
506,2026-07-24 10:48:56,7481.75,84,46,0,0
506,2026-07-24 10:48:56,7481.5,40,31,0,0
506,2026-07-24 10:48:56,7481.25,72,83,0,0
506,2026-07-24 10:48:56,7481,144,173,0,12
506,2026-07-24 10:48:56,7480.75,111,152,0,0
506,2026-07-24 10:48:56,7480.5,204,154,0,0
506,2026-07-24 10:48:56,7480.25,185,161,0,0
506,2026-07-24 10:48:56,7480,99,24,0,0
506,2026-07-24 10:48:56,7479.75,30,0,0,0
506,2026-07-24 10:48:56,7483.5,61,188,0,0
506,2026-07-24 10:48:56,7483.75,24,300,0,235
506,2026-07-24 10:48:56,7484,59,67,0,0
506,2026-07-24 10:48:56,7484.25,110,60,0,0
506,2026-07-24 10:48:56,7484.5,105,159,0,0
506,2026-07-24 10:48:56,7484.75,98,124,64,0
506,2026-07-24 10:48:56,7485,93,250,0,136
506,2026-07-24 10:48:56,7485.25,163,114,0,0
506,2026-07-24 10:48:56,7485.5,144,206,0,0
506,2026-07-24 10:48:56,7485.75,141,131,0,0
506,2026-07-24 10:48:56,7486,189,272,28,39
506,2026-07-24 10:48:56,7486.25,65,68,0,0
506,2026-07-24 10:48:56,7486.5,22,32,0,0
506,2026-07-24 10:48:56,7486.75,62,37,0,0
506,2026-07-24 10:48:56,7487,0,9,0,0
507,2026-07-24 10:51:30,7485,171,203,0,0
507,2026-07-24 10:51:30,7485.25,200,138,0,0
507,2026-07-24 10:51:30,7484.75,177,191,0,0
507,2026-07-24 10:51:30,7484.5,187,237,0,0
507,2026-07-24 10:51:30,7484.25,267,252,0,0
507,2026-07-24 10:51:30,7484,217,152,0,0
507,2026-07-24 10:51:30,7483.75,131,139,12,0
507,2026-07-24 10:51:30,7483.5,132,100,0,0
507,2026-07-24 10:51:30,7483.25,78,69,0,0
507,2026-07-24 10:51:30,7483,113,51,10,0
507,2026-07-24 10:51:30,7482.75,107,99,0,0
507,2026-07-24 10:51:30,7482.5,221,162,0,0
507,2026-07-24 10:51:30,7482.25,178,229,0,0
507,2026-07-24 10:51:30,7482,283,173,0,0
507,2026-07-24 10:51:30,7481.75,152,134,0,0
507,2026-07-24 10:51:30,7481.5,163,75,0,0
507,2026-07-24 10:51:30,7481.25,137,36,75,0
507,2026-07-24 10:51:30,7481,176,0,138,0
507,2026-07-24 10:51:30,7485.5,95,108,0,0
507,2026-07-24 10:51:30,7485.75,84,114,0,0
507,2026-07-24 10:51:30,7486,131,165,0,0
507,2026-07-24 10:51:30,7486.25,66,114,0,0
507,2026-07-24 10:51:30,7486.5,39,52,0,0
507,2026-07-24 10:51:30,7486.75,0,2,0,0
508,2026-07-24 10:55:10,7484.75,13,0,0,0
508,2026-07-24 10:55:10,7485.25,38,23,0,0
508,2026-07-24 10:55:10,7485.5,32,38,0,0
508,2026-07-24 10:55:10,7485.75,76,79,0,0
508,2026-07-24 10:55:10,7486,134,150,0,0
508,2026-07-24 10:55:10,7486.25,184,202,0,0
508,2026-07-24 10:55:10,7486.5,258,276,0,0
508,2026-07-24 10:55:10,7486.75,216,242,0,10
508,2026-07-24 10:55:10,7487,306,285,46,0
508,2026-07-24 10:55:10,7487.25,394,305,62,0
508,2026-07-24 10:55:10,7487.5,268,352,0,0
508,2026-07-24 10:55:10,7487.75,479,459,40,36
508,2026-07-24 10:55:10,7488,200,509,0,153
508,2026-07-24 10:55:10,7488.25,83,228,0,10
508,2026-07-24 10:55:10,7488.5,60,109,0,0
508,2026-07-24 10:55:10,7488.75,38,459,0,200
509,2026-07-24 10:58:54,7488.75,448,452,27,86
509,2026-07-24 10:58:54,7488.5,334,207,68,0
509,2026-07-24 10:58:54,7489,369,1397,0,811
509,2026-07-24 10:58:54,7489.25,149,222,0,16
509,2026-07-24 10:58:54,7488.25,147,155,25,0
509,2026-07-24 10:58:54,7489.5,527,312,106,0
509,2026-07-24 10:58:54,7489.75,256,237,11,0
509,2026-07-24 10:58:54,7490,115,145,0,0
509,2026-07-24 10:58:54,7490.25,80,121,0,0
509,2026-07-24 10:58:54,7490.5,0,54,0,0
509,2026-07-24 10:58:54,7490.75,0,42,0,0
509,2026-07-24 10:58:54,7491,0,29,0,0
509,2026-07-24 10:58:54,7488,121,92,14,0
509,2026-07-24 10:58:54,7487.75,148,156,15,0
509,2026-07-24 10:58:54,7487.5,74,82,0,0
509,2026-07-24 10:58:54,7487.25,30,3,0,0
509,2026-07-24 10:58:54,7487,1,0,0,0
510,2026-07-24 11:00:49,7487.25,295,309,0,0
510,2026-07-24 11:00:49,7487.5,411,352,11,0
510,2026-07-24 11:00:49,7487,165,147,0,0
510,2026-07-24 11:00:49,7486.75,118,128,0,0
510,2026-07-24 11:00:49,7486.5,137,167,10,0
510,2026-07-24 11:00:49,7486.25,182,89,0,0
510,2026-07-24 11:00:49,7486,92,33,0,0
510,2026-07-24 11:00:49,7485.75,24,0,0,0
510,2026-07-24 11:00:49,7487.75,319,389,0,0
510,2026-07-24 11:00:49,7488,174,199,0,0
510,2026-07-24 11:00:49,7488.25,161,205,0,25
510,2026-07-24 11:00:49,7488.5,148,179,0,0
510,2026-07-24 11:00:49,7488.75,47,72,0,0
510,2026-07-24 11:00:49,7489,14,24,0,0
510,2026-07-24 11:00:49,7489.25,178,149,0,0
510,2026-07-24 11:00:49,7489.5,183,204,0,0
510,2026-07-24 11:00:49,7489.75,135,174,0,0
510,2026-07-24 11:00:49,7490,13,41,0,0
510,2026-07-24 11:00:49,7490.25,61,37,0,0
510,2026-07-24 11:00:49,7490.5,110,86,0,0
510,2026-07-24 11:00:49,7490.75,27,55,0,0
510,2026-07-24 11:00:49,7491,59,71,0,0
510,2026-07-24 11:00:49,7491.25,83,81,0,0
510,2026-07-24 11:00:49,7491.5,41,103,0,0
510,2026-07-24 11:00:49,7491.75,0,27,0,0
511,2026-07-24 11:04:53,7491.75,59,96,0,0
511,2026-07-24 11:04:53,7491.5,296,327,0,0
511,2026-07-24 11:04:53,7491.25,544,480,0,0
511,2026-07-24 11:04:53,7491,277,190,0,0
511,2026-07-24 11:04:53,7490.75,143,198,0,0
511,2026-07-24 11:04:53,7490.5,324,355,0,28
511,2026-07-24 11:04:53,7490.25,282,229,0,32
511,2026-07-24 11:04:53,7492,131,177,0,20
511,2026-07-24 11:04:53,7492.25,142,194,0,0
511,2026-07-24 11:04:53,7490,352,155,81,0
511,2026-07-24 11:04:53,7489.75,73,75,0,0
511,2026-07-24 11:04:53,7489.5,68,94,0,0
511,2026-07-24 11:04:53,7489.25,145,113,0,0
511,2026-07-24 11:04:53,7489,84,34,0,0
511,2026-07-24 11:04:53,7488.75,33,8,0,0
511,2026-07-24 11:04:53,7492.5,3,89,0,25
511,2026-07-24 11:04:53,7492.75,80,131,0,0
511,2026-07-24 11:04:53,7493,33,130,0,10
511,2026-07-24 11:04:53,7493.25,1,68,0,20
511,2026-07-24 11:04:53,7493.5,4,23,0,0
511,2026-07-24 11:04:53,7493.75,10,252,0,66
512,2026-07-24 11:07:55,7493.75,253,530,0,153
512,2026-07-24 11:07:55,7493.5,547,367,50,30
512,2026-07-24 11:07:55,7494,249,1244,0,875
512,2026-07-24 11:07:55,7494.25,174,268,0,0
512,2026-07-24 11:07:55,7494.5,89,197,0,0
512,2026-07-24 11:07:55,7494.75,110,162,0,0
512,2026-07-24 11:07:55,7495,0,151,0,72
512,2026-07-24 11:07:55,7493.25,285,252,0,0
512,2026-07-24 11:07:55,7493,426,315,10,0
512,2026-07-24 11:07:55,7492.75,371,189,10,0
512,2026-07-24 11:07:55,7492.5,171,41,0,0
512,2026-07-24 11:07:55,7492.25,64,0,10,0
512,2026-07-24 11:07:55,7492,45,0,12,0
513,2026-07-24 11:09:43,7492.25,148,109,11,0
513,2026-07-24 11:09:43,7492.5,90,104,0,0
513,2026-07-24 11:09:43,7492.75,89,121,0,0
513,2026-07-24 11:09:43,7492,68,49,11,0
513,2026-07-24 11:09:43,7493,48,67,0,18
513,2026-07-24 11:09:43,7493.25,66,26,0,0
513,2026-07-24 11:09:43,7493.5,203,76,0,20
513,2026-07-24 11:09:43,7493.75,338,326,18,0
513,2026-07-24 11:09:43,7494,166,209,0,0
513,2026-07-24 11:09:43,7494.25,152,127,0,35
513,2026-07-24 11:09:43,7494.5,294,224,0,0
513,2026-07-24 11:09:43,7494.75,360,237,21,0
513,2026-07-24 11:09:43,7495,179,268,0,18
513,2026-07-24 11:09:43,7495.25,141,152,0,0
513,2026-07-24 11:09:43,7495.5,234,303,33,49
513,2026-07-24 11:09:43,7495.75,391,413,10,0
513,2026-07-24 11:09:43,7496,184,255,19,0
513,2026-07-24 11:09:43,7496.25,105,102,0,0
513,2026-07-24 11:09:43,7496.5,20,56,0,0
514,2026-07-24 11:12:39,7493.5,6,14,0,0
514,2026-07-24 11:12:39,7493.25,54,141,0,132
514,2026-07-24 11:12:39,7493,82,55,0,0
514,2026-07-24 11:12:39,7492.75,136,92,0,0
514,2026-07-24 11:12:39,7492.5,208,182,0,0
514,2026-07-24 11:12:39,7492.25,124,73,0,0
514,2026-07-24 11:12:39,7492,34,52,0,0
514,2026-07-24 11:12:39,7491.75,124,58,21,0
514,2026-07-24 11:12:39,7491.5,290,177,105,0
514,2026-07-24 11:12:39,7491.25,134,112,0,0
514,2026-07-24 11:12:39,7491,154,54,25,0
514,2026-07-24 11:12:39,7490.75,244,124,100,0
514,2026-07-24 11:12:39,7490.5,175,127,0,0
514,2026-07-24 11:12:39,7490.25,128,57,41,0
514,2026-07-24 11:12:39,7490,242,175,24,21
514,2026-07-24 11:12:39,7489.75,143,67,18,0
514,2026-07-24 11:12:39,7489.5,218,213,0,0
514,2026-07-24 11:12:39,7489.25,267,228,0,0
514,2026-07-24 11:12:39,7489,243,166,0,0
514,2026-07-24 11:12:39,7488.75,191,87,0,0
514,2026-07-24 11:12:39,7488.5,122,120,0,0
514,2026-07-24 11:12:39,7488.25,223,186,0,0
514,2026-07-24 11:12:39,7488,122,11,0,0
514,2026-07-24 11:12:39,7487.75,214,0,141,0
514,2026-07-24 11:12:39,7487.5,45,0,0,0
514,2026-07-24 11:12:39,7487.25,6,0,0,0
515,2026-07-24 11:14:37,7488.25,261,198,0,0
515,2026-07-24 11:14:37,7488.5,356,377,0,0
515,2026-07-24 11:14:37,7488.75,474,356,0,0
515,2026-07-24 11:14:37,7489,525,539,0,50
515,2026-07-24 11:14:37,7489.25,461,592,0,0
515,2026-07-24 11:14:37,7489.5,251,340,0,14
515,2026-07-24 11:14:37,7489.75,70,81,0,0
515,2026-07-24 11:14:37,7490,89,113,0,0
515,2026-07-24 11:14:37,7488,96,70,0,0
515,2026-07-24 11:14:37,7487.75,119,172,0,51
515,2026-07-24 11:14:37,7487.5,23,0,0,0
515,2026-07-24 11:14:37,7490.25,17,58,0,12
515,2026-07-24 11:14:37,7490.5,105,96,0,10
515,2026-07-24 11:14:37,7490.75,179,192,0,0
515,2026-07-24 11:14:37,7491,26,78,0,0
515,2026-07-24 11:14:37,7491.25,19,40,0,0
515,2026-07-24 11:14:37,7491.5,42,69,0,0
515,2026-07-24 11:14:37,7491.75,0,16,0,0
516,2026-07-24 11:18:59,7490.5,64,70,0,19
516,2026-07-24 11:18:59,7490.25,74,73,0,0
516,2026-07-24 11:18:59,7490,28,12,0,0
516,2026-07-24 11:18:59,7490.75,134,140,0,0
516,2026-07-24 11:18:59,7491,265,317,0,0
516,2026-07-24 11:18:59,7491.25,142,279,0,0
516,2026-07-24 11:18:59,7491.5,472,462,0,0
516,2026-07-24 11:18:59,7491.75,493,521,0,0
516,2026-07-24 11:18:59,7492,289,496,57,78
516,2026-07-24 11:18:59,7492.25,144,374,0,49
516,2026-07-24 11:18:59,7492.5,141,299,0,151
516,2026-07-24 11:18:59,7492.75,98,151,0,0
516,2026-07-24 11:18:59,7493,40,140,0,50
516,2026-07-24 11:18:59,7493.25,151,102,0,0
516,2026-07-24 11:18:59,7493.5,141,174,11,0
516,2026-07-24 11:18:59,7493.75,75,132,0,0
516,2026-07-24 11:18:59,7494,0,7,0,0
517,2026-07-24 11:22:44,7493.25,475,364,17,14
517,2026-07-24 11:22:44,7493.5,534,452,17,0
517,2026-07-24 11:22:44,7493.75,344,377,11,0
517,2026-07-24 11:22:44,7494,368,335,0,0
517,2026-07-24 11:22:44,7494.25,270,427,0,0
517,2026-07-24 11:22:44,7494.5,230,283,0,0
517,2026-07-24 11:22:44,7493,274,279,0,0
517,2026-07-24 11:22:44,7492.75,294,199,0,0
517,2026-07-24 11:22:44,7492.5,181,92,0,0
517,2026-07-24 11:22:44,7492.25,90,137,0,35
517,2026-07-24 11:22:44,7492,72,34,0,0
517,2026-07-24 11:22:44,7491.75,5,0,0,0
517,2026-07-24 11:22:44,7494.75,76,147,0,0
517,2026-07-24 11:22:44,7495,33,116,0,0
517,2026-07-24 11:22:44,7495.25,0,12,0,0
518,2026-07-24 11:28:08,7493.5,45,53,0,0
518,2026-07-24 11:28:08,7493.25,77,66,0,0
518,2026-07-24 11:28:08,7493,225,251,0,13
518,2026-07-24 11:28:08,7492.75,364,374,0,25
518,2026-07-24 11:28:08,7492.5,250,131,0,14
518,2026-07-24 11:28:08,7493.75,30,45,0,0
518,2026-07-24 11:28:08,7492.25,155,165,10,0
518,2026-07-24 11:28:08,7492,189,153,0,11
518,2026-07-24 11:28:08,7491.75,196,51,94,0
518,2026-07-24 11:28:08,7491.5,107,74,0,0
518,2026-07-24 11:28:08,7491.25,106,24,19,0
518,2026-07-24 11:28:08,7491,79,20,23,0
518,2026-07-24 11:28:08,7490.75,49,22,15,0
518,2026-07-24 11:28:08,7490.5,80,0,20,0
518,2026-07-24 11:28:08,7490.25,35,72,0,10
518,2026-07-24 11:28:08,7490,72,89,0,17
518,2026-07-24 11:28:08,7489.75,36,0,0,0
518,2026-07-24 11:28:08,7489.5,40,143,0,70
518,2026-07-24 11:28:08,7489.25,92,52,0,0
518,2026-07-24 11:28:08,7489,87,35,0,0
518,2026-07-24 11:28:08,7488.75,36,49,0,0
518,2026-07-24 11:28:08,7488.5,114,87,0,0
518,2026-07-24 11:28:08,7488.25,215,176,0,0
518,2026-07-24 11:28:08,7488,232,418,0,148
518,2026-07-24 11:28:08,7487.75,165,87,0,0
518,2026-07-24 11:28:08,7487.5,72,310,0,60
518,2026-07-24 11:28:08,7487.25,152,84,0,0
518,2026-07-24 11:28:08,7487,60,0,0,0
518,2026-07-24 11:28:08,7486.75,26,0,0,0
519,2026-07-24 11:30:47,7487,223,55,188,0
519,2026-07-24 11:30:47,7486.75,105,152,0,0
519,2026-07-24 11:30:47,7486.5,271,352,26,15
519,2026-07-24 11:30:47,7486.25,274,310,10,33
519,2026-07-24 11:30:47,7486,657,592,55,0
519,2026-07-24 11:30:47,7485.75,505,415,24,23
519,2026-07-24 11:30:47,7485.5,234,580,0,185
519,2026-07-24 11:30:47,7485.25,473,409,25,10
519,2026-07-24 11:30:47,7485,267,148,90,0
519,2026-07-24 11:30:47,7484.75,85,77,0,0
519,2026-07-24 11:30:47,7484.5,115,64,0,0
519,2026-07-24 11:30:47,7484.25,45,69,0,0
519,2026-07-24 11:30:47,7484,8,0,0,0
519,2026-07-24 11:30:47,7487.25,18,67,0,0
519,2026-07-24 11:30:47,7487.5,0,11,0,0
520,2026-07-24 11:31:25,7486,456,597,24,51
520,2026-07-24 11:31:25,7486.25,396,502,0,0
520,2026-07-24 11:31:25,7486.5,230,405,16,42
520,2026-07-24 11:31:25,7486.75,131,145,0,0
520,2026-07-24 11:31:25,7485.75,382,713,34,181
520,2026-07-24 11:31:25,7485.5,372,276,65,80
520,2026-07-24 11:31:25,7485.25,190,190,0,10
520,2026-07-24 11:31:25,7487,0,12,0,0
520,2026-07-24 11:31:25,7485,232,218,52,38
520,2026-07-24 11:31:25,7484.75,177,153,50,0
520,2026-07-24 11:31:25,7484.5,127,48,0,0
520,2026-07-24 11:31:25,7484.25,88,382,0,200
520,2026-07-24 11:31:25,7484,57,14,0,0
521,2026-07-24 11:33:37,7484,314,168,117,0
521,2026-07-24 11:33:37,7483.75,284,263,77,0
521,2026-07-24 11:33:37,7483.5,291,818,0,306
521,2026-07-24 11:33:37,7483.25,245,162,0,0
521,2026-07-24 11:33:37,7484.25,208,312,0,0
521,2026-07-24 11:33:37,7483,79,47,0,0
521,2026-07-24 11:33:37,7482.75,144,0,64,0
521,2026-07-24 11:33:37,7482.5,12,0,0,0
521,2026-07-24 11:33:37,7484.5,94,206,0,0
521,2026-07-24 11:33:37,7484.75,163,115,10,0
521,2026-07-24 11:33:37,7485,376,432,69,81
521,2026-07-24 11:33:37,7485.25,277,351,28,0
521,2026-07-24 11:33:37,7485.5,256,311,0,0
521,2026-07-24 11:33:37,7485.75,50,123,0,32
521,2026-07-24 11:33:37,7486,52,72,0,0
521,2026-07-24 11:33:37,7486.25,95,95,0,0
521,2026-07-24 11:33:37,7486.5,21,39,0,0
521,2026-07-24 11:33:37,7486.75,11,20,0,0
521,2026-07-24 11:33:37,7487,0,3,0,0
522,2026-07-24 11:36:25,7486.5,7,0,0,0
522,2026-07-24 11:36:25,7486.25,53,156,0,37
522,2026-07-24 11:36:25,7486,84,102,0,0
522,2026-07-24 11:36:25,7485.75,143,103,0,0
522,2026-07-24 11:36:25,7485.5,78,76,0,0
522,2026-07-24 11:36:25,7485.25,77,81,0,0
522,2026-07-24 11:36:25,7485,161,178,20,0
522,2026-07-24 11:36:25,7484.75,102,120,0,0
522,2026-07-24 11:36:25,7484.5,219,267,0,0
522,2026-07-24 11:36:25,7484.25,199,182,0,0
522,2026-07-24 11:36:25,7484,261,138,93,0
522,2026-07-24 11:36:25,7483.75,123,105,0,0
522,2026-07-24 11:36:25,7483.5,208,169,0,0
522,2026-07-24 11:36:25,7483.25,201,101,85,0
522,2026-07-24 11:36:25,7483,58,24,13,0
522,2026-07-24 11:36:25,7482.75,166,60,40,0
522,2026-07-24 11:36:25,7482.5,150,131,0,0
522,2026-07-24 11:36:25,7482.25,119,182,0,0
522,2026-07-24 11:36:25,7482,201,230,0,0
522,2026-07-24 11:36:25,7481.75,168,120,0,0
522,2026-07-24 11:36:25,7481.5,205,78,86,0
522,2026-07-24 11:36:25,7481.25,56,28,0,0
522,2026-07-24 11:36:25,7481,97,27,13,0
522,2026-07-24 11:36:25,7480.75,124,142,0,39
522,2026-07-24 11:36:25,7480.5,126,126,0,0
522,2026-07-24 11:36:25,7480.25,103,74,0,0
522,2026-07-24 11:36:25,7480,11,0,0,0
523,2026-07-24 11:40:14,7480.5,113,85,0,0
523,2026-07-24 11:40:14,7480.75,21,76,0,0
523,2026-07-24 11:40:14,7480.25,84,98,0,0
523,2026-07-24 11:40:14,7481,8,12,0,0
523,2026-07-24 11:40:14,7481.25,62,41,0,0
523,2026-07-24 11:40:14,7481.5,5,13,0,0
523,2026-07-24 11:40:14,7480,278,315,42,0
523,2026-07-24 11:40:14,7479.75,422,362,93,0
523,2026-07-24 11:40:14,7479.5,315,373,23,0
523,2026-07-24 11:40:14,7479.25,233,291,0,0
523,2026-07-24 11:40:14,7479,356,321,25,22
523,2026-07-24 11:40:14,7478.75,358,289,0,0
523,2026-07-24 11:40:14,7478.5,190,232,0,0
523,2026-07-24 11:40:14,7478.25,131,114,0,0
523,2026-07-24 11:40:14,7478,242,143,60,0
523,2026-07-24 11:40:14,7477.75,196,179,0,0
523,2026-07-24 11:40:14,7477.5,125,44,0,0
523,2026-07-24 11:40:14,7477.25,32,23,0,0
523,2026-07-24 11:40:14,7477,91,20,22,0
523,2026-07-24 11:40:14,7476.75,55,77,0,0
523,2026-07-24 11:40:14,7476.5,62,13,10,0
524,2026-07-24 11:43:13,7477,382,511,10,20
524,2026-07-24 11:43:13,7477.25,241,283,0,0
524,2026-07-24 11:43:13,7476.75,308,356,36,0
524,2026-07-24 11:43:13,7476.5,257,227,0,0
524,2026-07-24 11:43:13,7476.25,374,174,94,0
524,2026-07-24 11:43:13,7477.5,234,291,0,0
524,2026-07-24 11:43:13,7477.75,115,166,0,0
524,2026-07-24 11:43:13,7478,135,119,0,0
524,2026-07-24 11:43:13,7478.25,21,41,0,0
524,2026-07-24 11:43:13,7476,166,194,0,0
524,2026-07-24 11:43:13,7475.75,243,268,0,10
524,2026-07-24 11:43:13,7475.5,173,162,10,0
524,2026-07-24 11:43:13,7475.25,129,160,0,0
524,2026-07-24 11:43:13,7475,231,91,60,0
524,2026-07-24 11:43:13,7474.75,157,128,10,17
524,2026-07-24 11:43:13,7474.5,108,43,0,0
524,2026-07-24 11:43:13,7474.25,12,0,0,0
525,2026-07-24 11:45:49,7476.25,314,272,25,0
525,2026-07-24 11:45:49,7476,177,237,0,0
525,2026-07-24 11:45:49,7475.75,189,196,10,0
525,2026-07-24 11:45:49,7476.5,213,286,16,11
525,2026-07-24 11:45:49,7476.75,97,154,0,0
525,2026-07-24 11:45:49,7477,2,51,0,0
525,2026-07-24 11:45:49,7477.25,0,25,0,0
525,2026-07-24 11:45:49,7475.5,87,50,41,0
525,2026-07-24 11:45:49,7475.25,83,91,0,0
525,2026-07-24 11:45:49,7475,177,131,49,20
525,2026-07-24 11:45:49,7474.75,143,205,15,34
525,2026-07-24 11:45:49,7474.5,131,137,0,11
525,2026-07-24 11:45:49,7474.25,117,105,0,0
525,2026-07-24 11:45:49,7474,121,16,43,0
525,2026-07-24 11:45:49,7473.75,62,55,0,0
525,2026-07-24 11:45:49,7473.5,37,9,0,0
525,2026-07-24 11:45:49,7473.25,35,72,0,0
525,2026-07-24 11:45:49,7473,183,55,56,0
525,2026-07-24 11:45:49,7472.75,54,51,0,0
525,2026-07-24 11:45:49,7472.5,79,52,0,0
525,2026-07-24 11:45:49,7472.25,57,58,0,0
525,2026-07-24 11:45:49,7472,55,70,0,0
525,2026-07-24 11:45:49,7471.75,130,96,0,0
525,2026-07-24 11:45:49,7471.5,175,155,0,0
525,2026-07-24 11:45:49,7471.25,181,167,0,0
525,2026-07-24 11:45:49,7471,162,114,29,0
525,2026-07-24 11:45:49,7470.75,153,101,20,0
525,2026-07-24 11:45:49,7470.5,73,104,0,0
525,2026-07-24 11:45:49,7470.25,63,27,0,0
525,2026-07-24 11:45:49,7470,8,0,0,0
526,2026-07-24 11:48:27,7470.75,472,633,38,81
526,2026-07-24 11:48:27,7470.5,766,636,118,0
526,2026-07-24 11:48:27,7470.25,347,412,0,10
526,2026-07-24 11:48:27,7470,335,225,67,0
526,2026-07-24 11:48:27,7469.75,211,174,63,13
526,2026-07-24 11:48:27,7469.5,144,186,0,0
526,2026-07-24 11:48:27,7471,421,516,60,0
526,2026-07-24 11:48:27,7471.25,228,257,40,0
526,2026-07-24 11:48:27,7471.5,16,57,0,0
526,2026-07-24 11:48:27,7469.25,81,112,0,0
526,2026-07-24 11:48:27,7469,50,56,0,0
526,2026-07-24 11:48:27,7468.75,26,30,0,0
526,2026-07-24 11:48:27,7468.5,55,42,0,0
526,2026-07-24 11:48:27,7468.25,12,0,0,0
527,2026-07-24 11:50:56,7470.25,347,314,0,0
527,2026-07-24 11:50:56,7470,295,298,52,0
527,2026-07-24 11:50:56,7470.5,388,322,10,26
527,2026-07-24 11:50:56,7470.75,391,289,35,15
527,2026-07-24 11:50:56,7471,141,184,0,0
527,2026-07-24 11:50:56,7471.25,56,78,0,0
527,2026-07-24 11:50:56,7469.75,361,294,0,31
527,2026-07-24 11:50:56,7469.5,241,241,10,0
527,2026-07-24 11:50:56,7469.25,168,102,10,0
527,2026-07-24 11:50:56,7469,68,117,0,0
527,2026-07-24 11:50:56,7468.75,193,206,27,0
527,2026-07-24 11:50:56,7468.5,196,232,0,25
527,2026-07-24 11:50:56,7468.25,214,191,0,0
527,2026-07-24 11:50:56,7468,95,8,0,0
527,2026-07-24 11:50:56,7467.75,21,14,0,0
527,2026-07-24 11:50:56,7467.5,42,15,0,0
527,2026-07-24 11:50:56,7467.25,69,34,0,0
527,2026-07-24 11:50:56,7467,81,2,13,0
527,2026-07-24 11:50:56,7466.75,15,4,0,0
527,2026-07-24 11:50:56,7466.5,65,60,0,0
527,2026-07-24 11:50:56,7466.25,28,20,0,0
528,2026-07-24 11:53:35,7466.5,33,31,0,0
528,2026-07-24 11:53:35,7466.25,1,0,0,0
528,2026-07-24 11:53:35,7466.75,0,36,0,0
528,2026-07-24 11:53:35,7467,22,42,0,0
528,2026-07-24 11:53:35,7467.25,45,15,0,0
528,2026-07-24 11:53:35,7467.5,36,57,0,0
528,2026-07-24 11:53:35,7467.75,124,121,0,0
528,2026-07-24 11:53:35,7468,85,156,0,0
528,2026-07-24 11:53:35,7468.25,177,176,0,0
528,2026-07-24 11:53:35,7468.5,210,320,0,43
528,2026-07-24 11:53:35,7468.75,88,106,0,0
528,2026-07-24 11:53:35,7469,235,262,0,20
528,2026-07-24 11:53:35,7469.25,98,195,0,0
528,2026-07-24 11:53:35,7469.5,127,129,0,0
528,2026-07-24 11:53:35,7469.75,228,256,0,0
528,2026-07-24 11:53:35,7470,276,281,36,0
528,2026-07-24 11:53:35,7470.25,135,258,10,0
528,2026-07-24 11:53:35,7470.5,68,128,0,0
528,2026-07-24 11:53:35,7470.75,125,117,0,0
528,2026-07-24 11:53:35,7471,193,198,47,0
528,2026-07-24 11:53:35,7471.25,68,144,0,0
528,2026-07-24 11:53:35,7471.5,79,98,10,10
528,2026-07-24 11:53:35,7471.75,82,139,0,0
528,2026-07-24 11:53:35,7472,65,79,0,0
528,2026-07-24 11:53:35,7472.25,113,144,0,0
528,2026-07-24 11:53:35,7472.5,99,182,0,0
528,2026-07-24 11:53:35,7472.75,0,18,0,0
529,2026-07-24 11:56:00,7471.25,205,236,62,10
529,2026-07-24 11:56:00,7471.5,94,153,0,0
529,2026-07-24 11:56:00,7471.75,45,80,0,0
529,2026-07-24 11:56:00,7472,61,99,0,0
529,2026-07-24 11:56:00,7471,193,237,0,0
529,2026-07-24 11:56:00,7470.75,106,147,0,0
529,2026-07-24 11:56:00,7470.5,148,98,46,0
529,2026-07-24 11:56:00,7470.25,34,30,0,0
529,2026-07-24 11:56:00,7470,5,0,0,0
529,2026-07-24 11:56:00,7472.25,2,21,0,0
529,2026-07-24 11:56:00,7472.5,63,76,0,0
529,2026-07-24 11:56:00,7472.75,85,66,10,10
529,2026-07-24 11:56:00,7473,138,116,0,0
529,2026-07-24 11:56:00,7473.25,117,180,0,0
529,2026-07-24 11:56:00,7473.5,127,149,10,0
529,2026-07-24 11:56:00,7473.75,221,203,0,0
529,2026-07-24 11:56:00,7474,143,293,0,77
529,2026-07-24 11:56:00,7474.25,59,87,0,0
529,2026-07-24 11:56:00,7474.5,7,51,0,0
529,2026-07-24 11:56:00,7474.75,100,56,0,0
529,2026-07-24 11:56:00,7475,148,295,10,19
529,2026-07-24 11:56:00,7475.25,182,143,24,10
529,2026-07-24 11:56:00,7475.5,106,161,0,0
529,2026-07-24 11:56:00,7475.75,210,151,11,0
529,2026-07-24 11:56:00,7476,247,268,0,10
529,2026-07-24 11:56:00,7476.25,53,152,0,0
529,2026-07-24 11:56:00,7476.5,18,35,0,0
530,2026-07-24 11:59:27,7475.75,11,19,0,0
530,2026-07-24 11:59:27,7476,0,5,0,0
530,2026-07-24 11:59:27,7475.5,67,80,25,0
530,2026-07-24 11:59:27,7475.25,82,48,19,0
530,2026-07-24 11:59:27,7475,92,28,12,0
530,2026-07-24 11:59:27,7474.75,81,13,45,0
530,2026-07-24 11:59:27,7474.5,125,185,0,46
530,2026-07-24 11:59:27,7474.25,103,202,0,36
530,2026-07-24 11:59:27,7474,214,256,0,59
530,2026-07-24 11:59:27,7473.75,256,149,52,0
530,2026-07-24 11:59:27,7473.5,123,70,0,0
530,2026-07-24 11:59:27,7473.25,126,61,20,0
530,2026-07-24 11:59:27,7473,243,49,43,0
530,2026-07-24 11:59:27,7472.75,96,215,0,16
530,2026-07-24 11:59:27,7472.5,235,241,0,0
530,2026-07-24 11:59:27,7472.25,148,125,0,0
530,2026-07-24 11:59:27,7472,236,209,102,63
530,2026-07-24 11:59:27,7471.75,146,105,0,0
530,2026-07-24 11:59:27,7471.5,108,245,0,80
530,2026-07-24 11:59:27,7471.25,210,58,12,0
530,2026-07-24 11:59:27,7471,27,29,0,0
530,2026-07-24 11:59:27,7470.75,51,68,0,0
530,2026-07-24 11:59:27,7470.5,115,135,0,10
530,2026-07-24 11:59:27,7470.25,324,274,35,57
530,2026-07-24 11:59:27,7470,105,100,0,0
530,2026-07-24 11:59:27,7469.75,50,52,0,0
530,2026-07-24 11:59:27,7469.5,25,14,0,0
530,2026-07-24 11:59:27,7469.25,66,0,39,0
531,2026-07-24 12:02:03,7471.5,182,446,0,64
531,2026-07-24 12:02:03,7471.25,382,510,0,51
531,2026-07-24 12:02:03,7471.75,90,144,0,0
531,2026-07-24 12:02:03,7471,514,675,0,56
531,2026-07-24 12:02:03,7470.75,749,643,42,90
531,2026-07-24 12:02:03,7470.5,373,254,75,11
531,2026-07-24 12:02:03,7472,77,190,13,23
531,2026-07-24 12:02:03,7472.25,33,92,0,22
531,2026-07-24 12:02:03,7472.5,28,26,0,0
531,2026-07-24 12:02:03,7472.75,0,6,0,0
531,2026-07-24 12:02:03,7470.25,342,162,42,0
531,2026-07-24 12:02:03,7470,211,101,25,0
531,2026-07-24 12:02:03,7469.75,31,32,0,0
531,2026-07-24 12:02:03,7469.5,26,17,0,0
531,2026-07-24 12:02:03,7469.25,116,29,12,0
531,2026-07-24 12:02:03,7469,17,0,0,0
532,2026-07-24 12:06:10,7470.25,18,21,0,0
532,2026-07-24 12:06:10,7470,25,0,0,0
532,2026-07-24 12:06:10,7469.75,30,0,0,0
532,2026-07-24 12:06:10,7469.5,42,3,0,0
532,2026-07-24 12:06:10,7469.25,44,0,0,0
532,2026-07-24 12:06:10,7469,72,23,0,0
532,2026-07-24 12:06:10,7468.75,80,39,0,0
532,2026-07-24 12:06:10,7468.5,104,20,11,0
532,2026-07-24 12:06:10,7468.25,133,48,10,0
532,2026-07-24 12:06:10,7468,131,56,0,0
532,2026-07-24 12:06:10,7467.75,109,85,0,0
532,2026-07-24 12:06:10,7467.5,205,143,23,0
532,2026-07-24 12:06:10,7467.25,259,230,0,0
532,2026-07-24 12:06:10,7467,154,250,10,69
532,2026-07-24 12:06:10,7466.75,307,105,0,0
532,2026-07-24 12:06:10,7466.5,215,102,0,0
532,2026-07-24 12:06:10,7466.25,121,521,0,37
532,2026-07-24 12:06:10,7466,284,106,32,0
532,2026-07-24 12:06:10,7465.75,172,176,0,0
532,2026-07-24 12:06:10,7465.5,209,226,0,0
532,2026-07-24 12:06:10,7465.25,177,189,0,0
532,2026-07-24 12:06:10,7465,240,240,31,13
532,2026-07-24 12:06:10,7464.75,101,156,0,0
532,2026-07-24 12:06:10,7464.5,162,182,0,13
532,2026-07-24 12:06:10,7464.25,94,74,0,0
532,2026-07-24 12:06:10,7464,19,0,0,0
533,2026-07-24 12:06:21,7467.25,227,98,10,0
533,2026-07-24 12:06:21,7467,159,128,0,10
533,2026-07-24 12:06:21,7467.5,324,318,0,0
533,2026-07-24 12:06:21,7467.75,279,289,46,0
533,2026-07-24 12:06:21,7468,169,170,0,0
533,2026-07-24 12:06:21,7468.25,87,72,0,0
533,2026-07-24 12:06:21,7468.5,66,55,0,0
533,2026-07-24 12:06:21,7466.75,180,138,13,0
533,2026-07-24 12:06:21,7468.75,17,173,0,51
533,2026-07-24 12:06:21,7469,11,25,0,0
533,2026-07-24 12:06:21,7469.25,8,17,0,0
533,2026-07-24 12:06:21,7466.5,110,97,0,0
533,2026-07-24 12:06:21,7466.25,104,144,10,0
533,2026-07-24 12:06:21,7466,159,118,10,0
533,2026-07-24 12:06:21,7465.75,119,113,0,0
533,2026-07-24 12:06:21,7465.5,136,116,0,0
533,2026-07-24 12:06:21,7465.25,47,102,0,0
533,2026-07-24 12:06:21,7465,108,130,0,0
533,2026-07-24 12:06:21,7464.75,157,127,0,0
533,2026-07-24 12:06:21,7464.5,109,157,0,0
533,2026-07-24 12:06:21,7464.25,103,67,0,0
533,2026-07-24 12:06:21,7464,192,299,18,13
533,2026-07-24 12:06:21,7463.75,119,69,0,0
533,2026-07-24 12:06:21,7463.5,93,89,0,0
533,2026-07-24 12:06:21,7463.25,76,63,17,0
533,2026-07-24 12:06:21,7463,66,43,0,0
533,2026-07-24 12:06:21,7462.75,38,20,0,0
534,2026-07-24 12:09:01,7464.25,182,332,0,11
534,2026-07-24 12:09:01,7464.5,120,165,25,0
534,2026-07-24 12:09:01,7464,290,346,27,20
534,2026-07-24 12:09:01,7463.75,260,226,37,10
534,2026-07-24 12:09:01,7463.5,138,255,0,10
534,2026-07-24 12:09:01,7463.25,171,253,36,0
534,2026-07-24 12:09:01,7463,251,253,16,0
534,2026-07-24 12:09:01,7462.75,250,237,0,51
534,2026-07-24 12:09:01,7462.5,240,269,26,21
534,2026-07-24 12:09:01,7464.75,218,223,13,0
534,2026-07-24 12:09:01,7465,197,284,0,12
534,2026-07-24 12:09:01,7465.25,40,115,0,0
534,2026-07-24 12:09:01,7465.5,52,109,0,0
534,2026-07-24 12:09:01,7462.25,166,89,0,0
534,2026-07-24 12:09:01,7462,194,98,65,0
534,2026-07-24 12:09:01,7461.75,62,43,0,0
534,2026-07-24 12:09:01,7461.5,69,51,0,0
534,2026-07-24 12:09:01,7461.25,19,11,0,0
534,2026-07-24 12:09:01,7461,39,0,26,0
534,2026-07-24 12:09:01,7465.75,9,52,0,11
534,2026-07-24 12:09:01,7466,28,44,0,0
534,2026-07-24 12:09:01,7466.25,6,27,0,0
534,2026-07-24 12:09:01,7466.5,0,17,0,0
535,2026-07-24 12:11:17,7466.25,294,211,28,0
535,2026-07-24 12:11:17,7466,129,84,0,0
535,2026-07-24 12:11:17,7466.5,189,231,0,0
535,2026-07-24 12:11:17,7466.75,260,298,10,0
535,2026-07-24 12:11:17,7467,106,159,0,0
535,2026-07-24 12:11:17,7467.25,230,177,0,0
535,2026-07-24 12:11:17,7465.75,131,87,18,0
535,2026-07-24 12:11:17,7465.5,29,43,0,0
535,2026-07-24 12:11:17,7465.25,37,29,0,0
535,2026-07-24 12:11:17,7465,57,77,0,10
535,2026-07-24 12:11:17,7464.75,2,0,0,0
535,2026-07-24 12:11:17,7467.5,227,242,0,0
535,2026-07-24 12:11:17,7467.75,246,251,0,45
535,2026-07-24 12:11:17,7468,386,417,0,0
535,2026-07-24 12:11:17,7468.25,243,260,0,0
535,2026-07-24 12:11:17,7468.5,130,269,0,0
535,2026-07-24 12:11:17,7468.75,128,157,0,20
535,2026-07-24 12:11:17,7469,151,184,0,0
535,2026-07-24 12:11:17,7469.25,123,83,67,0
535,2026-07-24 12:11:17,7469.5,49,87,0,0
535,2026-07-24 12:11:17,7469.75,0,6,0,0
536,2026-07-24 12:15:42,7468,29,31,0,0
536,2026-07-24 12:15:42,7467.75,12,11,0,0
536,2026-07-24 12:15:42,7467.5,13,33,0,0
536,2026-07-24 12:15:42,7467.25,59,62,0,0
536,2026-07-24 12:15:42,7467,111,123,0,0
536,2026-07-24 12:15:42,7466.75,108,141,0,0
536,2026-07-24 12:15:42,7466.5,133,160,0,10
536,2026-07-24 12:15:42,7466.25,87,73,0,0
536,2026-07-24 12:15:42,7466,145,137,0,0
536,2026-07-24 12:15:42,7465.75,114,63,0,0
536,2026-07-24 12:15:42,7465.5,29,0,0,0
536,2026-07-24 12:15:42,7468.25,29,30,0,0
536,2026-07-24 12:15:42,7468.5,51,68,0,0
536,2026-07-24 12:15:42,7468.75,29,66,0,0
536,2026-07-24 12:15:42,7469,18,58,0,17
536,2026-07-24 12:15:42,7469.25,23,44,0,0
536,2026-07-24 12:15:42,7469.5,137,168,0,0
536,2026-07-24 12:15:42,7469.75,162,251,0,50
536,2026-07-24 12:15:42,7470,206,300,24,10
536,2026-07-24 12:15:42,7470.25,150,226,0,0
536,2026-07-24 12:15:42,7470.5,75,128,0,0
536,2026-07-24 12:15:42,7470.75,136,152,10,13
536,2026-07-24 12:15:42,7471,83,145,0,43
536,2026-07-24 12:15:42,7471.25,91,103,0,0
536,2026-07-24 12:15:42,7471.5,43,49,0,0
536,2026-07-24 12:15:42,7471.75,142,133,0,10
536,2026-07-24 12:15:42,7472,207,164,0,0
536,2026-07-24 12:15:42,7472.25,116,205,13,22
536,2026-07-24 12:15:42,7472.5,82,121,0,0
536,2026-07-24 12:15:42,7472.75,130,144,0,0
536,2026-07-24 12:15:42,7473,123,135,31,0
536,2026-07-24 12:15:42,7473.25,16,70,0,0
536,2026-07-24 12:15:42,7473.5,0,17,0,0
537,2026-07-24 12:19:41,7473,302,215,0,0
537,2026-07-24 12:19:41,7473.25,359,353,0,10
537,2026-07-24 12:19:41,7473.5,183,228,0,10
537,2026-07-24 12:19:41,7473.75,94,123,0,0
537,2026-07-24 12:19:41,7474,0,18,0,0
537,2026-07-24 12:19:41,7472.75,152,114,0,0
537,2026-07-24 12:19:41,7472.5,143,106,10,0
537,2026-07-24 12:19:41,7472.25,263,197,0,0
537,2026-07-24 12:19:41,7472,260,228,0,22
537,2026-07-24 12:19:41,7471.75,106,56,0,0
537,2026-07-24 12:19:41,7471.5,43,64,0,0
537,2026-07-24 12:19:41,7471.25,24,14,0,0
537,2026-07-24 12:19:41,7471,80,51,0,0
537,2026-07-24 12:19:41,7470.75,67,48,0,0
537,2026-07-24 12:19:41,7470.5,137,104,0,0
537,2026-07-24 12:19:41,7470.25,143,124,0,0
537,2026-07-24 12:19:41,7470,107,60,17,0
537,2026-07-24 12:19:41,7469.75,158,140,0,0
537,2026-07-24 12:19:41,7469.5,178,225,0,0
537,2026-07-24 12:19:41,7469.25,205,189,0,0
537,2026-07-24 12:19:41,7469,155,231,0,0
537,2026-07-24 12:19:41,7468.75,98,82,0,0
537,2026-07-24 12:19:41,7468.5,84,35,0,0
537,2026-07-24 12:19:41,7468.25,59,32,0,0
537,2026-07-24 12:19:41,7468,43,0,0,0
537,2026-07-24 12:19:41,7467.75,21,0,0,0
538,2026-07-24 12:24:12,7469,96,119,0,0
538,2026-07-24 12:24:12,7468.75,111,92,0,0
538,2026-07-24 12:24:12,7468.5,37,13,0,0
538,2026-07-24 12:24:12,7469.25,59,73,0,0
538,2026-07-24 12:24:12,7468.25,6,0,0,0
538,2026-07-24 12:24:12,7469.5,151,174,0,0
538,2026-07-24 12:24:12,7469.75,29,57,0,0
538,2026-07-24 12:24:12,7470,40,35,0,0
538,2026-07-24 12:24:12,7470.25,64,82,0,0
538,2026-07-24 12:24:12,7470.5,47,62,0,0
538,2026-07-24 12:24:12,7470.75,62,66,0,0
538,2026-07-24 12:24:12,7471,40,75,0,0
538,2026-07-24 12:24:12,7471.25,49,44,0,0
538,2026-07-24 12:24:12,7471.5,40,54,0,0
538,2026-07-24 12:24:12,7471.75,48,75,0,0
538,2026-07-24 12:24:12,7472,77,84,0,0
538,2026-07-24 12:24:12,7472.25,88,81,0,0
538,2026-07-24 12:24:12,7472.5,255,263,0,10
538,2026-07-24 12:24:12,7472.75,64,80,0,0
538,2026-07-24 12:24:12,7473,62,81,0,12
538,2026-07-24 12:24:12,7473.25,34,74,0,0
538,2026-07-24 12:24:12,7473.5,1,29,0,0
538,2026-07-24 12:24:12,7473.75,1,17,0,0
538,2026-07-24 12:24:12,7474,0,19,0,0
538,2026-07-24 12:24:12,7474.25,21,41,0,0
538,2026-07-24 12:24:12,7474.5,106,127,0,0
538,2026-07-24 12:24:12,7474.75,82,74,0,0
538,2026-07-24 12:24:12,7475,32,166,0,45
538,2026-07-24 12:24:12,7475.25,36,48,0,0
538,2026-07-24 12:24:12,7475.5,67,70,0,0
538,2026-07-24 12:24:12,7475.75,296,217,57,0
538,2026-07-24 12:24:12,7476,253,255,0,0
538,2026-07-24 12:24:12,7476.25,248,306,0,10
538,2026-07-24 12:24:12,7476.5,103,145,0,0
538,2026-07-24 12:24:12,7476.75,150,205,0,0
538,2026-07-24 12:24:12,7477,31,114,0,10
538,2026-07-24 12:24:12,7477.25,35,47,0,0
538,2026-07-24 12:24:12,7477.5,0,15,0,0
539,2026-07-24 12:28:40,7476.5,501,517,0,0
539,2026-07-24 12:28:40,7476.75,395,460,0,12
539,2026-07-24 12:28:40,7477,253,363,0,0
539,2026-07-24 12:28:40,7477.25,114,199,0,25
539,2026-07-24 12:28:40,7477.5,70,135,0,23
539,2026-07-24 12:28:40,7476.25,280,209,0,0
539,2026-07-24 12:28:40,7476,310,286,0,0
539,2026-07-24 12:28:40,7475.75,423,314,0,0
539,2026-07-24 12:28:40,7475.5,367,364,10,103
539,2026-07-24 12:28:40,7475.25,296,70,75,0
539,2026-07-24 12:28:40,7475,119,84,40,0
539,2026-07-24 12:28:40,7474.75,50,25,0,0
539,2026-07-24 12:28:40,7474.5,19,29,0,0
539,2026-07-24 12:28:40,7474.25,5,0,0,0
539,2026-07-24 12:28:40,7477.75,67,85,0,0
539,2026-07-24 12:28:40,7478,24,57,0,0
539,2026-07-24 12:28:40,7478.25,0,10,0,0
540,2026-07-24 12:33:01,7476.5,69,86,0,0
540,2026-07-24 12:33:01,7476.25,174,20,11,0
540,2026-07-24 12:33:01,7476,21,4,0,0
540,2026-07-24 12:33:01,7476.75,73,67,0,0
540,2026-07-24 12:33:01,7477,152,70,25,10
540,2026-07-24 12:33:01,7477.25,79,13,0,0
540,2026-07-24 12:33:01,7477.5,188,170,0,0
540,2026-07-24 12:33:01,7477.75,145,125,0,0
540,2026-07-24 12:33:01,7478,113,109,0,0
540,2026-07-24 12:33:01,7478.25,193,148,0,0
540,2026-07-24 12:33:01,7478.5,252,298,0,27
540,2026-07-24 12:33:01,7478.75,172,186,0,0
540,2026-07-24 12:33:01,7479,208,156,0,0
540,2026-07-24 12:33:01,7479.25,258,310,0,0
540,2026-07-24 12:33:01,7479.5,285,195,0,0
540,2026-07-24 12:33:01,7479.75,310,257,0,0
540,2026-07-24 12:33:01,7480,505,474,33,31
540,2026-07-24 12:33:01,7480.25,197,212,0,20
540,2026-07-24 12:33:01,7480.5,71,104,0,0
540,2026-07-24 12:33:01,7480.75,13,13,0,0
540,2026-07-24 12:33:01,7481,0,5,0,0
541,2026-07-24 12:37:32,7476.5,85,86,0,0
541,2026-07-24 12:37:32,7476.25,179,156,0,0
541,2026-07-24 12:37:32,7476,227,224,0,0
541,2026-07-24 12:37:32,7475.75,268,168,0,0
541,2026-07-24 12:37:32,7475.5,325,194,42,0
541,2026-07-24 12:37:32,7475.25,102,69,0,0
541,2026-07-24 12:37:32,7476.75,63,74,0,0
541,2026-07-24 12:37:32,7477,29,53,0,0
541,2026-07-24 12:37:32,7477.25,0,10,0,0
541,2026-07-24 12:37:32,7475,43,24,0,0
541,2026-07-24 12:37:32,7474.75,58,60,0,0
541,2026-07-24 12:37:32,7474.5,100,68,10,0
541,2026-07-24 12:37:32,7474.25,118,142,0,25
541,2026-07-24 12:37:32,7474,156,170,0,63
541,2026-07-24 12:37:32,7473.75,186,137,0,10
541,2026-07-24 12:37:32,7473.5,110,88,0,0
541,2026-07-24 12:37:32,7473.25,86,121,0,0
541,2026-07-24 12:37:32,7473,134,122,0,0
541,2026-07-24 12:37:32,7472.75,67,65,0,0
541,2026-07-24 12:37:32,7472.5,151,232,0,0
541,2026-07-24 12:37:32,7472.25,168,201,0,0
541,2026-07-24 12:37:32,7472,160,106,0,0
541,2026-07-24 12:37:32,7471.75,153,149,0,0
541,2026-07-24 12:37:32,7471.5,50,25,0,0
541,2026-07-24 12:37:32,7471.25,51,11,11,0
541,2026-07-24 12:37:32,7471,39,75,0,10
541,2026-07-24 12:37:32,7470.75,177,139,0,0
541,2026-07-24 12:37:32,7470.5,181,3,89,0
541,2026-07-24 12:37:32,7470.25,62,0,25,0
542,2026-07-24 12:41:51,7471.75,291,261,0,10
542,2026-07-24 12:41:51,7472,332,346,0,10
542,2026-07-24 12:41:51,7472.25,161,204,0,0
542,2026-07-24 12:41:51,7471.5,327,340,0,0
542,2026-07-24 12:41:51,7471.25,309,280,0,0
542,2026-07-24 12:41:51,7471,344,364,0,0
542,2026-07-24 12:41:51,7470.75,217,138,0,10
542,2026-07-24 12:41:51,7472.5,31,73,0,0
542,2026-07-24 12:41:51,7470.5,85,147,0,0
542,2026-07-24 12:41:51,7470.25,205,249,0,0
542,2026-07-24 12:41:51,7470,255,246,10,23
542,2026-07-24 12:41:51,7469.75,143,147,0,0
542,2026-07-24 12:41:51,7469.5,165,132,0,0
542,2026-07-24 12:41:51,7469.25,120,57,0,0
542,2026-07-24 12:41:51,7469,94,82,0,0
542,2026-07-24 12:41:51,7468.75,80,80,0,0
542,2026-07-24 12:41:51,7468.5,56,22,0,0
542,2026-07-24 12:41:51,7468.25,1,0,0,0
542,2026-07-24 12:41:51,7472.75,22,38,0,0
542,2026-07-24 12:41:51,7473,15,41,0,0
543,2026-07-24 12:48:02,7470.5,282,279,12,0
543,2026-07-24 12:48:02,7470.25,179,186,0,0
543,2026-07-24 12:48:02,7470,230,242,0,0
543,2026-07-24 12:48:02,7469.75,289,263,0,0
543,2026-07-24 12:48:02,7469.5,222,198,0,0
543,2026-07-24 12:48:02,7469.25,128,101,0,0
543,2026-07-24 12:48:02,7469,49,70,0,0
543,2026-07-24 12:48:02,7468.75,72,38,0,0
543,2026-07-24 12:48:02,7468.5,30,26,0,0
543,2026-07-24 12:48:02,7468.25,9,0,0,0
543,2026-07-24 12:48:02,7470.75,219,269,0,0
543,2026-07-24 12:48:02,7471,205,172,0,0
543,2026-07-24 12:48:02,7471.25,191,140,10,0
543,2026-07-24 12:48:02,7471.5,202,169,0,0
543,2026-07-24 12:48:02,7471.75,105,140,10,0
543,2026-07-24 12:48:02,7472,93,129,0,0
543,2026-07-24 12:48:02,7472.25,138,146,0,0
543,2026-07-24 12:48:02,7472.5,84,108,10,0
543,2026-07-24 12:48:02,7472.75,44,45,0,0
543,2026-07-24 12:48:02,7473,111,73,0,0
543,2026-07-24 12:48:02,7473.25,68,87,0,0
543,2026-07-24 12:48:02,7473.5,88,123,0,0
543,2026-07-24 12:48:02,7473.75,60,79,0,0
543,2026-07-24 12:48:02,7474,35,72,0,0
543,2026-07-24 12:48:02,7474.25,70,63,0,0
543,2026-07-24 12:48:02,7474.5,32,47,0,0
544,2026-07-24 12:54:40,7471.5,159,269,0,0
544,2026-07-24 12:54:40,7471.75,235,284,0,0
544,2026-07-24 12:54:40,7472,257,348,0,0
544,2026-07-24 12:54:40,7472.25,145,155,0,0
544,2026-07-24 12:54:40,7472.5,141,187,0,0
544,2026-07-24 12:54:40,7471.25,261,296,0,0
544,2026-07-24 12:54:40,7471,325,307,0,0
544,2026-07-24 12:54:40,7472.75,94,111,0,0
544,2026-07-24 12:54:40,7473,53,67,0,0
544,2026-07-24 12:54:40,7470.75,273,219,0,0
544,2026-07-24 12:54:40,7470.5,143,188,0,0
544,2026-07-24 12:54:40,7470.25,195,179,0,0
544,2026-07-24 12:54:40,7473.25,0,3,0,0
544,2026-07-24 12:54:40,7470,214,188,11,0
544,2026-07-24 12:54:40,7469.75,109,127,0,0
544,2026-07-24 12:54:40,7469.5,114,134,0,29
544,2026-07-24 12:54:40,7469.25,136,96,0,0
544,2026-07-24 12:54:40,7469,112,85,0,0
544,2026-07-24 12:54:40,7468.75,56,92,0,0
544,2026-07-24 12:54:40,7468.5,96,44,45,15
544,2026-07-24 12:54:40,7468.25,3,0,0,0
545,2026-07-24 13:00:57,7470.75,33,35,0,0
545,2026-07-24 13:00:57,7471,22,29,0,0
545,2026-07-24 13:00:57,7471.25,40,36,0,0
545,2026-07-24 13:00:57,7471.5,32,20,0,0
545,2026-07-24 13:00:57,7471.75,27,29,0,0
545,2026-07-24 13:00:57,7472,0,5,0,0
545,2026-07-24 13:00:57,7470.5,55,35,0,0
545,2026-07-24 13:00:57,7470.25,46,49,0,0
545,2026-07-24 13:00:57,7470,51,47,0,0
545,2026-07-24 13:00:57,7469.75,59,61,0,0
545,2026-07-24 13:00:57,7469.5,70,60,0,0
545,2026-07-24 13:00:57,7469.25,80,75,0,0
545,2026-07-24 13:00:57,7469,96,79,0,0
545,2026-07-24 13:00:57,7468.75,36,94,0,0
545,2026-07-24 13:00:57,7468.5,216,266,0,0
545,2026-07-24 13:00:57,7468.25,338,481,0,10
545,2026-07-24 13:00:57,7468,510,502,0,0
545,2026-07-24 13:00:57,7467.75,404,429,0,0
545,2026-07-24 13:00:57,7467.5,571,384,182,10
545,2026-07-24 13:00:57,7467.25,322,332,0,0
545,2026-07-24 13:00:57,7467,238,24,10,0
545,2026-07-24 13:00:57,7466.75,49,0,10,0
545,2026-07-24 13:00:57,7466.5,49,1,0,0
545,2026-07-24 13:00:57,7466.25,40,30,0,24
545,2026-07-24 13:00:57,7466,13,0,0,0
546,2026-07-24 13:06:15,7468,398,352,10,26
546,2026-07-24 13:06:15,7468.25,183,242,27,0
546,2026-07-24 13:06:15,7467.75,190,131,0,21
546,2026-07-24 13:06:15,7468.5,98,109,0,0
546,2026-07-24 13:06:15,7467.5,196,179,0,0
546,2026-07-24 13:06:15,7468.75,32,88,0,0
546,2026-07-24 13:06:15,7469,84,54,0,0
546,2026-07-24 13:06:15,7469.25,138,115,0,0
546,2026-07-24 13:06:15,7469.5,91,88,0,0
546,2026-07-24 13:06:15,7469.75,130,104,0,0
546,2026-07-24 13:06:15,7470,251,213,54,0
546,2026-07-24 13:06:15,7470.25,133,137,0,0
546,2026-07-24 13:06:15,7470.5,164,137,0,0
546,2026-07-24 13:06:15,7470.75,269,272,0,0
546,2026-07-24 13:06:15,7471,230,193,42,0
546,2026-07-24 13:06:15,7471.25,212,233,0,0
546,2026-07-24 13:06:15,7471.5,47,90,0,0
546,2026-07-24 13:06:15,7471.75,70,53,0,0
546,2026-07-24 13:06:15,7472,30,40,0,0
546,2026-07-24 13:06:15,7472.25,0,4,0,0
546,2026-07-24 13:06:15,7467.25,145,145,0,15
546,2026-07-24 13:06:15,7467,90,26,0,0
546,2026-07-24 13:06:15,7466.75,34,3,0,0
546,2026-07-24 13:06:15,7466.5,42,60,0,0
546,2026-07-24 13:06:15,7466.25,63,68,0,0
546,2026-07-24 13:06:15,7466,44,0,0,0
547,2026-07-24 13:11:50,7466.5,115,209,0,24
547,2026-07-24 13:11:50,7466.25,277,303,20,10
547,2026-07-24 13:11:50,7466.75,0,60,0,15
547,2026-07-24 13:11:50,7466,428,335,66,0
547,2026-07-24 13:11:50,7465.75,426,427,36,0
547,2026-07-24 13:11:50,7465.5,463,236,120,0
547,2026-07-24 13:11:50,7465.25,175,227,0,0
547,2026-07-24 13:11:50,7465,351,354,55,0
547,2026-07-24 13:11:50,7464.75,324,315,23,0
547,2026-07-24 13:11:50,7464.5,350,350,0,0
547,2026-07-24 13:11:50,7464.25,231,184,0,0
547,2026-07-24 13:11:50,7464,242,108,0,0
547,2026-07-24 13:11:50,7463.75,10,0,0,0
548,2026-07-24 13:16:22,7464,282,223,37,0
548,2026-07-24 13:16:22,7464.25,265,266,12,0
548,2026-07-24 13:16:22,7464.5,255,238,14,0
548,2026-07-24 13:16:22,7463.75,306,349,25,0
548,2026-07-24 13:16:22,7463.5,213,158,0,0
548,2026-07-24 13:16:22,7464.75,90,99,0,0
548,2026-07-24 13:16:22,7465,119,124,0,0
548,2026-07-24 13:16:22,7465.25,110,107,0,0
548,2026-07-24 13:16:22,7465.5,64,84,0,0
548,2026-07-24 13:16:22,7465.75,0,41,0,0
548,2026-07-24 13:16:22,7463.25,91,58,29,0
548,2026-07-24 13:16:22,7463,188,182,37,0
548,2026-07-24 13:16:22,7462.75,202,150,0,0
548,2026-07-24 13:16:22,7462.5,124,47,0,0
548,2026-07-24 13:16:22,7462.25,104,34,10,0
548,2026-07-24 13:16:22,7462,120,21,20,0
548,2026-07-24 13:16:22,7461.75,27,0,0,0
548,2026-07-24 13:16:22,7461.5,46,21,0,0
548,2026-07-24 13:16:22,7461.25,107,184,0,50
548,2026-07-24 13:16:22,7461,281,204,20,26
548,2026-07-24 13:16:22,7460.75,157,63,30,0
548,2026-07-24 13:16:22,7460.5,129,95,0,0
548,2026-07-24 13:16:22,7460.25,36,14,0,0
548,2026-07-24 13:16:22,7460,85,18,0,0
548,2026-07-24 13:16:22,7459.75,77,107,0,0
548,2026-07-24 13:16:22,7459.5,61,24,0,0
548,2026-07-24 13:16:22,7459.25,28,15,0,0
548,2026-07-24 13:16:22,7459,7,0,0,0
549,2026-07-24 13:20:12,7459.75,38,9,0,0
549,2026-07-24 13:20:12,7460,114,83,0,0
549,2026-07-24 13:20:12,7460.25,65,88,0,0
549,2026-07-24 13:20:12,7460.5,6,16,0,0
549,2026-07-24 13:20:12,7460.75,0,6,0,0
549,2026-07-24 13:20:12,7459.5,28,19,0,0
549,2026-07-24 13:20:12,7459.25,36,54,0,0
549,2026-07-24 13:20:12,7459,95,110,0,35
549,2026-07-24 13:20:12,7458.75,237,213,0,0
549,2026-07-24 13:20:12,7458.5,259,221,0,0
549,2026-07-24 13:20:12,7458.25,348,267,0,0
549,2026-07-24 13:20:12,7458,393,315,10,0
549,2026-07-24 13:20:12,7457.75,300,407,0,0
549,2026-07-24 13:20:12,7457.5,331,389,0,0
549,2026-07-24 13:20:12,7457.25,427,376,29,0
549,2026-07-24 13:20:12,7457,267,363,0,124
549,2026-07-24 13:20:12,7456.75,234,148,21,0
549,2026-07-24 13:20:12,7456.5,148,51,0,0
549,2026-07-24 13:20:12,7456.25,30,9,0,0
550,2026-07-24 13:23:40,7457.25,91,102,0,0
550,2026-07-24 13:23:40,7457,113,143,0,0
550,2026-07-24 13:23:40,7456.75,201,130,19,0
550,2026-07-24 13:23:40,7457.5,89,112,0,0
550,2026-07-24 13:23:40,7457.75,144,129,0,0
550,2026-07-24 13:23:40,7458,316,206,59,0
550,2026-07-24 13:23:40,7458.25,180,231,0,0
550,2026-07-24 13:23:40,7458.5,81,162,0,0
550,2026-07-24 13:23:40,7458.75,12,23,0,0
550,2026-07-24 13:23:40,7456.5,99,65,0,0
550,2026-07-24 13:23:40,7456.25,66,40,0,0
550,2026-07-24 13:23:40,7456,50,15,0,0
550,2026-07-24 13:23:40,7455.75,23,11,0,0
550,2026-07-24 13:23:40,7455.5,20,21,0,0
550,2026-07-24 13:23:40,7455.25,107,104,0,0
550,2026-07-24 13:23:40,7455,299,210,16,0
550,2026-07-24 13:23:40,7454.75,174,253,31,0
550,2026-07-24 13:23:40,7454.5,360,346,64,0
550,2026-07-24 13:23:40,7454.25,162,214,0,10
550,2026-07-24 13:23:40,7454,171,209,0,0
550,2026-07-24 13:23:40,7453.75,177,137,0,0
550,2026-07-24 13:23:40,7453.5,189,129,21,0
550,2026-07-24 13:23:40,7453.25,85,56,0,0
550,2026-07-24 13:23:40,7453,75,19,20,0
550,2026-07-24 13:23:40,7452.75,55,43,0,0
550,2026-07-24 13:23:40,7452.5,25,24,0,0
550,2026-07-24 13:23:40,7452.25,2,0,0,0
551,2026-07-24 13:26:53,7453.5,227,212,0,0
551,2026-07-24 13:26:53,7453.75,76,82,41,13
551,2026-07-24 13:26:53,7453.25,200,203,48,0
551,2026-07-24 13:26:53,7453,140,113,0,10
551,2026-07-24 13:26:53,7452.75,74,143,0,0
551,2026-07-24 13:26:53,7454,17,29,0,0
551,2026-07-24 13:26:53,7454.25,10,38,0,0
551,2026-07-24 13:26:53,7452.5,140,49,10,0
551,2026-07-24 13:26:53,7452.25,115,115,0,0
551,2026-07-24 13:26:53,7452,176,254,10,84
551,2026-07-24 13:26:53,7451.75,310,304,25,0
551,2026-07-24 13:26:53,7451.5,245,316,30,0
551,2026-07-24 13:26:53,7451.25,312,326,58,0
551,2026-07-24 13:26:53,7451,323,458,13,29
551,2026-07-24 13:26:53,7450.75,441,384,0,37
551,2026-07-24 13:26:53,7450.5,129,48,0,0
551,2026-07-24 13:26:53,7450.25,96,101,0,0
551,2026-07-24 13:26:53,7450,218,76,47,0
552,2026-07-24 13:29:36,7450,140,306,16,14
552,2026-07-24 13:29:36,7449.75,396,410,0,10
552,2026-07-24 13:29:36,7449.5,554,650,58,43
552,2026-07-24 13:29:36,7449.25,543,474,38,0
552,2026-07-24 13:29:36,7449,496,320,50,0
552,2026-07-24 13:29:36,7448.75,150,37,0,0
552,2026-07-24 13:29:36,7450.25,20,40,0,0
552,2026-07-24 13:29:36,7450.5,21,37,0,0
552,2026-07-24 13:29:36,7450.75,0,3,0,0
552,2026-07-24 13:29:36,7448.5,101,69,0,0
552,2026-07-24 13:29:36,7448.25,134,146,33,0
552,2026-07-24 13:29:36,7448,79,86,10,0
552,2026-07-24 13:29:36,7447.75,97,135,0,0
552,2026-07-24 13:29:36,7447.5,126,82,0,0
552,2026-07-24 13:29:36,7447.25,97,101,0,0
552,2026-07-24 13:29:36,7447,89,30,0,0
552,2026-07-24 13:29:36,7446.75,20,1,0,0
552,2026-07-24 13:29:36,7446.5,24,46,0,13
552,2026-07-24 13:29:36,7446.25,123,194,0,0
552,2026-07-24 13:29:36,7446,98,25,43,0
553,2026-07-24 13:31:32,7446.25,492,599,0,68
553,2026-07-24 13:31:32,7446.5,318,461,49,0
553,2026-07-24 13:31:32,7446.75,221,206,16,0
553,2026-07-24 13:31:32,7446,504,643,27,11
553,2026-07-24 13:31:32,7445.75,555,441,90,26
553,2026-07-24 13:31:32,7445.5,285,230,28,37
553,2026-07-24 13:31:32,7445.25,129,120,0,0
553,2026-07-24 13:31:32,7445,228,162,98,0
553,2026-07-24 13:31:32,7444.75,122,92,0,0
553,2026-07-24 13:31:32,7444.5,81,72,0,0
553,2026-07-24 13:31:32,7447,118,287,0,25
553,2026-07-24 13:31:32,7447.25,0,46,0,0
553,2026-07-24 13:31:32,7444.25,53,35,0,0
554,2026-07-24 13:33:23,7444.5,38,35,0,0
554,2026-07-24 13:33:23,7444.75,83,102,0,10
554,2026-07-24 13:33:23,7445,78,43,0,0
554,2026-07-24 13:33:23,7445.25,45,68,15,0
554,2026-07-24 13:33:23,7444.25,31,69,0,0
554,2026-07-24 13:33:23,7444,25,20,0,0
554,2026-07-24 13:33:23,7443.75,75,41,0,0
554,2026-07-24 13:33:23,7443.5,109,59,10,0
554,2026-07-24 13:33:23,7443.25,30,30,0,0
554,2026-07-24 13:33:23,7443,145,88,0,10
554,2026-07-24 13:33:23,7442.75,78,86,20,0
554,2026-07-24 13:33:23,7442.5,167,235,16,12
554,2026-07-24 13:33:23,7442.25,189,170,0,16
554,2026-07-24 13:33:23,7442,153,166,0,0
554,2026-07-24 13:33:23,7441.75,240,175,0,0
554,2026-07-24 13:33:23,7441.5,90,79,0,0
554,2026-07-24 13:33:23,7441.25,54,1,12,0
554,2026-07-24 13:33:23,7441,50,105,10,0
554,2026-07-24 13:33:23,7440.75,207,512,0,178
554,2026-07-24 13:33:23,7440.5,262,238,0,11
554,2026-07-24 13:33:23,7440.25,219,262,0,0
554,2026-07-24 13:33:23,7440,219,128,17,0
554,2026-07-24 13:33:23,7439.75,184,186,25,0
554,2026-07-24 13:33:23,7439.5,97,35,16,0
554,2026-07-24 13:33:23,7439.25,19,3,0,0
554,2026-07-24 13:33:23,7439,120,25,41,0
554,2026-07-24 13:33:23,7438.75,45,13,0,0
554,2026-07-24 13:33:23,7438.5,158,141,50,0
554,2026-07-24 13:33:23,7438.25,97,56,10,0
554,2026-07-24 13:33:23,7438,22,0,0,0
555,2026-07-24 13:35:08,7438.5,127,111,0,0
555,2026-07-24 13:35:08,7438.75,110,82,0,0
555,2026-07-24 13:35:08,7438.25,62,67,0,0
555,2026-07-24 13:35:08,7438,91,87,0,0
555,2026-07-24 13:35:08,7437.75,107,136,0,0
555,2026-07-24 13:35:08,7437.5,129,119,0,11
555,2026-07-24 13:35:08,7437.25,61,46,0,0
555,2026-07-24 13:35:08,7437,7,0,0,0
555,2026-07-24 13:35:08,7439,25,57,0,10
555,2026-07-24 13:35:08,7439.25,13,32,0,0
555,2026-07-24 13:35:08,7439.5,4,21,0,0
555,2026-07-24 13:35:08,7439.75,51,34,12,0
555,2026-07-24 13:35:08,7440,77,34,0,0
555,2026-07-24 13:35:08,7440.25,195,192,0,0
555,2026-07-24 13:35:08,7440.5,219,220,0,0
555,2026-07-24 13:35:08,7440.75,111,208,0,0
555,2026-07-24 13:35:08,7441,63,101,0,0
555,2026-07-24 13:35:08,7441.25,111,164,0,10
555,2026-07-24 13:35:08,7441.5,199,169,10,0
555,2026-07-24 13:35:08,7441.75,158,159,10,0
555,2026-07-24 13:35:08,7442,180,190,0,0
555,2026-07-24 13:35:08,7442.25,84,125,0,0
555,2026-07-24 13:35:08,7442.5,34,100,0,0
555,2026-07-24 13:35:08,7442.75,0,47,0,0
555,2026-07-24 13:35:08,7443,35,50,0,0
555,2026-07-24 13:35:08,7443.25,21,59,0,0
555,2026-07-24 13:35:08,7443.5,41,71,0,0
555,2026-07-24 13:35:08,7443.75,93,88,0,0
555,2026-07-24 13:35:08,7444,212,269,25,0
555,2026-07-24 13:35:08,7444.25,121,264,26,0
555,2026-07-24 13:35:08,7444.5,66,228,0,0
555,2026-07-24 13:35:08,7444.75,9,89,0,0
555,2026-07-24 13:35:08,7445,18,47,0,0
556,2026-07-24 13:36:27,7445,37,51,0,0
556,2026-07-24 13:36:27,7444.75,33,10,0,0
556,2026-07-24 13:36:27,7445.25,0,11,0,0
556,2026-07-24 13:36:27,7444.5,32,62,0,0
556,2026-07-24 13:36:27,7444.25,74,53,0,0
556,2026-07-24 13:36:27,7444,122,131,0,0
556,2026-07-24 13:36:27,7443.75,159,154,0,0
556,2026-07-24 13:36:27,7443.5,49,107,0,0
556,2026-07-24 13:36:27,7443.25,227,137,62,0
556,2026-07-24 13:36:27,7443,245,217,18,0
556,2026-07-24 13:36:27,7442.75,171,184,0,0
556,2026-07-24 13:36:27,7442.5,121,157,0,0
556,2026-07-24 13:36:27,7442.25,140,147,11,0
556,2026-07-24 13:36:27,7442,196,214,0,0
556,2026-07-24 13:36:27,7441.75,180,251,0,0
556,2026-07-24 13:36:27,7441.5,294,318,0,0
556,2026-07-24 13:36:27,7441.25,220,176,19,0
556,2026-07-24 13:36:27,7441,125,182,0,0
556,2026-07-24 13:36:27,7440.75,226,232,0,0
556,2026-07-24 13:36:27,7440.5,123,103,40,0
556,2026-07-24 13:36:27,7440.25,173,180,0,0
556,2026-07-24 13:36:27,7440,264,111,101,0
556,2026-07-24 13:36:27,7439.75,40,38,0,0
556,2026-07-24 13:36:27,7439.5,23,0,0,0
557,2026-07-24 13:38:52,7442.75,106,115,0,0
557,2026-07-24 13:38:52,7442.5,132,89,0,0
557,2026-07-24 13:38:52,7443,124,136,21,0
557,2026-07-24 13:38:52,7443.25,100,103,0,0
557,2026-07-24 13:38:52,7443.5,12,31,0,0
557,2026-07-24 13:38:52,7442.25,117,116,0,0
557,2026-07-24 13:38:52,7442,118,167,0,0
557,2026-07-24 13:38:52,7441.75,130,174,10,0
557,2026-07-24 13:38:52,7441.5,152,195,0,11
557,2026-07-24 13:38:52,7441.25,201,154,41,0
557,2026-07-24 13:38:52,7441,165,164,0,0
557,2026-07-24 13:38:52,7440.75,117,135,0,0
557,2026-07-24 13:38:52,7440.5,355,276,0,0
557,2026-07-24 13:38:52,7440.25,127,436,0,105
557,2026-07-24 13:38:52,7440,268,302,52,0
557,2026-07-24 13:38:52,7439.75,221,253,11,0
557,2026-07-24 13:38:52,7439.5,133,98,0,0
557,2026-07-24 13:38:52,7439.25,76,50,0,0
557,2026-07-24 13:38:52,7439,128,122,0,0
557,2026-07-24 13:38:52,7438.75,129,74,0,0
557,2026-07-24 13:38:52,7438.5,84,114,0,0
557,2026-07-24 13:38:52,7438.25,143,46,37,0
557,2026-07-24 13:38:52,7438,11,0,0,0
558,2026-07-24 13:40:24,7438.25,192,249,36,14
558,2026-07-24 13:40:24,7438,141,79,21,10
558,2026-07-24 13:40:24,7438.5,174,193,0,0
558,2026-07-24 13:40:24,7438.75,56,90,0,0
558,2026-07-24 13:40:24,7439,0,1,0,0
558,2026-07-24 13:40:24,7437.75,245,385,0,51
558,2026-07-24 13:40:24,7437.5,552,430,10,31
558,2026-07-24 13:40:24,7437.25,375,311,32,20
558,2026-07-24 13:40:24,7437,365,221,47,0
558,2026-07-24 13:40:24,7436.75,381,265,110,27
558,2026-07-24 13:40:24,7436.5,358,313,0,35
558,2026-07-24 13:40:24,7436.25,357,153,110,0
558,2026-07-24 13:40:24,7436,198,209,10,18
558,2026-07-24 13:40:24,7435.75,118,39,0,0
558,2026-07-24 13:40:24,7435.5,45,6,0,0
559,2026-07-24 13:42:16,7435.75,151,187,0,25
559,2026-07-24 13:42:16,7435.5,80,30,10,0
559,2026-07-24 13:42:16,7436,91,133,0,0
559,2026-07-24 13:42:16,7436.25,51,64,0,0
559,2026-07-24 13:42:16,7436.5,96,118,0,25
559,2026-07-24 13:42:16,7436.75,127,185,0,47
559,2026-07-24 13:42:16,7437,15,109,0,25
559,2026-07-24 13:42:16,7437.25,32,102,0,0
559,2026-07-24 13:42:16,7437.5,287,203,58,0
559,2026-07-24 13:42:16,7437.75,280,296,41,48
559,2026-07-24 13:42:16,7438,175,265,18,31
559,2026-07-24 13:42:16,7438.25,68,137,0,10
559,2026-07-24 13:42:16,7438.5,209,217,0,0
559,2026-07-24 13:42:16,7438.75,431,455,37,21
559,2026-07-24 13:42:16,7439,401,480,10,0
559,2026-07-24 13:42:16,7439.25,175,158,0,0
559,2026-07-24 13:42:16,7439.5,207,174,0,0
559,2026-07-24 13:42:16,7439.75,107,128,0,0
559,2026-07-24 13:42:16,7440,4,72,0,0
560,2026-07-24 13:44:38,7438.5,59,45,15,0
560,2026-07-24 13:44:38,7438.75,67,51,0,0
560,2026-07-24 13:44:38,7439,71,70,0,0
560,2026-07-24 13:44:38,7438.25,44,37,0,0
560,2026-07-24 13:44:38,7438,93,88,0,0
560,2026-07-24 13:44:38,7437.75,119,110,0,0
560,2026-07-24 13:44:38,7437.5,121,98,0,0
560,2026-07-24 13:44:38,7437.25,70,71,0,0
560,2026-07-24 13:44:38,7437,79,50,0,0
560,2026-07-24 13:44:38,7436.75,7,0,0,0
560,2026-07-24 13:44:38,7439.25,30,62,0,0
560,2026-07-24 13:44:38,7439.5,107,51,16,0
560,2026-07-24 13:44:38,7439.75,83,57,0,0
560,2026-07-24 13:44:38,7440,56,55,0,0
560,2026-07-24 13:44:38,7440.25,154,276,0,108
560,2026-07-24 13:44:38,7440.5,21,41,0,0
560,2026-07-24 13:44:38,7440.75,69,79,0,0
560,2026-07-24 13:44:38,7441,65,113,0,0
560,2026-07-24 13:44:38,7441.25,73,181,0,0
560,2026-07-24 13:44:38,7441.5,149,162,0,0
560,2026-07-24 13:44:38,7441.75,224,195,0,10
560,2026-07-24 13:44:38,7442,157,286,24,41
560,2026-07-24 13:44:38,7442.25,34,51,0,0
560,2026-07-24 13:44:38,7442.5,15,35,0,0
560,2026-07-24 13:44:38,7442.75,102,81,0,0
560,2026-07-24 13:44:38,7443,161,123,0,0
560,2026-07-24 13:44:38,7443.25,161,232,0,43
560,2026-07-24 13:44:38,7443.5,104,163,0,0
560,2026-07-24 13:44:38,7443.75,23,23,0,0
560,2026-07-24 13:44:38,7444,69,35,0,0
560,2026-07-24 13:44:38,7444.25,38,41,0,0
560,2026-07-24 13:44:38,7444.5,40,25,0,0
560,2026-07-24 13:44:38,7444.75,86,181,0,15
560,2026-07-24 13:44:38,7445,43,52,0,0
560,2026-07-24 13:44:38,7445.25,77,56,0,11
560,2026-07-24 13:44:38,7445.5,43,107,0,41
560,2026-07-24 13:44:38,7445.75,59,93,0,0
560,2026-07-24 13:44:38,7446,0,49,0,10
561,2026-07-24 13:46:39,7444.75,292,223,0,0
561,2026-07-24 13:46:39,7444.5,211,116,0,0
561,2026-07-24 13:46:39,7445,152,120,0,0
561,2026-07-24 13:46:39,7444.25,211,253,0,0
561,2026-07-24 13:46:39,7444,320,271,0,18
561,2026-07-24 13:46:39,7443.75,175,136,0,0
561,2026-07-24 13:46:39,7443.5,115,88,0,0
561,2026-07-24 13:46:39,7443.25,74,43,0,0
561,2026-07-24 13:46:39,7445.25,277,198,0,0
561,2026-07-24 13:46:39,7445.5,145,221,22,0
561,2026-07-24 13:46:39,7445.75,63,74,0,0
561,2026-07-24 13:46:39,7446,13,28,0,0
561,2026-07-24 13:46:39,7443,46,10,0,0
561,2026-07-24 13:46:39,7442.75,42,97,0,0
561,2026-07-24 13:46:39,7442.5,90,118,0,0
561,2026-07-24 13:46:39,7442.25,166,210,0,0
561,2026-07-24 13:46:39,7442,327,206,21,10
561,2026-07-24 13:46:39,7441.75,231,267,0,0
561,2026-07-24 13:46:39,7441.5,200,188,0,0
561,2026-07-24 13:46:39,7441.25,152,141,0,0
561,2026-07-24 13:46:39,7441,139,53,0,0
562,2026-07-24 13:50:30,7441.25,191,220,0,10
562,2026-07-24 13:50:30,7441.5,160,142,0,0
562,2026-07-24 13:50:30,7441.75,287,245,0,0
562,2026-07-24 13:50:30,7441,420,306,59,0
562,2026-07-24 13:50:30,7440.75,217,161,0,0
562,2026-07-24 13:50:30,7440.5,158,141,0,12
562,2026-07-24 13:50:30,7440.25,100,103,0,0
562,2026-07-24 13:50:30,7440,108,57,0,0
562,2026-07-24 13:50:30,7439.75,86,88,0,0
562,2026-07-24 13:50:30,7439.5,55,14,0,0
562,2026-07-24 13:50:30,7442,398,415,0,33
562,2026-07-24 13:50:30,7442.25,233,318,0,0
562,2026-07-24 13:50:30,7442.5,239,234,0,0
562,2026-07-24 13:50:30,7442.75,180,229,0,21
562,2026-07-24 13:50:30,7443,194,193,0,11
562,2026-07-24 13:50:30,7443.25,153,137,0,0
562,2026-07-24 13:50:30,7443.5,103,128,0,0
562,2026-07-24 13:50:30,7443.75,20,37,0,0
562,2026-07-24 13:50:30,7444,13,12,0,0
562,2026-07-24 13:50:30,7444.25,0,5,0,0
563,2026-07-24 13:55:57,7442.25,101,54,0,0
563,2026-07-24 13:55:57,7442.5,151,132,0,0
563,2026-07-24 13:55:57,7442.75,127,165,0,0
563,2026-07-24 13:55:57,7443,148,127,0,0
563,2026-07-24 13:55:57,7442,29,14,0,0
563,2026-07-24 13:55:57,7441.75,11,6,0,0
563,2026-07-24 13:55:57,7443.25,163,273,0,32
563,2026-07-24 13:55:57,7443.5,226,145,66,0
563,2026-07-24 13:55:57,7443.75,160,267,0,0
563,2026-07-24 13:55:57,7444,249,232,11,0
563,2026-07-24 13:55:57,7444.25,194,326,0,10
563,2026-07-24 13:55:57,7444.5,122,163,0,0
563,2026-07-24 13:55:57,7444.75,229,184,10,0
563,2026-07-24 13:55:57,7445,256,214,19,0
563,2026-07-24 13:55:57,7445.25,264,230,0,0
563,2026-07-24 13:55:57,7445.5,157,299,0,42
563,2026-07-24 13:55:57,7445.75,242,117,0,0
563,2026-07-24 13:55:57,7446,289,348,0,0
563,2026-07-24 13:55:57,7446.25,14,70,0,20
564,2026-07-24 13:59:10,7444,335,360,30,0
564,2026-07-24 13:59:10,7443.75,178,173,0,0
564,2026-07-24 13:59:10,7444.25,252,267,30,0
564,2026-07-24 13:59:10,7444.5,218,231,0,15
564,2026-07-24 13:59:10,7443.5,192,235,0,0
564,2026-07-24 13:59:10,7443.25,193,232,11,0
564,2026-07-24 13:59:10,7444.75,37,125,0,0
564,2026-07-24 13:59:10,7443,103,139,10,10
564,2026-07-24 13:59:10,7445,82,98,0,0
564,2026-07-24 13:59:10,7445.25,80,96,0,10
564,2026-07-24 13:59:10,7442.75,50,104,0,0
564,2026-07-24 13:59:10,7442.5,108,114,0,0
564,2026-07-24 13:59:10,7442.25,93,79,0,0
564,2026-07-24 13:59:10,7442,58,21,10,0
564,2026-07-24 13:59:10,7445.5,105,102,0,0
564,2026-07-24 13:59:10,7445.75,101,177,0,50
564,2026-07-24 13:59:10,7446,62,93,0,0
564,2026-07-24 13:59:10,7446.25,93,113,0,0
564,2026-07-24 13:59:10,7446.5,131,147,0,0
564,2026-07-24 13:59:10,7446.75,88,123,0,0
564,2026-07-24 13:59:10,7447,32,54,0,0
564,2026-07-24 13:59:10,7447.25,69,31,0,0
564,2026-07-24 13:59:10,7447.5,89,132,11,21
564,2026-07-24 13:59:10,7447.75,108,71,0,0
564,2026-07-24 13:59:10,7448,91,131,0,0
564,2026-07-24 13:59:10,7448.25,25,72,0,0
564,2026-07-24 13:59:10,7448.5,0,7,0,0
565,2026-07-24 14:01:57,7446,0,18,0,0
565,2026-07-24 14:01:57,7445.75,48,63,0,0
565,2026-07-24 14:01:57,7445.5,31,13,0,0
565,2026-07-24 14:01:57,7445.25,36,31,0,0
565,2026-07-24 14:01:57,7445,46,13,0,0
565,2026-07-24 14:01:57,7444.75,6,3,0,0
565,2026-07-24 14:01:57,7444.5,35,40,0,0
565,2026-07-24 14:01:57,7444.25,197,169,17,0
565,2026-07-24 14:01:57,7444,120,85,0,0
565,2026-07-24 14:01:57,7443.75,134,72,0,0
565,2026-07-24 14:01:57,7443.5,107,92,20,13
565,2026-07-24 14:01:57,7443.25,213,208,0,0
565,2026-07-24 14:01:57,7443,246,409,30,67
565,2026-07-24 14:01:57,7442.75,351,493,29,71
565,2026-07-24 14:01:57,7442.5,478,615,0,62
565,2026-07-24 14:01:57,7442.25,525,363,80,0
565,2026-07-24 14:01:57,7442,311,248,22,0
565,2026-07-24 14:01:57,7441.75,275,180,51,0
565,2026-07-24 14:01:57,7441.5,187,31,33,0
565,2026-07-24 14:01:57,7441.25,10,0,0,0
566,2026-07-24 14:04:36,7443,217,244,0,0
566,2026-07-24 14:04:36,7442.75,182,89,10,0
566,2026-07-24 14:04:36,7442.5,113,129,0,0
566,2026-07-24 14:04:36,7442.25,122,136,0,0
566,2026-07-24 14:04:36,7442,251,238,0,16
566,2026-07-24 14:04:36,7441.75,119,87,24,0
566,2026-07-24 14:04:36,7441.5,133,79,0,0
566,2026-07-24 14:04:36,7441.25,109,87,0,0
566,2026-07-24 14:04:36,7441,121,114,0,0
566,2026-07-24 14:04:36,7440.75,66,63,0,0
566,2026-07-24 14:04:36,7443.25,67,89,0,0
566,2026-07-24 14:04:36,7443.5,73,73,0,0
566,2026-07-24 14:04:36,7443.75,112,87,0,0
566,2026-07-24 14:04:36,7444,94,104,0,0
566,2026-07-24 14:04:36,7444.25,174,167,0,0
566,2026-07-24 14:04:36,7444.5,144,141,0,0
566,2026-07-24 14:04:36,7444.75,134,157,0,0
566,2026-07-24 14:04:36,7445,101,159,0,0
566,2026-07-24 14:04:36,7445.25,88,66,0,0
566,2026-07-24 14:04:36,7445.5,51,31,0,0
566,2026-07-24 14:04:36,7445.75,9,28,0,0
566,2026-07-24 14:04:36,7440.5,107,92,0,0
566,2026-07-24 14:04:36,7440.25,51,14,0,0
566,2026-07-24 14:04:36,7440,46,25,0,0
566,2026-07-24 14:04:36,7439.75,110,39,32,0
566,2026-07-24 14:04:36,7439.5,46,21,13,0
566,2026-07-24 14:04:36,7439.25,46,28,15,0
566,2026-07-24 14:04:36,7439,42,0,0,0
566,2026-07-24 14:04:36,7438.75,25,39,0,0
566,2026-07-24 14:04:36,7438.5,103,114,0,0
566,2026-07-24 14:04:36,7438.25,256,199,20,0
566,2026-07-24 14:04:36,7438,123,68,0,0
566,2026-07-24 14:04:36,7437.75,43,15,0,0
567,2026-07-24 14:07:37,7438.25,48,62,0,0
567,2026-07-24 14:07:37,7438,178,152,0,0
567,2026-07-24 14:07:37,7437.75,173,198,0,0
567,2026-07-24 14:07:37,7437.5,247,385,0,12
567,2026-07-24 14:07:37,7437.25,339,295,0,33
567,2026-07-24 14:07:37,7437,484,604,0,93
567,2026-07-24 14:07:37,7436.75,314,331,0,0
567,2026-07-24 14:07:37,7436.5,133,60,0,0
567,2026-07-24 14:07:37,7438.5,0,13,0,0
567,2026-07-24 14:07:37,7436.25,68,64,0,0
567,2026-07-24 14:07:37,7436,87,89,0,0
567,2026-07-24 14:07:37,7435.75,214,264,48,0
567,2026-07-24 14:07:37,7435.5,245,295,11,10
567,2026-07-24 14:07:37,7435.25,245,175,20,0
567,2026-07-24 14:07:37,7435,230,137,69,0
567,2026-07-24 14:07:37,7434.75,87,48,0,0
567,2026-07-24 14:07:37,7434.5,73,75,0,0
567,2026-07-24 14:07:37,7434.25,50,26,0,0
567,2026-07-24 14:07:37,7434,7,0,0,0
568,2026-07-24 14:10:05,7435.5,432,404,0,0
568,2026-07-24 14:10:05,7435.75,312,337,26,0
568,2026-07-24 14:10:05,7436,414,384,56,0
568,2026-07-24 14:10:05,7436.25,278,365,24,30
568,2026-07-24 14:10:05,7435.25,293,244,35,0
568,2026-07-24 14:10:05,7435,119,89,0,0
568,2026-07-24 14:10:05,7434.75,86,85,0,0
568,2026-07-24 14:10:05,7434.5,15,0,0,0
568,2026-07-24 14:10:05,7436.5,40,80,0,0
568,2026-07-24 14:10:05,7436.75,61,48,0,0
568,2026-07-24 14:10:05,7437,36,53,0,0
568,2026-07-24 14:10:05,7437.25,53,43,0,0
568,2026-07-24 14:10:05,7437.5,117,78,0,0
568,2026-07-24 14:10:05,7437.75,41,83,0,0
568,2026-07-24 14:10:05,7438,28,37,0,0
568,2026-07-24 14:10:05,7438.25,17,50,0,0
568,2026-07-24 14:10:05,7438.5,0,34,0,0
568,2026-07-24 14:10:05,7438.75,47,85,0,0
568,2026-07-24 14:10:05,7439,13,73,0,0
568,2026-07-24 14:10:05,7439.25,32,83,0,0
568,2026-07-24 14:10:05,7439.5,65,81,0,0
568,2026-07-24 14:10:05,7439.75,40,83,0,0
568,2026-07-24 14:10:05,7440,15,97,0,0
568,2026-07-24 14:10:05,7440.25,18,81,0,0
568,2026-07-24 14:10:05,7440.5,71,103,0,0
568,2026-07-24 14:10:05,7440.75,159,144,38,15
568,2026-07-24 14:10:05,7441,110,163,0,20
568,2026-07-24 14:10:05,7441.25,48,61,0,0
568,2026-07-24 14:10:05,7441.5,22,22,0,0
568,2026-07-24 14:10:05,7441.75,11,22,0,0
569,2026-07-24 14:12:33,7440.75,4,10,0,0
569,2026-07-24 14:12:33,7440.5,129,93,0,0
569,2026-07-24 14:12:33,7440.25,57,34,0,0
569,2026-07-24 14:12:33,7440,11,0,0,0
569,2026-07-24 14:12:33,7439.75,29,40,0,0
569,2026-07-24 14:12:33,7439.5,55,61,0,0
569,2026-07-24 14:12:33,7439.25,96,82,0,0
569,2026-07-24 14:12:33,7439,86,87,0,0
569,2026-07-24 14:12:33,7438.75,60,97,0,0
569,2026-07-24 14:12:33,7438.5,180,205,0,0
569,2026-07-24 14:12:33,7438.25,220,191,0,0
569,2026-07-24 14:12:33,7438,192,241,0,0
569,2026-07-24 14:12:33,7437.75,154,90,0,0
569,2026-07-24 14:12:33,7437.5,103,87,16,0
569,2026-07-24 14:12:33,7437.25,143,79,0,0
569,2026-07-24 14:12:33,7437,60,32,0,0
569,2026-07-24 14:12:33,7436.75,264,238,51,0
569,2026-07-24 14:12:33,7436.5,294,214,14,0
569,2026-07-24 14:12:33,7436.25,234,219,0,0
569,2026-07-24 14:12:33,7436,140,156,0,0
569,2026-07-24 14:12:33,7435.75,301,368,0,0
569,2026-07-24 14:12:33,7435.5,229,206,10,0
569,2026-07-24 14:12:33,7435.25,151,143,13,0
569,2026-07-24 14:12:33,7435,71,82,12,0
569,2026-07-24 14:12:33,7434.75,85,83,0,0
569,2026-07-24 14:12:33,7434.5,14,0,0,0
570,2026-07-24 14:15:55,7435.5,426,428,0,10
570,2026-07-24 14:15:55,7435.25,297,323,0,0
570,2026-07-24 14:15:55,7435,317,310,0,0
570,2026-07-24 14:15:55,7434.75,280,261,0,0
570,2026-07-24 14:15:55,7434.5,257,232,0,0
570,2026-07-24 14:15:55,7434.25,315,228,0,0
570,2026-07-24 14:15:55,7434,182,139,32,0
570,2026-07-24 14:15:55,7433.75,126,31,0,0
570,2026-07-24 14:15:55,7435.75,280,368,0,0
570,2026-07-24 14:15:55,7436,145,168,10,0
570,2026-07-24 14:15:55,7436.25,190,218,0,0
570,2026-07-24 14:15:55,7436.5,150,321,0,101
570,2026-07-24 14:15:55,7436.75,113,151,0,0
570,2026-07-24 14:15:55,7437,110,115,0,0
570,2026-07-24 14:15:55,7437.25,0,19,0,0
571,2026-07-24 14:19:01,7435.5,324,302,0,0
571,2026-07-24 14:19:01,7435.25,358,233,100,0
571,2026-07-24 14:19:01,7435.75,317,210,0,0
571,2026-07-24 14:19:01,7436,509,428,97,0
571,2026-07-24 14:19:01,7436.25,345,417,0,0
571,2026-07-24 14:19:01,7436.5,295,256,0,0
571,2026-07-24 14:19:01,7436.75,429,347,55,0
571,2026-07-24 14:19:01,7437,192,259,0,0
571,2026-07-24 14:19:01,7437.25,92,159,0,0
571,2026-07-24 14:19:01,7435,23,10,0,0
571,2026-07-24 14:19:01,7437.5,66,99,0,0
571,2026-07-24 14:19:01,7437.75,26,99,0,0
571,2026-07-24 14:19:01,7438,77,113,0,0
571,2026-07-24 14:19:01,7438.25,34,54,0,0
571,2026-07-24 14:19:01,7438.5,32,72,0,0
571,2026-07-24 14:19:01,7438.75,61,105,0,10
571,2026-07-24 14:19:01,7439,41,97,0,0
571,2026-07-24 14:19:01,7439.25,0,19,0,0
572,2026-07-24 14:21:51,7438.5,226,221,0,0
572,2026-07-24 14:21:51,7438.25,186,189,0,0
572,2026-07-24 14:21:51,7438,176,185,10,20
572,2026-07-24 14:21:51,7438.75,142,211,0,0
572,2026-07-24 14:21:51,7439,56,137,0,0
572,2026-07-24 14:21:51,7437.75,134,162,0,10
572,2026-07-24 14:21:51,7439.25,70,84,0,13
572,2026-07-24 14:21:51,7437.5,119,72,0,0
572,2026-07-24 14:21:51,7439.5,0,22,0,0
572,2026-07-24 14:21:51,7437.25,150,166,0,0
572,2026-07-24 14:21:51,7437,120,132,0,0
572,2026-07-24 14:21:51,7436.75,117,172,0,0
572,2026-07-24 14:21:51,7436.5,180,135,0,0
572,2026-07-24 14:21:51,7436.25,134,109,0,0
572,2026-07-24 14:21:51,7436,129,102,0,0
572,2026-07-24 14:21:51,7435.75,91,94,0,0
572,2026-07-24 14:21:51,7435.5,131,53,0,0
572,2026-07-24 14:21:51,7435.25,101,24,0,0
572,2026-07-24 14:21:51,7435,107,0,59,0
572,2026-07-24 14:21:51,7434.75,55,37,0,0
572,2026-07-24 14:21:51,7434.5,68,17,0,0
572,2026-07-24 14:21:51,7434.25,122,12,0,0
572,2026-07-24 14:21:51,7434,72,48,0,0
572,2026-07-24 14:21:51,7433.75,117,152,0,0
572,2026-07-24 14:21:51,7433.5,96,75,0,0
572,2026-07-24 14:21:51,7433.25,140,140,0,0
572,2026-07-24 14:21:51,7433,85,103,0,0
572,2026-07-24 14:21:51,7432.75,110,115,0,0
572,2026-07-24 14:21:51,7432.5,105,74,0,0
572,2026-07-24 14:21:51,7432.25,71,18,0,0
572,2026-07-24 14:21:51,7432,29,0,0,0
573,2026-07-24 14:24:39,7433,422,353,0,0
573,2026-07-24 14:24:39,7432.75,226,227,0,0
573,2026-07-24 14:24:39,7432.5,82,102,0,0
573,2026-07-24 14:24:39,7433.25,284,307,0,0
573,2026-07-24 14:24:39,7433.5,428,529,0,56
573,2026-07-24 14:24:39,7433.75,268,445,0,21
573,2026-07-24 14:24:39,7432.25,11,0,0,0
573,2026-07-24 14:24:39,7434,95,179,0,0
573,2026-07-24 14:24:39,7434.25,79,112,0,0
573,2026-07-24 14:24:39,7434.5,63,101,0,0
573,2026-07-24 14:24:39,7434.75,68,95,0,0
573,2026-07-24 14:24:39,7435,79,95,25,0
573,2026-07-24 14:24:39,7435.25,93,130,0,0
573,2026-07-24 14:24:39,7435.5,123,141,0,0
573,2026-07-24 14:24:39,7435.75,183,205,0,0
573,2026-07-24 14:24:39,7436,127,236,50,0
573,2026-07-24 14:24:39,7436.25,85,127,0,0
573,2026-07-24 14:24:39,7436.5,110,110,12,0
573,2026-07-24 14:24:39,7436.75,43,31,0,0
573,2026-07-24 14:24:39,7437,43,63,0,12
574,2026-07-24 14:28:05,7435.25,113,129,0,11
574,2026-07-24 14:28:05,7435,117,139,0,10
574,2026-07-24 14:28:05,7434.75,84,145,0,13
574,2026-07-24 14:28:05,7434.5,154,120,0,0
574,2026-07-24 14:28:05,7434.25,36,36,0,0
574,2026-07-24 14:28:05,7434,29,40,0,0
574,2026-07-24 14:28:05,7433.75,35,16,0,0
574,2026-07-24 14:28:05,7435.5,136,176,0,0
574,2026-07-24 14:28:05,7435.75,294,313,10,0
574,2026-07-24 14:28:05,7436,155,201,0,0
574,2026-07-24 14:28:05,7436.25,253,239,0,0
574,2026-07-24 14:28:05,7436.5,257,340,0,16
574,2026-07-24 14:28:05,7436.75,268,288,0,0
574,2026-07-24 14:28:05,7437,224,390,0,35
574,2026-07-24 14:28:05,7437.25,250,231,12,0
574,2026-07-24 14:28:05,7437.5,315,349,38,12
574,2026-07-24 14:28:05,7437.75,148,183,14,10
574,2026-07-24 14:28:05,7438,90,117,0,0
574,2026-07-24 14:28:05,7438.25,30,51,0,0
574,2026-07-24 14:28:05,7438.5,0,6,0,0
575,2026-07-24 14:31:00,7437.5,105,157,0,10
575,2026-07-24 14:31:00,7437.25,101,123,0,0
575,2026-07-24 14:31:00,7437,86,63,0,0
575,2026-07-24 14:31:00,7436.75,28,13,0,0
575,2026-07-24 14:31:00,7436.5,49,27,0,0
575,2026-07-24 14:31:00,7437.75,130,180,0,52
575,2026-07-24 14:31:00,7438,172,293,0,20
575,2026-07-24 14:31:00,7438.25,106,119,0,0
575,2026-07-24 14:31:00,7438.5,245,276,15,26
575,2026-07-24 14:31:00,7438.75,352,328,25,0
575,2026-07-24 14:31:00,7439,147,195,20,25
575,2026-07-24 14:31:00,7439.25,114,153,0,0
575,2026-07-24 14:31:00,7439.5,148,216,0,0
575,2026-07-24 14:31:00,7439.75,169,258,0,10
575,2026-07-24 14:31:00,7440,259,330,20,0
575,2026-07-24 14:31:00,7440.25,208,226,0,0
575,2026-07-24 14:31:00,7440.5,176,281,0,0
575,2026-07-24 14:31:00,7440.75,179,177,13,22
575,2026-07-24 14:31:00,7441,92,133,0,0
575,2026-07-24 14:31:00,7441.25,25,64,0,0
576,2026-07-24 14:33:00,7440.75,262,246,10,25
576,2026-07-24 14:33:00,7441,415,370,44,0
576,2026-07-24 14:33:00,7441.25,429,613,0,84
576,2026-07-24 14:33:00,7441.5,341,606,0,74
576,2026-07-24 14:33:00,7441.75,386,487,24,10
576,2026-07-24 14:33:00,7442,315,434,15,12
576,2026-07-24 14:33:00,7442.25,137,190,0,13
576,2026-07-24 14:33:00,7440.5,62,67,0,0
576,2026-07-24 14:33:00,7440.25,105,76,10,19
576,2026-07-24 14:33:00,7440,35,27,0,0
576,2026-07-24 14:33:00,7439.75,16,33,0,0
576,2026-07-24 14:33:00,7439.5,4,0,0,0
576,2026-07-24 14:33:00,7442.5,156,219,0,16
576,2026-07-24 14:33:00,7442.75,38,171,0,10
576,2026-07-24 14:33:00,7443,8,200,0,121
576,2026-07-24 14:33:00,7443.25,0,44,0,0
577,2026-07-24 14:34:21,7441.75,198,199,34,36
577,2026-07-24 14:34:21,7441.5,138,215,30,38
577,2026-07-24 14:34:21,7441.25,122,114,0,0
577,2026-07-24 14:34:21,7441,155,158,0,0
577,2026-07-24 14:34:21,7442,129,204,0,10
577,2026-07-24 14:34:21,7440.75,148,105,0,0
577,2026-07-24 14:34:21,7440.5,77,66,0,0
577,2026-07-24 14:34:21,7440.25,43,62,0,0
577,2026-07-24 14:34:21,7440,84,93,0,0
577,2026-07-24 14:34:21,7439.75,50,51,0,0
577,2026-07-24 14:34:21,7439.5,56,59,0,11
577,2026-07-24 14:34:21,7439.25,29,29,0,0
577,2026-07-24 14:34:21,7439,21,0,0,0
577,2026-07-24 14:34:21,7442.25,64,63,0,0
577,2026-07-24 14:34:21,7442.5,163,145,19,0
577,2026-07-24 14:34:21,7442.75,164,267,0,0
577,2026-07-24 14:34:21,7443,90,250,0,43
577,2026-07-24 14:34:21,7443.25,80,136,0,0
577,2026-07-24 14:34:21,7443.5,103,154,0,0
577,2026-07-24 14:34:21,7443.75,97,124,0,0
577,2026-07-24 14:34:21,7444,50,155,0,0
577,2026-07-24 14:34:21,7444.25,109,131,0,0
577,2026-07-24 14:34:21,7444.5,207,324,0,0
577,2026-07-24 14:34:21,7444.75,135,258,0,16
577,2026-07-24 14:34:21,7445,96,182,0,0
577,2026-07-24 14:34:21,7445.25,96,134,24,0
577,2026-07-24 14:34:21,7445.5,26,100,0,0
578,2026-07-24 14:35:56,7444.75,455,368,109,10
578,2026-07-24 14:35:56,7444.5,419,322,0,0
578,2026-07-24 14:35:56,7445,499,548,0,0
578,2026-07-24 14:35:56,7444.25,365,247,0,0
578,2026-07-24 14:35:56,7444,116,80,0,0
578,2026-07-24 14:35:56,7445.25,189,298,22,21
578,2026-07-24 14:35:56,7445.5,74,99,0,0
578,2026-07-24 14:35:56,7443.75,40,68,0,0
578,2026-07-24 14:35:56,7443.5,22,28,0,0
578,2026-07-24 14:35:56,7443.25,34,101,0,0
578,2026-07-24 14:35:56,7443,219,222,41,0
578,2026-07-24 14:35:56,7442.75,200,149,20,0
578,2026-07-24 14:35:56,7442.5,201,229,0,0
578,2026-07-24 14:35:56,7442.25,155,126,35,17
578,2026-07-24 14:35:56,7442,102,99,0,0
578,2026-07-24 14:35:56,7441.75,93,49,17,0
578,2026-07-24 14:35:56,7441.5,59,38,0,0
578,2026-07-24 14:35:56,7441.25,37,27,0,0
578,2026-07-24 14:35:56,7441,38,10,0,0
578,2026-07-24 14:35:56,7445.75,13,51,0,0
579,2026-07-24 14:38:09,7444.25,205,177,59,0
579,2026-07-24 14:38:09,7444.5,124,199,0,0
579,2026-07-24 14:38:09,7444,279,177,53,0
579,2026-07-24 14:38:09,7443.75,346,258,10,11
579,2026-07-24 14:38:09,7443.5,180,111,0,15
579,2026-07-24 14:38:09,7443.25,136,78,0,0
579,2026-07-24 14:38:09,7443,118,33,0,0
579,2026-07-24 14:38:09,7444.75,126,210,0,40
579,2026-07-24 14:38:09,7445,24,55,0,0
579,2026-07-24 14:38:09,7442.75,65,27,0,0
579,2026-07-24 14:38:09,7442.5,41,25,0,0
579,2026-07-24 14:38:09,7442.25,54,61,0,0
579,2026-07-24 14:38:09,7442,94,102,0,0
579,2026-07-24 14:38:09,7441.75,137,204,0,0
579,2026-07-24 14:38:09,7441.5,188,221,0,0
579,2026-07-24 14:38:09,7441.25,273,226,0,0
579,2026-07-24 14:38:09,7441,258,241,0,0
579,2026-07-24 14:38:09,7440.75,255,207,0,12
579,2026-07-24 14:38:09,7440.5,245,222,0,0
579,2026-07-24 14:38:09,7440.25,212,77,0,0
579,2026-07-24 14:38:09,7440,142,63,32,0
579,2026-07-24 14:38:09,7439.75,23,12,0,0
580,2026-07-24 14:41:02,7440.25,134,190,0,0
580,2026-07-24 14:41:02,7440.5,11,24,0,0
580,2026-07-24 14:41:02,7440,394,399,70,0
580,2026-07-24 14:41:02,7439.75,384,358,0,0
580,2026-07-24 14:41:02,7439.5,325,392,0,0
580,2026-07-24 14:41:02,7439.25,424,404,32,25
580,2026-07-24 14:41:02,7439,614,501,177,18
580,2026-07-24 14:41:02,7438.75,311,152,0,0
580,2026-07-24 14:41:02,7438.5,103,41,0,0
580,2026-07-24 14:41:02,7440.75,0,1,0,0
580,2026-07-24 14:41:02,7438.25,93,66,0,0
580,2026-07-24 14:41:02,7438,208,155,0,29
580,2026-07-24 14:41:02,7437.75,143,122,0,0
580,2026-07-24 14:41:02,7437.5,254,75,93,0
580,2026-07-24 14:41:02,7437.25,156,41,113,0
580,2026-07-24 14:41:02,7437,25,0,0,0
581,2026-07-24 14:43:44,7437.75,245,331,0,0
581,2026-07-24 14:43:44,7438,84,118,0,0
581,2026-07-24 14:43:44,7438.25,145,124,0,24
581,2026-07-24 14:43:44,7438.5,189,168,0,0
581,2026-07-24 14:43:44,7438.75,147,197,0,0
581,2026-07-24 14:43:44,7439,273,231,12,0
581,2026-07-24 14:43:44,7439.25,126,169,0,0
581,2026-07-24 14:43:44,7439.5,189,147,0,0
581,2026-07-24 14:43:44,7439.75,65,145,0,0
581,2026-07-24 14:43:44,7440,59,66,0,0
581,2026-07-24 14:43:44,7440.25,62,65,0,0
581,2026-07-24 14:43:44,7440.5,54,118,0,0
581,2026-07-24 14:43:44,7440.75,42,53,0,20
581,2026-07-24 14:43:44,7441,85,101,0,0
581,2026-07-24 14:43:44,7441.25,160,202,0,0
581,2026-07-24 14:43:44,7441.5,62,120,0,0
581,2026-07-24 14:43:44,7441.75,143,127,0,0
581,2026-07-24 14:43:44,7442,179,235,0,11
581,2026-07-24 14:43:44,7442.25,185,179,0,0
581,2026-07-24 14:43:44,7442.5,120,115,41,0
581,2026-07-24 14:43:44,7442.75,218,85,87,0
581,2026-07-24 14:43:44,7443,72,114,0,0
581,2026-07-24 14:43:44,7443.25,108,66,0,0
581,2026-07-24 14:43:44,7443.5,29,67,0,0
581,2026-07-24 14:43:44,7437.5,102,14,20,0
582,2026-07-24 14:46:42,7437.75,362,410,10,54
582,2026-07-24 14:46:42,7437.5,441,369,21,12
582,2026-07-24 14:46:42,7438,381,355,12,0
582,2026-07-24 14:46:42,7438.25,215,312,0,0
582,2026-07-24 14:46:42,7438.5,178,244,10,16
582,2026-07-24 14:46:42,7438.75,45,121,0,10
582,2026-07-24 14:46:42,7439,85,63,0,0
582,2026-07-24 14:46:42,7439.25,70,88,0,0
582,2026-07-24 14:46:42,7439.5,115,157,0,0
582,2026-07-24 14:46:42,7439.75,148,205,0,0
582,2026-07-24 14:46:42,7440,58,215,0,35
582,2026-07-24 14:46:42,7440.25,1,75,0,14
582,2026-07-24 14:46:42,7437.25,254,291,34,48
582,2026-07-24 14:46:42,7437,139,164,0,13
582,2026-07-24 14:46:42,7436.75,27,0,0,0
582,2026-07-24 14:46:42,7440.5,5,30,0,0
582,2026-07-24 14:46:42,7440.75,24,33,0,0
582,2026-07-24 14:46:42,7441,85,126,0,0
582,2026-07-24 14:46:42,7441.25,107,122,0,13
582,2026-07-24 14:46:42,7441.5,44,198,0,0
582,2026-07-24 14:46:42,7441.75,24,59,0,20
582,2026-07-24 14:46:42,7442,11,39,0,0
582,2026-07-24 14:46:42,7442.25,0,5,0,0
583,2026-07-24 14:49:54,7442,121,170,0,0
583,2026-07-24 14:49:54,7442.25,78,176,0,0
583,2026-07-24 14:49:54,7441.75,136,92,0,15
583,2026-07-24 14:49:54,7442.5,97,167,0,60
583,2026-07-24 14:49:54,7442.75,136,147,0,0
583,2026-07-24 14:49:54,7443,172,151,0,0
583,2026-07-24 14:49:54,7443.25,151,155,0,0
583,2026-07-24 14:49:54,7443.5,162,324,0,108
583,2026-07-24 14:49:54,7443.75,73,118,0,0
583,2026-07-24 14:49:54,7444,82,64,0,0
583,2026-07-24 14:49:54,7444.25,51,59,0,0
583,2026-07-24 14:49:54,7444.5,4,102,0,65
583,2026-07-24 14:49:54,7444.75,0,30,0,20
583,2026-07-24 14:49:54,7441.5,97,48,0,0
583,2026-07-24 14:49:54,7441.25,97,42,0,0
583,2026-07-24 14:49:54,7441,45,59,0,0
583,2026-07-24 14:49:54,7440.75,47,27,0,0
583,2026-07-24 14:49:54,7440.5,19,19,0,0
583,2026-07-24 14:49:54,7440.25,23,20,0,0
583,2026-07-24 14:49:54,7440,38,36,0,0
583,2026-07-24 14:49:54,7439.75,22,21,0,0
583,2026-07-24 14:49:54,7439.5,49,33,0,0
583,2026-07-24 14:49:54,7439.25,31,25,0,0
583,2026-07-24 14:49:54,7439,40,5,0,0
583,2026-07-24 14:49:54,7438.75,74,49,29,0
583,2026-07-24 14:49:54,7438.5,166,259,0,0
583,2026-07-24 14:49:54,7438.25,372,268,0,0
583,2026-07-24 14:49:54,7438,217,141,10,0
583,2026-07-24 14:49:54,7437.75,92,142,0,0
583,2026-07-24 14:49:54,7437.5,111,98,0,0
583,2026-07-24 14:49:54,7437.25,73,40,0,0
583,2026-07-24 14:49:54,7437,52,79,0,0
583,2026-07-24 14:49:54,7436.75,72,52,0,0
583,2026-07-24 14:49:54,7436.5,79,87,0,0
583,2026-07-24 14:49:54,7436.25,101,15,13,0
584,2026-07-24 14:51:12,7437,302,392,0,18
584,2026-07-24 14:51:12,7436.75,293,391,0,0
584,2026-07-24 14:51:12,7436.5,403,421,0,0
584,2026-07-24 14:51:12,7436.25,342,318,0,0
584,2026-07-24 14:51:12,7436,318,209,0,0
584,2026-07-24 14:51:12,7435.75,146,156,0,0
584,2026-07-24 14:51:12,7437.25,302,305,0,19
584,2026-07-24 14:51:12,7437.5,138,236,0,12
584,2026-07-24 14:51:12,7437.75,111,211,0,0
584,2026-07-24 14:51:12,7435.5,105,0,25,0
584,2026-07-24 14:51:12,7438,101,226,0,0
584,2026-07-24 14:51:12,7438.25,75,165,0,0
584,2026-07-24 14:51:12,7438.5,85,178,0,0
584,2026-07-24 14:51:12,7438.75,4,51,0,0
584,2026-07-24 14:51:12,7439,9,46,0,0
584,2026-07-24 14:51:12,7439.25,115,77,16,0
584,2026-07-24 14:51:12,7439.5,105,148,0,10
584,2026-07-24 14:51:12,7439.75,0,14,0,0
585,2026-07-24 14:53:48,7439.5,48,51,0,0
585,2026-07-24 14:53:48,7439.25,106,178,0,0
585,2026-07-24 14:53:48,7439,96,56,0,0
585,2026-07-24 14:53:48,7438.75,81,63,0,0
585,2026-07-24 14:53:48,7438.5,11,0,0,0
585,2026-07-24 14:53:48,7439.75,7,42,0,0
585,2026-07-24 14:53:48,7440,16,44,0,0
585,2026-07-24 14:53:48,7440.25,16,55,0,0
585,2026-07-24 14:53:48,7440.5,41,72,0,0
585,2026-07-24 14:53:48,7440.75,73,93,0,0
585,2026-07-24 14:53:48,7441,122,160,0,10
585,2026-07-24 14:53:48,7441.25,57,140,0,59
585,2026-07-24 14:53:48,7441.5,206,215,15,0
585,2026-07-24 14:53:48,7441.75,188,186,37,0
585,2026-07-24 14:53:48,7442,89,130,0,0
585,2026-07-24 14:53:48,7442.25,24,60,0,0
585,2026-07-24 14:53:48,7442.5,49,53,0,0
585,2026-07-24 14:53:48,7442.75,183,145,21,0
585,2026-07-24 14:53:48,7443,187,258,0,0
585,2026-07-24 14:53:48,7443.25,191,254,0,13
585,2026-07-24 14:53:48,7443.5,189,239,0,0
585,2026-07-24 14:53:48,7443.75,143,138,0,28
585,2026-07-24 14:53:48,7444,250,240,0,0
585,2026-07-24 14:53:48,7444.25,189,256,0,13
585,2026-07-24 14:53:48,7444.5,135,133,20,0
585,2026-07-24 14:53:48,7444.75,108,101,16,0
585,2026-07-24 14:53:48,7445,99,165,0,0
585,2026-07-24 14:53:48,7445.25,32,18,0,0
585,2026-07-24 14:53:48,7445.5,0,21,0,0
586,2026-07-24 14:55:02,7441.75,364,279,45,23
586,2026-07-24 14:55:02,7442,401,521,23,0
586,2026-07-24 14:55:02,7442.25,339,403,47,0
586,2026-07-24 14:55:02,7442.5,215,372,25,0
586,2026-07-24 14:55:02,7442.75,142,258,17,0
586,2026-07-24 14:55:02,7443,133,186,0,0
586,2026-07-24 14:55:02,7443.25,80,170,0,0
586,2026-07-24 14:55:02,7443.5,55,91,0,0
586,2026-07-24 14:55:02,7443.75,30,59,0,0
586,2026-07-24 14:55:02,7444,18,33,0,0
586,2026-07-24 14:55:02,7444.25,12,31,0,0
586,2026-07-24 14:55:02,7441.5,113,154,0,0
586,2026-07-24 14:55:02,7441.25,245,452,26,28
586,2026-07-24 14:55:02,7441,289,325,25,10
586,2026-07-24 14:55:02,7440.75,254,185,0,0
586,2026-07-24 14:55:02,7440.5,74,74,13,0
586,2026-07-24 14:55:02,7440.25,38,38,0,0
586,2026-07-24 14:55:02,7440,32,28,10,0
586,2026-07-24 14:55:02,7439.75,7,0,0,0
587,2026-07-24 14:57:00,7441.5,39,15,0,0
587,2026-07-24 14:57:00,7441.25,48,76,23,34
587,2026-07-24 14:57:00,7441.75,4,22,0,0
587,2026-07-24 14:57:00,7442,17,55,0,0
587,2026-07-24 14:57:00,7442.25,85,55,34,0
587,2026-07-24 14:57:00,7442.5,129,128,0,0
587,2026-07-24 14:57:00,7442.75,85,135,0,39
587,2026-07-24 14:57:00,7443,124,162,0,0
587,2026-07-24 14:57:00,7443.25,263,272,41,30
587,2026-07-24 14:57:00,7443.5,450,526,14,20
587,2026-07-24 14:57:00,7443.75,600,724,44,13
587,2026-07-24 14:57:00,7444,460,670,41,67
587,2026-07-24 14:57:00,7444.25,331,545,14,25
587,2026-07-24 14:57:00,7444.5,181,274,46,50
587,2026-07-24 14:57:00,7444.75,0,25,0,0
588,2026-07-24 14:58:22,7444.5,704,933,112,158
588,2026-07-24 14:58:22,7444.75,799,848,144,192
588,2026-07-24 14:58:22,7444.25,633,359,90,26
588,2026-07-24 14:58:22,7444,391,257,0,29
588,2026-07-24 14:58:22,7443.75,139,164,13,15
588,2026-07-24 14:58:22,7445,314,530,52,91
588,2026-07-24 14:58:22,7443.5,88,166,0,12
588,2026-07-24 14:58:22,7443.25,110,36,0,0
588,2026-07-24 14:58:22,7445.25,0,29,0,0
589,2026-07-24 14:59:13,7443.75,145,226,29,113
589,2026-07-24 14:59:13,7443.5,245,229,31,67
589,2026-07-24 14:59:13,7444,0,93,0,19
589,2026-07-24 14:59:13,7443.25,297,92,38,0
589,2026-07-24 14:59:13,7443,182,189,17,48
589,2026-07-24 14:59:13,7442.75,105,95,0,16
589,2026-07-24 14:59:13,7442.5,106,191,12,34
589,2026-07-24 14:59:13,7442.25,322,277,47,11
589,2026-07-24 14:59:13,7442,387,195,79,15
589,2026-07-24 14:59:13,7441.75,87,79,0,29
589,2026-07-24 14:59:13,7441.5,198,269,21,115
589,2026-07-24 14:59:13,7441.25,223,246,36,13
589,2026-07-24 14:59:13,7441,505,476,77,71
589,2026-07-24 14:59:13,7440.75,162,130,14,27
589,2026-07-24 14:59:13,7440.5,112,61,0,0
589,2026-07-24 14:59:13,7440.25,1,0,0,0
589,2026-07-24 14:59:13,7444.25,12,110,0,30
589,2026-07-24 14:59:13,7444.5,3,88,0,10
589,2026-07-24 14:59:13,7444.75,129,34,51,10
589,2026-07-24 14:59:13,7445,68,116,16,20
590,2026-07-24 14:59:33,7445,45,76,0,20
590,2026-07-24 14:59:33,7444.75,7,7,0,0
590,2026-07-24 14:59:33,7445.25,92,95,10,0
590,2026-07-24 14:59:33,7445.5,283,144,65,15
590,2026-07-24 14:59:33,7445.75,450,494,86,74
590,2026-07-24 14:59:33,7446,124,340,0,48
590,2026-07-24 14:59:33,7446.25,240,282,25,49
590,2026-07-24 14:59:33,7446.5,401,390,73,72
590,2026-07-24 14:59:33,7446.75,482,490,57,51
590,2026-07-24 14:59:33,7447,661,617,193,99
590,2026-07-24 14:59:33,7447.25,214,444,54,119
590,2026-07-24 14:59:33,7447.5,0,136,0,29
591,2026-07-24 14:59:43,7447,912,342,194,11
591,2026-07-24 14:59:43,7447.25,820,903,172,129
591,2026-07-24 14:59:43,7447.5,471,853,25,150
591,2026-07-24 14:59:43,7446.75,244,82,30,31
591,2026-07-24 14:59:43,7447.75,145,213,38,46
591,2026-07-24 14:59:43,7448,511,482,58,49
591,2026-07-24 14:59:43,7446.5,86,0,27,0
591,2026-07-24 14:59:43,7446.25,96,0,18,0
591,2026-07-24 14:59:43,7446,2,0,0,0
591,2026-07-24 14:59:43,7448.25,64,259,0,102
591,2026-07-24 14:59:43,7448.5,0,4,0,0
592,2026-07-24 14:59:49,7448,282,403,28,56
592,2026-07-24 14:59:49,7447.75,433,249,22,25
592,2026-07-24 14:59:49,7448.25,107,345,13,44
592,2026-07-24 14:59:49,7448.5,4,87,0,20
592,2026-07-24 14:59:49,7447.5,19,0,0,0
592,2026-07-24 14:59:49,7448.75,77,141,0,12
592,2026-07-24 14:59:49,7449,121,102,0,13
592,2026-07-24 14:59:49,7449.25,692,375,48,14
592,2026-07-24 14:59:49,7449.5,622,697,117,107
592,2026-07-24 14:59:49,7449.75,274,497,62,99
592,2026-07-24 14:59:49,7450,162,172,11,32
592,2026-07-24 14:59:49,7450.25,143,188,45,32
592,2026-07-24 14:59:49,7450.5,37,159,0,37
592,2026-07-24 14:59:49,7450.75,0,94,0,20
592,2026-07-24 14:59:49,7451,0,29,0,0
593,2026-07-24 14:59:55,7449.75,173,86,27,33
593,2026-07-24 14:59:55,7449.5,252,592,54,99
593,2026-07-24 14:59:55,7449.25,596,638,84,110
593,2026-07-24 14:59:55,7449,622,574,142,96
593,2026-07-24 14:59:55,7448.75,836,994,110,167
593,2026-07-24 14:59:55,7448.5,368,338,42,43
593,2026-07-24 14:59:55,7448.25,347,72,78,0
593,2026-07-24 14:59:55,7448,13,0,0,0
594,2026-07-24 14:59:59,7449.5,104,73,25,15
594,2026-07-24 14:59:59,7449.25,205,4,62,0
594,2026-07-24 14:59:59,7449,103,0,54,0
594,2026-07-24 14:59:59,7448.75,105,333,17,230
594,2026-07-24 14:59:59,7448.5,324,868,78,184
594,2026-07-24 14:59:59,7448.25,1128,1120,273,276
594,2026-07-24 14:59:59,7448,1029,698,230,143
594,2026-07-24 14:59:59,7447.75,321,67,45,10
594,2026-07-24 14:59:59,7447.5,12,0,0,0
595,2026-07-24 15:00:00,7448.75,51,97,0,34
595,2026-07-24 15:00:00,7449,2,123,0,24
595,2026-07-24 15:00:00,7448,332,261,0,0
595,2026-07-24 15:00:00,7448.25,425,290,30,0
595,2026-07-24 15:00:00,7448.5,81,183,0,0
595,2026-07-24 15:00:00,7447.75,411,151,0,0
595,2026-07-24 15:00:00,7447.5,276,178,15,0
595,2026-07-24 15:00:00,7447.25,247,200,0,16
595,2026-07-24 15:00:00,7447,251,222,0,12
595,2026-07-24 15:00:00,7446.75,127,75,16,0
595,2026-07-24 15:00:00,7446.5,28,60,0,27
595,2026-07-24 15:00:00,7446.25,102,68,12,10
595,2026-07-24 15:00:00,7446,159,150,20,39
595,2026-07-24 15:00:00,7445.75,137,140,0,31
595,2026-07-24 15:00:00,7445.5,151,188,0,10
595,2026-07-24 15:00:00,7445.25,118,100,0,0
595,2026-07-24 15:00:00,7445,70,11,0,0
595,2026-07-24 15:00:00,7444.75,92,150,0,42
595,2026-07-24 15:00:00,7444.5,168,188,82,22
595,2026-07-24 15:00:00,7444.25,157,166,10,0
595,2026-07-24 15:00:00,7444,110,7,0,0
596,2026-07-24 15:00:09,7444.5,35,76,0,0
596,2026-07-24 15:00:09,7444.25,206,207,28,58
596,2026-07-24 15:00:09,7444,173,221,52,32
596,2026-07-24 15:00:09,7443.75,241,271,50,49
596,2026-07-24 15:00:09,7443.5,93,35,10,0
596,2026-07-24 15:00:09,7443.25,9,0,0,0
596,2026-07-24 15:00:09,7444.75,0,22,0,0
596,2026-07-24 15:00:09,7445,9,74,0,0
596,2026-07-24 15:00:09,7445.25,148,98,0,0
596,2026-07-24 15:00:09,7445.5,503,204,261,0
596,2026-07-24 15:00:09,7445.75,126,185,11,0
596,2026-07-24 15:00:09,7446,33,39,10,0
596,2026-07-24 15:00:09,7446.25,18,19,0,0
596,2026-07-24 15:00:09,7446.5,111,106,10,20
596,2026-07-24 15:00:09,7446.75,165,174,0,0
596,2026-07-24 15:00:09,7447,174,215,11,0
596,2026-07-24 15:00:09,7447.25,61,184,0,0
596,2026-07-24 15:00:09,7447.5,211,65,24,0
596,2026-07-24 15:00:09,7447.75,193,212,10,27
596,2026-07-24 15:00:09,7448,175,150,14,10
596,2026-07-24 15:00:09,7448.25,228,196,35,0
596,2026-07-24 15:00:09,7448.5,196,255,30,43
596,2026-07-24 15:00:09,7448.75,153,191,16,0
596,2026-07-24 15:00:09,7449,4,39,0,0
597,2026-07-24 15:02:00,7448,83,125,0,64
597,2026-07-24 15:02:00,7447.75,104,65,0,0
597,2026-07-24 15:02:00,7447.5,55,30,0,0
597,2026-07-24 15:02:00,7448.25,122,44,14,0
597,2026-07-24 15:02:00,7448.5,11,94,0,12
597,2026-07-24 15:02:00,7448.75,7,5,0,0
597,2026-07-24 15:02:00,7447.25,71,0,34,0
597,2026-07-24 15:02:00,7447,25,0,0,0
597,2026-07-24 15:02:00,7446.75,39,29,0,0
597,2026-07-24 15:02:00,7446.5,61,46,0,0
597,2026-07-24 15:02:00,7446.25,166,130,0,0
597,2026-07-24 15:02:00,7446,112,61,0,0
597,2026-07-24 15:02:00,7445.75,119,60,41,0
597,2026-07-24 15:02:00,7445.5,136,186,15,0
597,2026-07-24 15:02:00,7445.25,276,317,53,23
597,2026-07-24 15:02:00,7445,249,107,51,12
597,2026-07-24 15:02:00,7444.75,162,229,10,26
597,2026-07-24 15:02:00,7444.5,237,217,10,0
597,2026-07-24 15:02:00,7444.25,211,286,0,22
597,2026-07-24 15:02:00,7444,289,304,13,0
597,2026-07-24 15:02:00,7443.75,259,88,10,0
597,2026-07-24 15:02:00,7443.5,119,98,14,12
597,2026-07-24 15:02:00,7443.25,133,172,0,44
597,2026-07-24 15:02:00,7443,153,194,0,0
597,2026-07-24 15:02:00,7442.75,139,114,0,0
597,2026-07-24 15:02:00,7442.5,64,40,0,0
597,2026-07-24 15:02:00,7442.25,39,15,0,0
597,2026-07-24 15:02:00,7442,3,0,0,0
598,2026-07-24 15:05:50,7442,278,95,12,0
598,2026-07-24 15:05:50,7442.25,293,336,0,0
598,2026-07-24 15:05:50,7442.5,186,188,0,0
598,2026-07-24 15:05:50,7442.75,365,336,0,22
598,2026-07-24 15:05:50,7443,329,272,0,10
598,2026-07-24 15:05:50,7441.75,53,15,0,0
598,2026-07-24 15:05:50,7443.25,165,217,0,0
598,2026-07-24 15:05:50,7443.5,165,125,17,0
598,2026-07-24 15:05:50,7443.75,205,262,0,16
598,2026-07-24 15:05:50,7444,188,159,0,0
598,2026-07-24 15:05:50,7444.25,92,192,0,32
598,2026-07-24 15:05:50,7444.5,71,95,0,0
598,2026-07-24 15:05:50,7444.75,62,100,0,0
598,2026-07-24 15:05:50,7445,139,126,0,0
598,2026-07-24 15:05:50,7445.25,151,151,0,11
598,2026-07-24 15:05:50,7445.5,111,122,0,10
598,2026-07-24 15:05:50,7445.75,230,169,17,10
598,2026-07-24 15:05:50,7446,237,194,0,0
598,2026-07-24 15:05:50,7446.25,0,24,0,0
599,2026-07-24 15:14:12,7446,86,115,27,22
599,2026-07-24 15:14:12,7446.25,106,89,0,0
599,2026-07-24 15:14:12,7446.5,78,158,0,55
599,2026-07-24 15:14:12,7445.75,241,130,14,0
599,2026-07-24 15:14:12,7445.5,170,128,40,0
599,2026-07-24 15:14:12,7445.25,181,131,24,0
599,2026-07-24 15:14:12,7445,275,153,50,0
599,2026-07-24 15:14:12,7444.75,174,67,37,0
599,2026-07-24 15:14:12,7444.5,31,5,0,0
599,2026-07-24 15:14:12,7446.75,192,162,0,0
599,2026-07-24 15:14:12,7447,266,277,0,30
599,2026-07-24 15:14:12,7447.25,231,283,14,15
599,2026-07-24 15:14:12,7447.5,313,204,11,0
599,2026-07-24 15:14:12,7447.75,426,345,43,28
599,2026-07-24 15:14:12,7448,231,324,20,0
599,2026-07-24 15:14:12,7448.25,73,100,0,20
599,2026-07-24 15:14:12,7448.5,123,154,0,20
599,2026-07-24 15:14:12,7448.75,48,63,0,0
599,2026-07-24 15:14:12,7449,19,37,0,0
599,2026-07-24 15:14:12,7449.25,8,30,0,0
599,2026-07-24 15:14:12,7449.5,49,30,20,10
599,2026-07-24 15:14:12,7449.75,35,69,0,18
599,2026-07-24 15:14:12,7450,14,77,0,0
600,2026-07-24 15:24:53,7447.25,83,102,0,0
600,2026-07-24 15:24:53,7447,49,80,0,20
600,2026-07-24 15:24:53,7446.75,73,4,0,0
600,2026-07-24 15:24:53,7447.5,103,90,0,0
600,2026-07-24 15:24:53,7447.75,13,28,0,0
600,2026-07-24 15:24:53,7448,29,42,0,0
600,2026-07-24 15:24:53,7448.25,0,10,0,0
600,2026-07-24 15:24:53,7446.5,14,81,0,11
600,2026-07-24 15:24:53,7446.25,216,225,17,39
600,2026-07-24 15:24:53,7446,142,64,13,17
600,2026-07-24 15:24:53,7445.75,68,38,0,0
600,2026-07-24 15:24:53,7445.5,48,10,0,0
600,2026-07-24 15:24:53,7445.25,22,0,0,0
600,2026-07-24 15:24:53,7445,153,97,10,0
600,2026-07-24 15:24:53,7444.75,67,5,0,0
600,2026-07-24 15:24:53,7444.5,99,58,0,10
600,2026-07-24 15:24:53,7444.25,69,15,0,0
600,2026-07-24 15:24:53,7444,80,92,0,0
600,2026-07-24 15:24:53,7443.75,75,81,0,0
600,2026-07-24 15:24:53,7443.5,110,40,0,0
600,2026-07-24 15:24:53,7443.25,68,39,0,0
600,2026-07-24 15:24:53,7443,82,142,0,27
600,2026-07-24 15:24:53,7442.75,140,84,44,0
600,2026-07-24 15:24:53,7442.5,101,96,0,12
600,2026-07-24 15:24:53,7442.25,121,71,24,0
600,2026-07-24 15:24:53,7442,128,90,12,10
600,2026-07-24 15:24:53,7441.75,174,72,0,0
600,2026-07-24 15:24:53,7441.5,92,46,10,0
600,2026-07-24 15:24:53,7441.25,83,74,0,0
600,2026-07-24 15:24:53,7441,143,223,0,31
600,2026-07-24 15:24:53,7440.75,77,72,0,0
600,2026-07-24 15:24:53,7440.5,71,102,10,25
600,2026-07-24 15:24:53,7440.25,97,177,0,0
600,2026-07-24 15:24:53,7440,147,258,0,21
600,2026-07-24 15:24:53,7439.75,275,177,58,0
600,2026-07-24 15:24:53,7439.5,163,113,17,0
600,2026-07-24 15:24:53,7439.25,28,0,0,0
601,2026-07-24 15:39:39,7441.75,47,92,0,0
601,2026-07-24 15:39:39,7442,81,92,11,0
601,2026-07-24 15:39:39,7441.5,44,95,0,38
601,2026-07-24 15:39:39,7442.25,54,66,0,0
601,2026-07-24 15:39:39,7442.5,88,148,0,18
601,2026-07-24 15:39:39,7441.25,56,38,0,0
601,2026-07-24 15:39:39,7441,36,28,13,0
601,2026-07-24 15:39:39,7442.75,71,89,0,0
601,2026-07-24 15:39:39,7443,149,97,0,10
601,2026-07-24 15:39:39,7443.25,292,247,0,18
601,2026-07-24 15:39:39,7443.5,291,502,10,161
601,2026-07-24 15:39:39,7443.75,217,179,27,0
601,2026-07-24 15:39:39,7444,141,177,19,11
601,2026-07-24 15:39:39,7444.25,140,177,0,13
601,2026-07-24 15:39:39,7444.5,209,232,0,0
601,2026-07-24 15:39:39,7444.75,102,193,0,0
601,2026-07-24 15:39:39,7445,143,95,24,0
601,2026-07-24 15:39:39,7445.25,121,78,13,0
601,2026-07-24 15:39:39,7445.5,222,142,79,0
601,2026-07-24 15:39:39,7445.75,77,73,0,10
601,2026-07-24 15:39:39,7446,61,42,0,0
601,2026-07-24 15:39:39,7446.25,66,25,52,0
601,2026-07-24 15:39:39,7446.5,58,45,0,0
601,2026-07-24 15:39:39,7446.75,26,38,0,0
601,2026-07-24 15:39:39,7447,75,74,0,0
601,2026-07-24 15:39:39,7447.25,0,5,0,0
